=== Experiment: mixed_cond_d128l1_r8_e35 ===
Time: 2026-06-25T10:25:17.111544
Task type: mixed_ab
Merged config: {
  "P": 53,
  "TASK": "mixed_ab",
  "NUM_MASK": 0,
  "A": 1,
  "B": 1,
  "AB_PAIRS": [
    [
      1,
      1
    ],
    [
      1,
      2
    ]
  ],
  "D_MODEL": 128,
  "N_HEAD": 1,
  "N_LAYER": 1,
  "BATCH_SIZE": 128,
  "EPOCHS": 10000,
  "LR": 0.0003,
  "SAVE_PATH": "models/mixed_cond_d128l1_r8_e35.pth",
  "USE_GREEDY_GENERATE": true,
  "USE_LEARNABLE_PE": false,
  "MLP_RATIO": 8,
  "TRAIN_LEN": 16,
  "OOD_LEN": 32,
  "DROPOUT": 0.0,
  "TARGET_INIT_COVERAGE": 0.5,
  "MAX_UNIQUE_RATIO": 0.5,
  "WEIGHT_DECAY": 1,
  "ENTROPY_PENALTY_WEIGHT": 0.0,
  "FIRST_TASK_WEIGHT": 1.0,
  "RANDOM_SEED": 42,
  "EVAL_INTERVAL": 20,
  "EARLY_STOP_NO_IMPROVE": 1000,
  "EARLY_STOP_ACCURACY": 0.99,
  "USE_AB_TAG": false,
  "USE_CONDITIONAL_WTE": true,
  "COND_WTE_SHARED_RATIO": 0.0,
  "MIXED_AB_MAX_UNIQUE_RATIOS": [
    0.35,
    0.35
  ]
}
--- output ---
Using device: cuda

[Dataset] Mixed mode: generated 2070 + 3548 samples, length 16
AB parameter pairs: [(1, 1), (1, 2)]
  - AB=(1,1): train 1080 | test 1729 | exposed ~38.4%
  - AB=(1,2): train 990 | test 1819 | exposed ~35.2%
--------------------------------------------------
[Model config] block_size: 32, train length: 16
[Number theory] AB parameter pairs: [(1, 1), (1, 2)]


Model parameters: 0.36M

Start training...
Epoch   0 | Train: Loss=4.1815 Acc=4.9% | Test: Acc=0.3% | Best=0.3%(@0)
  from x3: 0.00 0.00 0.00 0.00 0.00 0.00 0.00 0.00 0.00 0.00 0.00 0.00 0.00
  per-rule acc: 0.00 0.00
Epoch  20 | Train: Loss=1.0491 Acc=95.8% | Test: Acc=0.1% | Best=0.3%(@0)
  from x3: 0.00 0.00 0.00 0.00 0.00 0.00 0.00 0.00 0.00 0.00 0.00 0.00 0.00
  per-rule acc: 0.00 0.00
Epoch  40 | Train: Loss=0.1549 Acc=99.2% | Test: Acc=0.5% | Best=0.5%(@40)
  from x3: 0.01 0.01 0.01 0.00 0.00 0.00 0.00 0.00 0.00 0.00 0.00 0.00 0.00
  per-rule acc: 0.01 0.00
Epoch  60 | Train: Loss=0.0679 Acc=99.4% | Test: Acc=0.7% | Best=0.7%(@60)
  from x3: 0.01 0.01 0.01 0.01 0.01 0.01 0.01 0.01 0.01 0.01 0.01 0.01 0.01
  per-rule acc: 0.01 0.01
Epoch  80 | Train: Loss=0.0501 Acc=99.5% | Test: Acc=0.8% | Best=0.8%(@80)
  from x3: 0.01 0.01 0.01 0.01 0.01 0.01 0.01 0.01 0.01 0.01 0.01 0.01 0.01
  per-rule acc: 0.01 0.01
Epoch 100 | Train: Loss=0.0405 Acc=99.7% | Test: Acc=1.1% | Best=1.1%(@100)
  from x3: 0.02 0.01 0.01 0.01 0.01 0.01 0.01 0.01 0.01 0.01 0.01 0.01 0.01
  per-rule acc: 0.01 0.01
Epoch 120 | Train: Loss=0.0340 Acc=99.8% | Test: Acc=1.2% | Best=1.2%(@120)
  from x3: 0.02 0.01 0.01 0.01 0.01 0.01 0.01 0.01 0.01 0.01 0.01 0.01 0.01
  per-rule acc: 0.01 0.01
Epoch 140 | Train: Loss=0.0290 Acc=99.9% | Test: Acc=1.3% | Best=1.3%(@140)
  from x3: 0.02 0.01 0.01 0.01 0.01 0.01 0.01 0.01 0.01 0.01 0.01 0.01 0.01
  per-rule acc: 0.01 0.01
Epoch 160 | Train: Loss=0.0246 Acc=99.9% | Test: Acc=1.5% | Best=1.5%(@160)
  from x3: 0.02 0.01 0.02 0.01 0.01 0.01 0.01 0.01 0.01 0.01 0.01 0.01 0.01
  per-rule acc: 0.02 0.01
Epoch 180 | Train: Loss=0.0210 Acc=100.0% | Test: Acc=1.5% | Best=1.5%(@180)
  from x3: 0.02 0.02 0.02 0.01 0.01 0.01 0.01 0.01 0.01 0.01 0.01 0.01 0.01
  per-rule acc: 0.02 0.01
Epoch 200 | Train: Loss=0.0179 Acc=100.0% | Test: Acc=1.7% | Best=1.7%(@200)
  from x3: 0.02 0.02 0.02 0.02 0.02 0.02 0.02 0.02 0.02 0.02 0.02 0.02 0.02
  per-rule acc: 0.02 0.02
Epoch 220 | Train: Loss=0.0156 Acc=100.0% | Test: Acc=1.7% | Best=1.7%(@220)
  from x3: 0.02 0.02 0.02 0.02 0.02 0.02 0.02 0.02 0.02 0.02 0.02 0.02 0.02
  per-rule acc: 0.02 0.02
Epoch 240 | Train: Loss=0.0136 Acc=100.0% | Test: Acc=1.8% | Best=1.8%(@240)
  from x3: 0.02 0.02 0.02 0.02 0.02 0.02 0.02 0.02 0.02 0.02 0.02 0.02 0.02
  per-rule acc: 0.02 0.02
Epoch 260 | Train: Loss=0.0119 Acc=100.0% | Test: Acc=1.8% | Best=1.8%(@260)
  from x3: 0.02 0.02 0.02 0.02 0.02 0.02 0.02 0.02 0.02 0.02 0.02 0.02 0.02
  per-rule acc: 0.02 0.02
Epoch 280 | Train: Loss=0.0104 Acc=100.0% | Test: Acc=1.9% | Best=1.9%(@280)
  from x3: 0.02 0.02 0.02 0.02 0.02 0.02 0.02 0.02 0.02 0.02 0.02 0.02 0.02
  per-rule acc: 0.02 0.02
Epoch 300 | Train: Loss=0.1958 Acc=100.0% | Test: Acc=1.8% | Best=1.9%(@280)
  from x3: 0.02 0.02 0.02 0.02 0.02 0.02 0.02 0.02 0.02 0.02 0.02 0.02 0.02
  per-rule acc: 0.02 0.02
Epoch 320 | Train: Loss=0.0085 Acc=100.0% | Test: Acc=1.8% | Best=1.9%(@280)
  from x3: 0.02 0.02 0.02 0.02 0.02 0.02 0.02 0.02 0.02 0.02 0.02 0.02 0.02
  per-rule acc: 0.02 0.02
Epoch 340 | Train: Loss=0.0095 Acc=100.0% | Test: Acc=1.9% | Best=1.9%(@340)
  from x3: 0.02 0.02 0.02 0.02 0.02 0.02 0.02 0.02 0.02 0.02 0.02 0.02 0.02
  per-rule acc: 0.02 0.02
Epoch 360 | Train: Loss=0.0092 Acc=100.0% | Test: Acc=1.9% | Best=1.9%(@360)
  from x3: 0.02 0.02 0.02 0.02 0.02 0.02 0.02 0.02 0.02 0.02 0.02 0.02 0.02
  per-rule acc: 0.02 0.02
Epoch 380 | Train: Loss=0.0081 Acc=100.0% | Test: Acc=1.9% | Best=1.9%(@380)
  from x3: 0.02 0.02 0.02 0.02 0.02 0.02 0.02 0.02 0.02 0.02 0.02 0.02 0.02
  per-rule acc: 0.02 0.02
Epoch 400 | Train: Loss=0.0071 Acc=100.0% | Test: Acc=2.0% | Best=2.0%(@400)
  from x3: 0.02 0.02 0.02 0.02 0.02 0.02 0.02 0.02 0.02 0.02 0.02 0.02 0.02
  per-rule acc: 0.02 0.02
Epoch 420 | Train: Loss=0.0062 Acc=100.0% | Test: Acc=2.0% | Best=2.0%(@420)
  from x3: 0.02 0.02 0.02 0.02 0.02 0.02 0.02 0.02 0.02 0.02 0.02 0.02 0.02
  per-rule acc: 0.02 0.02
Epoch 440 | Train: Loss=0.0054 Acc=100.0% | Test: Acc=2.0% | Best=2.0%(@440)
  from x3: 0.02 0.02 0.02 0.02 0.02 0.02 0.02 0.02 0.02 0.02 0.02 0.02 0.02
  per-rule acc: 0.02 0.02
Epoch 460 | Train: Loss=0.0047 Acc=100.0% | Test: Acc=2.0% | Best=2.0%(@440)
  from x3: 0.02 0.02 0.02 0.02 0.02 0.02 0.02 0.02 0.02 0.02 0.02 0.02 0.02
  per-rule acc: 0.02 0.02
Epoch 480 | Train: Loss=0.0041 Acc=100.0% | Test: Acc=2.0% | Best=2.0%(@480)
  from x3: 0.02 0.02 0.02 0.02 0.02 0.02 0.02 0.02 0.02 0.02 0.02 0.02 0.02
  per-rule acc: 0.02 0.02
Epoch 500 | Train: Loss=0.0035 Acc=100.0% | Test: Acc=2.0% | Best=2.0%(@500)
  from x3: 0.02 0.02 0.02 0.02 0.02 0.02 0.02 0.02 0.02 0.02 0.02 0.02 0.02
  per-rule acc: 0.02 0.02
Epoch 520 | Train: Loss=0.0031 Acc=100.0% | Test: Acc=2.0% | Best=2.0%(@500)
  from x3: 0.02 0.02 0.02 0.02 0.02 0.02 0.02 0.02 0.02 0.02 0.02 0.02 0.02
  per-rule acc: 0.02 0.02
Epoch 540 | Train: Loss=0.0027 Acc=100.0% | Test: Acc=2.0% | Best=2.0%(@500)
  from x3: 0.02 0.02 0.02 0.02 0.02 0.02 0.02 0.02 0.02 0.02 0.02 0.02 0.02
  per-rule acc: 0.02 0.02
Epoch 560 | Train: Loss=0.0024 Acc=100.0% | Test: Acc=2.1% | Best=2.1%(@560)
  from x3: 0.02 0.02 0.02 0.02 0.02 0.02 0.02 0.02 0.02 0.02 0.02 0.02 0.02
  per-rule acc: 0.02 0.02
Epoch 580 | Train: Loss=0.0021 Acc=100.0% | Test: Acc=2.1% | Best=2.1%(@580)
  from x3: 0.02 0.02 0.02 0.02 0.02 0.02 0.02 0.02 0.02 0.02 0.02 0.02 0.02
  per-rule acc: 0.02 0.02
Epoch 600 | Train: Loss=0.0018 Acc=100.0% | Test: Acc=2.1% | Best=2.1%(@580)
  from x3: 0.02 0.02 0.02 0.02 0.02 0.02 0.02 0.02 0.02 0.02 0.02 0.02 0.02
  per-rule acc: 0.02 0.02
Epoch 620 | Train: Loss=0.0016 Acc=100.0% | Test: Acc=2.0% | Best=2.1%(@580)
  from x3: 0.02 0.02 0.02 0.02 0.02 0.02 0.02 0.02 0.02 0.02 0.02 0.02 0.02
  per-rule acc: 0.02 0.02
Epoch 640 | Train: Loss=0.0122 Acc=99.9% | Test: Acc=2.1% | Best=2.1%(@580)
  from x3: 0.02 0.02 0.02 0.02 0.02 0.02 0.02 0.02 0.02 0.02 0.02 0.02 0.02
  per-rule acc: 0.02 0.02
Epoch 660 | Train: Loss=0.0037 Acc=100.0% | Test: Acc=2.1% | Best=2.1%(@660)
  from x3: 0.02 0.02 0.02 0.02 0.02 0.02 0.02 0.02 0.02 0.02 0.02 0.02 0.02
  per-rule acc: 0.02 0.02
Epoch 680 | Train: Loss=0.0046 Acc=100.0% | Test: Acc=2.2% | Best=2.2%(@680)
  from x3: 0.02 0.02 0.02 0.02 0.02 0.02 0.02 0.02 0.02 0.02 0.02 0.02 0.02
  per-rule acc: 0.02 0.02
Epoch 700 | Train: Loss=0.0064 Acc=100.0% | Test: Acc=2.0% | Best=2.2%(@680)
  from x3: 0.02 0.02 0.02 0.02 0.02 0.02 0.02 0.02 0.02 0.02 0.02 0.02 0.02
  per-rule acc: 0.02 0.02
Epoch 720 | Train: Loss=0.0073 Acc=99.9% | Test: Acc=2.1% | Best=2.2%(@680)
  from x3: 0.02 0.02 0.02 0.02 0.02 0.02 0.02 0.02 0.02 0.02 0.02 0.02 0.02
  per-rule acc: 0.02 0.02
Epoch 740 | Train: Loss=0.0115 Acc=100.0% | Test: Acc=2.1% | Best=2.2%(@680)
  from x3: 0.02 0.02 0.02 0.02 0.02 0.02 0.02 0.02 0.02 0.02 0.02 0.02 0.02
  per-rule acc: 0.02 0.02
Epoch 760 | Train: Loss=0.0115 Acc=99.9% | Test: Acc=2.1% | Best=2.2%(@680)
  from x3: 0.02 0.02 0.02 0.02 0.02 0.02 0.02 0.02 0.02 0.02 0.02 0.02 0.02
  per-rule acc: 0.02 0.02
Epoch 780 | Train: Loss=0.0063 Acc=100.0% | Test: Acc=2.2% | Best=2.2%(@780)
  from x3: 0.02 0.02 0.02 0.02 0.02 0.02 0.02 0.02 0.02 0.02 0.02 0.02 0.02
  per-rule acc: 0.02 0.02
Epoch 800 | Train: Loss=0.0077 Acc=100.0% | Test: Acc=2.3% | Best=2.3%(@800)
  from x3: 0.02 0.02 0.02 0.02 0.02 0.02 0.02 0.02 0.02 0.02 0.02 0.02 0.02
  per-rule acc: 0.02 0.02
Epoch 820 | Train: Loss=0.0069 Acc=100.0% | Test: Acc=2.1% | Best=2.3%(@800)
  from x3: 0.02 0.02 0.02 0.02 0.02 0.02 0.02 0.02 0.02 0.02 0.02 0.02 0.02
  per-rule acc: 0.02 0.02
Epoch 840 | Train: Loss=0.0083 Acc=100.0% | Test: Acc=2.1% | Best=2.3%(@800)
  from x3: 0.02 0.02 0.02 0.02 0.02 0.02 0.02 0.02 0.02 0.02 0.02 0.02 0.02
  per-rule acc: 0.02 0.02
Epoch 860 | Train: Loss=0.0095 Acc=99.9% | Test: Acc=2.1% | Best=2.3%(@800)
  from x3: 0.02 0.02 0.02 0.02 0.02 0.02 0.02 0.02 0.02 0.02 0.02 0.02 0.02
  per-rule acc: 0.02 0.02
Epoch 880 | Train: Loss=0.0079 Acc=100.0% | Test: Acc=2.3% | Best=2.3%(@880)
  from x3: 0.02 0.02 0.02 0.02 0.02 0.02 0.02 0.02 0.02 0.02 0.02 0.02 0.02
  per-rule acc: 0.02 0.03
Epoch 900 | Train: Loss=0.0080 Acc=100.0% | Test: Acc=2.2% | Best=2.3%(@880)
  from x3: 0.02 0.02 0.02 0.02 0.02 0.02 0.02 0.02 0.02 0.02 0.02 0.02 0.02
  per-rule acc: 0.02 0.02
Epoch 920 | Train: Loss=0.0072 Acc=100.0% | Test: Acc=2.2% | Best=2.3%(@880)
  from x3: 0.02 0.02 0.02 0.02 0.02 0.02 0.02 0.02 0.02 0.02 0.02 0.02 0.02
  per-rule acc: 0.02 0.02
Epoch 940 | Train: Loss=0.0091 Acc=100.0% | Test: Acc=2.3% | Best=2.3%(@880)
  from x3: 0.02 0.02 0.02 0.02 0.02 0.02 0.02 0.02 0.02 0.02 0.02 0.02 0.02
  per-rule acc: 0.02 0.02
Epoch 960 | Train: Loss=0.0103 Acc=99.9% | Test: Acc=2.1% | Best=2.3%(@880)
  from x3: 0.02 0.02 0.02 0.02 0.02 0.02 0.02 0.02 0.02 0.02 0.02 0.02 0.02
  per-rule acc: 0.02 0.02
Epoch 980 | Train: Loss=0.0072 Acc=100.0% | Test: Acc=2.1% | Best=2.3%(@880)
  from x3: 0.02 0.02 0.02 0.02 0.02 0.02 0.02 0.02 0.02 0.02 0.02 0.02 0.02
  per-rule acc: 0.02 0.02
Epoch 1000 | Train: Loss=0.0068 Acc=100.0% | Test: Acc=2.3% | Best=2.3%(@880)
  from x3: 0.03 0.02 0.02 0.02 0.02 0.02 0.02 0.02 0.02 0.02 0.02 0.02 0.02
  per-rule acc: 0.02 0.02
Epoch 1020 | Train: Loss=0.0095 Acc=99.9% | Test: Acc=2.2% | Best=2.3%(@880)
  from x3: 0.02 0.02 0.02 0.02 0.02 0.02 0.02 0.02 0.02 0.02 0.02 0.02 0.02
  per-rule acc: 0.02 0.02
Epoch 1040 | Train: Loss=0.0057 Acc=100.0% | Test: Acc=2.2% | Best=2.3%(@880)
  from x3: 0.03 0.02 0.02 0.02 0.02 0.02 0.02 0.02 0.02 0.02 0.02 0.02 0.02
  per-rule acc: 0.02 0.02
Epoch 1060 | Train: Loss=0.0056 Acc=100.0% | Test: Acc=2.2% | Best=2.3%(@880)
  from x3: 0.02 0.02 0.02 0.02 0.02 0.02 0.02 0.02 0.02 0.02 0.02 0.02 0.02
  per-rule acc: 0.02 0.02
Epoch 1080 | Train: Loss=0.0078 Acc=100.0% | Test: Acc=2.3% | Best=2.3%(@880)
  from x3: 0.02 0.02 0.02 0.02 0.02 0.02 0.02 0.02 0.02 0.02 0.02 0.02 0.02
  per-rule acc: 0.02 0.03
Epoch 1100 | Train: Loss=0.0094 Acc=99.9% | Test: Acc=2.3% | Best=2.3%(@880)
  from x3: 0.02 0.02 0.02 0.02 0.02 0.02 0.02 0.02 0.02 0.02 0.02 0.02 0.02
  per-rule acc: 0.02 0.02
Epoch 1120 | Train: Loss=0.0085 Acc=100.0% | Test: Acc=2.0% | Best=2.3%(@880)
  from x3: 0.02 0.02 0.02 0.02 0.02 0.02 0.02 0.02 0.02 0.02 0.02 0.02 0.02
  per-rule acc: 0.02 0.02
Epoch 1140 | Train: Loss=0.0058 Acc=100.0% | Test: Acc=2.3% | Best=2.3%(@880)
  from x3: 0.02 0.02 0.02 0.02 0.02 0.02 0.02 0.02 0.02 0.02 0.02 0.02 0.02
  per-rule acc: 0.02 0.02
Epoch 1160 | Train: Loss=0.0122 Acc=99.9% | Test: Acc=2.3% | Best=2.3%(@880)
  from x3: 0.03 0.02 0.02 0.02 0.02 0.02 0.02 0.02 0.02 0.02 0.02 0.02 0.02
  per-rule acc: 0.02 0.02
Epoch 1180 | Train: Loss=0.0075 Acc=100.0% | Test: Acc=2.3% | Best=2.3%(@880)
  from x3: 0.02 0.02 0.02 0.02 0.02 0.02 0.02 0.02 0.02 0.02 0.02 0.02 0.02
  per-rule acc: 0.02 0.03
Epoch 1200 | Train: Loss=0.0131 Acc=100.0% | Test: Acc=2.1% | Best=2.3%(@880)
  from x3: 0.02 0.02 0.02 0.02 0.02 0.02 0.02 0.02 0.02 0.02 0.02 0.02 0.02
  per-rule acc: 0.02 0.02
Epoch 1220 | Train: Loss=0.0097 Acc=100.0% | Test: Acc=2.3% | Best=2.3%(@880)
  from x3: 0.02 0.02 0.02 0.02 0.02 0.02 0.02 0.02 0.02 0.02 0.02 0.02 0.02
  per-rule acc: 0.02 0.02
Epoch 1240 | Train: Loss=0.0096 Acc=100.0% | Test: Acc=2.3% | Best=2.3%(@880)
  from x3: 0.02 0.02 0.02 0.02 0.02 0.02 0.02 0.02 0.02 0.02 0.02 0.02 0.02
  per-rule acc: 0.02 0.02
Epoch 1260 | Train: Loss=0.0063 Acc=100.0% | Test: Acc=2.2% | Best=2.3%(@880)
  from x3: 0.02 0.02 0.02 0.02 0.02 0.02 0.02 0.02 0.02 0.02 0.02 0.02 0.02
  per-rule acc: 0.02 0.02
Epoch 1280 | Train: Loss=0.0084 Acc=100.0% | Test: Acc=2.2% | Best=2.3%(@880)
  from x3: 0.02 0.02 0.02 0.02 0.02 0.02 0.02 0.02 0.02 0.02 0.02 0.02 0.02
  per-rule acc: 0.02 0.02
Epoch 1300 | Train: Loss=0.0072 Acc=100.0% | Test: Acc=2.2% | Best=2.3%(@880)
  from x3: 0.02 0.02 0.02 0.02 0.02 0.02 0.02 0.02 0.02 0.02 0.02 0.02 0.02
  per-rule acc: 0.02 0.02
Epoch 1320 | Train: Loss=0.0081 Acc=100.0% | Test: Acc=2.3% | Best=2.3%(@880)
  from x3: 0.02 0.02 0.02 0.02 0.02 0.02 0.02 0.02 0.02 0.02 0.02 0.02 0.02
  per-rule acc: 0.02 0.02
Epoch 1340 | Train: Loss=0.0071 Acc=100.0% | Test: Acc=2.2% | Best=2.3%(@880)
  from x3: 0.02 0.02 0.02 0.02 0.02 0.02 0.02 0.02 0.02 0.02 0.02 0.02 0.02
  per-rule acc: 0.02 0.02
Epoch 1360 | Train: Loss=0.0197 Acc=99.8% | Test: Acc=2.2% | Best=2.3%(@880)
  from x3: 0.02 0.02 0.02 0.02 0.02 0.02 0.02 0.02 0.02 0.02 0.02 0.02 0.02
  per-rule acc: 0.02 0.02
Epoch 1380 | Train: Loss=0.0053 Acc=100.0% | Test: Acc=2.1% | Best=2.3%(@880)
  from x3: 0.02 0.02 0.02 0.02 0.02 0.02 0.02 0.02 0.02 0.02 0.02 0.02 0.02
  per-rule acc: 0.02 0.02
Epoch 1400 | Train: Loss=0.0085 Acc=99.9% | Test: Acc=2.2% | Best=2.3%(@880)
  from x3: 0.02 0.02 0.02 0.02 0.02 0.02 0.02 0.02 0.02 0.02 0.02 0.02 0.02
  per-rule acc: 0.02 0.02
Epoch 1420 | Train: Loss=0.0119 Acc=100.0% | Test: Acc=2.3% | Best=2.3%(@880)
  from x3: 0.02 0.02 0.02 0.02 0.02 0.02 0.02 0.02 0.02 0.02 0.02 0.02 0.02
  per-rule acc: 0.02 0.03
Epoch 1440 | Train: Loss=0.0074 Acc=100.0% | Test: Acc=2.4% | Best=2.4%(@1440)
  from x3: 0.02 0.02 0.02 0.02 0.02 0.02 0.02 0.02 0.02 0.02 0.02 0.02 0.02
  per-rule acc: 0.02 0.02
Epoch 1460 | Train: Loss=0.0055 Acc=100.0% | Test: Acc=2.5% | Best=2.5%(@1460)
  from x3: 0.02 0.02 0.02 0.02 0.03 0.02 0.02 0.02 0.03 0.02 0.03 0.02 0.02
  per-rule acc: 0.03 0.02
Epoch 1480 | Train: Loss=0.0076 Acc=100.0% | Test: Acc=2.3% | Best=2.5%(@1460)
  from x3: 0.02 0.02 0.02 0.02 0.02 0.02 0.02 0.02 0.02 0.02 0.02 0.02 0.02
  per-rule acc: 0.02 0.02
Epoch 1500 | Train: Loss=0.0060 Acc=100.0% | Test: Acc=2.4% | Best=2.5%(@1460)
  from x3: 0.02 0.02 0.02 0.02 0.02 0.02 0.02 0.02 0.02 0.02 0.02 0.02 0.02
  per-rule acc: 0.02 0.02
Epoch 1520 | Train: Loss=0.0075 Acc=99.9% | Test: Acc=2.3% | Best=2.5%(@1460)
  from x3: 0.02 0.02 0.02 0.02 0.02 0.02 0.02 0.02 0.02 0.02 0.02 0.02 0.02
  per-rule acc: 0.02 0.02
Epoch 1540 | Train: Loss=0.0061 Acc=100.0% | Test: Acc=2.3% | Best=2.5%(@1460)
  from x3: 0.02 0.02 0.02 0.02 0.02 0.02 0.02 0.02 0.02 0.02 0.02 0.02 0.02
  per-rule acc: 0.02 0.02
Epoch 1560 | Train: Loss=0.0067 Acc=100.0% | Test: Acc=2.3% | Best=2.5%(@1460)
  from x3: 0.02 0.02 0.02 0.02 0.02 0.02 0.02 0.02 0.02 0.02 0.02 0.02 0.02
  per-rule acc: 0.02 0.02
Epoch 1580 | Train: Loss=0.0064 Acc=100.0% | Test: Acc=2.3% | Best=2.5%(@1460)
  from x3: 0.02 0.02 0.02 0.02 0.02 0.02 0.02 0.02 0.02 0.02 0.02 0.02 0.02
  per-rule acc: 0.02 0.02
Epoch 1600 | Train: Loss=0.0055 Acc=100.0% | Test: Acc=2.2% | Best=2.5%(@1460)
  from x3: 0.02 0.02 0.02 0.02 0.02 0.02 0.02 0.02 0.02 0.02 0.02 0.02 0.02
  per-rule acc: 0.02 0.02
Epoch 1620 | Train: Loss=0.0079 Acc=100.0% | Test: Acc=2.4% | Best=2.5%(@1460)
  from x3: 0.02 0.02 0.02 0.02 0.02 0.02 0.02 0.02 0.02 0.02 0.02 0.02 0.02
  per-rule acc: 0.02 0.02
Epoch 1640 | Train: Loss=0.0246 Acc=100.0% | Test: Acc=2.1% | Best=2.5%(@1460)
  from x3: 0.02 0.02 0.02 0.02 0.02 0.02 0.02 0.02 0.02 0.02 0.02 0.02 0.02
  per-rule acc: 0.02 0.02
Epoch 1660 | Train: Loss=0.0056 Acc=100.0% | Test: Acc=2.3% | Best=2.5%(@1460)
  from x3: 0.02 0.02 0.02 0.02 0.02 0.02 0.02 0.02 0.02 0.02 0.02 0.02 0.02
  per-rule acc: 0.02 0.02
Epoch 1680 | Train: Loss=0.0076 Acc=100.0% | Test: Acc=2.3% | Best=2.5%(@1460)
  from x3: 0.02 0.02 0.02 0.02 0.02 0.02 0.02 0.02 0.02 0.02 0.02 0.02 0.02
  per-rule acc: 0.02 0.02
Epoch 1700 | Train: Loss=0.0057 Acc=100.0% | Test: Acc=2.2% | Best=2.5%(@1460)
  from x3: 0.02 0.02 0.02 0.02 0.02 0.02 0.02 0.02 0.02 0.02 0.02 0.02 0.02
  per-rule acc: 0.02 0.02
Epoch 1720 | Train: Loss=0.0075 Acc=100.0% | Test: Acc=2.3% | Best=2.5%(@1460)
  from x3: 0.02 0.02 0.02 0.02 0.02 0.02 0.02 0.02 0.02 0.02 0.02 0.02 0.02
  per-rule acc: 0.02 0.02
Epoch 1740 | Train: Loss=0.0055 Acc=100.0% | Test: Acc=2.3% | Best=2.5%(@1460)
  from x3: 0.02 0.02 0.02 0.02 0.02 0.02 0.02 0.02 0.02 0.02 0.02 0.02 0.02
  per-rule acc: 0.02 0.02
Epoch 1760 | Train: Loss=0.0068 Acc=100.0% | Test: Acc=2.3% | Best=2.5%(@1460)
  from x3: 0.02 0.02 0.02 0.02 0.02 0.02 0.02 0.02 0.02 0.02 0.02 0.02 0.02
  per-rule acc: 0.02 0.02
Epoch 1780 | Train: Loss=0.0055 Acc=100.0% | Test: Acc=2.2% | Best=2.5%(@1460)
  from x3: 0.02 0.02 0.02 0.02 0.02 0.02 0.02 0.02 0.02 0.02 0.02 0.02 0.02
  per-rule acc: 0.02 0.02
Epoch 1800 | Train: Loss=0.0090 Acc=99.9% | Test: Acc=2.3% | Best=2.5%(@1460)
  from x3: 0.02 0.02 0.02 0.02 0.02 0.02 0.02 0.02 0.02 0.02 0.02 0.02 0.02
  per-rule acc: 0.02 0.02
Epoch 1820 | Train: Loss=0.0064 Acc=99.9% | Test: Acc=2.3% | Best=2.5%(@1460)
  from x3: 0.02 0.02 0.02 0.02 0.02 0.02 0.02 0.02 0.02 0.02 0.02 0.02 0.02
  per-rule acc: 0.02 0.02
Epoch 1840 | Train: Loss=0.0065 Acc=100.0% | Test: Acc=2.3% | Best=2.5%(@1460)
  from x3: 0.02 0.02 0.02 0.02 0.02 0.02 0.02 0.02 0.02 0.02 0.02 0.02 0.02
  per-rule acc: 0.02 0.02
Epoch 1860 | Train: Loss=0.0085 Acc=100.0% | Test: Acc=2.1% | Best=2.5%(@1460)
  from x3: 0.02 0.02 0.02 0.02 0.02 0.02 0.02 0.02 0.02 0.02 0.02 0.02 0.02
  per-rule acc: 0.02 0.02
Epoch 1880 | Train: Loss=0.0073 Acc=99.9% | Test: Acc=2.3% | Best=2.5%(@1460)
  from x3: 0.02 0.02 0.02 0.02 0.02 0.02 0.02 0.02 0.02 0.02 0.02 0.02 0.02
  per-rule acc: 0.02 0.02
Epoch 1900 | Train: Loss=0.0072 Acc=100.0% | Test: Acc=2.2% | Best=2.5%(@1460)
  from x3: 0.02 0.02 0.02 0.02 0.02 0.02 0.02 0.02 0.02 0.02 0.02 0.02 0.02
  per-rule acc: 0.02 0.02
Epoch 1920 | Train: Loss=0.0074 Acc=100.0% | Test: Acc=2.2% | Best=2.5%(@1460)
  from x3: 0.02 0.02 0.02 0.02 0.02 0.02 0.02 0.02 0.02 0.02 0.02 0.02 0.02
  per-rule acc: 0.02 0.02
Epoch 1940 | Train: Loss=0.0056 Acc=100.0% | Test: Acc=2.3% | Best=2.5%(@1460)
  from x3: 0.02 0.02 0.02 0.02 0.02 0.02 0.02 0.02 0.02 0.02 0.02 0.02 0.02
  per-rule acc: 0.02 0.02
Epoch 1960 | Train: Loss=0.0071 Acc=100.0% | Test: Acc=2.3% | Best=2.5%(@1460)
  from x3: 0.02 0.02 0.02 0.02 0.02 0.02 0.02 0.02 0.02 0.02 0.02 0.02 0.02
  per-rule acc: 0.02 0.02
Epoch 1980 | Train: Loss=0.0050 Acc=100.0% | Test: Acc=2.3% | Best=2.5%(@1460)
  from x3: 0.02 0.02 0.02 0.02 0.02 0.02 0.02 0.02 0.02 0.02 0.02 0.02 0.02
  per-rule acc: 0.02 0.02
Epoch 2000 | Train: Loss=0.0049 Acc=100.0% | Test: Acc=2.3% | Best=2.5%(@1460)
  from x3: 0.02 0.02 0.02 0.02 0.02 0.02 0.02 0.02 0.02 0.02 0.02 0.02 0.02
  per-rule acc: 0.02 0.02
Epoch 2020 | Train: Loss=0.0087 Acc=100.0% | Test: Acc=2.2% | Best=2.5%(@1460)
  from x3: 0.02 0.02 0.02 0.02 0.02 0.02 0.02 0.02 0.02 0.02 0.02 0.02 0.02
  per-rule acc: 0.02 0.02
Epoch 2040 | Train: Loss=0.0060 Acc=99.9% | Test: Acc=2.3% | Best=2.5%(@1460)
  from x3: 0.02 0.02 0.02 0.02 0.02 0.02 0.02 0.02 0.02 0.02 0.02 0.02 0.02
  per-rule acc: 0.02 0.02
Epoch 2060 | Train: Loss=0.0073 Acc=100.0% | Test: Acc=2.3% | Best=2.5%(@1460)
  from x3: 0.02 0.02 0.02 0.02 0.02 0.02 0.02 0.02 0.02 0.02 0.02 0.02 0.02
  per-rule acc: 0.02 0.02
Epoch 2080 | Train: Loss=0.0059 Acc=100.0% | Test: Acc=2.4% | Best=2.5%(@1460)
  from x3: 0.02 0.02 0.02 0.02 0.02 0.02 0.02 0.02 0.02 0.02 0.02 0.02 0.02
  per-rule acc: 0.02 0.02
Epoch 2100 | Train: Loss=0.0044 Acc=100.0% | Test: Acc=2.2% | Best=2.5%(@1460)
  from x3: 0.02 0.02 0.02 0.02 0.02 0.02 0.02 0.02 0.02 0.02 0.02 0.02 0.02
  per-rule acc: 0.02 0.02
Epoch 2120 | Train: Loss=0.0070 Acc=100.0% | Test: Acc=2.5% | Best=2.5%(@2120)
  from x3: 0.02 0.02 0.02 0.02 0.02 0.03 0.03 0.02 0.03 0.02 0.02 0.02 0.03
  per-rule acc: 0.02 0.03
Epoch 2140 | Train: Loss=0.0059 Acc=100.0% | Test: Acc=2.5% | Best=2.5%(@2120)
  from x3: 0.03 0.02 0.02 0.02 0.02 0.02 0.02 0.02 0.02 0.02 0.02 0.02 0.02
  per-rule acc: 0.03 0.02
Epoch 2160 | Train: Loss=0.0125 Acc=99.9% | Test: Acc=2.3% | Best=2.5%(@2120)
  from x3: 0.02 0.02 0.02 0.02 0.02 0.02 0.02 0.02 0.02 0.02 0.02 0.02 0.02
  per-rule acc: 0.02 0.02
Epoch 2180 | Train: Loss=0.0068 Acc=100.0% | Test: Acc=2.3% | Best=2.5%(@2120)
  from x3: 0.02 0.02 0.02 0.02 0.02 0.02 0.02 0.02 0.02 0.02 0.02 0.02 0.02
  per-rule acc: 0.02 0.02
Epoch 2200 | Train: Loss=0.0096 Acc=99.9% | Test: Acc=2.4% | Best=2.5%(@2120)
  from x3: 0.02 0.02 0.02 0.02 0.02 0.02 0.02 0.02 0.02 0.02 0.02 0.02 0.02
  per-rule acc: 0.02 0.02
Epoch 2220 | Train: Loss=0.0059 Acc=100.0% | Test: Acc=2.3% | Best=2.5%(@2120)
  from x3: 0.02 0.02 0.02 0.02 0.02 0.02 0.02 0.02 0.02 0.02 0.02 0.02 0.02
  per-rule acc: 0.02 0.02
Epoch 2240 | Train: Loss=0.0049 Acc=100.0% | Test: Acc=2.5% | Best=2.5%(@2240)
  from x3: 0.02 0.02 0.03 0.03 0.03 0.03 0.03 0.03 0.03 0.02 0.03 0.03 0.03
  per-rule acc: 0.03 0.02
Epoch 2260 | Train: Loss=0.0070 Acc=100.0% | Test: Acc=2.4% | Best=2.5%(@2240)
  from x3: 0.03 0.02 0.02 0.02 0.02 0.02 0.02 0.02 0.02 0.02 0.02 0.02 0.02
  per-rule acc: 0.02 0.02
Epoch 2280 | Train: Loss=0.0074 Acc=100.0% | Test: Acc=2.4% | Best=2.5%(@2240)
  from x3: 0.02 0.02 0.02 0.02 0.02 0.02 0.02 0.02 0.02 0.02 0.02 0.02 0.02
  per-rule acc: 0.03 0.02
Epoch 2300 | Train: Loss=0.0052 Acc=100.0% | Test: Acc=2.3% | Best=2.5%(@2240)
  from x3: 0.02 0.02 0.02 0.02 0.02 0.02 0.02 0.02 0.02 0.02 0.02 0.02 0.02
  per-rule acc: 0.02 0.02
Epoch 2320 | Train: Loss=0.0048 Acc=100.0% | Test: Acc=2.5% | Best=2.5%(@2240)
  from x3: 0.03 0.02 0.02 0.02 0.02 0.02 0.02 0.02 0.02 0.02 0.02 0.02 0.02
  per-rule acc: 0.03 0.02
Epoch 2340 | Train: Loss=0.0304 Acc=100.0% | Test: Acc=2.4% | Best=2.5%(@2240)
  from x3: 0.02 0.02 0.02 0.02 0.02 0.02 0.02 0.02 0.02 0.02 0.02 0.02 0.02
  per-rule acc: 0.03 0.02
Epoch 2360 | Train: Loss=0.0075 Acc=99.9% | Test: Acc=2.3% | Best=2.5%(@2240)
  from x3: 0.02 0.02 0.02 0.02 0.02 0.02 0.02 0.02 0.02 0.02 0.02 0.02 0.02
  per-rule acc: 0.02 0.02
Epoch 2380 | Train: Loss=0.0063 Acc=100.0% | Test: Acc=2.4% | Best=2.5%(@2240)
  from x3: 0.03 0.02 0.02 0.02 0.02 0.02 0.02 0.02 0.02 0.02 0.02 0.02 0.02
  per-rule acc: 0.03 0.02
Epoch 2400 | Train: Loss=0.0068 Acc=100.0% | Test: Acc=2.3% | Best=2.5%(@2240)
  from x3: 0.02 0.02 0.02 0.02 0.02 0.02 0.02 0.02 0.02 0.02 0.02 0.02 0.02
  per-rule acc: 0.03 0.02
Epoch 2420 | Train: Loss=0.0118 Acc=99.9% | Test: Acc=2.4% | Best=2.5%(@2240)
  from x3: 0.03 0.02 0.02 0.02 0.02 0.02 0.02 0.02 0.02 0.02 0.02 0.02 0.02
  per-rule acc: 0.03 0.02
Epoch 2440 | Train: Loss=0.0055 Acc=100.0% | Test: Acc=2.4% | Best=2.5%(@2240)
  from x3: 0.03 0.03 0.03 0.02 0.02 0.02 0.02 0.02 0.02 0.02 0.02 0.02 0.02
  per-rule acc: 0.03 0.02
Epoch 2460 | Train: Loss=0.0054 Acc=100.0% | Test: Acc=2.6% | Best=2.6%(@2460)
  from x3: 0.03 0.03 0.03 0.03 0.03 0.03 0.03 0.03 0.03 0.03 0.03 0.03 0.03
  per-rule acc: 0.03 0.03
Epoch 2480 | Train: Loss=0.0092 Acc=99.9% | Test: Acc=2.5% | Best=2.6%(@2460)
  from x3: 0.03 0.02 0.02 0.02 0.02 0.02 0.02 0.02 0.02 0.02 0.03 0.03 0.03
  per-rule acc: 0.03 0.02
Epoch 2500 | Train: Loss=0.0061 Acc=100.0% | Test: Acc=2.6% | Best=2.6%(@2460)
  from x3: 0.03 0.03 0.03 0.03 0.03 0.03 0.03 0.03 0.03 0.03 0.03 0.03 0.03
  per-rule acc: 0.03 0.03
Epoch 2520 | Train: Loss=0.0091 Acc=100.0% | Test: Acc=2.7% | Best=2.7%(@2520)
  from x3: 0.03 0.03 0.03 0.03 0.03 0.03 0.03 0.03 0.03 0.03 0.03 0.03 0.03
  per-rule acc: 0.03 0.02
Epoch 2540 | Train: Loss=0.0075 Acc=99.9% | Test: Acc=2.6% | Best=2.7%(@2520)
  from x3: 0.03 0.03 0.03 0.03 0.03 0.03 0.03 0.03 0.03 0.03 0.03 0.03 0.03
  per-rule acc: 0.03 0.02
Epoch 2560 | Train: Loss=0.0047 Acc=100.0% | Test: Acc=2.6% | Best=2.7%(@2520)
  from x3: 0.03 0.03 0.03 0.03 0.03 0.03 0.03 0.03 0.03 0.03 0.03 0.03 0.03
  per-rule acc: 0.03 0.02
Epoch 2580 | Train: Loss=0.0049 Acc=100.0% | Test: Acc=2.6% | Best=2.7%(@2520)
  from x3: 0.03 0.03 0.03 0.03 0.03 0.03 0.03 0.03 0.03 0.03 0.03 0.03 0.03
  per-rule acc: 0.03 0.02
Epoch 2600 | Train: Loss=0.0052 Acc=100.0% | Test: Acc=2.6% | Best=2.7%(@2520)
  from x3: 0.03 0.03 0.03 0.03 0.03 0.03 0.03 0.03 0.03 0.03 0.03 0.03 0.03
  per-rule acc: 0.03 0.02
Epoch 2620 | Train: Loss=0.0058 Acc=100.0% | Test: Acc=2.6% | Best=2.7%(@2520)
  from x3: 0.03 0.03 0.03 0.03 0.03 0.03 0.03 0.03 0.03 0.03 0.03 0.03 0.03
  per-rule acc: 0.03 0.03
Epoch 2640 | Train: Loss=0.0041 Acc=100.0% | Test: Acc=2.6% | Best=2.7%(@2520)
  from x3: 0.03 0.02 0.03 0.03 0.03 0.03 0.03 0.03 0.03 0.03 0.03 0.03 0.03
  per-rule acc: 0.03 0.02
Epoch 2660 | Train: Loss=0.0037 Acc=100.0% | Test: Acc=2.6% | Best=2.7%(@2520)
  from x3: 0.03 0.03 0.03 0.03 0.03 0.03 0.03 0.03 0.03 0.03 0.03 0.03 0.03
  per-rule acc: 0.03 0.02
Epoch 2680 | Train: Loss=0.0074 Acc=100.0% | Test: Acc=2.5% | Best=2.7%(@2520)
  from x3: 0.03 0.03 0.03 0.03 0.02 0.02 0.03 0.02 0.02 0.02 0.02 0.02 0.02
  per-rule acc: 0.03 0.02
Epoch 2700 | Train: Loss=0.0050 Acc=100.0% | Test: Acc=2.5% | Best=2.7%(@2520)
  from x3: 0.02 0.02 0.02 0.02 0.02 0.02 0.02 0.02 0.03 0.03 0.03 0.02 0.02
  per-rule acc: 0.03 0.02
Epoch 2720 | Train: Loss=0.0051 Acc=100.0% | Test: Acc=2.6% | Best=2.7%(@2520)
  from x3: 0.03 0.03 0.03 0.03 0.03 0.03 0.03 0.03 0.03 0.03 0.03 0.03 0.03
  per-rule acc: 0.03 0.02
Epoch 2740 | Train: Loss=0.0051 Acc=100.0% | Test: Acc=2.7% | Best=2.7%(@2520)
  from x3: 0.03 0.03 0.03 0.03 0.03 0.03 0.03 0.03 0.03 0.03 0.03 0.03 0.03
  per-rule acc: 0.03 0.02
Epoch 2760 | Train: Loss=0.0060 Acc=100.0% | Test: Acc=2.5% | Best=2.7%(@2520)
  from x3: 0.03 0.02 0.03 0.03 0.03 0.03 0.03 0.03 0.03 0.03 0.03 0.03 0.03
  per-rule acc: 0.03 0.02
Epoch 2780 | Train: Loss=0.0045 Acc=100.0% | Test: Acc=2.6% | Best=2.7%(@2520)
  from x3: 0.03 0.03 0.03 0.03 0.03 0.03 0.03 0.03 0.03 0.03 0.03 0.03 0.03
  per-rule acc: 0.03 0.02
Epoch 2800 | Train: Loss=0.0051 Acc=100.0% | Test: Acc=2.5% | Best=2.7%(@2520)
  from x3: 0.02 0.02 0.02 0.02 0.02 0.02 0.02 0.02 0.02 0.02 0.03 0.03 0.03
  per-rule acc: 0.03 0.02
Epoch 2820 | Train: Loss=0.0061 Acc=100.0% | Test: Acc=2.6% | Best=2.7%(@2520)
  from x3: 0.02 0.03 0.03 0.03 0.03 0.03 0.03 0.03 0.03 0.03 0.03 0.03 0.03
  per-rule acc: 0.03 0.02
Epoch 2840 | Train: Loss=0.0045 Acc=100.0% | Test: Acc=2.5% | Best=2.7%(@2520)
  from x3: 0.03 0.02 0.02 0.02 0.02 0.02 0.02 0.02 0.03 0.02 0.02 0.03 0.02
  per-rule acc: 0.03 0.02
Epoch 2860 | Train: Loss=0.0088 Acc=100.0% | Test: Acc=2.6% | Best=2.7%(@2520)
  from x3: 0.03 0.03 0.03 0.03 0.03 0.03 0.03 0.03 0.03 0.03 0.03 0.03 0.03
  per-rule acc: 0.03 0.03
Epoch 2880 | Train: Loss=0.0044 Acc=100.0% | Test: Acc=2.8% | Best=2.8%(@2880)
  from x3: 0.03 0.03 0.03 0.03 0.03 0.03 0.03 0.03 0.03 0.03 0.03 0.03 0.03
  per-rule acc: 0.03 0.03
Epoch 2900 | Train: Loss=0.0079 Acc=100.0% | Test: Acc=2.7% | Best=2.8%(@2880)
  from x3: 0.03 0.02 0.03 0.03 0.03 0.03 0.03 0.03 0.03 0.03 0.03 0.03 0.03
  per-rule acc: 0.03 0.03
Epoch 2920 | Train: Loss=0.0039 Acc=100.0% | Test: Acc=2.5% | Best=2.8%(@2880)
  from x3: 0.03 0.03 0.03 0.03 0.03 0.03 0.03 0.03 0.02 0.02 0.02 0.02 0.02
  per-rule acc: 0.03 0.02
Epoch 2940 | Train: Loss=0.0062 Acc=100.0% | Test: Acc=2.7% | Best=2.8%(@2880)
  from x3: 0.03 0.03 0.03 0.03 0.03 0.03 0.03 0.03 0.03 0.03 0.03 0.03 0.03
  per-rule acc: 0.03 0.02
Epoch 2960 | Train: Loss=0.0053 Acc=100.0% | Test: Acc=2.7% | Best=2.8%(@2880)
  from x3: 0.03 0.03 0.03 0.03 0.03 0.03 0.03 0.03 0.03 0.03 0.03 0.03 0.03
  per-rule acc: 0.03 0.03
Epoch 2980 | Train: Loss=0.0049 Acc=100.0% | Test: Acc=2.8% | Best=2.8%(@2880)
  from x3: 0.03 0.03 0.03 0.03 0.03 0.03 0.03 0.03 0.03 0.03 0.03 0.03 0.03
  per-rule acc: 0.03 0.03
Epoch 3000 | Train: Loss=0.0046 Acc=100.0% | Test: Acc=2.7% | Best=2.8%(@2880)
  from x3: 0.03 0.03 0.03 0.03 0.03 0.03 0.03 0.03 0.03 0.03 0.03 0.03 0.03
  per-rule acc: 0.03 0.03
Epoch 3020 | Train: Loss=0.0127 Acc=99.9% | Test: Acc=2.6% | Best=2.8%(@2880)
  from x3: 0.03 0.02 0.03 0.03 0.03 0.03 0.03 0.03 0.03 0.03 0.03 0.03 0.03
  per-rule acc: 0.03 0.02
Epoch 3040 | Train: Loss=0.0046 Acc=100.0% | Test: Acc=2.8% | Best=2.8%(@2880)
  from x3: 0.03 0.03 0.03 0.03 0.03 0.03 0.03 0.03 0.03 0.03 0.03 0.03 0.03
  per-rule acc: 0.03 0.03
Epoch 3060 | Train: Loss=0.0057 Acc=100.0% | Test: Acc=2.5% | Best=2.8%(@2880)
  from x3: 0.03 0.03 0.02 0.02 0.02 0.02 0.02 0.02 0.02 0.02 0.02 0.02 0.03
  per-rule acc: 0.03 0.02
Epoch 3080 | Train: Loss=0.0081 Acc=99.9% | Test: Acc=2.7% | Best=2.8%(@2880)
  from x3: 0.03 0.03 0.03 0.03 0.03 0.03 0.03 0.03 0.03 0.03 0.03 0.03 0.03
  per-rule acc: 0.03 0.03
Epoch 3100 | Train: Loss=0.0051 Acc=100.0% | Test: Acc=2.7% | Best=2.8%(@2880)
  from x3: 0.03 0.03 0.03 0.03 0.03 0.03 0.03 0.03 0.03 0.03 0.03 0.03 0.03
  per-rule acc: 0.03 0.03
Epoch 3120 | Train: Loss=0.0061 Acc=100.0% | Test: Acc=2.6% | Best=2.8%(@2880)
  from x3: 0.03 0.03 0.03 0.03 0.03 0.03 0.03 0.03 0.03 0.03 0.03 0.03 0.03
  per-rule acc: 0.03 0.02
Epoch 3140 | Train: Loss=0.0038 Acc=100.0% | Test: Acc=2.9% | Best=2.9%(@3140)
  from x3: 0.03 0.03 0.03 0.03 0.03 0.03 0.03 0.03 0.03 0.03 0.03 0.03 0.03
  per-rule acc: 0.03 0.03
Epoch 3160 | Train: Loss=0.0061 Acc=100.0% | Test: Acc=2.8% | Best=2.9%(@3140)
  from x3: 0.03 0.03 0.03 0.03 0.03 0.03 0.03 0.03 0.03 0.03 0.03 0.03 0.03
  per-rule acc: 0.03 0.02
Epoch 3180 | Train: Loss=0.0041 Acc=100.0% | Test: Acc=2.7% | Best=2.9%(@3140)
  from x3: 0.03 0.03 0.03 0.03 0.03 0.03 0.03 0.03 0.03 0.03 0.03 0.03 0.03
  per-rule acc: 0.03 0.03
Epoch 3200 | Train: Loss=0.0055 Acc=100.0% | Test: Acc=3.0% | Best=3.0%(@3200)
  from x3: 0.03 0.03 0.03 0.03 0.03 0.03 0.03 0.03 0.03 0.03 0.03 0.03 0.03
  per-rule acc: 0.03 0.03
Epoch 3220 | Train: Loss=0.0107 Acc=99.9% | Test: Acc=2.8% | Best=3.0%(@3200)
  from x3: 0.03 0.03 0.03 0.03 0.03 0.03 0.03 0.03 0.03 0.03 0.03 0.03 0.03
  per-rule acc: 0.03 0.03
Epoch 3240 | Train: Loss=0.0036 Acc=100.0% | Test: Acc=3.0% | Best=3.0%(@3200)
  from x3: 0.03 0.03 0.03 0.03 0.03 0.03 0.03 0.03 0.03 0.03 0.03 0.03 0.03
  per-rule acc: 0.03 0.03
Epoch 3260 | Train: Loss=0.0032 Acc=100.0% | Test: Acc=2.9% | Best=3.0%(@3200)
  from x3: 0.03 0.03 0.03 0.03 0.03 0.03 0.03 0.03 0.03 0.03 0.03 0.03 0.03
  per-rule acc: 0.03 0.03
Epoch 3280 | Train: Loss=0.0031 Acc=100.0% | Test: Acc=2.9% | Best=3.0%(@3200)
  from x3: 0.03 0.03 0.03 0.03 0.03 0.03 0.03 0.03 0.03 0.03 0.03 0.03 0.03
  per-rule acc: 0.03 0.03
Epoch 3300 | Train: Loss=0.0031 Acc=100.0% | Test: Acc=2.9% | Best=3.0%(@3200)
  from x3: 0.03 0.03 0.03 0.03 0.03 0.03 0.03 0.03 0.03 0.03 0.03 0.03 0.03
  per-rule acc: 0.03 0.03
Epoch 3320 | Train: Loss=0.0032 Acc=100.0% | Test: Acc=2.9% | Best=3.0%(@3200)
  from x3: 0.03 0.03 0.03 0.03 0.03 0.03 0.03 0.03 0.03 0.03 0.03 0.03 0.03
  per-rule acc: 0.03 0.03
Epoch 3340 | Train: Loss=0.0032 Acc=100.0% | Test: Acc=2.9% | Best=3.0%(@3200)
  from x3: 0.03 0.03 0.03 0.03 0.03 0.03 0.03 0.03 0.03 0.03 0.03 0.03 0.03
  per-rule acc: 0.03 0.02
Epoch 3360 | Train: Loss=0.0045 Acc=100.0% | Test: Acc=2.9% | Best=3.0%(@3200)
  from x3: 0.03 0.03 0.03 0.03 0.03 0.03 0.03 0.03 0.03 0.03 0.03 0.03 0.03
  per-rule acc: 0.03 0.03
Epoch 3380 | Train: Loss=0.0097 Acc=99.9% | Test: Acc=3.0% | Best=3.0%(@3380)
  from x3: 0.03 0.03 0.03 0.03 0.03 0.03 0.03 0.03 0.03 0.03 0.03 0.03 0.03
  per-rule acc: 0.03 0.03
Epoch 3400 | Train: Loss=0.0089 Acc=100.0% | Test: Acc=3.0% | Best=3.0%(@3380)
  from x3: 0.03 0.03 0.03 0.03 0.03 0.03 0.03 0.03 0.03 0.03 0.03 0.03 0.03
  per-rule acc: 0.03 0.03
Epoch 3420 | Train: Loss=0.0030 Acc=100.0% | Test: Acc=3.0% | Best=3.0%(@3380)
  from x3: 0.03 0.03 0.03 0.03 0.03 0.03 0.03 0.03 0.03 0.03 0.03 0.03 0.03
  per-rule acc: 0.03 0.03
Epoch 3440 | Train: Loss=0.0047 Acc=100.0% | Test: Acc=3.2% | Best=3.2%(@3440)
  from x3: 0.03 0.03 0.03 0.03 0.03 0.03 0.03 0.03 0.03 0.03 0.03 0.03 0.03
  per-rule acc: 0.04 0.03
Epoch 3460 | Train: Loss=0.0048 Acc=100.0% | Test: Acc=2.9% | Best=3.2%(@3440)
  from x3: 0.03 0.03 0.03 0.03 0.03 0.03 0.03 0.03 0.03 0.03 0.03 0.03 0.03
  per-rule acc: 0.03 0.03
Epoch 3480 | Train: Loss=0.0052 Acc=100.0% | Test: Acc=3.1% | Best=3.2%(@3440)
  from x3: 0.03 0.03 0.03 0.03 0.03 0.03 0.03 0.03 0.03 0.03 0.03 0.03 0.03
  per-rule acc: 0.03 0.03
Epoch 3500 | Train: Loss=0.0033 Acc=100.0% | Test: Acc=3.1% | Best=3.2%(@3440)
  from x3: 0.03 0.03 0.03 0.03 0.03 0.03 0.03 0.03 0.03 0.03 0.03 0.03 0.03
  per-rule acc: 0.03 0.03
Epoch 3520 | Train: Loss=0.0032 Acc=100.0% | Test: Acc=3.1% | Best=3.2%(@3440)
  from x3: 0.03 0.03 0.03 0.03 0.03 0.03 0.03 0.03 0.03 0.03 0.03 0.03 0.03
  per-rule acc: 0.04 0.03
Epoch 3540 | Train: Loss=0.0026 Acc=100.0% | Test: Acc=3.1% | Best=3.2%(@3440)
  from x3: 0.03 0.03 0.03 0.03 0.03 0.03 0.03 0.03 0.03 0.03 0.03 0.03 0.03
  per-rule acc: 0.03 0.03
Epoch 3560 | Train: Loss=0.0034 Acc=100.0% | Test: Acc=3.1% | Best=3.2%(@3440)
  from x3: 0.03 0.03 0.03 0.03 0.03 0.03 0.03 0.03 0.03 0.03 0.03 0.03 0.03
  per-rule acc: 0.04 0.02
Epoch 3580 | Train: Loss=0.0040 Acc=100.0% | Test: Acc=3.0% | Best=3.2%(@3440)
  from x3: 0.03 0.03 0.03 0.03 0.03 0.03 0.03 0.03 0.03 0.03 0.03 0.03 0.03
  per-rule acc: 0.04 0.03
Epoch 3600 | Train: Loss=0.0072 Acc=100.0% | Test: Acc=3.2% | Best=3.2%(@3440)
  from x3: 0.03 0.03 0.03 0.03 0.03 0.03 0.03 0.03 0.03 0.03 0.03 0.03 0.03
  per-rule acc: 0.04 0.03
Epoch 3620 | Train: Loss=0.0029 Acc=100.0% | Test: Acc=3.0% | Best=3.2%(@3440)
  from x3: 0.03 0.03 0.03 0.03 0.03 0.03 0.03 0.03 0.03 0.03 0.03 0.03 0.03
  per-rule acc: 0.03 0.03
Epoch 3640 | Train: Loss=0.0062 Acc=100.0% | Test: Acc=3.3% | Best=3.3%(@3640)
  from x3: 0.03 0.03 0.03 0.03 0.03 0.03 0.03 0.03 0.03 0.03 0.03 0.03 0.03
  per-rule acc: 0.04 0.03
Epoch 3660 | Train: Loss=0.0033 Acc=100.0% | Test: Acc=3.3% | Best=3.3%(@3640)
  from x3: 0.03 0.03 0.03 0.03 0.03 0.03 0.03 0.03 0.03 0.03 0.03 0.03 0.03
  per-rule acc: 0.04 0.03
Epoch 3680 | Train: Loss=0.0057 Acc=100.0% | Test: Acc=3.2% | Best=3.3%(@3640)
  from x3: 0.03 0.03 0.03 0.03 0.03 0.03 0.03 0.03 0.03 0.03 0.03 0.03 0.03
  per-rule acc: 0.04 0.03
Epoch 3700 | Train: Loss=0.0037 Acc=100.0% | Test: Acc=3.3% | Best=3.3%(@3700)
  from x3: 0.03 0.03 0.03 0.03 0.03 0.03 0.03 0.03 0.03 0.03 0.03 0.03 0.03
  per-rule acc: 0.04 0.03
Epoch 3720 | Train: Loss=0.0049 Acc=100.0% | Test: Acc=3.0% | Best=3.3%(@3700)
  from x3: 0.03 0.03 0.03 0.03 0.03 0.03 0.03 0.03 0.03 0.03 0.03 0.03 0.03
  per-rule acc: 0.04 0.02
Epoch 3740 | Train: Loss=0.0056 Acc=100.0% | Test: Acc=3.1% | Best=3.3%(@3700)
  from x3: 0.03 0.03 0.03 0.03 0.03 0.03 0.03 0.03 0.03 0.03 0.03 0.03 0.03
  per-rule acc: 0.04 0.03
Epoch 3760 | Train: Loss=0.0056 Acc=100.0% | Test: Acc=2.9% | Best=3.3%(@3700)
  from x3: 0.03 0.03 0.03 0.03 0.03 0.03 0.03 0.03 0.03 0.03 0.03 0.03 0.03
  per-rule acc: 0.03 0.02
Epoch 3780 | Train: Loss=0.0038 Acc=100.0% | Test: Acc=3.2% | Best=3.3%(@3700)
  from x3: 0.03 0.03 0.03 0.03 0.03 0.03 0.03 0.03 0.03 0.03 0.03 0.03 0.03
  per-rule acc: 0.04 0.03
Epoch 3800 | Train: Loss=0.0040 Acc=100.0% | Test: Acc=3.4% | Best=3.4%(@3800)
  from x3: 0.03 0.03 0.03 0.03 0.03 0.03 0.03 0.03 0.03 0.03 0.03 0.03 0.03
  per-rule acc: 0.04 0.03
Epoch 3820 | Train: Loss=0.0025 Acc=100.0% | Test: Acc=3.4% | Best=3.4%(@3820)
  from x3: 0.03 0.03 0.03 0.03 0.03 0.03 0.03 0.03 0.03 0.03 0.04 0.04 0.04
  per-rule acc: 0.04 0.03
Epoch 3840 | Train: Loss=0.0037 Acc=100.0% | Test: Acc=3.4% | Best=3.4%(@3820)
  from x3: 0.03 0.03 0.03 0.03 0.03 0.03 0.03 0.03 0.03 0.03 0.03 0.03 0.03
  per-rule acc: 0.04 0.03
Epoch 3860 | Train: Loss=0.0053 Acc=100.0% | Test: Acc=3.2% | Best=3.4%(@3820)
  from x3: 0.03 0.03 0.03 0.03 0.03 0.03 0.03 0.03 0.03 0.03 0.03 0.03 0.03
  per-rule acc: 0.04 0.03
Epoch 3880 | Train: Loss=0.0041 Acc=100.0% | Test: Acc=3.1% | Best=3.4%(@3820)
  from x3: 0.03 0.03 0.03 0.03 0.03 0.03 0.03 0.03 0.03 0.03 0.03 0.03 0.03
  per-rule acc: 0.04 0.02
Epoch 3900 | Train: Loss=0.0031 Acc=100.0% | Test: Acc=3.6% | Best=3.6%(@3900)
  from x3: 0.04 0.04 0.04 0.04 0.04 0.04 0.04 0.04 0.04 0.04 0.04 0.04 0.04
  per-rule acc: 0.04 0.03
Epoch 3920 | Train: Loss=0.0119 Acc=99.9% | Test: Acc=3.0% | Best=3.6%(@3900)
  from x3: 0.03 0.03 0.03 0.03 0.03 0.03 0.03 0.03 0.03 0.03 0.03 0.03 0.03
  per-rule acc: 0.03 0.03
Epoch 3940 | Train: Loss=0.0037 Acc=100.0% | Test: Acc=3.3% | Best=3.6%(@3900)
  from x3: 0.03 0.03 0.03 0.03 0.03 0.03 0.03 0.03 0.03 0.03 0.03 0.03 0.03
  per-rule acc: 0.04 0.03
Epoch 3960 | Train: Loss=0.0050 Acc=100.0% | Test: Acc=3.4% | Best=3.6%(@3900)
  from x3: 0.03 0.03 0.03 0.03 0.03 0.03 0.03 0.03 0.03 0.03 0.03 0.03 0.03
  per-rule acc: 0.04 0.03
Epoch 3980 | Train: Loss=0.0066 Acc=100.0% | Test: Acc=3.7% | Best=3.7%(@3980)
  from x3: 0.04 0.04 0.04 0.04 0.04 0.04 0.04 0.04 0.04 0.04 0.04 0.04 0.04
  per-rule acc: 0.04 0.03
Epoch 4000 | Train: Loss=0.0041 Acc=100.0% | Test: Acc=3.2% | Best=3.7%(@3980)
  from x3: 0.03 0.03 0.03 0.03 0.03 0.03 0.03 0.03 0.03 0.03 0.03 0.03 0.03
  per-rule acc: 0.04 0.03
Epoch 4020 | Train: Loss=0.0072 Acc=100.0% | Test: Acc=3.4% | Best=3.7%(@3980)
  from x3: 0.03 0.03 0.03 0.03 0.03 0.03 0.03 0.03 0.03 0.03 0.03 0.03 0.03
  per-rule acc: 0.04 0.03
Epoch 4040 | Train: Loss=0.0036 Acc=100.0% | Test: Acc=3.6% | Best=3.7%(@3980)
  from x3: 0.04 0.04 0.04 0.04 0.04 0.04 0.04 0.04 0.04 0.04 0.04 0.04 0.04
  per-rule acc: 0.04 0.03
Epoch 4060 | Train: Loss=0.0039 Acc=100.0% | Test: Acc=3.7% | Best=3.7%(@3980)
  from x3: 0.04 0.04 0.04 0.04 0.04 0.04 0.04 0.04 0.04 0.04 0.04 0.04 0.04
  per-rule acc: 0.05 0.03
Epoch 4080 | Train: Loss=0.0037 Acc=100.0% | Test: Acc=3.6% | Best=3.7%(@3980)
  from x3: 0.04 0.04 0.04 0.04 0.04 0.04 0.04 0.04 0.04 0.04 0.04 0.04 0.04
  per-rule acc: 0.04 0.03
Epoch 4100 | Train: Loss=0.0072 Acc=100.0% | Test: Acc=3.4% | Best=3.7%(@3980)
  from x3: 0.04 0.04 0.03 0.03 0.03 0.03 0.03 0.03 0.03 0.03 0.03 0.03 0.03
  per-rule acc: 0.04 0.03
Epoch 4120 | Train: Loss=0.0040 Acc=100.0% | Test: Acc=3.6% | Best=3.7%(@3980)
  from x3: 0.04 0.04 0.04 0.04 0.04 0.04 0.04 0.04 0.04 0.04 0.04 0.04 0.04
  per-rule acc: 0.04 0.03
Epoch 4140 | Train: Loss=0.0041 Acc=100.0% | Test: Acc=3.8% | Best=3.8%(@4140)
  from x3: 0.04 0.04 0.04 0.04 0.04 0.04 0.04 0.04 0.04 0.04 0.04 0.04 0.04
  per-rule acc: 0.04 0.03
Epoch 4160 | Train: Loss=0.0032 Acc=100.0% | Test: Acc=3.8% | Best=3.8%(@4160)
  from x3: 0.04 0.04 0.04 0.04 0.04 0.04 0.04 0.04 0.04 0.04 0.04 0.04 0.04
  per-rule acc: 0.04 0.03
Epoch 4180 | Train: Loss=0.0031 Acc=100.0% | Test: Acc=3.6% | Best=3.8%(@4160)
  from x3: 0.04 0.04 0.04 0.04 0.04 0.04 0.04 0.04 0.04 0.04 0.04 0.04 0.04
  per-rule acc: 0.04 0.03
Epoch 4200 | Train: Loss=0.0041 Acc=100.0% | Test: Acc=3.7% | Best=3.8%(@4160)
  from x3: 0.04 0.04 0.04 0.04 0.04 0.04 0.04 0.04 0.04 0.04 0.04 0.04 0.04
  per-rule acc: 0.04 0.03
Epoch 4220 | Train: Loss=0.0036 Acc=100.0% | Test: Acc=3.7% | Best=3.8%(@4160)
  from x3: 0.04 0.04 0.04 0.04 0.04 0.04 0.04 0.04 0.04 0.04 0.04 0.04 0.04
  per-rule acc: 0.04 0.03
Epoch 4240 | Train: Loss=0.0061 Acc=100.0% | Test: Acc=3.5% | Best=3.8%(@4160)
  from x3: 0.03 0.03 0.03 0.04 0.04 0.04 0.04 0.04 0.04 0.04 0.04 0.03 0.03
  per-rule acc: 0.04 0.03
Epoch 4260 | Train: Loss=0.0033 Acc=100.0% | Test: Acc=3.9% | Best=3.9%(@4260)
  from x3: 0.04 0.04 0.04 0.04 0.04 0.04 0.04 0.04 0.04 0.04 0.04 0.04 0.04
  per-rule acc: 0.05 0.03
Epoch 4280 | Train: Loss=0.0042 Acc=100.0% | Test: Acc=3.9% | Best=3.9%(@4260)
  from x3: 0.04 0.04 0.04 0.04 0.04 0.04 0.04 0.04 0.04 0.04 0.04 0.04 0.04
  per-rule acc: 0.05 0.03
Epoch 4300 | Train: Loss=0.0038 Acc=100.0% | Test: Acc=3.9% | Best=3.9%(@4260)
  from x3: 0.04 0.04 0.04 0.04 0.04 0.04 0.04 0.04 0.04 0.04 0.04 0.04 0.04
  per-rule acc: 0.05 0.03
Epoch 4320 | Train: Loss=0.0041 Acc=100.0% | Test: Acc=3.8% | Best=3.9%(@4260)
  from x3: 0.04 0.04 0.04 0.04 0.04 0.04 0.04 0.04 0.04 0.04 0.04 0.04 0.04
  per-rule acc: 0.04 0.03
Epoch 4340 | Train: Loss=0.0027 Acc=100.0% | Test: Acc=4.0% | Best=4.0%(@4340)
  from x3: 0.04 0.04 0.04 0.04 0.04 0.04 0.04 0.04 0.04 0.04 0.04 0.04 0.04
  per-rule acc: 0.05 0.04
Epoch 4360 | Train: Loss=0.0078 Acc=100.0% | Test: Acc=3.8% | Best=4.0%(@4340)
  from x3: 0.04 0.04 0.04 0.04 0.04 0.04 0.04 0.04 0.04 0.04 0.04 0.04 0.04
  per-rule acc: 0.04 0.03
Epoch 4380 | Train: Loss=0.0031 Acc=100.0% | Test: Acc=3.8% | Best=4.0%(@4340)
  from x3: 0.04 0.04 0.04 0.04 0.04 0.04 0.04 0.04 0.04 0.04 0.04 0.04 0.04
  per-rule acc: 0.04 0.03
Epoch 4400 | Train: Loss=0.0061 Acc=100.0% | Test: Acc=3.7% | Best=4.0%(@4340)
  from x3: 0.03 0.04 0.04 0.04 0.04 0.04 0.04 0.04 0.04 0.04 0.04 0.04 0.04
  per-rule acc: 0.04 0.03
Epoch 4420 | Train: Loss=0.0038 Acc=100.0% | Test: Acc=4.0% | Best=4.0%(@4340)
  from x3: 0.04 0.04 0.04 0.04 0.04 0.04 0.04 0.04 0.04 0.04 0.04 0.04 0.04
  per-rule acc: 0.04 0.04
Epoch 4440 | Train: Loss=0.0034 Acc=100.0% | Test: Acc=3.9% | Best=4.0%(@4340)
  from x3: 0.04 0.04 0.04 0.04 0.04 0.04 0.04 0.04 0.04 0.04 0.04 0.04 0.04
  per-rule acc: 0.05 0.03
Epoch 4460 | Train: Loss=0.0030 Acc=100.0% | Test: Acc=4.1% | Best=4.1%(@4460)
  from x3: 0.04 0.04 0.04 0.04 0.04 0.04 0.04 0.04 0.04 0.04 0.04 0.04 0.04
  per-rule acc: 0.04 0.04
Epoch 4480 | Train: Loss=0.0029 Acc=100.0% | Test: Acc=4.1% | Best=4.1%(@4480)
  from x3: 0.04 0.04 0.04 0.04 0.04 0.04 0.04 0.04 0.04 0.04 0.04 0.04 0.04
  per-rule acc: 0.05 0.04
Epoch 4500 | Train: Loss=0.0028 Acc=100.0% | Test: Acc=4.2% | Best=4.2%(@4500)
  from x3: 0.04 0.04 0.04 0.04 0.04 0.04 0.04 0.04 0.04 0.04 0.04 0.04 0.04
  per-rule acc: 0.05 0.04
Epoch 4520 | Train: Loss=0.0029 Acc=100.0% | Test: Acc=4.0% | Best=4.2%(@4500)
  from x3: 0.04 0.04 0.04 0.04 0.04 0.04 0.04 0.04 0.04 0.04 0.04 0.04 0.04
  per-rule acc: 0.05 0.03
Epoch 4540 | Train: Loss=0.0045 Acc=100.0% | Test: Acc=4.0% | Best=4.2%(@4500)
  from x3: 0.04 0.04 0.04 0.04 0.04 0.04 0.04 0.04 0.04 0.04 0.04 0.04 0.04
  per-rule acc: 0.04 0.04
Epoch 4560 | Train: Loss=0.0022 Acc=100.0% | Test: Acc=4.3% | Best=4.3%(@4560)
  from x3: 0.04 0.04 0.04 0.04 0.04 0.04 0.04 0.04 0.04 0.04 0.04 0.04 0.04
  per-rule acc: 0.05 0.04
Epoch 4580 | Train: Loss=0.0030 Acc=100.0% | Test: Acc=4.2% | Best=4.3%(@4560)
  from x3: 0.04 0.04 0.04 0.04 0.04 0.04 0.04 0.04 0.04 0.04 0.04 0.04 0.04
  per-rule acc: 0.05 0.04
Epoch 4600 | Train: Loss=0.0032 Acc=100.0% | Test: Acc=4.3% | Best=4.3%(@4560)
  from x3: 0.04 0.04 0.04 0.04 0.04 0.04 0.04 0.04 0.04 0.04 0.04 0.04 0.04
  per-rule acc: 0.05 0.04
Epoch 4620 | Train: Loss=0.0026 Acc=100.0% | Test: Acc=4.2% | Best=4.3%(@4560)
  from x3: 0.04 0.04 0.04 0.04 0.04 0.04 0.04 0.04 0.04 0.04 0.04 0.04 0.04
  per-rule acc: 0.05 0.04
Epoch 4640 | Train: Loss=0.0034 Acc=100.0% | Test: Acc=4.1% | Best=4.3%(@4560)
  from x3: 0.04 0.04 0.04 0.04 0.04 0.04 0.04 0.04 0.04 0.04 0.04 0.04 0.04
  per-rule acc: 0.04 0.04
Epoch 4660 | Train: Loss=0.0025 Acc=100.0% | Test: Acc=4.4% | Best=4.4%(@4660)
  from x3: 0.04 0.04 0.04 0.04 0.04 0.04 0.04 0.04 0.04 0.04 0.04 0.04 0.04
  per-rule acc: 0.05 0.04
Epoch 4680 | Train: Loss=0.0031 Acc=100.0% | Test: Acc=4.6% | Best=4.6%(@4680)
  from x3: 0.04 0.04 0.05 0.05 0.05 0.05 0.05 0.05 0.05 0.05 0.05 0.05 0.05
  per-rule acc: 0.05 0.04
Epoch 4700 | Train: Loss=0.0032 Acc=100.0% | Test: Acc=4.6% | Best=4.6%(@4700)
  from x3: 0.04 0.04 0.05 0.05 0.05 0.05 0.05 0.05 0.05 0.05 0.05 0.05 0.05
  per-rule acc: 0.05 0.04
Epoch 4720 | Train: Loss=0.0030 Acc=100.0% | Test: Acc=4.6% | Best=4.6%(@4700)
  from x3: 0.04 0.04 0.04 0.05 0.05 0.05 0.05 0.05 0.05 0.05 0.05 0.05 0.05
  per-rule acc: 0.05 0.04
Epoch 4740 | Train: Loss=0.0029 Acc=100.0% | Test: Acc=4.7% | Best=4.7%(@4740)
  from x3: 0.05 0.05 0.05 0.05 0.05 0.05 0.05 0.05 0.05 0.05 0.05 0.05 0.05
  per-rule acc: 0.05 0.04
Epoch 4760 | Train: Loss=0.0028 Acc=100.0% | Test: Acc=5.0% | Best=5.0%(@4760)
  from x3: 0.05 0.05 0.05 0.05 0.05 0.05 0.05 0.05 0.05 0.05 0.05 0.05 0.05
  per-rule acc: 0.06 0.04
Epoch 4780 | Train: Loss=0.0055 Acc=100.0% | Test: Acc=4.4% | Best=5.0%(@4760)
  from x3: 0.04 0.04 0.04 0.04 0.04 0.04 0.04 0.04 0.04 0.04 0.04 0.04 0.04
  per-rule acc: 0.05 0.04
Epoch 4800 | Train: Loss=0.0030 Acc=100.0% | Test: Acc=4.8% | Best=5.0%(@4760)
  from x3: 0.05 0.05 0.05 0.05 0.05 0.05 0.05 0.05 0.05 0.05 0.05 0.05 0.05
  per-rule acc: 0.05 0.04
Epoch 4820 | Train: Loss=0.0038 Acc=100.0% | Test: Acc=4.5% | Best=5.0%(@4760)
  from x3: 0.05 0.05 0.04 0.04 0.05 0.05 0.05 0.05 0.04 0.04 0.04 0.04 0.04
  per-rule acc: 0.05 0.04
Epoch 4840 | Train: Loss=0.0043 Acc=100.0% | Test: Acc=4.7% | Best=5.0%(@4760)
  from x3: 0.05 0.05 0.05 0.05 0.05 0.05 0.05 0.05 0.05 0.05 0.05 0.05 0.05
  per-rule acc: 0.05 0.04
Epoch 4860 | Train: Loss=0.0039 Acc=100.0% | Test: Acc=4.7% | Best=5.0%(@4760)
  from x3: 0.04 0.05 0.05 0.05 0.05 0.05 0.05 0.05 0.05 0.05 0.05 0.05 0.05
  per-rule acc: 0.05 0.04
Epoch 4880 | Train: Loss=0.0033 Acc=100.0% | Test: Acc=4.9% | Best=5.0%(@4760)
  from x3: 0.05 0.05 0.05 0.05 0.05 0.05 0.05 0.05 0.05 0.05 0.05 0.05 0.05
  per-rule acc: 0.06 0.04
Epoch 4900 | Train: Loss=0.0025 Acc=100.0% | Test: Acc=5.0% | Best=5.0%(@4900)
  from x3: 0.05 0.05 0.05 0.05 0.05 0.05 0.05 0.05 0.05 0.05 0.05 0.05 0.05
  per-rule acc: 0.06 0.04
Epoch 4920 | Train: Loss=0.0058 Acc=100.0% | Test: Acc=4.8% | Best=5.0%(@4900)
  from x3: 0.04 0.05 0.05 0.05 0.05 0.05 0.05 0.05 0.05 0.05 0.05 0.05 0.05
  per-rule acc: 0.05 0.04
Epoch 4940 | Train: Loss=0.0030 Acc=100.0% | Test: Acc=5.0% | Best=5.0%(@4940)
  from x3: 0.05 0.05 0.05 0.05 0.05 0.05 0.05 0.05 0.05 0.05 0.05 0.05 0.05
  per-rule acc: 0.06 0.04
Epoch 4960 | Train: Loss=0.0025 Acc=100.0% | Test: Acc=4.9% | Best=5.0%(@4940)
  from x3: 0.05 0.05 0.05 0.05 0.05 0.05 0.05 0.05 0.05 0.05 0.05 0.05 0.05
  per-rule acc: 0.05 0.04
Epoch 4980 | Train: Loss=0.0029 Acc=100.0% | Test: Acc=4.9% | Best=5.0%(@4940)
  from x3: 0.05 0.05 0.05 0.05 0.05 0.05 0.05 0.05 0.05 0.05 0.05 0.05 0.05
  per-rule acc: 0.05 0.05
Epoch 5000 | Train: Loss=0.0037 Acc=100.0% | Test: Acc=4.9% | Best=5.0%(@4940)
  from x3: 0.05 0.05 0.05 0.05 0.05 0.05 0.05 0.05 0.05 0.05 0.05 0.05 0.05
  per-rule acc: 0.05 0.05
Epoch 5020 | Train: Loss=0.0024 Acc=100.0% | Test: Acc=5.3% | Best=5.3%(@5020)
  from x3: 0.05 0.05 0.05 0.05 0.05 0.05 0.05 0.05 0.05 0.05 0.05 0.05 0.05
  per-rule acc: 0.06 0.05
Epoch 5040 | Train: Loss=0.0027 Acc=100.0% | Test: Acc=5.0% | Best=5.3%(@5020)
  from x3: 0.05 0.05 0.05 0.05 0.05 0.05 0.05 0.05 0.05 0.05 0.05 0.05 0.05
  per-rule acc: 0.06 0.05
Epoch 5060 | Train: Loss=0.0023 Acc=100.0% | Test: Acc=5.3% | Best=5.3%(@5060)
  from x3: 0.05 0.05 0.05 0.05 0.05 0.05 0.05 0.05 0.05 0.05 0.05 0.05 0.05
  per-rule acc: 0.06 0.05
Epoch 5080 | Train: Loss=0.0030 Acc=100.0% | Test: Acc=4.8% | Best=5.3%(@5060)
  from x3: 0.05 0.05 0.05 0.05 0.05 0.05 0.05 0.05 0.05 0.05 0.05 0.05 0.05
  per-rule acc: 0.05 0.04
Epoch 5100 | Train: Loss=0.0035 Acc=100.0% | Test: Acc=4.8% | Best=5.3%(@5060)
  from x3: 0.05 0.05 0.05 0.05 0.05 0.05 0.05 0.05 0.05 0.05 0.05 0.05 0.05
  per-rule acc: 0.05 0.05
Epoch 5120 | Train: Loss=0.0031 Acc=100.0% | Test: Acc=5.1% | Best=5.3%(@5060)
  from x3: 0.05 0.05 0.05 0.05 0.05 0.05 0.05 0.05 0.05 0.05 0.05 0.05 0.05
  per-rule acc: 0.06 0.05
Epoch 5140 | Train: Loss=0.0019 Acc=100.0% | Test: Acc=5.2% | Best=5.3%(@5060)
  from x3: 0.05 0.05 0.05 0.05 0.05 0.05 0.05 0.05 0.05 0.05 0.05 0.05 0.05
  per-rule acc: 0.06 0.05
Epoch 5160 | Train: Loss=0.0023 Acc=100.0% | Test: Acc=5.3% | Best=5.3%(@5160)
  from x3: 0.05 0.05 0.05 0.05 0.05 0.05 0.05 0.05 0.05 0.05 0.05 0.05 0.05
  per-rule acc: 0.06 0.05
Epoch 5180 | Train: Loss=0.0021 Acc=100.0% | Test: Acc=5.3% | Best=5.3%(@5160)
  from x3: 0.05 0.05 0.05 0.05 0.05 0.05 0.05 0.05 0.05 0.05 0.05 0.05 0.05
  per-rule acc: 0.06 0.05
Epoch 5200 | Train: Loss=0.0030 Acc=100.0% | Test: Acc=5.0% | Best=5.3%(@5160)
  from x3: 0.05 0.05 0.05 0.05 0.05 0.05 0.05 0.05 0.05 0.05 0.05 0.05 0.05
  per-rule acc: 0.06 0.04
Epoch 5220 | Train: Loss=0.0027 Acc=100.0% | Test: Acc=5.1% | Best=5.3%(@5160)
  from x3: 0.05 0.05 0.05 0.05 0.05 0.05 0.05 0.05 0.05 0.05 0.05 0.05 0.05
  per-rule acc: 0.06 0.05
Epoch 5240 | Train: Loss=0.0026 Acc=100.0% | Test: Acc=5.6% | Best=5.6%(@5240)
  from x3: 0.05 0.06 0.06 0.06 0.06 0.06 0.06 0.06 0.06 0.06 0.06 0.06 0.06
  per-rule acc: 0.06 0.05
Epoch 5260 | Train: Loss=0.0021 Acc=100.0% | Test: Acc=5.8% | Best=5.8%(@5260)
  from x3: 0.05 0.06 0.06 0.06 0.06 0.06 0.06 0.06 0.06 0.06 0.06 0.06 0.06
  per-rule acc: 0.07 0.05
Epoch 5280 | Train: Loss=0.0029 Acc=100.0% | Test: Acc=5.8% | Best=5.8%(@5280)
  from x3: 0.05 0.06 0.06 0.06 0.06 0.06 0.06 0.06 0.06 0.06 0.06 0.06 0.06
  per-rule acc: 0.06 0.05
Epoch 5300 | Train: Loss=0.0024 Acc=100.0% | Test: Acc=5.5% | Best=5.8%(@5280)
  from x3: 0.05 0.05 0.05 0.05 0.05 0.05 0.05 0.05 0.05 0.06 0.06 0.06 0.06
  per-rule acc: 0.06 0.05
Epoch 5320 | Train: Loss=0.0022 Acc=100.0% | Test: Acc=5.9% | Best=5.9%(@5320)
  from x3: 0.06 0.06 0.06 0.06 0.06 0.06 0.06 0.06 0.06 0.06 0.06 0.06 0.06
  per-rule acc: 0.06 0.06
Epoch 5340 | Train: Loss=0.0023 Acc=100.0% | Test: Acc=5.7% | Best=5.9%(@5320)
  from x3: 0.05 0.06 0.06 0.06 0.06 0.06 0.06 0.06 0.06 0.06 0.06 0.06 0.06
  per-rule acc: 0.06 0.05
Epoch 5360 | Train: Loss=0.0022 Acc=100.0% | Test: Acc=5.9% | Best=5.9%(@5360)
  from x3: 0.05 0.06 0.06 0.06 0.06 0.06 0.06 0.06 0.06 0.06 0.06 0.06 0.06
  per-rule acc: 0.07 0.05
Epoch 5380 | Train: Loss=0.0051 Acc=99.9% | Test: Acc=5.5% | Best=5.9%(@5360)
  from x3: 0.05 0.05 0.05 0.05 0.05 0.05 0.05 0.05 0.05 0.05 0.05 0.05 0.05
  per-rule acc: 0.06 0.05
Epoch 5400 | Train: Loss=0.0024 Acc=100.0% | Test: Acc=5.9% | Best=5.9%(@5400)
  from x3: 0.06 0.06 0.06 0.06 0.06 0.06 0.06 0.06 0.06 0.06 0.06 0.06 0.06
  per-rule acc: 0.06 0.05
Epoch 5420 | Train: Loss=0.0024 Acc=100.0% | Test: Acc=5.9% | Best=5.9%(@5400)
  from x3: 0.06 0.06 0.06 0.06 0.06 0.06 0.06 0.06 0.06 0.06 0.06 0.06 0.06
  per-rule acc: 0.06 0.05
Epoch 5440 | Train: Loss=0.0024 Acc=100.0% | Test: Acc=6.2% | Best=6.2%(@5440)
  from x3: 0.06 0.06 0.06 0.06 0.06 0.06 0.06 0.06 0.06 0.06 0.06 0.06 0.06
  per-rule acc: 0.07 0.05
Epoch 5460 | Train: Loss=0.0058 Acc=100.0% | Test: Acc=5.7% | Best=6.2%(@5440)
  from x3: 0.05 0.06 0.06 0.06 0.06 0.06 0.06 0.06 0.06 0.06 0.06 0.06 0.06
  per-rule acc: 0.06 0.06
Epoch 5480 | Train: Loss=0.0023 Acc=100.0% | Test: Acc=6.1% | Best=6.2%(@5440)
  from x3: 0.06 0.06 0.06 0.06 0.06 0.06 0.06 0.06 0.06 0.06 0.06 0.06 0.06
  per-rule acc: 0.06 0.06
Epoch 5500 | Train: Loss=0.0029 Acc=100.0% | Test: Acc=6.1% | Best=6.2%(@5440)
  from x3: 0.06 0.06 0.06 0.06 0.06 0.06 0.06 0.06 0.06 0.06 0.06 0.06 0.06
  per-rule acc: 0.06 0.06
Epoch 5520 | Train: Loss=0.0033 Acc=100.0% | Test: Acc=5.7% | Best=6.2%(@5440)
  from x3: 0.06 0.06 0.06 0.06 0.06 0.06 0.06 0.06 0.06 0.06 0.06 0.06 0.06
  per-rule acc: 0.06 0.06
Epoch 5540 | Train: Loss=0.0020 Acc=100.0% | Test: Acc=6.3% | Best=6.3%(@5540)
  from x3: 0.06 0.06 0.06 0.06 0.06 0.06 0.06 0.06 0.06 0.06 0.06 0.06 0.06
  per-rule acc: 0.07 0.06
Epoch 5560 | Train: Loss=0.0024 Acc=100.0% | Test: Acc=6.3% | Best=6.3%(@5540)
  from x3: 0.06 0.06 0.06 0.06 0.06 0.06 0.06 0.06 0.06 0.06 0.06 0.06 0.06
  per-rule acc: 0.07 0.06
Epoch 5580 | Train: Loss=0.0089 Acc=100.0% | Test: Acc=5.6% | Best=6.3%(@5540)
  from x3: 0.05 0.05 0.06 0.06 0.06 0.06 0.06 0.06 0.06 0.06 0.06 0.06 0.06
  per-rule acc: 0.05 0.06
Epoch 5600 | Train: Loss=0.0023 Acc=100.0% | Test: Acc=6.4% | Best=6.4%(@5600)
  from x3: 0.06 0.06 0.06 0.06 0.06 0.06 0.06 0.06 0.06 0.06 0.06 0.06 0.07
  per-rule acc: 0.07 0.06
Epoch 5620 | Train: Loss=0.0039 Acc=100.0% | Test: Acc=6.1% | Best=6.4%(@5600)
  from x3: 0.06 0.06 0.06 0.06 0.06 0.06 0.06 0.06 0.06 0.06 0.06 0.06 0.06
  per-rule acc: 0.07 0.06
Epoch 5640 | Train: Loss=0.0031 Acc=100.0% | Test: Acc=6.5% | Best=6.5%(@5640)
  from x3: 0.06 0.06 0.07 0.07 0.06 0.06 0.06 0.06 0.07 0.06 0.06 0.07 0.07
  per-rule acc: 0.07 0.06
Epoch 5660 | Train: Loss=0.0021 Acc=100.0% | Test: Acc=6.5% | Best=6.5%(@5660)
  from x3: 0.06 0.07 0.07 0.07 0.07 0.07 0.07 0.07 0.07 0.06 0.06 0.07 0.07
  per-rule acc: 0.07 0.06
Epoch 5680 | Train: Loss=0.0031 Acc=100.0% | Test: Acc=6.5% | Best=6.5%(@5660)
  from x3: 0.06 0.06 0.07 0.06 0.06 0.06 0.06 0.07 0.06 0.07 0.07 0.07 0.07
  per-rule acc: 0.07 0.06
Epoch 5700 | Train: Loss=0.0021 Acc=100.0% | Test: Acc=6.7% | Best=6.7%(@5700)
  from x3: 0.07 0.07 0.07 0.07 0.07 0.07 0.07 0.07 0.07 0.07 0.07 0.07 0.07
  per-rule acc: 0.07 0.06
Epoch 5720 | Train: Loss=0.0021 Acc=100.0% | Test: Acc=6.9% | Best=6.9%(@5720)
  from x3: 0.07 0.07 0.07 0.07 0.07 0.07 0.07 0.07 0.07 0.07 0.07 0.07 0.07
  per-rule acc: 0.08 0.06
Epoch 5740 | Train: Loss=0.0024 Acc=100.0% | Test: Acc=6.6% | Best=6.9%(@5720)
  from x3: 0.07 0.07 0.07 0.07 0.07 0.07 0.07 0.07 0.07 0.07 0.07 0.07 0.07
  per-rule acc: 0.07 0.06
Epoch 5760 | Train: Loss=0.0020 Acc=100.0% | Test: Acc=6.9% | Best=6.9%(@5760)
  from x3: 0.07 0.07 0.07 0.07 0.07 0.07 0.07 0.07 0.07 0.07 0.07 0.07 0.07
  per-rule acc: 0.08 0.06
Epoch 5780 | Train: Loss=0.0022 Acc=100.0% | Test: Acc=7.0% | Best=7.0%(@5780)
  from x3: 0.07 0.07 0.07 0.07 0.07 0.07 0.07 0.07 0.07 0.07 0.07 0.07 0.07
  per-rule acc: 0.08 0.06
Epoch 5800 | Train: Loss=0.0025 Acc=100.0% | Test: Acc=6.9% | Best=7.0%(@5780)
  from x3: 0.07 0.07 0.07 0.07 0.07 0.07 0.07 0.07 0.07 0.07 0.07 0.07 0.07
  per-rule acc: 0.07 0.07
Epoch 5820 | Train: Loss=0.0035 Acc=100.0% | Test: Acc=6.6% | Best=7.0%(@5780)
  from x3: 0.07 0.07 0.07 0.07 0.07 0.07 0.07 0.07 0.07 0.07 0.07 0.07 0.07
  per-rule acc: 0.07 0.06
Epoch 5840 | Train: Loss=0.0045 Acc=100.0% | Test: Acc=6.7% | Best=7.0%(@5780)
  from x3: 0.07 0.07 0.07 0.07 0.07 0.07 0.07 0.07 0.07 0.07 0.07 0.07 0.07
  per-rule acc: 0.07 0.07
Epoch 5860 | Train: Loss=0.0018 Acc=100.0% | Test: Acc=7.1% | Best=7.1%(@5860)
  from x3: 0.07 0.07 0.07 0.07 0.07 0.07 0.07 0.07 0.07 0.07 0.07 0.07 0.07
  per-rule acc: 0.08 0.07
Epoch 5880 | Train: Loss=0.0021 Acc=100.0% | Test: Acc=7.4% | Best=7.4%(@5880)
  from x3: 0.07 0.07 0.07 0.07 0.07 0.07 0.07 0.07 0.07 0.07 0.07 0.07 0.07
  per-rule acc: 0.08 0.07
Epoch 5900 | Train: Loss=0.0023 Acc=100.0% | Test: Acc=7.2% | Best=7.4%(@5880)
  from x3: 0.07 0.07 0.07 0.07 0.07 0.07 0.07 0.07 0.07 0.07 0.07 0.07 0.07
  per-rule acc: 0.08 0.06
Epoch 5920 | Train: Loss=0.0018 Acc=100.0% | Test: Acc=7.4% | Best=7.4%(@5920)
  from x3: 0.07 0.07 0.07 0.07 0.07 0.07 0.07 0.07 0.08 0.07 0.08 0.08 0.08
  per-rule acc: 0.08 0.07
Epoch 5940 | Train: Loss=0.0016 Acc=100.0% | Test: Acc=7.3% | Best=7.4%(@5920)
  from x3: 0.07 0.07 0.07 0.07 0.07 0.07 0.07 0.07 0.07 0.07 0.07 0.07 0.07
  per-rule acc: 0.08 0.07
Epoch 5960 | Train: Loss=0.0018 Acc=100.0% | Test: Acc=7.3% | Best=7.4%(@5920)
  from x3: 0.07 0.07 0.07 0.07 0.07 0.07 0.07 0.07 0.07 0.07 0.07 0.07 0.07
  per-rule acc: 0.08 0.06
Epoch 5980 | Train: Loss=0.0020 Acc=100.0% | Test: Acc=7.2% | Best=7.4%(@5920)
  from x3: 0.07 0.07 0.07 0.07 0.07 0.07 0.07 0.07 0.07 0.07 0.07 0.07 0.07
  per-rule acc: 0.08 0.06
Epoch 6000 | Train: Loss=0.0040 Acc=100.0% | Test: Acc=7.3% | Best=7.4%(@5920)
  from x3: 0.07 0.07 0.07 0.07 0.07 0.07 0.07 0.07 0.07 0.07 0.07 0.07 0.07
  per-rule acc: 0.08 0.07
Epoch 6020 | Train: Loss=0.0028 Acc=100.0% | Test: Acc=7.3% | Best=7.4%(@5920)
  from x3: 0.07 0.07 0.07 0.07 0.07 0.07 0.07 0.07 0.07 0.07 0.08 0.08 0.07
  per-rule acc: 0.08 0.07
Epoch 6040 | Train: Loss=0.0026 Acc=100.0% | Test: Acc=7.8% | Best=7.8%(@6040)
  from x3: 0.08 0.08 0.08 0.08 0.08 0.08 0.08 0.08 0.08 0.08 0.08 0.08 0.08
  per-rule acc: 0.09 0.07
Epoch 6060 | Train: Loss=0.0019 Acc=100.0% | Test: Acc=7.6% | Best=7.8%(@6040)
  from x3: 0.08 0.08 0.08 0.08 0.08 0.08 0.08 0.08 0.08 0.08 0.07 0.08 0.08
  per-rule acc: 0.08 0.07
Epoch 6080 | Train: Loss=0.0022 Acc=100.0% | Test: Acc=7.8% | Best=7.8%(@6040)
  from x3: 0.08 0.08 0.08 0.08 0.08 0.08 0.08 0.08 0.08 0.08 0.08 0.08 0.08
  per-rule acc: 0.09 0.07
Epoch 6100 | Train: Loss=0.0029 Acc=100.0% | Test: Acc=7.6% | Best=7.8%(@6040)
  from x3: 0.07 0.08 0.07 0.08 0.08 0.08 0.08 0.08 0.08 0.08 0.08 0.08 0.08
  per-rule acc: 0.08 0.07
Epoch 6120 | Train: Loss=0.0020 Acc=100.0% | Test: Acc=7.9% | Best=7.9%(@6120)
  from x3: 0.08 0.08 0.08 0.08 0.08 0.08 0.08 0.08 0.08 0.08 0.08 0.08 0.08
  per-rule acc: 0.09 0.07
Epoch 6140 | Train: Loss=0.0029 Acc=100.0% | Test: Acc=7.7% | Best=7.9%(@6120)
  from x3: 0.07 0.08 0.08 0.08 0.08 0.08 0.08 0.08 0.08 0.08 0.08 0.08 0.08
  per-rule acc: 0.09 0.07
Epoch 6160 | Train: Loss=0.0019 Acc=100.0% | Test: Acc=7.9% | Best=7.9%(@6120)
  from x3: 0.08 0.08 0.08 0.08 0.08 0.08 0.08 0.08 0.08 0.08 0.08 0.08 0.08
  per-rule acc: 0.09 0.07
Epoch 6180 | Train: Loss=0.0043 Acc=100.0% | Test: Acc=6.8% | Best=7.9%(@6120)
  from x3: 0.06 0.07 0.07 0.07 0.07 0.07 0.07 0.07 0.07 0.07 0.07 0.07 0.07
  per-rule acc: 0.07 0.06
Epoch 6200 | Train: Loss=0.0018 Acc=100.0% | Test: Acc=8.0% | Best=8.0%(@6200)
  from x3: 0.08 0.08 0.08 0.08 0.08 0.08 0.08 0.08 0.08 0.08 0.08 0.08 0.08
  per-rule acc: 0.09 0.07
Epoch 6220 | Train: Loss=0.0018 Acc=100.0% | Test: Acc=8.1% | Best=8.1%(@6220)
  from x3: 0.08 0.08 0.08 0.08 0.08 0.08 0.08 0.08 0.08 0.08 0.08 0.08 0.08
  per-rule acc: 0.09 0.07
Epoch 6240 | Train: Loss=0.0083 Acc=99.9% | Test: Acc=6.5% | Best=8.1%(@6220)
  from x3: 0.06 0.07 0.07 0.07 0.07 0.06 0.06 0.07 0.07 0.07 0.07 0.07 0.07
  per-rule acc: 0.07 0.06
Epoch 6260 | Train: Loss=0.0017 Acc=100.0% | Test: Acc=8.2% | Best=8.2%(@6260)
  from x3: 0.08 0.08 0.08 0.08 0.08 0.08 0.08 0.08 0.08 0.08 0.08 0.08 0.08
  per-rule acc: 0.09 0.07
Epoch 6280 | Train: Loss=0.0018 Acc=100.0% | Test: Acc=8.4% | Best=8.4%(@6280)
  from x3: 0.08 0.09 0.08 0.08 0.08 0.08 0.08 0.08 0.08 0.08 0.08 0.08 0.09
  per-rule acc: 0.09 0.08
Epoch 6300 | Train: Loss=0.0029 Acc=100.0% | Test: Acc=8.6% | Best=8.6%(@6300)
  from x3: 0.09 0.09 0.09 0.09 0.09 0.09 0.09 0.09 0.09 0.09 0.09 0.09 0.09
  per-rule acc: 0.09 0.08
Epoch 6320 | Train: Loss=0.0017 Acc=100.0% | Test: Acc=8.7% | Best=8.7%(@6320)
  from x3: 0.09 0.09 0.09 0.09 0.09 0.09 0.09 0.09 0.09 0.09 0.09 0.09 0.09
  per-rule acc: 0.10 0.08
Epoch 6340 | Train: Loss=0.0022 Acc=100.0% | Test: Acc=8.9% | Best=8.9%(@6340)
  from x3: 0.09 0.09 0.09 0.09 0.09 0.09 0.09 0.09 0.09 0.09 0.09 0.09 0.09
  per-rule acc: 0.10 0.08
Epoch 6360 | Train: Loss=0.0019 Acc=100.0% | Test: Acc=8.7% | Best=8.9%(@6340)
  from x3: 0.09 0.09 0.09 0.09 0.09 0.09 0.09 0.09 0.09 0.09 0.09 0.09 0.09
  per-rule acc: 0.10 0.08
Epoch 6380 | Train: Loss=0.0018 Acc=100.0% | Test: Acc=8.7% | Best=8.9%(@6340)
  from x3: 0.09 0.09 0.09 0.09 0.09 0.09 0.09 0.09 0.09 0.09 0.09 0.09 0.09
  per-rule acc: 0.10 0.08
Epoch 6400 | Train: Loss=0.0018 Acc=100.0% | Test: Acc=8.8% | Best=8.9%(@6340)
  from x3: 0.09 0.09 0.09 0.09 0.09 0.09 0.09 0.09 0.09 0.09 0.09 0.09 0.09
  per-rule acc: 0.10 0.08
Epoch 6420 | Train: Loss=0.0017 Acc=100.0% | Test: Acc=8.9% | Best=8.9%(@6420)
  from x3: 0.09 0.09 0.09 0.09 0.09 0.09 0.09 0.09 0.09 0.09 0.09 0.09 0.09
  per-rule acc: 0.10 0.08
Epoch 6440 | Train: Loss=0.0020 Acc=100.0% | Test: Acc=8.8% | Best=8.9%(@6420)
  from x3: 0.09 0.09 0.09 0.09 0.09 0.09 0.09 0.09 0.09 0.09 0.09 0.09 0.09
  per-rule acc: 0.10 0.08
Epoch 6460 | Train: Loss=0.0021 Acc=100.0% | Test: Acc=8.6% | Best=8.9%(@6420)
  from x3: 0.08 0.09 0.09 0.09 0.09 0.09 0.09 0.09 0.09 0.09 0.09 0.09 0.09
  per-rule acc: 0.10 0.07
Epoch 6480 | Train: Loss=0.0017 Acc=100.0% | Test: Acc=8.8% | Best=8.9%(@6420)
  from x3: 0.09 0.09 0.09 0.09 0.09 0.09 0.09 0.09 0.09 0.09 0.09 0.09 0.09
  per-rule acc: 0.10 0.08
Epoch 6500 | Train: Loss=0.0016 Acc=100.0% | Test: Acc=8.9% | Best=8.9%(@6420)
  from x3: 0.09 0.09 0.09 0.09 0.09 0.09 0.09 0.09 0.09 0.09 0.09 0.09 0.09
  per-rule acc: 0.10 0.08
Epoch 6520 | Train: Loss=0.0029 Acc=100.0% | Test: Acc=8.7% | Best=8.9%(@6420)
  from x3: 0.09 0.09 0.09 0.09 0.09 0.09 0.09 0.09 0.09 0.09 0.09 0.09 0.09
  per-rule acc: 0.10 0.08
Epoch 6540 | Train: Loss=0.0018 Acc=100.0% | Test: Acc=9.2% | Best=9.2%(@6540)
  from x3: 0.09 0.09 0.09 0.09 0.09 0.09 0.09 0.09 0.09 0.09 0.09 0.09 0.09
  per-rule acc: 0.10 0.08
Epoch 6560 | Train: Loss=0.0021 Acc=100.0% | Test: Acc=9.0% | Best=9.2%(@6540)
  from x3: 0.09 0.09 0.09 0.09 0.09 0.09 0.09 0.09 0.09 0.09 0.09 0.09 0.09
  per-rule acc: 0.10 0.08
Epoch 6580 | Train: Loss=0.0017 Acc=100.0% | Test: Acc=9.3% | Best=9.3%(@6580)
  from x3: 0.09 0.09 0.09 0.09 0.09 0.09 0.09 0.09 0.09 0.09 0.09 0.09 0.09
  per-rule acc: 0.11 0.08
Epoch 6600 | Train: Loss=0.0017 Acc=100.0% | Test: Acc=9.2% | Best=9.3%(@6580)
  from x3: 0.09 0.09 0.09 0.09 0.09 0.09 0.09 0.09 0.09 0.09 0.09 0.09 0.09
  per-rule acc: 0.10 0.08
Epoch 6620 | Train: Loss=0.0058 Acc=100.0% | Test: Acc=7.6% | Best=9.3%(@6580)
  from x3: 0.08 0.08 0.08 0.08 0.08 0.07 0.08 0.08 0.08 0.08 0.08 0.08 0.08
  per-rule acc: 0.08 0.07
Epoch 6640 | Train: Loss=0.0016 Acc=100.0% | Test: Acc=9.2% | Best=9.3%(@6580)
  from x3: 0.09 0.09 0.09 0.09 0.09 0.09 0.09 0.09 0.09 0.09 0.09 0.09 0.09
  per-rule acc: 0.10 0.08
Epoch 6660 | Train: Loss=0.0016 Acc=100.0% | Test: Acc=9.4% | Best=9.4%(@6660)
  from x3: 0.10 0.09 0.09 0.09 0.09 0.09 0.09 0.09 0.09 0.09 0.09 0.09 0.09
  per-rule acc: 0.11 0.08
Epoch 6680 | Train: Loss=0.0018 Acc=100.0% | Test: Acc=9.4% | Best=9.4%(@6660)
  from x3: 0.09 0.09 0.09 0.09 0.09 0.09 0.09 0.09 0.09 0.09 0.09 0.09 0.09
  per-rule acc: 0.10 0.08
Epoch 6700 | Train: Loss=0.0016 Acc=100.0% | Test: Acc=9.5% | Best=9.5%(@6700)
  from x3: 0.09 0.10 0.09 0.10 0.10 0.09 0.10 0.09 0.09 0.09 0.09 0.09 0.09
  per-rule acc: 0.11 0.08
Epoch 6720 | Train: Loss=0.0016 Acc=100.0% | Test: Acc=9.3% | Best=9.5%(@6700)
  from x3: 0.09 0.09 0.09 0.09 0.09 0.09 0.09 0.09 0.09 0.09 0.09 0.09 0.09
  per-rule acc: 0.10 0.08
Epoch 6740 | Train: Loss=0.0015 Acc=100.0% | Test: Acc=9.6% | Best=9.6%(@6740)
  from x3: 0.09 0.10 0.10 0.10 0.10 0.10 0.10 0.10 0.10 0.10 0.10 0.10 0.10
  per-rule acc: 0.11 0.09
Epoch 6760 | Train: Loss=0.0017 Acc=100.0% | Test: Acc=9.7% | Best=9.7%(@6760)
  from x3: 0.10 0.10 0.10 0.10 0.10 0.10 0.10 0.10 0.10 0.10 0.10 0.10 0.10
  per-rule acc: 0.10 0.09
Epoch 6780 | Train: Loss=0.0014 Acc=100.0% | Test: Acc=9.5% | Best=9.7%(@6760)
  from x3: 0.09 0.09 0.10 0.10 0.10 0.10 0.10 0.10 0.10 0.10 0.10 0.09 0.09
  per-rule acc: 0.11 0.08
Epoch 6800 | Train: Loss=0.0014 Acc=100.0% | Test: Acc=9.6% | Best=9.7%(@6760)
  from x3: 0.09 0.10 0.10 0.10 0.10 0.10 0.10 0.10 0.10 0.10 0.10 0.10 0.09
  per-rule acc: 0.11 0.08
Epoch 6820 | Train: Loss=0.0013 Acc=100.0% | Test: Acc=9.6% | Best=9.7%(@6760)
  from x3: 0.09 0.10 0.10 0.10 0.10 0.10 0.10 0.10 0.10 0.10 0.10 0.10 0.09
  per-rule acc: 0.11 0.08
Epoch 6840 | Train: Loss=0.0026 Acc=100.0% | Test: Acc=9.4% | Best=9.7%(@6760)
  from x3: 0.09 0.10 0.09 0.09 0.09 0.09 0.09 0.09 0.09 0.10 0.10 0.09 0.10
  per-rule acc: 0.10 0.09
Epoch 6860 | Train: Loss=0.0013 Acc=100.0% | Test: Acc=9.8% | Best=9.8%(@6860)
  from x3: 0.10 0.10 0.10 0.10 0.10 0.10 0.10 0.10 0.10 0.10 0.10 0.10 0.10
  per-rule acc: 0.11 0.09
Epoch 6880 | Train: Loss=0.0014 Acc=100.0% | Test: Acc=9.6% | Best=9.8%(@6860)
  from x3: 0.10 0.10 0.10 0.10 0.10 0.10 0.10 0.10 0.09 0.10 0.10 0.10 0.10
  per-rule acc: 0.11 0.09
Epoch 6900 | Train: Loss=0.0014 Acc=100.0% | Test: Acc=9.8% | Best=9.8%(@6860)
  from x3: 0.10 0.10 0.10 0.10 0.10 0.10 0.10 0.10 0.10 0.10 0.10 0.10 0.10
  per-rule acc: 0.11 0.09
Epoch 6920 | Train: Loss=0.0014 Acc=100.0% | Test: Acc=9.7% | Best=9.8%(@6860)
  from x3: 0.10 0.10 0.10 0.10 0.10 0.10 0.10 0.10 0.10 0.10 0.10 0.10 0.10
  per-rule acc: 0.11 0.09
Epoch 6940 | Train: Loss=0.0013 Acc=100.0% | Test: Acc=9.7% | Best=9.8%(@6860)
  from x3: 0.10 0.10 0.10 0.10 0.10 0.10 0.10 0.10 0.10 0.10 0.10 0.10 0.10
  per-rule acc: 0.11 0.09
Epoch 6960 | Train: Loss=0.0013 Acc=100.0% | Test: Acc=9.7% | Best=9.8%(@6860)
  from x3: 0.10 0.10 0.10 0.10 0.10 0.10 0.10 0.10 0.10 0.10 0.10 0.10 0.10
  per-rule acc: 0.11 0.09
Epoch 6980 | Train: Loss=0.0013 Acc=100.0% | Test: Acc=9.9% | Best=9.9%(@6980)
  from x3: 0.10 0.10 0.10 0.10 0.10 0.10 0.10 0.10 0.10 0.10 0.10 0.10 0.10
  per-rule acc: 0.11 0.09
Epoch 7000 | Train: Loss=0.0013 Acc=100.0% | Test: Acc=10.0% | Best=10.0%(@7000)
  from x3: 0.10 0.10 0.10 0.10 0.10 0.10 0.10 0.10 0.10 0.10 0.10 0.10 0.10
  per-rule acc: 0.11 0.09
Epoch 7020 | Train: Loss=0.0015 Acc=100.0% | Test: Acc=9.8% | Best=10.0%(@7000)
  from x3: 0.10 0.10 0.10 0.10 0.10 0.10 0.10 0.10 0.10 0.10 0.10 0.10 0.10
  per-rule acc: 0.11 0.09
Epoch 7040 | Train: Loss=0.0013 Acc=100.0% | Test: Acc=9.8% | Best=10.0%(@7000)
  from x3: 0.10 0.10 0.10 0.10 0.10 0.10 0.10 0.10 0.10 0.10 0.10 0.10 0.10
  per-rule acc: 0.11 0.09
Epoch 7060 | Train: Loss=0.0013 Acc=100.0% | Test: Acc=10.2% | Best=10.2%(@7060)
  from x3: 0.10 0.10 0.10 0.10 0.10 0.10 0.10 0.10 0.10 0.10 0.10 0.10 0.10
  per-rule acc: 0.11 0.09
Epoch 7080 | Train: Loss=0.0013 Acc=100.0% | Test: Acc=10.1% | Best=10.2%(@7060)
  from x3: 0.10 0.10 0.10 0.10 0.10 0.10 0.10 0.10 0.10 0.10 0.10 0.10 0.10
  per-rule acc: 0.11 0.09
Epoch 7100 | Train: Loss=0.0030 Acc=100.0% | Test: Acc=9.2% | Best=10.2%(@7060)
  from x3: 0.09 0.09 0.09 0.09 0.09 0.09 0.09 0.09 0.09 0.09 0.09 0.09 0.09
  per-rule acc: 0.10 0.09
Epoch 7120 | Train: Loss=0.0013 Acc=100.0% | Test: Acc=10.4% | Best=10.4%(@7120)
  from x3: 0.10 0.10 0.10 0.10 0.10 0.10 0.10 0.10 0.11 0.11 0.11 0.11 0.10
  per-rule acc: 0.12 0.09
Epoch 7140 | Train: Loss=0.0013 Acc=100.0% | Test: Acc=10.4% | Best=10.4%(@7120)
  from x3: 0.10 0.10 0.10 0.10 0.10 0.10 0.10 0.10 0.10 0.11 0.11 0.10 0.10
  per-rule acc: 0.11 0.09
Epoch 7160 | Train: Loss=0.0018 Acc=100.0% | Test: Acc=10.2% | Best=10.4%(@7120)
  from x3: 0.10 0.10 0.10 0.10 0.10 0.10 0.10 0.10 0.10 0.10 0.10 0.10 0.10
  per-rule acc: 0.11 0.09
Epoch 7180 | Train: Loss=0.0013 Acc=100.0% | Test: Acc=10.3% | Best=10.4%(@7120)
  from x3: 0.10 0.10 0.10 0.10 0.10 0.10 0.10 0.10 0.10 0.10 0.10 0.10 0.10
  per-rule acc: 0.11 0.09
Epoch 7200 | Train: Loss=0.0012 Acc=100.0% | Test: Acc=10.4% | Best=10.4%(@7120)
  from x3: 0.10 0.11 0.10 0.11 0.10 0.10 0.10 0.10 0.10 0.11 0.10 0.10 0.10
  per-rule acc: 0.11 0.09
Epoch 7220 | Train: Loss=0.0013 Acc=100.0% | Test: Acc=10.7% | Best=10.7%(@7220)
  from x3: 0.10 0.11 0.11 0.11 0.11 0.11 0.11 0.11 0.11 0.11 0.11 0.11 0.11
  per-rule acc: 0.11 0.10
Epoch 7240 | Train: Loss=0.0012 Acc=100.0% | Test: Acc=10.6% | Best=10.7%(@7220)
  from x3: 0.10 0.10 0.11 0.11 0.11 0.11 0.11 0.11 0.11 0.11 0.11 0.11 0.11
  per-rule acc: 0.11 0.10
Epoch 7260 | Train: Loss=0.0012 Acc=100.0% | Test: Acc=10.5% | Best=10.7%(@7220)
  from x3: 0.10 0.11 0.10 0.11 0.11 0.11 0.10 0.10 0.11 0.11 0.11 0.11 0.11
  per-rule acc: 0.11 0.10
Epoch 7280 | Train: Loss=0.0012 Acc=100.0% | Test: Acc=10.5% | Best=10.7%(@7220)
  from x3: 0.10 0.10 0.10 0.10 0.10 0.10 0.10 0.10 0.10 0.10 0.11 0.10 0.11
  per-rule acc: 0.11 0.10
Epoch 7300 | Train: Loss=0.0011 Acc=100.0% | Test: Acc=10.5% | Best=10.7%(@7220)
  from x3: 0.10 0.11 0.11 0.11 0.11 0.11 0.10 0.10 0.10 0.10 0.10 0.10 0.10
  per-rule acc: 0.11 0.10
Epoch 7320 | Train: Loss=0.0012 Acc=100.0% | Test: Acc=10.8% | Best=10.8%(@7320)
  from x3: 0.11 0.11 0.11 0.11 0.11 0.11 0.11 0.11 0.11 0.11 0.11 0.11 0.11
  per-rule acc: 0.12 0.10
Epoch 7340 | Train: Loss=0.0011 Acc=100.0% | Test: Acc=10.8% | Best=10.8%(@7320)
  from x3: 0.10 0.11 0.11 0.11 0.11 0.11 0.11 0.11 0.11 0.11 0.11 0.11 0.11
  per-rule acc: 0.12 0.10
Epoch 7360 | Train: Loss=0.0030 Acc=100.0% | Test: Acc=9.9% | Best=10.8%(@7320)
  from x3: 0.10 0.10 0.10 0.10 0.10 0.10 0.10 0.10 0.10 0.10 0.10 0.10 0.10
  per-rule acc: 0.10 0.09
Epoch 7380 | Train: Loss=0.0012 Acc=100.0% | Test: Acc=10.7% | Best=10.8%(@7320)
  from x3: 0.10 0.11 0.11 0.11 0.11 0.11 0.11 0.11 0.11 0.11 0.11 0.11 0.11
  per-rule acc: 0.12 0.10
Epoch 7400 | Train: Loss=0.0017 Acc=100.0% | Test: Acc=10.1% | Best=10.8%(@7320)
  from x3: 0.10 0.10 0.10 0.10 0.10 0.10 0.10 0.10 0.10 0.10 0.10 0.10 0.10
  per-rule acc: 0.11 0.09
Epoch 7420 | Train: Loss=0.0019 Acc=100.0% | Test: Acc=10.2% | Best=10.8%(@7320)
  from x3: 0.10 0.10 0.10 0.10 0.10 0.10 0.10 0.10 0.10 0.10 0.10 0.10 0.10
  per-rule acc: 0.11 0.10
Epoch 7440 | Train: Loss=0.0011 Acc=100.0% | Test: Acc=10.7% | Best=10.8%(@7320)
  from x3: 0.10 0.11 0.11 0.11 0.11 0.11 0.11 0.11 0.11 0.11 0.11 0.11 0.11
  per-rule acc: 0.12 0.10
Epoch 7460 | Train: Loss=0.0011 Acc=100.0% | Test: Acc=10.9% | Best=10.9%(@7460)
  from x3: 0.11 0.11 0.11 0.11 0.11 0.11 0.11 0.11 0.11 0.11 0.11 0.11 0.11
  per-rule acc: 0.12 0.10
Epoch 7480 | Train: Loss=0.0011 Acc=100.0% | Test: Acc=11.1% | Best=11.1%(@7480)
  from x3: 0.11 0.11 0.11 0.11 0.11 0.11 0.11 0.11 0.11 0.11 0.11 0.11 0.11
  per-rule acc: 0.12 0.10
Epoch 7500 | Train: Loss=0.0011 Acc=100.0% | Test: Acc=11.0% | Best=11.1%(@7480)
  from x3: 0.11 0.11 0.11 0.11 0.11 0.11 0.11 0.11 0.11 0.11 0.11 0.11 0.11
  per-rule acc: 0.12 0.10
Epoch 7520 | Train: Loss=0.0012 Acc=100.0% | Test: Acc=10.7% | Best=11.1%(@7480)
  from x3: 0.10 0.11 0.11 0.11 0.11 0.11 0.11 0.11 0.11 0.11 0.11 0.11 0.11
  per-rule acc: 0.12 0.10
Epoch 7540 | Train: Loss=0.0010 Acc=100.0% | Test: Acc=11.1% | Best=11.1%(@7540)
  from x3: 0.11 0.11 0.11 0.11 0.11 0.11 0.11 0.11 0.11 0.11 0.11 0.11 0.11
  per-rule acc: 0.12 0.10
Epoch 7560 | Train: Loss=0.0010 Acc=100.0% | Test: Acc=11.1% | Best=11.1%(@7560)
  from x3: 0.11 0.11 0.11 0.11 0.11 0.11 0.11 0.11 0.11 0.11 0.11 0.11 0.11
  per-rule acc: 0.12 0.10
Epoch 7580 | Train: Loss=0.0010 Acc=100.0% | Test: Acc=11.1% | Best=11.1%(@7580)
  from x3: 0.11 0.11 0.11 0.11 0.11 0.11 0.11 0.11 0.11 0.11 0.11 0.11 0.11
  per-rule acc: 0.12 0.10
Epoch 7600 | Train: Loss=0.0014 Acc=100.0% | Test: Acc=10.9% | Best=11.1%(@7580)
  from x3: 0.11 0.11 0.11 0.11 0.11 0.11 0.11 0.11 0.11 0.11 0.11 0.11 0.11
  per-rule acc: 0.12 0.10
Epoch 7620 | Train: Loss=0.0011 Acc=100.0% | Test: Acc=11.3% | Best=11.3%(@7620)
  from x3: 0.11 0.11 0.11 0.11 0.11 0.11 0.11 0.11 0.11 0.11 0.11 0.11 0.11
  per-rule acc: 0.12 0.10
Epoch 7640 | Train: Loss=0.0010 Acc=100.0% | Test: Acc=11.2% | Best=11.3%(@7620)
  from x3: 0.11 0.11 0.11 0.11 0.11 0.11 0.11 0.11 0.11 0.11 0.12 0.11 0.11
  per-rule acc: 0.12 0.10
Epoch 7660 | Train: Loss=0.0010 Acc=100.0% | Test: Acc=11.3% | Best=11.3%(@7660)
  from x3: 0.11 0.11 0.11 0.11 0.11 0.11 0.11 0.11 0.11 0.11 0.11 0.11 0.12
  per-rule acc: 0.12 0.10
Epoch 7680 | Train: Loss=0.0011 Acc=100.0% | Test: Acc=11.2% | Best=11.3%(@7660)
  from x3: 0.11 0.11 0.11 0.11 0.11 0.11 0.11 0.11 0.11 0.11 0.11 0.11 0.11
  per-rule acc: 0.12 0.11
Epoch 7700 | Train: Loss=0.0010 Acc=100.0% | Test: Acc=11.4% | Best=11.4%(@7700)
  from x3: 0.11 0.11 0.11 0.11 0.11 0.11 0.11 0.11 0.12 0.12 0.12 0.12 0.12
  per-rule acc: 0.12 0.11
Epoch 7720 | Train: Loss=0.0018 Acc=100.0% | Test: Acc=11.2% | Best=11.4%(@7700)
  from x3: 0.11 0.11 0.11 0.11 0.11 0.11 0.11 0.11 0.11 0.11 0.11 0.11 0.11
  per-rule acc: 0.12 0.10
Epoch 7740 | Train: Loss=0.0010 Acc=100.0% | Test: Acc=11.6% | Best=11.6%(@7740)
  from x3: 0.11 0.11 0.11 0.11 0.12 0.12 0.12 0.12 0.12 0.12 0.12 0.12 0.12
  per-rule acc: 0.13 0.10
Epoch 7760 | Train: Loss=0.0010 Acc=100.0% | Test: Acc=11.7% | Best=11.7%(@7760)
  from x3: 0.11 0.12 0.11 0.11 0.11 0.12 0.12 0.12 0.12 0.12 0.12 0.12 0.12
  per-rule acc: 0.13 0.11
Epoch 7780 | Train: Loss=0.0010 Acc=100.0% | Test: Acc=11.7% | Best=11.7%(@7780)
  from x3: 0.11 0.12 0.11 0.12 0.12 0.12 0.12 0.12 0.12 0.12 0.12 0.12 0.12
  per-rule acc: 0.13 0.11
Epoch 7800 | Train: Loss=0.0011 Acc=100.0% | Test: Acc=11.6% | Best=11.7%(@7780)
  from x3: 0.11 0.12 0.12 0.12 0.12 0.12 0.12 0.12 0.12 0.12 0.12 0.12 0.12
  per-rule acc: 0.13 0.11
Epoch 7820 | Train: Loss=0.0010 Acc=100.0% | Test: Acc=11.8% | Best=11.8%(@7820)
  from x3: 0.11 0.12 0.12 0.12 0.12 0.12 0.12 0.12 0.12 0.12 0.12 0.12 0.12
  per-rule acc: 0.13 0.11
Epoch 7840 | Train: Loss=0.0010 Acc=100.0% | Test: Acc=11.8% | Best=11.8%(@7820)
  from x3: 0.11 0.12 0.12 0.12 0.12 0.12 0.12 0.12 0.12 0.12 0.12 0.12 0.12
  per-rule acc: 0.13 0.11
Epoch 7860 | Train: Loss=0.0009 Acc=100.0% | Test: Acc=12.0% | Best=12.0%(@7860)
  from x3: 0.11 0.12 0.12 0.12 0.12 0.12 0.12 0.12 0.12 0.12 0.12 0.12 0.12
  per-rule acc: 0.13 0.11
Epoch 7880 | Train: Loss=0.0009 Acc=100.0% | Test: Acc=11.9% | Best=12.0%(@7860)
  from x3: 0.11 0.12 0.12 0.12 0.12 0.12 0.12 0.12 0.12 0.12 0.12 0.12 0.12
  per-rule acc: 0.13 0.11
Epoch 7900 | Train: Loss=0.0009 Acc=100.0% | Test: Acc=12.1% | Best=12.1%(@7900)
  from x3: 0.12 0.12 0.12 0.12 0.12 0.12 0.12 0.12 0.12 0.12 0.12 0.12 0.12
  per-rule acc: 0.13 0.11
Epoch 7920 | Train: Loss=0.0009 Acc=100.0% | Test: Acc=12.1% | Best=12.1%(@7920)
  from x3: 0.12 0.12 0.12 0.12 0.12 0.12 0.12 0.12 0.12 0.12 0.12 0.12 0.12
  per-rule acc: 0.13 0.11
Epoch 7940 | Train: Loss=0.0013 Acc=100.0% | Test: Acc=11.7% | Best=12.1%(@7920)
  from x3: 0.11 0.12 0.12 0.12 0.12 0.12 0.12 0.12 0.12 0.12 0.12 0.12 0.12
  per-rule acc: 0.13 0.11
Epoch 7960 | Train: Loss=0.0008 Acc=100.0% | Test: Acc=12.2% | Best=12.2%(@7960)
  from x3: 0.12 0.12 0.12 0.12 0.12 0.12 0.12 0.12 0.12 0.12 0.12 0.12 0.12
  per-rule acc: 0.13 0.11
Epoch 7980 | Train: Loss=0.0008 Acc=100.0% | Test: Acc=12.2% | Best=12.2%(@7960)
  from x3: 0.12 0.12 0.12 0.12 0.12 0.12 0.12 0.12 0.12 0.12 0.12 0.12 0.12
  per-rule acc: 0.14 0.11
Epoch 8000 | Train: Loss=0.0014 Acc=100.0% | Test: Acc=11.4% | Best=12.2%(@7960)
  from x3: 0.11 0.11 0.11 0.11 0.11 0.11 0.11 0.11 0.12 0.11 0.12 0.11 0.12
  per-rule acc: 0.12 0.11
Epoch 8020 | Train: Loss=0.0008 Acc=100.0% | Test: Acc=12.1% | Best=12.2%(@7960)
  from x3: 0.12 0.12 0.12 0.12 0.12 0.12 0.12 0.12 0.12 0.12 0.12 0.12 0.12
  per-rule acc: 0.13 0.11
Epoch 8040 | Train: Loss=0.0008 Acc=100.0% | Test: Acc=12.2% | Best=12.2%(@7960)
  from x3: 0.12 0.12 0.12 0.12 0.12 0.12 0.12 0.12 0.12 0.12 0.12 0.12 0.12
  per-rule acc: 0.13 0.11
Epoch 8060 | Train: Loss=0.0008 Acc=100.0% | Test: Acc=12.0% | Best=12.2%(@7960)
  from x3: 0.12 0.12 0.12 0.12 0.12 0.12 0.12 0.12 0.12 0.12 0.12 0.12 0.12
  per-rule acc: 0.13 0.11
Epoch 8080 | Train: Loss=0.0010 Acc=100.0% | Test: Acc=11.8% | Best=12.2%(@7960)
  from x3: 0.11 0.12 0.12 0.12 0.12 0.12 0.12 0.12 0.12 0.12 0.12 0.12 0.12
  per-rule acc: 0.13 0.11
Epoch 8100 | Train: Loss=0.0007 Acc=100.0% | Test: Acc=12.4% | Best=12.4%(@8100)
  from x3: 0.12 0.12 0.12 0.12 0.12 0.13 0.13 0.13 0.13 0.13 0.13 0.13 0.13
  per-rule acc: 0.14 0.11
Epoch 8120 | Train: Loss=0.0007 Acc=100.0% | Test: Acc=12.6% | Best=12.6%(@8120)
  from x3: 0.12 0.12 0.12 0.12 0.13 0.13 0.13 0.13 0.13 0.13 0.13 0.13 0.13
  per-rule acc: 0.14 0.11
Epoch 8140 | Train: Loss=0.0007 Acc=100.0% | Test: Acc=12.6% | Best=12.6%(@8140)
  from x3: 0.12 0.12 0.13 0.13 0.13 0.13 0.13 0.13 0.13 0.13 0.13 0.13 0.13
  per-rule acc: 0.14 0.11
Epoch 8160 | Train: Loss=0.0007 Acc=100.0% | Test: Acc=12.6% | Best=12.6%(@8160)
  from x3: 0.12 0.13 0.13 0.13 0.13 0.13 0.13 0.13 0.13 0.13 0.13 0.13 0.13
  per-rule acc: 0.14 0.11
Epoch 8180 | Train: Loss=0.0007 Acc=100.0% | Test: Acc=12.7% | Best=12.7%(@8180)
  from x3: 0.12 0.13 0.13 0.13 0.13 0.13 0.13 0.13 0.13 0.13 0.13 0.13 0.13
  per-rule acc: 0.14 0.11
Epoch 8200 | Train: Loss=0.0007 Acc=100.0% | Test: Acc=12.5% | Best=12.7%(@8180)
  from x3: 0.12 0.12 0.12 0.12 0.12 0.12 0.12 0.13 0.13 0.13 0.13 0.13 0.13
  per-rule acc: 0.14 0.11
Epoch 8220 | Train: Loss=0.0006 Acc=100.0% | Test: Acc=12.7% | Best=12.7%(@8220)
  from x3: 0.12 0.13 0.13 0.13 0.13 0.13 0.13 0.13 0.13 0.13 0.13 0.13 0.13
  per-rule acc: 0.14 0.11
Epoch 8240 | Train: Loss=0.0006 Acc=100.0% | Test: Acc=12.5% | Best=12.7%(@8220)
  from x3: 0.12 0.13 0.13 0.13 0.13 0.13 0.13 0.13 0.13 0.13 0.13 0.12 0.12
  per-rule acc: 0.14 0.11
Epoch 8260 | Train: Loss=0.0006 Acc=100.0% | Test: Acc=12.7% | Best=12.7%(@8220)
  from x3: 0.12 0.13 0.13 0.13 0.13 0.13 0.13 0.13 0.13 0.13 0.13 0.13 0.13
  per-rule acc: 0.14 0.11
Epoch 8280 | Train: Loss=0.0006 Acc=100.0% | Test: Acc=12.7% | Best=12.7%(@8280)
  from x3: 0.12 0.13 0.13 0.13 0.13 0.13 0.13 0.13 0.13 0.13 0.13 0.13 0.13
  per-rule acc: 0.14 0.11
Epoch 8300 | Train: Loss=0.0006 Acc=100.0% | Test: Acc=12.6% | Best=12.7%(@8280)
  from x3: 0.12 0.12 0.12 0.13 0.13 0.13 0.13 0.13 0.13 0.13 0.13 0.13 0.13
  per-rule acc: 0.14 0.11
Epoch 8320 | Train: Loss=0.0006 Acc=100.0% | Test: Acc=12.8% | Best=12.8%(@8320)
  from x3: 0.12 0.13 0.13 0.13 0.13 0.13 0.13 0.13 0.13 0.13 0.13 0.13 0.13
  per-rule acc: 0.14 0.11
Epoch 8340 | Train: Loss=0.0006 Acc=100.0% | Test: Acc=13.0% | Best=13.0%(@8340)
  from x3: 0.12 0.13 0.13 0.13 0.13 0.13 0.13 0.13 0.13 0.13 0.13 0.13 0.13
  per-rule acc: 0.15 0.11
Epoch 8360 | Train: Loss=0.0006 Acc=100.0% | Test: Acc=13.0% | Best=13.0%(@8360)
  from x3: 0.12 0.13 0.13 0.13 0.13 0.13 0.13 0.13 0.13 0.13 0.13 0.13 0.13
  per-rule acc: 0.15 0.12
Epoch 8380 | Train: Loss=0.0005 Acc=100.0% | Test: Acc=13.1% | Best=13.1%(@8380)
  from x3: 0.12 0.13 0.13 0.13 0.13 0.13 0.13 0.13 0.13 0.13 0.13 0.13 0.13
  per-rule acc: 0.15 0.12
Epoch 8400 | Train: Loss=0.0005 Acc=100.0% | Test: Acc=13.2% | Best=13.2%(@8400)
  from x3: 0.12 0.13 0.13 0.13 0.13 0.13 0.13 0.13 0.13 0.13 0.13 0.13 0.13
  per-rule acc: 0.15 0.12
Epoch 8420 | Train: Loss=0.0005 Acc=100.0% | Test: Acc=13.0% | Best=13.2%(@8400)
  from x3: 0.12 0.13 0.13 0.13 0.13 0.13 0.13 0.13 0.13 0.13 0.13 0.13 0.13
  per-rule acc: 0.15 0.12
Epoch 8440 | Train: Loss=0.0005 Acc=100.0% | Test: Acc=13.2% | Best=13.2%(@8440)
  from x3: 0.13 0.13 0.13 0.13 0.13 0.13 0.13 0.13 0.13 0.13 0.13 0.13 0.13
  per-rule acc: 0.15 0.12
Epoch 8460 | Train: Loss=0.0005 Acc=100.0% | Test: Acc=13.2% | Best=13.2%(@8440)
  from x3: 0.13 0.13 0.13 0.13 0.13 0.13 0.13 0.13 0.13 0.13 0.13 0.13 0.13
  per-rule acc: 0.15 0.12
Epoch 8480 | Train: Loss=0.0005 Acc=100.0% | Test: Acc=13.2% | Best=13.2%(@8440)
  from x3: 0.13 0.13 0.13 0.13 0.13 0.13 0.13 0.13 0.13 0.13 0.13 0.13 0.13
  per-rule acc: 0.15 0.12
Epoch 8500 | Train: Loss=0.0005 Acc=100.0% | Test: Acc=13.1% | Best=13.2%(@8440)
  from x3: 0.13 0.13 0.13 0.13 0.13 0.13 0.13 0.13 0.13 0.13 0.13 0.13 0.13
  per-rule acc: 0.15 0.12
Epoch 8520 | Train: Loss=0.0005 Acc=100.0% | Test: Acc=13.1% | Best=13.2%(@8440)
  from x3: 0.12 0.13 0.13 0.13 0.13 0.13 0.13 0.13 0.13 0.13 0.13 0.13 0.13
  per-rule acc: 0.14 0.12
Epoch 8540 | Train: Loss=0.0004 Acc=100.0% | Test: Acc=13.2% | Best=13.2%(@8540)
  from x3: 0.13 0.13 0.13 0.13 0.13 0.13 0.13 0.13 0.13 0.13 0.13 0.13 0.13
  per-rule acc: 0.15 0.12
Epoch 8560 | Train: Loss=0.0004 Acc=100.0% | Test: Acc=13.3% | Best=13.3%(@8560)
  from x3: 0.13 0.13 0.13 0.13 0.13 0.13 0.13 0.13 0.13 0.13 0.13 0.14 0.13
  per-rule acc: 0.15 0.12
Epoch 8580 | Train: Loss=0.0004 Acc=100.0% | Test: Acc=13.3% | Best=13.3%(@8580)
  from x3: 0.13 0.13 0.13 0.13 0.13 0.13 0.13 0.13 0.13 0.13 0.13 0.14 0.13
  per-rule acc: 0.15 0.12
Epoch 8600 | Train: Loss=0.0004 Acc=100.0% | Test: Acc=13.3% | Best=13.3%(@8600)
  from x3: 0.13 0.13 0.13 0.13 0.13 0.13 0.13 0.13 0.13 0.13 0.13 0.13 0.13
  per-rule acc: 0.15 0.12
Epoch 8620 | Train: Loss=0.0004 Acc=100.0% | Test: Acc=13.3% | Best=13.3%(@8620)
  from x3: 0.13 0.13 0.13 0.13 0.13 0.13 0.13 0.13 0.13 0.13 0.13 0.14 0.13
  per-rule acc: 0.15 0.12
Epoch 8640 | Train: Loss=0.0003 Acc=100.0% | Test: Acc=13.2% | Best=13.3%(@8620)
  from x3: 0.13 0.13 0.13 0.13 0.13 0.13 0.13 0.13 0.13 0.13 0.13 0.14 0.13
  per-rule acc: 0.15 0.12
Epoch 8660 | Train: Loss=0.0003 Acc=100.0% | Test: Acc=13.0% | Best=13.3%(@8620)
  from x3: 0.13 0.13 0.13 0.13 0.13 0.13 0.13 0.13 0.13 0.13 0.13 0.13 0.13
  per-rule acc: 0.15 0.11
Epoch 8680 | Train: Loss=0.0003 Acc=100.0% | Test: Acc=13.2% | Best=13.3%(@8620)
  from x3: 0.13 0.13 0.13 0.13 0.13 0.13 0.13 0.13 0.13 0.13 0.13 0.13 0.13
  per-rule acc: 0.15 0.12
Epoch 8700 | Train: Loss=0.0003 Acc=100.0% | Test: Acc=13.3% | Best=13.3%(@8620)
  from x3: 0.13 0.13 0.13 0.13 0.13 0.13 0.13 0.13 0.13 0.13 0.13 0.13 0.13
  per-rule acc: 0.15 0.12
Epoch 8720 | Train: Loss=0.0003 Acc=100.0% | Test: Acc=13.3% | Best=13.3%(@8720)
  from x3: 0.13 0.13 0.13 0.13 0.13 0.13 0.13 0.13 0.13 0.13 0.14 0.13 0.13
  per-rule acc: 0.15 0.12
Epoch 8740 | Train: Loss=0.0003 Acc=100.0% | Test: Acc=13.3% | Best=13.3%(@8740)
  from x3: 0.13 0.13 0.13 0.13 0.13 0.13 0.13 0.13 0.13 0.13 0.14 0.13 0.13
  per-rule acc: 0.15 0.12
Epoch 8760 | Train: Loss=0.0003 Acc=100.0% | Test: Acc=13.3% | Best=13.3%(@8740)
  from x3: 0.13 0.13 0.13 0.13 0.13 0.13 0.13 0.13 0.13 0.13 0.14 0.13 0.13
  per-rule acc: 0.15 0.12
Epoch 8780 | Train: Loss=0.0003 Acc=100.0% | Test: Acc=13.3% | Best=13.3%(@8740)
  from x3: 0.13 0.13 0.13 0.13 0.13 0.13 0.13 0.13 0.13 0.13 0.13 0.13 0.13
  per-rule acc: 0.15 0.12
Epoch 8800 | Train: Loss=0.0003 Acc=100.0% | Test: Acc=13.3% | Best=13.3%(@8740)
  from x3: 0.13 0.13 0.13 0.13 0.13 0.13 0.13 0.13 0.13 0.13 0.13 0.13 0.13
  per-rule acc: 0.15 0.12
Epoch 8820 | Train: Loss=0.0003 Acc=100.0% | Test: Acc=13.3% | Best=13.3%(@8740)
  from x3: 0.13 0.13 0.13 0.13 0.13 0.13 0.13 0.13 0.13 0.13 0.13 0.13 0.13
  per-rule acc: 0.15 0.12
Epoch 8840 | Train: Loss=0.0003 Acc=100.0% | Test: Acc=13.3% | Best=13.3%(@8740)
  from x3: 0.13 0.13 0.13 0.13 0.13 0.13 0.13 0.13 0.13 0.13 0.13 0.13 0.13
  per-rule acc: 0.15 0.12
Epoch 8860 | Train: Loss=0.0003 Acc=100.0% | Test: Acc=13.3% | Best=13.3%(@8740)
  from x3: 0.13 0.13 0.13 0.13 0.13 0.13 0.13 0.13 0.13 0.13 0.13 0.13 0.14
  per-rule acc: 0.15 0.12
Epoch 8880 | Train: Loss=0.0003 Acc=100.0% | Test: Acc=13.2% | Best=13.3%(@8740)
  from x3: 0.13 0.13 0.13 0.13 0.13 0.13 0.13 0.13 0.13 0.13 0.13 0.13 0.13
  per-rule acc: 0.15 0.12
Epoch 8900 | Train: Loss=0.0002 Acc=100.0% | Test: Acc=13.2% | Best=13.3%(@8740)
  from x3: 0.13 0.13 0.13 0.13 0.13 0.13 0.13 0.13 0.13 0.13 0.13 0.13 0.13
  per-rule acc: 0.15 0.12
Epoch 8920 | Train: Loss=0.0002 Acc=100.0% | Test: Acc=13.2% | Best=13.3%(@8740)
  from x3: 0.13 0.13 0.13 0.13 0.13 0.13 0.13 0.13 0.13 0.13 0.13 0.13 0.13
  per-rule acc: 0.15 0.12
Epoch 8940 | Train: Loss=0.0002 Acc=100.0% | Test: Acc=13.2% | Best=13.3%(@8740)
  from x3: 0.13 0.13 0.13 0.13 0.13 0.13 0.13 0.13 0.13 0.13 0.13 0.13 0.13
  per-rule acc: 0.15 0.12
Epoch 8960 | Train: Loss=0.0002 Acc=100.0% | Test: Acc=13.2% | Best=13.3%(@8740)
  from x3: 0.13 0.13 0.13 0.13 0.13 0.13 0.13 0.13 0.13 0.13 0.13 0.13 0.13
  per-rule acc: 0.15 0.12
Epoch 8980 | Train: Loss=0.0002 Acc=100.0% | Test: Acc=13.2% | Best=13.3%(@8740)
  from x3: 0.13 0.13 0.13 0.13 0.13 0.13 0.13 0.13 0.13 0.13 0.13 0.13 0.13
  per-rule acc: 0.15 0.12
Epoch 9000 | Train: Loss=0.0002 Acc=100.0% | Test: Acc=13.2% | Best=13.3%(@8740)
  from x3: 0.13 0.13 0.13 0.13 0.13 0.13 0.13 0.13 0.13 0.13 0.13 0.13 0.13
  per-rule acc: 0.15 0.12
Epoch 9020 | Train: Loss=0.0002 Acc=100.0% | Test: Acc=13.2% | Best=13.3%(@8740)
  from x3: 0.13 0.13 0.13 0.13 0.13 0.13 0.13 0.13 0.13 0.13 0.13 0.13 0.13
  per-rule acc: 0.15 0.12
Epoch 9040 | Train: Loss=0.0002 Acc=100.0% | Test: Acc=13.2% | Best=13.3%(@8740)
  from x3: 0.13 0.13 0.13 0.13 0.13 0.13 0.13 0.13 0.13 0.13 0.13 0.13 0.13
  per-rule acc: 0.15 0.12
Epoch 9060 | Train: Loss=0.0002 Acc=100.0% | Test: Acc=13.2% | Best=13.3%(@8740)
  from x3: 0.13 0.13 0.13 0.13 0.13 0.13 0.13 0.13 0.13 0.13 0.13 0.13 0.13
  per-rule acc: 0.15 0.12
Epoch 9080 | Train: Loss=0.0001 Acc=100.0% | Test: Acc=13.2% | Best=13.3%(@8740)
  from x3: 0.13 0.13 0.13 0.13 0.13 0.13 0.13 0.13 0.13 0.13 0.13 0.13 0.13
  per-rule acc: 0.15 0.12
Epoch 9100 | Train: Loss=0.0001 Acc=100.0% | Test: Acc=13.2% | Best=13.3%(@8740)
  from x3: 0.13 0.13 0.13 0.13 0.13 0.13 0.13 0.13 0.13 0.13 0.13 0.13 0.13
  per-rule acc: 0.15 0.12
Epoch 9120 | Train: Loss=0.0001 Acc=100.0% | Test: Acc=13.2% | Best=13.3%(@8740)
  from x3: 0.13 0.13 0.13 0.13 0.13 0.13 0.13 0.13 0.13 0.13 0.13 0.13 0.13
  per-rule acc: 0.15 0.12
Epoch 9140 | Train: Loss=0.0001 Acc=100.0% | Test: Acc=13.3% | Best=13.3%(@8740)
  from x3: 0.13 0.13 0.13 0.13 0.13 0.13 0.13 0.13 0.13 0.13 0.13 0.13 0.13
  per-rule acc: 0.15 0.12
Epoch 9160 | Train: Loss=0.0001 Acc=100.0% | Test: Acc=13.3% | Best=13.3%(@8740)
  from x3: 0.13 0.13 0.13 0.13 0.13 0.13 0.13 0.13 0.13 0.13 0.13 0.13 0.13
  per-rule acc: 0.15 0.12
Epoch 9180 | Train: Loss=0.0001 Acc=100.0% | Test: Acc=13.4% | Best=13.4%(@9180)
  from x3: 0.13 0.13 0.13 0.13 0.13 0.13 0.13 0.13 0.13 0.13 0.13 0.14 0.13
  per-rule acc: 0.15 0.12
Epoch 9200 | Train: Loss=0.0001 Acc=100.0% | Test: Acc=13.4% | Best=13.4%(@9200)
  from x3: 0.13 0.13 0.13 0.13 0.13 0.13 0.13 0.13 0.13 0.13 0.13 0.14 0.13
  per-rule acc: 0.15 0.12
Epoch 9220 | Train: Loss=0.0001 Acc=100.0% | Test: Acc=13.4% | Best=13.4%(@9220)
  from x3: 0.13 0.13 0.13 0.13 0.13 0.13 0.13 0.13 0.13 0.13 0.13 0.14 0.14
  per-rule acc: 0.15 0.12
Epoch 9240 | Train: Loss=0.0001 Acc=100.0% | Test: Acc=13.4% | Best=13.4%(@9240)
  from x3: 0.13 0.13 0.13 0.13 0.13 0.13 0.13 0.14 0.13 0.14 0.13 0.14 0.14
  per-rule acc: 0.15 0.12
Epoch 9260 | Train: Loss=0.0001 Acc=100.0% | Test: Acc=13.5% | Best=13.5%(@9260)
  from x3: 0.13 0.13 0.13 0.13 0.13 0.14 0.13 0.13 0.13 0.14 0.13 0.14 0.14
  per-rule acc: 0.15 0.12
Epoch 9280 | Train: Loss=0.0001 Acc=100.0% | Test: Acc=13.5% | Best=13.5%(@9280)
  from x3: 0.13 0.13 0.13 0.13 0.13 0.14 0.14 0.13 0.14 0.14 0.13 0.14 0.14
  per-rule acc: 0.15 0.12
Epoch 9300 | Train: Loss=0.0001 Acc=100.0% | Test: Acc=13.5% | Best=13.5%(@9300)
  from x3: 0.13 0.13 0.13 0.13 0.14 0.14 0.14 0.13 0.14 0.13 0.13 0.14 0.14
  per-rule acc: 0.15 0.12
Epoch 9320 | Train: Loss=0.0001 Acc=100.0% | Test: Acc=13.5% | Best=13.5%(@9320)
  from x3: 0.13 0.13 0.13 0.13 0.14 0.14 0.14 0.13 0.14 0.14 0.13 0.14 0.14
  per-rule acc: 0.15 0.12
Epoch 9340 | Train: Loss=0.0001 Acc=100.0% | Test: Acc=13.5% | Best=13.5%(@9340)
  from x3: 0.13 0.14 0.14 0.14 0.14 0.14 0.13 0.13 0.14 0.14 0.13 0.14 0.14
  per-rule acc: 0.15 0.12
Epoch 9360 | Train: Loss=0.0001 Acc=100.0% | Test: Acc=13.5% | Best=13.5%(@9360)
  from x3: 0.13 0.14 0.14 0.14 0.14 0.14 0.14 0.14 0.14 0.13 0.14 0.14 0.14
  per-rule acc: 0.15 0.12
Epoch 9380 | Train: Loss=0.0001 Acc=100.0% | Test: Acc=13.6% | Best=13.6%(@9380)
  from x3: 0.13 0.14 0.14 0.14 0.14 0.14 0.14 0.14 0.14 0.14 0.14 0.14 0.14
  per-rule acc: 0.15 0.12
Epoch 9400 | Train: Loss=0.0001 Acc=100.0% | Test: Acc=13.6% | Best=13.6%(@9400)
  from x3: 0.13 0.14 0.14 0.14 0.14 0.14 0.14 0.14 0.14 0.14 0.14 0.14 0.14
  per-rule acc: 0.15 0.12
Epoch 9420 | Train: Loss=0.0001 Acc=100.0% | Test: Acc=13.6% | Best=13.6%(@9420)
  from x3: 0.13 0.14 0.14 0.14 0.14 0.14 0.14 0.14 0.14 0.14 0.14 0.14 0.14
  per-rule acc: 0.15 0.12
Epoch 9440 | Train: Loss=0.0001 Acc=100.0% | Test: Acc=13.6% | Best=13.6%(@9440)
  from x3: 0.13 0.14 0.14 0.14 0.14 0.14 0.14 0.14 0.14 0.14 0.14 0.14 0.14
  per-rule acc: 0.15 0.12
Epoch 9460 | Train: Loss=0.0001 Acc=100.0% | Test: Acc=13.6% | Best=13.6%(@9460)
  from x3: 0.13 0.14 0.14 0.14 0.14 0.14 0.14 0.14 0.14 0.14 0.14 0.14 0.14
  per-rule acc: 0.15 0.12
Epoch 9480 | Train: Loss=0.0001 Acc=100.0% | Test: Acc=13.6% | Best=13.6%(@9460)
  from x3: 0.13 0.14 0.14 0.14 0.14 0.14 0.14 0.14 0.14 0.14 0.14 0.14 0.14
  per-rule acc: 0.15 0.12
Epoch 9500 | Train: Loss=0.0001 Acc=100.0% | Test: Acc=13.6% | Best=13.6%(@9500)
  from x3: 0.13 0.14 0.14 0.14 0.14 0.14 0.14 0.14 0.14 0.14 0.14 0.14 0.14
  per-rule acc: 0.15 0.12
Epoch 9520 | Train: Loss=0.0001 Acc=100.0% | Test: Acc=13.6% | Best=13.6%(@9500)
  from x3: 0.13 0.14 0.14 0.14 0.14 0.14 0.14 0.14 0.14 0.14 0.14 0.14 0.14
  per-rule acc: 0.15 0.12
Epoch 9540 | Train: Loss=0.0000 Acc=100.0% | Test: Acc=13.6% | Best=13.6%(@9540)
  from x3: 0.13 0.14 0.14 0.14 0.14 0.14 0.14 0.14 0.14 0.14 0.14 0.14 0.14
  per-rule acc: 0.15 0.12
Epoch 9560 | Train: Loss=0.0000 Acc=100.0% | Test: Acc=13.6% | Best=13.6%(@9540)
  from x3: 0.13 0.14 0.14 0.14 0.14 0.14 0.14 0.14 0.14 0.14 0.14 0.14 0.14
  per-rule acc: 0.15 0.12
Epoch 9580 | Train: Loss=0.0000 Acc=100.0% | Test: Acc=13.6% | Best=13.6%(@9540)
  from x3: 0.13 0.14 0.14 0.14 0.14 0.14 0.14 0.14 0.14 0.14 0.14 0.14 0.14
  per-rule acc: 0.15 0.12
Epoch 9600 | Train: Loss=0.0000 Acc=100.0% | Test: Acc=13.6% | Best=13.6%(@9540)
  from x3: 0.13 0.14 0.14 0.14 0.14 0.14 0.14 0.14 0.14 0.14 0.14 0.14 0.14
  per-rule acc: 0.15 0.12
Epoch 9620 | Train: Loss=0.0000 Acc=100.0% | Test: Acc=13.6% | Best=13.6%(@9540)
  from x3: 0.13 0.14 0.14 0.14 0.14 0.14 0.14 0.14 0.14 0.14 0.14 0.14 0.14
  per-rule acc: 0.15 0.12
Epoch 9640 | Train: Loss=0.0000 Acc=100.0% | Test: Acc=13.6% | Best=13.6%(@9540)
  from x3: 0.13 0.14 0.14 0.14 0.14 0.14 0.14 0.14 0.14 0.14 0.14 0.14 0.14
  per-rule acc: 0.15 0.12
Epoch 9660 | Train: Loss=0.0000 Acc=100.0% | Test: Acc=13.6% | Best=13.6%(@9540)
  from x3: 0.13 0.14 0.14 0.14 0.14 0.14 0.14 0.14 0.14 0.14 0.14 0.14 0.14
  per-rule acc: 0.15 0.12
Epoch 9680 | Train: Loss=0.0000 Acc=100.0% | Test: Acc=13.6% | Best=13.6%(@9540)
  from x3: 0.13 0.14 0.14 0.14 0.14 0.14 0.14 0.14 0.14 0.14 0.14 0.14 0.14
  per-rule acc: 0.15 0.12
Epoch 9700 | Train: Loss=0.0000 Acc=100.0% | Test: Acc=13.6% | Best=13.6%(@9540)
  from x3: 0.13 0.14 0.14 0.14 0.14 0.14 0.14 0.14 0.14 0.14 0.14 0.14 0.14
  per-rule acc: 0.15 0.12
Epoch 9720 | Train: Loss=0.0000 Acc=100.0% | Test: Acc=13.6% | Best=13.6%(@9540)
  from x3: 0.13 0.14 0.14 0.14 0.14 0.14 0.14 0.14 0.14 0.14 0.14 0.14 0.14
  per-rule acc: 0.15 0.12
Epoch 9740 | Train: Loss=0.0000 Acc=100.0% | Test: Acc=13.6% | Best=13.6%(@9540)
  from x3: 0.13 0.14 0.14 0.14 0.14 0.14 0.14 0.14 0.14 0.14 0.14 0.14 0.14
  per-rule acc: 0.15 0.12
Epoch 9760 | Train: Loss=0.0000 Acc=100.0% | Test: Acc=13.6% | Best=13.6%(@9760)
  from x3: 0.13 0.14 0.14 0.14 0.14 0.14 0.14 0.14 0.14 0.14 0.14 0.14 0.14
  per-rule acc: 0.15 0.12
Epoch 9780 | Train: Loss=0.0000 Acc=100.0% | Test: Acc=13.6% | Best=13.6%(@9780)
  from x3: 0.13 0.14 0.14 0.14 0.14 0.14 0.14 0.14 0.14 0.14 0.14 0.14 0.14
  per-rule acc: 0.15 0.12
Epoch 9800 | Train: Loss=0.0000 Acc=100.0% | Test: Acc=13.6% | Best=13.6%(@9800)
  from x3: 0.13 0.14 0.14 0.14 0.14 0.14 0.14 0.14 0.14 0.14 0.14 0.14 0.14
  per-rule acc: 0.15 0.12
Epoch 9820 | Train: Loss=0.0000 Acc=100.0% | Test: Acc=13.6% | Best=13.6%(@9820)
  from x3: 0.13 0.14 0.14 0.14 0.14 0.14 0.14 0.14 0.14 0.14 0.14 0.14 0.14
  per-rule acc: 0.15 0.12
Epoch 9840 | Train: Loss=0.0000 Acc=100.0% | Test: Acc=13.6% | Best=13.6%(@9840)
  from x3: 0.13 0.14 0.14 0.14 0.14 0.14 0.14 0.14 0.14 0.14 0.14 0.14 0.14
  per-rule acc: 0.15 0.12
Epoch 9860 | Train: Loss=0.0000 Acc=100.0% | Test: Acc=13.6% | Best=13.6%(@9860)
  from x3: 0.13 0.14 0.14 0.14 0.14 0.14 0.14 0.14 0.14 0.14 0.14 0.14 0.14
  per-rule acc: 0.15 0.12
Epoch 9880 | Train: Loss=0.0000 Acc=100.0% | Test: Acc=13.6% | Best=13.6%(@9880)
  from x3: 0.13 0.14 0.14 0.14 0.14 0.14 0.14 0.14 0.14 0.14 0.14 0.14 0.14
  per-rule acc: 0.15 0.12
Epoch 9900 | Train: Loss=0.0000 Acc=100.0% | Test: Acc=13.7% | Best=13.7%(@9900)
  from x3: 0.13 0.14 0.14 0.14 0.14 0.14 0.14 0.14 0.14 0.14 0.14 0.14 0.14
  per-rule acc: 0.15 0.12
Epoch 9920 | Train: Loss=0.0000 Acc=100.0% | Test: Acc=13.7% | Best=13.7%(@9920)
  from x3: 0.13 0.14 0.14 0.14 0.14 0.14 0.14 0.14 0.14 0.14 0.14 0.14 0.14
  per-rule acc: 0.15 0.12
Epoch 9940 | Train: Loss=0.0000 Acc=100.0% | Test: Acc=13.7% | Best=13.7%(@9940)
  from x3: 0.13 0.14 0.14 0.14 0.14 0.14 0.14 0.14 0.14 0.14 0.14 0.14 0.14
  per-rule acc: 0.15 0.12
Epoch 9960 | Train: Loss=0.0000 Acc=100.0% | Test: Acc=13.7% | Best=13.7%(@9940)
  from x3: 0.13 0.14 0.14 0.14 0.14 0.14 0.14 0.14 0.14 0.14 0.14 0.14 0.14
  per-rule acc: 0.15 0.12
Epoch 9980 | Train: Loss=0.0000 Acc=100.0% | Test: Acc=13.7% | Best=13.7%(@9940)
  from x3: 0.13 0.14 0.14 0.14 0.14 0.14 0.14 0.14 0.14 0.14 0.14 0.14 0.14
  per-rule acc: 0.15 0.12
Epoch 9999 | Train: Loss=0.0000 Acc=100.0% | Test: Acc=13.7% | Best=13.7%(@9940)
  from x3: 0.13 0.14 0.14 0.14 0.14 0.14 0.14 0.14 0.14 0.14 0.14 0.14 0.14
  per-rule acc: 0.15 0.12

==================================================
Saving model...
[OK] Model saved to: /home/cxm/ai/test0625-exposure/models/mixed_cond_d128l1_r8_e35.pth
  File size: 1418.0 KB
  Best test accuracy: 13.65%

==================================================
Final generation test (given first two items, AB generates 3rd as prompt, validate from 4th)
==================================================

--- AB pair 1: (1, 1) ---

--- Statistics for AB=(1,1) ---
Exposed    samples:  1080 | In-dist: 14040/14040 (100.0%) | OOD: 17175/17280 ( 99.4%)
Unexposed  samples:  1729 | In-dist: 20123/22477 ( 89.5%) | OOD: 27455/27664 ( 99.2%)

--- AB pair 2: (1, 2) ---

--- Statistics for AB=(1,2) ---
Exposed    samples:   990 | In-dist: 12870/12870 (100.0%) | OOD: 15840/15840 (100.0%)
Unexposed  samples:  1819 | In-dist: 21114/23647 ( 89.3%) | OOD: 28941/29104 ( 99.4%)

--- Return code: 0 ---

======================================================================
Attention Analysis
======================================================================
Model config: addition (default), p=53
Best test accuracy: 0.13654496574451477
Training epochs: 9999

Random test sequence 1/5 (length 32): [18, 18, 36, 1, 37, 38, 22, 7, 29, 36, 12, 48, 7, 2, 9, 11, 20, 31, 51, 29]...

======================================================================
Attention Layer Training Result Summary
======================================================================
Input sequence: [18, 18, 36, 1, 37, 38, 22, 7, 29, 36, 12, 48, 7, 2, 9, 11, 20, 31, 51, 29, 27, 3, 30, 33, 10, 43, 0, 43, 43, 33, 23, 3]

--- Layer 0 ---
  Head 0: Entropy=1.437
    Attention coefficients from each query position to previous positions:
      i= 0 -> j=0:1.000
      i= 1 -> j=0:0.330, j=1:0.670
      i= 2 -> j=0:0.047, j=1:0.141, j=2:0.812
      i= 3 -> j=0:0.095, j=1:0.155, j=2:0.327, j=3:0.422
      i= 4 -> j=0:0.053, j=1:0.091, j=2:0.143, j=3:0.266, j=4:0.447
      i= 5 -> j=0:0.006, j=1:0.013, j=2:0.021, j=3:0.087, j=4:0.217, j=5:0.656
      i= 6 -> j=0:0.003, j=1:0.005, j=2:0.006, j=3:0.030, j=4:0.081, j=5:0.237, j=6:0.638
      i= 7 -> j=0:0.003, j=1:0.004, j=2:0.004, j=3:0.016, j=4:0.037, j=5:0.077, j=6:0.199, j=7:0.661
      i= 8 -> j=0:0.001, j=1:0.001, j=2:0.000, j=3:0.002, j=4:0.005, j=5:0.010, j=6:0.035, j=7:0.188, j=8:0.758
      i= 9 -> j=0:0.001, j=1:0.001, j=2:0.000, j=3:0.001, j=4:0.003, j=5:0.004, j=6:0.014, j=7:0.062, j=8:0.191, j=9:0.723
      i=10 -> j=0:0.003, j=1:0.002, j=2:0.001, j=3:0.002, j=4:0.003, j=5:0.005, j=6:0.012, j=7:0.039, j=8:0.077, j=9:0.187, j=10:0.669
      i=11 -> j=0:0.009, j=1:0.007, j=2:0.003, j=3:0.006, j=4:0.007, j=5:0.008, j=6:0.018, j=7:0.046, j=8:0.082, j=9:0.111, j=10:0.276, j=11:0.425
      i=12 -> j=0:0.005, j=1:0.004, j=2:0.002, j=3:0.003, j=4:0.003, j=5:0.002, j=6:0.002, j=7:0.005, j=8:0.009, j=9:0.018, j=10:0.082, j=11:0.260, j=12:0.606
      i=13 -> j=0:0.008, j=1:0.008, j=2:0.005, j=3:0.007, j=4:0.005, j=5:0.003, j=6:0.003, j=7:0.003, j=8:0.005, j=9:0.010, j=10:0.032, j=11:0.106, j=12:0.277, j=13:0.529
      i=14 -> j=0:0.009, j=1:0.008, j=2:0.005, j=3:0.007, j=4:0.006, j=5:0.003, j=6:0.003, j=7:0.002, j=8:0.003, j=9:0.008, j=10:0.018, j=11:0.056, j=12:0.127, j=13:0.214, j=14:0.530
      i=15 -> j=0:0.006, j=1:0.005, j=2:0.003, j=3:0.005, j=4:0.005, j=5:0.002, j=6:0.002, j=7:0.001, j=8:0.001, j=9:0.002, j=10:0.004, j=11:0.014, j=12:0.041, j=13:0.085, j=14:0.258, j=15:0.565
      i=16 -> j=0:0.012, j=1:0.010, j=2:0.007, j=3:0.009, j=4:0.008, j=5:0.005, j=6:0.004, j=7:0.003, j=8:0.002, j=9:0.002, j=10:0.003, j=11:0.008, j=12:0.020, j=13:0.045, j=14:0.128, j=15:0.254, j=16:0.479
      i=17 -> j=0:0.009, j=1:0.007, j=2:0.004, j=3:0.005, j=4:0.004, j=5:0.003, j=6:0.003, j=7:0.002, j=8:0.001, j=9:0.001, j=10:0.001, j=11:0.002, j=12:0.004, j=13:0.011, j=14:0.034, j=15:0.072, j=16:0.164, j=17:0.673
      i=18 -> j=0:0.021, j=1:0.020, j=2:0.013, j=3:0.015, j=4:0.012, j=5:0.009, j=6:0.008, j=7:0.007, j=8:0.005, j=9:0.004, j=10:0.003, j=11:0.005, j=12:0.006, j=13:0.014, j=14:0.031, j=15:0.053, j=16:0.088, j=17:0.249, j=18:0.435
      i=19 -> j=0:0.004, j=1:0.004, j=2:0.002, j=3:0.003, j=4:0.002, j=5:0.001, j=6:0.001, j=7:0.001, j=8:0.001, j=9:0.001, j=10:0.000, j=11:0.000, j=12:0.000, j=13:0.001, j=14:0.001, j=15:0.003, j=16:0.008, j=17:0.046, j=18:0.148, j=19:0.773
      i=20 -> j=0:0.013, j=1:0.012, j=2:0.009, j=3:0.010, j=4:0.008, j=5:0.005, j=6:0.005, j=7:0.004, j=8:0.003, j=9:0.003, j=10:0.002, j=11:0.002, j=12:0.002, j=13:0.002, j=14:0.003, j=15:0.005, j=16:0.011, j=17:0.034, j=18:0.088, j=19:0.249, j=20:0.527
      i=21 -> j=0:0.014, j=1:0.013, j=2:0.010, j=3:0.011, j=4:0.009, j=5:0.006, j=6:0.006, j=7:0.004, j=8:0.003, j=9:0.004, j=10:0.003, j=11:0.003, j=12:0.002, j=13:0.002, j=14:0.002, j=15:0.003, j=16:0.006, j=17:0.012, j=18:0.036, j=19:0.080, j=20:0.213, j=21:0.557
      i=22 -> j=0:0.026, j=1:0.024, j=2:0.019, j=3:0.022, j=4:0.021, j=5:0.017, j=6:0.016, j=7:0.011, j=8:0.008, j=9:0.009, j=10:0.007, j=11:0.008, j=12:0.006, j=13:0.006, j=14:0.005, j=15:0.005, j=16:0.010, j=17:0.014, j=18:0.035, j=19:0.055, j=20:0.107, j=21:0.194, j=22:0.375
      i=23 -> j=0:0.020, j=1:0.018, j=2:0.014, j=3:0.016, j=4:0.016, j=5:0.015, j=6:0.016, j=7:0.013, j=8:0.009, j=9:0.008, j=10:0.006, j=11:0.006, j=12:0.004, j=13:0.005, j=14:0.004, j=15:0.003, j=16:0.005, j=17:0.005, j=18:0.016, j=19:0.028, j=20:0.061, j=21:0.104, j=22:0.184, j=23:0.424
      i=24 -> j=0:0.028, j=1:0.027, j=2:0.022, j=3:0.024, j=4:0.021, j=5:0.017, j=6:0.017, j=7:0.014, j=8:0.011, j=9:0.009, j=10:0.007, j=11:0.008, j=12:0.006, j=13:0.008, j=14:0.007, j=15:0.005, j=16:0.006, j=17:0.004, j=18:0.008, j=19:0.008, j=20:0.021, j=21:0.043, j=22:0.097, j=23:0.225, j=24:0.357
      i=25 -> j=0:0.019, j=1:0.019, j=2:0.017, j=3:0.019, j=4:0.017, j=5:0.013, j=6:0.013, j=7:0.011, j=8:0.010, j=9:0.008, j=10:0.006, j=11:0.006, j=12:0.004, j=13:0.006, j=14:0.005, j=15:0.004, j=16:0.004, j=17:0.002, j=18:0.004, j=19:0.003, j=20:0.010, j=21:0.023, j=22:0.054, j=23:0.109, j=24:0.159, j=25:0.452
      i=26 -> j=0:0.028, j=1:0.024, j=2:0.020, j=3:0.023, j=4:0.020, j=5:0.016, j=6:0.016, j=7:0.014, j=8:0.016, j=9:0.017, j=10:0.013, j=11:0.012, j=12:0.008, j=13:0.009, j=14:0.007, j=15:0.006, j=16:0.007, j=17:0.004, j=18:0.005, j=19:0.003, j=20:0.006, j=21:0.011, j=22:0.026, j=23:0.048, j=24:0.086, j=25:0.195, j=26:0.359
      i=27 -> j=0:0.022, j=1:0.019, j=2:0.016, j=3:0.019, j=4:0.018, j=5:0.015, j=6:0.014, j=7:0.011, j=8:0.010, j=9:0.011, j=10:0.008, j=11:0.008, j=12:0.006, j=13:0.006, j=14:0.005, j=15:0.005, j=16:0.007, j=17:0.004, j=18:0.004, j=19:0.002, j=20:0.003, j=21:0.004, j=22:0.011, j=23:0.023, j=24:0.049, j=25:0.090, j=26:0.192, j=27:0.417
      i=28 -> j=0:0.024, j=1:0.021, j=2:0.016, j=3:0.018, j=4:0.018, j=5:0.016, j=6:0.015, j=7:0.012, j=8:0.010, j=9:0.011, j=10:0.009, j=11:0.010, j=12:0.008, j=13:0.008, j=14:0.005, j=15:0.005, j=16:0.007, j=17:0.004, j=18:0.005, j=19:0.002, j=20:0.002, j=21:0.003, j=22:0.005, j=23:0.010, j=24:0.024, j=25:0.039, j=26:0.110, j=27:0.189, j=28:0.394
      i=29 -> j=0:0.031, j=1:0.029, j=2:0.021, j=3:0.021, j=4:0.018, j=5:0.015, j=6:0.014, j=7:0.013, j=8:0.011, j=9:0.011, j=10:0.010, j=11:0.012, j=12:0.012, j=13:0.013, j=14:0.009, j=15:0.007, j=16:0.008, j=17:0.004, j=18:0.005, j=19:0.003, j=20:0.003, j=21:0.002, j=22:0.004, j=23:0.005, j=24:0.013, j=25:0.022, j=26:0.065, j=27:0.088, j=28:0.189, j=29:0.342
      i=30 -> j=0:0.015, j=1:0.016, j=2:0.012, j=3:0.012, j=4:0.010, j=5:0.009, j=6:0.008, j=7:0.007, j=8:0.006, j=9:0.006, j=10:0.004, j=11:0.005, j=12:0.004, j=13:0.005, j=14:0.004, j=15:0.003, j=16:0.003, j=17:0.001, j=18:0.002, j=19:0.001, j=20:0.001, j=21:0.001, j=22:0.001, j=23:0.001, j=24:0.002, j=25:0.004, j=26:0.013, j=27:0.022, j=28:0.060, j=29:0.169, j=30:0.594
      i=31 -> j=0:0.023, j=1:0.023, j=2:0.021, j=3:0.020, j=4:0.018, j=5:0.015, j=6:0.014, j=7:0.013, j=8:0.012, j=9:0.011, j=10:0.009, j=11:0.009, j=12:0.007, j=13:0.008, j=14:0.006, j=15:0.005, j=16:0.006, j=17:0.003, j=18:0.004, j=19:0.002, j=20:0.003, j=21:0.003, j=22:0.003, j=23:0.002, j=24:0.003, j=25:0.003, j=26:0.005, j=27:0.009, j=28:0.021, j=29:0.067, j=30:0.206, j=31:0.448
    Average attention per distance:
      d=0:0.554, d=1:0.218, d=2:0.090, d=3:0.043, d=4:0.018, d=17:0.011, d=18:0.012, d=19:0.012
      d=20:0.013, d=21:0.014, d=22:0.017, d=23:0.017, d=24:0.018, d=25:0.017, d=26:0.018, d=27:0.019
      d=28:0.021, d=29:0.022, d=30:0.019, d=31:0.023


======================================================================
QK Property Verification (Raw Scores, before Softmax)
======================================================================
Recurrence order init_len=2, num test sequences=1

--- [P1] Long-distance Orthogonality Verification ---
Ideal: raw_score mean ≈ 0 and small std when d > init_len

  Layer 0, Head 0:
    d= 1 (effective): mean=  1.646, std= 0.301, n=31
    d= 2 (effective): mean=  0.761, std= 0.190, n=30
    d>2 (long-distance): mean= -1.748, std= 0.893, n=435

--- [P2] Time-homogeneous Verification ---
Ideal: CV of raw_score across positions i ≈ 0 for fixed distance d
(CV = std / |mean|, smaller = more constant)

  Layer 0, Head 0:
    d= 1: mean=  1.646, std= 0.301, CV=0.183, n=31
    d= 2: mean=  0.761, std= 0.190, CV=0.249, n=30

======================================================================
QK Property Verification Completed
======================================================================
