=== Experiment: mixed_basic_d1024l4_r16_n4_e50 ===
Time: 2026-06-26T16:19:12.850776
Task type: mixed_ab
Merged config: {
  "P": 53,
  "TASK": "mixed_ab",
  "NUM_MASK": 0,
  "A": 1,
  "B": 1,
  "AB_PAIRS": [
    [
      1,
      1
    ],
    [
      1,
      2
    ],
    [
      1,
      3
    ],
    [
      1,
      4
    ]
  ],
  "D_MODEL": 1024,
  "N_HEAD": 1,
  "N_LAYER": 4,
  "BATCH_SIZE": 128,
  "EPOCHS": 10000,
  "LR": 0.0003,
  "SAVE_PATH": "models/mixed_basic_d1024l4_r16_n4_e50.pth",
  "USE_GREEDY_GENERATE": true,
  "USE_LEARNABLE_PE": false,
  "MLP_RATIO": 16,
  "TRAIN_LEN": 16,
  "OOD_LEN": 32,
  "DROPOUT": 0.0,
  "TARGET_INIT_COVERAGE": 0.5,
  "MAX_UNIQUE_RATIO": 0.5,
  "WEIGHT_DECAY": 1,
  "ENTROPY_PENALTY_WEIGHT": 0.0,
  "FIRST_TASK_WEIGHT": 1.0,
  "RANDOM_SEED": 42,
  "EVAL_INTERVAL": 20,
  "EARLY_STOP_NO_IMPROVE": 1000,
  "EARLY_STOP_ACCURACY": 0.99,
  "USE_AB_TAG": false,
  "USE_CONDITIONAL_WTE": false,
  "COND_WTE_SHARED_RATIO": 0.0,
  "MIXED_AB_MAX_UNIQUE_RATIOS": [
    0.5,
    0.5,
    0.5,
    0.5
  ],
  "SKIP_FINAL_GENERATION_TEST": true
}
--- output ---
Using device: cuda

[Dataset] Mixed mode: generated 5616 + 5620 samples, length 16
AB parameter pairs: [(1, 1), (1, 2), (1, 3), (1, 4)]
  - AB=(1,1): train 1404 | test 1405 | exposed ~50.0%
  - AB=(1,2): train 1404 | test 1405 | exposed ~50.0%
  - AB=(1,3): train 1404 | test 1405 | exposed ~50.0%
  - AB=(1,4): train 1404 | test 1405 | exposed ~50.0%
--------------------------------------------------
[Model config] block_size: 32, train length: 16
[Number theory] AB parameter pairs: [(1, 1), (1, 2), (1, 3), (1, 4)]


Model parameters: 151.69M

Start training...
Epoch   0 | Train: Loss=4.6559 Acc=4.1% | Test: Acc=1.1% | Best=1.1%(@0)
  from x3: 0.01 0.01 0.01 0.01 0.01 0.01 0.01 0.01 0.01 0.01 0.01 0.01 0.01
  per-rule acc: 0.01 0.01 0.01 0.01
Epoch  20 | Train: Loss=0.0076 Acc=99.8% | Test: Acc=1.5% | Best=1.5%(@20)
  from x3: 0.02 0.01 0.02 0.01 0.01 0.01 0.01 0.01 0.02 0.01 0.01 0.01 0.01
  per-rule acc: 0.02 0.01 0.01 0.01
Epoch  40 | Train: Loss=0.0042 Acc=99.9% | Test: Acc=1.8% | Best=1.8%(@40)
  from x3: 0.02 0.02 0.02 0.02 0.02 0.02 0.02 0.02 0.02 0.02 0.02 0.02 0.02
  per-rule acc: 0.03 0.02 0.02 0.01
Epoch  60 | Train: Loss=4.7042 Acc=2.1% | Test: Acc=1.6% | Best=1.8%(@40)
  from x3: 0.02 0.02 0.02 0.02 0.02 0.02 0.02 0.02 0.02 0.02 0.02 0.02 0.02
  per-rule acc: 0.02 0.02 0.01 0.02
Epoch  80 | Train: Loss=4.5856 Acc=3.8% | Test: Acc=1.6% | Best=1.8%(@40)
  from x3: 0.01 0.02 0.02 0.02 0.02 0.02 0.02 0.02 0.02 0.02 0.02 0.02 0.02
  per-rule acc: 0.02 0.02 0.01 0.02
Epoch 100 | Train: Loss=0.0085 Acc=99.9% | Test: Acc=1.9% | Best=1.9%(@100)
  from x3: 0.02 0.02 0.02 0.02 0.02 0.02 0.02 0.02 0.02 0.02 0.02 0.02 0.02
  per-rule acc: 0.03 0.03 0.01 0.01
Epoch 120 | Train: Loss=0.0194 Acc=99.7% | Test: Acc=1.7% | Best=1.9%(@100)
  from x3: 0.02 0.02 0.02 0.02 0.02 0.02 0.02 0.02 0.02 0.02 0.02 0.02 0.02
  per-rule acc: 0.02 0.02 0.01 0.01
Epoch 140 | Train: Loss=0.0325 Acc=99.5% | Test: Acc=1.7% | Best=1.9%(@100)
  from x3: 0.02 0.02 0.02 0.02 0.02 0.02 0.02 0.02 0.02 0.02 0.02 0.02 0.02
  per-rule acc: 0.03 0.02 0.01 0.01
Epoch 160 | Train: Loss=0.0057 Acc=99.9% | Test: Acc=1.8% | Best=1.9%(@100)
  from x3: 0.02 0.02 0.02 0.02 0.02 0.02 0.02 0.02 0.02 0.02 0.02 0.02 0.02
  per-rule acc: 0.03 0.02 0.01 0.01
Epoch 180 | Train: Loss=0.0054 Acc=99.9% | Test: Acc=1.6% | Best=1.9%(@100)
  from x3: 0.02 0.02 0.02 0.02 0.02 0.02 0.01 0.01 0.01 0.02 0.02 0.02 0.02
  per-rule acc: 0.02 0.02 0.01 0.01
Epoch 200 | Train: Loss=0.0046 Acc=99.9% | Test: Acc=1.7% | Best=1.9%(@100)
  from x3: 0.02 0.02 0.01 0.02 0.02 0.02 0.02 0.02 0.02 0.02 0.02 0.02 0.02
  per-rule acc: 0.02 0.02 0.02 0.01
Epoch 220 | Train: Loss=0.0035 Acc=99.9% | Test: Acc=1.7% | Best=1.9%(@100)
  from x3: 0.02 0.02 0.02 0.02 0.02 0.02 0.02 0.02 0.02 0.02 0.02 0.02 0.02
  per-rule acc: 0.02 0.03 0.02 0.01
Epoch 240 | Train: Loss=0.0076 Acc=99.8% | Test: Acc=1.8% | Best=1.9%(@100)
  from x3: 0.02 0.02 0.02 0.02 0.02 0.02 0.02 0.02 0.02 0.02 0.02 0.02 0.02
  per-rule acc: 0.02 0.03 0.02 0.01
Epoch 260 | Train: Loss=2.3400 Acc=63.6% | Test: Acc=1.8% | Best=1.9%(@100)
  from x3: 0.02 0.02 0.02 0.02 0.02 0.02 0.02 0.02 0.02 0.02 0.02 0.02 0.02
  per-rule acc: 0.03 0.02 0.01 0.01
Epoch 280 | Train: Loss=0.0046 Acc=99.9% | Test: Acc=2.1% | Best=2.1%(@280)
  from x3: 0.02 0.02 0.02 0.02 0.02 0.02 0.02 0.02 0.02 0.02 0.02 0.02 0.02
  per-rule acc: 0.02 0.03 0.02 0.02
Epoch 300 | Train: Loss=0.0038 Acc=99.9% | Test: Acc=2.2% | Best=2.2%(@300)
  from x3: 0.02 0.02 0.02 0.02 0.02 0.02 0.02 0.02 0.02 0.02 0.02 0.02 0.02
  per-rule acc: 0.02 0.04 0.02 0.01
Epoch 320 | Train: Loss=0.0038 Acc=99.9% | Test: Acc=2.1% | Best=2.2%(@300)
  from x3: 0.02 0.02 0.02 0.02 0.02 0.02 0.02 0.02 0.02 0.02 0.02 0.02 0.02
  per-rule acc: 0.01 0.04 0.02 0.01
Epoch 340 | Train: Loss=0.0180 Acc=99.6% | Test: Acc=2.0% | Best=2.2%(@300)
  from x3: 0.02 0.02 0.02 0.02 0.02 0.02 0.02 0.02 0.02 0.02 0.02 0.02 0.02
  per-rule acc: 0.02 0.03 0.02 0.01
Epoch 360 | Train: Loss=0.0045 Acc=99.9% | Test: Acc=2.3% | Best=2.3%(@360)
  from x3: 0.02 0.02 0.02 0.02 0.02 0.02 0.02 0.02 0.02 0.02 0.02 0.02 0.02
  per-rule acc: 0.02 0.03 0.02 0.02
Epoch 380 | Train: Loss=0.0040 Acc=99.9% | Test: Acc=2.3% | Best=2.3%(@380)
  from x3: 0.02 0.02 0.02 0.02 0.02 0.02 0.02 0.02 0.02 0.02 0.02 0.02 0.02
  per-rule acc: 0.02 0.03 0.02 0.02
Epoch 400 | Train: Loss=0.0033 Acc=99.9% | Test: Acc=2.3% | Best=2.3%(@400)
  from x3: 0.02 0.02 0.02 0.02 0.02 0.02 0.02 0.02 0.02 0.02 0.02 0.02 0.02
  per-rule acc: 0.02 0.04 0.02 0.02
Epoch 420 | Train: Loss=0.0050 Acc=99.8% | Test: Acc=2.0% | Best=2.3%(@400)
  from x3: 0.02 0.02 0.02 0.02 0.02 0.02 0.02 0.02 0.02 0.02 0.02 0.02 0.02
  per-rule acc: 0.01 0.03 0.02 0.01
Epoch 440 | Train: Loss=0.1029 Acc=99.0% | Test: Acc=1.9% | Best=2.3%(@400)
  from x3: 0.02 0.02 0.02 0.02 0.02 0.02 0.02 0.02 0.02 0.02 0.02 0.02 0.02
  per-rule acc: 0.01 0.04 0.01 0.01
Epoch 460 | Train: Loss=0.0040 Acc=99.9% | Test: Acc=2.3% | Best=2.3%(@400)
  from x3: 0.02 0.02 0.02 0.02 0.02 0.02 0.02 0.02 0.02 0.02 0.02 0.02 0.02
  per-rule acc: 0.02 0.04 0.02 0.02
Epoch 480 | Train: Loss=0.0034 Acc=99.9% | Test: Acc=2.2% | Best=2.3%(@400)
  from x3: 0.02 0.02 0.02 0.02 0.02 0.02 0.02 0.02 0.02 0.02 0.02 0.02 0.02
  per-rule acc: 0.01 0.03 0.02 0.02
Epoch 500 | Train: Loss=0.0031 Acc=99.9% | Test: Acc=2.1% | Best=2.3%(@400)
  from x3: 0.02 0.02 0.02 0.02 0.02 0.02 0.02 0.02 0.02 0.02 0.02 0.02 0.02
  per-rule acc: 0.01 0.03 0.02 0.02
Epoch 520 | Train: Loss=0.0126 Acc=99.7% | Test: Acc=2.2% | Best=2.3%(@400)
  from x3: 0.02 0.02 0.02 0.02 0.02 0.02 0.02 0.02 0.02 0.02 0.02 0.02 0.02
  per-rule acc: 0.01 0.03 0.02 0.02
Epoch 540 | Train: Loss=0.0041 Acc=99.9% | Test: Acc=2.3% | Best=2.3%(@400)
  from x3: 0.02 0.02 0.02 0.02 0.02 0.02 0.02 0.02 0.02 0.02 0.02 0.02 0.02
  per-rule acc: 0.01 0.03 0.03 0.02
Epoch 560 | Train: Loss=0.0032 Acc=99.9% | Test: Acc=2.0% | Best=2.3%(@400)
  from x3: 0.02 0.02 0.02 0.02 0.02 0.02 0.02 0.02 0.02 0.02 0.02 0.02 0.02
  per-rule acc: 0.01 0.03 0.02 0.01
Epoch 580 | Train: Loss=0.0093 Acc=99.8% | Test: Acc=2.1% | Best=2.3%(@400)
  from x3: 0.02 0.02 0.02 0.02 0.02 0.02 0.02 0.02 0.02 0.02 0.02 0.02 0.02
  per-rule acc: 0.02 0.04 0.02 0.01
Epoch 600 | Train: Loss=0.0767 Acc=99.6% | Test: Acc=2.1% | Best=2.3%(@400)
  from x3: 0.02 0.02 0.02 0.02 0.02 0.02 0.02 0.02 0.02 0.02 0.02 0.02 0.02
  per-rule acc: 0.02 0.04 0.02 0.01
Epoch 620 | Train: Loss=0.0041 Acc=99.9% | Test: Acc=2.3% | Best=2.3%(@400)
  from x3: 0.02 0.02 0.02 0.02 0.02 0.02 0.02 0.02 0.02 0.02 0.02 0.02 0.02
  per-rule acc: 0.01 0.04 0.02 0.02
Epoch 640 | Train: Loss=0.0030 Acc=99.9% | Test: Acc=2.4% | Best=2.4%(@640)
  from x3: 0.02 0.02 0.02 0.03 0.02 0.02 0.02 0.02 0.02 0.02 0.02 0.02 0.02
  per-rule acc: 0.02 0.04 0.02 0.02
Epoch 660 | Train: Loss=0.0163 Acc=99.6% | Test: Acc=2.2% | Best=2.4%(@640)
  from x3: 0.02 0.02 0.02 0.02 0.02 0.02 0.02 0.02 0.02 0.02 0.02 0.02 0.02
  per-rule acc: 0.01 0.04 0.02 0.02
Epoch 680 | Train: Loss=0.0041 Acc=99.9% | Test: Acc=2.4% | Best=2.4%(@640)
  from x3: 0.03 0.02 0.02 0.02 0.02 0.02 0.02 0.02 0.02 0.02 0.02 0.02 0.02
  per-rule acc: 0.01 0.03 0.03 0.02
Epoch 700 | Train: Loss=0.0032 Acc=99.9% | Test: Acc=2.0% | Best=2.4%(@640)
  from x3: 0.02 0.02 0.02 0.02 0.02 0.02 0.02 0.02 0.02 0.02 0.02 0.02 0.02
  per-rule acc: 0.01 0.03 0.02 0.02
Epoch 720 | Train: Loss=0.0116 Acc=99.7% | Test: Acc=2.2% | Best=2.4%(@640)
  from x3: 0.02 0.02 0.02 0.02 0.02 0.02 0.02 0.02 0.02 0.02 0.02 0.02 0.02
  per-rule acc: 0.01 0.04 0.02 0.02
Epoch 740 | Train: Loss=0.0052 Acc=99.8% | Test: Acc=2.4% | Best=2.4%(@740)
  from x3: 0.02 0.02 0.02 0.02 0.02 0.02 0.02 0.02 0.02 0.02 0.02 0.02 0.02
  per-rule acc: 0.02 0.04 0.02 0.02
Epoch 760 | Train: Loss=0.1619 Acc=99.4% | Test: Acc=2.0% | Best=2.4%(@740)
  from x3: 0.02 0.02 0.02 0.02 0.02 0.02 0.02 0.02 0.02 0.02 0.02 0.02 0.02
  per-rule acc: 0.01 0.04 0.02 0.01
Epoch 780 | Train: Loss=0.0038 Acc=99.9% | Test: Acc=2.4% | Best=2.4%(@740)
  from x3: 0.03 0.02 0.02 0.02 0.02 0.02 0.02 0.02 0.02 0.02 0.02 0.02 0.02
  per-rule acc: 0.02 0.04 0.02 0.02
Epoch 800 | Train: Loss=0.0035 Acc=99.9% | Test: Acc=2.1% | Best=2.4%(@740)
  from x3: 0.02 0.02 0.02 0.02 0.02 0.02 0.02 0.02 0.02 0.02 0.02 0.02 0.02
  per-rule acc: 0.01 0.04 0.02 0.01
Epoch 820 | Train: Loss=0.0603 Acc=98.9% | Test: Acc=2.3% | Best=2.4%(@740)
  from x3: 0.02 0.02 0.02 0.02 0.02 0.02 0.02 0.02 0.02 0.02 0.02 0.02 0.02
  per-rule acc: 0.01 0.04 0.02 0.02
Epoch 840 | Train: Loss=0.0040 Acc=99.9% | Test: Acc=2.4% | Best=2.4%(@740)
  from x3: 0.03 0.02 0.02 0.02 0.02 0.02 0.02 0.02 0.02 0.02 0.02 0.02 0.02
  per-rule acc: 0.02 0.04 0.02 0.02
Epoch 860 | Train: Loss=0.0041 Acc=99.9% | Test: Acc=2.4% | Best=2.4%(@860)
  from x3: 0.03 0.02 0.03 0.02 0.02 0.02 0.02 0.02 0.02 0.02 0.02 0.02 0.02
  per-rule acc: 0.02 0.04 0.02 0.02
Epoch 880 | Train: Loss=0.0355 Acc=99.3% | Test: Acc=2.3% | Best=2.4%(@860)
  from x3: 0.03 0.03 0.02 0.02 0.02 0.02 0.02 0.02 0.02 0.02 0.02 0.02 0.02
  per-rule acc: 0.02 0.04 0.02 0.02
Epoch 900 | Train: Loss=0.0040 Acc=99.9% | Test: Acc=2.2% | Best=2.4%(@860)
  from x3: 0.02 0.02 0.02 0.02 0.02 0.02 0.02 0.02 0.02 0.02 0.02 0.02 0.02
  per-rule acc: 0.01 0.04 0.02 0.02
Epoch 920 | Train: Loss=0.0030 Acc=99.9% | Test: Acc=2.4% | Best=2.4%(@860)
  from x3: 0.03 0.03 0.02 0.02 0.02 0.02 0.02 0.02 0.02 0.02 0.02 0.02 0.02
  per-rule acc: 0.01 0.04 0.02 0.02
Epoch 940 | Train: Loss=0.0357 Acc=99.3% | Test: Acc=2.1% | Best=2.4%(@860)
  from x3: 0.02 0.02 0.02 0.02 0.02 0.02 0.02 0.02 0.02 0.02 0.02 0.02 0.02
  per-rule acc: 0.02 0.04 0.02 0.02
Epoch 960 | Train: Loss=0.0041 Acc=99.9% | Test: Acc=2.6% | Best=2.6%(@960)
  from x3: 0.03 0.03 0.03 0.03 0.03 0.03 0.03 0.03 0.03 0.03 0.03 0.03 0.03
  per-rule acc: 0.02 0.04 0.02 0.02
Epoch 980 | Train: Loss=0.0038 Acc=99.9% | Test: Acc=2.0% | Best=2.6%(@960)
  from x3: 0.02 0.02 0.02 0.02 0.02 0.02 0.02 0.02 0.02 0.02 0.02 0.02 0.02
  per-rule acc: 0.01 0.04 0.02 0.02
Epoch 1000 | Train: Loss=0.1326 Acc=99.3% | Test: Acc=2.4% | Best=2.6%(@960)
  from x3: 0.03 0.02 0.02 0.02 0.02 0.02 0.02 0.02 0.02 0.02 0.02 0.02 0.02
  per-rule acc: 0.02 0.04 0.02 0.02
Epoch 1020 | Train: Loss=0.0039 Acc=99.9% | Test: Acc=2.4% | Best=2.6%(@960)
  from x3: 0.03 0.02 0.02 0.02 0.02 0.02 0.02 0.02 0.02 0.02 0.02 0.02 0.02
  per-rule acc: 0.02 0.04 0.02 0.02
Epoch 1040 | Train: Loss=0.0118 Acc=99.7% | Test: Acc=2.3% | Best=2.6%(@960)
  from x3: 0.03 0.02 0.02 0.02 0.02 0.02 0.02 0.02 0.02 0.02 0.02 0.02 0.02
  per-rule acc: 0.02 0.04 0.02 0.02
Epoch 1060 | Train: Loss=0.0041 Acc=99.9% | Test: Acc=2.3% | Best=2.6%(@960)
  from x3: 0.03 0.02 0.02 0.02 0.02 0.02 0.02 0.02 0.02 0.02 0.02 0.02 0.02
  per-rule acc: 0.01 0.04 0.02 0.02
Epoch 1080 | Train: Loss=0.0106 Acc=99.7% | Test: Acc=2.0% | Best=2.6%(@960)
  from x3: 0.02 0.02 0.02 0.02 0.02 0.02 0.02 0.02 0.02 0.02 0.02 0.02 0.02
  per-rule acc: 0.01 0.03 0.02 0.02
Epoch 1100 | Train: Loss=0.1174 Acc=99.7% | Test: Acc=1.9% | Best=2.6%(@960)
  from x3: 0.02 0.02 0.02 0.02 0.02 0.02 0.02 0.02 0.02 0.02 0.02 0.02 0.02
  per-rule acc: 0.01 0.03 0.02 0.01
Epoch 1120 | Train: Loss=0.0036 Acc=99.9% | Test: Acc=2.5% | Best=2.6%(@960)
  from x3: 0.03 0.03 0.02 0.03 0.03 0.03 0.02 0.02 0.02 0.02 0.02 0.02 0.02
  per-rule acc: 0.02 0.04 0.02 0.02
Epoch 1140 | Train: Loss=0.0063 Acc=99.9% | Test: Acc=2.2% | Best=2.6%(@960)
  from x3: 0.02 0.02 0.02 0.02 0.02 0.02 0.02 0.02 0.02 0.02 0.02 0.02 0.02
  per-rule acc: 0.02 0.03 0.02 0.02
Epoch 1160 | Train: Loss=0.0041 Acc=99.9% | Test: Acc=2.5% | Best=2.6%(@960)
  from x3: 0.03 0.03 0.02 0.02 0.02 0.02 0.02 0.02 0.02 0.02 0.02 0.02 0.02
  per-rule acc: 0.02 0.04 0.02 0.02
Epoch 1180 | Train: Loss=0.0032 Acc=99.9% | Test: Acc=2.4% | Best=2.6%(@960)
  from x3: 0.02 0.02 0.02 0.02 0.02 0.02 0.02 0.02 0.02 0.02 0.02 0.02 0.02
  per-rule acc: 0.01 0.04 0.03 0.02
Epoch 1200 | Train: Loss=0.0058 Acc=99.8% | Test: Acc=2.3% | Best=2.6%(@960)
  from x3: 0.03 0.02 0.02 0.02 0.02 0.02 0.02 0.02 0.02 0.02 0.02 0.02 0.02
  per-rule acc: 0.02 0.04 0.02 0.02
Epoch 1220 | Train: Loss=0.0753 Acc=99.7% | Test: Acc=2.0% | Best=2.6%(@960)
  from x3: 0.02 0.02 0.02 0.02 0.02 0.02 0.02 0.02 0.02 0.02 0.02 0.02 0.02
  per-rule acc: 0.02 0.03 0.02 0.02
Epoch 1240 | Train: Loss=0.0041 Acc=99.9% | Test: Acc=2.5% | Best=2.6%(@960)
  from x3: 0.03 0.03 0.03 0.02 0.02 0.03 0.03 0.03 0.03 0.02 0.03 0.02 0.02
  per-rule acc: 0.02 0.04 0.02 0.02
Epoch 1260 | Train: Loss=0.0050 Acc=99.9% | Test: Acc=2.2% | Best=2.6%(@960)
  from x3: 0.03 0.02 0.02 0.02 0.02 0.02 0.02 0.02 0.02 0.02 0.02 0.02 0.02
  per-rule acc: 0.02 0.04 0.02 0.02
Epoch 1280 | Train: Loss=0.0042 Acc=99.9% | Test: Acc=2.7% | Best=2.7%(@1280)
  from x3: 0.03 0.03 0.03 0.03 0.03 0.03 0.03 0.03 0.03 0.03 0.03 0.03 0.03
  per-rule acc: 0.02 0.04 0.02 0.03
Epoch 1300 | Train: Loss=0.0032 Acc=99.9% | Test: Acc=2.4% | Best=2.7%(@1280)
  from x3: 0.03 0.03 0.02 0.02 0.02 0.02 0.02 0.02 0.02 0.02 0.02 0.02 0.02
  per-rule acc: 0.01 0.04 0.02 0.02
Epoch 1320 | Train: Loss=0.0119 Acc=99.7% | Test: Acc=2.4% | Best=2.7%(@1280)
  from x3: 0.03 0.02 0.02 0.02 0.02 0.02 0.02 0.02 0.02 0.02 0.02 0.02 0.02
  per-rule acc: 0.02 0.04 0.02 0.02
Epoch 1340 | Train: Loss=0.0092 Acc=99.8% | Test: Acc=2.3% | Best=2.7%(@1280)
  from x3: 0.02 0.02 0.02 0.02 0.02 0.02 0.02 0.02 0.02 0.02 0.02 0.02 0.02
  per-rule acc: 0.01 0.04 0.02 0.02
Epoch 1360 | Train: Loss=0.0042 Acc=99.9% | Test: Acc=2.4% | Best=2.7%(@1280)
  from x3: 0.03 0.02 0.02 0.02 0.02 0.02 0.02 0.02 0.02 0.02 0.02 0.02 0.02
  per-rule acc: 0.02 0.04 0.02 0.02
Epoch 1380 | Train: Loss=0.0034 Acc=99.9% | Test: Acc=2.5% | Best=2.7%(@1280)
  from x3: 0.03 0.03 0.03 0.03 0.02 0.02 0.03 0.03 0.02 0.03 0.02 0.02 0.02
  per-rule acc: 0.02 0.04 0.02 0.02
Epoch 1400 | Train: Loss=0.0040 Acc=99.9% | Test: Acc=2.3% | Best=2.7%(@1280)
  from x3: 0.03 0.02 0.02 0.02 0.02 0.02 0.02 0.02 0.02 0.02 0.02 0.02 0.02
  per-rule acc: 0.02 0.04 0.01 0.02
Epoch 1420 | Train: Loss=0.0043 Acc=99.9% | Test: Acc=2.6% | Best=2.7%(@1280)
  from x3: 0.03 0.03 0.03 0.03 0.03 0.03 0.03 0.02 0.03 0.02 0.03 0.02 0.03
  per-rule acc: 0.02 0.04 0.02 0.02
Epoch 1440 | Train: Loss=0.0031 Acc=99.9% | Test: Acc=2.4% | Best=2.7%(@1280)
  from x3: 0.03 0.02 0.02 0.02 0.02 0.02 0.02 0.02 0.02 0.02 0.02 0.02 0.02
  per-rule acc: 0.02 0.04 0.02 0.02
Epoch 1460 | Train: Loss=0.0408 Acc=99.1% | Test: Acc=2.4% | Best=2.7%(@1280)
  from x3: 0.03 0.02 0.02 0.02 0.02 0.02 0.02 0.02 0.02 0.02 0.02 0.02 0.02
  per-rule acc: 0.02 0.04 0.02 0.02
Epoch 1480 | Train: Loss=0.0134 Acc=99.8% | Test: Acc=2.2% | Best=2.7%(@1280)
  from x3: 0.02 0.02 0.02 0.02 0.02 0.02 0.02 0.02 0.02 0.02 0.02 0.02 0.02
  per-rule acc: 0.02 0.03 0.02 0.02
Epoch 1500 | Train: Loss=0.0048 Acc=99.9% | Test: Acc=2.4% | Best=2.7%(@1280)
  from x3: 0.03 0.02 0.02 0.02 0.02 0.02 0.02 0.02 0.02 0.02 0.02 0.02 0.02
  per-rule acc: 0.01 0.04 0.02 0.02
Epoch 1520 | Train: Loss=0.0043 Acc=99.9% | Test: Acc=2.4% | Best=2.7%(@1280)
  from x3: 0.03 0.03 0.02 0.02 0.02 0.02 0.02 0.02 0.02 0.02 0.02 0.02 0.02
  per-rule acc: 0.02 0.04 0.02 0.02
Epoch 1540 | Train: Loss=0.0030 Acc=99.9% | Test: Acc=2.6% | Best=2.7%(@1280)
  from x3: 0.03 0.03 0.03 0.03 0.03 0.03 0.02 0.02 0.02 0.03 0.03 0.03 0.03
  per-rule acc: 0.02 0.04 0.02 0.02
Epoch 1560 | Train: Loss=0.0033 Acc=99.9% | Test: Acc=2.4% | Best=2.7%(@1280)
  from x3: 0.03 0.02 0.02 0.02 0.02 0.02 0.02 0.02 0.02 0.02 0.02 0.02 0.02
  per-rule acc: 0.01 0.04 0.02 0.02
Epoch 1580 | Train: Loss=0.0394 Acc=99.3% | Test: Acc=2.3% | Best=2.7%(@1280)
  from x3: 0.02 0.02 0.02 0.02 0.02 0.02 0.02 0.02 0.02 0.02 0.02 0.02 0.02
  per-rule acc: 0.02 0.04 0.02 0.02
Epoch 1600 | Train: Loss=0.0038 Acc=99.9% | Test: Acc=2.4% | Best=2.7%(@1280)
  from x3: 0.03 0.03 0.02 0.02 0.02 0.02 0.02 0.02 0.02 0.02 0.02 0.02 0.02
  per-rule acc: 0.01 0.04 0.02 0.02
Epoch 1620 | Train: Loss=0.0029 Acc=99.9% | Test: Acc=2.5% | Best=2.7%(@1280)
  from x3: 0.03 0.03 0.03 0.03 0.03 0.03 0.03 0.03 0.03 0.02 0.03 0.02 0.02
  per-rule acc: 0.02 0.04 0.02 0.02
Epoch 1640 | Train: Loss=0.0097 Acc=99.8% | Test: Acc=2.1% | Best=2.7%(@1280)
  from x3: 0.02 0.02 0.02 0.02 0.02 0.02 0.02 0.02 0.02 0.02 0.02 0.02 0.02
  per-rule acc: 0.01 0.04 0.02 0.02
Epoch 1660 | Train: Loss=0.0126 Acc=99.7% | Test: Acc=2.2% | Best=2.7%(@1280)
  from x3: 0.02 0.02 0.02 0.02 0.02 0.02 0.02 0.02 0.02 0.02 0.02 0.02 0.02
  per-rule acc: 0.01 0.04 0.02 0.02
Epoch 1680 | Train: Loss=0.0195 Acc=99.8% | Test: Acc=2.2% | Best=2.7%(@1280)
  from x3: 0.02 0.02 0.02 0.02 0.02 0.02 0.02 0.02 0.02 0.02 0.02 0.02 0.02
  per-rule acc: 0.01 0.04 0.02 0.02
Epoch 1700 | Train: Loss=0.0180 Acc=99.9% | Test: Acc=2.4% | Best=2.7%(@1280)
  from x3: 0.03 0.02 0.02 0.02 0.02 0.02 0.02 0.02 0.02 0.02 0.02 0.02 0.02
  per-rule acc: 0.01 0.04 0.02 0.02
Epoch 1720 | Train: Loss=0.1395 Acc=99.1% | Test: Acc=2.3% | Best=2.7%(@1280)
  from x3: 0.03 0.02 0.02 0.02 0.02 0.02 0.02 0.02 0.02 0.02 0.02 0.02 0.02
  per-rule acc: 0.01 0.04 0.02 0.02
Epoch 1740 | Train: Loss=0.0035 Acc=99.9% | Test: Acc=2.5% | Best=2.7%(@1280)
  from x3: 0.03 0.02 0.02 0.03 0.03 0.03 0.02 0.02 0.02 0.02 0.02 0.02 0.02
  per-rule acc: 0.02 0.04 0.02 0.02
Epoch 1760 | Train: Loss=0.0091 Acc=99.8% | Test: Acc=2.5% | Best=2.7%(@1280)
  from x3: 0.03 0.02 0.02 0.02 0.02 0.02 0.03 0.02 0.02 0.03 0.02 0.03 0.03
  per-rule acc: 0.02 0.04 0.02 0.02
Epoch 1780 | Train: Loss=0.0038 Acc=99.9% | Test: Acc=2.7% | Best=2.7%(@1280)
  from x3: 0.03 0.03 0.03 0.03 0.03 0.03 0.03 0.03 0.03 0.03 0.03 0.03 0.03
  per-rule acc: 0.02 0.04 0.02 0.02
Epoch 1800 | Train: Loss=0.0032 Acc=99.9% | Test: Acc=2.7% | Best=2.7%(@1800)
  from x3: 0.03 0.03 0.03 0.03 0.03 0.03 0.03 0.03 0.03 0.03 0.03 0.03 0.03
  per-rule acc: 0.02 0.04 0.02 0.03
Epoch 1820 | Train: Loss=0.0030 Acc=99.9% | Test: Acc=2.3% | Best=2.7%(@1800)
  from x3: 0.03 0.02 0.02 0.02 0.02 0.02 0.02 0.02 0.02 0.02 0.02 0.02 0.02
  per-rule acc: 0.02 0.04 0.02 0.02
Epoch 1840 | Train: Loss=0.0502 Acc=99.0% | Test: Acc=2.2% | Best=2.7%(@1800)
  from x3: 0.03 0.02 0.02 0.02 0.02 0.02 0.02 0.02 0.02 0.02 0.02 0.02 0.02
  per-rule acc: 0.01 0.04 0.02 0.02
Epoch 1860 | Train: Loss=0.0039 Acc=99.9% | Test: Acc=2.5% | Best=2.7%(@1800)
  from x3: 0.03 0.03 0.02 0.02 0.02 0.02 0.02 0.02 0.02 0.02 0.02 0.02 0.02
  per-rule acc: 0.02 0.04 0.03 0.02
Epoch 1880 | Train: Loss=0.0046 Acc=99.8% | Test: Acc=2.3% | Best=2.7%(@1800)
  from x3: 0.02 0.02 0.02 0.02 0.02 0.02 0.02 0.02 0.02 0.02 0.02 0.02 0.02
  per-rule acc: 0.01 0.04 0.02 0.02
Epoch 1900 | Train: Loss=0.0041 Acc=99.9% | Test: Acc=2.6% | Best=2.7%(@1800)
  from x3: 0.03 0.03 0.03 0.02 0.03 0.03 0.03 0.03 0.03 0.03 0.03 0.03 0.03
  per-rule acc: 0.02 0.04 0.02 0.02
Epoch 1920 | Train: Loss=0.0031 Acc=99.9% | Test: Acc=2.5% | Best=2.7%(@1800)
  from x3: 0.03 0.02 0.03 0.03 0.02 0.02 0.02 0.02 0.02 0.02 0.02 0.02 0.02
  per-rule acc: 0.02 0.04 0.02 0.02
Epoch 1940 | Train: Loss=0.0093 Acc=99.8% | Test: Acc=2.3% | Best=2.7%(@1800)
  from x3: 0.03 0.02 0.02 0.02 0.02 0.02 0.02 0.02 0.02 0.02 0.02 0.02 0.02
  per-rule acc: 0.01 0.04 0.02 0.02
Epoch 1960 | Train: Loss=0.0039 Acc=99.9% | Test: Acc=2.3% | Best=2.7%(@1800)
  from x3: 0.03 0.02 0.02 0.02 0.02 0.02 0.02 0.02 0.02 0.02 0.02 0.02 0.02
  per-rule acc: 0.02 0.04 0.02 0.02
Epoch 1980 | Train: Loss=0.0030 Acc=99.9% | Test: Acc=2.6% | Best=2.7%(@1800)
  from x3: 0.03 0.03 0.03 0.03 0.02 0.03 0.03 0.03 0.03 0.03 0.02 0.03 0.03
  per-rule acc: 0.02 0.05 0.02 0.02
Epoch 2000 | Train: Loss=0.0167 Acc=99.6% | Test: Acc=2.8% | Best=2.8%(@2000)
  from x3: 0.03 0.03 0.03 0.03 0.03 0.03 0.03 0.03 0.03 0.03 0.03 0.03 0.03
  per-rule acc: 0.02 0.04 0.03 0.03
Epoch 2020 | Train: Loss=0.0036 Acc=99.9% | Test: Acc=2.5% | Best=2.8%(@2000)
  from x3: 0.03 0.02 0.02 0.02 0.02 0.02 0.02 0.02 0.02 0.02 0.02 0.02 0.02
  per-rule acc: 0.02 0.04 0.03 0.02
Epoch 2040 | Train: Loss=0.0029 Acc=99.9% | Test: Acc=2.6% | Best=2.8%(@2000)
  from x3: 0.03 0.03 0.03 0.03 0.03 0.03 0.03 0.03 0.03 0.03 0.03 0.03 0.03
  per-rule acc: 0.01 0.04 0.02 0.02
Epoch 2060 | Train: Loss=0.0159 Acc=99.6% | Test: Acc=2.6% | Best=2.8%(@2000)
  from x3: 0.03 0.03 0.03 0.03 0.03 0.03 0.03 0.03 0.03 0.03 0.03 0.03 0.03
  per-rule acc: 0.01 0.04 0.02 0.02
Epoch 2080 | Train: Loss=0.0039 Acc=99.9% | Test: Acc=2.5% | Best=2.8%(@2000)
  from x3: 0.03 0.03 0.03 0.02 0.03 0.03 0.03 0.03 0.02 0.02 0.02 0.02 0.02
  per-rule acc: 0.02 0.03 0.02 0.03
Epoch 2100 | Train: Loss=0.0032 Acc=99.9% | Test: Acc=2.6% | Best=2.8%(@2000)
  from x3: 0.03 0.03 0.03 0.03 0.03 0.03 0.03 0.03 0.03 0.03 0.03 0.03 0.03
  per-rule acc: 0.02 0.04 0.02 0.02
Epoch 2120 | Train: Loss=0.0116 Acc=99.7% | Test: Acc=2.3% | Best=2.8%(@2000)
  from x3: 0.03 0.02 0.02 0.02 0.02 0.02 0.02 0.02 0.02 0.02 0.02 0.02 0.02
  per-rule acc: 0.02 0.04 0.02 0.02
Epoch 2140 | Train: Loss=0.0039 Acc=99.9% | Test: Acc=2.6% | Best=2.8%(@2000)
  from x3: 0.03 0.03 0.03 0.03 0.03 0.03 0.03 0.03 0.03 0.03 0.03 0.03 0.03
  per-rule acc: 0.02 0.04 0.02 0.02
Epoch 2160 | Train: Loss=0.0028 Acc=99.9% | Test: Acc=2.3% | Best=2.8%(@2000)
  from x3: 0.03 0.02 0.02 0.02 0.02 0.02 0.02 0.02 0.02 0.02 0.02 0.02 0.02
  per-rule acc: 0.01 0.04 0.02 0.02
Epoch 2180 | Train: Loss=0.0466 Acc=99.7% | Test: Acc=2.5% | Best=2.8%(@2000)
  from x3: 0.03 0.02 0.02 0.02 0.02 0.03 0.03 0.03 0.02 0.02 0.03 0.03 0.03
  per-rule acc: 0.02 0.04 0.02 0.03
Epoch 2200 | Train: Loss=0.0036 Acc=99.9% | Test: Acc=2.6% | Best=2.8%(@2000)
  from x3: 0.03 0.02 0.03 0.03 0.03 0.03 0.03 0.03 0.03 0.03 0.03 0.03 0.03
  per-rule acc: 0.02 0.04 0.03 0.03
Epoch 2220 | Train: Loss=0.0073 Acc=99.8% | Test: Acc=2.5% | Best=2.8%(@2000)
  from x3: 0.03 0.03 0.03 0.03 0.02 0.02 0.02 0.02 0.02 0.02 0.02 0.02 0.02
  per-rule acc: 0.02 0.04 0.02 0.02
Epoch 2240 | Train: Loss=0.0120 Acc=99.7% | Test: Acc=2.5% | Best=2.8%(@2000)
  from x3: 0.03 0.03 0.02 0.02 0.02 0.02 0.02 0.02 0.02 0.02 0.02 0.02 0.02
  per-rule acc: 0.02 0.04 0.02 0.02
Epoch 2260 | Train: Loss=0.0041 Acc=99.9% | Test: Acc=2.4% | Best=2.8%(@2000)
  from x3: 0.02 0.02 0.02 0.02 0.02 0.02 0.02 0.02 0.02 0.02 0.02 0.02 0.02
  per-rule acc: 0.02 0.04 0.02 0.02
Epoch 2280 | Train: Loss=0.0118 Acc=99.7% | Test: Acc=2.5% | Best=2.8%(@2000)
  from x3: 0.03 0.02 0.02 0.02 0.02 0.02 0.02 0.02 0.02 0.02 0.02 0.02 0.02
  per-rule acc: 0.02 0.04 0.02 0.02
Epoch 2300 | Train: Loss=0.0036 Acc=99.9% | Test: Acc=2.4% | Best=2.8%(@2000)
  from x3: 0.03 0.03 0.02 0.02 0.02 0.02 0.02 0.02 0.02 0.02 0.02 0.02 0.02
  per-rule acc: 0.02 0.04 0.02 0.02
Epoch 2320 | Train: Loss=0.0060 Acc=99.8% | Test: Acc=2.6% | Best=2.8%(@2000)
  from x3: 0.03 0.03 0.03 0.03 0.03 0.03 0.02 0.03 0.02 0.02 0.02 0.02 0.02
  per-rule acc: 0.02 0.04 0.02 0.03
Epoch 2340 | Train: Loss=0.0037 Acc=99.9% | Test: Acc=2.5% | Best=2.8%(@2000)
  from x3: 0.03 0.03 0.02 0.02 0.02 0.02 0.02 0.02 0.02 0.02 0.02 0.02 0.02
  per-rule acc: 0.02 0.04 0.02 0.02
Epoch 2360 | Train: Loss=0.0030 Acc=99.9% | Test: Acc=2.5% | Best=2.8%(@2000)
  from x3: 0.03 0.03 0.03 0.02 0.02 0.02 0.02 0.02 0.03 0.02 0.03 0.02 0.02
  per-rule acc: 0.02 0.04 0.02 0.03
Epoch 2380 | Train: Loss=0.0090 Acc=99.7% | Test: Acc=2.4% | Best=2.8%(@2000)
  from x3: 0.03 0.02 0.02 0.02 0.02 0.02 0.02 0.02 0.02 0.02 0.02 0.02 0.02
  per-rule acc: 0.02 0.04 0.02 0.02
Epoch 2400 | Train: Loss=0.0039 Acc=99.9% | Test: Acc=2.6% | Best=2.8%(@2000)
  from x3: 0.03 0.02 0.03 0.03 0.03 0.03 0.03 0.03 0.03 0.03 0.03 0.03 0.03
  per-rule acc: 0.02 0.04 0.02 0.03
Epoch 2420 | Train: Loss=0.0032 Acc=99.9% | Test: Acc=2.7% | Best=2.8%(@2000)
  from x3: 0.03 0.03 0.03 0.03 0.03 0.03 0.03 0.03 0.03 0.03 0.03 0.03 0.03
  per-rule acc: 0.02 0.04 0.02 0.02
Epoch 2440 | Train: Loss=0.0097 Acc=99.7% | Test: Acc=2.7% | Best=2.8%(@2000)
  from x3: 0.03 0.03 0.03 0.03 0.03 0.03 0.03 0.03 0.03 0.03 0.03 0.03 0.03
  per-rule acc: 0.02 0.04 0.02 0.02
Epoch 2460 | Train: Loss=0.0038 Acc=99.9% | Test: Acc=2.6% | Best=2.8%(@2000)
  from x3: 0.03 0.03 0.03 0.03 0.03 0.03 0.03 0.03 0.03 0.03 0.03 0.03 0.03
  per-rule acc: 0.01 0.04 0.03 0.03
Epoch 2480 | Train: Loss=0.0030 Acc=99.9% | Test: Acc=2.5% | Best=2.8%(@2000)
  from x3: 0.03 0.03 0.03 0.03 0.02 0.02 0.02 0.03 0.02 0.02 0.02 0.02 0.02
  per-rule acc: 0.01 0.04 0.02 0.02
Epoch 2500 | Train: Loss=0.0126 Acc=99.7% | Test: Acc=2.3% | Best=2.8%(@2000)
  from x3: 0.02 0.03 0.02 0.02 0.02 0.02 0.02 0.02 0.02 0.02 0.02 0.02 0.02
  per-rule acc: 0.02 0.03 0.02 0.02
Epoch 2520 | Train: Loss=0.0245 Acc=99.8% | Test: Acc=2.1% | Best=2.8%(@2000)
  from x3: 0.03 0.02 0.02 0.02 0.02 0.02 0.02 0.02 0.02 0.02 0.02 0.02 0.02
  per-rule acc: 0.01 0.03 0.02 0.02
Epoch 2540 | Train: Loss=0.0038 Acc=99.9% | Test: Acc=2.6% | Best=2.8%(@2000)
  from x3: 0.03 0.03 0.03 0.02 0.02 0.03 0.03 0.03 0.03 0.03 0.03 0.02 0.02
  per-rule acc: 0.02 0.04 0.02 0.02
Epoch 2560 | Train: Loss=0.0034 Acc=99.9% | Test: Acc=2.4% | Best=2.8%(@2000)
  from x3: 0.03 0.03 0.02 0.02 0.02 0.02 0.02 0.02 0.02 0.02 0.02 0.02 0.02
  per-rule acc: 0.02 0.04 0.02 0.02
Epoch 2580 | Train: Loss=0.0045 Acc=99.8% | Test: Acc=2.3% | Best=2.8%(@2000)
  from x3: 0.03 0.02 0.02 0.02 0.02 0.02 0.02 0.02 0.02 0.02 0.02 0.02 0.02
  per-rule acc: 0.01 0.04 0.02 0.02
Epoch 2600 | Train: Loss=0.0425 Acc=99.7% | Test: Acc=2.3% | Best=2.8%(@2000)
  from x3: 0.03 0.02 0.02 0.02 0.02 0.02 0.02 0.02 0.02 0.02 0.02 0.02 0.02
  per-rule acc: 0.01 0.03 0.02 0.02
Epoch 2620 | Train: Loss=0.0089 Acc=99.8% | Test: Acc=2.4% | Best=2.8%(@2000)
  from x3: 0.03 0.02 0.02 0.02 0.02 0.02 0.02 0.02 0.02 0.02 0.02 0.02 0.02
  per-rule acc: 0.02 0.04 0.02 0.02
Epoch 2640 | Train: Loss=0.0038 Acc=99.9% | Test: Acc=2.6% | Best=2.8%(@2000)
  from x3: 0.03 0.03 0.03 0.03 0.02 0.03 0.03 0.03 0.03 0.03 0.03 0.03 0.03
  per-rule acc: 0.01 0.04 0.02 0.03
Epoch 2660 | Train: Loss=0.0031 Acc=99.9% | Test: Acc=2.6% | Best=2.8%(@2000)
  from x3: 0.03 0.03 0.02 0.02 0.03 0.03 0.03 0.03 0.03 0.03 0.03 0.03 0.03
  per-rule acc: 0.02 0.04 0.02 0.02
Epoch 2680 | Train: Loss=0.0399 Acc=99.4% | Test: Acc=2.4% | Best=2.8%(@2000)
  from x3: 0.03 0.02 0.03 0.02 0.02 0.02 0.02 0.02 0.02 0.02 0.02 0.02 0.02
  per-rule acc: 0.02 0.04 0.02 0.02
Epoch 2700 | Train: Loss=0.0034 Acc=99.9% | Test: Acc=2.7% | Best=2.8%(@2000)
  from x3: 0.03 0.03 0.03 0.03 0.03 0.03 0.03 0.03 0.03 0.03 0.03 0.03 0.03
  per-rule acc: 0.02 0.04 0.02 0.02
Epoch 2720 | Train: Loss=0.0031 Acc=99.9% | Test: Acc=2.5% | Best=2.8%(@2000)
  from x3: 0.03 0.03 0.03 0.02 0.02 0.02 0.02 0.02 0.02 0.03 0.02 0.03 0.03
  per-rule acc: 0.01 0.05 0.02 0.02
Epoch 2740 | Train: Loss=0.0655 Acc=99.7% | Test: Acc=2.2% | Best=2.8%(@2000)
  from x3: 0.03 0.02 0.02 0.02 0.02 0.02 0.02 0.02 0.02 0.02 0.02 0.02 0.02
  per-rule acc: 0.02 0.04 0.02 0.02
Epoch 2760 | Train: Loss=0.0034 Acc=99.9% | Test: Acc=2.5% | Best=2.8%(@2000)
  from x3: 0.03 0.03 0.03 0.03 0.03 0.03 0.03 0.03 0.02 0.02 0.02 0.02 0.02
  per-rule acc: 0.02 0.04 0.02 0.02
Epoch 2780 | Train: Loss=0.0039 Acc=99.9% | Test: Acc=2.5% | Best=2.8%(@2000)
  from x3: 0.03 0.03 0.02 0.02 0.02 0.03 0.02 0.03 0.02 0.02 0.02 0.02 0.02
  per-rule acc: 0.02 0.04 0.02 0.02
Epoch 2800 | Train: Loss=0.0758 Acc=99.4% | Test: Acc=2.3% | Best=2.8%(@2000)
  from x3: 0.03 0.02 0.02 0.02 0.02 0.02 0.02 0.02 0.02 0.02 0.02 0.02 0.02
  per-rule acc: 0.02 0.03 0.02 0.02
Epoch 2820 | Train: Loss=0.0030 Acc=99.9% | Test: Acc=2.8% | Best=2.8%(@2820)
  from x3: 0.03 0.03 0.03 0.03 0.03 0.03 0.03 0.03 0.03 0.03 0.03 0.03 0.03
  per-rule acc: 0.02 0.04 0.02 0.02
Epoch 2840 | Train: Loss=0.0088 Acc=99.7% | Test: Acc=2.6% | Best=2.8%(@2820)
  from x3: 0.03 0.02 0.03 0.03 0.03 0.03 0.03 0.03 0.03 0.03 0.03 0.02 0.02
  per-rule acc: 0.02 0.04 0.02 0.02
Epoch 2860 | Train: Loss=0.0183 Acc=99.8% | Test: Acc=2.4% | Best=2.8%(@2820)
  from x3: 0.03 0.02 0.02 0.02 0.02 0.02 0.02 0.02 0.02 0.02 0.02 0.02 0.02
  per-rule acc: 0.02 0.04 0.02 0.02
Epoch 2880 | Train: Loss=0.0073 Acc=99.9% | Test: Acc=2.7% | Best=2.8%(@2820)
  from x3: 0.03 0.02 0.03 0.03 0.03 0.03 0.03 0.03 0.03 0.03 0.03 0.03 0.03
  per-rule acc: 0.01 0.05 0.02 0.03
Epoch 2900 | Train: Loss=0.0124 Acc=99.8% | Test: Acc=2.3% | Best=2.8%(@2820)
  from x3: 0.03 0.02 0.02 0.02 0.02 0.02 0.02 0.02 0.02 0.02 0.02 0.02 0.02
  per-rule acc: 0.02 0.04 0.02 0.02
Epoch 2920 | Train: Loss=0.0030 Acc=99.9% | Test: Acc=2.5% | Best=2.8%(@2820)
  from x3: 0.03 0.03 0.03 0.03 0.02 0.03 0.02 0.02 0.03 0.02 0.02 0.02 0.02
  per-rule acc: 0.02 0.04 0.02 0.02
Epoch 2940 | Train: Loss=0.0028 Acc=99.9% | Test: Acc=2.3% | Best=2.8%(@2820)
  from x3: 0.03 0.02 0.02 0.02 0.02 0.02 0.02 0.02 0.02 0.02 0.02 0.02 0.02
  per-rule acc: 0.02 0.04 0.02 0.02
Epoch 2960 | Train: Loss=0.0064 Acc=99.8% | Test: Acc=2.5% | Best=2.8%(@2820)
  from x3: 0.03 0.02 0.03 0.02 0.02 0.02 0.02 0.02 0.02 0.02 0.02 0.02 0.02
  per-rule acc: 0.02 0.04 0.02 0.02
Epoch 2980 | Train: Loss=0.0038 Acc=99.9% | Test: Acc=2.5% | Best=2.8%(@2820)
  from x3: 0.03 0.03 0.02 0.02 0.02 0.02 0.03 0.03 0.03 0.03 0.03 0.03 0.03
  per-rule acc: 0.01 0.04 0.02 0.02
Epoch 3000 | Train: Loss=0.0028 Acc=99.9% | Test: Acc=2.5% | Best=2.8%(@2820)
  from x3: 0.03 0.03 0.03 0.03 0.02 0.02 0.02 0.03 0.02 0.02 0.02 0.02 0.02
  per-rule acc: 0.02 0.04 0.02 0.03
Epoch 3020 | Train: Loss=0.0057 Acc=99.8% | Test: Acc=2.6% | Best=2.8%(@2820)
  from x3: 0.03 0.03 0.03 0.03 0.03 0.02 0.02 0.03 0.02 0.03 0.03 0.03 0.03
  per-rule acc: 0.02 0.04 0.02 0.02
Epoch 3040 | Train: Loss=0.0270 Acc=99.5% | Test: Acc=2.4% | Best=2.8%(@2820)
  from x3: 0.03 0.02 0.02 0.02 0.02 0.02 0.02 0.02 0.02 0.02 0.02 0.02 0.02
  per-rule acc: 0.02 0.04 0.02 0.02
Epoch 3060 | Train: Loss=0.0209 Acc=99.7% | Test: Acc=2.4% | Best=2.8%(@2820)
  from x3: 0.03 0.02 0.02 0.02 0.02 0.02 0.02 0.02 0.02 0.02 0.02 0.02 0.02
  per-rule acc: 0.02 0.04 0.02 0.02
Epoch 3080 | Train: Loss=0.0031 Acc=99.9% | Test: Acc=2.7% | Best=2.8%(@2820)
  from x3: 0.03 0.03 0.03 0.03 0.03 0.03 0.03 0.03 0.03 0.03 0.03 0.03 0.03
  per-rule acc: 0.02 0.05 0.02 0.02
Epoch 3100 | Train: Loss=0.0028 Acc=99.9% | Test: Acc=2.8% | Best=2.8%(@3100)
  from x3: 0.03 0.03 0.03 0.03 0.03 0.03 0.03 0.03 0.03 0.03 0.03 0.03 0.03
  per-rule acc: 0.02 0.05 0.02 0.02
Epoch 3120 | Train: Loss=0.0100 Acc=99.8% | Test: Acc=2.4% | Best=2.8%(@3100)
  from x3: 0.03 0.03 0.02 0.02 0.02 0.02 0.02 0.02 0.02 0.02 0.02 0.02 0.02
  per-rule acc: 0.02 0.04 0.02 0.02
Epoch 3140 | Train: Loss=0.0262 Acc=99.6% | Test: Acc=2.3% | Best=2.8%(@3100)
  from x3: 0.02 0.02 0.02 0.02 0.02 0.02 0.02 0.02 0.02 0.02 0.02 0.02 0.02
  per-rule acc: 0.02 0.03 0.02 0.02
Epoch 3160 | Train: Loss=0.0034 Acc=99.9% | Test: Acc=2.8% | Best=2.8%(@3100)
  from x3: 0.03 0.03 0.03 0.03 0.03 0.03 0.03 0.03 0.03 0.03 0.03 0.03 0.03
  per-rule acc: 0.02 0.05 0.03 0.02
Epoch 3180 | Train: Loss=0.0029 Acc=99.9% | Test: Acc=2.8% | Best=2.8%(@3100)
  from x3: 0.03 0.03 0.03 0.03 0.03 0.03 0.03 0.03 0.03 0.03 0.03 0.03 0.03
  per-rule acc: 0.02 0.04 0.02 0.02
Epoch 3200 | Train: Loss=0.0035 Acc=99.9% | Test: Acc=2.5% | Best=2.8%(@3100)
  from x3: 0.03 0.02 0.03 0.02 0.02 0.02 0.02 0.02 0.03 0.02 0.03 0.02 0.02
  per-rule acc: 0.02 0.04 0.02 0.02
Epoch 3220 | Train: Loss=0.0100 Acc=99.8% | Test: Acc=2.7% | Best=2.8%(@3100)
  from x3: 0.03 0.03 0.03 0.03 0.03 0.03 0.03 0.03 0.03 0.03 0.03 0.03 0.03
  per-rule acc: 0.02 0.04 0.03 0.03
Epoch 3240 | Train: Loss=0.0032 Acc=99.9% | Test: Acc=2.7% | Best=2.8%(@3100)
  from x3: 0.03 0.03 0.03 0.03 0.03 0.03 0.03 0.03 0.03 0.03 0.03 0.03 0.03
  per-rule acc: 0.02 0.04 0.03 0.02
Epoch 3260 | Train: Loss=0.0095 Acc=99.7% | Test: Acc=2.7% | Best=2.8%(@3100)
  from x3: 0.03 0.03 0.03 0.03 0.03 0.03 0.03 0.03 0.03 0.03 0.03 0.03 0.03
  per-rule acc: 0.02 0.05 0.02 0.02
Epoch 3280 | Train: Loss=0.0032 Acc=99.9% | Test: Acc=2.3% | Best=2.8%(@3100)
  from x3: 0.03 0.02 0.02 0.02 0.02 0.02 0.02 0.02 0.02 0.02 0.02 0.02 0.02
  per-rule acc: 0.02 0.04 0.02 0.02
Epoch 3300 | Train: Loss=0.0246 Acc=99.6% | Test: Acc=2.4% | Best=2.8%(@3100)
  from x3: 0.03 0.02 0.02 0.02 0.02 0.02 0.02 0.02 0.02 0.02 0.02 0.02 0.02
  per-rule acc: 0.02 0.04 0.02 0.02
Epoch 3320 | Train: Loss=0.0035 Acc=99.9% | Test: Acc=2.5% | Best=2.8%(@3100)
  from x3: 0.03 0.03 0.03 0.02 0.02 0.02 0.03 0.03 0.03 0.02 0.03 0.03 0.03
  per-rule acc: 0.02 0.04 0.02 0.02
Epoch 3340 | Train: Loss=0.0051 Acc=99.8% | Test: Acc=2.4% | Best=2.8%(@3100)
  from x3: 0.03 0.03 0.03 0.02 0.02 0.02 0.02 0.02 0.02 0.02 0.02 0.02 0.02
  per-rule acc: 0.02 0.04 0.02 0.02
Epoch 3360 | Train: Loss=0.0078 Acc=99.8% | Test: Acc=2.6% | Best=2.8%(@3100)
  from x3: 0.03 0.03 0.03 0.03 0.03 0.03 0.03 0.03 0.03 0.03 0.03 0.03 0.02
  per-rule acc: 0.02 0.05 0.02 0.02
Epoch 3380 | Train: Loss=0.0037 Acc=99.9% | Test: Acc=2.7% | Best=2.8%(@3100)
  from x3: 0.03 0.03 0.03 0.03 0.03 0.03 0.03 0.03 0.03 0.03 0.03 0.03 0.03
  per-rule acc: 0.01 0.04 0.02 0.03
Epoch 3400 | Train: Loss=0.0031 Acc=99.9% | Test: Acc=2.6% | Best=2.8%(@3100)
  from x3: 0.03 0.03 0.03 0.03 0.03 0.03 0.03 0.03 0.03 0.03 0.03 0.03 0.03
  per-rule acc: 0.02 0.04 0.03 0.02
Epoch 3420 | Train: Loss=0.0027 Acc=99.9% | Test: Acc=2.6% | Best=2.8%(@3100)
  from x3: 0.03 0.03 0.03 0.03 0.03 0.03 0.03 0.03 0.03 0.03 0.03 0.03 0.03
  per-rule acc: 0.02 0.04 0.02 0.02
Epoch 3440 | Train: Loss=0.0031 Acc=99.9% | Test: Acc=2.5% | Best=2.8%(@3100)
  from x3: 0.03 0.03 0.03 0.02 0.02 0.02 0.02 0.02 0.02 0.02 0.02 0.02 0.02
  per-rule acc: 0.02 0.04 0.02 0.02
Epoch 3460 | Train: Loss=0.0045 Acc=99.9% | Test: Acc=2.6% | Best=2.8%(@3100)
  from x3: 0.03 0.03 0.03 0.03 0.03 0.03 0.03 0.03 0.03 0.03 0.03 0.03 0.03
  per-rule acc: 0.02 0.04 0.02 0.02
Epoch 3480 | Train: Loss=0.0037 Acc=99.9% | Test: Acc=2.7% | Best=2.8%(@3100)
  from x3: 0.03 0.03 0.03 0.03 0.03 0.03 0.03 0.03 0.03 0.03 0.03 0.03 0.03
  per-rule acc: 0.02 0.04 0.03 0.02
Epoch 3500 | Train: Loss=0.0025 Acc=99.9% | Test: Acc=2.6% | Best=2.8%(@3100)
  from x3: 0.03 0.03 0.03 0.03 0.03 0.03 0.03 0.03 0.03 0.03 0.03 0.03 0.03
  per-rule acc: 0.02 0.04 0.02 0.02
Epoch 3520 | Train: Loss=0.0026 Acc=99.9% | Test: Acc=2.7% | Best=2.8%(@3100)
  from x3: 0.03 0.03 0.03 0.03 0.03 0.03 0.03 0.03 0.03 0.03 0.03 0.03 0.03
  per-rule acc: 0.02 0.04 0.02 0.02
Epoch 3540 | Train: Loss=0.0027 Acc=99.9% | Test: Acc=2.3% | Best=2.8%(@3100)
  from x3: 0.03 0.02 0.02 0.02 0.02 0.02 0.02 0.02 0.02 0.02 0.02 0.02 0.02
  per-rule acc: 0.01 0.04 0.02 0.02
Epoch 3560 | Train: Loss=0.0104 Acc=99.9% | Test: Acc=2.7% | Best=2.8%(@3100)
  from x3: 0.03 0.03 0.03 0.03 0.03 0.03 0.03 0.03 0.03 0.03 0.03 0.03 0.03
  per-rule acc: 0.02 0.05 0.02 0.02
Epoch 3580 | Train: Loss=0.0033 Acc=99.9% | Test: Acc=2.8% | Best=2.8%(@3100)
  from x3: 0.03 0.03 0.03 0.03 0.03 0.03 0.03 0.03 0.03 0.03 0.03 0.03 0.03
  per-rule acc: 0.02 0.05 0.02 0.02
Epoch 3600 | Train: Loss=0.0027 Acc=99.9% | Test: Acc=2.7% | Best=2.8%(@3100)
  from x3: 0.03 0.03 0.03 0.03 0.03 0.03 0.03 0.03 0.03 0.03 0.03 0.03 0.03
  per-rule acc: 0.02 0.04 0.03 0.02
Epoch 3620 | Train: Loss=0.0403 Acc=99.6% | Test: Acc=2.3% | Best=2.8%(@3100)
  from x3: 0.03 0.02 0.02 0.02 0.02 0.02 0.02 0.02 0.02 0.02 0.02 0.02 0.02
  per-rule acc: 0.01 0.04 0.02 0.02
Epoch 3640 | Train: Loss=0.0030 Acc=99.9% | Test: Acc=2.7% | Best=2.8%(@3100)
  from x3: 0.03 0.03 0.03 0.03 0.03 0.03 0.03 0.03 0.03 0.03 0.03 0.03 0.03
  per-rule acc: 0.01 0.05 0.03 0.02
Epoch 3660 | Train: Loss=0.0033 Acc=99.9% | Test: Acc=2.6% | Best=2.8%(@3100)
  from x3: 0.03 0.03 0.03 0.03 0.03 0.03 0.03 0.03 0.03 0.03 0.03 0.03 0.03
  per-rule acc: 0.01 0.05 0.02 0.02
Epoch 3680 | Train: Loss=0.0120 Acc=99.8% | Test: Acc=2.6% | Best=2.8%(@3100)
  from x3: 0.03 0.03 0.03 0.03 0.02 0.03 0.03 0.03 0.03 0.03 0.03 0.03 0.03
  per-rule acc: 0.01 0.04 0.02 0.02
Epoch 3700 | Train: Loss=0.0033 Acc=99.9% | Test: Acc=2.9% | Best=2.9%(@3700)
  from x3: 0.03 0.03 0.03 0.03 0.03 0.03 0.03 0.03 0.03 0.03 0.03 0.03 0.03
  per-rule acc: 0.02 0.05 0.02 0.03
Epoch 3720 | Train: Loss=0.0043 Acc=99.9% | Test: Acc=2.8% | Best=2.9%(@3700)
  from x3: 0.03 0.03 0.03 0.03 0.03 0.03 0.03 0.03 0.03 0.03 0.03 0.03 0.03
  per-rule acc: 0.02 0.04 0.03 0.03
Epoch 3740 | Train: Loss=0.0035 Acc=99.9% | Test: Acc=2.5% | Best=2.9%(@3700)
  from x3: 0.03 0.03 0.03 0.02 0.02 0.02 0.02 0.03 0.02 0.02 0.02 0.02 0.02
  per-rule acc: 0.02 0.04 0.02 0.02
Epoch 3760 | Train: Loss=0.0024 Acc=99.9% | Test: Acc=2.6% | Best=2.9%(@3700)
  from x3: 0.03 0.03 0.03 0.03 0.03 0.03 0.03 0.03 0.03 0.03 0.03 0.03 0.03
  per-rule acc: 0.01 0.04 0.03 0.02
Epoch 3780 | Train: Loss=0.0295 Acc=99.8% | Test: Acc=2.6% | Best=2.9%(@3700)
  from x3: 0.03 0.03 0.03 0.03 0.03 0.03 0.03 0.03 0.03 0.03 0.03 0.03 0.03
  per-rule acc: 0.02 0.04 0.02 0.02
Epoch 3800 | Train: Loss=0.0028 Acc=99.9% | Test: Acc=2.9% | Best=2.9%(@3800)
  from x3: 0.03 0.03 0.03 0.03 0.03 0.03 0.03 0.03 0.03 0.03 0.03 0.03 0.03
  per-rule acc: 0.02 0.05 0.02 0.03
Epoch 3820 | Train: Loss=0.0051 Acc=99.8% | Test: Acc=2.6% | Best=2.9%(@3800)
  from x3: 0.03 0.03 0.03 0.03 0.03 0.03 0.03 0.03 0.03 0.03 0.03 0.03 0.03
  per-rule acc: 0.01 0.04 0.02 0.02
Epoch 3840 | Train: Loss=0.0044 Acc=99.9% | Test: Acc=3.0% | Best=3.0%(@3840)
  from x3: 0.03 0.03 0.03 0.03 0.03 0.03 0.03 0.03 0.03 0.03 0.03 0.03 0.03
  per-rule acc: 0.02 0.05 0.03 0.03
Epoch 3860 | Train: Loss=0.0032 Acc=99.9% | Test: Acc=2.9% | Best=3.0%(@3840)
  from x3: 0.03 0.03 0.03 0.03 0.03 0.03 0.03 0.03 0.03 0.03 0.03 0.03 0.03
  per-rule acc: 0.02 0.05 0.02 0.03
Epoch 3880 | Train: Loss=0.0025 Acc=99.9% | Test: Acc=2.7% | Best=3.0%(@3840)
  from x3: 0.03 0.03 0.03 0.03 0.03 0.03 0.03 0.03 0.03 0.03 0.03 0.03 0.03
  per-rule acc: 0.02 0.05 0.02 0.02
Epoch 3900 | Train: Loss=0.0080 Acc=99.8% | Test: Acc=2.4% | Best=3.0%(@3840)
  from x3: 0.03 0.03 0.02 0.02 0.02 0.02 0.02 0.02 0.02 0.02 0.02 0.02 0.02
  per-rule acc: 0.02 0.04 0.02 0.02
Epoch 3920 | Train: Loss=0.0032 Acc=99.9% | Test: Acc=2.8% | Best=3.0%(@3840)
  from x3: 0.03 0.03 0.03 0.03 0.03 0.03 0.03 0.03 0.03 0.03 0.03 0.03 0.03
  per-rule acc: 0.02 0.04 0.03 0.03
Epoch 3940 | Train: Loss=0.0026 Acc=99.9% | Test: Acc=2.8% | Best=3.0%(@3840)
  from x3: 0.03 0.03 0.03 0.03 0.03 0.03 0.03 0.03 0.03 0.03 0.03 0.03 0.03
  per-rule acc: 0.02 0.05 0.02 0.02
Epoch 3960 | Train: Loss=0.0025 Acc=99.9% | Test: Acc=2.8% | Best=3.0%(@3840)
  from x3: 0.03 0.03 0.03 0.03 0.03 0.03 0.03 0.03 0.03 0.03 0.03 0.03 0.03
  per-rule acc: 0.02 0.05 0.02 0.03
Epoch 3980 | Train: Loss=0.0038 Acc=99.9% | Test: Acc=2.3% | Best=3.0%(@3840)
  from x3: 0.03 0.02 0.02 0.02 0.02 0.02 0.02 0.02 0.02 0.02 0.02 0.02 0.02
  per-rule acc: 0.01 0.04 0.02 0.02
Epoch 4000 | Train: Loss=0.0031 Acc=99.9% | Test: Acc=2.7% | Best=3.0%(@3840)
  from x3: 0.03 0.03 0.03 0.03 0.03 0.03 0.03 0.03 0.03 0.03 0.03 0.03 0.03
  per-rule acc: 0.02 0.05 0.02 0.02
Epoch 4020 | Train: Loss=0.0028 Acc=99.9% | Test: Acc=2.7% | Best=3.0%(@3840)
  from x3: 0.03 0.03 0.03 0.03 0.03 0.03 0.03 0.03 0.03 0.03 0.03 0.03 0.03
  per-rule acc: 0.02 0.05 0.02 0.02
Epoch 4040 | Train: Loss=0.0024 Acc=99.9% | Test: Acc=2.6% | Best=3.0%(@3840)
  from x3: 0.03 0.03 0.03 0.03 0.03 0.03 0.03 0.03 0.03 0.03 0.03 0.03 0.03
  per-rule acc: 0.02 0.04 0.02 0.02
Epoch 4060 | Train: Loss=0.0035 Acc=99.9% | Test: Acc=2.5% | Best=3.0%(@3840)
  from x3: 0.03 0.02 0.02 0.02 0.02 0.02 0.02 0.02 0.02 0.02 0.02 0.02 0.02
  per-rule acc: 0.01 0.04 0.02 0.02
Epoch 4080 | Train: Loss=0.0033 Acc=99.9% | Test: Acc=2.8% | Best=3.0%(@3840)
  from x3: 0.03 0.03 0.03 0.03 0.03 0.03 0.03 0.03 0.03 0.03 0.03 0.03 0.03
  per-rule acc: 0.02 0.04 0.03 0.03
Epoch 4100 | Train: Loss=0.0027 Acc=99.9% | Test: Acc=2.9% | Best=3.0%(@3840)
  from x3: 0.03 0.03 0.03 0.03 0.03 0.03 0.03 0.03 0.03 0.03 0.03 0.03 0.03
  per-rule acc: 0.02 0.05 0.03 0.02
Epoch 4120 | Train: Loss=0.0026 Acc=99.9% | Test: Acc=2.7% | Best=3.0%(@3840)
  from x3: 0.03 0.03 0.03 0.03 0.03 0.03 0.03 0.03 0.03 0.03 0.03 0.03 0.03
  per-rule acc: 0.02 0.04 0.02 0.02
Epoch 4140 | Train: Loss=0.0028 Acc=99.9% | Test: Acc=2.6% | Best=3.0%(@3840)
  from x3: 0.03 0.03 0.03 0.03 0.03 0.02 0.02 0.03 0.03 0.03 0.03 0.02 0.03
  per-rule acc: 0.01 0.05 0.02 0.02
Epoch 4160 | Train: Loss=0.0153 Acc=99.8% | Test: Acc=2.6% | Best=3.0%(@3840)
  from x3: 0.03 0.03 0.03 0.03 0.02 0.03 0.03 0.03 0.03 0.03 0.03 0.03 0.03
  per-rule acc: 0.01 0.04 0.02 0.02
Epoch 4180 | Train: Loss=0.0033 Acc=99.9% | Test: Acc=2.7% | Best=3.0%(@3840)
  from x3: 0.03 0.03 0.03 0.03 0.03 0.03 0.03 0.03 0.03 0.03 0.03 0.03 0.03
  per-rule acc: 0.02 0.04 0.03 0.02
Epoch 4200 | Train: Loss=0.0023 Acc=99.9% | Test: Acc=2.5% | Best=3.0%(@3840)
  from x3: 0.03 0.03 0.03 0.02 0.03 0.02 0.02 0.02 0.02 0.02 0.02 0.02 0.02
  per-rule acc: 0.01 0.04 0.02 0.02
Epoch 4220 | Train: Loss=0.0226 Acc=99.7% | Test: Acc=2.5% | Best=3.0%(@3840)
  from x3: 0.03 0.02 0.03 0.02 0.02 0.02 0.02 0.03 0.02 0.02 0.02 0.02 0.03
  per-rule acc: 0.01 0.04 0.02 0.02
Epoch 4240 | Train: Loss=0.0034 Acc=99.9% | Test: Acc=2.6% | Best=3.0%(@3840)
  from x3: 0.03 0.03 0.03 0.03 0.03 0.03 0.03 0.03 0.03 0.03 0.03 0.03 0.03
  per-rule acc: 0.01 0.04 0.03 0.02
Epoch 4260 | Train: Loss=0.0028 Acc=99.9% | Test: Acc=2.7% | Best=3.0%(@3840)
  from x3: 0.03 0.03 0.03 0.03 0.03 0.03 0.03 0.03 0.03 0.03 0.03 0.03 0.03
  per-rule acc: 0.01 0.04 0.03 0.02
Epoch 4280 | Train: Loss=0.0025 Acc=99.9% | Test: Acc=2.8% | Best=3.0%(@3840)
  from x3: 0.03 0.03 0.03 0.03 0.03 0.03 0.03 0.03 0.03 0.03 0.03 0.03 0.03
  per-rule acc: 0.02 0.05 0.02 0.02
Epoch 4300 | Train: Loss=0.0429 Acc=99.3% | Test: Acc=2.2% | Best=3.0%(@3840)
  from x3: 0.03 0.02 0.02 0.02 0.02 0.02 0.02 0.02 0.02 0.02 0.02 0.02 0.02
  per-rule acc: 0.01 0.04 0.02 0.02
Epoch 4320 | Train: Loss=0.0033 Acc=99.9% | Test: Acc=2.7% | Best=3.0%(@3840)
  from x3: 0.03 0.03 0.03 0.03 0.03 0.03 0.03 0.03 0.03 0.03 0.03 0.03 0.03
  per-rule acc: 0.02 0.04 0.02 0.02
Epoch 4340 | Train: Loss=0.0024 Acc=99.9% | Test: Acc=2.7% | Best=3.0%(@3840)
  from x3: 0.03 0.03 0.03 0.03 0.03 0.03 0.03 0.03 0.03 0.03 0.03 0.03 0.03
  per-rule acc: 0.02 0.05 0.02 0.02
Epoch 4360 | Train: Loss=0.0038 Acc=99.9% | Test: Acc=2.7% | Best=3.0%(@3840)
  from x3: 0.03 0.03 0.03 0.03 0.03 0.03 0.03 0.03 0.03 0.03 0.03 0.03 0.03
  per-rule acc: 0.01 0.05 0.02 0.02
Epoch 4380 | Train: Loss=0.0033 Acc=99.9% | Test: Acc=2.6% | Best=3.0%(@3840)
  from x3: 0.03 0.03 0.03 0.03 0.03 0.03 0.03 0.03 0.03 0.03 0.03 0.03 0.03
  per-rule acc: 0.01 0.04 0.02 0.02
Epoch 4400 | Train: Loss=0.0026 Acc=99.9% | Test: Acc=2.7% | Best=3.0%(@3840)
  from x3: 0.03 0.03 0.03 0.03 0.03 0.03 0.03 0.03 0.03 0.03 0.03 0.03 0.03
  per-rule acc: 0.01 0.05 0.03 0.02
Epoch 4420 | Train: Loss=0.0023 Acc=99.9% | Test: Acc=2.6% | Best=3.0%(@3840)
  from x3: 0.03 0.03 0.03 0.03 0.03 0.02 0.03 0.03 0.03 0.03 0.03 0.03 0.03
  per-rule acc: 0.01 0.05 0.03 0.02
Epoch 4440 | Train: Loss=0.0178 Acc=99.8% | Test: Acc=2.6% | Best=3.0%(@3840)
  from x3: 0.03 0.02 0.03 0.03 0.03 0.02 0.03 0.03 0.03 0.03 0.03 0.03 0.03
  per-rule acc: 0.02 0.04 0.02 0.02
Epoch 4460 | Train: Loss=0.0033 Acc=99.9% | Test: Acc=2.8% | Best=3.0%(@3840)
  from x3: 0.03 0.03 0.03 0.03 0.03 0.03 0.03 0.03 0.03 0.03 0.03 0.03 0.03
  per-rule acc: 0.02 0.05 0.03 0.02
Epoch 4480 | Train: Loss=0.0027 Acc=99.9% | Test: Acc=2.7% | Best=3.0%(@3840)
  from x3: 0.03 0.03 0.03 0.03 0.03 0.03 0.03 0.03 0.03 0.03 0.03 0.03 0.03
  per-rule acc: 0.02 0.05 0.02 0.02
Epoch 4500 | Train: Loss=0.0034 Acc=99.9% | Test: Acc=2.6% | Best=3.0%(@3840)
  from x3: 0.03 0.03 0.03 0.03 0.02 0.03 0.03 0.03 0.03 0.03 0.03 0.03 0.03
  per-rule acc: 0.01 0.05 0.02 0.02
Epoch 4520 | Train: Loss=0.0060 Acc=99.9% | Test: Acc=2.8% | Best=3.0%(@3840)
  from x3: 0.03 0.03 0.03 0.03 0.03 0.03 0.03 0.03 0.03 0.03 0.03 0.03 0.03
  per-rule acc: 0.01 0.05 0.03 0.03
Epoch 4540 | Train: Loss=0.0031 Acc=99.9% | Test: Acc=2.9% | Best=3.0%(@3840)
  from x3: 0.03 0.03 0.03 0.03 0.03 0.03 0.03 0.03 0.03 0.03 0.03 0.03 0.03
  per-rule acc: 0.02 0.05 0.03 0.03
Epoch 4560 | Train: Loss=0.0023 Acc=99.9% | Test: Acc=2.6% | Best=3.0%(@3840)
  from x3: 0.03 0.03 0.03 0.03 0.03 0.03 0.03 0.03 0.03 0.03 0.03 0.03 0.03
  per-rule acc: 0.01 0.05 0.02 0.02
Epoch 4580 | Train: Loss=0.0292 Acc=99.6% | Test: Acc=2.6% | Best=3.0%(@3840)
  from x3: 0.03 0.03 0.03 0.03 0.03 0.03 0.03 0.03 0.03 0.03 0.03 0.03 0.02
  per-rule acc: 0.02 0.04 0.02 0.02
Epoch 4600 | Train: Loss=0.0027 Acc=99.9% | Test: Acc=2.9% | Best=3.0%(@3840)
  from x3: 0.03 0.03 0.03 0.03 0.03 0.03 0.03 0.03 0.03 0.03 0.03 0.03 0.03
  per-rule acc: 0.02 0.05 0.03 0.03
Epoch 4620 | Train: Loss=0.0026 Acc=99.9% | Test: Acc=2.8% | Best=3.0%(@3840)
  from x3: 0.03 0.03 0.03 0.03 0.03 0.03 0.03 0.03 0.03 0.03 0.03 0.03 0.03
  per-rule acc: 0.02 0.05 0.02 0.02
Epoch 4640 | Train: Loss=0.0141 Acc=99.8% | Test: Acc=2.7% | Best=3.0%(@3840)
  from x3: 0.03 0.03 0.03 0.03 0.03 0.03 0.03 0.03 0.03 0.03 0.03 0.03 0.03
  per-rule acc: 0.02 0.04 0.02 0.02
Epoch 4660 | Train: Loss=0.0028 Acc=99.9% | Test: Acc=2.8% | Best=3.0%(@3840)
  from x3: 0.03 0.03 0.03 0.03 0.03 0.03 0.03 0.03 0.03 0.03 0.03 0.03 0.03
  per-rule acc: 0.02 0.05 0.02 0.02
Epoch 4680 | Train: Loss=0.0023 Acc=99.9% | Test: Acc=2.7% | Best=3.0%(@3840)
  from x3: 0.03 0.03 0.03 0.03 0.03 0.03 0.03 0.03 0.03 0.03 0.03 0.03 0.03
  per-rule acc: 0.02 0.05 0.02 0.02
Epoch 4700 | Train: Loss=0.0220 Acc=99.7% | Test: Acc=2.8% | Best=3.0%(@3840)
  from x3: 0.03 0.03 0.03 0.03 0.03 0.03 0.03 0.03 0.03 0.03 0.03 0.03 0.03
  per-rule acc: 0.02 0.05 0.02 0.02
Epoch 4720 | Train: Loss=0.0026 Acc=99.9% | Test: Acc=2.8% | Best=3.0%(@3840)
  from x3: 0.03 0.03 0.03 0.03 0.03 0.03 0.03 0.03 0.03 0.03 0.03 0.03 0.03
  per-rule acc: 0.02 0.05 0.03 0.02
Epoch 4740 | Train: Loss=0.0023 Acc=99.9% | Test: Acc=2.6% | Best=3.0%(@3840)
  from x3: 0.03 0.03 0.03 0.03 0.03 0.03 0.03 0.03 0.03 0.03 0.03 0.03 0.03
  per-rule acc: 0.02 0.05 0.02 0.02
Epoch 4760 | Train: Loss=0.0032 Acc=99.9% | Test: Acc=2.9% | Best=3.0%(@3840)
  from x3: 0.03 0.03 0.03 0.03 0.03 0.03 0.03 0.03 0.03 0.03 0.03 0.03 0.03
  per-rule acc: 0.02 0.05 0.03 0.03
Epoch 4780 | Train: Loss=0.0024 Acc=99.9% | Test: Acc=2.8% | Best=3.0%(@3840)
  from x3: 0.03 0.03 0.03 0.03 0.03 0.03 0.03 0.03 0.03 0.03 0.03 0.03 0.03
  per-rule acc: 0.02 0.05 0.02 0.03
Epoch 4800 | Train: Loss=0.0241 Acc=99.8% | Test: Acc=2.7% | Best=3.0%(@3840)
  from x3: 0.03 0.03 0.03 0.03 0.03 0.03 0.03 0.03 0.03 0.03 0.03 0.03 0.03
  per-rule acc: 0.02 0.05 0.02 0.02
Epoch 4820 | Train: Loss=0.0027 Acc=99.9% | Test: Acc=3.0% | Best=3.0%(@4820)
  from x3: 0.03 0.03 0.03 0.03 0.03 0.03 0.03 0.03 0.03 0.03 0.03 0.03 0.03
  per-rule acc: 0.02 0.05 0.02 0.02
Epoch 4840 | Train: Loss=0.0024 Acc=99.9% | Test: Acc=2.7% | Best=3.0%(@4820)
  from x3: 0.03 0.03 0.03 0.03 0.03 0.03 0.03 0.03 0.03 0.03 0.03 0.03 0.03
  per-rule acc: 0.01 0.04 0.02 0.02
Epoch 4860 | Train: Loss=0.0052 Acc=99.8% | Test: Acc=2.7% | Best=3.0%(@4820)
  from x3: 0.03 0.03 0.03 0.03 0.03 0.03 0.03 0.03 0.03 0.03 0.03 0.03 0.03
  per-rule acc: 0.02 0.04 0.03 0.02
Epoch 4880 | Train: Loss=0.0025 Acc=99.9% | Test: Acc=2.8% | Best=3.0%(@4820)
  from x3: 0.03 0.03 0.03 0.03 0.03 0.03 0.03 0.03 0.03 0.03 0.03 0.03 0.03
  per-rule acc: 0.02 0.05 0.02 0.02
Epoch 4900 | Train: Loss=0.0031 Acc=99.9% | Test: Acc=3.0% | Best=3.0%(@4820)
  from x3: 0.03 0.03 0.03 0.03 0.03 0.03 0.03 0.03 0.03 0.03 0.03 0.03 0.03
  per-rule acc: 0.02 0.05 0.03 0.02
Epoch 4920 | Train: Loss=0.0224 Acc=99.8% | Test: Acc=2.7% | Best=3.0%(@4820)
  from x3: 0.03 0.03 0.03 0.03 0.03 0.03 0.03 0.03 0.03 0.03 0.03 0.03 0.03
  per-rule acc: 0.01 0.04 0.03 0.03
Epoch 4940 | Train: Loss=0.0022 Acc=99.9% | Test: Acc=3.0% | Best=3.0%(@4820)
  from x3: 0.03 0.03 0.03 0.03 0.03 0.03 0.03 0.03 0.03 0.03 0.03 0.03 0.03
  per-rule acc: 0.02 0.05 0.03 0.02
Epoch 4960 | Train: Loss=0.0056 Acc=99.8% | Test: Acc=2.8% | Best=3.0%(@4820)
  from x3: 0.03 0.03 0.03 0.03 0.03 0.03 0.03 0.03 0.03 0.03 0.03 0.03 0.03
  per-rule acc: 0.02 0.04 0.03 0.02
Epoch 4980 | Train: Loss=0.0055 Acc=99.8% | Test: Acc=3.0% | Best=3.0%(@4820)
  from x3: 0.03 0.03 0.03 0.03 0.03 0.03 0.03 0.03 0.03 0.03 0.03 0.03 0.03
  per-rule acc: 0.02 0.04 0.03 0.03
Epoch 5000 | Train: Loss=0.0024 Acc=99.9% | Test: Acc=2.8% | Best=3.0%(@4820)
  from x3: 0.03 0.03 0.03 0.03 0.03 0.03 0.03 0.03 0.03 0.03 0.03 0.03 0.03
  per-rule acc: 0.02 0.05 0.03 0.02
Epoch 5020 | Train: Loss=0.0031 Acc=99.9% | Test: Acc=2.7% | Best=3.0%(@4820)
  from x3: 0.03 0.03 0.03 0.03 0.03 0.03 0.03 0.03 0.03 0.03 0.03 0.03 0.03
  per-rule acc: 0.01 0.04 0.03 0.02
Epoch 5040 | Train: Loss=0.0050 Acc=99.9% | Test: Acc=2.9% | Best=3.0%(@4820)
  from x3: 0.04 0.03 0.03 0.03 0.03 0.03 0.03 0.03 0.03 0.03 0.03 0.03 0.03
  per-rule acc: 0.02 0.05 0.03 0.02
Epoch 5060 | Train: Loss=0.0024 Acc=99.9% | Test: Acc=2.8% | Best=3.0%(@4820)
  from x3: 0.03 0.03 0.03 0.03 0.03 0.03 0.03 0.03 0.03 0.03 0.03 0.03 0.03
  per-rule acc: 0.02 0.05 0.02 0.02
Epoch 5080 | Train: Loss=0.0124 Acc=99.8% | Test: Acc=2.7% | Best=3.0%(@4820)
  from x3: 0.03 0.03 0.03 0.03 0.03 0.03 0.03 0.03 0.03 0.03 0.03 0.03 0.03
  per-rule acc: 0.02 0.04 0.02 0.02
Epoch 5100 | Train: Loss=0.0026 Acc=99.9% | Test: Acc=2.9% | Best=3.0%(@4820)
  from x3: 0.03 0.03 0.03 0.03 0.03 0.03 0.03 0.03 0.03 0.03 0.03 0.03 0.03
  per-rule acc: 0.02 0.05 0.02 0.03
Epoch 5120 | Train: Loss=0.0023 Acc=99.9% | Test: Acc=2.7% | Best=3.0%(@4820)
  from x3: 0.03 0.03 0.03 0.03 0.03 0.03 0.03 0.03 0.03 0.03 0.03 0.03 0.03
  per-rule acc: 0.01 0.05 0.02 0.02
Epoch 5140 | Train: Loss=0.0291 Acc=99.5% | Test: Acc=2.9% | Best=3.0%(@4820)
  from x3: 0.03 0.03 0.03 0.03 0.03 0.03 0.03 0.03 0.03 0.03 0.03 0.03 0.03
  per-rule acc: 0.02 0.05 0.02 0.02
Epoch 5160 | Train: Loss=0.0025 Acc=99.9% | Test: Acc=2.8% | Best=3.0%(@4820)
  from x3: 0.03 0.03 0.03 0.03 0.03 0.03 0.03 0.03 0.03 0.03 0.03 0.03 0.03
  per-rule acc: 0.02 0.05 0.03 0.02
Epoch 5180 | Train: Loss=0.0049 Acc=99.9% | Test: Acc=2.8% | Best=3.0%(@4820)
  from x3: 0.03 0.03 0.03 0.03 0.03 0.03 0.03 0.03 0.03 0.03 0.03 0.03 0.03
  per-rule acc: 0.02 0.05 0.03 0.02
Epoch 5200 | Train: Loss=0.0032 Acc=99.9% | Test: Acc=2.8% | Best=3.0%(@4820)
  from x3: 0.03 0.03 0.03 0.03 0.03 0.03 0.03 0.03 0.03 0.03 0.03 0.03 0.03
  per-rule acc: 0.02 0.04 0.03 0.02
Epoch 5220 | Train: Loss=0.0023 Acc=99.9% | Test: Acc=2.9% | Best=3.0%(@4820)
  from x3: 0.03 0.03 0.03 0.03 0.03 0.03 0.03 0.03 0.03 0.03 0.03 0.03 0.03
  per-rule acc: 0.02 0.05 0.03 0.02
Epoch 5240 | Train: Loss=0.0044 Acc=99.9% | Test: Acc=2.9% | Best=3.0%(@4820)
  from x3: 0.03 0.03 0.03 0.03 0.03 0.03 0.03 0.03 0.03 0.03 0.03 0.03 0.03
  per-rule acc: 0.02 0.05 0.03 0.02
Epoch 5260 | Train: Loss=0.0031 Acc=99.9% | Test: Acc=2.8% | Best=3.0%(@4820)
  from x3: 0.03 0.03 0.03 0.03 0.03 0.03 0.03 0.03 0.03 0.03 0.03 0.03 0.03
  per-rule acc: 0.02 0.05 0.02 0.02
Epoch 5280 | Train: Loss=0.0021 Acc=99.9% | Test: Acc=3.0% | Best=3.0%(@4820)
  from x3: 0.03 0.03 0.03 0.03 0.03 0.03 0.03 0.03 0.03 0.03 0.03 0.03 0.03
  per-rule acc: 0.02 0.05 0.02 0.03
Epoch 5300 | Train: Loss=0.0126 Acc=99.8% | Test: Acc=2.8% | Best=3.0%(@4820)
  from x3: 0.03 0.03 0.03 0.03 0.03 0.03 0.03 0.03 0.03 0.03 0.03 0.03 0.03
  per-rule acc: 0.02 0.05 0.02 0.02
Epoch 5320 | Train: Loss=0.0024 Acc=99.9% | Test: Acc=3.0% | Best=3.0%(@4820)
  from x3: 0.04 0.03 0.03 0.03 0.03 0.03 0.03 0.03 0.03 0.03 0.03 0.03 0.03
  per-rule acc: 0.02 0.05 0.03 0.03
Epoch 5340 | Train: Loss=0.0035 Acc=99.9% | Test: Acc=3.0% | Best=3.0%(@4820)
  from x3: 0.03 0.03 0.03 0.03 0.03 0.03 0.03 0.03 0.03 0.03 0.03 0.03 0.03
  per-rule acc: 0.02 0.05 0.03 0.02
Epoch 5360 | Train: Loss=0.0031 Acc=99.9% | Test: Acc=2.9% | Best=3.0%(@4820)
  from x3: 0.04 0.03 0.03 0.03 0.03 0.03 0.03 0.03 0.03 0.03 0.03 0.03 0.03
  per-rule acc: 0.02 0.05 0.03 0.03
Epoch 5380 | Train: Loss=0.0024 Acc=99.9% | Test: Acc=3.1% | Best=3.1%(@5380)
  from x3: 0.04 0.03 0.03 0.03 0.03 0.03 0.03 0.03 0.03 0.03 0.03 0.03 0.03
  per-rule acc: 0.02 0.05 0.03 0.03
Epoch 5400 | Train: Loss=0.0042 Acc=99.9% | Test: Acc=2.9% | Best=3.1%(@5380)
  from x3: 0.03 0.03 0.03 0.03 0.03 0.03 0.03 0.03 0.03 0.03 0.03 0.03 0.03
  per-rule acc: 0.02 0.05 0.02 0.02
Epoch 5420 | Train: Loss=0.0201 Acc=99.6% | Test: Acc=2.8% | Best=3.1%(@5380)
  from x3: 0.03 0.03 0.03 0.03 0.03 0.03 0.03 0.03 0.03 0.03 0.03 0.03 0.03
  per-rule acc: 0.02 0.04 0.02 0.03
Epoch 5440 | Train: Loss=0.0023 Acc=99.9% | Test: Acc=2.9% | Best=3.1%(@5380)
  from x3: 0.03 0.03 0.03 0.03 0.03 0.03 0.03 0.03 0.03 0.03 0.03 0.03 0.03
  per-rule acc: 0.02 0.05 0.03 0.02
Epoch 5460 | Train: Loss=0.0148 Acc=99.8% | Test: Acc=2.8% | Best=3.1%(@5380)
  from x3: 0.03 0.03 0.03 0.03 0.03 0.03 0.03 0.03 0.03 0.03 0.03 0.03 0.03
  per-rule acc: 0.02 0.05 0.02 0.02
Epoch 5480 | Train: Loss=0.0024 Acc=99.9% | Test: Acc=3.1% | Best=3.1%(@5480)
  from x3: 0.03 0.03 0.03 0.03 0.03 0.03 0.03 0.03 0.03 0.03 0.03 0.03 0.03
  per-rule acc: 0.02 0.05 0.03 0.03
Epoch 5500 | Train: Loss=0.0022 Acc=99.9% | Test: Acc=2.8% | Best=3.1%(@5480)
  from x3: 0.03 0.03 0.03 0.03 0.03 0.03 0.03 0.03 0.03 0.03 0.03 0.03 0.03
  per-rule acc: 0.01 0.05 0.03 0.02
Epoch 5520 | Train: Loss=0.0029 Acc=99.9% | Test: Acc=2.9% | Best=3.1%(@5480)
  from x3: 0.03 0.03 0.03 0.03 0.03 0.03 0.03 0.03 0.03 0.03 0.03 0.03 0.03
  per-rule acc: 0.02 0.05 0.03 0.03
Epoch 5540 | Train: Loss=0.0023 Acc=99.9% | Test: Acc=2.8% | Best=3.1%(@5480)
  from x3: 0.03 0.03 0.03 0.03 0.03 0.03 0.03 0.03 0.03 0.03 0.03 0.03 0.03
  per-rule acc: 0.02 0.05 0.03 0.02
Epoch 5560 | Train: Loss=0.0037 Acc=99.9% | Test: Acc=2.9% | Best=3.1%(@5480)
  from x3: 0.03 0.03 0.03 0.03 0.03 0.03 0.03 0.03 0.03 0.03 0.03 0.03 0.03
  per-rule acc: 0.02 0.05 0.03 0.02
Epoch 5580 | Train: Loss=0.0277 Acc=99.9% | Test: Acc=2.8% | Best=3.1%(@5480)
  from x3: 0.03 0.03 0.03 0.03 0.03 0.03 0.03 0.03 0.03 0.03 0.03 0.03 0.03
  per-rule acc: 0.02 0.05 0.03 0.02
Epoch 5600 | Train: Loss=0.0025 Acc=99.9% | Test: Acc=3.0% | Best=3.1%(@5480)
  from x3: 0.03 0.03 0.03 0.03 0.03 0.03 0.03 0.03 0.03 0.03 0.03 0.03 0.03
  per-rule acc: 0.02 0.05 0.03 0.03
Epoch 5620 | Train: Loss=0.0023 Acc=99.9% | Test: Acc=2.7% | Best=3.1%(@5480)
  from x3: 0.03 0.03 0.03 0.03 0.03 0.03 0.03 0.03 0.03 0.03 0.03 0.03 0.03
  per-rule acc: 0.02 0.05 0.02 0.02
Epoch 5640 | Train: Loss=0.0034 Acc=99.9% | Test: Acc=2.9% | Best=3.1%(@5480)
  from x3: 0.03 0.03 0.03 0.03 0.03 0.03 0.03 0.03 0.03 0.03 0.03 0.03 0.03
  per-rule acc: 0.02 0.05 0.03 0.03
Epoch 5660 | Train: Loss=0.0197 Acc=99.8% | Test: Acc=2.9% | Best=3.1%(@5480)
  from x3: 0.03 0.03 0.03 0.03 0.03 0.03 0.03 0.03 0.03 0.03 0.03 0.03 0.03
  per-rule acc: 0.02 0.05 0.02 0.02
Epoch 5680 | Train: Loss=0.0024 Acc=99.9% | Test: Acc=3.0% | Best=3.1%(@5480)
  from x3: 0.03 0.03 0.03 0.03 0.03 0.03 0.03 0.03 0.03 0.03 0.03 0.03 0.03
  per-rule acc: 0.02 0.05 0.03 0.03
Epoch 5700 | Train: Loss=0.0021 Acc=99.9% | Test: Acc=2.9% | Best=3.1%(@5480)
  from x3: 0.03 0.03 0.03 0.03 0.03 0.03 0.03 0.03 0.03 0.03 0.03 0.03 0.03
  per-rule acc: 0.02 0.05 0.03 0.03
Epoch 5720 | Train: Loss=0.0112 Acc=99.9% | Test: Acc=3.0% | Best=3.1%(@5480)
  from x3: 0.03 0.03 0.03 0.03 0.03 0.03 0.03 0.03 0.03 0.03 0.03 0.03 0.03
  per-rule acc: 0.02 0.05 0.03 0.03
Epoch 5740 | Train: Loss=0.0023 Acc=99.9% | Test: Acc=3.0% | Best=3.1%(@5480)
  from x3: 0.03 0.03 0.03 0.03 0.03 0.03 0.03 0.03 0.03 0.03 0.03 0.03 0.03
  per-rule acc: 0.02 0.05 0.03 0.03
Epoch 5760 | Train: Loss=0.0022 Acc=99.9% | Test: Acc=3.0% | Best=3.1%(@5480)
  from x3: 0.03 0.03 0.03 0.03 0.03 0.03 0.03 0.03 0.03 0.03 0.03 0.03 0.03
  per-rule acc: 0.02 0.05 0.03 0.03
Epoch 5780 | Train: Loss=0.0025 Acc=99.9% | Test: Acc=3.0% | Best=3.1%(@5480)
  from x3: 0.03 0.03 0.03 0.03 0.03 0.03 0.03 0.03 0.03 0.03 0.03 0.03 0.03
  per-rule acc: 0.02 0.05 0.03 0.03
Epoch 5800 | Train: Loss=0.0022 Acc=99.9% | Test: Acc=2.8% | Best=3.1%(@5480)
  from x3: 0.03 0.03 0.03 0.03 0.03 0.03 0.03 0.03 0.03 0.03 0.03 0.03 0.03
  per-rule acc: 0.02 0.05 0.02 0.02
Epoch 5820 | Train: Loss=0.0022 Acc=99.9% | Test: Acc=2.9% | Best=3.1%(@5480)
  from x3: 0.03 0.03 0.03 0.03 0.03 0.03 0.03 0.03 0.03 0.03 0.03 0.03 0.03
  per-rule acc: 0.01 0.05 0.03 0.03
Epoch 5840 | Train: Loss=0.0021 Acc=99.9% | Test: Acc=2.9% | Best=3.1%(@5480)
  from x3: 0.03 0.03 0.03 0.03 0.03 0.03 0.03 0.03 0.03 0.03 0.03 0.03 0.03
  per-rule acc: 0.02 0.05 0.03 0.02
Epoch 5860 | Train: Loss=0.0029 Acc=99.9% | Test: Acc=3.0% | Best=3.1%(@5480)
  from x3: 0.03 0.03 0.03 0.03 0.03 0.03 0.03 0.03 0.03 0.03 0.03 0.03 0.03
  per-rule acc: 0.02 0.05 0.03 0.03
Epoch 5880 | Train: Loss=0.0185 Acc=99.6% | Test: Acc=2.8% | Best=3.1%(@5480)
  from x3: 0.03 0.03 0.03 0.03 0.03 0.03 0.03 0.03 0.03 0.03 0.03 0.03 0.03
  per-rule acc: 0.02 0.04 0.03 0.03
Epoch 5900 | Train: Loss=0.0022 Acc=99.9% | Test: Acc=3.1% | Best=3.1%(@5900)
  from x3: 0.03 0.03 0.03 0.03 0.03 0.03 0.03 0.03 0.03 0.03 0.03 0.03 0.03
  per-rule acc: 0.02 0.05 0.03 0.02
Epoch 5920 | Train: Loss=0.0026 Acc=99.9% | Test: Acc=3.1% | Best=3.1%(@5920)
  from x3: 0.03 0.03 0.03 0.03 0.03 0.03 0.03 0.03 0.03 0.03 0.03 0.03 0.03
  per-rule acc: 0.02 0.05 0.03 0.03
Epoch 5940 | Train: Loss=0.0021 Acc=99.9% | Test: Acc=3.1% | Best=3.1%(@5920)
  from x3: 0.03 0.03 0.03 0.03 0.03 0.03 0.03 0.03 0.03 0.03 0.03 0.03 0.03
  per-rule acc: 0.02 0.05 0.03 0.02
Epoch 5960 | Train: Loss=0.0118 Acc=99.7% | Test: Acc=3.0% | Best=3.1%(@5920)
  from x3: 0.03 0.03 0.03 0.03 0.03 0.03 0.03 0.03 0.03 0.03 0.03 0.03 0.03
  per-rule acc: 0.01 0.05 0.03 0.02
Epoch 5980 | Train: Loss=0.0022 Acc=99.9% | Test: Acc=3.0% | Best=3.1%(@5920)
  from x3: 0.03 0.03 0.03 0.03 0.03 0.03 0.03 0.03 0.03 0.03 0.03 0.03 0.03
  per-rule acc: 0.02 0.05 0.03 0.02
Epoch 6000 | Train: Loss=0.0023 Acc=99.9% | Test: Acc=3.1% | Best=3.1%(@6000)
  from x3: 0.03 0.03 0.03 0.03 0.03 0.03 0.03 0.03 0.03 0.03 0.03 0.03 0.03
  per-rule acc: 0.02 0.05 0.03 0.03
Epoch 6020 | Train: Loss=0.0023 Acc=99.9% | Test: Acc=2.8% | Best=3.1%(@6000)
  from x3: 0.03 0.03 0.03 0.03 0.03 0.03 0.03 0.03 0.03 0.03 0.03 0.03 0.03
  per-rule acc: 0.01 0.05 0.02 0.02
Epoch 6040 | Train: Loss=0.0021 Acc=99.9% | Test: Acc=3.0% | Best=3.1%(@6000)
  from x3: 0.03 0.03 0.03 0.03 0.03 0.03 0.03 0.03 0.03 0.03 0.03 0.03 0.03
  per-rule acc: 0.02 0.05 0.02 0.03
Epoch 6060 | Train: Loss=0.0180 Acc=99.6% | Test: Acc=2.9% | Best=3.1%(@6000)
  from x3: 0.03 0.03 0.03 0.03 0.03 0.03 0.03 0.03 0.03 0.03 0.03 0.03 0.03
  per-rule acc: 0.02 0.05 0.03 0.02
Epoch 6080 | Train: Loss=0.0022 Acc=99.9% | Test: Acc=2.8% | Best=3.1%(@6000)
  from x3: 0.03 0.03 0.03 0.03 0.03 0.03 0.03 0.03 0.03 0.03 0.03 0.03 0.03
  per-rule acc: 0.02 0.05 0.03 0.02
Epoch 6100 | Train: Loss=0.0022 Acc=99.9% | Test: Acc=3.0% | Best=3.1%(@6000)
  from x3: 0.03 0.03 0.03 0.03 0.03 0.03 0.03 0.03 0.03 0.03 0.03 0.03 0.03
  per-rule acc: 0.02 0.05 0.02 0.03
Epoch 6120 | Train: Loss=0.0112 Acc=99.9% | Test: Acc=3.1% | Best=3.1%(@6120)
  from x3: 0.03 0.03 0.03 0.03 0.03 0.03 0.03 0.03 0.03 0.03 0.03 0.03 0.03
  per-rule acc: 0.02 0.05 0.03 0.03
Epoch 6140 | Train: Loss=0.0023 Acc=99.9% | Test: Acc=3.0% | Best=3.1%(@6120)
  from x3: 0.03 0.03 0.03 0.03 0.03 0.03 0.03 0.03 0.03 0.03 0.03 0.03 0.03
  per-rule acc: 0.02 0.05 0.03 0.03
Epoch 6160 | Train: Loss=0.0107 Acc=99.8% | Test: Acc=3.0% | Best=3.1%(@6120)
  from x3: 0.03 0.03 0.03 0.03 0.03 0.03 0.03 0.03 0.03 0.03 0.03 0.03 0.03
  per-rule acc: 0.02 0.05 0.03 0.03
Epoch 6180 | Train: Loss=0.0023 Acc=99.9% | Test: Acc=3.0% | Best=3.1%(@6120)
  from x3: 0.03 0.03 0.03 0.03 0.03 0.03 0.03 0.03 0.03 0.03 0.03 0.03 0.03
  per-rule acc: 0.02 0.05 0.03 0.02
Epoch 6200 | Train: Loss=0.0020 Acc=99.9% | Test: Acc=2.8% | Best=3.1%(@6120)
  from x3: 0.03 0.03 0.03 0.03 0.03 0.03 0.03 0.03 0.03 0.03 0.03 0.03 0.03
  per-rule acc: 0.02 0.05 0.02 0.02
Epoch 6220 | Train: Loss=0.0024 Acc=99.9% | Test: Acc=2.8% | Best=3.1%(@6120)
  from x3: 0.03 0.03 0.03 0.03 0.03 0.03 0.03 0.03 0.03 0.03 0.03 0.03 0.03
  per-rule acc: 0.02 0.05 0.02 0.02
Epoch 6240 | Train: Loss=0.0021 Acc=99.9% | Test: Acc=3.1% | Best=3.1%(@6120)
  from x3: 0.04 0.03 0.03 0.03 0.03 0.03 0.03 0.03 0.03 0.03 0.03 0.03 0.03
  per-rule acc: 0.02 0.05 0.03 0.03
Epoch 6260 | Train: Loss=0.0057 Acc=99.9% | Test: Acc=2.9% | Best=3.1%(@6120)
  from x3: 0.03 0.03 0.03 0.03 0.03 0.03 0.03 0.03 0.03 0.03 0.03 0.03 0.03
  per-rule acc: 0.02 0.05 0.02 0.03
Epoch 6280 | Train: Loss=0.0026 Acc=99.9% | Test: Acc=2.9% | Best=3.1%(@6120)
  from x3: 0.03 0.03 0.03 0.03 0.03 0.03 0.03 0.03 0.03 0.03 0.03 0.03 0.03
  per-rule acc: 0.02 0.05 0.02 0.03
Epoch 6300 | Train: Loss=0.0019 Acc=99.9% | Test: Acc=3.2% | Best=3.2%(@6300)
  from x3: 0.03 0.03 0.03 0.03 0.03 0.03 0.03 0.03 0.03 0.03 0.03 0.03 0.03
  per-rule acc: 0.02 0.05 0.03 0.03
Epoch 6320 | Train: Loss=0.0020 Acc=99.9% | Test: Acc=3.0% | Best=3.2%(@6300)
  from x3: 0.03 0.03 0.03 0.03 0.03 0.03 0.03 0.03 0.03 0.03 0.03 0.03 0.03
  per-rule acc: 0.02 0.05 0.02 0.03
Epoch 6340 | Train: Loss=0.0021 Acc=99.9% | Test: Acc=3.1% | Best=3.2%(@6300)
  from x3: 0.04 0.03 0.03 0.03 0.03 0.03 0.03 0.03 0.03 0.03 0.03 0.03 0.03
  per-rule acc: 0.02 0.05 0.03 0.03
Epoch 6360 | Train: Loss=0.0023 Acc=99.9% | Test: Acc=3.0% | Best=3.2%(@6300)
  from x3: 0.03 0.03 0.03 0.03 0.03 0.03 0.03 0.03 0.03 0.03 0.03 0.03 0.03
  per-rule acc: 0.02 0.05 0.03 0.03
Epoch 6380 | Train: Loss=0.0028 Acc=99.9% | Test: Acc=3.0% | Best=3.2%(@6300)
  from x3: 0.03 0.03 0.03 0.03 0.03 0.03 0.03 0.03 0.03 0.03 0.03 0.03 0.03
  per-rule acc: 0.02 0.05 0.02 0.03
Epoch 6400 | Train: Loss=0.0152 Acc=99.9% | Test: Acc=2.8% | Best=3.2%(@6300)
  from x3: 0.03 0.03 0.03 0.03 0.03 0.03 0.03 0.03 0.03 0.03 0.03 0.03 0.03
  per-rule acc: 0.02 0.05 0.03 0.02
Epoch 6420 | Train: Loss=0.0030 Acc=99.9% | Test: Acc=2.9% | Best=3.2%(@6300)
  from x3: 0.03 0.03 0.03 0.03 0.03 0.03 0.03 0.03 0.03 0.03 0.03 0.03 0.03
  per-rule acc: 0.02 0.05 0.02 0.03
Epoch 6440 | Train: Loss=0.0098 Acc=99.9% | Test: Acc=3.2% | Best=3.2%(@6300)
  from x3: 0.04 0.03 0.03 0.03 0.03 0.03 0.03 0.03 0.03 0.03 0.03 0.03 0.03
  per-rule acc: 0.02 0.05 0.03 0.02
Epoch 6460 | Train: Loss=0.0024 Acc=99.9% | Test: Acc=3.0% | Best=3.2%(@6300)
  from x3: 0.03 0.03 0.03 0.03 0.03 0.03 0.03 0.03 0.03 0.03 0.03 0.03 0.03
  per-rule acc: 0.02 0.05 0.03 0.03
Epoch 6480 | Train: Loss=0.0020 Acc=99.9% | Test: Acc=3.0% | Best=3.2%(@6300)
  from x3: 0.03 0.03 0.03 0.03 0.03 0.03 0.03 0.03 0.03 0.03 0.03 0.03 0.03
  per-rule acc: 0.02 0.05 0.03 0.03
Epoch 6500 | Train: Loss=0.0230 Acc=99.9% | Test: Acc=2.9% | Best=3.2%(@6300)
  from x3: 0.03 0.03 0.03 0.03 0.03 0.03 0.03 0.03 0.03 0.03 0.03 0.03 0.03
  per-rule acc: 0.02 0.05 0.02 0.02
Epoch 6520 | Train: Loss=0.0020 Acc=99.9% | Test: Acc=2.9% | Best=3.2%(@6300)
  from x3: 0.03 0.03 0.03 0.03 0.03 0.03 0.03 0.03 0.03 0.03 0.03 0.03 0.03
  per-rule acc: 0.02 0.05 0.03 0.03
Epoch 6540 | Train: Loss=0.0023 Acc=99.9% | Test: Acc=3.0% | Best=3.2%(@6300)
  from x3: 0.03 0.03 0.03 0.03 0.03 0.03 0.03 0.03 0.03 0.03 0.03 0.03 0.03
  per-rule acc: 0.02 0.05 0.02 0.03
Epoch 6560 | Train: Loss=0.0021 Acc=99.9% | Test: Acc=2.9% | Best=3.2%(@6300)
  from x3: 0.03 0.03 0.03 0.03 0.03 0.03 0.03 0.03 0.03 0.03 0.03 0.03 0.03
  per-rule acc: 0.02 0.05 0.03 0.02
Epoch 6580 | Train: Loss=0.0045 Acc=99.9% | Test: Acc=3.1% | Best=3.2%(@6300)
  from x3: 0.03 0.03 0.03 0.03 0.03 0.03 0.03 0.03 0.03 0.03 0.03 0.03 0.03
  per-rule acc: 0.02 0.05 0.03 0.03
Epoch 6600 | Train: Loss=0.0048 Acc=99.9% | Test: Acc=2.9% | Best=3.2%(@6300)
  from x3: 0.03 0.03 0.03 0.03 0.03 0.03 0.03 0.03 0.03 0.03 0.03 0.03 0.03
  per-rule acc: 0.02 0.05 0.03 0.03
Epoch 6620 | Train: Loss=0.0023 Acc=99.9% | Test: Acc=2.9% | Best=3.2%(@6300)
  from x3: 0.03 0.03 0.03 0.03 0.03 0.03 0.03 0.03 0.03 0.03 0.03 0.03 0.03
  per-rule acc: 0.02 0.05 0.03 0.03
Epoch 6640 | Train: Loss=0.0060 Acc=99.9% | Test: Acc=3.0% | Best=3.2%(@6300)
  from x3: 0.03 0.03 0.03 0.03 0.03 0.03 0.03 0.03 0.03 0.03 0.03 0.03 0.03
  per-rule acc: 0.02 0.05 0.03 0.03
Epoch 6660 | Train: Loss=0.0083 Acc=99.8% | Test: Acc=2.8% | Best=3.2%(@6300)
  from x3: 0.03 0.03 0.03 0.03 0.03 0.03 0.03 0.03 0.03 0.03 0.03 0.03 0.03
  per-rule acc: 0.02 0.04 0.02 0.02
Epoch 6680 | Train: Loss=0.0024 Acc=99.9% | Test: Acc=2.9% | Best=3.2%(@6300)
  from x3: 0.03 0.03 0.03 0.03 0.03 0.03 0.03 0.03 0.03 0.03 0.03 0.03 0.03
  per-rule acc: 0.02 0.05 0.03 0.03
Epoch 6700 | Train: Loss=0.0022 Acc=99.9% | Test: Acc=2.9% | Best=3.2%(@6300)
  from x3: 0.03 0.03 0.03 0.03 0.03 0.03 0.03 0.03 0.03 0.03 0.03 0.03 0.03
  per-rule acc: 0.02 0.05 0.03 0.03
Epoch 6720 | Train: Loss=0.0027 Acc=99.9% | Test: Acc=3.0% | Best=3.2%(@6300)
  from x3: 0.03 0.03 0.03 0.03 0.03 0.03 0.03 0.03 0.03 0.03 0.03 0.03 0.03
  per-rule acc: 0.02 0.05 0.03 0.03
Epoch 6740 | Train: Loss=0.0109 Acc=99.9% | Test: Acc=3.3% | Best=3.3%(@6740)
  from x3: 0.03 0.03 0.03 0.03 0.03 0.03 0.03 0.03 0.03 0.03 0.03 0.03 0.03
  per-rule acc: 0.02 0.05 0.03 0.03
Epoch 6760 | Train: Loss=0.0027 Acc=99.9% | Test: Acc=2.9% | Best=3.3%(@6740)
  from x3: 0.03 0.03 0.03 0.03 0.03 0.03 0.03 0.03 0.03 0.03 0.03 0.03 0.03
  per-rule acc: 0.02 0.05 0.02 0.03
Epoch 6780 | Train: Loss=0.0022 Acc=99.9% | Test: Acc=3.1% | Best=3.3%(@6740)
  from x3: 0.03 0.03 0.03 0.03 0.03 0.03 0.03 0.03 0.03 0.03 0.03 0.03 0.03
  per-rule acc: 0.02 0.05 0.03 0.03
Epoch 6800 | Train: Loss=0.0034 Acc=99.9% | Test: Acc=3.2% | Best=3.3%(@6740)
  from x3: 0.03 0.03 0.03 0.03 0.03 0.03 0.03 0.03 0.03 0.03 0.03 0.03 0.03
  per-rule acc: 0.02 0.05 0.03 0.03
Epoch 6820 | Train: Loss=0.0039 Acc=99.9% | Test: Acc=3.1% | Best=3.3%(@6740)
  from x3: 0.03 0.03 0.03 0.03 0.03 0.03 0.03 0.03 0.03 0.03 0.03 0.03 0.03
  per-rule acc: 0.02 0.05 0.03 0.03
Epoch 6840 | Train: Loss=0.0023 Acc=99.9% | Test: Acc=3.0% | Best=3.3%(@6740)
  from x3: 0.03 0.03 0.03 0.03 0.03 0.03 0.03 0.03 0.03 0.03 0.03 0.03 0.03
  per-rule acc: 0.02 0.05 0.03 0.03
Epoch 6860 | Train: Loss=0.0020 Acc=99.9% | Test: Acc=3.1% | Best=3.3%(@6740)
  from x3: 0.03 0.03 0.03 0.03 0.03 0.03 0.03 0.03 0.03 0.03 0.03 0.03 0.03
  per-rule acc: 0.02 0.05 0.03 0.03
Epoch 6880 | Train: Loss=0.0098 Acc=99.9% | Test: Acc=3.2% | Best=3.3%(@6740)
  from x3: 0.03 0.03 0.03 0.03 0.03 0.03 0.03 0.03 0.03 0.03 0.03 0.03 0.03
  per-rule acc: 0.02 0.05 0.03 0.03
Epoch 6900 | Train: Loss=0.0020 Acc=99.9% | Test: Acc=3.2% | Best=3.3%(@6740)
  from x3: 0.03 0.03 0.03 0.03 0.03 0.03 0.03 0.03 0.03 0.03 0.03 0.03 0.03
  per-rule acc: 0.02 0.05 0.03 0.03
Epoch 6920 | Train: Loss=0.0023 Acc=99.9% | Test: Acc=3.0% | Best=3.3%(@6740)
  from x3: 0.03 0.03 0.03 0.03 0.03 0.03 0.03 0.03 0.03 0.03 0.03 0.03 0.03
  per-rule acc: 0.02 0.05 0.03 0.02
Epoch 6940 | Train: Loss=0.0020 Acc=99.9% | Test: Acc=3.1% | Best=3.3%(@6740)
  from x3: 0.03 0.03 0.03 0.03 0.03 0.03 0.03 0.03 0.03 0.03 0.03 0.03 0.03
  per-rule acc: 0.02 0.05 0.03 0.03
Epoch 6960 | Train: Loss=0.0019 Acc=99.9% | Test: Acc=3.1% | Best=3.3%(@6740)
  from x3: 0.03 0.03 0.03 0.03 0.03 0.03 0.03 0.03 0.03 0.03 0.03 0.03 0.03
  per-rule acc: 0.02 0.05 0.03 0.03
Epoch 6980 | Train: Loss=0.0156 Acc=99.9% | Test: Acc=3.1% | Best=3.3%(@6740)
  from x3: 0.03 0.03 0.03 0.03 0.03 0.03 0.03 0.03 0.03 0.03 0.03 0.03 0.03
  per-rule acc: 0.02 0.05 0.03 0.03
Epoch 7000 | Train: Loss=0.0022 Acc=99.9% | Test: Acc=3.0% | Best=3.3%(@6740)
  from x3: 0.03 0.03 0.03 0.03 0.03 0.03 0.03 0.03 0.03 0.03 0.03 0.03 0.03
  per-rule acc: 0.02 0.05 0.03 0.03
Epoch 7020 | Train: Loss=0.0021 Acc=99.9% | Test: Acc=3.2% | Best=3.3%(@6740)
  from x3: 0.03 0.03 0.03 0.03 0.03 0.03 0.03 0.03 0.03 0.03 0.03 0.03 0.03
  per-rule acc: 0.02 0.05 0.03 0.03
Epoch 7040 | Train: Loss=0.0021 Acc=99.9% | Test: Acc=2.9% | Best=3.3%(@6740)
  from x3: 0.03 0.03 0.03 0.03 0.03 0.03 0.03 0.03 0.03 0.03 0.03 0.03 0.03
  per-rule acc: 0.02 0.05 0.03 0.02
Epoch 7060 | Train: Loss=0.0022 Acc=99.9% | Test: Acc=3.1% | Best=3.3%(@6740)
  from x3: 0.03 0.03 0.03 0.03 0.03 0.03 0.03 0.03 0.03 0.03 0.03 0.03 0.03
  per-rule acc: 0.02 0.05 0.03 0.03
Epoch 7080 | Train: Loss=0.0113 Acc=99.9% | Test: Acc=2.8% | Best=3.3%(@6740)
  from x3: 0.03 0.03 0.03 0.03 0.03 0.03 0.03 0.03 0.03 0.03 0.03 0.03 0.03
  per-rule acc: 0.02 0.05 0.02 0.03
Epoch 7100 | Train: Loss=0.0022 Acc=99.9% | Test: Acc=2.9% | Best=3.3%(@6740)
  from x3: 0.03 0.03 0.03 0.03 0.03 0.03 0.03 0.03 0.03 0.03 0.03 0.03 0.03
  per-rule acc: 0.02 0.05 0.03 0.03
Epoch 7120 | Train: Loss=0.0019 Acc=99.9% | Test: Acc=3.1% | Best=3.3%(@6740)
  from x3: 0.04 0.03 0.03 0.03 0.03 0.03 0.03 0.03 0.03 0.03 0.03 0.03 0.03
  per-rule acc: 0.02 0.05 0.03 0.03
Epoch 7140 | Train: Loss=0.0108 Acc=99.9% | Test: Acc=3.1% | Best=3.3%(@6740)
  from x3: 0.04 0.03 0.03 0.03 0.03 0.03 0.03 0.03 0.03 0.03 0.03 0.03 0.03
  per-rule acc: 0.02 0.04 0.03 0.03
Epoch 7160 | Train: Loss=0.0123 Acc=99.7% | Test: Acc=3.0% | Best=3.3%(@6740)
  from x3: 0.04 0.03 0.03 0.03 0.03 0.03 0.03 0.03 0.03 0.03 0.03 0.03 0.03
  per-rule acc: 0.02 0.04 0.03 0.03
Epoch 7180 | Train: Loss=0.0022 Acc=99.9% | Test: Acc=3.1% | Best=3.3%(@6740)
  from x3: 0.03 0.03 0.03 0.03 0.03 0.03 0.03 0.03 0.03 0.03 0.03 0.03 0.03
  per-rule acc: 0.02 0.05 0.03 0.03
Epoch 7200 | Train: Loss=0.0047 Acc=99.9% | Test: Acc=2.9% | Best=3.3%(@6740)
  from x3: 0.03 0.03 0.03 0.03 0.03 0.03 0.03 0.03 0.03 0.03 0.03 0.03 0.03
  per-rule acc: 0.02 0.05 0.03 0.03
Epoch 7220 | Train: Loss=0.0021 Acc=99.9% | Test: Acc=3.2% | Best=3.3%(@6740)
  from x3: 0.03 0.03 0.03 0.03 0.03 0.03 0.03 0.03 0.03 0.03 0.03 0.03 0.03
  per-rule acc: 0.02 0.05 0.03 0.02
Epoch 7240 | Train: Loss=0.0195 Acc=99.6% | Test: Acc=3.1% | Best=3.3%(@6740)
  from x3: 0.03 0.03 0.03 0.03 0.03 0.03 0.03 0.03 0.03 0.03 0.03 0.03 0.03
  per-rule acc: 0.02 0.05 0.03 0.03
Epoch 7260 | Train: Loss=0.0021 Acc=99.9% | Test: Acc=3.1% | Best=3.3%(@6740)
  from x3: 0.03 0.03 0.03 0.03 0.03 0.03 0.03 0.03 0.03 0.03 0.03 0.03 0.03
  per-rule acc: 0.02 0.05 0.03 0.03
Epoch 7280 | Train: Loss=0.0022 Acc=99.9% | Test: Acc=2.9% | Best=3.3%(@6740)
  from x3: 0.03 0.03 0.03 0.03 0.03 0.03 0.03 0.03 0.03 0.03 0.03 0.03 0.03
  per-rule acc: 0.02 0.05 0.03 0.02
Epoch 7300 | Train: Loss=0.0040 Acc=99.9% | Test: Acc=3.2% | Best=3.3%(@6740)
  from x3: 0.04 0.03 0.03 0.03 0.03 0.03 0.03 0.03 0.03 0.03 0.03 0.03 0.03
  per-rule acc: 0.02 0.05 0.03 0.03
Epoch 7320 | Train: Loss=0.0020 Acc=99.9% | Test: Acc=3.3% | Best=3.3%(@6740)
  from x3: 0.03 0.03 0.03 0.03 0.03 0.03 0.03 0.03 0.03 0.03 0.03 0.03 0.03
  per-rule acc: 0.02 0.05 0.03 0.03
Epoch 7340 | Train: Loss=0.0054 Acc=99.9% | Test: Acc=3.2% | Best=3.3%(@6740)
  from x3: 0.03 0.03 0.03 0.03 0.03 0.03 0.03 0.03 0.03 0.03 0.03 0.03 0.03
  per-rule acc: 0.02 0.05 0.03 0.02
Epoch 7360 | Train: Loss=0.0022 Acc=99.9% | Test: Acc=3.2% | Best=3.3%(@6740)
  from x3: 0.03 0.03 0.03 0.03 0.03 0.03 0.03 0.03 0.03 0.03 0.03 0.03 0.03
  per-rule acc: 0.02 0.05 0.03 0.03
Epoch 7380 | Train: Loss=0.0022 Acc=99.9% | Test: Acc=3.0% | Best=3.3%(@6740)
  from x3: 0.03 0.03 0.03 0.03 0.03 0.03 0.03 0.03 0.03 0.03 0.03 0.03 0.03
  per-rule acc: 0.02 0.05 0.03 0.03
Epoch 7400 | Train: Loss=0.0019 Acc=99.9% | Test: Acc=3.2% | Best=3.3%(@6740)
  from x3: 0.03 0.03 0.03 0.03 0.03 0.03 0.03 0.03 0.03 0.03 0.03 0.03 0.03
  per-rule acc: 0.02 0.05 0.03 0.03
Epoch 7420 | Train: Loss=0.0081 Acc=99.9% | Test: Acc=3.0% | Best=3.3%(@6740)
  from x3: 0.03 0.03 0.03 0.03 0.03 0.03 0.03 0.03 0.03 0.03 0.03 0.03 0.03
  per-rule acc: 0.02 0.05 0.03 0.03
Epoch 7440 | Train: Loss=0.0018 Acc=99.9% | Test: Acc=3.0% | Best=3.3%(@6740)
  from x3: 0.03 0.03 0.03 0.03 0.03 0.03 0.03 0.03 0.03 0.03 0.03 0.03 0.03
  per-rule acc: 0.02 0.05 0.03 0.03
Epoch 7460 | Train: Loss=0.0021 Acc=99.9% | Test: Acc=3.2% | Best=3.3%(@6740)
  from x3: 0.03 0.03 0.03 0.03 0.03 0.03 0.03 0.03 0.03 0.03 0.03 0.03 0.03
  per-rule acc: 0.02 0.05 0.03 0.03
Epoch 7480 | Train: Loss=0.0098 Acc=99.9% | Test: Acc=3.1% | Best=3.3%(@6740)
  from x3: 0.03 0.03 0.03 0.03 0.03 0.03 0.03 0.03 0.03 0.03 0.03 0.03 0.03
  per-rule acc: 0.02 0.05 0.03 0.03
Epoch 7500 | Train: Loss=0.0021 Acc=99.9% | Test: Acc=3.2% | Best=3.3%(@6740)
  from x3: 0.03 0.03 0.03 0.03 0.03 0.03 0.03 0.03 0.03 0.03 0.03 0.03 0.03
  per-rule acc: 0.02 0.05 0.03 0.03
Epoch 7520 | Train: Loss=0.0018 Acc=99.9% | Test: Acc=3.0% | Best=3.3%(@6740)
  from x3: 0.03 0.03 0.03 0.03 0.03 0.03 0.03 0.03 0.03 0.03 0.03 0.03 0.03
  per-rule acc: 0.02 0.05 0.03 0.03
Epoch 7540 | Train: Loss=0.0062 Acc=99.9% | Test: Acc=3.1% | Best=3.3%(@6740)
  from x3: 0.03 0.03 0.03 0.03 0.03 0.03 0.03 0.03 0.03 0.03 0.03 0.03 0.03
  per-rule acc: 0.02 0.05 0.03 0.03
Epoch 7560 | Train: Loss=0.0020 Acc=99.9% | Test: Acc=3.0% | Best=3.3%(@6740)
  from x3: 0.03 0.03 0.03 0.03 0.03 0.03 0.03 0.03 0.03 0.03 0.03 0.03 0.03
  per-rule acc: 0.02 0.05 0.03 0.03
Epoch 7580 | Train: Loss=0.0021 Acc=99.9% | Test: Acc=3.1% | Best=3.3%(@6740)
  from x3: 0.03 0.03 0.03 0.03 0.03 0.03 0.03 0.03 0.03 0.03 0.03 0.03 0.03
  per-rule acc: 0.02 0.05 0.03 0.03
Epoch 7600 | Train: Loss=0.0071 Acc=99.9% | Test: Acc=3.2% | Best=3.3%(@6740)
  from x3: 0.03 0.03 0.03 0.03 0.03 0.03 0.03 0.03 0.03 0.03 0.03 0.03 0.03
  per-rule acc: 0.02 0.05 0.03 0.03
Epoch 7620 | Train: Loss=0.0021 Acc=99.9% | Test: Acc=2.8% | Best=3.3%(@6740)
  from x3: 0.03 0.03 0.03 0.03 0.03 0.03 0.03 0.03 0.03 0.03 0.03 0.03 0.03
  per-rule acc: 0.02 0.04 0.02 0.03
Epoch 7640 | Train: Loss=0.0019 Acc=99.9% | Test: Acc=3.1% | Best=3.3%(@6740)
  from x3: 0.03 0.03 0.03 0.03 0.03 0.03 0.03 0.03 0.03 0.03 0.03 0.03 0.03
  per-rule acc: 0.02 0.05 0.03 0.03
Epoch 7660 | Train: Loss=0.0022 Acc=99.9% | Test: Acc=3.1% | Best=3.3%(@6740)
  from x3: 0.03 0.03 0.03 0.03 0.03 0.03 0.03 0.03 0.03 0.03 0.03 0.03 0.03
  per-rule acc: 0.02 0.05 0.03 0.03
Epoch 7680 | Train: Loss=0.0031 Acc=99.9% | Test: Acc=3.2% | Best=3.3%(@6740)
  from x3: 0.03 0.03 0.03 0.03 0.03 0.03 0.03 0.03 0.03 0.03 0.03 0.03 0.03
  per-rule acc: 0.02 0.05 0.03 0.03
Epoch 7700 | Train: Loss=0.0023 Acc=99.9% | Test: Acc=3.0% | Best=3.3%(@6740)
  from x3: 0.03 0.03 0.03 0.03 0.03 0.03 0.03 0.03 0.03 0.03 0.03 0.03 0.03
  per-rule acc: 0.02 0.04 0.03 0.03
Epoch 7720 | Train: Loss=0.0020 Acc=99.9% | Test: Acc=3.1% | Best=3.3%(@6740)
  from x3: 0.03 0.03 0.03 0.03 0.03 0.03 0.03 0.03 0.03 0.03 0.03 0.03 0.03
  per-rule acc: 0.02 0.05 0.03 0.03
Epoch 7740 | Train: Loss=0.0084 Acc=99.9% | Test: Acc=3.3% | Best=3.3%(@7740)
  from x3: 0.03 0.03 0.03 0.03 0.03 0.03 0.03 0.03 0.03 0.03 0.03 0.03 0.03
  per-rule acc: 0.02 0.05 0.03 0.03
Epoch 7760 | Train: Loss=0.0041 Acc=99.9% | Test: Acc=3.1% | Best=3.3%(@7740)
  from x3: 0.03 0.03 0.03 0.03 0.03 0.03 0.03 0.03 0.03 0.03 0.03 0.03 0.03
  per-rule acc: 0.02 0.05 0.03 0.03
Epoch 7780 | Train: Loss=0.0021 Acc=99.9% | Test: Acc=3.2% | Best=3.3%(@7740)
  from x3: 0.03 0.03 0.03 0.03 0.03 0.03 0.03 0.03 0.03 0.03 0.03 0.03 0.03
  per-rule acc: 0.02 0.05 0.03 0.03
Epoch 7800 | Train: Loss=0.0018 Acc=99.9% | Test: Acc=3.1% | Best=3.3%(@7740)
  from x3: 0.03 0.03 0.03 0.03 0.03 0.03 0.03 0.03 0.03 0.03 0.03 0.03 0.03
  per-rule acc: 0.02 0.05 0.03 0.03
Epoch 7820 | Train: Loss=0.0070 Acc=99.9% | Test: Acc=3.3% | Best=3.3%(@7740)
  from x3: 0.03 0.03 0.03 0.03 0.03 0.03 0.03 0.03 0.03 0.03 0.03 0.03 0.03
  per-rule acc: 0.02 0.05 0.03 0.03
Epoch 7840 | Train: Loss=0.0051 Acc=99.9% | Test: Acc=3.2% | Best=3.3%(@7740)
  from x3: 0.03 0.03 0.03 0.03 0.03 0.03 0.03 0.03 0.03 0.03 0.03 0.03 0.03
  per-rule acc: 0.02 0.05 0.03 0.03
Epoch 7860 | Train: Loss=0.0059 Acc=99.8% | Test: Acc=3.1% | Best=3.3%(@7740)
  from x3: 0.03 0.03 0.03 0.03 0.03 0.03 0.03 0.03 0.03 0.03 0.03 0.03 0.03
  per-rule acc: 0.02 0.05 0.03 0.03
Epoch 7880 | Train: Loss=0.0021 Acc=99.9% | Test: Acc=2.9% | Best=3.3%(@7740)
  from x3: 0.03 0.03 0.03 0.03 0.03 0.03 0.03 0.03 0.03 0.03 0.03 0.03 0.03
  per-rule acc: 0.02 0.04 0.03 0.03
Epoch 7900 | Train: Loss=0.0180 Acc=99.6% | Test: Acc=3.0% | Best=3.3%(@7740)
  from x3: 0.03 0.03 0.03 0.03 0.03 0.03 0.03 0.03 0.03 0.03 0.03 0.03 0.03
  per-rule acc: 0.02 0.04 0.03 0.03
Epoch 7920 | Train: Loss=0.0040 Acc=99.9% | Test: Acc=3.2% | Best=3.3%(@7740)
  from x3: 0.03 0.03 0.03 0.03 0.03 0.03 0.03 0.03 0.03 0.03 0.03 0.03 0.03
  per-rule acc: 0.02 0.05 0.03 0.03
Epoch 7940 | Train: Loss=0.0024 Acc=99.9% | Test: Acc=3.0% | Best=3.3%(@7740)
  from x3: 0.03 0.03 0.03 0.03 0.03 0.03 0.03 0.03 0.03 0.03 0.03 0.03 0.03
  per-rule acc: 0.02 0.05 0.03 0.02
Epoch 7960 | Train: Loss=0.0040 Acc=99.9% | Test: Acc=3.0% | Best=3.3%(@7740)
  from x3: 0.03 0.03 0.03 0.03 0.03 0.03 0.03 0.03 0.03 0.03 0.03 0.03 0.03
  per-rule acc: 0.02 0.04 0.03 0.03
Epoch 7980 | Train: Loss=0.0094 Acc=99.9% | Test: Acc=3.0% | Best=3.3%(@7740)
  from x3: 0.03 0.03 0.03 0.03 0.03 0.03 0.03 0.03 0.03 0.03 0.03 0.03 0.03
  per-rule acc: 0.02 0.05 0.03 0.03
Epoch 8000 | Train: Loss=0.0021 Acc=99.9% | Test: Acc=3.0% | Best=3.3%(@7740)
  from x3: 0.03 0.03 0.03 0.03 0.03 0.03 0.03 0.03 0.03 0.03 0.03 0.03 0.03
  per-rule acc: 0.02 0.05 0.03 0.03
Epoch 8020 | Train: Loss=0.0020 Acc=99.9% | Test: Acc=3.1% | Best=3.3%(@7740)
  from x3: 0.03 0.03 0.03 0.03 0.03 0.03 0.03 0.03 0.03 0.03 0.03 0.03 0.03
  per-rule acc: 0.02 0.05 0.03 0.03
Epoch 8040 | Train: Loss=0.0020 Acc=99.9% | Test: Acc=3.2% | Best=3.3%(@7740)
  from x3: 0.03 0.03 0.03 0.03 0.03 0.03 0.03 0.03 0.03 0.03 0.03 0.03 0.03
  per-rule acc: 0.02 0.05 0.03 0.03
Epoch 8060 | Train: Loss=0.0038 Acc=99.9% | Test: Acc=3.2% | Best=3.3%(@7740)
  from x3: 0.03 0.03 0.03 0.03 0.03 0.03 0.03 0.03 0.03 0.03 0.03 0.03 0.03
  per-rule acc: 0.02 0.05 0.03 0.03
Epoch 8080 | Train: Loss=0.0032 Acc=99.9% | Test: Acc=3.2% | Best=3.3%(@7740)
  from x3: 0.03 0.03 0.03 0.03 0.03 0.03 0.03 0.03 0.03 0.03 0.03 0.03 0.03
  per-rule acc: 0.02 0.05 0.03 0.03
Epoch 8100 | Train: Loss=0.0072 Acc=99.8% | Test: Acc=2.9% | Best=3.3%(@7740)
  from x3: 0.03 0.03 0.03 0.03 0.03 0.03 0.03 0.03 0.03 0.03 0.03 0.03 0.03
  per-rule acc: 0.02 0.04 0.03 0.02
Epoch 8120 | Train: Loss=0.0024 Acc=99.9% | Test: Acc=2.9% | Best=3.3%(@7740)
  from x3: 0.03 0.03 0.03 0.03 0.03 0.03 0.03 0.03 0.03 0.03 0.03 0.03 0.03
  per-rule acc: 0.02 0.05 0.03 0.03
Epoch 8140 | Train: Loss=0.0035 Acc=99.9% | Test: Acc=3.1% | Best=3.3%(@7740)
  from x3: 0.03 0.03 0.03 0.03 0.03 0.03 0.03 0.03 0.03 0.03 0.03 0.03 0.03
  per-rule acc: 0.02 0.05 0.03 0.03
Epoch 8160 | Train: Loss=0.0022 Acc=99.9% | Test: Acc=2.9% | Best=3.3%(@7740)
  from x3: 0.03 0.03 0.03 0.03 0.03 0.03 0.03 0.03 0.03 0.03 0.03 0.03 0.03
  per-rule acc: 0.02 0.04 0.03 0.03
Epoch 8180 | Train: Loss=0.0022 Acc=99.9% | Test: Acc=3.0% | Best=3.3%(@7740)
  from x3: 0.03 0.03 0.03 0.03 0.03 0.03 0.03 0.03 0.03 0.03 0.03 0.03 0.03
  per-rule acc: 0.02 0.04 0.03 0.03
Epoch 8200 | Train: Loss=0.0044 Acc=99.9% | Test: Acc=3.0% | Best=3.3%(@7740)
  from x3: 0.03 0.03 0.03 0.03 0.03 0.03 0.03 0.03 0.03 0.03 0.03 0.03 0.03
  per-rule acc: 0.02 0.05 0.03 0.03
Epoch 8220 | Train: Loss=0.0029 Acc=99.9% | Test: Acc=2.9% | Best=3.3%(@7740)
  from x3: 0.03 0.03 0.03 0.03 0.03 0.03 0.03 0.03 0.03 0.03 0.03 0.03 0.03
  per-rule acc: 0.02 0.04 0.03 0.03
Epoch 8240 | Train: Loss=0.0064 Acc=99.8% | Test: Acc=3.1% | Best=3.3%(@7740)
  from x3: 0.03 0.03 0.03 0.03 0.03 0.03 0.03 0.03 0.03 0.03 0.03 0.03 0.03
  per-rule acc: 0.02 0.05 0.03 0.03
Epoch 8260 | Train: Loss=0.0021 Acc=99.9% | Test: Acc=3.2% | Best=3.3%(@7740)
  from x3: 0.03 0.03 0.03 0.03 0.03 0.03 0.03 0.03 0.03 0.03 0.03 0.03 0.03
  per-rule acc: 0.02 0.05 0.03 0.03
Epoch 8280 | Train: Loss=0.0050 Acc=99.9% | Test: Acc=3.1% | Best=3.3%(@7740)
  from x3: 0.03 0.03 0.03 0.03 0.03 0.03 0.03 0.03 0.03 0.03 0.03 0.03 0.03
  per-rule acc: 0.02 0.05 0.03 0.03
Epoch 8300 | Train: Loss=0.0021 Acc=99.9% | Test: Acc=2.8% | Best=3.3%(@7740)
  from x3: 0.03 0.03 0.03 0.03 0.03 0.03 0.03 0.03 0.03 0.03 0.03 0.03 0.03
  per-rule acc: 0.02 0.05 0.03 0.03
Epoch 8320 | Train: Loss=0.0030 Acc=99.9% | Test: Acc=3.0% | Best=3.3%(@7740)
  from x3: 0.03 0.03 0.03 0.03 0.03 0.03 0.03 0.03 0.03 0.03 0.03 0.03 0.03
  per-rule acc: 0.02 0.04 0.03 0.03
Epoch 8340 | Train: Loss=0.0022 Acc=99.9% | Test: Acc=3.2% | Best=3.3%(@7740)
  from x3: 0.03 0.03 0.03 0.03 0.03 0.03 0.03 0.03 0.03 0.03 0.03 0.03 0.03
  per-rule acc: 0.02 0.05 0.03 0.03
Epoch 8360 | Train: Loss=0.0021 Acc=99.9% | Test: Acc=3.1% | Best=3.3%(@7740)
  from x3: 0.03 0.03 0.03 0.03 0.03 0.03 0.03 0.03 0.03 0.03 0.03 0.03 0.03
  per-rule acc: 0.02 0.05 0.03 0.03
Epoch 8380 | Train: Loss=0.0036 Acc=99.9% | Test: Acc=3.1% | Best=3.3%(@7740)
  from x3: 0.03 0.03 0.03 0.03 0.03 0.03 0.03 0.03 0.03 0.03 0.03 0.03 0.03
  per-rule acc: 0.02 0.05 0.03 0.03
Epoch 8400 | Train: Loss=0.0020 Acc=99.9% | Test: Acc=2.9% | Best=3.3%(@7740)
  from x3: 0.03 0.03 0.03 0.03 0.03 0.03 0.03 0.03 0.03 0.03 0.03 0.03 0.03
  per-rule acc: 0.02 0.04 0.03 0.03
Epoch 8420 | Train: Loss=0.0033 Acc=99.9% | Test: Acc=3.1% | Best=3.3%(@7740)
  from x3: 0.03 0.03 0.03 0.03 0.03 0.03 0.03 0.03 0.03 0.03 0.03 0.03 0.03
  per-rule acc: 0.02 0.05 0.03 0.03
Epoch 8440 | Train: Loss=0.0021 Acc=99.9% | Test: Acc=3.2% | Best=3.3%(@7740)
  from x3: 0.03 0.03 0.03 0.03 0.03 0.03 0.03 0.03 0.03 0.03 0.03 0.03 0.03
  per-rule acc: 0.02 0.05 0.03 0.03
Epoch 8460 | Train: Loss=0.0062 Acc=99.9% | Test: Acc=3.1% | Best=3.3%(@7740)
  from x3: 0.03 0.03 0.03 0.03 0.03 0.03 0.03 0.03 0.03 0.03 0.03 0.03 0.03
  per-rule acc: 0.02 0.05 0.03 0.03
Epoch 8480 | Train: Loss=0.0026 Acc=99.9% | Test: Acc=3.1% | Best=3.3%(@7740)
  from x3: 0.03 0.03 0.03 0.03 0.03 0.03 0.03 0.03 0.03 0.03 0.03 0.03 0.03
  per-rule acc: 0.02 0.05 0.03 0.03
Epoch 8500 | Train: Loss=0.0022 Acc=99.9% | Test: Acc=3.0% | Best=3.3%(@7740)
  from x3: 0.03 0.03 0.03 0.03 0.03 0.03 0.03 0.03 0.03 0.03 0.03 0.03 0.03
  per-rule acc: 0.02 0.05 0.03 0.03
Epoch 8520 | Train: Loss=0.0037 Acc=99.8% | Test: Acc=3.2% | Best=3.3%(@7740)
  from x3: 0.03 0.03 0.03 0.03 0.03 0.03 0.03 0.03 0.03 0.03 0.03 0.03 0.03
  per-rule acc: 0.02 0.05 0.03 0.03
Epoch 8540 | Train: Loss=0.0022 Acc=99.9% | Test: Acc=3.2% | Best=3.3%(@7740)
  from x3: 0.03 0.03 0.03 0.03 0.03 0.03 0.03 0.03 0.03 0.03 0.03 0.03 0.03
  per-rule acc: 0.02 0.05 0.03 0.03
Epoch 8560 | Train: Loss=0.0039 Acc=99.9% | Test: Acc=3.0% | Best=3.3%(@7740)
  from x3: 0.03 0.03 0.03 0.03 0.03 0.03 0.03 0.03 0.03 0.03 0.03 0.03 0.03
  per-rule acc: 0.02 0.05 0.03 0.03
Epoch 8580 | Train: Loss=0.0046 Acc=99.9% | Test: Acc=3.0% | Best=3.3%(@7740)
  from x3: 0.03 0.03 0.03 0.03 0.03 0.03 0.03 0.03 0.03 0.03 0.03 0.03 0.03
  per-rule acc: 0.02 0.05 0.03 0.03
Epoch 8600 | Train: Loss=0.0022 Acc=99.9% | Test: Acc=3.1% | Best=3.3%(@7740)
  from x3: 0.03 0.03 0.03 0.03 0.03 0.03 0.03 0.03 0.03 0.03 0.03 0.03 0.03
  per-rule acc: 0.02 0.05 0.03 0.03
Epoch 8620 | Train: Loss=0.0050 Acc=99.9% | Test: Acc=3.0% | Best=3.3%(@7740)
  from x3: 0.03 0.03 0.03 0.03 0.03 0.03 0.03 0.03 0.03 0.03 0.03 0.03 0.03
  per-rule acc: 0.02 0.05 0.03 0.02
Epoch 8640 | Train: Loss=0.0023 Acc=99.9% | Test: Acc=3.2% | Best=3.3%(@7740)
  from x3: 0.03 0.03 0.03 0.03 0.03 0.03 0.03 0.03 0.03 0.03 0.03 0.03 0.03
  per-rule acc: 0.02 0.05 0.03 0.03
Epoch 8660 | Train: Loss=0.0029 Acc=99.9% | Test: Acc=3.0% | Best=3.3%(@7740)
  from x3: 0.03 0.03 0.03 0.03 0.03 0.03 0.03 0.03 0.03 0.03 0.03 0.03 0.03
  per-rule acc: 0.02 0.05 0.03 0.03
Epoch 8680 | Train: Loss=0.0021 Acc=99.9% | Test: Acc=3.2% | Best=3.3%(@7740)
  from x3: 0.03 0.03 0.03 0.03 0.03 0.03 0.03 0.03 0.03 0.03 0.03 0.03 0.03
  per-rule acc: 0.02 0.05 0.03 0.03
Epoch 8700 | Train: Loss=0.0023 Acc=99.9% | Test: Acc=3.1% | Best=3.3%(@7740)
  from x3: 0.03 0.03 0.03 0.03 0.03 0.03 0.03 0.03 0.03 0.03 0.03 0.03 0.03
  per-rule acc: 0.02 0.05 0.03 0.03
Epoch 8720 | Train: Loss=0.0022 Acc=99.9% | Test: Acc=3.2% | Best=3.3%(@7740)
  from x3: 0.03 0.03 0.03 0.03 0.03 0.03 0.03 0.03 0.03 0.03 0.03 0.03 0.03
  per-rule acc: 0.02 0.05 0.03 0.03
Epoch 8740 | Train: Loss=0.0022 Acc=99.9% | Test: Acc=3.3% | Best=3.3%(@7740)
  from x3: 0.03 0.03 0.03 0.03 0.03 0.03 0.03 0.03 0.03 0.03 0.03 0.03 0.03
  per-rule acc: 0.02 0.05 0.03 0.03
[Early stop] No improvement for 1000 consecutive epochs

==================================================
Saving model...
[OK] Model saved to: /home/cxm/ai/test0627-multitask-overlap/models/mixed_basic_d1024l4_r16_n4_e50.pth
  File size: 592564.7 KB
  Best test accuracy: 3.33%

==================================================
Final generation test (given first two items, AB generates 3rd as prompt, validate from 4th)
==================================================

--- AB pair 1: (1, 1) ---

--- Statistics for AB=(1,1) ---
Exposed    samples:  1404 | In-dist: 18090/18252 ( 99.1%) | OOD: 22263/22464 ( 99.1%)
Unexposed  samples:  1405 | In-dist:  5812/18265 ( 31.8%) | OOD:  8037/22480 ( 35.8%)

--- AB pair 2: (1, 2) ---

--- Statistics for AB=(1,2) ---
Exposed    samples:  1404 | In-dist: 18025/18252 ( 98.8%) | OOD: 22191/22464 ( 98.8%)
Unexposed  samples:  1405 | In-dist:  3464/18265 ( 19.0%) | OOD:  5092/22480 ( 22.7%)

--- AB pair 3: (1, 3) ---

--- Statistics for AB=(1,3) ---
Exposed    samples:  1404 | In-dist: 18075/18252 ( 99.0%) | OOD: 22249/22464 ( 99.0%)
Unexposed  samples:  1405 | In-dist:  2633/18265 ( 14.4%) | OOD:  3965/22480 ( 17.6%)

--- AB pair 4: (1, 4) ---

--- Statistics for AB=(1,4) ---
Exposed    samples:  1404 | In-dist: 18083/18252 ( 99.1%) | OOD: 22263/22464 ( 99.1%)
Unexposed  samples:  1405 | In-dist:  2725/18265 ( 14.9%) | OOD:  4024/22480 ( 17.9%)

--- Return code: 0 ---

======================================================================
Attention Analysis
======================================================================
Model config: addition (default), p=53
Best test accuracy: 0.03332877087325486
Training epochs: 8740

Random test sequence 1/5 (length 32): [6, 0, 6, 6, 12, 18, 30, 48, 25, 20, 45, 12, 4, 16, 20, 36, 3, 39, 42, 28]...

======================================================================
Attention Layer Training Result Summary
======================================================================
Input sequence: [6, 0, 6, 6, 12, 18, 30, 48, 25, 20, 45, 12, 4, 16, 20, 36, 3, 39, 42, 28, 17, 45, 9, 1, 10, 11, 21, 32, 0, 32, 32, 11]

--- Layer 0 ---
  Head 0: Entropy=1.283
    Attention coefficients from each query position to previous positions:
      i= 0 -> j=0:1.000
      i= 1 -> j=0:0.777, j=1:0.223
      i= 2 -> j=0:0.454, j=1:0.415, j=2:0.131
      i= 3 -> j=0:0.105, j=1:0.263, j=2:0.495, j=3:0.137
      i= 4 -> j=0:0.008, j=1:0.035, j=2:0.394, j=3:0.431, j=4:0.133
      i= 5 -> j=0:0.001, j=1:0.003, j=2:0.074, j=3:0.349, j=4:0.450, j=5:0.123
      i= 6 -> j=0:0.000, j=1:0.001, j=2:0.008, j=3:0.077, j=4:0.395, j=5:0.400, j=6:0.120
      i= 7 -> j=0:0.000, j=1:0.000, j=2:0.001, j=3:0.008, j=4:0.086, j=5:0.354, j=6:0.425, j=7:0.125
      i= 8 -> j=0:0.001, j=1:0.000, j=2:0.000, j=3:0.001, j=4:0.010, j=5:0.086, j=6:0.402, j=7:0.397, j=8:0.102
      i= 9 -> j=0:0.001, j=1:0.001, j=2:0.000, j=3:0.000, j=4:0.001, j=5:0.007, j=6:0.072, j=7:0.364, j=8:0.417, j=9:0.137
      i=10 -> j=0:0.001, j=1:0.001, j=2:0.001, j=3:0.000, j=4:0.000, j=5:0.001, j=6:0.008, j=7:0.077, j=8:0.374, j=9:0.427, j=10:0.109
      i=11 -> j=0:0.001, j=1:0.001, j=2:0.001, j=3:0.001, j=4:0.000, j=5:0.000, j=6:0.001, j=7:0.007, j=8:0.079, j=9:0.378, j=10:0.412, j=11:0.120
      i=12 -> j=0:0.001, j=1:0.001, j=2:0.001, j=3:0.001, j=4:0.001, j=5:0.000, j=6:0.000, j=7:0.001, j=8:0.009, j=9:0.075, j=10:0.370, j=11:0.424, j=12:0.116
      i=13 -> j=0:0.001, j=1:0.001, j=2:0.001, j=3:0.001, j=4:0.001, j=5:0.001, j=6:0.000, j=7:0.000, j=8:0.001, j=9:0.008, j=10:0.090, j=11:0.394, j=12:0.395, j=13:0.105
      i=14 -> j=0:0.001, j=1:0.001, j=2:0.001, j=3:0.001, j=4:0.001, j=5:0.001, j=6:0.001, j=7:0.000, j=8:0.000, j=9:0.001, j=10:0.007, j=11:0.081, j=12:0.354, j=13:0.417, j=14:0.133
      i=15 -> j=0:0.002, j=1:0.001, j=2:0.001, j=3:0.001, j=4:0.001, j=5:0.001, j=6:0.001, j=7:0.001, j=8:0.000, j=9:0.000, j=10:0.001, j=11:0.008, j=12:0.079, j=13:0.360, j=14:0.428, j=15:0.115
      i=16 -> j=0:0.003, j=1:0.002, j=2:0.001, j=3:0.001, j=4:0.001, j=5:0.001, j=6:0.001, j=7:0.001, j=8:0.001, j=9:0.000, j=10:0.000, j=11:0.001, j=12:0.006, j=13:0.069, j=14:0.353, j=15:0.439, j=16:0.121
      i=17 -> j=0:0.003, j=1:0.003, j=2:0.003, j=3:0.002, j=4:0.001, j=5:0.001, j=6:0.001, j=7:0.001, j=8:0.001, j=9:0.001, j=10:0.000, j=11:0.000, j=12:0.001, j=13:0.008, j=14:0.082, j=15:0.377, j=16:0.403, j=17:0.112
      i=18 -> j=0:0.002, j=1:0.002, j=2:0.003, j=3:0.003, j=4:0.002, j=5:0.001, j=6:0.001, j=7:0.001, j=8:0.001, j=9:0.001, j=10:0.001, j=11:0.000, j=12:0.000, j=13:0.001, j=14:0.008, j=15:0.080, j=16:0.381, j=17:0.406, j=18:0.106
      i=19 -> j=0:0.002, j=1:0.002, j=2:0.002, j=3:0.003, j=4:0.003, j=5:0.001, j=6:0.001, j=7:0.001, j=8:0.001, j=9:0.001, j=10:0.001, j=11:0.001, j=12:0.000, j=13:0.000, j=14:0.001, j=15:0.007, j=16:0.078, j=17:0.386, j=18:0.405, j=19:0.105
      i=20 -> j=0:0.003, j=1:0.002, j=2:0.002, j=3:0.002, j=4:0.003, j=5:0.003, j=6:0.002, j=7:0.001, j=8:0.001, j=9:0.001, j=10:0.001, j=11:0.001, j=12:0.001, j=13:0.000, j=14:0.000, j=15:0.001, j=16:0.007, j=17:0.076, j=18:0.377, j=19:0.413, j=20:0.104
      i=21 -> j=0:0.004, j=1:0.003, j=2:0.002, j=3:0.002, j=4:0.003, j=5:0.003, j=6:0.003, j=7:0.002, j=8:0.001, j=9:0.001, j=10:0.001, j=11:0.001, j=12:0.001, j=13:0.001, j=14:0.000, j=15:0.000, j=16:0.001, j=17:0.008, j=18:0.084, j=19:0.394, j=20:0.375, j=21:0.109
      i=22 -> j=0:0.005, j=1:0.004, j=2:0.003, j=3:0.002, j=4:0.002, j=5:0.003, j=6:0.003, j=7:0.003, j=8:0.002, j=9:0.001, j=10:0.001, j=11:0.001, j=12:0.001, j=13:0.001, j=14:0.001, j=15:0.000, j=16:0.000, j=17:0.001, j=18:0.008, j=19:0.084, j=20:0.355, j=21:0.397, j=22:0.122
      i=23 -> j=0:0.005, j=1:0.005, j=2:0.004, j=3:0.002, j=4:0.002, j=5:0.002, j=6:0.002, j=7:0.003, j=8:0.002, j=9:0.001, j=10:0.001, j=11:0.001, j=12:0.001, j=13:0.001, j=14:0.001, j=15:0.001, j=16:0.000, j=17:0.000, j=18:0.001, j=19:0.007, j=20:0.072, j=21:0.358, j=22:0.423, j=23:0.107
      i=24 -> j=0:0.004, j=1:0.004, j=2:0.005, j=3:0.004, j=4:0.003, j=5:0.002, j=6:0.002, j=7:0.002, j=8:0.003, j=9:0.003, j=10:0.001, j=11:0.001, j=12:0.001, j=13:0.001, j=14:0.001, j=15:0.001, j=16:0.001, j=17:0.000, j=18:0.000, j=19:0.001, j=20:0.007, j=21:0.074, j=22:0.357, j=23:0.412, j=24:0.111
      i=25 -> j=0:0.005, j=1:0.004, j=2:0.006, j=3:0.006, j=4:0.004, j=5:0.003, j=6:0.002, j=7:0.002, j=8:0.003, j=9:0.003, j=10:0.003, j=11:0.002, j=12:0.001, j=13:0.001, j=14:0.001, j=15:0.001, j=16:0.001, j=17:0.001, j=18:0.000, j=19:0.000, j=20:0.001, j=21:0.009, j=22:0.084, j=23:0.377, j=24:0.372, j=25:0.108
      i=26 -> j=0:0.006, j=1:0.005, j=2:0.005, j=3:0.006, j=4:0.006, j=5:0.005, j=6:0.003, j=7:0.002, j=8:0.002, j=9:0.003, j=10:0.003, j=11:0.003, j=12:0.002, j=13:0.001, j=14:0.001, j=15:0.001, j=16:0.001, j=17:0.001, j=18:0.001, j=19:0.001, j=20:0.000, j=21:0.001, j=22:0.009, j=23:0.074, j=24:0.361, j=25:0.391, j=26:0.105
      i=27 -> j=0:0.006, j=1:0.005, j=2:0.005, j=3:0.005, j=4:0.005, j=5:0.005, j=6:0.004, j=7:0.003, j=8:0.002, j=9:0.002, j=10:0.003, j=11:0.003, j=12:0.003, j=13:0.002, j=14:0.001, j=15:0.001, j=16:0.001, j=17:0.001, j=18:0.001, j=19:0.001, j=20:0.000, j=21:0.000, j=22:0.001, j=23:0.007, j=24:0.075, j=25:0.354, j=26:0.390, j=27:0.113
      i=28 -> j=0:0.006, j=1:0.004, j=2:0.005, j=3:0.005, j=4:0.005, j=5:0.005, j=6:0.005, j=7:0.004, j=8:0.003, j=9:0.002, j=10:0.002, j=11:0.003, j=12:0.003, j=13:0.003, j=14:0.002, j=15:0.001, j=16:0.001, j=17:0.001, j=18:0.001, j=19:0.001, j=20:0.001, j=21:0.000, j=22:0.000, j=23:0.001, j=24:0.008, j=25:0.071, j=26:0.369, j=27:0.388, j=28:0.100
      i=29 -> j=0:0.005, j=1:0.006, j=2:0.006, j=3:0.005, j=4:0.004, j=5:0.005, j=6:0.005, j=7:0.005, j=8:0.004, j=9:0.003, j=10:0.002, j=11:0.002, j=12:0.003, j=13:0.003, j=14:0.003, j=15:0.002, j=16:0.001, j=17:0.001, j=18:0.001, j=19:0.001, j=20:0.001, j=21:0.001, j=22:0.000, j=23:0.000, j=24:0.001, j=25:0.007, j=26:0.079, j=27:0.363, j=28:0.371, j=29:0.110
      i=30 -> j=0:0.005, j=1:0.006, j=2:0.007, j=3:0.007, j=4:0.006, j=5:0.005, j=6:0.005, j=7:0.006, j=8:0.006, j=9:0.005, j=10:0.003, j=11:0.002, j=12:0.002, j=13:0.003, j=14:0.004, j=15:0.003, j=16:0.002, j=17:0.001, j=18:0.001, j=19:0.001, j=20:0.001, j=21:0.001, j=22:0.001, j=23:0.000, j=24:0.000, j=25:0.001, j=26:0.009, j=27:0.092, j=28:0.251, j=29:0.439, j=30:0.125
      i=31 -> j=0:0.004, j=1:0.004, j=2:0.005, j=3:0.006, j=4:0.006, j=5:0.005, j=6:0.005, j=7:0.005, j=8:0.006, j=9:0.006, j=10:0.004, j=11:0.003, j=12:0.002, j=13:0.002, j=14:0.003, j=15:0.003, j=16:0.003, j=17:0.002, j=18:0.001, j=19:0.001, j=20:0.001, j=21:0.001, j=22:0.001, j=23:0.001, j=24:0.000, j=25:0.000, j=26:0.001, j=27:0.009, j=28:0.030, j=29:0.388, j=30:0.388, j=31:0.104
    Average attention per distance:
      d=0:0.147, d=1:0.423, d=2:0.367, d=3:0.077

--- Layer 1 ---
  Head 0: Entropy=1.051
    Attention coefficients from each query position to previous positions:
      i= 0 -> j=0:1.000
      i= 1 -> j=0:0.874, j=1:0.126
      i= 2 -> j=0:0.192, j=1:0.059, j=2:0.749
      i= 3 -> j=0:0.036, j=1:0.024, j=2:0.544, j=3:0.396
      i= 4 -> j=0:0.009, j=1:0.008, j=2:0.171, j=3:0.277, j=4:0.535
      i= 5 -> j=0:0.003, j=1:0.002, j=2:0.052, j=3:0.165, j=4:0.744, j=5:0.033
      i= 6 -> j=0:0.004, j=1:0.001, j=2:0.015, j=3:0.040, j=4:0.303, j=5:0.034, j=6:0.603
      i= 7 -> j=0:0.005, j=1:0.001, j=2:0.006, j=3:0.009, j=4:0.065, j=5:0.015, j=6:0.462, j=7:0.437
      i= 8 -> j=0:0.006, j=1:0.001, j=2:0.005, j=3:0.004, j=4:0.017, j=5:0.005, j=6:0.168, j=7:0.373, j=8:0.421
      i= 9 -> j=0:0.006, j=1:0.002, j=2:0.007, j=3:0.003, j=4:0.008, j=5:0.001, j=6:0.038, j=7:0.150, j=8:0.392, j=9:0.392
      i=10 -> j=0:0.001, j=1:0.000, j=2:0.003, j=3:0.001, j=4:0.002, j=5:0.000, j=6:0.003, j=7:0.011, j=8:0.053, j=9:0.127, j=10:0.800
      i=11 -> j=0:0.001, j=1:0.000, j=2:0.002, j=3:0.002, j=4:0.002, j=5:0.000, j=6:0.001, j=7:0.002, j=8:0.011, j=9:0.045, j=10:0.585, j=11:0.348
      i=12 -> j=0:0.001, j=1:0.000, j=2:0.002, j=3:0.002, j=4:0.005, j=5:0.000, j=6:0.001, j=7:0.001, j=8:0.004, j=9:0.015, j=10:0.267, j=11:0.461, j=12:0.240
      i=13 -> j=0:0.003, j=1:0.001, j=2:0.003, j=3:0.003, j=4:0.008, j=5:0.001, j=6:0.003, j=7:0.002, j=8:0.003, j=9:0.006, j=10:0.086, j=11:0.331, j=12:0.472, j=13:0.078
      i=14 -> j=0:0.011, j=1:0.002, j=2:0.009, j=3:0.006, j=4:0.016, j=5:0.002, j=6:0.013, j=7:0.008, j=8:0.007, j=9:0.007, j=10:0.037, j=11:0.138, j=12:0.384, j=13:0.198, j=14:0.163
      i=15 -> j=0:0.011, j=1:0.003, j=2:0.010, j=3:0.005, j=4:0.010, j=5:0.001, j=6:0.011, j=7:0.010, j=8:0.008, j=9:0.005, j=10:0.013, j=11:0.025, j=12:0.070, j=13:0.077, j=14:0.173, j=15:0.569
      i=16 -> j=0:0.004, j=1:0.002, j=2:0.005, j=3:0.003, j=4:0.004, j=5:0.001, j=6:0.003, j=7:0.004, j=8:0.004, j=9:0.003, j=10:0.005, j=11:0.004, j=12:0.005, j=13:0.005, j=14:0.016, j=15:0.080, j=16:0.853
      i=17 -> j=0:0.002, j=1:0.001, j=2:0.004, j=3:0.002, j=4:0.003, j=5:0.000, j=6:0.001, j=7:0.002, j=8:0.003, j=9:0.003, j=10:0.004, j=11:0.002, j=12:0.001, j=13:0.001, j=14:0.003, j=15:0.031, j=16:0.859, j=17:0.077
      i=18 -> j=0:0.002, j=1:0.001, j=2:0.004, j=3:0.003, j=4:0.004, j=5:0.000, j=6:0.001, j=7:0.001, j=8:0.002, j=9:0.003, j=10:0.007, j=11:0.003, j=12:0.001, j=13:0.000, j=14:0.001, j=15:0.006, j=16:0.423, j=17:0.090, j=18:0.447
      i=19 -> j=0:0.001, j=1:0.000, j=2:0.001, j=3:0.001, j=4:0.002, j=5:0.000, j=6:0.001, j=7:0.001, j=8:0.001, j=9:0.001, j=10:0.003, j=11:0.002, j=12:0.001, j=13:0.000, j=14:0.000, j=15:0.001, j=16:0.026, j=17:0.011, j=18:0.106, j=19:0.841
      i=20 -> j=0:0.001, j=1:0.000, j=2:0.001, j=3:0.001, j=4:0.001, j=5:0.000, j=6:0.001, j=7:0.000, j=8:0.000, j=9:0.000, j=10:0.001, j=11:0.001, j=12:0.000, j=13:0.000, j=14:0.000, j=15:0.000, j=16:0.003, j=17:0.002, j=18:0.038, j=19:0.948, j=20:0.001
      i=21 -> j=0:0.006, j=1:0.002, j=2:0.005, j=3:0.003, j=4:0.006, j=5:0.001, j=6:0.005, j=7:0.003, j=8:0.003, j=9:0.002, j=10:0.004, j=11:0.004, j=12:0.003, j=13:0.001, j=14:0.001, j=15:0.001, j=16:0.009, j=17:0.002, j=18:0.027, j=19:0.844, j=20:0.004, j=21:0.064
      i=22 -> j=0:0.013, j=1:0.005, j=2:0.015, j=3:0.009, j=4:0.013, j=5:0.002, j=6:0.010, j=7:0.009, j=8:0.009, j=9:0.006, j=10:0.009, j=11:0.007, j=12:0.005, j=13:0.002, j=14:0.002, j=15:0.002, j=16:0.020, j=17:0.002, j=18:0.012, j=19:0.289, j=20:0.005, j=21:0.141, j=22:0.414
      i=23 -> j=0:0.015, j=1:0.006, j=2:0.020, j=3:0.012, j=4:0.017, j=5:0.002, j=6:0.010, j=7:0.010, j=8:0.012, j=9:0.009, j=10:0.013, j=11:0.007, j=12:0.004, j=13:0.002, j=14:0.002, j=15:0.003, j=16:0.030, j=17:0.002, j=18:0.005, j=19:0.061, j=20:0.002, j=21:0.072, j=22:0.459, j=23:0.225
      i=24 -> j=0:0.017, j=1:0.007, j=2:0.028, j=3:0.019, j=4:0.026, j=5:0.002, j=6:0.011, j=7:0.011, j=8:0.014, j=9:0.013, j=10:0.023, j=11:0.010, j=12:0.004, j=13:0.001, j=14:0.002, j=15:0.004, j=16:0.051, j=17:0.003, j=18:0.005, j=19:0.027, j=20:0.000, j=21:0.022, j=22:0.289, j=23:0.378, j=24:0.033
      i=25 -> j=0:0.020, j=1:0.008, j=2:0.026, j=3:0.021, j=4:0.031, j=5:0.004, j=6:0.014, j=7:0.011, j=8:0.014, j=9:0.014, j=10:0.029, j=11:0.017, j=12:0.007, j=13:0.002, j=14:0.002, j=15:0.004, j=16:0.047, j=17:0.006, j=18:0.009, j=19:0.029, j=20:0.000, j=21:0.006, j=22:0.046, j=23:0.111, j=24:0.034, j=25:0.486
      i=26 -> j=0:0.020, j=1:0.007, j=2:0.022, j=3:0.017, j=4:0.029, j=5:0.004, j=6:0.015, j=7:0.011, j=8:0.011, j=9:0.011, j=10:0.025, j=11:0.019, j=12:0.009, j=13:0.002, j=14:0.002, j=15:0.002, j=16:0.030, j=17:0.005, j=18:0.011, j=19:0.038, j=20:0.000, j=21:0.002, j=22:0.010, j=23:0.025, j=24:0.016, j=25:0.476, j=26:0.182
      i=27 -> j=0:0.004, j=1:0.001, j=2:0.004, j=3:0.003, j=4:0.005, j=5:0.001, j=6:0.003, j=7:0.002, j=8:0.002, j=9:0.002, j=10:0.004, j=11:0.003, j=12:0.002, j=13:0.000, j=14:0.000, j=15:0.000, j=16:0.004, j=17:0.001, j=18:0.002, j=19:0.010, j=20:0.000, j=21:0.000, j=22:0.001, j=23:0.001, j=24:0.001, j=25:0.028, j=26:0.025, j=27:0.892
      i=28 -> j=0:0.005, j=1:0.002, j=2:0.006, j=3:0.004, j=4:0.006, j=5:0.001, j=6:0.004, j=7:0.004, j=8:0.003, j=9:0.003, j=10:0.004, j=11:0.003, j=12:0.002, j=13:0.001, j=14:0.001, j=15:0.001, j=16:0.005, j=17:0.001, j=18:0.002, j=19:0.010, j=20:0.000, j=21:0.001, j=22:0.001, j=23:0.001, j=24:0.000, j=25:0.010, j=26:0.016, j=27:0.834, j=28:0.070
      i=29 -> j=0:0.002, j=1:0.001, j=2:0.002, j=3:0.001, j=4:0.002, j=5:0.000, j=6:0.001, j=7:0.001, j=8:0.001, j=9:0.001, j=10:0.002, j=11:0.001, j=12:0.001, j=13:0.000, j=14:0.000, j=15:0.000, j=16:0.002, j=17:0.000, j=18:0.001, j=19:0.003, j=20:0.000, j=21:0.000, j=22:0.000, j=23:0.000, j=24:0.000, j=25:0.001, j=26:0.001, j=27:0.083, j=28:0.018, j=29:0.871
      i=30 -> j=0:0.001, j=1:0.000, j=2:0.001, j=3:0.001, j=4:0.001, j=5:0.000, j=6:0.001, j=7:0.001, j=8:0.001, j=9:0.001, j=10:0.001, j=11:0.001, j=12:0.000, j=13:0.000, j=14:0.000, j=15:0.000, j=16:0.002, j=17:0.000, j=18:0.000, j=19:0.001, j=20:0.000, j=21:0.000, j=22:0.000, j=23:0.000, j=24:0.000, j=25:0.000, j=26:0.000, j=27:0.013, j=28:0.006, j=29:0.542, j=30:0.425
      i=31 -> j=0:0.001, j=1:0.001, j=2:0.002, j=3:0.001, j=4:0.002, j=5:0.000, j=6:0.001, j=7:0.001, j=8:0.001, j=9:0.001, j=10:0.002, j=11:0.001, j=12:0.001, j=13:0.000, j=14:0.000, j=15:0.000, j=16:0.002, j=17:0.000, j=18:0.000, j=19:0.001, j=20:0.000, j=21:0.000, j=22:0.000, j=23:0.000, j=24:0.000, j=25:0.000, j=26:0.000, j=27:0.004, j=28:0.002, j=29:0.306, j=30:0.641, j=31:0.026
    Average attention per distance:
      d=0:0.400, d=1:0.368, d=2:0.155, d=3:0.036, d=22:0.010

--- Layer 2 ---
  Head 0: Entropy=0.320
    Attention coefficients from each query position to previous positions:
      i= 0 -> j=0:1.000
      i= 1 -> j=0:0.999, j=1:0.001
      i= 2 -> j=0:0.845, j=1:0.130, j=2:0.025
      i= 3 -> j=0:0.000, j=1:0.022, j=2:0.827, j=3:0.151
      i= 4 -> j=0:0.000, j=1:0.000, j=2:0.012, j=3:0.921, j=4:0.066
      i= 5 -> j=0:0.000, j=1:0.000, j=2:0.000, j=3:0.020, j=4:0.959, j=5:0.020
      i= 6 -> j=0:0.000, j=1:0.000, j=2:0.000, j=3:0.000, j=4:0.067, j=5:0.880, j=6:0.053
      i= 7 -> j=0:0.000, j=1:0.000, j=2:0.000, j=3:0.000, j=4:0.000, j=5:0.027, j=6:0.962, j=7:0.012
      i= 8 -> j=0:0.000, j=1:0.000, j=2:0.000, j=3:0.000, j=4:0.000, j=5:0.000, j=6:0.081, j=7:0.893, j=8:0.026
      i= 9 -> j=0:0.000, j=1:0.000, j=2:0.000, j=3:0.000, j=4:0.000, j=5:0.000, j=6:0.000, j=7:0.042, j=8:0.920, j=9:0.038
      i=10 -> j=0:0.000, j=1:0.000, j=2:0.000, j=3:0.000, j=4:0.000, j=5:0.000, j=6:0.000, j=7:0.000, j=8:0.028, j=9:0.954, j=10:0.019
      i=11 -> j=0:0.000, j=1:0.000, j=2:0.000, j=3:0.000, j=4:0.000, j=5:0.000, j=6:0.000, j=7:0.000, j=8:0.000, j=9:0.061, j=10:0.922, j=11:0.017
      i=12 -> j=0:0.000, j=1:0.000, j=2:0.000, j=3:0.000, j=4:0.000, j=5:0.000, j=6:0.000, j=7:0.000, j=8:0.000, j=9:0.000, j=10:0.079, j=11:0.897, j=12:0.024
      i=13 -> j=0:0.000, j=1:0.000, j=2:0.000, j=3:0.000, j=4:0.000, j=5:0.000, j=6:0.000, j=7:0.000, j=8:0.000, j=9:0.000, j=10:0.000, j=11:0.043, j=12:0.940, j=13:0.017
      i=14 -> j=0:0.000, j=1:0.000, j=2:0.000, j=3:0.000, j=4:0.000, j=5:0.000, j=6:0.000, j=7:0.000, j=8:0.000, j=9:0.000, j=10:0.000, j=11:0.000, j=12:0.061, j=13:0.926, j=14:0.012
      i=15 -> j=0:0.000, j=1:0.000, j=2:0.000, j=3:0.000, j=4:0.000, j=5:0.000, j=6:0.000, j=7:0.000, j=8:0.000, j=9:0.000, j=10:0.000, j=11:0.000, j=12:0.000, j=13:0.107, j=14:0.855, j=15:0.038
      i=16 -> j=0:0.000, j=1:0.000, j=2:0.000, j=3:0.000, j=4:0.000, j=5:0.000, j=6:0.000, j=7:0.000, j=8:0.000, j=9:0.000, j=10:0.000, j=11:0.000, j=12:0.000, j=13:0.000, j=14:0.030, j=15:0.959, j=16:0.010
      i=17 -> j=0:0.000, j=1:0.000, j=2:0.000, j=3:0.000, j=4:0.000, j=5:0.000, j=6:0.000, j=7:0.000, j=8:0.000, j=9:0.000, j=10:0.000, j=11:0.000, j=12:0.000, j=13:0.000, j=14:0.000, j=15:0.137, j=16:0.841, j=17:0.022
      i=18 -> j=0:0.000, j=1:0.000, j=2:0.000, j=3:0.000, j=4:0.000, j=5:0.000, j=6:0.000, j=7:0.000, j=8:0.000, j=9:0.000, j=10:0.000, j=11:0.000, j=12:0.000, j=13:0.000, j=14:0.000, j=15:0.000, j=16:0.053, j=17:0.861, j=18:0.086
      i=19 -> j=0:0.000, j=1:0.000, j=2:0.000, j=3:0.000, j=4:0.000, j=5:0.000, j=6:0.000, j=7:0.000, j=8:0.000, j=9:0.000, j=10:0.000, j=11:0.000, j=12:0.000, j=13:0.000, j=14:0.000, j=15:0.000, j=16:0.000, j=17:0.015, j=18:0.964, j=19:0.020
      i=20 -> j=0:0.000, j=1:0.000, j=2:0.000, j=3:0.000, j=4:0.000, j=5:0.000, j=6:0.000, j=7:0.000, j=8:0.000, j=9:0.000, j=10:0.000, j=11:0.000, j=12:0.000, j=13:0.000, j=14:0.000, j=15:0.000, j=16:0.000, j=17:0.000, j=18:0.070, j=19:0.915, j=20:0.015
      i=21 -> j=0:0.000, j=1:0.000, j=2:0.000, j=3:0.000, j=4:0.000, j=5:0.000, j=6:0.000, j=7:0.000, j=8:0.000, j=9:0.000, j=10:0.000, j=11:0.000, j=12:0.000, j=13:0.000, j=14:0.000, j=15:0.000, j=16:0.000, j=17:0.000, j=18:0.000, j=19:0.077, j=20:0.907, j=21:0.016
      i=22 -> j=0:0.000, j=1:0.000, j=2:0.000, j=3:0.000, j=4:0.000, j=5:0.000, j=6:0.000, j=7:0.000, j=8:0.000, j=9:0.000, j=10:0.000, j=11:0.000, j=12:0.000, j=13:0.000, j=14:0.000, j=15:0.000, j=16:0.000, j=17:0.000, j=18:0.000, j=19:0.000, j=20:0.069, j=21:0.914, j=22:0.017
      i=23 -> j=0:0.000, j=1:0.000, j=2:0.000, j=3:0.000, j=4:0.000, j=5:0.000, j=6:0.000, j=7:0.000, j=8:0.000, j=9:0.000, j=10:0.000, j=11:0.000, j=12:0.000, j=13:0.000, j=14:0.000, j=15:0.000, j=16:0.000, j=17:0.000, j=18:0.000, j=19:0.000, j=20:0.000, j=21:0.081, j=22:0.906, j=23:0.013
      i=24 -> j=0:0.000, j=1:0.000, j=2:0.000, j=3:0.000, j=4:0.000, j=5:0.000, j=6:0.000, j=7:0.000, j=8:0.000, j=9:0.000, j=10:0.000, j=11:0.000, j=12:0.000, j=13:0.000, j=14:0.000, j=15:0.000, j=16:0.000, j=17:0.000, j=18:0.000, j=19:0.000, j=20:0.000, j=21:0.000, j=22:0.091, j=23:0.848, j=24:0.062
      i=25 -> j=0:0.000, j=1:0.000, j=2:0.000, j=3:0.000, j=4:0.000, j=5:0.000, j=6:0.000, j=7:0.000, j=8:0.000, j=9:0.000, j=10:0.000, j=11:0.000, j=12:0.000, j=13:0.000, j=14:0.000, j=15:0.000, j=16:0.000, j=17:0.000, j=18:0.000, j=19:0.000, j=20:0.000, j=21:0.000, j=22:0.000, j=23:0.017, j=24:0.972, j=25:0.011
      i=26 -> j=0:0.000, j=1:0.000, j=2:0.000, j=3:0.000, j=4:0.000, j=5:0.000, j=6:0.000, j=7:0.000, j=8:0.000, j=9:0.000, j=10:0.000, j=11:0.000, j=12:0.000, j=13:0.000, j=14:0.000, j=15:0.000, j=16:0.000, j=17:0.000, j=18:0.000, j=19:0.000, j=20:0.000, j=21:0.000, j=22:0.000, j=23:0.000, j=24:0.112, j=25:0.822, j=26:0.067
      i=27 -> j=0:0.000, j=1:0.000, j=2:0.000, j=3:0.000, j=4:0.000, j=5:0.000, j=6:0.000, j=7:0.000, j=8:0.000, j=9:0.000, j=10:0.000, j=11:0.000, j=12:0.000, j=13:0.000, j=14:0.000, j=15:0.000, j=16:0.000, j=17:0.000, j=18:0.000, j=19:0.000, j=20:0.000, j=21:0.000, j=22:0.000, j=23:0.000, j=24:0.000, j=25:0.015, j=26:0.954, j=27:0.032
      i=28 -> j=0:0.000, j=1:0.000, j=2:0.000, j=3:0.000, j=4:0.000, j=5:0.000, j=6:0.000, j=7:0.000, j=8:0.000, j=9:0.000, j=10:0.000, j=11:0.000, j=12:0.000, j=13:0.000, j=14:0.000, j=15:0.000, j=16:0.000, j=17:0.000, j=18:0.000, j=19:0.000, j=20:0.000, j=21:0.000, j=22:0.000, j=23:0.000, j=24:0.000, j=25:0.000, j=26:0.035, j=27:0.964, j=28:0.000
      i=29 -> j=0:0.000, j=1:0.000, j=2:0.000, j=3:0.000, j=4:0.000, j=5:0.000, j=6:0.000, j=7:0.000, j=8:0.000, j=9:0.000, j=10:0.000, j=11:0.000, j=12:0.000, j=13:0.000, j=14:0.000, j=15:0.000, j=16:0.000, j=17:0.000, j=18:0.000, j=19:0.000, j=20:0.000, j=21:0.000, j=22:0.000, j=23:0.000, j=24:0.000, j=25:0.000, j=26:0.000, j=27:0.918, j=28:0.064, j=29:0.018
      i=30 -> j=0:0.000, j=1:0.000, j=2:0.000, j=3:0.000, j=4:0.000, j=5:0.000, j=6:0.000, j=7:0.000, j=8:0.000, j=9:0.000, j=10:0.000, j=11:0.000, j=12:0.000, j=13:0.000, j=14:0.000, j=15:0.000, j=16:0.000, j=17:0.000, j=18:0.000, j=19:0.000, j=20:0.000, j=21:0.000, j=22:0.000, j=23:0.000, j=24:0.000, j=25:0.000, j=26:0.000, j=27:0.000, j=28:0.010, j=29:0.923, j=30:0.066
      i=31 -> j=0:0.000, j=1:0.000, j=2:0.000, j=3:0.000, j=4:0.000, j=5:0.000, j=6:0.000, j=7:0.000, j=8:0.000, j=9:0.000, j=10:0.000, j=11:0.000, j=12:0.000, j=13:0.000, j=14:0.000, j=15:0.000, j=16:0.000, j=17:0.000, j=18:0.000, j=19:0.000, j=20:0.000, j=21:0.000, j=22:0.000, j=23:0.000, j=24:0.000, j=25:0.000, j=26:0.000, j=27:0.000, j=28:0.000, j=29:0.024, j=30:0.920, j=31:0.057
    Average attention per distance:
      d=0:0.063, d=1:0.862, d=2:0.108

--- Layer 3 ---
  Head 0: Entropy=1.436
    Attention coefficients from each query position to previous positions:
      i= 0 -> j=0:1.000
      i= 1 -> j=0:0.262, j=1:0.738
      i= 2 -> j=0:0.167, j=1:0.796, j=2:0.037
      i= 3 -> j=0:0.090, j=1:0.750, j=2:0.067, j=3:0.093
      i= 4 -> j=0:0.048, j=1:0.337, j=2:0.080, j=3:0.178, j=4:0.356
      i= 5 -> j=0:0.008, j=1:0.038, j=2:0.012, j=3:0.037, j=4:0.129, j=5:0.777
      i= 6 -> j=0:0.004, j=1:0.011, j=2:0.004, j=3:0.013, j=4:0.077, j=5:0.883, j=6:0.008
      i= 7 -> j=0:0.009, j=1:0.020, j=2:0.004, j=3:0.009, j=4:0.046, j=5:0.491, j=6:0.017, j=7:0.403
      i= 8 -> j=0:0.005, j=1:0.011, j=2:0.001, j=3:0.002, j=4:0.009, j=5:0.095, j=6:0.006, j=7:0.263, j=8:0.608
      i= 9 -> j=0:0.007, j=1:0.016, j=2:0.002, j=3:0.002, j=4:0.006, j=5:0.034, j=6:0.005, j=7:0.178, j=8:0.692, j=9:0.057
      i=10 -> j=0:0.009, j=1:0.025, j=2:0.004, j=3:0.005, j=4:0.009, j=5:0.031, j=6:0.004, j=7:0.100, j=8:0.467, j=9:0.096, j=10:0.250
      i=11 -> j=0:0.009, j=1:0.024, j=2:0.006, j=3:0.007, j=4:0.012, j=5:0.031, j=6:0.003, j=7:0.047, j=8:0.198, j=9:0.087, j=10:0.340, j=11:0.237
      i=12 -> j=0:0.008, j=1:0.019, j=2:0.004, j=3:0.006, j=4:0.013, j=5:0.036, j=6:0.002, j=7:0.025, j=8:0.076, j=9:0.049, j=10:0.314, j=11:0.391, j=12:0.057
      i=13 -> j=0:0.007, j=1:0.014, j=2:0.003, j=3:0.004, j=4:0.010, j=5:0.033, j=6:0.002, j=7:0.019, j=8:0.032, j=9:0.015, j=10:0.083, j=11:0.142, j=12:0.042, j=13:0.593
      i=14 -> j=0:0.005, j=1:0.010, j=2:0.002, j=3:0.002, j=4:0.005, j=5:0.019, j=6:0.001, j=7:0.013, j=8:0.017, j=9:0.005, j=10:0.023, j=11:0.045, j=12:0.021, j=13:0.506, j=14:0.326
      i=15 -> j=0:0.004, j=1:0.008, j=2:0.001, j=3:0.001, j=4:0.002, j=5:0.009, j=6:0.000, j=7:0.009, j=8:0.013, j=9:0.002, j=10:0.007, j=11:0.013, j=12:0.008, j=13:0.388, j=14:0.527, j=15:0.008
      i=16 -> j=0:0.008, j=1:0.016, j=2:0.003, j=3:0.003, j=4:0.005, j=5:0.014, j=6:0.002, j=7:0.015, j=8:0.025, j=9:0.006, j=10:0.013, j=11:0.013, j=12:0.007, j=13:0.108, j=14:0.182, j=15:0.015, j=16:0.564
      i=17 -> j=0:0.003, j=1:0.008, j=2:0.001, j=3:0.001, j=4:0.002, j=5:0.006, j=6:0.000, j=7:0.006, j=8:0.013, j=9:0.003, j=10:0.007, j=11:0.005, j=12:0.001, j=13:0.029, j=14:0.060, j=15:0.007, j=16:0.757, j=17:0.088
      i=18 -> j=0:0.007, j=1:0.015, j=2:0.003, j=3:0.003, j=4:0.006, j=5:0.013, j=6:0.001, j=7:0.009, j=8:0.017, j=9:0.005, j=10:0.014, j=11:0.010, j=12:0.002, j=13:0.023, j=14:0.032, j=15:0.007, j=16:0.622, j=17:0.197, j=18:0.015
      i=19 -> j=0:0.018, j=1:0.032, j=2:0.008, j=3:0.009, j=4:0.016, j=5:0.037, j=6:0.003, j=7:0.020, j=8:0.029, j=9:0.011, j=10:0.031, j=11:0.027, j=12:0.007, j=13:0.045, j=14:0.037, j=15:0.007, j=16:0.340, j=17:0.207, j=18:0.042, j=19:0.074
      i=20 -> j=0:0.026, j=1:0.042, j=2:0.011, j=3:0.013, j=4:0.022, j=5:0.047, j=6:0.006, j=7:0.028, j=8:0.034, j=9:0.013, j=10:0.031, j=11:0.032, j=12:0.012, j=13:0.059, j=14:0.040, j=15:0.006, j=16:0.132, j=17:0.090, j=18:0.041, j=19:0.090, j=20:0.226
      i=21 -> j=0:0.019, j=1:0.031, j=2:0.008, j=3:0.008, j=4:0.014, j=5:0.032, j=6:0.004, j=7:0.022, j=8:0.026, j=9:0.008, j=10:0.018, j=11:0.018, j=12:0.008, j=13:0.045, j=14:0.031, j=15:0.003, j=16:0.059, j=17:0.029, j=18:0.016, j=19:0.049, j=20:0.168, j=21:0.385
      i=22 -> j=0:0.011, j=1:0.021, j=2:0.004, j=3:0.004, j=4:0.007, j=5:0.019, j=6:0.002, j=7:0.014, j=8:0.019, j=9:0.004, j=10:0.009, j=11:0.008, j=12:0.003, j=13:0.027, j=14:0.020, j=15:0.001, j=16:0.032, j=17:0.008, j=18:0.004, j=19:0.018, j=20:0.118, j=21:0.555, j=22:0.094
      i=23 -> j=0:0.009, j=1:0.019, j=2:0.004, j=3:0.004, j=4:0.007, j=5:0.017, j=6:0.001, j=7:0.013, j=8:0.019, j=9:0.004, j=10:0.009, j=11:0.007, j=12:0.002, j=13:0.020, j=14:0.018, j=15:0.001, j=16:0.036, j=17:0.006, j=18:0.002, j=19:0.008, j=20:0.050, j=21:0.290, j=22:0.088, j=23:0.366
      i=24 -> j=0:0.008, j=1:0.018, j=2:0.004, j=3:0.005, j=4:0.008, j=5:0.018, j=6:0.001, j=7:0.012, j=8:0.020, j=9:0.005, j=10:0.010, j=11:0.007, j=12:0.002, j=13:0.014, j=14:0.013, j=15:0.001, j=16:0.040, j=17:0.006, j=18:0.001, j=19:0.004, j=20:0.023, j=21:0.145, j=22:0.076, j=23:0.531, j=24:0.026
      i=25 -> j=0:0.005, j=1:0.009, j=2:0.002, j=3:0.003, j=4:0.005, j=5:0.011, j=6:0.001, j=7:0.007, j=8:0.010, j=9:0.003, j=10:0.006, j=11:0.005, j=12:0.001, j=13:0.008, j=14:0.006, j=15:0.001, j=16:0.020, j=17:0.004, j=18:0.001, j=19:0.002, j=20:0.008, j=21:0.032, j=22:0.016, j=23:0.124, j=24:0.015, j=25:0.696
      i=26 -> j=0:0.003, j=1:0.006, j=2:0.001, j=3:0.001, j=4:0.003, j=5:0.008, j=6:0.001, j=7:0.004, j=8:0.006, j=9:0.002, j=10:0.004, j=11:0.003, j=12:0.001, j=13:0.005, j=14:0.003, j=15:0.000, j=16:0.009, j=17:0.002, j=18:0.000, j=19:0.001, j=20:0.003, j=21:0.009, j=22:0.004, j=23:0.035, j=24:0.010, j=25:0.873, j=26:0.003
      i=27 -> j=0:0.013, j=1:0.022, j=2:0.006, j=3:0.006, j=4:0.010, j=5:0.024, j=6:0.003, j=7:0.017, j=8:0.021, j=9:0.006, j=10:0.013, j=11:0.012, j=12:0.004, j=13:0.020, j=14:0.012, j=15:0.001, j=16:0.021, j=17:0.007, j=18:0.002, j=19:0.005, j=20:0.013, j=21:0.024, j=22:0.007, j=23:0.032, j=24:0.015, j=25:0.651, j=26:0.015, j=27:0.016
      i=28 -> j=0:0.010, j=1:0.019, j=2:0.005, j=3:0.005, j=4:0.008, j=5:0.018, j=6:0.002, j=7:0.015, j=8:0.019, j=9:0.005, j=10:0.011, j=11:0.009, j=12:0.003, j=13:0.019, j=14:0.013, j=15:0.001, j=16:0.018, j=17:0.005, j=18:0.002, j=19:0.004, j=20:0.012, j=21:0.025, j=22:0.006, j=23:0.018, j=24:0.006, j=25:0.166, j=26:0.008, j=27:0.013, j=28:0.556
      i=29 -> j=0:0.013, j=1:0.022, j=2:0.007, j=3:0.007, j=4:0.010, j=5:0.020, j=6:0.004, j=7:0.018, j=8:0.024, j=9:0.008, j=10:0.014, j=11:0.011, j=12:0.004, j=13:0.022, j=14:0.017, j=15:0.002, j=16:0.022, j=17:0.006, j=18:0.002, j=19:0.005, j=20:0.014, j=21:0.028, j=22:0.007, j=23:0.016, j=24:0.004, j=25:0.059, j=26:0.007, j=27:0.017, j=28:0.573, j=29:0.039
      i=30 -> j=0:0.011, j=1:0.021, j=2:0.006, j=3:0.007, j=4:0.010, j=5:0.021, j=6:0.003, j=7:0.016, j=8:0.024, j=9:0.008, j=10:0.015, j=11:0.011, j=12:0.003, j=13:0.020, j=14:0.016, j=15:0.002, j=16:0.026, j=17:0.005, j=18:0.001, j=19:0.003, j=20:0.010, j=21:0.028, j=22:0.007, j=23:0.017, j=24:0.002, j=25:0.036, j=26:0.003, j=27:0.009, j=28:0.568, j=29:0.054, j=30:0.038
      i=31 -> j=0:0.017, j=1:0.030, j=2:0.009, j=3:0.011, j=4:0.017, j=5:0.035, j=6:0.004, j=7:0.024, j=8:0.034, j=9:0.012, j=10:0.024, j=11:0.019, j=12:0.006, j=13:0.030, j=14:0.023, j=15:0.003, j=16:0.044, j=17:0.010, j=18:0.002, j=19:0.005, j=20:0.014, j=21:0.033, j=22:0.010, j=23:0.029, j=24:0.004, j=25:0.046, j=26:0.002, j=27:0.007, j=28:0.261, j=29:0.060, j=30:0.069, j=31:0.105
    Average attention per distance:
      d=0:0.276, d=1:0.298, d=2:0.208, d=3:0.084, d=4:0.026, d=5:0.014, d=6:0.014, d=7:0.013
      d=8:0.015, d=9:0.013, d=10:0.011, d=14:0.011, d=15:0.013, d=16:0.011, d=17:0.011, d=18:0.011
      d=19:0.012, d=20:0.014, d=21:0.012, d=22:0.012, d=23:0.012, d=26:0.014, d=27:0.012, d=28:0.012
      d=29:0.014, d=30:0.021, d=31:0.017


======================================================================
QK Property Verification (Raw Scores, before Softmax)
======================================================================
Recurrence order init_len=2, num test sequences=1

--- [P1] Long-distance Orthogonality Verification ---
Ideal: raw_score mean ≈ 0 and small std when d > init_len

  Layer 0, Head 0:
    d= 1 (effective): mean=  4.709, std= 0.111, n=31
    d= 2 (effective): mean=  4.595, std= 0.160, n=30
    d>2 (long-distance): mean= -0.574, std= 1.305, n=435

  Layer 1, Head 0:
    d= 1 (effective): mean=  0.124, std= 1.657, n=31
    d= 2 (effective): mean= -0.886, std= 1.432, n=30
    d>2 (long-distance): mean= -4.075, std= 1.147, n=435

  Layer 2, Head 0:
    d= 1 (effective): mean= 17.182, std= 1.480, n=31
    d= 2 (effective): mean= 14.490, std= 1.197, n=30
    d>2 (long-distance): mean= -0.307, std= 3.344, n=435

  Layer 3, Head 0:
    d= 1 (effective): mean=  0.817, std= 1.491, n=31
    d= 2 (effective): mean=  0.414, std= 1.305, n=30
    d>2 (long-distance): mean= -1.865, std= 1.022, n=435

--- [P2] Time-homogeneous Verification ---
Ideal: CV of raw_score across positions i ≈ 0 for fixed distance d
(CV = std / |mean|, smaller = more constant)

  Layer 0, Head 0:
    d= 1: mean=  4.709, std= 0.111, CV=0.023, n=31
    d= 2: mean=  4.595, std= 0.160, CV=0.035, n=30

  Layer 1, Head 0:
    d= 1: mean=  0.124, std= 1.657, CV=13.349, n=31
    d= 2: mean= -0.886, std= 1.432, CV=1.616, n=30

  Layer 2, Head 0:
    d= 1: mean= 17.182, std= 1.480, CV=0.086, n=31
    d= 2: mean= 14.490, std= 1.197, CV=0.083, n=30

  Layer 3, Head 0:
    d= 1: mean=  0.817, std= 1.491, CV=1.825, n=31
    d= 2: mean=  0.414, std= 1.305, CV=3.155, n=30

======================================================================
QK Property Verification Completed
======================================================================
