=== Experiment: mixed_basic_d1024l4_r32_n3_e50 ===
Time: 2026-06-26T16:15:47.047105
Task type: mixed_ab
Merged config: {
  "P": 53,
  "TASK": "mixed_ab",
  "NUM_MASK": 0,
  "A": 1,
  "B": 1,
  "AB_PAIRS": [
    [
      1,
      1
    ],
    [
      1,
      2
    ],
    [
      1,
      3
    ]
  ],
  "D_MODEL": 1024,
  "N_HEAD": 1,
  "N_LAYER": 4,
  "BATCH_SIZE": 128,
  "EPOCHS": 10000,
  "LR": 0.0003,
  "SAVE_PATH": "models/mixed_basic_d1024l4_r32_n3_e50.pth",
  "USE_GREEDY_GENERATE": true,
  "USE_LEARNABLE_PE": false,
  "MLP_RATIO": 32,
  "TRAIN_LEN": 16,
  "OOD_LEN": 32,
  "DROPOUT": 0.0,
  "TARGET_INIT_COVERAGE": 0.5,
  "MAX_UNIQUE_RATIO": 0.5,
  "WEIGHT_DECAY": 1,
  "ENTROPY_PENALTY_WEIGHT": 0.0,
  "FIRST_TASK_WEIGHT": 1.0,
  "RANDOM_SEED": 42,
  "EVAL_INTERVAL": 20,
  "EARLY_STOP_NO_IMPROVE": 1000,
  "EARLY_STOP_ACCURACY": 0.99,
  "USE_AB_TAG": false,
  "USE_CONDITIONAL_WTE": false,
  "COND_WTE_SHARED_RATIO": 0.0,
  "MIXED_AB_MAX_UNIQUE_RATIOS": [
    0.5,
    0.5,
    0.5
  ],
  "SKIP_FINAL_GENERATION_TEST": true
}
--- output ---
Using device: cuda

[Dataset] Mixed mode: generated 4212 + 4215 samples, length 16
AB parameter pairs: [(1, 1), (1, 2), (1, 3)]
  - AB=(1,1): train 1404 | test 1405 | exposed ~50.0%
  - AB=(1,2): train 1404 | test 1405 | exposed ~50.0%
  - AB=(1,3): train 1404 | test 1405 | exposed ~50.0%
--------------------------------------------------
[Model config] block_size: 32, train length: 16
[Number theory] AB parameter pairs: [(1, 1), (1, 2), (1, 3)]


Model parameters: 285.97M

Start training...
Epoch   0 | Train: Loss=4.5868 Acc=4.2% | Test: Acc=1.1% | Best=1.1%(@0)
  from x3: 0.01 0.01 0.01 0.01 0.01 0.01 0.01 0.01 0.01 0.01 0.01 0.01 0.01
  per-rule acc: 0.01 0.01 0.01
Epoch  20 | Train: Loss=0.0179 Acc=99.7% | Test: Acc=1.9% | Best=1.9%(@20)
  from x3: 0.02 0.02 0.02 0.02 0.02 0.02 0.02 0.02 0.02 0.02 0.02 0.02 0.02
  per-rule acc: 0.03 0.02 0.01
Epoch  40 | Train: Loss=0.0303 Acc=99.3% | Test: Acc=1.7% | Best=1.9%(@20)
  from x3: 0.02 0.02 0.02 0.02 0.02 0.02 0.02 0.02 0.02 0.02 0.02 0.02 0.02
  per-rule acc: 0.03 0.02 0.01
Epoch  60 | Train: Loss=0.0203 Acc=99.6% | Test: Acc=1.8% | Best=1.9%(@20)
  from x3: 0.02 0.02 0.02 0.02 0.02 0.02 0.02 0.02 0.02 0.02 0.02 0.02 0.02
  per-rule acc: 0.03 0.01 0.01
Epoch  80 | Train: Loss=0.0033 Acc=99.9% | Test: Acc=1.8% | Best=1.9%(@20)
  from x3: 0.02 0.02 0.02 0.02 0.02 0.02 0.02 0.02 0.02 0.02 0.02 0.02 0.02
  per-rule acc: 0.03 0.01 0.01
Epoch 100 | Train: Loss=4.5285 Acc=2.0% | Test: Acc=1.8% | Best=1.9%(@20)
  from x3: 0.02 0.02 0.02 0.02 0.02 0.02 0.02 0.02 0.02 0.02 0.02 0.02 0.02
  per-rule acc: 0.02 0.02 0.02
Epoch 120 | Train: Loss=4.5196 Acc=2.1% | Test: Acc=2.0% | Best=2.0%(@120)
  from x3: 0.02 0.02 0.02 0.02 0.02 0.02 0.02 0.02 0.02 0.02 0.02 0.02 0.02
  per-rule acc: 0.02 0.02 0.02
Epoch 140 | Train: Loss=0.2188 Acc=95.8% | Test: Acc=2.1% | Best=2.1%(@140)
  from x3: 0.03 0.02 0.02 0.02 0.02 0.02 0.02 0.02 0.02 0.02 0.02 0.02 0.02
  per-rule acc: 0.04 0.02 0.01
Epoch 160 | Train: Loss=0.0055 Acc=99.9% | Test: Acc=2.3% | Best=2.3%(@160)
  from x3: 0.03 0.02 0.03 0.02 0.02 0.02 0.02 0.02 0.02 0.02 0.02 0.02 0.02
  per-rule acc: 0.04 0.02 0.01
Epoch 180 | Train: Loss=0.0045 Acc=99.9% | Test: Acc=2.4% | Best=2.4%(@180)
  from x3: 0.03 0.03 0.02 0.02 0.02 0.02 0.02 0.02 0.02 0.02 0.02 0.02 0.02
  per-rule acc: 0.05 0.01 0.01
Epoch 200 | Train: Loss=0.3448 Acc=97.3% | Test: Acc=2.3% | Best=2.4%(@180)
  from x3: 0.03 0.03 0.03 0.02 0.02 0.02 0.02 0.02 0.02 0.02 0.02 0.02 0.02
  per-rule acc: 0.04 0.01 0.01
Epoch 220 | Train: Loss=0.0039 Acc=99.9% | Test: Acc=2.2% | Best=2.4%(@180)
  from x3: 0.03 0.02 0.02 0.02 0.02 0.02 0.02 0.02 0.02 0.02 0.02 0.02 0.02
  per-rule acc: 0.04 0.02 0.01
Epoch 240 | Train: Loss=0.0036 Acc=99.9% | Test: Acc=2.5% | Best=2.5%(@240)
  from x3: 0.03 0.02 0.02 0.03 0.02 0.03 0.02 0.02 0.03 0.02 0.03 0.02 0.03
  per-rule acc: 0.04 0.02 0.02
Epoch 260 | Train: Loss=3.9842 Acc=16.6% | Test: Acc=2.4% | Best=2.5%(@240)
  from x3: 0.03 0.02 0.02 0.02 0.02 0.03 0.02 0.02 0.02 0.02 0.02 0.02 0.02
  per-rule acc: 0.04 0.01 0.01
Epoch 280 | Train: Loss=0.0043 Acc=99.9% | Test: Acc=2.3% | Best=2.5%(@240)
  from x3: 0.03 0.02 0.02 0.02 0.02 0.02 0.02 0.02 0.02 0.02 0.02 0.02 0.02
  per-rule acc: 0.03 0.02 0.02
Epoch 300 | Train: Loss=0.0039 Acc=99.9% | Test: Acc=2.3% | Best=2.5%(@240)
  from x3: 0.03 0.02 0.02 0.02 0.02 0.02 0.02 0.02 0.02 0.02 0.02 0.02 0.02
  per-rule acc: 0.03 0.02 0.02
Epoch 320 | Train: Loss=0.0148 Acc=99.7% | Test: Acc=2.5% | Best=2.5%(@320)
  from x3: 0.03 0.02 0.02 0.02 0.03 0.02 0.02 0.02 0.02 0.03 0.03 0.02 0.02
  per-rule acc: 0.04 0.02 0.02
Epoch 340 | Train: Loss=0.0036 Acc=99.9% | Test: Acc=2.2% | Best=2.5%(@320)
  from x3: 0.03 0.02 0.02 0.02 0.02 0.02 0.02 0.02 0.02 0.02 0.02 0.02 0.02
  per-rule acc: 0.02 0.03 0.02
Epoch 360 | Train: Loss=0.0029 Acc=99.9% | Test: Acc=2.3% | Best=2.5%(@320)
  from x3: 0.02 0.03 0.02 0.02 0.02 0.02 0.02 0.02 0.02 0.02 0.02 0.02 0.02
  per-rule acc: 0.03 0.03 0.02
Epoch 380 | Train: Loss=0.0026 Acc=99.9% | Test: Acc=2.3% | Best=2.5%(@320)
  from x3: 0.03 0.02 0.02 0.02 0.02 0.02 0.02 0.02 0.02 0.02 0.02 0.02 0.02
  per-rule acc: 0.03 0.03 0.02
Epoch 400 | Train: Loss=0.0264 Acc=99.6% | Test: Acc=2.2% | Best=2.5%(@320)
  from x3: 0.03 0.02 0.02 0.02 0.02 0.02 0.02 0.02 0.02 0.02 0.02 0.02 0.02
  per-rule acc: 0.03 0.02 0.01
Epoch 420 | Train: Loss=0.0033 Acc=99.9% | Test: Acc=2.3% | Best=2.5%(@320)
  from x3: 0.03 0.02 0.02 0.02 0.02 0.02 0.02 0.02 0.02 0.02 0.02 0.02 0.02
  per-rule acc: 0.02 0.03 0.02
Epoch 440 | Train: Loss=0.0024 Acc=99.9% | Test: Acc=2.2% | Best=2.5%(@320)
  from x3: 0.03 0.02 0.02 0.02 0.02 0.02 0.02 0.02 0.02 0.02 0.02 0.02 0.02
  per-rule acc: 0.02 0.03 0.02
Epoch 460 | Train: Loss=0.0086 Acc=99.8% | Test: Acc=2.8% | Best=2.8%(@460)
  from x3: 0.03 0.03 0.03 0.03 0.03 0.03 0.03 0.03 0.03 0.03 0.03 0.03 0.03
  per-rule acc: 0.03 0.04 0.02
Epoch 480 | Train: Loss=0.0032 Acc=99.9% | Test: Acc=2.3% | Best=2.8%(@460)
  from x3: 0.03 0.02 0.02 0.02 0.02 0.02 0.02 0.02 0.02 0.02 0.02 0.02 0.02
  per-rule acc: 0.02 0.03 0.02
Epoch 500 | Train: Loss=0.0025 Acc=99.9% | Test: Acc=2.4% | Best=2.8%(@460)
  from x3: 0.03 0.02 0.02 0.02 0.02 0.02 0.02 0.02 0.02 0.02 0.02 0.02 0.02
  per-rule acc: 0.02 0.03 0.02
Epoch 520 | Train: Loss=0.0080 Acc=99.8% | Test: Acc=2.6% | Best=2.8%(@460)
  from x3: 0.03 0.02 0.03 0.02 0.03 0.03 0.03 0.03 0.03 0.03 0.03 0.03 0.03
  per-rule acc: 0.03 0.03 0.02
Epoch 540 | Train: Loss=0.0031 Acc=99.9% | Test: Acc=2.4% | Best=2.8%(@460)
  from x3: 0.03 0.02 0.02 0.02 0.02 0.02 0.02 0.02 0.02 0.02 0.02 0.02 0.02
  per-rule acc: 0.02 0.03 0.02
Epoch 560 | Train: Loss=0.0024 Acc=99.9% | Test: Acc=2.4% | Best=2.8%(@460)
  from x3: 0.03 0.02 0.02 0.02 0.02 0.02 0.02 0.02 0.02 0.02 0.02 0.02 0.02
  per-rule acc: 0.02 0.03 0.02
Epoch 580 | Train: Loss=0.0121 Acc=99.7% | Test: Acc=2.7% | Best=2.8%(@460)
  from x3: 0.03 0.03 0.03 0.03 0.03 0.03 0.03 0.03 0.03 0.03 0.03 0.03 0.03
  per-rule acc: 0.02 0.03 0.02
Epoch 600 | Train: Loss=0.0024 Acc=99.9% | Test: Acc=2.7% | Best=2.8%(@460)
  from x3: 0.03 0.02 0.03 0.03 0.03 0.03 0.03 0.03 0.03 0.03 0.03 0.03 0.03
  per-rule acc: 0.02 0.04 0.02
Epoch 620 | Train: Loss=0.1238 Acc=98.9% | Test: Acc=2.7% | Best=2.8%(@460)
  from x3: 0.03 0.02 0.03 0.03 0.03 0.03 0.03 0.03 0.03 0.03 0.03 0.03 0.03
  per-rule acc: 0.03 0.03 0.02
Epoch 640 | Train: Loss=0.0027 Acc=99.9% | Test: Acc=2.6% | Best=2.8%(@460)
  from x3: 0.02 0.02 0.02 0.02 0.03 0.03 0.03 0.03 0.03 0.03 0.03 0.03 0.03
  per-rule acc: 0.02 0.04 0.02
Epoch 660 | Train: Loss=0.0067 Acc=99.8% | Test: Acc=2.7% | Best=2.8%(@460)
  from x3: 0.03 0.03 0.03 0.03 0.03 0.03 0.03 0.03 0.03 0.03 0.03 0.03 0.03
  per-rule acc: 0.02 0.04 0.02
Epoch 680 | Train: Loss=0.0030 Acc=99.9% | Test: Acc=2.7% | Best=2.8%(@460)
  from x3: 0.03 0.03 0.03 0.03 0.03 0.03 0.03 0.03 0.03 0.03 0.03 0.03 0.03
  per-rule acc: 0.02 0.04 0.02
Epoch 700 | Train: Loss=0.0021 Acc=99.9% | Test: Acc=2.7% | Best=2.8%(@460)
  from x3: 0.03 0.03 0.03 0.03 0.03 0.03 0.03 0.03 0.03 0.03 0.03 0.03 0.03
  per-rule acc: 0.02 0.04 0.02
Epoch 720 | Train: Loss=0.1608 Acc=99.6% | Test: Acc=2.3% | Best=2.8%(@460)
  from x3: 0.03 0.02 0.02 0.02 0.02 0.02 0.02 0.02 0.02 0.02 0.02 0.02 0.02
  per-rule acc: 0.02 0.03 0.02
Epoch 740 | Train: Loss=0.0026 Acc=99.9% | Test: Acc=2.7% | Best=2.8%(@460)
  from x3: 0.03 0.03 0.03 0.03 0.03 0.03 0.03 0.03 0.03 0.03 0.03 0.03 0.03
  per-rule acc: 0.02 0.04 0.02
Epoch 760 | Train: Loss=0.0023 Acc=99.9% | Test: Acc=2.5% | Best=2.8%(@460)
  from x3: 0.03 0.03 0.03 0.02 0.02 0.02 0.02 0.02 0.02 0.02 0.02 0.02 0.02
  per-rule acc: 0.02 0.04 0.02
Epoch 780 | Train: Loss=0.0031 Acc=99.9% | Test: Acc=2.4% | Best=2.8%(@460)
  from x3: 0.03 0.03 0.02 0.02 0.02 0.02 0.02 0.02 0.02 0.02 0.02 0.02 0.02
  per-rule acc: 0.01 0.04 0.02
Epoch 800 | Train: Loss=0.0025 Acc=99.9% | Test: Acc=2.5% | Best=2.8%(@460)
  from x3: 0.03 0.03 0.02 0.02 0.02 0.02 0.02 0.02 0.02 0.02 0.02 0.02 0.02
  per-rule acc: 0.02 0.04 0.02
Epoch 820 | Train: Loss=0.0098 Acc=99.8% | Test: Acc=2.8% | Best=2.8%(@820)
  from x3: 0.03 0.03 0.03 0.03 0.03 0.03 0.03 0.03 0.03 0.03 0.03 0.03 0.03
  per-rule acc: 0.02 0.04 0.02
Epoch 840 | Train: Loss=0.0028 Acc=99.9% | Test: Acc=2.9% | Best=2.9%(@840)
  from x3: 0.03 0.03 0.03 0.03 0.03 0.03 0.03 0.03 0.03 0.03 0.03 0.03 0.03
  per-rule acc: 0.02 0.04 0.02
Epoch 860 | Train: Loss=0.0025 Acc=99.9% | Test: Acc=2.7% | Best=2.9%(@840)
  from x3: 0.03 0.03 0.03 0.03 0.03 0.03 0.03 0.03 0.03 0.03 0.03 0.03 0.03
  per-rule acc: 0.02 0.04 0.02
Epoch 880 | Train: Loss=0.0031 Acc=99.9% | Test: Acc=2.8% | Best=2.9%(@840)
  from x3: 0.03 0.03 0.03 0.03 0.03 0.03 0.03 0.03 0.03 0.03 0.03 0.03 0.03
  per-rule acc: 0.02 0.04 0.02
Epoch 900 | Train: Loss=0.0022 Acc=99.9% | Test: Acc=2.7% | Best=2.9%(@840)
  from x3: 0.03 0.03 0.03 0.03 0.03 0.03 0.03 0.03 0.03 0.03 0.03 0.03 0.03
  per-rule acc: 0.02 0.04 0.02
Epoch 920 | Train: Loss=0.0140 Acc=99.7% | Test: Acc=2.7% | Best=2.9%(@840)
  from x3: 0.03 0.03 0.03 0.03 0.03 0.03 0.03 0.03 0.03 0.03 0.03 0.03 0.03
  per-rule acc: 0.02 0.04 0.02
Epoch 940 | Train: Loss=0.0029 Acc=99.9% | Test: Acc=3.0% | Best=3.0%(@940)
  from x3: 0.03 0.03 0.03 0.03 0.03 0.03 0.03 0.03 0.03 0.03 0.03 0.03 0.03
  per-rule acc: 0.02 0.05 0.02
Epoch 960 | Train: Loss=0.0021 Acc=99.9% | Test: Acc=2.7% | Best=3.0%(@940)
  from x3: 0.03 0.03 0.03 0.03 0.03 0.03 0.03 0.03 0.03 0.03 0.03 0.03 0.03
  per-rule acc: 0.02 0.04 0.02
Epoch 980 | Train: Loss=0.0031 Acc=99.9% | Test: Acc=2.8% | Best=3.0%(@940)
  from x3: 0.04 0.03 0.03 0.03 0.03 0.03 0.03 0.03 0.03 0.03 0.03 0.03 0.03
  per-rule acc: 0.02 0.05 0.02
Epoch 1000 | Train: Loss=0.0021 Acc=99.9% | Test: Acc=2.8% | Best=3.0%(@940)
  from x3: 0.03 0.03 0.03 0.03 0.03 0.03 0.03 0.03 0.03 0.03 0.03 0.03 0.03
  per-rule acc: 0.02 0.04 0.02
Epoch 1020 | Train: Loss=0.0129 Acc=99.7% | Test: Acc=3.0% | Best=3.0%(@940)
  from x3: 0.03 0.03 0.03 0.03 0.03 0.03 0.03 0.03 0.03 0.03 0.03 0.03 0.03
  per-rule acc: 0.03 0.04 0.02
Epoch 1040 | Train: Loss=0.0028 Acc=99.9% | Test: Acc=3.1% | Best=3.1%(@1040)
  from x3: 0.03 0.03 0.03 0.03 0.03 0.03 0.03 0.03 0.03 0.03 0.03 0.03 0.03
  per-rule acc: 0.02 0.05 0.02
Epoch 1060 | Train: Loss=0.0052 Acc=99.9% | Test: Acc=3.3% | Best=3.3%(@1060)
  from x3: 0.04 0.03 0.03 0.03 0.03 0.03 0.03 0.03 0.03 0.03 0.03 0.03 0.03
  per-rule acc: 0.03 0.05 0.03
Epoch 1080 | Train: Loss=0.0029 Acc=99.9% | Test: Acc=3.2% | Best=3.3%(@1060)
  from x3: 0.04 0.03 0.03 0.03 0.03 0.03 0.03 0.03 0.03 0.03 0.03 0.03 0.03
  per-rule acc: 0.02 0.05 0.03
Epoch 1100 | Train: Loss=0.0021 Acc=99.9% | Test: Acc=2.9% | Best=3.3%(@1060)
  from x3: 0.03 0.03 0.03 0.03 0.03 0.03 0.03 0.03 0.03 0.03 0.03 0.03 0.03
  per-rule acc: 0.02 0.04 0.02
Epoch 1120 | Train: Loss=0.1995 Acc=99.9% | Test: Acc=2.4% | Best=3.3%(@1060)
  from x3: 0.03 0.02 0.02 0.02 0.02 0.02 0.02 0.02 0.02 0.02 0.02 0.02 0.02
  per-rule acc: 0.02 0.04 0.02
Epoch 1140 | Train: Loss=0.0023 Acc=99.9% | Test: Acc=2.9% | Best=3.3%(@1060)
  from x3: 0.03 0.03 0.03 0.03 0.03 0.03 0.03 0.03 0.03 0.03 0.03 0.03 0.03
  per-rule acc: 0.02 0.04 0.02
Epoch 1160 | Train: Loss=0.0131 Acc=99.8% | Test: Acc=2.9% | Best=3.3%(@1060)
  from x3: 0.04 0.03 0.03 0.03 0.03 0.03 0.03 0.03 0.03 0.03 0.03 0.03 0.03
  per-rule acc: 0.02 0.04 0.03
Epoch 1180 | Train: Loss=0.0027 Acc=99.9% | Test: Acc=2.8% | Best=3.3%(@1060)
  from x3: 0.04 0.03 0.03 0.03 0.03 0.03 0.03 0.03 0.03 0.03 0.03 0.03 0.03
  per-rule acc: 0.02 0.04 0.02
Epoch 1200 | Train: Loss=0.0023 Acc=99.9% | Test: Acc=2.9% | Best=3.3%(@1060)
  from x3: 0.03 0.03 0.03 0.03 0.03 0.03 0.03 0.03 0.03 0.03 0.03 0.03 0.03
  per-rule acc: 0.02 0.05 0.02
Epoch 1220 | Train: Loss=0.0031 Acc=99.9% | Test: Acc=2.9% | Best=3.3%(@1060)
  from x3: 0.04 0.03 0.03 0.03 0.03 0.03 0.03 0.03 0.03 0.03 0.03 0.03 0.03
  per-rule acc: 0.02 0.04 0.03
Epoch 1240 | Train: Loss=0.0020 Acc=99.9% | Test: Acc=2.7% | Best=3.3%(@1060)
  from x3: 0.03 0.03 0.03 0.03 0.03 0.03 0.03 0.03 0.03 0.03 0.03 0.03 0.03
  per-rule acc: 0.01 0.04 0.02
Epoch 1260 | Train: Loss=0.0033 Acc=99.9% | Test: Acc=2.8% | Best=3.3%(@1060)
  from x3: 0.04 0.03 0.03 0.03 0.03 0.03 0.03 0.03 0.03 0.03 0.03 0.03 0.03
  per-rule acc: 0.02 0.04 0.02
Epoch 1280 | Train: Loss=0.0021 Acc=99.9% | Test: Acc=2.9% | Best=3.3%(@1060)
  from x3: 0.03 0.03 0.03 0.03 0.03 0.03 0.03 0.03 0.03 0.03 0.03 0.03 0.03
  per-rule acc: 0.02 0.04 0.02
Epoch 1300 | Train: Loss=0.0069 Acc=99.8% | Test: Acc=3.3% | Best=3.3%(@1300)
  from x3: 0.04 0.03 0.03 0.03 0.03 0.03 0.03 0.03 0.03 0.03 0.03 0.03 0.03
  per-rule acc: 0.02 0.05 0.02
Epoch 1320 | Train: Loss=0.0028 Acc=99.9% | Test: Acc=2.9% | Best=3.3%(@1300)
  from x3: 0.04 0.03 0.03 0.03 0.03 0.03 0.03 0.03 0.03 0.03 0.03 0.03 0.03
  per-rule acc: 0.02 0.05 0.02
Epoch 1340 | Train: Loss=0.0020 Acc=99.9% | Test: Acc=3.2% | Best=3.3%(@1300)
  from x3: 0.04 0.03 0.03 0.03 0.03 0.03 0.03 0.03 0.03 0.03 0.03 0.03 0.03
  per-rule acc: 0.02 0.05 0.02
Epoch 1360 | Train: Loss=0.0033 Acc=99.9% | Test: Acc=3.2% | Best=3.3%(@1300)
  from x3: 0.04 0.03 0.03 0.03 0.03 0.03 0.03 0.03 0.03 0.03 0.03 0.03 0.03
  per-rule acc: 0.02 0.05 0.03
Epoch 1380 | Train: Loss=0.0024 Acc=99.9% | Test: Acc=3.0% | Best=3.3%(@1300)
  from x3: 0.04 0.03 0.03 0.03 0.03 0.03 0.03 0.03 0.03 0.03 0.03 0.03 0.03
  per-rule acc: 0.02 0.05 0.02
Epoch 1400 | Train: Loss=0.0020 Acc=99.9% | Test: Acc=2.9% | Best=3.3%(@1300)
  from x3: 0.04 0.03 0.03 0.03 0.03 0.03 0.03 0.03 0.03 0.03 0.03 0.03 0.03
  per-rule acc: 0.02 0.05 0.02
Epoch 1420 | Train: Loss=0.0074 Acc=99.8% | Test: Acc=2.8% | Best=3.3%(@1300)
  from x3: 0.03 0.03 0.03 0.03 0.03 0.03 0.03 0.03 0.03 0.03 0.03 0.03 0.03
  per-rule acc: 0.02 0.04 0.02
Epoch 1440 | Train: Loss=0.0025 Acc=99.9% | Test: Acc=3.1% | Best=3.3%(@1300)
  from x3: 0.04 0.03 0.03 0.03 0.03 0.03 0.03 0.03 0.03 0.03 0.03 0.03 0.03
  per-rule acc: 0.02 0.05 0.02
Epoch 1460 | Train: Loss=0.0084 Acc=99.8% | Test: Acc=3.3% | Best=3.3%(@1460)
  from x3: 0.03 0.03 0.03 0.03 0.03 0.03 0.03 0.03 0.03 0.03 0.03 0.03 0.03
  per-rule acc: 0.02 0.05 0.02
Epoch 1480 | Train: Loss=0.0031 Acc=99.9% | Test: Acc=3.1% | Best=3.3%(@1460)
  from x3: 0.03 0.03 0.03 0.03 0.03 0.03 0.03 0.03 0.03 0.03 0.03 0.03 0.03
  per-rule acc: 0.02 0.05 0.02
Epoch 1500 | Train: Loss=0.0024 Acc=99.9% | Test: Acc=3.0% | Best=3.3%(@1460)
  from x3: 0.03 0.03 0.03 0.03 0.03 0.03 0.03 0.03 0.03 0.03 0.03 0.03 0.03
  per-rule acc: 0.02 0.05 0.02
Epoch 1520 | Train: Loss=0.0077 Acc=99.8% | Test: Acc=3.2% | Best=3.3%(@1460)
  from x3: 0.04 0.03 0.03 0.03 0.03 0.03 0.03 0.03 0.03 0.03 0.03 0.03 0.03
  per-rule acc: 0.03 0.05 0.03
Epoch 1540 | Train: Loss=0.0026 Acc=99.9% | Test: Acc=2.8% | Best=3.3%(@1460)
  from x3: 0.04 0.03 0.03 0.03 0.03 0.03 0.03 0.03 0.03 0.03 0.03 0.03 0.03
  per-rule acc: 0.02 0.05 0.02
Epoch 1560 | Train: Loss=0.0051 Acc=99.8% | Test: Acc=3.2% | Best=3.3%(@1460)
  from x3: 0.04 0.03 0.03 0.03 0.03 0.03 0.03 0.03 0.03 0.03 0.03 0.03 0.03
  per-rule acc: 0.03 0.05 0.02
Epoch 1580 | Train: Loss=0.0028 Acc=99.9% | Test: Acc=2.9% | Best=3.3%(@1460)
  from x3: 0.04 0.03 0.03 0.03 0.03 0.03 0.03 0.03 0.03 0.03 0.03 0.03 0.03
  per-rule acc: 0.02 0.04 0.02
Epoch 1600 | Train: Loss=0.0364 Acc=99.2% | Test: Acc=3.1% | Best=3.3%(@1460)
  from x3: 0.04 0.03 0.03 0.03 0.03 0.03 0.03 0.03 0.03 0.03 0.03 0.03 0.03
  per-rule acc: 0.02 0.04 0.03
Epoch 1620 | Train: Loss=0.0023 Acc=99.9% | Test: Acc=3.0% | Best=3.3%(@1460)
  from x3: 0.04 0.03 0.03 0.03 0.03 0.03 0.03 0.03 0.03 0.03 0.03 0.03 0.03
  per-rule acc: 0.02 0.05 0.03
Epoch 1640 | Train: Loss=0.0028 Acc=99.9% | Test: Acc=3.1% | Best=3.3%(@1460)
  from x3: 0.04 0.03 0.03 0.03 0.03 0.03 0.03 0.03 0.03 0.03 0.03 0.03 0.03
  per-rule acc: 0.02 0.05 0.03
Epoch 1660 | Train: Loss=0.0032 Acc=99.9% | Test: Acc=3.0% | Best=3.3%(@1460)
  from x3: 0.04 0.03 0.03 0.03 0.03 0.03 0.03 0.03 0.03 0.03 0.03 0.03 0.03
  per-rule acc: 0.01 0.05 0.03
Epoch 1680 | Train: Loss=0.0024 Acc=99.9% | Test: Acc=3.0% | Best=3.3%(@1460)
  from x3: 0.03 0.03 0.03 0.03 0.03 0.03 0.03 0.03 0.03 0.03 0.03 0.03 0.03
  per-rule acc: 0.02 0.05 0.03
Epoch 1700 | Train: Loss=0.1572 Acc=98.3% | Test: Acc=3.2% | Best=3.3%(@1460)
  from x3: 0.03 0.03 0.03 0.03 0.03 0.03 0.03 0.03 0.03 0.03 0.03 0.03 0.03
  per-rule acc: 0.03 0.05 0.02
Epoch 1720 | Train: Loss=0.0023 Acc=99.9% | Test: Acc=3.1% | Best=3.3%(@1460)
  from x3: 0.04 0.03 0.03 0.03 0.03 0.03 0.03 0.03 0.03 0.03 0.03 0.03 0.03
  per-rule acc: 0.02 0.05 0.02
Epoch 1740 | Train: Loss=0.0080 Acc=99.8% | Test: Acc=3.4% | Best=3.4%(@1740)
  from x3: 0.04 0.03 0.03 0.03 0.03 0.03 0.03 0.03 0.03 0.03 0.03 0.03 0.03
  per-rule acc: 0.03 0.05 0.02
Epoch 1760 | Train: Loss=0.0028 Acc=99.9% | Test: Acc=3.4% | Best=3.4%(@1760)
  from x3: 0.04 0.03 0.03 0.03 0.03 0.03 0.03 0.03 0.03 0.03 0.03 0.03 0.03
  per-rule acc: 0.02 0.06 0.03
Epoch 1780 | Train: Loss=0.0021 Acc=99.9% | Test: Acc=3.3% | Best=3.4%(@1760)
  from x3: 0.04 0.03 0.03 0.03 0.03 0.03 0.03 0.03 0.03 0.03 0.03 0.03 0.03
  per-rule acc: 0.02 0.05 0.03
Epoch 1800 | Train: Loss=0.1384 Acc=98.0% | Test: Acc=3.0% | Best=3.4%(@1760)
  from x3: 0.04 0.03 0.03 0.03 0.03 0.03 0.03 0.03 0.03 0.03 0.03 0.03 0.03
  per-rule acc: 0.02 0.05 0.02
Epoch 1820 | Train: Loss=0.0090 Acc=99.8% | Test: Acc=3.0% | Best=3.4%(@1760)
  from x3: 0.03 0.03 0.03 0.03 0.03 0.03 0.03 0.03 0.03 0.03 0.03 0.03 0.03
  per-rule acc: 0.02 0.05 0.02
Epoch 1840 | Train: Loss=0.0027 Acc=99.9% | Test: Acc=3.1% | Best=3.4%(@1760)
  from x3: 0.03 0.03 0.03 0.03 0.03 0.03 0.03 0.03 0.03 0.03 0.03 0.03 0.03
  per-rule acc: 0.02 0.05 0.02
Epoch 1860 | Train: Loss=0.0020 Acc=99.9% | Test: Acc=3.3% | Best=3.4%(@1760)
  from x3: 0.04 0.03 0.03 0.03 0.03 0.03 0.03 0.03 0.03 0.03 0.03 0.03 0.03
  per-rule acc: 0.02 0.05 0.03
Epoch 1880 | Train: Loss=0.0031 Acc=99.9% | Test: Acc=3.3% | Best=3.4%(@1760)
  from x3: 0.04 0.03 0.03 0.03 0.03 0.03 0.03 0.03 0.03 0.03 0.03 0.03 0.03
  per-rule acc: 0.02 0.05 0.03
Epoch 1900 | Train: Loss=0.0021 Acc=99.9% | Test: Acc=3.2% | Best=3.4%(@1760)
  from x3: 0.03 0.03 0.03 0.03 0.03 0.03 0.03 0.03 0.03 0.03 0.03 0.03 0.03
  per-rule acc: 0.02 0.05 0.03
Epoch 1920 | Train: Loss=0.0789 Acc=99.0% | Test: Acc=3.1% | Best=3.4%(@1760)
  from x3: 0.04 0.03 0.03 0.03 0.03 0.03 0.03 0.03 0.03 0.03 0.03 0.03 0.03
  per-rule acc: 0.02 0.05 0.02
Epoch 1940 | Train: Loss=0.0025 Acc=99.9% | Test: Acc=2.9% | Best=3.4%(@1760)
  from x3: 0.04 0.03 0.03 0.03 0.03 0.03 0.03 0.03 0.03 0.03 0.03 0.03 0.03
  per-rule acc: 0.02 0.05 0.02
Epoch 1960 | Train: Loss=0.0021 Acc=99.9% | Test: Acc=3.1% | Best=3.4%(@1760)
  from x3: 0.03 0.03 0.03 0.03 0.03 0.03 0.03 0.03 0.03 0.03 0.03 0.03 0.03
  per-rule acc: 0.02 0.05 0.02
Epoch 1980 | Train: Loss=0.0033 Acc=99.9% | Test: Acc=3.4% | Best=3.4%(@1760)
  from x3: 0.04 0.03 0.03 0.03 0.03 0.03 0.03 0.03 0.03 0.03 0.03 0.03 0.03
  per-rule acc: 0.02 0.06 0.03
Epoch 2000 | Train: Loss=0.0024 Acc=99.9% | Test: Acc=3.0% | Best=3.4%(@1760)
  from x3: 0.03 0.03 0.03 0.03 0.03 0.03 0.03 0.03 0.03 0.03 0.03 0.03 0.03
  per-rule acc: 0.02 0.05 0.02
Epoch 2020 | Train: Loss=0.0039 Acc=99.9% | Test: Acc=2.9% | Best=3.4%(@1760)
  from x3: 0.03 0.03 0.03 0.03 0.03 0.03 0.03 0.03 0.03 0.03 0.03 0.03 0.03
  per-rule acc: 0.02 0.05 0.02
Epoch 2040 | Train: Loss=0.0027 Acc=99.9% | Test: Acc=3.3% | Best=3.4%(@1760)
  from x3: 0.04 0.03 0.03 0.03 0.03 0.03 0.03 0.03 0.03 0.03 0.03 0.03 0.03
  per-rule acc: 0.02 0.05 0.03
Epoch 2060 | Train: Loss=0.0021 Acc=99.9% | Test: Acc=3.4% | Best=3.4%(@1760)
  from x3: 0.04 0.03 0.03 0.03 0.03 0.03 0.03 0.03 0.03 0.03 0.03 0.03 0.03
  per-rule acc: 0.02 0.05 0.03
Epoch 2080 | Train: Loss=0.0759 Acc=98.5% | Test: Acc=3.3% | Best=3.4%(@1760)
  from x3: 0.04 0.04 0.03 0.03 0.03 0.03 0.03 0.03 0.03 0.03 0.03 0.03 0.03
  per-rule acc: 0.02 0.05 0.02
Epoch 2100 | Train: Loss=0.0026 Acc=99.9% | Test: Acc=3.1% | Best=3.4%(@1760)
  from x3: 0.04 0.03 0.03 0.03 0.03 0.03 0.03 0.03 0.03 0.03 0.03 0.03 0.03
  per-rule acc: 0.02 0.05 0.02
Epoch 2120 | Train: Loss=0.0022 Acc=99.9% | Test: Acc=3.0% | Best=3.4%(@1760)
  from x3: 0.04 0.03 0.03 0.03 0.03 0.03 0.03 0.03 0.03 0.03 0.03 0.03 0.03
  per-rule acc: 0.02 0.04 0.03
Epoch 2140 | Train: Loss=0.0029 Acc=99.9% | Test: Acc=3.4% | Best=3.4%(@1760)
  from x3: 0.04 0.03 0.03 0.03 0.03 0.03 0.03 0.03 0.03 0.03 0.03 0.03 0.03
  per-rule acc: 0.02 0.05 0.03
Epoch 2160 | Train: Loss=0.0021 Acc=99.9% | Test: Acc=3.2% | Best=3.4%(@1760)
  from x3: 0.04 0.03 0.03 0.03 0.03 0.03 0.03 0.03 0.03 0.03 0.03 0.03 0.03
  per-rule acc: 0.02 0.05 0.03
Epoch 2180 | Train: Loss=0.0412 Acc=99.7% | Test: Acc=3.1% | Best=3.4%(@1760)
  from x3: 0.04 0.03 0.03 0.03 0.03 0.03 0.03 0.03 0.03 0.03 0.03 0.03 0.03
  per-rule acc: 0.02 0.05 0.02
Epoch 2200 | Train: Loss=0.0027 Acc=99.9% | Test: Acc=3.1% | Best=3.4%(@1760)
  from x3: 0.04 0.03 0.03 0.03 0.03 0.03 0.03 0.03 0.03 0.03 0.03 0.03 0.03
  per-rule acc: 0.02 0.05 0.02
Epoch 2220 | Train: Loss=0.0039 Acc=99.9% | Test: Acc=3.1% | Best=3.4%(@1760)
  from x3: 0.04 0.03 0.03 0.03 0.03 0.03 0.03 0.03 0.03 0.03 0.03 0.03 0.03
  per-rule acc: 0.02 0.05 0.02
Epoch 2240 | Train: Loss=0.0028 Acc=99.9% | Test: Acc=3.0% | Best=3.4%(@1760)
  from x3: 0.04 0.03 0.03 0.03 0.03 0.03 0.03 0.03 0.03 0.03 0.03 0.03 0.03
  per-rule acc: 0.02 0.05 0.02
Epoch 2260 | Train: Loss=0.0023 Acc=99.9% | Test: Acc=3.3% | Best=3.4%(@1760)
  from x3: 0.04 0.03 0.03 0.03 0.03 0.03 0.03 0.03 0.03 0.03 0.03 0.03 0.03
  per-rule acc: 0.02 0.05 0.03
Epoch 2280 | Train: Loss=0.0123 Acc=99.8% | Test: Acc=3.4% | Best=3.4%(@1760)
  from x3: 0.04 0.03 0.03 0.03 0.03 0.03 0.03 0.03 0.03 0.03 0.03 0.03 0.03
  per-rule acc: 0.03 0.05 0.02
Epoch 2300 | Train: Loss=0.0028 Acc=99.9% | Test: Acc=3.3% | Best=3.4%(@1760)
  from x3: 0.04 0.03 0.03 0.03 0.03 0.03 0.03 0.03 0.03 0.03 0.03 0.03 0.03
  per-rule acc: 0.02 0.05 0.03
Epoch 2320 | Train: Loss=0.0021 Acc=99.9% | Test: Acc=2.9% | Best=3.4%(@1760)
  from x3: 0.04 0.03 0.03 0.03 0.03 0.03 0.03 0.03 0.03 0.03 0.03 0.03 0.03
  per-rule acc: 0.02 0.05 0.02
Epoch 2340 | Train: Loss=0.0065 Acc=99.9% | Test: Acc=3.2% | Best=3.4%(@1760)
  from x3: 0.04 0.03 0.03 0.03 0.03 0.03 0.03 0.03 0.03 0.03 0.03 0.03 0.03
  per-rule acc: 0.02 0.05 0.03
Epoch 2360 | Train: Loss=0.0024 Acc=99.9% | Test: Acc=3.0% | Best=3.4%(@1760)
  from x3: 0.03 0.03 0.03 0.03 0.03 0.03 0.03 0.03 0.03 0.03 0.03 0.03 0.03
  per-rule acc: 0.01 0.05 0.03
Epoch 2380 | Train: Loss=0.0115 Acc=99.8% | Test: Acc=3.0% | Best=3.4%(@1760)
  from x3: 0.04 0.03 0.03 0.03 0.03 0.03 0.03 0.03 0.03 0.03 0.03 0.03 0.03
  per-rule acc: 0.02 0.05 0.02
Epoch 2400 | Train: Loss=0.0028 Acc=99.9% | Test: Acc=3.6% | Best=3.6%(@2400)
  from x3: 0.04 0.04 0.03 0.03 0.03 0.03 0.04 0.03 0.04 0.04 0.04 0.04 0.04
  per-rule acc: 0.02 0.05 0.03
Epoch 2420 | Train: Loss=0.0021 Acc=99.9% | Test: Acc=3.4% | Best=3.6%(@2400)
  from x3: 0.04 0.03 0.03 0.03 0.03 0.03 0.03 0.03 0.03 0.03 0.03 0.03 0.03
  per-rule acc: 0.02 0.05 0.03
Epoch 2440 | Train: Loss=0.0405 Acc=99.7% | Test: Acc=3.4% | Best=3.6%(@2400)
  from x3: 0.04 0.03 0.03 0.03 0.03 0.03 0.03 0.03 0.03 0.03 0.03 0.03 0.03
  per-rule acc: 0.03 0.05 0.02
Epoch 2460 | Train: Loss=0.0027 Acc=99.9% | Test: Acc=3.3% | Best=3.6%(@2400)
  from x3: 0.04 0.03 0.03 0.03 0.03 0.03 0.03 0.03 0.03 0.03 0.03 0.03 0.03
  per-rule acc: 0.02 0.05 0.03
Epoch 2480 | Train: Loss=0.0023 Acc=99.9% | Test: Acc=3.3% | Best=3.6%(@2400)
  from x3: 0.04 0.03 0.03 0.03 0.03 0.03 0.03 0.03 0.03 0.03 0.03 0.03 0.03
  per-rule acc: 0.02 0.05 0.03
Epoch 2500 | Train: Loss=0.0371 Acc=99.7% | Test: Acc=3.3% | Best=3.6%(@2400)
  from x3: 0.04 0.03 0.03 0.03 0.03 0.03 0.03 0.03 0.03 0.03 0.03 0.03 0.03
  per-rule acc: 0.02 0.05 0.03
Epoch 2520 | Train: Loss=0.0029 Acc=99.9% | Test: Acc=3.3% | Best=3.6%(@2400)
  from x3: 0.04 0.04 0.03 0.03 0.03 0.03 0.03 0.03 0.03 0.03 0.03 0.03 0.03
  per-rule acc: 0.02 0.05 0.03
Epoch 2540 | Train: Loss=0.0020 Acc=99.9% | Test: Acc=3.3% | Best=3.6%(@2400)
  from x3: 0.04 0.03 0.03 0.03 0.03 0.03 0.03 0.03 0.03 0.03 0.03 0.03 0.03
  per-rule acc: 0.02 0.05 0.03
Epoch 2560 | Train: Loss=0.0031 Acc=99.9% | Test: Acc=3.2% | Best=3.6%(@2400)
  from x3: 0.04 0.03 0.03 0.03 0.03 0.03 0.03 0.03 0.03 0.03 0.03 0.03 0.03
  per-rule acc: 0.02 0.05 0.03
Epoch 2580 | Train: Loss=0.0022 Acc=99.9% | Test: Acc=3.3% | Best=3.6%(@2400)
  from x3: 0.04 0.03 0.03 0.03 0.03 0.03 0.03 0.03 0.03 0.03 0.03 0.03 0.03
  per-rule acc: 0.02 0.05 0.03
Epoch 2600 | Train: Loss=0.0179 Acc=99.9% | Test: Acc=3.0% | Best=3.6%(@2400)
  from x3: 0.04 0.03 0.03 0.03 0.03 0.03 0.03 0.03 0.03 0.03 0.03 0.03 0.03
  per-rule acc: 0.02 0.04 0.02
Epoch 2620 | Train: Loss=0.0027 Acc=99.9% | Test: Acc=3.5% | Best=3.6%(@2400)
  from x3: 0.04 0.04 0.03 0.03 0.04 0.04 0.04 0.03 0.03 0.03 0.03 0.03 0.03
  per-rule acc: 0.02 0.06 0.03
Epoch 2640 | Train: Loss=0.0020 Acc=99.9% | Test: Acc=3.2% | Best=3.6%(@2400)
  from x3: 0.04 0.03 0.03 0.03 0.03 0.03 0.03 0.03 0.03 0.03 0.03 0.03 0.03
  per-rule acc: 0.02 0.05 0.03
Epoch 2660 | Train: Loss=0.0112 Acc=99.9% | Test: Acc=3.1% | Best=3.6%(@2400)
  from x3: 0.04 0.03 0.03 0.03 0.03 0.03 0.03 0.03 0.03 0.03 0.03 0.03 0.03
  per-rule acc: 0.02 0.05 0.02
Epoch 2680 | Train: Loss=0.0028 Acc=99.9% | Test: Acc=3.3% | Best=3.6%(@2400)
  from x3: 0.04 0.03 0.03 0.03 0.03 0.03 0.03 0.03 0.03 0.03 0.03 0.03 0.03
  per-rule acc: 0.02 0.05 0.03
Epoch 2700 | Train: Loss=0.0020 Acc=99.9% | Test: Acc=3.2% | Best=3.6%(@2400)
  from x3: 0.04 0.03 0.03 0.03 0.03 0.03 0.03 0.03 0.03 0.03 0.03 0.03 0.03
  per-rule acc: 0.02 0.05 0.02
Epoch 2720 | Train: Loss=0.0028 Acc=99.9% | Test: Acc=3.5% | Best=3.6%(@2400)
  from x3: 0.04 0.04 0.03 0.03 0.03 0.03 0.03 0.03 0.03 0.03 0.03 0.03 0.03
  per-rule acc: 0.02 0.05 0.03
Epoch 2740 | Train: Loss=0.0020 Acc=99.9% | Test: Acc=3.1% | Best=3.6%(@2400)
  from x3: 0.03 0.03 0.03 0.03 0.03 0.03 0.03 0.03 0.03 0.03 0.03 0.03 0.03
  per-rule acc: 0.01 0.05 0.03
Epoch 2760 | Train: Loss=0.0210 Acc=99.8% | Test: Acc=2.9% | Best=3.6%(@2400)
  from x3: 0.04 0.03 0.03 0.03 0.03 0.03 0.03 0.03 0.03 0.03 0.03 0.03 0.03
  per-rule acc: 0.02 0.05 0.03
Epoch 2780 | Train: Loss=0.0027 Acc=99.9% | Test: Acc=3.4% | Best=3.6%(@2400)
  from x3: 0.04 0.03 0.03 0.03 0.03 0.03 0.03 0.03 0.03 0.03 0.03 0.03 0.03
  per-rule acc: 0.02 0.06 0.03
Epoch 2800 | Train: Loss=0.0021 Acc=99.9% | Test: Acc=3.2% | Best=3.6%(@2400)
  from x3: 0.03 0.03 0.03 0.03 0.03 0.03 0.03 0.03 0.03 0.03 0.03 0.03 0.03
  per-rule acc: 0.02 0.05 0.02
Epoch 2820 | Train: Loss=0.0327 Acc=99.3% | Test: Acc=3.7% | Best=3.7%(@2820)
  from x3: 0.04 0.04 0.04 0.04 0.04 0.04 0.04 0.04 0.04 0.04 0.04 0.04 0.04
  per-rule acc: 0.03 0.05 0.03
Epoch 2840 | Train: Loss=0.0024 Acc=99.9% | Test: Acc=3.3% | Best=3.7%(@2820)
  from x3: 0.04 0.03 0.03 0.03 0.03 0.03 0.03 0.03 0.03 0.03 0.03 0.03 0.03
  per-rule acc: 0.02 0.05 0.03
Epoch 2860 | Train: Loss=0.0065 Acc=99.9% | Test: Acc=3.0% | Best=3.7%(@2820)
  from x3: 0.04 0.03 0.03 0.03 0.03 0.03 0.03 0.03 0.03 0.03 0.03 0.03 0.03
  per-rule acc: 0.02 0.05 0.02
Epoch 2880 | Train: Loss=0.0472 Acc=99.2% | Test: Acc=3.4% | Best=3.7%(@2820)
  from x3: 0.04 0.04 0.03 0.03 0.03 0.03 0.03 0.03 0.03 0.03 0.03 0.03 0.03
  per-rule acc: 0.03 0.05 0.03
Epoch 2900 | Train: Loss=0.0024 Acc=99.9% | Test: Acc=3.2% | Best=3.7%(@2820)
  from x3: 0.04 0.03 0.03 0.03 0.03 0.03 0.03 0.03 0.03 0.03 0.03 0.03 0.03
  per-rule acc: 0.02 0.05 0.03
Epoch 2920 | Train: Loss=0.0038 Acc=99.9% | Test: Acc=3.1% | Best=3.7%(@2820)
  from x3: 0.04 0.03 0.03 0.03 0.03 0.03 0.03 0.03 0.03 0.03 0.03 0.03 0.03
  per-rule acc: 0.02 0.05 0.02
Epoch 2940 | Train: Loss=0.0028 Acc=99.9% | Test: Acc=3.4% | Best=3.7%(@2820)
  from x3: 0.04 0.04 0.03 0.03 0.03 0.03 0.03 0.03 0.03 0.03 0.03 0.03 0.03
  per-rule acc: 0.02 0.06 0.03
Epoch 2960 | Train: Loss=0.0022 Acc=99.9% | Test: Acc=2.9% | Best=3.7%(@2820)
  from x3: 0.04 0.03 0.03 0.03 0.03 0.03 0.03 0.03 0.03 0.03 0.03 0.03 0.03
  per-rule acc: 0.01 0.05 0.03
Epoch 2980 | Train: Loss=0.0280 Acc=99.8% | Test: Acc=3.4% | Best=3.7%(@2820)
  from x3: 0.04 0.03 0.03 0.03 0.03 0.03 0.03 0.03 0.03 0.03 0.03 0.03 0.03
  per-rule acc: 0.02 0.06 0.02
Epoch 3000 | Train: Loss=0.0026 Acc=99.9% | Test: Acc=3.3% | Best=3.7%(@2820)
  from x3: 0.04 0.03 0.03 0.03 0.03 0.03 0.03 0.03 0.03 0.03 0.03 0.03 0.03
  per-rule acc: 0.02 0.05 0.03
Epoch 3020 | Train: Loss=0.0020 Acc=99.9% | Test: Acc=3.0% | Best=3.7%(@2820)
  from x3: 0.03 0.03 0.03 0.03 0.03 0.03 0.03 0.03 0.03 0.03 0.03 0.03 0.03
  per-rule acc: 0.02 0.05 0.02
Epoch 3040 | Train: Loss=0.0029 Acc=99.9% | Test: Acc=3.6% | Best=3.7%(@2820)
  from x3: 0.04 0.04 0.03 0.03 0.03 0.04 0.04 0.04 0.04 0.04 0.04 0.04 0.04
  per-rule acc: 0.02 0.06 0.03
Epoch 3060 | Train: Loss=0.0023 Acc=99.9% | Test: Acc=3.3% | Best=3.7%(@2820)
  from x3: 0.04 0.03 0.03 0.03 0.03 0.03 0.03 0.03 0.03 0.03 0.03 0.03 0.03
  per-rule acc: 0.02 0.05 0.03
Epoch 3080 | Train: Loss=0.0033 Acc=99.9% | Test: Acc=3.3% | Best=3.7%(@2820)
  from x3: 0.04 0.03 0.03 0.03 0.03 0.03 0.03 0.03 0.03 0.03 0.03 0.03 0.03
  per-rule acc: 0.02 0.05 0.03
Epoch 3100 | Train: Loss=0.0028 Acc=99.9% | Test: Acc=3.6% | Best=3.7%(@2820)
  from x3: 0.04 0.04 0.04 0.03 0.03 0.03 0.03 0.03 0.03 0.03 0.03 0.04 0.03
  per-rule acc: 0.02 0.06 0.03
Epoch 3120 | Train: Loss=0.0020 Acc=99.9% | Test: Acc=3.3% | Best=3.7%(@2820)
  from x3: 0.04 0.03 0.03 0.03 0.03 0.03 0.03 0.03 0.03 0.03 0.03 0.03 0.03
  per-rule acc: 0.02 0.05 0.03
Epoch 3140 | Train: Loss=0.0666 Acc=98.8% | Test: Acc=3.2% | Best=3.7%(@2820)
  from x3: 0.04 0.03 0.03 0.03 0.03 0.03 0.03 0.03 0.03 0.03 0.03 0.03 0.03
  per-rule acc: 0.02 0.05 0.03
Epoch 3160 | Train: Loss=0.0022 Acc=99.9% | Test: Acc=3.4% | Best=3.7%(@2820)
  from x3: 0.04 0.03 0.03 0.03 0.03 0.03 0.03 0.03 0.03 0.03 0.03 0.03 0.03
  per-rule acc: 0.02 0.06 0.02
Epoch 3180 | Train: Loss=0.0022 Acc=99.9% | Test: Acc=3.0% | Best=3.7%(@2820)
  from x3: 0.04 0.03 0.03 0.03 0.03 0.03 0.03 0.03 0.03 0.03 0.03 0.03 0.03
  per-rule acc: 0.02 0.05 0.02
Epoch 3200 | Train: Loss=0.0028 Acc=99.9% | Test: Acc=3.4% | Best=3.7%(@2820)
  from x3: 0.04 0.03 0.03 0.03 0.03 0.03 0.03 0.03 0.03 0.03 0.03 0.03 0.03
  per-rule acc: 0.02 0.05 0.03
Epoch 3220 | Train: Loss=0.0025 Acc=99.9% | Test: Acc=3.3% | Best=3.7%(@2820)
  from x3: 0.04 0.03 0.03 0.03 0.03 0.03 0.03 0.03 0.03 0.03 0.03 0.03 0.03
  per-rule acc: 0.02 0.05 0.02
Epoch 3240 | Train: Loss=0.0028 Acc=99.9% | Test: Acc=3.5% | Best=3.7%(@2820)
  from x3: 0.04 0.04 0.03 0.03 0.03 0.03 0.03 0.04 0.03 0.03 0.03 0.03 0.03
  per-rule acc: 0.02 0.06 0.03
Epoch 3260 | Train: Loss=0.0022 Acc=99.9% | Test: Acc=3.3% | Best=3.7%(@2820)
  from x3: 0.04 0.03 0.03 0.03 0.03 0.03 0.03 0.03 0.03 0.03 0.03 0.03 0.03
  per-rule acc: 0.02 0.05 0.03
Epoch 3280 | Train: Loss=0.0127 Acc=99.9% | Test: Acc=3.4% | Best=3.7%(@2820)
  from x3: 0.04 0.03 0.03 0.03 0.03 0.03 0.03 0.03 0.03 0.03 0.03 0.03 0.03
  per-rule acc: 0.02 0.06 0.03
Epoch 3300 | Train: Loss=0.0026 Acc=99.9% | Test: Acc=3.4% | Best=3.7%(@2820)
  from x3: 0.04 0.04 0.03 0.03 0.03 0.03 0.03 0.03 0.03 0.03 0.03 0.03 0.03
  per-rule acc: 0.02 0.06 0.03
Epoch 3320 | Train: Loss=0.0020 Acc=99.9% | Test: Acc=3.3% | Best=3.7%(@2820)
  from x3: 0.04 0.03 0.03 0.03 0.03 0.03 0.03 0.03 0.03 0.03 0.03 0.03 0.03
  per-rule acc: 0.02 0.05 0.03
Epoch 3340 | Train: Loss=0.0147 Acc=99.7% | Test: Acc=3.5% | Best=3.7%(@2820)
  from x3: 0.04 0.03 0.03 0.03 0.03 0.03 0.03 0.03 0.03 0.03 0.03 0.03 0.03
  per-rule acc: 0.03 0.05 0.03
Epoch 3360 | Train: Loss=0.0023 Acc=99.9% | Test: Acc=3.1% | Best=3.7%(@2820)
  from x3: 0.04 0.03 0.03 0.03 0.03 0.03 0.03 0.03 0.03 0.03 0.03 0.03 0.03
  per-rule acc: 0.02 0.05 0.03
Epoch 3380 | Train: Loss=0.0181 Acc=99.8% | Test: Acc=3.2% | Best=3.7%(@2820)
  from x3: 0.04 0.03 0.03 0.03 0.03 0.03 0.03 0.03 0.03 0.03 0.03 0.03 0.03
  per-rule acc: 0.02 0.05 0.02
Epoch 3400 | Train: Loss=0.0026 Acc=99.9% | Test: Acc=3.4% | Best=3.7%(@2820)
  from x3: 0.04 0.03 0.03 0.03 0.03 0.03 0.03 0.03 0.03 0.03 0.03 0.03 0.03
  per-rule acc: 0.02 0.05 0.03
Epoch 3420 | Train: Loss=0.0020 Acc=99.9% | Test: Acc=3.3% | Best=3.7%(@2820)
  from x3: 0.04 0.03 0.03 0.03 0.03 0.03 0.03 0.03 0.03 0.03 0.03 0.03 0.03
  per-rule acc: 0.02 0.05 0.03
Epoch 3440 | Train: Loss=0.0029 Acc=99.9% | Test: Acc=3.6% | Best=3.7%(@2820)
  from x3: 0.04 0.04 0.04 0.04 0.04 0.04 0.04 0.04 0.04 0.04 0.04 0.04 0.03
  per-rule acc: 0.02 0.06 0.03
Epoch 3460 | Train: Loss=0.0021 Acc=99.9% | Test: Acc=3.0% | Best=3.7%(@2820)
  from x3: 0.04 0.03 0.03 0.03 0.03 0.03 0.03 0.03 0.03 0.03 0.03 0.03 0.03
  per-rule acc: 0.01 0.05 0.03
Epoch 3480 | Train: Loss=0.0873 Acc=98.5% | Test: Acc=3.0% | Best=3.7%(@2820)
  from x3: 0.04 0.03 0.03 0.03 0.03 0.03 0.03 0.03 0.03 0.03 0.03 0.03 0.03
  per-rule acc: 0.03 0.04 0.02
Epoch 3500 | Train: Loss=0.0023 Acc=99.9% | Test: Acc=3.5% | Best=3.7%(@2820)
  from x3: 0.04 0.03 0.03 0.03 0.03 0.03 0.03 0.03 0.03 0.03 0.03 0.03 0.03
  per-rule acc: 0.02 0.05 0.03
Epoch 3520 | Train: Loss=0.0072 Acc=99.9% | Test: Acc=3.2% | Best=3.7%(@2820)
  from x3: 0.04 0.03 0.03 0.03 0.03 0.03 0.03 0.03 0.03 0.03 0.03 0.03 0.03
  per-rule acc: 0.02 0.05 0.03
Epoch 3540 | Train: Loss=0.0027 Acc=99.9% | Test: Acc=3.5% | Best=3.7%(@2820)
  from x3: 0.04 0.04 0.03 0.04 0.03 0.04 0.03 0.03 0.03 0.03 0.03 0.03 0.03
  per-rule acc: 0.02 0.05 0.03
Epoch 3560 | Train: Loss=0.0020 Acc=99.9% | Test: Acc=3.4% | Best=3.7%(@2820)
  from x3: 0.04 0.03 0.03 0.03 0.03 0.03 0.03 0.03 0.03 0.03 0.03 0.03 0.03
  per-rule acc: 0.02 0.06 0.03
Epoch 3580 | Train: Loss=0.0028 Acc=99.9% | Test: Acc=3.7% | Best=3.7%(@3580)
  from x3: 0.04 0.04 0.04 0.04 0.04 0.04 0.04 0.04 0.04 0.04 0.04 0.04 0.04
  per-rule acc: 0.02 0.06 0.03
Epoch 3600 | Train: Loss=0.0023 Acc=99.9% | Test: Acc=3.6% | Best=3.7%(@3580)
  from x3: 0.04 0.03 0.04 0.04 0.04 0.04 0.04 0.04 0.04 0.04 0.04 0.04 0.04
  per-rule acc: 0.02 0.06 0.03
Epoch 3620 | Train: Loss=0.0314 Acc=99.9% | Test: Acc=3.4% | Best=3.7%(@3580)
  from x3: 0.04 0.03 0.03 0.03 0.03 0.03 0.03 0.03 0.03 0.03 0.03 0.03 0.03
  per-rule acc: 0.02 0.05 0.03
Epoch 3640 | Train: Loss=0.0025 Acc=99.9% | Test: Acc=3.6% | Best=3.7%(@3580)
  from x3: 0.04 0.04 0.03 0.03 0.03 0.04 0.04 0.04 0.04 0.04 0.04 0.03 0.03
  per-rule acc: 0.02 0.06 0.03
Epoch 3660 | Train: Loss=0.0022 Acc=99.9% | Test: Acc=3.2% | Best=3.7%(@3580)
  from x3: 0.04 0.03 0.03 0.03 0.03 0.03 0.03 0.03 0.03 0.03 0.03 0.03 0.03
  per-rule acc: 0.02 0.05 0.02
Epoch 3680 | Train: Loss=0.0027 Acc=99.9% | Test: Acc=3.6% | Best=3.7%(@3580)
  from x3: 0.04 0.04 0.03 0.04 0.04 0.04 0.04 0.04 0.04 0.04 0.04 0.04 0.04
  per-rule acc: 0.02 0.06 0.03
Epoch 3700 | Train: Loss=0.0020 Acc=99.9% | Test: Acc=3.6% | Best=3.7%(@3580)
  from x3: 0.04 0.03 0.03 0.04 0.04 0.04 0.04 0.04 0.04 0.04 0.04 0.04 0.04
  per-rule acc: 0.02 0.05 0.03
Epoch 3720 | Train: Loss=0.0026 Acc=99.9% | Test: Acc=3.5% | Best=3.7%(@3580)
  from x3: 0.04 0.03 0.04 0.03 0.03 0.04 0.03 0.04 0.03 0.03 0.03 0.03 0.03
  per-rule acc: 0.02 0.05 0.03
Epoch 3740 | Train: Loss=0.0021 Acc=99.9% | Test: Acc=3.6% | Best=3.7%(@3580)
  from x3: 0.04 0.04 0.03 0.04 0.04 0.04 0.04 0.04 0.04 0.04 0.04 0.04 0.04
  per-rule acc: 0.02 0.06 0.03
Epoch 3760 | Train: Loss=0.0349 Acc=99.6% | Test: Acc=3.5% | Best=3.7%(@3580)
  from x3: 0.04 0.03 0.03 0.03 0.03 0.03 0.03 0.03 0.03 0.03 0.03 0.03 0.03
  per-rule acc: 0.03 0.05 0.02
Epoch 3780 | Train: Loss=0.0024 Acc=99.9% | Test: Acc=3.2% | Best=3.7%(@3580)
  from x3: 0.04 0.03 0.03 0.03 0.03 0.03 0.03 0.03 0.03 0.03 0.03 0.03 0.03
  per-rule acc: 0.02 0.05 0.02
Epoch 3800 | Train: Loss=0.0719 Acc=99.0% | Test: Acc=3.9% | Best=3.9%(@3800)
  from x3: 0.04 0.04 0.04 0.04 0.04 0.04 0.04 0.04 0.04 0.04 0.04 0.04 0.04
  per-rule acc: 0.03 0.06 0.03
Epoch 3820 | Train: Loss=0.0021 Acc=99.9% | Test: Acc=3.6% | Best=3.9%(@3800)
  from x3: 0.04 0.04 0.03 0.04 0.03 0.04 0.04 0.04 0.04 0.03 0.03 0.03 0.04
  per-rule acc: 0.02 0.06 0.03
Epoch 3840 | Train: Loss=0.0073 Acc=99.9% | Test: Acc=3.2% | Best=3.9%(@3800)
  from x3: 0.04 0.04 0.03 0.03 0.03 0.03 0.03 0.03 0.03 0.03 0.03 0.03 0.03
  per-rule acc: 0.02 0.05 0.02
Epoch 3860 | Train: Loss=0.0026 Acc=99.9% | Test: Acc=3.6% | Best=3.9%(@3800)
  from x3: 0.04 0.04 0.04 0.04 0.04 0.04 0.04 0.04 0.04 0.04 0.04 0.04 0.04
  per-rule acc: 0.02 0.06 0.03
Epoch 3880 | Train: Loss=0.0019 Acc=99.9% | Test: Acc=3.4% | Best=3.9%(@3800)
  from x3: 0.04 0.03 0.03 0.03 0.03 0.03 0.03 0.03 0.03 0.03 0.03 0.03 0.03
  per-rule acc: 0.02 0.05 0.03
Epoch 3900 | Train: Loss=0.0031 Acc=99.9% | Test: Acc=3.5% | Best=3.9%(@3800)
  from x3: 0.04 0.04 0.03 0.03 0.03 0.03 0.04 0.04 0.04 0.04 0.04 0.04 0.04
  per-rule acc: 0.02 0.05 0.03
Epoch 3920 | Train: Loss=0.0020 Acc=99.9% | Test: Acc=3.2% | Best=3.9%(@3800)
  from x3: 0.04 0.03 0.03 0.03 0.03 0.03 0.03 0.03 0.03 0.03 0.03 0.03 0.03
  per-rule acc: 0.02 0.05 0.03
Epoch 3940 | Train: Loss=0.0143 Acc=99.8% | Test: Acc=3.7% | Best=3.9%(@3800)
  from x3: 0.05 0.04 0.04 0.04 0.04 0.04 0.04 0.04 0.04 0.04 0.04 0.04 0.04
  per-rule acc: 0.03 0.05 0.03
Epoch 3960 | Train: Loss=0.0023 Acc=99.9% | Test: Acc=3.4% | Best=3.9%(@3800)
  from x3: 0.04 0.04 0.03 0.03 0.03 0.03 0.03 0.03 0.03 0.03 0.03 0.03 0.03
  per-rule acc: 0.02 0.05 0.03
Epoch 3980 | Train: Loss=0.0274 Acc=99.9% | Test: Acc=3.5% | Best=3.9%(@3800)
  from x3: 0.04 0.03 0.03 0.03 0.03 0.04 0.03 0.04 0.04 0.03 0.03 0.03 0.03
  per-rule acc: 0.03 0.05 0.03
Epoch 4000 | Train: Loss=0.0023 Acc=99.9% | Test: Acc=3.5% | Best=3.9%(@3800)
  from x3: 0.04 0.03 0.03 0.03 0.03 0.03 0.03 0.03 0.03 0.03 0.03 0.03 0.03
  per-rule acc: 0.02 0.06 0.03
Epoch 4020 | Train: Loss=0.0248 Acc=99.7% | Test: Acc=3.7% | Best=3.9%(@3800)
  from x3: 0.04 0.03 0.04 0.04 0.04 0.04 0.04 0.04 0.04 0.04 0.04 0.04 0.04
  per-rule acc: 0.03 0.05 0.03
Epoch 4040 | Train: Loss=0.0022 Acc=99.9% | Test: Acc=3.5% | Best=3.9%(@3800)
  from x3: 0.04 0.04 0.03 0.03 0.03 0.03 0.03 0.03 0.03 0.03 0.03 0.03 0.03
  per-rule acc: 0.02 0.06 0.03
Epoch 4060 | Train: Loss=0.0042 Acc=99.9% | Test: Acc=3.5% | Best=3.9%(@3800)
  from x3: 0.04 0.03 0.04 0.04 0.03 0.03 0.03 0.03 0.03 0.03 0.03 0.03 0.03
  per-rule acc: 0.02 0.06 0.03
Epoch 4080 | Train: Loss=0.0025 Acc=99.9% | Test: Acc=3.7% | Best=3.9%(@3800)
  from x3: 0.04 0.04 0.04 0.04 0.04 0.04 0.04 0.04 0.04 0.04 0.04 0.04 0.04
  per-rule acc: 0.02 0.06 0.03
Epoch 4100 | Train: Loss=0.0056 Acc=99.9% | Test: Acc=3.2% | Best=3.9%(@3800)
  from x3: 0.04 0.03 0.03 0.03 0.03 0.03 0.03 0.03 0.03 0.03 0.03 0.03 0.03
  per-rule acc: 0.02 0.05 0.03
Epoch 4120 | Train: Loss=0.0025 Acc=99.9% | Test: Acc=3.5% | Best=3.9%(@3800)
  from x3: 0.04 0.04 0.03 0.03 0.03 0.03 0.03 0.03 0.03 0.03 0.03 0.03 0.03
  per-rule acc: 0.02 0.06 0.03
Epoch 4140 | Train: Loss=0.0019 Acc=99.9% | Test: Acc=3.3% | Best=3.9%(@3800)
  from x3: 0.04 0.03 0.03 0.03 0.03 0.03 0.03 0.03 0.03 0.03 0.03 0.03 0.03
  per-rule acc: 0.02 0.05 0.02
Epoch 4160 | Train: Loss=0.0026 Acc=99.9% | Test: Acc=3.7% | Best=3.9%(@3800)
  from x3: 0.04 0.04 0.04 0.04 0.04 0.04 0.04 0.04 0.04 0.04 0.04 0.04 0.04
  per-rule acc: 0.02 0.06 0.03
Epoch 4180 | Train: Loss=0.0020 Acc=99.9% | Test: Acc=3.4% | Best=3.9%(@3800)
  from x3: 0.04 0.03 0.03 0.03 0.03 0.03 0.03 0.03 0.03 0.03 0.03 0.03 0.03
  per-rule acc: 0.02 0.06 0.03
Epoch 4200 | Train: Loss=0.0238 Acc=99.9% | Test: Acc=3.6% | Best=3.9%(@3800)
  from x3: 0.05 0.04 0.04 0.03 0.03 0.04 0.03 0.03 0.04 0.04 0.04 0.04 0.04
  per-rule acc: 0.02 0.05 0.03
Epoch 4220 | Train: Loss=0.0026 Acc=99.9% | Test: Acc=3.4% | Best=3.9%(@3800)
  from x3: 0.04 0.04 0.03 0.03 0.03 0.03 0.03 0.03 0.03 0.03 0.03 0.03 0.03
  per-rule acc: 0.02 0.06 0.02
Epoch 4240 | Train: Loss=0.0021 Acc=99.9% | Test: Acc=3.2% | Best=3.9%(@3800)
  from x3: 0.04 0.03 0.03 0.03 0.03 0.03 0.03 0.03 0.03 0.03 0.03 0.03 0.03
  per-rule acc: 0.02 0.05 0.02
Epoch 4260 | Train: Loss=0.0026 Acc=99.9% | Test: Acc=3.8% | Best=3.9%(@3800)
  from x3: 0.04 0.04 0.04 0.04 0.04 0.04 0.04 0.04 0.04 0.04 0.04 0.04 0.04
  per-rule acc: 0.03 0.06 0.03
Epoch 4280 | Train: Loss=0.0019 Acc=99.9% | Test: Acc=3.6% | Best=3.9%(@3800)
  from x3: 0.04 0.04 0.03 0.03 0.04 0.04 0.03 0.04 0.04 0.04 0.04 0.04 0.04
  per-rule acc: 0.02 0.06 0.03
Epoch 4300 | Train: Loss=0.0026 Acc=99.9% | Test: Acc=3.7% | Best=3.9%(@3800)
  from x3: 0.04 0.04 0.04 0.04 0.04 0.04 0.04 0.04 0.04 0.04 0.04 0.04 0.04
  per-rule acc: 0.02 0.06 0.03
Epoch 4320 | Train: Loss=0.0020 Acc=99.9% | Test: Acc=3.7% | Best=3.9%(@3800)
  from x3: 0.04 0.03 0.04 0.04 0.04 0.04 0.04 0.04 0.04 0.04 0.04 0.04 0.04
  per-rule acc: 0.02 0.06 0.03
Epoch 4340 | Train: Loss=0.0113 Acc=99.9% | Test: Acc=3.6% | Best=3.9%(@3800)
  from x3: 0.05 0.04 0.03 0.03 0.03 0.03 0.04 0.03 0.04 0.04 0.03 0.03 0.04
  per-rule acc: 0.03 0.06 0.03
Epoch 4360 | Train: Loss=0.0023 Acc=99.9% | Test: Acc=3.9% | Best=3.9%(@4360)
  from x3: 0.04 0.04 0.04 0.04 0.04 0.04 0.04 0.04 0.04 0.04 0.04 0.04 0.04
  per-rule acc: 0.02 0.06 0.03
Epoch 4380 | Train: Loss=0.0041 Acc=99.9% | Test: Acc=3.7% | Best=3.9%(@4360)
  from x3: 0.04 0.04 0.03 0.04 0.04 0.04 0.04 0.04 0.04 0.04 0.04 0.04 0.04
  per-rule acc: 0.02 0.06 0.03
Epoch 4400 | Train: Loss=0.0025 Acc=99.9% | Test: Acc=3.6% | Best=3.9%(@4360)
  from x3: 0.04 0.04 0.03 0.04 0.04 0.04 0.04 0.04 0.04 0.04 0.04 0.04 0.04
  per-rule acc: 0.02 0.06 0.03
Epoch 4420 | Train: Loss=0.0021 Acc=99.9% | Test: Acc=3.4% | Best=3.9%(@4360)
  from x3: 0.04 0.04 0.03 0.03 0.03 0.03 0.03 0.03 0.03 0.03 0.03 0.03 0.03
  per-rule acc: 0.02 0.06 0.03
Epoch 4440 | Train: Loss=0.0032 Acc=99.9% | Test: Acc=3.8% | Best=3.9%(@4360)
  from x3: 0.04 0.04 0.04 0.04 0.04 0.04 0.04 0.04 0.04 0.04 0.04 0.04 0.04
  per-rule acc: 0.02 0.06 0.03
Epoch 4460 | Train: Loss=0.0020 Acc=99.9% | Test: Acc=3.5% | Best=3.9%(@4360)
  from x3: 0.04 0.04 0.03 0.04 0.04 0.04 0.03 0.03 0.03 0.03 0.03 0.03 0.03
  per-rule acc: 0.02 0.06 0.02
Epoch 4480 | Train: Loss=0.0093 Acc=99.9% | Test: Acc=3.6% | Best=3.9%(@4360)
  from x3: 0.04 0.03 0.03 0.04 0.04 0.03 0.03 0.04 0.04 0.04 0.04 0.04 0.03
  per-rule acc: 0.03 0.05 0.03
Epoch 4500 | Train: Loss=0.0023 Acc=99.9% | Test: Acc=3.5% | Best=3.9%(@4360)
  from x3: 0.04 0.04 0.03 0.04 0.03 0.03 0.03 0.03 0.03 0.03 0.03 0.03 0.03
  per-rule acc: 0.02 0.06 0.03
Epoch 4520 | Train: Loss=0.0162 Acc=99.8% | Test: Acc=3.4% | Best=3.9%(@4360)
  from x3: 0.04 0.03 0.03 0.03 0.03 0.03 0.03 0.03 0.03 0.03 0.03 0.03 0.03
  per-rule acc: 0.02 0.05 0.02
Epoch 4540 | Train: Loss=0.0022 Acc=99.9% | Test: Acc=3.6% | Best=3.9%(@4360)
  from x3: 0.04 0.03 0.04 0.04 0.03 0.04 0.04 0.04 0.04 0.04 0.04 0.04 0.04
  per-rule acc: 0.02 0.06 0.03
Epoch 4560 | Train: Loss=0.0148 Acc=99.9% | Test: Acc=3.6% | Best=3.9%(@4360)
  from x3: 0.04 0.03 0.04 0.04 0.04 0.04 0.04 0.04 0.04 0.04 0.04 0.04 0.04
  per-rule acc: 0.03 0.05 0.03
Epoch 4580 | Train: Loss=0.0024 Acc=99.9% | Test: Acc=3.7% | Best=3.9%(@4360)
  from x3: 0.04 0.04 0.04 0.04 0.04 0.04 0.04 0.04 0.04 0.04 0.04 0.04 0.04
  per-rule acc: 0.02 0.06 0.03
Epoch 4600 | Train: Loss=0.0047 Acc=99.9% | Test: Acc=3.6% | Best=3.9%(@4360)
  from x3: 0.04 0.04 0.03 0.04 0.04 0.03 0.03 0.04 0.04 0.04 0.04 0.04 0.04
  per-rule acc: 0.03 0.05 0.03
Epoch 4620 | Train: Loss=0.0025 Acc=99.9% | Test: Acc=3.8% | Best=3.9%(@4360)
  from x3: 0.04 0.04 0.04 0.04 0.04 0.04 0.04 0.04 0.04 0.04 0.04 0.04 0.04
  per-rule acc: 0.02 0.06 0.03
Epoch 4640 | Train: Loss=0.0022 Acc=99.9% | Test: Acc=3.4% | Best=3.9%(@4360)
  from x3: 0.04 0.04 0.03 0.03 0.03 0.03 0.03 0.03 0.03 0.03 0.03 0.03 0.03
  per-rule acc: 0.02 0.06 0.02
Epoch 4660 | Train: Loss=0.0025 Acc=99.9% | Test: Acc=3.9% | Best=3.9%(@4660)
  from x3: 0.04 0.04 0.04 0.04 0.04 0.04 0.04 0.04 0.04 0.04 0.04 0.04 0.04
  per-rule acc: 0.02 0.06 0.03
Epoch 4680 | Train: Loss=0.0020 Acc=99.9% | Test: Acc=3.5% | Best=3.9%(@4660)
  from x3: 0.04 0.04 0.03 0.03 0.03 0.03 0.03 0.03 0.03 0.03 0.03 0.03 0.03
  per-rule acc: 0.02 0.06 0.03
Epoch 4700 | Train: Loss=0.0619 Acc=98.8% | Test: Acc=3.8% | Best=3.9%(@4660)
  from x3: 0.05 0.04 0.04 0.04 0.04 0.04 0.04 0.04 0.04 0.04 0.04 0.04 0.04
  per-rule acc: 0.03 0.05 0.03
Epoch 4720 | Train: Loss=0.0021 Acc=99.9% | Test: Acc=3.8% | Best=3.9%(@4660)
  from x3: 0.04 0.04 0.04 0.04 0.04 0.04 0.04 0.04 0.04 0.04 0.04 0.04 0.04
  per-rule acc: 0.03 0.06 0.03
Epoch 4740 | Train: Loss=0.0024 Acc=99.9% | Test: Acc=3.7% | Best=3.9%(@4660)
  from x3: 0.04 0.04 0.04 0.04 0.04 0.04 0.04 0.04 0.04 0.04 0.04 0.04 0.04
  per-rule acc: 0.02 0.05 0.03
Epoch 4760 | Train: Loss=0.0024 Acc=99.9% | Test: Acc=3.9% | Best=3.9%(@4660)
  from x3: 0.05 0.04 0.04 0.04 0.04 0.04 0.04 0.04 0.04 0.04 0.04 0.04 0.04
  per-rule acc: 0.02 0.06 0.03
Epoch 4780 | Train: Loss=0.0019 Acc=99.9% | Test: Acc=3.5% | Best=3.9%(@4660)
  from x3: 0.04 0.04 0.03 0.03 0.03 0.03 0.03 0.03 0.03 0.03 0.03 0.03 0.03
  per-rule acc: 0.02 0.05 0.03
Epoch 4800 | Train: Loss=0.0025 Acc=99.9% | Test: Acc=3.9% | Best=3.9%(@4660)
  from x3: 0.04 0.04 0.04 0.04 0.04 0.04 0.04 0.04 0.04 0.04 0.04 0.04 0.04
  per-rule acc: 0.02 0.06 0.03
Epoch 4820 | Train: Loss=0.0020 Acc=99.9% | Test: Acc=3.8% | Best=3.9%(@4660)
  from x3: 0.04 0.04 0.04 0.04 0.04 0.04 0.04 0.04 0.04 0.04 0.04 0.04 0.04
  per-rule acc: 0.02 0.06 0.03
Epoch 4840 | Train: Loss=0.0023 Acc=99.9% | Test: Acc=3.7% | Best=3.9%(@4660)
  from x3: 0.04 0.04 0.04 0.04 0.04 0.04 0.04 0.04 0.04 0.04 0.04 0.04 0.04
  per-rule acc: 0.02 0.06 0.03
Epoch 4860 | Train: Loss=0.0019 Acc=99.9% | Test: Acc=3.9% | Best=3.9%(@4660)
  from x3: 0.04 0.04 0.04 0.04 0.04 0.04 0.04 0.04 0.04 0.04 0.04 0.04 0.04
  per-rule acc: 0.02 0.06 0.03
Epoch 4880 | Train: Loss=0.0025 Acc=99.9% | Test: Acc=4.1% | Best=4.1%(@4880)
  from x3: 0.04 0.04 0.04 0.04 0.04 0.04 0.04 0.04 0.04 0.04 0.04 0.04 0.04
  per-rule acc: 0.02 0.07 0.03
Epoch 4900 | Train: Loss=0.0021 Acc=99.9% | Test: Acc=3.7% | Best=4.1%(@4880)
  from x3: 0.05 0.04 0.03 0.04 0.04 0.04 0.04 0.04 0.04 0.04 0.04 0.04 0.04
  per-rule acc: 0.02 0.06 0.03
Epoch 4920 | Train: Loss=0.0023 Acc=99.9% | Test: Acc=3.7% | Best=4.1%(@4880)
  from x3: 0.04 0.04 0.04 0.04 0.04 0.04 0.04 0.04 0.04 0.04 0.04 0.04 0.04
  per-rule acc: 0.02 0.06 0.04
Epoch 4940 | Train: Loss=0.0018 Acc=99.9% | Test: Acc=3.9% | Best=4.1%(@4880)
  from x3: 0.05 0.04 0.04 0.04 0.04 0.04 0.04 0.04 0.04 0.04 0.04 0.04 0.04
  per-rule acc: 0.03 0.06 0.03
Epoch 4960 | Train: Loss=0.0022 Acc=99.9% | Test: Acc=4.0% | Best=4.1%(@4880)
  from x3: 0.05 0.04 0.04 0.04 0.04 0.04 0.04 0.04 0.04 0.04 0.04 0.04 0.04
  per-rule acc: 0.03 0.06 0.03
Epoch 4980 | Train: Loss=0.0020 Acc=99.9% | Test: Acc=3.5% | Best=4.1%(@4880)
  from x3: 0.04 0.03 0.04 0.03 0.03 0.03 0.03 0.03 0.03 0.03 0.03 0.03 0.03
  per-rule acc: 0.02 0.06 0.03
Epoch 5000 | Train: Loss=0.0023 Acc=99.9% | Test: Acc=4.0% | Best=4.1%(@4880)
  from x3: 0.05 0.04 0.04 0.04 0.04 0.04 0.04 0.04 0.04 0.04 0.04 0.04 0.04
  per-rule acc: 0.03 0.06 0.03
Epoch 5020 | Train: Loss=0.0019 Acc=99.9% | Test: Acc=3.4% | Best=4.1%(@4880)
  from x3: 0.04 0.03 0.03 0.03 0.03 0.03 0.03 0.03 0.03 0.03 0.03 0.03 0.03
  per-rule acc: 0.02 0.05 0.03
Epoch 5040 | Train: Loss=0.0024 Acc=99.9% | Test: Acc=3.7% | Best=4.1%(@4880)
  from x3: 0.04 0.04 0.04 0.04 0.04 0.04 0.04 0.04 0.04 0.04 0.04 0.04 0.04
  per-rule acc: 0.02 0.06 0.03
Epoch 5060 | Train: Loss=0.0021 Acc=99.9% | Test: Acc=3.4% | Best=4.1%(@4880)
  from x3: 0.04 0.03 0.03 0.03 0.03 0.03 0.03 0.03 0.03 0.03 0.03 0.03 0.03
  per-rule acc: 0.02 0.05 0.03
Epoch 5080 | Train: Loss=0.0024 Acc=99.9% | Test: Acc=3.8% | Best=4.1%(@4880)
  from x3: 0.04 0.04 0.04 0.04 0.04 0.04 0.04 0.04 0.04 0.04 0.04 0.04 0.04
  per-rule acc: 0.02 0.06 0.03
Epoch 5100 | Train: Loss=0.0024 Acc=99.9% | Test: Acc=3.7% | Best=4.1%(@4880)
  from x3: 0.05 0.04 0.04 0.04 0.04 0.04 0.04 0.04 0.04 0.04 0.04 0.04 0.04
  per-rule acc: 0.02 0.06 0.03
Epoch 5120 | Train: Loss=0.0024 Acc=99.9% | Test: Acc=3.7% | Best=4.1%(@4880)
  from x3: 0.05 0.04 0.04 0.04 0.04 0.04 0.04 0.04 0.04 0.04 0.04 0.04 0.04
  per-rule acc: 0.02 0.06 0.03
Epoch 5140 | Train: Loss=0.0050 Acc=99.9% | Test: Acc=3.7% | Best=4.1%(@4880)
  from x3: 0.04 0.03 0.04 0.04 0.04 0.04 0.04 0.04 0.04 0.03 0.04 0.04 0.04
  per-rule acc: 0.02 0.06 0.03
Epoch 5160 | Train: Loss=0.0023 Acc=99.9% | Test: Acc=3.8% | Best=4.1%(@4880)
  from x3: 0.04 0.04 0.04 0.04 0.04 0.04 0.04 0.04 0.04 0.04 0.04 0.04 0.04
  per-rule acc: 0.02 0.06 0.03
Epoch 5180 | Train: Loss=0.0088 Acc=99.9% | Test: Acc=3.8% | Best=4.1%(@4880)
  from x3: 0.04 0.03 0.04 0.04 0.04 0.04 0.04 0.04 0.04 0.04 0.04 0.04 0.04
  per-rule acc: 0.02 0.06 0.03
Epoch 5200 | Train: Loss=0.0022 Acc=99.9% | Test: Acc=3.7% | Best=4.1%(@4880)
  from x3: 0.04 0.04 0.04 0.04 0.04 0.04 0.04 0.04 0.04 0.04 0.04 0.04 0.04
  per-rule acc: 0.02 0.06 0.03
Epoch 5220 | Train: Loss=0.0177 Acc=99.9% | Test: Acc=3.7% | Best=4.1%(@4880)
  from x3: 0.05 0.04 0.04 0.04 0.04 0.04 0.04 0.03 0.04 0.04 0.04 0.04 0.04
  per-rule acc: 0.03 0.05 0.03
Epoch 5240 | Train: Loss=0.0022 Acc=99.9% | Test: Acc=4.0% | Best=4.1%(@4880)
  from x3: 0.05 0.04 0.04 0.04 0.04 0.04 0.04 0.04 0.04 0.04 0.04 0.04 0.04
  per-rule acc: 0.03 0.06 0.03
Epoch 5260 | Train: Loss=0.0460 Acc=99.3% | Test: Acc=4.1% | Best=4.1%(@5260)
  from x3: 0.05 0.04 0.04 0.04 0.04 0.04 0.04 0.04 0.04 0.04 0.04 0.04 0.04
  per-rule acc: 0.03 0.06 0.03
Epoch 5280 | Train: Loss=0.0020 Acc=99.9% | Test: Acc=3.6% | Best=4.1%(@5260)
  from x3: 0.04 0.04 0.04 0.04 0.04 0.04 0.03 0.04 0.04 0.04 0.03 0.03 0.03
  per-rule acc: 0.02 0.06 0.03
Epoch 5300 | Train: Loss=0.0126 Acc=99.8% | Test: Acc=3.6% | Best=4.1%(@5260)
  from x3: 0.05 0.04 0.03 0.04 0.04 0.04 0.04 0.04 0.04 0.04 0.04 0.03 0.03
  per-rule acc: 0.02 0.06 0.03
Epoch 5320 | Train: Loss=0.0021 Acc=99.9% | Test: Acc=3.8% | Best=4.1%(@5260)
  from x3: 0.04 0.04 0.04 0.04 0.04 0.04 0.04 0.04 0.04 0.04 0.04 0.04 0.04
  per-rule acc: 0.02 0.07 0.03
Epoch 5340 | Train: Loss=0.0028 Acc=99.9% | Test: Acc=3.8% | Best=4.1%(@5260)
  from x3: 0.05 0.04 0.04 0.04 0.04 0.04 0.04 0.04 0.04 0.04 0.04 0.04 0.04
  per-rule acc: 0.03 0.06 0.03
Epoch 5360 | Train: Loss=0.0020 Acc=99.9% | Test: Acc=3.8% | Best=4.1%(@5260)
  from x3: 0.04 0.04 0.04 0.04 0.04 0.04 0.04 0.04 0.04 0.04 0.04 0.04 0.04
  per-rule acc: 0.02 0.06 0.03
Epoch 5380 | Train: Loss=0.0019 Acc=99.9% | Test: Acc=3.8% | Best=4.1%(@5260)
  from x3: 0.04 0.04 0.04 0.04 0.04 0.04 0.04 0.04 0.04 0.04 0.04 0.04 0.04
  per-rule acc: 0.02 0.06 0.03
Epoch 5400 | Train: Loss=0.0019 Acc=99.9% | Test: Acc=4.0% | Best=4.1%(@5260)
  from x3: 0.05 0.04 0.04 0.04 0.04 0.04 0.04 0.04 0.04 0.04 0.04 0.04 0.04
  per-rule acc: 0.02 0.07 0.03
Epoch 5420 | Train: Loss=0.0022 Acc=99.9% | Test: Acc=3.9% | Best=4.1%(@5260)
  from x3: 0.04 0.04 0.04 0.04 0.04 0.04 0.04 0.04 0.04 0.04 0.04 0.04 0.04
  per-rule acc: 0.02 0.06 0.03
Epoch 5440 | Train: Loss=0.0020 Acc=99.9% | Test: Acc=3.8% | Best=4.1%(@5260)
  from x3: 0.05 0.04 0.04 0.04 0.04 0.04 0.04 0.04 0.04 0.04 0.04 0.04 0.04
  per-rule acc: 0.03 0.06 0.02
Epoch 5460 | Train: Loss=0.0430 Acc=99.2% | Test: Acc=4.0% | Best=4.1%(@5260)
  from x3: 0.04 0.04 0.04 0.04 0.04 0.04 0.04 0.04 0.04 0.04 0.04 0.04 0.04
  per-rule acc: 0.03 0.05 0.03
Epoch 5480 | Train: Loss=0.0019 Acc=99.9% | Test: Acc=3.8% | Best=4.1%(@5260)
  from x3: 0.04 0.04 0.04 0.04 0.04 0.04 0.04 0.04 0.04 0.04 0.04 0.04 0.04
  per-rule acc: 0.03 0.06 0.03
Epoch 5500 | Train: Loss=0.0022 Acc=99.9% | Test: Acc=3.9% | Best=4.1%(@5260)
  from x3: 0.04 0.04 0.04 0.04 0.04 0.04 0.04 0.04 0.04 0.04 0.04 0.04 0.04
  per-rule acc: 0.02 0.06 0.03
Epoch 5520 | Train: Loss=0.0019 Acc=99.9% | Test: Acc=3.8% | Best=4.1%(@5260)
  from x3: 0.04 0.04 0.04 0.04 0.04 0.04 0.04 0.04 0.04 0.04 0.04 0.04 0.04
  per-rule acc: 0.02 0.06 0.03
Epoch 5540 | Train: Loss=0.0023 Acc=99.9% | Test: Acc=3.9% | Best=4.1%(@5260)
  from x3: 0.04 0.04 0.04 0.04 0.04 0.04 0.04 0.04 0.04 0.04 0.04 0.04 0.04
  per-rule acc: 0.03 0.06 0.03
Epoch 5560 | Train: Loss=0.0019 Acc=99.9% | Test: Acc=3.8% | Best=4.1%(@5260)
  from x3: 0.04 0.04 0.04 0.04 0.04 0.04 0.04 0.04 0.04 0.04 0.04 0.04 0.04
  per-rule acc: 0.02 0.06 0.03
Epoch 5580 | Train: Loss=0.0023 Acc=99.9% | Test: Acc=4.0% | Best=4.1%(@5260)
  from x3: 0.04 0.04 0.04 0.04 0.04 0.04 0.04 0.04 0.04 0.04 0.04 0.04 0.04
  per-rule acc: 0.02 0.06 0.03
Epoch 5600 | Train: Loss=0.0022 Acc=99.9% | Test: Acc=3.7% | Best=4.1%(@5260)
  from x3: 0.05 0.04 0.04 0.04 0.04 0.04 0.04 0.04 0.04 0.04 0.04 0.04 0.04
  per-rule acc: 0.02 0.06 0.03
Epoch 5620 | Train: Loss=0.0023 Acc=99.9% | Test: Acc=3.8% | Best=4.1%(@5260)
  from x3: 0.04 0.04 0.04 0.04 0.04 0.04 0.04 0.04 0.04 0.04 0.04 0.04 0.04
  per-rule acc: 0.02 0.06 0.03
Epoch 5640 | Train: Loss=0.0063 Acc=99.9% | Test: Acc=4.2% | Best=4.2%(@5640)
  from x3: 0.05 0.04 0.04 0.04 0.04 0.04 0.04 0.04 0.04 0.04 0.04 0.04 0.04
  per-rule acc: 0.03 0.06 0.03
Epoch 5660 | Train: Loss=0.0021 Acc=99.9% | Test: Acc=4.1% | Best=4.2%(@5640)
  from x3: 0.05 0.04 0.04 0.04 0.04 0.04 0.04 0.04 0.04 0.04 0.04 0.04 0.04
  per-rule acc: 0.03 0.06 0.03
Epoch 5680 | Train: Loss=0.0065 Acc=99.9% | Test: Acc=3.8% | Best=4.2%(@5640)
  from x3: 0.05 0.04 0.04 0.04 0.04 0.04 0.04 0.04 0.04 0.04 0.04 0.04 0.04
  per-rule acc: 0.02 0.06 0.03
Epoch 5700 | Train: Loss=0.0108 Acc=99.8% | Test: Acc=3.9% | Best=4.2%(@5640)
  from x3: 0.05 0.04 0.04 0.04 0.04 0.04 0.04 0.04 0.04 0.04 0.04 0.04 0.04
  per-rule acc: 0.03 0.06 0.03
Epoch 5720 | Train: Loss=0.0020 Acc=99.9% | Test: Acc=4.0% | Best=4.2%(@5640)
  from x3: 0.05 0.04 0.04 0.04 0.04 0.04 0.04 0.04 0.04 0.04 0.04 0.04 0.04
  per-rule acc: 0.03 0.06 0.03
Epoch 5740 | Train: Loss=0.0022 Acc=99.9% | Test: Acc=3.7% | Best=4.2%(@5640)
  from x3: 0.05 0.03 0.04 0.04 0.04 0.04 0.04 0.04 0.04 0.04 0.04 0.04 0.04
  per-rule acc: 0.02 0.06 0.03
Epoch 5760 | Train: Loss=0.0019 Acc=99.9% | Test: Acc=4.0% | Best=4.2%(@5640)
  from x3: 0.05 0.04 0.04 0.04 0.04 0.04 0.04 0.04 0.04 0.04 0.04 0.04 0.04
  per-rule acc: 0.03 0.06 0.03
Epoch 5780 | Train: Loss=0.0035 Acc=99.9% | Test: Acc=3.9% | Best=4.2%(@5640)
  from x3: 0.05 0.04 0.04 0.04 0.04 0.04 0.04 0.04 0.04 0.04 0.04 0.04 0.04
  per-rule acc: 0.03 0.06 0.03
Epoch 5800 | Train: Loss=0.0021 Acc=99.9% | Test: Acc=4.0% | Best=4.2%(@5640)
  from x3: 0.04 0.04 0.04 0.04 0.04 0.04 0.04 0.04 0.04 0.04 0.04 0.04 0.04
  per-rule acc: 0.03 0.06 0.03
Epoch 5820 | Train: Loss=0.0134 Acc=99.9% | Test: Acc=4.0% | Best=4.2%(@5640)
  from x3: 0.05 0.04 0.04 0.04 0.04 0.04 0.04 0.04 0.04 0.04 0.04 0.04 0.04
  per-rule acc: 0.03 0.06 0.03
Epoch 5840 | Train: Loss=0.0020 Acc=99.9% | Test: Acc=4.0% | Best=4.2%(@5640)
  from x3: 0.05 0.04 0.04 0.04 0.04 0.04 0.04 0.04 0.04 0.04 0.04 0.04 0.04
  per-rule acc: 0.03 0.06 0.03
Epoch 5860 | Train: Loss=0.0026 Acc=99.9% | Test: Acc=3.9% | Best=4.2%(@5640)
  from x3: 0.05 0.04 0.04 0.04 0.04 0.04 0.04 0.04 0.04 0.04 0.04 0.04 0.04
  per-rule acc: 0.03 0.06 0.03
Epoch 5880 | Train: Loss=0.0019 Acc=99.9% | Test: Acc=4.0% | Best=4.2%(@5640)
  from x3: 0.04 0.04 0.04 0.04 0.04 0.04 0.04 0.04 0.04 0.04 0.04 0.04 0.04
  per-rule acc: 0.02 0.06 0.03
Epoch 5900 | Train: Loss=0.0025 Acc=99.9% | Test: Acc=3.6% | Best=4.2%(@5640)
  from x3: 0.04 0.04 0.04 0.04 0.04 0.04 0.04 0.04 0.04 0.04 0.04 0.04 0.04
  per-rule acc: 0.02 0.06 0.03
Epoch 5920 | Train: Loss=0.0019 Acc=99.9% | Test: Acc=3.9% | Best=4.2%(@5640)
  from x3: 0.05 0.04 0.04 0.04 0.04 0.04 0.04 0.04 0.04 0.04 0.04 0.04 0.04
  per-rule acc: 0.02 0.06 0.03
Epoch 5940 | Train: Loss=0.0457 Acc=99.1% | Test: Acc=3.8% | Best=4.2%(@5640)
  from x3: 0.05 0.04 0.04 0.04 0.04 0.04 0.04 0.04 0.04 0.04 0.04 0.04 0.04
  per-rule acc: 0.03 0.05 0.03
Epoch 5960 | Train: Loss=0.0020 Acc=99.9% | Test: Acc=4.2% | Best=4.2%(@5640)
  from x3: 0.05 0.04 0.04 0.04 0.04 0.04 0.04 0.04 0.04 0.04 0.04 0.04 0.04
  per-rule acc: 0.03 0.07 0.03
Epoch 5980 | Train: Loss=0.0100 Acc=99.8% | Test: Acc=4.1% | Best=4.2%(@5640)
  from x3: 0.05 0.04 0.04 0.04 0.04 0.04 0.04 0.04 0.04 0.04 0.04 0.04 0.04
  per-rule acc: 0.04 0.06 0.03
Epoch 6000 | Train: Loss=0.0019 Acc=99.9% | Test: Acc=4.1% | Best=4.2%(@5640)
  from x3: 0.05 0.04 0.04 0.04 0.04 0.04 0.04 0.04 0.04 0.04 0.04 0.04 0.04
  per-rule acc: 0.03 0.06 0.03
Epoch 6020 | Train: Loss=0.0235 Acc=99.5% | Test: Acc=4.1% | Best=4.2%(@5640)
  from x3: 0.05 0.04 0.04 0.04 0.04 0.04 0.04 0.04 0.04 0.04 0.04 0.04 0.04
  per-rule acc: 0.03 0.06 0.03
Epoch 6040 | Train: Loss=0.0018 Acc=99.9% | Test: Acc=4.1% | Best=4.2%(@5640)
  from x3: 0.05 0.04 0.04 0.04 0.04 0.04 0.04 0.04 0.04 0.04 0.04 0.04 0.04
  per-rule acc: 0.03 0.06 0.03
Epoch 6060 | Train: Loss=0.0021 Acc=99.9% | Test: Acc=3.7% | Best=4.2%(@5640)
  from x3: 0.04 0.03 0.04 0.04 0.04 0.04 0.04 0.04 0.04 0.04 0.04 0.04 0.04
  per-rule acc: 0.02 0.06 0.03
Epoch 6080 | Train: Loss=0.0019 Acc=99.9% | Test: Acc=3.9% | Best=4.2%(@5640)
  from x3: 0.05 0.04 0.04 0.04 0.04 0.04 0.04 0.04 0.04 0.04 0.04 0.04 0.04
  per-rule acc: 0.03 0.06 0.03
Epoch 6100 | Train: Loss=0.0019 Acc=99.9% | Test: Acc=3.8% | Best=4.2%(@5640)
  from x3: 0.04 0.04 0.04 0.04 0.04 0.04 0.04 0.04 0.04 0.04 0.04 0.04 0.04
  per-rule acc: 0.03 0.06 0.03
Epoch 6120 | Train: Loss=0.0064 Acc=99.9% | Test: Acc=3.9% | Best=4.2%(@5640)
  from x3: 0.05 0.04 0.04 0.04 0.04 0.04 0.04 0.04 0.04 0.04 0.04 0.04 0.04
  per-rule acc: 0.02 0.07 0.03
Epoch 6140 | Train: Loss=0.0020 Acc=99.9% | Test: Acc=3.9% | Best=4.2%(@5640)
  from x3: 0.05 0.04 0.04 0.04 0.04 0.04 0.04 0.04 0.04 0.04 0.04 0.04 0.04
  per-rule acc: 0.02 0.07 0.03
Epoch 6160 | Train: Loss=0.0020 Acc=99.9% | Test: Acc=3.9% | Best=4.2%(@5640)
  from x3: 0.04 0.04 0.04 0.04 0.04 0.04 0.04 0.04 0.04 0.04 0.04 0.04 0.04
  per-rule acc: 0.03 0.06 0.03
Epoch 6180 | Train: Loss=0.0020 Acc=99.9% | Test: Acc=3.7% | Best=4.2%(@5640)
  from x3: 0.05 0.03 0.04 0.04 0.04 0.04 0.04 0.04 0.04 0.04 0.04 0.04 0.04
  per-rule acc: 0.02 0.06 0.03
Epoch 6200 | Train: Loss=0.0021 Acc=99.9% | Test: Acc=4.0% | Best=4.2%(@5640)
  from x3: 0.05 0.04 0.04 0.04 0.04 0.04 0.04 0.04 0.04 0.04 0.04 0.04 0.04
  per-rule acc: 0.03 0.06 0.03
Epoch 6220 | Train: Loss=0.0490 Acc=99.2% | Test: Acc=4.2% | Best=4.2%(@6220)
  from x3: 0.05 0.04 0.04 0.04 0.04 0.04 0.04 0.04 0.04 0.04 0.04 0.04 0.04
  per-rule acc: 0.03 0.06 0.03
Epoch 6240 | Train: Loss=0.0049 Acc=99.9% | Test: Acc=4.0% | Best=4.2%(@6220)
  from x3: 0.05 0.04 0.04 0.04 0.04 0.04 0.04 0.04 0.04 0.04 0.04 0.04 0.04
  per-rule acc: 0.03 0.06 0.03
Epoch 6260 | Train: Loss=0.0018 Acc=99.9% | Test: Acc=4.3% | Best=4.3%(@6260)
  from x3: 0.05 0.04 0.04 0.04 0.04 0.04 0.04 0.04 0.04 0.04 0.04 0.04 0.04
  per-rule acc: 0.03 0.07 0.03
Epoch 6280 | Train: Loss=0.0414 Acc=99.3% | Test: Acc=4.0% | Best=4.3%(@6260)
  from x3: 0.05 0.04 0.04 0.04 0.04 0.04 0.04 0.04 0.04 0.04 0.04 0.04 0.04
  per-rule acc: 0.03 0.06 0.03
Epoch 6300 | Train: Loss=0.0018 Acc=99.9% | Test: Acc=3.7% | Best=4.3%(@6260)
  from x3: 0.05 0.04 0.04 0.04 0.04 0.04 0.04 0.04 0.04 0.04 0.04 0.04 0.04
  per-rule acc: 0.02 0.06 0.03
Epoch 6320 | Train: Loss=0.0021 Acc=99.9% | Test: Acc=3.8% | Best=4.3%(@6260)
  from x3: 0.05 0.04 0.04 0.04 0.04 0.04 0.04 0.04 0.04 0.04 0.04 0.04 0.04
  per-rule acc: 0.03 0.06 0.03
Epoch 6340 | Train: Loss=0.0028 Acc=99.9% | Test: Acc=4.0% | Best=4.3%(@6260)
  from x3: 0.05 0.04 0.04 0.04 0.04 0.04 0.04 0.04 0.04 0.04 0.04 0.04 0.04
  per-rule acc: 0.03 0.06 0.03
Epoch 6360 | Train: Loss=0.0018 Acc=99.9% | Test: Acc=3.8% | Best=4.3%(@6260)
  from x3: 0.04 0.04 0.04 0.04 0.04 0.04 0.04 0.04 0.04 0.04 0.04 0.04 0.04
  per-rule acc: 0.03 0.06 0.03
Epoch 6380 | Train: Loss=0.0424 Acc=99.3% | Test: Acc=4.2% | Best=4.3%(@6260)
  from x3: 0.05 0.04 0.04 0.04 0.04 0.04 0.04 0.04 0.04 0.04 0.04 0.04 0.04
  per-rule acc: 0.03 0.06 0.03
Epoch 6400 | Train: Loss=0.0018 Acc=99.9% | Test: Acc=4.2% | Best=4.3%(@6260)
  from x3: 0.05 0.04 0.04 0.04 0.04 0.04 0.04 0.04 0.04 0.04 0.04 0.04 0.04
  per-rule acc: 0.03 0.06 0.03
Epoch 6420 | Train: Loss=0.0022 Acc=99.9% | Test: Acc=4.1% | Best=4.3%(@6260)
  from x3: 0.05 0.04 0.04 0.04 0.04 0.04 0.04 0.04 0.04 0.04 0.04 0.04 0.04
  per-rule acc: 0.03 0.06 0.03
Epoch 6440 | Train: Loss=0.0021 Acc=99.9% | Test: Acc=4.0% | Best=4.3%(@6260)
  from x3: 0.05 0.04 0.04 0.04 0.04 0.04 0.04 0.04 0.04 0.04 0.04 0.04 0.04
  per-rule acc: 0.03 0.06 0.03
Epoch 6460 | Train: Loss=0.0020 Acc=99.9% | Test: Acc=4.1% | Best=4.3%(@6260)
  from x3: 0.05 0.04 0.04 0.04 0.04 0.04 0.04 0.04 0.04 0.04 0.04 0.04 0.04
  per-rule acc: 0.03 0.06 0.03
Epoch 6480 | Train: Loss=0.0084 Acc=99.9% | Test: Acc=4.0% | Best=4.3%(@6260)
  from x3: 0.05 0.04 0.04 0.04 0.04 0.04 0.04 0.04 0.04 0.04 0.04 0.04 0.04
  per-rule acc: 0.03 0.06 0.03
Epoch 6500 | Train: Loss=0.0019 Acc=99.9% | Test: Acc=4.0% | Best=4.3%(@6260)
  from x3: 0.05 0.04 0.04 0.04 0.04 0.04 0.04 0.04 0.04 0.04 0.04 0.04 0.04
  per-rule acc: 0.03 0.06 0.03
Epoch 6520 | Train: Loss=0.0022 Acc=99.9% | Test: Acc=4.1% | Best=4.3%(@6260)
  from x3: 0.04 0.04 0.04 0.04 0.04 0.04 0.04 0.04 0.04 0.04 0.04 0.04 0.04
  per-rule acc: 0.03 0.06 0.03
Epoch 6540 | Train: Loss=0.0019 Acc=99.9% | Test: Acc=3.9% | Best=4.3%(@6260)
  from x3: 0.05 0.04 0.04 0.04 0.04 0.04 0.04 0.04 0.04 0.04 0.04 0.04 0.04
  per-rule acc: 0.02 0.06 0.03
Epoch 6560 | Train: Loss=0.0018 Acc=100.0% | Test: Acc=3.9% | Best=4.3%(@6260)
  from x3: 0.04 0.04 0.04 0.04 0.04 0.04 0.04 0.04 0.04 0.04 0.04 0.04 0.04
  per-rule acc: 0.03 0.06 0.03
Epoch 6580 | Train: Loss=0.0068 Acc=99.9% | Test: Acc=3.9% | Best=4.3%(@6260)
  from x3: 0.05 0.04 0.04 0.04 0.04 0.04 0.04 0.04 0.04 0.04 0.04 0.04 0.04
  per-rule acc: 0.03 0.06 0.03
Epoch 6600 | Train: Loss=0.0019 Acc=99.9% | Test: Acc=4.1% | Best=4.3%(@6260)
  from x3: 0.05 0.04 0.04 0.04 0.04 0.04 0.04 0.04 0.04 0.04 0.04 0.04 0.04
  per-rule acc: 0.03 0.06 0.03
Epoch 6620 | Train: Loss=0.0331 Acc=99.5% | Test: Acc=4.3% | Best=4.3%(@6620)
  from x3: 0.05 0.04 0.04 0.04 0.04 0.04 0.04 0.04 0.04 0.04 0.04 0.04 0.04
  per-rule acc: 0.03 0.06 0.04
Epoch 6640 | Train: Loss=0.0017 Acc=99.9% | Test: Acc=4.1% | Best=4.3%(@6620)
  from x3: 0.05 0.04 0.04 0.04 0.04 0.04 0.04 0.04 0.04 0.04 0.04 0.04 0.04
  per-rule acc: 0.03 0.06 0.03
Epoch 6660 | Train: Loss=0.0202 Acc=99.6% | Test: Acc=3.9% | Best=4.3%(@6620)
  from x3: 0.05 0.04 0.04 0.04 0.04 0.04 0.04 0.04 0.04 0.04 0.04 0.04 0.04
  per-rule acc: 0.03 0.06 0.03
Epoch 6680 | Train: Loss=0.0018 Acc=99.9% | Test: Acc=4.3% | Best=4.3%(@6620)
  from x3: 0.05 0.04 0.04 0.04 0.04 0.04 0.04 0.04 0.04 0.04 0.04 0.04 0.04
  per-rule acc: 0.03 0.07 0.03
Epoch 6700 | Train: Loss=0.0109 Acc=99.9% | Test: Acc=4.3% | Best=4.3%(@6620)
  from x3: 0.05 0.04 0.04 0.04 0.04 0.04 0.04 0.04 0.04 0.04 0.04 0.04 0.04
  per-rule acc: 0.03 0.06 0.03
Epoch 6720 | Train: Loss=0.0019 Acc=99.9% | Test: Acc=4.2% | Best=4.3%(@6620)
  from x3: 0.05 0.04 0.04 0.04 0.04 0.04 0.04 0.04 0.04 0.04 0.04 0.04 0.04
  per-rule acc: 0.03 0.07 0.03
Epoch 6740 | Train: Loss=0.0021 Acc=99.9% | Test: Acc=4.1% | Best=4.3%(@6620)
  from x3: 0.05 0.04 0.04 0.04 0.04 0.04 0.04 0.04 0.04 0.04 0.04 0.04 0.04
  per-rule acc: 0.03 0.06 0.03
Epoch 6760 | Train: Loss=0.0018 Acc=99.9% | Test: Acc=4.1% | Best=4.3%(@6620)
  from x3: 0.05 0.04 0.04 0.04 0.04 0.04 0.04 0.04 0.04 0.04 0.04 0.04 0.04
  per-rule acc: 0.03 0.06 0.03
Epoch 6780 | Train: Loss=0.0020 Acc=99.9% | Test: Acc=4.4% | Best=4.4%(@6780)
  from x3: 0.05 0.04 0.04 0.04 0.04 0.04 0.04 0.04 0.04 0.04 0.04 0.04 0.04
  per-rule acc: 0.03 0.07 0.03
Epoch 6800 | Train: Loss=0.0018 Acc=99.9% | Test: Acc=4.1% | Best=4.4%(@6780)
  from x3: 0.05 0.04 0.04 0.04 0.04 0.04 0.04 0.04 0.04 0.04 0.04 0.04 0.04
  per-rule acc: 0.03 0.06 0.03
Epoch 6820 | Train: Loss=0.0020 Acc=99.9% | Test: Acc=4.4% | Best=4.4%(@6780)
  from x3: 0.05 0.04 0.04 0.04 0.04 0.04 0.04 0.04 0.04 0.04 0.04 0.05 0.04
  per-rule acc: 0.03 0.07 0.03
Epoch 6840 | Train: Loss=0.0087 Acc=99.9% | Test: Acc=4.1% | Best=4.4%(@6780)
  from x3: 0.05 0.04 0.04 0.04 0.04 0.04 0.04 0.04 0.04 0.04 0.04 0.04 0.04
  per-rule acc: 0.03 0.06 0.03
Epoch 6860 | Train: Loss=0.0018 Acc=99.9% | Test: Acc=4.4% | Best=4.4%(@6780)
  from x3: 0.05 0.04 0.04 0.04 0.04 0.04 0.04 0.04 0.04 0.04 0.04 0.04 0.04
  per-rule acc: 0.03 0.07 0.03
Epoch 6880 | Train: Loss=0.0019 Acc=99.9% | Test: Acc=4.4% | Best=4.4%(@6880)
  from x3: 0.05 0.04 0.04 0.04 0.04 0.04 0.04 0.04 0.04 0.04 0.04 0.04 0.04
  per-rule acc: 0.03 0.07 0.03
Epoch 6900 | Train: Loss=0.0031 Acc=99.9% | Test: Acc=4.3% | Best=4.4%(@6880)
  from x3: 0.05 0.04 0.04 0.04 0.04 0.04 0.04 0.04 0.04 0.04 0.04 0.04 0.04
  per-rule acc: 0.03 0.06 0.03
Epoch 6920 | Train: Loss=0.0018 Acc=99.9% | Test: Acc=4.2% | Best=4.4%(@6880)
  from x3: 0.05 0.04 0.04 0.04 0.04 0.04 0.04 0.04 0.04 0.04 0.04 0.04 0.04
  per-rule acc: 0.03 0.06 0.03
Epoch 6940 | Train: Loss=0.0023 Acc=99.9% | Test: Acc=4.3% | Best=4.4%(@6880)
  from x3: 0.05 0.04 0.04 0.04 0.04 0.04 0.04 0.04 0.04 0.04 0.04 0.04 0.04
  per-rule acc: 0.03 0.06 0.03
Epoch 6960 | Train: Loss=0.0018 Acc=99.9% | Test: Acc=4.4% | Best=4.4%(@6880)
  from x3: 0.05 0.04 0.04 0.04 0.04 0.04 0.04 0.04 0.04 0.04 0.04 0.04 0.04
  per-rule acc: 0.03 0.06 0.03
Epoch 6980 | Train: Loss=0.0020 Acc=99.9% | Test: Acc=4.3% | Best=4.4%(@6880)
  from x3: 0.05 0.04 0.04 0.04 0.04 0.04 0.04 0.04 0.04 0.04 0.04 0.04 0.04
  per-rule acc: 0.03 0.07 0.03
Epoch 7000 | Train: Loss=0.0206 Acc=99.6% | Test: Acc=4.4% | Best=4.4%(@7000)
  from x3: 0.05 0.04 0.04 0.04 0.04 0.04 0.04 0.04 0.04 0.04 0.04 0.04 0.04
  per-rule acc: 0.03 0.07 0.03
Epoch 7020 | Train: Loss=0.0017 Acc=99.9% | Test: Acc=4.4% | Best=4.4%(@7000)
  from x3: 0.05 0.04 0.04 0.04 0.04 0.04 0.04 0.04 0.04 0.04 0.04 0.04 0.04
  per-rule acc: 0.03 0.07 0.03
Epoch 7040 | Train: Loss=0.0021 Acc=99.9% | Test: Acc=4.3% | Best=4.4%(@7000)
  from x3: 0.05 0.04 0.04 0.04 0.04 0.04 0.04 0.04 0.04 0.04 0.04 0.04 0.04
  per-rule acc: 0.03 0.07 0.03
Epoch 7060 | Train: Loss=0.0018 Acc=99.9% | Test: Acc=4.2% | Best=4.4%(@7000)
  from x3: 0.05 0.04 0.04 0.04 0.04 0.04 0.04 0.04 0.04 0.04 0.04 0.04 0.04
  per-rule acc: 0.03 0.07 0.03
Epoch 7080 | Train: Loss=0.0019 Acc=99.9% | Test: Acc=4.3% | Best=4.4%(@7000)
  from x3: 0.05 0.04 0.04 0.04 0.04 0.04 0.04 0.04 0.04 0.04 0.04 0.04 0.04
  per-rule acc: 0.03 0.06 0.03
Epoch 7100 | Train: Loss=0.0018 Acc=99.9% | Test: Acc=4.1% | Best=4.4%(@7000)
  from x3: 0.05 0.04 0.04 0.04 0.04 0.04 0.04 0.04 0.04 0.04 0.04 0.04 0.04
  per-rule acc: 0.03 0.06 0.03
Epoch 7120 | Train: Loss=0.0017 Acc=99.9% | Test: Acc=4.2% | Best=4.4%(@7000)
  from x3: 0.05 0.04 0.04 0.04 0.04 0.04 0.04 0.04 0.04 0.04 0.04 0.04 0.04
  per-rule acc: 0.03 0.06 0.03
Epoch 7140 | Train: Loss=0.0019 Acc=99.9% | Test: Acc=4.3% | Best=4.4%(@7000)
  from x3: 0.05 0.04 0.04 0.04 0.04 0.04 0.04 0.04 0.04 0.04 0.04 0.04 0.04
  per-rule acc: 0.03 0.07 0.03
Epoch 7160 | Train: Loss=0.0058 Acc=99.9% | Test: Acc=4.3% | Best=4.4%(@7000)
  from x3: 0.05 0.04 0.04 0.04 0.04 0.04 0.04 0.04 0.04 0.04 0.04 0.04 0.04
  per-rule acc: 0.03 0.07 0.03
Epoch 7180 | Train: Loss=0.0017 Acc=99.9% | Test: Acc=4.3% | Best=4.4%(@7000)
  from x3: 0.05 0.04 0.04 0.04 0.04 0.04 0.04 0.04 0.04 0.04 0.04 0.04 0.04
  per-rule acc: 0.03 0.07 0.03
Epoch 7200 | Train: Loss=0.0066 Acc=99.8% | Test: Acc=4.4% | Best=4.4%(@7000)
  from x3: 0.05 0.04 0.04 0.04 0.04 0.04 0.04 0.04 0.04 0.04 0.04 0.04 0.04
  per-rule acc: 0.03 0.07 0.03
Epoch 7220 | Train: Loss=0.0018 Acc=99.9% | Test: Acc=4.3% | Best=4.4%(@7000)
  from x3: 0.05 0.04 0.04 0.04 0.04 0.04 0.04 0.04 0.04 0.04 0.04 0.04 0.04
  per-rule acc: 0.03 0.07 0.03
Epoch 7240 | Train: Loss=0.0019 Acc=99.9% | Test: Acc=4.4% | Best=4.4%(@7000)
  from x3: 0.05 0.04 0.04 0.04 0.04 0.04 0.04 0.04 0.04 0.04 0.04 0.04 0.04
  per-rule acc: 0.03 0.06 0.03
Epoch 7260 | Train: Loss=0.0159 Acc=99.8% | Test: Acc=4.2% | Best=4.4%(@7000)
  from x3: 0.05 0.04 0.04 0.04 0.04 0.04 0.04 0.04 0.04 0.04 0.04 0.04 0.04
  per-rule acc: 0.03 0.06 0.03
Epoch 7280 | Train: Loss=0.0017 Acc=99.9% | Test: Acc=4.4% | Best=4.4%(@7000)
  from x3: 0.05 0.04 0.04 0.04 0.04 0.04 0.04 0.04 0.04 0.04 0.04 0.04 0.04
  per-rule acc: 0.04 0.07 0.03
Epoch 7300 | Train: Loss=0.0018 Acc=99.9% | Test: Acc=4.5% | Best=4.5%(@7300)
  from x3: 0.05 0.04 0.04 0.05 0.05 0.05 0.04 0.05 0.04 0.04 0.04 0.05 0.04
  per-rule acc: 0.04 0.07 0.03
Epoch 7320 | Train: Loss=0.0081 Acc=99.9% | Test: Acc=4.3% | Best=4.5%(@7300)
  from x3: 0.05 0.04 0.04 0.04 0.04 0.04 0.04 0.04 0.04 0.04 0.04 0.04 0.04
  per-rule acc: 0.03 0.06 0.03
Epoch 7340 | Train: Loss=0.0017 Acc=99.9% | Test: Acc=4.3% | Best=4.5%(@7300)
  from x3: 0.05 0.04 0.04 0.04 0.04 0.04 0.04 0.04 0.04 0.04 0.04 0.04 0.04
  per-rule acc: 0.03 0.07 0.03
Epoch 7360 | Train: Loss=0.0019 Acc=99.9% | Test: Acc=4.3% | Best=4.5%(@7300)
  from x3: 0.05 0.04 0.04 0.04 0.04 0.04 0.04 0.04 0.04 0.04 0.04 0.04 0.04
  per-rule acc: 0.03 0.07 0.03
Epoch 7380 | Train: Loss=0.0018 Acc=99.9% | Test: Acc=4.4% | Best=4.5%(@7300)
  from x3: 0.05 0.04 0.04 0.04 0.04 0.04 0.04 0.04 0.04 0.04 0.04 0.04 0.04
  per-rule acc: 0.03 0.07 0.03
Epoch 7400 | Train: Loss=0.0018 Acc=99.9% | Test: Acc=4.4% | Best=4.5%(@7300)
  from x3: 0.05 0.04 0.04 0.04 0.04 0.04 0.04 0.04 0.04 0.04 0.04 0.04 0.04
  per-rule acc: 0.04 0.07 0.03
Epoch 7420 | Train: Loss=0.0020 Acc=99.9% | Test: Acc=4.3% | Best=4.5%(@7300)
  from x3: 0.05 0.04 0.04 0.04 0.04 0.04 0.04 0.04 0.04 0.04 0.04 0.04 0.04
  per-rule acc: 0.04 0.06 0.03
Epoch 7440 | Train: Loss=0.0045 Acc=99.9% | Test: Acc=4.1% | Best=4.5%(@7300)
  from x3: 0.05 0.04 0.04 0.04 0.04 0.04 0.04 0.04 0.04 0.04 0.04 0.04 0.04
  per-rule acc: 0.03 0.06 0.03
Epoch 7460 | Train: Loss=0.0016 Acc=99.9% | Test: Acc=4.4% | Best=4.5%(@7300)
  from x3: 0.05 0.04 0.04 0.04 0.04 0.04 0.04 0.04 0.04 0.04 0.04 0.04 0.04
  per-rule acc: 0.04 0.07 0.03
Epoch 7480 | Train: Loss=0.0018 Acc=99.9% | Test: Acc=4.4% | Best=4.5%(@7300)
  from x3: 0.05 0.04 0.04 0.04 0.04 0.04 0.04 0.04 0.04 0.04 0.04 0.04 0.04
  per-rule acc: 0.03 0.07 0.03
Epoch 7500 | Train: Loss=0.0020 Acc=99.9% | Test: Acc=3.9% | Best=4.5%(@7300)
  from x3: 0.05 0.04 0.04 0.04 0.04 0.04 0.04 0.04 0.04 0.04 0.04 0.04 0.04
  per-rule acc: 0.03 0.06 0.03
Epoch 7520 | Train: Loss=0.0018 Acc=99.9% | Test: Acc=4.0% | Best=4.5%(@7300)
  from x3: 0.05 0.04 0.04 0.04 0.04 0.04 0.04 0.04 0.04 0.04 0.04 0.04 0.04
  per-rule acc: 0.03 0.06 0.03
Epoch 7540 | Train: Loss=0.0218 Acc=99.6% | Test: Acc=4.3% | Best=4.5%(@7300)
  from x3: 0.05 0.04 0.04 0.04 0.04 0.04 0.04 0.04 0.04 0.04 0.04 0.04 0.04
  per-rule acc: 0.04 0.06 0.03
Epoch 7560 | Train: Loss=0.0017 Acc=99.9% | Test: Acc=4.6% | Best=4.6%(@7560)
  from x3: 0.05 0.05 0.04 0.04 0.05 0.05 0.05 0.05 0.05 0.05 0.05 0.05 0.05
  per-rule acc: 0.03 0.07 0.03
Epoch 7580 | Train: Loss=0.0043 Acc=99.9% | Test: Acc=4.1% | Best=4.6%(@7560)
  from x3: 0.05 0.04 0.04 0.04 0.04 0.04 0.04 0.04 0.04 0.04 0.04 0.04 0.04
  per-rule acc: 0.03 0.06 0.03
Epoch 7600 | Train: Loss=0.0021 Acc=99.9% | Test: Acc=4.1% | Best=4.6%(@7560)
  from x3: 0.05 0.04 0.04 0.04 0.04 0.04 0.04 0.04 0.04 0.04 0.04 0.04 0.04
  per-rule acc: 0.03 0.06 0.03
Epoch 7620 | Train: Loss=0.0017 Acc=99.9% | Test: Acc=4.2% | Best=4.6%(@7560)
  from x3: 0.05 0.04 0.04 0.04 0.04 0.04 0.04 0.04 0.04 0.04 0.04 0.04 0.04
  per-rule acc: 0.03 0.06 0.03
Epoch 7640 | Train: Loss=0.0020 Acc=99.9% | Test: Acc=4.3% | Best=4.6%(@7560)
  from x3: 0.05 0.04 0.04 0.04 0.04 0.04 0.04 0.04 0.04 0.04 0.04 0.04 0.04
  per-rule acc: 0.03 0.06 0.03
Epoch 7660 | Train: Loss=0.0046 Acc=99.9% | Test: Acc=4.1% | Best=4.6%(@7560)
  from x3: 0.05 0.04 0.04 0.04 0.04 0.04 0.04 0.04 0.04 0.04 0.04 0.04 0.04
  per-rule acc: 0.03 0.06 0.03
Epoch 7680 | Train: Loss=0.0018 Acc=99.9% | Test: Acc=4.1% | Best=4.6%(@7560)
  from x3: 0.05 0.04 0.04 0.04 0.04 0.04 0.04 0.04 0.04 0.04 0.04 0.04 0.04
  per-rule acc: 0.03 0.06 0.03
Epoch 7700 | Train: Loss=0.0022 Acc=99.9% | Test: Acc=4.1% | Best=4.6%(@7560)
  from x3: 0.05 0.04 0.04 0.04 0.04 0.04 0.04 0.04 0.04 0.04 0.04 0.04 0.04
  per-rule acc: 0.03 0.06 0.03
Epoch 7720 | Train: Loss=0.0017 Acc=99.9% | Test: Acc=4.2% | Best=4.6%(@7560)
  from x3: 0.05 0.04 0.04 0.04 0.04 0.04 0.04 0.04 0.04 0.04 0.04 0.04 0.04
  per-rule acc: 0.03 0.06 0.03
Epoch 7740 | Train: Loss=0.0140 Acc=99.8% | Test: Acc=4.2% | Best=4.6%(@7560)
  from x3: 0.05 0.04 0.04 0.04 0.04 0.04 0.04 0.04 0.04 0.04 0.04 0.04 0.04
  per-rule acc: 0.03 0.06 0.03
Epoch 7760 | Train: Loss=0.0018 Acc=99.9% | Test: Acc=4.4% | Best=4.6%(@7560)
  from x3: 0.05 0.04 0.04 0.04 0.04 0.04 0.04 0.04 0.04 0.04 0.04 0.04 0.04
  per-rule acc: 0.03 0.07 0.03
Epoch 7780 | Train: Loss=0.0017 Acc=99.9% | Test: Acc=4.6% | Best=4.6%(@7780)
  from x3: 0.05 0.04 0.04 0.04 0.05 0.05 0.05 0.05 0.05 0.05 0.05 0.05 0.05
  per-rule acc: 0.04 0.07 0.03
Epoch 7800 | Train: Loss=0.0018 Acc=99.9% | Test: Acc=4.5% | Best=4.6%(@7780)
  from x3: 0.05 0.04 0.04 0.05 0.04 0.04 0.04 0.04 0.04 0.04 0.04 0.04 0.04
  per-rule acc: 0.04 0.07 0.03
Epoch 7820 | Train: Loss=0.0042 Acc=99.9% | Test: Acc=4.2% | Best=4.6%(@7780)
  from x3: 0.05 0.04 0.04 0.04 0.04 0.04 0.04 0.04 0.04 0.04 0.04 0.04 0.04
  per-rule acc: 0.03 0.06 0.03
Epoch 7840 | Train: Loss=0.0017 Acc=99.9% | Test: Acc=4.2% | Best=4.6%(@7780)
  from x3: 0.05 0.04 0.04 0.04 0.04 0.04 0.04 0.04 0.04 0.04 0.04 0.04 0.04
  per-rule acc: 0.03 0.07 0.03
Epoch 7860 | Train: Loss=0.0018 Acc=99.9% | Test: Acc=4.5% | Best=4.6%(@7780)
  from x3: 0.05 0.04 0.04 0.04 0.04 0.04 0.04 0.04 0.05 0.05 0.05 0.05 0.05
  per-rule acc: 0.03 0.07 0.03
Epoch 7880 | Train: Loss=0.0017 Acc=99.9% | Test: Acc=4.2% | Best=4.6%(@7780)
  from x3: 0.05 0.04 0.04 0.04 0.04 0.04 0.04 0.04 0.04 0.04 0.04 0.04 0.04
  per-rule acc: 0.03 0.07 0.03
Epoch 7900 | Train: Loss=0.0016 Acc=99.9% | Test: Acc=4.5% | Best=4.6%(@7780)
  from x3: 0.05 0.04 0.04 0.04 0.04 0.04 0.05 0.05 0.04 0.05 0.04 0.04 0.04
  per-rule acc: 0.04 0.07 0.03
Epoch 7920 | Train: Loss=0.0062 Acc=99.9% | Test: Acc=4.6% | Best=4.6%(@7920)
  from x3: 0.05 0.04 0.04 0.05 0.05 0.05 0.05 0.05 0.05 0.05 0.05 0.05 0.05
  per-rule acc: 0.04 0.07 0.03
Epoch 7940 | Train: Loss=0.0017 Acc=99.9% | Test: Acc=4.2% | Best=4.6%(@7920)
  from x3: 0.05 0.04 0.04 0.04 0.04 0.04 0.04 0.04 0.04 0.04 0.04 0.04 0.04
  per-rule acc: 0.03 0.07 0.03
Epoch 7960 | Train: Loss=0.0019 Acc=99.9% | Test: Acc=4.4% | Best=4.6%(@7920)
  from x3: 0.05 0.04 0.04 0.04 0.04 0.04 0.04 0.04 0.04 0.04 0.04 0.04 0.04
  per-rule acc: 0.04 0.07 0.03
Epoch 7980 | Train: Loss=0.0016 Acc=99.9% | Test: Acc=4.3% | Best=4.6%(@7920)
  from x3: 0.05 0.04 0.04 0.04 0.04 0.04 0.04 0.04 0.04 0.04 0.04 0.04 0.04
  per-rule acc: 0.04 0.07 0.03
Epoch 8000 | Train: Loss=0.0017 Acc=99.9% | Test: Acc=4.5% | Best=4.6%(@7920)
  from x3: 0.05 0.04 0.04 0.04 0.04 0.05 0.04 0.04 0.04 0.04 0.05 0.05 0.05
  per-rule acc: 0.04 0.07 0.03
Epoch 8020 | Train: Loss=0.0040 Acc=99.9% | Test: Acc=4.2% | Best=4.6%(@7920)
  from x3: 0.05 0.04 0.04 0.04 0.04 0.04 0.04 0.04 0.04 0.04 0.04 0.04 0.04
  per-rule acc: 0.03 0.06 0.03
Epoch 8040 | Train: Loss=0.0017 Acc=99.9% | Test: Acc=4.3% | Best=4.6%(@7920)
  from x3: 0.05 0.04 0.04 0.04 0.04 0.04 0.04 0.04 0.04 0.04 0.04 0.04 0.04
  per-rule acc: 0.03 0.07 0.03
Epoch 8060 | Train: Loss=0.0037 Acc=99.9% | Test: Acc=4.3% | Best=4.6%(@7920)
  from x3: 0.05 0.04 0.04 0.04 0.04 0.04 0.04 0.04 0.04 0.04 0.04 0.04 0.04
  per-rule acc: 0.04 0.06 0.03
Epoch 8080 | Train: Loss=0.0016 Acc=99.9% | Test: Acc=4.4% | Best=4.6%(@7920)
  from x3: 0.05 0.04 0.04 0.04 0.04 0.04 0.04 0.04 0.04 0.04 0.04 0.04 0.04
  per-rule acc: 0.04 0.07 0.03
Epoch 8100 | Train: Loss=0.0019 Acc=99.9% | Test: Acc=4.6% | Best=4.6%(@8100)
  from x3: 0.05 0.04 0.05 0.05 0.05 0.05 0.05 0.05 0.05 0.05 0.05 0.05 0.05
  per-rule acc: 0.04 0.07 0.03
Epoch 8120 | Train: Loss=0.0021 Acc=99.9% | Test: Acc=4.3% | Best=4.6%(@8100)
  from x3: 0.05 0.04 0.04 0.04 0.04 0.04 0.04 0.04 0.04 0.04 0.04 0.04 0.04
  per-rule acc: 0.03 0.07 0.03
Epoch 8140 | Train: Loss=0.0016 Acc=99.9% | Test: Acc=4.5% | Best=4.6%(@8100)
  from x3: 0.05 0.04 0.04 0.04 0.04 0.04 0.04 0.04 0.04 0.04 0.04 0.05 0.05
  per-rule acc: 0.03 0.07 0.03
Epoch 8160 | Train: Loss=0.0152 Acc=99.7% | Test: Acc=3.8% | Best=4.6%(@8100)
  from x3: 0.05 0.04 0.04 0.04 0.04 0.04 0.04 0.04 0.04 0.04 0.04 0.04 0.04
  per-rule acc: 0.03 0.05 0.03
Epoch 8180 | Train: Loss=0.0016 Acc=99.9% | Test: Acc=4.3% | Best=4.6%(@8100)
  from x3: 0.05 0.04 0.04 0.04 0.04 0.04 0.04 0.04 0.04 0.04 0.04 0.04 0.04
  per-rule acc: 0.03 0.06 0.03
Epoch 8200 | Train: Loss=0.0016 Acc=99.9% | Test: Acc=4.4% | Best=4.6%(@8100)
  from x3: 0.05 0.04 0.04 0.04 0.04 0.04 0.04 0.04 0.04 0.04 0.04 0.04 0.04
  per-rule acc: 0.04 0.06 0.03
Epoch 8220 | Train: Loss=0.0029 Acc=99.9% | Test: Acc=4.2% | Best=4.6%(@8100)
  from x3: 0.05 0.04 0.04 0.04 0.04 0.04 0.04 0.04 0.04 0.04 0.04 0.04 0.04
  per-rule acc: 0.04 0.06 0.03
Epoch 8240 | Train: Loss=0.0016 Acc=99.9% | Test: Acc=4.4% | Best=4.6%(@8100)
  from x3: 0.05 0.04 0.04 0.04 0.04 0.04 0.04 0.04 0.04 0.04 0.04 0.04 0.04
  per-rule acc: 0.04 0.07 0.03
Epoch 8260 | Train: Loss=0.0018 Acc=99.9% | Test: Acc=4.5% | Best=4.6%(@8100)
  from x3: 0.05 0.04 0.04 0.04 0.05 0.05 0.05 0.05 0.05 0.04 0.04 0.04 0.04
  per-rule acc: 0.03 0.07 0.03
Epoch 8280 | Train: Loss=0.0016 Acc=99.9% | Test: Acc=4.3% | Best=4.6%(@8100)
  from x3: 0.05 0.04 0.04 0.04 0.04 0.04 0.04 0.04 0.04 0.04 0.04 0.04 0.04
  per-rule acc: 0.03 0.06 0.03
Epoch 8300 | Train: Loss=0.0016 Acc=99.9% | Test: Acc=4.4% | Best=4.6%(@8100)
  from x3: 0.05 0.04 0.04 0.04 0.04 0.04 0.04 0.04 0.04 0.04 0.04 0.04 0.04
  per-rule acc: 0.04 0.06 0.03
Epoch 8320 | Train: Loss=0.0050 Acc=99.9% | Test: Acc=4.2% | Best=4.6%(@8100)
  from x3: 0.05 0.04 0.04 0.04 0.04 0.04 0.04 0.04 0.04 0.04 0.04 0.04 0.04
  per-rule acc: 0.03 0.06 0.03
Epoch 8340 | Train: Loss=0.0016 Acc=99.9% | Test: Acc=4.3% | Best=4.6%(@8100)
  from x3: 0.05 0.04 0.04 0.04 0.04 0.04 0.04 0.04 0.04 0.04 0.04 0.04 0.04
  per-rule acc: 0.04 0.06 0.03
Epoch 8360 | Train: Loss=0.0016 Acc=99.9% | Test: Acc=4.5% | Best=4.6%(@8100)
  from x3: 0.05 0.04 0.04 0.04 0.04 0.04 0.04 0.04 0.04 0.04 0.04 0.04 0.04
  per-rule acc: 0.04 0.07 0.03
Epoch 8380 | Train: Loss=0.0034 Acc=99.9% | Test: Acc=4.4% | Best=4.6%(@8100)
  from x3: 0.05 0.04 0.04 0.04 0.04 0.04 0.04 0.04 0.04 0.04 0.04 0.04 0.04
  per-rule acc: 0.03 0.07 0.03
Epoch 8400 | Train: Loss=0.0015 Acc=99.9% | Test: Acc=4.6% | Best=4.6%(@8100)
  from x3: 0.05 0.04 0.04 0.05 0.05 0.05 0.05 0.05 0.05 0.05 0.05 0.05 0.05
  per-rule acc: 0.04 0.07 0.03
Epoch 8420 | Train: Loss=0.0016 Acc=99.9% | Test: Acc=4.7% | Best=4.7%(@8420)
  from x3: 0.05 0.04 0.05 0.05 0.05 0.05 0.05 0.05 0.05 0.05 0.05 0.05 0.05
  per-rule acc: 0.04 0.07 0.03
Epoch 8440 | Train: Loss=0.0040 Acc=99.9% | Test: Acc=4.2% | Best=4.7%(@8420)
  from x3: 0.05 0.04 0.04 0.04 0.04 0.04 0.04 0.04 0.04 0.04 0.04 0.04 0.04
  per-rule acc: 0.03 0.06 0.03
Epoch 8460 | Train: Loss=0.0016 Acc=99.9% | Test: Acc=4.4% | Best=4.7%(@8420)
  from x3: 0.05 0.04 0.04 0.04 0.04 0.04 0.04 0.04 0.04 0.04 0.04 0.04 0.04
  per-rule acc: 0.04 0.07 0.03
Epoch 8480 | Train: Loss=0.0045 Acc=99.9% | Test: Acc=4.3% | Best=4.7%(@8420)
  from x3: 0.05 0.04 0.04 0.04 0.04 0.04 0.04 0.04 0.04 0.04 0.04 0.04 0.04
  per-rule acc: 0.03 0.07 0.03
Epoch 8500 | Train: Loss=0.0015 Acc=99.9% | Test: Acc=4.1% | Best=4.7%(@8420)
  from x3: 0.05 0.04 0.04 0.04 0.04 0.04 0.04 0.04 0.04 0.04 0.04 0.04 0.04
  per-rule acc: 0.03 0.06 0.03
Epoch 8520 | Train: Loss=0.0016 Acc=99.9% | Test: Acc=4.3% | Best=4.7%(@8420)
  from x3: 0.05 0.04 0.04 0.04 0.04 0.04 0.04 0.04 0.04 0.04 0.04 0.04 0.04
  per-rule acc: 0.04 0.06 0.03
Epoch 8540 | Train: Loss=0.0088 Acc=99.8% | Test: Acc=4.2% | Best=4.7%(@8420)
  from x3: 0.05 0.04 0.04 0.04 0.04 0.04 0.04 0.04 0.04 0.04 0.04 0.04 0.04
  per-rule acc: 0.04 0.06 0.03
Epoch 8560 | Train: Loss=0.0016 Acc=99.9% | Test: Acc=4.2% | Best=4.7%(@8420)
  from x3: 0.05 0.04 0.04 0.04 0.04 0.04 0.04 0.04 0.04 0.04 0.04 0.04 0.04
  per-rule acc: 0.03 0.06 0.03
Epoch 8580 | Train: Loss=0.0015 Acc=99.9% | Test: Acc=4.4% | Best=4.7%(@8420)
  from x3: 0.05 0.04 0.04 0.04 0.04 0.04 0.04 0.04 0.04 0.04 0.04 0.04 0.04
  per-rule acc: 0.04 0.06 0.03
Epoch 8600 | Train: Loss=0.0016 Acc=99.9% | Test: Acc=4.6% | Best=4.7%(@8420)
  from x3: 0.05 0.04 0.05 0.05 0.05 0.05 0.05 0.05 0.05 0.04 0.04 0.05 0.05
  per-rule acc: 0.04 0.07 0.03
Epoch 8620 | Train: Loss=0.0015 Acc=99.9% | Test: Acc=4.6% | Best=4.7%(@8420)
  from x3: 0.05 0.05 0.04 0.05 0.05 0.05 0.05 0.05 0.05 0.05 0.05 0.05 0.05
  per-rule acc: 0.04 0.07 0.03
Epoch 8640 | Train: Loss=0.0016 Acc=99.9% | Test: Acc=4.7% | Best=4.7%(@8640)
  from x3: 0.05 0.05 0.05 0.05 0.05 0.05 0.05 0.05 0.05 0.05 0.05 0.05 0.05
  per-rule acc: 0.04 0.07 0.03
Epoch 8660 | Train: Loss=0.0019 Acc=99.9% | Test: Acc=4.6% | Best=4.7%(@8640)
  from x3: 0.05 0.04 0.04 0.05 0.05 0.05 0.05 0.05 0.05 0.05 0.04 0.05 0.04
  per-rule acc: 0.04 0.07 0.03
Epoch 8680 | Train: Loss=0.0015 Acc=99.9% | Test: Acc=4.4% | Best=4.7%(@8640)
  from x3: 0.05 0.04 0.04 0.04 0.04 0.04 0.04 0.04 0.04 0.04 0.04 0.04 0.04
  per-rule acc: 0.04 0.06 0.03
Epoch 8700 | Train: Loss=0.0015 Acc=99.9% | Test: Acc=4.4% | Best=4.7%(@8640)
  from x3: 0.05 0.04 0.04 0.04 0.04 0.04 0.04 0.04 0.04 0.04 0.04 0.04 0.04
  per-rule acc: 0.04 0.06 0.03
Epoch 8720 | Train: Loss=0.0016 Acc=99.9% | Test: Acc=4.2% | Best=4.7%(@8640)
  from x3: 0.05 0.04 0.04 0.04 0.04 0.04 0.04 0.04 0.04 0.04 0.04 0.04 0.04
  per-rule acc: 0.03 0.06 0.03
Epoch 8740 | Train: Loss=0.0015 Acc=99.9% | Test: Acc=4.4% | Best=4.7%(@8640)
  from x3: 0.05 0.04 0.04 0.04 0.04 0.05 0.04 0.04 0.04 0.04 0.04 0.04 0.04
  per-rule acc: 0.04 0.06 0.03
Epoch 8760 | Train: Loss=0.0043 Acc=99.8% | Test: Acc=4.4% | Best=4.7%(@8640)
  from x3: 0.05 0.04 0.04 0.04 0.04 0.04 0.04 0.04 0.04 0.04 0.04 0.04 0.04
  per-rule acc: 0.04 0.06 0.03
Epoch 8780 | Train: Loss=0.0015 Acc=99.9% | Test: Acc=4.4% | Best=4.7%(@8640)
  from x3: 0.05 0.04 0.04 0.04 0.04 0.04 0.04 0.04 0.04 0.04 0.04 0.04 0.04
  per-rule acc: 0.03 0.07 0.03
Epoch 8800 | Train: Loss=0.0014 Acc=99.9% | Test: Acc=4.6% | Best=4.7%(@8640)
  from x3: 0.05 0.04 0.05 0.05 0.04 0.05 0.05 0.05 0.05 0.05 0.05 0.05 0.05
  per-rule acc: 0.04 0.07 0.03
Epoch 8820 | Train: Loss=0.0015 Acc=99.9% | Test: Acc=4.6% | Best=4.7%(@8640)
  from x3: 0.05 0.04 0.04 0.05 0.05 0.05 0.05 0.05 0.04 0.05 0.05 0.05 0.05
  per-rule acc: 0.04 0.07 0.03
Epoch 8840 | Train: Loss=0.0015 Acc=99.9% | Test: Acc=4.2% | Best=4.7%(@8640)
  from x3: 0.05 0.04 0.04 0.04 0.04 0.04 0.04 0.04 0.04 0.04 0.04 0.04 0.04
  per-rule acc: 0.03 0.06 0.03
Epoch 8860 | Train: Loss=0.0014 Acc=99.9% | Test: Acc=4.5% | Best=4.7%(@8640)
  from x3: 0.05 0.04 0.04 0.04 0.04 0.05 0.05 0.05 0.05 0.04 0.04 0.05 0.04
  per-rule acc: 0.04 0.06 0.03
Epoch 8880 | Train: Loss=0.0014 Acc=99.9% | Test: Acc=4.5% | Best=4.7%(@8640)
  from x3: 0.05 0.04 0.04 0.04 0.04 0.04 0.04 0.04 0.04 0.04 0.05 0.05 0.05
  per-rule acc: 0.04 0.06 0.03
Epoch 8900 | Train: Loss=0.0022 Acc=99.9% | Test: Acc=4.5% | Best=4.7%(@8640)
  from x3: 0.05 0.04 0.04 0.04 0.04 0.05 0.05 0.05 0.05 0.05 0.05 0.05 0.05
  per-rule acc: 0.04 0.06 0.03
Epoch 8920 | Train: Loss=0.0014 Acc=99.9% | Test: Acc=4.5% | Best=4.7%(@8640)
  from x3: 0.05 0.04 0.04 0.04 0.04 0.05 0.04 0.04 0.04 0.04 0.04 0.05 0.04
  per-rule acc: 0.04 0.06 0.03
Epoch 8940 | Train: Loss=0.0014 Acc=99.9% | Test: Acc=4.6% | Best=4.7%(@8640)
  from x3: 0.05 0.04 0.04 0.04 0.05 0.05 0.05 0.05 0.05 0.05 0.05 0.05 0.05
  per-rule acc: 0.04 0.06 0.03
Epoch 8960 | Train: Loss=0.0035 Acc=99.9% | Test: Acc=4.4% | Best=4.7%(@8640)
  from x3: 0.04 0.04 0.04 0.04 0.05 0.04 0.04 0.04 0.04 0.04 0.04 0.04 0.04
  per-rule acc: 0.04 0.06 0.03
Epoch 8980 | Train: Loss=0.0014 Acc=99.9% | Test: Acc=4.7% | Best=4.7%(@8640)
  from x3: 0.05 0.04 0.05 0.05 0.05 0.05 0.05 0.05 0.05 0.05 0.05 0.05 0.05
  per-rule acc: 0.04 0.07 0.03
Epoch 9000 | Train: Loss=0.0014 Acc=99.9% | Test: Acc=4.7% | Best=4.7%(@9000)
  from x3: 0.05 0.04 0.05 0.05 0.05 0.05 0.05 0.05 0.05 0.05 0.05 0.05 0.05
  per-rule acc: 0.04 0.07 0.03
Epoch 9020 | Train: Loss=0.0021 Acc=99.9% | Test: Acc=4.4% | Best=4.7%(@9000)
  from x3: 0.05 0.05 0.04 0.05 0.04 0.04 0.04 0.04 0.04 0.04 0.04 0.04 0.04
  per-rule acc: 0.04 0.06 0.03
Epoch 9040 | Train: Loss=0.0014 Acc=99.9% | Test: Acc=4.5% | Best=4.7%(@9000)
  from x3: 0.05 0.04 0.04 0.05 0.05 0.05 0.05 0.05 0.04 0.05 0.05 0.05 0.05
  per-rule acc: 0.04 0.06 0.03
Epoch 9060 | Train: Loss=0.0014 Acc=99.9% | Test: Acc=4.7% | Best=4.7%(@9000)
  from x3: 0.05 0.04 0.05 0.05 0.05 0.05 0.05 0.05 0.05 0.05 0.05 0.05 0.05
  per-rule acc: 0.04 0.07 0.03
Epoch 9080 | Train: Loss=0.0014 Acc=99.9% | Test: Acc=4.7% | Best=4.7%(@9000)
  from x3: 0.05 0.04 0.04 0.05 0.05 0.05 0.05 0.05 0.05 0.05 0.05 0.05 0.05
  per-rule acc: 0.04 0.07 0.03
Epoch 9100 | Train: Loss=0.0013 Acc=99.9% | Test: Acc=4.7% | Best=4.7%(@9000)
  from x3: 0.05 0.05 0.05 0.05 0.05 0.05 0.05 0.05 0.05 0.05 0.05 0.05 0.05
  per-rule acc: 0.04 0.07 0.03
Epoch 9120 | Train: Loss=0.0013 Acc=99.9% | Test: Acc=4.5% | Best=4.7%(@9000)
  from x3: 0.05 0.04 0.04 0.05 0.05 0.05 0.05 0.05 0.05 0.05 0.05 0.05 0.05
  per-rule acc: 0.04 0.06 0.03
Epoch 9140 | Train: Loss=0.0013 Acc=99.9% | Test: Acc=4.7% | Best=4.7%(@9000)
  from x3: 0.05 0.04 0.04 0.05 0.05 0.05 0.05 0.05 0.05 0.05 0.05 0.05 0.05
  per-rule acc: 0.04 0.07 0.04
Epoch 9160 | Train: Loss=0.0013 Acc=99.9% | Test: Acc=4.7% | Best=4.7%(@9160)
  from x3: 0.05 0.04 0.04 0.05 0.05 0.05 0.05 0.05 0.05 0.05 0.05 0.05 0.05
  per-rule acc: 0.04 0.07 0.03
Epoch 9180 | Train: Loss=0.0013 Acc=99.9% | Test: Acc=4.8% | Best=4.8%(@9180)
  from x3: 0.05 0.05 0.05 0.05 0.05 0.05 0.05 0.05 0.05 0.05 0.05 0.05 0.05
  per-rule acc: 0.04 0.07 0.04
Epoch 9200 | Train: Loss=0.0013 Acc=99.9% | Test: Acc=4.7% | Best=4.8%(@9180)
  from x3: 0.05 0.05 0.05 0.05 0.05 0.05 0.05 0.05 0.05 0.05 0.05 0.05 0.05
  per-rule acc: 0.04 0.07 0.03
Epoch 9220 | Train: Loss=0.0013 Acc=99.9% | Test: Acc=4.7% | Best=4.8%(@9180)
  from x3: 0.05 0.05 0.05 0.05 0.05 0.05 0.05 0.05 0.05 0.05 0.05 0.05 0.05
  per-rule acc: 0.04 0.06 0.03
Epoch 9240 | Train: Loss=0.0013 Acc=99.9% | Test: Acc=4.6% | Best=4.8%(@9180)
  from x3: 0.05 0.04 0.04 0.05 0.05 0.05 0.05 0.05 0.05 0.05 0.05 0.05 0.05
  per-rule acc: 0.04 0.07 0.03
Epoch 9260 | Train: Loss=0.0013 Acc=99.9% | Test: Acc=4.6% | Best=4.8%(@9180)
  from x3: 0.05 0.05 0.04 0.05 0.05 0.05 0.05 0.05 0.05 0.05 0.05 0.05 0.05
  per-rule acc: 0.04 0.06 0.03
Epoch 9280 | Train: Loss=0.0012 Acc=99.9% | Test: Acc=4.6% | Best=4.8%(@9180)
  from x3: 0.05 0.05 0.05 0.05 0.05 0.05 0.05 0.05 0.05 0.05 0.05 0.05 0.05
  per-rule acc: 0.04 0.06 0.03
Epoch 9300 | Train: Loss=0.0013 Acc=99.9% | Test: Acc=4.4% | Best=4.8%(@9180)
  from x3: 0.05 0.04 0.04 0.04 0.04 0.04 0.04 0.04 0.04 0.04 0.04 0.04 0.04
  per-rule acc: 0.04 0.06 0.03
Epoch 9320 | Train: Loss=0.0012 Acc=99.9% | Test: Acc=4.5% | Best=4.8%(@9180)
  from x3: 0.05 0.04 0.04 0.04 0.04 0.04 0.04 0.04 0.04 0.04 0.04 0.04 0.04
  per-rule acc: 0.04 0.06 0.03
Epoch 9340 | Train: Loss=0.0012 Acc=99.9% | Test: Acc=4.4% | Best=4.8%(@9180)
  from x3: 0.05 0.04 0.04 0.04 0.04 0.04 0.04 0.04 0.04 0.04 0.04 0.04 0.04
  per-rule acc: 0.04 0.06 0.03
Epoch 9360 | Train: Loss=0.0012 Acc=99.9% | Test: Acc=4.4% | Best=4.8%(@9180)
  from x3: 0.05 0.04 0.04 0.04 0.04 0.04 0.04 0.04 0.04 0.04 0.04 0.04 0.04
  per-rule acc: 0.04 0.06 0.03
Epoch 9380 | Train: Loss=0.0012 Acc=99.9% | Test: Acc=4.5% | Best=4.8%(@9180)
  from x3: 0.05 0.04 0.04 0.04 0.04 0.04 0.04 0.04 0.04 0.04 0.04 0.04 0.04
  per-rule acc: 0.04 0.06 0.03
Epoch 9400 | Train: Loss=0.0012 Acc=99.9% | Test: Acc=4.6% | Best=4.8%(@9180)
  from x3: 0.05 0.04 0.05 0.05 0.05 0.05 0.05 0.05 0.05 0.05 0.05 0.05 0.05
  per-rule acc: 0.04 0.07 0.03
Epoch 9420 | Train: Loss=0.0012 Acc=99.9% | Test: Acc=4.6% | Best=4.8%(@9180)
  from x3: 0.05 0.04 0.05 0.04 0.05 0.05 0.05 0.05 0.05 0.05 0.05 0.05 0.05
  per-rule acc: 0.04 0.07 0.03
Epoch 9440 | Train: Loss=0.0012 Acc=99.9% | Test: Acc=4.5% | Best=4.8%(@9180)
  from x3: 0.05 0.04 0.05 0.05 0.05 0.05 0.05 0.05 0.05 0.05 0.05 0.05 0.05
  per-rule acc: 0.04 0.07 0.03
Epoch 9460 | Train: Loss=0.0012 Acc=99.9% | Test: Acc=4.6% | Best=4.8%(@9180)
  from x3: 0.05 0.04 0.05 0.04 0.05 0.05 0.05 0.05 0.05 0.05 0.05 0.05 0.05
  per-rule acc: 0.04 0.07 0.03
Epoch 9480 | Train: Loss=0.0012 Acc=99.9% | Test: Acc=4.5% | Best=4.8%(@9180)
  from x3: 0.05 0.04 0.05 0.04 0.05 0.05 0.05 0.05 0.05 0.05 0.05 0.05 0.05
  per-rule acc: 0.04 0.07 0.03
Epoch 9500 | Train: Loss=0.0012 Acc=99.9% | Test: Acc=4.6% | Best=4.8%(@9180)
  from x3: 0.05 0.04 0.05 0.04 0.05 0.05 0.05 0.05 0.05 0.05 0.05 0.05 0.05
  per-rule acc: 0.04 0.07 0.03
Epoch 9520 | Train: Loss=0.0012 Acc=99.9% | Test: Acc=4.6% | Best=4.8%(@9180)
  from x3: 0.05 0.04 0.05 0.05 0.05 0.05 0.05 0.05 0.05 0.05 0.05 0.05 0.05
  per-rule acc: 0.04 0.07 0.03
Epoch 9540 | Train: Loss=0.0012 Acc=99.9% | Test: Acc=4.6% | Best=4.8%(@9180)
  from x3: 0.05 0.04 0.05 0.05 0.05 0.05 0.05 0.05 0.05 0.05 0.05 0.05 0.05
  per-rule acc: 0.04 0.07 0.03
Epoch 9560 | Train: Loss=0.0011 Acc=99.9% | Test: Acc=4.6% | Best=4.8%(@9180)
  from x3: 0.05 0.04 0.05 0.05 0.05 0.05 0.05 0.05 0.05 0.05 0.05 0.05 0.05
  per-rule acc: 0.04 0.07 0.03
Epoch 9580 | Train: Loss=0.0011 Acc=99.9% | Test: Acc=4.6% | Best=4.8%(@9180)
  from x3: 0.05 0.04 0.05 0.05 0.05 0.05 0.05 0.05 0.05 0.05 0.05 0.05 0.05
  per-rule acc: 0.04 0.07 0.03
Epoch 9600 | Train: Loss=0.0011 Acc=99.9% | Test: Acc=4.6% | Best=4.8%(@9180)
  from x3: 0.05 0.04 0.05 0.05 0.05 0.05 0.05 0.05 0.05 0.05 0.05 0.05 0.05
  per-rule acc: 0.04 0.07 0.03
Epoch 9620 | Train: Loss=0.0011 Acc=99.9% | Test: Acc=4.6% | Best=4.8%(@9180)
  from x3: 0.05 0.04 0.05 0.05 0.05 0.05 0.05 0.05 0.05 0.05 0.05 0.05 0.05
  per-rule acc: 0.04 0.07 0.03
Epoch 9640 | Train: Loss=0.0011 Acc=99.9% | Test: Acc=4.6% | Best=4.8%(@9180)
  from x3: 0.05 0.04 0.05 0.05 0.05 0.05 0.05 0.05 0.05 0.05 0.05 0.05 0.05
  per-rule acc: 0.04 0.07 0.03
Epoch 9660 | Train: Loss=0.0011 Acc=99.9% | Test: Acc=4.6% | Best=4.8%(@9180)
  from x3: 0.05 0.04 0.05 0.05 0.05 0.05 0.05 0.05 0.05 0.05 0.05 0.05 0.05
  per-rule acc: 0.04 0.07 0.03
Epoch 9680 | Train: Loss=0.0011 Acc=99.9% | Test: Acc=4.6% | Best=4.8%(@9180)
  from x3: 0.05 0.04 0.05 0.05 0.05 0.05 0.05 0.05 0.05 0.05 0.05 0.05 0.05
  per-rule acc: 0.04 0.07 0.03
Epoch 9700 | Train: Loss=0.0011 Acc=99.9% | Test: Acc=4.6% | Best=4.8%(@9180)
  from x3: 0.05 0.04 0.05 0.05 0.05 0.05 0.05 0.05 0.05 0.05 0.05 0.05 0.05
  per-rule acc: 0.04 0.07 0.03
Epoch 9720 | Train: Loss=0.0011 Acc=99.9% | Test: Acc=4.6% | Best=4.8%(@9180)
  from x3: 0.05 0.04 0.05 0.05 0.05 0.05 0.05 0.05 0.05 0.05 0.05 0.05 0.05
  per-rule acc: 0.04 0.07 0.03
Epoch 9740 | Train: Loss=0.0011 Acc=99.9% | Test: Acc=4.6% | Best=4.8%(@9180)
  from x3: 0.05 0.04 0.05 0.04 0.05 0.05 0.05 0.05 0.05 0.05 0.05 0.05 0.05
  per-rule acc: 0.04 0.07 0.03
Epoch 9760 | Train: Loss=0.0011 Acc=99.9% | Test: Acc=4.6% | Best=4.8%(@9180)
  from x3: 0.05 0.04 0.05 0.05 0.05 0.05 0.05 0.05 0.05 0.05 0.05 0.05 0.05
  per-rule acc: 0.04 0.07 0.03
Epoch 9780 | Train: Loss=0.0011 Acc=99.9% | Test: Acc=4.6% | Best=4.8%(@9180)
  from x3: 0.05 0.04 0.05 0.05 0.05 0.05 0.05 0.05 0.05 0.05 0.05 0.05 0.05
  per-rule acc: 0.04 0.07 0.03
Epoch 9800 | Train: Loss=0.0011 Acc=99.9% | Test: Acc=4.6% | Best=4.8%(@9180)
  from x3: 0.05 0.04 0.05 0.05 0.05 0.05 0.05 0.05 0.05 0.05 0.05 0.05 0.05
  per-rule acc: 0.04 0.07 0.03
Epoch 9820 | Train: Loss=0.0011 Acc=99.9% | Test: Acc=4.6% | Best=4.8%(@9180)
  from x3: 0.05 0.04 0.05 0.05 0.05 0.05 0.05 0.05 0.05 0.05 0.05 0.05 0.05
  per-rule acc: 0.04 0.07 0.03
Epoch 9840 | Train: Loss=0.0011 Acc=99.9% | Test: Acc=4.6% | Best=4.8%(@9180)
  from x3: 0.05 0.04 0.05 0.05 0.05 0.05 0.05 0.05 0.05 0.05 0.05 0.05 0.05
  per-rule acc: 0.04 0.07 0.03
Epoch 9860 | Train: Loss=0.0011 Acc=99.9% | Test: Acc=4.6% | Best=4.8%(@9180)
  from x3: 0.05 0.04 0.05 0.05 0.05 0.05 0.05 0.05 0.05 0.05 0.05 0.05 0.05
  per-rule acc: 0.04 0.07 0.03
Epoch 9880 | Train: Loss=0.0011 Acc=99.9% | Test: Acc=4.6% | Best=4.8%(@9180)
  from x3: 0.05 0.04 0.05 0.05 0.05 0.05 0.05 0.05 0.05 0.05 0.05 0.05 0.05
  per-rule acc: 0.04 0.07 0.03
Epoch 9900 | Train: Loss=0.0011 Acc=99.9% | Test: Acc=4.6% | Best=4.8%(@9180)
  from x3: 0.05 0.04 0.05 0.05 0.05 0.05 0.05 0.05 0.05 0.05 0.05 0.05 0.05
  per-rule acc: 0.04 0.07 0.03
Epoch 9920 | Train: Loss=0.0011 Acc=99.9% | Test: Acc=4.6% | Best=4.8%(@9180)
  from x3: 0.05 0.04 0.05 0.05 0.05 0.05 0.05 0.05 0.05 0.05 0.05 0.05 0.05
  per-rule acc: 0.04 0.07 0.03
Epoch 9940 | Train: Loss=0.0011 Acc=99.9% | Test: Acc=4.6% | Best=4.8%(@9180)
  from x3: 0.05 0.04 0.05 0.04 0.05 0.05 0.05 0.05 0.05 0.05 0.05 0.05 0.05
  per-rule acc: 0.04 0.07 0.03
Epoch 9960 | Train: Loss=0.0011 Acc=99.9% | Test: Acc=4.6% | Best=4.8%(@9180)
  from x3: 0.05 0.04 0.05 0.04 0.05 0.05 0.05 0.05 0.05 0.05 0.05 0.05 0.05
  per-rule acc: 0.04 0.07 0.03
Epoch 9980 | Train: Loss=0.0011 Acc=99.9% | Test: Acc=4.6% | Best=4.8%(@9180)
  from x3: 0.05 0.04 0.05 0.04 0.05 0.05 0.05 0.05 0.05 0.05 0.05 0.05 0.05
  per-rule acc: 0.04 0.07 0.03
Epoch 9999 | Train: Loss=0.0011 Acc=99.9% | Test: Acc=4.6% | Best=4.8%(@9180)
  from x3: 0.05 0.04 0.05 0.04 0.05 0.05 0.05 0.05 0.05 0.05 0.05 0.05 0.05
  per-rule acc: 0.04 0.07 0.03

==================================================
Saving model...
[OK] Model saved to: /home/cxm/ai/test0627-multitask-overlap/models/mixed_basic_d1024l4_r32_n3_e50.pth
  File size: 1117102.7 KB
  Best test accuracy: 4.81%

==================================================
Final generation test (given first two items, AB generates 3rd as prompt, validate from 4th)
==================================================

--- AB pair 1: (1, 1) ---

--- Statistics for AB=(1,1) ---
Exposed    samples:  1404 | In-dist: 18070/18252 ( 99.0%) | OOD: 22240/22464 ( 99.0%)
Unexposed  samples:  1405 | In-dist:  5996/18265 ( 32.8%) | OOD:  8244/22480 ( 36.7%)

--- AB pair 2: (1, 2) ---

--- Statistics for AB=(1,2) ---
Exposed    samples:  1404 | In-dist: 18122/18252 ( 99.3%) | OOD: 22308/22464 ( 99.3%)
Unexposed  samples:  1405 | In-dist:  3703/18265 ( 20.3%) | OOD:  5173/22480 ( 23.0%)

--- AB pair 3: (1, 3) ---

--- Statistics for AB=(1,3) ---
Exposed    samples:  1404 | In-dist: 18135/18252 ( 99.4%) | OOD: 22324/22464 ( 99.4%)
Unexposed  samples:  1405 | In-dist:  3603/18265 ( 19.7%) | OOD:  5107/22480 ( 22.7%)

--- Return code: 0 ---

======================================================================
Attention Analysis
======================================================================
Model config: addition (default), p=53
Best test accuracy: 0.04812482890774706
Training epochs: 9999

Random test sequence 1/5 (length 32): [22, 27, 49, 23, 19, 42, 8, 50, 5, 2, 7, 9, 16, 25, 41, 13, 1, 14, 15, 29]...

======================================================================
Attention Layer Training Result Summary
======================================================================
Input sequence: [22, 27, 49, 23, 19, 42, 8, 50, 5, 2, 7, 9, 16, 25, 41, 13, 1, 14, 15, 29, 44, 20, 11, 31, 42, 20, 9, 29, 38, 14, 52, 13]

--- Layer 0 ---
  Head 0: Entropy=1.215
    Attention coefficients from each query position to previous positions:
      i= 0 -> j=0:1.000
      i= 1 -> j=0:0.699, j=1:0.301
      i= 2 -> j=0:0.318, j=1:0.517, j=2:0.165
      i= 3 -> j=0:0.049, j=1:0.328, j=2:0.452, j=3:0.171
      i= 4 -> j=0:0.006, j=1:0.067, j=2:0.344, j=3:0.444, j=4:0.140
      i= 5 -> j=0:0.001, j=1:0.005, j=2:0.059, j=3:0.338, j=4:0.442, j=5:0.155
      i= 6 -> j=0:0.000, j=1:0.001, j=2:0.005, j=3:0.059, j=4:0.351, j=5:0.459, j=6:0.126
      i= 7 -> j=0:0.000, j=1:0.000, j=2:0.000, j=3:0.004, j=4:0.051, j=5:0.355, j=6:0.425, j=7:0.165
      i= 8 -> j=0:0.000, j=1:0.000, j=2:0.000, j=3:0.001, j=4:0.006, j=5:0.075, j=6:0.343, j=7:0.448, j=8:0.126
      i= 9 -> j=0:0.000, j=1:0.000, j=2:0.000, j=3:0.000, j=4:0.001, j=5:0.006, j=6:0.066, j=7:0.355, j=8:0.424, j=9:0.148
      i=10 -> j=0:0.000, j=1:0.000, j=2:0.000, j=3:0.000, j=4:0.000, j=5:0.001, j=6:0.005, j=7:0.055, j=8:0.322, j=9:0.448, j=10:0.168
      i=11 -> j=0:0.000, j=1:0.000, j=2:0.000, j=3:0.000, j=4:0.000, j=5:0.000, j=6:0.001, j=7:0.005, j=8:0.061, j=9:0.333, j=10:0.453, j=11:0.146
      i=12 -> j=0:0.000, j=1:0.000, j=2:0.000, j=3:0.000, j=4:0.000, j=5:0.000, j=6:0.000, j=7:0.000, j=8:0.004, j=9:0.055, j=10:0.325, j=11:0.467, j=12:0.146
      i=13 -> j=0:0.001, j=1:0.000, j=2:0.000, j=3:0.000, j=4:0.000, j=5:0.000, j=6:0.000, j=7:0.000, j=8:0.001, j=9:0.006, j=10:0.066, j=11:0.352, j=12:0.433, j=13:0.139
      i=14 -> j=0:0.001, j=1:0.000, j=2:0.000, j=3:0.000, j=4:0.000, j=5:0.000, j=6:0.000, j=7:0.000, j=8:0.000, j=9:0.001, j=10:0.005, j=11:0.062, j=12:0.341, j=13:0.436, j=14:0.152
      i=15 -> j=0:0.001, j=1:0.001, j=2:0.001, j=3:0.000, j=4:0.000, j=5:0.000, j=6:0.000, j=7:0.000, j=8:0.000, j=9:0.000, j=10:0.001, j=11:0.006, j=12:0.069, j=13:0.363, j=14:0.440, j=15:0.115
      i=16 -> j=0:0.002, j=1:0.001, j=2:0.001, j=3:0.000, j=4:0.000, j=5:0.000, j=6:0.000, j=7:0.000, j=8:0.000, j=9:0.000, j=10:0.000, j=11:0.001, j=12:0.004, j=13:0.064, j=14:0.357, j=15:0.410, j=16:0.158
      i=17 -> j=0:0.001, j=1:0.001, j=2:0.001, j=3:0.001, j=4:0.000, j=5:0.000, j=6:0.000, j=7:0.000, j=8:0.000, j=9:0.000, j=10:0.000, j=11:0.000, j=12:0.000, j=13:0.005, j=14:0.063, j=15:0.348, j=16:0.432, j=17:0.147
      i=18 -> j=0:0.001, j=1:0.001, j=2:0.001, j=3:0.001, j=4:0.001, j=5:0.000, j=6:0.000, j=7:0.000, j=8:0.000, j=9:0.000, j=10:0.000, j=11:0.000, j=12:0.000, j=13:0.001, j=14:0.005, j=15:0.058, j=16:0.281, j=17:0.483, j=18:0.166
      i=19 -> j=0:0.001, j=1:0.001, j=2:0.001, j=3:0.001, j=4:0.001, j=5:0.001, j=6:0.000, j=7:0.000, j=8:0.000, j=9:0.000, j=10:0.000, j=11:0.000, j=12:0.000, j=13:0.000, j=14:0.000, j=15:0.005, j=16:0.043, j=17:0.336, j=18:0.433, j=19:0.174
      i=20 -> j=0:0.002, j=1:0.001, j=2:0.001, j=3:0.001, j=4:0.002, j=5:0.001, j=6:0.001, j=7:0.000, j=8:0.000, j=9:0.000, j=10:0.000, j=11:0.000, j=12:0.000, j=13:0.000, j=14:0.000, j=15:0.001, j=16:0.004, j=17:0.057, j=18:0.322, j=19:0.446, j=20:0.159
      i=21 -> j=0:0.002, j=1:0.002, j=2:0.001, j=3:0.001, j=4:0.001, j=5:0.001, j=6:0.001, j=7:0.001, j=8:0.000, j=9:0.000, j=10:0.000, j=11:0.000, j=12:0.000, j=13:0.000, j=14:0.000, j=15:0.000, j=16:0.000, j=17:0.004, j=18:0.057, j=19:0.300, j=20:0.463, j=21:0.162
      i=22 -> j=0:0.003, j=1:0.003, j=2:0.002, j=3:0.001, j=4:0.001, j=5:0.001, j=6:0.002, j=7:0.001, j=8:0.001, j=9:0.000, j=10:0.000, j=11:0.000, j=12:0.000, j=13:0.000, j=14:0.000, j=15:0.000, j=16:0.000, j=17:0.001, j=18:0.006, j=19:0.054, j=20:0.367, j=21:0.420, j=22:0.134
      i=23 -> j=0:0.003, j=1:0.003, j=2:0.002, j=3:0.002, j=4:0.001, j=5:0.001, j=6:0.001, j=7:0.001, j=8:0.001, j=9:0.001, j=10:0.000, j=11:0.000, j=12:0.000, j=13:0.000, j=14:0.000, j=15:0.000, j=16:0.000, j=17:0.000, j=18:0.000, j=19:0.003, j=20:0.050, j=21:0.275, j=22:0.463, j=23:0.193
      i=24 -> j=0:0.003, j=1:0.003, j=2:0.003, j=3:0.003, j=4:0.002, j=5:0.001, j=6:0.001, j=7:0.001, j=8:0.001, j=9:0.001, j=10:0.001, j=11:0.000, j=12:0.000, j=13:0.000, j=14:0.000, j=15:0.000, j=16:0.000, j=17:0.000, j=18:0.000, j=19:0.000, j=20:0.006, j=21:0.054, j=22:0.346, j=23:0.429, j=24:0.143
      i=25 -> j=0:0.002, j=1:0.003, j=2:0.003, j=3:0.003, j=4:0.002, j=5:0.002, j=6:0.001, j=7:0.001, j=8:0.001, j=9:0.001, j=10:0.001, j=11:0.001, j=12:0.000, j=13:0.000, j=14:0.000, j=15:0.000, j=16:0.000, j=17:0.000, j=18:0.000, j=19:0.000, j=20:0.000, j=21:0.004, j=22:0.059, j=23:0.291, j=24:0.469, j=25:0.153
      i=26 -> j=0:0.003, j=1:0.003, j=2:0.003, j=3:0.003, j=4:0.003, j=5:0.003, j=6:0.002, j=7:0.001, j=8:0.001, j=9:0.001, j=10:0.002, j=11:0.001, j=12:0.001, j=13:0.000, j=14:0.000, j=15:0.000, j=16:0.000, j=17:0.000, j=18:0.000, j=19:0.000, j=20:0.000, j=21:0.000, j=22:0.006, j=23:0.052, j=24:0.368, j=25:0.407, j=26:0.137
      i=27 -> j=0:0.003, j=1:0.003, j=2:0.002, j=3:0.003, j=4:0.003, j=5:0.003, j=6:0.002, j=7:0.002, j=8:0.001, j=9:0.001, j=10:0.001, j=11:0.001, j=12:0.001, j=13:0.001, j=14:0.000, j=15:0.000, j=16:0.000, j=17:0.000, j=18:0.000, j=19:0.000, j=20:0.000, j=21:0.000, j=22:0.000, j=23:0.003, j=24:0.058, j=25:0.285, j=26:0.451, j=27:0.174
      i=28 -> j=0:0.003, j=1:0.003, j=2:0.003, j=3:0.003, j=4:0.003, j=5:0.003, j=6:0.003, j=7:0.002, j=8:0.002, j=9:0.001, j=10:0.001, j=11:0.001, j=12:0.001, j=13:0.001, j=14:0.001, j=15:0.000, j=16:0.000, j=17:0.000, j=18:0.000, j=19:0.000, j=20:0.000, j=21:0.000, j=22:0.000, j=23:0.000, j=24:0.005, j=25:0.045, j=26:0.314, j=27:0.444, j=28:0.159
      i=29 -> j=0:0.003, j=1:0.003, j=2:0.003, j=3:0.003, j=4:0.002, j=5:0.003, j=6:0.003, j=7:0.003, j=8:0.002, j=9:0.002, j=10:0.001, j=11:0.001, j=12:0.001, j=13:0.001, j=14:0.001, j=15:0.001, j=16:0.000, j=17:0.000, j=18:0.000, j=19:0.000, j=20:0.000, j=21:0.000, j=22:0.000, j=23:0.000, j=24:0.000, j=25:0.004, j=26:0.054, j=27:0.299, j=28:0.448, j=29:0.160
      i=30 -> j=0:0.003, j=1:0.003, j=2:0.003, j=3:0.003, j=4:0.003, j=5:0.003, j=6:0.003, j=7:0.003, j=8:0.003, j=9:0.002, j=10:0.002, j=11:0.001, j=12:0.001, j=13:0.001, j=14:0.001, j=15:0.001, j=16:0.001, j=17:0.000, j=18:0.000, j=19:0.000, j=20:0.000, j=21:0.000, j=22:0.000, j=23:0.000, j=24:0.000, j=25:0.000, j=26:0.004, j=27:0.050, j=28:0.326, j=29:0.448, j=30:0.131
      i=31 -> j=0:0.003, j=1:0.003, j=2:0.004, j=3:0.004, j=4:0.004, j=5:0.003, j=6:0.003, j=7:0.003, j=8:0.004, j=9:0.004, j=10:0.003, j=11:0.002, j=12:0.002, j=13:0.001, j=14:0.002, j=15:0.002, j=16:0.001, j=17:0.001, j=18:0.001, j=19:0.000, j=20:0.000, j=21:0.001, j=22:0.001, j=23:0.000, j=24:0.000, j=25:0.000, j=26:0.001, j=27:0.006, j=28:0.071, j=29:0.378, j=30:0.377, j=31:0.116
    Average attention per distance:
      d=0:0.182, d=1:0.452, d=2:0.332, d=3:0.058

--- Layer 1 ---
  Head 0: Entropy=0.884
    Attention coefficients from each query position to previous positions:
      i= 0 -> j=0:1.000
      i= 1 -> j=0:0.572, j=1:0.428
      i= 2 -> j=0:0.162, j=1:0.591, j=2:0.247
      i= 3 -> j=0:0.011, j=1:0.089, j=2:0.192, j=3:0.707
      i= 4 -> j=0:0.002, j=1:0.010, j=2:0.066, j=3:0.885, j=4:0.036
      i= 5 -> j=0:0.001, j=1:0.002, j=2:0.011, j=3:0.308, j=4:0.076, j=5:0.602
      i= 6 -> j=0:0.001, j=1:0.001, j=2:0.001, j=3:0.017, j=4:0.016, j=5:0.369, j=6:0.596
      i= 7 -> j=0:0.001, j=1:0.000, j=2:0.000, j=3:0.001, j=4:0.001, j=5:0.043, j=6:0.297, j=7:0.657
      i= 8 -> j=0:0.003, j=1:0.001, j=2:0.000, j=3:0.000, j=4:0.000, j=5:0.006, j=6:0.093, j=7:0.860, j=8:0.037
      i= 9 -> j=0:0.007, j=1:0.006, j=2:0.002, j=3:0.002, j=4:0.000, j=5:0.002, j=6:0.028, j=7:0.688, j=8:0.170, j=9:0.095
      i=10 -> j=0:0.002, j=1:0.003, j=2:0.002, j=3:0.003, j=4:0.000, j=5:0.000, j=6:0.002, j=7:0.022, j=8:0.017, j=9:0.043, j=10:0.906
      i=11 -> j=0:0.001, j=1:0.001, j=2:0.001, j=3:0.003, j=4:0.000, j=5:0.000, j=6:0.000, j=7:0.002, j=8:0.002, j=9:0.011, j=10:0.928, j=11:0.050
      i=12 -> j=0:0.001, j=1:0.001, j=2:0.001, j=3:0.004, j=4:0.001, j=5:0.001, j=6:0.001, j=7:0.001, j=8:0.000, j=9:0.001, j=10:0.177, j=11:0.070, j=12:0.740
      i=13 -> j=0:0.001, j=1:0.000, j=2:0.000, j=3:0.001, j=4:0.000, j=5:0.002, j=6:0.002, j=7:0.001, j=8:0.000, j=9:0.000, j=10:0.010, j=11:0.014, j=12:0.549, j=13:0.419
      i=14 -> j=0:0.002, j=1:0.001, j=2:0.000, j=3:0.001, j=4:0.000, j=5:0.002, j=6:0.004, j=7:0.004, j=8:0.000, j=9:0.000, j=10:0.001, j=11:0.002, j=12:0.174, j=13:0.748, j=14:0.060
      i=15 -> j=0:0.013, j=1:0.008, j=2:0.004, j=3:0.005, j=4:0.001, j=5:0.006, j=6:0.018, j=7:0.031, j=8:0.003, j=9:0.001, j=10:0.004, j=11:0.002, j=12:0.051, j=13:0.374, j=14:0.224, j=15:0.256
      i=16 -> j=0:0.013, j=1:0.012, j=2:0.007, j=3:0.008, j=4:0.001, j=5:0.004, j=6:0.011, j=7:0.035, j=8:0.005, j=9:0.002, j=10:0.006, j=11:0.001, j=12:0.008, j=13:0.058, j=14:0.125, j=15:0.584, j=16:0.118
      i=17 -> j=0:0.003, j=1:0.003, j=2:0.003, j=3:0.004, j=4:0.001, j=5:0.001, j=6:0.002, j=7:0.005, j=8:0.002, j=9:0.001, j=10:0.006, j=11:0.000, j=12:0.001, j=13:0.002, j=14:0.004, j=15:0.041, j=16:0.037, j=17:0.884
      i=18 -> j=0:0.001, j=1:0.001, j=2:0.001, j=3:0.002, j=4:0.000, j=5:0.001, j=6:0.001, j=7:0.001, j=8:0.000, j=9:0.001, j=10:0.005, j=11:0.000, j=12:0.001, j=13:0.000, j=14:0.000, j=15:0.003, j=16:0.006, j=17:0.370, j=18:0.604
      i=19 -> j=0:0.000, j=1:0.000, j=2:0.000, j=3:0.001, j=4:0.000, j=5:0.000, j=6:0.000, j=7:0.000, j=8:0.000, j=9:0.000, j=10:0.001, j=11:0.000, j=12:0.001, j=13:0.000, j=14:0.000, j=15:0.000, j=16:0.000, j=17:0.032, j=18:0.198, j=19:0.765
      i=20 -> j=0:0.000, j=1:0.000, j=2:0.000, j=3:0.000, j=4:0.000, j=5:0.000, j=6:0.001, j=7:0.001, j=8:0.000, j=9:0.000, j=10:0.001, j=11:0.000, j=12:0.001, j=13:0.000, j=14:0.000, j=15:0.000, j=16:0.000, j=17:0.004, j=18:0.055, j=19:0.890, j=20:0.046
      i=21 -> j=0:0.001, j=1:0.001, j=2:0.000, j=3:0.001, j=4:0.000, j=5:0.001, j=6:0.002, j=7:0.002, j=8:0.000, j=9:0.000, j=10:0.001, j=11:0.000, j=12:0.003, j=13:0.002, j=14:0.000, j=15:0.000, j=16:0.000, j=17:0.001, j=18:0.013, j=19:0.365, j=20:0.122, j=21:0.484
      i=22 -> j=0:0.001, j=1:0.001, j=2:0.000, j=3:0.001, j=4:0.000, j=5:0.000, j=6:0.001, j=7:0.002, j=8:0.000, j=9:0.000, j=10:0.000, j=11:0.000, j=12:0.001, j=13:0.001, j=14:0.000, j=15:0.000, j=16:0.000, j=17:0.000, j=18:0.001, j=19:0.022, j=20:0.023, j=21:0.433, j=22:0.511
      i=23 -> j=0:0.001, j=1:0.001, j=2:0.001, j=3:0.001, j=4:0.000, j=5:0.000, j=6:0.001, j=7:0.002, j=8:0.000, j=9:0.000, j=10:0.001, j=11:0.000, j=12:0.001, j=13:0.001, j=14:0.000, j=15:0.001, j=16:0.000, j=17:0.001, j=18:0.001, j=19:0.003, j=20:0.003, j=21:0.128, j=22:0.799, j=23:0.053
      i=24 -> j=0:0.003, j=1:0.003, j=2:0.003, j=3:0.005, j=4:0.001, j=5:0.002, j=6:0.002, j=7:0.004, j=8:0.001, j=9:0.001, j=10:0.006, j=11:0.001, j=12:0.002, j=13:0.001, j=14:0.001, j=15:0.003, j=16:0.001, j=17:0.006, j=18:0.003, j=19:0.004, j=20:0.001, j=21:0.030, j=22:0.421, j=23:0.208, j=24:0.287
      i=25 -> j=0:0.003, j=1:0.002, j=2:0.002, j=3:0.004, j=4:0.001, j=5:0.002, j=6:0.002, j=7:0.003, j=8:0.001, j=9:0.001, j=10:0.006, j=11:0.001, j=12:0.002, j=13:0.001, j=14:0.000, j=15:0.001, j=16:0.001, j=17:0.009, j=18:0.007, j=19:0.006, j=20:0.000, j=21:0.003, j=22:0.021, j=23:0.034, j=24:0.191, j=25:0.695
      i=26 -> j=0:0.002, j=1:0.001, j=2:0.001, j=3:0.002, j=4:0.001, j=5:0.002, j=6:0.002, j=7:0.002, j=8:0.000, j=9:0.000, j=10:0.003, j=11:0.001, j=12:0.003, j=13:0.001, j=14:0.000, j=15:0.000, j=16:0.000, j=17:0.005, j=18:0.008, j=19:0.009, j=20:0.000, j=21:0.001, j=22:0.001, j=23:0.002, j=24:0.044, j=25:0.846, j=26:0.062
      i=27 -> j=0:0.005, j=1:0.003, j=2:0.002, j=3:0.004, j=4:0.001, j=5:0.004, j=6:0.006, j=7:0.006, j=8:0.001, j=9:0.000, j=10:0.004, j=11:0.001, j=12:0.007, j=13:0.004, j=14:0.001, j=15:0.001, j=16:0.000, j=17:0.005, j=18:0.014, j=19:0.036, j=20:0.002, j=21:0.002, j=22:0.001, j=23:0.001, j=24:0.007, j=25:0.246, j=26:0.129, j=27:0.506
      i=28 -> j=0:0.006, j=1:0.004, j=2:0.003, j=3:0.004, j=4:0.001, j=5:0.003, j=6:0.006, j=7:0.009, j=8:0.001, j=9:0.001, j=10:0.003, j=11:0.001, j=12:0.006, j=13:0.006, j=14:0.001, j=15:0.002, j=16:0.000, j=17:0.003, j=18:0.007, j=19:0.030, j=20:0.005, j=21:0.006, j=22:0.002, j=23:0.000, j=24:0.001, j=25:0.025, j=26:0.043, j=27:0.684, j=28:0.137
      i=29 -> j=0:0.005, j=1:0.004, j=2:0.003, j=3:0.005, j=4:0.001, j=5:0.003, j=6:0.005, j=7:0.009, j=8:0.002, j=9:0.001, j=10:0.004, j=11:0.001, j=12:0.004, j=13:0.004, j=14:0.002, j=15:0.003, j=16:0.000, j=17:0.003, j=18:0.004, j=19:0.014, j=20:0.004, j=21:0.013, j=22:0.006, j=23:0.000, j=24:0.000, j=25:0.003, j=26:0.004, j=27:0.154, j=28:0.169, j=29:0.567
      i=30 -> j=0:0.002, j=1:0.002, j=2:0.002, j=3:0.003, j=4:0.001, j=5:0.001, j=6:0.002, j=7:0.003, j=8:0.001, j=9:0.001, j=10:0.003, j=11:0.000, j=12:0.001, j=13:0.001, j=14:0.001, j=15:0.001, j=16:0.000, j=17:0.002, j=18:0.002, j=19:0.003, j=20:0.001, j=21:0.005, j=22:0.006, j=23:0.001, j=24:0.000, j=25:0.001, j=26:0.000, j=27:0.007, j=28:0.020, j=29:0.283, j=30:0.644
      i=31 -> j=0:0.003, j=1:0.002, j=2:0.002, j=3:0.005, j=4:0.001, j=5:0.003, j=6:0.003, j=7:0.004, j=8:0.001, j=9:0.001, j=10:0.006, j=11:0.001, j=12:0.003, j=13:0.002, j=14:0.001, j=15:0.002, j=16:0.001, j=17:0.006, j=18:0.004, j=19:0.004, j=20:0.001, j=21:0.004, j=22:0.007, j=23:0.002, j=24:0.001, j=25:0.002, j=26:0.000, j=27:0.001, j=28:0.004, j=29:0.095, j=30:0.805, j=31:0.020
    Average attention per distance:
      d=0:0.413, d=1:0.430, d=2:0.136, d=3:0.013

--- Layer 2 ---
  Head 0: Entropy=1.829
    Attention coefficients from each query position to previous positions:
      i= 0 -> j=0:1.000
      i= 1 -> j=0:0.398, j=1:0.602
      i= 2 -> j=0:0.121, j=1:0.348, j=2:0.531
      i= 3 -> j=0:0.046, j=1:0.198, j=2:0.608, j=3:0.147
      i= 4 -> j=0:0.022, j=1:0.073, j=2:0.263, j=3:0.148, j=4:0.494
      i= 5 -> j=0:0.008, j=1:0.021, j=2:0.083, j=3:0.086, j=4:0.608, j=5:0.194
      i= 6 -> j=0:0.011, j=1:0.017, j=2:0.039, j=3:0.049, j=4:0.447, j=5:0.311, j=6:0.126
      i= 7 -> j=0:0.018, j=1:0.021, j=2:0.030, j=3:0.027, j=4:0.244, j=5:0.290, j=6:0.237, j=7:0.132
      i= 8 -> j=0:0.025, j=1:0.030, j=2:0.033, j=3:0.019, j=4:0.094, j=5:0.111, j=6:0.152, j=7:0.156, j=8:0.381
      i= 9 -> j=0:0.013, j=1:0.021, j=2:0.025, j=3:0.010, j=4:0.036, j=5:0.028, j=6:0.045, j=7:0.075, j=8:0.349, j=9:0.398
      i=10 -> j=0:0.010, j=1:0.019, j=2:0.028, j=3:0.011, j=4:0.031, j=5:0.014, j=6:0.018, j=7:0.033, j=8:0.235, j=9:0.545, j=10:0.055
      i=11 -> j=0:0.011, j=1:0.017, j=2:0.029, j=3:0.017, j=4:0.043, j=5:0.017, j=6:0.014, j=7:0.018, j=8:0.090, j=9:0.254, j=10:0.069, j=11:0.421
      i=12 -> j=0:0.008, j=1:0.012, j=2:0.019, j=3:0.013, j=4:0.045, j=5:0.018, j=6:0.010, j=7:0.009, j=8:0.033, j=9:0.093, j=10:0.049, j=11:0.599, j=12:0.091
      i=13 -> j=0:0.011, j=1:0.013, j=2:0.018, j=3:0.012, j=4:0.050, j=5:0.025, j=6:0.014, j=7:0.009, j=8:0.023, j=9:0.041, j=10:0.027, j=11:0.469, j=12:0.144, j=13:0.143
      i=14 -> j=0:0.012, j=1:0.014, j=2:0.016, j=3:0.009, j=4:0.033, j=5:0.021, j=6:0.016, j=7:0.011, j=8:0.021, j=9:0.022, j=10:0.012, j=11:0.132, j=12:0.078, j=13:0.133, j=14:0.471
      i=15 -> j=0:0.012, j=1:0.016, j=2:0.018, j=3:0.009, j=4:0.025, j=5:0.016, j=6:0.014, j=7:0.012, j=8:0.023, j=9:0.020, j=10:0.007, j=11:0.049, j=12:0.035, j=13:0.087, j=14:0.515, j=15:0.141
      i=16 -> j=0:0.008, j=1:0.012, j=2:0.016, j=3:0.007, j=4:0.019, j=5:0.010, j=6:0.009, j=7:0.009, j=8:0.021, j=9:0.019, j=10:0.005, j=11:0.024, j=12:0.013, j=13:0.032, j=14:0.257, j=15:0.130, j=16:0.410
      i=17 -> j=0:0.006, j=1:0.009, j=2:0.014, j=3:0.007, j=4:0.018, j=5:0.007, j=6:0.005, j=7:0.005, j=8:0.016, j=9:0.018, j=10:0.004, j=11:0.018, j=12:0.006, j=13:0.011, j=14:0.094, j=15:0.084, j=16:0.554, j=17:0.123
      i=18 -> j=0:0.008, j=1:0.011, j=2:0.016, j=3:0.010, j=4:0.029, j=5:0.011, j=6:0.007, j=7:0.006, j=8:0.016, j=9:0.022, j=10:0.007, j=11:0.029, j=12:0.007, j=13:0.008, j=14:0.045, j=15:0.047, j=16:0.431, j=17:0.218, j=18:0.072
      i=19 -> j=0:0.014, j=1:0.017, j=2:0.022, j=3:0.014, j=4:0.046, j=5:0.021, j=6:0.013, j=7:0.008, j=8:0.020, j=9:0.025, j=10:0.010, j=11:0.052, j=12:0.013, j=13:0.011, j=14:0.037, j=15:0.029, j=16:0.214, j=17:0.211, j=18:0.148, j=19:0.076
      i=20 -> j=0:0.020, j=1:0.023, j=2:0.025, j=3:0.015, j=4:0.042, j=5:0.025, j=6:0.018, j=7:0.013, j=8:0.023, j=9:0.023, j=10:0.010, j=11:0.049, j=12:0.019, j=13:0.018, j=14:0.039, j=15:0.021, j=16:0.073, j=17:0.078, j=18:0.093, j=19:0.093, j=20:0.280
      i=21 -> j=0:0.020, j=1:0.024, j=2:0.025, j=3:0.013, j=4:0.034, j=5:0.020, j=6:0.016, j=7:0.012, j=8:0.023, j=9:0.020, j=10:0.007, j=11:0.034, j=12:0.016, j=13:0.018, j=14:0.043, j=15:0.017, j=16:0.037, j=17:0.029, j=18:0.039, j=19:0.067, j=20:0.363, j=21:0.124
      i=22 -> j=0:0.018, j=1:0.025, j=2:0.030, j=3:0.014, j=4:0.034, j=5:0.017, j=6:0.014, j=7:0.012, j=8:0.026, j=9:0.023, j=10:0.006, j=11:0.028, j=12:0.012, j=13:0.016, j=14:0.053, j=15:0.021, j=16:0.038, j=17:0.017, j=18:0.016, j=19:0.032, j=20:0.256, j=21:0.164, j=22:0.126
      i=23 -> j=0:0.012, j=1:0.018, j=2:0.024, j=3:0.012, j=4:0.027, j=5:0.013, j=6:0.009, j=7:0.008, j=8:0.019, j=9:0.020, j=10:0.005, j=11:0.020, j=12:0.007, j=13:0.010, j=14:0.034, j=15:0.018, j=16:0.036, j=17:0.012, j=18:0.008, j=19:0.011, j=20:0.077, j=21:0.080, j=22:0.107, j=23:0.413
      i=24 -> j=0:0.008, j=1:0.012, j=2:0.017, j=3:0.010, j=4:0.025, j=5:0.011, j=6:0.007, j=7:0.005, j=8:0.013, j=9:0.015, j=10:0.004, j=11:0.017, j=12:0.005, j=13:0.005, j=14:0.020, j=15:0.012, j=16:0.033, j=17:0.011, j=18:0.005, j=19:0.004, j=20:0.025, j=21:0.029, j=22:0.062, j=23:0.472, j=24:0.171
      i=25 -> j=0:0.010, j=1:0.013, j=2:0.018, j=3:0.011, j=4:0.033, j=5:0.015, j=6:0.009, j=7:0.006, j=8:0.014, j=9:0.016, j=10:0.006, j=11:0.024, j=12:0.007, j=13:0.006, j=14:0.018, j=15:0.011, j=16:0.034, j=17:0.015, j=18:0.007, j=19:0.005, j=20:0.016, j=21:0.014, j=22:0.032, j=23:0.326, j=24:0.259, j=25:0.076
      i=26 -> j=0:0.012, j=1:0.014, j=2:0.017, j=3:0.010, j=4:0.029, j=5:0.017, j=6:0.011, j=7:0.008, j=8:0.014, j=9:0.014, j=10:0.005, j=11:0.023, j=12:0.008, j=13:0.007, j=14:0.018, j=15:0.010, j=16:0.025, j=17:0.014, j=18:0.009, j=19:0.006, j=20:0.016, j=21:0.009, j=22:0.014, j=23:0.104, j=24:0.134, j=25:0.084, j=26:0.370
      i=27 -> j=0:0.010, j=1:0.013, j=2:0.015, j=3:0.008, j=4:0.023, j=5:0.013, j=6:0.010, j=7:0.007, j=8:0.013, j=9:0.011, j=10:0.004, j=11:0.018, j=12:0.007, j=13:0.007, j=14:0.017, j=15:0.007, j=16:0.016, j=17:0.009, j=18:0.006, j=19:0.005, j=20:0.016, j=21:0.007, j=22:0.006, j=23:0.033, j=24:0.047, j=25:0.054, j=26:0.491, j=27:0.124
      i=28 -> j=0:0.011, j=1:0.015, j=2:0.018, j=3:0.010, j=4:0.022, j=5:0.013, j=6:0.011, j=7:0.009, j=8:0.017, j=9:0.014, j=10:0.005, j=11:0.017, j=12:0.007, j=13:0.008, j=14:0.022, j=15:0.010, j=16:0.017, j=17:0.008, j=18:0.006, j=19:0.006, j=20:0.019, j=21:0.009, j=22:0.007, j=23:0.020, j=24:0.019, j=25:0.024, j=26:0.242, j=27:0.140, j=28:0.273
      i=29 -> j=0:0.010, j=1:0.015, j=2:0.019, j=3:0.010, j=4:0.023, j=5:0.012, j=6:0.010, j=7:0.009, j=8:0.018, j=9:0.017, j=10:0.005, j=11:0.016, j=12:0.006, j=13:0.007, j=14:0.022, j=15:0.011, j=16:0.019, j=17:0.007, j=18:0.005, j=19:0.005, j=20:0.017, j=21:0.010, j=22:0.008, j=23:0.018, j=24:0.010, j=25:0.010, j=26:0.090, j=27:0.095, j=28:0.360, j=29:0.137
      i=30 -> j=0:0.011, j=1:0.015, j=2:0.022, j=3:0.013, j=4:0.030, j=5:0.014, j=6:0.010, j=7:0.009, j=8:0.020, j=9:0.022, j=10:0.007, j=11:0.021, j=12:0.007, j=13:0.007, j=14:0.022, j=15:0.013, j=16:0.027, j=17:0.009, j=18:0.005, j=19:0.004, j=20:0.015, j=21:0.010, j=22:0.010, j=23:0.025, j=24:0.010, j=25:0.006, j=26:0.037, j=27:0.044, j=28:0.270, j=29:0.219, j=30:0.066
      i=31 -> j=0:0.012, j=1:0.015, j=2:0.020, j=3:0.013, j=4:0.032, j=5:0.017, j=6:0.012, j=7:0.009, j=8:0.018, j=9:0.021, j=10:0.008, j=11:0.025, j=12:0.009, j=13:0.008, j=14:0.020, j=15:0.012, j=16:0.027, j=17:0.012, j=18:0.007, j=19:0.005, j=20:0.014, j=21:0.009, j=22:0.011, j=23:0.030, j=24:0.015, j=25:0.007, j=26:0.023, j=27:0.018, j=28:0.085, j=29:0.112, j=30:0.072, j=31:0.299
    Average attention per distance:
      d=0:0.265, d=1:0.292, d=2:0.186, d=3:0.073, d=4:0.028, d=5:0.017, d=6:0.016, d=7:0.019
      d=8:0.022, d=9:0.019, d=10:0.015, d=11:0.012, d=12:0.011, d=13:0.013, d=14:0.016, d=15:0.017
      d=16:0.015, d=17:0.013, d=18:0.013, d=19:0.015, d=20:0.018, d=21:0.018, d=22:0.017, d=23:0.014
      d=24:0.013, d=25:0.014, d=26:0.017, d=27:0.018, d=28:0.015, d=29:0.015, d=30:0.013, d=31:0.012

--- Layer 3 ---
  Head 0: Entropy=0.302
    Attention coefficients from each query position to previous positions:
      i= 0 -> j=0:1.000
      i= 1 -> j=0:0.985, j=1:0.015
      i= 2 -> j=0:0.029, j=1:0.966, j=2:0.005
      i= 3 -> j=0:0.000, j=1:0.097, j=2:0.898, j=3:0.005
      i= 4 -> j=0:0.000, j=1:0.000, j=2:0.087, j=3:0.904, j=4:0.009
      i= 5 -> j=0:0.000, j=1:0.000, j=2:0.000, j=3:0.065, j=4:0.924, j=5:0.011
      i= 6 -> j=0:0.000, j=1:0.000, j=2:0.000, j=3:0.000, j=4:0.044, j=5:0.948, j=6:0.008
      i= 7 -> j=0:0.000, j=1:0.000, j=2:0.000, j=3:0.000, j=4:0.000, j=5:0.066, j=6:0.927, j=7:0.007
      i= 8 -> j=0:0.000, j=1:0.000, j=2:0.000, j=3:0.000, j=4:0.000, j=5:0.000, j=6:0.047, j=7:0.946, j=8:0.006
      i= 9 -> j=0:0.000, j=1:0.000, j=2:0.000, j=3:0.000, j=4:0.000, j=5:0.000, j=6:0.000, j=7:0.106, j=8:0.888, j=9:0.006
      i=10 -> j=0:0.000, j=1:0.000, j=2:0.000, j=3:0.000, j=4:0.000, j=5:0.000, j=6:0.000, j=7:0.000, j=8:0.089, j=9:0.906, j=10:0.005
      i=11 -> j=0:0.000, j=1:0.000, j=2:0.000, j=3:0.000, j=4:0.000, j=5:0.000, j=6:0.000, j=7:0.000, j=8:0.000, j=9:0.115, j=10:0.878, j=11:0.007
      i=12 -> j=0:0.000, j=1:0.000, j=2:0.000, j=3:0.000, j=4:0.000, j=5:0.000, j=6:0.000, j=7:0.000, j=8:0.000, j=9:0.000, j=10:0.108, j=11:0.877, j=12:0.015
      i=13 -> j=0:0.000, j=1:0.000, j=2:0.000, j=3:0.000, j=4:0.000, j=5:0.000, j=6:0.000, j=7:0.000, j=8:0.000, j=9:0.000, j=10:0.000, j=11:0.055, j=12:0.937, j=13:0.008
      i=14 -> j=0:0.000, j=1:0.000, j=2:0.000, j=3:0.000, j=4:0.000, j=5:0.000, j=6:0.000, j=7:0.000, j=8:0.000, j=9:0.000, j=10:0.000, j=11:0.000, j=12:0.115, j=13:0.880, j=14:0.006
      i=15 -> j=0:0.000, j=1:0.000, j=2:0.000, j=3:0.000, j=4:0.000, j=5:0.000, j=6:0.000, j=7:0.000, j=8:0.000, j=9:0.000, j=10:0.000, j=11:0.000, j=12:0.000, j=13:0.127, j=14:0.863, j=15:0.010
      i=16 -> j=0:0.000, j=1:0.000, j=2:0.000, j=3:0.000, j=4:0.000, j=5:0.000, j=6:0.000, j=7:0.000, j=8:0.000, j=9:0.000, j=10:0.000, j=11:0.000, j=12:0.000, j=13:0.000, j=14:0.083, j=15:0.897, j=16:0.020
      i=17 -> j=0:0.000, j=1:0.000, j=2:0.000, j=3:0.000, j=4:0.000, j=5:0.000, j=6:0.000, j=7:0.000, j=8:0.000, j=9:0.000, j=10:0.000, j=11:0.000, j=12:0.000, j=13:0.000, j=14:0.000, j=15:0.036, j=16:0.960, j=17:0.004
      i=18 -> j=0:0.000, j=1:0.000, j=2:0.000, j=3:0.000, j=4:0.000, j=5:0.000, j=6:0.000, j=7:0.000, j=8:0.000, j=9:0.000, j=10:0.000, j=11:0.000, j=12:0.000, j=13:0.000, j=14:0.000, j=15:0.000, j=16:0.130, j=17:0.857, j=18:0.013
      i=19 -> j=0:0.000, j=1:0.000, j=2:0.000, j=3:0.000, j=4:0.000, j=5:0.000, j=6:0.000, j=7:0.000, j=8:0.000, j=9:0.000, j=10:0.000, j=11:0.000, j=12:0.000, j=13:0.000, j=14:0.000, j=15:0.000, j=16:0.000, j=17:0.059, j=18:0.933, j=19:0.008
      i=20 -> j=0:0.000, j=1:0.000, j=2:0.000, j=3:0.000, j=4:0.000, j=5:0.000, j=6:0.000, j=7:0.000, j=8:0.000, j=9:0.000, j=10:0.000, j=11:0.000, j=12:0.000, j=13:0.000, j=14:0.000, j=15:0.000, j=16:0.000, j=17:0.000, j=18:0.066, j=19:0.925, j=20:0.009
      i=21 -> j=0:0.000, j=1:0.000, j=2:0.000, j=3:0.000, j=4:0.000, j=5:0.000, j=6:0.000, j=7:0.000, j=8:0.000, j=9:0.000, j=10:0.000, j=11:0.000, j=12:0.000, j=13:0.000, j=14:0.000, j=15:0.000, j=16:0.000, j=17:0.000, j=18:0.000, j=19:0.081, j=20:0.914, j=21:0.005
      i=22 -> j=0:0.000, j=1:0.000, j=2:0.000, j=3:0.000, j=4:0.000, j=5:0.000, j=6:0.000, j=7:0.000, j=8:0.000, j=9:0.000, j=10:0.000, j=11:0.000, j=12:0.000, j=13:0.000, j=14:0.000, j=15:0.000, j=16:0.000, j=17:0.000, j=18:0.000, j=19:0.000, j=20:0.129, j=21:0.861, j=22:0.010
      i=23 -> j=0:0.000, j=1:0.000, j=2:0.000, j=3:0.000, j=4:0.000, j=5:0.000, j=6:0.000, j=7:0.000, j=8:0.000, j=9:0.000, j=10:0.000, j=11:0.000, j=12:0.000, j=13:0.000, j=14:0.000, j=15:0.000, j=16:0.000, j=17:0.000, j=18:0.000, j=19:0.000, j=20:0.000, j=21:0.052, j=22:0.938, j=23:0.009
      i=24 -> j=0:0.000, j=1:0.000, j=2:0.000, j=3:0.000, j=4:0.000, j=5:0.000, j=6:0.000, j=7:0.000, j=8:0.000, j=9:0.000, j=10:0.000, j=11:0.000, j=12:0.000, j=13:0.000, j=14:0.000, j=15:0.000, j=16:0.000, j=17:0.000, j=18:0.000, j=19:0.000, j=20:0.000, j=21:0.000, j=22:0.095, j=23:0.896, j=24:0.009
      i=25 -> j=0:0.000, j=1:0.000, j=2:0.000, j=3:0.000, j=4:0.000, j=5:0.000, j=6:0.000, j=7:0.000, j=8:0.000, j=9:0.000, j=10:0.000, j=11:0.000, j=12:0.000, j=13:0.000, j=14:0.000, j=15:0.000, j=16:0.000, j=17:0.000, j=18:0.000, j=19:0.000, j=20:0.000, j=21:0.000, j=22:0.000, j=23:0.075, j=24:0.915, j=25:0.010
      i=26 -> j=0:0.000, j=1:0.000, j=2:0.000, j=3:0.000, j=4:0.000, j=5:0.000, j=6:0.000, j=7:0.000, j=8:0.000, j=9:0.000, j=10:0.000, j=11:0.000, j=12:0.000, j=13:0.000, j=14:0.000, j=15:0.000, j=16:0.000, j=17:0.000, j=18:0.000, j=19:0.000, j=20:0.000, j=21:0.000, j=22:0.000, j=23:0.000, j=24:0.070, j=25:0.920, j=26:0.010
      i=27 -> j=0:0.000, j=1:0.000, j=2:0.000, j=3:0.000, j=4:0.000, j=5:0.000, j=6:0.000, j=7:0.000, j=8:0.000, j=9:0.000, j=10:0.000, j=11:0.000, j=12:0.000, j=13:0.000, j=14:0.000, j=15:0.000, j=16:0.000, j=17:0.000, j=18:0.000, j=19:0.000, j=20:0.000, j=21:0.000, j=22:0.000, j=23:0.000, j=24:0.000, j=25:0.065, j=26:0.927, j=27:0.008
      i=28 -> j=0:0.000, j=1:0.000, j=2:0.000, j=3:0.000, j=4:0.000, j=5:0.000, j=6:0.000, j=7:0.000, j=8:0.000, j=9:0.000, j=10:0.000, j=11:0.000, j=12:0.000, j=13:0.000, j=14:0.000, j=15:0.000, j=16:0.000, j=17:0.000, j=18:0.000, j=19:0.000, j=20:0.000, j=21:0.000, j=22:0.000, j=23:0.000, j=24:0.000, j=25:0.000, j=26:0.075, j=27:0.917, j=28:0.008
      i=29 -> j=0:0.000, j=1:0.000, j=2:0.000, j=3:0.000, j=4:0.000, j=5:0.000, j=6:0.000, j=7:0.000, j=8:0.000, j=9:0.000, j=10:0.000, j=11:0.000, j=12:0.000, j=13:0.000, j=14:0.000, j=15:0.000, j=16:0.000, j=17:0.000, j=18:0.000, j=19:0.000, j=20:0.000, j=21:0.000, j=22:0.000, j=23:0.000, j=24:0.000, j=25:0.000, j=26:0.000, j=27:0.072, j=28:0.923, j=29:0.006
      i=30 -> j=0:0.000, j=1:0.000, j=2:0.000, j=3:0.000, j=4:0.000, j=5:0.000, j=6:0.000, j=7:0.000, j=8:0.000, j=9:0.000, j=10:0.000, j=11:0.000, j=12:0.000, j=13:0.000, j=14:0.000, j=15:0.000, j=16:0.000, j=17:0.000, j=18:0.000, j=19:0.000, j=20:0.000, j=21:0.000, j=22:0.000, j=23:0.000, j=24:0.000, j=25:0.000, j=26:0.000, j=27:0.000, j=28:0.097, j=29:0.887, j=30:0.016
      i=31 -> j=0:0.000, j=1:0.000, j=2:0.000, j=3:0.000, j=4:0.000, j=5:0.000, j=6:0.000, j=7:0.000, j=8:0.000, j=9:0.000, j=10:0.000, j=11:0.000, j=12:0.000, j=13:0.000, j=14:0.000, j=15:0.000, j=16:0.000, j=17:0.000, j=18:0.000, j=19:0.000, j=20:0.000, j=21:0.000, j=22:0.000, j=23:0.000, j=24:0.000, j=25:0.000, j=26:0.000, j=27:0.000, j=28:0.000, j=29:0.035, j=30:0.961, j=31:0.004
    Average attention per distance:
      d=0:0.040, d=1:0.915, d=2:0.079


======================================================================
QK Property Verification (Raw Scores, before Softmax)
======================================================================
Recurrence order init_len=2, num test sequences=1

--- [P1] Long-distance Orthogonality Verification ---
Ideal: raw_score mean ≈ 0 and small std when d > init_len

  Layer 0, Head 0:
    d= 1 (effective): mean=  5.361, std= 0.135, n=31
    d= 2 (effective): mean=  5.066, std= 0.091, n=30
    d>2 (long-distance): mean= -0.764, std= 1.521, n=435

  Layer 1, Head 0:
    d= 1 (effective): mean=  2.723, std= 1.293, n=31
    d= 2 (effective): mean=  1.296, std= 1.108, n=30
    d>2 (long-distance): mean= -2.532, std= 1.087, n=435

  Layer 2, Head 0:
    d= 1 (effective): mean=  1.827, std= 0.760, n=31
    d= 2 (effective): mean=  1.408, std= 0.652, n=30
    d>2 (long-distance): mean= -0.755, std= 0.608, n=435

  Layer 3, Head 0:
    d= 1 (effective): mean= 16.526, std= 0.652, n=31
    d= 2 (effective): mean= 13.979, std= 0.529, n=30
    d>2 (long-distance): mean= -0.249, std= 3.751, n=435

--- [P2] Time-homogeneous Verification ---
Ideal: CV of raw_score across positions i ≈ 0 for fixed distance d
(CV = std / |mean|, smaller = more constant)

  Layer 0, Head 0:
    d= 1: mean=  5.361, std= 0.135, CV=0.025, n=31
    d= 2: mean=  5.066, std= 0.091, CV=0.018, n=30

  Layer 1, Head 0:
    d= 1: mean=  2.723, std= 1.293, CV=0.475, n=31
    d= 2: mean=  1.296, std= 1.108, CV=0.855, n=30

  Layer 2, Head 0:
    d= 1: mean=  1.827, std= 0.760, CV=0.416, n=31
    d= 2: mean=  1.408, std= 0.652, CV=0.463, n=30

  Layer 3, Head 0:
    d= 1: mean= 16.526, std= 0.652, CV=0.039, n=31
    d= 2: mean= 13.979, std= 0.529, CV=0.038, n=30

======================================================================
QK Property Verification Completed
======================================================================
