=== Experiment: mixed_cond_d128l1_r8_n2_e50_overlap40 ===
Time: 2026-06-26T15:31:11.790099
Task type: mixed_ab
Merged config: {
  "P": 53,
  "TASK": "mixed_ab",
  "NUM_MASK": 0,
  "A": 1,
  "B": 1,
  "AB_PAIRS": [
    [
      1,
      1
    ],
    [
      1,
      2
    ]
  ],
  "D_MODEL": 128,
  "N_HEAD": 1,
  "N_LAYER": 1,
  "BATCH_SIZE": 128,
  "EPOCHS": 10000,
  "LR": 0.0003,
  "SAVE_PATH": "models/mixed_cond_d128l1_r8_n2_e50_overlap40.pth",
  "USE_GREEDY_GENERATE": true,
  "USE_LEARNABLE_PE": false,
  "MLP_RATIO": 8,
  "TRAIN_LEN": 16,
  "OOD_LEN": 32,
  "DROPOUT": 0.0,
  "TARGET_INIT_COVERAGE": 0.5,
  "MAX_UNIQUE_RATIO": 0.5,
  "WEIGHT_DECAY": 1,
  "ENTROPY_PENALTY_WEIGHT": 0.0,
  "FIRST_TASK_WEIGHT": 1.0,
  "RANDOM_SEED": 42,
  "EVAL_INTERVAL": 20,
  "EARLY_STOP_NO_IMPROVE": 1000,
  "EARLY_STOP_ACCURACY": 0.99,
  "USE_AB_TAG": false,
  "USE_CONDITIONAL_WTE": true,
  "COND_WTE_SHARED_RATIO": 0.4,
  "MIXED_AB_MAX_UNIQUE_RATIOS": [
    0.5,
    0.5
  ],
  "SKIP_FINAL_GENERATION_TEST": true
}
--- output ---
Using device: cuda

[Dataset] Mixed mode: generated 2808 + 2810 samples, length 16
AB parameter pairs: [(1, 1), (1, 2)]
  - AB=(1,1): train 1404 | test 1405 | exposed ~50.0%
  - AB=(1,2): train 1404 | test 1405 | exposed ~50.0%
--------------------------------------------------
[Model config] block_size: 32, train length: 16
[Number theory] AB parameter pairs: [(1, 1), (1, 2)]


Model parameters: 0.36M

Start training...
Epoch   0 | Train: Loss=4.2227 Acc=3.8% | Test: Acc=0.2% | Best=0.2%(@0)
  from x3: 0.00 0.00 0.00 0.00 0.00 0.00 0.00 0.00 0.00 0.00 0.00 0.00 0.00
  per-rule acc: 0.00 0.00
Epoch  20 | Train: Loss=1.0595 Acc=95.5% | Test: Acc=0.9% | Best=0.9%(@20)
  from x3: 0.02 0.01 0.01 0.01 0.01 0.01 0.01 0.01 0.01 0.01 0.01 0.01 0.01
  per-rule acc: 0.01 0.01
Epoch  40 | Train: Loss=0.2055 Acc=98.9% | Test: Acc=1.5% | Best=1.5%(@40)
  from x3: 0.02 0.02 0.02 0.02 0.01 0.01 0.01 0.01 0.01 0.01 0.01 0.01 0.01
  per-rule acc: 0.01 0.02
Epoch  60 | Train: Loss=0.1239 Acc=99.1% | Test: Acc=1.8% | Best=1.8%(@60)
  from x3: 0.02 0.02 0.02 0.02 0.02 0.02 0.02 0.02 0.02 0.02 0.02 0.02 0.02
  per-rule acc: 0.02 0.02
Epoch  80 | Train: Loss=0.0981 Acc=99.3% | Test: Acc=1.8% | Best=1.8%(@80)
  from x3: 0.02 0.02 0.02 0.02 0.02 0.02 0.02 0.02 0.02 0.02 0.02 0.02 0.02
  per-rule acc: 0.02 0.02
Epoch 100 | Train: Loss=0.0812 Acc=99.4% | Test: Acc=1.9% | Best=1.9%(@100)
  from x3: 0.02 0.02 0.02 0.02 0.02 0.02 0.02 0.02 0.02 0.02 0.02 0.02 0.02
  per-rule acc: 0.02 0.02
Epoch 120 | Train: Loss=0.0684 Acc=99.5% | Test: Acc=1.9% | Best=1.9%(@120)
  from x3: 0.02 0.02 0.02 0.02 0.02 0.02 0.02 0.02 0.02 0.02 0.02 0.02 0.02
  per-rule acc: 0.02 0.02
Epoch 140 | Train: Loss=0.0458 Acc=99.7% | Test: Acc=1.8% | Best=1.9%(@120)
  from x3: 0.02 0.02 0.02 0.02 0.02 0.02 0.02 0.02 0.02 0.02 0.02 0.02 0.02
  per-rule acc: 0.02 0.02
Epoch 160 | Train: Loss=0.0526 Acc=99.7% | Test: Acc=1.9% | Best=1.9%(@120)
  from x3: 0.02 0.02 0.02 0.02 0.02 0.02 0.02 0.02 0.02 0.02 0.02 0.02 0.02
  per-rule acc: 0.02 0.02
Epoch 180 | Train: Loss=0.0434 Acc=99.7% | Test: Acc=1.8% | Best=1.9%(@120)
  from x3: 0.02 0.02 0.02 0.02 0.02 0.02 0.02 0.02 0.02 0.02 0.02 0.02 0.02
  per-rule acc: 0.02 0.02
Epoch 200 | Train: Loss=0.0406 Acc=99.8% | Test: Acc=1.8% | Best=1.9%(@120)
  from x3: 0.02 0.02 0.02 0.02 0.02 0.02 0.02 0.02 0.02 0.02 0.02 0.02 0.02
  per-rule acc: 0.02 0.02
Epoch 220 | Train: Loss=0.0360 Acc=99.9% | Test: Acc=1.9% | Best=1.9%(@120)
  from x3: 0.02 0.02 0.02 0.02 0.02 0.02 0.02 0.02 0.02 0.02 0.02 0.02 0.02
  per-rule acc: 0.02 0.02
Epoch 240 | Train: Loss=0.0250 Acc=99.9% | Test: Acc=1.8% | Best=1.9%(@120)
  from x3: 0.02 0.02 0.02 0.02 0.02 0.02 0.02 0.02 0.02 0.02 0.02 0.02 0.02
  per-rule acc: 0.02 0.02
Epoch 260 | Train: Loss=0.0318 Acc=99.9% | Test: Acc=1.9% | Best=1.9%(@260)
  from x3: 0.02 0.02 0.02 0.02 0.02 0.02 0.02 0.02 0.02 0.02 0.02 0.02 0.02
  per-rule acc: 0.02 0.02
Epoch 280 | Train: Loss=0.0294 Acc=99.9% | Test: Acc=2.1% | Best=2.1%(@280)
  from x3: 0.02 0.02 0.02 0.02 0.02 0.02 0.02 0.02 0.02 0.02 0.02 0.02 0.02
  per-rule acc: 0.02 0.02
Epoch 300 | Train: Loss=0.0240 Acc=100.0% | Test: Acc=1.8% | Best=2.1%(@280)
  from x3: 0.02 0.02 0.02 0.02 0.02 0.02 0.02 0.02 0.02 0.02 0.02 0.02 0.02
  per-rule acc: 0.02 0.02
Epoch 320 | Train: Loss=0.0284 Acc=99.9% | Test: Acc=1.9% | Best=2.1%(@280)
  from x3: 0.02 0.02 0.02 0.02 0.02 0.02 0.02 0.02 0.02 0.02 0.02 0.02 0.02
  per-rule acc: 0.02 0.02
Epoch 340 | Train: Loss=0.0282 Acc=99.9% | Test: Acc=1.9% | Best=2.1%(@280)
  from x3: 0.02 0.02 0.02 0.02 0.02 0.02 0.02 0.02 0.02 0.02 0.02 0.02 0.02
  per-rule acc: 0.02 0.02
Epoch 360 | Train: Loss=0.0289 Acc=99.9% | Test: Acc=1.9% | Best=2.1%(@280)
  from x3: 0.02 0.02 0.02 0.02 0.02 0.02 0.02 0.02 0.02 0.02 0.02 0.02 0.02
  per-rule acc: 0.02 0.02
Epoch 380 | Train: Loss=0.0224 Acc=100.0% | Test: Acc=2.0% | Best=2.1%(@280)
  from x3: 0.02 0.02 0.02 0.02 0.02 0.02 0.02 0.02 0.02 0.02 0.02 0.02 0.02
  per-rule acc: 0.02 0.02
Epoch 400 | Train: Loss=0.0240 Acc=99.9% | Test: Acc=2.0% | Best=2.1%(@280)
  from x3: 0.02 0.02 0.02 0.02 0.02 0.02 0.02 0.02 0.02 0.02 0.02 0.02 0.02
  per-rule acc: 0.01 0.02
Epoch 420 | Train: Loss=0.0152 Acc=100.0% | Test: Acc=2.0% | Best=2.1%(@280)
  from x3: 0.02 0.02 0.02 0.02 0.02 0.02 0.02 0.02 0.02 0.02 0.02 0.02 0.02
  per-rule acc: 0.02 0.02
Epoch 440 | Train: Loss=0.0269 Acc=99.9% | Test: Acc=2.0% | Best=2.1%(@280)
  from x3: 0.02 0.02 0.02 0.02 0.02 0.02 0.02 0.02 0.02 0.02 0.02 0.02 0.02
  per-rule acc: 0.02 0.02
Epoch 460 | Train: Loss=0.0152 Acc=100.0% | Test: Acc=2.0% | Best=2.1%(@280)
  from x3: 0.02 0.02 0.02 0.02 0.02 0.02 0.02 0.02 0.02 0.02 0.02 0.02 0.02
  per-rule acc: 0.02 0.02
Epoch 480 | Train: Loss=0.0219 Acc=99.9% | Test: Acc=2.2% | Best=2.2%(@480)
  from x3: 0.02 0.02 0.02 0.02 0.02 0.02 0.02 0.02 0.02 0.02 0.02 0.02 0.02
  per-rule acc: 0.02 0.03
Epoch 500 | Train: Loss=0.0164 Acc=99.9% | Test: Acc=2.1% | Best=2.2%(@480)
  from x3: 0.02 0.02 0.02 0.02 0.02 0.02 0.02 0.02 0.02 0.02 0.02 0.02 0.02
  per-rule acc: 0.02 0.02
Epoch 520 | Train: Loss=0.0253 Acc=99.9% | Test: Acc=2.0% | Best=2.2%(@480)
  from x3: 0.02 0.02 0.02 0.02 0.02 0.02 0.02 0.02 0.02 0.02 0.02 0.02 0.02
  per-rule acc: 0.02 0.02
Epoch 540 | Train: Loss=0.0177 Acc=99.9% | Test: Acc=2.2% | Best=2.2%(@540)
  from x3: 0.02 0.02 0.02 0.02 0.02 0.02 0.02 0.02 0.02 0.02 0.02 0.02 0.02
  per-rule acc: 0.02 0.03
Epoch 560 | Train: Loss=0.0234 Acc=99.9% | Test: Acc=2.2% | Best=2.2%(@540)
  from x3: 0.02 0.02 0.02 0.02 0.02 0.02 0.02 0.02 0.02 0.02 0.02 0.02 0.02
  per-rule acc: 0.02 0.03
Epoch 580 | Train: Loss=0.0172 Acc=99.9% | Test: Acc=2.3% | Best=2.3%(@580)
  from x3: 0.02 0.02 0.02 0.02 0.02 0.02 0.02 0.02 0.02 0.02 0.02 0.02 0.02
  per-rule acc: 0.02 0.03
Epoch 600 | Train: Loss=0.0185 Acc=100.0% | Test: Acc=2.4% | Best=2.4%(@600)
  from x3: 0.02 0.02 0.02 0.02 0.02 0.02 0.02 0.02 0.02 0.02 0.02 0.02 0.02
  per-rule acc: 0.02 0.03
Epoch 620 | Train: Loss=0.0179 Acc=99.9% | Test: Acc=2.5% | Best=2.5%(@620)
  from x3: 0.02 0.02 0.02 0.03 0.02 0.02 0.03 0.03 0.02 0.02 0.02 0.02 0.02
  per-rule acc: 0.02 0.03
Epoch 640 | Train: Loss=0.0246 Acc=99.9% | Test: Acc=2.5% | Best=2.5%(@640)
  from x3: 0.03 0.03 0.03 0.03 0.03 0.03 0.02 0.02 0.03 0.03 0.02 0.02 0.02
  per-rule acc: 0.02 0.03
Epoch 660 | Train: Loss=0.0168 Acc=99.9% | Test: Acc=2.6% | Best=2.6%(@660)
  from x3: 0.03 0.03 0.03 0.03 0.03 0.03 0.03 0.03 0.03 0.03 0.03 0.03 0.03
  per-rule acc: 0.02 0.03
Epoch 680 | Train: Loss=0.0264 Acc=99.9% | Test: Acc=2.4% | Best=2.6%(@660)
  from x3: 0.03 0.03 0.02 0.02 0.02 0.02 0.02 0.02 0.02 0.02 0.02 0.02 0.02
  per-rule acc: 0.02 0.03
Epoch 700 | Train: Loss=0.0192 Acc=99.9% | Test: Acc=2.6% | Best=2.6%(@700)
  from x3: 0.03 0.03 0.03 0.03 0.03 0.03 0.03 0.03 0.03 0.03 0.03 0.03 0.03
  per-rule acc: 0.02 0.03
Epoch 720 | Train: Loss=0.0163 Acc=99.9% | Test: Acc=2.6% | Best=2.6%(@720)
  from x3: 0.03 0.03 0.03 0.03 0.03 0.03 0.03 0.03 0.03 0.03 0.03 0.03 0.03
  per-rule acc: 0.03 0.03
Epoch 740 | Train: Loss=0.0194 Acc=99.9% | Test: Acc=2.8% | Best=2.8%(@740)
  from x3: 0.03 0.03 0.03 0.03 0.03 0.03 0.03 0.03 0.03 0.03 0.03 0.03 0.03
  per-rule acc: 0.03 0.03
Epoch 760 | Train: Loss=0.0226 Acc=99.9% | Test: Acc=2.9% | Best=2.9%(@760)
  from x3: 0.03 0.03 0.03 0.03 0.03 0.03 0.03 0.03 0.03 0.03 0.03 0.03 0.03
  per-rule acc: 0.02 0.03
Epoch 780 | Train: Loss=0.0136 Acc=100.0% | Test: Acc=2.8% | Best=2.9%(@760)
  from x3: 0.03 0.03 0.03 0.03 0.03 0.03 0.03 0.03 0.03 0.03 0.03 0.03 0.03
  per-rule acc: 0.03 0.03
Epoch 800 | Train: Loss=0.0176 Acc=100.0% | Test: Acc=3.0% | Best=3.0%(@800)
  from x3: 0.03 0.03 0.03 0.03 0.03 0.03 0.03 0.03 0.03 0.03 0.03 0.03 0.03
  per-rule acc: 0.03 0.03
Epoch 820 | Train: Loss=0.0139 Acc=100.0% | Test: Acc=3.1% | Best=3.1%(@820)
  from x3: 0.03 0.03 0.03 0.03 0.03 0.03 0.03 0.03 0.03 0.03 0.03 0.03 0.03
  per-rule acc: 0.03 0.03
Epoch 840 | Train: Loss=0.0266 Acc=99.9% | Test: Acc=2.9% | Best=3.1%(@820)
  from x3: 0.03 0.03 0.03 0.03 0.03 0.03 0.03 0.03 0.03 0.03 0.03 0.03 0.03
  per-rule acc: 0.03 0.03
Epoch 860 | Train: Loss=0.0131 Acc=99.9% | Test: Acc=3.2% | Best=3.2%(@860)
  from x3: 0.03 0.03 0.03 0.03 0.03 0.03 0.03 0.03 0.03 0.03 0.03 0.03 0.03
  per-rule acc: 0.03 0.03
Epoch 880 | Train: Loss=0.0178 Acc=99.9% | Test: Acc=3.2% | Best=3.2%(@860)
  from x3: 0.03 0.03 0.03 0.03 0.03 0.03 0.03 0.03 0.03 0.03 0.03 0.03 0.03
  per-rule acc: 0.03 0.03
Epoch 900 | Train: Loss=0.0124 Acc=99.9% | Test: Acc=3.3% | Best=3.3%(@900)
  from x3: 0.03 0.03 0.03 0.03 0.03 0.03 0.03 0.03 0.03 0.03 0.03 0.03 0.03
  per-rule acc: 0.04 0.03
Epoch 920 | Train: Loss=0.0172 Acc=99.9% | Test: Acc=3.1% | Best=3.3%(@900)
  from x3: 0.03 0.03 0.03 0.03 0.03 0.03 0.03 0.03 0.03 0.03 0.03 0.03 0.03
  per-rule acc: 0.03 0.03
Epoch 940 | Train: Loss=0.0196 Acc=99.9% | Test: Acc=3.0% | Best=3.3%(@900)
  from x3: 0.03 0.03 0.03 0.03 0.03 0.03 0.03 0.03 0.03 0.03 0.03 0.03 0.03
  per-rule acc: 0.03 0.03
Epoch 960 | Train: Loss=0.0142 Acc=99.9% | Test: Acc=3.2% | Best=3.3%(@900)
  from x3: 0.03 0.03 0.03 0.03 0.03 0.03 0.03 0.03 0.03 0.03 0.03 0.03 0.03
  per-rule acc: 0.03 0.03
Epoch 980 | Train: Loss=0.0163 Acc=99.9% | Test: Acc=3.4% | Best=3.4%(@980)
  from x3: 0.04 0.03 0.03 0.03 0.03 0.03 0.03 0.03 0.03 0.03 0.03 0.03 0.03
  per-rule acc: 0.04 0.03
Epoch 1000 | Train: Loss=0.0187 Acc=99.9% | Test: Acc=3.3% | Best=3.4%(@980)
  from x3: 0.04 0.03 0.03 0.03 0.03 0.03 0.03 0.03 0.03 0.03 0.03 0.03 0.03
  per-rule acc: 0.04 0.03
Epoch 1020 | Train: Loss=0.0110 Acc=100.0% | Test: Acc=3.6% | Best=3.6%(@1020)
  from x3: 0.04 0.04 0.04 0.04 0.04 0.04 0.04 0.04 0.04 0.04 0.04 0.04 0.04
  per-rule acc: 0.04 0.03
Epoch 1040 | Train: Loss=0.0104 Acc=100.0% | Test: Acc=3.5% | Best=3.6%(@1020)
  from x3: 0.04 0.04 0.04 0.03 0.03 0.03 0.03 0.03 0.04 0.03 0.04 0.03 0.04
  per-rule acc: 0.04 0.03
Epoch 1060 | Train: Loss=0.0137 Acc=99.9% | Test: Acc=3.8% | Best=3.8%(@1060)
  from x3: 0.04 0.04 0.04 0.04 0.04 0.04 0.04 0.04 0.04 0.04 0.04 0.04 0.04
  per-rule acc: 0.04 0.03
Epoch 1080 | Train: Loss=0.0184 Acc=100.0% | Test: Acc=3.7% | Best=3.8%(@1060)
  from x3: 0.04 0.04 0.04 0.04 0.04 0.04 0.04 0.04 0.04 0.04 0.04 0.04 0.04
  per-rule acc: 0.04 0.03
Epoch 1100 | Train: Loss=0.0106 Acc=100.0% | Test: Acc=3.6% | Best=3.8%(@1060)
  from x3: 0.04 0.04 0.04 0.04 0.04 0.04 0.04 0.04 0.04 0.04 0.04 0.04 0.03
  per-rule acc: 0.04 0.03
Epoch 1120 | Train: Loss=0.0114 Acc=100.0% | Test: Acc=3.8% | Best=3.8%(@1120)
  from x3: 0.04 0.04 0.04 0.04 0.04 0.04 0.04 0.04 0.04 0.04 0.04 0.04 0.04
  per-rule acc: 0.04 0.03
Epoch 1140 | Train: Loss=0.0138 Acc=99.9% | Test: Acc=3.9% | Best=3.9%(@1140)
  from x3: 0.04 0.04 0.04 0.04 0.04 0.04 0.04 0.04 0.04 0.04 0.04 0.04 0.04
  per-rule acc: 0.04 0.03
Epoch 1160 | Train: Loss=0.0130 Acc=99.9% | Test: Acc=4.0% | Best=4.0%(@1160)
  from x3: 0.04 0.04 0.04 0.04 0.04 0.04 0.04 0.04 0.04 0.04 0.04 0.04 0.04
  per-rule acc: 0.04 0.03
Epoch 1180 | Train: Loss=0.0118 Acc=100.0% | Test: Acc=4.1% | Best=4.1%(@1180)
  from x3: 0.04 0.04 0.04 0.04 0.04 0.04 0.04 0.04 0.04 0.04 0.04 0.04 0.04
  per-rule acc: 0.05 0.04
Epoch 1200 | Train: Loss=0.0186 Acc=99.9% | Test: Acc=4.0% | Best=4.1%(@1180)
  from x3: 0.04 0.04 0.04 0.04 0.04 0.04 0.04 0.04 0.04 0.04 0.04 0.04 0.04
  per-rule acc: 0.05 0.03
Epoch 1220 | Train: Loss=0.0147 Acc=99.9% | Test: Acc=4.2% | Best=4.2%(@1220)
  from x3: 0.04 0.04 0.04 0.04 0.04 0.04 0.04 0.04 0.04 0.04 0.04 0.04 0.04
  per-rule acc: 0.05 0.04
Epoch 1240 | Train: Loss=0.0167 Acc=99.9% | Test: Acc=4.2% | Best=4.2%(@1220)
  from x3: 0.04 0.04 0.04 0.04 0.04 0.04 0.04 0.04 0.04 0.04 0.04 0.04 0.04
  per-rule acc: 0.05 0.04
Epoch 1260 | Train: Loss=0.0156 Acc=99.9% | Test: Acc=4.1% | Best=4.2%(@1220)
  from x3: 0.04 0.04 0.04 0.04 0.04 0.04 0.04 0.04 0.04 0.04 0.04 0.04 0.04
  per-rule acc: 0.05 0.03
Epoch 1280 | Train: Loss=0.0130 Acc=100.0% | Test: Acc=4.2% | Best=4.2%(@1280)
  from x3: 0.04 0.04 0.04 0.04 0.04 0.04 0.04 0.04 0.04 0.04 0.04 0.04 0.04
  per-rule acc: 0.05 0.04
Epoch 1300 | Train: Loss=0.0129 Acc=99.9% | Test: Acc=4.3% | Best=4.3%(@1300)
  from x3: 0.04 0.04 0.04 0.04 0.04 0.04 0.04 0.04 0.04 0.04 0.04 0.04 0.04
  per-rule acc: 0.05 0.04
Epoch 1320 | Train: Loss=0.0130 Acc=100.0% | Test: Acc=4.8% | Best=4.8%(@1320)
  from x3: 0.05 0.05 0.05 0.05 0.05 0.05 0.05 0.05 0.05 0.05 0.05 0.05 0.05
  per-rule acc: 0.06 0.04
Epoch 1340 | Train: Loss=0.0099 Acc=100.0% | Test: Acc=4.8% | Best=4.8%(@1340)
  from x3: 0.04 0.05 0.05 0.05 0.05 0.05 0.05 0.05 0.05 0.05 0.05 0.05 0.05
  per-rule acc: 0.06 0.04
Epoch 1360 | Train: Loss=0.0190 Acc=99.9% | Test: Acc=4.9% | Best=4.9%(@1360)
  from x3: 0.04 0.05 0.05 0.05 0.05 0.05 0.05 0.05 0.05 0.05 0.05 0.05 0.05
  per-rule acc: 0.06 0.04
Epoch 1380 | Train: Loss=0.0135 Acc=100.0% | Test: Acc=5.0% | Best=5.0%(@1380)
  from x3: 0.05 0.05 0.05 0.05 0.05 0.05 0.05 0.05 0.05 0.05 0.05 0.05 0.05
  per-rule acc: 0.06 0.04
Epoch 1400 | Train: Loss=0.0099 Acc=100.0% | Test: Acc=5.0% | Best=5.0%(@1380)
  from x3: 0.05 0.05 0.05 0.05 0.05 0.05 0.05 0.05 0.05 0.05 0.05 0.05 0.05
  per-rule acc: 0.06 0.04
Epoch 1420 | Train: Loss=0.0138 Acc=99.9% | Test: Acc=5.0% | Best=5.0%(@1380)
  from x3: 0.05 0.05 0.05 0.05 0.05 0.05 0.05 0.05 0.05 0.05 0.05 0.05 0.05
  per-rule acc: 0.06 0.04
Epoch 1440 | Train: Loss=0.0087 Acc=100.0% | Test: Acc=5.2% | Best=5.2%(@1440)
  from x3: 0.05 0.05 0.05 0.05 0.05 0.05 0.05 0.05 0.05 0.05 0.05 0.05 0.05
  per-rule acc: 0.06 0.04
Epoch 1460 | Train: Loss=0.0080 Acc=100.0% | Test: Acc=5.3% | Best=5.3%(@1460)
  from x3: 0.05 0.05 0.05 0.05 0.05 0.05 0.05 0.05 0.05 0.05 0.05 0.05 0.05
  per-rule acc: 0.06 0.04
Epoch 1480 | Train: Loss=0.0136 Acc=100.0% | Test: Acc=5.6% | Best=5.6%(@1480)
  from x3: 0.06 0.06 0.06 0.06 0.06 0.06 0.06 0.06 0.06 0.06 0.06 0.06 0.06
  per-rule acc: 0.07 0.05
Epoch 1500 | Train: Loss=0.0155 Acc=100.0% | Test: Acc=5.4% | Best=5.6%(@1480)
  from x3: 0.05 0.06 0.05 0.05 0.05 0.05 0.05 0.05 0.05 0.05 0.05 0.05 0.06
  per-rule acc: 0.06 0.05
Epoch 1520 | Train: Loss=0.0129 Acc=100.0% | Test: Acc=5.7% | Best=5.7%(@1520)
  from x3: 0.06 0.06 0.06 0.06 0.06 0.06 0.06 0.06 0.06 0.06 0.06 0.06 0.06
  per-rule acc: 0.07 0.05
Epoch 1540 | Train: Loss=0.0102 Acc=100.0% | Test: Acc=5.7% | Best=5.7%(@1540)
  from x3: 0.06 0.06 0.06 0.06 0.06 0.06 0.06 0.06 0.06 0.06 0.06 0.06 0.06
  per-rule acc: 0.07 0.05
Epoch 1560 | Train: Loss=0.0131 Acc=99.9% | Test: Acc=5.9% | Best=5.9%(@1560)
  from x3: 0.06 0.06 0.06 0.06 0.06 0.06 0.06 0.06 0.06 0.06 0.06 0.06 0.06
  per-rule acc: 0.07 0.05
Epoch 1580 | Train: Loss=0.0105 Acc=100.0% | Test: Acc=5.6% | Best=5.9%(@1560)
  from x3: 0.06 0.05 0.05 0.06 0.06 0.06 0.06 0.06 0.06 0.06 0.06 0.06 0.06
  per-rule acc: 0.07 0.04
Epoch 1600 | Train: Loss=0.0107 Acc=100.0% | Test: Acc=6.3% | Best=6.3%(@1600)
  from x3: 0.06 0.06 0.06 0.06 0.06 0.06 0.06 0.06 0.06 0.06 0.06 0.06 0.07
  per-rule acc: 0.07 0.05
Epoch 1620 | Train: Loss=0.0085 Acc=100.0% | Test: Acc=6.1% | Best=6.3%(@1600)
  from x3: 0.06 0.06 0.06 0.06 0.06 0.06 0.06 0.06 0.06 0.06 0.06 0.06 0.06
  per-rule acc: 0.07 0.05
Epoch 1640 | Train: Loss=0.0146 Acc=100.0% | Test: Acc=5.9% | Best=6.3%(@1600)
  from x3: 0.06 0.06 0.06 0.06 0.06 0.06 0.06 0.06 0.06 0.06 0.06 0.06 0.06
  per-rule acc: 0.07 0.05
Epoch 1660 | Train: Loss=0.0116 Acc=100.0% | Test: Acc=6.3% | Best=6.3%(@1600)
  from x3: 0.06 0.06 0.06 0.06 0.06 0.06 0.06 0.06 0.06 0.06 0.06 0.06 0.06
  per-rule acc: 0.07 0.05
Epoch 1680 | Train: Loss=0.0122 Acc=100.0% | Test: Acc=6.4% | Best=6.4%(@1680)
  from x3: 0.06 0.06 0.06 0.06 0.06 0.06 0.06 0.06 0.06 0.06 0.06 0.06 0.06
  per-rule acc: 0.07 0.06
Epoch 1700 | Train: Loss=0.0237 Acc=100.0% | Test: Acc=6.3% | Best=6.4%(@1680)
  from x3: 0.06 0.06 0.06 0.06 0.06 0.06 0.06 0.06 0.06 0.06 0.06 0.06 0.07
  per-rule acc: 0.07 0.06
Epoch 1720 | Train: Loss=0.0083 Acc=100.0% | Test: Acc=7.0% | Best=7.0%(@1720)
  from x3: 0.07 0.07 0.07 0.07 0.07 0.07 0.07 0.07 0.07 0.07 0.07 0.07 0.07
  per-rule acc: 0.07 0.07
Epoch 1740 | Train: Loss=0.0153 Acc=100.0% | Test: Acc=6.6% | Best=7.0%(@1720)
  from x3: 0.07 0.07 0.07 0.07 0.07 0.07 0.07 0.07 0.07 0.07 0.07 0.07 0.07
  per-rule acc: 0.08 0.06
Epoch 1760 | Train: Loss=0.0091 Acc=100.0% | Test: Acc=6.5% | Best=7.0%(@1720)
  from x3: 0.07 0.06 0.06 0.07 0.07 0.07 0.07 0.07 0.07 0.07 0.07 0.07 0.07
  per-rule acc: 0.07 0.06
Epoch 1780 | Train: Loss=0.0173 Acc=99.9% | Test: Acc=6.8% | Best=7.0%(@1720)
  from x3: 0.07 0.07 0.07 0.07 0.07 0.07 0.07 0.07 0.07 0.07 0.07 0.07 0.07
  per-rule acc: 0.07 0.06
Epoch 1800 | Train: Loss=0.0172 Acc=99.9% | Test: Acc=7.0% | Best=7.0%(@1720)
  from x3: 0.07 0.07 0.07 0.07 0.07 0.07 0.07 0.07 0.07 0.07 0.07 0.07 0.07
  per-rule acc: 0.07 0.07
Epoch 1820 | Train: Loss=0.0179 Acc=100.0% | Test: Acc=7.0% | Best=7.0%(@1720)
  from x3: 0.07 0.07 0.07 0.07 0.07 0.07 0.07 0.07 0.07 0.07 0.07 0.07 0.07
  per-rule acc: 0.07 0.07
Epoch 1840 | Train: Loss=0.0082 Acc=100.0% | Test: Acc=7.2% | Best=7.2%(@1840)
  from x3: 0.07 0.07 0.07 0.07 0.07 0.07 0.07 0.07 0.07 0.07 0.07 0.07 0.07
  per-rule acc: 0.07 0.07
Epoch 1860 | Train: Loss=0.0160 Acc=100.0% | Test: Acc=7.7% | Best=7.7%(@1860)
  from x3: 0.07 0.08 0.08 0.08 0.08 0.08 0.08 0.08 0.08 0.08 0.08 0.08 0.08
  per-rule acc: 0.08 0.08
Epoch 1880 | Train: Loss=0.0164 Acc=99.9% | Test: Acc=6.8% | Best=7.7%(@1860)
  from x3: 0.07 0.07 0.07 0.07 0.07 0.07 0.07 0.07 0.07 0.07 0.07 0.07 0.07
  per-rule acc: 0.07 0.07
Epoch 1900 | Train: Loss=0.0098 Acc=100.0% | Test: Acc=7.8% | Best=7.8%(@1900)
  from x3: 0.08 0.08 0.08 0.08 0.08 0.08 0.08 0.08 0.08 0.08 0.08 0.08 0.08
  per-rule acc: 0.08 0.08
Epoch 1920 | Train: Loss=0.0124 Acc=100.0% | Test: Acc=7.7% | Best=7.8%(@1900)
  from x3: 0.08 0.08 0.08 0.08 0.08 0.08 0.08 0.08 0.08 0.08 0.08 0.08 0.08
  per-rule acc: 0.08 0.08
Epoch 1940 | Train: Loss=0.0091 Acc=99.9% | Test: Acc=8.2% | Best=8.2%(@1940)
  from x3: 0.08 0.08 0.08 0.08 0.08 0.08 0.08 0.08 0.08 0.08 0.08 0.08 0.08
  per-rule acc: 0.08 0.08
Epoch 1960 | Train: Loss=0.0121 Acc=100.0% | Test: Acc=8.0% | Best=8.2%(@1940)
  from x3: 0.08 0.08 0.08 0.08 0.08 0.08 0.08 0.08 0.08 0.08 0.08 0.08 0.08
  per-rule acc: 0.08 0.08
Epoch 1980 | Train: Loss=0.0075 Acc=100.0% | Test: Acc=8.0% | Best=8.2%(@1940)
  from x3: 0.08 0.08 0.08 0.08 0.08 0.08 0.08 0.08 0.08 0.08 0.08 0.08 0.08
  per-rule acc: 0.08 0.08
Epoch 2000 | Train: Loss=0.0178 Acc=100.0% | Test: Acc=8.0% | Best=8.2%(@1940)
  from x3: 0.08 0.08 0.08 0.08 0.08 0.08 0.08 0.08 0.08 0.08 0.08 0.08 0.08
  per-rule acc: 0.07 0.09
Epoch 2020 | Train: Loss=0.0070 Acc=100.0% | Test: Acc=9.2% | Best=9.2%(@2020)
  from x3: 0.09 0.09 0.09 0.09 0.09 0.09 0.09 0.09 0.09 0.09 0.09 0.09 0.09
  per-rule acc: 0.09 0.09
Epoch 2040 | Train: Loss=0.0080 Acc=100.0% | Test: Acc=9.2% | Best=9.2%(@2040)
  from x3: 0.09 0.10 0.09 0.09 0.09 0.09 0.09 0.09 0.09 0.09 0.09 0.09 0.09
  per-rule acc: 0.09 0.10
Epoch 2060 | Train: Loss=0.0187 Acc=99.9% | Test: Acc=8.2% | Best=9.2%(@2040)
  from x3: 0.08 0.08 0.08 0.08 0.08 0.08 0.08 0.08 0.08 0.08 0.08 0.08 0.08
  per-rule acc: 0.08 0.08
Epoch 2080 | Train: Loss=0.0160 Acc=99.9% | Test: Acc=7.9% | Best=9.2%(@2040)
  from x3: 0.08 0.08 0.08 0.08 0.08 0.08 0.08 0.08 0.08 0.08 0.08 0.08 0.08
  per-rule acc: 0.07 0.08
Epoch 2100 | Train: Loss=0.0088 Acc=100.0% | Test: Acc=9.7% | Best=9.7%(@2100)
  from x3: 0.10 0.10 0.10 0.10 0.10 0.10 0.10 0.10 0.10 0.10 0.10 0.10 0.10
  per-rule acc: 0.09 0.11
Epoch 2120 | Train: Loss=0.0146 Acc=100.0% | Test: Acc=9.3% | Best=9.7%(@2100)
  from x3: 0.09 0.09 0.09 0.09 0.09 0.09 0.09 0.09 0.09 0.09 0.09 0.09 0.09
  per-rule acc: 0.08 0.10
Epoch 2140 | Train: Loss=0.0077 Acc=100.0% | Test: Acc=10.1% | Best=10.1%(@2140)
  from x3: 0.10 0.10 0.10 0.10 0.10 0.10 0.10 0.10 0.10 0.10 0.10 0.10 0.10
  per-rule acc: 0.09 0.11
Epoch 2160 | Train: Loss=0.0093 Acc=99.9% | Test: Acc=10.5% | Best=10.5%(@2160)
  from x3: 0.11 0.10 0.11 0.11 0.11 0.11 0.11 0.11 0.11 0.10 0.10 0.10 0.10
  per-rule acc: 0.09 0.12
Epoch 2180 | Train: Loss=0.0120 Acc=100.0% | Test: Acc=10.9% | Best=10.9%(@2180)
  from x3: 0.11 0.11 0.11 0.11 0.11 0.11 0.11 0.11 0.11 0.11 0.11 0.11 0.11
  per-rule acc: 0.09 0.13
Epoch 2200 | Train: Loss=0.0113 Acc=99.9% | Test: Acc=11.1% | Best=11.1%(@2200)
  from x3: 0.11 0.11 0.11 0.11 0.11 0.11 0.11 0.11 0.11 0.11 0.11 0.11 0.11
  per-rule acc: 0.10 0.13
Epoch 2220 | Train: Loss=0.0076 Acc=100.0% | Test: Acc=11.6% | Best=11.6%(@2220)
  from x3: 0.12 0.12 0.12 0.12 0.12 0.11 0.12 0.11 0.12 0.12 0.12 0.12 0.12
  per-rule acc: 0.10 0.13
Epoch 2240 | Train: Loss=0.0082 Acc=100.0% | Test: Acc=11.8% | Best=11.8%(@2240)
  from x3: 0.11 0.12 0.12 0.12 0.12 0.12 0.12 0.12 0.12 0.12 0.12 0.12 0.12
  per-rule acc: 0.10 0.14
Epoch 2260 | Train: Loss=0.0171 Acc=99.9% | Test: Acc=10.8% | Best=11.8%(@2240)
  from x3: 0.11 0.11 0.11 0.11 0.11 0.11 0.11 0.11 0.11 0.11 0.11 0.11 0.11
  per-rule acc: 0.09 0.13
Epoch 2280 | Train: Loss=0.0092 Acc=100.0% | Test: Acc=12.0% | Best=12.0%(@2280)
  from x3: 0.12 0.12 0.12 0.12 0.12 0.12 0.12 0.12 0.12 0.12 0.12 0.12 0.12
  per-rule acc: 0.10 0.14
Epoch 2300 | Train: Loss=0.0063 Acc=100.0% | Test: Acc=12.5% | Best=12.5%(@2300)
  from x3: 0.12 0.13 0.12 0.13 0.13 0.13 0.13 0.12 0.13 0.12 0.12 0.12 0.12
  per-rule acc: 0.10 0.15
Epoch 2320 | Train: Loss=0.0097 Acc=100.0% | Test: Acc=12.1% | Best=12.5%(@2300)
  from x3: 0.12 0.12 0.12 0.12 0.12 0.12 0.12 0.12 0.12 0.12 0.12 0.12 0.12
  per-rule acc: 0.10 0.14
Epoch 2340 | Train: Loss=0.0103 Acc=99.9% | Test: Acc=11.8% | Best=12.5%(@2300)
  from x3: 0.12 0.12 0.12 0.12 0.12 0.12 0.12 0.12 0.12 0.12 0.12 0.12 0.12
  per-rule acc: 0.09 0.14
Epoch 2360 | Train: Loss=0.0083 Acc=100.0% | Test: Acc=13.8% | Best=13.8%(@2360)
  from x3: 0.14 0.14 0.14 0.14 0.14 0.14 0.14 0.14 0.14 0.14 0.14 0.14 0.14
  per-rule acc: 0.11 0.17
Epoch 2380 | Train: Loss=0.0125 Acc=100.0% | Test: Acc=12.6% | Best=13.8%(@2360)
  from x3: 0.13 0.13 0.13 0.12 0.12 0.13 0.13 0.13 0.13 0.13 0.13 0.12 0.12
  per-rule acc: 0.10 0.15
Epoch 2400 | Train: Loss=0.0138 Acc=99.9% | Test: Acc=13.0% | Best=13.8%(@2360)
  from x3: 0.13 0.13 0.13 0.13 0.13 0.13 0.13 0.13 0.13 0.13 0.13 0.13 0.13
  per-rule acc: 0.10 0.16
Epoch 2420 | Train: Loss=0.0101 Acc=100.0% | Test: Acc=14.9% | Best=14.9%(@2420)
  from x3: 0.15 0.15 0.15 0.15 0.15 0.15 0.15 0.15 0.15 0.15 0.15 0.15 0.15
  per-rule acc: 0.12 0.18
Epoch 2440 | Train: Loss=0.0090 Acc=100.0% | Test: Acc=14.9% | Best=14.9%(@2420)
  from x3: 0.15 0.15 0.15 0.15 0.15 0.15 0.15 0.15 0.15 0.15 0.15 0.15 0.15
  per-rule acc: 0.11 0.19
Epoch 2460 | Train: Loss=0.0101 Acc=100.0% | Test: Acc=14.6% | Best=14.9%(@2420)
  from x3: 0.14 0.15 0.14 0.14 0.15 0.15 0.15 0.15 0.15 0.15 0.15 0.15 0.15
  per-rule acc: 0.11 0.19
Epoch 2480 | Train: Loss=0.0089 Acc=100.0% | Test: Acc=16.6% | Best=16.6%(@2480)
  from x3: 0.17 0.16 0.17 0.17 0.17 0.17 0.16 0.16 0.16 0.17 0.17 0.17 0.17
  per-rule acc: 0.13 0.21
Epoch 2500 | Train: Loss=0.0067 Acc=100.0% | Test: Acc=17.5% | Best=17.5%(@2500)
  from x3: 0.17 0.17 0.17 0.17 0.17 0.17 0.18 0.18 0.18 0.18 0.18 0.18 0.18
  per-rule acc: 0.13 0.22
Epoch 2520 | Train: Loss=0.0073 Acc=100.0% | Test: Acc=17.5% | Best=17.5%(@2500)
  from x3: 0.18 0.18 0.17 0.17 0.17 0.17 0.17 0.18 0.18 0.17 0.17 0.17 0.17
  per-rule acc: 0.13 0.22
Epoch 2540 | Train: Loss=0.0117 Acc=100.0% | Test: Acc=16.6% | Best=17.5%(@2500)
  from x3: 0.17 0.17 0.17 0.17 0.17 0.17 0.17 0.17 0.17 0.17 0.17 0.16 0.17
  per-rule acc: 0.13 0.21
Epoch 2560 | Train: Loss=0.0052 Acc=100.0% | Test: Acc=18.4% | Best=18.4%(@2560)
  from x3: 0.19 0.19 0.18 0.18 0.18 0.18 0.18 0.18 0.18 0.18 0.18 0.18 0.18
  per-rule acc: 0.14 0.23
Epoch 2580 | Train: Loss=0.0140 Acc=100.0% | Test: Acc=18.3% | Best=18.4%(@2560)
  from x3: 0.18 0.18 0.18 0.18 0.18 0.18 0.18 0.18 0.18 0.18 0.18 0.18 0.18
  per-rule acc: 0.14 0.23
Epoch 2600 | Train: Loss=0.0064 Acc=100.0% | Test: Acc=19.8% | Best=19.8%(@2600)
  from x3: 0.20 0.20 0.20 0.20 0.20 0.20 0.20 0.20 0.20 0.20 0.20 0.20 0.20
  per-rule acc: 0.16 0.24
Epoch 2620 | Train: Loss=0.0178 Acc=100.0% | Test: Acc=18.1% | Best=19.8%(@2600)
  from x3: 0.18 0.18 0.18 0.18 0.18 0.18 0.18 0.18 0.18 0.18 0.18 0.18 0.18
  per-rule acc: 0.13 0.23
Epoch 2640 | Train: Loss=0.0190 Acc=99.9% | Test: Acc=16.9% | Best=19.8%(@2600)
  from x3: 0.16 0.17 0.17 0.17 0.17 0.17 0.17 0.17 0.17 0.17 0.17 0.17 0.17
  per-rule acc: 0.12 0.21
Epoch 2660 | Train: Loss=0.0062 Acc=100.0% | Test: Acc=21.3% | Best=21.3%(@2660)
  from x3: 0.21 0.21 0.21 0.21 0.21 0.21 0.21 0.21 0.21 0.21 0.21 0.21 0.21
  per-rule acc: 0.16 0.27
Epoch 2680 | Train: Loss=0.0085 Acc=100.0% | Test: Acc=21.8% | Best=21.8%(@2680)
  from x3: 0.22 0.22 0.22 0.22 0.22 0.22 0.22 0.22 0.22 0.22 0.22 0.22 0.22
  per-rule acc: 0.16 0.28
Epoch 2700 | Train: Loss=0.0207 Acc=99.8% | Test: Acc=17.9% | Best=21.8%(@2680)
  from x3: 0.18 0.18 0.18 0.18 0.18 0.18 0.18 0.18 0.18 0.18 0.18 0.18 0.18
  per-rule acc: 0.13 0.23
Epoch 2720 | Train: Loss=0.0051 Acc=100.0% | Test: Acc=23.1% | Best=23.1%(@2720)
  from x3: 0.23 0.23 0.23 0.23 0.23 0.23 0.23 0.23 0.23 0.23 0.23 0.23 0.23
  per-rule acc: 0.17 0.29
Epoch 2740 | Train: Loss=0.0062 Acc=100.0% | Test: Acc=24.2% | Best=24.2%(@2740)
  from x3: 0.24 0.24 0.24 0.24 0.24 0.24 0.24 0.24 0.24 0.24 0.24 0.24 0.24
  per-rule acc: 0.17 0.31
Epoch 2760 | Train: Loss=0.0056 Acc=100.0% | Test: Acc=24.5% | Best=24.5%(@2760)
  from x3: 0.24 0.24 0.25 0.25 0.25 0.25 0.25 0.25 0.24 0.24 0.24 0.24 0.24
  per-rule acc: 0.18 0.31
Epoch 2780 | Train: Loss=0.0166 Acc=100.0% | Test: Acc=22.1% | Best=24.5%(@2760)
  from x3: 0.22 0.22 0.22 0.22 0.22 0.22 0.22 0.22 0.22 0.22 0.22 0.22 0.22
  per-rule acc: 0.16 0.28
Epoch 2800 | Train: Loss=0.0059 Acc=100.0% | Test: Acc=25.7% | Best=25.7%(@2800)
  from x3: 0.25 0.26 0.26 0.26 0.26 0.26 0.26 0.26 0.26 0.26 0.26 0.26 0.26
  per-rule acc: 0.19 0.33
Epoch 2820 | Train: Loss=0.0075 Acc=100.0% | Test: Acc=25.6% | Best=25.7%(@2800)
  from x3: 0.26 0.26 0.25 0.26 0.26 0.26 0.26 0.26 0.26 0.26 0.25 0.25 0.26
  per-rule acc: 0.19 0.32
Epoch 2840 | Train: Loss=0.0061 Acc=100.0% | Test: Acc=25.0% | Best=25.7%(@2800)
  from x3: 0.25 0.25 0.25 0.25 0.25 0.25 0.25 0.25 0.25 0.25 0.25 0.25 0.25
  per-rule acc: 0.18 0.32
Epoch 2860 | Train: Loss=0.0040 Acc=100.0% | Test: Acc=28.3% | Best=28.3%(@2860)
  from x3: 0.29 0.28 0.29 0.28 0.28 0.28 0.28 0.28 0.28 0.28 0.28 0.28 0.28
  per-rule acc: 0.19 0.37
Epoch 2880 | Train: Loss=0.0060 Acc=100.0% | Test: Acc=26.4% | Best=28.3%(@2860)
  from x3: 0.27 0.27 0.27 0.26 0.27 0.27 0.27 0.27 0.26 0.26 0.26 0.26 0.26
  per-rule acc: 0.19 0.34
Epoch 2900 | Train: Loss=0.0049 Acc=100.0% | Test: Acc=28.8% | Best=28.8%(@2900)
  from x3: 0.29 0.29 0.29 0.29 0.29 0.29 0.29 0.29 0.29 0.29 0.29 0.29 0.29
  per-rule acc: 0.20 0.37
Epoch 2920 | Train: Loss=0.0062 Acc=100.0% | Test: Acc=28.5% | Best=28.8%(@2900)
  from x3: 0.29 0.29 0.29 0.29 0.29 0.28 0.28 0.28 0.29 0.28 0.28 0.28 0.28
  per-rule acc: 0.20 0.37
Epoch 2940 | Train: Loss=0.0110 Acc=100.0% | Test: Acc=26.8% | Best=28.8%(@2900)
  from x3: 0.27 0.27 0.27 0.27 0.27 0.27 0.27 0.27 0.27 0.27 0.27 0.27 0.27
  per-rule acc: 0.19 0.35
Epoch 2960 | Train: Loss=0.0115 Acc=99.9% | Test: Acc=24.6% | Best=28.8%(@2900)
  from x3: 0.25 0.25 0.25 0.25 0.25 0.25 0.25 0.25 0.25 0.24 0.24 0.24 0.24
  per-rule acc: 0.17 0.32
Epoch 2980 | Train: Loss=0.0123 Acc=100.0% | Test: Acc=28.7% | Best=28.8%(@2900)
  from x3: 0.29 0.28 0.29 0.29 0.29 0.29 0.29 0.29 0.29 0.29 0.29 0.29 0.29
  per-rule acc: 0.21 0.37
Epoch 3000 | Train: Loss=0.0059 Acc=100.0% | Test: Acc=30.4% | Best=30.4%(@3000)
  from x3: 0.30 0.30 0.30 0.30 0.30 0.30 0.30 0.31 0.30 0.30 0.30 0.30 0.30
  per-rule acc: 0.21 0.40
Epoch 3020 | Train: Loss=0.0083 Acc=100.0% | Test: Acc=29.3% | Best=30.4%(@3000)
  from x3: 0.29 0.29 0.29 0.29 0.29 0.29 0.29 0.29 0.29 0.29 0.29 0.29 0.30
  per-rule acc: 0.19 0.40
Epoch 3040 | Train: Loss=0.0107 Acc=100.0% | Test: Acc=30.8% | Best=30.8%(@3040)
  from x3: 0.31 0.31 0.31 0.31 0.31 0.31 0.31 0.31 0.31 0.31 0.31 0.31 0.31
  per-rule acc: 0.22 0.40
Epoch 3060 | Train: Loss=0.0069 Acc=100.0% | Test: Acc=31.9% | Best=31.9%(@3060)
  from x3: 0.32 0.32 0.32 0.32 0.32 0.32 0.32 0.32 0.32 0.32 0.32 0.32 0.32
  per-rule acc: 0.22 0.42
Epoch 3080 | Train: Loss=0.0082 Acc=100.0% | Test: Acc=31.8% | Best=31.9%(@3060)
  from x3: 0.32 0.32 0.32 0.32 0.32 0.32 0.32 0.32 0.32 0.32 0.32 0.32 0.32
  per-rule acc: 0.22 0.42
Epoch 3100 | Train: Loss=0.0047 Acc=100.0% | Test: Acc=35.2% | Best=35.2%(@3100)
  from x3: 0.35 0.35 0.35 0.35 0.35 0.35 0.35 0.35 0.35 0.35 0.35 0.35 0.35
  per-rule acc: 0.24 0.47
Epoch 3120 | Train: Loss=0.0051 Acc=100.0% | Test: Acc=35.1% | Best=35.2%(@3100)
  from x3: 0.35 0.35 0.35 0.35 0.35 0.35 0.35 0.35 0.35 0.35 0.35 0.35 0.35
  per-rule acc: 0.24 0.47
Epoch 3140 | Train: Loss=0.0111 Acc=100.0% | Test: Acc=35.1% | Best=35.2%(@3100)
  from x3: 0.35 0.35 0.35 0.35 0.35 0.35 0.35 0.35 0.35 0.35 0.35 0.35 0.35
  per-rule acc: 0.24 0.46
Epoch 3160 | Train: Loss=0.0040 Acc=100.0% | Test: Acc=37.4% | Best=37.4%(@3160)
  from x3: 0.37 0.37 0.37 0.37 0.37 0.38 0.38 0.37 0.37 0.38 0.38 0.38 0.37
  per-rule acc: 0.25 0.50
Epoch 3180 | Train: Loss=0.0114 Acc=100.0% | Test: Acc=34.0% | Best=37.4%(@3160)
  from x3: 0.34 0.34 0.34 0.34 0.34 0.34 0.34 0.34 0.34 0.34 0.34 0.34 0.34
  per-rule acc: 0.23 0.45
Epoch 3200 | Train: Loss=0.0091 Acc=100.0% | Test: Acc=34.7% | Best=37.4%(@3160)
  from x3: 0.34 0.34 0.35 0.34 0.35 0.35 0.35 0.35 0.35 0.35 0.35 0.35 0.35
  per-rule acc: 0.24 0.45
Epoch 3220 | Train: Loss=0.0095 Acc=100.0% | Test: Acc=34.0% | Best=37.4%(@3160)
  from x3: 0.33 0.34 0.34 0.34 0.34 0.34 0.34 0.34 0.34 0.34 0.34 0.34 0.34
  per-rule acc: 0.22 0.46
Epoch 3240 | Train: Loss=0.0060 Acc=100.0% | Test: Acc=37.6% | Best=37.6%(@3240)
  from x3: 0.38 0.38 0.38 0.38 0.38 0.38 0.38 0.38 0.38 0.38 0.37 0.38 0.38
  per-rule acc: 0.25 0.50
Epoch 3260 | Train: Loss=0.0051 Acc=100.0% | Test: Acc=39.1% | Best=39.1%(@3260)
  from x3: 0.39 0.39 0.39 0.39 0.39 0.39 0.39 0.39 0.39 0.39 0.39 0.39 0.39
  per-rule acc: 0.26 0.53
Epoch 3280 | Train: Loss=0.0082 Acc=100.0% | Test: Acc=38.7% | Best=39.1%(@3260)
  from x3: 0.39 0.39 0.39 0.39 0.39 0.39 0.39 0.39 0.39 0.39 0.39 0.38 0.39
  per-rule acc: 0.26 0.51
Epoch 3300 | Train: Loss=0.0049 Acc=100.0% | Test: Acc=41.1% | Best=41.1%(@3300)
  from x3: 0.41 0.41 0.41 0.41 0.41 0.41 0.41 0.41 0.41 0.41 0.41 0.41 0.41
  per-rule acc: 0.28 0.54
Epoch 3320 | Train: Loss=0.0107 Acc=100.0% | Test: Acc=36.7% | Best=41.1%(@3300)
  from x3: 0.36 0.37 0.36 0.36 0.37 0.37 0.37 0.37 0.37 0.37 0.37 0.37 0.37
  per-rule acc: 0.25 0.48
Epoch 3340 | Train: Loss=0.0062 Acc=100.0% | Test: Acc=42.3% | Best=42.3%(@3340)
  from x3: 0.42 0.42 0.42 0.42 0.42 0.42 0.42 0.42 0.42 0.42 0.42 0.42 0.42
  per-rule acc: 0.28 0.56
Epoch 3360 | Train: Loss=0.0044 Acc=100.0% | Test: Acc=43.2% | Best=43.2%(@3360)
  from x3: 0.43 0.43 0.43 0.43 0.43 0.43 0.43 0.43 0.43 0.43 0.43 0.43 0.43
  per-rule acc: 0.30 0.57
Epoch 3380 | Train: Loss=0.0047 Acc=100.0% | Test: Acc=43.9% | Best=43.9%(@3380)
  from x3: 0.44 0.44 0.44 0.44 0.44 0.44 0.44 0.44 0.44 0.44 0.44 0.44 0.44
  per-rule acc: 0.30 0.58
Epoch 3400 | Train: Loss=0.0083 Acc=100.0% | Test: Acc=42.5% | Best=43.9%(@3380)
  from x3: 0.42 0.42 0.42 0.42 0.43 0.43 0.43 0.42 0.43 0.43 0.43 0.42 0.42
  per-rule acc: 0.26 0.58
Epoch 3420 | Train: Loss=0.0076 Acc=100.0% | Test: Acc=44.0% | Best=44.0%(@3420)
  from x3: 0.44 0.44 0.44 0.44 0.44 0.44 0.44 0.44 0.44 0.44 0.44 0.44 0.44
  per-rule acc: 0.30 0.58
Epoch 3440 | Train: Loss=0.0069 Acc=100.0% | Test: Acc=43.5% | Best=44.0%(@3420)
  from x3: 0.44 0.44 0.44 0.43 0.43 0.43 0.43 0.44 0.44 0.44 0.44 0.43 0.43
  per-rule acc: 0.30 0.57
Epoch 3460 | Train: Loss=0.0036 Acc=100.0% | Test: Acc=47.2% | Best=47.2%(@3460)
  from x3: 0.47 0.47 0.47 0.47 0.47 0.47 0.47 0.47 0.47 0.47 0.47 0.47 0.47
  per-rule acc: 0.33 0.62
Epoch 3480 | Train: Loss=0.0043 Acc=100.0% | Test: Acc=46.2% | Best=47.2%(@3460)
  from x3: 0.46 0.46 0.46 0.46 0.46 0.46 0.46 0.46 0.46 0.46 0.46 0.46 0.46
  per-rule acc: 0.32 0.61
Epoch 3500 | Train: Loss=0.0104 Acc=100.0% | Test: Acc=41.2% | Best=47.2%(@3460)
  from x3: 0.41 0.41 0.41 0.41 0.41 0.41 0.41 0.41 0.41 0.41 0.41 0.41 0.41
  per-rule acc: 0.26 0.56
Epoch 3520 | Train: Loss=0.0078 Acc=100.0% | Test: Acc=46.0% | Best=47.2%(@3460)
  from x3: 0.45 0.46 0.46 0.46 0.46 0.46 0.46 0.46 0.46 0.46 0.46 0.46 0.46
  per-rule acc: 0.31 0.61
Epoch 3540 | Train: Loss=0.0054 Acc=100.0% | Test: Acc=47.9% | Best=47.9%(@3540)
  from x3: 0.48 0.48 0.48 0.48 0.48 0.48 0.48 0.48 0.48 0.48 0.48 0.48 0.48
  per-rule acc: 0.33 0.62
Epoch 3560 | Train: Loss=0.0044 Acc=100.0% | Test: Acc=48.0% | Best=48.0%(@3560)
  from x3: 0.48 0.48 0.48 0.48 0.48 0.48 0.48 0.48 0.48 0.48 0.48 0.48 0.48
  per-rule acc: 0.33 0.63
Epoch 3580 | Train: Loss=0.0046 Acc=100.0% | Test: Acc=49.1% | Best=49.1%(@3580)
  from x3: 0.49 0.49 0.49 0.49 0.49 0.49 0.49 0.49 0.49 0.49 0.49 0.49 0.49
  per-rule acc: 0.34 0.65
Epoch 3600 | Train: Loss=0.0048 Acc=100.0% | Test: Acc=49.2% | Best=49.2%(@3600)
  from x3: 0.49 0.49 0.49 0.49 0.49 0.49 0.49 0.49 0.49 0.49 0.49 0.49 0.49
  per-rule acc: 0.34 0.64
Epoch 3620 | Train: Loss=0.0077 Acc=100.0% | Test: Acc=48.6% | Best=49.2%(@3600)
  from x3: 0.49 0.49 0.49 0.49 0.49 0.49 0.49 0.49 0.49 0.49 0.49 0.48 0.49
  per-rule acc: 0.33 0.64
Epoch 3640 | Train: Loss=0.0099 Acc=100.0% | Test: Acc=48.8% | Best=49.2%(@3600)
  from x3: 0.48 0.48 0.48 0.49 0.49 0.49 0.49 0.49 0.49 0.49 0.49 0.49 0.49
  per-rule acc: 0.33 0.64
Epoch 3660 | Train: Loss=0.0038 Acc=100.0% | Test: Acc=51.9% | Best=51.9%(@3660)
  from x3: 0.51 0.52 0.52 0.52 0.52 0.52 0.52 0.52 0.52 0.52 0.52 0.52 0.52
  per-rule acc: 0.36 0.68
Epoch 3680 | Train: Loss=0.0049 Acc=100.0% | Test: Acc=51.9% | Best=51.9%(@3660)
  from x3: 0.51 0.52 0.52 0.52 0.52 0.52 0.52 0.52 0.52 0.52 0.52 0.52 0.52
  per-rule acc: 0.36 0.67
Epoch 3700 | Train: Loss=0.0048 Acc=100.0% | Test: Acc=52.1% | Best=52.1%(@3700)
  from x3: 0.52 0.52 0.52 0.52 0.52 0.52 0.52 0.52 0.52 0.52 0.52 0.52 0.52
  per-rule acc: 0.37 0.67
Epoch 3720 | Train: Loss=0.0039 Acc=100.0% | Test: Acc=53.3% | Best=53.3%(@3720)
  from x3: 0.53 0.53 0.53 0.53 0.53 0.53 0.53 0.53 0.53 0.53 0.53 0.53 0.53
  per-rule acc: 0.38 0.69
Epoch 3740 | Train: Loss=0.0083 Acc=100.0% | Test: Acc=50.6% | Best=53.3%(@3720)
  from x3: 0.50 0.51 0.51 0.50 0.51 0.51 0.51 0.51 0.51 0.51 0.51 0.51 0.51
  per-rule acc: 0.37 0.65
Epoch 3760 | Train: Loss=0.0038 Acc=100.0% | Test: Acc=54.5% | Best=54.5%(@3760)
  from x3: 0.54 0.54 0.55 0.55 0.55 0.54 0.55 0.55 0.54 0.55 0.55 0.55 0.54
  per-rule acc: 0.39 0.70
Epoch 3780 | Train: Loss=0.0105 Acc=100.0% | Test: Acc=52.7% | Best=54.5%(@3760)
  from x3: 0.53 0.53 0.53 0.52 0.52 0.53 0.53 0.53 0.53 0.53 0.53 0.53 0.53
  per-rule acc: 0.38 0.68
Epoch 3800 | Train: Loss=0.0059 Acc=100.0% | Test: Acc=53.7% | Best=54.5%(@3760)
  from x3: 0.53 0.54 0.54 0.54 0.54 0.54 0.54 0.54 0.54 0.54 0.54 0.54 0.54
  per-rule acc: 0.39 0.69
Epoch 3820 | Train: Loss=0.0091 Acc=100.0% | Test: Acc=52.1% | Best=54.5%(@3760)
  from x3: 0.52 0.52 0.52 0.52 0.52 0.52 0.52 0.52 0.52 0.52 0.52 0.52 0.52
  per-rule acc: 0.38 0.67
Epoch 3840 | Train: Loss=0.0051 Acc=100.0% | Test: Acc=56.0% | Best=56.0%(@3840)
  from x3: 0.55 0.56 0.56 0.56 0.56 0.56 0.56 0.56 0.56 0.56 0.56 0.56 0.56
  per-rule acc: 0.41 0.71
Epoch 3860 | Train: Loss=0.0050 Acc=100.0% | Test: Acc=57.0% | Best=57.0%(@3860)
  from x3: 0.56 0.57 0.57 0.57 0.57 0.57 0.57 0.57 0.57 0.57 0.57 0.57 0.57
  per-rule acc: 0.41 0.73
Epoch 3880 | Train: Loss=0.0087 Acc=100.0% | Test: Acc=55.5% | Best=57.0%(@3860)
  from x3: 0.55 0.55 0.56 0.56 0.56 0.56 0.55 0.56 0.56 0.56 0.55 0.55 0.56
  per-rule acc: 0.41 0.70
Epoch 3900 | Train: Loss=0.0042 Acc=100.0% | Test: Acc=58.3% | Best=58.3%(@3900)
  from x3: 0.58 0.58 0.58 0.58 0.58 0.58 0.58 0.58 0.58 0.59 0.58 0.58 0.58
  per-rule acc: 0.43 0.73
Epoch 3920 | Train: Loss=0.0116 Acc=100.0% | Test: Acc=57.1% | Best=58.3%(@3900)
  from x3: 0.56 0.57 0.57 0.57 0.57 0.57 0.57 0.57 0.57 0.57 0.57 0.57 0.57
  per-rule acc: 0.43 0.72
Epoch 3940 | Train: Loss=0.0058 Acc=100.0% | Test: Acc=58.2% | Best=58.3%(@3900)
  from x3: 0.57 0.58 0.58 0.58 0.58 0.58 0.58 0.58 0.58 0.58 0.58 0.58 0.58
  per-rule acc: 0.43 0.73
Epoch 3960 | Train: Loss=0.0073 Acc=100.0% | Test: Acc=57.4% | Best=58.3%(@3900)
  from x3: 0.57 0.57 0.57 0.57 0.57 0.57 0.57 0.58 0.57 0.58 0.57 0.57 0.57
  per-rule acc: 0.43 0.72
Epoch 3980 | Train: Loss=0.0084 Acc=100.0% | Test: Acc=59.2% | Best=59.2%(@3980)
  from x3: 0.59 0.59 0.59 0.59 0.59 0.59 0.59 0.59 0.59 0.59 0.59 0.59 0.59
  per-rule acc: 0.46 0.73
Epoch 4000 | Train: Loss=0.0043 Acc=100.0% | Test: Acc=62.1% | Best=62.1%(@4000)
  from x3: 0.61 0.62 0.62 0.62 0.62 0.62 0.62 0.62 0.62 0.62 0.62 0.62 0.62
  per-rule acc: 0.49 0.76
Epoch 4020 | Train: Loss=0.0112 Acc=100.0% | Test: Acc=59.0% | Best=62.1%(@4000)
  from x3: 0.58 0.59 0.59 0.59 0.59 0.59 0.59 0.59 0.59 0.59 0.59 0.59 0.59
  per-rule acc: 0.45 0.73
Epoch 4040 | Train: Loss=0.0041 Acc=100.0% | Test: Acc=63.1% | Best=63.1%(@4040)
  from x3: 0.63 0.63 0.63 0.63 0.63 0.63 0.63 0.63 0.63 0.63 0.63 0.63 0.63
  per-rule acc: 0.49 0.77
Epoch 4060 | Train: Loss=0.0116 Acc=100.0% | Test: Acc=59.6% | Best=63.1%(@4040)
  from x3: 0.59 0.59 0.59 0.59 0.60 0.60 0.60 0.60 0.60 0.60 0.60 0.60 0.60
  per-rule acc: 0.45 0.74
Epoch 4080 | Train: Loss=0.0040 Acc=100.0% | Test: Acc=63.6% | Best=63.6%(@4080)
  from x3: 0.63 0.64 0.64 0.64 0.64 0.64 0.64 0.64 0.64 0.64 0.64 0.63 0.64
  per-rule acc: 0.50 0.77
Epoch 4100 | Train: Loss=0.0036 Acc=100.0% | Test: Acc=64.2% | Best=64.2%(@4100)
  from x3: 0.64 0.65 0.64 0.64 0.64 0.64 0.64 0.64 0.64 0.64 0.64 0.64 0.64
  per-rule acc: 0.51 0.78
Epoch 4120 | Train: Loss=0.0039 Acc=100.0% | Test: Acc=65.0% | Best=65.0%(@4120)
  from x3: 0.64 0.65 0.65 0.65 0.65 0.65 0.65 0.65 0.65 0.65 0.65 0.65 0.65
  per-rule acc: 0.52 0.78
Epoch 4140 | Train: Loss=0.0075 Acc=100.0% | Test: Acc=63.2% | Best=65.0%(@4120)
  from x3: 0.63 0.63 0.63 0.63 0.63 0.63 0.63 0.63 0.63 0.63 0.63 0.63 0.63
  per-rule acc: 0.49 0.77
Epoch 4160 | Train: Loss=0.0038 Acc=100.0% | Test: Acc=65.6% | Best=65.6%(@4160)
  from x3: 0.65 0.66 0.66 0.66 0.66 0.66 0.66 0.66 0.66 0.66 0.66 0.66 0.66
  per-rule acc: 0.53 0.79
Epoch 4180 | Train: Loss=0.0135 Acc=100.0% | Test: Acc=62.0% | Best=65.6%(@4160)
  from x3: 0.62 0.62 0.62 0.62 0.62 0.62 0.62 0.62 0.62 0.62 0.62 0.62 0.62
  per-rule acc: 0.48 0.76
Epoch 4200 | Train: Loss=0.0040 Acc=100.0% | Test: Acc=65.6% | Best=65.6%(@4200)
  from x3: 0.65 0.66 0.66 0.66 0.66 0.66 0.66 0.66 0.66 0.66 0.66 0.66 0.65
  per-rule acc: 0.52 0.79
Epoch 4220 | Train: Loss=0.0044 Acc=100.0% | Test: Acc=66.3% | Best=66.3%(@4220)
  from x3: 0.65 0.66 0.66 0.66 0.66 0.66 0.66 0.66 0.67 0.66 0.66 0.67 0.66
  per-rule acc: 0.54 0.79
Epoch 4240 | Train: Loss=0.0039 Acc=100.0% | Test: Acc=66.8% | Best=66.8%(@4240)
  from x3: 0.66 0.67 0.67 0.67 0.67 0.67 0.67 0.67 0.67 0.67 0.67 0.67 0.67
  per-rule acc: 0.54 0.79
Epoch 4260 | Train: Loss=0.0063 Acc=100.0% | Test: Acc=65.2% | Best=66.8%(@4240)
  from x3: 0.64 0.65 0.65 0.65 0.65 0.65 0.65 0.65 0.65 0.65 0.65 0.65 0.65
  per-rule acc: 0.52 0.79
Epoch 4280 | Train: Loss=0.0051 Acc=100.0% | Test: Acc=66.6% | Best=66.8%(@4240)
  from x3: 0.66 0.67 0.67 0.67 0.67 0.67 0.67 0.67 0.67 0.67 0.67 0.67 0.67
  per-rule acc: 0.54 0.80
Epoch 4300 | Train: Loss=0.0107 Acc=100.0% | Test: Acc=65.5% | Best=66.8%(@4240)
  from x3: 0.64 0.65 0.65 0.65 0.65 0.65 0.66 0.66 0.66 0.66 0.66 0.66 0.65
  per-rule acc: 0.53 0.78
Epoch 4320 | Train: Loss=0.0037 Acc=100.0% | Test: Acc=67.9% | Best=67.9%(@4320)
  from x3: 0.67 0.68 0.68 0.68 0.68 0.68 0.68 0.68 0.68 0.68 0.68 0.68 0.68
  per-rule acc: 0.55 0.80
Epoch 4340 | Train: Loss=0.0066 Acc=100.0% | Test: Acc=64.7% | Best=67.9%(@4320)
  from x3: 0.64 0.64 0.65 0.65 0.65 0.65 0.65 0.65 0.65 0.65 0.65 0.65 0.65
  per-rule acc: 0.50 0.79
Epoch 4360 | Train: Loss=0.0037 Acc=100.0% | Test: Acc=68.9% | Best=68.9%(@4360)
  from x3: 0.68 0.69 0.69 0.69 0.69 0.69 0.69 0.69 0.69 0.69 0.69 0.69 0.69
  per-rule acc: 0.57 0.81
Epoch 4380 | Train: Loss=0.0047 Acc=100.0% | Test: Acc=67.9% | Best=68.9%(@4360)
  from x3: 0.67 0.68 0.68 0.68 0.68 0.68 0.68 0.68 0.68 0.68 0.68 0.68 0.68
  per-rule acc: 0.55 0.81
Epoch 4400 | Train: Loss=0.0073 Acc=100.0% | Test: Acc=67.4% | Best=68.9%(@4360)
  from x3: 0.66 0.67 0.67 0.67 0.67 0.67 0.67 0.67 0.67 0.68 0.68 0.68 0.68
  per-rule acc: 0.55 0.80
Epoch 4420 | Train: Loss=0.0045 Acc=100.0% | Test: Acc=68.9% | Best=68.9%(@4420)
  from x3: 0.68 0.69 0.69 0.69 0.69 0.69 0.69 0.69 0.69 0.69 0.69 0.69 0.69
  per-rule acc: 0.57 0.81
Epoch 4440 | Train: Loss=0.0097 Acc=100.0% | Test: Acc=67.5% | Best=68.9%(@4420)
  from x3: 0.66 0.68 0.68 0.68 0.68 0.68 0.68 0.68 0.68 0.67 0.67 0.67 0.67
  per-rule acc: 0.55 0.80
Epoch 4460 | Train: Loss=0.0036 Acc=100.0% | Test: Acc=70.1% | Best=70.1%(@4460)
  from x3: 0.69 0.70 0.70 0.70 0.70 0.70 0.70 0.70 0.70 0.70 0.70 0.70 0.70
  per-rule acc: 0.58 0.82
Epoch 4480 | Train: Loss=0.0041 Acc=100.0% | Test: Acc=69.8% | Best=70.1%(@4460)
  from x3: 0.69 0.70 0.70 0.70 0.70 0.70 0.70 0.70 0.70 0.70 0.70 0.70 0.70
  per-rule acc: 0.58 0.82
Epoch 4500 | Train: Loss=0.0038 Acc=100.0% | Test: Acc=70.8% | Best=70.8%(@4500)
  from x3: 0.70 0.71 0.71 0.71 0.71 0.71 0.71 0.71 0.71 0.71 0.71 0.71 0.71
  per-rule acc: 0.59 0.82
Epoch 4520 | Train: Loss=0.0073 Acc=100.0% | Test: Acc=69.1% | Best=70.8%(@4500)
  from x3: 0.67 0.69 0.69 0.69 0.70 0.70 0.69 0.69 0.69 0.69 0.69 0.69 0.69
  per-rule acc: 0.57 0.81
Epoch 4540 | Train: Loss=0.0040 Acc=100.0% | Test: Acc=70.5% | Best=70.8%(@4500)
  from x3: 0.70 0.70 0.70 0.70 0.71 0.71 0.71 0.71 0.71 0.71 0.71 0.71 0.71
  per-rule acc: 0.59 0.82
Epoch 4560 | Train: Loss=0.0043 Acc=100.0% | Test: Acc=70.7% | Best=70.8%(@4500)
  from x3: 0.70 0.70 0.71 0.71 0.71 0.71 0.71 0.71 0.71 0.71 0.71 0.71 0.71
  per-rule acc: 0.58 0.83
Epoch 4580 | Train: Loss=0.0038 Acc=100.0% | Test: Acc=71.6% | Best=71.6%(@4580)
  from x3: 0.71 0.72 0.72 0.72 0.72 0.72 0.72 0.72 0.72 0.72 0.72 0.72 0.72
  per-rule acc: 0.60 0.83
Epoch 4600 | Train: Loss=0.0050 Acc=100.0% | Test: Acc=71.0% | Best=71.6%(@4580)
  from x3: 0.70 0.71 0.71 0.71 0.71 0.71 0.71 0.71 0.71 0.71 0.71 0.71 0.71
  per-rule acc: 0.59 0.83
Epoch 4620 | Train: Loss=0.0038 Acc=100.0% | Test: Acc=72.1% | Best=72.1%(@4620)
  from x3: 0.71 0.72 0.72 0.72 0.72 0.72 0.72 0.72 0.72 0.72 0.72 0.72 0.72
  per-rule acc: 0.60 0.84
Epoch 4640 | Train: Loss=0.0036 Acc=100.0% | Test: Acc=72.8% | Best=72.8%(@4640)
  from x3: 0.72 0.73 0.73 0.73 0.73 0.73 0.73 0.73 0.73 0.73 0.73 0.73 0.73
  per-rule acc: 0.61 0.84
Epoch 4660 | Train: Loss=0.0110 Acc=100.0% | Test: Acc=69.7% | Best=72.8%(@4640)
  from x3: 0.69 0.70 0.70 0.70 0.70 0.69 0.70 0.70 0.70 0.70 0.70 0.70 0.70
  per-rule acc: 0.58 0.81
Epoch 4680 | Train: Loss=0.0034 Acc=100.0% | Test: Acc=73.1% | Best=73.1%(@4680)
  from x3: 0.72 0.73 0.73 0.73 0.73 0.73 0.73 0.73 0.73 0.73 0.73 0.73 0.73
  per-rule acc: 0.62 0.85
Epoch 4700 | Train: Loss=0.0103 Acc=100.0% | Test: Acc=71.4% | Best=73.1%(@4680)
  from x3: 0.70 0.71 0.71 0.72 0.71 0.71 0.71 0.71 0.72 0.72 0.72 0.72 0.72
  per-rule acc: 0.60 0.83
Epoch 4720 | Train: Loss=0.0033 Acc=100.0% | Test: Acc=73.4% | Best=73.4%(@4720)
  from x3: 0.73 0.73 0.73 0.73 0.73 0.73 0.74 0.73 0.73 0.73 0.73 0.73 0.73
  per-rule acc: 0.62 0.85
Epoch 4740 | Train: Loss=0.0125 Acc=100.0% | Test: Acc=69.8% | Best=73.4%(@4720)
  from x3: 0.69 0.69 0.70 0.70 0.70 0.70 0.70 0.70 0.70 0.70 0.70 0.70 0.70
  per-rule acc: 0.57 0.82
Epoch 4760 | Train: Loss=0.0043 Acc=100.0% | Test: Acc=73.3% | Best=73.4%(@4720)
  from x3: 0.72 0.73 0.73 0.73 0.73 0.73 0.74 0.73 0.73 0.73 0.73 0.73 0.73
  per-rule acc: 0.62 0.85
Epoch 4780 | Train: Loss=0.0034 Acc=100.0% | Test: Acc=74.6% | Best=74.6%(@4780)
  from x3: 0.74 0.74 0.75 0.75 0.75 0.75 0.75 0.75 0.75 0.75 0.75 0.75 0.75
  per-rule acc: 0.63 0.86
Epoch 4800 | Train: Loss=0.0072 Acc=100.0% | Test: Acc=72.4% | Best=74.6%(@4780)
  from x3: 0.72 0.73 0.72 0.72 0.72 0.72 0.72 0.72 0.73 0.72 0.73 0.72 0.73
  per-rule acc: 0.61 0.84
Epoch 4820 | Train: Loss=0.0055 Acc=100.0% | Test: Acc=73.6% | Best=74.6%(@4780)
  from x3: 0.73 0.73 0.74 0.74 0.74 0.74 0.74 0.74 0.74 0.74 0.74 0.74 0.73
  per-rule acc: 0.63 0.84
Epoch 4840 | Train: Loss=0.0034 Acc=100.0% | Test: Acc=74.8% | Best=74.8%(@4840)
  from x3: 0.74 0.75 0.75 0.75 0.75 0.75 0.75 0.75 0.75 0.75 0.75 0.75 0.75
  per-rule acc: 0.64 0.86
Epoch 4860 | Train: Loss=0.0101 Acc=100.0% | Test: Acc=72.7% | Best=74.8%(@4840)
  from x3: 0.71 0.73 0.72 0.73 0.73 0.73 0.73 0.73 0.73 0.73 0.73 0.73 0.73
  per-rule acc: 0.62 0.84
Epoch 4880 | Train: Loss=0.0030 Acc=100.0% | Test: Acc=75.9% | Best=75.9%(@4880)
  from x3: 0.75 0.76 0.76 0.76 0.76 0.76 0.76 0.76 0.76 0.76 0.76 0.76 0.76
  per-rule acc: 0.66 0.86
Epoch 4900 | Train: Loss=0.0034 Acc=100.0% | Test: Acc=76.0% | Best=76.0%(@4900)
  from x3: 0.75 0.76 0.76 0.76 0.76 0.76 0.76 0.76 0.76 0.76 0.76 0.76 0.76
  per-rule acc: 0.66 0.86
Epoch 4920 | Train: Loss=0.0033 Acc=100.0% | Test: Acc=75.3% | Best=76.0%(@4900)
  from x3: 0.75 0.75 0.75 0.75 0.75 0.75 0.75 0.75 0.75 0.75 0.75 0.75 0.75
  per-rule acc: 0.65 0.86
Epoch 4940 | Train: Loss=0.0075 Acc=100.0% | Test: Acc=75.1% | Best=76.0%(@4900)
  from x3: 0.74 0.75 0.75 0.75 0.75 0.75 0.75 0.75 0.75 0.75 0.75 0.75 0.75
  per-rule acc: 0.65 0.85
Epoch 4960 | Train: Loss=0.0038 Acc=100.0% | Test: Acc=76.4% | Best=76.4%(@4960)
  from x3: 0.75 0.76 0.76 0.76 0.77 0.77 0.77 0.77 0.77 0.77 0.77 0.77 0.77
  per-rule acc: 0.67 0.86
Epoch 4980 | Train: Loss=0.0032 Acc=100.0% | Test: Acc=77.1% | Best=77.1%(@4980)
  from x3: 0.76 0.77 0.77 0.77 0.77 0.77 0.77 0.77 0.77 0.77 0.77 0.77 0.77
  per-rule acc: 0.68 0.87
Epoch 5000 | Train: Loss=0.0070 Acc=100.0% | Test: Acc=75.1% | Best=77.1%(@4980)
  from x3: 0.74 0.75 0.75 0.75 0.75 0.75 0.75 0.75 0.75 0.75 0.75 0.75 0.75
  per-rule acc: 0.65 0.85
Epoch 5020 | Train: Loss=0.0032 Acc=100.0% | Test: Acc=77.8% | Best=77.8%(@5020)
  from x3: 0.77 0.78 0.78 0.78 0.78 0.78 0.78 0.78 0.78 0.78 0.78 0.78 0.78
  per-rule acc: 0.69 0.87
Epoch 5040 | Train: Loss=0.0057 Acc=100.0% | Test: Acc=77.0% | Best=77.8%(@5020)
  from x3: 0.76 0.77 0.77 0.77 0.77 0.77 0.77 0.77 0.77 0.77 0.77 0.77 0.77
  per-rule acc: 0.67 0.87
Epoch 5060 | Train: Loss=0.0035 Acc=100.0% | Test: Acc=77.6% | Best=77.8%(@5020)
  from x3: 0.77 0.78 0.77 0.78 0.78 0.78 0.78 0.78 0.78 0.78 0.78 0.78 0.78
  per-rule acc: 0.68 0.87
Epoch 5080 | Train: Loss=0.0061 Acc=100.0% | Test: Acc=76.7% | Best=77.8%(@5020)
  from x3: 0.76 0.76 0.77 0.77 0.77 0.77 0.77 0.77 0.77 0.77 0.77 0.77 0.77
  per-rule acc: 0.67 0.86
Epoch 5100 | Train: Loss=0.0031 Acc=100.0% | Test: Acc=78.7% | Best=78.7%(@5100)
  from x3: 0.78 0.79 0.79 0.79 0.79 0.79 0.79 0.79 0.79 0.79 0.79 0.79 0.79
  per-rule acc: 0.70 0.87
Epoch 5120 | Train: Loss=0.0071 Acc=100.0% | Test: Acc=77.5% | Best=78.7%(@5100)
  from x3: 0.77 0.77 0.78 0.77 0.78 0.78 0.78 0.78 0.77 0.77 0.77 0.78 0.77
  per-rule acc: 0.69 0.86
Epoch 5140 | Train: Loss=0.0039 Acc=100.0% | Test: Acc=78.9% | Best=78.9%(@5140)
  from x3: 0.78 0.79 0.79 0.79 0.79 0.79 0.79 0.79 0.79 0.79 0.79 0.79 0.79
  per-rule acc: 0.70 0.87
Epoch 5160 | Train: Loss=0.0101 Acc=100.0% | Test: Acc=77.3% | Best=78.9%(@5140)
  from x3: 0.77 0.77 0.77 0.77 0.77 0.77 0.77 0.78 0.78 0.77 0.78 0.78 0.78
  per-rule acc: 0.68 0.86
Epoch 5180 | Train: Loss=0.0046 Acc=100.0% | Test: Acc=79.0% | Best=79.0%(@5180)
  from x3: 0.78 0.79 0.79 0.79 0.79 0.79 0.79 0.79 0.79 0.79 0.79 0.79 0.79
  per-rule acc: 0.71 0.88
Epoch 5200 | Train: Loss=0.0032 Acc=100.0% | Test: Acc=79.6% | Best=79.6%(@5200)
  from x3: 0.79 0.79 0.80 0.80 0.80 0.80 0.80 0.80 0.80 0.80 0.80 0.80 0.80
  per-rule acc: 0.71 0.88
Epoch 5220 | Train: Loss=0.0056 Acc=100.0% | Test: Acc=78.5% | Best=79.6%(@5200)
  from x3: 0.78 0.78 0.79 0.79 0.79 0.79 0.79 0.79 0.79 0.79 0.78 0.78 0.78
  per-rule acc: 0.70 0.87
Epoch 5240 | Train: Loss=0.0039 Acc=100.0% | Test: Acc=79.7% | Best=79.7%(@5240)
  from x3: 0.79 0.80 0.80 0.80 0.80 0.80 0.80 0.80 0.80 0.80 0.80 0.80 0.80
  per-rule acc: 0.71 0.88
Epoch 5260 | Train: Loss=0.0037 Acc=100.0% | Test: Acc=79.6% | Best=79.7%(@5240)
  from x3: 0.79 0.79 0.79 0.80 0.80 0.80 0.80 0.80 0.80 0.80 0.80 0.80 0.80
  per-rule acc: 0.71 0.88
Epoch 5280 | Train: Loss=0.0084 Acc=100.0% | Test: Acc=78.1% | Best=79.7%(@5240)
  from x3: 0.77 0.78 0.78 0.78 0.78 0.78 0.78 0.78 0.78 0.78 0.78 0.79 0.79
  per-rule acc: 0.70 0.86
Epoch 5300 | Train: Loss=0.0043 Acc=100.0% | Test: Acc=79.4% | Best=79.7%(@5240)
  from x3: 0.79 0.79 0.79 0.79 0.79 0.79 0.80 0.79 0.80 0.80 0.80 0.80 0.80
  per-rule acc: 0.71 0.88
Epoch 5320 | Train: Loss=0.0057 Acc=100.0% | Test: Acc=79.2% | Best=79.7%(@5240)
  from x3: 0.78 0.79 0.79 0.79 0.79 0.79 0.79 0.79 0.79 0.80 0.79 0.79 0.79
  per-rule acc: 0.71 0.87
Epoch 5340 | Train: Loss=0.0030 Acc=100.0% | Test: Acc=80.4% | Best=80.4%(@5340)
  from x3: 0.80 0.80 0.80 0.80 0.80 0.80 0.80 0.80 0.80 0.80 0.80 0.80 0.80
  per-rule acc: 0.73 0.88
Epoch 5360 | Train: Loss=0.0030 Acc=100.0% | Test: Acc=80.8% | Best=80.8%(@5360)
  from x3: 0.80 0.81 0.81 0.81 0.81 0.81 0.81 0.81 0.81 0.81 0.81 0.81 0.81
  per-rule acc: 0.73 0.88
Epoch 5380 | Train: Loss=0.0033 Acc=100.0% | Test: Acc=80.5% | Best=80.8%(@5360)
  from x3: 0.80 0.81 0.81 0.81 0.81 0.81 0.81 0.81 0.81 0.81 0.81 0.81 0.81
  per-rule acc: 0.73 0.88
Epoch 5400 | Train: Loss=0.0031 Acc=100.0% | Test: Acc=81.0% | Best=81.0%(@5400)
  from x3: 0.80 0.81 0.81 0.81 0.81 0.81 0.81 0.81 0.81 0.81 0.81 0.81 0.81
  per-rule acc: 0.74 0.88
Epoch 5420 | Train: Loss=0.0033 Acc=100.0% | Test: Acc=81.4% | Best=81.4%(@5420)
  from x3: 0.80 0.81 0.81 0.82 0.81 0.81 0.82 0.82 0.81 0.81 0.82 0.82 0.82
  per-rule acc: 0.74 0.88
Epoch 5440 | Train: Loss=0.0033 Acc=100.0% | Test: Acc=81.1% | Best=81.4%(@5420)
  from x3: 0.80 0.81 0.81 0.81 0.81 0.81 0.81 0.81 0.81 0.81 0.81 0.81 0.81
  per-rule acc: 0.74 0.88
Epoch 5460 | Train: Loss=0.0048 Acc=100.0% | Test: Acc=81.0% | Best=81.4%(@5420)
  from x3: 0.80 0.81 0.81 0.81 0.81 0.81 0.81 0.81 0.81 0.81 0.81 0.81 0.81
  per-rule acc: 0.74 0.88
Epoch 5480 | Train: Loss=0.0067 Acc=100.0% | Test: Acc=79.8% | Best=81.4%(@5420)
  from x3: 0.79 0.80 0.80 0.80 0.80 0.80 0.80 0.80 0.80 0.80 0.80 0.80 0.80
  per-rule acc: 0.73 0.87
Epoch 5500 | Train: Loss=0.0038 Acc=100.0% | Test: Acc=81.5% | Best=81.5%(@5500)
  from x3: 0.80 0.82 0.81 0.82 0.82 0.82 0.82 0.82 0.82 0.82 0.82 0.82 0.82
  per-rule acc: 0.75 0.88
Epoch 5520 | Train: Loss=0.0036 Acc=100.0% | Test: Acc=81.9% | Best=81.9%(@5520)
  from x3: 0.81 0.82 0.82 0.82 0.82 0.82 0.82 0.82 0.82 0.82 0.82 0.82 0.82
  per-rule acc: 0.75 0.88
Epoch 5540 | Train: Loss=0.0037 Acc=100.0% | Test: Acc=81.8% | Best=81.9%(@5520)
  from x3: 0.81 0.82 0.81 0.82 0.82 0.82 0.82 0.82 0.82 0.82 0.82 0.82 0.82
  per-rule acc: 0.75 0.88
Epoch 5560 | Train: Loss=0.0079 Acc=100.0% | Test: Acc=80.9% | Best=81.9%(@5520)
  from x3: 0.80 0.81 0.81 0.81 0.81 0.81 0.81 0.81 0.81 0.81 0.81 0.81 0.81
  per-rule acc: 0.75 0.87
Epoch 5580 | Train: Loss=0.0035 Acc=100.0% | Test: Acc=82.3% | Best=82.3%(@5580)
  from x3: 0.82 0.82 0.82 0.82 0.82 0.82 0.82 0.82 0.83 0.82 0.82 0.83 0.83
  per-rule acc: 0.76 0.89
Epoch 5600 | Train: Loss=0.0031 Acc=100.0% | Test: Acc=83.0% | Best=83.0%(@5600)
  from x3: 0.82 0.83 0.83 0.83 0.83 0.83 0.83 0.83 0.83 0.83 0.83 0.83 0.83
  per-rule acc: 0.77 0.89
Epoch 5620 | Train: Loss=0.0030 Acc=100.0% | Test: Acc=83.3% | Best=83.3%(@5620)
  from x3: 0.82 0.83 0.83 0.83 0.83 0.83 0.83 0.83 0.83 0.84 0.84 0.84 0.84
  per-rule acc: 0.77 0.89
Epoch 5640 | Train: Loss=0.0037 Acc=100.0% | Test: Acc=81.9% | Best=83.3%(@5620)
  from x3: 0.81 0.82 0.82 0.82 0.82 0.82 0.82 0.82 0.82 0.82 0.82 0.82 0.82
  per-rule acc: 0.76 0.88
Epoch 5660 | Train: Loss=0.0040 Acc=100.0% | Test: Acc=82.9% | Best=83.3%(@5620)
  from x3: 0.82 0.83 0.83 0.83 0.83 0.83 0.83 0.83 0.83 0.83 0.83 0.83 0.83
  per-rule acc: 0.77 0.89
Epoch 5680 | Train: Loss=0.0049 Acc=100.0% | Test: Acc=82.8% | Best=83.3%(@5620)
  from x3: 0.82 0.83 0.83 0.83 0.83 0.83 0.83 0.83 0.83 0.83 0.83 0.83 0.83
  per-rule acc: 0.77 0.89
Epoch 5700 | Train: Loss=0.0034 Acc=100.0% | Test: Acc=83.9% | Best=83.9%(@5700)
  from x3: 0.83 0.84 0.84 0.84 0.84 0.84 0.84 0.84 0.84 0.84 0.84 0.84 0.84
  per-rule acc: 0.78 0.90
Epoch 5720 | Train: Loss=0.0030 Acc=100.0% | Test: Acc=84.2% | Best=84.2%(@5720)
  from x3: 0.83 0.84 0.84 0.84 0.84 0.84 0.84 0.84 0.84 0.84 0.85 0.85 0.85
  per-rule acc: 0.79 0.89
Epoch 5740 | Train: Loss=0.0043 Acc=100.0% | Test: Acc=82.9% | Best=84.2%(@5720)
  from x3: 0.82 0.83 0.83 0.83 0.83 0.83 0.83 0.83 0.83 0.83 0.83 0.83 0.83
  per-rule acc: 0.77 0.89
Epoch 5760 | Train: Loss=0.0031 Acc=100.0% | Test: Acc=84.3% | Best=84.3%(@5760)
  from x3: 0.84 0.84 0.84 0.84 0.84 0.84 0.84 0.84 0.84 0.84 0.85 0.84 0.85
  per-rule acc: 0.79 0.90
Epoch 5780 | Train: Loss=0.0062 Acc=100.0% | Test: Acc=83.8% | Best=84.3%(@5760)
  from x3: 0.83 0.83 0.84 0.84 0.84 0.84 0.84 0.84 0.84 0.84 0.84 0.84 0.84
  per-rule acc: 0.78 0.89
Epoch 5800 | Train: Loss=0.0092 Acc=99.9% | Test: Acc=82.7% | Best=84.3%(@5760)
  from x3: 0.82 0.83 0.83 0.83 0.83 0.83 0.83 0.83 0.83 0.83 0.83 0.83 0.83
  per-rule acc: 0.77 0.88
Epoch 5820 | Train: Loss=0.0040 Acc=100.0% | Test: Acc=84.6% | Best=84.6%(@5820)
  from x3: 0.84 0.85 0.85 0.85 0.85 0.85 0.85 0.85 0.85 0.85 0.85 0.85 0.85
  per-rule acc: 0.79 0.90
Epoch 5840 | Train: Loss=0.0032 Acc=100.0% | Test: Acc=85.2% | Best=85.2%(@5840)
  from x3: 0.85 0.85 0.85 0.85 0.85 0.85 0.85 0.85 0.85 0.85 0.85 0.85 0.86
  per-rule acc: 0.80 0.90
Epoch 5860 | Train: Loss=0.0033 Acc=100.0% | Test: Acc=84.9% | Best=85.2%(@5840)
  from x3: 0.84 0.85 0.85 0.85 0.85 0.85 0.85 0.85 0.85 0.85 0.85 0.85 0.85
  per-rule acc: 0.79 0.90
Epoch 5880 | Train: Loss=0.0041 Acc=100.0% | Test: Acc=85.0% | Best=85.2%(@5840)
  from x3: 0.84 0.85 0.85 0.85 0.85 0.85 0.85 0.85 0.85 0.85 0.85 0.85 0.85
  per-rule acc: 0.80 0.90
Epoch 5900 | Train: Loss=0.0028 Acc=100.0% | Test: Acc=85.9% | Best=85.9%(@5900)
  from x3: 0.85 0.86 0.86 0.86 0.86 0.86 0.86 0.86 0.86 0.86 0.86 0.86 0.86
  per-rule acc: 0.81 0.90
Epoch 5920 | Train: Loss=0.0040 Acc=100.0% | Test: Acc=84.9% | Best=85.9%(@5900)
  from x3: 0.85 0.85 0.85 0.85 0.85 0.85 0.85 0.85 0.85 0.85 0.85 0.85 0.85
  per-rule acc: 0.80 0.90
Epoch 5940 | Train: Loss=0.0028 Acc=100.0% | Test: Acc=86.2% | Best=86.2%(@5940)
  from x3: 0.86 0.86 0.86 0.86 0.86 0.86 0.86 0.86 0.86 0.86 0.86 0.86 0.86
  per-rule acc: 0.82 0.91
Epoch 5960 | Train: Loss=0.0025 Acc=100.0% | Test: Acc=86.5% | Best=86.5%(@5960)
  from x3: 0.86 0.86 0.86 0.86 0.87 0.87 0.87 0.87 0.86 0.87 0.87 0.87 0.87
  per-rule acc: 0.82 0.91
Epoch 5980 | Train: Loss=0.0046 Acc=100.0% | Test: Acc=85.6% | Best=86.5%(@5960)
  from x3: 0.85 0.85 0.86 0.86 0.86 0.86 0.86 0.86 0.86 0.86 0.85 0.85 0.85
  per-rule acc: 0.81 0.90
Epoch 6000 | Train: Loss=0.0024 Acc=100.0% | Test: Acc=87.3% | Best=87.3%(@6000)
  from x3: 0.87 0.87 0.87 0.87 0.87 0.87 0.88 0.88 0.87 0.87 0.87 0.87 0.87
  per-rule acc: 0.83 0.91
Epoch 6020 | Train: Loss=0.0026 Acc=100.0% | Test: Acc=87.3% | Best=87.3%(@6000)
  from x3: 0.87 0.87 0.87 0.87 0.87 0.87 0.87 0.87 0.87 0.87 0.87 0.87 0.87
  per-rule acc: 0.83 0.91
Epoch 6040 | Train: Loss=0.0045 Acc=100.0% | Test: Acc=86.2% | Best=87.3%(@6000)
  from x3: 0.86 0.86 0.86 0.86 0.86 0.86 0.86 0.86 0.86 0.86 0.86 0.86 0.86
  per-rule acc: 0.81 0.91
Epoch 6060 | Train: Loss=0.0026 Acc=100.0% | Test: Acc=87.4% | Best=87.4%(@6060)
  from x3: 0.87 0.88 0.87 0.87 0.87 0.87 0.87 0.87 0.87 0.87 0.87 0.87 0.87
  per-rule acc: 0.83 0.91
Epoch 6080 | Train: Loss=0.0025 Acc=100.0% | Test: Acc=87.5% | Best=87.5%(@6080)
  from x3: 0.87 0.88 0.88 0.88 0.88 0.88 0.88 0.88 0.88 0.88 0.87 0.87 0.87
  per-rule acc: 0.84 0.91
Epoch 6100 | Train: Loss=0.0023 Acc=100.0% | Test: Acc=87.6% | Best=87.6%(@6100)
  from x3: 0.87 0.88 0.88 0.88 0.88 0.88 0.88 0.88 0.88 0.88 0.88 0.88 0.88
  per-rule acc: 0.84 0.91
Epoch 6120 | Train: Loss=0.0037 Acc=100.0% | Test: Acc=87.0% | Best=87.6%(@6100)
  from x3: 0.86 0.87 0.87 0.87 0.87 0.87 0.87 0.87 0.87 0.87 0.87 0.87 0.87
  per-rule acc: 0.83 0.91
Epoch 6140 | Train: Loss=0.0022 Acc=100.0% | Test: Acc=87.9% | Best=87.9%(@6140)
  from x3: 0.87 0.88 0.88 0.88 0.88 0.88 0.88 0.88 0.88 0.88 0.88 0.88 0.88
  per-rule acc: 0.84 0.92
Epoch 6160 | Train: Loss=0.0021 Acc=100.0% | Test: Acc=88.1% | Best=88.1%(@6160)
  from x3: 0.88 0.88 0.88 0.88 0.88 0.88 0.88 0.88 0.88 0.88 0.88 0.88 0.88
  per-rule acc: 0.85 0.92
Epoch 6180 | Train: Loss=0.0020 Acc=100.0% | Test: Acc=88.2% | Best=88.2%(@6180)
  from x3: 0.88 0.88 0.88 0.88 0.88 0.88 0.88 0.88 0.88 0.88 0.88 0.88 0.88
  per-rule acc: 0.85 0.92
Epoch 6200 | Train: Loss=0.0083 Acc=100.0% | Test: Acc=86.7% | Best=88.2%(@6180)
  from x3: 0.86 0.87 0.87 0.87 0.87 0.87 0.87 0.87 0.87 0.87 0.87 0.87 0.87
  per-rule acc: 0.84 0.90
Epoch 6220 | Train: Loss=0.0023 Acc=100.0% | Test: Acc=87.9% | Best=88.2%(@6180)
  from x3: 0.87 0.88 0.88 0.88 0.88 0.88 0.88 0.88 0.88 0.88 0.88 0.88 0.88
  per-rule acc: 0.84 0.92
Epoch 6240 | Train: Loss=0.0026 Acc=100.0% | Test: Acc=87.9% | Best=88.2%(@6180)
  from x3: 0.87 0.88 0.88 0.88 0.88 0.88 0.88 0.88 0.88 0.88 0.88 0.88 0.88
  per-rule acc: 0.85 0.91
Epoch 6260 | Train: Loss=0.0022 Acc=100.0% | Test: Acc=88.3% | Best=88.3%(@6260)
  from x3: 0.88 0.88 0.88 0.88 0.88 0.88 0.88 0.88 0.88 0.88 0.88 0.88 0.88
  per-rule acc: 0.85 0.92
Epoch 6280 | Train: Loss=0.0020 Acc=100.0% | Test: Acc=88.7% | Best=88.7%(@6280)
  from x3: 0.88 0.89 0.89 0.89 0.89 0.89 0.89 0.89 0.89 0.89 0.89 0.89 0.89
  per-rule acc: 0.85 0.92
Epoch 6300 | Train: Loss=0.0019 Acc=100.0% | Test: Acc=88.9% | Best=88.9%(@6300)
  from x3: 0.88 0.89 0.89 0.89 0.89 0.89 0.89 0.89 0.89 0.89 0.89 0.89 0.89
  per-rule acc: 0.86 0.92
Epoch 6320 | Train: Loss=0.0038 Acc=100.0% | Test: Acc=87.6% | Best=88.9%(@6300)
  from x3: 0.87 0.88 0.88 0.87 0.88 0.88 0.88 0.88 0.88 0.88 0.88 0.87 0.87
  per-rule acc: 0.84 0.91
Epoch 6340 | Train: Loss=0.0021 Acc=100.0% | Test: Acc=88.9% | Best=88.9%(@6340)
  from x3: 0.88 0.89 0.89 0.89 0.89 0.89 0.89 0.89 0.89 0.89 0.89 0.89 0.89
  per-rule acc: 0.86 0.92
Epoch 6360 | Train: Loss=0.0021 Acc=100.0% | Test: Acc=88.8% | Best=88.9%(@6340)
  from x3: 0.88 0.89 0.89 0.89 0.89 0.89 0.89 0.89 0.89 0.89 0.89 0.89 0.89
  per-rule acc: 0.85 0.92
Epoch 6380 | Train: Loss=0.0021 Acc=100.0% | Test: Acc=89.2% | Best=89.2%(@6380)
  from x3: 0.89 0.89 0.89 0.89 0.89 0.89 0.89 0.89 0.89 0.89 0.89 0.89 0.89
  per-rule acc: 0.86 0.92
Epoch 6400 | Train: Loss=0.0019 Acc=100.0% | Test: Acc=89.4% | Best=89.4%(@6400)
  from x3: 0.89 0.89 0.90 0.89 0.89 0.90 0.90 0.90 0.89 0.89 0.89 0.89 0.90
  per-rule acc: 0.86 0.92
Epoch 6420 | Train: Loss=0.0092 Acc=100.0% | Test: Acc=88.1% | Best=89.4%(@6400)
  from x3: 0.88 0.88 0.88 0.88 0.88 0.88 0.88 0.88 0.88 0.88 0.88 0.88 0.88
  per-rule acc: 0.85 0.92
Epoch 6440 | Train: Loss=0.0043 Acc=100.0% | Test: Acc=88.5% | Best=89.4%(@6400)
  from x3: 0.88 0.89 0.89 0.89 0.89 0.89 0.89 0.88 0.88 0.88 0.88 0.88 0.88
  per-rule acc: 0.85 0.92
Epoch 6460 | Train: Loss=0.0021 Acc=100.0% | Test: Acc=89.8% | Best=89.8%(@6460)
  from x3: 0.89 0.90 0.90 0.90 0.90 0.90 0.90 0.90 0.90 0.90 0.90 0.90 0.90
  per-rule acc: 0.87 0.93
Epoch 6480 | Train: Loss=0.0021 Acc=100.0% | Test: Acc=90.1% | Best=90.1%(@6480)
  from x3: 0.90 0.90 0.90 0.90 0.90 0.90 0.90 0.90 0.90 0.90 0.90 0.90 0.90
  per-rule acc: 0.87 0.93
Epoch 6500 | Train: Loss=0.0019 Acc=100.0% | Test: Acc=90.2% | Best=90.2%(@6500)
  from x3: 0.90 0.90 0.90 0.90 0.90 0.90 0.90 0.90 0.90 0.90 0.90 0.90 0.90
  per-rule acc: 0.88 0.93
Epoch 6520 | Train: Loss=0.0017 Acc=100.0% | Test: Acc=90.0% | Best=90.2%(@6500)
  from x3: 0.90 0.90 0.90 0.90 0.90 0.90 0.90 0.90 0.90 0.90 0.90 0.90 0.90
  per-rule acc: 0.87 0.93
Epoch 6540 | Train: Loss=0.0015 Acc=100.0% | Test: Acc=90.2% | Best=90.2%(@6540)
  from x3: 0.90 0.90 0.90 0.90 0.90 0.90 0.90 0.90 0.90 0.90 0.90 0.90 0.90
  per-rule acc: 0.88 0.93
Epoch 6560 | Train: Loss=0.0032 Acc=100.0% | Test: Acc=88.7% | Best=90.2%(@6540)
  from x3: 0.88 0.89 0.89 0.89 0.89 0.89 0.89 0.89 0.89 0.89 0.89 0.88 0.89
  per-rule acc: 0.86 0.92
Epoch 6580 | Train: Loss=0.0027 Acc=100.0% | Test: Acc=89.4% | Best=90.2%(@6540)
  from x3: 0.89 0.89 0.90 0.89 0.89 0.89 0.89 0.89 0.89 0.89 0.89 0.89 0.90
  per-rule acc: 0.87 0.92
Epoch 6600 | Train: Loss=0.0017 Acc=100.0% | Test: Acc=90.6% | Best=90.6%(@6600)
  from x3: 0.90 0.91 0.90 0.90 0.91 0.91 0.91 0.91 0.91 0.91 0.91 0.91 0.91
  per-rule acc: 0.88 0.93
Epoch 6620 | Train: Loss=0.0025 Acc=100.0% | Test: Acc=90.2% | Best=90.6%(@6600)
  from x3: 0.90 0.90 0.90 0.90 0.90 0.90 0.90 0.90 0.90 0.90 0.90 0.90 0.90
  per-rule acc: 0.87 0.93
Epoch 6640 | Train: Loss=0.0017 Acc=100.0% | Test: Acc=90.7% | Best=90.7%(@6640)
  from x3: 0.90 0.91 0.91 0.91 0.91 0.91 0.91 0.91 0.91 0.91 0.91 0.91 0.91
  per-rule acc: 0.88 0.93
Epoch 6660 | Train: Loss=0.0017 Acc=100.0% | Test: Acc=90.7% | Best=90.7%(@6660)
  from x3: 0.90 0.91 0.90 0.91 0.91 0.91 0.91 0.91 0.91 0.91 0.91 0.91 0.91
  per-rule acc: 0.88 0.93
Epoch 6680 | Train: Loss=0.0018 Acc=100.0% | Test: Acc=90.9% | Best=90.9%(@6680)
  from x3: 0.90 0.91 0.91 0.91 0.91 0.91 0.91 0.91 0.91 0.91 0.91 0.91 0.91
  per-rule acc: 0.89 0.93
Epoch 6700 | Train: Loss=0.0039 Acc=100.0% | Test: Acc=89.9% | Best=90.9%(@6680)
  from x3: 0.89 0.90 0.90 0.90 0.90 0.90 0.90 0.90 0.90 0.90 0.90 0.90 0.90
  per-rule acc: 0.88 0.91
Epoch 6720 | Train: Loss=0.0027 Acc=100.0% | Test: Acc=90.3% | Best=90.9%(@6680)
  from x3: 0.90 0.90 0.91 0.90 0.90 0.90 0.90 0.90 0.90 0.90 0.90 0.90 0.90
  per-rule acc: 0.88 0.93
Epoch 6740 | Train: Loss=0.0019 Acc=100.0% | Test: Acc=91.1% | Best=91.1%(@6740)
  from x3: 0.91 0.91 0.91 0.91 0.91 0.91 0.91 0.91 0.91 0.91 0.91 0.91 0.91
  per-rule acc: 0.89 0.93
Epoch 6760 | Train: Loss=0.0019 Acc=100.0% | Test: Acc=91.3% | Best=91.3%(@6760)
  from x3: 0.91 0.91 0.91 0.91 0.91 0.91 0.91 0.91 0.91 0.91 0.91 0.91 0.91
  per-rule acc: 0.89 0.94
Epoch 6780 | Train: Loss=0.0019 Acc=100.0% | Test: Acc=91.5% | Best=91.5%(@6780)
  from x3: 0.91 0.91 0.91 0.92 0.92 0.91 0.91 0.91 0.91 0.91 0.92 0.92 0.92
  per-rule acc: 0.89 0.94
Epoch 6800 | Train: Loss=0.0019 Acc=100.0% | Test: Acc=91.3% | Best=91.5%(@6780)
  from x3: 0.91 0.91 0.91 0.91 0.91 0.91 0.91 0.91 0.91 0.91 0.91 0.91 0.91
  per-rule acc: 0.89 0.94
Epoch 6820 | Train: Loss=0.0018 Acc=100.0% | Test: Acc=91.5% | Best=91.5%(@6820)
  from x3: 0.91 0.92 0.92 0.91 0.92 0.92 0.92 0.92 0.92 0.92 0.92 0.92 0.92
  per-rule acc: 0.89 0.94
Epoch 6840 | Train: Loss=0.0017 Acc=100.0% | Test: Acc=91.5% | Best=91.5%(@6840)
  from x3: 0.91 0.92 0.92 0.92 0.92 0.92 0.92 0.92 0.92 0.92 0.92 0.92 0.92
  per-rule acc: 0.90 0.94
Epoch 6860 | Train: Loss=0.0015 Acc=100.0% | Test: Acc=91.7% | Best=91.7%(@6860)
  from x3: 0.91 0.92 0.92 0.92 0.92 0.92 0.92 0.92 0.92 0.92 0.92 0.92 0.92
  per-rule acc: 0.90 0.94
Epoch 6880 | Train: Loss=0.0030 Acc=100.0% | Test: Acc=90.5% | Best=91.7%(@6860)
  from x3: 0.90 0.90 0.91 0.91 0.91 0.91 0.91 0.91 0.91 0.90 0.90 0.90 0.90
  per-rule acc: 0.88 0.93
Epoch 6900 | Train: Loss=0.0015 Acc=100.0% | Test: Acc=91.4% | Best=91.7%(@6860)
  from x3: 0.91 0.91 0.91 0.91 0.91 0.92 0.92 0.92 0.91 0.91 0.91 0.91 0.91
  per-rule acc: 0.89 0.94
Epoch 6920 | Train: Loss=0.0016 Acc=100.0% | Test: Acc=91.7% | Best=91.7%(@6920)
  from x3: 0.91 0.92 0.92 0.92 0.92 0.92 0.92 0.92 0.92 0.92 0.92 0.92 0.92
  per-rule acc: 0.90 0.94
Epoch 6940 | Train: Loss=0.0016 Acc=100.0% | Test: Acc=91.9% | Best=91.9%(@6940)
  from x3: 0.91 0.92 0.92 0.92 0.92 0.92 0.92 0.92 0.92 0.92 0.92 0.92 0.92
  per-rule acc: 0.90 0.94
Epoch 6960 | Train: Loss=0.0015 Acc=100.0% | Test: Acc=91.9% | Best=91.9%(@6940)
  from x3: 0.91 0.92 0.92 0.92 0.92 0.92 0.92 0.92 0.92 0.92 0.92 0.92 0.92
  per-rule acc: 0.90 0.94
Epoch 6980 | Train: Loss=0.0015 Acc=100.0% | Test: Acc=92.1% | Best=92.1%(@6980)
  from x3: 0.91 0.92 0.92 0.92 0.92 0.92 0.92 0.92 0.92 0.92 0.92 0.92 0.92
  per-rule acc: 0.90 0.94
Epoch 7000 | Train: Loss=0.0014 Acc=100.0% | Test: Acc=92.2% | Best=92.2%(@7000)
  from x3: 0.91 0.92 0.92 0.92 0.92 0.92 0.92 0.92 0.92 0.92 0.92 0.92 0.92
  per-rule acc: 0.90 0.94
Epoch 7020 | Train: Loss=0.0012 Acc=100.0% | Test: Acc=92.2% | Best=92.2%(@7020)
  from x3: 0.92 0.92 0.92 0.92 0.92 0.92 0.92 0.92 0.92 0.92 0.92 0.92 0.92
  per-rule acc: 0.91 0.94
Epoch 7040 | Train: Loss=0.0011 Acc=100.0% | Test: Acc=92.2% | Best=92.2%(@7040)
  from x3: 0.92 0.92 0.92 0.92 0.92 0.92 0.92 0.92 0.92 0.92 0.92 0.92 0.92
  per-rule acc: 0.91 0.94
Epoch 7060 | Train: Loss=0.0019 Acc=100.0% | Test: Acc=91.1% | Best=92.2%(@7040)
  from x3: 0.90 0.91 0.91 0.91 0.91 0.91 0.91 0.91 0.91 0.91 0.91 0.91 0.91
  per-rule acc: 0.89 0.93
Epoch 7080 | Train: Loss=0.0012 Acc=100.0% | Test: Acc=91.9% | Best=92.2%(@7040)
  from x3: 0.91 0.92 0.92 0.92 0.92 0.92 0.92 0.92 0.92 0.92 0.92 0.92 0.92
  per-rule acc: 0.90 0.94
Epoch 7100 | Train: Loss=0.0013 Acc=100.0% | Test: Acc=92.2% | Best=92.2%(@7040)
  from x3: 0.92 0.92 0.92 0.92 0.92 0.92 0.92 0.92 0.92 0.92 0.92 0.92 0.92
  per-rule acc: 0.91 0.94
Epoch 7120 | Train: Loss=0.0012 Acc=100.0% | Test: Acc=92.4% | Best=92.4%(@7120)
  from x3: 0.92 0.92 0.92 0.92 0.92 0.92 0.92 0.92 0.93 0.92 0.93 0.92 0.93
  per-rule acc: 0.91 0.94
Epoch 7140 | Train: Loss=0.0011 Acc=100.0% | Test: Acc=92.4% | Best=92.4%(@7140)
  from x3: 0.92 0.92 0.92 0.92 0.92 0.92 0.92 0.93 0.93 0.93 0.93 0.93 0.93
  per-rule acc: 0.91 0.94
Epoch 7160 | Train: Loss=0.0010 Acc=100.0% | Test: Acc=92.5% | Best=92.5%(@7160)
  from x3: 0.92 0.92 0.92 0.92 0.92 0.92 0.92 0.93 0.93 0.93 0.93 0.93 0.93
  per-rule acc: 0.91 0.94
Epoch 7180 | Train: Loss=0.0009 Acc=100.0% | Test: Acc=92.5% | Best=92.5%(@7180)
  from x3: 0.92 0.92 0.92 0.92 0.93 0.93 0.93 0.93 0.93 0.93 0.93 0.93 0.93
  per-rule acc: 0.91 0.94
Epoch 7200 | Train: Loss=0.0008 Acc=100.0% | Test: Acc=92.5% | Best=92.5%(@7180)
  from x3: 0.92 0.92 0.92 0.92 0.93 0.93 0.93 0.93 0.93 0.93 0.93 0.93 0.93
  per-rule acc: 0.91 0.94
Epoch 7220 | Train: Loss=0.0019 Acc=100.0% | Test: Acc=91.1% | Best=92.5%(@7180)
  from x3: 0.90 0.91 0.91 0.91 0.91 0.91 0.91 0.91 0.91 0.91 0.91 0.91 0.91
  per-rule acc: 0.89 0.93
Epoch 7240 | Train: Loss=0.0009 Acc=100.0% | Test: Acc=92.3% | Best=92.5%(@7180)
  from x3: 0.92 0.92 0.92 0.92 0.92 0.92 0.92 0.92 0.93 0.92 0.92 0.92 0.92
  per-rule acc: 0.91 0.94
Epoch 7260 | Train: Loss=0.0010 Acc=100.0% | Test: Acc=92.4% | Best=92.5%(@7180)
  from x3: 0.92 0.92 0.92 0.92 0.93 0.93 0.93 0.93 0.93 0.92 0.93 0.93 0.92
  per-rule acc: 0.91 0.94
Epoch 7280 | Train: Loss=0.0010 Acc=100.0% | Test: Acc=92.6% | Best=92.6%(@7280)
  from x3: 0.92 0.92 0.93 0.93 0.93 0.93 0.93 0.93 0.93 0.93 0.93 0.93 0.93
  per-rule acc: 0.91 0.94
Epoch 7300 | Train: Loss=0.0011 Acc=100.0% | Test: Acc=92.6% | Best=92.6%(@7300)
  from x3: 0.92 0.93 0.93 0.93 0.93 0.93 0.93 0.93 0.93 0.93 0.93 0.93 0.93
  per-rule acc: 0.91 0.94
Epoch 7320 | Train: Loss=0.0011 Acc=100.0% | Test: Acc=92.7% | Best=92.7%(@7320)
  from x3: 0.92 0.93 0.93 0.93 0.93 0.93 0.93 0.93 0.93 0.93 0.93 0.93 0.93
  per-rule acc: 0.91 0.94
Epoch 7340 | Train: Loss=0.0059 Acc=100.0% | Test: Acc=91.0% | Best=92.7%(@7320)
  from x3: 0.90 0.91 0.91 0.91 0.91 0.91 0.91 0.91 0.91 0.91 0.91 0.91 0.91
  per-rule acc: 0.89 0.93
Epoch 7360 | Train: Loss=0.0012 Acc=100.0% | Test: Acc=92.2% | Best=92.7%(@7320)
  from x3: 0.91 0.92 0.92 0.92 0.92 0.92 0.92 0.92 0.92 0.92 0.92 0.92 0.92
  per-rule acc: 0.91 0.94
Epoch 7380 | Train: Loss=0.0011 Acc=100.0% | Test: Acc=92.6% | Best=92.7%(@7320)
  from x3: 0.92 0.92 0.92 0.93 0.93 0.93 0.93 0.93 0.93 0.93 0.93 0.93 0.93
  per-rule acc: 0.91 0.94
Epoch 7400 | Train: Loss=0.0011 Acc=100.0% | Test: Acc=92.7% | Best=92.7%(@7320)
  from x3: 0.92 0.93 0.93 0.93 0.93 0.93 0.93 0.93 0.93 0.93 0.93 0.93 0.93
  per-rule acc: 0.91 0.94
Epoch 7420 | Train: Loss=0.0011 Acc=100.0% | Test: Acc=92.7% | Best=92.7%(@7320)
  from x3: 0.92 0.93 0.93 0.93 0.93 0.93 0.93 0.93 0.93 0.93 0.93 0.93 0.93
  per-rule acc: 0.91 0.94
Epoch 7440 | Train: Loss=0.0010 Acc=100.0% | Test: Acc=92.8% | Best=92.8%(@7440)
  from x3: 0.92 0.93 0.93 0.93 0.93 0.93 0.93 0.93 0.93 0.93 0.93 0.93 0.93
  per-rule acc: 0.92 0.94
Epoch 7460 | Train: Loss=0.0009 Acc=100.0% | Test: Acc=92.8% | Best=92.8%(@7460)
  from x3: 0.92 0.93 0.93 0.93 0.93 0.93 0.93 0.93 0.93 0.93 0.93 0.93 0.93
  per-rule acc: 0.92 0.94
Epoch 7480 | Train: Loss=0.0008 Acc=100.0% | Test: Acc=92.8% | Best=92.8%(@7460)
  from x3: 0.92 0.93 0.93 0.93 0.93 0.93 0.93 0.93 0.93 0.93 0.93 0.93 0.93
  per-rule acc: 0.92 0.94
Epoch 7500 | Train: Loss=0.0007 Acc=100.0% | Test: Acc=92.9% | Best=92.9%(@7500)
  from x3: 0.92 0.93 0.93 0.93 0.93 0.93 0.93 0.93 0.93 0.93 0.93 0.93 0.93
  per-rule acc: 0.92 0.94
Epoch 7520 | Train: Loss=0.0006 Acc=100.0% | Test: Acc=92.8% | Best=92.9%(@7500)
  from x3: 0.92 0.93 0.93 0.93 0.93 0.93 0.93 0.93 0.93 0.93 0.93 0.93 0.93
  per-rule acc: 0.92 0.94
Epoch 7540 | Train: Loss=0.0006 Acc=100.0% | Test: Acc=92.7% | Best=92.9%(@7500)
  from x3: 0.92 0.93 0.93 0.93 0.93 0.93 0.93 0.93 0.93 0.93 0.93 0.93 0.93
  per-rule acc: 0.92 0.94
Epoch 7560 | Train: Loss=0.0011 Acc=100.0% | Test: Acc=91.8% | Best=92.9%(@7500)
  from x3: 0.91 0.92 0.92 0.92 0.92 0.92 0.92 0.92 0.92 0.92 0.92 0.92 0.92
  per-rule acc: 0.90 0.93
Epoch 7580 | Train: Loss=0.0007 Acc=100.0% | Test: Acc=92.6% | Best=92.9%(@7500)
  from x3: 0.92 0.92 0.93 0.93 0.93 0.93 0.93 0.93 0.93 0.93 0.93 0.93 0.93
  per-rule acc: 0.91 0.94
Epoch 7600 | Train: Loss=0.0008 Acc=100.0% | Test: Acc=92.7% | Best=92.9%(@7500)
  from x3: 0.92 0.93 0.93 0.93 0.93 0.93 0.93 0.93 0.93 0.93 0.93 0.93 0.93
  per-rule acc: 0.91 0.94
Epoch 7620 | Train: Loss=0.0008 Acc=100.0% | Test: Acc=92.8% | Best=92.9%(@7500)
  from x3: 0.92 0.93 0.93 0.93 0.93 0.93 0.93 0.93 0.93 0.93 0.93 0.93 0.93
  per-rule acc: 0.92 0.94
Epoch 7640 | Train: Loss=0.0008 Acc=100.0% | Test: Acc=92.8% | Best=92.9%(@7500)
  from x3: 0.92 0.93 0.93 0.93 0.93 0.93 0.93 0.93 0.93 0.93 0.93 0.93 0.93
  per-rule acc: 0.92 0.94
Epoch 7660 | Train: Loss=0.0007 Acc=100.0% | Test: Acc=92.9% | Best=92.9%(@7660)
  from x3: 0.92 0.93 0.93 0.93 0.93 0.93 0.93 0.93 0.93 0.93 0.93 0.93 0.93
  per-rule acc: 0.92 0.94
Epoch 7680 | Train: Loss=0.0007 Acc=100.0% | Test: Acc=92.9% | Best=92.9%(@7680)
  from x3: 0.92 0.93 0.93 0.93 0.93 0.93 0.93 0.93 0.93 0.93 0.93 0.93 0.93
  per-rule acc: 0.92 0.94
Epoch 7700 | Train: Loss=0.0007 Acc=100.0% | Test: Acc=92.8% | Best=92.9%(@7680)
  from x3: 0.92 0.93 0.93 0.93 0.93 0.93 0.93 0.93 0.93 0.93 0.93 0.93 0.93
  per-rule acc: 0.92 0.94
Epoch 7720 | Train: Loss=0.0007 Acc=100.0% | Test: Acc=92.4% | Best=92.9%(@7680)
  from x3: 0.92 0.92 0.92 0.93 0.93 0.92 0.92 0.92 0.93 0.92 0.92 0.92 0.92
  per-rule acc: 0.91 0.94
Epoch 7740 | Train: Loss=0.0008 Acc=100.0% | Test: Acc=92.7% | Best=92.9%(@7680)
  from x3: 0.92 0.93 0.93 0.93 0.93 0.93 0.93 0.93 0.93 0.93 0.93 0.93 0.93
  per-rule acc: 0.91 0.94
Epoch 7760 | Train: Loss=0.0008 Acc=100.0% | Test: Acc=92.8% | Best=92.9%(@7680)
  from x3: 0.92 0.93 0.93 0.93 0.93 0.93 0.93 0.93 0.93 0.93 0.93 0.93 0.93
  per-rule acc: 0.92 0.94
Epoch 7780 | Train: Loss=0.0008 Acc=100.0% | Test: Acc=92.8% | Best=92.9%(@7680)
  from x3: 0.92 0.93 0.93 0.93 0.93 0.93 0.93 0.93 0.93 0.93 0.93 0.93 0.93
  per-rule acc: 0.92 0.94
Epoch 7800 | Train: Loss=0.0008 Acc=100.0% | Test: Acc=92.9% | Best=92.9%(@7680)
  from x3: 0.92 0.93 0.93 0.93 0.93 0.93 0.93 0.93 0.93 0.93 0.93 0.93 0.93
  per-rule acc: 0.92 0.94
Epoch 7820 | Train: Loss=0.0007 Acc=100.0% | Test: Acc=92.9% | Best=92.9%(@7680)
  from x3: 0.92 0.93 0.93 0.93 0.93 0.93 0.93 0.93 0.93 0.93 0.93 0.93 0.93
  per-rule acc: 0.92 0.94
Epoch 7840 | Train: Loss=0.0007 Acc=100.0% | Test: Acc=92.9% | Best=92.9%(@7680)
  from x3: 0.92 0.93 0.93 0.93 0.93 0.93 0.93 0.93 0.93 0.93 0.93 0.93 0.93
  per-rule acc: 0.92 0.94
Epoch 7860 | Train: Loss=0.0006 Acc=100.0% | Test: Acc=92.9% | Best=92.9%(@7680)
  from x3: 0.93 0.93 0.93 0.93 0.93 0.93 0.93 0.93 0.93 0.93 0.93 0.93 0.93
  per-rule acc: 0.92 0.94
Epoch 7880 | Train: Loss=0.0005 Acc=100.0% | Test: Acc=92.9% | Best=92.9%(@7680)
  from x3: 0.93 0.93 0.93 0.93 0.93 0.93 0.93 0.93 0.93 0.93 0.93 0.93 0.93
  per-rule acc: 0.92 0.94
Epoch 7900 | Train: Loss=0.0005 Acc=100.0% | Test: Acc=92.9% | Best=92.9%(@7900)
  from x3: 0.93 0.93 0.93 0.93 0.93 0.93 0.93 0.93 0.93 0.93 0.93 0.93 0.93
  per-rule acc: 0.92 0.94
Epoch 7920 | Train: Loss=0.0007 Acc=100.0% | Test: Acc=92.3% | Best=92.9%(@7900)
  from x3: 0.92 0.92 0.92 0.92 0.92 0.92 0.92 0.92 0.92 0.92 0.93 0.93 0.92
  per-rule acc: 0.91 0.94
Epoch 7940 | Train: Loss=0.0006 Acc=100.0% | Test: Acc=92.7% | Best=92.9%(@7900)
  from x3: 0.92 0.93 0.93 0.93 0.93 0.93 0.93 0.93 0.93 0.93 0.93 0.93 0.93
  per-rule acc: 0.91 0.94
Epoch 7960 | Train: Loss=0.0007 Acc=100.0% | Test: Acc=92.8% | Best=92.9%(@7900)
  from x3: 0.92 0.93 0.93 0.93 0.93 0.93 0.93 0.93 0.93 0.93 0.93 0.93 0.93
  per-rule acc: 0.92 0.94
Epoch 7980 | Train: Loss=0.0007 Acc=100.0% | Test: Acc=92.8% | Best=92.9%(@7900)
  from x3: 0.92 0.93 0.93 0.93 0.93 0.93 0.93 0.93 0.93 0.93 0.93 0.93 0.93
  per-rule acc: 0.92 0.94
Epoch 8000 | Train: Loss=0.0007 Acc=100.0% | Test: Acc=92.8% | Best=92.9%(@7900)
  from x3: 0.92 0.93 0.93 0.93 0.93 0.93 0.93 0.93 0.93 0.93 0.93 0.93 0.93
  per-rule acc: 0.92 0.94
Epoch 8020 | Train: Loss=0.0007 Acc=100.0% | Test: Acc=92.9% | Best=92.9%(@7900)
  from x3: 0.93 0.93 0.93 0.93 0.93 0.93 0.93 0.93 0.93 0.93 0.93 0.93 0.93
  per-rule acc: 0.92 0.94
Epoch 8040 | Train: Loss=0.0006 Acc=100.0% | Test: Acc=92.9% | Best=92.9%(@7900)
  from x3: 0.93 0.93 0.93 0.93 0.93 0.93 0.93 0.93 0.93 0.93 0.93 0.93 0.93
  per-rule acc: 0.92 0.94
Epoch 8060 | Train: Loss=0.0006 Acc=100.0% | Test: Acc=93.0% | Best=93.0%(@8060)
  from x3: 0.93 0.93 0.93 0.93 0.93 0.93 0.93 0.93 0.93 0.93 0.93 0.93 0.93
  per-rule acc: 0.92 0.94
Epoch 8080 | Train: Loss=0.0005 Acc=100.0% | Test: Acc=93.0% | Best=93.0%(@8060)
  from x3: 0.93 0.93 0.93 0.93 0.93 0.93 0.93 0.93 0.93 0.93 0.93 0.93 0.93
  per-rule acc: 0.92 0.94
Epoch 8100 | Train: Loss=0.0005 Acc=100.0% | Test: Acc=93.0% | Best=93.0%(@8100)
  from x3: 0.93 0.93 0.93 0.93 0.93 0.93 0.93 0.93 0.93 0.93 0.93 0.93 0.93
  per-rule acc: 0.92 0.94
Epoch 8120 | Train: Loss=0.0012 Acc=100.0% | Test: Acc=92.1% | Best=93.0%(@8100)
  from x3: 0.92 0.92 0.92 0.92 0.92 0.92 0.92 0.92 0.92 0.92 0.92 0.92 0.92
  per-rule acc: 0.91 0.93
Epoch 8140 | Train: Loss=0.0005 Acc=100.0% | Test: Acc=92.9% | Best=93.0%(@8100)
  from x3: 0.92 0.93 0.93 0.93 0.93 0.93 0.93 0.93 0.93 0.93 0.93 0.93 0.93
  per-rule acc: 0.92 0.94
Epoch 8160 | Train: Loss=0.0006 Acc=100.0% | Test: Acc=92.9% | Best=93.0%(@8100)
  from x3: 0.92 0.93 0.93 0.93 0.93 0.93 0.93 0.93 0.93 0.93 0.93 0.93 0.93
  per-rule acc: 0.92 0.94
Epoch 8180 | Train: Loss=0.0006 Acc=100.0% | Test: Acc=93.0% | Best=93.0%(@8180)
  from x3: 0.93 0.93 0.93 0.93 0.93 0.93 0.93 0.93 0.93 0.93 0.93 0.93 0.93
  per-rule acc: 0.92 0.94
Epoch 8200 | Train: Loss=0.0006 Acc=100.0% | Test: Acc=93.0% | Best=93.0%(@8200)
  from x3: 0.93 0.93 0.93 0.93 0.93 0.93 0.93 0.93 0.93 0.93 0.93 0.93 0.93
  per-rule acc: 0.92 0.94
Epoch 8220 | Train: Loss=0.0006 Acc=100.0% | Test: Acc=93.0% | Best=93.0%(@8220)
  from x3: 0.93 0.93 0.93 0.93 0.93 0.93 0.93 0.93 0.93 0.93 0.93 0.93 0.93
  per-rule acc: 0.92 0.94
Epoch 8240 | Train: Loss=0.0005 Acc=100.0% | Test: Acc=93.1% | Best=93.1%(@8240)
  from x3: 0.93 0.93 0.93 0.93 0.93 0.93 0.93 0.93 0.93 0.93 0.93 0.93 0.93
  per-rule acc: 0.92 0.94
Epoch 8260 | Train: Loss=0.0005 Acc=100.0% | Test: Acc=93.1% | Best=93.1%(@8260)
  from x3: 0.93 0.93 0.93 0.93 0.93 0.93 0.93 0.93 0.93 0.93 0.93 0.93 0.93
  per-rule acc: 0.92 0.94
Epoch 8280 | Train: Loss=0.0005 Acc=100.0% | Test: Acc=93.1% | Best=93.1%(@8260)
  from x3: 0.93 0.93 0.93 0.93 0.93 0.93 0.93 0.93 0.93 0.93 0.93 0.93 0.93
  per-rule acc: 0.92 0.94
Epoch 8300 | Train: Loss=0.0004 Acc=100.0% | Test: Acc=93.1% | Best=93.1%(@8260)
  from x3: 0.93 0.93 0.93 0.93 0.93 0.93 0.93 0.93 0.93 0.93 0.93 0.93 0.93
  per-rule acc: 0.92 0.94
Epoch 8320 | Train: Loss=0.0004 Acc=100.0% | Test: Acc=93.1% | Best=93.1%(@8260)
  from x3: 0.93 0.93 0.93 0.93 0.93 0.93 0.93 0.93 0.93 0.93 0.93 0.93 0.93
  per-rule acc: 0.92 0.94
Epoch 8340 | Train: Loss=0.0004 Acc=100.0% | Test: Acc=93.1% | Best=93.1%(@8260)
  from x3: 0.93 0.93 0.93 0.93 0.93 0.93 0.93 0.93 0.93 0.93 0.93 0.93 0.93
  per-rule acc: 0.92 0.94
Epoch 8360 | Train: Loss=0.0003 Acc=100.0% | Test: Acc=93.1% | Best=93.1%(@8260)
  from x3: 0.93 0.93 0.93 0.93 0.93 0.93 0.93 0.93 0.93 0.93 0.93 0.93 0.93
  per-rule acc: 0.92 0.94
Epoch 8380 | Train: Loss=0.0003 Acc=100.0% | Test: Acc=93.1% | Best=93.1%(@8260)
  from x3: 0.93 0.93 0.93 0.93 0.93 0.93 0.93 0.93 0.93 0.93 0.93 0.93 0.93
  per-rule acc: 0.92 0.94
Epoch 8400 | Train: Loss=0.0003 Acc=100.0% | Test: Acc=93.1% | Best=93.1%(@8260)
  from x3: 0.93 0.93 0.93 0.93 0.93 0.93 0.93 0.93 0.93 0.93 0.93 0.93 0.93
  per-rule acc: 0.92 0.94
Epoch 8420 | Train: Loss=0.0002 Acc=100.0% | Test: Acc=93.1% | Best=93.1%(@8260)
  from x3: 0.93 0.93 0.93 0.93 0.93 0.93 0.93 0.93 0.93 0.93 0.93 0.93 0.93
  per-rule acc: 0.92 0.94
Epoch 8440 | Train: Loss=0.0009 Acc=100.0% | Test: Acc=92.3% | Best=93.1%(@8260)
  from x3: 0.92 0.92 0.92 0.92 0.92 0.92 0.92 0.92 0.92 0.92 0.92 0.92 0.92
  per-rule acc: 0.92 0.93
Epoch 8460 | Train: Loss=0.0003 Acc=100.0% | Test: Acc=93.0% | Best=93.1%(@8260)
  from x3: 0.92 0.93 0.93 0.93 0.93 0.93 0.93 0.93 0.93 0.93 0.93 0.93 0.93
  per-rule acc: 0.92 0.94
Epoch 8480 | Train: Loss=0.0003 Acc=100.0% | Test: Acc=93.0% | Best=93.1%(@8260)
  from x3: 0.92 0.93 0.93 0.93 0.93 0.93 0.93 0.93 0.93 0.93 0.93 0.93 0.93
  per-rule acc: 0.92 0.94
Epoch 8500 | Train: Loss=0.0003 Acc=100.0% | Test: Acc=93.0% | Best=93.1%(@8260)
  from x3: 0.93 0.93 0.93 0.93 0.93 0.93 0.93 0.93 0.93 0.93 0.93 0.93 0.93
  per-rule acc: 0.92 0.94
Epoch 8520 | Train: Loss=0.0003 Acc=100.0% | Test: Acc=93.0% | Best=93.1%(@8260)
  from x3: 0.93 0.93 0.93 0.93 0.93 0.93 0.93 0.93 0.93 0.93 0.93 0.93 0.93
  per-rule acc: 0.92 0.94
Epoch 8540 | Train: Loss=0.0003 Acc=100.0% | Test: Acc=93.0% | Best=93.1%(@8260)
  from x3: 0.93 0.93 0.93 0.93 0.93 0.93 0.93 0.93 0.93 0.93 0.93 0.93 0.93
  per-rule acc: 0.92 0.94
Epoch 8560 | Train: Loss=0.0003 Acc=100.0% | Test: Acc=93.0% | Best=93.1%(@8260)
  from x3: 0.93 0.93 0.93 0.93 0.93 0.93 0.93 0.93 0.93 0.93 0.93 0.93 0.93
  per-rule acc: 0.92 0.94
Epoch 8580 | Train: Loss=0.0003 Acc=100.0% | Test: Acc=93.0% | Best=93.1%(@8260)
  from x3: 0.93 0.93 0.93 0.93 0.93 0.93 0.93 0.93 0.93 0.93 0.93 0.93 0.93
  per-rule acc: 0.92 0.94
Epoch 8600 | Train: Loss=0.0003 Acc=100.0% | Test: Acc=93.1% | Best=93.1%(@8260)
  from x3: 0.93 0.93 0.93 0.93 0.93 0.93 0.93 0.93 0.93 0.93 0.93 0.93 0.93
  per-rule acc: 0.92 0.94
Epoch 8620 | Train: Loss=0.0003 Acc=100.0% | Test: Acc=93.1% | Best=93.1%(@8260)
  from x3: 0.93 0.93 0.93 0.93 0.93 0.93 0.93 0.93 0.93 0.93 0.93 0.93 0.93
  per-rule acc: 0.92 0.94
Epoch 8640 | Train: Loss=0.0003 Acc=100.0% | Test: Acc=93.1% | Best=93.1%(@8260)
  from x3: 0.93 0.93 0.93 0.93 0.93 0.93 0.93 0.93 0.93 0.93 0.93 0.93 0.93
  per-rule acc: 0.92 0.94
Epoch 8660 | Train: Loss=0.0004 Acc=100.0% | Test: Acc=92.7% | Best=93.1%(@8260)
  from x3: 0.92 0.93 0.93 0.93 0.93 0.93 0.93 0.93 0.93 0.93 0.93 0.93 0.93
  per-rule acc: 0.92 0.94
Epoch 8680 | Train: Loss=0.0003 Acc=100.0% | Test: Acc=92.9% | Best=93.1%(@8260)
  from x3: 0.92 0.93 0.93 0.93 0.93 0.93 0.93 0.93 0.93 0.93 0.93 0.93 0.93
  per-rule acc: 0.92 0.94
Epoch 8700 | Train: Loss=0.0003 Acc=100.0% | Test: Acc=93.0% | Best=93.1%(@8260)
  from x3: 0.92 0.93 0.93 0.93 0.93 0.93 0.93 0.93 0.93 0.93 0.93 0.93 0.93
  per-rule acc: 0.92 0.94
Epoch 8720 | Train: Loss=0.0004 Acc=100.0% | Test: Acc=93.0% | Best=93.1%(@8260)
  from x3: 0.93 0.93 0.93 0.93 0.93 0.93 0.93 0.93 0.93 0.93 0.93 0.93 0.93
  per-rule acc: 0.92 0.94
Epoch 8740 | Train: Loss=0.0004 Acc=100.0% | Test: Acc=93.1% | Best=93.1%(@8260)
  from x3: 0.93 0.93 0.93 0.93 0.93 0.93 0.93 0.93 0.93 0.93 0.93 0.93 0.93
  per-rule acc: 0.92 0.94
Epoch 8760 | Train: Loss=0.0004 Acc=100.0% | Test: Acc=93.1% | Best=93.1%(@8260)
  from x3: 0.93 0.93 0.93 0.93 0.93 0.93 0.93 0.93 0.93 0.93 0.93 0.93 0.93
  per-rule acc: 0.92 0.94
Epoch 8780 | Train: Loss=0.0004 Acc=100.0% | Test: Acc=93.1% | Best=93.1%(@8260)
  from x3: 0.93 0.93 0.93 0.93 0.93 0.93 0.93 0.93 0.93 0.93 0.93 0.93 0.93
  per-rule acc: 0.92 0.94
Epoch 8800 | Train: Loss=0.0003 Acc=100.0% | Test: Acc=93.1% | Best=93.1%(@8800)
  from x3: 0.93 0.93 0.93 0.93 0.93 0.93 0.93 0.93 0.93 0.93 0.93 0.93 0.93
  per-rule acc: 0.92 0.94
Epoch 8820 | Train: Loss=0.0003 Acc=100.0% | Test: Acc=93.1% | Best=93.1%(@8820)
  from x3: 0.93 0.93 0.93 0.93 0.93 0.93 0.93 0.93 0.93 0.93 0.93 0.93 0.93
  per-rule acc: 0.92 0.94
Epoch 8840 | Train: Loss=0.0003 Acc=100.0% | Test: Acc=93.2% | Best=93.2%(@8840)
  from x3: 0.93 0.93 0.93 0.93 0.93 0.93 0.93 0.93 0.93 0.93 0.93 0.93 0.93
  per-rule acc: 0.92 0.94
Epoch 8860 | Train: Loss=0.0003 Acc=100.0% | Test: Acc=93.2% | Best=93.2%(@8860)
  from x3: 0.93 0.93 0.93 0.93 0.93 0.93 0.93 0.93 0.93 0.93 0.93 0.93 0.93
  per-rule acc: 0.92 0.94
Epoch 8880 | Train: Loss=0.0003 Acc=100.0% | Test: Acc=93.2% | Best=93.2%(@8860)
  from x3: 0.93 0.93 0.93 0.93 0.93 0.93 0.93 0.93 0.93 0.93 0.93 0.93 0.93
  per-rule acc: 0.92 0.94
Epoch 8900 | Train: Loss=0.0003 Acc=100.0% | Test: Acc=93.2% | Best=93.2%(@8860)
  from x3: 0.93 0.93 0.93 0.93 0.93 0.93 0.93 0.93 0.93 0.93 0.93 0.93 0.93
  per-rule acc: 0.92 0.94
Epoch 8920 | Train: Loss=0.0004 Acc=100.0% | Test: Acc=92.8% | Best=93.2%(@8860)
  from x3: 0.92 0.93 0.93 0.93 0.93 0.93 0.93 0.93 0.93 0.93 0.93 0.93 0.93
  per-rule acc: 0.92 0.94
Epoch 8940 | Train: Loss=0.0003 Acc=100.0% | Test: Acc=93.1% | Best=93.2%(@8860)
  from x3: 0.93 0.93 0.93 0.93 0.93 0.93 0.93 0.93 0.93 0.93 0.93 0.93 0.93
  per-rule acc: 0.92 0.94
Epoch 8960 | Train: Loss=0.0003 Acc=100.0% | Test: Acc=93.2% | Best=93.2%(@8860)
  from x3: 0.93 0.93 0.93 0.93 0.93 0.93 0.93 0.93 0.93 0.93 0.93 0.93 0.93
  per-rule acc: 0.92 0.94
Epoch 8980 | Train: Loss=0.0003 Acc=100.0% | Test: Acc=93.1% | Best=93.2%(@8860)
  from x3: 0.93 0.93 0.93 0.93 0.93 0.93 0.93 0.93 0.93 0.93 0.93 0.93 0.93
  per-rule acc: 0.92 0.94
Epoch 9000 | Train: Loss=0.0003 Acc=100.0% | Test: Acc=93.1% | Best=93.2%(@8860)
  from x3: 0.93 0.93 0.93 0.93 0.93 0.93 0.93 0.93 0.93 0.93 0.93 0.93 0.93
  per-rule acc: 0.92 0.94
Epoch 9020 | Train: Loss=0.0003 Acc=100.0% | Test: Acc=93.2% | Best=93.2%(@8860)
  from x3: 0.93 0.93 0.93 0.93 0.93 0.93 0.93 0.93 0.93 0.93 0.93 0.93 0.93
  per-rule acc: 0.92 0.94
Epoch 9040 | Train: Loss=0.0003 Acc=100.0% | Test: Acc=93.2% | Best=93.2%(@8860)
  from x3: 0.93 0.93 0.93 0.93 0.93 0.93 0.93 0.93 0.93 0.93 0.93 0.93 0.93
  per-rule acc: 0.92 0.94
Epoch 9060 | Train: Loss=0.0003 Acc=100.0% | Test: Acc=93.2% | Best=93.2%(@8860)
  from x3: 0.93 0.93 0.93 0.93 0.93 0.93 0.93 0.93 0.93 0.93 0.93 0.93 0.93
  per-rule acc: 0.92 0.94
Epoch 9080 | Train: Loss=0.0002 Acc=100.0% | Test: Acc=93.2% | Best=93.2%(@8860)
  from x3: 0.93 0.93 0.93 0.93 0.93 0.93 0.93 0.93 0.93 0.93 0.93 0.93 0.93
  per-rule acc: 0.92 0.94
Epoch 9100 | Train: Loss=0.0002 Acc=100.0% | Test: Acc=93.1% | Best=93.2%(@8860)
  from x3: 0.93 0.93 0.93 0.93 0.93 0.93 0.93 0.93 0.93 0.93 0.93 0.93 0.93
  per-rule acc: 0.92 0.94
Epoch 9120 | Train: Loss=0.0002 Acc=100.0% | Test: Acc=93.1% | Best=93.2%(@8860)
  from x3: 0.93 0.93 0.93 0.93 0.93 0.93 0.93 0.93 0.93 0.93 0.93 0.93 0.93
  per-rule acc: 0.92 0.94
Epoch 9140 | Train: Loss=0.0002 Acc=100.0% | Test: Acc=93.1% | Best=93.2%(@8860)
  from x3: 0.93 0.93 0.93 0.93 0.93 0.93 0.93 0.93 0.93 0.93 0.93 0.93 0.93
  per-rule acc: 0.92 0.94
Epoch 9160 | Train: Loss=0.0002 Acc=100.0% | Test: Acc=93.1% | Best=93.2%(@8860)
  from x3: 0.93 0.93 0.93 0.93 0.93 0.93 0.93 0.93 0.93 0.93 0.93 0.93 0.93
  per-rule acc: 0.92 0.94
Epoch 9180 | Train: Loss=0.0002 Acc=100.0% | Test: Acc=93.2% | Best=93.2%(@8860)
  from x3: 0.93 0.93 0.93 0.93 0.93 0.93 0.93 0.93 0.93 0.93 0.93 0.93 0.93
  per-rule acc: 0.92 0.94
Epoch 9200 | Train: Loss=0.0002 Acc=100.0% | Test: Acc=93.2% | Best=93.2%(@8860)
  from x3: 0.93 0.93 0.93 0.93 0.93 0.93 0.93 0.93 0.93 0.93 0.93 0.93 0.93
  per-rule acc: 0.92 0.94
Epoch 9220 | Train: Loss=0.0002 Acc=100.0% | Test: Acc=93.2% | Best=93.2%(@8860)
  from x3: 0.93 0.93 0.93 0.93 0.93 0.93 0.93 0.93 0.93 0.93 0.93 0.93 0.93
  per-rule acc: 0.92 0.94
Epoch 9240 | Train: Loss=0.0002 Acc=100.0% | Test: Acc=93.2% | Best=93.2%(@8860)
  from x3: 0.93 0.93 0.93 0.93 0.93 0.93 0.93 0.93 0.93 0.93 0.93 0.93 0.93
  per-rule acc: 0.92 0.94
Epoch 9260 | Train: Loss=0.0002 Acc=100.0% | Test: Acc=93.2% | Best=93.2%(@8860)
  from x3: 0.93 0.93 0.93 0.93 0.93 0.93 0.93 0.93 0.93 0.93 0.93 0.93 0.93
  per-rule acc: 0.92 0.94
Epoch 9280 | Train: Loss=0.0002 Acc=100.0% | Test: Acc=93.2% | Best=93.2%(@8860)
  from x3: 0.93 0.93 0.93 0.93 0.93 0.93 0.93 0.93 0.93 0.93 0.93 0.93 0.93
  per-rule acc: 0.92 0.94
Epoch 9300 | Train: Loss=0.0002 Acc=100.0% | Test: Acc=93.2% | Best=93.2%(@8860)
  from x3: 0.93 0.93 0.93 0.93 0.93 0.93 0.93 0.93 0.93 0.93 0.93 0.93 0.93
  per-rule acc: 0.92 0.94
Epoch 9320 | Train: Loss=0.0002 Acc=100.0% | Test: Acc=93.1% | Best=93.2%(@8860)
  from x3: 0.93 0.93 0.93 0.93 0.93 0.93 0.93 0.93 0.93 0.93 0.93 0.93 0.93
  per-rule acc: 0.92 0.94
Epoch 9340 | Train: Loss=0.0002 Acc=100.0% | Test: Acc=93.1% | Best=93.2%(@8860)
  from x3: 0.93 0.93 0.93 0.93 0.93 0.93 0.93 0.93 0.93 0.93 0.93 0.93 0.93
  per-rule acc: 0.92 0.94
Epoch 9360 | Train: Loss=0.0002 Acc=100.0% | Test: Acc=93.1% | Best=93.2%(@8860)
  from x3: 0.93 0.93 0.93 0.93 0.93 0.93 0.93 0.93 0.93 0.93 0.93 0.93 0.93
  per-rule acc: 0.92 0.94
Epoch 9380 | Train: Loss=0.0002 Acc=100.0% | Test: Acc=93.1% | Best=93.2%(@8860)
  from x3: 0.93 0.93 0.93 0.93 0.93 0.93 0.93 0.93 0.93 0.93 0.93 0.93 0.93
  per-rule acc: 0.92 0.94
Epoch 9400 | Train: Loss=0.0002 Acc=100.0% | Test: Acc=93.1% | Best=93.2%(@8860)
  from x3: 0.93 0.93 0.93 0.93 0.93 0.93 0.93 0.93 0.93 0.93 0.93 0.93 0.93
  per-rule acc: 0.92 0.94
Epoch 9420 | Train: Loss=0.0002 Acc=100.0% | Test: Acc=93.1% | Best=93.2%(@8860)
  from x3: 0.93 0.93 0.93 0.93 0.93 0.93 0.93 0.93 0.93 0.93 0.93 0.93 0.93
  per-rule acc: 0.92 0.94
Epoch 9440 | Train: Loss=0.0002 Acc=100.0% | Test: Acc=93.1% | Best=93.2%(@8860)
  from x3: 0.93 0.93 0.93 0.93 0.93 0.93 0.93 0.93 0.93 0.93 0.93 0.93 0.93
  per-rule acc: 0.92 0.94
Epoch 9460 | Train: Loss=0.0002 Acc=100.0% | Test: Acc=93.1% | Best=93.2%(@8860)
  from x3: 0.93 0.93 0.93 0.93 0.93 0.93 0.93 0.93 0.93 0.93 0.93 0.93 0.93
  per-rule acc: 0.92 0.94
Epoch 9480 | Train: Loss=0.0002 Acc=100.0% | Test: Acc=93.1% | Best=93.2%(@8860)
  from x3: 0.93 0.93 0.93 0.93 0.93 0.93 0.93 0.93 0.93 0.93 0.93 0.93 0.93
  per-rule acc: 0.92 0.94
Epoch 9500 | Train: Loss=0.0002 Acc=100.0% | Test: Acc=93.1% | Best=93.2%(@8860)
  from x3: 0.93 0.93 0.93 0.93 0.93 0.93 0.93 0.93 0.93 0.93 0.93 0.93 0.93
  per-rule acc: 0.92 0.94
Epoch 9520 | Train: Loss=0.0001 Acc=100.0% | Test: Acc=93.1% | Best=93.2%(@8860)
  from x3: 0.93 0.93 0.93 0.93 0.93 0.93 0.93 0.93 0.93 0.93 0.93 0.93 0.93
  per-rule acc: 0.92 0.94
Epoch 9540 | Train: Loss=0.0001 Acc=100.0% | Test: Acc=93.1% | Best=93.2%(@8860)
  from x3: 0.93 0.93 0.93 0.93 0.93 0.93 0.93 0.93 0.93 0.93 0.93 0.93 0.93
  per-rule acc: 0.92 0.94
Epoch 9560 | Train: Loss=0.0001 Acc=100.0% | Test: Acc=93.1% | Best=93.2%(@8860)
  from x3: 0.93 0.93 0.93 0.93 0.93 0.93 0.93 0.93 0.93 0.93 0.93 0.93 0.93
  per-rule acc: 0.92 0.94
Epoch 9580 | Train: Loss=0.0001 Acc=100.0% | Test: Acc=93.1% | Best=93.2%(@8860)
  from x3: 0.93 0.93 0.93 0.93 0.93 0.93 0.93 0.93 0.93 0.93 0.93 0.93 0.93
  per-rule acc: 0.92 0.94
Epoch 9600 | Train: Loss=0.0001 Acc=100.0% | Test: Acc=93.1% | Best=93.2%(@8860)
  from x3: 0.93 0.93 0.93 0.93 0.93 0.93 0.93 0.93 0.93 0.93 0.93 0.93 0.93
  per-rule acc: 0.92 0.94
Epoch 9620 | Train: Loss=0.0001 Acc=100.0% | Test: Acc=93.1% | Best=93.2%(@8860)
  from x3: 0.93 0.93 0.93 0.93 0.93 0.93 0.93 0.93 0.93 0.93 0.93 0.93 0.93
  per-rule acc: 0.92 0.94
Epoch 9640 | Train: Loss=0.0001 Acc=100.0% | Test: Acc=93.1% | Best=93.2%(@8860)
  from x3: 0.93 0.93 0.93 0.93 0.93 0.93 0.93 0.93 0.93 0.93 0.93 0.93 0.93
  per-rule acc: 0.92 0.94
Epoch 9660 | Train: Loss=0.0001 Acc=100.0% | Test: Acc=93.1% | Best=93.2%(@8860)
  from x3: 0.93 0.93 0.93 0.93 0.93 0.93 0.93 0.93 0.93 0.93 0.93 0.93 0.93
  per-rule acc: 0.92 0.94
Epoch 9680 | Train: Loss=0.0001 Acc=100.0% | Test: Acc=93.1% | Best=93.2%(@8860)
  from x3: 0.93 0.93 0.93 0.93 0.93 0.93 0.93 0.93 0.93 0.93 0.93 0.93 0.93
  per-rule acc: 0.92 0.94
Epoch 9700 | Train: Loss=0.0001 Acc=100.0% | Test: Acc=93.1% | Best=93.2%(@8860)
  from x3: 0.93 0.93 0.93 0.93 0.93 0.93 0.93 0.93 0.93 0.93 0.93 0.93 0.93
  per-rule acc: 0.92 0.94
Epoch 9720 | Train: Loss=0.0001 Acc=100.0% | Test: Acc=93.1% | Best=93.2%(@8860)
  from x3: 0.93 0.93 0.93 0.93 0.93 0.93 0.93 0.93 0.93 0.93 0.93 0.93 0.93
  per-rule acc: 0.92 0.94
Epoch 9740 | Train: Loss=0.0001 Acc=100.0% | Test: Acc=93.1% | Best=93.2%(@8860)
  from x3: 0.93 0.93 0.93 0.93 0.93 0.93 0.93 0.93 0.93 0.93 0.93 0.93 0.93
  per-rule acc: 0.92 0.94
Epoch 9760 | Train: Loss=0.0001 Acc=100.0% | Test: Acc=93.1% | Best=93.2%(@8860)
  from x3: 0.93 0.93 0.93 0.93 0.93 0.93 0.93 0.93 0.93 0.93 0.93 0.93 0.93
  per-rule acc: 0.92 0.94
Epoch 9780 | Train: Loss=0.0001 Acc=100.0% | Test: Acc=93.1% | Best=93.2%(@8860)
  from x3: 0.93 0.93 0.93 0.93 0.93 0.93 0.93 0.93 0.93 0.93 0.93 0.93 0.93
  per-rule acc: 0.92 0.94
Epoch 9800 | Train: Loss=0.0001 Acc=100.0% | Test: Acc=93.1% | Best=93.2%(@8860)
  from x3: 0.93 0.93 0.93 0.93 0.93 0.93 0.93 0.93 0.93 0.93 0.93 0.93 0.93
  per-rule acc: 0.92 0.94
Epoch 9820 | Train: Loss=0.0001 Acc=100.0% | Test: Acc=93.1% | Best=93.2%(@8860)
  from x3: 0.93 0.93 0.93 0.93 0.93 0.93 0.93 0.93 0.93 0.93 0.93 0.93 0.93
  per-rule acc: 0.92 0.94
Epoch 9840 | Train: Loss=0.0001 Acc=100.0% | Test: Acc=93.1% | Best=93.2%(@8860)
  from x3: 0.93 0.93 0.93 0.93 0.93 0.93 0.93 0.93 0.93 0.93 0.93 0.93 0.93
  per-rule acc: 0.92 0.94
Epoch 9860 | Train: Loss=0.0001 Acc=100.0% | Test: Acc=93.1% | Best=93.2%(@8860)
  from x3: 0.93 0.93 0.93 0.93 0.93 0.93 0.93 0.93 0.93 0.93 0.93 0.93 0.93
  per-rule acc: 0.92 0.94
[Early stop] No improvement for 1000 consecutive epochs

==================================================
Saving model...
[OK] Model saved to: /home/cxm/ai/test0627-multitask-overlap/models/mixed_cond_d128l1_r8_n2_e50_overlap40.pth
  File size: 1407.8 KB
  Best test accuracy: 93.18%

==================================================
Final generation test (given first two items, AB generates 3rd as prompt, validate from 4th)
==================================================

--- AB pair 1: (1, 1) ---

--- Statistics for AB=(1,1) ---
Exposed    samples:  1404 | In-dist: 18252/18252 (100.0%) | OOD: 22464/22464 (100.0%)
Unexposed  samples:  1405 | In-dist: 17095/18265 ( 93.6%) | OOD: 21576/22480 ( 96.0%)

--- AB pair 2: (1, 2) ---

--- Statistics for AB=(1,2) ---
Exposed    samples:  1404 | In-dist: 18252/18252 (100.0%) | OOD: 22456/22464 (100.0%)
Unexposed  samples:  1405 | In-dist: 17113/18265 ( 93.7%) | OOD: 21372/22480 ( 95.1%)

--- Return code: 0 ---

======================================================================
Attention Analysis
======================================================================
Model config: addition (default), p=53
Best test accuracy: 0.931782096906652
Training epochs: 9860

Random test sequence 1/5 (length 32): [3, 52, 2, 1, 3, 4, 7, 11, 18, 29, 47, 23, 17, 40, 4, 44, 48, 39, 34, 20]...

======================================================================
Attention Layer Training Result Summary
======================================================================
Input sequence: [3, 52, 2, 1, 3, 4, 7, 11, 18, 29, 47, 23, 17, 40, 4, 44, 48, 39, 34, 20, 1, 21, 22, 43, 12, 2, 14, 16, 30, 46, 23, 16]

--- Layer 0 ---
  Head 0: Entropy=1.493
    Attention coefficients from each query position to previous positions:
      i= 0 -> j=0:1.000
      i= 1 -> j=0:0.171, j=1:0.829
      i= 2 -> j=0:0.169, j=1:0.348, j=2:0.483
      i= 3 -> j=0:0.076, j=1:0.142, j=2:0.324, j=3:0.458
      i= 4 -> j=0:0.009, j=1:0.021, j=2:0.093, j=3:0.163, j=4:0.714
      i= 5 -> j=0:0.014, j=1:0.021, j=2:0.075, j=3:0.074, j=4:0.222, j=5:0.594
      i= 6 -> j=0:0.003, j=1:0.003, j=2:0.016, j=3:0.013, j=4:0.041, j=5:0.174, j=6:0.751
      i= 7 -> j=0:0.013, j=1:0.016, j=2:0.055, j=3:0.033, j=4:0.046, j=5:0.101, j=6:0.270, j=7:0.466
      i= 8 -> j=0:0.008, j=1:0.010, j=2:0.045, j=3:0.023, j=4:0.027, j=5:0.047, j=6:0.118, j=7:0.238, j=8:0.485
      i= 9 -> j=0:0.006, j=1:0.006, j=2:0.026, j=3:0.011, j=4:0.010, j=5:0.018, j=6:0.043, j=7:0.118, j=8:0.276, j=9:0.486
      i=10 -> j=0:0.000, j=1:0.000, j=2:0.003, j=3:0.001, j=4:0.001, j=5:0.001, j=6:0.003, j=7:0.014, j=8:0.018, j=9:0.055, j=10:0.903
      i=11 -> j=0:0.027, j=1:0.025, j=2:0.056, j=3:0.031, j=4:0.031, j=5:0.047, j=6:0.061, j=7:0.105, j=8:0.081, j=9:0.094, j=10:0.173, j=11:0.269
      i=12 -> j=0:0.045, j=1:0.045, j=2:0.073, j=3:0.046, j=4:0.043, j=5:0.054, j=6:0.068, j=7:0.100, j=8:0.080, j=9:0.085, j=10:0.102, j=11:0.137, j=12:0.122
      i=13 -> j=0:0.002, j=1:0.002, j=2:0.007, j=3:0.002, j=4:0.001, j=5:0.002, j=6:0.003, j=7:0.009, j=8:0.004, j=9:0.006, j=10:0.013, j=11:0.074, j=12:0.106, j=13:0.768
      i=14 -> j=0:0.007, j=1:0.006, j=2:0.022, j=3:0.008, j=4:0.005, j=5:0.007, j=6:0.008, j=7:0.024, j=8:0.012, j=9:0.016, j=10:0.019, j=11:0.085, j=12:0.094, j=13:0.191, j=14:0.496
      i=15 -> j=0:0.010, j=1:0.009, j=2:0.027, j=3:0.011, j=4:0.008, j=5:0.009, j=6:0.010, j=7:0.025, j=8:0.011, j=9:0.014, j=10:0.012, j=11:0.053, j=12:0.060, j=13:0.086, j=14:0.237, j=15:0.419
      i=16 -> j=0:0.002, j=1:0.002, j=2:0.007, j=3:0.002, j=4:0.001, j=5:0.001, j=6:0.001, j=7:0.005, j=8:0.002, j=9:0.003, j=10:0.001, j=11:0.012, j=12:0.015, j=13:0.009, j=14:0.036, j=15:0.115, j=16:0.788
      i=17 -> j=0:0.003, j=1:0.002, j=2:0.008, j=3:0.002, j=4:0.001, j=5:0.002, j=6:0.002, j=7:0.006, j=8:0.002, j=9:0.003, j=10:0.001, j=11:0.014, j=12:0.016, j=13:0.005, j=14:0.012, j=15:0.034, j=16:0.155, j=17:0.733
      i=18 -> j=0:0.017, j=1:0.016, j=2:0.031, j=3:0.016, j=4:0.012, j=5:0.013, j=6:0.012, j=7:0.023, j=8:0.011, j=9:0.014, j=10:0.008, j=11:0.034, j=12:0.036, j=13:0.014, j=14:0.020, j=15:0.035, j=16:0.070, j=17:0.223, j=18:0.395
      i=19 -> j=0:0.007, j=1:0.007, j=2:0.018, j=3:0.006, j=4:0.004, j=5:0.004, j=6:0.004, j=7:0.012, j=8:0.004, j=9:0.005, j=10:0.002, j=11:0.017, j=12:0.018, j=13:0.005, j=14:0.008, j=15:0.014, j=16:0.022, j=17:0.079, j=18:0.226, j=19:0.536
      i=20 -> j=0:0.020, j=1:0.020, j=2:0.045, j=3:0.022, j=4:0.016, j=5:0.016, j=6:0.015, j=7:0.031, j=8:0.014, j=9:0.017, j=10:0.009, j=11:0.038, j=12:0.041, j=13:0.015, j=14:0.021, j=15:0.029, j=16:0.030, j=17:0.053, j=18:0.141, j=19:0.144, j=20:0.264
      i=21 -> j=0:0.012, j=1:0.011, j=2:0.036, j=3:0.014, j=4:0.010, j=5:0.010, j=6:0.009, j=7:0.021, j=8:0.008, j=9:0.011, j=10:0.004, j=11:0.028, j=12:0.028, j=13:0.006, j=14:0.010, j=15:0.015, j=16:0.015, j=17:0.028, j=18:0.095, j=19:0.058, j=20:0.144, j=21:0.428
      i=22 -> j=0:0.007, j=1:0.006, j=2:0.019, j=3:0.008, j=4:0.006, j=5:0.006, j=6:0.006, j=7:0.012, j=8:0.004, j=9:0.005, j=10:0.002, j=11:0.013, j=12:0.013, j=13:0.002, j=14:0.003, j=15:0.005, j=16:0.003, j=17:0.006, j=18:0.025, j=19:0.012, j=20:0.044, j=21:0.166, j=22:0.627
      i=23 -> j=0:0.002, j=1:0.002, j=2:0.007, j=3:0.002, j=4:0.001, j=5:0.002, j=6:0.002, j=7:0.004, j=8:0.001, j=9:0.001, j=10:0.000, j=11:0.005, j=12:0.005, j=13:0.000, j=14:0.001, j=15:0.001, j=16:0.001, j=17:0.001, j=18:0.008, j=19:0.002, j=20:0.006, j=21:0.009, j=22:0.089, j=23:0.847
      i=24 -> j=0:0.001, j=1:0.001, j=2:0.002, j=3:0.001, j=4:0.001, j=5:0.001, j=6:0.001, j=7:0.002, j=8:0.000, j=9:0.001, j=10:0.000, j=11:0.001, j=12:0.001, j=13:0.000, j=14:0.000, j=15:0.000, j=16:0.000, j=17:0.000, j=18:0.001, j=19:0.000, j=20:0.000, j=21:0.001, j=22:0.011, j=23:0.220, j=24:0.754
      i=25 -> j=0:0.028, j=1:0.026, j=2:0.044, j=3:0.027, j=4:0.023, j=5:0.024, j=6:0.025, j=7:0.037, j=8:0.022, j=9:0.023, j=10:0.013, j=11:0.035, j=12:0.036, j=13:0.014, j=14:0.015, j=15:0.017, j=16:0.012, j=17:0.015, j=18:0.031, j=19:0.016, j=20:0.022, j=21:0.017, j=22:0.045, j=23:0.068, j=24:0.161, j=25:0.206
      i=26 -> j=0:0.003, j=1:0.003, j=2:0.008, j=3:0.003, j=4:0.002, j=5:0.002, j=6:0.002, j=7:0.005, j=8:0.002, j=9:0.002, j=10:0.001, j=11:0.005, j=12:0.005, j=13:0.001, j=14:0.001, j=15:0.001, j=16:0.000, j=17:0.000, j=18:0.002, j=19:0.000, j=20:0.001, j=21:0.000, j=22:0.002, j=23:0.001, j=24:0.024, j=25:0.093, j=26:0.829
      i=27 -> j=0:0.007, j=1:0.007, j=2:0.020, j=3:0.008, j=4:0.006, j=5:0.006, j=6:0.006, j=7:0.013, j=8:0.006, j=9:0.007, j=10:0.003, j=11:0.013, j=12:0.013, j=13:0.002, j=14:0.002, j=15:0.003, j=16:0.001, j=17:0.002, j=18:0.007, j=19:0.001, j=20:0.003, j=21:0.001, j=22:0.005, j=23:0.002, j=24:0.017, j=25:0.063, j=26:0.184, j=27:0.593
      i=28 -> j=0:0.022, j=1:0.019, j=2:0.046, j=3:0.022, j=4:0.019, j=5:0.019, j=6:0.020, j=7:0.034, j=8:0.016, j=9:0.020, j=10:0.010, j=11:0.038, j=12:0.034, j=13:0.008, j=14:0.008, j=15:0.010, j=16:0.006, j=17:0.007, j=18:0.022, j=19:0.005, j=20:0.008, j=21:0.004, j=22:0.016, j=23:0.006, j=24:0.029, j=25:0.066, j=26:0.052, j=27:0.130, j=28:0.303
      i=29 -> j=0:0.018, j=1:0.016, j=2:0.037, j=3:0.016, j=4:0.013, j=5:0.014, j=6:0.014, j=7:0.029, j=8:0.012, j=9:0.015, j=10:0.007, j=11:0.033, j=12:0.028, j=13:0.006, j=14:0.006, j=15:0.007, j=16:0.004, j=17:0.005, j=18:0.017, j=19:0.003, j=20:0.005, j=21:0.002, j=22:0.009, j=23:0.002, j=24:0.016, j=25:0.045, j=26:0.025, j=27:0.058, j=28:0.145, j=29:0.394
      i=30 -> j=0:0.031, j=1:0.031, j=2:0.046, j=3:0.029, j=4:0.024, j=5:0.027, j=6:0.028, j=7:0.041, j=8:0.026, j=9:0.027, j=10:0.019, j=11:0.045, j=12:0.040, j=13:0.019, j=14:0.019, j=15:0.019, j=16:0.014, j=17:0.016, j=18:0.030, j=19:0.013, j=20:0.015, j=21:0.008, j=22:0.018, j=23:0.009, j=24:0.024, j=25:0.047, j=26:0.028, j=27:0.039, j=28:0.053, j=29:0.077, j=30:0.138
      i=31 -> j=0:0.010, j=1:0.009, j=2:0.021, j=3:0.010, j=4:0.007, j=5:0.008, j=6:0.009, j=7:0.017, j=8:0.008, j=9:0.009, j=10:0.003, j=11:0.016, j=12:0.016, j=13:0.004, j=14:0.004, j=15:0.004, j=16:0.002, j=17:0.002, j=18:0.007, j=19:0.001, j=20:0.002, j=21:0.001, j=22:0.002, j=23:0.000, j=24:0.003, j=25:0.011, j=26:0.002, j=27:0.005, j=28:0.013, j=29:0.034, j=30:0.165, j=31:0.592
    Average attention per distance:
      d=0:0.552, d=1:0.178, d=2:0.072, d=3:0.038, d=4:0.023, d=5:0.019, d=6:0.015, d=7:0.013
      d=8:0.011, d=9:0.011, d=10:0.011, d=11:0.010, d=12:0.010, d=16:0.011, d=17:0.013, d=18:0.016
      d=19:0.015, d=20:0.013, d=21:0.012, d=22:0.013, d=23:0.015, d=24:0.015, d=25:0.017, d=26:0.017
      d=27:0.020, d=28:0.023, d=29:0.023, d=30:0.020


======================================================================
QK Property Verification (Raw Scores, before Softmax)
======================================================================
Recurrence order init_len=2, num test sequences=1

--- [P1] Long-distance Orthogonality Verification ---
Ideal: raw_score mean ≈ 0 and small std when d > init_len

  Layer 0, Head 0:
    d= 1 (effective): mean=  0.703, std= 0.546, n=31
    d= 2 (effective): mean= -0.334, std= 0.369, n=30
    d>2 (long-distance): mean= -2.227, std= 0.984, n=435

--- [P2] Time-homogeneous Verification ---
Ideal: CV of raw_score across positions i ≈ 0 for fixed distance d
(CV = std / |mean|, smaller = more constant)

  Layer 0, Head 0:
    d= 1: mean=  0.703, std= 0.546, CV=0.777, n=31
    d= 2: mean= -0.334, std= 0.369, CV=1.103, n=30

======================================================================
QK Property Verification Completed
======================================================================
