=== Experiment: mixed_label_d256l1_r8_n3_e50 ===
Time: 2026-06-27T04:00:32.543502
Task type: mixed_ab
Merged config: {
  "P": 53,
  "TASK": "mixed_ab",
  "NUM_MASK": 0,
  "A": 1,
  "B": 1,
  "AB_PAIRS": [
    [
      1,
      1
    ],
    [
      1,
      2
    ],
    [
      1,
      3
    ]
  ],
  "D_MODEL": 256,
  "N_HEAD": 1,
  "N_LAYER": 1,
  "BATCH_SIZE": 128,
  "EPOCHS": 10000,
  "LR": 0.0003,
  "SAVE_PATH": "models/mixed_label_d256l1_r8_n3_e50.pth",
  "USE_GREEDY_GENERATE": true,
  "USE_LEARNABLE_PE": false,
  "MLP_RATIO": 8,
  "TRAIN_LEN": 16,
  "OOD_LEN": 32,
  "DROPOUT": 0.0,
  "TARGET_INIT_COVERAGE": 0.5,
  "MAX_UNIQUE_RATIO": 0.5,
  "WEIGHT_DECAY": 1,
  "ENTROPY_PENALTY_WEIGHT": 0.0,
  "FIRST_TASK_WEIGHT": 1.0,
  "RANDOM_SEED": 42,
  "EVAL_INTERVAL": 20,
  "EARLY_STOP_NO_IMPROVE": 1000,
  "EARLY_STOP_ACCURACY": 0.99,
  "USE_AB_TAG": true,
  "USE_CONDITIONAL_WTE": false,
  "COND_WTE_SHARED_RATIO": 0.0,
  "MIXED_AB_MAX_UNIQUE_RATIOS": [
    0.5,
    0.5,
    0.5
  ],
  "SKIP_FINAL_GENERATION_TEST": true
}
--- output ---
Using device: cuda

[Dataset] Mixed mode: generated 4212 + 4215 samples, length 16
AB parameter pairs: [(1, 1), (1, 2), (1, 3)]
  - AB=(1,1): train 1404 | test 1405 | exposed ~50.0%
  - AB=(1,2): train 1404 | test 1405 | exposed ~50.0%
  - AB=(1,3): train 1404 | test 1405 | exposed ~50.0%
--------------------------------------------------
[Model config] block_size: 32, train length: 16
[Number theory] AB parameter pairs: [(1, 1), (1, 2), (1, 3)]


Model parameters: 1.36M

Start training...
Epoch   0 | Train: Loss=4.1735 Acc=4.0% | Test: Acc=0.4% | Best=0.4%(@0)
  from x2: 0.01 0.01 0.01 0.00 0.00 0.00 0.00 0.00 0.00 0.00 0.00 0.00 0.00 0.00
  per-rule acc: 0.00 0.00 0.00
Epoch  20 | Train: Loss=0.0835 Acc=98.9% | Test: Acc=2.0% | Best=2.0%(@20)
  from x2: 0.02 0.02 0.02 0.02 0.02 0.02 0.02 0.02 0.02 0.02 0.02 0.02 0.02 0.02
  per-rule acc: 0.02 0.02 0.02
Epoch  40 | Train: Loss=0.0310 Acc=100.0% | Test: Acc=2.2% | Best=2.2%(@40)
  from x2: 0.02 0.02 0.02 0.02 0.02 0.02 0.02 0.02 0.02 0.02 0.02 0.02 0.02 0.02
  per-rule acc: 0.03 0.02 0.02
Epoch  60 | Train: Loss=0.0724 Acc=99.9% | Test: Acc=2.2% | Best=2.2%(@60)
  from x2: 0.02 0.02 0.02 0.02 0.02 0.02 0.02 0.02 0.02 0.02 0.02 0.02 0.02 0.02
  per-rule acc: 0.02 0.02 0.02
Epoch  80 | Train: Loss=0.0274 Acc=99.9% | Test: Acc=2.1% | Best=2.2%(@60)
  from x2: 0.02 0.02 0.02 0.02 0.02 0.02 0.02 0.02 0.02 0.02 0.02 0.02 0.02 0.02
  per-rule acc: 0.02 0.02 0.02
Epoch 100 | Train: Loss=0.0148 Acc=100.0% | Test: Acc=2.3% | Best=2.3%(@100)
  from x2: 0.02 0.02 0.02 0.02 0.02 0.02 0.02 0.02 0.02 0.02 0.02 0.02 0.02 0.02
  per-rule acc: 0.03 0.02 0.02
Epoch 120 | Train: Loss=0.0252 Acc=99.8% | Test: Acc=2.4% | Best=2.4%(@120)
  from x2: 0.02 0.02 0.02 0.02 0.02 0.02 0.02 0.02 0.02 0.02 0.02 0.02 0.02 0.02
  per-rule acc: 0.03 0.02 0.02
Epoch 140 | Train: Loss=0.0239 Acc=99.8% | Test: Acc=2.5% | Best=2.5%(@140)
  from x2: 0.02 0.03 0.03 0.03 0.03 0.03 0.03 0.03 0.03 0.03 0.03 0.03 0.03 0.02
  per-rule acc: 0.03 0.02 0.02
Epoch 160 | Train: Loss=0.0185 Acc=99.9% | Test: Acc=2.5% | Best=2.5%(@140)
  from x2: 0.02 0.02 0.03 0.03 0.03 0.03 0.03 0.03 0.03 0.03 0.02 0.02 0.02 0.02
  per-rule acc: 0.03 0.02 0.03
Epoch 180 | Train: Loss=0.0254 Acc=99.8% | Test: Acc=2.7% | Best=2.7%(@180)
  from x2: 0.02 0.03 0.03 0.03 0.03 0.03 0.03 0.03 0.03 0.03 0.03 0.03 0.03 0.03
  per-rule acc: 0.03 0.02 0.02
Epoch 200 | Train: Loss=0.0364 Acc=99.9% | Test: Acc=2.5% | Best=2.7%(@180)
  from x2: 0.03 0.03 0.03 0.03 0.02 0.02 0.02 0.02 0.02 0.02 0.02 0.02 0.02 0.02
  per-rule acc: 0.03 0.02 0.02
Epoch 220 | Train: Loss=0.0237 Acc=99.7% | Test: Acc=3.0% | Best=3.0%(@220)
  from x2: 0.03 0.03 0.03 0.03 0.03 0.03 0.03 0.03 0.03 0.03 0.03 0.03 0.03 0.03
  per-rule acc: 0.04 0.02 0.03
Epoch 240 | Train: Loss=0.0111 Acc=99.9% | Test: Acc=3.1% | Best=3.1%(@240)
  from x2: 0.03 0.03 0.03 0.03 0.03 0.03 0.03 0.03 0.03 0.03 0.03 0.03 0.03 0.03
  per-rule acc: 0.04 0.03 0.03
Epoch 260 | Train: Loss=0.0266 Acc=99.7% | Test: Acc=3.4% | Best=3.4%(@260)
  from x2: 0.03 0.03 0.03 0.03 0.03 0.03 0.03 0.03 0.03 0.03 0.03 0.03 0.03 0.03
  per-rule acc: 0.05 0.03 0.02
Epoch 280 | Train: Loss=0.0350 Acc=100.0% | Test: Acc=3.0% | Best=3.4%(@260)
  from x2: 0.03 0.03 0.03 0.03 0.03 0.03 0.03 0.03 0.03 0.03 0.03 0.03 0.03 0.03
  per-rule acc: 0.04 0.02 0.03
Epoch 300 | Train: Loss=0.0065 Acc=100.0% | Test: Acc=3.8% | Best=3.8%(@300)
  from x2: 0.04 0.04 0.04 0.04 0.04 0.04 0.04 0.04 0.04 0.04 0.04 0.04 0.04 0.04
  per-rule acc: 0.05 0.03 0.03
Epoch 320 | Train: Loss=0.0168 Acc=99.9% | Test: Acc=3.9% | Best=3.9%(@320)
  from x2: 0.04 0.04 0.04 0.04 0.04 0.04 0.04 0.04 0.04 0.04 0.04 0.04 0.04 0.04
  per-rule acc: 0.06 0.03 0.03
Epoch 340 | Train: Loss=0.0216 Acc=99.8% | Test: Acc=4.3% | Best=4.3%(@340)
  from x2: 0.04 0.05 0.05 0.04 0.04 0.04 0.04 0.04 0.04 0.04 0.04 0.04 0.04 0.04
  per-rule acc: 0.07 0.03 0.03
Epoch 360 | Train: Loss=0.0063 Acc=100.0% | Test: Acc=4.8% | Best=4.8%(@360)
  from x2: 0.05 0.05 0.05 0.05 0.05 0.05 0.05 0.05 0.05 0.05 0.05 0.05 0.05 0.05
  per-rule acc: 0.07 0.03 0.04
Epoch 380 | Train: Loss=0.0162 Acc=99.8% | Test: Acc=5.3% | Best=5.3%(@380)
  from x2: 0.05 0.05 0.06 0.05 0.05 0.05 0.05 0.05 0.05 0.05 0.05 0.05 0.05 0.05
  per-rule acc: 0.08 0.03 0.04
Epoch 400 | Train: Loss=0.0166 Acc=99.9% | Test: Acc=5.5% | Best=5.5%(@400)
  from x2: 0.06 0.06 0.06 0.06 0.05 0.05 0.05 0.05 0.05 0.05 0.05 0.05 0.05 0.05
  per-rule acc: 0.09 0.03 0.04
Epoch 420 | Train: Loss=0.0183 Acc=99.8% | Test: Acc=6.5% | Best=6.5%(@420)
  from x2: 0.06 0.07 0.07 0.07 0.07 0.07 0.07 0.07 0.07 0.07 0.06 0.06 0.06 0.06
  per-rule acc: 0.10 0.05 0.05
Epoch 440 | Train: Loss=0.0193 Acc=99.8% | Test: Acc=6.4% | Best=6.5%(@420)
  from x2: 0.07 0.07 0.07 0.06 0.06 0.06 0.06 0.06 0.06 0.06 0.06 0.06 0.06 0.06
  per-rule acc: 0.11 0.04 0.04
Epoch 460 | Train: Loss=0.0057 Acc=100.0% | Test: Acc=6.6% | Best=6.6%(@460)
  from x2: 0.07 0.07 0.07 0.07 0.07 0.07 0.07 0.07 0.06 0.06 0.06 0.06 0.06 0.06
  per-rule acc: 0.11 0.04 0.05
Epoch 480 | Train: Loss=0.0107 Acc=99.9% | Test: Acc=7.5% | Best=7.5%(@480)
  from x2: 0.08 0.08 0.08 0.08 0.08 0.08 0.07 0.07 0.07 0.07 0.07 0.07 0.07 0.07
  per-rule acc: 0.12 0.05 0.05
Epoch 500 | Train: Loss=0.0086 Acc=100.0% | Test: Acc=8.4% | Best=8.4%(@500)
  from x2: 0.09 0.09 0.09 0.09 0.09 0.08 0.08 0.08 0.08 0.08 0.08 0.08 0.08 0.08
  per-rule acc: 0.14 0.05 0.06
Epoch 520 | Train: Loss=0.0105 Acc=99.9% | Test: Acc=8.9% | Best=8.9%(@520)
  from x2: 0.08 0.09 0.09 0.09 0.09 0.09 0.09 0.09 0.09 0.09 0.09 0.09 0.09 0.08
  per-rule acc: 0.16 0.05 0.06
Epoch 540 | Train: Loss=0.0120 Acc=100.0% | Test: Acc=9.2% | Best=9.2%(@540)
  from x2: 0.09 0.10 0.10 0.09 0.09 0.09 0.09 0.09 0.09 0.09 0.09 0.09 0.09 0.09
  per-rule acc: 0.15 0.05 0.07
Epoch 560 | Train: Loss=0.0143 Acc=99.9% | Test: Acc=10.4% | Best=10.4%(@560)
  from x2: 0.11 0.11 0.11 0.10 0.10 0.10 0.10 0.10 0.10 0.10 0.10 0.10 0.10 0.10
  per-rule acc: 0.18 0.06 0.08
Epoch 580 | Train: Loss=0.0146 Acc=99.9% | Test: Acc=11.2% | Best=11.2%(@580)
  from x2: 0.11 0.12 0.12 0.11 0.11 0.11 0.11 0.11 0.11 0.11 0.11 0.11 0.11 0.10
  per-rule acc: 0.19 0.06 0.09
Epoch 600 | Train: Loss=0.0507 Acc=99.9% | Test: Acc=10.1% | Best=11.2%(@580)
  from x2: 0.10 0.11 0.11 0.11 0.10 0.10 0.10 0.10 0.10 0.10 0.10 0.10 0.10 0.09
  per-rule acc: 0.18 0.05 0.07
Epoch 620 | Train: Loss=0.0069 Acc=100.0% | Test: Acc=11.8% | Best=11.8%(@620)
  from x2: 0.12 0.13 0.12 0.12 0.12 0.12 0.12 0.12 0.12 0.11 0.11 0.11 0.12 0.11
  per-rule acc: 0.20 0.06 0.10
Epoch 640 | Train: Loss=0.0151 Acc=99.9% | Test: Acc=12.5% | Best=12.5%(@640)
  from x2: 0.12 0.13 0.13 0.13 0.13 0.13 0.13 0.13 0.13 0.12 0.12 0.12 0.12 0.12
  per-rule acc: 0.22 0.06 0.10
Epoch 660 | Train: Loss=0.0048 Acc=100.0% | Test: Acc=13.2% | Best=13.2%(@660)
  from x2: 0.13 0.14 0.14 0.14 0.13 0.13 0.13 0.13 0.13 0.13 0.13 0.13 0.13 0.12
  per-rule acc: 0.22 0.07 0.11
Epoch 680 | Train: Loss=0.0091 Acc=99.9% | Test: Acc=13.4% | Best=13.4%(@680)
  from x2: 0.13 0.15 0.14 0.14 0.13 0.13 0.13 0.13 0.13 0.13 0.13 0.13 0.13 0.13
  per-rule acc: 0.23 0.06 0.11
Epoch 700 | Train: Loss=0.0217 Acc=99.8% | Test: Acc=12.7% | Best=13.4%(@680)
  from x2: 0.12 0.13 0.13 0.13 0.13 0.13 0.13 0.13 0.13 0.13 0.13 0.13 0.13 0.12
  per-rule acc: 0.23 0.06 0.09
Epoch 720 | Train: Loss=0.0099 Acc=99.9% | Test: Acc=13.5% | Best=13.5%(@720)
  from x2: 0.13 0.15 0.14 0.14 0.13 0.13 0.13 0.14 0.13 0.13 0.13 0.13 0.13 0.13
  per-rule acc: 0.23 0.06 0.11
Epoch 740 | Train: Loss=0.0029 Acc=100.0% | Test: Acc=15.1% | Best=15.1%(@740)
  from x2: 0.15 0.16 0.16 0.16 0.15 0.15 0.15 0.15 0.15 0.15 0.15 0.15 0.15 0.14
  per-rule acc: 0.25 0.06 0.14
Epoch 760 | Train: Loss=0.0425 Acc=99.6% | Test: Acc=13.4% | Best=15.1%(@740)
  from x2: 0.13 0.14 0.14 0.14 0.14 0.13 0.14 0.14 0.13 0.13 0.13 0.13 0.13 0.13
  per-rule acc: 0.25 0.06 0.10
Epoch 780 | Train: Loss=0.0153 Acc=99.9% | Test: Acc=14.3% | Best=15.1%(@740)
  from x2: 0.14 0.15 0.15 0.15 0.15 0.15 0.15 0.14 0.14 0.14 0.14 0.14 0.14 0.13
  per-rule acc: 0.26 0.06 0.11
Epoch 800 | Train: Loss=0.0203 Acc=99.8% | Test: Acc=14.7% | Best=15.1%(@740)
  from x2: 0.14 0.15 0.15 0.15 0.15 0.15 0.15 0.15 0.15 0.15 0.15 0.14 0.14 0.14
  per-rule acc: 0.27 0.06 0.11
Epoch 820 | Train: Loss=0.0033 Acc=100.0% | Test: Acc=16.6% | Best=16.6%(@820)
  from x2: 0.16 0.17 0.17 0.17 0.17 0.17 0.17 0.17 0.17 0.17 0.16 0.16 0.16 0.16
  per-rule acc: 0.27 0.07 0.16
Epoch 840 | Train: Loss=0.0053 Acc=100.0% | Test: Acc=16.1% | Best=16.6%(@820)
  from x2: 0.15 0.17 0.17 0.17 0.16 0.16 0.16 0.16 0.16 0.16 0.16 0.16 0.16 0.15
  per-rule acc: 0.28 0.07 0.14
Epoch 860 | Train: Loss=0.0102 Acc=99.9% | Test: Acc=17.1% | Best=17.1%(@860)
  from x2: 0.17 0.18 0.18 0.17 0.17 0.17 0.17 0.17 0.17 0.17 0.17 0.17 0.17 0.16
  per-rule acc: 0.30 0.07 0.14
Epoch 880 | Train: Loss=0.0050 Acc=100.0% | Test: Acc=16.6% | Best=17.1%(@860)
  from x2: 0.16 0.17 0.17 0.17 0.17 0.17 0.17 0.17 0.17 0.17 0.16 0.16 0.16 0.16
  per-rule acc: 0.28 0.07 0.14
Epoch 900 | Train: Loss=0.0096 Acc=100.0% | Test: Acc=17.3% | Best=17.3%(@900)
  from x2: 0.17 0.18 0.18 0.18 0.17 0.17 0.18 0.18 0.17 0.17 0.17 0.17 0.17 0.16
  per-rule acc: 0.31 0.06 0.15
Epoch 920 | Train: Loss=0.0025 Acc=100.0% | Test: Acc=18.2% | Best=18.2%(@920)
  from x2: 0.18 0.19 0.19 0.18 0.18 0.18 0.18 0.18 0.18 0.18 0.18 0.18 0.18 0.17
  per-rule acc: 0.30 0.07 0.18
Epoch 940 | Train: Loss=0.0428 Acc=99.6% | Test: Acc=14.8% | Best=18.2%(@920)
  from x2: 0.13 0.15 0.15 0.15 0.15 0.15 0.15 0.15 0.15 0.15 0.15 0.15 0.14 0.14
  per-rule acc: 0.28 0.07 0.10
Epoch 960 | Train: Loss=0.0030 Acc=100.0% | Test: Acc=18.2% | Best=18.2%(@960)
  from x2: 0.18 0.19 0.19 0.18 0.18 0.18 0.18 0.18 0.18 0.18 0.18 0.18 0.18 0.18
  per-rule acc: 0.30 0.07 0.18
Epoch 980 | Train: Loss=0.0046 Acc=100.0% | Test: Acc=17.6% | Best=18.2%(@960)
  from x2: 0.17 0.18 0.18 0.18 0.18 0.18 0.18 0.18 0.18 0.18 0.17 0.17 0.17 0.17
  per-rule acc: 0.31 0.07 0.15
Epoch 1000 | Train: Loss=0.0023 Acc=100.0% | Test: Acc=19.4% | Best=19.4%(@1000)
  from x2: 0.19 0.20 0.20 0.20 0.20 0.19 0.20 0.20 0.19 0.19 0.19 0.19 0.19 0.18
  per-rule acc: 0.33 0.07 0.19
Epoch 1020 | Train: Loss=0.0045 Acc=100.0% | Test: Acc=18.2% | Best=19.4%(@1000)
  from x2: 0.17 0.19 0.19 0.18 0.18 0.18 0.18 0.18 0.18 0.18 0.18 0.18 0.18 0.18
  per-rule acc: 0.31 0.08 0.16
Epoch 1040 | Train: Loss=0.0172 Acc=99.8% | Test: Acc=17.9% | Best=19.4%(@1000)
  from x2: 0.16 0.18 0.18 0.18 0.18 0.18 0.18 0.18 0.18 0.18 0.18 0.18 0.18 0.18
  per-rule acc: 0.31 0.07 0.15
Epoch 1060 | Train: Loss=0.0044 Acc=100.0% | Test: Acc=18.8% | Best=19.4%(@1000)
  from x2: 0.18 0.20 0.19 0.19 0.19 0.19 0.19 0.19 0.19 0.19 0.19 0.19 0.19 0.18
  per-rule acc: 0.31 0.08 0.17
Epoch 1080 | Train: Loss=0.0155 Acc=99.9% | Test: Acc=18.0% | Best=19.4%(@1000)
  from x2: 0.18 0.19 0.19 0.18 0.18 0.18 0.18 0.18 0.18 0.18 0.18 0.18 0.18 0.17
  per-rule acc: 0.31 0.07 0.16
Epoch 1100 | Train: Loss=0.0032 Acc=100.0% | Test: Acc=19.4% | Best=19.4%(@1000)
  from x2: 0.19 0.20 0.20 0.20 0.20 0.19 0.19 0.20 0.19 0.19 0.19 0.19 0.19 0.19
  per-rule acc: 0.31 0.08 0.19
Epoch 1120 | Train: Loss=0.0395 Acc=99.6% | Test: Acc=16.5% | Best=19.4%(@1000)
  from x2: 0.15 0.17 0.17 0.17 0.17 0.17 0.17 0.17 0.17 0.17 0.16 0.16 0.16 0.16
  per-rule acc: 0.30 0.06 0.13
Epoch 1140 | Train: Loss=0.0049 Acc=100.0% | Test: Acc=19.4% | Best=19.4%(@1000)
  from x2: 0.20 0.20 0.20 0.20 0.20 0.20 0.19 0.19 0.19 0.19 0.19 0.19 0.19 0.19
  per-rule acc: 0.33 0.07 0.18
Epoch 1160 | Train: Loss=0.0045 Acc=100.0% | Test: Acc=19.1% | Best=19.4%(@1000)
  from x2: 0.18 0.20 0.20 0.20 0.19 0.19 0.19 0.19 0.19 0.19 0.19 0.19 0.18 0.18
  per-rule acc: 0.32 0.08 0.17
Epoch 1180 | Train: Loss=0.0317 Acc=99.7% | Test: Acc=16.4% | Best=19.4%(@1000)
  from x2: 0.15 0.17 0.17 0.17 0.17 0.16 0.17 0.17 0.17 0.17 0.17 0.17 0.17 0.16
  per-rule acc: 0.29 0.07 0.13
Epoch 1200 | Train: Loss=0.0032 Acc=100.0% | Test: Acc=19.9% | Best=19.9%(@1200)
  from x2: 0.19 0.20 0.20 0.20 0.20 0.20 0.20 0.20 0.20 0.20 0.20 0.20 0.19 0.19
  per-rule acc: 0.32 0.08 0.19
Epoch 1220 | Train: Loss=0.0368 Acc=99.8% | Test: Acc=16.8% | Best=19.9%(@1200)
  from x2: 0.16 0.18 0.17 0.17 0.17 0.17 0.17 0.17 0.17 0.17 0.16 0.16 0.16 0.16
  per-rule acc: 0.31 0.07 0.13
Epoch 1240 | Train: Loss=0.0055 Acc=100.0% | Test: Acc=19.7% | Best=19.9%(@1200)
  from x2: 0.19 0.20 0.20 0.20 0.20 0.20 0.20 0.20 0.20 0.20 0.20 0.19 0.19 0.19
  per-rule acc: 0.34 0.07 0.19
Epoch 1260 | Train: Loss=0.0042 Acc=100.0% | Test: Acc=19.5% | Best=19.9%(@1200)
  from x2: 0.19 0.20 0.20 0.20 0.20 0.20 0.20 0.20 0.20 0.19 0.19 0.19 0.19 0.19
  per-rule acc: 0.33 0.08 0.18
Epoch 1280 | Train: Loss=0.0130 Acc=99.9% | Test: Acc=18.4% | Best=19.9%(@1200)
  from x2: 0.18 0.19 0.19 0.19 0.19 0.19 0.19 0.19 0.19 0.18 0.18 0.18 0.18 0.17
  per-rule acc: 0.32 0.07 0.16
Epoch 1300 | Train: Loss=0.0037 Acc=100.0% | Test: Acc=19.6% | Best=19.9%(@1200)
  from x2: 0.19 0.20 0.20 0.20 0.20 0.20 0.20 0.20 0.20 0.20 0.19 0.19 0.19 0.19
  per-rule acc: 0.32 0.08 0.18
Epoch 1320 | Train: Loss=0.0234 Acc=99.7% | Test: Acc=18.0% | Best=19.9%(@1200)
  from x2: 0.17 0.19 0.18 0.18 0.18 0.18 0.18 0.18 0.18 0.18 0.18 0.18 0.18 0.18
  per-rule acc: 0.33 0.06 0.15
Epoch 1340 | Train: Loss=0.0072 Acc=100.0% | Test: Acc=19.9% | Best=19.9%(@1200)
  from x2: 0.20 0.21 0.21 0.20 0.20 0.20 0.20 0.20 0.20 0.20 0.20 0.19 0.19 0.19
  per-rule acc: 0.33 0.07 0.20
Epoch 1360 | Train: Loss=0.0041 Acc=100.0% | Test: Acc=19.8% | Best=19.9%(@1200)
  from x2: 0.19 0.20 0.20 0.20 0.20 0.20 0.20 0.20 0.20 0.20 0.20 0.20 0.19 0.19
  per-rule acc: 0.33 0.08 0.18
Epoch 1380 | Train: Loss=0.0161 Acc=99.9% | Test: Acc=18.3% | Best=19.9%(@1200)
  from x2: 0.18 0.19 0.19 0.19 0.18 0.19 0.18 0.18 0.18 0.18 0.18 0.18 0.18 0.18
  per-rule acc: 0.33 0.07 0.16
Epoch 1400 | Train: Loss=0.0035 Acc=100.0% | Test: Acc=20.1% | Best=20.1%(@1400)
  from x2: 0.19 0.21 0.21 0.21 0.20 0.20 0.20 0.20 0.20 0.20 0.20 0.20 0.20 0.19
  per-rule acc: 0.33 0.08 0.19
Epoch 1420 | Train: Loss=0.0080 Acc=100.0% | Test: Acc=19.1% | Best=20.1%(@1400)
  from x2: 0.19 0.20 0.20 0.20 0.19 0.19 0.19 0.19 0.19 0.19 0.19 0.19 0.18 0.18
  per-rule acc: 0.33 0.07 0.18
Epoch 1440 | Train: Loss=0.0035 Acc=100.0% | Test: Acc=20.3% | Best=20.3%(@1440)
  from x2: 0.20 0.21 0.21 0.21 0.21 0.20 0.20 0.20 0.20 0.20 0.20 0.20 0.20 0.20
  per-rule acc: 0.34 0.08 0.19
Epoch 1460 | Train: Loss=0.0090 Acc=99.9% | Test: Acc=19.4% | Best=20.3%(@1440)
  from x2: 0.19 0.20 0.20 0.20 0.20 0.20 0.19 0.19 0.19 0.19 0.19 0.19 0.19 0.19
  per-rule acc: 0.34 0.08 0.17
Epoch 1480 | Train: Loss=0.0095 Acc=99.9% | Test: Acc=19.6% | Best=20.3%(@1440)
  from x2: 0.19 0.21 0.21 0.20 0.20 0.20 0.20 0.20 0.20 0.19 0.19 0.19 0.19 0.19
  per-rule acc: 0.34 0.07 0.18
Epoch 1500 | Train: Loss=0.0041 Acc=100.0% | Test: Acc=20.8% | Best=20.8%(@1500)
  from x2: 0.20 0.22 0.22 0.21 0.21 0.21 0.21 0.21 0.21 0.21 0.21 0.20 0.20 0.20
  per-rule acc: 0.34 0.08 0.20
Epoch 1520 | Train: Loss=0.0037 Acc=100.0% | Test: Acc=19.9% | Best=20.8%(@1500)
  from x2: 0.19 0.21 0.21 0.20 0.20 0.20 0.20 0.20 0.20 0.20 0.20 0.20 0.19 0.19
  per-rule acc: 0.34 0.08 0.17
Epoch 1540 | Train: Loss=0.0022 Acc=100.0% | Test: Acc=21.1% | Best=21.1%(@1540)
  from x2: 0.20 0.22 0.22 0.22 0.21 0.21 0.21 0.21 0.21 0.21 0.21 0.21 0.20 0.20
  per-rule acc: 0.34 0.08 0.21
Epoch 1560 | Train: Loss=0.0037 Acc=100.0% | Test: Acc=19.8% | Best=21.1%(@1540)
  from x2: 0.19 0.20 0.20 0.20 0.20 0.20 0.20 0.20 0.20 0.20 0.20 0.20 0.19 0.19
  per-rule acc: 0.34 0.08 0.17
Epoch 1580 | Train: Loss=0.0045 Acc=100.0% | Test: Acc=21.0% | Best=21.1%(@1540)
  from x2: 0.21 0.22 0.21 0.21 0.21 0.21 0.21 0.21 0.21 0.21 0.21 0.21 0.21 0.20
  per-rule acc: 0.35 0.08 0.20
Epoch 1600 | Train: Loss=0.0033 Acc=100.0% | Test: Acc=20.7% | Best=21.1%(@1540)
  from x2: 0.20 0.21 0.21 0.21 0.21 0.21 0.21 0.21 0.21 0.21 0.20 0.20 0.20 0.20
  per-rule acc: 0.34 0.08 0.20
Epoch 1620 | Train: Loss=0.0037 Acc=100.0% | Test: Acc=20.1% | Best=21.1%(@1540)
  from x2: 0.19 0.21 0.21 0.21 0.20 0.20 0.20 0.20 0.20 0.20 0.20 0.20 0.20 0.20
  per-rule acc: 0.34 0.08 0.18
Epoch 1640 | Train: Loss=0.0013 Acc=100.0% | Test: Acc=21.6% | Best=21.6%(@1640)
  from x2: 0.21 0.22 0.22 0.22 0.22 0.22 0.22 0.22 0.22 0.22 0.21 0.21 0.21 0.21
  per-rule acc: 0.35 0.08 0.22
Epoch 1660 | Train: Loss=0.0037 Acc=100.0% | Test: Acc=20.8% | Best=21.6%(@1640)
  from x2: 0.19 0.22 0.21 0.21 0.21 0.21 0.21 0.21 0.21 0.21 0.21 0.20 0.20 0.20
  per-rule acc: 0.35 0.08 0.19
Epoch 1680 | Train: Loss=0.0097 Acc=99.9% | Test: Acc=19.2% | Best=21.6%(@1640)
  from x2: 0.18 0.20 0.20 0.20 0.19 0.19 0.19 0.19 0.19 0.19 0.19 0.19 0.19 0.19
  per-rule acc: 0.34 0.08 0.17
Epoch 1700 | Train: Loss=0.0036 Acc=100.0% | Test: Acc=21.1% | Best=21.6%(@1640)
  from x2: 0.20 0.22 0.22 0.21 0.21 0.21 0.21 0.21 0.21 0.21 0.21 0.21 0.20 0.20
  per-rule acc: 0.35 0.08 0.20
Epoch 1720 | Train: Loss=0.0032 Acc=100.0% | Test: Acc=20.3% | Best=21.6%(@1640)
  from x2: 0.20 0.21 0.21 0.21 0.21 0.20 0.21 0.20 0.20 0.20 0.20 0.20 0.20 0.20
  per-rule acc: 0.35 0.08 0.18
Epoch 1740 | Train: Loss=0.0018 Acc=100.0% | Test: Acc=21.9% | Best=21.9%(@1740)
  from x2: 0.21 0.22 0.22 0.22 0.22 0.22 0.22 0.22 0.22 0.22 0.22 0.22 0.21 0.21
  per-rule acc: 0.36 0.09 0.21
Epoch 1760 | Train: Loss=0.0033 Acc=100.0% | Test: Acc=20.6% | Best=21.9%(@1740)
  from x2: 0.20 0.21 0.21 0.21 0.21 0.21 0.21 0.21 0.21 0.20 0.20 0.20 0.20 0.20
  per-rule acc: 0.35 0.08 0.18
Epoch 1780 | Train: Loss=0.0135 Acc=99.8% | Test: Acc=20.3% | Best=21.9%(@1740)
  from x2: 0.19 0.21 0.21 0.21 0.21 0.21 0.20 0.20 0.20 0.20 0.20 0.20 0.20 0.20
  per-rule acc: 0.38 0.08 0.15
Epoch 1800 | Train: Loss=0.0035 Acc=100.0% | Test: Acc=21.8% | Best=21.9%(@1740)
  from x2: 0.21 0.23 0.22 0.22 0.22 0.22 0.22 0.22 0.22 0.22 0.22 0.22 0.21 0.21
  per-rule acc: 0.37 0.09 0.20
Epoch 1820 | Train: Loss=0.0179 Acc=99.9% | Test: Acc=19.4% | Best=21.9%(@1740)
  from x2: 0.19 0.21 0.20 0.20 0.20 0.20 0.20 0.20 0.19 0.19 0.19 0.19 0.19 0.18
  per-rule acc: 0.35 0.07 0.16
Epoch 1840 | Train: Loss=0.0026 Acc=100.0% | Test: Acc=22.4% | Best=22.4%(@1840)
  from x2: 0.22 0.23 0.23 0.23 0.23 0.22 0.22 0.22 0.22 0.22 0.22 0.22 0.22 0.22
  per-rule acc: 0.37 0.09 0.22
Epoch 1860 | Train: Loss=0.0035 Acc=100.0% | Test: Acc=21.6% | Best=22.4%(@1840)
  from x2: 0.21 0.22 0.22 0.22 0.22 0.22 0.22 0.22 0.22 0.22 0.22 0.21 0.21 0.21
  per-rule acc: 0.37 0.09 0.19
Epoch 1880 | Train: Loss=0.0154 Acc=99.8% | Test: Acc=19.3% | Best=22.4%(@1840)
  from x2: 0.19 0.21 0.20 0.20 0.19 0.19 0.19 0.19 0.19 0.19 0.19 0.19 0.19 0.19
  per-rule acc: 0.35 0.08 0.15
Epoch 1900 | Train: Loss=0.0032 Acc=100.0% | Test: Acc=22.8% | Best=22.8%(@1900)
  from x2: 0.22 0.24 0.23 0.23 0.23 0.23 0.23 0.23 0.23 0.23 0.23 0.23 0.22 0.22
  per-rule acc: 0.38 0.09 0.21
Epoch 1920 | Train: Loss=0.0035 Acc=100.0% | Test: Acc=22.0% | Best=22.8%(@1900)
  from x2: 0.21 0.23 0.23 0.22 0.22 0.22 0.22 0.22 0.22 0.22 0.22 0.22 0.22 0.21
  per-rule acc: 0.38 0.10 0.19
Epoch 1940 | Train: Loss=0.0030 Acc=100.0% | Test: Acc=23.1% | Best=23.1%(@1940)
  from x2: 0.23 0.24 0.24 0.24 0.24 0.23 0.23 0.23 0.23 0.23 0.23 0.23 0.23 0.22
  per-rule acc: 0.39 0.09 0.21
Epoch 1960 | Train: Loss=0.0037 Acc=100.0% | Test: Acc=23.0% | Best=23.1%(@1940)
  from x2: 0.22 0.23 0.23 0.24 0.23 0.23 0.23 0.23 0.23 0.23 0.23 0.23 0.23 0.22
  per-rule acc: 0.38 0.10 0.21
Epoch 1980 | Train: Loss=0.0031 Acc=100.0% | Test: Acc=22.2% | Best=23.1%(@1940)
  from x2: 0.21 0.23 0.23 0.23 0.22 0.22 0.22 0.22 0.22 0.22 0.22 0.22 0.22 0.21
  per-rule acc: 0.38 0.10 0.19
Epoch 2000 | Train: Loss=0.0073 Acc=100.0% | Test: Acc=22.1% | Best=23.1%(@1940)
  from x2: 0.22 0.23 0.23 0.23 0.23 0.22 0.22 0.22 0.22 0.22 0.22 0.22 0.22 0.21
  per-rule acc: 0.40 0.09 0.18
Epoch 2020 | Train: Loss=0.0099 Acc=99.9% | Test: Acc=23.2% | Best=23.2%(@2020)
  from x2: 0.23 0.25 0.24 0.23 0.23 0.23 0.23 0.23 0.23 0.23 0.23 0.23 0.23 0.23
  per-rule acc: 0.40 0.09 0.21
Epoch 2040 | Train: Loss=0.0037 Acc=100.0% | Test: Acc=23.5% | Best=23.5%(@2040)
  from x2: 0.23 0.24 0.24 0.24 0.24 0.24 0.24 0.24 0.24 0.23 0.23 0.23 0.23 0.23
  per-rule acc: 0.39 0.10 0.21
Epoch 2060 | Train: Loss=0.0381 Acc=99.7% | Test: Acc=20.3% | Best=23.5%(@2040)
  from x2: 0.19 0.21 0.21 0.21 0.20 0.20 0.21 0.20 0.20 0.20 0.20 0.20 0.20 0.20
  per-rule acc: 0.38 0.09 0.14
Epoch 2080 | Train: Loss=0.0027 Acc=100.0% | Test: Acc=24.4% | Best=24.4%(@2080)
  from x2: 0.24 0.25 0.25 0.25 0.25 0.25 0.25 0.25 0.25 0.24 0.24 0.24 0.24 0.24
  per-rule acc: 0.40 0.11 0.23
Epoch 2100 | Train: Loss=0.0032 Acc=100.0% | Test: Acc=23.2% | Best=24.4%(@2080)
  from x2: 0.22 0.24 0.24 0.23 0.23 0.23 0.23 0.23 0.23 0.23 0.23 0.23 0.23 0.23
  per-rule acc: 0.40 0.10 0.20
Epoch 2120 | Train: Loss=0.0103 Acc=99.9% | Test: Acc=22.8% | Best=24.4%(@2080)
  from x2: 0.22 0.24 0.23 0.23 0.23 0.23 0.23 0.23 0.23 0.23 0.23 0.22 0.22 0.22
  per-rule acc: 0.42 0.09 0.18
Epoch 2140 | Train: Loss=0.0025 Acc=100.0% | Test: Acc=24.9% | Best=24.9%(@2140)
  from x2: 0.25 0.26 0.25 0.25 0.25 0.25 0.25 0.25 0.25 0.25 0.25 0.24 0.24 0.24
  per-rule acc: 0.40 0.11 0.24
Epoch 2160 | Train: Loss=0.0032 Acc=100.0% | Test: Acc=23.4% | Best=24.9%(@2140)
  from x2: 0.23 0.24 0.24 0.24 0.23 0.23 0.23 0.23 0.23 0.23 0.23 0.23 0.23 0.23
  per-rule acc: 0.40 0.10 0.20
Epoch 2180 | Train: Loss=0.0537 Acc=99.5% | Test: Acc=18.6% | Best=24.9%(@2140)
  from x2: 0.18 0.20 0.19 0.19 0.19 0.19 0.19 0.19 0.19 0.18 0.18 0.18 0.18 0.17
  per-rule acc: 0.34 0.07 0.14
Epoch 2200 | Train: Loss=0.0020 Acc=100.0% | Test: Acc=24.9% | Best=24.9%(@2200)
  from x2: 0.24 0.26 0.26 0.25 0.25 0.25 0.25 0.25 0.25 0.25 0.25 0.24 0.24 0.24
  per-rule acc: 0.40 0.10 0.24
Epoch 2220 | Train: Loss=0.0030 Acc=100.0% | Test: Acc=23.6% | Best=24.9%(@2200)
  from x2: 0.23 0.24 0.24 0.24 0.24 0.24 0.24 0.24 0.24 0.24 0.23 0.23 0.23 0.23
  per-rule acc: 0.40 0.10 0.21
Epoch 2240 | Train: Loss=0.0138 Acc=99.8% | Test: Acc=22.8% | Best=24.9%(@2200)
  from x2: 0.23 0.24 0.23 0.23 0.23 0.23 0.23 0.23 0.23 0.23 0.22 0.22 0.22 0.22
  per-rule acc: 0.40 0.09 0.18
Epoch 2260 | Train: Loss=0.0028 Acc=100.0% | Test: Acc=24.7% | Best=24.9%(@2200)
  from x2: 0.24 0.26 0.25 0.25 0.25 0.25 0.25 0.25 0.25 0.25 0.24 0.24 0.24 0.24
  per-rule acc: 0.41 0.11 0.22
Epoch 2280 | Train: Loss=0.0833 Acc=99.2% | Test: Acc=19.2% | Best=24.9%(@2200)
  from x2: 0.19 0.20 0.20 0.20 0.19 0.19 0.19 0.19 0.19 0.19 0.19 0.19 0.19 0.18
  per-rule acc: 0.37 0.07 0.13
Epoch 2300 | Train: Loss=0.0020 Acc=100.0% | Test: Acc=25.6% | Best=25.6%(@2300)
  from x2: 0.25 0.27 0.26 0.26 0.26 0.26 0.26 0.25 0.25 0.25 0.25 0.25 0.25 0.25
  per-rule acc: 0.42 0.11 0.24
Epoch 2320 | Train: Loss=0.0029 Acc=100.0% | Test: Acc=24.6% | Best=25.6%(@2300)
  from x2: 0.24 0.26 0.25 0.25 0.25 0.25 0.25 0.25 0.25 0.25 0.24 0.24 0.24 0.24
  per-rule acc: 0.41 0.12 0.21
Epoch 2340 | Train: Loss=0.0023 Acc=100.0% | Test: Acc=24.0% | Best=25.6%(@2300)
  from x2: 0.23 0.25 0.25 0.24 0.24 0.24 0.24 0.24 0.24 0.24 0.24 0.24 0.24 0.23
  per-rule acc: 0.40 0.12 0.20
Epoch 2360 | Train: Loss=0.0015 Acc=100.0% | Test: Acc=26.6% | Best=26.6%(@2360)
  from x2: 0.26 0.27 0.28 0.27 0.27 0.27 0.27 0.27 0.27 0.27 0.26 0.26 0.26 0.25
  per-rule acc: 0.43 0.12 0.25
Epoch 2380 | Train: Loss=0.0028 Acc=100.0% | Test: Acc=25.4% | Best=26.6%(@2360)
  from x2: 0.24 0.26 0.26 0.26 0.26 0.25 0.25 0.26 0.25 0.25 0.25 0.25 0.25 0.25
  per-rule acc: 0.43 0.12 0.22
Epoch 2400 | Train: Loss=0.0022 Acc=100.0% | Test: Acc=25.0% | Best=26.6%(@2360)
  from x2: 0.24 0.26 0.26 0.26 0.25 0.25 0.25 0.25 0.25 0.25 0.25 0.25 0.24 0.24
  per-rule acc: 0.42 0.12 0.20
Epoch 2420 | Train: Loss=0.0064 Acc=99.9% | Test: Acc=26.5% | Best=26.6%(@2360)
  from x2: 0.26 0.28 0.27 0.27 0.27 0.27 0.27 0.27 0.27 0.27 0.26 0.26 0.25 0.25
  per-rule acc: 0.47 0.11 0.22
Epoch 2440 | Train: Loss=0.0023 Acc=100.0% | Test: Acc=27.6% | Best=27.6%(@2440)
  from x2: 0.27 0.29 0.28 0.28 0.28 0.28 0.28 0.28 0.28 0.27 0.27 0.27 0.27 0.27
  per-rule acc: 0.45 0.14 0.24
Epoch 2460 | Train: Loss=0.0025 Acc=100.0% | Test: Acc=27.0% | Best=27.6%(@2440)
  from x2: 0.26 0.28 0.28 0.28 0.27 0.27 0.27 0.27 0.27 0.27 0.27 0.27 0.27 0.26
  per-rule acc: 0.45 0.14 0.22
Epoch 2480 | Train: Loss=0.0019 Acc=100.0% | Test: Acc=26.8% | Best=27.6%(@2440)
  from x2: 0.25 0.28 0.28 0.27 0.27 0.27 0.27 0.27 0.27 0.27 0.27 0.26 0.26 0.26
  per-rule acc: 0.45 0.14 0.21
Epoch 2500 | Train: Loss=0.0196 Acc=99.8% | Test: Acc=25.0% | Best=27.6%(@2440)
  from x2: 0.24 0.26 0.25 0.25 0.25 0.25 0.25 0.25 0.25 0.25 0.25 0.25 0.25 0.25
  per-rule acc: 0.45 0.12 0.18
Epoch 2520 | Train: Loss=0.0017 Acc=100.0% | Test: Acc=30.0% | Best=30.0%(@2520)
  from x2: 0.30 0.31 0.31 0.30 0.30 0.30 0.30 0.30 0.30 0.30 0.30 0.29 0.29 0.29
  per-rule acc: 0.48 0.15 0.27
Epoch 2540 | Train: Loss=0.0022 Acc=100.0% | Test: Acc=28.8% | Best=30.0%(@2520)
  from x2: 0.28 0.30 0.30 0.29 0.29 0.29 0.29 0.29 0.29 0.29 0.29 0.28 0.28 0.28
  per-rule acc: 0.48 0.15 0.23
Epoch 2560 | Train: Loss=0.0017 Acc=100.0% | Test: Acc=28.4% | Best=30.0%(@2520)
  from x2: 0.27 0.30 0.29 0.29 0.29 0.29 0.29 0.29 0.28 0.28 0.28 0.28 0.28 0.27
  per-rule acc: 0.48 0.16 0.22
Epoch 2580 | Train: Loss=0.0244 Acc=99.7% | Test: Acc=27.0% | Best=30.0%(@2520)
  from x2: 0.26 0.28 0.27 0.27 0.27 0.27 0.27 0.27 0.27 0.27 0.27 0.27 0.27 0.27
  per-rule acc: 0.50 0.12 0.18
Epoch 2600 | Train: Loss=0.0013 Acc=100.0% | Test: Acc=31.1% | Best=31.1%(@2600)
  from x2: 0.31 0.32 0.32 0.32 0.31 0.31 0.31 0.31 0.31 0.31 0.31 0.30 0.30 0.30
  per-rule acc: 0.50 0.16 0.27
Epoch 2620 | Train: Loss=0.0024 Acc=100.0% | Test: Acc=30.5% | Best=31.1%(@2600)
  from x2: 0.29 0.31 0.31 0.31 0.31 0.31 0.31 0.31 0.31 0.30 0.30 0.30 0.30 0.29
  per-rule acc: 0.50 0.17 0.24
Epoch 2640 | Train: Loss=0.0019 Acc=100.0% | Test: Acc=30.0% | Best=31.1%(@2600)
  from x2: 0.29 0.31 0.31 0.31 0.30 0.30 0.30 0.30 0.30 0.30 0.30 0.30 0.29 0.29
  per-rule acc: 0.50 0.17 0.23
Epoch 2660 | Train: Loss=0.0008 Acc=100.0% | Test: Acc=33.6% | Best=33.6%(@2660)
  from x2: 0.33 0.35 0.34 0.34 0.34 0.34 0.34 0.34 0.34 0.33 0.33 0.33 0.33 0.32
  per-rule acc: 0.55 0.17 0.29
Epoch 2680 | Train: Loss=0.0023 Acc=100.0% | Test: Acc=32.6% | Best=33.6%(@2660)
  from x2: 0.32 0.34 0.33 0.33 0.33 0.33 0.33 0.33 0.33 0.33 0.32 0.32 0.32 0.31
  per-rule acc: 0.53 0.18 0.27
Epoch 2700 | Train: Loss=0.0022 Acc=100.0% | Test: Acc=31.8% | Best=33.6%(@2660)
  from x2: 0.31 0.33 0.33 0.32 0.32 0.32 0.32 0.32 0.32 0.32 0.32 0.31 0.31 0.31
  per-rule acc: 0.53 0.18 0.25
Epoch 2720 | Train: Loss=0.0009 Acc=100.0% | Test: Acc=34.6% | Best=34.6%(@2720)
  from x2: 0.35 0.36 0.35 0.35 0.35 0.35 0.35 0.35 0.34 0.34 0.34 0.34 0.34 0.33
  per-rule acc: 0.57 0.18 0.29
Epoch 2740 | Train: Loss=0.0025 Acc=100.0% | Test: Acc=33.5% | Best=34.6%(@2720)
  from x2: 0.33 0.34 0.34 0.34 0.34 0.34 0.34 0.34 0.34 0.34 0.33 0.33 0.33 0.32
  per-rule acc: 0.54 0.19 0.28
Epoch 2760 | Train: Loss=0.0022 Acc=100.0% | Test: Acc=33.1% | Best=34.6%(@2720)
  from x2: 0.32 0.34 0.34 0.33 0.33 0.33 0.33 0.33 0.33 0.33 0.33 0.33 0.33 0.32
  per-rule acc: 0.54 0.19 0.26
Epoch 2780 | Train: Loss=0.0017 Acc=100.0% | Test: Acc=32.9% | Best=34.6%(@2720)
  from x2: 0.33 0.34 0.33 0.33 0.33 0.33 0.33 0.33 0.33 0.33 0.33 0.33 0.33 0.32
  per-rule acc: 0.55 0.19 0.25
Epoch 2800 | Train: Loss=0.0013 Acc=100.0% | Test: Acc=35.5% | Best=35.5%(@2800)
  from x2: 0.36 0.37 0.37 0.36 0.36 0.36 0.36 0.36 0.35 0.35 0.35 0.35 0.34 0.34
  per-rule acc: 0.56 0.20 0.31
Epoch 2820 | Train: Loss=0.0023 Acc=100.0% | Test: Acc=34.6% | Best=35.5%(@2800)
  from x2: 0.34 0.36 0.35 0.35 0.35 0.35 0.35 0.35 0.34 0.34 0.34 0.34 0.34 0.34
  per-rule acc: 0.57 0.19 0.28
Epoch 2840 | Train: Loss=0.0018 Acc=100.0% | Test: Acc=34.4% | Best=35.5%(@2800)
  from x2: 0.34 0.35 0.35 0.35 0.35 0.35 0.35 0.34 0.34 0.34 0.34 0.34 0.34 0.33
  per-rule acc: 0.57 0.20 0.26
Epoch 2860 | Train: Loss=0.0014 Acc=100.0% | Test: Acc=34.6% | Best=35.5%(@2800)
  from x2: 0.34 0.35 0.35 0.35 0.35 0.35 0.35 0.35 0.34 0.34 0.34 0.34 0.34 0.34
  per-rule acc: 0.59 0.20 0.25
Epoch 2880 | Train: Loss=0.0117 Acc=99.8% | Test: Acc=31.9% | Best=35.5%(@2800)
  from x2: 0.32 0.33 0.33 0.32 0.32 0.32 0.32 0.32 0.31 0.31 0.32 0.32 0.31 0.31
  per-rule acc: 0.56 0.17 0.23
Epoch 2900 | Train: Loss=0.0020 Acc=100.0% | Test: Acc=36.9% | Best=36.9%(@2900)
  from x2: 0.37 0.38 0.37 0.37 0.37 0.37 0.37 0.37 0.37 0.37 0.37 0.36 0.36 0.36
  per-rule acc: 0.59 0.21 0.31
Epoch 2920 | Train: Loss=0.0020 Acc=100.0% | Test: Acc=36.5% | Best=36.9%(@2900)
  from x2: 0.36 0.38 0.37 0.37 0.37 0.37 0.37 0.36 0.36 0.36 0.36 0.36 0.36 0.36
  per-rule acc: 0.60 0.21 0.28
Epoch 2940 | Train: Loss=0.0015 Acc=100.0% | Test: Acc=36.9% | Best=36.9%(@2900)
  from x2: 0.37 0.38 0.38 0.38 0.37 0.37 0.37 0.37 0.37 0.37 0.36 0.36 0.36 0.36
  per-rule acc: 0.62 0.22 0.27
Epoch 2960 | Train: Loss=0.0012 Acc=100.0% | Test: Acc=37.1% | Best=37.1%(@2960)
  from x2: 0.37 0.38 0.38 0.38 0.37 0.37 0.37 0.37 0.37 0.37 0.37 0.37 0.36 0.36
  per-rule acc: 0.63 0.22 0.26
Epoch 2980 | Train: Loss=0.0009 Acc=100.0% | Test: Acc=37.3% | Best=37.3%(@2980)
  from x2: 0.37 0.38 0.38 0.38 0.37 0.37 0.37 0.37 0.37 0.37 0.37 0.37 0.37 0.36
  per-rule acc: 0.65 0.22 0.25
Epoch 3000 | Train: Loss=0.0007 Acc=100.0% | Test: Acc=37.5% | Best=37.5%(@3000)
  from x2: 0.37 0.39 0.38 0.38 0.38 0.38 0.38 0.38 0.37 0.37 0.37 0.37 0.37 0.36
  per-rule acc: 0.66 0.22 0.25
Epoch 3020 | Train: Loss=0.0005 Acc=100.0% | Test: Acc=37.8% | Best=37.8%(@3020)
  from x2: 0.38 0.39 0.38 0.38 0.38 0.38 0.38 0.38 0.38 0.38 0.38 0.37 0.37 0.37
  per-rule acc: 0.67 0.22 0.25
Epoch 3040 | Train: Loss=4.0895 Acc=8.2% | Test: Acc=3.3% | Best=37.8%(@3020)
  from x2: 0.04 0.04 0.03 0.03 0.03 0.03 0.03 0.03 0.03 0.03 0.03 0.03 0.03 0.03
  per-rule acc: 0.05 0.02 0.02
Epoch 3060 | Train: Loss=0.0015 Acc=100.0% | Test: Acc=44.4% | Best=44.4%(@3060)
  from x2: 0.45 0.45 0.45 0.45 0.45 0.44 0.44 0.44 0.45 0.44 0.44 0.44 0.44 0.44
  per-rule acc: 0.76 0.23 0.35
Epoch 3080 | Train: Loss=0.0019 Acc=100.0% | Test: Acc=43.2% | Best=44.4%(@3060)
  from x2: 0.43 0.44 0.43 0.44 0.43 0.43 0.43 0.43 0.43 0.43 0.43 0.43 0.43 0.42
  per-rule acc: 0.76 0.23 0.31
Epoch 3100 | Train: Loss=0.0019 Acc=100.0% | Test: Acc=44.1% | Best=44.4%(@3060)
  from x2: 0.44 0.45 0.44 0.44 0.44 0.44 0.44 0.44 0.44 0.44 0.44 0.44 0.43 0.43
  per-rule acc: 0.74 0.25 0.33
Epoch 3120 | Train: Loss=0.0022 Acc=100.0% | Test: Acc=43.7% | Best=44.4%(@3060)
  from x2: 0.44 0.44 0.44 0.44 0.44 0.44 0.44 0.44 0.44 0.44 0.44 0.43 0.43 0.43
  per-rule acc: 0.76 0.25 0.30
Epoch 3140 | Train: Loss=0.0017 Acc=100.0% | Test: Acc=43.6% | Best=44.4%(@3060)
  from x2: 0.44 0.44 0.44 0.44 0.44 0.44 0.44 0.44 0.44 0.44 0.44 0.43 0.43 0.43
  per-rule acc: 0.77 0.25 0.29
Epoch 3160 | Train: Loss=0.0013 Acc=100.0% | Test: Acc=43.1% | Best=44.4%(@3060)
  from x2: 0.43 0.44 0.44 0.44 0.43 0.43 0.43 0.43 0.43 0.43 0.43 0.43 0.43 0.42
  per-rule acc: 0.77 0.24 0.28
Epoch 3180 | Train: Loss=0.0013 Acc=100.0% | Test: Acc=45.3% | Best=45.3%(@3180)
  from x2: 0.46 0.47 0.46 0.46 0.45 0.45 0.45 0.45 0.45 0.45 0.45 0.45 0.45 0.45
  per-rule acc: 0.74 0.28 0.34
Epoch 3200 | Train: Loss=0.0021 Acc=100.0% | Test: Acc=44.9% | Best=45.3%(@3180)
  from x2: 0.45 0.45 0.45 0.45 0.45 0.45 0.45 0.45 0.45 0.45 0.45 0.45 0.44 0.44
  per-rule acc: 0.77 0.27 0.31
Epoch 3220 | Train: Loss=0.0017 Acc=100.0% | Test: Acc=44.8% | Best=45.3%(@3180)
  from x2: 0.45 0.45 0.45 0.45 0.45 0.45 0.45 0.45 0.45 0.45 0.45 0.44 0.44 0.44
  per-rule acc: 0.78 0.27 0.29
Epoch 3240 | Train: Loss=0.0013 Acc=100.0% | Test: Acc=44.9% | Best=45.3%(@3180)
  from x2: 0.45 0.46 0.45 0.45 0.45 0.45 0.45 0.45 0.45 0.45 0.45 0.45 0.44 0.44
  per-rule acc: 0.78 0.28 0.29
Epoch 3260 | Train: Loss=0.0006 Acc=100.0% | Test: Acc=47.2% | Best=47.2%(@3260)
  from x2: 0.48 0.48 0.47 0.48 0.47 0.47 0.47 0.47 0.47 0.47 0.47 0.47 0.46 0.46
  per-rule acc: 0.77 0.29 0.35
Epoch 3280 | Train: Loss=0.0019 Acc=100.0% | Test: Acc=46.7% | Best=47.2%(@3260)
  from x2: 0.47 0.48 0.47 0.47 0.47 0.47 0.47 0.47 0.46 0.46 0.46 0.46 0.46 0.46
  per-rule acc: 0.78 0.29 0.34
Epoch 3300 | Train: Loss=0.0018 Acc=100.0% | Test: Acc=46.1% | Best=47.2%(@3260)
  from x2: 0.47 0.47 0.47 0.46 0.46 0.46 0.46 0.46 0.46 0.46 0.46 0.46 0.45 0.45
  per-rule acc: 0.79 0.29 0.31
Epoch 3320 | Train: Loss=0.0014 Acc=100.0% | Test: Acc=45.9% | Best=47.2%(@3260)
  from x2: 0.46 0.46 0.46 0.46 0.46 0.46 0.46 0.46 0.46 0.46 0.46 0.45 0.45 0.45
  per-rule acc: 0.79 0.29 0.30
Epoch 3340 | Train: Loss=0.0011 Acc=100.0% | Test: Acc=45.7% | Best=47.2%(@3260)
  from x2: 0.46 0.46 0.46 0.46 0.46 0.46 0.46 0.46 0.46 0.46 0.46 0.45 0.45 0.45
  per-rule acc: 0.79 0.29 0.29
Epoch 3360 | Train: Loss=0.0008 Acc=100.0% | Test: Acc=45.5% | Best=47.2%(@3260)
  from x2: 0.46 0.46 0.46 0.46 0.46 0.46 0.46 0.46 0.45 0.45 0.45 0.45 0.45 0.45
  per-rule acc: 0.79 0.29 0.28
Epoch 3380 | Train: Loss=0.0006 Acc=100.0% | Test: Acc=45.2% | Best=47.2%(@3260)
  from x2: 0.46 0.46 0.46 0.46 0.45 0.45 0.45 0.45 0.45 0.45 0.45 0.45 0.45 0.45
  per-rule acc: 0.79 0.29 0.27
Epoch 3400 | Train: Loss=0.0006 Acc=100.0% | Test: Acc=46.9% | Best=47.2%(@3260)
  from x2: 0.48 0.49 0.48 0.47 0.47 0.47 0.47 0.47 0.46 0.47 0.46 0.46 0.46 0.46
  per-rule acc: 0.77 0.30 0.34
Epoch 3420 | Train: Loss=0.0015 Acc=100.0% | Test: Acc=47.5% | Best=47.5%(@3420)
  from x2: 0.48 0.48 0.48 0.48 0.48 0.48 0.48 0.47 0.47 0.47 0.47 0.47 0.47 0.46
  per-rule acc: 0.79 0.30 0.33
Epoch 3440 | Train: Loss=0.0015 Acc=100.0% | Test: Acc=46.7% | Best=47.5%(@3420)
  from x2: 0.47 0.47 0.47 0.47 0.47 0.47 0.47 0.47 0.47 0.47 0.46 0.46 0.46 0.46
  per-rule acc: 0.80 0.30 0.30
Epoch 3460 | Train: Loss=0.0012 Acc=100.0% | Test: Acc=46.4% | Best=47.5%(@3420)
  from x2: 0.47 0.47 0.47 0.47 0.47 0.47 0.47 0.46 0.46 0.46 0.46 0.46 0.46 0.46
  per-rule acc: 0.80 0.30 0.29
Epoch 3480 | Train: Loss=0.0009 Acc=100.0% | Test: Acc=46.2% | Best=47.5%(@3420)
  from x2: 0.47 0.47 0.46 0.46 0.47 0.47 0.46 0.46 0.46 0.46 0.46 0.46 0.46 0.46
  per-rule acc: 0.80 0.30 0.28
Epoch 3500 | Train: Loss=0.0007 Acc=100.0% | Test: Acc=46.1% | Best=47.5%(@3420)
  from x2: 0.47 0.47 0.46 0.46 0.46 0.46 0.46 0.46 0.46 0.46 0.46 0.46 0.46 0.45
  per-rule acc: 0.80 0.31 0.28
Epoch 3520 | Train: Loss=0.0005 Acc=100.0% | Test: Acc=46.0% | Best=47.5%(@3420)
  from x2: 0.46 0.46 0.46 0.46 0.46 0.46 0.46 0.46 0.46 0.46 0.46 0.46 0.45 0.45
  per-rule acc: 0.80 0.31 0.27
Epoch 3540 | Train: Loss=0.0292 Acc=99.7% | Test: Acc=39.9% | Best=47.5%(@3420)
  from x2: 0.40 0.40 0.40 0.40 0.40 0.40 0.40 0.40 0.40 0.40 0.40 0.40 0.39 0.39
  per-rule acc: 0.75 0.22 0.23
Epoch 3560 | Train: Loss=0.0009 Acc=100.0% | Test: Acc=47.8% | Best=47.8%(@3560)
  from x2: 0.49 0.49 0.48 0.48 0.48 0.48 0.48 0.48 0.47 0.48 0.47 0.47 0.46 0.47
  per-rule acc: 0.78 0.31 0.34
Epoch 3580 | Train: Loss=0.0015 Acc=100.0% | Test: Acc=47.6% | Best=47.8%(@3560)
  from x2: 0.48 0.49 0.48 0.48 0.48 0.48 0.47 0.47 0.47 0.47 0.47 0.47 0.47 0.47
  per-rule acc: 0.80 0.31 0.32
Epoch 3600 | Train: Loss=0.0013 Acc=100.0% | Test: Acc=47.3% | Best=47.8%(@3560)
  from x2: 0.48 0.48 0.48 0.48 0.48 0.47 0.47 0.47 0.47 0.47 0.47 0.47 0.47 0.47
  per-rule acc: 0.81 0.31 0.30
Epoch 3620 | Train: Loss=0.0010 Acc=100.0% | Test: Acc=47.2% | Best=47.8%(@3560)
  from x2: 0.48 0.48 0.47 0.48 0.48 0.47 0.47 0.47 0.47 0.47 0.47 0.47 0.46 0.46
  per-rule acc: 0.81 0.32 0.29
Epoch 3640 | Train: Loss=0.0006 Acc=100.0% | Test: Acc=49.9% | Best=49.9%(@3640)
  from x2: 0.52 0.51 0.51 0.50 0.50 0.50 0.50 0.50 0.50 0.49 0.49 0.49 0.49 0.48
  per-rule acc: 0.79 0.34 0.37
Epoch 3660 | Train: Loss=0.0017 Acc=100.0% | Test: Acc=49.8% | Best=49.9%(@3640)
  from x2: 0.51 0.51 0.50 0.50 0.50 0.50 0.50 0.50 0.50 0.50 0.49 0.49 0.49 0.49
  per-rule acc: 0.81 0.33 0.36
Epoch 3680 | Train: Loss=0.0017 Acc=100.0% | Test: Acc=49.3% | Best=49.9%(@3640)
  from x2: 0.50 0.50 0.50 0.50 0.50 0.50 0.49 0.49 0.49 0.49 0.49 0.49 0.49 0.49
  per-rule acc: 0.82 0.33 0.33
Epoch 3700 | Train: Loss=0.0013 Acc=100.0% | Test: Acc=49.0% | Best=49.9%(@3640)
  from x2: 0.50 0.50 0.49 0.50 0.49 0.49 0.49 0.49 0.49 0.49 0.49 0.49 0.48 0.48
  per-rule acc: 0.82 0.34 0.31
Epoch 3720 | Train: Loss=0.0010 Acc=100.0% | Test: Acc=48.8% | Best=49.9%(@3640)
  from x2: 0.50 0.49 0.49 0.49 0.49 0.49 0.49 0.49 0.49 0.49 0.48 0.48 0.48 0.48
  per-rule acc: 0.82 0.34 0.31
Epoch 3740 | Train: Loss=0.0008 Acc=100.0% | Test: Acc=48.8% | Best=49.9%(@3640)
  from x2: 0.50 0.49 0.49 0.49 0.49 0.49 0.49 0.49 0.49 0.49 0.48 0.48 0.48 0.48
  per-rule acc: 0.82 0.34 0.30
Epoch 3760 | Train: Loss=0.0333 Acc=99.6% | Test: Acc=42.9% | Best=49.9%(@3640)
  from x2: 0.44 0.44 0.43 0.43 0.43 0.43 0.43 0.43 0.43 0.43 0.42 0.42 0.42 0.42
  per-rule acc: 0.76 0.25 0.27
Epoch 3780 | Train: Loss=0.0010 Acc=100.0% | Test: Acc=51.3% | Best=51.3%(@3780)
  from x2: 0.52 0.53 0.52 0.52 0.52 0.52 0.52 0.51 0.51 0.51 0.51 0.51 0.50 0.50
  per-rule acc: 0.81 0.35 0.38
Epoch 3800 | Train: Loss=0.0016 Acc=100.0% | Test: Acc=50.7% | Best=51.3%(@3780)
  from x2: 0.52 0.52 0.51 0.51 0.51 0.51 0.51 0.50 0.50 0.50 0.50 0.50 0.50 0.50
  per-rule acc: 0.83 0.34 0.35
Epoch 3820 | Train: Loss=0.0013 Acc=100.0% | Test: Acc=50.3% | Best=51.3%(@3780)
  from x2: 0.51 0.51 0.51 0.51 0.51 0.51 0.50 0.50 0.50 0.50 0.50 0.50 0.49 0.49
  per-rule acc: 0.83 0.34 0.33
Epoch 3840 | Train: Loss=0.0010 Acc=100.0% | Test: Acc=49.9% | Best=51.3%(@3780)
  from x2: 0.51 0.51 0.50 0.50 0.51 0.50 0.50 0.50 0.50 0.50 0.49 0.49 0.49 0.49
  per-rule acc: 0.83 0.35 0.32
Epoch 3860 | Train: Loss=0.0008 Acc=100.0% | Test: Acc=49.7% | Best=51.3%(@3780)
  from x2: 0.50 0.50 0.50 0.50 0.50 0.50 0.50 0.50 0.50 0.49 0.49 0.49 0.49 0.49
  per-rule acc: 0.83 0.35 0.31
Epoch 3880 | Train: Loss=0.0006 Acc=100.0% | Test: Acc=49.4% | Best=51.3%(@3780)
  from x2: 0.50 0.50 0.50 0.50 0.50 0.50 0.49 0.49 0.49 0.49 0.49 0.49 0.49 0.49
  per-rule acc: 0.83 0.35 0.30
Epoch 3900 | Train: Loss=0.0005 Acc=100.0% | Test: Acc=49.3% | Best=51.3%(@3780)
  from x2: 0.50 0.50 0.49 0.50 0.50 0.50 0.49 0.49 0.49 0.49 0.49 0.49 0.49 0.49
  per-rule acc: 0.83 0.35 0.30
Epoch 3920 | Train: Loss=0.0004 Acc=100.0% | Test: Acc=49.1% | Best=51.3%(@3780)
  from x2: 0.49 0.49 0.49 0.50 0.50 0.49 0.49 0.49 0.49 0.49 0.49 0.49 0.49 0.48
  per-rule acc: 0.83 0.35 0.30
Epoch 3940 | Train: Loss=0.0005 Acc=100.0% | Test: Acc=50.6% | Best=51.3%(@3780)
  from x2: 0.53 0.52 0.51 0.51 0.51 0.51 0.51 0.50 0.50 0.50 0.50 0.50 0.50 0.50
  per-rule acc: 0.80 0.34 0.38
Epoch 3960 | Train: Loss=0.0013 Acc=100.0% | Test: Acc=51.8% | Best=51.8%(@3960)
  from x2: 0.53 0.53 0.52 0.52 0.52 0.52 0.52 0.52 0.51 0.52 0.52 0.51 0.51 0.50
  per-rule acc: 0.83 0.35 0.37
Epoch 3980 | Train: Loss=0.0014 Acc=100.0% | Test: Acc=51.3% | Best=51.8%(@3960)
  from x2: 0.52 0.52 0.52 0.52 0.52 0.52 0.51 0.51 0.51 0.51 0.51 0.51 0.51 0.51
  per-rule acc: 0.84 0.35 0.35
Epoch 4000 | Train: Loss=0.0011 Acc=100.0% | Test: Acc=50.7% | Best=51.8%(@3960)
  from x2: 0.51 0.51 0.51 0.51 0.51 0.51 0.51 0.51 0.51 0.51 0.50 0.50 0.50 0.50
  per-rule acc: 0.84 0.35 0.33
Epoch 4020 | Train: Loss=0.0008 Acc=100.0% | Test: Acc=50.5% | Best=51.8%(@3960)
  from x2: 0.51 0.51 0.51 0.51 0.51 0.51 0.50 0.50 0.50 0.50 0.50 0.50 0.50 0.50
  per-rule acc: 0.84 0.35 0.32
Epoch 4040 | Train: Loss=0.0006 Acc=100.0% | Test: Acc=50.3% | Best=51.8%(@3960)
  from x2: 0.51 0.51 0.51 0.51 0.51 0.50 0.50 0.50 0.50 0.50 0.50 0.50 0.50 0.49
  per-rule acc: 0.84 0.36 0.32
Epoch 4060 | Train: Loss=0.0004 Acc=100.0% | Test: Acc=51.2% | Best=51.8%(@3960)
  from x2: 0.53 0.53 0.52 0.52 0.51 0.51 0.51 0.51 0.51 0.51 0.51 0.50 0.50 0.50
  per-rule acc: 0.80 0.35 0.38
Epoch 4080 | Train: Loss=0.0013 Acc=100.0% | Test: Acc=51.9% | Best=51.9%(@4080)
  from x2: 0.53 0.53 0.52 0.52 0.52 0.52 0.52 0.52 0.52 0.52 0.52 0.51 0.51 0.51
  per-rule acc: 0.83 0.36 0.37
Epoch 4100 | Train: Loss=0.0015 Acc=100.0% | Test: Acc=51.5% | Best=51.9%(@4080)
  from x2: 0.52 0.52 0.52 0.52 0.52 0.51 0.51 0.51 0.51 0.51 0.51 0.51 0.51 0.51
  per-rule acc: 0.84 0.36 0.35
Epoch 4120 | Train: Loss=0.0012 Acc=100.0% | Test: Acc=51.3% | Best=51.9%(@4080)
  from x2: 0.52 0.52 0.52 0.52 0.52 0.52 0.51 0.51 0.51 0.51 0.51 0.51 0.51 0.51
  per-rule acc: 0.84 0.36 0.33
Epoch 4140 | Train: Loss=0.0009 Acc=100.0% | Test: Acc=51.1% | Best=51.9%(@4080)
  from x2: 0.52 0.52 0.51 0.52 0.51 0.51 0.51 0.51 0.51 0.51 0.51 0.51 0.51 0.50
  per-rule acc: 0.84 0.36 0.33
Epoch 4160 | Train: Loss=0.0007 Acc=100.0% | Test: Acc=51.1% | Best=51.9%(@4080)
  from x2: 0.52 0.52 0.51 0.51 0.51 0.51 0.51 0.51 0.51 0.51 0.51 0.51 0.51 0.50
  per-rule acc: 0.84 0.37 0.32
Epoch 4180 | Train: Loss=0.0005 Acc=100.0% | Test: Acc=51.1% | Best=51.9%(@4080)
  from x2: 0.51 0.52 0.51 0.51 0.51 0.51 0.51 0.51 0.51 0.51 0.51 0.51 0.50 0.50
  per-rule acc: 0.84 0.37 0.32
Epoch 4200 | Train: Loss=0.0113 Acc=99.9% | Test: Acc=46.5% | Best=51.9%(@4080)
  from x2: 0.47 0.47 0.47 0.47 0.47 0.47 0.47 0.47 0.47 0.46 0.46 0.46 0.46 0.46
  per-rule acc: 0.78 0.33 0.28
Epoch 4220 | Train: Loss=0.0009 Acc=100.0% | Test: Acc=52.1% | Best=52.1%(@4220)
  from x2: 0.54 0.53 0.52 0.52 0.53 0.53 0.52 0.52 0.52 0.52 0.52 0.51 0.51 0.51
  per-rule acc: 0.81 0.37 0.39
Epoch 4240 | Train: Loss=0.0014 Acc=100.0% | Test: Acc=52.3% | Best=52.3%(@4240)
  from x2: 0.53 0.53 0.53 0.53 0.53 0.53 0.52 0.52 0.52 0.52 0.52 0.52 0.52 0.51
  per-rule acc: 0.84 0.37 0.36
Epoch 4260 | Train: Loss=0.0012 Acc=100.0% | Test: Acc=52.1% | Best=52.3%(@4240)
  from x2: 0.53 0.53 0.52 0.52 0.53 0.52 0.52 0.52 0.52 0.52 0.52 0.51 0.51 0.52
  per-rule acc: 0.85 0.37 0.35
Epoch 4280 | Train: Loss=0.0009 Acc=100.0% | Test: Acc=52.0% | Best=52.3%(@4240)
  from x2: 0.53 0.53 0.53 0.52 0.53 0.52 0.52 0.52 0.52 0.52 0.52 0.51 0.51 0.51
  per-rule acc: 0.85 0.37 0.34
Epoch 4300 | Train: Loss=0.0007 Acc=100.0% | Test: Acc=51.8% | Best=52.3%(@4240)
  from x2: 0.52 0.53 0.52 0.52 0.52 0.52 0.52 0.52 0.52 0.52 0.51 0.51 0.51 0.51
  per-rule acc: 0.85 0.38 0.33
Epoch 4320 | Train: Loss=0.0005 Acc=100.0% | Test: Acc=51.7% | Best=52.3%(@4240)
  from x2: 0.52 0.52 0.52 0.52 0.52 0.52 0.52 0.52 0.52 0.52 0.51 0.51 0.51 0.51
  per-rule acc: 0.85 0.38 0.33
Epoch 4340 | Train: Loss=0.0006 Acc=100.0% | Test: Acc=52.3% | Best=52.3%(@4240)
  from x2: 0.54 0.54 0.53 0.53 0.53 0.52 0.52 0.52 0.52 0.52 0.51 0.51 0.51 0.51
  per-rule acc: 0.81 0.38 0.38
Epoch 4360 | Train: Loss=0.0014 Acc=100.0% | Test: Acc=53.1% | Best=53.1%(@4360)
  from x2: 0.54 0.54 0.54 0.54 0.53 0.53 0.53 0.53 0.53 0.53 0.53 0.52 0.52 0.52
  per-rule acc: 0.84 0.37 0.38
Epoch 4380 | Train: Loss=0.0013 Acc=100.0% | Test: Acc=52.7% | Best=53.1%(@4360)
  from x2: 0.53 0.53 0.53 0.53 0.53 0.53 0.53 0.53 0.53 0.53 0.52 0.52 0.52 0.52
  per-rule acc: 0.85 0.38 0.35
Epoch 4400 | Train: Loss=0.0010 Acc=100.0% | Test: Acc=52.3% | Best=53.1%(@4360)
  from x2: 0.53 0.53 0.52 0.53 0.53 0.53 0.52 0.52 0.52 0.52 0.52 0.52 0.51 0.52
  per-rule acc: 0.85 0.38 0.34
Epoch 4420 | Train: Loss=0.0008 Acc=100.0% | Test: Acc=52.1% | Best=53.1%(@4360)
  from x2: 0.53 0.53 0.52 0.53 0.52 0.52 0.52 0.52 0.52 0.52 0.52 0.52 0.51 0.51
  per-rule acc: 0.85 0.38 0.34
Epoch 4440 | Train: Loss=0.0006 Acc=100.0% | Test: Acc=51.9% | Best=53.1%(@4360)
  from x2: 0.52 0.52 0.52 0.52 0.52 0.52 0.52 0.52 0.52 0.52 0.52 0.51 0.51 0.51
  per-rule acc: 0.85 0.38 0.33
Epoch 4460 | Train: Loss=0.0005 Acc=100.0% | Test: Acc=51.5% | Best=53.1%(@4360)
  from x2: 0.52 0.52 0.52 0.52 0.52 0.52 0.52 0.51 0.51 0.51 0.51 0.51 0.51 0.51
  per-rule acc: 0.85 0.38 0.32
Epoch 4480 | Train: Loss=0.0786 Acc=98.6% | Test: Acc=42.6% | Best=53.1%(@4360)
  from x2: 0.44 0.43 0.43 0.43 0.43 0.43 0.43 0.42 0.42 0.42 0.42 0.42 0.42 0.42
  per-rule acc: 0.75 0.28 0.25
Epoch 4500 | Train: Loss=0.0009 Acc=100.0% | Test: Acc=52.7% | Best=53.1%(@4360)
  from x2: 0.54 0.55 0.53 0.53 0.53 0.53 0.53 0.53 0.52 0.52 0.52 0.52 0.52 0.51
  per-rule acc: 0.81 0.38 0.39
Epoch 4520 | Train: Loss=0.0015 Acc=100.0% | Test: Acc=53.7% | Best=53.7%(@4520)
  from x2: 0.55 0.55 0.54 0.54 0.54 0.54 0.54 0.54 0.53 0.54 0.53 0.53 0.53 0.53
  per-rule acc: 0.85 0.38 0.38
Epoch 4540 | Train: Loss=0.0013 Acc=100.0% | Test: Acc=53.4% | Best=53.7%(@4520)
  from x2: 0.54 0.54 0.53 0.54 0.54 0.54 0.53 0.53 0.53 0.53 0.53 0.53 0.53 0.53
  per-rule acc: 0.86 0.38 0.36
Epoch 4560 | Train: Loss=0.0010 Acc=100.0% | Test: Acc=53.1% | Best=53.7%(@4520)
  from x2: 0.54 0.54 0.53 0.53 0.53 0.53 0.53 0.53 0.53 0.53 0.53 0.53 0.53 0.53
  per-rule acc: 0.85 0.39 0.35
Epoch 4580 | Train: Loss=0.0008 Acc=100.0% | Test: Acc=52.7% | Best=53.7%(@4520)
  from x2: 0.53 0.53 0.53 0.53 0.53 0.53 0.53 0.53 0.53 0.53 0.52 0.52 0.52 0.52
  per-rule acc: 0.85 0.39 0.34
Epoch 4600 | Train: Loss=0.0006 Acc=100.0% | Test: Acc=52.5% | Best=53.7%(@4520)
  from x2: 0.53 0.53 0.53 0.53 0.53 0.53 0.53 0.52 0.52 0.52 0.52 0.52 0.52 0.52
  per-rule acc: 0.85 0.39 0.34
Epoch 4620 | Train: Loss=0.0005 Acc=100.0% | Test: Acc=52.4% | Best=53.7%(@4520)
  from x2: 0.53 0.53 0.53 0.53 0.53 0.53 0.52 0.52 0.52 0.52 0.52 0.52 0.52 0.52
  per-rule acc: 0.85 0.39 0.33
Epoch 4640 | Train: Loss=0.0004 Acc=100.0% | Test: Acc=52.3% | Best=53.7%(@4520)
  from x2: 0.53 0.53 0.52 0.53 0.53 0.52 0.52 0.52 0.52 0.52 0.52 0.52 0.52 0.51
  per-rule acc: 0.85 0.39 0.33
Epoch 4660 | Train: Loss=0.1611 Acc=97.6% | Test: Acc=40.6% | Best=53.7%(@4520)
  from x2: 0.42 0.41 0.41 0.41 0.41 0.41 0.41 0.40 0.41 0.40 0.40 0.40 0.40 0.40
  per-rule acc: 0.75 0.25 0.22
Epoch 4680 | Train: Loss=0.0007 Acc=100.0% | Test: Acc=53.1% | Best=53.7%(@4520)
  from x2: 0.54 0.54 0.53 0.53 0.53 0.54 0.53 0.53 0.53 0.53 0.53 0.52 0.52 0.52
  per-rule acc: 0.82 0.38 0.39
Epoch 4700 | Train: Loss=0.0012 Acc=100.0% | Test: Acc=53.5% | Best=53.7%(@4520)
  from x2: 0.54 0.54 0.54 0.54 0.54 0.54 0.53 0.53 0.53 0.53 0.53 0.53 0.53 0.53
  per-rule acc: 0.85 0.38 0.38
Epoch 4720 | Train: Loss=0.0011 Acc=100.0% | Test: Acc=53.5% | Best=53.7%(@4520)
  from x2: 0.54 0.54 0.53 0.54 0.54 0.54 0.54 0.53 0.53 0.54 0.54 0.53 0.53 0.53
  per-rule acc: 0.86 0.39 0.36
Epoch 4740 | Train: Loss=0.0009 Acc=100.0% | Test: Acc=53.3% | Best=53.7%(@4520)
  from x2: 0.53 0.54 0.53 0.54 0.54 0.54 0.53 0.53 0.53 0.53 0.53 0.53 0.53 0.53
  per-rule acc: 0.86 0.39 0.35
Epoch 4760 | Train: Loss=0.0007 Acc=100.0% | Test: Acc=53.2% | Best=53.7%(@4520)
  from x2: 0.53 0.54 0.53 0.53 0.53 0.53 0.53 0.53 0.53 0.53 0.53 0.53 0.53 0.53
  per-rule acc: 0.86 0.40 0.34
Epoch 4780 | Train: Loss=0.0005 Acc=100.0% | Test: Acc=53.1% | Best=53.7%(@4520)
  from x2: 0.53 0.54 0.53 0.53 0.53 0.53 0.53 0.53 0.53 0.53 0.53 0.53 0.53 0.53
  per-rule acc: 0.86 0.40 0.34
Epoch 4800 | Train: Loss=0.0004 Acc=100.0% | Test: Acc=54.6% | Best=54.6%(@4800)
  from x2: 0.56 0.56 0.55 0.55 0.55 0.55 0.55 0.54 0.54 0.54 0.54 0.54 0.54 0.54
  per-rule acc: 0.83 0.40 0.41
Epoch 4820 | Train: Loss=0.0011 Acc=100.0% | Test: Acc=54.8% | Best=54.8%(@4820)
  from x2: 0.56 0.56 0.55 0.55 0.55 0.55 0.55 0.55 0.55 0.55 0.55 0.54 0.54 0.54
  per-rule acc: 0.84 0.40 0.40
Epoch 4840 | Train: Loss=0.0014 Acc=100.0% | Test: Acc=54.7% | Best=54.8%(@4820)
  from x2: 0.56 0.55 0.55 0.55 0.55 0.55 0.55 0.55 0.54 0.55 0.54 0.54 0.54 0.54
  per-rule acc: 0.86 0.40 0.38
Epoch 4860 | Train: Loss=0.0011 Acc=100.0% | Test: Acc=54.7% | Best=54.8%(@4820)
  from x2: 0.55 0.55 0.55 0.55 0.55 0.55 0.55 0.55 0.55 0.55 0.55 0.54 0.54 0.54
  per-rule acc: 0.86 0.41 0.37
Epoch 4880 | Train: Loss=0.0009 Acc=100.0% | Test: Acc=54.7% | Best=54.8%(@4820)
  from x2: 0.55 0.55 0.55 0.55 0.55 0.55 0.55 0.55 0.55 0.55 0.55 0.54 0.54 0.54
  per-rule acc: 0.86 0.41 0.37
Epoch 4900 | Train: Loss=0.0007 Acc=100.0% | Test: Acc=54.6% | Best=54.8%(@4820)
  from x2: 0.55 0.55 0.55 0.55 0.55 0.55 0.55 0.54 0.54 0.54 0.54 0.54 0.54 0.54
  per-rule acc: 0.86 0.41 0.36
Epoch 4920 | Train: Loss=0.0005 Acc=100.0% | Test: Acc=54.5% | Best=54.8%(@4820)
  from x2: 0.55 0.55 0.55 0.55 0.55 0.55 0.55 0.54 0.54 0.54 0.54 0.54 0.54 0.54
  per-rule acc: 0.86 0.42 0.36
Epoch 4940 | Train: Loss=0.0004 Acc=100.0% | Test: Acc=54.5% | Best=54.8%(@4820)
  from x2: 0.55 0.55 0.54 0.55 0.55 0.55 0.54 0.54 0.54 0.54 0.54 0.54 0.54 0.54
  per-rule acc: 0.86 0.42 0.35
Epoch 4960 | Train: Loss=0.0003 Acc=100.0% | Test: Acc=54.5% | Best=54.8%(@4820)
  from x2: 0.55 0.55 0.55 0.55 0.55 0.55 0.55 0.54 0.54 0.55 0.54 0.54 0.54 0.54
  per-rule acc: 0.87 0.42 0.35
Epoch 4980 | Train: Loss=0.0002 Acc=100.0% | Test: Acc=54.7% | Best=54.8%(@4820)
  from x2: 0.55 0.55 0.55 0.55 0.55 0.55 0.55 0.55 0.55 0.55 0.55 0.54 0.54 0.54
  per-rule acc: 0.87 0.42 0.35
Epoch 5000 | Train: Loss=0.0002 Acc=100.0% | Test: Acc=54.7% | Best=54.8%(@4820)
  from x2: 0.56 0.55 0.55 0.55 0.55 0.55 0.55 0.55 0.55 0.55 0.55 0.54 0.54 0.54
  per-rule acc: 0.87 0.42 0.35
Epoch 5020 | Train: Loss=0.0001 Acc=100.0% | Test: Acc=54.8% | Best=54.8%(@4820)
  from x2: 0.56 0.55 0.55 0.55 0.55 0.55 0.55 0.55 0.55 0.55 0.55 0.55 0.54 0.54
  per-rule acc: 0.87 0.43 0.35
Epoch 5040 | Train: Loss=0.0122 Acc=99.9% | Test: Acc=50.0% | Best=54.8%(@4820)
  from x2: 0.51 0.51 0.50 0.51 0.50 0.50 0.50 0.50 0.50 0.50 0.49 0.49 0.49 0.49
  per-rule acc: 0.81 0.36 0.33
Epoch 5060 | Train: Loss=0.0006 Acc=100.0% | Test: Acc=56.3% | Best=56.3%(@5060)
  from x2: 0.58 0.58 0.57 0.57 0.57 0.57 0.57 0.56 0.56 0.56 0.56 0.56 0.55 0.55
  per-rule acc: 0.85 0.42 0.43
Epoch 5080 | Train: Loss=0.0010 Acc=100.0% | Test: Acc=57.1% | Best=57.1%(@5080)
  from x2: 0.58 0.58 0.57 0.57 0.57 0.57 0.57 0.57 0.57 0.57 0.57 0.57 0.56 0.56
  per-rule acc: 0.88 0.42 0.41
Epoch 5100 | Train: Loss=0.0010 Acc=100.0% | Test: Acc=57.2% | Best=57.2%(@5100)
  from x2: 0.58 0.58 0.58 0.58 0.58 0.58 0.57 0.57 0.57 0.57 0.57 0.57 0.56 0.56
  per-rule acc: 0.88 0.44 0.39
Epoch 5120 | Train: Loss=0.0008 Acc=100.0% | Test: Acc=57.3% | Best=57.3%(@5120)
  from x2: 0.58 0.58 0.57 0.58 0.58 0.58 0.57 0.57 0.57 0.57 0.57 0.57 0.57 0.57
  per-rule acc: 0.88 0.45 0.38
Epoch 5140 | Train: Loss=0.0006 Acc=100.0% | Test: Acc=57.3% | Best=57.3%(@5140)
  from x2: 0.58 0.58 0.58 0.58 0.58 0.58 0.58 0.57 0.57 0.57 0.57 0.57 0.57 0.56
  per-rule acc: 0.88 0.46 0.38
Epoch 5160 | Train: Loss=0.0005 Acc=100.0% | Test: Acc=57.3% | Best=57.3%(@5140)
  from x2: 0.58 0.58 0.57 0.58 0.58 0.57 0.57 0.57 0.57 0.57 0.57 0.57 0.57 0.56
  per-rule acc: 0.88 0.46 0.38
Epoch 5180 | Train: Loss=0.0004 Acc=100.0% | Test: Acc=57.2% | Best=57.3%(@5140)
  from x2: 0.58 0.58 0.57 0.57 0.57 0.57 0.57 0.57 0.57 0.57 0.57 0.57 0.57 0.56
  per-rule acc: 0.88 0.46 0.37
Epoch 5200 | Train: Loss=0.0003 Acc=100.0% | Test: Acc=57.0% | Best=57.3%(@5140)
  from x2: 0.58 0.57 0.57 0.57 0.57 0.57 0.57 0.57 0.57 0.57 0.57 0.57 0.57 0.56
  per-rule acc: 0.88 0.46 0.37
Epoch 5220 | Train: Loss=0.0002 Acc=100.0% | Test: Acc=57.0% | Best=57.3%(@5140)
  from x2: 0.58 0.57 0.57 0.57 0.57 0.57 0.57 0.57 0.57 0.57 0.57 0.56 0.56 0.56
  per-rule acc: 0.88 0.46 0.37
Epoch 5240 | Train: Loss=0.0002 Acc=100.0% | Test: Acc=57.0% | Best=57.3%(@5140)
  from x2: 0.58 0.58 0.57 0.57 0.57 0.57 0.57 0.57 0.57 0.57 0.57 0.56 0.56 0.56
  per-rule acc: 0.88 0.46 0.37
Epoch 5260 | Train: Loss=0.0001 Acc=100.0% | Test: Acc=56.9% | Best=57.3%(@5140)
  from x2: 0.58 0.57 0.57 0.57 0.57 0.57 0.57 0.57 0.57 0.57 0.57 0.56 0.56 0.56
  per-rule acc: 0.88 0.46 0.36
Epoch 5280 | Train: Loss=0.0001 Acc=100.0% | Test: Acc=56.8% | Best=57.3%(@5140)
  from x2: 0.58 0.57 0.57 0.57 0.57 0.57 0.57 0.56 0.57 0.57 0.57 0.56 0.56 0.56
  per-rule acc: 0.88 0.46 0.36
Epoch 5300 | Train: Loss=0.0004 Acc=100.0% | Test: Acc=56.7% | Best=57.3%(@5140)
  from x2: 0.59 0.58 0.58 0.57 0.57 0.57 0.57 0.56 0.56 0.56 0.56 0.56 0.56 0.55
  per-rule acc: 0.82 0.46 0.42
Epoch 5320 | Train: Loss=0.0006 Acc=100.0% | Test: Acc=56.8% | Best=57.3%(@5140)
  from x2: 0.59 0.58 0.57 0.57 0.57 0.57 0.57 0.57 0.56 0.56 0.56 0.56 0.55 0.55
  per-rule acc: 0.84 0.44 0.43
Epoch 5340 | Train: Loss=0.0010 Acc=100.0% | Test: Acc=58.1% | Best=58.1%(@5340)
  from x2: 0.59 0.59 0.58 0.59 0.59 0.58 0.58 0.58 0.58 0.58 0.58 0.57 0.57 0.57
  per-rule acc: 0.88 0.45 0.42
Epoch 5360 | Train: Loss=0.0009 Acc=100.0% | Test: Acc=58.3% | Best=58.3%(@5360)
  from x2: 0.60 0.59 0.58 0.58 0.59 0.58 0.58 0.58 0.58 0.58 0.58 0.58 0.57 0.57
  per-rule acc: 0.89 0.46 0.40
Epoch 5380 | Train: Loss=0.0007 Acc=100.0% | Test: Acc=58.4% | Best=58.4%(@5380)
  from x2: 0.60 0.59 0.59 0.59 0.59 0.59 0.59 0.58 0.58 0.58 0.58 0.58 0.58 0.58
  per-rule acc: 0.89 0.47 0.39
Epoch 5400 | Train: Loss=0.0006 Acc=100.0% | Test: Acc=58.4% | Best=58.4%(@5380)
  from x2: 0.60 0.59 0.58 0.59 0.59 0.59 0.59 0.58 0.58 0.58 0.58 0.58 0.58 0.57
  per-rule acc: 0.89 0.48 0.39
Epoch 5420 | Train: Loss=0.0005 Acc=100.0% | Test: Acc=58.4% | Best=58.4%(@5380)
  from x2: 0.59 0.59 0.58 0.59 0.59 0.59 0.59 0.58 0.58 0.58 0.58 0.58 0.58 0.57
  per-rule acc: 0.89 0.48 0.39
Epoch 5440 | Train: Loss=0.0004 Acc=100.0% | Test: Acc=58.4% | Best=58.4%(@5380)
  from x2: 0.59 0.59 0.58 0.59 0.59 0.59 0.59 0.58 0.58 0.58 0.58 0.58 0.58 0.58
  per-rule acc: 0.89 0.48 0.38
Epoch 5460 | Train: Loss=0.0003 Acc=100.0% | Test: Acc=58.3% | Best=58.4%(@5380)
  from x2: 0.59 0.58 0.58 0.59 0.59 0.58 0.58 0.58 0.58 0.58 0.58 0.58 0.58 0.58
  per-rule acc: 0.89 0.48 0.38
Epoch 5480 | Train: Loss=0.0002 Acc=100.0% | Test: Acc=58.2% | Best=58.4%(@5380)
  from x2: 0.59 0.59 0.58 0.58 0.59 0.58 0.58 0.58 0.58 0.58 0.58 0.58 0.58 0.57
  per-rule acc: 0.89 0.48 0.38
Epoch 5500 | Train: Loss=0.0002 Acc=100.0% | Test: Acc=58.1% | Best=58.4%(@5380)
  from x2: 0.59 0.59 0.58 0.58 0.58 0.58 0.58 0.58 0.58 0.58 0.58 0.58 0.57 0.57
  per-rule acc: 0.89 0.48 0.38
Epoch 5520 | Train: Loss=0.0001 Acc=100.0% | Test: Acc=58.0% | Best=58.4%(@5380)
  from x2: 0.59 0.58 0.58 0.58 0.58 0.58 0.58 0.58 0.58 0.58 0.58 0.58 0.57 0.57
  per-rule acc: 0.89 0.48 0.37
Epoch 5540 | Train: Loss=0.0001 Acc=100.0% | Test: Acc=57.9% | Best=58.4%(@5380)
  from x2: 0.59 0.58 0.58 0.58 0.58 0.58 0.58 0.58 0.58 0.58 0.58 0.57 0.57 0.57
  per-rule acc: 0.89 0.48 0.37
Epoch 5560 | Train: Loss=0.0001 Acc=100.0% | Test: Acc=57.9% | Best=58.4%(@5380)
  from x2: 0.59 0.58 0.58 0.58 0.58 0.58 0.58 0.58 0.58 0.58 0.58 0.58 0.57 0.57
  per-rule acc: 0.89 0.47 0.37
Epoch 5580 | Train: Loss=0.0001 Acc=100.0% | Test: Acc=57.8% | Best=58.4%(@5380)
  from x2: 0.59 0.58 0.58 0.58 0.58 0.58 0.58 0.58 0.58 0.58 0.58 0.57 0.57 0.57
  per-rule acc: 0.89 0.47 0.37
Epoch 5600 | Train: Loss=0.0000 Acc=100.0% | Test: Acc=57.7% | Best=58.4%(@5380)
  from x2: 0.59 0.58 0.58 0.58 0.58 0.58 0.58 0.58 0.58 0.58 0.58 0.58 0.57 0.57
  per-rule acc: 0.89 0.47 0.36
Epoch 5620 | Train: Loss=0.0000 Acc=100.0% | Test: Acc=57.6% | Best=58.4%(@5380)
  from x2: 0.58 0.58 0.58 0.58 0.58 0.58 0.58 0.57 0.58 0.58 0.58 0.57 0.57 0.57
  per-rule acc: 0.89 0.47 0.36
Epoch 5640 | Train: Loss=0.0000 Acc=100.0% | Test: Acc=57.6% | Best=58.4%(@5380)
  from x2: 0.58 0.58 0.58 0.58 0.58 0.58 0.57 0.57 0.58 0.58 0.57 0.57 0.57 0.57
  per-rule acc: 0.89 0.47 0.36
Epoch 5660 | Train: Loss=0.0005 Acc=100.0% | Test: Acc=55.3% | Best=58.4%(@5380)
  from x2: 0.57 0.57 0.56 0.56 0.55 0.55 0.55 0.55 0.55 0.55 0.55 0.55 0.55 0.54
  per-rule acc: 0.82 0.46 0.38
Epoch 5680 | Train: Loss=0.0003 Acc=100.0% | Test: Acc=54.2% | Best=58.4%(@5380)
  from x2: 0.57 0.56 0.55 0.55 0.55 0.55 0.54 0.54 0.54 0.53 0.53 0.53 0.53 0.52
  per-rule acc: 0.81 0.42 0.40
Epoch 5700 | Train: Loss=0.0007 Acc=100.0% | Test: Acc=56.5% | Best=58.4%(@5380)
  from x2: 0.59 0.57 0.57 0.57 0.57 0.57 0.57 0.56 0.56 0.56 0.56 0.55 0.55 0.55
  per-rule acc: 0.86 0.43 0.40
Epoch 5720 | Train: Loss=0.0008 Acc=100.0% | Test: Acc=57.5% | Best=58.4%(@5380)
  from x2: 0.60 0.58 0.58 0.58 0.58 0.58 0.58 0.57 0.57 0.57 0.57 0.57 0.56 0.56
  per-rule acc: 0.88 0.46 0.39
Epoch 5740 | Train: Loss=0.0007 Acc=100.0% | Test: Acc=58.1% | Best=58.4%(@5380)
  from x2: 0.60 0.59 0.59 0.58 0.59 0.58 0.58 0.58 0.58 0.58 0.58 0.57 0.57 0.57
  per-rule acc: 0.88 0.47 0.39
Epoch 5760 | Train: Loss=0.0006 Acc=100.0% | Test: Acc=58.4% | Best=58.4%(@5760)
  from x2: 0.60 0.59 0.59 0.59 0.59 0.59 0.59 0.58 0.58 0.58 0.58 0.58 0.57 0.57
  per-rule acc: 0.89 0.48 0.38
Epoch 5780 | Train: Loss=0.0005 Acc=100.0% | Test: Acc=58.5% | Best=58.5%(@5780)
  from x2: 0.60 0.59 0.59 0.59 0.59 0.59 0.59 0.58 0.58 0.58 0.58 0.58 0.57 0.57
  per-rule acc: 0.89 0.49 0.38
Epoch 5800 | Train: Loss=0.0004 Acc=100.0% | Test: Acc=58.5% | Best=58.5%(@5780)
  from x2: 0.60 0.59 0.59 0.59 0.59 0.59 0.59 0.58 0.58 0.58 0.58 0.58 0.57 0.57
  per-rule acc: 0.89 0.49 0.38
Epoch 5820 | Train: Loss=0.0003 Acc=100.0% | Test: Acc=58.5% | Best=58.5%(@5820)
  from x2: 0.60 0.59 0.59 0.59 0.59 0.59 0.59 0.59 0.58 0.58 0.58 0.58 0.58 0.57
  per-rule acc: 0.89 0.49 0.38
Epoch 5840 | Train: Loss=0.0002 Acc=100.0% | Test: Acc=58.5% | Best=58.5%(@5820)
  from x2: 0.60 0.59 0.59 0.59 0.59 0.59 0.59 0.58 0.58 0.58 0.58 0.58 0.58 0.57
  per-rule acc: 0.89 0.49 0.37
Epoch 5860 | Train: Loss=0.0002 Acc=100.0% | Test: Acc=58.5% | Best=58.5%(@5820)
  from x2: 0.60 0.59 0.59 0.59 0.59 0.59 0.59 0.59 0.58 0.58 0.58 0.58 0.58 0.58
  per-rule acc: 0.89 0.49 0.37
Epoch 5880 | Train: Loss=0.0001 Acc=100.0% | Test: Acc=58.5% | Best=58.5%(@5820)
  from x2: 0.60 0.59 0.59 0.59 0.59 0.59 0.59 0.59 0.58 0.58 0.58 0.58 0.58 0.57
  per-rule acc: 0.89 0.49 0.37
Epoch 5900 | Train: Loss=0.0001 Acc=100.0% | Test: Acc=58.4% | Best=58.5%(@5820)
  from x2: 0.60 0.59 0.59 0.59 0.59 0.59 0.59 0.58 0.58 0.58 0.58 0.58 0.58 0.58
  per-rule acc: 0.89 0.49 0.37
Epoch 5920 | Train: Loss=0.0001 Acc=100.0% | Test: Acc=58.4% | Best=58.5%(@5820)
  from x2: 0.60 0.59 0.59 0.59 0.59 0.58 0.59 0.58 0.58 0.58 0.58 0.58 0.58 0.57
  per-rule acc: 0.89 0.49 0.37
Epoch 5940 | Train: Loss=0.0001 Acc=100.0% | Test: Acc=58.4% | Best=58.5%(@5820)
  from x2: 0.59 0.59 0.59 0.59 0.59 0.58 0.58 0.58 0.58 0.58 0.58 0.58 0.58 0.58
  per-rule acc: 0.89 0.49 0.37
Epoch 5960 | Train: Loss=0.0000 Acc=100.0% | Test: Acc=58.3% | Best=58.5%(@5820)
  from x2: 0.59 0.58 0.58 0.59 0.59 0.59 0.58 0.58 0.58 0.58 0.58 0.58 0.58 0.58
  per-rule acc: 0.89 0.49 0.37
Epoch 5980 | Train: Loss=0.0000 Acc=100.0% | Test: Acc=58.3% | Best=58.5%(@5820)
  from x2: 0.59 0.59 0.58 0.59 0.59 0.58 0.58 0.58 0.58 0.58 0.58 0.58 0.58 0.58
  per-rule acc: 0.89 0.49 0.37
Epoch 6000 | Train: Loss=0.0000 Acc=100.0% | Test: Acc=58.2% | Best=58.5%(@5820)
  from x2: 0.59 0.59 0.58 0.59 0.58 0.58 0.58 0.58 0.58 0.58 0.58 0.58 0.58 0.58
  per-rule acc: 0.89 0.49 0.37
Epoch 6020 | Train: Loss=0.0000 Acc=100.0% | Test: Acc=58.2% | Best=58.5%(@5820)
  from x2: 0.59 0.58 0.58 0.59 0.58 0.58 0.58 0.58 0.58 0.58 0.58 0.58 0.58 0.58
  per-rule acc: 0.89 0.49 0.37
Epoch 6040 | Train: Loss=0.0014 Acc=100.0% | Test: Acc=56.4% | Best=58.5%(@5820)
  from x2: 0.57 0.57 0.57 0.57 0.57 0.57 0.57 0.56 0.56 0.56 0.56 0.56 0.55 0.55
  per-rule acc: 0.85 0.48 0.36
Epoch 6060 | Train: Loss=0.0002 Acc=100.0% | Test: Acc=55.0% | Best=58.5%(@5820)
  from x2: 0.58 0.57 0.56 0.56 0.56 0.56 0.55 0.55 0.54 0.54 0.54 0.53 0.53 0.53
  per-rule acc: 0.82 0.45 0.39
Epoch 6080 | Train: Loss=0.0005 Acc=100.0% | Test: Acc=56.9% | Best=58.5%(@5820)
  from x2: 0.60 0.58 0.57 0.58 0.58 0.57 0.57 0.57 0.57 0.57 0.56 0.56 0.55 0.55
  per-rule acc: 0.86 0.46 0.39
Epoch 6100 | Train: Loss=0.0007 Acc=100.0% | Test: Acc=58.2% | Best=58.5%(@5820)
  from x2: 0.61 0.59 0.58 0.59 0.59 0.59 0.58 0.58 0.58 0.58 0.58 0.57 0.57 0.56
  per-rule acc: 0.89 0.47 0.39
Epoch 6120 | Train: Loss=0.0006 Acc=100.0% | Test: Acc=58.6% | Best=58.6%(@6120)
  from x2: 0.61 0.59 0.59 0.59 0.59 0.59 0.59 0.58 0.59 0.58 0.58 0.58 0.57 0.57
  per-rule acc: 0.89 0.49 0.38
Epoch 6140 | Train: Loss=0.0005 Acc=100.0% | Test: Acc=59.1% | Best=59.1%(@6140)
  from x2: 0.61 0.60 0.60 0.60 0.60 0.59 0.59 0.59 0.59 0.59 0.59 0.58 0.58 0.57
  per-rule acc: 0.89 0.50 0.38
Epoch 6160 | Train: Loss=0.0004 Acc=100.0% | Test: Acc=59.3% | Best=59.3%(@6160)
  from x2: 0.61 0.60 0.60 0.60 0.60 0.59 0.59 0.59 0.59 0.59 0.59 0.58 0.58 0.58
  per-rule acc: 0.89 0.51 0.38
Epoch 6180 | Train: Loss=0.0004 Acc=100.0% | Test: Acc=59.4% | Best=59.4%(@6180)
  from x2: 0.61 0.60 0.60 0.60 0.60 0.60 0.59 0.59 0.59 0.59 0.59 0.59 0.58 0.58
  per-rule acc: 0.89 0.51 0.38
Epoch 6200 | Train: Loss=0.0003 Acc=100.0% | Test: Acc=59.7% | Best=59.7%(@6200)
  from x2: 0.61 0.60 0.60 0.60 0.60 0.60 0.60 0.59 0.59 0.59 0.59 0.59 0.59 0.59
  per-rule acc: 0.89 0.51 0.38
Epoch 6220 | Train: Loss=0.0002 Acc=100.0% | Test: Acc=59.8% | Best=59.8%(@6220)
  from x2: 0.61 0.60 0.60 0.60 0.60 0.60 0.60 0.60 0.60 0.60 0.59 0.59 0.59 0.59
  per-rule acc: 0.89 0.52 0.39
Epoch 6240 | Train: Loss=0.0002 Acc=100.0% | Test: Acc=59.9% | Best=59.9%(@6240)
  from x2: 0.62 0.60 0.60 0.60 0.60 0.60 0.60 0.60 0.60 0.60 0.59 0.59 0.59 0.59
  per-rule acc: 0.89 0.52 0.39
Epoch 6260 | Train: Loss=0.0001 Acc=100.0% | Test: Acc=60.0% | Best=60.0%(@6260)
  from x2: 0.62 0.61 0.60 0.60 0.60 0.60 0.60 0.60 0.60 0.60 0.60 0.59 0.59 0.59
  per-rule acc: 0.90 0.52 0.39
Epoch 6280 | Train: Loss=0.0001 Acc=100.0% | Test: Acc=60.2% | Best=60.2%(@6280)
  from x2: 0.62 0.61 0.60 0.60 0.60 0.60 0.60 0.60 0.60 0.60 0.60 0.60 0.60 0.59
  per-rule acc: 0.90 0.52 0.39
Epoch 6300 | Train: Loss=0.0001 Acc=100.0% | Test: Acc=60.3% | Best=60.3%(@6300)
  from x2: 0.62 0.61 0.60 0.60 0.60 0.60 0.60 0.60 0.60 0.60 0.60 0.60 0.60 0.59
  per-rule acc: 0.90 0.52 0.39
Epoch 6320 | Train: Loss=0.0001 Acc=100.0% | Test: Acc=60.5% | Best=60.5%(@6320)
  from x2: 0.62 0.61 0.61 0.61 0.61 0.60 0.61 0.60 0.60 0.60 0.60 0.60 0.60 0.60
  per-rule acc: 0.90 0.52 0.39
Epoch 6340 | Train: Loss=0.0000 Acc=100.0% | Test: Acc=60.6% | Best=60.6%(@6340)
  from x2: 0.62 0.61 0.61 0.61 0.61 0.61 0.61 0.61 0.61 0.60 0.60 0.60 0.60 0.59
  per-rule acc: 0.90 0.52 0.39
Epoch 6360 | Train: Loss=0.0000 Acc=100.0% | Test: Acc=60.7% | Best=60.7%(@6360)
  from x2: 0.62 0.61 0.61 0.61 0.61 0.61 0.61 0.61 0.61 0.61 0.60 0.60 0.60 0.60
  per-rule acc: 0.90 0.52 0.39
Epoch 6380 | Train: Loss=0.0000 Acc=100.0% | Test: Acc=60.8% | Best=60.8%(@6380)
  from x2: 0.62 0.61 0.61 0.61 0.61 0.61 0.61 0.61 0.61 0.61 0.60 0.60 0.60 0.60
  per-rule acc: 0.90 0.53 0.39
Epoch 6400 | Train: Loss=0.0002 Acc=100.0% | Test: Acc=59.5% | Best=60.8%(@6380)
  from x2: 0.61 0.61 0.60 0.60 0.60 0.59 0.60 0.59 0.59 0.59 0.59 0.59 0.58 0.58
  per-rule acc: 0.85 0.52 0.42
Epoch 6420 | Train: Loss=0.0002 Acc=100.0% | Test: Acc=57.3% | Best=60.8%(@6380)
  from x2: 0.60 0.59 0.58 0.58 0.58 0.58 0.58 0.57 0.57 0.57 0.56 0.56 0.55 0.55
  per-rule acc: 0.82 0.48 0.42
Epoch 6440 | Train: Loss=0.0004 Acc=100.0% | Test: Acc=58.9% | Best=60.8%(@6380)
  from x2: 0.62 0.60 0.60 0.60 0.60 0.59 0.59 0.59 0.59 0.59 0.58 0.58 0.57 0.57
  per-rule acc: 0.86 0.49 0.42
Epoch 6460 | Train: Loss=0.0006 Acc=100.0% | Test: Acc=60.1% | Best=60.8%(@6380)
  from x2: 0.63 0.61 0.61 0.61 0.61 0.60 0.60 0.60 0.60 0.60 0.59 0.59 0.58 0.58
  per-rule acc: 0.88 0.51 0.41
Epoch 6480 | Train: Loss=0.0006 Acc=100.0% | Test: Acc=60.8% | Best=60.8%(@6380)
  from x2: 0.63 0.62 0.61 0.62 0.61 0.61 0.61 0.61 0.60 0.60 0.60 0.60 0.59 0.59
  per-rule acc: 0.89 0.52 0.41
Epoch 6500 | Train: Loss=0.0005 Acc=100.0% | Test: Acc=61.3% | Best=61.3%(@6500)
  from x2: 0.63 0.62 0.62 0.62 0.62 0.61 0.61 0.61 0.61 0.61 0.61 0.60 0.60 0.59
  per-rule acc: 0.89 0.54 0.41
Epoch 6520 | Train: Loss=0.0004 Acc=100.0% | Test: Acc=61.6% | Best=61.6%(@6520)
  from x2: 0.64 0.63 0.62 0.62 0.62 0.62 0.62 0.61 0.62 0.61 0.61 0.61 0.60 0.60
  per-rule acc: 0.89 0.54 0.41
Epoch 6540 | Train: Loss=0.0003 Acc=100.0% | Test: Acc=62.0% | Best=62.0%(@6540)
  from x2: 0.64 0.63 0.63 0.63 0.62 0.62 0.62 0.62 0.62 0.62 0.61 0.61 0.61 0.60
  per-rule acc: 0.90 0.55 0.41
Epoch 6560 | Train: Loss=0.0003 Acc=100.0% | Test: Acc=62.2% | Best=62.2%(@6560)
  from x2: 0.64 0.63 0.63 0.63 0.63 0.62 0.62 0.62 0.62 0.62 0.62 0.61 0.61 0.61
  per-rule acc: 0.90 0.55 0.41
Epoch 6580 | Train: Loss=0.0002 Acc=100.0% | Test: Acc=62.4% | Best=62.4%(@6580)
  from x2: 0.64 0.63 0.63 0.63 0.63 0.63 0.62 0.62 0.62 0.62 0.62 0.62 0.61 0.61
  per-rule acc: 0.90 0.56 0.41
Epoch 6600 | Train: Loss=0.0002 Acc=100.0% | Test: Acc=62.6% | Best=62.6%(@6600)
  from x2: 0.64 0.63 0.63 0.63 0.63 0.63 0.63 0.63 0.63 0.62 0.62 0.62 0.62 0.61
  per-rule acc: 0.90 0.56 0.42
Epoch 6620 | Train: Loss=0.0001 Acc=100.0% | Test: Acc=62.7% | Best=62.7%(@6620)
  from x2: 0.64 0.63 0.63 0.63 0.63 0.63 0.63 0.63 0.63 0.63 0.62 0.62 0.62 0.62
  per-rule acc: 0.91 0.56 0.42
Epoch 6640 | Train: Loss=0.0001 Acc=100.0% | Test: Acc=62.8% | Best=62.8%(@6640)
  from x2: 0.64 0.63 0.63 0.63 0.63 0.63 0.63 0.63 0.63 0.63 0.62 0.62 0.62 0.62
  per-rule acc: 0.91 0.56 0.42
Epoch 6660 | Train: Loss=0.0001 Acc=100.0% | Test: Acc=62.8% | Best=62.8%(@6640)
  from x2: 0.64 0.63 0.63 0.63 0.63 0.63 0.63 0.63 0.63 0.63 0.62 0.62 0.62 0.62
  per-rule acc: 0.91 0.56 0.42
Epoch 6680 | Train: Loss=0.0001 Acc=100.0% | Test: Acc=62.9% | Best=62.9%(@6680)
  from x2: 0.64 0.63 0.63 0.63 0.63 0.63 0.63 0.63 0.63 0.63 0.63 0.63 0.62 0.62
  per-rule acc: 0.91 0.56 0.42
Epoch 6700 | Train: Loss=0.0000 Acc=100.0% | Test: Acc=62.9% | Best=62.9%(@6700)
  from x2: 0.64 0.63 0.63 0.63 0.63 0.63 0.63 0.63 0.63 0.63 0.63 0.63 0.62 0.62
  per-rule acc: 0.91 0.56 0.42
Epoch 6720 | Train: Loss=0.0000 Acc=100.0% | Test: Acc=63.0% | Best=63.0%(@6720)
  from x2: 0.64 0.63 0.63 0.63 0.63 0.63 0.63 0.63 0.63 0.63 0.63 0.63 0.63 0.62
  per-rule acc: 0.91 0.56 0.42
Epoch 6740 | Train: Loss=0.0000 Acc=100.0% | Test: Acc=63.0% | Best=63.0%(@6740)
  from x2: 0.64 0.63 0.63 0.63 0.63 0.63 0.63 0.63 0.63 0.63 0.63 0.63 0.63 0.62
  per-rule acc: 0.91 0.56 0.42
Epoch 6760 | Train: Loss=0.0000 Acc=100.0% | Test: Acc=63.0% | Best=63.0%(@6760)
  from x2: 0.64 0.63 0.63 0.63 0.63 0.63 0.63 0.63 0.63 0.63 0.63 0.63 0.63 0.62
  per-rule acc: 0.91 0.56 0.42
Epoch 6780 | Train: Loss=0.0000 Acc=100.0% | Test: Acc=63.1% | Best=63.1%(@6780)
  from x2: 0.64 0.63 0.63 0.63 0.63 0.63 0.63 0.63 0.63 0.63 0.63 0.63 0.63 0.62
  per-rule acc: 0.91 0.56 0.42
Epoch 6800 | Train: Loss=0.0000 Acc=100.0% | Test: Acc=63.1% | Best=63.1%(@6800)
  from x2: 0.64 0.64 0.63 0.63 0.63 0.63 0.63 0.63 0.63 0.63 0.63 0.63 0.63 0.62
  per-rule acc: 0.91 0.56 0.42
Epoch 6820 | Train: Loss=0.0000 Acc=100.0% | Test: Acc=63.1% | Best=63.1%(@6820)
  from x2: 0.64 0.64 0.63 0.63 0.63 0.63 0.63 0.63 0.63 0.63 0.63 0.63 0.63 0.62
  per-rule acc: 0.91 0.56 0.42
Epoch 6840 | Train: Loss=0.0000 Acc=100.0% | Test: Acc=63.1% | Best=63.1%(@6820)
  from x2: 0.64 0.64 0.63 0.63 0.63 0.63 0.63 0.63 0.63 0.63 0.63 0.63 0.63 0.62
  per-rule acc: 0.91 0.56 0.42
Epoch 6860 | Train: Loss=0.0000 Acc=100.0% | Test: Acc=63.0% | Best=63.1%(@6820)
  from x2: 0.64 0.63 0.63 0.63 0.63 0.63 0.63 0.63 0.63 0.63 0.63 0.62 0.63 0.62
  per-rule acc: 0.91 0.56 0.42
Epoch 6880 | Train: Loss=0.0001 Acc=100.0% | Test: Acc=58.2% | Best=63.1%(@6820)
  from x2: 0.61 0.60 0.59 0.59 0.59 0.58 0.58 0.58 0.57 0.58 0.57 0.57 0.57 0.56
  per-rule acc: 0.81 0.51 0.43
Epoch 6900 | Train: Loss=0.0001 Acc=100.0% | Test: Acc=57.2% | Best=63.1%(@6820)
  from x2: 0.60 0.59 0.58 0.59 0.58 0.58 0.57 0.56 0.56 0.56 0.56 0.55 0.55 0.55
  per-rule acc: 0.82 0.48 0.42
Epoch 6920 | Train: Loss=0.0002 Acc=100.0% | Test: Acc=59.4% | Best=63.1%(@6820)
  from x2: 0.62 0.61 0.60 0.61 0.61 0.60 0.60 0.59 0.59 0.59 0.59 0.58 0.57 0.57
  per-rule acc: 0.86 0.50 0.43
Epoch 6940 | Train: Loss=0.0004 Acc=100.0% | Test: Acc=61.4% | Best=63.1%(@6820)
  from x2: 0.64 0.63 0.62 0.62 0.62 0.62 0.62 0.61 0.61 0.61 0.61 0.60 0.59 0.59
  per-rule acc: 0.89 0.53 0.43
Epoch 6960 | Train: Loss=0.0004 Acc=100.0% | Test: Acc=62.5% | Best=63.1%(@6820)
  from x2: 0.65 0.64 0.63 0.63 0.63 0.63 0.62 0.62 0.62 0.62 0.62 0.61 0.61 0.60
  per-rule acc: 0.89 0.55 0.43
Epoch 6980 | Train: Loss=0.0004 Acc=100.0% | Test: Acc=63.3% | Best=63.3%(@6980)
  from x2: 0.66 0.64 0.64 0.64 0.64 0.64 0.63 0.63 0.63 0.63 0.63 0.62 0.62 0.62
  per-rule acc: 0.90 0.57 0.43
Epoch 7000 | Train: Loss=0.0003 Acc=100.0% | Test: Acc=63.9% | Best=63.9%(@7000)
  from x2: 0.66 0.65 0.65 0.65 0.65 0.64 0.64 0.64 0.64 0.64 0.63 0.63 0.63 0.62
  per-rule acc: 0.90 0.58 0.44
Epoch 7020 | Train: Loss=0.0003 Acc=100.0% | Test: Acc=64.3% | Best=64.3%(@7020)
  from x2: 0.66 0.65 0.65 0.65 0.65 0.65 0.64 0.64 0.64 0.64 0.64 0.63 0.63 0.63
  per-rule acc: 0.90 0.58 0.44
Epoch 7040 | Train: Loss=0.0002 Acc=100.0% | Test: Acc=64.6% | Best=64.6%(@7040)
  from x2: 0.66 0.66 0.65 0.65 0.65 0.65 0.65 0.65 0.64 0.64 0.64 0.64 0.64 0.63
  per-rule acc: 0.91 0.59 0.44
Epoch 7060 | Train: Loss=0.0002 Acc=100.0% | Test: Acc=64.9% | Best=64.9%(@7060)
  from x2: 0.66 0.66 0.65 0.65 0.65 0.65 0.65 0.65 0.65 0.65 0.64 0.64 0.64 0.64
  per-rule acc: 0.91 0.59 0.45
Epoch 7080 | Train: Loss=0.0001 Acc=100.0% | Test: Acc=65.0% | Best=65.0%(@7080)
  from x2: 0.66 0.66 0.66 0.66 0.65 0.65 0.65 0.65 0.65 0.65 0.65 0.64 0.64 0.64
  per-rule acc: 0.91 0.59 0.45
Epoch 7100 | Train: Loss=0.0001 Acc=100.0% | Test: Acc=65.2% | Best=65.2%(@7100)
  from x2: 0.67 0.66 0.66 0.66 0.66 0.65 0.65 0.65 0.65 0.65 0.65 0.65 0.64 0.64
  per-rule acc: 0.91 0.59 0.45
Epoch 7120 | Train: Loss=0.0001 Acc=100.0% | Test: Acc=65.3% | Best=65.3%(@7120)
  from x2: 0.67 0.66 0.66 0.66 0.66 0.66 0.65 0.65 0.65 0.65 0.65 0.65 0.64 0.64
  per-rule acc: 0.92 0.59 0.45
Epoch 7140 | Train: Loss=0.0001 Acc=100.0% | Test: Acc=65.4% | Best=65.4%(@7140)
  from x2: 0.67 0.66 0.66 0.66 0.66 0.66 0.65 0.65 0.65 0.65 0.65 0.65 0.65 0.64
  per-rule acc: 0.92 0.59 0.45
Epoch 7160 | Train: Loss=0.0001 Acc=100.0% | Test: Acc=65.5% | Best=65.5%(@7160)
  from x2: 0.67 0.66 0.66 0.66 0.66 0.66 0.66 0.65 0.65 0.65 0.65 0.65 0.65 0.64
  per-rule acc: 0.92 0.59 0.46
Epoch 7180 | Train: Loss=0.0000 Acc=100.0% | Test: Acc=65.5% | Best=65.5%(@7180)
  from x2: 0.67 0.66 0.66 0.66 0.66 0.66 0.66 0.65 0.65 0.65 0.65 0.65 0.65 0.65
  per-rule acc: 0.92 0.59 0.46
Epoch 7200 | Train: Loss=0.0000 Acc=100.0% | Test: Acc=65.6% | Best=65.6%(@7200)
  from x2: 0.66 0.66 0.66 0.66 0.66 0.66 0.66 0.65 0.65 0.65 0.65 0.65 0.65 0.65
  per-rule acc: 0.92 0.59 0.46
Epoch 7220 | Train: Loss=0.0000 Acc=100.0% | Test: Acc=65.5% | Best=65.6%(@7200)
  from x2: 0.66 0.66 0.66 0.66 0.66 0.66 0.66 0.65 0.65 0.65 0.65 0.65 0.65 0.65
  per-rule acc: 0.92 0.59 0.46
Epoch 7240 | Train: Loss=0.0000 Acc=100.0% | Test: Acc=65.5% | Best=65.6%(@7200)
  from x2: 0.66 0.66 0.66 0.66 0.66 0.66 0.66 0.65 0.65 0.65 0.65 0.65 0.65 0.65
  per-rule acc: 0.92 0.59 0.46
Epoch 7260 | Train: Loss=0.0000 Acc=100.0% | Test: Acc=65.5% | Best=65.6%(@7200)
  from x2: 0.66 0.66 0.66 0.66 0.66 0.66 0.66 0.65 0.65 0.65 0.65 0.65 0.65 0.65
  per-rule acc: 0.92 0.59 0.45
Epoch 7280 | Train: Loss=0.0000 Acc=100.0% | Test: Acc=65.4% | Best=65.6%(@7200)
  from x2: 0.66 0.66 0.65 0.66 0.66 0.66 0.66 0.65 0.65 0.66 0.65 0.65 0.65 0.65
  per-rule acc: 0.92 0.59 0.45
Epoch 7300 | Train: Loss=0.0000 Acc=100.0% | Test: Acc=65.4% | Best=65.6%(@7200)
  from x2: 0.66 0.66 0.65 0.66 0.66 0.66 0.65 0.65 0.65 0.65 0.65 0.65 0.65 0.65
  per-rule acc: 0.92 0.59 0.45
Epoch 7320 | Train: Loss=0.0000 Acc=100.0% | Test: Acc=65.4% | Best=65.6%(@7200)
  from x2: 0.66 0.66 0.65 0.66 0.66 0.66 0.66 0.65 0.65 0.65 0.65 0.65 0.65 0.65
  per-rule acc: 0.92 0.59 0.45
Epoch 7340 | Train: Loss=0.0000 Acc=100.0% | Test: Acc=65.4% | Best=65.6%(@7200)
  from x2: 0.66 0.66 0.65 0.66 0.66 0.65 0.66 0.65 0.65 0.65 0.65 0.65 0.65 0.65
  per-rule acc: 0.92 0.59 0.45
Epoch 7360 | Train: Loss=0.0000 Acc=100.0% | Test: Acc=65.4% | Best=65.6%(@7200)
  from x2: 0.66 0.66 0.66 0.66 0.66 0.66 0.65 0.65 0.65 0.65 0.65 0.65 0.65 0.65
  per-rule acc: 0.92 0.59 0.45
Epoch 7380 | Train: Loss=0.0000 Acc=100.0% | Test: Acc=65.4% | Best=65.6%(@7200)
  from x2: 0.66 0.66 0.66 0.66 0.66 0.65 0.65 0.65 0.65 0.65 0.65 0.65 0.65 0.65
  per-rule acc: 0.92 0.59 0.45
Epoch 7400 | Train: Loss=0.0000 Acc=100.0% | Test: Acc=65.5% | Best=65.6%(@7200)
  from x2: 0.66 0.66 0.66 0.66 0.66 0.66 0.66 0.65 0.66 0.65 0.65 0.65 0.65 0.65
  per-rule acc: 0.92 0.59 0.46
Epoch 7420 | Train: Loss=0.0000 Acc=100.0% | Test: Acc=65.5% | Best=65.6%(@7200)
  from x2: 0.66 0.66 0.66 0.66 0.66 0.66 0.66 0.66 0.65 0.65 0.65 0.65 0.65 0.65
  per-rule acc: 0.92 0.59 0.46
Epoch 7440 | Train: Loss=0.0070 Acc=100.0% | Test: Acc=55.4% | Best=65.6%(@7200)
  from x2: 0.56 0.56 0.56 0.56 0.56 0.56 0.56 0.55 0.55 0.55 0.55 0.55 0.55 0.54
  per-rule acc: 0.85 0.47 0.34
Epoch 7460 | Train: Loss=0.0001 Acc=100.0% | Test: Acc=56.5% | Best=65.6%(@7200)
  from x2: 0.60 0.58 0.58 0.58 0.57 0.57 0.56 0.56 0.55 0.56 0.56 0.55 0.55 0.54
  per-rule acc: 0.78 0.48 0.44
Epoch 7480 | Train: Loss=0.0001 Acc=100.0% | Test: Acc=57.1% | Best=65.6%(@7200)
  from x2: 0.61 0.59 0.58 0.58 0.59 0.58 0.57 0.56 0.56 0.56 0.56 0.56 0.55 0.54
  per-rule acc: 0.80 0.47 0.44
Epoch 7500 | Train: Loss=0.0001 Acc=100.0% | Test: Acc=59.5% | Best=65.6%(@7200)
  from x2: 0.63 0.61 0.60 0.61 0.61 0.60 0.60 0.59 0.59 0.59 0.59 0.58 0.58 0.57
  per-rule acc: 0.85 0.49 0.44
Epoch 7520 | Train: Loss=0.0001 Acc=100.0% | Test: Acc=62.1% | Best=65.6%(@7200)
  from x2: 0.64 0.63 0.62 0.63 0.63 0.63 0.62 0.62 0.62 0.62 0.62 0.61 0.60 0.60
  per-rule acc: 0.88 0.52 0.45
Epoch 7540 | Train: Loss=0.0002 Acc=100.0% | Test: Acc=63.5% | Best=65.6%(@7200)
  from x2: 0.66 0.64 0.64 0.64 0.64 0.64 0.63 0.63 0.63 0.63 0.63 0.63 0.62 0.62
  per-rule acc: 0.90 0.55 0.46
Epoch 7560 | Train: Loss=0.0002 Acc=100.0% | Test: Acc=64.4% | Best=65.6%(@7200)
  from x2: 0.66 0.65 0.65 0.65 0.65 0.65 0.65 0.64 0.64 0.64 0.64 0.64 0.63 0.63
  per-rule acc: 0.90 0.57 0.46
Epoch 7580 | Train: Loss=0.0002 Acc=100.0% | Test: Acc=65.2% | Best=65.6%(@7200)
  from x2: 0.67 0.66 0.66 0.66 0.66 0.66 0.65 0.65 0.65 0.65 0.65 0.65 0.64 0.64
  per-rule acc: 0.90 0.59 0.47
Epoch 7600 | Train: Loss=0.0002 Acc=100.0% | Test: Acc=65.8% | Best=65.8%(@7600)
  from x2: 0.68 0.66 0.66 0.66 0.66 0.66 0.66 0.66 0.66 0.66 0.65 0.65 0.65 0.64
  per-rule acc: 0.91 0.60 0.47
Epoch 7620 | Train: Loss=0.0001 Acc=100.0% | Test: Acc=66.3% | Best=66.3%(@7620)
  from x2: 0.68 0.67 0.67 0.67 0.67 0.66 0.66 0.66 0.66 0.66 0.66 0.66 0.65 0.65
  per-rule acc: 0.91 0.60 0.47
Epoch 7640 | Train: Loss=0.0001 Acc=100.0% | Test: Acc=66.6% | Best=66.6%(@7640)
  from x2: 0.68 0.67 0.67 0.67 0.67 0.67 0.67 0.66 0.66 0.66 0.66 0.66 0.66 0.66
  per-rule acc: 0.92 0.61 0.47
Epoch 7660 | Train: Loss=0.0001 Acc=100.0% | Test: Acc=66.9% | Best=66.9%(@7660)
  from x2: 0.68 0.67 0.67 0.67 0.67 0.67 0.67 0.67 0.67 0.67 0.67 0.66 0.66 0.66
  per-rule acc: 0.92 0.61 0.48
Epoch 7680 | Train: Loss=0.0001 Acc=100.0% | Test: Acc=67.1% | Best=67.1%(@7680)
  from x2: 0.69 0.68 0.67 0.68 0.67 0.67 0.67 0.67 0.67 0.67 0.67 0.67 0.66 0.66
  per-rule acc: 0.92 0.61 0.48
Epoch 7700 | Train: Loss=0.0001 Acc=100.0% | Test: Acc=67.2% | Best=67.2%(@7700)
  from x2: 0.69 0.68 0.67 0.68 0.67 0.67 0.67 0.67 0.67 0.67 0.67 0.67 0.67 0.66
  per-rule acc: 0.92 0.61 0.48
Epoch 7720 | Train: Loss=0.0000 Acc=100.0% | Test: Acc=67.3% | Best=67.3%(@7720)
  from x2: 0.69 0.68 0.68 0.68 0.67 0.67 0.67 0.67 0.67 0.67 0.67 0.67 0.67 0.67
  per-rule acc: 0.93 0.61 0.48
Epoch 7740 | Train: Loss=0.0000 Acc=100.0% | Test: Acc=67.4% | Best=67.4%(@7740)
  from x2: 0.69 0.68 0.68 0.68 0.68 0.68 0.68 0.67 0.67 0.67 0.67 0.67 0.67 0.67
  per-rule acc: 0.93 0.62 0.48
Epoch 7760 | Train: Loss=0.0000 Acc=100.0% | Test: Acc=67.6% | Best=67.6%(@7760)
  from x2: 0.69 0.68 0.68 0.68 0.68 0.68 0.68 0.67 0.67 0.67 0.67 0.67 0.67 0.67
  per-rule acc: 0.93 0.62 0.48
Epoch 7780 | Train: Loss=0.0000 Acc=100.0% | Test: Acc=67.6% | Best=67.6%(@7780)
  from x2: 0.69 0.68 0.68 0.68 0.68 0.68 0.68 0.67 0.68 0.67 0.67 0.67 0.67 0.67
  per-rule acc: 0.93 0.62 0.48
Epoch 7800 | Train: Loss=0.0000 Acc=100.0% | Test: Acc=67.7% | Best=67.7%(@7800)
  from x2: 0.69 0.68 0.68 0.68 0.68 0.68 0.68 0.68 0.68 0.68 0.67 0.67 0.67 0.67
  per-rule acc: 0.93 0.62 0.48
Epoch 7820 | Train: Loss=0.0000 Acc=100.0% | Test: Acc=67.8% | Best=67.8%(@7820)
  from x2: 0.69 0.68 0.68 0.68 0.68 0.68 0.68 0.68 0.68 0.68 0.68 0.67 0.67 0.67
  per-rule acc: 0.93 0.62 0.48
Epoch 7840 | Train: Loss=0.0000 Acc=100.0% | Test: Acc=67.8% | Best=67.8%(@7840)
  from x2: 0.69 0.68 0.68 0.68 0.68 0.68 0.68 0.68 0.68 0.68 0.68 0.68 0.67 0.67
  per-rule acc: 0.93 0.62 0.48
Epoch 7860 | Train: Loss=0.0000 Acc=100.0% | Test: Acc=67.9% | Best=67.9%(@7860)
  from x2: 0.69 0.68 0.68 0.68 0.68 0.68 0.68 0.68 0.68 0.68 0.68 0.68 0.67 0.67
  per-rule acc: 0.93 0.62 0.48
Epoch 7880 | Train: Loss=0.0000 Acc=100.0% | Test: Acc=67.9% | Best=67.9%(@7880)
  from x2: 0.69 0.68 0.68 0.68 0.68 0.68 0.68 0.68 0.68 0.68 0.68 0.67 0.67 0.67
  per-rule acc: 0.93 0.62 0.48
Epoch 7900 | Train: Loss=0.0000 Acc=100.0% | Test: Acc=67.9% | Best=67.9%(@7900)
  from x2: 0.69 0.68 0.68 0.68 0.68 0.68 0.68 0.68 0.68 0.68 0.68 0.68 0.67 0.67
  per-rule acc: 0.93 0.62 0.48
Epoch 7920 | Train: Loss=0.0000 Acc=100.0% | Test: Acc=67.9% | Best=67.9%(@7920)
  from x2: 0.69 0.68 0.68 0.68 0.68 0.68 0.68 0.68 0.68 0.68 0.68 0.68 0.68 0.67
  per-rule acc: 0.93 0.62 0.48
Epoch 7940 | Train: Loss=0.0000 Acc=100.0% | Test: Acc=68.0% | Best=68.0%(@7940)
  from x2: 0.69 0.68 0.68 0.68 0.68 0.68 0.68 0.68 0.68 0.68 0.68 0.68 0.68 0.67
  per-rule acc: 0.93 0.62 0.48
Epoch 7960 | Train: Loss=0.0000 Acc=100.0% | Test: Acc=68.0% | Best=68.0%(@7960)
  from x2: 0.69 0.68 0.68 0.68 0.68 0.68 0.68 0.68 0.68 0.68 0.68 0.68 0.68 0.67
  per-rule acc: 0.93 0.62 0.49
Epoch 7980 | Train: Loss=0.0000 Acc=100.0% | Test: Acc=68.1% | Best=68.1%(@7980)
  from x2: 0.69 0.68 0.68 0.68 0.68 0.68 0.68 0.68 0.68 0.68 0.68 0.68 0.68 0.68
  per-rule acc: 0.94 0.62 0.49
Epoch 8000 | Train: Loss=0.0000 Acc=100.0% | Test: Acc=68.2% | Best=68.2%(@8000)
  from x2: 0.69 0.68 0.68 0.68 0.68 0.68 0.68 0.68 0.68 0.68 0.68 0.68 0.68 0.68
  per-rule acc: 0.94 0.62 0.49
Epoch 8020 | Train: Loss=0.0000 Acc=100.0% | Test: Acc=68.2% | Best=68.2%(@8020)
  from x2: 0.69 0.68 0.68 0.68 0.68 0.68 0.68 0.68 0.68 0.68 0.68 0.68 0.68 0.68
  per-rule acc: 0.94 0.62 0.49
Epoch 8040 | Train: Loss=0.0000 Acc=100.0% | Test: Acc=68.3% | Best=68.3%(@8040)
  from x2: 0.70 0.68 0.68 0.68 0.68 0.68 0.68 0.68 0.68 0.68 0.68 0.68 0.68 0.68
  per-rule acc: 0.94 0.62 0.49
Epoch 8060 | Train: Loss=0.0000 Acc=100.0% | Test: Acc=68.3% | Best=68.3%(@8060)
  from x2: 0.70 0.68 0.68 0.68 0.68 0.68 0.68 0.68 0.68 0.68 0.68 0.68 0.68 0.68
  per-rule acc: 0.94 0.62 0.49
Epoch 8080 | Train: Loss=0.0000 Acc=100.0% | Test: Acc=68.3% | Best=68.3%(@8080)
  from x2: 0.70 0.68 0.68 0.69 0.69 0.68 0.68 0.68 0.68 0.68 0.68 0.68 0.68 0.68
  per-rule acc: 0.94 0.62 0.49
Epoch 8100 | Train: Loss=0.0000 Acc=100.0% | Test: Acc=68.4% | Best=68.4%(@8100)
  from x2: 0.70 0.69 0.68 0.69 0.69 0.68 0.68 0.68 0.68 0.68 0.68 0.68 0.68 0.68
  per-rule acc: 0.94 0.62 0.49
Epoch 8120 | Train: Loss=0.0000 Acc=100.0% | Test: Acc=68.5% | Best=68.5%(@8120)
  from x2: 0.70 0.69 0.68 0.69 0.69 0.68 0.68 0.68 0.68 0.69 0.68 0.68 0.68 0.68
  per-rule acc: 0.94 0.63 0.49
Epoch 8140 | Train: Loss=0.0000 Acc=100.0% | Test: Acc=68.6% | Best=68.6%(@8140)
  from x2: 0.70 0.69 0.69 0.69 0.69 0.69 0.68 0.68 0.68 0.69 0.69 0.68 0.68 0.68
  per-rule acc: 0.94 0.63 0.49
Epoch 8160 | Train: Loss=0.0000 Acc=100.0% | Test: Acc=68.7% | Best=68.7%(@8160)
  from x2: 0.70 0.69 0.69 0.69 0.69 0.69 0.68 0.68 0.69 0.69 0.69 0.68 0.68 0.68
  per-rule acc: 0.94 0.63 0.49
Epoch 8180 | Train: Loss=0.0000 Acc=100.0% | Test: Acc=68.8% | Best=68.8%(@8180)
  from x2: 0.70 0.69 0.69 0.69 0.69 0.69 0.69 0.69 0.69 0.69 0.69 0.69 0.68 0.69
  per-rule acc: 0.94 0.63 0.50
Epoch 8200 | Train: Loss=0.0000 Acc=100.0% | Test: Acc=69.0% | Best=69.0%(@8200)
  from x2: 0.70 0.69 0.69 0.69 0.69 0.69 0.69 0.69 0.69 0.69 0.69 0.69 0.69 0.69
  per-rule acc: 0.94 0.63 0.50
Epoch 8220 | Train: Loss=0.0000 Acc=100.0% | Test: Acc=69.1% | Best=69.1%(@8220)
  from x2: 0.70 0.69 0.69 0.69 0.69 0.69 0.69 0.69 0.69 0.69 0.69 0.69 0.69 0.69
  per-rule acc: 0.94 0.63 0.50
Epoch 8240 | Train: Loss=0.0000 Acc=100.0% | Test: Acc=69.1% | Best=69.1%(@8240)
  from x2: 0.70 0.69 0.69 0.69 0.69 0.69 0.69 0.69 0.69 0.69 0.69 0.69 0.69 0.69
  per-rule acc: 0.94 0.63 0.50
Epoch 8260 | Train: Loss=0.0000 Acc=100.0% | Test: Acc=69.2% | Best=69.2%(@8260)
  from x2: 0.70 0.69 0.69 0.69 0.69 0.69 0.69 0.69 0.69 0.69 0.69 0.69 0.69 0.69
  per-rule acc: 0.94 0.63 0.50
Epoch 8280 | Train: Loss=0.0000 Acc=100.0% | Test: Acc=69.3% | Best=69.3%(@8280)
  from x2: 0.70 0.69 0.69 0.70 0.69 0.69 0.69 0.69 0.69 0.69 0.69 0.69 0.69 0.69
  per-rule acc: 0.94 0.63 0.51
Epoch 8300 | Train: Loss=0.0000 Acc=100.0% | Test: Acc=69.4% | Best=69.4%(@8300)
  from x2: 0.71 0.70 0.69 0.70 0.70 0.69 0.69 0.69 0.69 0.69 0.69 0.69 0.69 0.69
  per-rule acc: 0.94 0.64 0.51
Epoch 8320 | Train: Loss=0.0000 Acc=100.0% | Test: Acc=69.6% | Best=69.6%(@8320)
  from x2: 0.71 0.70 0.70 0.70 0.70 0.70 0.69 0.69 0.69 0.70 0.69 0.69 0.69 0.69
  per-rule acc: 0.94 0.64 0.51
Epoch 8340 | Train: Loss=0.0000 Acc=100.0% | Test: Acc=69.7% | Best=69.7%(@8340)
  from x2: 0.71 0.70 0.70 0.70 0.70 0.70 0.70 0.70 0.69 0.70 0.69 0.69 0.69 0.69
  per-rule acc: 0.94 0.64 0.51
Epoch 8360 | Train: Loss=0.0000 Acc=100.0% | Test: Acc=69.8% | Best=69.8%(@8360)
  from x2: 0.71 0.70 0.70 0.70 0.70 0.70 0.70 0.70 0.70 0.70 0.69 0.69 0.69 0.69
  per-rule acc: 0.94 0.64 0.51
Epoch 8380 | Train: Loss=0.0000 Acc=100.0% | Test: Acc=69.8% | Best=69.8%(@8380)
  from x2: 0.71 0.70 0.70 0.70 0.70 0.70 0.70 0.70 0.70 0.70 0.70 0.69 0.69 0.69
  per-rule acc: 0.94 0.65 0.51
Epoch 8400 | Train: Loss=0.0000 Acc=100.0% | Test: Acc=69.9% | Best=69.9%(@8400)
  from x2: 0.71 0.70 0.70 0.70 0.70 0.70 0.70 0.70 0.70 0.70 0.70 0.70 0.70 0.70
  per-rule acc: 0.94 0.65 0.51
Epoch 8420 | Train: Loss=0.0000 Acc=100.0% | Test: Acc=70.0% | Best=70.0%(@8420)
  from x2: 0.71 0.70 0.70 0.70 0.70 0.70 0.70 0.70 0.70 0.70 0.70 0.70 0.70 0.70
  per-rule acc: 0.94 0.65 0.51
Epoch 8440 | Train: Loss=0.0000 Acc=100.0% | Test: Acc=70.1% | Best=70.1%(@8440)
  from x2: 0.71 0.70 0.70 0.70 0.70 0.70 0.70 0.70 0.70 0.70 0.70 0.70 0.70 0.70
  per-rule acc: 0.94 0.65 0.51
Epoch 8460 | Train: Loss=0.0000 Acc=100.0% | Test: Acc=70.2% | Best=70.2%(@8460)
  from x2: 0.71 0.70 0.70 0.70 0.71 0.70 0.70 0.70 0.70 0.70 0.70 0.70 0.70 0.70
  per-rule acc: 0.94 0.65 0.51
Epoch 8480 | Train: Loss=0.0000 Acc=100.0% | Test: Acc=70.3% | Best=70.3%(@8480)
  from x2: 0.72 0.71 0.70 0.71 0.71 0.70 0.70 0.70 0.70 0.70 0.70 0.70 0.70 0.70
  per-rule acc: 0.94 0.65 0.52
Epoch 8500 | Train: Loss=0.0000 Acc=100.0% | Test: Acc=70.4% | Best=70.4%(@8500)
  from x2: 0.72 0.71 0.71 0.71 0.71 0.71 0.70 0.70 0.70 0.70 0.70 0.70 0.70 0.70
  per-rule acc: 0.94 0.66 0.52
Epoch 8520 | Train: Loss=0.0000 Acc=100.0% | Test: Acc=70.5% | Best=70.5%(@8520)
  from x2: 0.72 0.71 0.71 0.71 0.71 0.71 0.70 0.70 0.70 0.70 0.70 0.70 0.70 0.70
  per-rule acc: 0.94 0.66 0.52
Epoch 8540 | Train: Loss=0.0000 Acc=100.0% | Test: Acc=70.6% | Best=70.6%(@8540)
  from x2: 0.72 0.71 0.71 0.71 0.71 0.71 0.70 0.70 0.70 0.71 0.70 0.70 0.70 0.70
  per-rule acc: 0.94 0.66 0.52
Epoch 8560 | Train: Loss=0.0000 Acc=100.0% | Test: Acc=70.7% | Best=70.7%(@8560)
  from x2: 0.72 0.71 0.71 0.71 0.71 0.71 0.70 0.70 0.70 0.71 0.71 0.70 0.70 0.70
  per-rule acc: 0.94 0.66 0.52
Epoch 8580 | Train: Loss=0.0000 Acc=100.0% | Test: Acc=70.8% | Best=70.8%(@8580)
  from x2: 0.72 0.71 0.71 0.71 0.71 0.71 0.70 0.70 0.71 0.71 0.71 0.70 0.70 0.70
  per-rule acc: 0.94 0.66 0.52
Epoch 8600 | Train: Loss=0.0000 Acc=100.0% | Test: Acc=70.9% | Best=70.9%(@8600)
  from x2: 0.72 0.71 0.71 0.71 0.71 0.71 0.71 0.71 0.71 0.71 0.71 0.70 0.70 0.70
  per-rule acc: 0.94 0.66 0.52
Epoch 8620 | Train: Loss=0.0000 Acc=100.0% | Test: Acc=71.0% | Best=71.0%(@8620)
  from x2: 0.72 0.71 0.71 0.71 0.71 0.71 0.71 0.71 0.71 0.71 0.71 0.70 0.70 0.71
  per-rule acc: 0.94 0.67 0.52
Epoch 8640 | Train: Loss=0.0000 Acc=100.0% | Test: Acc=71.1% | Best=71.1%(@8640)
  from x2: 0.72 0.71 0.71 0.71 0.71 0.71 0.71 0.71 0.71 0.71 0.71 0.71 0.71 0.71
  per-rule acc: 0.94 0.67 0.53
Epoch 8660 | Train: Loss=0.0000 Acc=100.0% | Test: Acc=71.2% | Best=71.2%(@8660)
  from x2: 0.73 0.71 0.71 0.71 0.71 0.71 0.71 0.71 0.71 0.71 0.71 0.71 0.71 0.71
  per-rule acc: 0.94 0.67 0.53
Epoch 8680 | Train: Loss=0.0000 Acc=100.0% | Test: Acc=71.3% | Best=71.3%(@8680)
  from x2: 0.73 0.71 0.71 0.71 0.71 0.71 0.71 0.71 0.71 0.71 0.71 0.71 0.71 0.71
  per-rule acc: 0.94 0.67 0.53
Epoch 8700 | Train: Loss=0.0000 Acc=100.0% | Test: Acc=71.3% | Best=71.3%(@8700)
  from x2: 0.73 0.71 0.71 0.72 0.72 0.71 0.71 0.71 0.71 0.71 0.71 0.71 0.71 0.71
  per-rule acc: 0.94 0.67 0.53
Epoch 8720 | Train: Loss=0.0000 Acc=100.0% | Test: Acc=71.4% | Best=71.4%(@8720)
  from x2: 0.73 0.72 0.71 0.72 0.72 0.71 0.71 0.71 0.71 0.71 0.71 0.71 0.71 0.71
  per-rule acc: 0.94 0.67 0.53
Epoch 8740 | Train: Loss=0.0000 Acc=100.0% | Test: Acc=71.5% | Best=71.5%(@8740)
  from x2: 0.73 0.72 0.71 0.72 0.72 0.72 0.72 0.71 0.71 0.71 0.71 0.71 0.71 0.71
  per-rule acc: 0.94 0.67 0.53
Epoch 8760 | Train: Loss=0.0000 Acc=100.0% | Test: Acc=71.6% | Best=71.6%(@8760)
  from x2: 0.73 0.72 0.72 0.72 0.72 0.72 0.72 0.71 0.71 0.72 0.71 0.71 0.71 0.71
  per-rule acc: 0.94 0.67 0.53
Epoch 8780 | Train: Loss=0.0000 Acc=100.0% | Test: Acc=71.6% | Best=71.6%(@8780)
  from x2: 0.73 0.72 0.72 0.72 0.72 0.72 0.72 0.72 0.72 0.72 0.71 0.71 0.71 0.71
  per-rule acc: 0.94 0.68 0.53
Epoch 8800 | Train: Loss=0.0000 Acc=100.0% | Test: Acc=71.7% | Best=71.7%(@8800)
  from x2: 0.73 0.72 0.72 0.72 0.72 0.72 0.72 0.72 0.72 0.72 0.71 0.71 0.71 0.71
  per-rule acc: 0.94 0.68 0.53
Epoch 8820 | Train: Loss=0.0000 Acc=100.0% | Test: Acc=71.8% | Best=71.8%(@8820)
  from x2: 0.73 0.72 0.72 0.72 0.72 0.72 0.72 0.72 0.72 0.72 0.71 0.71 0.71 0.71
  per-rule acc: 0.94 0.68 0.53
Epoch 8840 | Train: Loss=0.0000 Acc=100.0% | Test: Acc=71.9% | Best=71.9%(@8840)
  from x2: 0.73 0.72 0.72 0.72 0.72 0.72 0.72 0.72 0.72 0.72 0.72 0.71 0.71 0.71
  per-rule acc: 0.94 0.68 0.53
Epoch 8860 | Train: Loss=0.0000 Acc=100.0% | Test: Acc=71.9% | Best=71.9%(@8860)
  from x2: 0.73 0.72 0.72 0.72 0.72 0.72 0.72 0.72 0.72 0.72 0.72 0.71 0.71 0.72
  per-rule acc: 0.94 0.68 0.53
Epoch 8880 | Train: Loss=0.0000 Acc=100.0% | Test: Acc=72.0% | Best=72.0%(@8880)
  from x2: 0.73 0.72 0.72 0.72 0.72 0.72 0.72 0.72 0.72 0.72 0.72 0.72 0.72 0.72
  per-rule acc: 0.94 0.68 0.54
Epoch 8900 | Train: Loss=0.0000 Acc=100.0% | Test: Acc=72.1% | Best=72.1%(@8900)
  from x2: 0.73 0.72 0.72 0.72 0.72 0.72 0.72 0.72 0.72 0.72 0.72 0.72 0.72 0.72
  per-rule acc: 0.94 0.68 0.54
Epoch 8920 | Train: Loss=0.0000 Acc=100.0% | Test: Acc=72.1% | Best=72.1%(@8920)
  from x2: 0.73 0.72 0.72 0.72 0.72 0.72 0.72 0.72 0.72 0.72 0.72 0.72 0.72 0.72
  per-rule acc: 0.94 0.69 0.54
Epoch 8940 | Train: Loss=0.0000 Acc=100.0% | Test: Acc=72.2% | Best=72.2%(@8940)
  from x2: 0.73 0.72 0.72 0.72 0.72 0.72 0.72 0.72 0.72 0.72 0.72 0.72 0.72 0.72
  per-rule acc: 0.94 0.69 0.54
Epoch 8960 | Train: Loss=0.0000 Acc=100.0% | Test: Acc=72.2% | Best=72.2%(@8960)
  from x2: 0.73 0.72 0.72 0.72 0.72 0.72 0.72 0.72 0.72 0.72 0.72 0.72 0.72 0.72
  per-rule acc: 0.94 0.69 0.54
Epoch 8980 | Train: Loss=0.0000 Acc=100.0% | Test: Acc=72.3% | Best=72.3%(@8980)
  from x2: 0.74 0.72 0.72 0.72 0.73 0.72 0.72 0.72 0.72 0.72 0.72 0.72 0.72 0.72
  per-rule acc: 0.94 0.69 0.54
Epoch 9000 | Train: Loss=0.0000 Acc=100.0% | Test: Acc=72.4% | Best=72.4%(@9000)
  from x2: 0.74 0.73 0.72 0.72 0.73 0.72 0.72 0.72 0.72 0.72 0.72 0.72 0.72 0.72
  per-rule acc: 0.94 0.69 0.54
Epoch 9020 | Train: Loss=0.0000 Acc=100.0% | Test: Acc=72.4% | Best=72.4%(@9020)
  from x2: 0.74 0.73 0.72 0.73 0.73 0.73 0.72 0.72 0.72 0.72 0.72 0.72 0.72 0.72
  per-rule acc: 0.94 0.69 0.54
Epoch 9040 | Train: Loss=0.0000 Acc=100.0% | Test: Acc=72.5% | Best=72.5%(@9040)
  from x2: 0.74 0.73 0.73 0.73 0.73 0.73 0.72 0.72 0.72 0.72 0.72 0.72 0.72 0.72
  per-rule acc: 0.94 0.69 0.54
Epoch 9060 | Train: Loss=0.0000 Acc=100.0% | Test: Acc=72.5% | Best=72.5%(@9060)
  from x2: 0.74 0.73 0.73 0.73 0.73 0.73 0.73 0.72 0.72 0.73 0.72 0.72 0.72 0.72
  per-rule acc: 0.94 0.69 0.54
Epoch 9080 | Train: Loss=0.0000 Acc=100.0% | Test: Acc=72.6% | Best=72.6%(@9080)
  from x2: 0.74 0.73 0.73 0.73 0.73 0.73 0.73 0.72 0.73 0.73 0.72 0.72 0.72 0.72
  per-rule acc: 0.94 0.69 0.54
Epoch 9100 | Train: Loss=0.0000 Acc=100.0% | Test: Acc=72.7% | Best=72.7%(@9100)
  from x2: 0.74 0.73 0.73 0.73 0.73 0.73 0.73 0.73 0.73 0.73 0.72 0.72 0.72 0.72
  per-rule acc: 0.94 0.69 0.54
Epoch 9120 | Train: Loss=0.0000 Acc=100.0% | Test: Acc=72.7% | Best=72.7%(@9120)
  from x2: 0.74 0.73 0.73 0.73 0.73 0.73 0.73 0.73 0.73 0.73 0.73 0.72 0.72 0.72
  per-rule acc: 0.94 0.69 0.54
Epoch 9140 | Train: Loss=0.0000 Acc=100.0% | Test: Acc=72.8% | Best=72.8%(@9140)
  from x2: 0.74 0.73 0.73 0.73 0.73 0.73 0.73 0.73 0.73 0.73 0.73 0.72 0.72 0.72
  per-rule acc: 0.94 0.69 0.55
Epoch 9160 | Train: Loss=0.0000 Acc=100.0% | Test: Acc=72.8% | Best=72.8%(@9160)
  from x2: 0.74 0.73 0.73 0.73 0.73 0.73 0.73 0.73 0.73 0.73 0.73 0.72 0.72 0.72
  per-rule acc: 0.94 0.70 0.55
Epoch 9180 | Train: Loss=0.0000 Acc=100.0% | Test: Acc=72.9% | Best=72.9%(@9180)
  from x2: 0.74 0.73 0.73 0.73 0.73 0.73 0.73 0.73 0.73 0.73 0.73 0.72 0.72 0.72
  per-rule acc: 0.94 0.70 0.55
Epoch 9200 | Train: Loss=0.0000 Acc=100.0% | Test: Acc=72.9% | Best=72.9%(@9200)
  from x2: 0.74 0.73 0.73 0.73 0.73 0.73 0.73 0.73 0.73 0.73 0.73 0.73 0.72 0.72
  per-rule acc: 0.94 0.70 0.55
Epoch 9220 | Train: Loss=0.0000 Acc=100.0% | Test: Acc=73.0% | Best=73.0%(@9220)
  from x2: 0.74 0.73 0.73 0.73 0.73 0.73 0.73 0.73 0.73 0.73 0.73 0.73 0.72 0.72
  per-rule acc: 0.94 0.70 0.55
Epoch 9240 | Train: Loss=0.0000 Acc=100.0% | Test: Acc=73.0% | Best=73.0%(@9240)
  from x2: 0.74 0.73 0.73 0.73 0.73 0.73 0.73 0.73 0.73 0.73 0.73 0.73 0.72 0.73
  per-rule acc: 0.94 0.70 0.55
Epoch 9260 | Train: Loss=0.0000 Acc=100.0% | Test: Acc=73.0% | Best=73.0%(@9260)
  from x2: 0.74 0.73 0.73 0.73 0.73 0.73 0.73 0.73 0.73 0.73 0.73 0.73 0.72 0.73
  per-rule acc: 0.94 0.70 0.55
Epoch 9280 | Train: Loss=0.0000 Acc=100.0% | Test: Acc=73.0% | Best=73.0%(@9280)
  from x2: 0.74 0.73 0.73 0.73 0.73 0.73 0.73 0.73 0.73 0.73 0.73 0.73 0.73 0.73
  per-rule acc: 0.94 0.70 0.55
Epoch 9300 | Train: Loss=0.0000 Acc=100.0% | Test: Acc=73.1% | Best=73.1%(@9300)
  from x2: 0.74 0.73 0.73 0.73 0.73 0.73 0.73 0.73 0.73 0.73 0.73 0.73 0.73 0.73
  per-rule acc: 0.94 0.70 0.55
Epoch 9320 | Train: Loss=0.0000 Acc=100.0% | Test: Acc=73.1% | Best=73.1%(@9320)
  from x2: 0.74 0.73 0.73 0.73 0.73 0.73 0.73 0.73 0.73 0.73 0.73 0.73 0.73 0.73
  per-rule acc: 0.94 0.70 0.55
Epoch 9340 | Train: Loss=0.0000 Acc=100.0% | Test: Acc=73.2% | Best=73.2%(@9340)
  from x2: 0.74 0.73 0.73 0.73 0.73 0.73 0.73 0.73 0.73 0.73 0.73 0.73 0.73 0.73
  per-rule acc: 0.94 0.70 0.55
Epoch 9360 | Train: Loss=0.0000 Acc=100.0% | Test: Acc=73.2% | Best=73.2%(@9360)
  from x2: 0.74 0.73 0.73 0.73 0.73 0.73 0.73 0.73 0.73 0.73 0.73 0.73 0.73 0.73
  per-rule acc: 0.94 0.70 0.55
Epoch 9380 | Train: Loss=0.0000 Acc=100.0% | Test: Acc=73.2% | Best=73.2%(@9380)
  from x2: 0.74 0.73 0.73 0.73 0.73 0.73 0.73 0.73 0.73 0.73 0.73 0.73 0.73 0.73
  per-rule acc: 0.94 0.70 0.55
Epoch 9400 | Train: Loss=0.0000 Acc=100.0% | Test: Acc=73.2% | Best=73.2%(@9400)
  from x2: 0.74 0.73 0.73 0.73 0.73 0.73 0.73 0.73 0.73 0.73 0.73 0.73 0.73 0.73
  per-rule acc: 0.94 0.70 0.55
Epoch 9420 | Train: Loss=0.0000 Acc=100.0% | Test: Acc=73.2% | Best=73.2%(@9420)
  from x2: 0.74 0.73 0.73 0.73 0.73 0.73 0.73 0.73 0.73 0.73 0.73 0.73 0.73 0.73
  per-rule acc: 0.94 0.70 0.55
Epoch 9440 | Train: Loss=0.0000 Acc=100.0% | Test: Acc=73.3% | Best=73.3%(@9440)
  from x2: 0.74 0.73 0.73 0.73 0.73 0.73 0.73 0.73 0.73 0.73 0.73 0.73 0.73 0.73
  per-rule acc: 0.94 0.70 0.55
Epoch 9460 | Train: Loss=0.0000 Acc=100.0% | Test: Acc=73.3% | Best=73.3%(@9460)
  from x2: 0.74 0.73 0.73 0.73 0.73 0.73 0.73 0.73 0.73 0.73 0.73 0.73 0.73 0.73
  per-rule acc: 0.94 0.70 0.55
Epoch 9480 | Train: Loss=0.0000 Acc=100.0% | Test: Acc=73.3% | Best=73.3%(@9480)
  from x2: 0.74 0.73 0.73 0.73 0.73 0.73 0.73 0.73 0.73 0.73 0.73 0.73 0.73 0.73
  per-rule acc: 0.94 0.70 0.55
Epoch 9500 | Train: Loss=0.0000 Acc=100.0% | Test: Acc=73.3% | Best=73.3%(@9500)
  from x2: 0.74 0.73 0.73 0.73 0.74 0.73 0.73 0.73 0.73 0.73 0.73 0.73 0.73 0.73
  per-rule acc: 0.94 0.70 0.55
Epoch 9520 | Train: Loss=0.0000 Acc=100.0% | Test: Acc=73.3% | Best=73.3%(@9520)
  from x2: 0.75 0.73 0.73 0.73 0.74 0.73 0.73 0.73 0.73 0.73 0.73 0.73 0.73 0.73
  per-rule acc: 0.94 0.70 0.55
Epoch 9540 | Train: Loss=0.0000 Acc=100.0% | Test: Acc=73.3% | Best=73.3%(@9540)
  from x2: 0.75 0.73 0.73 0.74 0.74 0.73 0.73 0.73 0.73 0.73 0.73 0.73 0.73 0.73
  per-rule acc: 0.95 0.70 0.55
Epoch 9560 | Train: Loss=0.0000 Acc=100.0% | Test: Acc=73.3% | Best=73.3%(@9540)
  from x2: 0.74 0.73 0.73 0.74 0.73 0.73 0.73 0.73 0.73 0.73 0.73 0.73 0.73 0.73
  per-rule acc: 0.95 0.70 0.55
Epoch 9580 | Train: Loss=0.0000 Acc=100.0% | Test: Acc=73.3% | Best=73.3%(@9540)
  from x2: 0.75 0.73 0.73 0.74 0.73 0.73 0.73 0.73 0.73 0.73 0.73 0.73 0.73 0.73
  per-rule acc: 0.95 0.70 0.55
Epoch 9600 | Train: Loss=0.0000 Acc=100.0% | Test: Acc=73.3% | Best=73.3%(@9600)
  from x2: 0.75 0.73 0.73 0.74 0.74 0.73 0.73 0.73 0.73 0.73 0.73 0.73 0.73 0.73
  per-rule acc: 0.95 0.70 0.55
Epoch 9620 | Train: Loss=0.0000 Acc=100.0% | Test: Acc=73.3% | Best=73.3%(@9620)
  from x2: 0.75 0.73 0.73 0.74 0.74 0.73 0.73 0.73 0.73 0.73 0.73 0.73 0.73 0.73
  per-rule acc: 0.95 0.70 0.55
Epoch 9640 | Train: Loss=0.0000 Acc=100.0% | Test: Acc=73.4% | Best=73.4%(@9640)
  from x2: 0.75 0.73 0.73 0.74 0.74 0.73 0.73 0.73 0.73 0.73 0.73 0.73 0.73 0.73
  per-rule acc: 0.95 0.70 0.55
Epoch 9660 | Train: Loss=0.0000 Acc=100.0% | Test: Acc=73.4% | Best=73.4%(@9660)
  from x2: 0.75 0.73 0.73 0.74 0.74 0.73 0.73 0.73 0.73 0.73 0.73 0.73 0.73 0.73
  per-rule acc: 0.95 0.70 0.55
Epoch 9680 | Train: Loss=0.0000 Acc=100.0% | Test: Acc=73.4% | Best=73.4%(@9680)
  from x2: 0.75 0.73 0.73 0.74 0.74 0.73 0.73 0.73 0.73 0.73 0.73 0.73 0.73 0.73
  per-rule acc: 0.95 0.70 0.55
Epoch 9700 | Train: Loss=0.0000 Acc=100.0% | Test: Acc=73.4% | Best=73.4%(@9700)
  from x2: 0.75 0.73 0.73 0.74 0.74 0.73 0.73 0.73 0.73 0.73 0.73 0.73 0.73 0.73
  per-rule acc: 0.95 0.70 0.55
Epoch 9720 | Train: Loss=0.0000 Acc=100.0% | Test: Acc=73.4% | Best=73.4%(@9720)
  from x2: 0.75 0.73 0.73 0.74 0.74 0.73 0.73 0.73 0.73 0.73 0.73 0.73 0.73 0.73
  per-rule acc: 0.95 0.70 0.55
Epoch 9740 | Train: Loss=0.0000 Acc=100.0% | Test: Acc=73.4% | Best=73.4%(@9720)
  from x2: 0.75 0.73 0.73 0.74 0.74 0.73 0.73 0.73 0.73 0.73 0.73 0.73 0.73 0.73
  per-rule acc: 0.95 0.70 0.55
Epoch 9760 | Train: Loss=0.0000 Acc=100.0% | Test: Acc=73.4% | Best=73.4%(@9760)
  from x2: 0.75 0.73 0.73 0.74 0.74 0.73 0.73 0.73 0.73 0.73 0.73 0.73 0.73 0.73
  per-rule acc: 0.95 0.70 0.55
Epoch 9780 | Train: Loss=0.0000 Acc=100.0% | Test: Acc=73.4% | Best=73.4%(@9780)
  from x2: 0.75 0.73 0.73 0.74 0.74 0.73 0.73 0.73 0.73 0.73 0.73 0.73 0.73 0.73
  per-rule acc: 0.95 0.70 0.55
Epoch 9800 | Train: Loss=0.0000 Acc=100.0% | Test: Acc=73.4% | Best=73.4%(@9800)
  from x2: 0.75 0.73 0.73 0.74 0.74 0.73 0.73 0.73 0.73 0.73 0.73 0.73 0.73 0.73
  per-rule acc: 0.95 0.70 0.55
Epoch 9820 | Train: Loss=0.0000 Acc=100.0% | Test: Acc=73.4% | Best=73.4%(@9820)
  from x2: 0.75 0.74 0.73 0.74 0.74 0.73 0.73 0.73 0.73 0.73 0.73 0.73 0.73 0.73
  per-rule acc: 0.95 0.70 0.55
Epoch 9840 | Train: Loss=0.0000 Acc=100.0% | Test: Acc=73.4% | Best=73.4%(@9820)
  from x2: 0.75 0.74 0.73 0.74 0.74 0.73 0.73 0.73 0.73 0.73 0.73 0.73 0.73 0.73
  per-rule acc: 0.95 0.70 0.55
Epoch 9860 | Train: Loss=0.0000 Acc=100.0% | Test: Acc=73.4% | Best=73.4%(@9860)
  from x2: 0.75 0.74 0.73 0.74 0.74 0.73 0.73 0.73 0.73 0.73 0.73 0.73 0.73 0.73
  per-rule acc: 0.95 0.70 0.55
Epoch 9880 | Train: Loss=0.0000 Acc=100.0% | Test: Acc=73.4% | Best=73.4%(@9880)
  from x2: 0.75 0.74 0.73 0.74 0.74 0.73 0.73 0.73 0.73 0.73 0.73 0.73 0.73 0.73
  per-rule acc: 0.95 0.70 0.55
Epoch 9900 | Train: Loss=0.0000 Acc=100.0% | Test: Acc=73.4% | Best=73.4%(@9880)
  from x2: 0.75 0.74 0.73 0.74 0.74 0.73 0.73 0.73 0.73 0.73 0.73 0.73 0.73 0.73
  per-rule acc: 0.95 0.70 0.55
Epoch 9920 | Train: Loss=0.0000 Acc=100.0% | Test: Acc=73.4% | Best=73.4%(@9880)
  from x2: 0.75 0.74 0.73 0.74 0.74 0.73 0.73 0.73 0.73 0.73 0.73 0.73 0.73 0.73
  per-rule acc: 0.95 0.70 0.55
Epoch 9940 | Train: Loss=0.0000 Acc=100.0% | Test: Acc=73.4% | Best=73.4%(@9880)
  from x2: 0.75 0.74 0.73 0.74 0.74 0.73 0.73 0.73 0.73 0.73 0.73 0.73 0.73 0.73
  per-rule acc: 0.95 0.70 0.55
Epoch 9960 | Train: Loss=0.0000 Acc=100.0% | Test: Acc=73.4% | Best=73.4%(@9880)
  from x2: 0.75 0.73 0.73 0.74 0.74 0.73 0.73 0.73 0.73 0.73 0.73 0.73 0.73 0.73
  per-rule acc: 0.95 0.70 0.55
Epoch 9980 | Train: Loss=0.0000 Acc=100.0% | Test: Acc=73.4% | Best=73.4%(@9880)
  from x2: 0.75 0.73 0.73 0.74 0.74 0.73 0.73 0.73 0.73 0.73 0.73 0.73 0.73 0.73
  per-rule acc: 0.95 0.70 0.55
Epoch 9999 | Train: Loss=0.0000 Acc=100.0% | Test: Acc=73.4% | Best=73.4%(@9880)
  from x2: 0.75 0.73 0.73 0.74 0.74 0.73 0.73 0.73 0.73 0.73 0.73 0.73 0.73 0.73
  per-rule acc: 0.95 0.70 0.55

==================================================
Saving model...
[OK] Model saved to: /home/cxm/ai/test0627-multitask-overlap/models/mixed_label_d256l1_r8_n3_e50.pth
  File size: 5342.8 KB
  Best test accuracy: 73.40%

==================================================
Final generation test (given first two items, AB generates 3rd as prompt, validate from 4th)
==================================================

--- AB pair 1: (1, 1) ---

--- Statistics for AB=(1,1) ---
Exposed    samples:  1404 | In-dist: 18252/18252 (100.0%) | OOD: 12930/22464 ( 57.6%)
Unexposed  samples:  1405 | In-dist: 17535/18265 ( 96.0%) | OOD: 12189/22480 ( 54.2%)

--- AB pair 2: (1, 2) ---

--- Statistics for AB=(1,2) ---
Exposed    samples:  1404 | In-dist: 18252/18252 (100.0%) | OOD: 15065/22464 ( 67.1%)
Unexposed  samples:  1405 | In-dist: 16025/18265 ( 87.7%) | OOD: 14804/22480 ( 65.9%)

--- AB pair 3: (1, 3) ---

--- Statistics for AB=(1,3) ---
Exposed    samples:  1404 | In-dist: 18252/18252 (100.0%) | OOD: 17230/22464 ( 76.7%)
Unexposed  samples:  1405 | In-dist: 15506/18265 ( 84.9%) | OOD: 17109/22480 ( 76.1%)

--- Return code: 0 ---

======================================================================
Attention Analysis
======================================================================
Model config: addition (default), p=53
Best test accuracy: 0.7339772919844094
Training epochs: 9999

Random test sequence 1/5 (length 32): [13, 42, 2, 44, 46, 37, 30, 14, 44, 5, 49, 1, 50, 51, 48, 46, 41, 34, 22, 3]...

======================================================================
Attention Layer Training Result Summary
======================================================================
Input sequence: [13, 42, 2, 44, 46, 37, 30, 14, 44, 5, 49, 1, 50, 51, 48, 46, 41, 34, 22, 3, 25, 28, 0, 28, 28, 3, 31, 34, 12, 46, 5, 51]

--- Layer 0 ---
  Head 0: Entropy=0.498
    Attention coefficients from each query position to previous positions:
      i= 0 -> j=0:1.000
      i= 1 -> j=0:0.055, j=1:0.945
      i= 2 -> j=0:0.004, j=1:0.065, j=2:0.932
      i= 3 -> j=0:0.001, j=1:0.004, j=2:0.055, j=3:0.941
      i= 4 -> j=0:0.000, j=1:0.001, j=2:0.004, j=3:0.058, j=4:0.937
      i= 5 -> j=0:0.000, j=1:0.000, j=2:0.001, j=3:0.003, j=4:0.058, j=5:0.938
      i= 6 -> j=0:0.001, j=1:0.000, j=2:0.000, j=3:0.000, j=4:0.003, j=5:0.057, j=6:0.938
      i= 7 -> j=0:0.001, j=1:0.001, j=2:0.000, j=3:0.000, j=4:0.001, j=5:0.003, j=6:0.054, j=7:0.940
      i= 8 -> j=0:0.000, j=1:0.001, j=2:0.001, j=3:0.000, j=4:0.000, j=5:0.001, j=6:0.003, j=7:0.055, j=8:0.939
      i= 9 -> j=0:0.000, j=1:0.000, j=2:0.001, j=3:0.001, j=4:0.000, j=5:0.000, j=6:0.001, j=7:0.003, j=8:0.059, j=9:0.934
      i=10 -> j=0:0.000, j=1:0.000, j=2:0.000, j=3:0.001, j=4:0.001, j=5:0.000, j=6:0.000, j=7:0.001, j=8:0.003, j=9:0.058, j=10:0.935
      i=11 -> j=0:0.000, j=1:0.000, j=2:0.000, j=3:0.000, j=4:0.001, j=5:0.001, j=6:0.000, j=7:0.000, j=8:0.000, j=9:0.003, j=10:0.059, j=11:0.933
      i=12 -> j=0:0.000, j=1:0.000, j=2:0.000, j=3:0.000, j=4:0.000, j=5:0.001, j=6:0.001, j=7:0.000, j=8:0.000, j=9:0.001, j=10:0.003, j=11:0.057, j=12:0.936
      i=13 -> j=0:0.001, j=1:0.001, j=2:0.000, j=3:0.000, j=4:0.000, j=5:0.001, j=6:0.001, j=7:0.001, j=8:0.000, j=9:0.000, j=10:0.001, j=11:0.004, j=12:0.060, j=13:0.931
      i=14 -> j=0:0.001, j=1:0.001, j=2:0.000, j=3:0.000, j=4:0.000, j=5:0.000, j=6:0.000, j=7:0.001, j=8:0.000, j=9:0.000, j=10:0.000, j=11:0.001, j=12:0.003, j=13:0.056, j=14:0.935
      i=15 -> j=0:0.001, j=1:0.001, j=2:0.001, j=3:0.000, j=4:0.000, j=5:0.000, j=6:0.000, j=7:0.000, j=8:0.001, j=9:0.001, j=10:0.000, j=11:0.000, j=12:0.001, j=13:0.003, j=14:0.057, j=15:0.933
      i=16 -> j=0:0.001, j=1:0.001, j=2:0.001, j=3:0.001, j=4:0.001, j=5:0.000, j=6:0.000, j=7:0.000, j=8:0.000, j=9:0.001, j=10:0.001, j=11:0.000, j=12:0.000, j=13:0.001, j=14:0.003, j=15:0.058, j=16:0.931
      i=17 -> j=0:0.003, j=1:0.002, j=2:0.001, j=3:0.001, j=4:0.001, j=5:0.001, j=6:0.000, j=7:0.000, j=8:0.000, j=9:0.000, j=10:0.001, j=11:0.001, j=12:0.000, j=13:0.000, j=14:0.001, j=15:0.003, j=16:0.056, j=17:0.930
      i=18 -> j=0:0.006, j=1:0.004, j=2:0.002, j=3:0.001, j=4:0.001, j=5:0.001, j=6:0.001, j=7:0.000, j=8:0.000, j=9:0.000, j=10:0.001, j=11:0.001, j=12:0.001, j=13:0.000, j=14:0.000, j=15:0.001, j=16:0.004, j=17:0.061, j=18:0.916
      i=19 -> j=0:0.007, j=1:0.006, j=2:0.003, j=3:0.001, j=4:0.001, j=5:0.001, j=6:0.001, j=7:0.000, j=8:0.000, j=9:0.000, j=10:0.000, j=11:0.000, j=12:0.001, j=13:0.001, j=14:0.000, j=15:0.000, j=16:0.001, j=17:0.004, j=18:0.055, j=19:0.918
      i=20 -> j=0:0.007, j=1:0.008, j=2:0.005, j=3:0.002, j=4:0.002, j=5:0.001, j=6:0.001, j=7:0.001, j=8:0.000, j=9:0.000, j=10:0.000, j=11:0.000, j=12:0.000, j=13:0.001, j=14:0.001, j=15:0.000, j=16:0.000, j=17:0.001, j=18:0.003, j=19:0.056, j=20:0.910
      i=21 -> j=0:0.007, j=1:0.008, j=2:0.007, j=3:0.005, j=4:0.003, j=5:0.001, j=6:0.001, j=7:0.001, j=8:0.000, j=9:0.000, j=10:0.000, j=11:0.000, j=12:0.000, j=13:0.000, j=14:0.001, j=15:0.001, j=16:0.000, j=17:0.000, j=18:0.001, j=19:0.003, j=20:0.053, j=21:0.907
      i=22 -> j=0:0.027, j=1:0.021, j=2:0.022, j=3:0.020, j=4:0.015, j=5:0.010, j=6:0.004, j=7:0.002, j=8:0.002, j=9:0.002, j=10:0.001, j=11:0.001, j=12:0.001, j=13:0.001, j=14:0.001, j=15:0.001, j=16:0.002, j=17:0.001, j=18:0.001, j=19:0.001, j=20:0.005, j=21:0.052, j=22:0.807
      i=23 -> j=0:0.010, j=1:0.008, j=2:0.006, j=3:0.006, j=4:0.007, j=5:0.005, j=6:0.002, j=7:0.001, j=8:0.001, j=9:0.001, j=10:0.000, j=11:0.000, j=12:0.000, j=13:0.000, j=14:0.000, j=15:0.000, j=16:0.001, j=17:0.001, j=18:0.000, j=19:0.000, j=20:0.000, j=21:0.003, j=22:0.155, j=23:0.792
      i=24 -> j=0:0.016, j=1:0.012, j=2:0.008, j=3:0.007, j=4:0.008, j=5:0.007, j=6:0.005, j=7:0.003, j=8:0.001, j=9:0.001, j=10:0.001, j=11:0.001, j=12:0.000, j=13:0.000, j=14:0.000, j=15:0.000, j=16:0.000, j=17:0.001, j=18:0.001, j=19:0.000, j=20:0.000, j=21:0.000, j=22:0.011, j=23:0.053, j=24:0.865
      i=25 -> j=0:0.020, j=1:0.018, j=2:0.012, j=3:0.008, j=4:0.008, j=5:0.008, j=6:0.007, j=7:0.005, j=8:0.002, j=9:0.001, j=10:0.001, j=11:0.001, j=12:0.001, j=13:0.000, j=14:0.000, j=15:0.000, j=16:0.000, j=17:0.000, j=18:0.001, j=19:0.001, j=20:0.000, j=21:0.000, j=22:0.001, j=23:0.003, j=24:0.054, j=25:0.847
      i=26 -> j=0:0.020, j=1:0.021, j=2:0.016, j=3:0.011, j=4:0.009, j=5:0.007, j=6:0.007, j=7:0.007, j=8:0.004, j=9:0.002, j=10:0.001, j=11:0.001, j=12:0.001, j=13:0.001, j=14:0.000, j=15:0.000, j=16:0.000, j=17:0.000, j=18:0.000, j=19:0.001, j=20:0.001, j=21:0.000, j=22:0.001, j=23:0.000, j=24:0.003, j=25:0.051, j=26:0.833
      i=27 -> j=0:0.017, j=1:0.021, j=2:0.020, j=3:0.016, j=4:0.012, j=5:0.008, j=6:0.006, j=7:0.007, j=8:0.006, j=9:0.005, j=10:0.002, j=11:0.001, j=12:0.001, j=13:0.001, j=14:0.001, j=15:0.000, j=16:0.000, j=17:0.000, j=18:0.000, j=19:0.000, j=20:0.001, j=21:0.000, j=22:0.001, j=23:0.000, j=24:0.000, j=25:0.003, j=26:0.051, j=27:0.819
      i=28 -> j=0:0.019, j=1:0.020, j=2:0.021, j=3:0.022, j=4:0.019, j=5:0.013, j=6:0.008, j=7:0.008, j=8:0.007, j=9:0.007, j=10:0.005, j=11:0.003, j=12:0.001, j=13:0.001, j=14:0.001, j=15:0.001, j=16:0.000, j=17:0.000, j=18:0.000, j=19:0.000, j=20:0.000, j=21:0.001, j=22:0.001, j=23:0.000, j=24:0.000, j=25:0.000, j=26:0.003, j=27:0.050, j=28:0.789
      i=29 -> j=0:0.021, j=1:0.018, j=2:0.017, j=3:0.020, j=4:0.021, j=5:0.016, j=6:0.011, j=7:0.008, j=8:0.007, j=9:0.007, j=10:0.006, j=11:0.005, j=12:0.003, j=13:0.001, j=14:0.001, j=15:0.001, j=16:0.001, j=17:0.000, j=18:0.000, j=19:0.000, j=20:0.000, j=21:0.000, j=22:0.001, j=23:0.000, j=24:0.000, j=25:0.000, j=26:0.000, j=27:0.003, j=28:0.048, j=29:0.783
      i=30 -> j=0:0.029, j=1:0.023, j=2:0.018, j=3:0.019, j=4:0.022, j=5:0.022, j=6:0.017, j=7:0.012, j=8:0.009, j=9:0.007, j=10:0.007, j=11:0.007, j=12:0.006, j=13:0.003, j=14:0.001, j=15:0.001, j=16:0.001, j=17:0.001, j=18:0.000, j=19:0.000, j=20:0.000, j=21:0.000, j=22:0.001, j=23:0.001, j=24:0.001, j=25:0.000, j=26:0.000, j=27:0.000, j=28:0.003, j=29:0.047, j=30:0.740
      i=31 -> j=0:0.031, j=1:0.028, j=2:0.021, j=3:0.018, j=4:0.018, j=5:0.019, j=6:0.019, j=7:0.016, j=8:0.011, j=9:0.008, j=10:0.007, j=11:0.007, j=12:0.007, j=13:0.005, j=14:0.003, j=15:0.001, j=16:0.001, j=17:0.001, j=18:0.001, j=19:0.000, j=20:0.000, j=21:0.000, j=22:0.000, j=23:0.000, j=24:0.000, j=25:0.001, j=26:0.000, j=27:0.000, j=28:0.000, j=29:0.003, j=30:0.045, j=31:0.729
    Average attention per distance:
      d=0:0.893, d=1:0.058, d=22:0.010, d=23:0.011, d=24:0.017, d=25:0.021, d=26:0.020, d=27:0.018
      d=28:0.018, d=29:0.022, d=30:0.028, d=31:0.031


======================================================================
QK Property Verification (Raw Scores, before Softmax)
======================================================================
Recurrence order init_len=2, num test sequences=1

--- [P1] Long-distance Orthogonality Verification ---
Ideal: raw_score mean ≈ 0 and small std when d > init_len

  Layer 0, Head 0:
    d= 1 (effective): mean=  0.431, std= 0.251, n=31
    d= 2 (effective): mean= -2.368, std= 0.236, n=30
    d>2 (long-distance): mean= -3.493, std= 1.435, n=435

--- [P2] Time-homogeneous Verification ---
Ideal: CV of raw_score across positions i ≈ 0 for fixed distance d
(CV = std / |mean|, smaller = more constant)

  Layer 0, Head 0:
    d= 1: mean=  0.431, std= 0.251, CV=0.582, n=31
    d= 2: mean= -2.368, std= 0.236, CV=0.100, n=30

======================================================================
QK Property Verification Completed
======================================================================
