=== Experiment: mixed_cond_d128l1_r8_e70_40 ===
Time: 2026-06-26T01:36:58.226613
Task type: mixed_ab
Merged config: {
  "P": 53,
  "TASK": "mixed_ab",
  "NUM_MASK": 0,
  "A": 1,
  "B": 1,
  "AB_PAIRS": [
    [
      1,
      1
    ],
    [
      1,
      2
    ]
  ],
  "D_MODEL": 128,
  "N_HEAD": 1,
  "N_LAYER": 1,
  "BATCH_SIZE": 128,
  "EPOCHS": 10000,
  "LR": 0.0003,
  "SAVE_PATH": "models/mixed_cond_d128l1_r8_e70_40.pth",
  "USE_GREEDY_GENERATE": true,
  "USE_LEARNABLE_PE": false,
  "MLP_RATIO": 8,
  "TRAIN_LEN": 16,
  "OOD_LEN": 32,
  "DROPOUT": 0.0,
  "TARGET_INIT_COVERAGE": 0.5,
  "MAX_UNIQUE_RATIO": 0.5,
  "WEIGHT_DECAY": 1,
  "ENTROPY_PENALTY_WEIGHT": 0.0,
  "FIRST_TASK_WEIGHT": 1.0,
  "RANDOM_SEED": 42,
  "EVAL_INTERVAL": 20,
  "EARLY_STOP_NO_IMPROVE": 1000,
  "EARLY_STOP_ACCURACY": 0.99,
  "SKIP_FINAL_GENERATION_TEST": true,
  "USE_AB_TAG": false,
  "USE_CONDITIONAL_WTE": true,
  "COND_WTE_SHARED_RATIO": 0.0,
  "MIXED_AB_MAX_UNIQUE_RATIOS": [
    0.7,
    0.4
  ]
}
--- output ---
Using device: cuda

[Dataset] Mixed mode: generated 3198 + 2420 samples, length 16
AB parameter pairs: [(1, 1), (1, 2)]
  - AB=(1,1): train 2052 | test 757 | exposed ~73.1%
  - AB=(1,2): train 1146 | test 1663 | exposed ~40.8%
--------------------------------------------------
[Model config] block_size: 32, train length: 16
[Number theory] AB parameter pairs: [(1, 1), (1, 2)]


Model parameters: 0.36M

Start training...
Epoch   0 | Train: Loss=4.2001 Acc=3.0% | Test: Acc=0.1% | Best=0.1%(@0)
  from x3: 0.00 0.00 0.00 0.00 0.00 0.00 0.00 0.00 0.00 0.00 0.00 0.00 0.00
  per-rule acc: 0.00 0.00
Epoch  20 | Train: Loss=0.9000 Acc=95.8% | Test: Acc=0.3% | Best=0.3%(@20)
  from x3: 0.01 0.01 0.00 0.00 0.00 0.00 0.00 0.00 0.00 0.00 0.00 0.00 0.00
  per-rule acc: 0.01 0.00
Epoch  40 | Train: Loss=0.1862 Acc=98.3% | Test: Acc=0.8% | Best=0.8%(@40)
  from x3: 0.01 0.01 0.01 0.01 0.01 0.01 0.01 0.01 0.01 0.01 0.01 0.01 0.01
  per-rule acc: 0.01 0.01
Epoch  60 | Train: Loss=0.1079 Acc=98.5% | Test: Acc=0.9% | Best=0.9%(@60)
  from x3: 0.01 0.01 0.01 0.01 0.01 0.01 0.01 0.01 0.01 0.01 0.01 0.01 0.01
  per-rule acc: 0.02 0.01
Epoch  80 | Train: Loss=0.0796 Acc=98.8% | Test: Acc=1.2% | Best=1.2%(@80)
  from x3: 0.01 0.01 0.01 0.01 0.01 0.01 0.01 0.01 0.01 0.01 0.01 0.01 0.01
  per-rule acc: 0.02 0.01
Epoch 100 | Train: Loss=0.0623 Acc=99.1% | Test: Acc=1.4% | Best=1.4%(@100)
  from x3: 0.02 0.01 0.01 0.01 0.01 0.01 0.01 0.01 0.01 0.01 0.01 0.01 0.01
  per-rule acc: 0.02 0.01
Epoch 120 | Train: Loss=0.0508 Acc=99.4% | Test: Acc=1.4% | Best=1.4%(@120)
  from x3: 0.02 0.02 0.01 0.01 0.01 0.01 0.01 0.01 0.01 0.01 0.01 0.01 0.01
  per-rule acc: 0.02 0.01
Epoch 140 | Train: Loss=0.0427 Acc=99.5% | Test: Acc=1.4% | Best=1.4%(@120)
  from x3: 0.02 0.02 0.01 0.01 0.01 0.01 0.01 0.01 0.01 0.01 0.01 0.01 0.01
  per-rule acc: 0.02 0.01
Epoch 160 | Train: Loss=0.0378 Acc=99.7% | Test: Acc=1.6% | Best=1.6%(@160)
  from x3: 0.02 0.02 0.02 0.02 0.02 0.02 0.02 0.02 0.02 0.02 0.02 0.02 0.02
  per-rule acc: 0.02 0.01
Epoch 180 | Train: Loss=0.0327 Acc=99.8% | Test: Acc=1.7% | Best=1.7%(@180)
  from x3: 0.02 0.02 0.02 0.02 0.02 0.02 0.02 0.02 0.02 0.02 0.02 0.02 0.02
  per-rule acc: 0.02 0.01
Epoch 200 | Train: Loss=0.0294 Acc=99.9% | Test: Acc=1.9% | Best=1.9%(@200)
  from x3: 0.02 0.02 0.02 0.02 0.02 0.02 0.02 0.02 0.02 0.02 0.02 0.02 0.02
  per-rule acc: 0.02 0.02
Epoch 220 | Train: Loss=0.0257 Acc=99.9% | Test: Acc=1.9% | Best=1.9%(@220)
  from x3: 0.02 0.02 0.02 0.02 0.02 0.02 0.02 0.02 0.02 0.02 0.02 0.02 0.02
  per-rule acc: 0.02 0.02
Epoch 240 | Train: Loss=0.0304 Acc=99.8% | Test: Acc=1.9% | Best=1.9%(@240)
  from x3: 0.02 0.02 0.02 0.02 0.02 0.02 0.02 0.02 0.02 0.02 0.02 0.02 0.02
  per-rule acc: 0.02 0.02
Epoch 260 | Train: Loss=0.0204 Acc=99.9% | Test: Acc=2.2% | Best=2.2%(@260)
  from x3: 0.02 0.02 0.02 0.02 0.02 0.02 0.02 0.02 0.02 0.02 0.02 0.02 0.02
  per-rule acc: 0.03 0.02
Epoch 280 | Train: Loss=0.0445 Acc=99.9% | Test: Acc=2.2% | Best=2.2%(@260)
  from x3: 0.02 0.02 0.02 0.02 0.02 0.02 0.02 0.02 0.02 0.02 0.02 0.02 0.02
  per-rule acc: 0.03 0.02
Epoch 300 | Train: Loss=0.0215 Acc=99.9% | Test: Acc=2.3% | Best=2.3%(@300)
  from x3: 0.02 0.02 0.02 0.02 0.02 0.02 0.02 0.02 0.02 0.02 0.02 0.02 0.02
  per-rule acc: 0.03 0.02
Epoch 320 | Train: Loss=0.0258 Acc=99.9% | Test: Acc=2.3% | Best=2.3%(@320)
  from x3: 0.02 0.02 0.02 0.02 0.02 0.02 0.02 0.02 0.02 0.02 0.02 0.02 0.02
  per-rule acc: 0.03 0.02
Epoch 340 | Train: Loss=0.0231 Acc=99.9% | Test: Acc=2.5% | Best=2.5%(@340)
  from x3: 0.02 0.03 0.02 0.02 0.02 0.02 0.02 0.02 0.02 0.02 0.02 0.02 0.02
  per-rule acc: 0.03 0.02
Epoch 360 | Train: Loss=0.0194 Acc=100.0% | Test: Acc=2.5% | Best=2.5%(@360)
  from x3: 0.02 0.03 0.02 0.02 0.02 0.02 0.02 0.02 0.02 0.02 0.02 0.02 0.02
  per-rule acc: 0.03 0.02
Epoch 380 | Train: Loss=0.0220 Acc=99.9% | Test: Acc=2.6% | Best=2.6%(@380)
  from x3: 0.03 0.03 0.03 0.03 0.03 0.03 0.03 0.03 0.03 0.03 0.03 0.03 0.03
  per-rule acc: 0.04 0.02
Epoch 400 | Train: Loss=0.0205 Acc=99.9% | Test: Acc=3.1% | Best=3.1%(@400)
  from x3: 0.03 0.03 0.03 0.03 0.03 0.03 0.03 0.03 0.03 0.03 0.03 0.03 0.03
  per-rule acc: 0.05 0.02
Epoch 420 | Train: Loss=0.0205 Acc=99.9% | Test: Acc=3.3% | Best=3.3%(@420)
  from x3: 0.03 0.03 0.03 0.03 0.03 0.03 0.03 0.03 0.03 0.03 0.03 0.03 0.03
  per-rule acc: 0.06 0.02
Epoch 440 | Train: Loss=0.0226 Acc=99.9% | Test: Acc=3.6% | Best=3.6%(@440)
  from x3: 0.04 0.04 0.04 0.04 0.04 0.04 0.04 0.04 0.04 0.04 0.04 0.04 0.04
  per-rule acc: 0.07 0.02
Epoch 460 | Train: Loss=0.0178 Acc=99.9% | Test: Acc=3.5% | Best=3.6%(@440)
  from x3: 0.04 0.04 0.04 0.03 0.03 0.03 0.03 0.04 0.03 0.03 0.03 0.04 0.04
  per-rule acc: 0.06 0.02
Epoch 480 | Train: Loss=0.0197 Acc=99.9% | Test: Acc=4.1% | Best=4.1%(@480)
  from x3: 0.04 0.04 0.04 0.04 0.04 0.04 0.04 0.04 0.04 0.04 0.04 0.04 0.04
  per-rule acc: 0.08 0.02
Epoch 500 | Train: Loss=0.0197 Acc=99.9% | Test: Acc=3.9% | Best=4.1%(@480)
  from x3: 0.04 0.04 0.04 0.04 0.04 0.04 0.04 0.04 0.04 0.04 0.04 0.04 0.04
  per-rule acc: 0.07 0.02
Epoch 520 | Train: Loss=0.0168 Acc=99.9% | Test: Acc=4.4% | Best=4.4%(@520)
  from x3: 0.05 0.04 0.04 0.04 0.04 0.04 0.04 0.04 0.04 0.04 0.04 0.04 0.04
  per-rule acc: 0.09 0.02
Epoch 540 | Train: Loss=0.0174 Acc=99.9% | Test: Acc=5.0% | Best=5.0%(@540)
  from x3: 0.05 0.05 0.05 0.05 0.05 0.05 0.05 0.05 0.05 0.05 0.05 0.05 0.05
  per-rule acc: 0.11 0.02
Epoch 560 | Train: Loss=0.0198 Acc=99.9% | Test: Acc=5.4% | Best=5.4%(@560)
  from x3: 0.05 0.06 0.05 0.05 0.05 0.05 0.05 0.05 0.05 0.05 0.05 0.05 0.05
  per-rule acc: 0.12 0.02
Epoch 580 | Train: Loss=0.0185 Acc=99.9% | Test: Acc=5.3% | Best=5.4%(@560)
  from x3: 0.06 0.06 0.05 0.05 0.05 0.05 0.05 0.05 0.05 0.05 0.05 0.05 0.05
  per-rule acc: 0.12 0.02
Epoch 600 | Train: Loss=0.0172 Acc=99.9% | Test: Acc=6.1% | Best=6.1%(@600)
  from x3: 0.06 0.06 0.06 0.06 0.06 0.06 0.06 0.06 0.06 0.06 0.06 0.06 0.06
  per-rule acc: 0.14 0.02
Epoch 620 | Train: Loss=0.0180 Acc=99.9% | Test: Acc=6.1% | Best=6.1%(@620)
  from x3: 0.06 0.06 0.06 0.06 0.06 0.06 0.06 0.06 0.06 0.06 0.06 0.06 0.06
  per-rule acc: 0.14 0.02
Epoch 640 | Train: Loss=0.0151 Acc=99.9% | Test: Acc=6.6% | Best=6.6%(@640)
  from x3: 0.07 0.07 0.07 0.07 0.07 0.07 0.07 0.07 0.07 0.07 0.07 0.07 0.07
  per-rule acc: 0.16 0.02
Epoch 660 | Train: Loss=0.0148 Acc=99.9% | Test: Acc=6.8% | Best=6.8%(@660)
  from x3: 0.07 0.07 0.07 0.07 0.07 0.07 0.07 0.07 0.07 0.07 0.07 0.07 0.07
  per-rule acc: 0.17 0.02
Epoch 680 | Train: Loss=0.0144 Acc=99.9% | Test: Acc=7.3% | Best=7.3%(@680)
  from x3: 0.08 0.07 0.07 0.07 0.07 0.07 0.07 0.07 0.07 0.07 0.07 0.07 0.07
  per-rule acc: 0.18 0.02
Epoch 700 | Train: Loss=0.0235 Acc=99.9% | Test: Acc=7.7% | Best=7.7%(@700)
  from x3: 0.08 0.08 0.08 0.08 0.08 0.08 0.08 0.08 0.08 0.08 0.08 0.08 0.08
  per-rule acc: 0.20 0.02
Epoch 720 | Train: Loss=0.0154 Acc=99.9% | Test: Acc=8.0% | Best=8.0%(@720)
  from x3: 0.08 0.08 0.08 0.08 0.08 0.08 0.08 0.08 0.08 0.08 0.08 0.08 0.08
  per-rule acc: 0.20 0.02
Epoch 740 | Train: Loss=0.0152 Acc=99.9% | Test: Acc=8.5% | Best=8.5%(@740)
  from x3: 0.09 0.08 0.08 0.08 0.08 0.08 0.08 0.08 0.08 0.09 0.08 0.08 0.08
  per-rule acc: 0.22 0.02
Epoch 760 | Train: Loss=0.0146 Acc=99.9% | Test: Acc=8.5% | Best=8.5%(@760)
  from x3: 0.09 0.08 0.08 0.08 0.08 0.08 0.08 0.09 0.09 0.09 0.09 0.09 0.09
  per-rule acc: 0.22 0.02
Epoch 780 | Train: Loss=0.0144 Acc=99.9% | Test: Acc=8.8% | Best=8.8%(@780)
  from x3: 0.09 0.09 0.09 0.09 0.09 0.09 0.09 0.09 0.09 0.09 0.09 0.09 0.09
  per-rule acc: 0.23 0.02
Epoch 800 | Train: Loss=0.0134 Acc=99.9% | Test: Acc=9.0% | Best=9.0%(@800)
  from x3: 0.09 0.09 0.09 0.09 0.09 0.09 0.09 0.09 0.09 0.09 0.09 0.09 0.09
  per-rule acc: 0.24 0.02
Epoch 820 | Train: Loss=0.0137 Acc=99.9% | Test: Acc=9.5% | Best=9.5%(@820)
  from x3: 0.09 0.10 0.10 0.09 0.09 0.09 0.09 0.09 0.09 0.09 0.09 0.09 0.09
  per-rule acc: 0.25 0.02
Epoch 840 | Train: Loss=0.0202 Acc=99.8% | Test: Acc=9.6% | Best=9.6%(@840)
  from x3: 0.10 0.10 0.10 0.10 0.10 0.10 0.10 0.10 0.10 0.10 0.10 0.10 0.10
  per-rule acc: 0.25 0.02
Epoch 860 | Train: Loss=0.0138 Acc=99.9% | Test: Acc=10.2% | Best=10.2%(@860)
  from x3: 0.10 0.10 0.10 0.10 0.10 0.10 0.10 0.10 0.10 0.10 0.10 0.10 0.10
  per-rule acc: 0.27 0.03
Epoch 880 | Train: Loss=0.0142 Acc=99.9% | Test: Acc=10.4% | Best=10.4%(@880)
  from x3: 0.11 0.10 0.10 0.10 0.10 0.10 0.10 0.10 0.10 0.10 0.10 0.10 0.10
  per-rule acc: 0.27 0.03
Epoch 900 | Train: Loss=0.0152 Acc=99.9% | Test: Acc=10.8% | Best=10.8%(@900)
  from x3: 0.11 0.11 0.11 0.11 0.11 0.11 0.11 0.11 0.11 0.11 0.11 0.11 0.11
  per-rule acc: 0.29 0.02
Epoch 920 | Train: Loss=0.0116 Acc=100.0% | Test: Acc=11.2% | Best=11.2%(@920)
  from x3: 0.11 0.11 0.11 0.11 0.11 0.11 0.11 0.11 0.11 0.11 0.11 0.11 0.11
  per-rule acc: 0.30 0.03
Epoch 940 | Train: Loss=0.0135 Acc=99.9% | Test: Acc=10.9% | Best=11.2%(@920)
  from x3: 0.11 0.11 0.11 0.11 0.11 0.11 0.11 0.11 0.11 0.11 0.11 0.11 0.11
  per-rule acc: 0.29 0.03
Epoch 960 | Train: Loss=0.0147 Acc=99.9% | Test: Acc=11.0% | Best=11.2%(@920)
  from x3: 0.11 0.11 0.11 0.11 0.11 0.11 0.11 0.11 0.11 0.11 0.11 0.11 0.11
  per-rule acc: 0.29 0.03
Epoch 980 | Train: Loss=0.0181 Acc=99.9% | Test: Acc=11.0% | Best=11.2%(@920)
  from x3: 0.11 0.11 0.11 0.11 0.11 0.11 0.11 0.11 0.11 0.11 0.11 0.11 0.11
  per-rule acc: 0.29 0.03
Epoch 1000 | Train: Loss=0.0327 Acc=100.0% | Test: Acc=11.4% | Best=11.4%(@1000)
  from x3: 0.11 0.12 0.11 0.11 0.11 0.11 0.11 0.11 0.11 0.11 0.11 0.11 0.11
  per-rule acc: 0.31 0.03
Epoch 1020 | Train: Loss=0.0179 Acc=99.9% | Test: Acc=11.8% | Best=11.8%(@1020)
  from x3: 0.11 0.12 0.12 0.12 0.12 0.12 0.12 0.12 0.12 0.12 0.12 0.12 0.12
  per-rule acc: 0.31 0.03
Epoch 1040 | Train: Loss=0.0120 Acc=100.0% | Test: Acc=12.2% | Best=12.2%(@1040)
  from x3: 0.12 0.12 0.12 0.12 0.12 0.12 0.12 0.12 0.12 0.12 0.12 0.12 0.12
  per-rule acc: 0.32 0.03
Epoch 1060 | Train: Loss=0.0170 Acc=99.9% | Test: Acc=11.7% | Best=12.2%(@1040)
  from x3: 0.12 0.12 0.12 0.12 0.12 0.12 0.12 0.12 0.12 0.12 0.12 0.12 0.12
  per-rule acc: 0.32 0.03
Epoch 1080 | Train: Loss=0.0100 Acc=100.0% | Test: Acc=12.0% | Best=12.2%(@1040)
  from x3: 0.12 0.12 0.12 0.12 0.12 0.12 0.12 0.12 0.12 0.12 0.12 0.12 0.12
  per-rule acc: 0.32 0.03
Epoch 1100 | Train: Loss=0.0113 Acc=99.9% | Test: Acc=12.7% | Best=12.7%(@1100)
  from x3: 0.13 0.13 0.13 0.13 0.13 0.13 0.13 0.13 0.13 0.13 0.13 0.13 0.13
  per-rule acc: 0.34 0.03
Epoch 1120 | Train: Loss=0.0128 Acc=99.9% | Test: Acc=12.6% | Best=12.7%(@1100)
  from x3: 0.13 0.13 0.13 0.13 0.13 0.13 0.13 0.13 0.13 0.13 0.13 0.13 0.13
  per-rule acc: 0.33 0.03
Epoch 1140 | Train: Loss=0.0110 Acc=100.0% | Test: Acc=13.0% | Best=13.0%(@1140)
  from x3: 0.13 0.13 0.13 0.13 0.13 0.13 0.13 0.13 0.13 0.13 0.13 0.13 0.13
  per-rule acc: 0.35 0.03
Epoch 1160 | Train: Loss=0.0119 Acc=100.0% | Test: Acc=12.5% | Best=13.0%(@1140)
  from x3: 0.12 0.13 0.12 0.12 0.12 0.12 0.12 0.13 0.13 0.12 0.12 0.12 0.13
  per-rule acc: 0.33 0.03
Epoch 1180 | Train: Loss=0.0122 Acc=100.0% | Test: Acc=13.0% | Best=13.0%(@1180)
  from x3: 0.13 0.13 0.13 0.13 0.13 0.13 0.13 0.13 0.13 0.13 0.13 0.13 0.13
  per-rule acc: 0.35 0.03
Epoch 1200 | Train: Loss=0.0114 Acc=99.9% | Test: Acc=13.2% | Best=13.2%(@1200)
  from x3: 0.13 0.13 0.13 0.13 0.13 0.13 0.13 0.13 0.13 0.13 0.13 0.13 0.13
  per-rule acc: 0.35 0.03
Epoch 1220 | Train: Loss=0.0146 Acc=99.9% | Test: Acc=13.1% | Best=13.2%(@1200)
  from x3: 0.13 0.13 0.13 0.13 0.13 0.13 0.13 0.13 0.13 0.13 0.13 0.13 0.13
  per-rule acc: 0.35 0.03
Epoch 1240 | Train: Loss=0.0097 Acc=100.0% | Test: Acc=13.2% | Best=13.2%(@1240)
  from x3: 0.13 0.13 0.13 0.13 0.13 0.13 0.13 0.13 0.13 0.13 0.13 0.13 0.13
  per-rule acc: 0.35 0.03
Epoch 1260 | Train: Loss=0.0086 Acc=100.0% | Test: Acc=13.9% | Best=13.9%(@1260)
  from x3: 0.13 0.14 0.14 0.14 0.14 0.14 0.14 0.14 0.14 0.14 0.14 0.14 0.14
  per-rule acc: 0.36 0.04
Epoch 1280 | Train: Loss=0.0125 Acc=99.9% | Test: Acc=13.5% | Best=13.9%(@1260)
  from x3: 0.13 0.13 0.13 0.13 0.13 0.14 0.13 0.14 0.13 0.13 0.13 0.13 0.13
  per-rule acc: 0.36 0.03
Epoch 1300 | Train: Loss=0.0106 Acc=99.9% | Test: Acc=13.8% | Best=13.9%(@1260)
  from x3: 0.13 0.14 0.14 0.14 0.14 0.14 0.14 0.14 0.14 0.14 0.14 0.14 0.14
  per-rule acc: 0.37 0.03
Epoch 1320 | Train: Loss=0.0113 Acc=99.9% | Test: Acc=13.8% | Best=13.9%(@1260)
  from x3: 0.14 0.14 0.14 0.14 0.14 0.14 0.14 0.14 0.14 0.14 0.14 0.14 0.14
  per-rule acc: 0.36 0.04
Epoch 1340 | Train: Loss=0.0189 Acc=99.9% | Test: Acc=13.9% | Best=13.9%(@1260)
  from x3: 0.14 0.14 0.14 0.14 0.14 0.14 0.14 0.14 0.14 0.14 0.14 0.14 0.14
  per-rule acc: 0.36 0.04
Epoch 1360 | Train: Loss=0.0126 Acc=99.9% | Test: Acc=13.6% | Best=13.9%(@1260)
  from x3: 0.14 0.14 0.14 0.14 0.14 0.14 0.14 0.14 0.14 0.14 0.14 0.14 0.14
  per-rule acc: 0.36 0.04
Epoch 1380 | Train: Loss=0.0091 Acc=100.0% | Test: Acc=14.3% | Best=14.3%(@1380)
  from x3: 0.14 0.14 0.14 0.14 0.14 0.14 0.14 0.14 0.14 0.14 0.14 0.14 0.14
  per-rule acc: 0.37 0.04
Epoch 1400 | Train: Loss=0.0113 Acc=100.0% | Test: Acc=13.9% | Best=14.3%(@1380)
  from x3: 0.14 0.14 0.14 0.14 0.14 0.14 0.14 0.14 0.14 0.14 0.14 0.14 0.14
  per-rule acc: 0.36 0.04
Epoch 1420 | Train: Loss=0.0101 Acc=100.0% | Test: Acc=15.2% | Best=15.2%(@1420)
  from x3: 0.15 0.15 0.15 0.15 0.15 0.15 0.15 0.15 0.15 0.15 0.15 0.15 0.15
  per-rule acc: 0.39 0.04
Epoch 1440 | Train: Loss=0.0099 Acc=100.0% | Test: Acc=14.5% | Best=15.2%(@1420)
  from x3: 0.15 0.15 0.14 0.14 0.14 0.14 0.14 0.14 0.15 0.15 0.15 0.15 0.15
  per-rule acc: 0.37 0.04
Epoch 1460 | Train: Loss=0.0121 Acc=99.9% | Test: Acc=14.7% | Best=15.2%(@1420)
  from x3: 0.15 0.15 0.15 0.15 0.15 0.15 0.15 0.15 0.15 0.15 0.15 0.15 0.15
  per-rule acc: 0.37 0.04
Epoch 1480 | Train: Loss=0.0093 Acc=99.9% | Test: Acc=15.5% | Best=15.5%(@1480)
  from x3: 0.16 0.16 0.16 0.16 0.16 0.16 0.16 0.16 0.15 0.15 0.15 0.15 0.15
  per-rule acc: 0.39 0.05
Epoch 1500 | Train: Loss=0.0121 Acc=99.9% | Test: Acc=15.4% | Best=15.5%(@1480)
  from x3: 0.15 0.15 0.15 0.15 0.15 0.15 0.15 0.15 0.15 0.15 0.15 0.15 0.15
  per-rule acc: 0.39 0.05
Epoch 1520 | Train: Loss=0.0114 Acc=99.9% | Test: Acc=15.8% | Best=15.8%(@1520)
  from x3: 0.16 0.16 0.16 0.16 0.16 0.16 0.16 0.16 0.16 0.16 0.16 0.16 0.16
  per-rule acc: 0.38 0.06
Epoch 1540 | Train: Loss=0.0081 Acc=100.0% | Test: Acc=16.1% | Best=16.1%(@1540)
  from x3: 0.16 0.16 0.16 0.16 0.16 0.16 0.16 0.16 0.16 0.16 0.16 0.16 0.16
  per-rule acc: 0.39 0.05
Epoch 1560 | Train: Loss=0.0113 Acc=99.9% | Test: Acc=16.3% | Best=16.3%(@1560)
  from x3: 0.16 0.16 0.16 0.16 0.16 0.16 0.16 0.16 0.16 0.16 0.17 0.16 0.16
  per-rule acc: 0.39 0.06
Epoch 1580 | Train: Loss=0.0121 Acc=99.9% | Test: Acc=16.5% | Best=16.5%(@1580)
  from x3: 0.16 0.16 0.17 0.17 0.17 0.17 0.17 0.17 0.17 0.17 0.17 0.17 0.17
  per-rule acc: 0.40 0.06
Epoch 1600 | Train: Loss=0.0137 Acc=99.9% | Test: Acc=17.1% | Best=17.1%(@1600)
  from x3: 0.17 0.17 0.17 0.17 0.17 0.17 0.17 0.17 0.17 0.17 0.17 0.17 0.17
  per-rule acc: 0.41 0.06
Epoch 1620 | Train: Loss=0.0158 Acc=99.9% | Test: Acc=16.8% | Best=17.1%(@1600)
  from x3: 0.17 0.17 0.17 0.17 0.17 0.17 0.17 0.17 0.17 0.17 0.17 0.17 0.17
  per-rule acc: 0.40 0.06
Epoch 1640 | Train: Loss=0.0146 Acc=99.9% | Test: Acc=16.7% | Best=17.1%(@1600)
  from x3: 0.17 0.17 0.17 0.17 0.17 0.17 0.17 0.17 0.17 0.17 0.17 0.17 0.17
  per-rule acc: 0.40 0.06
Epoch 1660 | Train: Loss=0.0085 Acc=100.0% | Test: Acc=18.1% | Best=18.1%(@1660)
  from x3: 0.18 0.18 0.18 0.18 0.18 0.18 0.18 0.18 0.18 0.18 0.18 0.18 0.18
  per-rule acc: 0.42 0.07
Epoch 1680 | Train: Loss=0.0089 Acc=100.0% | Test: Acc=18.7% | Best=18.7%(@1680)
  from x3: 0.19 0.18 0.19 0.19 0.19 0.19 0.19 0.19 0.19 0.19 0.19 0.19 0.19
  per-rule acc: 0.43 0.08
Epoch 1700 | Train: Loss=0.0155 Acc=99.9% | Test: Acc=17.7% | Best=18.7%(@1680)
  from x3: 0.18 0.18 0.18 0.18 0.18 0.18 0.18 0.18 0.18 0.18 0.18 0.18 0.18
  per-rule acc: 0.41 0.07
Epoch 1720 | Train: Loss=0.0094 Acc=100.0% | Test: Acc=19.4% | Best=19.4%(@1720)
  from x3: 0.19 0.19 0.20 0.19 0.19 0.19 0.19 0.19 0.19 0.19 0.19 0.19 0.19
  per-rule acc: 0.43 0.09
Epoch 1740 | Train: Loss=0.0080 Acc=100.0% | Test: Acc=20.5% | Best=20.5%(@1740)
  from x3: 0.21 0.20 0.20 0.20 0.20 0.20 0.20 0.20 0.20 0.20 0.20 0.20 0.21
  per-rule acc: 0.43 0.10
Epoch 1760 | Train: Loss=0.0084 Acc=100.0% | Test: Acc=22.2% | Best=22.2%(@1760)
  from x3: 0.22 0.22 0.22 0.22 0.22 0.22 0.22 0.22 0.22 0.22 0.22 0.22 0.22
  per-rule acc: 0.44 0.12
Epoch 1780 | Train: Loss=0.0090 Acc=100.0% | Test: Acc=22.1% | Best=22.2%(@1760)
  from x3: 0.22 0.22 0.22 0.22 0.22 0.22 0.22 0.22 0.22 0.22 0.22 0.22 0.22
  per-rule acc: 0.43 0.13
Epoch 1800 | Train: Loss=0.0076 Acc=100.0% | Test: Acc=23.6% | Best=23.6%(@1800)
  from x3: 0.24 0.24 0.24 0.24 0.24 0.24 0.24 0.24 0.24 0.24 0.23 0.23 0.23
  per-rule acc: 0.45 0.14
Epoch 1820 | Train: Loss=0.0087 Acc=100.0% | Test: Acc=24.7% | Best=24.7%(@1820)
  from x3: 0.24 0.25 0.25 0.25 0.25 0.25 0.25 0.25 0.25 0.25 0.25 0.25 0.25
  per-rule acc: 0.45 0.16
Epoch 1840 | Train: Loss=0.0076 Acc=100.0% | Test: Acc=26.1% | Best=26.1%(@1840)
  from x3: 0.26 0.26 0.26 0.26 0.26 0.26 0.26 0.26 0.26 0.26 0.26 0.26 0.26
  per-rule acc: 0.46 0.17
Epoch 1860 | Train: Loss=0.0120 Acc=100.0% | Test: Acc=26.8% | Best=26.8%(@1860)
  from x3: 0.26 0.27 0.27 0.27 0.27 0.27 0.27 0.27 0.27 0.27 0.27 0.27 0.27
  per-rule acc: 0.46 0.18
Epoch 1880 | Train: Loss=0.0086 Acc=100.0% | Test: Acc=28.1% | Best=28.1%(@1880)
  from x3: 0.28 0.29 0.28 0.28 0.28 0.28 0.28 0.28 0.28 0.28 0.28 0.28 0.28
  per-rule acc: 0.45 0.20
Epoch 1900 | Train: Loss=0.0146 Acc=99.9% | Test: Acc=28.7% | Best=28.7%(@1900)
  from x3: 0.29 0.29 0.29 0.29 0.29 0.29 0.29 0.29 0.29 0.29 0.29 0.29 0.29
  per-rule acc: 0.45 0.21
Epoch 1920 | Train: Loss=0.0097 Acc=100.0% | Test: Acc=32.0% | Best=32.0%(@1920)
  from x3: 0.32 0.32 0.32 0.32 0.32 0.32 0.32 0.32 0.32 0.32 0.32 0.32 0.32
  per-rule acc: 0.46 0.25
Epoch 1940 | Train: Loss=0.0110 Acc=99.9% | Test: Acc=32.1% | Best=32.1%(@1940)
  from x3: 0.32 0.32 0.32 0.32 0.32 0.32 0.32 0.32 0.32 0.32 0.32 0.32 0.32
  per-rule acc: 0.46 0.26
Epoch 1960 | Train: Loss=0.0073 Acc=100.0% | Test: Acc=38.3% | Best=38.3%(@1960)
  from x3: 0.38 0.38 0.38 0.38 0.38 0.38 0.38 0.38 0.38 0.38 0.38 0.38 0.38
  per-rule acc: 0.48 0.34
Epoch 1980 | Train: Loss=0.0198 Acc=99.9% | Test: Acc=41.6% | Best=41.6%(@1980)
  from x3: 0.42 0.42 0.42 0.42 0.42 0.42 0.42 0.42 0.41 0.41 0.42 0.41 0.41
  per-rule acc: 0.47 0.39
Epoch 2000 | Train: Loss=0.0067 Acc=100.0% | Test: Acc=48.4% | Best=48.4%(@2000)
  from x3: 0.49 0.49 0.49 0.49 0.49 0.49 0.49 0.48 0.48 0.48 0.48 0.48 0.48
  per-rule acc: 0.49 0.48
Epoch 2020 | Train: Loss=0.0074 Acc=100.0% | Test: Acc=49.2% | Best=49.2%(@2020)
  from x3: 0.49 0.49 0.49 0.49 0.49 0.49 0.49 0.49 0.49 0.49 0.49 0.49 0.49
  per-rule acc: 0.49 0.49
Epoch 2040 | Train: Loss=0.0078 Acc=100.0% | Test: Acc=52.1% | Best=52.1%(@2040)
  from x3: 0.53 0.52 0.52 0.52 0.52 0.52 0.52 0.52 0.52 0.52 0.52 0.52 0.52
  per-rule acc: 0.49 0.54
Epoch 2060 | Train: Loss=0.0076 Acc=100.0% | Test: Acc=55.4% | Best=55.4%(@2060)
  from x3: 0.56 0.56 0.55 0.55 0.55 0.55 0.55 0.55 0.55 0.55 0.55 0.55 0.55
  per-rule acc: 0.49 0.58
Epoch 2080 | Train: Loss=0.0082 Acc=100.0% | Test: Acc=59.5% | Best=59.5%(@2080)
  from x3: 0.60 0.60 0.60 0.60 0.60 0.60 0.60 0.59 0.59 0.59 0.59 0.59 0.59
  per-rule acc: 0.50 0.64
Epoch 2100 | Train: Loss=0.0079 Acc=100.0% | Test: Acc=63.0% | Best=63.0%(@2100)
  from x3: 0.63 0.63 0.63 0.63 0.63 0.63 0.63 0.63 0.63 0.63 0.63 0.63 0.63
  per-rule acc: 0.51 0.69
Epoch 2120 | Train: Loss=0.0079 Acc=100.0% | Test: Acc=66.0% | Best=66.0%(@2120)
  from x3: 0.66 0.66 0.66 0.66 0.66 0.66 0.66 0.66 0.66 0.66 0.66 0.66 0.66
  per-rule acc: 0.49 0.74
Epoch 2140 | Train: Loss=0.0096 Acc=100.0% | Test: Acc=71.2% | Best=71.2%(@2140)
  from x3: 0.71 0.71 0.71 0.71 0.71 0.71 0.71 0.71 0.71 0.71 0.71 0.71 0.71
  per-rule acc: 0.52 0.80
Epoch 2160 | Train: Loss=0.0071 Acc=100.0% | Test: Acc=75.6% | Best=75.6%(@2160)
  from x3: 0.76 0.76 0.76 0.76 0.76 0.76 0.76 0.76 0.75 0.75 0.75 0.75 0.75
  per-rule acc: 0.51 0.87
Epoch 2180 | Train: Loss=0.0122 Acc=99.9% | Test: Acc=76.5% | Best=76.5%(@2180)
  from x3: 0.77 0.77 0.77 0.77 0.77 0.77 0.77 0.77 0.76 0.76 0.76 0.76 0.76
  per-rule acc: 0.53 0.87
Epoch 2200 | Train: Loss=0.0090 Acc=100.0% | Test: Acc=78.6% | Best=78.6%(@2200)
  from x3: 0.79 0.79 0.79 0.79 0.79 0.79 0.79 0.79 0.79 0.79 0.79 0.79 0.78
  per-rule acc: 0.50 0.92
Epoch 2220 | Train: Loss=0.0077 Acc=100.0% | Test: Acc=81.6% | Best=81.6%(@2220)
  from x3: 0.82 0.82 0.82 0.82 0.82 0.82 0.82 0.82 0.82 0.82 0.82 0.81 0.82
  per-rule acc: 0.52 0.95
Epoch 2240 | Train: Loss=0.0085 Acc=100.0% | Test: Acc=83.5% | Best=83.5%(@2240)
  from x3: 0.84 0.84 0.84 0.84 0.84 0.84 0.84 0.84 0.84 0.83 0.83 0.83 0.83
  per-rule acc: 0.52 0.98
Epoch 2260 | Train: Loss=0.0079 Acc=100.0% | Test: Acc=83.6% | Best=83.6%(@2260)
  from x3: 0.83 0.83 0.83 0.83 0.83 0.83 0.83 0.84 0.84 0.84 0.84 0.84 0.84
  per-rule acc: 0.52 0.98
Epoch 2280 | Train: Loss=0.0070 Acc=100.0% | Test: Acc=84.5% | Best=84.5%(@2280)
  from x3: 0.84 0.85 0.85 0.84 0.84 0.84 0.84 0.84 0.84 0.85 0.85 0.85 0.85
  per-rule acc: 0.53 0.99
Epoch 2300 | Train: Loss=0.0059 Acc=100.0% | Test: Acc=84.9% | Best=84.9%(@2300)
  from x3: 0.85 0.85 0.85 0.85 0.85 0.85 0.85 0.85 0.85 0.85 0.85 0.85 0.85
  per-rule acc: 0.53 1.00
Epoch 2320 | Train: Loss=0.0091 Acc=100.0% | Test: Acc=84.4% | Best=84.9%(@2300)
  from x3: 0.84 0.84 0.84 0.84 0.84 0.84 0.84 0.84 0.84 0.84 0.84 0.84 0.84
  per-rule acc: 0.51 0.99
Epoch 2340 | Train: Loss=0.0072 Acc=100.0% | Test: Acc=84.6% | Best=84.9%(@2300)
  from x3: 0.84 0.85 0.85 0.85 0.85 0.85 0.85 0.85 0.85 0.85 0.85 0.85 0.85
  per-rule acc: 0.52 1.00
Epoch 2360 | Train: Loss=0.0060 Acc=100.0% | Test: Acc=85.5% | Best=85.5%(@2360)
  from x3: 0.86 0.86 0.86 0.86 0.86 0.86 0.86 0.85 0.85 0.85 0.86 0.86 0.86
  per-rule acc: 0.54 1.00
Epoch 2380 | Train: Loss=0.0067 Acc=100.0% | Test: Acc=85.2% | Best=85.5%(@2360)
  from x3: 0.85 0.85 0.85 0.85 0.85 0.85 0.85 0.85 0.85 0.85 0.85 0.85 0.85
  per-rule acc: 0.53 1.00
Epoch 2400 | Train: Loss=0.0077 Acc=100.0% | Test: Acc=85.1% | Best=85.5%(@2360)
  from x3: 0.85 0.85 0.85 0.85 0.85 0.85 0.85 0.85 0.85 0.85 0.85 0.85 0.85
  per-rule acc: 0.53 1.00
Epoch 2420 | Train: Loss=0.0083 Acc=100.0% | Test: Acc=85.6% | Best=85.6%(@2420)
  from x3: 0.85 0.86 0.86 0.86 0.86 0.86 0.86 0.86 0.86 0.86 0.86 0.86 0.85
  per-rule acc: 0.54 1.00
Epoch 2440 | Train: Loss=0.0080 Acc=100.0% | Test: Acc=85.3% | Best=85.6%(@2420)
  from x3: 0.85 0.85 0.85 0.85 0.85 0.85 0.85 0.85 0.85 0.85 0.85 0.85 0.85
  per-rule acc: 0.53 1.00
Epoch 2460 | Train: Loss=0.0067 Acc=100.0% | Test: Acc=85.6% | Best=85.6%(@2460)
  from x3: 0.85 0.86 0.86 0.86 0.86 0.86 0.86 0.86 0.86 0.86 0.86 0.86 0.86
  per-rule acc: 0.54 1.00
Epoch 2480 | Train: Loss=0.0126 Acc=99.9% | Test: Acc=84.9% | Best=85.6%(@2460)
  from x3: 0.85 0.85 0.85 0.85 0.85 0.85 0.85 0.85 0.85 0.85 0.85 0.85 0.85
  per-rule acc: 0.52 1.00
Epoch 2500 | Train: Loss=0.0073 Acc=100.0% | Test: Acc=85.6% | Best=85.6%(@2460)
  from x3: 0.85 0.86 0.86 0.86 0.86 0.86 0.86 0.86 0.86 0.86 0.86 0.86 0.86
  per-rule acc: 0.54 1.00
Epoch 2520 | Train: Loss=0.0074 Acc=100.0% | Test: Acc=85.9% | Best=85.9%(@2520)
  from x3: 0.86 0.86 0.86 0.86 0.86 0.86 0.86 0.86 0.86 0.86 0.86 0.86 0.86
  per-rule acc: 0.55 1.00
Epoch 2540 | Train: Loss=0.0071 Acc=100.0% | Test: Acc=85.7% | Best=85.9%(@2520)
  from x3: 0.86 0.86 0.86 0.86 0.86 0.86 0.86 0.86 0.86 0.86 0.86 0.86 0.86
  per-rule acc: 0.54 1.00
Epoch 2560 | Train: Loss=0.0102 Acc=99.9% | Test: Acc=85.9% | Best=85.9%(@2520)
  from x3: 0.86 0.86 0.86 0.86 0.86 0.86 0.86 0.86 0.86 0.86 0.86 0.86 0.86
  per-rule acc: 0.55 1.00
Epoch 2580 | Train: Loss=0.0081 Acc=100.0% | Test: Acc=85.8% | Best=85.9%(@2520)
  from x3: 0.85 0.86 0.86 0.86 0.86 0.86 0.86 0.86 0.86 0.86 0.86 0.86 0.86
  per-rule acc: 0.55 1.00
Epoch 2600 | Train: Loss=0.0075 Acc=100.0% | Test: Acc=86.0% | Best=86.0%(@2600)
  from x3: 0.85 0.86 0.86 0.86 0.86 0.86 0.86 0.86 0.86 0.86 0.86 0.86 0.86
  per-rule acc: 0.55 1.00
Epoch 2620 | Train: Loss=0.0056 Acc=100.0% | Test: Acc=85.7% | Best=86.0%(@2600)
  from x3: 0.85 0.86 0.86 0.86 0.86 0.86 0.86 0.86 0.86 0.86 0.86 0.86 0.86
  per-rule acc: 0.54 1.00
Epoch 2640 | Train: Loss=0.0124 Acc=99.9% | Test: Acc=86.2% | Best=86.2%(@2640)
  from x3: 0.86 0.86 0.86 0.86 0.86 0.86 0.86 0.86 0.86 0.86 0.86 0.86 0.86
  per-rule acc: 0.56 1.00
Epoch 2660 | Train: Loss=0.0062 Acc=100.0% | Test: Acc=85.9% | Best=86.2%(@2640)
  from x3: 0.85 0.86 0.86 0.86 0.86 0.86 0.86 0.86 0.86 0.86 0.86 0.86 0.86
  per-rule acc: 0.55 1.00
Epoch 2680 | Train: Loss=0.0074 Acc=99.9% | Test: Acc=86.1% | Best=86.2%(@2640)
  from x3: 0.86 0.86 0.86 0.86 0.86 0.86 0.86 0.86 0.86 0.86 0.86 0.86 0.86
  per-rule acc: 0.56 1.00
Epoch 2700 | Train: Loss=0.0051 Acc=100.0% | Test: Acc=86.2% | Best=86.2%(@2640)
  from x3: 0.85 0.86 0.86 0.86 0.86 0.86 0.86 0.86 0.86 0.86 0.86 0.86 0.86
  per-rule acc: 0.56 1.00
Epoch 2720 | Train: Loss=0.0058 Acc=100.0% | Test: Acc=86.3% | Best=86.3%(@2720)
  from x3: 0.86 0.86 0.86 0.86 0.86 0.86 0.86 0.86 0.86 0.86 0.86 0.86 0.86
  per-rule acc: 0.56 1.00
Epoch 2740 | Train: Loss=0.0077 Acc=99.9% | Test: Acc=86.1% | Best=86.3%(@2720)
  from x3: 0.85 0.86 0.86 0.86 0.86 0.86 0.86 0.86 0.86 0.86 0.86 0.86 0.86
  per-rule acc: 0.56 1.00
Epoch 2760 | Train: Loss=0.0079 Acc=100.0% | Test: Acc=86.4% | Best=86.4%(@2760)
  from x3: 0.86 0.87 0.86 0.86 0.86 0.86 0.86 0.86 0.86 0.86 0.86 0.86 0.86
  per-rule acc: 0.56 1.00
Epoch 2780 | Train: Loss=0.0089 Acc=100.0% | Test: Acc=86.0% | Best=86.4%(@2760)
  from x3: 0.85 0.86 0.86 0.86 0.86 0.86 0.86 0.86 0.86 0.86 0.86 0.86 0.86
  per-rule acc: 0.55 1.00
Epoch 2800 | Train: Loss=0.0059 Acc=100.0% | Test: Acc=86.3% | Best=86.4%(@2760)
  from x3: 0.85 0.86 0.86 0.86 0.86 0.86 0.86 0.86 0.86 0.86 0.86 0.86 0.86
  per-rule acc: 0.56 1.00
Epoch 2820 | Train: Loss=0.0058 Acc=100.0% | Test: Acc=86.4% | Best=86.4%(@2820)
  from x3: 0.86 0.86 0.87 0.87 0.87 0.87 0.87 0.87 0.87 0.86 0.86 0.86 0.86
  per-rule acc: 0.57 1.00
Epoch 2840 | Train: Loss=0.0104 Acc=100.0% | Test: Acc=86.4% | Best=86.4%(@2820)
  from x3: 0.86 0.86 0.86 0.86 0.86 0.86 0.86 0.86 0.86 0.87 0.87 0.87 0.87
  per-rule acc: 0.57 1.00
Epoch 2860 | Train: Loss=0.0060 Acc=100.0% | Test: Acc=86.0% | Best=86.4%(@2820)
  from x3: 0.86 0.86 0.86 0.86 0.86 0.86 0.86 0.86 0.86 0.86 0.86 0.86 0.86
  per-rule acc: 0.55 1.00
Epoch 2880 | Train: Loss=0.0064 Acc=100.0% | Test: Acc=86.2% | Best=86.4%(@2820)
  from x3: 0.86 0.86 0.86 0.86 0.86 0.86 0.86 0.86 0.86 0.86 0.86 0.86 0.86
  per-rule acc: 0.56 1.00
Epoch 2900 | Train: Loss=0.0066 Acc=100.0% | Test: Acc=86.2% | Best=86.4%(@2820)
  from x3: 0.86 0.86 0.86 0.86 0.86 0.86 0.86 0.86 0.86 0.86 0.86 0.86 0.86
  per-rule acc: 0.56 1.00
Epoch 2920 | Train: Loss=0.0068 Acc=100.0% | Test: Acc=86.0% | Best=86.4%(@2820)
  from x3: 0.85 0.86 0.86 0.86 0.86 0.86 0.86 0.86 0.86 0.86 0.86 0.86 0.86
  per-rule acc: 0.55 1.00
Epoch 2940 | Train: Loss=0.0108 Acc=99.9% | Test: Acc=86.1% | Best=86.4%(@2820)
  from x3: 0.86 0.86 0.86 0.86 0.86 0.86 0.86 0.86 0.86 0.86 0.86 0.86 0.86
  per-rule acc: 0.56 1.00
Epoch 2960 | Train: Loss=0.0061 Acc=100.0% | Test: Acc=86.1% | Best=86.4%(@2820)
  from x3: 0.86 0.86 0.86 0.86 0.86 0.86 0.86 0.86 0.86 0.86 0.86 0.86 0.86
  per-rule acc: 0.55 1.00
Epoch 2980 | Train: Loss=0.0059 Acc=100.0% | Test: Acc=86.5% | Best=86.5%(@2980)
  from x3: 0.86 0.87 0.87 0.87 0.87 0.87 0.87 0.87 0.87 0.87 0.87 0.87 0.87
  per-rule acc: 0.57 1.00
Epoch 3000 | Train: Loss=0.0050 Acc=100.0% | Test: Acc=86.2% | Best=86.5%(@2980)
  from x3: 0.86 0.86 0.86 0.86 0.86 0.86 0.86 0.86 0.86 0.86 0.86 0.86 0.86
  per-rule acc: 0.56 1.00
Epoch 3020 | Train: Loss=0.0069 Acc=99.9% | Test: Acc=86.5% | Best=86.5%(@2980)
  from x3: 0.86 0.87 0.86 0.86 0.87 0.86 0.86 0.86 0.87 0.86 0.87 0.87 0.87
  per-rule acc: 0.57 1.00
Epoch 3040 | Train: Loss=0.0054 Acc=100.0% | Test: Acc=86.4% | Best=86.5%(@2980)
  from x3: 0.86 0.87 0.86 0.86 0.86 0.86 0.86 0.86 0.86 0.86 0.86 0.86 0.86
  per-rule acc: 0.56 1.00
Epoch 3060 | Train: Loss=0.0089 Acc=100.0% | Test: Acc=86.1% | Best=86.5%(@2980)
  from x3: 0.86 0.86 0.86 0.86 0.86 0.86 0.86 0.86 0.86 0.86 0.86 0.86 0.86
  per-rule acc: 0.56 1.00
Epoch 3080 | Train: Loss=0.0074 Acc=100.0% | Test: Acc=86.3% | Best=86.5%(@2980)
  from x3: 0.86 0.86 0.86 0.86 0.86 0.86 0.86 0.86 0.86 0.86 0.86 0.86 0.86
  per-rule acc: 0.56 1.00
Epoch 3100 | Train: Loss=0.0083 Acc=100.0% | Test: Acc=86.0% | Best=86.5%(@2980)
  from x3: 0.86 0.86 0.86 0.86 0.86 0.86 0.86 0.86 0.86 0.86 0.86 0.86 0.86
  per-rule acc: 0.55 1.00
Epoch 3120 | Train: Loss=0.0071 Acc=100.0% | Test: Acc=86.1% | Best=86.5%(@2980)
  from x3: 0.86 0.86 0.86 0.86 0.86 0.86 0.86 0.86 0.86 0.86 0.86 0.86 0.86
  per-rule acc: 0.56 1.00
Epoch 3140 | Train: Loss=0.0061 Acc=100.0% | Test: Acc=86.3% | Best=86.5%(@2980)
  from x3: 0.86 0.86 0.86 0.86 0.86 0.86 0.86 0.86 0.86 0.86 0.86 0.86 0.86
  per-rule acc: 0.56 1.00
Epoch 3160 | Train: Loss=0.0060 Acc=100.0% | Test: Acc=85.9% | Best=86.5%(@2980)
  from x3: 0.86 0.86 0.86 0.86 0.86 0.86 0.86 0.86 0.86 0.86 0.86 0.86 0.86
  per-rule acc: 0.55 1.00
Epoch 3180 | Train: Loss=0.0075 Acc=99.9% | Test: Acc=85.9% | Best=86.5%(@2980)
  from x3: 0.86 0.86 0.86 0.86 0.86 0.86 0.86 0.86 0.86 0.86 0.86 0.86 0.86
  per-rule acc: 0.55 1.00
Epoch 3200 | Train: Loss=0.0093 Acc=99.9% | Test: Acc=85.7% | Best=86.5%(@2980)
  from x3: 0.85 0.86 0.86 0.86 0.86 0.86 0.86 0.86 0.86 0.86 0.86 0.86 0.86
  per-rule acc: 0.54 1.00
Epoch 3220 | Train: Loss=0.0060 Acc=100.0% | Test: Acc=86.2% | Best=86.5%(@2980)
  from x3: 0.86 0.86 0.86 0.86 0.86 0.86 0.86 0.86 0.86 0.86 0.86 0.86 0.86
  per-rule acc: 0.56 1.00
Epoch 3240 | Train: Loss=0.0058 Acc=100.0% | Test: Acc=85.9% | Best=86.5%(@2980)
  from x3: 0.86 0.86 0.86 0.86 0.86 0.86 0.86 0.86 0.86 0.86 0.86 0.86 0.86
  per-rule acc: 0.55 1.00
Epoch 3260 | Train: Loss=0.0053 Acc=100.0% | Test: Acc=85.9% | Best=86.5%(@2980)
  from x3: 0.86 0.86 0.86 0.86 0.86 0.86 0.86 0.86 0.86 0.86 0.86 0.86 0.86
  per-rule acc: 0.55 1.00
Epoch 3280 | Train: Loss=0.0039 Acc=100.0% | Test: Acc=86.3% | Best=86.5%(@2980)
  from x3: 0.86 0.86 0.86 0.86 0.86 0.86 0.86 0.86 0.86 0.86 0.86 0.86 0.86
  per-rule acc: 0.56 1.00
Epoch 3300 | Train: Loss=0.0307 Acc=100.0% | Test: Acc=86.1% | Best=86.5%(@2980)
  from x3: 0.86 0.86 0.86 0.86 0.86 0.86 0.86 0.86 0.86 0.86 0.86 0.86 0.86
  per-rule acc: 0.56 1.00
Epoch 3320 | Train: Loss=0.0080 Acc=100.0% | Test: Acc=86.4% | Best=86.5%(@2980)
  from x3: 0.86 0.86 0.86 0.86 0.86 0.86 0.86 0.86 0.86 0.86 0.86 0.86 0.86
  per-rule acc: 0.56 1.00
Epoch 3340 | Train: Loss=0.0092 Acc=100.0% | Test: Acc=86.1% | Best=86.5%(@2980)
  from x3: 0.86 0.86 0.86 0.86 0.86 0.86 0.86 0.86 0.86 0.86 0.86 0.86 0.86
  per-rule acc: 0.55 1.00
Epoch 3360 | Train: Loss=0.0057 Acc=100.0% | Test: Acc=86.2% | Best=86.5%(@2980)
  from x3: 0.86 0.86 0.86 0.86 0.86 0.86 0.86 0.86 0.86 0.86 0.86 0.86 0.86
  per-rule acc: 0.56 1.00
Epoch 3380 | Train: Loss=0.0062 Acc=100.0% | Test: Acc=86.3% | Best=86.5%(@2980)
  from x3: 0.86 0.86 0.86 0.86 0.86 0.86 0.86 0.86 0.86 0.86 0.86 0.86 0.86
  per-rule acc: 0.56 1.00
Epoch 3400 | Train: Loss=0.0050 Acc=100.0% | Test: Acc=86.3% | Best=86.5%(@2980)
  from x3: 0.86 0.86 0.86 0.86 0.86 0.86 0.86 0.86 0.86 0.86 0.86 0.86 0.86
  per-rule acc: 0.56 1.00
Epoch 3420 | Train: Loss=0.0055 Acc=100.0% | Test: Acc=86.2% | Best=86.5%(@2980)
  from x3: 0.86 0.86 0.86 0.86 0.86 0.86 0.86 0.86 0.86 0.86 0.86 0.86 0.86
  per-rule acc: 0.56 1.00
Epoch 3440 | Train: Loss=0.0041 Acc=100.0% | Test: Acc=86.5% | Best=86.5%(@3440)
  from x3: 0.86 0.87 0.87 0.87 0.87 0.87 0.87 0.87 0.86 0.86 0.86 0.86 0.86
  per-rule acc: 0.57 1.00
Epoch 3460 | Train: Loss=0.0052 Acc=100.0% | Test: Acc=86.1% | Best=86.5%(@3440)
  from x3: 0.86 0.86 0.86 0.86 0.86 0.86 0.86 0.86 0.86 0.86 0.86 0.86 0.86
  per-rule acc: 0.56 1.00
Epoch 3480 | Train: Loss=0.0075 Acc=100.0% | Test: Acc=86.1% | Best=86.5%(@3440)
  from x3: 0.86 0.86 0.86 0.86 0.86 0.86 0.86 0.86 0.86 0.86 0.86 0.86 0.86
  per-rule acc: 0.55 1.00
Epoch 3500 | Train: Loss=0.0102 Acc=99.9% | Test: Acc=85.8% | Best=86.5%(@3440)
  from x3: 0.86 0.86 0.86 0.86 0.86 0.86 0.86 0.86 0.86 0.86 0.86 0.86 0.86
  per-rule acc: 0.55 1.00
Epoch 3520 | Train: Loss=0.0106 Acc=100.0% | Test: Acc=85.9% | Best=86.5%(@3440)
  from x3: 0.86 0.86 0.86 0.86 0.86 0.86 0.86 0.86 0.86 0.86 0.86 0.86 0.86
  per-rule acc: 0.55 1.00
Epoch 3540 | Train: Loss=0.0043 Acc=100.0% | Test: Acc=86.3% | Best=86.5%(@3440)
  from x3: 0.86 0.86 0.86 0.86 0.86 0.86 0.86 0.86 0.86 0.86 0.86 0.86 0.86
  per-rule acc: 0.56 1.00
Epoch 3560 | Train: Loss=0.0050 Acc=100.0% | Test: Acc=86.1% | Best=86.5%(@3440)
  from x3: 0.86 0.86 0.86 0.86 0.86 0.86 0.86 0.86 0.86 0.86 0.86 0.86 0.86
  per-rule acc: 0.56 1.00
Epoch 3580 | Train: Loss=0.0154 Acc=100.0% | Test: Acc=86.2% | Best=86.5%(@3440)
  from x3: 0.86 0.86 0.86 0.86 0.86 0.86 0.86 0.86 0.86 0.86 0.86 0.86 0.86
  per-rule acc: 0.56 1.00
Epoch 3600 | Train: Loss=0.0063 Acc=100.0% | Test: Acc=86.2% | Best=86.5%(@3440)
  from x3: 0.86 0.86 0.86 0.86 0.86 0.86 0.86 0.86 0.86 0.86 0.86 0.86 0.86
  per-rule acc: 0.56 1.00
Epoch 3620 | Train: Loss=0.0129 Acc=99.9% | Test: Acc=85.9% | Best=86.5%(@3440)
  from x3: 0.85 0.86 0.86 0.86 0.86 0.86 0.86 0.86 0.86 0.86 0.86 0.86 0.86
  per-rule acc: 0.55 1.00
Epoch 3640 | Train: Loss=0.0049 Acc=100.0% | Test: Acc=86.8% | Best=86.8%(@3640)
  from x3: 0.86 0.87 0.87 0.87 0.87 0.87 0.87 0.87 0.87 0.87 0.87 0.87 0.87
  per-rule acc: 0.58 1.00
Epoch 3660 | Train: Loss=0.0077 Acc=100.0% | Test: Acc=86.3% | Best=86.8%(@3640)
  from x3: 0.86 0.86 0.86 0.86 0.86 0.86 0.86 0.86 0.86 0.86 0.86 0.86 0.86
  per-rule acc: 0.56 1.00
Epoch 3680 | Train: Loss=0.0109 Acc=100.0% | Test: Acc=86.1% | Best=86.8%(@3640)
  from x3: 0.86 0.86 0.86 0.86 0.86 0.86 0.86 0.86 0.86 0.86 0.86 0.86 0.86
  per-rule acc: 0.55 1.00
Epoch 3700 | Train: Loss=0.0052 Acc=100.0% | Test: Acc=86.4% | Best=86.8%(@3640)
  from x3: 0.86 0.86 0.86 0.86 0.86 0.86 0.86 0.86 0.86 0.86 0.86 0.86 0.86
  per-rule acc: 0.56 1.00
Epoch 3720 | Train: Loss=0.0047 Acc=100.0% | Test: Acc=86.6% | Best=86.8%(@3640)
  from x3: 0.87 0.87 0.87 0.87 0.87 0.87 0.87 0.87 0.87 0.87 0.87 0.87 0.87
  per-rule acc: 0.57 1.00
Epoch 3740 | Train: Loss=0.0043 Acc=100.0% | Test: Acc=86.9% | Best=86.9%(@3740)
  from x3: 0.87 0.87 0.87 0.87 0.87 0.87 0.87 0.87 0.87 0.87 0.87 0.87 0.87
  per-rule acc: 0.58 1.00
Epoch 3760 | Train: Loss=0.0041 Acc=100.0% | Test: Acc=86.8% | Best=86.9%(@3740)
  from x3: 0.87 0.87 0.87 0.87 0.87 0.87 0.87 0.87 0.87 0.87 0.87 0.87 0.87
  per-rule acc: 0.58 1.00
Epoch 3780 | Train: Loss=0.0059 Acc=100.0% | Test: Acc=86.5% | Best=86.9%(@3740)
  from x3: 0.86 0.86 0.86 0.86 0.86 0.86 0.86 0.86 0.86 0.86 0.86 0.86 0.86
  per-rule acc: 0.57 1.00
Epoch 3800 | Train: Loss=0.0050 Acc=100.0% | Test: Acc=86.3% | Best=86.9%(@3740)
  from x3: 0.86 0.87 0.86 0.86 0.86 0.86 0.86 0.86 0.86 0.86 0.86 0.86 0.86
  per-rule acc: 0.56 1.00
Epoch 3820 | Train: Loss=0.0064 Acc=100.0% | Test: Acc=86.7% | Best=86.9%(@3740)
  from x3: 0.86 0.87 0.87 0.87 0.87 0.87 0.87 0.87 0.87 0.87 0.87 0.87 0.87
  per-rule acc: 0.57 1.00
Epoch 3840 | Train: Loss=0.0105 Acc=99.9% | Test: Acc=86.4% | Best=86.9%(@3740)
  from x3: 0.86 0.86 0.86 0.86 0.86 0.86 0.86 0.86 0.86 0.86 0.86 0.86 0.86
  per-rule acc: 0.56 1.00
Epoch 3860 | Train: Loss=0.0043 Acc=100.0% | Test: Acc=86.8% | Best=86.9%(@3740)
  from x3: 0.87 0.87 0.87 0.87 0.87 0.87 0.87 0.87 0.87 0.87 0.87 0.87 0.87
  per-rule acc: 0.58 1.00
Epoch 3880 | Train: Loss=0.0106 Acc=99.9% | Test: Acc=86.7% | Best=86.9%(@3740)
  from x3: 0.86 0.87 0.87 0.87 0.87 0.87 0.87 0.87 0.87 0.87 0.87 0.87 0.87
  per-rule acc: 0.58 1.00
Epoch 3900 | Train: Loss=0.0077 Acc=100.0% | Test: Acc=86.3% | Best=86.9%(@3740)
  from x3: 0.86 0.86 0.86 0.86 0.86 0.86 0.86 0.86 0.86 0.86 0.86 0.86 0.86
  per-rule acc: 0.56 1.00
Epoch 3920 | Train: Loss=0.0042 Acc=100.0% | Test: Acc=86.6% | Best=86.9%(@3740)
  from x3: 0.87 0.87 0.87 0.87 0.87 0.87 0.87 0.87 0.87 0.87 0.87 0.87 0.87
  per-rule acc: 0.57 1.00
Epoch 3940 | Train: Loss=0.0039 Acc=100.0% | Test: Acc=86.6% | Best=86.9%(@3740)
  from x3: 0.87 0.87 0.87 0.87 0.87 0.87 0.87 0.87 0.87 0.87 0.87 0.87 0.87
  per-rule acc: 0.57 1.00
Epoch 3960 | Train: Loss=0.0063 Acc=100.0% | Test: Acc=86.7% | Best=86.9%(@3740)
  from x3: 0.87 0.87 0.87 0.87 0.87 0.87 0.87 0.87 0.87 0.87 0.87 0.87 0.87
  per-rule acc: 0.58 1.00
Epoch 3980 | Train: Loss=0.0044 Acc=100.0% | Test: Acc=86.7% | Best=86.9%(@3740)
  from x3: 0.86 0.87 0.87 0.87 0.87 0.87 0.87 0.87 0.87 0.87 0.87 0.87 0.87
  per-rule acc: 0.57 1.00
Epoch 4000 | Train: Loss=0.0035 Acc=100.0% | Test: Acc=86.6% | Best=86.9%(@3740)
  from x3: 0.87 0.87 0.86 0.87 0.87 0.87 0.87 0.87 0.86 0.87 0.87 0.87 0.87
  per-rule acc: 0.57 1.00
Epoch 4020 | Train: Loss=0.0092 Acc=99.9% | Test: Acc=86.3% | Best=86.9%(@3740)
  from x3: 0.86 0.86 0.86 0.86 0.86 0.86 0.86 0.86 0.86 0.86 0.86 0.86 0.86
  per-rule acc: 0.56 1.00
Epoch 4040 | Train: Loss=0.0050 Acc=100.0% | Test: Acc=87.0% | Best=87.0%(@4040)
  from x3: 0.87 0.87 0.87 0.87 0.87 0.87 0.87 0.87 0.87 0.87 0.87 0.87 0.87
  per-rule acc: 0.59 1.00
Epoch 4060 | Train: Loss=0.0050 Acc=100.0% | Test: Acc=86.5% | Best=87.0%(@4040)
  from x3: 0.87 0.87 0.86 0.86 0.87 0.86 0.87 0.87 0.87 0.87 0.87 0.87 0.86
  per-rule acc: 0.57 1.00
Epoch 4080 | Train: Loss=0.0085 Acc=99.9% | Test: Acc=86.6% | Best=87.0%(@4040)
  from x3: 0.86 0.87 0.87 0.87 0.87 0.87 0.87 0.87 0.87 0.87 0.87 0.87 0.87
  per-rule acc: 0.57 1.00
Epoch 4100 | Train: Loss=0.0043 Acc=100.0% | Test: Acc=86.5% | Best=87.0%(@4040)
  from x3: 0.87 0.87 0.86 0.86 0.86 0.86 0.86 0.86 0.86 0.86 0.87 0.86 0.86
  per-rule acc: 0.57 1.00
Epoch 4120 | Train: Loss=0.0039 Acc=100.0% | Test: Acc=86.8% | Best=87.0%(@4040)
  from x3: 0.87 0.87 0.87 0.87 0.87 0.87 0.87 0.87 0.87 0.87 0.87 0.87 0.87
  per-rule acc: 0.58 1.00
Epoch 4140 | Train: Loss=0.0107 Acc=100.0% | Test: Acc=86.9% | Best=87.0%(@4040)
  from x3: 0.87 0.87 0.87 0.87 0.87 0.87 0.87 0.87 0.87 0.87 0.87 0.87 0.87
  per-rule acc: 0.58 1.00
Epoch 4160 | Train: Loss=0.0072 Acc=100.0% | Test: Acc=86.7% | Best=87.0%(@4040)
  from x3: 0.87 0.87 0.87 0.87 0.87 0.87 0.87 0.87 0.87 0.87 0.87 0.87 0.87
  per-rule acc: 0.58 1.00
Epoch 4180 | Train: Loss=0.0096 Acc=99.9% | Test: Acc=86.8% | Best=87.0%(@4040)
  from x3: 0.87 0.87 0.87 0.87 0.87 0.87 0.87 0.87 0.87 0.87 0.87 0.87 0.87
  per-rule acc: 0.58 1.00
Epoch 4200 | Train: Loss=0.0049 Acc=100.0% | Test: Acc=87.2% | Best=87.2%(@4200)
  from x3: 0.87 0.87 0.87 0.87 0.87 0.87 0.87 0.87 0.87 0.87 0.87 0.87 0.87
  per-rule acc: 0.59 1.00
Epoch 4220 | Train: Loss=0.0067 Acc=99.9% | Test: Acc=86.6% | Best=87.2%(@4200)
  from x3: 0.87 0.87 0.87 0.87 0.87 0.87 0.87 0.87 0.87 0.87 0.87 0.87 0.87
  per-rule acc: 0.57 1.00
Epoch 4240 | Train: Loss=0.0042 Acc=100.0% | Test: Acc=86.9% | Best=87.2%(@4200)
  from x3: 0.87 0.87 0.87 0.87 0.87 0.87 0.87 0.87 0.87 0.87 0.87 0.87 0.87
  per-rule acc: 0.58 1.00
Epoch 4260 | Train: Loss=0.0038 Acc=100.0% | Test: Acc=87.2% | Best=87.2%(@4200)
  from x3: 0.87 0.87 0.87 0.87 0.87 0.87 0.87 0.87 0.87 0.87 0.87 0.87 0.87
  per-rule acc: 0.59 1.00
Epoch 4280 | Train: Loss=0.0048 Acc=100.0% | Test: Acc=87.0% | Best=87.2%(@4200)
  from x3: 0.87 0.87 0.87 0.87 0.87 0.87 0.87 0.87 0.87 0.87 0.87 0.87 0.87
  per-rule acc: 0.58 1.00
Epoch 4300 | Train: Loss=0.0037 Acc=100.0% | Test: Acc=87.3% | Best=87.3%(@4300)
  from x3: 0.87 0.87 0.87 0.87 0.87 0.87 0.87 0.87 0.87 0.87 0.87 0.87 0.87
  per-rule acc: 0.59 1.00
Epoch 4320 | Train: Loss=0.0029 Acc=100.0% | Test: Acc=87.5% | Best=87.5%(@4320)
  from x3: 0.87 0.87 0.88 0.87 0.87 0.87 0.87 0.87 0.87 0.87 0.87 0.87 0.87
  per-rule acc: 0.60 1.00
Epoch 4340 | Train: Loss=0.0052 Acc=100.0% | Test: Acc=87.4% | Best=87.5%(@4320)
  from x3: 0.87 0.88 0.87 0.87 0.87 0.87 0.87 0.87 0.87 0.87 0.87 0.87 0.87
  per-rule acc: 0.60 1.00
Epoch 4360 | Train: Loss=0.0039 Acc=100.0% | Test: Acc=87.3% | Best=87.5%(@4320)
  from x3: 0.87 0.87 0.87 0.87 0.87 0.87 0.87 0.87 0.87 0.87 0.87 0.87 0.87
  per-rule acc: 0.59 1.00
Epoch 4380 | Train: Loss=0.0043 Acc=100.0% | Test: Acc=87.5% | Best=87.5%(@4380)
  from x3: 0.87 0.87 0.87 0.87 0.87 0.87 0.87 0.87 0.87 0.87 0.87 0.87 0.87
  per-rule acc: 0.60 1.00
Epoch 4400 | Train: Loss=0.0036 Acc=100.0% | Test: Acc=87.7% | Best=87.7%(@4400)
  from x3: 0.88 0.88 0.88 0.88 0.88 0.88 0.88 0.88 0.88 0.88 0.88 0.88 0.88
  per-rule acc: 0.61 1.00
Epoch 4420 | Train: Loss=0.0034 Acc=100.0% | Test: Acc=87.7% | Best=87.7%(@4420)
  from x3: 0.88 0.88 0.88 0.88 0.88 0.88 0.88 0.88 0.88 0.88 0.88 0.88 0.88
  per-rule acc: 0.61 1.00
Epoch 4440 | Train: Loss=0.0036 Acc=100.0% | Test: Acc=87.8% | Best=87.8%(@4440)
  from x3: 0.88 0.88 0.88 0.88 0.88 0.88 0.88 0.88 0.88 0.88 0.88 0.88 0.88
  per-rule acc: 0.61 1.00
Epoch 4460 | Train: Loss=0.0039 Acc=100.0% | Test: Acc=87.8% | Best=87.8%(@4440)
  from x3: 0.88 0.88 0.88 0.88 0.88 0.88 0.88 0.88 0.88 0.88 0.88 0.88 0.88
  per-rule acc: 0.61 1.00
Epoch 4480 | Train: Loss=0.0144 Acc=99.9% | Test: Acc=87.6% | Best=87.8%(@4440)
  from x3: 0.88 0.88 0.87 0.88 0.88 0.88 0.88 0.88 0.88 0.88 0.88 0.88 0.88
  per-rule acc: 0.60 1.00
Epoch 4500 | Train: Loss=0.0057 Acc=100.0% | Test: Acc=88.2% | Best=88.2%(@4500)
  from x3: 0.88 0.88 0.88 0.88 0.88 0.88 0.88 0.88 0.88 0.88 0.88 0.88 0.88
  per-rule acc: 0.62 1.00
Epoch 4520 | Train: Loss=0.0055 Acc=100.0% | Test: Acc=88.0% | Best=88.2%(@4500)
  from x3: 0.88 0.88 0.88 0.88 0.88 0.88 0.88 0.88 0.88 0.88 0.88 0.88 0.88
  per-rule acc: 0.61 1.00
Epoch 4540 | Train: Loss=0.0035 Acc=100.0% | Test: Acc=88.5% | Best=88.5%(@4540)
  from x3: 0.88 0.88 0.88 0.89 0.89 0.89 0.89 0.89 0.89 0.89 0.89 0.89 0.89
  per-rule acc: 0.63 1.00
Epoch 4560 | Train: Loss=0.0049 Acc=100.0% | Test: Acc=88.0% | Best=88.5%(@4540)
  from x3: 0.88 0.88 0.88 0.88 0.88 0.88 0.88 0.88 0.88 0.88 0.88 0.88 0.88
  per-rule acc: 0.62 1.00
Epoch 4580 | Train: Loss=0.0038 Acc=100.0% | Test: Acc=88.3% | Best=88.5%(@4540)
  from x3: 0.88 0.88 0.88 0.88 0.88 0.88 0.88 0.88 0.88 0.88 0.88 0.88 0.88
  per-rule acc: 0.63 1.00
Epoch 4600 | Train: Loss=0.0045 Acc=100.0% | Test: Acc=88.2% | Best=88.5%(@4540)
  from x3: 0.88 0.88 0.88 0.88 0.88 0.88 0.88 0.88 0.88 0.88 0.88 0.88 0.88
  per-rule acc: 0.62 1.00
Epoch 4620 | Train: Loss=0.0038 Acc=100.0% | Test: Acc=88.4% | Best=88.5%(@4540)
  from x3: 0.88 0.89 0.88 0.88 0.88 0.88 0.88 0.88 0.88 0.88 0.88 0.88 0.88
  per-rule acc: 0.63 1.00
Epoch 4640 | Train: Loss=0.0062 Acc=100.0% | Test: Acc=88.4% | Best=88.5%(@4540)
  from x3: 0.88 0.88 0.88 0.88 0.88 0.88 0.88 0.88 0.88 0.88 0.88 0.88 0.88
  per-rule acc: 0.63 1.00
Epoch 4660 | Train: Loss=0.0041 Acc=100.0% | Test: Acc=88.7% | Best=88.7%(@4660)
  from x3: 0.88 0.89 0.89 0.89 0.89 0.89 0.89 0.89 0.89 0.89 0.89 0.89 0.89
  per-rule acc: 0.64 1.00
Epoch 4680 | Train: Loss=0.0050 Acc=100.0% | Test: Acc=88.6% | Best=88.7%(@4660)
  from x3: 0.88 0.89 0.89 0.89 0.89 0.89 0.89 0.89 0.89 0.89 0.89 0.89 0.89
  per-rule acc: 0.63 1.00
Epoch 4700 | Train: Loss=0.0141 Acc=99.9% | Test: Acc=87.6% | Best=88.7%(@4660)
  from x3: 0.87 0.88 0.88 0.88 0.88 0.88 0.88 0.88 0.88 0.88 0.88 0.88 0.88
  per-rule acc: 0.60 1.00
Epoch 4720 | Train: Loss=0.0036 Acc=100.0% | Test: Acc=89.1% | Best=89.1%(@4720)
  from x3: 0.89 0.89 0.89 0.89 0.89 0.89 0.89 0.89 0.89 0.89 0.89 0.89 0.89
  per-rule acc: 0.65 1.00
Epoch 4740 | Train: Loss=0.0053 Acc=100.0% | Test: Acc=88.8% | Best=89.1%(@4720)
  from x3: 0.89 0.89 0.89 0.89 0.89 0.89 0.89 0.89 0.89 0.89 0.89 0.89 0.89
  per-rule acc: 0.64 1.00
Epoch 4760 | Train: Loss=0.0030 Acc=100.0% | Test: Acc=89.3% | Best=89.3%(@4760)
  from x3: 0.89 0.89 0.89 0.89 0.89 0.89 0.89 0.89 0.89 0.89 0.89 0.89 0.89
  per-rule acc: 0.66 1.00
Epoch 4780 | Train: Loss=0.0043 Acc=100.0% | Test: Acc=89.1% | Best=89.3%(@4760)
  from x3: 0.89 0.89 0.89 0.89 0.89 0.89 0.89 0.89 0.89 0.89 0.89 0.89 0.89
  per-rule acc: 0.65 1.00
Epoch 4800 | Train: Loss=0.0035 Acc=100.0% | Test: Acc=89.2% | Best=89.3%(@4760)
  from x3: 0.89 0.89 0.89 0.89 0.89 0.89 0.89 0.89 0.89 0.89 0.89 0.89 0.89
  per-rule acc: 0.66 1.00
Epoch 4820 | Train: Loss=0.0032 Acc=100.0% | Test: Acc=89.2% | Best=89.3%(@4760)
  from x3: 0.90 0.89 0.89 0.89 0.89 0.89 0.89 0.89 0.89 0.89 0.89 0.89 0.89
  per-rule acc: 0.66 1.00
Epoch 4840 | Train: Loss=0.0074 Acc=100.0% | Test: Acc=89.0% | Best=89.3%(@4760)
  from x3: 0.89 0.89 0.89 0.89 0.89 0.89 0.89 0.89 0.89 0.89 0.89 0.89 0.89
  per-rule acc: 0.65 1.00
Epoch 4860 | Train: Loss=0.0033 Acc=100.0% | Test: Acc=89.6% | Best=89.6%(@4860)
  from x3: 0.90 0.90 0.90 0.90 0.90 0.90 0.90 0.90 0.90 0.90 0.90 0.90 0.90
  per-rule acc: 0.67 1.00
Epoch 4880 | Train: Loss=0.0052 Acc=100.0% | Test: Acc=89.4% | Best=89.6%(@4860)
  from x3: 0.89 0.90 0.89 0.89 0.89 0.89 0.89 0.89 0.89 0.89 0.89 0.89 0.89
  per-rule acc: 0.66 1.00
Epoch 4900 | Train: Loss=0.0050 Acc=100.0% | Test: Acc=89.4% | Best=89.6%(@4860)
  from x3: 0.89 0.90 0.89 0.89 0.89 0.89 0.89 0.89 0.89 0.89 0.89 0.89 0.89
  per-rule acc: 0.66 1.00
Epoch 4920 | Train: Loss=0.0039 Acc=100.0% | Test: Acc=89.6% | Best=89.6%(@4920)
  from x3: 0.90 0.90 0.90 0.90 0.90 0.90 0.90 0.90 0.90 0.90 0.90 0.90 0.90
  per-rule acc: 0.67 1.00
Epoch 4940 | Train: Loss=0.0038 Acc=100.0% | Test: Acc=89.9% | Best=89.9%(@4940)
  from x3: 0.90 0.90 0.90 0.90 0.90 0.90 0.90 0.90 0.90 0.90 0.90 0.90 0.90
  per-rule acc: 0.68 1.00
Epoch 4960 | Train: Loss=0.0033 Acc=100.0% | Test: Acc=90.5% | Best=90.5%(@4960)
  from x3: 0.90 0.91 0.91 0.91 0.91 0.91 0.91 0.91 0.91 0.91 0.91 0.91 0.91
  per-rule acc: 0.70 1.00
Epoch 4980 | Train: Loss=0.0031 Acc=100.0% | Test: Acc=90.4% | Best=90.5%(@4960)
  from x3: 0.90 0.90 0.90 0.90 0.90 0.90 0.90 0.90 0.90 0.90 0.90 0.90 0.90
  per-rule acc: 0.69 1.00
Epoch 5000 | Train: Loss=0.0075 Acc=100.0% | Test: Acc=90.0% | Best=90.5%(@4960)
  from x3: 0.90 0.90 0.90 0.90 0.90 0.90 0.90 0.90 0.90 0.90 0.90 0.90 0.90
  per-rule acc: 0.68 1.00
Epoch 5020 | Train: Loss=0.0064 Acc=100.0% | Test: Acc=89.9% | Best=90.5%(@4960)
  from x3: 0.90 0.90 0.90 0.90 0.90 0.90 0.90 0.90 0.90 0.90 0.90 0.90 0.90
  per-rule acc: 0.68 1.00
Epoch 5040 | Train: Loss=0.0040 Acc=100.0% | Test: Acc=90.6% | Best=90.6%(@5040)
  from x3: 0.91 0.91 0.91 0.91 0.91 0.91 0.91 0.91 0.91 0.91 0.91 0.91 0.90
  per-rule acc: 0.70 1.00
Epoch 5060 | Train: Loss=0.0035 Acc=100.0% | Test: Acc=90.3% | Best=90.6%(@5040)
  from x3: 0.90 0.91 0.90 0.90 0.90 0.90 0.90 0.90 0.90 0.90 0.90 0.90 0.90
  per-rule acc: 0.69 1.00
Epoch 5080 | Train: Loss=0.0035 Acc=100.0% | Test: Acc=90.5% | Best=90.6%(@5040)
  from x3: 0.91 0.91 0.91 0.91 0.91 0.91 0.91 0.91 0.91 0.91 0.91 0.90 0.90
  per-rule acc: 0.70 1.00
Epoch 5100 | Train: Loss=0.0031 Acc=100.0% | Test: Acc=90.9% | Best=90.9%(@5100)
  from x3: 0.91 0.91 0.91 0.91 0.91 0.91 0.91 0.91 0.91 0.91 0.91 0.91 0.91
  per-rule acc: 0.71 1.00
Epoch 5120 | Train: Loss=0.0035 Acc=100.0% | Test: Acc=90.8% | Best=90.9%(@5100)
  from x3: 0.91 0.91 0.91 0.91 0.91 0.91 0.91 0.91 0.91 0.91 0.91 0.91 0.91
  per-rule acc: 0.71 1.00
Epoch 5140 | Train: Loss=0.0104 Acc=99.9% | Test: Acc=90.3% | Best=90.9%(@5100)
  from x3: 0.90 0.90 0.90 0.90 0.90 0.90 0.90 0.90 0.90 0.90 0.90 0.90 0.90
  per-rule acc: 0.69 1.00
Epoch 5160 | Train: Loss=0.0034 Acc=100.0% | Test: Acc=91.0% | Best=91.0%(@5160)
  from x3: 0.91 0.91 0.91 0.91 0.91 0.91 0.91 0.91 0.91 0.91 0.91 0.91 0.91
  per-rule acc: 0.71 1.00
Epoch 5180 | Train: Loss=0.0031 Acc=100.0% | Test: Acc=90.9% | Best=91.0%(@5160)
  from x3: 0.91 0.91 0.91 0.91 0.91 0.91 0.91 0.91 0.91 0.91 0.91 0.91 0.91
  per-rule acc: 0.71 1.00
Epoch 5200 | Train: Loss=0.0028 Acc=100.0% | Test: Acc=90.9% | Best=91.0%(@5160)
  from x3: 0.91 0.91 0.91 0.91 0.91 0.91 0.91 0.91 0.91 0.91 0.91 0.91 0.91
  per-rule acc: 0.71 1.00
Epoch 5220 | Train: Loss=0.0030 Acc=100.0% | Test: Acc=91.2% | Best=91.2%(@5220)
  from x3: 0.91 0.91 0.91 0.91 0.91 0.91 0.91 0.91 0.91 0.91 0.91 0.91 0.91
  per-rule acc: 0.72 1.00
Epoch 5240 | Train: Loss=0.0034 Acc=100.0% | Test: Acc=91.3% | Best=91.3%(@5240)
  from x3: 0.91 0.91 0.91 0.91 0.91 0.91 0.91 0.91 0.91 0.91 0.91 0.91 0.91
  per-rule acc: 0.72 1.00
Epoch 5260 | Train: Loss=0.0033 Acc=100.0% | Test: Acc=91.3% | Best=91.3%(@5240)
  from x3: 0.91 0.91 0.91 0.91 0.91 0.91 0.91 0.91 0.91 0.91 0.91 0.91 0.91
  per-rule acc: 0.72 1.00
Epoch 5280 | Train: Loss=0.0033 Acc=100.0% | Test: Acc=91.5% | Best=91.5%(@5280)
  from x3: 0.92 0.92 0.91 0.91 0.92 0.91 0.91 0.91 0.91 0.91 0.92 0.91 0.91
  per-rule acc: 0.73 1.00
Epoch 5300 | Train: Loss=0.0032 Acc=100.0% | Test: Acc=91.5% | Best=91.5%(@5300)
  from x3: 0.92 0.92 0.91 0.92 0.91 0.91 0.91 0.91 0.91 0.91 0.91 0.91 0.91
  per-rule acc: 0.73 1.00
Epoch 5320 | Train: Loss=0.0046 Acc=100.0% | Test: Acc=91.4% | Best=91.5%(@5300)
  from x3: 0.92 0.91 0.91 0.91 0.91 0.91 0.91 0.91 0.91 0.91 0.91 0.91 0.91
  per-rule acc: 0.73 1.00
Epoch 5340 | Train: Loss=0.0029 Acc=100.0% | Test: Acc=91.6% | Best=91.6%(@5340)
  from x3: 0.92 0.92 0.92 0.92 0.92 0.92 0.92 0.92 0.92 0.92 0.92 0.92 0.92
  per-rule acc: 0.73 1.00
Epoch 5360 | Train: Loss=0.0032 Acc=100.0% | Test: Acc=91.7% | Best=91.7%(@5360)
  from x3: 0.92 0.92 0.92 0.92 0.92 0.92 0.92 0.92 0.92 0.92 0.92 0.92 0.91
  per-rule acc: 0.73 1.00
Epoch 5380 | Train: Loss=0.0040 Acc=100.0% | Test: Acc=91.6% | Best=91.7%(@5360)
  from x3: 0.92 0.92 0.92 0.92 0.92 0.92 0.92 0.92 0.92 0.92 0.92 0.92 0.91
  per-rule acc: 0.73 1.00
Epoch 5400 | Train: Loss=0.0031 Acc=100.0% | Test: Acc=91.7% | Best=91.7%(@5400)
  from x3: 0.92 0.92 0.92 0.92 0.92 0.92 0.92 0.92 0.92 0.92 0.92 0.92 0.92
  per-rule acc: 0.74 1.00
Epoch 5420 | Train: Loss=0.0031 Acc=100.0% | Test: Acc=91.7% | Best=91.7%(@5400)
  from x3: 0.92 0.92 0.92 0.92 0.92 0.92 0.92 0.92 0.92 0.92 0.92 0.92 0.91
  per-rule acc: 0.73 1.00
Epoch 5440 | Train: Loss=0.0032 Acc=100.0% | Test: Acc=91.9% | Best=91.9%(@5440)
  from x3: 0.92 0.92 0.92 0.92 0.92 0.92 0.92 0.92 0.92 0.92 0.92 0.92 0.92
  per-rule acc: 0.74 1.00
Epoch 5460 | Train: Loss=0.0030 Acc=100.0% | Test: Acc=92.0% | Best=92.0%(@5460)
  from x3: 0.92 0.92 0.92 0.92 0.92 0.92 0.92 0.92 0.92 0.92 0.92 0.92 0.92
  per-rule acc: 0.74 1.00
Epoch 5480 | Train: Loss=0.0029 Acc=100.0% | Test: Acc=91.8% | Best=92.0%(@5460)
  from x3: 0.92 0.92 0.92 0.92 0.92 0.92 0.92 0.92 0.92 0.92 0.92 0.92 0.92
  per-rule acc: 0.74 1.00
Epoch 5500 | Train: Loss=0.0028 Acc=100.0% | Test: Acc=92.1% | Best=92.1%(@5500)
  from x3: 0.93 0.92 0.92 0.92 0.92 0.92 0.92 0.92 0.92 0.92 0.92 0.92 0.92
  per-rule acc: 0.75 1.00
Epoch 5520 | Train: Loss=0.0026 Acc=100.0% | Test: Acc=92.3% | Best=92.3%(@5520)
  from x3: 0.93 0.92 0.92 0.92 0.92 0.92 0.92 0.92 0.92 0.92 0.92 0.92 0.92
  per-rule acc: 0.75 1.00
Epoch 5540 | Train: Loss=0.0029 Acc=100.0% | Test: Acc=92.2% | Best=92.3%(@5520)
  from x3: 0.93 0.92 0.92 0.92 0.92 0.92 0.92 0.92 0.92 0.92 0.92 0.92 0.92
  per-rule acc: 0.75 1.00
Epoch 5560 | Train: Loss=0.0030 Acc=100.0% | Test: Acc=92.2% | Best=92.3%(@5520)
  from x3: 0.92 0.92 0.92 0.92 0.92 0.92 0.92 0.92 0.92 0.92 0.92 0.92 0.92
  per-rule acc: 0.75 1.00
Epoch 5580 | Train: Loss=0.0031 Acc=100.0% | Test: Acc=92.2% | Best=92.3%(@5520)
  from x3: 0.92 0.92 0.92 0.92 0.92 0.92 0.92 0.92 0.92 0.92 0.92 0.92 0.92
  per-rule acc: 0.75 1.00
Epoch 5600 | Train: Loss=0.0029 Acc=100.0% | Test: Acc=92.3% | Best=92.3%(@5600)
  from x3: 0.93 0.92 0.92 0.92 0.92 0.92 0.92 0.92 0.92 0.92 0.92 0.92 0.92
  per-rule acc: 0.76 1.00
Epoch 5620 | Train: Loss=0.0027 Acc=100.0% | Test: Acc=92.4% | Best=92.4%(@5620)
  from x3: 0.93 0.92 0.92 0.92 0.92 0.92 0.92 0.92 0.92 0.92 0.92 0.92 0.92
  per-rule acc: 0.76 1.00
Epoch 5640 | Train: Loss=0.0024 Acc=100.0% | Test: Acc=92.4% | Best=92.4%(@5640)
  from x3: 0.93 0.93 0.92 0.92 0.92 0.92 0.92 0.92 0.92 0.92 0.92 0.92 0.92
  per-rule acc: 0.76 1.00
Epoch 5660 | Train: Loss=0.0028 Acc=100.0% | Test: Acc=92.6% | Best=92.6%(@5660)
  from x3: 0.93 0.93 0.93 0.93 0.93 0.93 0.93 0.93 0.93 0.93 0.93 0.93 0.92
  per-rule acc: 0.76 1.00
Epoch 5680 | Train: Loss=0.0030 Acc=100.0% | Test: Acc=92.5% | Best=92.6%(@5660)
  from x3: 0.93 0.93 0.92 0.92 0.92 0.92 0.92 0.92 0.92 0.93 0.93 0.93 0.92
  per-rule acc: 0.76 1.00
Epoch 5700 | Train: Loss=0.0025 Acc=100.0% | Test: Acc=92.7% | Best=92.7%(@5700)
  from x3: 0.93 0.93 0.93 0.93 0.93 0.93 0.93 0.93 0.93 0.93 0.93 0.93 0.93
  per-rule acc: 0.77 1.00
Epoch 5720 | Train: Loss=0.0038 Acc=100.0% | Test: Acc=92.5% | Best=92.7%(@5700)
  from x3: 0.93 0.93 0.93 0.93 0.93 0.93 0.93 0.93 0.92 0.92 0.92 0.92 0.92
  per-rule acc: 0.76 1.00
Epoch 5740 | Train: Loss=0.0027 Acc=100.0% | Test: Acc=92.7% | Best=92.7%(@5700)
  from x3: 0.93 0.93 0.93 0.93 0.93 0.93 0.93 0.93 0.93 0.93 0.93 0.93 0.93
  per-rule acc: 0.77 1.00
Epoch 5760 | Train: Loss=0.0029 Acc=100.0% | Test: Acc=92.7% | Best=92.7%(@5700)
  from x3: 0.93 0.93 0.93 0.93 0.93 0.93 0.93 0.93 0.93 0.93 0.93 0.93 0.93
  per-rule acc: 0.77 1.00
Epoch 5780 | Train: Loss=0.0027 Acc=100.0% | Test: Acc=92.8% | Best=92.8%(@5780)
  from x3: 0.93 0.93 0.93 0.93 0.93 0.93 0.93 0.93 0.93 0.93 0.93 0.93 0.93
  per-rule acc: 0.77 1.00
Epoch 5800 | Train: Loss=0.0032 Acc=100.0% | Test: Acc=92.8% | Best=92.8%(@5800)
  from x3: 0.93 0.93 0.93 0.93 0.93 0.93 0.93 0.93 0.93 0.93 0.93 0.93 0.93
  per-rule acc: 0.77 1.00
Epoch 5820 | Train: Loss=0.0029 Acc=100.0% | Test: Acc=92.8% | Best=92.8%(@5800)
  from x3: 0.93 0.93 0.93 0.93 0.93 0.93 0.93 0.93 0.93 0.93 0.93 0.93 0.93
  per-rule acc: 0.77 1.00
Epoch 5840 | Train: Loss=0.0030 Acc=100.0% | Test: Acc=92.9% | Best=92.9%(@5840)
  from x3: 0.93 0.93 0.93 0.93 0.93 0.93 0.93 0.93 0.93 0.93 0.93 0.93 0.93
  per-rule acc: 0.77 1.00
Epoch 5860 | Train: Loss=0.0032 Acc=100.0% | Test: Acc=92.9% | Best=92.9%(@5860)
  from x3: 0.94 0.93 0.93 0.93 0.93 0.93 0.93 0.93 0.93 0.93 0.93 0.93 0.93
  per-rule acc: 0.77 1.00
Epoch 5880 | Train: Loss=0.0028 Acc=100.0% | Test: Acc=92.9% | Best=92.9%(@5860)
  from x3: 0.93 0.93 0.93 0.93 0.93 0.93 0.93 0.93 0.93 0.93 0.93 0.93 0.93
  per-rule acc: 0.77 1.00
Epoch 5900 | Train: Loss=0.0029 Acc=100.0% | Test: Acc=92.6% | Best=92.9%(@5860)
  from x3: 0.93 0.93 0.93 0.93 0.93 0.93 0.93 0.93 0.92 0.92 0.92 0.92 0.92
  per-rule acc: 0.76 1.00
Epoch 5920 | Train: Loss=0.0030 Acc=100.0% | Test: Acc=92.8% | Best=92.9%(@5860)
  from x3: 0.93 0.93 0.93 0.93 0.93 0.93 0.93 0.93 0.93 0.93 0.93 0.93 0.93
  per-rule acc: 0.77 1.00
Epoch 5940 | Train: Loss=0.0027 Acc=100.0% | Test: Acc=92.8% | Best=92.9%(@5860)
  from x3: 0.93 0.93 0.93 0.93 0.93 0.93 0.93 0.93 0.93 0.93 0.93 0.93 0.93
  per-rule acc: 0.77 1.00
Epoch 5960 | Train: Loss=0.0028 Acc=100.0% | Test: Acc=93.0% | Best=93.0%(@5960)
  from x3: 0.93 0.93 0.93 0.93 0.93 0.93 0.93 0.93 0.93 0.93 0.93 0.93 0.93
  per-rule acc: 0.78 1.00
Epoch 5980 | Train: Loss=0.0027 Acc=100.0% | Test: Acc=92.8% | Best=93.0%(@5960)
  from x3: 0.93 0.93 0.93 0.93 0.93 0.93 0.93 0.93 0.93 0.93 0.93 0.93 0.93
  per-rule acc: 0.77 1.00
Epoch 6000 | Train: Loss=0.0025 Acc=100.0% | Test: Acc=92.9% | Best=93.0%(@5960)
  from x3: 0.93 0.93 0.93 0.93 0.93 0.93 0.93 0.93 0.93 0.93 0.93 0.93 0.93
  per-rule acc: 0.77 1.00
Epoch 6020 | Train: Loss=0.0020 Acc=100.0% | Test: Acc=92.9% | Best=93.0%(@5960)
  from x3: 0.93 0.93 0.93 0.93 0.93 0.93 0.93 0.93 0.93 0.93 0.93 0.93 0.93
  per-rule acc: 0.77 1.00
Epoch 6040 | Train: Loss=0.0027 Acc=100.0% | Test: Acc=92.7% | Best=93.0%(@5960)
  from x3: 0.93 0.93 0.93 0.93 0.93 0.93 0.93 0.93 0.93 0.93 0.93 0.93 0.93
  per-rule acc: 0.77 1.00
Epoch 6060 | Train: Loss=0.0025 Acc=100.0% | Test: Acc=92.8% | Best=93.0%(@5960)
  from x3: 0.93 0.93 0.93 0.93 0.93 0.93 0.93 0.93 0.93 0.93 0.93 0.93 0.93
  per-rule acc: 0.77 1.00
Epoch 6080 | Train: Loss=0.0026 Acc=100.0% | Test: Acc=92.8% | Best=93.0%(@5960)
  from x3: 0.93 0.93 0.93 0.93 0.93 0.93 0.93 0.93 0.93 0.93 0.93 0.93 0.93
  per-rule acc: 0.77 1.00
Epoch 6100 | Train: Loss=0.0029 Acc=100.0% | Test: Acc=92.8% | Best=93.0%(@5960)
  from x3: 0.93 0.93 0.93 0.93 0.93 0.93 0.93 0.93 0.93 0.93 0.93 0.93 0.93
  per-rule acc: 0.77 1.00
Epoch 6120 | Train: Loss=0.0045 Acc=100.0% | Test: Acc=92.3% | Best=93.0%(@5960)
  from x3: 0.92 0.92 0.92 0.92 0.92 0.92 0.92 0.92 0.92 0.92 0.92 0.92 0.92
  per-rule acc: 0.75 1.00
Epoch 6140 | Train: Loss=0.0027 Acc=100.0% | Test: Acc=93.0% | Best=93.0%(@5960)
  from x3: 0.93 0.93 0.93 0.93 0.93 0.93 0.93 0.93 0.93 0.93 0.93 0.93 0.93
  per-rule acc: 0.78 1.00
Epoch 6160 | Train: Loss=0.0025 Acc=100.0% | Test: Acc=92.9% | Best=93.0%(@5960)
  from x3: 0.93 0.93 0.93 0.93 0.93 0.93 0.93 0.93 0.93 0.93 0.93 0.93 0.93
  per-rule acc: 0.77 1.00
Epoch 6180 | Train: Loss=0.0065 Acc=100.0% | Test: Acc=92.6% | Best=93.0%(@5960)
  from x3: 0.93 0.93 0.93 0.93 0.93 0.93 0.93 0.93 0.93 0.93 0.93 0.93 0.92
  per-rule acc: 0.76 1.00
Epoch 6200 | Train: Loss=0.0032 Acc=100.0% | Test: Acc=93.0% | Best=93.0%(@5960)
  from x3: 0.93 0.93 0.93 0.93 0.93 0.93 0.93 0.93 0.93 0.93 0.93 0.93 0.93
  per-rule acc: 0.78 1.00
Epoch 6220 | Train: Loss=0.0026 Acc=100.0% | Test: Acc=93.1% | Best=93.1%(@6220)
  from x3: 0.93 0.93 0.93 0.93 0.93 0.93 0.93 0.93 0.93 0.93 0.93 0.93 0.93
  per-rule acc: 0.78 1.00
Epoch 6240 | Train: Loss=0.0024 Acc=100.0% | Test: Acc=93.0% | Best=93.1%(@6220)
  from x3: 0.93 0.93 0.93 0.93 0.93 0.93 0.93 0.93 0.93 0.93 0.93 0.93 0.93
  per-rule acc: 0.78 1.00
Epoch 6260 | Train: Loss=0.0023 Acc=100.0% | Test: Acc=93.2% | Best=93.2%(@6260)
  from x3: 0.94 0.93 0.93 0.93 0.93 0.93 0.93 0.93 0.93 0.93 0.93 0.93 0.93
  per-rule acc: 0.78 1.00
Epoch 6280 | Train: Loss=0.0036 Acc=100.0% | Test: Acc=92.7% | Best=93.2%(@6260)
  from x3: 0.93 0.93 0.93 0.93 0.93 0.93 0.93 0.93 0.93 0.93 0.93 0.93 0.93
  per-rule acc: 0.77 1.00
Epoch 6300 | Train: Loss=0.0033 Acc=100.0% | Test: Acc=93.0% | Best=93.2%(@6260)
  from x3: 0.94 0.93 0.93 0.93 0.93 0.93 0.93 0.93 0.93 0.93 0.93 0.93 0.93
  per-rule acc: 0.78 1.00
Epoch 6320 | Train: Loss=0.0027 Acc=100.0% | Test: Acc=92.9% | Best=93.2%(@6260)
  from x3: 0.93 0.93 0.93 0.93 0.93 0.93 0.93 0.93 0.93 0.93 0.93 0.93 0.93
  per-rule acc: 0.77 1.00
Epoch 6340 | Train: Loss=0.0025 Acc=100.0% | Test: Acc=93.1% | Best=93.2%(@6260)
  from x3: 0.94 0.93 0.93 0.93 0.93 0.93 0.93 0.93 0.93 0.93 0.93 0.93 0.93
  per-rule acc: 0.78 1.00
Epoch 6360 | Train: Loss=0.0025 Acc=100.0% | Test: Acc=93.0% | Best=93.2%(@6260)
  from x3: 0.94 0.93 0.93 0.93 0.93 0.93 0.93 0.93 0.93 0.93 0.93 0.93 0.93
  per-rule acc: 0.78 1.00
Epoch 6380 | Train: Loss=0.0023 Acc=100.0% | Test: Acc=93.0% | Best=93.2%(@6260)
  from x3: 0.93 0.93 0.93 0.93 0.93 0.93 0.93 0.93 0.93 0.93 0.93 0.93 0.93
  per-rule acc: 0.78 1.00
Epoch 6400 | Train: Loss=0.0027 Acc=100.0% | Test: Acc=93.2% | Best=93.2%(@6400)
  from x3: 0.94 0.93 0.93 0.93 0.93 0.93 0.93 0.93 0.93 0.93 0.93 0.93 0.93
  per-rule acc: 0.78 1.00
Epoch 6420 | Train: Loss=0.0025 Acc=100.0% | Test: Acc=93.2% | Best=93.2%(@6400)
  from x3: 0.94 0.93 0.93 0.93 0.93 0.93 0.93 0.93 0.93 0.93 0.93 0.93 0.93
  per-rule acc: 0.78 1.00
Epoch 6440 | Train: Loss=0.0023 Acc=100.0% | Test: Acc=93.3% | Best=93.3%(@6440)
  from x3: 0.94 0.93 0.93 0.93 0.93 0.93 0.93 0.93 0.93 0.93 0.93 0.93 0.93
  per-rule acc: 0.79 1.00
Epoch 6460 | Train: Loss=0.0024 Acc=100.0% | Test: Acc=93.3% | Best=93.3%(@6460)
  from x3: 0.94 0.93 0.93 0.93 0.93 0.93 0.93 0.93 0.93 0.93 0.93 0.93 0.93
  per-rule acc: 0.79 1.00
Epoch 6480 | Train: Loss=0.0020 Acc=100.0% | Test: Acc=93.4% | Best=93.4%(@6480)
  from x3: 0.94 0.93 0.93 0.93 0.93 0.93 0.93 0.93 0.93 0.93 0.93 0.93 0.93
  per-rule acc: 0.79 1.00
Epoch 6500 | Train: Loss=0.0023 Acc=100.0% | Test: Acc=93.4% | Best=93.4%(@6480)
  from x3: 0.94 0.93 0.93 0.93 0.93 0.93 0.93 0.93 0.93 0.93 0.93 0.93 0.93
  per-rule acc: 0.79 1.00
Epoch 6520 | Train: Loss=0.0087 Acc=99.9% | Test: Acc=92.4% | Best=93.4%(@6480)
  from x3: 0.93 0.92 0.92 0.92 0.92 0.92 0.92 0.92 0.92 0.92 0.92 0.92 0.92
  per-rule acc: 0.76 1.00
Epoch 6540 | Train: Loss=0.0029 Acc=100.0% | Test: Acc=93.1% | Best=93.4%(@6480)
  from x3: 0.94 0.93 0.93 0.93 0.93 0.93 0.93 0.93 0.93 0.93 0.93 0.93 0.93
  per-rule acc: 0.78 1.00
Epoch 6560 | Train: Loss=0.0021 Acc=100.0% | Test: Acc=93.3% | Best=93.4%(@6480)
  from x3: 0.94 0.93 0.93 0.93 0.93 0.93 0.93 0.93 0.93 0.93 0.93 0.93 0.93
  per-rule acc: 0.79 1.00
Epoch 6580 | Train: Loss=0.0024 Acc=100.0% | Test: Acc=93.4% | Best=93.4%(@6480)
  from x3: 0.94 0.93 0.93 0.93 0.93 0.93 0.93 0.93 0.93 0.93 0.93 0.93 0.93
  per-rule acc: 0.79 1.00
Epoch 6600 | Train: Loss=0.0021 Acc=100.0% | Test: Acc=93.3% | Best=93.4%(@6480)
  from x3: 0.94 0.93 0.93 0.93 0.93 0.93 0.93 0.93 0.93 0.93 0.93 0.93 0.93
  per-rule acc: 0.79 1.00
Epoch 6620 | Train: Loss=0.0022 Acc=100.0% | Test: Acc=93.6% | Best=93.6%(@6620)
  from x3: 0.94 0.94 0.93 0.94 0.93 0.93 0.93 0.93 0.94 0.94 0.94 0.94 0.94
  per-rule acc: 0.79 1.00
Epoch 6640 | Train: Loss=0.0039 Acc=100.0% | Test: Acc=93.2% | Best=93.6%(@6620)
  from x3: 0.94 0.93 0.93 0.93 0.93 0.93 0.93 0.93 0.93 0.93 0.93 0.93 0.93
  per-rule acc: 0.78 1.00
Epoch 6660 | Train: Loss=0.0022 Acc=100.0% | Test: Acc=93.4% | Best=93.6%(@6620)
  from x3: 0.94 0.94 0.93 0.93 0.93 0.93 0.93 0.93 0.93 0.93 0.93 0.93 0.93
  per-rule acc: 0.79 1.00
Epoch 6680 | Train: Loss=0.0028 Acc=100.0% | Test: Acc=93.5% | Best=93.6%(@6620)
  from x3: 0.94 0.94 0.93 0.93 0.93 0.94 0.94 0.93 0.93 0.93 0.93 0.93 0.93
  per-rule acc: 0.79 1.00
Epoch 6700 | Train: Loss=0.0022 Acc=100.0% | Test: Acc=93.6% | Best=93.6%(@6700)
  from x3: 0.94 0.94 0.93 0.94 0.94 0.94 0.94 0.94 0.94 0.94 0.94 0.94 0.94
  per-rule acc: 0.80 1.00
Epoch 6720 | Train: Loss=0.0028 Acc=100.0% | Test: Acc=93.5% | Best=93.6%(@6700)
  from x3: 0.94 0.94 0.93 0.93 0.93 0.93 0.93 0.93 0.94 0.94 0.93 0.93 0.93
  per-rule acc: 0.79 1.00
Epoch 6740 | Train: Loss=0.0024 Acc=100.0% | Test: Acc=93.7% | Best=93.7%(@6740)
  from x3: 0.94 0.94 0.94 0.94 0.94 0.94 0.94 0.94 0.94 0.94 0.94 0.94 0.94
  per-rule acc: 0.80 1.00
Epoch 6760 | Train: Loss=0.0020 Acc=100.0% | Test: Acc=93.7% | Best=93.7%(@6740)
  from x3: 0.94 0.94 0.94 0.94 0.94 0.94 0.94 0.94 0.94 0.94 0.94 0.94 0.94
  per-rule acc: 0.80 1.00
Epoch 6780 | Train: Loss=0.0018 Acc=100.0% | Test: Acc=93.7% | Best=93.7%(@6740)
  from x3: 0.94 0.94 0.94 0.94 0.94 0.94 0.94 0.94 0.94 0.94 0.94 0.94 0.94
  per-rule acc: 0.80 1.00
Epoch 6800 | Train: Loss=0.0025 Acc=100.0% | Test: Acc=93.5% | Best=93.7%(@6740)
  from x3: 0.94 0.93 0.93 0.93 0.93 0.94 0.94 0.94 0.94 0.94 0.94 0.94 0.93
  per-rule acc: 0.79 1.00
Epoch 6820 | Train: Loss=0.0024 Acc=100.0% | Test: Acc=93.6% | Best=93.7%(@6740)
  from x3: 0.94 0.94 0.94 0.94 0.94 0.94 0.94 0.93 0.94 0.94 0.94 0.94 0.94
  per-rule acc: 0.79 1.00
Epoch 6840 | Train: Loss=0.0021 Acc=100.0% | Test: Acc=93.8% | Best=93.8%(@6840)
  from x3: 0.94 0.94 0.94 0.94 0.94 0.94 0.94 0.94 0.94 0.94 0.94 0.94 0.94
  per-rule acc: 0.80 1.00
Epoch 6860 | Train: Loss=0.0021 Acc=100.0% | Test: Acc=93.9% | Best=93.9%(@6860)
  from x3: 0.94 0.94 0.94 0.94 0.94 0.94 0.94 0.94 0.94 0.94 0.94 0.94 0.94
  per-rule acc: 0.81 1.00
Epoch 6880 | Train: Loss=0.0019 Acc=100.0% | Test: Acc=93.8% | Best=93.9%(@6860)
  from x3: 0.94 0.94 0.94 0.94 0.94 0.94 0.94 0.94 0.94 0.94 0.94 0.94 0.94
  per-rule acc: 0.80 1.00
Epoch 6900 | Train: Loss=0.0019 Acc=100.0% | Test: Acc=93.9% | Best=93.9%(@6900)
  from x3: 0.94 0.94 0.94 0.94 0.94 0.94 0.94 0.94 0.94 0.94 0.94 0.94 0.94
  per-rule acc: 0.81 1.00
Epoch 6920 | Train: Loss=0.0023 Acc=100.0% | Test: Acc=93.7% | Best=93.9%(@6900)
  from x3: 0.94 0.94 0.94 0.94 0.94 0.94 0.94 0.94 0.94 0.94 0.94 0.94 0.94
  per-rule acc: 0.80 1.00
Epoch 6940 | Train: Loss=0.0020 Acc=100.0% | Test: Acc=93.6% | Best=93.9%(@6900)
  from x3: 0.94 0.94 0.94 0.94 0.94 0.94 0.94 0.94 0.94 0.94 0.94 0.94 0.94
  per-rule acc: 0.80 1.00
Epoch 6960 | Train: Loss=0.0020 Acc=100.0% | Test: Acc=93.8% | Best=93.9%(@6900)
  from x3: 0.94 0.94 0.94 0.94 0.94 0.94 0.94 0.94 0.94 0.94 0.94 0.94 0.94
  per-rule acc: 0.80 1.00
Epoch 6980 | Train: Loss=0.0019 Acc=100.0% | Test: Acc=93.8% | Best=93.9%(@6900)
  from x3: 0.94 0.94 0.94 0.94 0.94 0.94 0.94 0.94 0.94 0.94 0.94 0.94 0.94
  per-rule acc: 0.80 1.00
Epoch 7000 | Train: Loss=0.0018 Acc=100.0% | Test: Acc=93.8% | Best=93.9%(@6900)
  from x3: 0.94 0.94 0.94 0.94 0.94 0.94 0.94 0.94 0.94 0.94 0.94 0.94 0.94
  per-rule acc: 0.80 1.00
Epoch 7020 | Train: Loss=0.0016 Acc=100.0% | Test: Acc=94.0% | Best=94.0%(@7020)
  from x3: 0.94 0.94 0.94 0.94 0.94 0.94 0.94 0.94 0.94 0.94 0.94 0.94 0.94
  per-rule acc: 0.81 1.00
Epoch 7040 | Train: Loss=0.0017 Acc=100.0% | Test: Acc=93.9% | Best=94.0%(@7020)
  from x3: 0.94 0.94 0.94 0.94 0.94 0.94 0.94 0.94 0.94 0.94 0.94 0.94 0.94
  per-rule acc: 0.81 1.00
Epoch 7060 | Train: Loss=0.0018 Acc=100.0% | Test: Acc=94.0% | Best=94.0%(@7020)
  from x3: 0.95 0.94 0.94 0.94 0.94 0.94 0.94 0.94 0.94 0.94 0.94 0.94 0.94
  per-rule acc: 0.81 1.00
Epoch 7080 | Train: Loss=0.0020 Acc=100.0% | Test: Acc=93.8% | Best=94.0%(@7020)
  from x3: 0.94 0.94 0.94 0.94 0.94 0.94 0.94 0.94 0.94 0.94 0.94 0.94 0.94
  per-rule acc: 0.80 1.00
Epoch 7100 | Train: Loss=0.0059 Acc=99.9% | Test: Acc=93.3% | Best=94.0%(@7020)
  from x3: 0.94 0.93 0.93 0.93 0.93 0.93 0.93 0.93 0.93 0.93 0.93 0.93 0.93
  per-rule acc: 0.79 1.00
Epoch 7120 | Train: Loss=0.0019 Acc=100.0% | Test: Acc=94.1% | Best=94.1%(@7120)
  from x3: 0.94 0.94 0.94 0.94 0.94 0.94 0.94 0.94 0.94 0.94 0.94 0.94 0.94
  per-rule acc: 0.81 1.00
Epoch 7140 | Train: Loss=0.0028 Acc=100.0% | Test: Acc=94.0% | Best=94.1%(@7120)
  from x3: 0.94 0.94 0.94 0.94 0.94 0.94 0.94 0.94 0.94 0.94 0.94 0.94 0.94
  per-rule acc: 0.81 1.00
Epoch 7160 | Train: Loss=0.0018 Acc=100.0% | Test: Acc=94.2% | Best=94.2%(@7160)
  from x3: 0.95 0.94 0.94 0.94 0.94 0.94 0.94 0.94 0.94 0.94 0.94 0.94 0.94
  per-rule acc: 0.81 1.00
Epoch 7180 | Train: Loss=0.0018 Acc=100.0% | Test: Acc=94.2% | Best=94.2%(@7160)
  from x3: 0.94 0.94 0.94 0.94 0.94 0.94 0.94 0.94 0.94 0.94 0.94 0.94 0.94
  per-rule acc: 0.81 1.00
Epoch 7200 | Train: Loss=0.0017 Acc=100.0% | Test: Acc=94.2% | Best=94.2%(@7200)
  from x3: 0.95 0.94 0.94 0.94 0.94 0.94 0.94 0.94 0.94 0.94 0.94 0.94 0.94
  per-rule acc: 0.81 1.00
Epoch 7220 | Train: Loss=0.0016 Acc=100.0% | Test: Acc=94.3% | Best=94.3%(@7220)
  from x3: 0.95 0.94 0.94 0.94 0.94 0.94 0.94 0.94 0.94 0.94 0.94 0.94 0.94
  per-rule acc: 0.82 1.00
Epoch 7240 | Train: Loss=0.0027 Acc=100.0% | Test: Acc=94.0% | Best=94.3%(@7220)
  from x3: 0.94 0.94 0.94 0.94 0.94 0.94 0.94 0.94 0.94 0.94 0.94 0.94 0.94
  per-rule acc: 0.81 1.00
Epoch 7260 | Train: Loss=0.0017 Acc=100.0% | Test: Acc=94.4% | Best=94.4%(@7260)
  from x3: 0.95 0.94 0.94 0.94 0.94 0.94 0.94 0.94 0.94 0.94 0.94 0.94 0.94
  per-rule acc: 0.82 1.00
Epoch 7280 | Train: Loss=0.0018 Acc=100.0% | Test: Acc=94.3% | Best=94.4%(@7260)
  from x3: 0.95 0.94 0.94 0.94 0.94 0.94 0.94 0.94 0.94 0.94 0.94 0.94 0.94
  per-rule acc: 0.82 1.00
Epoch 7300 | Train: Loss=0.0022 Acc=100.0% | Test: Acc=94.1% | Best=94.4%(@7260)
  from x3: 0.94 0.94 0.94 0.94 0.94 0.94 0.94 0.94 0.94 0.94 0.94 0.94 0.94
  per-rule acc: 0.81 1.00
Epoch 7320 | Train: Loss=0.0019 Acc=100.0% | Test: Acc=94.3% | Best=94.4%(@7260)
  from x3: 0.95 0.94 0.94 0.94 0.94 0.94 0.94 0.94 0.94 0.94 0.94 0.94 0.94
  per-rule acc: 0.82 1.00
Epoch 7340 | Train: Loss=0.0018 Acc=100.0% | Test: Acc=94.4% | Best=94.4%(@7340)
  from x3: 0.95 0.95 0.94 0.94 0.94 0.94 0.94 0.94 0.94 0.94 0.94 0.94 0.94
  per-rule acc: 0.82 1.00
Epoch 7360 | Train: Loss=0.0018 Acc=100.0% | Test: Acc=94.4% | Best=94.4%(@7340)
  from x3: 0.95 0.95 0.95 0.94 0.94 0.94 0.94 0.94 0.94 0.94 0.94 0.94 0.94
  per-rule acc: 0.82 1.00
Epoch 7380 | Train: Loss=0.0016 Acc=100.0% | Test: Acc=94.5% | Best=94.5%(@7380)
  from x3: 0.95 0.94 0.95 0.95 0.95 0.95 0.95 0.95 0.95 0.94 0.94 0.94 0.94
  per-rule acc: 0.82 1.00
Epoch 7400 | Train: Loss=0.0016 Acc=100.0% | Test: Acc=94.4% | Best=94.5%(@7380)
  from x3: 0.95 0.95 0.94 0.94 0.94 0.94 0.94 0.94 0.94 0.94 0.94 0.94 0.94
  per-rule acc: 0.82 1.00
Epoch 7420 | Train: Loss=0.0016 Acc=100.0% | Test: Acc=94.6% | Best=94.6%(@7420)
  from x3: 0.95 0.95 0.95 0.95 0.95 0.95 0.95 0.95 0.95 0.95 0.95 0.94 0.94
  per-rule acc: 0.83 1.00
Epoch 7440 | Train: Loss=0.0016 Acc=100.0% | Test: Acc=94.5% | Best=94.6%(@7420)
  from x3: 0.95 0.95 0.94 0.94 0.94 0.94 0.94 0.94 0.94 0.94 0.94 0.94 0.94
  per-rule acc: 0.82 1.00
Epoch 7460 | Train: Loss=0.0015 Acc=100.0% | Test: Acc=94.4% | Best=94.6%(@7420)
  from x3: 0.95 0.95 0.94 0.94 0.94 0.94 0.94 0.94 0.94 0.94 0.94 0.94 0.94
  per-rule acc: 0.82 1.00
Epoch 7480 | Train: Loss=0.0015 Acc=100.0% | Test: Acc=94.4% | Best=94.6%(@7420)
  from x3: 0.95 0.95 0.95 0.94 0.94 0.94 0.94 0.94 0.94 0.94 0.94 0.94 0.94
  per-rule acc: 0.82 1.00
Epoch 7500 | Train: Loss=0.0015 Acc=100.0% | Test: Acc=94.5% | Best=94.6%(@7420)
  from x3: 0.95 0.95 0.95 0.95 0.95 0.95 0.95 0.94 0.94 0.94 0.94 0.94 0.94
  per-rule acc: 0.82 1.00
Epoch 7520 | Train: Loss=0.0046 Acc=99.9% | Test: Acc=93.9% | Best=94.6%(@7420)
  from x3: 0.94 0.94 0.94 0.94 0.94 0.94 0.94 0.94 0.94 0.94 0.94 0.94 0.94
  per-rule acc: 0.81 1.00
Epoch 7540 | Train: Loss=0.0019 Acc=100.0% | Test: Acc=94.4% | Best=94.6%(@7420)
  from x3: 0.95 0.94 0.94 0.94 0.94 0.94 0.94 0.94 0.94 0.94 0.94 0.94 0.94
  per-rule acc: 0.82 1.00
Epoch 7560 | Train: Loss=0.0016 Acc=100.0% | Test: Acc=94.7% | Best=94.7%(@7560)
  from x3: 0.95 0.95 0.95 0.95 0.95 0.95 0.95 0.95 0.95 0.95 0.95 0.95 0.95
  per-rule acc: 0.83 1.00
Epoch 7580 | Train: Loss=0.0015 Acc=100.0% | Test: Acc=94.6% | Best=94.7%(@7560)
  from x3: 0.95 0.95 0.95 0.95 0.95 0.95 0.95 0.95 0.95 0.95 0.95 0.95 0.95
  per-rule acc: 0.83 1.00
Epoch 7600 | Train: Loss=0.0015 Acc=100.0% | Test: Acc=94.7% | Best=94.7%(@7560)
  from x3: 0.95 0.95 0.95 0.95 0.95 0.95 0.95 0.95 0.95 0.95 0.95 0.95 0.95
  per-rule acc: 0.83 1.00
Epoch 7620 | Train: Loss=0.0015 Acc=100.0% | Test: Acc=94.7% | Best=94.7%(@7620)
  from x3: 0.95 0.95 0.95 0.95 0.95 0.95 0.95 0.95 0.95 0.95 0.95 0.95 0.95
  per-rule acc: 0.83 1.00
Epoch 7640 | Train: Loss=0.0031 Acc=100.0% | Test: Acc=94.1% | Best=94.7%(@7620)
  from x3: 0.94 0.94 0.94 0.94 0.94 0.94 0.94 0.94 0.94 0.94 0.94 0.94 0.94
  per-rule acc: 0.81 1.00
Epoch 7660 | Train: Loss=0.0015 Acc=100.0% | Test: Acc=94.7% | Best=94.7%(@7660)
  from x3: 0.95 0.95 0.95 0.95 0.95 0.95 0.95 0.95 0.95 0.95 0.95 0.95 0.95
  per-rule acc: 0.83 1.00
Epoch 7680 | Train: Loss=0.0015 Acc=100.0% | Test: Acc=94.8% | Best=94.8%(@7680)
  from x3: 0.95 0.95 0.95 0.95 0.95 0.95 0.95 0.95 0.95 0.95 0.95 0.95 0.95
  per-rule acc: 0.83 1.00
Epoch 7700 | Train: Loss=0.0014 Acc=100.0% | Test: Acc=94.8% | Best=94.8%(@7700)
  from x3: 0.95 0.95 0.95 0.95 0.95 0.95 0.95 0.95 0.95 0.95 0.95 0.95 0.95
  per-rule acc: 0.83 1.00
Epoch 7720 | Train: Loss=0.0013 Acc=100.0% | Test: Acc=94.9% | Best=94.9%(@7720)
  from x3: 0.95 0.95 0.95 0.95 0.95 0.95 0.95 0.95 0.95 0.95 0.95 0.95 0.95
  per-rule acc: 0.84 1.00
Epoch 7740 | Train: Loss=0.0012 Acc=100.0% | Test: Acc=94.9% | Best=94.9%(@7740)
  from x3: 0.95 0.95 0.95 0.95 0.95 0.95 0.95 0.95 0.95 0.95 0.95 0.95 0.95
  per-rule acc: 0.84 1.00
Epoch 7760 | Train: Loss=0.0013 Acc=100.0% | Test: Acc=94.9% | Best=94.9%(@7740)
  from x3: 0.95 0.95 0.95 0.95 0.95 0.95 0.95 0.95 0.95 0.95 0.95 0.95 0.95
  per-rule acc: 0.84 1.00
Epoch 7780 | Train: Loss=0.0013 Acc=100.0% | Test: Acc=94.9% | Best=94.9%(@7780)
  from x3: 0.95 0.95 0.95 0.95 0.95 0.95 0.95 0.95 0.95 0.95 0.95 0.95 0.95
  per-rule acc: 0.84 1.00
Epoch 7800 | Train: Loss=0.0013 Acc=100.0% | Test: Acc=95.1% | Best=95.1%(@7800)
  from x3: 0.95 0.95 0.95 0.95 0.95 0.95 0.95 0.95 0.95 0.95 0.95 0.95 0.95
  per-rule acc: 0.84 1.00
Epoch 7820 | Train: Loss=0.0020 Acc=100.0% | Test: Acc=94.7% | Best=95.1%(@7800)
  from x3: 0.95 0.95 0.95 0.95 0.95 0.95 0.95 0.95 0.95 0.95 0.95 0.95 0.95
  per-rule acc: 0.83 1.00
Epoch 7840 | Train: Loss=0.0014 Acc=100.0% | Test: Acc=94.9% | Best=95.1%(@7800)
  from x3: 0.95 0.95 0.95 0.95 0.95 0.95 0.95 0.95 0.95 0.95 0.95 0.95 0.95
  per-rule acc: 0.84 1.00
Epoch 7860 | Train: Loss=0.0015 Acc=100.0% | Test: Acc=95.0% | Best=95.1%(@7800)
  from x3: 0.95 0.95 0.95 0.95 0.95 0.95 0.95 0.95 0.95 0.95 0.95 0.95 0.95
  per-rule acc: 0.84 1.00
Epoch 7880 | Train: Loss=0.0015 Acc=100.0% | Test: Acc=95.0% | Best=95.1%(@7800)
  from x3: 0.95 0.95 0.95 0.95 0.95 0.95 0.95 0.95 0.95 0.95 0.95 0.95 0.95
  per-rule acc: 0.84 1.00
Epoch 7900 | Train: Loss=0.0015 Acc=100.0% | Test: Acc=95.0% | Best=95.1%(@7800)
  from x3: 0.95 0.95 0.95 0.95 0.95 0.95 0.95 0.95 0.95 0.95 0.95 0.95 0.95
  per-rule acc: 0.84 1.00
Epoch 7920 | Train: Loss=0.0014 Acc=100.0% | Test: Acc=95.0% | Best=95.1%(@7800)
  from x3: 0.95 0.95 0.95 0.95 0.95 0.95 0.95 0.95 0.95 0.95 0.95 0.95 0.95
  per-rule acc: 0.84 1.00
Epoch 7940 | Train: Loss=0.0014 Acc=100.0% | Test: Acc=95.0% | Best=95.1%(@7800)
  from x3: 0.95 0.95 0.95 0.95 0.95 0.95 0.95 0.95 0.95 0.95 0.95 0.95 0.95
  per-rule acc: 0.84 1.00
Epoch 7960 | Train: Loss=0.0013 Acc=100.0% | Test: Acc=95.1% | Best=95.1%(@7960)
  from x3: 0.95 0.95 0.95 0.95 0.95 0.95 0.95 0.95 0.95 0.95 0.95 0.95 0.95
  per-rule acc: 0.84 1.00
Epoch 7980 | Train: Loss=0.0013 Acc=100.0% | Test: Acc=94.9% | Best=95.1%(@7960)
  from x3: 0.95 0.95 0.95 0.95 0.95 0.95 0.95 0.95 0.95 0.95 0.95 0.95 0.95
  per-rule acc: 0.84 1.00
Epoch 8000 | Train: Loss=0.0019 Acc=100.0% | Test: Acc=95.0% | Best=95.1%(@7960)
  from x3: 0.95 0.95 0.95 0.95 0.95 0.95 0.95 0.95 0.95 0.95 0.95 0.95 0.95
  per-rule acc: 0.84 1.00
Epoch 8020 | Train: Loss=0.0013 Acc=100.0% | Test: Acc=95.1% | Best=95.1%(@7960)
  from x3: 0.95 0.95 0.95 0.95 0.95 0.95 0.95 0.95 0.95 0.95 0.95 0.95 0.95
  per-rule acc: 0.84 1.00
Epoch 8040 | Train: Loss=0.0013 Acc=100.0% | Test: Acc=95.1% | Best=95.1%(@7960)
  from x3: 0.95 0.95 0.95 0.95 0.95 0.95 0.95 0.95 0.95 0.95 0.95 0.95 0.95
  per-rule acc: 0.84 1.00
Epoch 8060 | Train: Loss=0.0013 Acc=100.0% | Test: Acc=95.0% | Best=95.1%(@7960)
  from x3: 0.95 0.95 0.95 0.95 0.95 0.95 0.95 0.95 0.95 0.95 0.95 0.95 0.95
  per-rule acc: 0.84 1.00
Epoch 8080 | Train: Loss=0.0012 Acc=100.0% | Test: Acc=95.1% | Best=95.1%(@7960)
  from x3: 0.95 0.95 0.95 0.95 0.95 0.95 0.95 0.95 0.95 0.95 0.95 0.95 0.95
  per-rule acc: 0.84 1.00
Epoch 8100 | Train: Loss=0.0011 Acc=100.0% | Test: Acc=95.1% | Best=95.1%(@7960)
  from x3: 0.95 0.95 0.95 0.95 0.95 0.95 0.95 0.95 0.95 0.95 0.95 0.95 0.95
  per-rule acc: 0.84 1.00
Epoch 8120 | Train: Loss=0.0010 Acc=100.0% | Test: Acc=95.1% | Best=95.1%(@7960)
  from x3: 0.95 0.95 0.95 0.95 0.95 0.95 0.95 0.95 0.95 0.95 0.95 0.95 0.95
  per-rule acc: 0.84 1.00
Epoch 8140 | Train: Loss=0.0027 Acc=100.0% | Test: Acc=94.9% | Best=95.1%(@7960)
  from x3: 0.95 0.95 0.95 0.95 0.95 0.95 0.95 0.95 0.95 0.95 0.95 0.95 0.95
  per-rule acc: 0.84 1.00
Epoch 8160 | Train: Loss=0.0010 Acc=100.0% | Test: Acc=95.1% | Best=95.1%(@7960)
  from x3: 0.95 0.95 0.95 0.95 0.95 0.95 0.95 0.95 0.95 0.95 0.95 0.95 0.95
  per-rule acc: 0.84 1.00
Epoch 8180 | Train: Loss=0.0010 Acc=100.0% | Test: Acc=95.1% | Best=95.1%(@8180)
  from x3: 0.95 0.95 0.95 0.95 0.95 0.95 0.95 0.95 0.95 0.95 0.95 0.95 0.95
  per-rule acc: 0.84 1.00
Epoch 8200 | Train: Loss=0.0010 Acc=100.0% | Test: Acc=95.1% | Best=95.1%(@8180)
  from x3: 0.95 0.95 0.95 0.95 0.95 0.95 0.95 0.95 0.95 0.95 0.95 0.95 0.95
  per-rule acc: 0.84 1.00
Epoch 8220 | Train: Loss=0.0010 Acc=100.0% | Test: Acc=95.1% | Best=95.1%(@8180)
  from x3: 0.95 0.95 0.95 0.95 0.95 0.95 0.95 0.95 0.95 0.95 0.95 0.95 0.95
  per-rule acc: 0.84 1.00
Epoch 8240 | Train: Loss=0.0009 Acc=100.0% | Test: Acc=95.1% | Best=95.1%(@8240)
  from x3: 0.95 0.95 0.95 0.95 0.95 0.95 0.95 0.95 0.95 0.95 0.95 0.95 0.95
  per-rule acc: 0.84 1.00
Epoch 8260 | Train: Loss=0.0009 Acc=100.0% | Test: Acc=95.2% | Best=95.2%(@8260)
  from x3: 0.95 0.95 0.95 0.95 0.95 0.95 0.95 0.95 0.95 0.95 0.95 0.95 0.95
  per-rule acc: 0.85 1.00
Epoch 8280 | Train: Loss=0.0008 Acc=100.0% | Test: Acc=95.2% | Best=95.2%(@8280)
  from x3: 0.95 0.95 0.95 0.95 0.95 0.95 0.95 0.95 0.95 0.95 0.95 0.95 0.95
  per-rule acc: 0.85 1.00
Epoch 8300 | Train: Loss=0.0007 Acc=100.0% | Test: Acc=95.3% | Best=95.3%(@8300)
  from x3: 0.95 0.95 0.95 0.95 0.95 0.95 0.95 0.95 0.95 0.95 0.95 0.95 0.95
  per-rule acc: 0.85 1.00
Epoch 8320 | Train: Loss=0.0007 Acc=100.0% | Test: Acc=95.2% | Best=95.3%(@8300)
  from x3: 0.95 0.95 0.95 0.95 0.95 0.95 0.95 0.95 0.95 0.95 0.95 0.95 0.95
  per-rule acc: 0.85 1.00
Epoch 8340 | Train: Loss=0.0007 Acc=100.0% | Test: Acc=95.2% | Best=95.3%(@8300)
  from x3: 0.95 0.95 0.95 0.95 0.95 0.95 0.95 0.95 0.95 0.95 0.95 0.95 0.95
  per-rule acc: 0.85 1.00
Epoch 8360 | Train: Loss=0.0006 Acc=100.0% | Test: Acc=95.2% | Best=95.3%(@8300)
  from x3: 0.95 0.95 0.95 0.95 0.95 0.95 0.95 0.95 0.95 0.95 0.95 0.95 0.95
  per-rule acc: 0.85 1.00
Epoch 8380 | Train: Loss=0.0006 Acc=100.0% | Test: Acc=95.3% | Best=95.3%(@8300)
  from x3: 0.95 0.95 0.95 0.95 0.95 0.95 0.95 0.95 0.95 0.95 0.95 0.95 0.95
  per-rule acc: 0.85 1.00
Epoch 8400 | Train: Loss=0.0005 Acc=100.0% | Test: Acc=95.3% | Best=95.3%(@8400)
  from x3: 0.95 0.95 0.95 0.95 0.95 0.95 0.95 0.95 0.95 0.95 0.95 0.95 0.95
  per-rule acc: 0.85 1.00
Epoch 8420 | Train: Loss=0.0005 Acc=100.0% | Test: Acc=95.3% | Best=95.3%(@8420)
  from x3: 0.95 0.95 0.95 0.95 0.95 0.95 0.95 0.95 0.95 0.95 0.95 0.95 0.95
  per-rule acc: 0.85 1.00
Epoch 8440 | Train: Loss=0.0004 Acc=100.0% | Test: Acc=95.3% | Best=95.3%(@8440)
  from x3: 0.96 0.95 0.95 0.95 0.95 0.95 0.95 0.95 0.95 0.95 0.95 0.95 0.95
  per-rule acc: 0.85 1.00
Epoch 8460 | Train: Loss=0.0004 Acc=100.0% | Test: Acc=95.4% | Best=95.4%(@8460)
  from x3: 0.96 0.95 0.95 0.95 0.95 0.95 0.95 0.95 0.95 0.95 0.95 0.95 0.95
  per-rule acc: 0.85 1.00
Epoch 8480 | Train: Loss=0.0003 Acc=100.0% | Test: Acc=95.4% | Best=95.4%(@8480)
  from x3: 0.96 0.95 0.95 0.95 0.95 0.95 0.95 0.95 0.95 0.95 0.95 0.95 0.95
  per-rule acc: 0.85 1.00
Epoch 8500 | Train: Loss=0.0003 Acc=100.0% | Test: Acc=95.4% | Best=95.4%(@8500)
  from x3: 0.96 0.95 0.95 0.95 0.95 0.95 0.95 0.95 0.95 0.95 0.95 0.95 0.95
  per-rule acc: 0.85 1.00
Epoch 8520 | Train: Loss=0.0003 Acc=100.0% | Test: Acc=95.5% | Best=95.5%(@8520)
  from x3: 0.96 0.95 0.96 0.96 0.96 0.96 0.95 0.95 0.95 0.95 0.95 0.95 0.95
  per-rule acc: 0.86 1.00
Epoch 8540 | Train: Loss=0.0002 Acc=100.0% | Test: Acc=95.6% | Best=95.6%(@8540)
  from x3: 0.96 0.96 0.96 0.96 0.96 0.96 0.96 0.96 0.96 0.96 0.96 0.96 0.96
  per-rule acc: 0.86 1.00
Epoch 8560 | Train: Loss=0.0003 Acc=100.0% | Test: Acc=95.4% | Best=95.6%(@8540)
  from x3: 0.96 0.95 0.95 0.95 0.95 0.95 0.95 0.95 0.95 0.95 0.95 0.95 0.95
  per-rule acc: 0.85 1.00
Epoch 8580 | Train: Loss=0.0003 Acc=100.0% | Test: Acc=95.4% | Best=95.6%(@8540)
  from x3: 0.96 0.95 0.95 0.95 0.95 0.95 0.95 0.95 0.95 0.95 0.95 0.95 0.95
  per-rule acc: 0.85 1.00
Epoch 8600 | Train: Loss=0.0003 Acc=100.0% | Test: Acc=95.4% | Best=95.6%(@8540)
  from x3: 0.96 0.95 0.95 0.95 0.95 0.95 0.95 0.95 0.95 0.95 0.95 0.95 0.95
  per-rule acc: 0.85 1.00
Epoch 8620 | Train: Loss=0.0003 Acc=100.0% | Test: Acc=95.4% | Best=95.6%(@8540)
  from x3: 0.96 0.95 0.95 0.95 0.95 0.95 0.95 0.95 0.95 0.95 0.95 0.95 0.95
  per-rule acc: 0.85 1.00
Epoch 8640 | Train: Loss=0.0003 Acc=100.0% | Test: Acc=95.4% | Best=95.6%(@8540)
  from x3: 0.96 0.95 0.95 0.95 0.95 0.95 0.95 0.95 0.95 0.95 0.95 0.95 0.95
  per-rule acc: 0.85 1.00
Epoch 8660 | Train: Loss=0.0003 Acc=100.0% | Test: Acc=95.4% | Best=95.6%(@8540)
  from x3: 0.96 0.95 0.95 0.95 0.95 0.95 0.95 0.95 0.95 0.95 0.95 0.95 0.95
  per-rule acc: 0.85 1.00
Epoch 8680 | Train: Loss=0.0003 Acc=100.0% | Test: Acc=95.3% | Best=95.6%(@8540)
  from x3: 0.96 0.95 0.95 0.95 0.95 0.95 0.95 0.95 0.95 0.95 0.95 0.95 0.95
  per-rule acc: 0.85 1.00
Epoch 8700 | Train: Loss=0.0003 Acc=100.0% | Test: Acc=95.3% | Best=95.6%(@8540)
  from x3: 0.96 0.95 0.95 0.95 0.95 0.95 0.95 0.95 0.95 0.95 0.95 0.95 0.95
  per-rule acc: 0.85 1.00
Epoch 8720 | Train: Loss=0.0003 Acc=100.0% | Test: Acc=95.4% | Best=95.6%(@8540)
  from x3: 0.96 0.95 0.95 0.95 0.95 0.95 0.95 0.95 0.95 0.95 0.95 0.95 0.95
  per-rule acc: 0.85 1.00
Epoch 8740 | Train: Loss=0.0003 Acc=100.0% | Test: Acc=95.4% | Best=95.6%(@8540)
  from x3: 0.96 0.95 0.95 0.95 0.95 0.95 0.95 0.95 0.95 0.95 0.95 0.95 0.95
  per-rule acc: 0.85 1.00
Epoch 8760 | Train: Loss=0.0002 Acc=100.0% | Test: Acc=95.5% | Best=95.6%(@8540)
  from x3: 0.96 0.95 0.95 0.95 0.95 0.95 0.95 0.95 0.95 0.95 0.95 0.95 0.95
  per-rule acc: 0.86 1.00
Epoch 8780 | Train: Loss=0.0002 Acc=100.0% | Test: Acc=95.5% | Best=95.6%(@8540)
  from x3: 0.96 0.95 0.95 0.95 0.95 0.95 0.95 0.95 0.95 0.95 0.95 0.95 0.95
  per-rule acc: 0.86 1.00
Epoch 8800 | Train: Loss=0.0002 Acc=100.0% | Test: Acc=95.5% | Best=95.6%(@8540)
  from x3: 0.96 0.95 0.95 0.95 0.95 0.95 0.95 0.95 0.95 0.95 0.95 0.95 0.95
  per-rule acc: 0.86 1.00
Epoch 8820 | Train: Loss=0.0002 Acc=100.0% | Test: Acc=95.6% | Best=95.6%(@8820)
  from x3: 0.96 0.96 0.96 0.96 0.96 0.96 0.96 0.96 0.96 0.96 0.96 0.96 0.96
  per-rule acc: 0.86 1.00
Epoch 8840 | Train: Loss=0.0002 Acc=100.0% | Test: Acc=95.6% | Best=95.6%(@8840)
  from x3: 0.96 0.96 0.96 0.96 0.96 0.96 0.96 0.96 0.96 0.96 0.96 0.96 0.96
  per-rule acc: 0.86 1.00
Epoch 8860 | Train: Loss=0.0002 Acc=100.0% | Test: Acc=95.6% | Best=95.6%(@8860)
  from x3: 0.96 0.96 0.96 0.96 0.96 0.96 0.96 0.96 0.96 0.96 0.96 0.96 0.96
  per-rule acc: 0.86 1.00
Epoch 8880 | Train: Loss=0.0001 Acc=100.0% | Test: Acc=95.7% | Best=95.7%(@8880)
  from x3: 0.96 0.96 0.96 0.96 0.96 0.96 0.96 0.96 0.96 0.96 0.96 0.96 0.96
  per-rule acc: 0.86 1.00
Epoch 8900 | Train: Loss=0.0001 Acc=100.0% | Test: Acc=95.7% | Best=95.7%(@8900)
  from x3: 0.96 0.96 0.96 0.96 0.96 0.96 0.96 0.96 0.96 0.96 0.96 0.96 0.96
  per-rule acc: 0.86 1.00
Epoch 8920 | Train: Loss=0.0001 Acc=100.0% | Test: Acc=95.7% | Best=95.7%(@8920)
  from x3: 0.96 0.96 0.96 0.96 0.96 0.96 0.96 0.96 0.96 0.96 0.96 0.96 0.96
  per-rule acc: 0.86 1.00
Epoch 8940 | Train: Loss=0.0001 Acc=100.0% | Test: Acc=95.7% | Best=95.7%(@8940)
  from x3: 0.96 0.96 0.96 0.96 0.96 0.96 0.96 0.96 0.96 0.96 0.96 0.96 0.96
  per-rule acc: 0.86 1.00
Epoch 8960 | Train: Loss=0.0001 Acc=100.0% | Test: Acc=95.7% | Best=95.7%(@8960)
  from x3: 0.96 0.96 0.96 0.96 0.96 0.96 0.96 0.96 0.96 0.96 0.96 0.96 0.96
  per-rule acc: 0.86 1.00
Epoch 8980 | Train: Loss=0.0001 Acc=100.0% | Test: Acc=95.7% | Best=95.7%(@8980)
  from x3: 0.96 0.96 0.96 0.96 0.96 0.96 0.96 0.96 0.96 0.96 0.96 0.96 0.96
  per-rule acc: 0.86 1.00
Epoch 9000 | Train: Loss=0.0001 Acc=100.0% | Test: Acc=95.7% | Best=95.7%(@9000)
  from x3: 0.96 0.96 0.96 0.96 0.96 0.96 0.96 0.96 0.96 0.96 0.96 0.96 0.96
  per-rule acc: 0.86 1.00
Epoch 9020 | Train: Loss=0.0001 Acc=100.0% | Test: Acc=95.8% | Best=95.8%(@9020)
  from x3: 0.96 0.96 0.96 0.96 0.96 0.96 0.96 0.96 0.96 0.96 0.96 0.96 0.96
  per-rule acc: 0.86 1.00
Epoch 9040 | Train: Loss=0.0001 Acc=100.0% | Test: Acc=95.8% | Best=95.8%(@9020)
  from x3: 0.96 0.96 0.96 0.96 0.96 0.96 0.96 0.96 0.96 0.96 0.96 0.96 0.96
  per-rule acc: 0.86 1.00
Epoch 9060 | Train: Loss=0.0001 Acc=100.0% | Test: Acc=95.8% | Best=95.8%(@9020)
  from x3: 0.96 0.96 0.96 0.96 0.96 0.96 0.96 0.96 0.96 0.96 0.96 0.96 0.96
  per-rule acc: 0.86 1.00
Epoch 9080 | Train: Loss=0.0001 Acc=100.0% | Test: Acc=95.8% | Best=95.8%(@9080)
  from x3: 0.96 0.96 0.96 0.96 0.96 0.96 0.96 0.96 0.96 0.96 0.96 0.96 0.96
  per-rule acc: 0.87 1.00
Epoch 9100 | Train: Loss=0.0001 Acc=100.0% | Test: Acc=95.8% | Best=95.8%(@9080)
  from x3: 0.96 0.96 0.96 0.96 0.96 0.96 0.96 0.96 0.96 0.96 0.96 0.96 0.96
  per-rule acc: 0.87 1.00
Epoch 9120 | Train: Loss=0.0001 Acc=100.0% | Test: Acc=95.8% | Best=95.8%(@9080)
  from x3: 0.96 0.96 0.96 0.96 0.96 0.96 0.96 0.96 0.96 0.96 0.96 0.96 0.96
  per-rule acc: 0.87 1.00
Epoch 9140 | Train: Loss=0.0001 Acc=100.0% | Test: Acc=95.8% | Best=95.8%(@9080)
  from x3: 0.96 0.96 0.96 0.96 0.96 0.96 0.96 0.96 0.96 0.96 0.96 0.96 0.96
  per-rule acc: 0.87 1.00
Epoch 9160 | Train: Loss=0.0001 Acc=100.0% | Test: Acc=95.8% | Best=95.8%(@9080)
  from x3: 0.96 0.96 0.96 0.96 0.96 0.96 0.96 0.96 0.96 0.96 0.96 0.96 0.96
  per-rule acc: 0.87 1.00
Epoch 9180 | Train: Loss=0.0000 Acc=100.0% | Test: Acc=95.8% | Best=95.8%(@9080)
  from x3: 0.96 0.96 0.96 0.96 0.96 0.96 0.96 0.96 0.96 0.96 0.96 0.96 0.96
  per-rule acc: 0.87 1.00
Epoch 9200 | Train: Loss=0.0000 Acc=100.0% | Test: Acc=95.8% | Best=95.8%(@9200)
  from x3: 0.96 0.96 0.96 0.96 0.96 0.96 0.96 0.96 0.96 0.96 0.96 0.96 0.96
  per-rule acc: 0.87 1.00
Epoch 9220 | Train: Loss=0.0000 Acc=100.0% | Test: Acc=95.8% | Best=95.8%(@9220)
  from x3: 0.96 0.96 0.96 0.96 0.96 0.96 0.96 0.96 0.96 0.96 0.96 0.96 0.96
  per-rule acc: 0.87 1.00
Epoch 9240 | Train: Loss=0.0000 Acc=100.0% | Test: Acc=95.8% | Best=95.8%(@9220)
  from x3: 0.96 0.96 0.96 0.96 0.96 0.96 0.96 0.96 0.96 0.96 0.96 0.96 0.96
  per-rule acc: 0.87 1.00
Epoch 9260 | Train: Loss=0.0000 Acc=100.0% | Test: Acc=95.8% | Best=95.8%(@9260)
  from x3: 0.96 0.96 0.96 0.96 0.96 0.96 0.96 0.96 0.96 0.96 0.96 0.96 0.96
  per-rule acc: 0.87 1.00
Epoch 9280 | Train: Loss=0.0000 Acc=100.0% | Test: Acc=95.8% | Best=95.8%(@9280)
  from x3: 0.96 0.96 0.96 0.96 0.96 0.96 0.96 0.96 0.96 0.96 0.96 0.96 0.96
  per-rule acc: 0.87 1.00
Epoch 9300 | Train: Loss=0.0000 Acc=100.0% | Test: Acc=95.8% | Best=95.8%(@9280)
  from x3: 0.96 0.96 0.96 0.96 0.96 0.96 0.96 0.96 0.96 0.96 0.96 0.96 0.96
  per-rule acc: 0.87 1.00
Epoch 9320 | Train: Loss=0.0000 Acc=100.0% | Test: Acc=95.8% | Best=95.8%(@9280)
  from x3: 0.96 0.96 0.96 0.96 0.96 0.96 0.96 0.96 0.96 0.96 0.96 0.96 0.96
  per-rule acc: 0.87 1.00
Epoch 9340 | Train: Loss=0.0000 Acc=100.0% | Test: Acc=95.8% | Best=95.8%(@9280)
  from x3: 0.96 0.96 0.96 0.96 0.96 0.96 0.96 0.96 0.96 0.96 0.96 0.96 0.96
  per-rule acc: 0.87 1.00
Epoch 9360 | Train: Loss=0.0000 Acc=100.0% | Test: Acc=95.8% | Best=95.8%(@9280)
  from x3: 0.96 0.96 0.96 0.96 0.96 0.96 0.96 0.96 0.96 0.96 0.96 0.96 0.96
  per-rule acc: 0.87 1.00
Epoch 9380 | Train: Loss=0.0000 Acc=100.0% | Test: Acc=95.8% | Best=95.8%(@9280)
  from x3: 0.96 0.96 0.96 0.96 0.96 0.96 0.96 0.96 0.96 0.96 0.96 0.96 0.96
  per-rule acc: 0.87 1.00
Epoch 9400 | Train: Loss=0.0000 Acc=100.0% | Test: Acc=95.8% | Best=95.8%(@9280)
  from x3: 0.96 0.96 0.96 0.96 0.96 0.96 0.96 0.96 0.96 0.96 0.96 0.96 0.96
  per-rule acc: 0.87 1.00
Epoch 9420 | Train: Loss=0.0000 Acc=100.0% | Test: Acc=95.9% | Best=95.9%(@9420)
  from x3: 0.96 0.96 0.96 0.96 0.96 0.96 0.96 0.96 0.96 0.96 0.96 0.96 0.96
  per-rule acc: 0.87 1.00
Epoch 9440 | Train: Loss=0.0000 Acc=100.0% | Test: Acc=95.9% | Best=95.9%(@9420)
  from x3: 0.96 0.96 0.96 0.96 0.96 0.96 0.96 0.96 0.96 0.96 0.96 0.96 0.96
  per-rule acc: 0.87 1.00
Epoch 9460 | Train: Loss=0.0000 Acc=100.0% | Test: Acc=95.9% | Best=95.9%(@9460)
  from x3: 0.96 0.96 0.96 0.96 0.96 0.96 0.96 0.96 0.96 0.96 0.96 0.96 0.96
  per-rule acc: 0.87 1.00
Epoch 9480 | Train: Loss=0.0000 Acc=100.0% | Test: Acc=95.9% | Best=95.9%(@9460)
  from x3: 0.96 0.96 0.96 0.96 0.96 0.96 0.96 0.96 0.96 0.96 0.96 0.96 0.96
  per-rule acc: 0.87 1.00
Epoch 9500 | Train: Loss=0.0000 Acc=100.0% | Test: Acc=95.9% | Best=95.9%(@9460)
  from x3: 0.96 0.96 0.96 0.96 0.96 0.96 0.96 0.96 0.96 0.96 0.96 0.96 0.96
  per-rule acc: 0.87 1.00
Epoch 9520 | Train: Loss=0.0000 Acc=100.0% | Test: Acc=95.9% | Best=95.9%(@9520)
  from x3: 0.96 0.96 0.96 0.96 0.96 0.96 0.96 0.96 0.96 0.96 0.96 0.96 0.96
  per-rule acc: 0.87 1.00
Epoch 9540 | Train: Loss=0.0000 Acc=100.0% | Test: Acc=95.9% | Best=95.9%(@9540)
  from x3: 0.96 0.96 0.96 0.96 0.96 0.96 0.96 0.96 0.96 0.96 0.96 0.96 0.96
  per-rule acc: 0.87 1.00
Epoch 9560 | Train: Loss=0.0000 Acc=100.0% | Test: Acc=95.9% | Best=95.9%(@9540)
  from x3: 0.96 0.96 0.96 0.96 0.96 0.96 0.96 0.96 0.96 0.96 0.96 0.96 0.96
  per-rule acc: 0.87 1.00
Epoch 9580 | Train: Loss=0.0000 Acc=100.0% | Test: Acc=95.9% | Best=95.9%(@9540)
  from x3: 0.96 0.96 0.96 0.96 0.96 0.96 0.96 0.96 0.96 0.96 0.96 0.96 0.96
  per-rule acc: 0.87 1.00
Epoch 9600 | Train: Loss=0.0000 Acc=100.0% | Test: Acc=95.9% | Best=95.9%(@9540)
  from x3: 0.96 0.96 0.96 0.96 0.96 0.96 0.96 0.96 0.96 0.96 0.96 0.96 0.96
  per-rule acc: 0.87 1.00
Epoch 9620 | Train: Loss=0.0000 Acc=100.0% | Test: Acc=95.9% | Best=95.9%(@9540)
  from x3: 0.96 0.96 0.96 0.96 0.96 0.96 0.96 0.96 0.96 0.96 0.96 0.96 0.96
  per-rule acc: 0.87 1.00
Epoch 9640 | Train: Loss=0.0000 Acc=100.0% | Test: Acc=95.9% | Best=95.9%(@9540)
  from x3: 0.96 0.96 0.96 0.96 0.96 0.96 0.96 0.96 0.96 0.96 0.96 0.96 0.96
  per-rule acc: 0.87 1.00
Epoch 9660 | Train: Loss=0.0000 Acc=100.0% | Test: Acc=95.9% | Best=95.9%(@9540)
  from x3: 0.96 0.96 0.96 0.96 0.96 0.96 0.96 0.96 0.96 0.96 0.96 0.96 0.96
  per-rule acc: 0.87 1.00
Epoch 9680 | Train: Loss=0.0000 Acc=100.0% | Test: Acc=95.9% | Best=95.9%(@9680)
  from x3: 0.96 0.96 0.96 0.96 0.96 0.96 0.96 0.96 0.96 0.96 0.96 0.96 0.96
  per-rule acc: 0.87 1.00
Epoch 9700 | Train: Loss=0.0000 Acc=100.0% | Test: Acc=95.9% | Best=95.9%(@9680)
  from x3: 0.96 0.96 0.96 0.96 0.96 0.96 0.96 0.96 0.96 0.96 0.96 0.96 0.96
  per-rule acc: 0.87 1.00
Epoch 9720 | Train: Loss=0.0000 Acc=100.0% | Test: Acc=95.9% | Best=95.9%(@9680)
  from x3: 0.96 0.96 0.96 0.96 0.96 0.96 0.96 0.96 0.96 0.96 0.96 0.96 0.96
  per-rule acc: 0.87 1.00
Epoch 9740 | Train: Loss=0.0000 Acc=100.0% | Test: Acc=95.9% | Best=95.9%(@9680)
  from x3: 0.96 0.96 0.96 0.96 0.96 0.96 0.96 0.96 0.96 0.96 0.96 0.96 0.96
  per-rule acc: 0.87 1.00
Epoch 9760 | Train: Loss=0.0000 Acc=100.0% | Test: Acc=95.9% | Best=95.9%(@9680)
  from x3: 0.96 0.96 0.96 0.96 0.96 0.96 0.96 0.96 0.96 0.96 0.96 0.96 0.96
  per-rule acc: 0.87 1.00
Epoch 9780 | Train: Loss=0.0000 Acc=100.0% | Test: Acc=95.9% | Best=95.9%(@9680)
  from x3: 0.96 0.96 0.96 0.96 0.96 0.96 0.96 0.96 0.96 0.96 0.96 0.96 0.96
  per-rule acc: 0.87 1.00
Epoch 9800 | Train: Loss=0.0000 Acc=100.0% | Test: Acc=95.9% | Best=95.9%(@9680)
  from x3: 0.96 0.96 0.96 0.96 0.96 0.96 0.96 0.96 0.96 0.96 0.96 0.96 0.96
  per-rule acc: 0.87 1.00
Epoch 9820 | Train: Loss=0.0000 Acc=100.0% | Test: Acc=95.9% | Best=95.9%(@9680)
  from x3: 0.96 0.96 0.96 0.96 0.96 0.96 0.96 0.96 0.96 0.96 0.96 0.96 0.96
  per-rule acc: 0.87 1.00
Epoch 9840 | Train: Loss=0.0000 Acc=100.0% | Test: Acc=95.9% | Best=95.9%(@9680)
  from x3: 0.96 0.96 0.96 0.96 0.96 0.96 0.96 0.96 0.96 0.96 0.96 0.96 0.96
  per-rule acc: 0.87 1.00
Epoch 9860 | Train: Loss=0.0000 Acc=100.0% | Test: Acc=95.9% | Best=95.9%(@9680)
  from x3: 0.96 0.96 0.96 0.96 0.96 0.96 0.96 0.96 0.96 0.96 0.96 0.96 0.96
  per-rule acc: 0.87 1.00
Epoch 9880 | Train: Loss=0.0000 Acc=100.0% | Test: Acc=95.9% | Best=95.9%(@9680)
  from x3: 0.96 0.96 0.96 0.96 0.96 0.96 0.96 0.96 0.96 0.96 0.96 0.96 0.96
  per-rule acc: 0.87 1.00
Epoch 9900 | Train: Loss=0.0000 Acc=100.0% | Test: Acc=95.9% | Best=95.9%(@9680)
  from x3: 0.96 0.96 0.96 0.96 0.96 0.96 0.96 0.96 0.96 0.96 0.96 0.96 0.96
  per-rule acc: 0.87 1.00
Epoch 9920 | Train: Loss=0.0000 Acc=100.0% | Test: Acc=95.9% | Best=95.9%(@9680)
  from x3: 0.96 0.96 0.96 0.96 0.96 0.96 0.96 0.96 0.96 0.96 0.96 0.96 0.96
  per-rule acc: 0.87 1.00
Epoch 9940 | Train: Loss=0.0000 Acc=100.0% | Test: Acc=95.9% | Best=95.9%(@9940)
  from x3: 0.96 0.96 0.96 0.96 0.96 0.96 0.96 0.96 0.96 0.96 0.96 0.96 0.96
  per-rule acc: 0.87 1.00
Epoch 9960 | Train: Loss=0.0000 Acc=100.0% | Test: Acc=95.9% | Best=95.9%(@9940)
  from x3: 0.96 0.96 0.96 0.96 0.96 0.96 0.96 0.96 0.96 0.96 0.96 0.96 0.96
  per-rule acc: 0.87 1.00
Epoch 9980 | Train: Loss=0.0000 Acc=100.0% | Test: Acc=95.9% | Best=95.9%(@9940)
  from x3: 0.96 0.96 0.96 0.96 0.96 0.96 0.96 0.96 0.96 0.96 0.96 0.96 0.96
  per-rule acc: 0.87 1.00
Epoch 9999 | Train: Loss=0.0000 Acc=100.0% | Test: Acc=95.9% | Best=95.9%(@9940)
  from x3: 0.96 0.96 0.96 0.96 0.96 0.96 0.96 0.96 0.96 0.96 0.96 0.96 0.96
  per-rule acc: 0.87 1.00

==================================================
Saving model...
[OK] Model saved to: /home/cxm/ai/test0626-unbalanced/models/mixed_cond_d128l1_r8_e70_40.pth
  File size: 1418.0 KB
  Best test accuracy: 95.93%

[Config] SKIP_FINAL_GENERATION_TEST=true, skipping final generation test.

--- Return code: 0 ---

======================================================================
Attention Analysis
======================================================================
Model config: addition (default), p=53
Best test accuracy: 0.9592816274634457
Training epochs: 9999

Random test sequence 1/5 (length 32): [26, 9, 35, 44, 26, 17, 43, 7, 50, 4, 1, 5, 6, 11, 17, 28, 45, 20, 12, 32]...

======================================================================
Attention Layer Training Result Summary
======================================================================
Input sequence: [26, 9, 35, 44, 26, 17, 43, 7, 50, 4, 1, 5, 6, 11, 17, 28, 45, 20, 12, 32, 44, 23, 14, 37, 51, 35, 33, 15, 48, 10, 5, 15]

--- Layer 0 ---
  Head 0: Entropy=0.892
    Attention coefficients from each query position to previous positions:
      i= 0 -> j=0:1.000
      i= 1 -> j=0:0.296, j=1:0.704
      i= 2 -> j=0:0.032, j=1:0.228, j=2:0.739
      i= 3 -> j=0:0.007, j=1:0.061, j=2:0.191, j=3:0.741
      i= 4 -> j=0:0.001, j=1:0.025, j=2:0.162, j=3:0.524, j=4:0.288
      i= 5 -> j=0:0.000, j=1:0.003, j=2:0.026, j=3:0.193, j=4:0.395, j=5:0.382
      i= 6 -> j=0:0.000, j=1:0.000, j=2:0.001, j=3:0.007, j=4:0.075, j=5:0.231, j=6:0.687
      i= 7 -> j=0:0.000, j=1:0.000, j=2:0.000, j=3:0.003, j=4:0.048, j=5:0.133, j=6:0.264, j=7:0.552
      i= 8 -> j=0:0.000, j=1:0.000, j=2:0.000, j=3:0.000, j=4:0.000, j=5:0.003, j=6:0.028, j=7:0.146, j=8:0.823
      i= 9 -> j=0:0.000, j=1:0.000, j=2:0.000, j=3:0.000, j=4:0.000, j=5:0.000, j=6:0.003, j=7:0.024, j=8:0.219, j=9:0.754
      i=10 -> j=0:0.000, j=1:0.000, j=2:0.000, j=3:0.000, j=4:0.000, j=5:0.000, j=6:0.001, j=7:0.005, j=8:0.029, j=9:0.200, j=10:0.764
      i=11 -> j=0:0.000, j=1:0.000, j=2:0.000, j=3:0.000, j=4:0.000, j=5:0.000, j=6:0.000, j=7:0.001, j=8:0.008, j=9:0.132, j=10:0.316, j=11:0.543
      i=12 -> j=0:0.000, j=1:0.000, j=2:0.000, j=3:0.000, j=4:0.000, j=5:0.000, j=6:0.000, j=7:0.000, j=8:0.002, j=9:0.046, j=10:0.207, j=11:0.405, j=12:0.338
      i=13 -> j=0:0.000, j=1:0.000, j=2:0.000, j=3:0.000, j=4:0.000, j=5:0.000, j=6:0.000, j=7:0.000, j=8:0.000, j=9:0.001, j=10:0.015, j=11:0.127, j=12:0.201, j=13:0.655
      i=14 -> j=0:0.000, j=1:0.000, j=2:0.000, j=3:0.000, j=4:0.000, j=5:0.000, j=6:0.000, j=7:0.000, j=8:0.000, j=9:0.000, j=10:0.003, j=11:0.037, j=12:0.118, j=13:0.461, j=14:0.378
      i=15 -> j=0:0.000, j=1:0.000, j=2:0.000, j=3:0.000, j=4:0.000, j=5:0.000, j=6:0.000, j=7:0.000, j=8:0.000, j=9:0.000, j=10:0.000, j=11:0.003, j=12:0.040, j=13:0.338, j=14:0.247, j=15:0.371
      i=16 -> j=0:0.000, j=1:0.000, j=2:0.000, j=3:0.000, j=4:0.000, j=5:0.000, j=6:0.000, j=7:0.000, j=8:0.000, j=9:0.000, j=10:0.000, j=11:0.000, j=12:0.001, j=13:0.020, j=14:0.052, j=15:0.227, j=16:0.699
      i=17 -> j=0:0.000, j=1:0.000, j=2:0.000, j=3:0.000, j=4:0.000, j=5:0.000, j=6:0.000, j=7:0.000, j=8:0.000, j=9:0.000, j=10:0.000, j=11:0.000, j=12:0.000, j=13:0.003, j=14:0.021, j=15:0.187, j=16:0.409, j=17:0.378
      i=18 -> j=0:0.000, j=1:0.000, j=2:0.000, j=3:0.000, j=4:0.000, j=5:0.000, j=6:0.000, j=7:0.000, j=8:0.000, j=9:0.000, j=10:0.000, j=11:0.000, j=12:0.000, j=13:0.000, j=14:0.000, j=15:0.006, j=16:0.042, j=17:0.249, j=18:0.700
      i=19 -> j=0:0.000, j=1:0.000, j=2:0.000, j=3:0.000, j=4:0.000, j=5:0.000, j=6:0.000, j=7:0.000, j=8:0.000, j=9:0.000, j=10:0.000, j=11:0.000, j=12:0.000, j=13:0.000, j=14:0.000, j=15:0.001, j=16:0.012, j=17:0.109, j=18:0.312, j=19:0.564
      i=20 -> j=0:0.000, j=1:0.000, j=2:0.000, j=3:0.000, j=4:0.000, j=5:0.000, j=6:0.000, j=7:0.000, j=8:0.000, j=9:0.000, j=10:0.000, j=11:0.000, j=12:0.000, j=13:0.000, j=14:0.000, j=15:0.000, j=16:0.000, j=17:0.009, j=18:0.060, j=19:0.106, j=20:0.825
      i=21 -> j=0:0.001, j=1:0.000, j=2:0.000, j=3:0.000, j=4:0.000, j=5:0.000, j=6:0.000, j=7:0.000, j=8:0.000, j=9:0.000, j=10:0.000, j=11:0.000, j=12:0.000, j=13:0.000, j=14:0.000, j=15:0.000, j=16:0.000, j=17:0.001, j=18:0.017, j=19:0.081, j=20:0.581, j=21:0.318
      i=22 -> j=0:0.001, j=1:0.001, j=2:0.001, j=3:0.001, j=4:0.000, j=5:0.000, j=6:0.000, j=7:0.000, j=8:0.000, j=9:0.000, j=10:0.000, j=11:0.000, j=12:0.000, j=13:0.000, j=14:0.000, j=15:0.000, j=16:0.000, j=17:0.000, j=18:0.000, j=19:0.004, j=20:0.035, j=21:0.217, j=22:0.737
      i=23 -> j=0:0.001, j=1:0.001, j=2:0.002, j=3:0.002, j=4:0.002, j=5:0.001, j=6:0.000, j=7:0.000, j=8:0.001, j=9:0.000, j=10:0.000, j=11:0.000, j=12:0.000, j=13:0.000, j=14:0.000, j=15:0.000, j=16:0.000, j=17:0.000, j=18:0.000, j=19:0.001, j=20:0.002, j=21:0.028, j=22:0.173, j=23:0.784
      i=24 -> j=0:0.001, j=1:0.001, j=2:0.002, j=3:0.001, j=4:0.002, j=5:0.001, j=6:0.001, j=7:0.000, j=8:0.001, j=9:0.000, j=10:0.000, j=11:0.000, j=12:0.000, j=13:0.000, j=14:0.000, j=15:0.000, j=16:0.000, j=17:0.000, j=18:0.000, j=19:0.000, j=20:0.001, j=21:0.012, j=22:0.080, j=23:0.354, j=24:0.541
      i=25 -> j=0:0.000, j=1:0.000, j=2:0.000, j=3:0.000, j=4:0.001, j=5:0.000, j=6:0.000, j=7:0.000, j=8:0.000, j=9:0.000, j=10:0.000, j=11:0.000, j=12:0.000, j=13:0.000, j=14:0.000, j=15:0.000, j=16:0.000, j=17:0.000, j=18:0.000, j=19:0.000, j=20:0.000, j=21:0.000, j=22:0.003, j=23:0.021, j=24:0.123, j=25:0.850
      i=26 -> j=0:0.001, j=1:0.001, j=2:0.001, j=3:0.001, j=4:0.001, j=5:0.001, j=6:0.001, j=7:0.001, j=8:0.001, j=9:0.000, j=10:0.000, j=11:0.000, j=12:0.000, j=13:0.000, j=14:0.000, j=15:0.000, j=16:0.000, j=17:0.000, j=18:0.000, j=19:0.000, j=20:0.000, j=21:0.000, j=22:0.001, j=23:0.007, j=24:0.073, j=25:0.453, j=26:0.457
      i=27 -> j=0:0.002, j=1:0.001, j=2:0.001, j=3:0.001, j=4:0.002, j=5:0.001, j=6:0.002, j=7:0.001, j=8:0.001, j=9:0.000, j=10:0.001, j=11:0.000, j=12:0.000, j=13:0.000, j=14:0.000, j=15:0.000, j=16:0.000, j=17:0.000, j=18:0.000, j=19:0.000, j=20:0.000, j=21:0.000, j=22:0.000, j=23:0.001, j=24:0.024, j=25:0.140, j=26:0.337, j=27:0.482
      i=28 -> j=0:0.000, j=1:0.000, j=2:0.000, j=3:0.000, j=4:0.000, j=5:0.000, j=6:0.001, j=7:0.000, j=8:0.000, j=9:0.000, j=10:0.000, j=11:0.000, j=12:0.000, j=13:0.000, j=14:0.000, j=15:0.000, j=16:0.000, j=17:0.000, j=18:0.000, j=19:0.000, j=20:0.000, j=21:0.000, j=22:0.000, j=23:0.000, j=24:0.001, j=25:0.012, j=26:0.099, j=27:0.184, j=28:0.701
      i=29 -> j=0:0.002, j=1:0.001, j=2:0.001, j=3:0.001, j=4:0.000, j=5:0.001, j=6:0.001, j=7:0.001, j=8:0.000, j=9:0.000, j=10:0.000, j=11:0.000, j=12:0.000, j=13:0.000, j=14:0.000, j=15:0.000, j=16:0.000, j=17:0.000, j=18:0.000, j=19:0.000, j=20:0.000, j=21:0.000, j=22:0.000, j=23:0.000, j=24:0.000, j=25:0.001, j=26:0.014, j=27:0.109, j=28:0.522, j=29:0.345
      i=30 -> j=0:0.001, j=1:0.001, j=2:0.001, j=3:0.001, j=4:0.000, j=5:0.001, j=6:0.000, j=7:0.001, j=8:0.000, j=9:0.001, j=10:0.000, j=11:0.000, j=12:0.000, j=13:0.000, j=14:0.000, j=15:0.000, j=16:0.000, j=17:0.000, j=18:0.000, j=19:0.000, j=20:0.000, j=21:0.000, j=22:0.000, j=23:0.000, j=24:0.000, j=25:0.000, j=26:0.001, j=27:0.020, j=28:0.142, j=29:0.311, j=30:0.517
      i=31 -> j=0:0.002, j=1:0.003, j=2:0.002, j=3:0.002, j=4:0.001, j=5:0.001, j=6:0.001, j=7:0.001, j=8:0.001, j=9:0.001, j=10:0.001, j=11:0.001, j=12:0.001, j=13:0.000, j=14:0.001, j=15:0.000, j=16:0.000, j=17:0.000, j=18:0.000, j=19:0.000, j=20:0.000, j=21:0.000, j=22:0.000, j=23:0.000, j=24:0.000, j=25:0.000, j=26:0.000, j=27:0.002, j=28:0.017, j=29:0.116, j=30:0.407, j=31:0.436
    Average attention per distance:
      d=0:0.595, d=1:0.300, d=2:0.101, d=3:0.016


======================================================================
QK Property Verification (Raw Scores, before Softmax)
======================================================================
Recurrence order init_len=2, num test sequences=1

--- [P1] Long-distance Orthogonality Verification ---
Ideal: raw_score mean ≈ 0 and small std when d > init_len

  Layer 0, Head 0:
    d= 1 (effective): mean=  4.758, std= 0.720, n=31
    d= 2 (effective): mean=  3.480, std= 0.871, n=30
    d>2 (long-distance): mean= -2.707, std= 1.829, n=435

--- [P2] Time-homogeneous Verification ---
Ideal: CV of raw_score across positions i ≈ 0 for fixed distance d
(CV = std / |mean|, smaller = more constant)

  Layer 0, Head 0:
    d= 1: mean=  4.758, std= 0.720, CV=0.151, n=31
    d= 2: mean=  3.480, std= 0.871, CV=0.250, n=30

======================================================================
QK Property Verification Completed
======================================================================
