=== Experiment: mixed_basic_d512l1_r32_t32_c0.5 ===
Time: 2026-06-17T18:44:24.939599
Task type: mixed_ab
Merged config: {
  "P": 53,
  "TASK": "mixed_ab",
  "NUM_MASK": 2,
  "A": 1,
  "B": 1,
  "AB_PAIRS": [
    [
      1,
      1
    ],
    [
      1,
      2
    ]
  ],
  "D_MODEL": 512,
  "N_HEAD": 1,
  "N_LAYER": 1,
  "BATCH_SIZE": 128,
  "EPOCHS": 10000,
  "LR": 0.0003,
  "SAVE_PATH": "models/mixed_basic_d512l1_r32_t32_c0.5.pth",
  "USE_GREEDY_GENERATE": true,
  "USE_LEARNABLE_PE": false,
  "MLP_RATIO": 32,
  "TRAIN_LEN": 32,
  "OOD_LEN": 64,
  "DROPOUT": 0.0,
  "TARGET_INIT_COVERAGE": 0.5,
  "MAX_UNIQUE_RATIO": 0.5,
  "WEIGHT_DECAY": 1,
  "ENTROPY_PENALTY_WEIGHT": 0.0,
  "FIRST_TASK_WEIGHT": 1.0,
  "RANDOM_SEED": 42,
  "EVAL_INTERVAL": 20,
  "EARLY_STOP_NO_IMPROVE": 2000,
  "EARLY_STOP_ACCURACY": 0.99,
  "USE_AB_TAG": false,
  "USE_CONDITIONAL_WTE": false,
  "COND_WTE_SHARED_RATIO": 0.0
}
--- output ---
Using device: cuda

[Dataset] Mixed mode: generated 2810 + 2808 samples, length 32
AB parameter pairs: [(1, 1), (1, 2)]
--------------------------------------------------
[Model config] block_size: 64, train length: 32
[Number theory] AB parameter pairs: [(1, 1), (1, 2)]


Model parameters: 18.01M

Start training...
Epoch   0 | Train: Loss=3.8569 Acc=13.7% | Test: Acc=0.5% | Best=0.5%(@0)
  from x3: 0.01 0.01 0.01 0.00 0.00 0.00 0.00 0.00 0.00 0.00 0.00 0.00 0.00 0.00 0.00 0.00 0.00 0.00 0.00 0.00 0.00 0.00 0.00 0.00 0.01 0.01 0.01 0.01 0.01
  per-rule acc: 0.00 0.01
Epoch  20 | Train: Loss=0.0487 Acc=99.3% | Test: Acc=1.9% | Best=1.9%(@20)
  from x3: 0.03 0.03 0.02 0.02 0.02 0.02 0.02 0.02 0.02 0.02 0.02 0.02 0.02 0.02 0.02 0.02 0.02 0.02 0.02 0.02 0.02 0.02 0.02 0.02 0.02 0.02 0.02 0.02 0.02
  per-rule acc: 0.02 0.02
Epoch  40 | Train: Loss=0.0167 Acc=99.7% | Test: Acc=2.1% | Best=2.1%(@40)
  from x3: 0.03 0.03 0.02 0.02 0.02 0.02 0.02 0.02 0.02 0.02 0.02 0.02 0.02 0.02 0.02 0.02 0.02 0.02 0.02 0.02 0.02 0.02 0.02 0.02 0.02 0.02 0.02 0.02 0.02
  per-rule acc: 0.02 0.02
Epoch  60 | Train: Loss=0.0079 Acc=99.9% | Test: Acc=1.8% | Best=2.1%(@40)
  from x3: 0.02 0.02 0.02 0.02 0.02 0.02 0.02 0.02 0.02 0.02 0.02 0.02 0.02 0.02 0.02 0.02 0.02 0.02 0.02 0.02 0.02 0.02 0.02 0.02 0.02 0.02 0.02 0.02 0.02
  per-rule acc: 0.02 0.02
Epoch  80 | Train: Loss=0.0064 Acc=99.9% | Test: Acc=1.7% | Best=2.1%(@40)
  from x3: 0.02 0.02 0.02 0.02 0.02 0.02 0.02 0.02 0.02 0.02 0.02 0.02 0.02 0.02 0.02 0.02 0.02 0.02 0.02 0.02 0.02 0.02 0.02 0.02 0.02 0.02 0.02 0.02 0.02
  per-rule acc: 0.02 0.02
Epoch 100 | Train: Loss=0.1668 Acc=99.7% | Test: Acc=1.6% | Best=2.1%(@40)
  from x3: 0.02 0.02 0.02 0.02 0.02 0.02 0.02 0.02 0.02 0.02 0.02 0.02 0.02 0.02 0.02 0.02 0.02 0.02 0.02 0.02 0.02 0.02 0.02 0.02 0.02 0.02 0.02 0.02 0.02
  per-rule acc: 0.02 0.02
Epoch 120 | Train: Loss=0.0048 Acc=99.9% | Test: Acc=1.6% | Best=2.1%(@40)
  from x3: 0.02 0.02 0.02 0.02 0.02 0.02 0.02 0.02 0.02 0.02 0.02 0.02 0.02 0.02 0.02 0.02 0.02 0.02 0.02 0.02 0.02 0.02 0.02 0.02 0.02 0.02 0.02 0.02 0.02
  per-rule acc: 0.02 0.02
Epoch 140 | Train: Loss=0.0039 Acc=99.9% | Test: Acc=1.8% | Best=2.1%(@40)
  from x3: 0.02 0.02 0.02 0.02 0.02 0.02 0.02 0.02 0.02 0.02 0.02 0.02 0.02 0.02 0.02 0.02 0.02 0.02 0.02 0.02 0.02 0.02 0.02 0.02 0.02 0.02 0.02 0.02 0.02
  per-rule acc: 0.02 0.02
Epoch 160 | Train: Loss=0.0089 Acc=99.9% | Test: Acc=1.7% | Best=2.1%(@40)
  from x3: 0.02 0.02 0.02 0.02 0.02 0.02 0.02 0.02 0.02 0.02 0.02 0.02 0.02 0.02 0.02 0.02 0.02 0.02 0.02 0.02 0.02 0.02 0.02 0.02 0.02 0.02 0.02 0.02 0.02
  per-rule acc: 0.02 0.02
Epoch 180 | Train: Loss=0.0090 Acc=99.9% | Test: Acc=1.5% | Best=2.1%(@40)
  from x3: 0.02 0.02 0.02 0.02 0.02 0.01 0.01 0.01 0.01 0.01 0.01 0.01 0.01 0.01 0.01 0.01 0.01 0.01 0.01 0.01 0.01 0.01 0.01 0.01 0.01 0.01 0.02 0.01 0.01
  per-rule acc: 0.01 0.02
Epoch 200 | Train: Loss=0.0033 Acc=100.0% | Test: Acc=1.7% | Best=2.1%(@40)
  from x3: 0.02 0.02 0.02 0.02 0.02 0.02 0.02 0.02 0.02 0.02 0.02 0.02 0.02 0.02 0.02 0.02 0.02 0.02 0.02 0.02 0.02 0.02 0.02 0.02 0.02 0.02 0.02 0.02 0.02
  per-rule acc: 0.02 0.02
Epoch 220 | Train: Loss=0.0277 Acc=99.6% | Test: Acc=1.9% | Best=2.1%(@40)
  from x3: 0.02 0.02 0.02 0.02 0.02 0.02 0.02 0.02 0.02 0.02 0.02 0.02 0.02 0.02 0.02 0.02 0.02 0.02 0.02 0.02 0.02 0.02 0.02 0.02 0.02 0.02 0.02 0.02 0.02
  per-rule acc: 0.02 0.02
Epoch 240 | Train: Loss=0.0058 Acc=99.9% | Test: Acc=1.7% | Best=2.1%(@40)
  from x3: 0.02 0.02 0.02 0.02 0.02 0.02 0.02 0.02 0.02 0.02 0.02 0.02 0.02 0.02 0.02 0.02 0.02 0.02 0.02 0.02 0.02 0.02 0.02 0.02 0.02 0.02 0.02 0.02 0.02
  per-rule acc: 0.02 0.02
Epoch 260 | Train: Loss=0.0033 Acc=100.0% | Test: Acc=1.7% | Best=2.1%(@40)
  from x3: 0.02 0.02 0.02 0.02 0.02 0.02 0.02 0.02 0.02 0.02 0.02 0.02 0.02 0.02 0.02 0.02 0.02 0.02 0.02 0.02 0.02 0.02 0.02 0.02 0.02 0.02 0.02 0.02 0.02
  per-rule acc: 0.02 0.02
Epoch 280 | Train: Loss=0.0029 Acc=99.9% | Test: Acc=1.9% | Best=2.1%(@40)
  from x3: 0.02 0.02 0.02 0.02 0.02 0.02 0.02 0.02 0.02 0.02 0.02 0.02 0.02 0.02 0.02 0.02 0.02 0.02 0.02 0.02 0.02 0.02 0.02 0.02 0.02 0.02 0.02 0.02 0.02
  per-rule acc: 0.02 0.02
Epoch 300 | Train: Loss=0.0048 Acc=99.9% | Test: Acc=2.0% | Best=2.1%(@40)
  from x3: 0.02 0.02 0.02 0.02 0.02 0.02 0.02 0.02 0.02 0.02 0.02 0.02 0.02 0.02 0.02 0.02 0.02 0.02 0.02 0.02 0.02 0.02 0.02 0.02 0.02 0.02 0.02 0.02 0.02
  per-rule acc: 0.02 0.02
Epoch 320 | Train: Loss=0.0033 Acc=99.9% | Test: Acc=2.1% | Best=2.1%(@40)
  from x3: 0.02 0.02 0.02 0.02 0.02 0.02 0.02 0.02 0.02 0.02 0.02 0.02 0.02 0.02 0.02 0.02 0.02 0.02 0.02 0.02 0.02 0.02 0.02 0.02 0.02 0.02 0.02 0.02 0.02
  per-rule acc: 0.02 0.02
Epoch 340 | Train: Loss=0.0601 Acc=99.9% | Test: Acc=2.1% | Best=2.1%(@340)
  from x3: 0.02 0.02 0.02 0.02 0.02 0.02 0.02 0.02 0.02 0.02 0.02 0.02 0.02 0.02 0.02 0.02 0.02 0.02 0.02 0.02 0.02 0.02 0.02 0.02 0.02 0.02 0.02 0.02 0.02
  per-rule acc: 0.02 0.02
Epoch 360 | Train: Loss=0.0033 Acc=99.9% | Test: Acc=2.1% | Best=2.1%(@340)
  from x3: 0.02 0.02 0.02 0.02 0.02 0.02 0.02 0.02 0.02 0.02 0.02 0.02 0.02 0.02 0.02 0.02 0.02 0.02 0.02 0.02 0.02 0.02 0.02 0.02 0.02 0.02 0.02 0.02 0.02
  per-rule acc: 0.02 0.02
Epoch 380 | Train: Loss=0.0036 Acc=99.9% | Test: Acc=2.3% | Best=2.3%(@380)
  from x3: 0.03 0.03 0.03 0.02 0.02 0.02 0.02 0.02 0.02 0.02 0.02 0.02 0.02 0.02 0.02 0.02 0.02 0.02 0.02 0.02 0.02 0.02 0.02 0.02 0.02 0.02 0.02 0.02 0.02
  per-rule acc: 0.02 0.02
Epoch 400 | Train: Loss=0.0058 Acc=99.9% | Test: Acc=2.4% | Best=2.4%(@400)
  from x3: 0.03 0.03 0.03 0.03 0.02 0.02 0.02 0.02 0.02 0.02 0.02 0.02 0.02 0.02 0.02 0.02 0.02 0.02 0.02 0.02 0.02 0.02 0.02 0.02 0.02 0.02 0.02 0.02 0.02
  per-rule acc: 0.03 0.02
Epoch 420 | Train: Loss=0.0028 Acc=100.0% | Test: Acc=2.6% | Best=2.6%(@420)
  from x3: 0.03 0.03 0.03 0.03 0.03 0.03 0.03 0.03 0.03 0.03 0.03 0.03 0.02 0.02 0.02 0.02 0.02 0.02 0.02 0.02 0.02 0.02 0.02 0.02 0.02 0.02 0.02 0.02 0.02
  per-rule acc: 0.03 0.02
Epoch 440 | Train: Loss=0.0052 Acc=99.9% | Test: Acc=2.4% | Best=2.6%(@420)
  from x3: 0.03 0.03 0.03 0.03 0.02 0.02 0.02 0.02 0.02 0.02 0.02 0.02 0.02 0.02 0.02 0.02 0.02 0.02 0.02 0.02 0.02 0.02 0.02 0.02 0.02 0.02 0.02 0.02 0.02
  per-rule acc: 0.03 0.02
Epoch 460 | Train: Loss=0.0026 Acc=100.0% | Test: Acc=2.6% | Best=2.6%(@460)
  from x3: 0.03 0.03 0.03 0.03 0.02 0.03 0.03 0.03 0.03 0.03 0.03 0.03 0.02 0.02 0.03 0.03 0.03 0.03 0.03 0.03 0.03 0.03 0.02 0.02 0.02 0.02 0.02 0.02 0.02
  per-rule acc: 0.03 0.02
Epoch 480 | Train: Loss=0.0049 Acc=99.9% | Test: Acc=2.7% | Best=2.7%(@480)
  from x3: 0.03 0.03 0.03 0.03 0.03 0.03 0.03 0.03 0.03 0.03 0.03 0.03 0.03 0.03 0.03 0.03 0.03 0.03 0.03 0.03 0.03 0.03 0.03 0.03 0.03 0.03 0.03 0.03 0.03
  per-rule acc: 0.03 0.03
Epoch 500 | Train: Loss=0.0036 Acc=99.9% | Test: Acc=2.8% | Best=2.8%(@500)
  from x3: 0.03 0.03 0.03 0.03 0.03 0.03 0.03 0.03 0.03 0.03 0.03 0.03 0.03 0.03 0.03 0.03 0.03 0.03 0.03 0.03 0.03 0.03 0.03 0.03 0.03 0.03 0.03 0.03 0.03
  per-rule acc: 0.03 0.03
Epoch 520 | Train: Loss=0.0042 Acc=99.9% | Test: Acc=3.3% | Best=3.3%(@520)
  from x3: 0.04 0.04 0.04 0.04 0.03 0.03 0.03 0.03 0.03 0.03 0.03 0.03 0.03 0.03 0.03 0.03 0.03 0.03 0.03 0.03 0.03 0.03 0.03 0.03 0.03 0.03 0.03 0.03 0.03
  per-rule acc: 0.04 0.03
Epoch 540 | Train: Loss=0.0052 Acc=99.9% | Test: Acc=3.1% | Best=3.3%(@520)
  from x3: 0.03 0.03 0.03 0.03 0.03 0.03 0.03 0.03 0.03 0.03 0.03 0.03 0.03 0.03 0.03 0.03 0.03 0.03 0.03 0.03 0.03 0.03 0.03 0.03 0.03 0.03 0.03 0.03 0.03
  per-rule acc: 0.03 0.03
Epoch 560 | Train: Loss=0.0026 Acc=100.0% | Test: Acc=3.1% | Best=3.3%(@520)
  from x3: 0.04 0.04 0.04 0.03 0.03 0.03 0.03 0.03 0.03 0.03 0.03 0.03 0.03 0.03 0.03 0.03 0.03 0.03 0.03 0.03 0.03 0.03 0.03 0.03 0.03 0.03 0.03 0.03 0.03
  per-rule acc: 0.04 0.03
Epoch 580 | Train: Loss=0.0735 Acc=99.8% | Test: Acc=2.7% | Best=3.3%(@520)
  from x3: 0.04 0.03 0.03 0.03 0.03 0.03 0.03 0.03 0.03 0.03 0.03 0.03 0.03 0.03 0.03 0.03 0.03 0.03 0.03 0.03 0.03 0.03 0.03 0.03 0.03 0.03 0.03 0.03 0.03
  per-rule acc: 0.03 0.03
Epoch 600 | Train: Loss=0.0029 Acc=100.0% | Test: Acc=3.3% | Best=3.3%(@600)
  from x3: 0.04 0.04 0.04 0.03 0.03 0.03 0.03 0.03 0.03 0.03 0.03 0.03 0.03 0.03 0.03 0.03 0.03 0.03 0.03 0.03 0.03 0.03 0.03 0.03 0.03 0.03 0.03 0.03 0.03
  per-rule acc: 0.04 0.03
Epoch 620 | Train: Loss=0.0168 Acc=99.9% | Test: Acc=2.9% | Best=3.3%(@600)
  from x3: 0.04 0.04 0.03 0.03 0.03 0.03 0.03 0.03 0.03 0.03 0.03 0.03 0.03 0.03 0.03 0.03 0.03 0.03 0.03 0.03 0.03 0.03 0.03 0.03 0.03 0.03 0.03 0.03 0.03
  per-rule acc: 0.03 0.03
Epoch 640 | Train: Loss=0.0037 Acc=99.9% | Test: Acc=3.3% | Best=3.3%(@600)
  from x3: 0.04 0.04 0.03 0.03 0.03 0.03 0.03 0.03 0.03 0.03 0.03 0.03 0.03 0.03 0.03 0.03 0.03 0.03 0.03 0.03 0.03 0.03 0.03 0.03 0.03 0.03 0.03 0.03 0.03
  per-rule acc: 0.04 0.03
Epoch 660 | Train: Loss=0.0023 Acc=100.0% | Test: Acc=3.8% | Best=3.8%(@660)
  from x3: 0.04 0.04 0.04 0.04 0.04 0.04 0.04 0.04 0.04 0.04 0.04 0.04 0.04 0.04 0.04 0.04 0.04 0.04 0.04 0.04 0.04 0.04 0.04 0.04 0.04 0.04 0.04 0.04 0.04
  per-rule acc: 0.04 0.03
Epoch 680 | Train: Loss=0.0055 Acc=99.9% | Test: Acc=3.4% | Best=3.8%(@660)
  from x3: 0.04 0.04 0.04 0.04 0.03 0.03 0.03 0.03 0.03 0.03 0.03 0.03 0.03 0.03 0.03 0.03 0.03 0.03 0.03 0.03 0.03 0.03 0.03 0.03 0.03 0.03 0.03 0.03 0.03
  per-rule acc: 0.03 0.03
Epoch 700 | Train: Loss=0.0036 Acc=99.9% | Test: Acc=3.4% | Best=3.8%(@660)
  from x3: 0.04 0.04 0.04 0.03 0.04 0.03 0.03 0.03 0.03 0.03 0.03 0.03 0.03 0.03 0.03 0.03 0.03 0.03 0.03 0.03 0.03 0.03 0.03 0.03 0.03 0.03 0.03 0.03 0.03
  per-rule acc: 0.04 0.03
Epoch 720 | Train: Loss=0.0113 Acc=99.9% | Test: Acc=3.8% | Best=3.8%(@720)
  from x3: 0.04 0.04 0.04 0.04 0.04 0.04 0.04 0.04 0.04 0.04 0.04 0.04 0.04 0.04 0.04 0.04 0.04 0.04 0.04 0.04 0.04 0.04 0.04 0.04 0.04 0.04 0.04 0.04 0.04
  per-rule acc: 0.04 0.04
Epoch 740 | Train: Loss=0.0052 Acc=99.9% | Test: Acc=3.4% | Best=3.8%(@720)
  from x3: 0.04 0.04 0.04 0.04 0.04 0.03 0.03 0.03 0.03 0.03 0.03 0.03 0.03 0.03 0.03 0.03 0.03 0.03 0.03 0.03 0.03 0.03 0.03 0.03 0.03 0.03 0.03 0.03 0.03
  per-rule acc: 0.03 0.03
Epoch 760 | Train: Loss=0.0203 Acc=99.9% | Test: Acc=3.4% | Best=3.8%(@720)
  from x3: 0.04 0.04 0.04 0.03 0.04 0.03 0.03 0.03 0.03 0.03 0.03 0.03 0.03 0.03 0.03 0.03 0.03 0.03 0.03 0.03 0.03 0.03 0.03 0.03 0.03 0.03 0.03 0.03 0.03
  per-rule acc: 0.03 0.03
Epoch 780 | Train: Loss=0.0038 Acc=99.9% | Test: Acc=3.2% | Best=3.8%(@720)
  from x3: 0.04 0.04 0.03 0.03 0.03 0.03 0.03 0.03 0.03 0.03 0.03 0.03 0.03 0.03 0.03 0.03 0.03 0.03 0.03 0.03 0.03 0.03 0.03 0.03 0.03 0.03 0.03 0.03 0.03
  per-rule acc: 0.03 0.03
Epoch 800 | Train: Loss=0.0032 Acc=100.0% | Test: Acc=4.0% | Best=4.0%(@800)
  from x3: 0.04 0.04 0.04 0.04 0.04 0.04 0.04 0.04 0.04 0.04 0.04 0.04 0.04 0.04 0.04 0.04 0.04 0.04 0.04 0.04 0.04 0.04 0.04 0.04 0.04 0.04 0.04 0.04 0.04
  per-rule acc: 0.04 0.04
Epoch 820 | Train: Loss=0.0032 Acc=99.9% | Test: Acc=3.9% | Best=4.0%(@800)
  from x3: 0.04 0.04 0.04 0.04 0.04 0.04 0.04 0.04 0.04 0.04 0.04 0.04 0.04 0.04 0.04 0.04 0.04 0.04 0.04 0.04 0.04 0.04 0.04 0.04 0.04 0.04 0.04 0.04 0.04
  per-rule acc: 0.04 0.03
Epoch 840 | Train: Loss=0.0042 Acc=99.9% | Test: Acc=3.4% | Best=4.0%(@800)
  from x3: 0.03 0.03 0.03 0.03 0.03 0.03 0.03 0.03 0.03 0.03 0.03 0.03 0.03 0.03 0.03 0.03 0.03 0.03 0.03 0.03 0.03 0.03 0.03 0.03 0.03 0.03 0.03 0.03 0.03
  per-rule acc: 0.03 0.04
Epoch 860 | Train: Loss=0.0030 Acc=100.0% | Test: Acc=3.9% | Best=4.0%(@800)
  from x3: 0.04 0.04 0.04 0.04 0.04 0.04 0.04 0.04 0.04 0.04 0.04 0.04 0.04 0.04 0.04 0.04 0.04 0.04 0.04 0.04 0.04 0.04 0.04 0.04 0.04 0.04 0.04 0.04 0.04
  per-rule acc: 0.04 0.04
Epoch 880 | Train: Loss=0.0394 Acc=99.9% | Test: Acc=3.7% | Best=4.0%(@800)
  from x3: 0.05 0.04 0.04 0.04 0.04 0.04 0.04 0.04 0.04 0.04 0.04 0.04 0.04 0.04 0.04 0.04 0.04 0.04 0.04 0.04 0.04 0.04 0.04 0.04 0.04 0.04 0.04 0.04 0.04
  per-rule acc: 0.04 0.04
Epoch 900 | Train: Loss=0.0026 Acc=100.0% | Test: Acc=3.7% | Best=4.0%(@800)
  from x3: 0.04 0.04 0.04 0.04 0.04 0.04 0.04 0.04 0.04 0.04 0.04 0.04 0.04 0.04 0.04 0.04 0.04 0.04 0.04 0.04 0.04 0.04 0.04 0.04 0.04 0.04 0.04 0.04 0.04
  per-rule acc: 0.04 0.03
Epoch 920 | Train: Loss=0.0357 Acc=99.9% | Test: Acc=3.9% | Best=4.0%(@800)
  from x3: 0.04 0.05 0.04 0.04 0.04 0.04 0.04 0.04 0.04 0.04 0.04 0.04 0.04 0.04 0.04 0.04 0.04 0.04 0.04 0.04 0.04 0.04 0.04 0.04 0.04 0.04 0.04 0.04 0.04
  per-rule acc: 0.04 0.04
Epoch 940 | Train: Loss=0.0048 Acc=99.9% | Test: Acc=3.7% | Best=4.0%(@800)
  from x3: 0.04 0.04 0.04 0.04 0.04 0.04 0.04 0.04 0.04 0.04 0.04 0.04 0.04 0.04 0.04 0.04 0.04 0.04 0.04 0.04 0.04 0.04 0.04 0.04 0.04 0.04 0.04 0.04 0.04
  per-rule acc: 0.04 0.04
Epoch 960 | Train: Loss=0.0027 Acc=100.0% | Test: Acc=4.0% | Best=4.0%(@800)
  from x3: 0.04 0.04 0.04 0.04 0.04 0.04 0.04 0.04 0.04 0.04 0.04 0.04 0.04 0.04 0.04 0.04 0.04 0.04 0.04 0.04 0.04 0.04 0.04 0.04 0.04 0.04 0.04 0.04 0.04
  per-rule acc: 0.04 0.04
Epoch 980 | Train: Loss=0.0040 Acc=99.9% | Test: Acc=3.5% | Best=4.0%(@800)
  from x3: 0.04 0.04 0.04 0.03 0.04 0.04 0.03 0.03 0.03 0.03 0.03 0.03 0.03 0.03 0.03 0.03 0.03 0.03 0.03 0.03 0.03 0.03 0.03 0.03 0.03 0.03 0.03 0.03 0.03
  per-rule acc: 0.04 0.03
Epoch 1000 | Train: Loss=0.0024 Acc=100.0% | Test: Acc=4.0% | Best=4.0%(@800)
  from x3: 0.04 0.04 0.04 0.04 0.04 0.04 0.04 0.04 0.04 0.04 0.04 0.04 0.04 0.04 0.04 0.04 0.04 0.04 0.04 0.04 0.04 0.04 0.04 0.04 0.04 0.04 0.04 0.04 0.04
  per-rule acc: 0.04 0.03
Epoch 1020 | Train: Loss=0.0275 Acc=99.9% | Test: Acc=4.3% | Best=4.3%(@1020)
  from x3: 0.05 0.05 0.05 0.04 0.04 0.04 0.04 0.04 0.04 0.04 0.04 0.04 0.04 0.04 0.04 0.04 0.04 0.04 0.04 0.04 0.04 0.04 0.04 0.04 0.04 0.04 0.04 0.04 0.04
  per-rule acc: 0.04 0.04
Epoch 1040 | Train: Loss=0.0053 Acc=99.9% | Test: Acc=4.1% | Best=4.3%(@1020)
  from x3: 0.04 0.04 0.04 0.04 0.04 0.04 0.04 0.04 0.04 0.04 0.04 0.04 0.04 0.04 0.04 0.04 0.04 0.04 0.04 0.04 0.04 0.04 0.04 0.04 0.04 0.04 0.04 0.04 0.04
  per-rule acc: 0.04 0.04
Epoch 1060 | Train: Loss=0.0026 Acc=100.0% | Test: Acc=4.3% | Best=4.3%(@1060)
  from x3: 0.04 0.04 0.04 0.04 0.04 0.04 0.04 0.04 0.04 0.04 0.04 0.04 0.04 0.04 0.04 0.04 0.04 0.04 0.04 0.04 0.04 0.04 0.04 0.04 0.04 0.04 0.04 0.04 0.04
  per-rule acc: 0.05 0.04
Epoch 1080 | Train: Loss=0.1326 Acc=98.7% | Test: Acc=4.1% | Best=4.3%(@1060)
  from x3: 0.04 0.05 0.04 0.04 0.04 0.04 0.04 0.04 0.04 0.04 0.04 0.04 0.04 0.04 0.04 0.04 0.04 0.04 0.04 0.04 0.04 0.04 0.04 0.04 0.04 0.04 0.04 0.04 0.04
  per-rule acc: 0.04 0.04
Epoch 1100 | Train: Loss=0.0027 Acc=100.0% | Test: Acc=3.8% | Best=4.3%(@1060)
  from x3: 0.04 0.04 0.04 0.04 0.04 0.04 0.04 0.04 0.04 0.04 0.04 0.04 0.04 0.04 0.04 0.04 0.04 0.04 0.04 0.04 0.04 0.04 0.04 0.04 0.04 0.04 0.04 0.04 0.04
  per-rule acc: 0.04 0.04
Epoch 1120 | Train: Loss=0.0026 Acc=100.0% | Test: Acc=4.5% | Best=4.5%(@1120)
  from x3: 0.05 0.05 0.05 0.04 0.05 0.05 0.04 0.04 0.04 0.04 0.04 0.04 0.04 0.04 0.04 0.04 0.04 0.04 0.04 0.04 0.04 0.04 0.04 0.04 0.04 0.04 0.04 0.04 0.04
  per-rule acc: 0.05 0.04
Epoch 1140 | Train: Loss=0.0035 Acc=99.9% | Test: Acc=3.8% | Best=4.5%(@1120)
  from x3: 0.05 0.04 0.04 0.04 0.04 0.04 0.04 0.04 0.04 0.04 0.04 0.04 0.04 0.04 0.04 0.04 0.04 0.04 0.04 0.04 0.04 0.04 0.04 0.04 0.04 0.04 0.04 0.04 0.04
  per-rule acc: 0.04 0.04
Epoch 1160 | Train: Loss=0.0027 Acc=100.0% | Test: Acc=4.4% | Best=4.5%(@1120)
  from x3: 0.05 0.04 0.04 0.04 0.04 0.04 0.04 0.04 0.04 0.04 0.04 0.04 0.04 0.04 0.04 0.04 0.04 0.04 0.04 0.04 0.04 0.04 0.04 0.04 0.04 0.04 0.04 0.04 0.04
  per-rule acc: 0.05 0.04
Epoch 1180 | Train: Loss=0.0042 Acc=99.9% | Test: Acc=4.6% | Best=4.6%(@1180)
  from x3: 0.05 0.05 0.05 0.05 0.05 0.05 0.05 0.05 0.05 0.05 0.05 0.05 0.05 0.05 0.05 0.05 0.05 0.05 0.05 0.05 0.05 0.05 0.05 0.05 0.05 0.05 0.05 0.05 0.05
  per-rule acc: 0.05 0.05
Epoch 1200 | Train: Loss=0.0054 Acc=99.9% | Test: Acc=3.9% | Best=4.6%(@1180)
  from x3: 0.04 0.04 0.04 0.04 0.04 0.04 0.04 0.04 0.04 0.04 0.04 0.04 0.04 0.04 0.04 0.04 0.04 0.04 0.04 0.04 0.04 0.04 0.04 0.04 0.04 0.04 0.04 0.04 0.04
  per-rule acc: 0.04 0.04
Epoch 1220 | Train: Loss=0.0158 Acc=99.9% | Test: Acc=4.7% | Best=4.7%(@1220)
  from x3: 0.05 0.05 0.05 0.05 0.05 0.05 0.05 0.05 0.05 0.05 0.05 0.05 0.05 0.05 0.05 0.05 0.05 0.05 0.05 0.05 0.05 0.05 0.05 0.05 0.05 0.05 0.05 0.05 0.05
  per-rule acc: 0.05 0.04
Epoch 1240 | Train: Loss=0.0046 Acc=99.9% | Test: Acc=4.0% | Best=4.7%(@1220)
  from x3: 0.04 0.04 0.04 0.04 0.04 0.04 0.04 0.04 0.04 0.04 0.04 0.04 0.04 0.04 0.04 0.04 0.04 0.04 0.04 0.04 0.04 0.04 0.04 0.04 0.04 0.04 0.04 0.04 0.04
  per-rule acc: 0.04 0.04
Epoch 1260 | Train: Loss=0.0286 Acc=99.9% | Test: Acc=4.8% | Best=4.8%(@1260)
  from x3: 0.05 0.05 0.05 0.05 0.05 0.05 0.05 0.05 0.05 0.05 0.05 0.05 0.05 0.05 0.05 0.05 0.05 0.05 0.05 0.05 0.05 0.05 0.05 0.05 0.05 0.05 0.05 0.05 0.05
  per-rule acc: 0.04 0.05
Epoch 1280 | Train: Loss=0.0031 Acc=100.0% | Test: Acc=4.0% | Best=4.8%(@1260)
  from x3: 0.04 0.04 0.04 0.04 0.04 0.04 0.04 0.04 0.04 0.04 0.04 0.04 0.04 0.04 0.04 0.04 0.04 0.04 0.04 0.04 0.04 0.04 0.04 0.04 0.04 0.04 0.04 0.04 0.04
  per-rule acc: 0.04 0.04
Epoch 1300 | Train: Loss=0.0041 Acc=99.9% | Test: Acc=4.3% | Best=4.8%(@1260)
  from x3: 0.05 0.05 0.04 0.04 0.04 0.04 0.04 0.04 0.04 0.04 0.04 0.04 0.04 0.04 0.04 0.04 0.04 0.04 0.04 0.04 0.04 0.04 0.04 0.04 0.04 0.04 0.04 0.04 0.04
  per-rule acc: 0.05 0.04
Epoch 1320 | Train: Loss=0.0041 Acc=99.9% | Test: Acc=4.3% | Best=4.8%(@1260)
  from x3: 0.05 0.04 0.04 0.04 0.04 0.04 0.04 0.04 0.04 0.04 0.04 0.04 0.04 0.04 0.04 0.04 0.04 0.04 0.04 0.04 0.04 0.04 0.04 0.04 0.04 0.04 0.04 0.04 0.04
  per-rule acc: 0.05 0.04
Epoch 1340 | Train: Loss=0.0041 Acc=99.9% | Test: Acc=3.5% | Best=4.8%(@1260)
  from x3: 0.04 0.04 0.03 0.03 0.03 0.03 0.03 0.03 0.03 0.03 0.03 0.03 0.03 0.03 0.03 0.03 0.03 0.03 0.03 0.03 0.03 0.03 0.03 0.03 0.03 0.03 0.03 0.03 0.03
  per-rule acc: 0.04 0.03
Epoch 1360 | Train: Loss=0.0024 Acc=100.0% | Test: Acc=4.8% | Best=4.8%(@1260)
  from x3: 0.05 0.05 0.05 0.05 0.05 0.05 0.05 0.05 0.05 0.05 0.05 0.05 0.05 0.05 0.05 0.05 0.05 0.05 0.05 0.05 0.05 0.05 0.05 0.05 0.05 0.05 0.05 0.05 0.05
  per-rule acc: 0.05 0.05
Epoch 1380 | Train: Loss=0.0035 Acc=99.9% | Test: Acc=4.2% | Best=4.8%(@1260)
  from x3: 0.04 0.05 0.04 0.04 0.04 0.04 0.04 0.04 0.04 0.04 0.04 0.04 0.04 0.04 0.04 0.04 0.04 0.04 0.04 0.04 0.04 0.04 0.04 0.04 0.04 0.04 0.04 0.04 0.04
  per-rule acc: 0.05 0.04
Epoch 1400 | Train: Loss=0.0397 Acc=99.9% | Test: Acc=4.1% | Best=4.8%(@1260)
  from x3: 0.04 0.04 0.04 0.04 0.04 0.04 0.04 0.04 0.04 0.04 0.04 0.04 0.04 0.04 0.04 0.04 0.04 0.04 0.04 0.04 0.04 0.04 0.04 0.04 0.04 0.04 0.04 0.04 0.04
  per-rule acc: 0.04 0.04
Epoch 1420 | Train: Loss=0.0046 Acc=99.9% | Test: Acc=4.4% | Best=4.8%(@1260)
  from x3: 0.04 0.04 0.04 0.04 0.04 0.04 0.04 0.04 0.04 0.04 0.04 0.04 0.04 0.04 0.04 0.04 0.04 0.04 0.04 0.04 0.04 0.04 0.04 0.04 0.04 0.04 0.04 0.04 0.04
  per-rule acc: 0.05 0.04
Epoch 1440 | Train: Loss=0.0030 Acc=100.0% | Test: Acc=4.3% | Best=4.8%(@1260)
  from x3: 0.05 0.04 0.04 0.04 0.04 0.04 0.04 0.04 0.04 0.04 0.04 0.04 0.04 0.04 0.04 0.04 0.04 0.04 0.04 0.04 0.04 0.04 0.04 0.04 0.04 0.04 0.04 0.04 0.04
  per-rule acc: 0.05 0.04
Epoch 1460 | Train: Loss=0.0175 Acc=99.8% | Test: Acc=4.1% | Best=4.8%(@1260)
  from x3: 0.05 0.05 0.04 0.04 0.04 0.04 0.04 0.04 0.04 0.04 0.04 0.04 0.04 0.04 0.04 0.04 0.04 0.04 0.04 0.04 0.04 0.04 0.04 0.04 0.04 0.04 0.04 0.04 0.04
  per-rule acc: 0.04 0.05
Epoch 1480 | Train: Loss=0.0044 Acc=99.9% | Test: Acc=4.2% | Best=4.8%(@1260)
  from x3: 0.04 0.04 0.04 0.04 0.04 0.04 0.04 0.04 0.04 0.04 0.04 0.04 0.04 0.04 0.04 0.04 0.04 0.04 0.04 0.04 0.04 0.04 0.04 0.04 0.04 0.04 0.04 0.04 0.04
  per-rule acc: 0.04 0.04
Epoch 1500 | Train: Loss=0.0066 Acc=99.9% | Test: Acc=4.8% | Best=4.8%(@1260)
  from x3: 0.05 0.05 0.05 0.05 0.05 0.05 0.05 0.05 0.05 0.05 0.05 0.05 0.05 0.05 0.05 0.05 0.05 0.05 0.05 0.05 0.05 0.05 0.05 0.05 0.05 0.05 0.05 0.05 0.05
  per-rule acc: 0.05 0.04
Epoch 1520 | Train: Loss=0.0033 Acc=100.0% | Test: Acc=4.1% | Best=4.8%(@1260)
  from x3: 0.04 0.04 0.04 0.04 0.04 0.04 0.04 0.04 0.04 0.04 0.04 0.04 0.04 0.04 0.04 0.04 0.04 0.04 0.04 0.04 0.04 0.04 0.04 0.04 0.04 0.04 0.04 0.04 0.04
  per-rule acc: 0.04 0.04
Epoch 1540 | Train: Loss=0.0028 Acc=100.0% | Test: Acc=4.2% | Best=4.8%(@1260)
  from x3: 0.05 0.04 0.04 0.04 0.04 0.04 0.04 0.04 0.04 0.04 0.04 0.04 0.04 0.04 0.04 0.04 0.04 0.04 0.04 0.04 0.04 0.04 0.04 0.04 0.04 0.04 0.04 0.04 0.04
  per-rule acc: 0.04 0.04
Epoch 1560 | Train: Loss=0.0042 Acc=100.0% | Test: Acc=3.7% | Best=4.8%(@1260)
  from x3: 0.04 0.04 0.04 0.04 0.04 0.04 0.04 0.04 0.04 0.04 0.04 0.04 0.04 0.04 0.04 0.04 0.04 0.04 0.04 0.04 0.04 0.04 0.04 0.04 0.04 0.04 0.04 0.04 0.04
  per-rule acc: 0.04 0.04
Epoch 1580 | Train: Loss=0.0032 Acc=100.0% | Test: Acc=5.1% | Best=5.1%(@1580)
  from x3: 0.06 0.05 0.05 0.05 0.05 0.05 0.05 0.05 0.05 0.05 0.05 0.05 0.05 0.05 0.05 0.05 0.05 0.05 0.05 0.05 0.05 0.05 0.05 0.05 0.05 0.05 0.05 0.05 0.05
  per-rule acc: 0.06 0.05
Epoch 1600 | Train: Loss=0.0061 Acc=99.9% | Test: Acc=4.7% | Best=5.1%(@1580)
  from x3: 0.05 0.05 0.05 0.05 0.05 0.05 0.05 0.05 0.05 0.05 0.05 0.05 0.05 0.05 0.05 0.05 0.05 0.05 0.05 0.05 0.05 0.05 0.05 0.05 0.05 0.05 0.05 0.05 0.05
  per-rule acc: 0.05 0.04
Epoch 1620 | Train: Loss=0.0033 Acc=100.0% | Test: Acc=4.2% | Best=5.1%(@1580)
  from x3: 0.04 0.04 0.04 0.04 0.04 0.04 0.04 0.04 0.04 0.04 0.04 0.04 0.04 0.04 0.04 0.04 0.04 0.04 0.04 0.04 0.04 0.04 0.04 0.04 0.04 0.04 0.04 0.04 0.04
  per-rule acc: 0.04 0.04
Epoch 1640 | Train: Loss=0.0022 Acc=100.0% | Test: Acc=4.5% | Best=5.1%(@1580)
  from x3: 0.05 0.05 0.05 0.05 0.05 0.04 0.04 0.04 0.04 0.04 0.04 0.04 0.04 0.04 0.04 0.04 0.04 0.04 0.04 0.04 0.04 0.04 0.04 0.04 0.04 0.04 0.04 0.04 0.04
  per-rule acc: 0.05 0.04
Epoch 1660 | Train: Loss=0.0045 Acc=99.9% | Test: Acc=4.5% | Best=5.1%(@1580)
  from x3: 0.05 0.05 0.05 0.05 0.04 0.04 0.04 0.04 0.04 0.04 0.04 0.04 0.04 0.04 0.04 0.04 0.04 0.05 0.04 0.04 0.04 0.04 0.04 0.04 0.04 0.04 0.04 0.04 0.04
  per-rule acc: 0.05 0.04
Epoch 1680 | Train: Loss=0.0038 Acc=99.9% | Test: Acc=4.1% | Best=5.1%(@1580)
  from x3: 0.04 0.04 0.04 0.04 0.04 0.04 0.04 0.04 0.04 0.04 0.04 0.04 0.04 0.04 0.04 0.04 0.04 0.04 0.04 0.04 0.04 0.04 0.04 0.04 0.04 0.04 0.04 0.04 0.04
  per-rule acc: 0.04 0.04
Epoch 1700 | Train: Loss=0.0087 Acc=99.9% | Test: Acc=4.4% | Best=5.1%(@1580)
  from x3: 0.05 0.05 0.04 0.04 0.04 0.04 0.04 0.04 0.04 0.04 0.04 0.04 0.04 0.04 0.04 0.04 0.04 0.04 0.04 0.04 0.04 0.04 0.04 0.04 0.04 0.04 0.04 0.04 0.04
  per-rule acc: 0.04 0.04
Epoch 1720 | Train: Loss=0.0032 Acc=100.0% | Test: Acc=4.2% | Best=5.1%(@1580)
  from x3: 0.04 0.04 0.04 0.04 0.04 0.04 0.04 0.04 0.04 0.04 0.04 0.04 0.04 0.04 0.04 0.04 0.04 0.04 0.04 0.04 0.04 0.04 0.04 0.04 0.04 0.04 0.04 0.04 0.04
  per-rule acc: 0.05 0.04
Epoch 1740 | Train: Loss=0.0028 Acc=100.0% | Test: Acc=4.8% | Best=5.1%(@1580)
  from x3: 0.05 0.05 0.05 0.05 0.05 0.05 0.05 0.05 0.05 0.05 0.05 0.05 0.05 0.05 0.05 0.05 0.05 0.05 0.05 0.05 0.05 0.05 0.05 0.05 0.05 0.05 0.05 0.05 0.05
  per-rule acc: 0.05 0.04
Epoch 1760 | Train: Loss=0.0050 Acc=99.9% | Test: Acc=3.9% | Best=5.1%(@1580)
  from x3: 0.04 0.04 0.04 0.04 0.04 0.04 0.04 0.04 0.04 0.04 0.04 0.04 0.04 0.04 0.04 0.04 0.04 0.04 0.04 0.04 0.04 0.04 0.04 0.04 0.04 0.04 0.04 0.04 0.04
  per-rule acc: 0.04 0.04
Epoch 1780 | Train: Loss=0.0040 Acc=99.9% | Test: Acc=5.5% | Best=5.5%(@1780)
  from x3: 0.06 0.06 0.06 0.06 0.06 0.05 0.05 0.05 0.05 0.05 0.05 0.05 0.05 0.05 0.05 0.05 0.05 0.05 0.05 0.05 0.05 0.05 0.05 0.05 0.05 0.05 0.05 0.05 0.05
  per-rule acc: 0.05 0.06
Epoch 1800 | Train: Loss=0.0035 Acc=100.0% | Test: Acc=4.5% | Best=5.5%(@1780)
  from x3: 0.05 0.05 0.04 0.05 0.05 0.05 0.05 0.04 0.04 0.05 0.05 0.05 0.05 0.05 0.05 0.05 0.05 0.05 0.05 0.05 0.05 0.05 0.05 0.05 0.05 0.05 0.05 0.05 0.04
  per-rule acc: 0.05 0.04
Epoch 1820 | Train: Loss=0.0022 Acc=100.0% | Test: Acc=4.6% | Best=5.5%(@1780)
  from x3: 0.05 0.05 0.05 0.05 0.05 0.05 0.05 0.05 0.05 0.05 0.05 0.05 0.05 0.05 0.05 0.05 0.05 0.05 0.05 0.05 0.05 0.05 0.05 0.05 0.05 0.05 0.05 0.05 0.04
  per-rule acc: 0.05 0.04
Epoch 1840 | Train: Loss=0.0034 Acc=100.0% | Test: Acc=4.2% | Best=5.5%(@1780)
  from x3: 0.04 0.04 0.04 0.04 0.04 0.04 0.04 0.04 0.04 0.04 0.04 0.04 0.04 0.04 0.04 0.04 0.04 0.04 0.04 0.04 0.04 0.04 0.04 0.04 0.04 0.04 0.04 0.04 0.04
  per-rule acc: 0.04 0.04
Epoch 1860 | Train: Loss=0.0028 Acc=100.0% | Test: Acc=4.6% | Best=5.5%(@1780)
  from x3: 0.05 0.05 0.05 0.05 0.05 0.05 0.05 0.05 0.05 0.05 0.05 0.05 0.05 0.05 0.05 0.05 0.05 0.05 0.05 0.04 0.05 0.05 0.05 0.05 0.05 0.05 0.05 0.05 0.05
  per-rule acc: 0.04 0.05
Epoch 1880 | Train: Loss=0.0020 Acc=100.0% | Test: Acc=5.1% | Best=5.5%(@1780)
  from x3: 0.05 0.05 0.05 0.05 0.05 0.05 0.05 0.05 0.05 0.05 0.05 0.05 0.05 0.05 0.05 0.05 0.05 0.05 0.05 0.05 0.05 0.05 0.05 0.05 0.05 0.05 0.05 0.05 0.05
  per-rule acc: 0.05 0.05
Epoch 1900 | Train: Loss=0.0038 Acc=99.9% | Test: Acc=4.6% | Best=5.5%(@1780)
  from x3: 0.05 0.05 0.05 0.05 0.05 0.05 0.05 0.05 0.04 0.04 0.04 0.04 0.04 0.04 0.04 0.04 0.04 0.04 0.04 0.04 0.04 0.04 0.04 0.04 0.04 0.04 0.04 0.04 0.04
  per-rule acc: 0.05 0.04
Epoch 1920 | Train: Loss=0.0038 Acc=100.0% | Test: Acc=4.2% | Best=5.5%(@1780)
  from x3: 0.04 0.04 0.04 0.04 0.04 0.04 0.04 0.04 0.04 0.04 0.04 0.04 0.04 0.04 0.04 0.04 0.04 0.04 0.04 0.04 0.04 0.04 0.04 0.04 0.04 0.04 0.04 0.04 0.04
  per-rule acc: 0.04 0.04
Epoch 1940 | Train: Loss=0.0036 Acc=99.9% | Test: Acc=4.9% | Best=5.5%(@1780)
  from x3: 0.06 0.05 0.05 0.05 0.05 0.05 0.05 0.05 0.05 0.05 0.05 0.05 0.05 0.05 0.05 0.05 0.05 0.05 0.05 0.05 0.05 0.05 0.05 0.05 0.05 0.05 0.05 0.05 0.05
  per-rule acc: 0.05 0.05
Epoch 1960 | Train: Loss=0.0041 Acc=99.9% | Test: Acc=4.4% | Best=5.5%(@1780)
  from x3: 0.04 0.05 0.05 0.04 0.04 0.04 0.04 0.04 0.04 0.04 0.04 0.04 0.04 0.04 0.04 0.04 0.04 0.04 0.04 0.04 0.04 0.04 0.04 0.04 0.04 0.04 0.04 0.04 0.04
  per-rule acc: 0.04 0.04
Epoch 1980 | Train: Loss=0.0024 Acc=100.0% | Test: Acc=5.0% | Best=5.5%(@1780)
  from x3: 0.06 0.05 0.05 0.05 0.05 0.05 0.05 0.05 0.05 0.05 0.05 0.05 0.05 0.05 0.05 0.05 0.05 0.05 0.05 0.05 0.05 0.05 0.05 0.05 0.05 0.05 0.05 0.05 0.05
  per-rule acc: 0.05 0.05
Epoch 2000 | Train: Loss=0.0369 Acc=99.9% | Test: Acc=4.9% | Best=5.5%(@1780)
  from x3: 0.05 0.05 0.05 0.05 0.05 0.05 0.05 0.05 0.05 0.05 0.05 0.05 0.05 0.05 0.05 0.05 0.05 0.05 0.05 0.05 0.05 0.05 0.05 0.05 0.05 0.05 0.05 0.05 0.05
  per-rule acc: 0.05 0.05
Epoch 2020 | Train: Loss=0.0026 Acc=100.0% | Test: Acc=4.8% | Best=5.5%(@1780)
  from x3: 0.05 0.06 0.05 0.05 0.05 0.05 0.05 0.05 0.05 0.05 0.05 0.05 0.05 0.05 0.05 0.05 0.05 0.05 0.05 0.05 0.05 0.05 0.05 0.05 0.05 0.05 0.05 0.05 0.05
  per-rule acc: 0.05 0.05
Epoch 2040 | Train: Loss=0.0264 Acc=99.7% | Test: Acc=5.4% | Best=5.5%(@1780)
  from x3: 0.06 0.05 0.05 0.05 0.05 0.05 0.05 0.05 0.05 0.05 0.05 0.05 0.05 0.05 0.05 0.05 0.05 0.05 0.05 0.05 0.05 0.05 0.05 0.05 0.05 0.05 0.05 0.05 0.05
  per-rule acc: 0.06 0.05
Epoch 2060 | Train: Loss=0.0032 Acc=100.0% | Test: Acc=4.4% | Best=5.5%(@1780)
  from x3: 0.05 0.05 0.05 0.04 0.04 0.04 0.04 0.04 0.04 0.04 0.04 0.04 0.04 0.04 0.04 0.04 0.04 0.04 0.04 0.04 0.04 0.04 0.04 0.04 0.04 0.04 0.04 0.04 0.04
  per-rule acc: 0.04 0.05
Epoch 2080 | Train: Loss=0.0037 Acc=100.0% | Test: Acc=4.4% | Best=5.5%(@1780)
  from x3: 0.05 0.05 0.04 0.04 0.04 0.04 0.04 0.04 0.04 0.04 0.04 0.04 0.04 0.04 0.04 0.04 0.04 0.04 0.04 0.04 0.04 0.04 0.04 0.04 0.04 0.04 0.04 0.04 0.04
  per-rule acc: 0.04 0.04
Epoch 2100 | Train: Loss=0.0023 Acc=100.0% | Test: Acc=5.3% | Best=5.5%(@1780)
  from x3: 0.06 0.05 0.05 0.05 0.05 0.05 0.05 0.05 0.05 0.05 0.05 0.05 0.05 0.05 0.05 0.05 0.05 0.05 0.05 0.05 0.05 0.05 0.05 0.05 0.05 0.05 0.05 0.05 0.05
  per-rule acc: 0.05 0.06
Epoch 2120 | Train: Loss=0.0058 Acc=99.9% | Test: Acc=4.2% | Best=5.5%(@1780)
  from x3: 0.04 0.04 0.04 0.04 0.04 0.04 0.04 0.04 0.04 0.04 0.04 0.04 0.04 0.04 0.04 0.04 0.04 0.04 0.04 0.04 0.04 0.04 0.04 0.04 0.04 0.04 0.04 0.04 0.04
  per-rule acc: 0.04 0.04
Epoch 2140 | Train: Loss=0.0027 Acc=100.0% | Test: Acc=4.7% | Best=5.5%(@1780)
  from x3: 0.05 0.05 0.05 0.05 0.05 0.05 0.05 0.05 0.05 0.05 0.05 0.05 0.05 0.05 0.05 0.05 0.05 0.05 0.05 0.05 0.05 0.05 0.05 0.05 0.05 0.05 0.05 0.05 0.05
  per-rule acc: 0.05 0.05
Epoch 2160 | Train: Loss=0.0054 Acc=99.9% | Test: Acc=4.6% | Best=5.5%(@1780)
  from x3: 0.05 0.05 0.05 0.05 0.05 0.05 0.05 0.05 0.05 0.05 0.05 0.05 0.05 0.05 0.05 0.05 0.05 0.05 0.05 0.05 0.05 0.05 0.05 0.05 0.05 0.05 0.05 0.05 0.05
  per-rule acc: 0.05 0.05
Epoch 2180 | Train: Loss=0.0038 Acc=99.9% | Test: Acc=5.0% | Best=5.5%(@1780)
  from x3: 0.05 0.06 0.05 0.05 0.05 0.05 0.05 0.05 0.05 0.05 0.05 0.05 0.05 0.05 0.05 0.05 0.05 0.05 0.05 0.05 0.05 0.05 0.05 0.05 0.05 0.05 0.05 0.05 0.05
  per-rule acc: 0.05 0.05
Epoch 2200 | Train: Loss=0.0059 Acc=99.9% | Test: Acc=4.4% | Best=5.5%(@1780)
  from x3: 0.04 0.05 0.05 0.04 0.04 0.04 0.04 0.04 0.04 0.04 0.04 0.04 0.04 0.04 0.04 0.04 0.04 0.04 0.04 0.04 0.04 0.04 0.04 0.04 0.04 0.04 0.04 0.04 0.04
  per-rule acc: 0.04 0.04
Epoch 2220 | Train: Loss=0.0222 Acc=99.9% | Test: Acc=5.1% | Best=5.5%(@1780)
  from x3: 0.05 0.06 0.05 0.05 0.05 0.05 0.05 0.05 0.05 0.05 0.05 0.05 0.05 0.05 0.05 0.05 0.05 0.05 0.05 0.05 0.05 0.05 0.05 0.05 0.05 0.05 0.05 0.05 0.05
  per-rule acc: 0.05 0.06
Epoch 2240 | Train: Loss=0.0028 Acc=100.0% | Test: Acc=4.6% | Best=5.5%(@1780)
  from x3: 0.05 0.05 0.05 0.05 0.05 0.05 0.05 0.05 0.05 0.05 0.05 0.05 0.05 0.05 0.05 0.05 0.05 0.05 0.05 0.05 0.05 0.05 0.05 0.05 0.05 0.05 0.05 0.05 0.05
  per-rule acc: 0.04 0.05
Epoch 2260 | Train: Loss=0.0050 Acc=99.9% | Test: Acc=5.5% | Best=5.5%(@2260)
  from x3: 0.06 0.06 0.05 0.06 0.06 0.06 0.05 0.05 0.05 0.05 0.05 0.05 0.05 0.05 0.06 0.05 0.05 0.05 0.05 0.05 0.05 0.06 0.05 0.05 0.05 0.05 0.05 0.05 0.05
  per-rule acc: 0.05 0.06
Epoch 2280 | Train: Loss=0.0041 Acc=100.0% | Test: Acc=4.4% | Best=5.5%(@2260)
  from x3: 0.05 0.05 0.04 0.05 0.04 0.04 0.04 0.04 0.04 0.04 0.04 0.04 0.04 0.04 0.04 0.04 0.04 0.04 0.04 0.04 0.04 0.04 0.04 0.04 0.04 0.04 0.04 0.04 0.04
  per-rule acc: 0.04 0.05
Epoch 2300 | Train: Loss=0.0036 Acc=100.0% | Test: Acc=4.3% | Best=5.5%(@2260)
  from x3: 0.04 0.04 0.04 0.04 0.04 0.04 0.04 0.04 0.04 0.04 0.04 0.04 0.04 0.04 0.04 0.04 0.04 0.04 0.04 0.04 0.04 0.04 0.04 0.04 0.04 0.04 0.04 0.04 0.04
  per-rule acc: 0.04 0.04
Epoch 2320 | Train: Loss=0.0020 Acc=100.0% | Test: Acc=5.2% | Best=5.5%(@2260)
  from x3: 0.06 0.06 0.05 0.05 0.05 0.05 0.05 0.05 0.05 0.05 0.05 0.05 0.05 0.05 0.05 0.05 0.05 0.05 0.05 0.05 0.05 0.05 0.05 0.05 0.05 0.05 0.05 0.05 0.05
  per-rule acc: 0.05 0.05
Epoch 2340 | Train: Loss=0.0035 Acc=100.0% | Test: Acc=4.2% | Best=5.5%(@2260)
  from x3: 0.05 0.04 0.04 0.04 0.04 0.04 0.04 0.04 0.04 0.04 0.04 0.04 0.04 0.04 0.04 0.04 0.04 0.04 0.04 0.04 0.04 0.04 0.04 0.04 0.04 0.04 0.04 0.04 0.04
  per-rule acc: 0.04 0.04
Epoch 2360 | Train: Loss=0.0043 Acc=99.9% | Test: Acc=5.2% | Best=5.5%(@2260)
  from x3: 0.06 0.06 0.05 0.05 0.05 0.05 0.05 0.05 0.05 0.05 0.05 0.05 0.05 0.05 0.05 0.05 0.05 0.05 0.05 0.05 0.05 0.05 0.05 0.05 0.05 0.05 0.05 0.05 0.05
  per-rule acc: 0.06 0.05
Epoch 2380 | Train: Loss=0.0044 Acc=100.0% | Test: Acc=4.9% | Best=5.5%(@2260)
  from x3: 0.05 0.05 0.05 0.05 0.05 0.05 0.05 0.05 0.05 0.05 0.05 0.05 0.05 0.05 0.05 0.05 0.05 0.05 0.05 0.05 0.05 0.05 0.05 0.05 0.05 0.05 0.05 0.05 0.05
  per-rule acc: 0.04 0.05
Epoch 2400 | Train: Loss=0.0027 Acc=100.0% | Test: Acc=5.3% | Best=5.5%(@2260)
  from x3: 0.06 0.05 0.05 0.05 0.05 0.05 0.05 0.05 0.05 0.05 0.05 0.05 0.05 0.05 0.05 0.05 0.05 0.05 0.05 0.05 0.05 0.05 0.05 0.05 0.05 0.05 0.05 0.05 0.05
  per-rule acc: 0.05 0.06
Epoch 2420 | Train: Loss=0.0029 Acc=100.0% | Test: Acc=4.8% | Best=5.5%(@2260)
  from x3: 0.05 0.05 0.05 0.05 0.05 0.05 0.05 0.05 0.05 0.05 0.05 0.05 0.05 0.05 0.05 0.05 0.05 0.05 0.05 0.05 0.05 0.05 0.05 0.05 0.05 0.05 0.05 0.05 0.05
  per-rule acc: 0.05 0.05
Epoch 2440 | Train: Loss=0.0094 Acc=99.9% | Test: Acc=5.4% | Best=5.5%(@2260)
  from x3: 0.06 0.06 0.06 0.05 0.05 0.05 0.05 0.05 0.05 0.05 0.05 0.05 0.05 0.05 0.05 0.05 0.05 0.05 0.05 0.05 0.05 0.05 0.05 0.05 0.05 0.05 0.05 0.05 0.05
  per-rule acc: 0.06 0.05
Epoch 2460 | Train: Loss=0.0029 Acc=100.0% | Test: Acc=5.2% | Best=5.5%(@2260)
  from x3: 0.05 0.05 0.05 0.05 0.05 0.05 0.05 0.05 0.05 0.05 0.05 0.05 0.05 0.05 0.05 0.05 0.05 0.05 0.05 0.05 0.05 0.05 0.05 0.05 0.05 0.05 0.05 0.05 0.05
  per-rule acc: 0.05 0.05
Epoch 2480 | Train: Loss=0.0028 Acc=100.0% | Test: Acc=4.8% | Best=5.5%(@2260)
  from x3: 0.05 0.05 0.05 0.05 0.05 0.05 0.05 0.05 0.05 0.05 0.05 0.05 0.05 0.05 0.05 0.05 0.05 0.05 0.05 0.05 0.05 0.05 0.05 0.05 0.05 0.05 0.05 0.05 0.05
  per-rule acc: 0.05 0.05
Epoch 2500 | Train: Loss=0.0287 Acc=99.9% | Test: Acc=5.0% | Best=5.5%(@2260)
  from x3: 0.05 0.05 0.05 0.05 0.05 0.05 0.05 0.05 0.05 0.05 0.05 0.05 0.05 0.05 0.05 0.05 0.05 0.05 0.05 0.05 0.05 0.05 0.05 0.05 0.05 0.05 0.05 0.05 0.05
  per-rule acc: 0.05 0.05
Epoch 2520 | Train: Loss=0.0036 Acc=100.0% | Test: Acc=4.7% | Best=5.5%(@2260)
  from x3: 0.05 0.05 0.05 0.05 0.05 0.05 0.05 0.05 0.05 0.05 0.05 0.05 0.05 0.05 0.05 0.05 0.05 0.05 0.05 0.05 0.05 0.05 0.05 0.05 0.05 0.05 0.05 0.05 0.05
  per-rule acc: 0.05 0.05
Epoch 2540 | Train: Loss=0.0023 Acc=100.0% | Test: Acc=5.3% | Best=5.5%(@2260)
  from x3: 0.05 0.06 0.05 0.05 0.05 0.05 0.05 0.05 0.05 0.05 0.05 0.05 0.05 0.05 0.05 0.05 0.05 0.05 0.05 0.05 0.05 0.05 0.05 0.05 0.05 0.05 0.05 0.05 0.05
  per-rule acc: 0.05 0.05
Epoch 2560 | Train: Loss=0.0162 Acc=100.0% | Test: Acc=5.3% | Best=5.5%(@2260)
  from x3: 0.05 0.05 0.05 0.05 0.05 0.05 0.05 0.05 0.05 0.05 0.05 0.05 0.05 0.05 0.05 0.05 0.05 0.05 0.05 0.05 0.05 0.05 0.05 0.05 0.05 0.05 0.05 0.05 0.05
  per-rule acc: 0.05 0.05
Epoch 2580 | Train: Loss=0.0035 Acc=100.0% | Test: Acc=4.7% | Best=5.5%(@2260)
  from x3: 0.05 0.05 0.05 0.05 0.05 0.05 0.05 0.05 0.05 0.05 0.05 0.05 0.05 0.05 0.05 0.05 0.05 0.05 0.05 0.05 0.05 0.05 0.05 0.05 0.05 0.05 0.05 0.05 0.05
  per-rule acc: 0.05 0.05
Epoch 2600 | Train: Loss=0.0024 Acc=100.0% | Test: Acc=5.0% | Best=5.5%(@2260)
  from x3: 0.05 0.05 0.05 0.05 0.05 0.05 0.05 0.05 0.05 0.05 0.05 0.05 0.05 0.05 0.05 0.05 0.05 0.05 0.05 0.05 0.05 0.05 0.05 0.05 0.05 0.05 0.05 0.05 0.05
  per-rule acc: 0.05 0.05
Epoch 2620 | Train: Loss=0.0061 Acc=99.9% | Test: Acc=4.3% | Best=5.5%(@2260)
  from x3: 0.04 0.04 0.04 0.04 0.04 0.04 0.04 0.04 0.04 0.04 0.04 0.04 0.04 0.04 0.04 0.04 0.04 0.04 0.04 0.04 0.04 0.04 0.04 0.04 0.04 0.04 0.04 0.04 0.04
  per-rule acc: 0.04 0.05
Epoch 2640 | Train: Loss=0.0023 Acc=100.0% | Test: Acc=5.3% | Best=5.5%(@2260)
  from x3: 0.06 0.06 0.06 0.05 0.05 0.05 0.05 0.05 0.05 0.05 0.05 0.05 0.05 0.05 0.05 0.05 0.05 0.05 0.05 0.05 0.05 0.05 0.05 0.05 0.05 0.05 0.05 0.05 0.05
  per-rule acc: 0.05 0.05
Epoch 2660 | Train: Loss=0.0032 Acc=99.9% | Test: Acc=5.1% | Best=5.5%(@2260)
  from x3: 0.06 0.06 0.05 0.05 0.05 0.05 0.05 0.05 0.05 0.05 0.05 0.05 0.05 0.05 0.05 0.05 0.05 0.05 0.05 0.05 0.05 0.05 0.05 0.05 0.05 0.05 0.05 0.05 0.05
  per-rule acc: 0.05 0.05
Epoch 2680 | Train: Loss=0.0097 Acc=99.8% | Test: Acc=5.1% | Best=5.5%(@2260)
  from x3: 0.05 0.06 0.05 0.05 0.05 0.05 0.05 0.05 0.05 0.05 0.05 0.05 0.05 0.05 0.05 0.05 0.05 0.05 0.05 0.05 0.05 0.05 0.05 0.05 0.05 0.05 0.05 0.05 0.05
  per-rule acc: 0.05 0.05
Epoch 2700 | Train: Loss=0.0058 Acc=99.9% | Test: Acc=5.0% | Best=5.5%(@2260)
  from x3: 0.06 0.05 0.05 0.05 0.05 0.05 0.05 0.05 0.05 0.05 0.05 0.05 0.05 0.05 0.05 0.05 0.05 0.05 0.05 0.05 0.05 0.05 0.05 0.05 0.05 0.05 0.05 0.05 0.05
  per-rule acc: 0.05 0.05
Epoch 2720 | Train: Loss=0.0173 Acc=99.9% | Test: Acc=5.2% | Best=5.5%(@2260)
  from x3: 0.06 0.05 0.05 0.05 0.05 0.05 0.05 0.05 0.05 0.05 0.05 0.05 0.05 0.05 0.05 0.05 0.05 0.05 0.05 0.05 0.05 0.05 0.05 0.05 0.05 0.05 0.05 0.05 0.05
  per-rule acc: 0.05 0.06
Epoch 2740 | Train: Loss=0.0037 Acc=100.0% | Test: Acc=4.6% | Best=5.5%(@2260)
  from x3: 0.05 0.05 0.05 0.05 0.05 0.05 0.05 0.05 0.05 0.05 0.05 0.05 0.04 0.05 0.04 0.05 0.05 0.05 0.05 0.05 0.05 0.05 0.05 0.05 0.05 0.05 0.05 0.05 0.05
  per-rule acc: 0.04 0.05
Epoch 2760 | Train: Loss=0.0034 Acc=99.9% | Test: Acc=5.0% | Best=5.5%(@2260)
  from x3: 0.05 0.05 0.05 0.05 0.05 0.05 0.05 0.05 0.05 0.05 0.05 0.05 0.05 0.05 0.05 0.05 0.05 0.05 0.05 0.05 0.05 0.05 0.05 0.05 0.05 0.05 0.05 0.05 0.05
  per-rule acc: 0.05 0.05
Epoch 2780 | Train: Loss=0.0035 Acc=100.0% | Test: Acc=4.5% | Best=5.5%(@2260)
  from x3: 0.04 0.05 0.05 0.04 0.04 0.04 0.04 0.04 0.04 0.04 0.04 0.04 0.04 0.04 0.04 0.04 0.04 0.04 0.04 0.04 0.04 0.04 0.04 0.04 0.04 0.04 0.04 0.04 0.04
  per-rule acc: 0.04 0.04
Epoch 2800 | Train: Loss=0.0022 Acc=100.0% | Test: Acc=5.1% | Best=5.5%(@2260)
  from x3: 0.06 0.06 0.05 0.05 0.05 0.05 0.05 0.05 0.05 0.05 0.05 0.05 0.05 0.05 0.05 0.05 0.05 0.05 0.05 0.05 0.05 0.05 0.05 0.05 0.05 0.05 0.05 0.05 0.05
  per-rule acc: 0.05 0.05
Epoch 2820 | Train: Loss=0.0386 Acc=99.6% | Test: Acc=4.3% | Best=5.5%(@2260)
  from x3: 0.04 0.05 0.04 0.04 0.04 0.04 0.04 0.04 0.04 0.04 0.04 0.04 0.04 0.04 0.04 0.04 0.04 0.04 0.04 0.04 0.04 0.04 0.04 0.04 0.04 0.04 0.04 0.04 0.04
  per-rule acc: 0.04 0.05
Epoch 2840 | Train: Loss=0.0033 Acc=99.9% | Test: Acc=4.8% | Best=5.5%(@2260)
  from x3: 0.05 0.05 0.05 0.05 0.05 0.05 0.05 0.05 0.05 0.05 0.05 0.05 0.05 0.05 0.05 0.05 0.05 0.05 0.05 0.05 0.05 0.05 0.05 0.05 0.05 0.05 0.05 0.05 0.05
  per-rule acc: 0.05 0.05
Epoch 2860 | Train: Loss=0.0034 Acc=99.9% | Test: Acc=5.5% | Best=5.5%(@2260)
  from x3: 0.06 0.06 0.06 0.05 0.05 0.05 0.05 0.05 0.05 0.05 0.05 0.05 0.05 0.05 0.05 0.05 0.05 0.05 0.05 0.06 0.05 0.06 0.06 0.06 0.05 0.05 0.05 0.05 0.05
  per-rule acc: 0.06 0.05
Epoch 2880 | Train: Loss=0.0034 Acc=100.0% | Test: Acc=4.7% | Best=5.5%(@2260)
  from x3: 0.05 0.05 0.05 0.05 0.05 0.05 0.05 0.05 0.05 0.05 0.05 0.05 0.05 0.05 0.05 0.05 0.05 0.05 0.05 0.05 0.05 0.05 0.05 0.05 0.05 0.05 0.05 0.05 0.05
  per-rule acc: 0.05 0.05
Epoch 2900 | Train: Loss=0.0091 Acc=99.9% | Test: Acc=4.2% | Best=5.5%(@2260)
  from x3: 0.04 0.05 0.04 0.04 0.04 0.04 0.04 0.04 0.04 0.04 0.04 0.04 0.04 0.04 0.04 0.04 0.04 0.04 0.04 0.04 0.04 0.04 0.04 0.04 0.04 0.04 0.04 0.04 0.04
  per-rule acc: 0.04 0.05
Epoch 2920 | Train: Loss=0.0028 Acc=99.9% | Test: Acc=4.9% | Best=5.5%(@2260)
  from x3: 0.06 0.05 0.05 0.05 0.05 0.05 0.05 0.05 0.05 0.05 0.05 0.05 0.05 0.05 0.05 0.05 0.05 0.05 0.05 0.05 0.05 0.05 0.05 0.05 0.05 0.05 0.05 0.05 0.05
  per-rule acc: 0.04 0.05
Epoch 2940 | Train: Loss=0.0024 Acc=100.0% | Test: Acc=5.5% | Best=5.5%(@2940)
  from x3: 0.06 0.05 0.05 0.05 0.05 0.05 0.05 0.05 0.06 0.06 0.06 0.06 0.06 0.06 0.06 0.06 0.06 0.06 0.06 0.06 0.06 0.06 0.06 0.06 0.06 0.06 0.06 0.06 0.06
  per-rule acc: 0.05 0.06
Epoch 2960 | Train: Loss=0.0429 Acc=99.3% | Test: Acc=4.2% | Best=5.5%(@2940)
  from x3: 0.04 0.04 0.04 0.04 0.04 0.04 0.04 0.04 0.04 0.04 0.04 0.04 0.04 0.04 0.04 0.04 0.04 0.04 0.04 0.04 0.04 0.04 0.04 0.04 0.04 0.04 0.04 0.04 0.04
  per-rule acc: 0.04 0.05
Epoch 2980 | Train: Loss=0.0039 Acc=99.9% | Test: Acc=4.5% | Best=5.5%(@2940)
  from x3: 0.05 0.05 0.05 0.04 0.04 0.04 0.04 0.04 0.04 0.04 0.04 0.04 0.04 0.04 0.04 0.04 0.04 0.04 0.04 0.04 0.04 0.04 0.04 0.04 0.04 0.04 0.04 0.04 0.04
  per-rule acc: 0.04 0.05
Epoch 3000 | Train: Loss=0.0044 Acc=99.9% | Test: Acc=4.6% | Best=5.5%(@2940)
  from x3: 0.05 0.05 0.05 0.05 0.05 0.05 0.05 0.05 0.05 0.05 0.05 0.05 0.05 0.05 0.05 0.05 0.05 0.05 0.05 0.05 0.05 0.05 0.05 0.05 0.05 0.05 0.05 0.05 0.05
  per-rule acc: 0.04 0.05
Epoch 3020 | Train: Loss=0.0024 Acc=100.0% | Test: Acc=5.4% | Best=5.5%(@2940)
  from x3: 0.06 0.06 0.06 0.06 0.06 0.05 0.05 0.05 0.05 0.05 0.05 0.05 0.05 0.05 0.05 0.05 0.05 0.05 0.05 0.05 0.05 0.05 0.05 0.05 0.05 0.05 0.05 0.05 0.05
  per-rule acc: 0.05 0.06
Epoch 3040 | Train: Loss=0.0257 Acc=99.9% | Test: Acc=4.6% | Best=5.5%(@2940)
  from x3: 0.05 0.05 0.05 0.05 0.05 0.05 0.05 0.05 0.05 0.05 0.05 0.05 0.05 0.05 0.05 0.05 0.05 0.05 0.05 0.05 0.05 0.05 0.05 0.05 0.05 0.05 0.05 0.05 0.05
  per-rule acc: 0.04 0.05
Epoch 3060 | Train: Loss=0.0031 Acc=100.0% | Test: Acc=5.0% | Best=5.5%(@2940)
  from x3: 0.05 0.05 0.05 0.05 0.05 0.05 0.05 0.05 0.05 0.05 0.05 0.05 0.05 0.05 0.05 0.05 0.05 0.05 0.05 0.05 0.05 0.05 0.05 0.05 0.05 0.05 0.05 0.05 0.05
  per-rule acc: 0.05 0.05
Epoch 3080 | Train: Loss=0.0043 Acc=100.0% | Test: Acc=4.5% | Best=5.5%(@2940)
  from x3: 0.04 0.05 0.05 0.05 0.05 0.05 0.05 0.05 0.05 0.05 0.05 0.05 0.05 0.05 0.05 0.05 0.05 0.05 0.05 0.05 0.05 0.05 0.05 0.05 0.05 0.05 0.04 0.04 0.04
  per-rule acc: 0.04 0.05
Epoch 3100 | Train: Loss=0.0375 Acc=99.9% | Test: Acc=5.3% | Best=5.5%(@2940)
  from x3: 0.06 0.06 0.05 0.05 0.05 0.05 0.05 0.05 0.05 0.05 0.05 0.05 0.05 0.05 0.05 0.05 0.05 0.05 0.05 0.05 0.05 0.05 0.05 0.05 0.05 0.05 0.05 0.05 0.05
  per-rule acc: 0.05 0.06
Epoch 3120 | Train: Loss=0.0211 Acc=99.9% | Test: Acc=5.2% | Best=5.5%(@2940)
  from x3: 0.05 0.05 0.05 0.05 0.05 0.05 0.05 0.05 0.05 0.05 0.05 0.05 0.05 0.05 0.05 0.05 0.05 0.05 0.05 0.05 0.05 0.05 0.05 0.05 0.05 0.05 0.05 0.05 0.05
  per-rule acc: 0.04 0.06
Epoch 3140 | Train: Loss=0.0035 Acc=100.0% | Test: Acc=4.7% | Best=5.5%(@2940)
  from x3: 0.05 0.05 0.05 0.05 0.05 0.05 0.05 0.05 0.05 0.05 0.05 0.05 0.05 0.05 0.05 0.05 0.05 0.05 0.05 0.05 0.05 0.05 0.05 0.05 0.05 0.05 0.05 0.05 0.05
  per-rule acc: 0.04 0.05
Epoch 3160 | Train: Loss=0.0028 Acc=100.0% | Test: Acc=5.4% | Best=5.5%(@2940)
  from x3: 0.06 0.06 0.05 0.05 0.05 0.05 0.05 0.05 0.05 0.05 0.05 0.05 0.05 0.05 0.05 0.05 0.05 0.05 0.05 0.05 0.05 0.05 0.05 0.05 0.05 0.05 0.05 0.05 0.05
  per-rule acc: 0.05 0.06
Epoch 3180 | Train: Loss=0.0033 Acc=100.0% | Test: Acc=4.6% | Best=5.5%(@2940)
  from x3: 0.05 0.05 0.05 0.05 0.05 0.05 0.05 0.05 0.05 0.05 0.05 0.05 0.05 0.05 0.05 0.05 0.05 0.05 0.05 0.05 0.05 0.05 0.05 0.05 0.05 0.05 0.05 0.05 0.05
  per-rule acc: 0.04 0.05
Epoch 3200 | Train: Loss=0.0020 Acc=100.0% | Test: Acc=5.3% | Best=5.5%(@2940)
  from x3: 0.06 0.06 0.05 0.05 0.05 0.05 0.05 0.05 0.05 0.05 0.05 0.05 0.05 0.05 0.05 0.05 0.05 0.05 0.05 0.05 0.05 0.05 0.05 0.05 0.05 0.05 0.05 0.05 0.05
  per-rule acc: 0.05 0.05
Epoch 3220 | Train: Loss=0.0033 Acc=100.0% | Test: Acc=4.6% | Best=5.5%(@2940)
  from x3: 0.05 0.05 0.05 0.05 0.05 0.05 0.05 0.05 0.05 0.05 0.05 0.05 0.05 0.05 0.05 0.05 0.05 0.05 0.05 0.05 0.05 0.05 0.05 0.05 0.05 0.05 0.05 0.05 0.05
  per-rule acc: 0.05 0.05
Epoch 3240 | Train: Loss=0.0041 Acc=99.9% | Test: Acc=5.3% | Best=5.5%(@2940)
  from x3: 0.06 0.06 0.05 0.05 0.05 0.05 0.05 0.05 0.05 0.05 0.05 0.05 0.05 0.05 0.05 0.05 0.05 0.05 0.05 0.05 0.05 0.05 0.05 0.05 0.05 0.05 0.05 0.05 0.05
  per-rule acc: 0.05 0.05
Epoch 3260 | Train: Loss=0.0041 Acc=99.9% | Test: Acc=4.8% | Best=5.5%(@2940)
  from x3: 0.05 0.05 0.05 0.05 0.05 0.05 0.05 0.05 0.05 0.05 0.05 0.05 0.05 0.05 0.05 0.05 0.05 0.05 0.05 0.05 0.05 0.05 0.05 0.05 0.05 0.05 0.05 0.05 0.05
  per-rule acc: 0.05 0.04
Epoch 3280 | Train: Loss=0.0027 Acc=100.0% | Test: Acc=5.0% | Best=5.5%(@2940)
  from x3: 0.06 0.06 0.05 0.05 0.05 0.05 0.05 0.05 0.05 0.05 0.05 0.05 0.05 0.05 0.05 0.05 0.05 0.05 0.05 0.05 0.05 0.05 0.05 0.05 0.05 0.05 0.05 0.05 0.05
  per-rule acc: 0.05 0.05
Epoch 3300 | Train: Loss=0.0307 Acc=100.0% | Test: Acc=4.7% | Best=5.5%(@2940)
  from x3: 0.06 0.05 0.05 0.05 0.05 0.05 0.05 0.05 0.05 0.05 0.05 0.05 0.05 0.05 0.05 0.05 0.05 0.05 0.05 0.05 0.05 0.05 0.05 0.05 0.05 0.05 0.05 0.05 0.05
  per-rule acc: 0.04 0.05
Epoch 3320 | Train: Loss=0.0082 Acc=99.9% | Test: Acc=5.0% | Best=5.5%(@2940)
  from x3: 0.05 0.05 0.05 0.05 0.05 0.05 0.05 0.05 0.05 0.05 0.05 0.05 0.05 0.05 0.05 0.05 0.05 0.05 0.05 0.05 0.05 0.05 0.05 0.05 0.05 0.05 0.05 0.05 0.05
  per-rule acc: 0.04 0.06
Epoch 3340 | Train: Loss=0.0410 Acc=100.0% | Test: Acc=5.1% | Best=5.5%(@2940)
  from x3: 0.05 0.05 0.05 0.05 0.05 0.05 0.05 0.05 0.05 0.05 0.05 0.05 0.05 0.05 0.05 0.05 0.05 0.05 0.05 0.05 0.05 0.05 0.05 0.05 0.05 0.05 0.05 0.05 0.05
  per-rule acc: 0.04 0.06
Epoch 3360 | Train: Loss=0.0024 Acc=100.0% | Test: Acc=5.0% | Best=5.5%(@2940)
  from x3: 0.05 0.05 0.05 0.05 0.05 0.05 0.05 0.05 0.05 0.05 0.05 0.05 0.05 0.05 0.05 0.05 0.05 0.05 0.05 0.05 0.05 0.05 0.05 0.05 0.05 0.05 0.05 0.05 0.05
  per-rule acc: 0.05 0.05
Epoch 3380 | Train: Loss=0.0048 Acc=100.0% | Test: Acc=5.4% | Best=5.5%(@2940)
  from x3: 0.06 0.06 0.06 0.06 0.05 0.05 0.05 0.05 0.05 0.05 0.05 0.05 0.05 0.05 0.05 0.05 0.05 0.05 0.05 0.05 0.05 0.05 0.05 0.05 0.05 0.05 0.05 0.05 0.05
  per-rule acc: 0.06 0.05
Epoch 3400 | Train: Loss=0.0046 Acc=99.9% | Test: Acc=4.2% | Best=5.5%(@2940)
  from x3: 0.05 0.05 0.04 0.04 0.04 0.04 0.04 0.04 0.04 0.04 0.04 0.04 0.04 0.04 0.04 0.04 0.04 0.04 0.04 0.04 0.04 0.04 0.04 0.04 0.04 0.04 0.04 0.04 0.04
  per-rule acc: 0.04 0.04
Epoch 3420 | Train: Loss=0.0032 Acc=99.9% | Test: Acc=5.2% | Best=5.5%(@2940)
  from x3: 0.06 0.06 0.05 0.05 0.05 0.05 0.05 0.05 0.05 0.05 0.05 0.05 0.05 0.05 0.05 0.05 0.05 0.05 0.05 0.05 0.05 0.05 0.05 0.05 0.05 0.05 0.05 0.05 0.05
  per-rule acc: 0.05 0.05
Epoch 3440 | Train: Loss=0.0030 Acc=100.0% | Test: Acc=4.7% | Best=5.5%(@2940)
  from x3: 0.05 0.05 0.05 0.05 0.05 0.05 0.05 0.05 0.05 0.05 0.05 0.05 0.05 0.05 0.05 0.05 0.05 0.05 0.05 0.05 0.05 0.05 0.05 0.05 0.05 0.05 0.05 0.05 0.05
  per-rule acc: 0.04 0.05
Epoch 3460 | Train: Loss=0.0023 Acc=100.0% | Test: Acc=5.0% | Best=5.5%(@2940)
  from x3: 0.06 0.06 0.05 0.05 0.05 0.05 0.05 0.05 0.05 0.05 0.05 0.05 0.05 0.05 0.05 0.05 0.05 0.05 0.05 0.05 0.05 0.05 0.05 0.05 0.05 0.05 0.05 0.05 0.05
  per-rule acc: 0.05 0.05
Epoch 3480 | Train: Loss=0.0402 Acc=99.9% | Test: Acc=4.7% | Best=5.5%(@2940)
  from x3: 0.05 0.05 0.05 0.05 0.05 0.05 0.05 0.05 0.05 0.05 0.05 0.05 0.05 0.05 0.05 0.05 0.05 0.05 0.05 0.05 0.05 0.05 0.05 0.05 0.05 0.05 0.05 0.05 0.05
  per-rule acc: 0.04 0.05
Epoch 3500 | Train: Loss=0.0026 Acc=100.0% | Test: Acc=5.0% | Best=5.5%(@2940)
  from x3: 0.06 0.05 0.05 0.05 0.05 0.05 0.05 0.05 0.05 0.05 0.05 0.05 0.05 0.05 0.05 0.05 0.05 0.05 0.05 0.05 0.05 0.05 0.05 0.05 0.05 0.05 0.05 0.05 0.05
  per-rule acc: 0.05 0.05
Epoch 3520 | Train: Loss=0.0071 Acc=99.9% | Test: Acc=5.1% | Best=5.5%(@2940)
  from x3: 0.06 0.05 0.05 0.05 0.05 0.05 0.05 0.05 0.05 0.05 0.05 0.05 0.05 0.05 0.05 0.05 0.05 0.05 0.05 0.05 0.05 0.05 0.05 0.05 0.05 0.05 0.05 0.05 0.05
  per-rule acc: 0.05 0.05
Epoch 3540 | Train: Loss=0.0034 Acc=99.9% | Test: Acc=4.6% | Best=5.5%(@2940)
  from x3: 0.05 0.05 0.05 0.05 0.05 0.05 0.05 0.05 0.05 0.05 0.05 0.05 0.05 0.05 0.05 0.05 0.05 0.05 0.05 0.05 0.05 0.05 0.05 0.05 0.05 0.05 0.05 0.05 0.05
  per-rule acc: 0.05 0.05
Epoch 3560 | Train: Loss=0.0110 Acc=100.0% | Test: Acc=5.2% | Best=5.5%(@2940)
  from x3: 0.06 0.05 0.05 0.05 0.05 0.05 0.05 0.05 0.05 0.05 0.05 0.05 0.05 0.05 0.05 0.05 0.05 0.05 0.05 0.05 0.05 0.05 0.05 0.05 0.05 0.05 0.05 0.05 0.05
  per-rule acc: 0.05 0.06
Epoch 3580 | Train: Loss=0.0032 Acc=100.0% | Test: Acc=4.5% | Best=5.5%(@2940)
  from x3: 0.05 0.05 0.05 0.05 0.05 0.04 0.04 0.04 0.04 0.04 0.04 0.04 0.04 0.04 0.04 0.04 0.04 0.04 0.04 0.04 0.04 0.04 0.04 0.04 0.04 0.04 0.04 0.04 0.04
  per-rule acc: 0.04 0.05
Epoch 3600 | Train: Loss=0.0038 Acc=100.0% | Test: Acc=4.5% | Best=5.5%(@2940)
  from x3: 0.04 0.05 0.05 0.04 0.04 0.04 0.04 0.04 0.04 0.04 0.04 0.04 0.04 0.04 0.04 0.04 0.04 0.04 0.04 0.04 0.04 0.04 0.04 0.04 0.04 0.04 0.04 0.05 0.05
  per-rule acc: 0.04 0.05
Epoch 3620 | Train: Loss=0.0023 Acc=100.0% | Test: Acc=5.1% | Best=5.5%(@2940)
  from x3: 0.05 0.06 0.05 0.05 0.05 0.05 0.05 0.05 0.05 0.05 0.05 0.05 0.05 0.05 0.05 0.05 0.05 0.05 0.05 0.05 0.05 0.05 0.05 0.05 0.05 0.05 0.05 0.05 0.05
  per-rule acc: 0.05 0.05
Epoch 3640 | Train: Loss=0.0038 Acc=100.0% | Test: Acc=4.5% | Best=5.5%(@2940)
  from x3: 0.05 0.05 0.05 0.05 0.05 0.05 0.05 0.04 0.04 0.05 0.05 0.05 0.05 0.05 0.05 0.05 0.05 0.05 0.04 0.04 0.04 0.04 0.04 0.04 0.04 0.04 0.04 0.04 0.04
  per-rule acc: 0.04 0.05
Epoch 3660 | Train: Loss=0.0275 Acc=99.9% | Test: Acc=5.0% | Best=5.5%(@2940)
  from x3: 0.06 0.05 0.05 0.05 0.05 0.05 0.05 0.05 0.05 0.05 0.05 0.05 0.05 0.05 0.05 0.05 0.05 0.05 0.05 0.05 0.05 0.05 0.05 0.05 0.05 0.05 0.05 0.05 0.05
  per-rule acc: 0.05 0.05
Epoch 3680 | Train: Loss=0.0024 Acc=100.0% | Test: Acc=4.9% | Best=5.5%(@2940)
  from x3: 0.05 0.05 0.05 0.05 0.05 0.05 0.05 0.05 0.05 0.05 0.05 0.05 0.05 0.05 0.05 0.05 0.05 0.05 0.05 0.05 0.05 0.05 0.05 0.05 0.05 0.05 0.05 0.05 0.05
  per-rule acc: 0.05 0.05
Epoch 3700 | Train: Loss=0.0230 Acc=100.0% | Test: Acc=5.4% | Best=5.5%(@2940)
  from x3: 0.06 0.05 0.05 0.05 0.05 0.05 0.05 0.05 0.05 0.05 0.05 0.05 0.05 0.05 0.05 0.05 0.05 0.05 0.05 0.05 0.05 0.05 0.05 0.05 0.05 0.05 0.05 0.05 0.05
  per-rule acc: 0.05 0.06
Epoch 3720 | Train: Loss=0.0032 Acc=100.0% | Test: Acc=5.1% | Best=5.5%(@2940)
  from x3: 0.05 0.05 0.05 0.05 0.05 0.05 0.05 0.05 0.05 0.05 0.05 0.05 0.05 0.05 0.05 0.05 0.05 0.05 0.05 0.05 0.05 0.05 0.05 0.05 0.05 0.05 0.05 0.05 0.05
  per-rule acc: 0.05 0.05
Epoch 3740 | Train: Loss=0.0053 Acc=99.9% | Test: Acc=4.7% | Best=5.5%(@2940)
  from x3: 0.05 0.05 0.05 0.05 0.05 0.05 0.05 0.05 0.05 0.05 0.05 0.05 0.05 0.05 0.05 0.05 0.05 0.05 0.05 0.05 0.05 0.05 0.05 0.05 0.05 0.05 0.05 0.05 0.05
  per-rule acc: 0.05 0.05
Epoch 3760 | Train: Loss=0.0033 Acc=100.0% | Test: Acc=4.8% | Best=5.5%(@2940)
  from x3: 0.05 0.05 0.05 0.05 0.05 0.05 0.05 0.05 0.05 0.05 0.05 0.05 0.05 0.05 0.05 0.05 0.05 0.05 0.05 0.05 0.05 0.05 0.05 0.05 0.05 0.05 0.05 0.05 0.05
  per-rule acc: 0.05 0.05
Epoch 3780 | Train: Loss=0.0050 Acc=99.9% | Test: Acc=4.6% | Best=5.5%(@2940)
  from x3: 0.05 0.05 0.05 0.04 0.05 0.05 0.05 0.05 0.05 0.05 0.05 0.05 0.05 0.05 0.05 0.05 0.05 0.05 0.05 0.05 0.05 0.05 0.05 0.05 0.05 0.05 0.05 0.05 0.05
  per-rule acc: 0.04 0.05
Epoch 3800 | Train: Loss=0.0021 Acc=100.0% | Test: Acc=4.9% | Best=5.5%(@2940)
  from x3: 0.06 0.05 0.05 0.05 0.05 0.05 0.05 0.05 0.05 0.05 0.05 0.05 0.05 0.05 0.05 0.05 0.05 0.05 0.05 0.05 0.05 0.05 0.05 0.05 0.05 0.05 0.05 0.05 0.05
  per-rule acc: 0.05 0.05
Epoch 3820 | Train: Loss=0.0049 Acc=99.9% | Test: Acc=4.8% | Best=5.5%(@2940)
  from x3: 0.05 0.05 0.05 0.05 0.05 0.05 0.05 0.05 0.05 0.05 0.05 0.05 0.05 0.05 0.05 0.05 0.05 0.05 0.05 0.05 0.05 0.05 0.05 0.05 0.05 0.05 0.05 0.05 0.05
  per-rule acc: 0.05 0.05
Epoch 3840 | Train: Loss=0.0029 Acc=100.0% | Test: Acc=4.8% | Best=5.5%(@2940)
  from x3: 0.05 0.05 0.05 0.05 0.05 0.05 0.05 0.05 0.05 0.05 0.05 0.05 0.05 0.05 0.05 0.05 0.05 0.05 0.05 0.05 0.05 0.05 0.05 0.05 0.05 0.05 0.05 0.05 0.05
  per-rule acc: 0.05 0.05
Epoch 3860 | Train: Loss=0.0283 Acc=100.0% | Test: Acc=5.3% | Best=5.5%(@2940)
  from x3: 0.05 0.05 0.05 0.05 0.05 0.05 0.05 0.05 0.05 0.05 0.05 0.05 0.05 0.05 0.05 0.05 0.05 0.05 0.05 0.05 0.05 0.05 0.05 0.05 0.05 0.05 0.05 0.05 0.05
  per-rule acc: 0.05 0.05
Epoch 3880 | Train: Loss=0.0027 Acc=100.0% | Test: Acc=5.0% | Best=5.5%(@2940)
  from x3: 0.05 0.05 0.05 0.05 0.05 0.05 0.05 0.05 0.05 0.05 0.05 0.05 0.05 0.05 0.05 0.05 0.05 0.05 0.05 0.05 0.05 0.05 0.05 0.05 0.05 0.05 0.05 0.05 0.05
  per-rule acc: 0.05 0.05
Epoch 3900 | Train: Loss=0.0077 Acc=99.9% | Test: Acc=4.6% | Best=5.5%(@2940)
  from x3: 0.04 0.05 0.05 0.05 0.05 0.05 0.05 0.05 0.05 0.05 0.05 0.05 0.05 0.05 0.05 0.05 0.05 0.05 0.05 0.05 0.05 0.05 0.05 0.05 0.05 0.05 0.05 0.05 0.05
  per-rule acc: 0.04 0.05
Epoch 3920 | Train: Loss=0.0024 Acc=100.0% | Test: Acc=5.0% | Best=5.5%(@2940)
  from x3: 0.06 0.05 0.05 0.05 0.05 0.05 0.05 0.05 0.05 0.05 0.05 0.05 0.05 0.05 0.05 0.05 0.05 0.05 0.05 0.05 0.05 0.05 0.05 0.05 0.05 0.05 0.05 0.05 0.05
  per-rule acc: 0.05 0.05
Epoch 3940 | Train: Loss=0.0040 Acc=100.0% | Test: Acc=4.5% | Best=5.5%(@2940)
  from x3: 0.05 0.05 0.04 0.04 0.04 0.04 0.04 0.04 0.04 0.04 0.04 0.04 0.04 0.04 0.04 0.04 0.04 0.04 0.04 0.04 0.04 0.04 0.04 0.04 0.04 0.04 0.04 0.04 0.04
  per-rule acc: 0.04 0.05
Epoch 3960 | Train: Loss=0.0039 Acc=100.0% | Test: Acc=5.6% | Best=5.6%(@3960)
  from x3: 0.07 0.06 0.06 0.06 0.06 0.06 0.06 0.06 0.06 0.06 0.06 0.06 0.06 0.06 0.06 0.06 0.06 0.06 0.06 0.06 0.06 0.06 0.06 0.06 0.06 0.06 0.06 0.06 0.06
  per-rule acc: 0.05 0.06
Epoch 3980 | Train: Loss=0.0051 Acc=99.9% | Test: Acc=4.9% | Best=5.6%(@3960)
  from x3: 0.06 0.05 0.05 0.05 0.05 0.05 0.05 0.05 0.05 0.05 0.05 0.05 0.05 0.05 0.05 0.05 0.05 0.05 0.05 0.05 0.05 0.05 0.05 0.05 0.05 0.05 0.05 0.05 0.05
  per-rule acc: 0.05 0.05
Epoch 4000 | Train: Loss=0.0033 Acc=100.0% | Test: Acc=4.4% | Best=5.6%(@3960)
  from x3: 0.04 0.05 0.04 0.04 0.04 0.04 0.04 0.04 0.04 0.04 0.04 0.04 0.04 0.04 0.04 0.04 0.04 0.04 0.04 0.04 0.04 0.04 0.04 0.04 0.04 0.04 0.04 0.04 0.04
  per-rule acc: 0.04 0.05
Epoch 4020 | Train: Loss=0.0021 Acc=100.0% | Test: Acc=5.1% | Best=5.6%(@3960)
  from x3: 0.06 0.06 0.05 0.05 0.05 0.05 0.05 0.05 0.05 0.05 0.05 0.05 0.05 0.05 0.05 0.05 0.05 0.05 0.05 0.05 0.05 0.05 0.05 0.05 0.05 0.05 0.05 0.05 0.05
  per-rule acc: 0.05 0.05
Epoch 4040 | Train: Loss=0.0039 Acc=99.9% | Test: Acc=4.8% | Best=5.6%(@3960)
  from x3: 0.05 0.05 0.05 0.05 0.05 0.05 0.05 0.05 0.05 0.05 0.05 0.05 0.05 0.05 0.05 0.05 0.05 0.05 0.05 0.05 0.05 0.05 0.05 0.05 0.05 0.05 0.05 0.05 0.05
  per-rule acc: 0.04 0.05
Epoch 4060 | Train: Loss=0.0035 Acc=100.0% | Test: Acc=5.2% | Best=5.6%(@3960)
  from x3: 0.06 0.06 0.05 0.05 0.05 0.05 0.05 0.05 0.05 0.05 0.05 0.05 0.05 0.05 0.05 0.05 0.05 0.05 0.05 0.05 0.05 0.05 0.05 0.05 0.05 0.05 0.05 0.05 0.05
  per-rule acc: 0.05 0.05
Epoch 4080 | Train: Loss=0.0030 Acc=100.0% | Test: Acc=4.9% | Best=5.6%(@3960)
  from x3: 0.05 0.05 0.05 0.05 0.05 0.05 0.05 0.05 0.05 0.05 0.05 0.05 0.05 0.05 0.05 0.05 0.05 0.05 0.05 0.05 0.05 0.05 0.05 0.05 0.05 0.05 0.05 0.05 0.05
  per-rule acc: 0.05 0.05
Epoch 4100 | Train: Loss=0.0067 Acc=100.0% | Test: Acc=5.5% | Best=5.6%(@3960)
  from x3: 0.06 0.06 0.05 0.05 0.05 0.05 0.05 0.05 0.05 0.05 0.05 0.05 0.05 0.06 0.06 0.06 0.06 0.05 0.05 0.05 0.05 0.05 0.05 0.05 0.05 0.05 0.05 0.05 0.05
  per-rule acc: 0.06 0.05
Epoch 4120 | Train: Loss=0.0034 Acc=99.9% | Test: Acc=4.7% | Best=5.6%(@3960)
  from x3: 0.05 0.05 0.05 0.05 0.05 0.05 0.05 0.05 0.05 0.05 0.05 0.05 0.05 0.05 0.05 0.05 0.05 0.05 0.05 0.05 0.05 0.05 0.05 0.05 0.05 0.05 0.05 0.05 0.05
  per-rule acc: 0.04 0.05
Epoch 4140 | Train: Loss=0.0117 Acc=99.9% | Test: Acc=5.4% | Best=5.6%(@3960)
  from x3: 0.05 0.06 0.05 0.05 0.05 0.05 0.05 0.05 0.05 0.05 0.05 0.05 0.05 0.05 0.05 0.05 0.05 0.05 0.05 0.05 0.05 0.05 0.05 0.05 0.05 0.05 0.05 0.05 0.05
  per-rule acc: 0.05 0.06
Epoch 4160 | Train: Loss=0.0027 Acc=100.0% | Test: Acc=4.7% | Best=5.6%(@3960)
  from x3: 0.05 0.05 0.05 0.05 0.05 0.05 0.05 0.05 0.05 0.05 0.05 0.05 0.05 0.05 0.05 0.05 0.05 0.05 0.05 0.05 0.05 0.05 0.05 0.05 0.05 0.05 0.05 0.05 0.05
  per-rule acc: 0.05 0.05
Epoch 4180 | Train: Loss=0.0026 Acc=100.0% | Test: Acc=5.1% | Best=5.6%(@3960)
  from x3: 0.06 0.05 0.05 0.05 0.05 0.05 0.05 0.05 0.05 0.05 0.05 0.05 0.05 0.05 0.05 0.05 0.05 0.05 0.05 0.05 0.05 0.05 0.05 0.05 0.05 0.05 0.05 0.05 0.05
  per-rule acc: 0.05 0.05
Epoch 4200 | Train: Loss=0.0034 Acc=100.0% | Test: Acc=5.0% | Best=5.6%(@3960)
  from x3: 0.05 0.05 0.05 0.05 0.05 0.05 0.05 0.05 0.05 0.05 0.05 0.05 0.05 0.05 0.05 0.05 0.05 0.05 0.05 0.05 0.05 0.05 0.05 0.05 0.05 0.05 0.05 0.05 0.05
  per-rule acc: 0.05 0.05
Epoch 4220 | Train: Loss=0.0169 Acc=99.9% | Test: Acc=5.2% | Best=5.6%(@3960)
  from x3: 0.05 0.06 0.05 0.05 0.05 0.05 0.05 0.05 0.05 0.05 0.05 0.05 0.05 0.05 0.05 0.05 0.05 0.05 0.05 0.05 0.05 0.05 0.05 0.05 0.05 0.05 0.05 0.05 0.05
  per-rule acc: 0.05 0.05
Epoch 4240 | Train: Loss=0.0029 Acc=100.0% | Test: Acc=4.8% | Best=5.6%(@3960)
  from x3: 0.05 0.05 0.05 0.05 0.05 0.05 0.05 0.05 0.05 0.05 0.05 0.05 0.05 0.05 0.05 0.05 0.05 0.05 0.05 0.05 0.05 0.05 0.05 0.05 0.05 0.05 0.05 0.05 0.05
  per-rule acc: 0.05 0.05
Epoch 4260 | Train: Loss=0.0036 Acc=100.0% | Test: Acc=4.6% | Best=5.6%(@3960)
  from x3: 0.05 0.05 0.05 0.05 0.05 0.05 0.05 0.05 0.05 0.05 0.05 0.05 0.05 0.05 0.05 0.05 0.05 0.05 0.05 0.05 0.05 0.05 0.05 0.05 0.05 0.05 0.05 0.05 0.05
  per-rule acc: 0.04 0.05
Epoch 4280 | Train: Loss=0.0027 Acc=100.0% | Test: Acc=5.4% | Best=5.6%(@3960)
  from x3: 0.06 0.06 0.05 0.05 0.05 0.05 0.05 0.05 0.05 0.05 0.05 0.05 0.05 0.05 0.05 0.05 0.05 0.05 0.05 0.05 0.05 0.05 0.05 0.05 0.05 0.05 0.05 0.05 0.05
  per-rule acc: 0.06 0.05
Epoch 4300 | Train: Loss=0.0036 Acc=99.9% | Test: Acc=4.8% | Best=5.6%(@3960)
  from x3: 0.05 0.05 0.05 0.05 0.05 0.05 0.05 0.05 0.05 0.05 0.05 0.05 0.05 0.05 0.05 0.05 0.05 0.05 0.05 0.05 0.05 0.05 0.05 0.05 0.05 0.05 0.05 0.05 0.05
  per-rule acc: 0.05 0.05
Epoch 4320 | Train: Loss=0.0114 Acc=99.9% | Test: Acc=4.7% | Best=5.6%(@3960)
  from x3: 0.05 0.05 0.05 0.05 0.05 0.05 0.05 0.05 0.05 0.05 0.05 0.05 0.05 0.05 0.05 0.05 0.05 0.05 0.05 0.05 0.05 0.05 0.05 0.05 0.05 0.05 0.05 0.05 0.05
  per-rule acc: 0.04 0.05
Epoch 4340 | Train: Loss=0.0021 Acc=100.0% | Test: Acc=4.8% | Best=5.6%(@3960)
  from x3: 0.06 0.05 0.05 0.05 0.05 0.05 0.05 0.05 0.05 0.05 0.05 0.05 0.05 0.05 0.05 0.05 0.05 0.05 0.05 0.05 0.05 0.05 0.05 0.05 0.05 0.05 0.05 0.05 0.05
  per-rule acc: 0.05 0.05
Epoch 4360 | Train: Loss=0.0033 Acc=100.0% | Test: Acc=5.2% | Best=5.6%(@3960)
  from x3: 0.06 0.06 0.05 0.05 0.05 0.05 0.05 0.05 0.05 0.05 0.05 0.05 0.05 0.05 0.05 0.05 0.05 0.05 0.05 0.05 0.05 0.05 0.05 0.05 0.05 0.05 0.05 0.05 0.05
  per-rule acc: 0.05 0.05
Epoch 4380 | Train: Loss=0.0052 Acc=100.0% | Test: Acc=4.9% | Best=5.6%(@3960)
  from x3: 0.05 0.05 0.05 0.05 0.05 0.05 0.05 0.05 0.05 0.05 0.05 0.05 0.05 0.05 0.05 0.05 0.05 0.05 0.05 0.05 0.05 0.05 0.05 0.05 0.05 0.05 0.05 0.05 0.05
  per-rule acc: 0.05 0.05
Epoch 4400 | Train: Loss=0.0025 Acc=100.0% | Test: Acc=5.1% | Best=5.6%(@3960)
  from x3: 0.06 0.06 0.05 0.05 0.05 0.05 0.05 0.05 0.05 0.05 0.05 0.05 0.05 0.05 0.05 0.05 0.05 0.05 0.05 0.05 0.05 0.05 0.05 0.05 0.05 0.05 0.05 0.05 0.05
  per-rule acc: 0.05 0.05
Epoch 4420 | Train: Loss=0.0040 Acc=99.9% | Test: Acc=4.8% | Best=5.6%(@3960)
  from x3: 0.05 0.05 0.05 0.05 0.05 0.05 0.05 0.05 0.05 0.05 0.05 0.05 0.05 0.05 0.05 0.05 0.05 0.05 0.05 0.05 0.05 0.05 0.05 0.05 0.05 0.05 0.05 0.05 0.05
  per-rule acc: 0.05 0.05
Epoch 4440 | Train: Loss=0.0019 Acc=100.0% | Test: Acc=5.2% | Best=5.6%(@3960)
  from x3: 0.06 0.06 0.05 0.05 0.05 0.05 0.05 0.05 0.05 0.05 0.05 0.05 0.05 0.05 0.05 0.05 0.05 0.05 0.05 0.05 0.05 0.05 0.05 0.05 0.05 0.05 0.05 0.05 0.05
  per-rule acc: 0.05 0.05
Epoch 4460 | Train: Loss=0.0035 Acc=99.9% | Test: Acc=4.9% | Best=5.6%(@3960)
  from x3: 0.05 0.05 0.05 0.05 0.05 0.05 0.05 0.05 0.05 0.05 0.05 0.05 0.05 0.05 0.05 0.05 0.05 0.05 0.05 0.05 0.05 0.05 0.05 0.05 0.05 0.05 0.05 0.05 0.05
  per-rule acc: 0.05 0.05
Epoch 4480 | Train: Loss=0.0207 Acc=100.0% | Test: Acc=5.0% | Best=5.6%(@3960)
  from x3: 0.05 0.05 0.05 0.05 0.05 0.05 0.05 0.05 0.05 0.05 0.05 0.05 0.05 0.05 0.05 0.05 0.05 0.05 0.05 0.05 0.05 0.05 0.05 0.05 0.05 0.05 0.05 0.05 0.05
  per-rule acc: 0.05 0.06
Epoch 4500 | Train: Loss=0.0023 Acc=100.0% | Test: Acc=4.8% | Best=5.6%(@3960)
  from x3: 0.05 0.05 0.05 0.05 0.05 0.05 0.05 0.05 0.05 0.05 0.05 0.05 0.05 0.05 0.05 0.05 0.05 0.05 0.05 0.05 0.05 0.05 0.05 0.05 0.05 0.05 0.05 0.05 0.05
  per-rule acc: 0.05 0.05
Epoch 4520 | Train: Loss=0.0051 Acc=99.9% | Test: Acc=4.9% | Best=5.6%(@3960)
  from x3: 0.05 0.05 0.05 0.05 0.05 0.05 0.05 0.05 0.05 0.05 0.05 0.05 0.05 0.05 0.05 0.05 0.05 0.05 0.05 0.05 0.05 0.05 0.05 0.05 0.05 0.05 0.05 0.05 0.05
  per-rule acc: 0.04 0.05
Epoch 4540 | Train: Loss=0.0020 Acc=100.0% | Test: Acc=4.8% | Best=5.6%(@3960)
  from x3: 0.06 0.05 0.05 0.05 0.05 0.05 0.05 0.05 0.05 0.05 0.05 0.05 0.05 0.05 0.05 0.05 0.05 0.05 0.05 0.05 0.05 0.05 0.05 0.05 0.05 0.05 0.05 0.05 0.05
  per-rule acc: 0.05 0.05
Epoch 4560 | Train: Loss=0.0048 Acc=99.9% | Test: Acc=4.6% | Best=5.6%(@3960)
  from x3: 0.05 0.04 0.04 0.05 0.05 0.05 0.05 0.05 0.05 0.05 0.05 0.05 0.05 0.05 0.05 0.05 0.05 0.05 0.05 0.05 0.05 0.05 0.05 0.05 0.05 0.05 0.05 0.05 0.05
  per-rule acc: 0.05 0.05
Epoch 4580 | Train: Loss=0.0026 Acc=100.0% | Test: Acc=5.0% | Best=5.6%(@3960)
  from x3: 0.05 0.05 0.05 0.05 0.05 0.05 0.05 0.05 0.05 0.05 0.05 0.05 0.05 0.05 0.05 0.05 0.05 0.05 0.05 0.05 0.05 0.05 0.05 0.05 0.05 0.05 0.05 0.05 0.05
  per-rule acc: 0.05 0.05
Epoch 4600 | Train: Loss=0.0040 Acc=99.9% | Test: Acc=4.9% | Best=5.6%(@3960)
  from x3: 0.05 0.05 0.05 0.05 0.05 0.05 0.05 0.05 0.05 0.05 0.05 0.05 0.05 0.05 0.05 0.05 0.05 0.05 0.05 0.05 0.05 0.05 0.05 0.05 0.05 0.05 0.05 0.05 0.05
  per-rule acc: 0.05 0.05
Epoch 4620 | Train: Loss=0.0296 Acc=99.9% | Test: Acc=5.8% | Best=5.8%(@4620)
  from x3: 0.06 0.06 0.06 0.06 0.06 0.06 0.06 0.06 0.06 0.06 0.06 0.06 0.06 0.06 0.06 0.06 0.06 0.06 0.06 0.06 0.06 0.06 0.06 0.06 0.06 0.06 0.06 0.06 0.06
  per-rule acc: 0.05 0.07
Epoch 4640 | Train: Loss=0.0024 Acc=100.0% | Test: Acc=4.8% | Best=5.8%(@4620)
  from x3: 0.05 0.05 0.05 0.05 0.05 0.05 0.05 0.05 0.05 0.05 0.05 0.05 0.05 0.05 0.05 0.05 0.05 0.05 0.05 0.05 0.05 0.05 0.05 0.05 0.05 0.05 0.05 0.05 0.05
  per-rule acc: 0.05 0.05
Epoch 4660 | Train: Loss=0.0063 Acc=99.9% | Test: Acc=4.8% | Best=5.8%(@4620)
  from x3: 0.05 0.04 0.05 0.05 0.05 0.05 0.05 0.05 0.05 0.05 0.05 0.05 0.05 0.05 0.05 0.05 0.05 0.05 0.05 0.05 0.05 0.05 0.05 0.05 0.05 0.05 0.05 0.05 0.05
  per-rule acc: 0.04 0.05
Epoch 4680 | Train: Loss=0.0023 Acc=100.0% | Test: Acc=4.9% | Best=5.8%(@4620)
  from x3: 0.05 0.05 0.05 0.05 0.05 0.05 0.05 0.05 0.05 0.05 0.05 0.05 0.05 0.05 0.05 0.05 0.05 0.05 0.05 0.05 0.05 0.05 0.05 0.05 0.05 0.05 0.05 0.05 0.05
  per-rule acc: 0.05 0.05
Epoch 4700 | Train: Loss=0.0154 Acc=99.9% | Test: Acc=5.7% | Best=5.8%(@4620)
  from x3: 0.06 0.06 0.06 0.06 0.06 0.06 0.06 0.06 0.06 0.06 0.06 0.06 0.06 0.06 0.06 0.06 0.06 0.06 0.06 0.06 0.06 0.06 0.06 0.06 0.06 0.06 0.06 0.06 0.06
  per-rule acc: 0.05 0.06
Epoch 4720 | Train: Loss=0.0029 Acc=99.9% | Test: Acc=4.6% | Best=5.8%(@4620)
  from x3: 0.05 0.05 0.05 0.05 0.05 0.05 0.05 0.05 0.04 0.05 0.05 0.05 0.05 0.05 0.05 0.05 0.05 0.05 0.05 0.05 0.05 0.05 0.05 0.05 0.05 0.05 0.05 0.04 0.04
  per-rule acc: 0.05 0.04
Epoch 4740 | Train: Loss=0.0031 Acc=100.0% | Test: Acc=4.9% | Best=5.8%(@4620)
  from x3: 0.05 0.05 0.05 0.05 0.05 0.05 0.05 0.05 0.05 0.05 0.05 0.05 0.05 0.05 0.05 0.05 0.05 0.05 0.05 0.05 0.05 0.05 0.05 0.05 0.05 0.05 0.05 0.05 0.05
  per-rule acc: 0.05 0.05
Epoch 4760 | Train: Loss=0.0090 Acc=100.0% | Test: Acc=5.7% | Best=5.8%(@4620)
  from x3: 0.06 0.06 0.06 0.06 0.06 0.06 0.06 0.06 0.06 0.06 0.06 0.06 0.06 0.06 0.06 0.06 0.06 0.06 0.06 0.06 0.06 0.06 0.06 0.06 0.06 0.06 0.06 0.06 0.06
  per-rule acc: 0.05 0.06
Epoch 4780 | Train: Loss=0.0033 Acc=99.9% | Test: Acc=4.9% | Best=5.8%(@4620)
  from x3: 0.06 0.05 0.05 0.05 0.05 0.05 0.05 0.05 0.05 0.05 0.05 0.05 0.05 0.05 0.05 0.05 0.05 0.05 0.05 0.05 0.05 0.05 0.05 0.05 0.05 0.05 0.05 0.05 0.05
  per-rule acc: 0.05 0.05
Epoch 4800 | Train: Loss=0.0130 Acc=100.0% | Test: Acc=5.6% | Best=5.8%(@4620)
  from x3: 0.06 0.06 0.06 0.06 0.06 0.06 0.06 0.06 0.06 0.06 0.06 0.06 0.06 0.06 0.06 0.06 0.06 0.06 0.06 0.06 0.06 0.06 0.06 0.06 0.06 0.06 0.06 0.06 0.06
  per-rule acc: 0.06 0.06
Epoch 4820 | Train: Loss=0.0035 Acc=99.9% | Test: Acc=4.6% | Best=5.8%(@4620)
  from x3: 0.05 0.05 0.05 0.05 0.05 0.05 0.05 0.05 0.05 0.05 0.05 0.05 0.05 0.05 0.05 0.05 0.05 0.05 0.05 0.05 0.05 0.05 0.05 0.05 0.05 0.05 0.05 0.05 0.05
  per-rule acc: 0.05 0.04
Epoch 4840 | Train: Loss=0.0041 Acc=99.9% | Test: Acc=4.8% | Best=5.8%(@4620)
  from x3: 0.05 0.05 0.05 0.05 0.05 0.05 0.05 0.05 0.05 0.05 0.05 0.05 0.05 0.05 0.05 0.05 0.05 0.05 0.05 0.05 0.05 0.05 0.05 0.05 0.05 0.05 0.05 0.05 0.05
  per-rule acc: 0.05 0.05
Epoch 4860 | Train: Loss=0.0023 Acc=100.0% | Test: Acc=5.0% | Best=5.8%(@4620)
  from x3: 0.06 0.05 0.05 0.05 0.05 0.05 0.05 0.05 0.05 0.05 0.05 0.05 0.05 0.05 0.05 0.05 0.05 0.05 0.05 0.05 0.05 0.05 0.05 0.05 0.05 0.05 0.05 0.05 0.05
  per-rule acc: 0.05 0.05
Epoch 4880 | Train: Loss=0.0039 Acc=99.9% | Test: Acc=4.7% | Best=5.8%(@4620)
  from x3: 0.05 0.05 0.05 0.05 0.05 0.05 0.05 0.05 0.05 0.05 0.05 0.05 0.05 0.05 0.05 0.05 0.05 0.05 0.05 0.05 0.05 0.05 0.05 0.05 0.05 0.05 0.05 0.05 0.05
  per-rule acc: 0.05 0.05
Epoch 4900 | Train: Loss=0.0168 Acc=100.0% | Test: Acc=5.4% | Best=5.8%(@4620)
  from x3: 0.06 0.06 0.05 0.05 0.05 0.05 0.05 0.05 0.05 0.05 0.05 0.05 0.05 0.05 0.05 0.05 0.05 0.05 0.05 0.05 0.05 0.05 0.05 0.05 0.05 0.05 0.05 0.05 0.05
  per-rule acc: 0.04 0.06
Epoch 4920 | Train: Loss=0.0024 Acc=100.0% | Test: Acc=5.1% | Best=5.8%(@4620)
  from x3: 0.06 0.05 0.05 0.05 0.05 0.05 0.05 0.05 0.05 0.05 0.05 0.05 0.05 0.05 0.05 0.05 0.05 0.05 0.05 0.05 0.05 0.05 0.05 0.05 0.05 0.05 0.05 0.05 0.05
  per-rule acc: 0.05 0.05
Epoch 4940 | Train: Loss=0.0028 Acc=100.0% | Test: Acc=4.8% | Best=5.8%(@4620)
  from x3: 0.05 0.05 0.05 0.05 0.05 0.05 0.05 0.05 0.05 0.05 0.05 0.05 0.05 0.05 0.05 0.05 0.05 0.05 0.05 0.05 0.05 0.05 0.05 0.05 0.05 0.05 0.05 0.05 0.05
  per-rule acc: 0.05 0.05
Epoch 4960 | Train: Loss=0.0036 Acc=100.0% | Test: Acc=4.7% | Best=5.8%(@4620)
  from x3: 0.05 0.05 0.05 0.05 0.05 0.05 0.05 0.05 0.05 0.05 0.05 0.05 0.05 0.05 0.05 0.05 0.05 0.05 0.05 0.05 0.05 0.05 0.05 0.05 0.05 0.05 0.05 0.05 0.05
  per-rule acc: 0.05 0.05
Epoch 4980 | Train: Loss=0.0021 Acc=100.0% | Test: Acc=5.2% | Best=5.8%(@4620)
  from x3: 0.06 0.05 0.05 0.05 0.05 0.05 0.05 0.05 0.05 0.05 0.05 0.05 0.05 0.05 0.05 0.05 0.05 0.05 0.05 0.05 0.05 0.05 0.05 0.05 0.05 0.05 0.05 0.05 0.05
  per-rule acc: 0.05 0.05
Epoch 5000 | Train: Loss=0.0038 Acc=99.9% | Test: Acc=5.1% | Best=5.8%(@4620)
  from x3: 0.06 0.05 0.05 0.05 0.05 0.05 0.05 0.05 0.05 0.05 0.05 0.05 0.05 0.05 0.05 0.05 0.05 0.05 0.05 0.05 0.05 0.05 0.05 0.05 0.05 0.05 0.05 0.05 0.05
  per-rule acc: 0.05 0.05
Epoch 5020 | Train: Loss=0.0027 Acc=99.9% | Test: Acc=5.4% | Best=5.8%(@4620)
  from x3: 0.06 0.06 0.05 0.05 0.05 0.05 0.05 0.05 0.05 0.05 0.05 0.05 0.05 0.05 0.05 0.05 0.05 0.05 0.05 0.05 0.05 0.05 0.05 0.05 0.05 0.05 0.05 0.05 0.05
  per-rule acc: 0.06 0.05
Epoch 5040 | Train: Loss=0.0043 Acc=99.9% | Test: Acc=4.9% | Best=5.8%(@4620)
  from x3: 0.05 0.05 0.05 0.05 0.05 0.05 0.05 0.05 0.05 0.05 0.05 0.05 0.05 0.05 0.05 0.05 0.05 0.05 0.05 0.05 0.05 0.05 0.05 0.05 0.05 0.05 0.05 0.05 0.05
  per-rule acc: 0.05 0.05
Epoch 5060 | Train: Loss=0.0042 Acc=99.9% | Test: Acc=4.8% | Best=5.8%(@4620)
  from x3: 0.06 0.05 0.05 0.05 0.05 0.05 0.05 0.05 0.05 0.05 0.05 0.05 0.05 0.05 0.05 0.05 0.05 0.05 0.05 0.05 0.05 0.05 0.05 0.05 0.05 0.05 0.05 0.05 0.05
  per-rule acc: 0.05 0.05
Epoch 5080 | Train: Loss=0.0024 Acc=100.0% | Test: Acc=5.2% | Best=5.8%(@4620)
  from x3: 0.06 0.05 0.05 0.05 0.05 0.05 0.05 0.05 0.05 0.05 0.05 0.05 0.05 0.05 0.05 0.05 0.05 0.05 0.05 0.05 0.05 0.05 0.05 0.05 0.05 0.05 0.05 0.05 0.05
  per-rule acc: 0.05 0.05
Epoch 5100 | Train: Loss=0.0026 Acc=100.0% | Test: Acc=5.0% | Best=5.8%(@4620)
  from x3: 0.06 0.05 0.05 0.05 0.05 0.05 0.05 0.05 0.05 0.05 0.05 0.05 0.05 0.05 0.05 0.05 0.05 0.05 0.05 0.05 0.05 0.05 0.05 0.05 0.05 0.05 0.05 0.05 0.05
  per-rule acc: 0.05 0.05
Epoch 5120 | Train: Loss=0.0024 Acc=100.0% | Test: Acc=5.2% | Best=5.8%(@4620)
  from x3: 0.06 0.06 0.05 0.05 0.05 0.05 0.05 0.05 0.05 0.05 0.05 0.05 0.05 0.05 0.05 0.05 0.05 0.05 0.05 0.05 0.05 0.05 0.05 0.05 0.05 0.05 0.05 0.05 0.05
  per-rule acc: 0.05 0.05
Epoch 5140 | Train: Loss=0.0030 Acc=100.0% | Test: Acc=5.0% | Best=5.8%(@4620)
  from x3: 0.05 0.05 0.05 0.05 0.05 0.05 0.05 0.05 0.05 0.05 0.05 0.05 0.05 0.05 0.05 0.05 0.05 0.05 0.05 0.05 0.05 0.05 0.05 0.05 0.05 0.05 0.05 0.05 0.05
  per-rule acc: 0.05 0.05
Epoch 5160 | Train: Loss=0.0045 Acc=99.9% | Test: Acc=5.0% | Best=5.8%(@4620)
  from x3: 0.06 0.05 0.05 0.05 0.05 0.05 0.05 0.05 0.05 0.05 0.05 0.05 0.05 0.05 0.05 0.05 0.05 0.05 0.05 0.05 0.05 0.05 0.05 0.05 0.05 0.05 0.05 0.05 0.05
  per-rule acc: 0.05 0.05
Epoch 5180 | Train: Loss=0.0022 Acc=100.0% | Test: Acc=5.2% | Best=5.8%(@4620)
  from x3: 0.06 0.05 0.05 0.05 0.05 0.05 0.05 0.05 0.05 0.05 0.05 0.05 0.05 0.05 0.05 0.05 0.05 0.05 0.05 0.05 0.05 0.05 0.05 0.05 0.05 0.05 0.05 0.05 0.05
  per-rule acc: 0.06 0.05
Epoch 5200 | Train: Loss=0.0033 Acc=100.0% | Test: Acc=4.9% | Best=5.8%(@4620)
  from x3: 0.06 0.05 0.05 0.05 0.05 0.05 0.05 0.05 0.05 0.05 0.05 0.05 0.05 0.05 0.05 0.05 0.05 0.05 0.05 0.05 0.05 0.05 0.05 0.05 0.05 0.05 0.05 0.05 0.05
  per-rule acc: 0.05 0.05
Epoch 5220 | Train: Loss=0.0038 Acc=100.0% | Test: Acc=4.8% | Best=5.8%(@4620)
  from x3: 0.05 0.05 0.05 0.05 0.05 0.05 0.05 0.05 0.05 0.05 0.05 0.05 0.05 0.05 0.05 0.05 0.05 0.05 0.05 0.05 0.05 0.05 0.05 0.05 0.05 0.05 0.05 0.05 0.05
  per-rule acc: 0.05 0.05
Epoch 5240 | Train: Loss=0.0019 Acc=100.0% | Test: Acc=5.2% | Best=5.8%(@4620)
  from x3: 0.06 0.05 0.05 0.05 0.05 0.05 0.05 0.05 0.05 0.05 0.05 0.05 0.05 0.05 0.05 0.05 0.05 0.05 0.05 0.05 0.05 0.05 0.05 0.05 0.05 0.05 0.05 0.05 0.05
  per-rule acc: 0.05 0.05
Epoch 5260 | Train: Loss=0.0026 Acc=100.0% | Test: Acc=4.9% | Best=5.8%(@4620)
  from x3: 0.06 0.05 0.05 0.05 0.05 0.05 0.05 0.05 0.05 0.05 0.05 0.05 0.05 0.05 0.05 0.05 0.05 0.05 0.05 0.05 0.05 0.05 0.05 0.05 0.05 0.05 0.05 0.05 0.05
  per-rule acc: 0.05 0.05
Epoch 5280 | Train: Loss=0.0050 Acc=100.0% | Test: Acc=5.1% | Best=5.8%(@4620)
  from x3: 0.06 0.05 0.05 0.05 0.05 0.05 0.05 0.05 0.05 0.05 0.05 0.05 0.05 0.05 0.05 0.05 0.05 0.05 0.05 0.05 0.05 0.05 0.05 0.05 0.05 0.05 0.05 0.05 0.05
  per-rule acc: 0.05 0.05
Epoch 5300 | Train: Loss=0.0041 Acc=99.9% | Test: Acc=4.7% | Best=5.8%(@4620)
  from x3: 0.05 0.05 0.05 0.05 0.05 0.05 0.05 0.05 0.05 0.05 0.05 0.05 0.05 0.05 0.05 0.05 0.05 0.05 0.05 0.05 0.05 0.05 0.05 0.05 0.05 0.05 0.05 0.05 0.05
  per-rule acc: 0.05 0.04
Epoch 5320 | Train: Loss=0.0192 Acc=100.0% | Test: Acc=5.1% | Best=5.8%(@4620)
  from x3: 0.06 0.05 0.05 0.05 0.05 0.05 0.05 0.05 0.05 0.05 0.05 0.05 0.05 0.05 0.05 0.05 0.05 0.05 0.05 0.05 0.05 0.05 0.05 0.05 0.05 0.05 0.05 0.05 0.05
  per-rule acc: 0.05 0.05
Epoch 5340 | Train: Loss=0.0025 Acc=100.0% | Test: Acc=5.0% | Best=5.8%(@4620)
  from x3: 0.05 0.05 0.05 0.05 0.05 0.05 0.05 0.05 0.05 0.05 0.05 0.05 0.05 0.05 0.05 0.05 0.05 0.05 0.05 0.05 0.05 0.05 0.05 0.05 0.05 0.05 0.05 0.05 0.05
  per-rule acc: 0.05 0.05
Epoch 5360 | Train: Loss=0.0039 Acc=99.9% | Test: Acc=4.9% | Best=5.8%(@4620)
  from x3: 0.06 0.05 0.05 0.05 0.05 0.05 0.05 0.05 0.05 0.05 0.05 0.05 0.05 0.05 0.05 0.05 0.05 0.05 0.05 0.05 0.05 0.05 0.05 0.05 0.05 0.05 0.05 0.05 0.05
  per-rule acc: 0.05 0.05
Epoch 5380 | Train: Loss=0.0250 Acc=99.9% | Test: Acc=5.0% | Best=5.8%(@4620)
  from x3: 0.06 0.05 0.05 0.05 0.05 0.05 0.05 0.05 0.05 0.05 0.05 0.05 0.05 0.05 0.05 0.05 0.05 0.05 0.05 0.05 0.05 0.05 0.05 0.05 0.05 0.05 0.05 0.05 0.05
  per-rule acc: 0.05 0.05
Epoch 5400 | Train: Loss=0.0020 Acc=100.0% | Test: Acc=4.9% | Best=5.8%(@4620)
  from x3: 0.06 0.05 0.05 0.05 0.05 0.05 0.05 0.05 0.05 0.05 0.05 0.05 0.05 0.05 0.05 0.05 0.05 0.05 0.05 0.05 0.05 0.05 0.05 0.05 0.05 0.05 0.05 0.05 0.05
  per-rule acc: 0.05 0.05
Epoch 5420 | Train: Loss=0.0026 Acc=100.0% | Test: Acc=4.7% | Best=5.8%(@4620)
  from x3: 0.06 0.05 0.05 0.05 0.05 0.05 0.05 0.05 0.05 0.05 0.05 0.05 0.05 0.05 0.05 0.05 0.05 0.05 0.05 0.05 0.05 0.05 0.05 0.05 0.05 0.05 0.05 0.05 0.05
  per-rule acc: 0.05 0.05
Epoch 5440 | Train: Loss=0.0035 Acc=100.0% | Test: Acc=4.9% | Best=5.8%(@4620)
  from x3: 0.06 0.05 0.05 0.05 0.05 0.05 0.05 0.05 0.05 0.05 0.05 0.05 0.05 0.05 0.05 0.05 0.05 0.05 0.05 0.05 0.05 0.05 0.05 0.05 0.05 0.05 0.05 0.05 0.05
  per-rule acc: 0.05 0.05
Epoch 5460 | Train: Loss=0.0028 Acc=100.0% | Test: Acc=5.0% | Best=5.8%(@4620)
  from x3: 0.06 0.05 0.05 0.05 0.05 0.05 0.05 0.05 0.05 0.05 0.05 0.05 0.05 0.05 0.05 0.05 0.05 0.05 0.05 0.05 0.05 0.05 0.05 0.05 0.05 0.05 0.05 0.05 0.05
  per-rule acc: 0.05 0.05
Epoch 5480 | Train: Loss=0.0028 Acc=100.0% | Test: Acc=4.8% | Best=5.8%(@4620)
  from x3: 0.06 0.05 0.05 0.05 0.05 0.05 0.05 0.05 0.05 0.05 0.05 0.05 0.05 0.05 0.05 0.05 0.05 0.05 0.05 0.05 0.05 0.05 0.05 0.05 0.05 0.05 0.05 0.05 0.05
  per-rule acc: 0.05 0.05
Epoch 5500 | Train: Loss=0.0032 Acc=100.0% | Test: Acc=4.9% | Best=5.8%(@4620)
  from x3: 0.06 0.05 0.05 0.05 0.05 0.05 0.05 0.05 0.05 0.05 0.05 0.05 0.05 0.05 0.05 0.05 0.05 0.05 0.05 0.05 0.05 0.05 0.05 0.05 0.05 0.05 0.05 0.05 0.05
  per-rule acc: 0.05 0.05
Epoch 5520 | Train: Loss=0.0064 Acc=99.9% | Test: Acc=5.3% | Best=5.8%(@4620)
  from x3: 0.06 0.06 0.06 0.05 0.05 0.05 0.05 0.05 0.05 0.05 0.05 0.05 0.05 0.05 0.05 0.05 0.05 0.05 0.05 0.05 0.05 0.05 0.05 0.05 0.05 0.05 0.05 0.05 0.05
  per-rule acc: 0.06 0.05
Epoch 5540 | Train: Loss=0.0028 Acc=100.0% | Test: Acc=4.8% | Best=5.8%(@4620)
  from x3: 0.06 0.05 0.05 0.05 0.05 0.05 0.05 0.05 0.05 0.05 0.05 0.05 0.05 0.05 0.05 0.05 0.05 0.05 0.05 0.05 0.05 0.05 0.05 0.05 0.05 0.05 0.05 0.05 0.05
  per-rule acc: 0.05 0.05
Epoch 5560 | Train: Loss=0.0031 Acc=100.0% | Test: Acc=4.7% | Best=5.8%(@4620)
  from x3: 0.06 0.05 0.05 0.05 0.05 0.05 0.05 0.05 0.05 0.05 0.05 0.05 0.05 0.05 0.05 0.05 0.05 0.05 0.05 0.05 0.05 0.05 0.05 0.05 0.05 0.05 0.05 0.05 0.05
  per-rule acc: 0.05 0.05
Epoch 5580 | Train: Loss=0.0037 Acc=99.9% | Test: Acc=5.1% | Best=5.8%(@4620)
  from x3: 0.05 0.05 0.05 0.05 0.05 0.05 0.05 0.05 0.05 0.05 0.05 0.05 0.05 0.05 0.05 0.05 0.05 0.05 0.05 0.05 0.05 0.05 0.05 0.05 0.05 0.05 0.05 0.05 0.05
  per-rule acc: 0.05 0.05
Epoch 5600 | Train: Loss=0.0038 Acc=99.9% | Test: Acc=5.0% | Best=5.8%(@4620)
  from x3: 0.06 0.05 0.05 0.05 0.05 0.05 0.05 0.05 0.05 0.05 0.05 0.05 0.05 0.05 0.05 0.05 0.05 0.05 0.05 0.05 0.05 0.05 0.05 0.05 0.05 0.05 0.05 0.05 0.05
  per-rule acc: 0.06 0.04
Epoch 5620 | Train: Loss=0.0031 Acc=100.0% | Test: Acc=5.0% | Best=5.8%(@4620)
  from x3: 0.06 0.05 0.05 0.05 0.05 0.05 0.05 0.05 0.05 0.05 0.05 0.05 0.05 0.05 0.05 0.05 0.05 0.05 0.05 0.05 0.05 0.05 0.05 0.05 0.05 0.05 0.05 0.05 0.05
  per-rule acc: 0.05 0.05
Epoch 5640 | Train: Loss=0.0031 Acc=100.0% | Test: Acc=5.3% | Best=5.8%(@4620)
  from x3: 0.06 0.05 0.05 0.05 0.05 0.05 0.05 0.05 0.05 0.05 0.05 0.05 0.05 0.05 0.05 0.05 0.05 0.05 0.05 0.05 0.05 0.05 0.05 0.05 0.05 0.05 0.05 0.05 0.05
  per-rule acc: 0.06 0.05
Epoch 5660 | Train: Loss=0.0029 Acc=100.0% | Test: Acc=4.7% | Best=5.8%(@4620)
  from x3: 0.06 0.05 0.05 0.05 0.05 0.05 0.05 0.05 0.05 0.05 0.05 0.05 0.05 0.05 0.05 0.05 0.05 0.05 0.05 0.05 0.05 0.05 0.05 0.05 0.05 0.05 0.05 0.05 0.05
  per-rule acc: 0.05 0.04
Epoch 5680 | Train: Loss=0.0036 Acc=100.0% | Test: Acc=4.5% | Best=5.8%(@4620)
  from x3: 0.05 0.05 0.05 0.04 0.05 0.05 0.05 0.05 0.05 0.05 0.05 0.05 0.05 0.05 0.05 0.05 0.05 0.05 0.04 0.04 0.04 0.04 0.04 0.04 0.04 0.04 0.04 0.04 0.04
  per-rule acc: 0.05 0.04
Epoch 5700 | Train: Loss=0.0021 Acc=100.0% | Test: Acc=4.9% | Best=5.8%(@4620)
  from x3: 0.06 0.05 0.05 0.05 0.05 0.05 0.05 0.05 0.05 0.05 0.05 0.05 0.05 0.05 0.05 0.05 0.05 0.05 0.05 0.05 0.05 0.05 0.05 0.05 0.05 0.05 0.05 0.05 0.05
  per-rule acc: 0.05 0.05
Epoch 5720 | Train: Loss=0.0023 Acc=100.0% | Test: Acc=5.1% | Best=5.8%(@4620)
  from x3: 0.06 0.05 0.05 0.05 0.05 0.05 0.05 0.05 0.05 0.05 0.05 0.05 0.05 0.05 0.05 0.05 0.05 0.05 0.05 0.05 0.05 0.05 0.05 0.05 0.05 0.05 0.05 0.05 0.05
  per-rule acc: 0.05 0.05
Epoch 5740 | Train: Loss=0.0037 Acc=99.9% | Test: Acc=4.9% | Best=5.8%(@4620)
  from x3: 0.06 0.05 0.05 0.05 0.05 0.05 0.05 0.05 0.05 0.05 0.05 0.05 0.05 0.05 0.05 0.05 0.05 0.05 0.05 0.05 0.05 0.05 0.05 0.05 0.05 0.05 0.05 0.05 0.05
  per-rule acc: 0.05 0.05
Epoch 5760 | Train: Loss=0.0029 Acc=100.0% | Test: Acc=5.1% | Best=5.8%(@4620)
  from x3: 0.06 0.05 0.05 0.05 0.05 0.05 0.05 0.05 0.05 0.05 0.05 0.05 0.05 0.05 0.05 0.05 0.05 0.05 0.05 0.05 0.05 0.05 0.05 0.05 0.05 0.05 0.05 0.05 0.05
  per-rule acc: 0.05 0.05
Epoch 5780 | Train: Loss=0.0098 Acc=100.0% | Test: Acc=4.9% | Best=5.8%(@4620)
  from x3: 0.06 0.05 0.05 0.05 0.05 0.05 0.05 0.05 0.05 0.05 0.05 0.05 0.05 0.05 0.05 0.05 0.05 0.05 0.05 0.05 0.05 0.05 0.05 0.05 0.05 0.05 0.05 0.05 0.05
  per-rule acc: 0.05 0.05
Epoch 5800 | Train: Loss=0.0023 Acc=100.0% | Test: Acc=4.9% | Best=5.8%(@4620)
  from x3: 0.06 0.05 0.05 0.05 0.05 0.05 0.05 0.05 0.05 0.05 0.05 0.05 0.05 0.05 0.05 0.05 0.05 0.05 0.05 0.05 0.05 0.05 0.05 0.05 0.05 0.05 0.05 0.05 0.05
  per-rule acc: 0.05 0.04
Epoch 5820 | Train: Loss=0.0035 Acc=99.9% | Test: Acc=5.1% | Best=5.8%(@4620)
  from x3: 0.06 0.05 0.05 0.05 0.05 0.05 0.05 0.05 0.05 0.05 0.05 0.05 0.05 0.05 0.05 0.05 0.05 0.05 0.05 0.05 0.05 0.05 0.05 0.05 0.05 0.05 0.05 0.05 0.05
  per-rule acc: 0.05 0.05
Epoch 5840 | Train: Loss=0.0040 Acc=99.9% | Test: Acc=5.1% | Best=5.8%(@4620)
  from x3: 0.06 0.05 0.05 0.05 0.05 0.05 0.05 0.05 0.05 0.05 0.05 0.05 0.05 0.05 0.05 0.05 0.05 0.05 0.05 0.05 0.05 0.05 0.05 0.05 0.05 0.05 0.05 0.05 0.05
  per-rule acc: 0.05 0.05
Epoch 5860 | Train: Loss=0.0034 Acc=99.9% | Test: Acc=4.9% | Best=5.8%(@4620)
  from x3: 0.06 0.05 0.05 0.05 0.05 0.05 0.05 0.05 0.05 0.05 0.05 0.05 0.05 0.05 0.05 0.05 0.05 0.05 0.05 0.05 0.05 0.05 0.05 0.05 0.05 0.05 0.05 0.05 0.05
  per-rule acc: 0.05 0.05
Epoch 5880 | Train: Loss=0.0021 Acc=100.0% | Test: Acc=5.3% | Best=5.8%(@4620)
  from x3: 0.06 0.05 0.05 0.05 0.05 0.05 0.05 0.05 0.05 0.05 0.05 0.05 0.05 0.05 0.05 0.05 0.05 0.05 0.05 0.05 0.05 0.05 0.05 0.05 0.05 0.05 0.05 0.05 0.05
  per-rule acc: 0.06 0.05
Epoch 5900 | Train: Loss=0.0029 Acc=100.0% | Test: Acc=5.2% | Best=5.8%(@4620)
  from x3: 0.06 0.06 0.05 0.05 0.05 0.05 0.05 0.05 0.05 0.05 0.05 0.05 0.05 0.05 0.05 0.05 0.05 0.05 0.05 0.05 0.05 0.05 0.05 0.05 0.05 0.05 0.05 0.05 0.05
  per-rule acc: 0.05 0.05
Epoch 5920 | Train: Loss=0.0038 Acc=99.9% | Test: Acc=4.8% | Best=5.8%(@4620)
  from x3: 0.06 0.05 0.05 0.05 0.05 0.05 0.05 0.05 0.05 0.05 0.05 0.05 0.05 0.05 0.05 0.05 0.05 0.05 0.05 0.05 0.05 0.05 0.05 0.05 0.05 0.05 0.05 0.05 0.05
  per-rule acc: 0.05 0.05
Epoch 5940 | Train: Loss=0.0018 Acc=100.0% | Test: Acc=5.3% | Best=5.8%(@4620)
  from x3: 0.06 0.06 0.05 0.05 0.05 0.05 0.05 0.05 0.05 0.05 0.05 0.05 0.05 0.05 0.05 0.05 0.05 0.05 0.05 0.05 0.05 0.05 0.05 0.05 0.05 0.05 0.05 0.05 0.05
  per-rule acc: 0.06 0.05
Epoch 5960 | Train: Loss=0.0026 Acc=100.0% | Test: Acc=5.0% | Best=5.8%(@4620)
  from x3: 0.06 0.05 0.05 0.05 0.05 0.05 0.05 0.05 0.05 0.05 0.05 0.05 0.05 0.05 0.05 0.05 0.05 0.05 0.05 0.05 0.05 0.05 0.05 0.05 0.05 0.05 0.05 0.05 0.05
  per-rule acc: 0.05 0.05
Epoch 5980 | Train: Loss=0.0029 Acc=100.0% | Test: Acc=5.2% | Best=5.8%(@4620)
  from x3: 0.06 0.05 0.05 0.05 0.05 0.05 0.05 0.05 0.05 0.05 0.05 0.05 0.05 0.05 0.05 0.05 0.05 0.05 0.05 0.05 0.05 0.05 0.05 0.05 0.05 0.05 0.05 0.05 0.05
  per-rule acc: 0.05 0.05
Epoch 6000 | Train: Loss=0.0034 Acc=100.0% | Test: Acc=5.2% | Best=5.8%(@4620)
  from x3: 0.06 0.05 0.05 0.05 0.05 0.05 0.05 0.05 0.05 0.05 0.05 0.05 0.05 0.05 0.05 0.05 0.05 0.05 0.05 0.05 0.05 0.05 0.05 0.05 0.05 0.05 0.05 0.05 0.05
  per-rule acc: 0.05 0.05
Epoch 6020 | Train: Loss=0.0024 Acc=100.0% | Test: Acc=5.1% | Best=5.8%(@4620)
  from x3: 0.06 0.05 0.05 0.05 0.05 0.05 0.05 0.05 0.05 0.05 0.05 0.05 0.05 0.05 0.05 0.05 0.05 0.05 0.05 0.05 0.05 0.05 0.05 0.05 0.05 0.05 0.05 0.05 0.05
  per-rule acc: 0.06 0.05
Epoch 6040 | Train: Loss=0.0033 Acc=100.0% | Test: Acc=5.0% | Best=5.8%(@4620)
  from x3: 0.06 0.05 0.05 0.05 0.05 0.05 0.05 0.05 0.05 0.05 0.05 0.05 0.05 0.05 0.05 0.05 0.05 0.05 0.05 0.05 0.05 0.05 0.05 0.05 0.05 0.05 0.05 0.05 0.05
  per-rule acc: 0.05 0.05
Epoch 6060 | Train: Loss=0.0032 Acc=100.0% | Test: Acc=5.1% | Best=5.8%(@4620)
  from x3: 0.06 0.05 0.05 0.05 0.05 0.05 0.05 0.05 0.05 0.05 0.05 0.05 0.05 0.05 0.05 0.05 0.05 0.05 0.05 0.05 0.05 0.05 0.05 0.05 0.05 0.05 0.05 0.05 0.05
  per-rule acc: 0.05 0.05
Epoch 6080 | Train: Loss=0.0031 Acc=100.0% | Test: Acc=5.4% | Best=5.8%(@4620)
  from x3: 0.06 0.06 0.06 0.05 0.05 0.05 0.05 0.05 0.05 0.05 0.05 0.05 0.05 0.05 0.05 0.05 0.05 0.05 0.05 0.05 0.05 0.05 0.05 0.05 0.05 0.05 0.05 0.05 0.05
  per-rule acc: 0.06 0.05
Epoch 6100 | Train: Loss=0.0026 Acc=100.0% | Test: Acc=4.9% | Best=5.8%(@4620)
  from x3: 0.06 0.05 0.05 0.05 0.05 0.05 0.05 0.05 0.05 0.05 0.05 0.05 0.05 0.05 0.05 0.05 0.05 0.05 0.05 0.05 0.05 0.05 0.05 0.05 0.05 0.05 0.05 0.05 0.05
  per-rule acc: 0.05 0.05
Epoch 6120 | Train: Loss=0.0026 Acc=100.0% | Test: Acc=4.9% | Best=5.8%(@4620)
  from x3: 0.06 0.05 0.05 0.05 0.05 0.05 0.05 0.05 0.05 0.05 0.05 0.05 0.05 0.05 0.05 0.05 0.05 0.05 0.05 0.05 0.05 0.05 0.05 0.05 0.05 0.05 0.05 0.05 0.05
  per-rule acc: 0.05 0.05
Epoch 6140 | Train: Loss=0.0025 Acc=100.0% | Test: Acc=5.7% | Best=5.8%(@4620)
  from x3: 0.06 0.06 0.06 0.06 0.05 0.06 0.06 0.06 0.06 0.06 0.06 0.06 0.06 0.06 0.06 0.06 0.06 0.06 0.06 0.06 0.06 0.06 0.06 0.06 0.06 0.06 0.06 0.06 0.06
  per-rule acc: 0.06 0.05
Epoch 6160 | Train: Loss=0.0025 Acc=100.0% | Test: Acc=5.1% | Best=5.8%(@4620)
  from x3: 0.06 0.05 0.05 0.05 0.05 0.05 0.05 0.05 0.05 0.05 0.05 0.05 0.05 0.05 0.05 0.05 0.05 0.05 0.05 0.05 0.05 0.05 0.05 0.05 0.05 0.05 0.05 0.05 0.05
  per-rule acc: 0.05 0.05
Epoch 6180 | Train: Loss=0.0025 Acc=100.0% | Test: Acc=5.0% | Best=5.8%(@4620)
  from x3: 0.06 0.05 0.05 0.05 0.05 0.05 0.05 0.05 0.05 0.05 0.05 0.05 0.05 0.05 0.05 0.05 0.05 0.05 0.05 0.05 0.05 0.05 0.05 0.05 0.05 0.05 0.05 0.05 0.05
  per-rule acc: 0.05 0.05
Epoch 6200 | Train: Loss=0.0026 Acc=100.0% | Test: Acc=4.8% | Best=5.8%(@4620)
  from x3: 0.06 0.05 0.05 0.05 0.05 0.05 0.05 0.05 0.05 0.05 0.05 0.05 0.05 0.05 0.05 0.05 0.05 0.05 0.05 0.05 0.05 0.05 0.05 0.05 0.05 0.05 0.05 0.05 0.05
  per-rule acc: 0.05 0.05
Epoch 6220 | Train: Loss=0.0020 Acc=100.0% | Test: Acc=5.2% | Best=5.8%(@4620)
  from x3: 0.06 0.05 0.05 0.05 0.05 0.05 0.05 0.05 0.05 0.05 0.05 0.05 0.05 0.05 0.05 0.05 0.05 0.05 0.05 0.05 0.05 0.05 0.05 0.05 0.05 0.05 0.05 0.05 0.05
  per-rule acc: 0.05 0.05
Epoch 6240 | Train: Loss=0.0031 Acc=100.0% | Test: Acc=5.0% | Best=5.8%(@4620)
  from x3: 0.06 0.05 0.05 0.05 0.05 0.05 0.05 0.05 0.05 0.05 0.05 0.05 0.05 0.05 0.05 0.05 0.05 0.05 0.05 0.05 0.05 0.05 0.05 0.05 0.05 0.05 0.05 0.05 0.05
  per-rule acc: 0.05 0.05
Epoch 6260 | Train: Loss=0.0099 Acc=100.0% | Test: Acc=5.0% | Best=5.8%(@4620)
  from x3: 0.06 0.05 0.05 0.05 0.05 0.05 0.05 0.05 0.05 0.05 0.05 0.05 0.05 0.05 0.05 0.05 0.05 0.05 0.05 0.05 0.05 0.05 0.05 0.05 0.05 0.05 0.05 0.05 0.05
  per-rule acc: 0.05 0.05
Epoch 6280 | Train: Loss=0.0020 Acc=100.0% | Test: Acc=5.0% | Best=5.8%(@4620)
  from x3: 0.06 0.05 0.05 0.05 0.05 0.05 0.05 0.05 0.05 0.05 0.05 0.05 0.05 0.05 0.05 0.05 0.05 0.05 0.05 0.05 0.05 0.05 0.05 0.05 0.05 0.05 0.05 0.05 0.05
  per-rule acc: 0.05 0.05
Epoch 6300 | Train: Loss=0.0025 Acc=100.0% | Test: Acc=4.8% | Best=5.8%(@4620)
  from x3: 0.06 0.05 0.05 0.05 0.05 0.05 0.05 0.05 0.05 0.05 0.05 0.05 0.05 0.05 0.05 0.05 0.05 0.05 0.05 0.05 0.05 0.05 0.05 0.05 0.05 0.05 0.05 0.05 0.05
  per-rule acc: 0.05 0.04
Epoch 6320 | Train: Loss=0.0029 Acc=100.0% | Test: Acc=5.1% | Best=5.8%(@4620)
  from x3: 0.06 0.05 0.05 0.05 0.05 0.05 0.05 0.05 0.05 0.05 0.05 0.05 0.05 0.05 0.05 0.05 0.05 0.05 0.05 0.05 0.05 0.05 0.05 0.05 0.05 0.05 0.05 0.05 0.05
  per-rule acc: 0.05 0.05
Epoch 6340 | Train: Loss=0.0021 Acc=100.0% | Test: Acc=5.0% | Best=5.8%(@4620)
  from x3: 0.06 0.05 0.05 0.05 0.05 0.05 0.05 0.05 0.05 0.05 0.05 0.05 0.05 0.05 0.05 0.05 0.05 0.05 0.05 0.05 0.05 0.05 0.05 0.05 0.05 0.05 0.05 0.05 0.05
  per-rule acc: 0.05 0.05
Epoch 6360 | Train: Loss=0.0025 Acc=100.0% | Test: Acc=4.7% | Best=5.8%(@4620)
  from x3: 0.06 0.05 0.05 0.05 0.05 0.05 0.05 0.05 0.05 0.05 0.05 0.05 0.05 0.05 0.05 0.05 0.05 0.05 0.05 0.05 0.05 0.05 0.05 0.05 0.05 0.05 0.05 0.05 0.05
  per-rule acc: 0.05 0.05
Epoch 6380 | Train: Loss=0.0117 Acc=100.0% | Test: Acc=5.4% | Best=5.8%(@4620)
  from x3: 0.06 0.06 0.05 0.05 0.05 0.05 0.05 0.05 0.05 0.05 0.05 0.05 0.05 0.05 0.05 0.05 0.05 0.05 0.05 0.05 0.05 0.05 0.05 0.05 0.05 0.05 0.05 0.05 0.05
  per-rule acc: 0.05 0.05
Epoch 6400 | Train: Loss=0.0022 Acc=100.0% | Test: Acc=5.1% | Best=5.8%(@4620)
  from x3: 0.06 0.05 0.05 0.05 0.05 0.05 0.05 0.05 0.05 0.05 0.05 0.05 0.05 0.05 0.05 0.05 0.05 0.05 0.05 0.05 0.05 0.05 0.05 0.05 0.05 0.05 0.05 0.05 0.05
  per-rule acc: 0.06 0.04
Epoch 6420 | Train: Loss=0.0025 Acc=100.0% | Test: Acc=4.9% | Best=5.8%(@4620)
  from x3: 0.06 0.05 0.05 0.05 0.05 0.05 0.05 0.05 0.05 0.05 0.05 0.05 0.05 0.05 0.05 0.05 0.05 0.05 0.05 0.05 0.05 0.05 0.05 0.05 0.05 0.05 0.05 0.05 0.05
  per-rule acc: 0.05 0.05
Epoch 6440 | Train: Loss=0.0028 Acc=100.0% | Test: Acc=5.1% | Best=5.8%(@4620)
  from x3: 0.06 0.06 0.05 0.05 0.05 0.05 0.05 0.05 0.05 0.05 0.05 0.05 0.05 0.05 0.05 0.05 0.05 0.05 0.05 0.05 0.05 0.05 0.05 0.05 0.05 0.05 0.05 0.05 0.05
  per-rule acc: 0.05 0.05
Epoch 6460 | Train: Loss=0.0148 Acc=100.0% | Test: Acc=5.3% | Best=5.8%(@4620)
  from x3: 0.06 0.05 0.05 0.05 0.05 0.05 0.05 0.05 0.05 0.05 0.05 0.05 0.05 0.05 0.05 0.05 0.05 0.05 0.05 0.05 0.05 0.05 0.05 0.05 0.05 0.05 0.05 0.05 0.05
  per-rule acc: 0.06 0.05
Epoch 6480 | Train: Loss=0.0019 Acc=100.0% | Test: Acc=5.2% | Best=5.8%(@4620)
  from x3: 0.06 0.05 0.05 0.05 0.05 0.05 0.05 0.05 0.05 0.05 0.05 0.05 0.05 0.05 0.05 0.05 0.05 0.05 0.05 0.05 0.05 0.05 0.05 0.05 0.05 0.05 0.05 0.05 0.05
  per-rule acc: 0.06 0.05
Epoch 6500 | Train: Loss=0.0023 Acc=100.0% | Test: Acc=5.1% | Best=5.8%(@4620)
  from x3: 0.06 0.05 0.05 0.05 0.05 0.05 0.05 0.05 0.05 0.05 0.05 0.05 0.05 0.05 0.05 0.05 0.05 0.05 0.05 0.05 0.05 0.05 0.05 0.05 0.05 0.05 0.05 0.05 0.05
  per-rule acc: 0.05 0.05
Epoch 6520 | Train: Loss=0.0032 Acc=100.0% | Test: Acc=5.0% | Best=5.8%(@4620)
  from x3: 0.06 0.05 0.05 0.05 0.05 0.05 0.05 0.05 0.05 0.05 0.05 0.05 0.05 0.05 0.05 0.05 0.05 0.05 0.05 0.05 0.05 0.05 0.05 0.05 0.05 0.05 0.05 0.05 0.05
  per-rule acc: 0.05 0.05
Epoch 6540 | Train: Loss=0.0033 Acc=100.0% | Test: Acc=5.0% | Best=5.8%(@4620)
  from x3: 0.06 0.05 0.05 0.05 0.05 0.05 0.05 0.05 0.05 0.05 0.05 0.05 0.05 0.05 0.05 0.05 0.05 0.05 0.05 0.05 0.05 0.05 0.05 0.05 0.05 0.05 0.05 0.05 0.05
  per-rule acc: 0.05 0.05
Epoch 6560 | Train: Loss=0.0024 Acc=100.0% | Test: Acc=4.9% | Best=5.8%(@4620)
  from x3: 0.06 0.05 0.05 0.05 0.05 0.05 0.05 0.05 0.05 0.05 0.05 0.05 0.05 0.05 0.05 0.05 0.05 0.05 0.05 0.05 0.05 0.05 0.05 0.05 0.05 0.05 0.05 0.05 0.05
  per-rule acc: 0.05 0.05
Epoch 6580 | Train: Loss=0.0182 Acc=100.0% | Test: Acc=5.0% | Best=5.8%(@4620)
  from x3: 0.06 0.05 0.05 0.05 0.05 0.05 0.05 0.05 0.05 0.05 0.05 0.05 0.05 0.05 0.05 0.05 0.05 0.05 0.05 0.05 0.05 0.05 0.05 0.05 0.05 0.05 0.05 0.05 0.05
  per-rule acc: 0.04 0.06
Epoch 6600 | Train: Loss=0.0019 Acc=100.0% | Test: Acc=5.2% | Best=5.8%(@4620)
  from x3: 0.06 0.05 0.05 0.05 0.05 0.05 0.05 0.05 0.05 0.05 0.05 0.05 0.05 0.05 0.05 0.05 0.05 0.05 0.05 0.05 0.05 0.05 0.05 0.05 0.05 0.05 0.05 0.05 0.05
  per-rule acc: 0.06 0.05
Epoch 6620 | Train: Loss=0.0019 Acc=100.0% | Test: Acc=5.1% | Best=5.8%(@4620)
  from x3: 0.06 0.05 0.05 0.05 0.05 0.05 0.05 0.05 0.05 0.05 0.05 0.05 0.05 0.05 0.05 0.05 0.05 0.05 0.05 0.05 0.05 0.05 0.05 0.05 0.05 0.05 0.05 0.05 0.05
  per-rule acc: 0.05 0.05
[Early stop] No improvement for 2000 consecutive epochs

==================================================
Saving model...
[OK] Model saved to: /home/cxm/ai/test0617-basic/models/mixed_basic_d512l1_r32_t32_c0.5.pth
  File size: 70371.3 KB
  Best test accuracy: 5.76%

==================================================
Final generation test (given first two items, AB generates 3rd as prompt, validate from 4th)
==================================================

--- AB pair 1: (1, 1) ---

--- Statistics for AB=(1,1) ---
Exposed    samples:  1405 | In-dist: 40601/40745 ( 99.6%) | OOD: 44805/44960 ( 99.7%)
Unexposed  samples:  1404 | In-dist: 23291/40716 ( 57.2%) | OOD: 26785/44928 ( 59.6%)

--- AB pair 2: (1, 2) ---

--- Statistics for AB=(1,2) ---
Exposed    samples:  1405 | In-dist: 40409/40745 ( 99.2%) | OOD: 44496/44960 ( 99.0%)
Unexposed  samples:  1404 | In-dist:  9874/40716 ( 24.3%) | OOD: 11314/44928 ( 25.2%)

--- Return code: 0 ---

======================================================================
Attention Analysis
======================================================================
Model config: addition (default), p=53
Best test accuracy: 0.05761862658414382
Training epochs: 6620

Random test sequence 1/5 (length 64): [31, 31, 9, 40, 49, 36, 32, 15, 47, 9, 3, 12, 15, 27, 42, 16, 5, 21, 26, 47]...

======================================================================
Attention Layer Training Result Summary
======================================================================
Input sequence: [31, 31, 9, 40, 49, 36, 32, 15, 47, 9, 3, 12, 15, 27, 42, 16, 5, 21, 26, 47, 20, 14, 34, 48, 29, 24, 0, 24, 24, 48, 19, 14, 33, 47, 27, 21, 48, 16, 11, 27, 38, 12, 50, 9, 6, 15, 21, 36, 4, 40, 44, 31, 22, 0, 22, 22, 44, 13, 4, 17, 21, 38, 6, 44]

--- Layer 0 ---
  Head 0: Entropy=1.562
    Attention coefficients from each query position to previous positions:
      i= 0 -> j=0:1.000
      i= 1 -> j=0:0.383, j=1:0.617
      i= 2 -> j=0:0.275, j=1:0.370, j=2:0.355
      i= 3 -> j=0:0.094, j=1:0.156, j=2:0.287, j=3:0.463
      i= 4 -> j=0:0.023, j=1:0.070, j=2:0.200, j=3:0.238, j=4:0.469
      i= 5 -> j=0:0.008, j=1:0.024, j=2:0.071, j=3:0.139, j=4:0.313, j=5:0.445
      i= 6 -> j=0:0.002, j=1:0.006, j=2:0.020, j=3:0.066, j=4:0.182, j=5:0.304, j=6:0.421
      i= 7 -> j=0:0.002, j=1:0.004, j=2:0.014, j=3:0.039, j=4:0.121, j=5:0.160, j=6:0.244, j=7:0.417
      i= 8 -> j=0:0.001, j=1:0.002, j=2:0.006, j=3:0.015, j=4:0.034, j=5:0.079, j=6:0.128, j=7:0.309, j=8:0.426
      i= 9 -> j=0:0.002, j=1:0.002, j=2:0.004, j=3:0.006, j=4:0.022, j=5:0.060, j=6:0.082, j=7:0.150, j=8:0.262, j=9:0.410
      i=10 -> j=0:0.001, j=1:0.001, j=2:0.001, j=3:0.002, j=4:0.006, j=5:0.013, j=6:0.025, j=7:0.106, j=8:0.195, j=9:0.239, j=10:0.413
      i=11 -> j=0:0.000, j=1:0.000, j=2:0.001, j=3:0.000, j=4:0.002, j=5:0.004, j=6:0.009, j=7:0.052, j=8:0.100, j=9:0.189, j=10:0.273, j=11:0.370
      i=12 -> j=0:0.000, j=1:0.000, j=2:0.000, j=3:0.000, j=4:0.001, j=5:0.002, j=6:0.003, j=7:0.026, j=8:0.036, j=9:0.092, j=10:0.152, j=11:0.270, j=12:0.417
      i=13 -> j=0:0.000, j=1:0.000, j=2:0.000, j=3:0.000, j=4:0.001, j=5:0.001, j=6:0.001, j=7:0.005, j=8:0.011, j=9:0.019, j=10:0.065, j=11:0.125, j=12:0.299, j=13:0.472
      i=14 -> j=0:0.000, j=1:0.000, j=2:0.000, j=3:0.000, j=4:0.000, j=5:0.000, j=6:0.000, j=7:0.001, j=8:0.002, j=9:0.008, j=10:0.021, j=11:0.089, j=12:0.155, j=13:0.298, j=14:0.424
      i=15 -> j=0:0.000, j=1:0.000, j=2:0.000, j=3:0.000, j=4:0.000, j=5:0.000, j=6:0.000, j=7:0.000, j=8:0.001, j=9:0.002, j=10:0.009, j=11:0.031, j=12:0.131, j=13:0.169, j=14:0.228, j=15:0.428
      i=16 -> j=0:0.000, j=1:0.000, j=2:0.000, j=3:0.000, j=4:0.000, j=5:0.000, j=6:0.000, j=7:0.001, j=8:0.001, j=9:0.002, j=10:0.005, j=11:0.020, j=12:0.044, j=13:0.098, j=14:0.165, j=15:0.261, j=16:0.402
      i=17 -> j=0:0.000, j=1:0.000, j=2:0.000, j=3:0.000, j=4:0.000, j=5:0.000, j=6:0.000, j=7:0.001, j=8:0.001, j=9:0.001, j=10:0.002, j=11:0.005, j=12:0.026, j=13:0.049, j=14:0.065, j=15:0.207, j=16:0.215, j=17:0.426
      i=18 -> j=0:0.000, j=1:0.000, j=2:0.000, j=3:0.000, j=4:0.000, j=5:0.000, j=6:0.000, j=7:0.000, j=8:0.000, j=9:0.000, j=10:0.001, j=11:0.001, j=12:0.005, j=13:0.008, j=14:0.017, j=15:0.056, j=16:0.159, j=17:0.274, j=18:0.476
      i=19 -> j=0:0.000, j=1:0.000, j=2:0.000, j=3:0.000, j=4:0.000, j=5:0.000, j=6:0.000, j=7:0.000, j=8:0.000, j=9:0.001, j=10:0.001, j=11:0.001, j=12:0.003, j=13:0.005, j=14:0.008, j=15:0.027, j=16:0.092, j=17:0.133, j=18:0.300, j=19:0.427
      i=20 -> j=0:0.000, j=1:0.000, j=2:0.000, j=3:0.000, j=4:0.000, j=5:0.000, j=6:0.000, j=7:0.000, j=8:0.000, j=9:0.000, j=10:0.000, j=11:0.000, j=12:0.001, j=13:0.001, j=14:0.001, j=15:0.006, j=16:0.038, j=17:0.072, j=18:0.149, j=19:0.271, j=20:0.459
      i=21 -> j=0:0.000, j=1:0.000, j=2:0.000, j=3:0.000, j=4:0.000, j=5:0.000, j=6:0.000, j=7:0.000, j=8:0.000, j=9:0.000, j=10:0.000, j=11:0.000, j=12:0.000, j=13:0.001, j=14:0.001, j=15:0.002, j=16:0.011, j=17:0.027, j=18:0.054, j=19:0.178, j=20:0.277, j=21:0.446
      i=22 -> j=0:0.000, j=1:0.000, j=2:0.000, j=3:0.000, j=4:0.000, j=5:0.000, j=6:0.000, j=7:0.000, j=8:0.000, j=9:0.000, j=10:0.000, j=11:0.001, j=12:0.001, j=13:0.001, j=14:0.001, j=15:0.002, j=16:0.009, j=17:0.019, j=18:0.039, j=19:0.087, j=20:0.177, j=21:0.289, j=22:0.369
      i=23 -> j=0:0.000, j=1:0.000, j=2:0.000, j=3:0.000, j=4:0.000, j=5:0.000, j=6:0.000, j=7:0.000, j=8:0.000, j=9:0.000, j=10:0.000, j=11:0.000, j=12:0.000, j=13:0.000, j=14:0.000, j=15:0.001, j=16:0.002, j=17:0.005, j=18:0.013, j=19:0.048, j=20:0.066, j=21:0.139, j=22:0.346, j=23:0.375
      i=24 -> j=0:0.000, j=1:0.000, j=2:0.000, j=3:0.000, j=4:0.000, j=5:0.000, j=6:0.000, j=7:0.000, j=8:0.000, j=9:0.000, j=10:0.000, j=11:0.000, j=12:0.000, j=13:0.000, j=14:0.000, j=15:0.000, j=16:0.001, j=17:0.001, j=18:0.003, j=19:0.010, j=20:0.022, j=21:0.053, j=22:0.187, j=23:0.283, j=24:0.435
      i=25 -> j=0:0.000, j=1:0.000, j=2:0.000, j=3:0.000, j=4:0.000, j=5:0.000, j=6:0.000, j=7:0.000, j=8:0.000, j=9:0.000, j=10:0.000, j=11:0.000, j=12:0.000, j=13:0.000, j=14:0.000, j=15:0.000, j=16:0.001, j=17:0.001, j=18:0.001, j=19:0.003, j=20:0.008, j=21:0.021, j=22:0.090, j=23:0.150, j=24:0.276, j=25:0.447
      i=26 -> j=0:0.001, j=1:0.001, j=2:0.001, j=3:0.001, j=4:0.000, j=5:0.000, j=6:0.000, j=7:0.000, j=8:0.000, j=9:0.000, j=10:0.001, j=11:0.000, j=12:0.000, j=13:0.000, j=14:0.000, j=15:0.000, j=16:0.000, j=17:0.001, j=18:0.001, j=19:0.002, j=20:0.003, j=21:0.007, j=22:0.028, j=23:0.051, j=24:0.135, j=25:0.333, j=26:0.432
      i=27 -> j=0:0.000, j=1:0.000, j=2:0.000, j=3:0.000, j=4:0.000, j=5:0.000, j=6:0.000, j=7:0.000, j=8:0.000, j=9:0.000, j=10:0.000, j=11:0.000, j=12:0.000, j=13:0.000, j=14:0.000, j=15:0.000, j=16:0.000, j=17:0.000, j=18:0.000, j=19:0.000, j=20:0.001, j=21:0.002, j=22:0.011, j=23:0.018, j=24:0.044, j=25:0.142, j=26:0.422, j=27:0.355
      i=28 -> j=0:0.001, j=1:0.001, j=2:0.000, j=3:0.000, j=4:0.000, j=5:0.000, j=6:0.000, j=7:0.000, j=8:0.000, j=9:0.000, j=10:0.000, j=11:0.000, j=12:0.000, j=13:0.000, j=14:0.000, j=15:0.000, j=16:0.000, j=17:0.000, j=18:0.000, j=19:0.000, j=20:0.001, j=21:0.001, j=22:0.004, j=23:0.007, j=24:0.019, j=25:0.076, j=26:0.185, j=27:0.290, j=28:0.413
      i=29 -> j=0:0.001, j=1:0.001, j=2:0.001, j=3:0.000, j=4:0.000, j=5:0.000, j=6:0.000, j=7:0.000, j=8:0.000, j=9:0.000, j=10:0.000, j=11:0.000, j=12:0.000, j=13:0.000, j=14:0.000, j=15:0.000, j=16:0.000, j=17:0.000, j=18:0.000, j=19:0.000, j=20:0.000, j=21:0.001, j=22:0.003, j=23:0.003, j=24:0.010, j=25:0.068, j=26:0.066, j=27:0.222, j=28:0.285, j=29:0.333
      i=30 -> j=0:0.001, j=1:0.001, j=2:0.001, j=3:0.001, j=4:0.001, j=5:0.001, j=6:0.000, j=7:0.000, j=8:0.000, j=9:0.000, j=10:0.000, j=11:0.000, j=12:0.000, j=13:0.000, j=14:0.000, j=15:0.000, j=16:0.000, j=17:0.000, j=18:0.000, j=19:0.000, j=20:0.001, j=21:0.001, j=22:0.002, j=23:0.002, j=24:0.006, j=25:0.016, j=26:0.038, j=27:0.075, j=28:0.145, j=29:0.318, j=30:0.389
      i=31 -> j=0:0.001, j=1:0.001, j=2:0.001, j=3:0.001, j=4:0.000, j=5:0.000, j=6:0.000, j=7:0.000, j=8:0.000, j=9:0.000, j=10:0.000, j=11:0.000, j=12:0.000, j=13:0.000, j=14:0.000, j=15:0.000, j=16:0.000, j=17:0.000, j=18:0.000, j=19:0.000, j=20:0.000, j=21:0.000, j=22:0.000, j=23:0.000, j=24:0.001, j=25:0.003, j=26:0.004, j=27:0.027, j=28:0.075, j=29:0.166, j=30:0.267, j=31:0.447
      i=32 -> j=0:0.001, j=1:0.001, j=2:0.001, j=3:0.001, j=4:0.000, j=5:0.000, j=6:0.000, j=7:0.000, j=8:0.000, j=9:0.000, j=10:0.000, j=11:0.000, j=12:0.000, j=13:0.000, j=14:0.000, j=15:0.000, j=16:0.000, j=17:0.000, j=18:0.000, j=19:0.000, j=20:0.000, j=21:0.000, j=22:0.000, j=23:0.000, j=24:0.001, j=25:0.001, j=26:0.002, j=27:0.011, j=28:0.035, j=29:0.067, j=30:0.165, j=31:0.229, j=32:0.481
      i=33 -> j=0:0.003, j=1:0.003, j=2:0.002, j=3:0.002, j=4:0.001, j=5:0.001, j=6:0.001, j=7:0.001, j=8:0.001, j=9:0.001, j=10:0.000, j=11:0.000, j=12:0.000, j=13:0.000, j=14:0.000, j=15:0.000, j=16:0.000, j=17:0.000, j=18:0.000, j=19:0.000, j=20:0.000, j=21:0.000, j=22:0.001, j=23:0.000, j=24:0.001, j=25:0.001, j=26:0.002, j=27:0.005, j=28:0.015, j=29:0.027, j=30:0.066, j=31:0.160, j=32:0.280, j=33:0.423
      i=34 -> j=0:0.003, j=1:0.002, j=2:0.001, j=3:0.001, j=4:0.001, j=5:0.001, j=6:0.001, j=7:0.001, j=8:0.001, j=9:0.000, j=10:0.000, j=11:0.000, j=12:0.000, j=13:0.000, j=14:0.000, j=15:0.000, j=16:0.000, j=17:0.000, j=18:0.000, j=19:0.000, j=20:0.000, j=21:0.000, j=22:0.000, j=23:0.000, j=24:0.000, j=25:0.000, j=26:0.001, j=27:0.001, j=28:0.003, j=29:0.007, j=30:0.027, j=31:0.059, j=32:0.126, j=33:0.308, j=34:0.450
      i=35 -> j=0:0.001, j=1:0.001, j=2:0.001, j=3:0.001, j=4:0.001, j=5:0.001, j=6:0.001, j=7:0.001, j=8:0.000, j=9:0.000, j=10:0.000, j=11:0.000, j=12:0.000, j=13:0.000, j=14:0.000, j=15:0.000, j=16:0.000, j=17:0.000, j=18:0.000, j=19:0.000, j=20:0.000, j=21:0.000, j=22:0.000, j=23:0.000, j=24:0.000, j=25:0.001, j=26:0.001, j=27:0.001, j=28:0.003, j=29:0.004, j=30:0.019, j=31:0.032, j=32:0.082, j=33:0.159, j=34:0.286, j=35:0.400
      i=36 -> j=0:0.003, j=1:0.003, j=2:0.003, j=3:0.002, j=4:0.002, j=5:0.001, j=6:0.001, j=7:0.001, j=8:0.001, j=9:0.001, j=10:0.001, j=11:0.001, j=12:0.000, j=13:0.000, j=14:0.000, j=15:0.000, j=16:0.000, j=17:0.000, j=18:0.000, j=19:0.000, j=20:0.000, j=21:0.000, j=22:0.000, j=23:0.000, j=24:0.000, j=25:0.001, j=26:0.000, j=27:0.001, j=28:0.001, j=29:0.002, j=30:0.005, j=31:0.010, j=32:0.040, j=33:0.104, j=34:0.164, j=35:0.247, j=36:0.401
      i=37 -> j=0:0.002, j=1:0.001, j=2:0.001, j=3:0.001, j=4:0.001, j=5:0.001, j=6:0.001, j=7:0.000, j=8:0.001, j=9:0.000, j=10:0.000, j=11:0.000, j=12:0.000, j=13:0.000, j=14:0.000, j=15:0.000, j=16:0.000, j=17:0.000, j=18:0.000, j=19:0.000, j=20:0.000, j=21:0.000, j=22:0.000, j=23:0.000, j=24:0.000, j=25:0.000, j=26:0.000, j=27:0.000, j=28:0.000, j=29:0.000, j=30:0.001, j=31:0.002, j=32:0.007, j=33:0.039, j=34:0.088, j=35:0.177, j=36:0.241, j=37:0.432
      i=38 -> j=0:0.003, j=1:0.002, j=2:0.002, j=3:0.002, j=4:0.001, j=5:0.001, j=6:0.001, j=7:0.001, j=8:0.001, j=9:0.001, j=10:0.000, j=11:0.000, j=12:0.000, j=13:0.000, j=14:0.000, j=15:0.000, j=16:0.000, j=17:0.000, j=18:0.000, j=19:0.000, j=20:0.000, j=21:0.000, j=22:0.000, j=23:0.000, j=24:0.000, j=25:0.000, j=26:0.000, j=27:0.000, j=28:0.000, j=29:0.000, j=30:0.001, j=31:0.001, j=32:0.002, j=33:0.007, j=34:0.021, j=35:0.062, j=36:0.135, j=37:0.311, j=38:0.441
      i=39 -> j=0:0.005, j=1:0.004, j=2:0.003, j=3:0.002, j=4:0.003, j=5:0.002, j=6:0.002, j=7:0.001, j=8:0.002, j=9:0.001, j=10:0.001, j=11:0.001, j=12:0.001, j=13:0.000, j=14:0.000, j=15:0.000, j=16:0.000, j=17:0.000, j=18:0.000, j=19:0.000, j=20:0.000, j=21:0.000, j=22:0.000, j=23:0.000, j=24:0.000, j=25:0.000, j=26:0.000, j=27:0.000, j=28:0.000, j=29:0.000, j=30:0.001, j=31:0.001, j=32:0.001, j=33:0.003, j=34:0.008, j=35:0.029, j=36:0.055, j=37:0.148, j=38:0.306, j=39:0.417
      i=40 -> j=0:0.003, j=1:0.002, j=2:0.002, j=3:0.002, j=4:0.002, j=5:0.001, j=6:0.001, j=7:0.001, j=8:0.001, j=9:0.001, j=10:0.001, j=11:0.001, j=12:0.000, j=13:0.000, j=14:0.000, j=15:0.000, j=16:0.000, j=17:0.000, j=18:0.000, j=19:0.000, j=20:0.000, j=21:0.000, j=22:0.000, j=23:0.000, j=24:0.000, j=25:0.000, j=26:0.000, j=27:0.000, j=28:0.000, j=29:0.000, j=30:0.000, j=31:0.000, j=32:0.000, j=33:0.001, j=34:0.003, j=35:0.008, j=36:0.014, j=37:0.056, j=38:0.193, j=39:0.316, j=40:0.390
      i=41 -> j=0:0.005, j=1:0.005, j=2:0.005, j=3:0.003, j=4:0.003, j=5:0.002, j=6:0.002, j=7:0.002, j=8:0.001, j=9:0.001, j=10:0.001, j=11:0.001, j=12:0.001, j=13:0.001, j=14:0.000, j=15:0.000, j=16:0.000, j=17:0.000, j=18:0.000, j=19:0.000, j=20:0.000, j=21:0.000, j=22:0.000, j=23:0.000, j=24:0.000, j=25:0.000, j=26:0.000, j=27:0.000, j=28:0.000, j=29:0.000, j=30:0.000, j=31:0.000, j=32:0.000, j=33:0.001, j=34:0.001, j=35:0.003, j=36:0.009, j=37:0.024, j=38:0.120, j=39:0.159, j=40:0.273, j=41:0.371
      i=42 -> j=0:0.004, j=1:0.004, j=2:0.004, j=3:0.003, j=4:0.003, j=5:0.003, j=6:0.002, j=7:0.002, j=8:0.001, j=9:0.001, j=10:0.001, j=11:0.001, j=12:0.001, j=13:0.001, j=14:0.001, j=15:0.000, j=16:0.000, j=17:0.000, j=18:0.000, j=19:0.000, j=20:0.000, j=21:0.000, j=22:0.000, j=23:0.000, j=24:0.000, j=25:0.000, j=26:0.000, j=27:0.000, j=28:0.000, j=29:0.000, j=30:0.000, j=31:0.000, j=32:0.000, j=33:0.000, j=34:0.001, j=35:0.001, j=36:0.002, j=37:0.006, j=38:0.024, j=39:0.077, j=40:0.131, j=41:0.273, j=42:0.453
      i=43 -> j=0:0.009, j=1:0.009, j=2:0.007, j=3:0.006, j=4:0.005, j=5:0.005, j=6:0.004, j=7:0.003, j=8:0.003, j=9:0.003, j=10:0.002, j=11:0.002, j=12:0.001, j=13:0.001, j=14:0.001, j=15:0.001, j=16:0.001, j=17:0.001, j=18:0.001, j=19:0.000, j=20:0.000, j=21:0.000, j=22:0.000, j=23:0.000, j=24:0.000, j=25:0.000, j=26:0.000, j=27:0.000, j=28:0.000, j=29:0.000, j=30:0.000, j=31:0.000, j=32:0.000, j=33:0.001, j=34:0.001, j=35:0.002, j=36:0.002, j=37:0.005, j=38:0.015, j=39:0.037, j=40:0.101, j=41:0.157, j=42:0.257, j=43:0.354
      i=44 -> j=0:0.004, j=1:0.004, j=2:0.004, j=3:0.003, j=4:0.003, j=5:0.003, j=6:0.002, j=7:0.002, j=8:0.002, j=9:0.002, j=10:0.001, j=11:0.001, j=12:0.001, j=13:0.001, j=14:0.001, j=15:0.001, j=16:0.000, j=17:0.000, j=18:0.000, j=19:0.000, j=20:0.000, j=21:0.000, j=22:0.000, j=23:0.000, j=24:0.000, j=25:0.000, j=26:0.000, j=27:0.000, j=28:0.000, j=29:0.000, j=30:0.000, j=31:0.000, j=32:0.000, j=33:0.000, j=34:0.000, j=35:0.000, j=36:0.000, j=37:0.001, j=38:0.002, j=39:0.007, j=40:0.016, j=41:0.065, j=42:0.146, j=43:0.279, j=44:0.447
      i=45 -> j=0:0.004, j=1:0.004, j=2:0.005, j=3:0.004, j=4:0.005, j=5:0.004, j=6:0.003, j=7:0.003, j=8:0.003, j=9:0.003, j=10:0.002, j=11:0.002, j=12:0.002, j=13:0.001, j=14:0.001, j=15:0.001, j=16:0.001, j=17:0.001, j=18:0.001, j=19:0.000, j=20:0.000, j=21:0.000, j=22:0.000, j=23:0.000, j=24:0.000, j=25:0.000, j=26:0.000, j=27:0.000, j=28:0.000, j=29:0.000, j=30:0.000, j=31:0.000, j=32:0.000, j=33:0.000, j=34:0.000, j=35:0.000, j=36:0.000, j=37:0.001, j=38:0.002, j=39:0.004, j=40:0.014, j=41:0.048, j=42:0.139, j=43:0.155, j=44:0.163, j=45:0.419
      i=46 -> j=0:0.004, j=1:0.004, j=2:0.004, j=3:0.005, j=4:0.004, j=5:0.003, j=6:0.003, j=7:0.002, j=8:0.002, j=9:0.002, j=10:0.002, j=11:0.002, j=12:0.002, j=13:0.001, j=14:0.001, j=15:0.001, j=16:0.001, j=17:0.001, j=18:0.000, j=19:0.000, j=20:0.000, j=21:0.000, j=22:0.000, j=23:0.000, j=24:0.000, j=25:0.000, j=26:0.000, j=27:0.000, j=28:0.000, j=29:0.000, j=30:0.000, j=31:0.000, j=32:0.000, j=33:0.000, j=34:0.000, j=35:0.001, j=36:0.000, j=37:0.001, j=38:0.001, j=39:0.002, j=40:0.004, j=41:0.015, j=42:0.030, j=43:0.077, j=44:0.156, j=45:0.274, j=46:0.388
      i=47 -> j=0:0.004, j=1:0.004, j=2:0.004, j=3:0.004, j=4:0.004, j=5:0.004, j=6:0.004, j=7:0.003, j=8:0.003, j=9:0.003, j=10:0.002, j=11:0.002, j=12:0.002, j=13:0.001, j=14:0.002, j=15:0.001, j=16:0.001, j=17:0.001, j=18:0.001, j=19:0.001, j=20:0.000, j=21:0.000, j=22:0.000, j=23:0.000, j=24:0.000, j=25:0.000, j=26:0.000, j=27:0.000, j=28:0.000, j=29:0.000, j=30:0.000, j=31:0.000, j=32:0.000, j=33:0.000, j=34:0.000, j=35:0.000, j=36:0.000, j=37:0.000, j=38:0.000, j=39:0.000, j=40:0.001, j=41:0.001, j=42:0.010, j=43:0.026, j=44:0.084, j=45:0.156, j=46:0.242, j=47:0.425
      i=48 -> j=0:0.004, j=1:0.004, j=2:0.004, j=3:0.004, j=4:0.003, j=5:0.003, j=6:0.004, j=7:0.003, j=8:0.003, j=9:0.003, j=10:0.002, j=11:0.002, j=12:0.002, j=13:0.002, j=14:0.001, j=15:0.001, j=16:0.001, j=17:0.001, j=18:0.001, j=19:0.001, j=20:0.000, j=21:0.000, j=22:0.000, j=23:0.000, j=24:0.000, j=25:0.000, j=26:0.000, j=27:0.000, j=28:0.000, j=29:0.000, j=30:0.000, j=31:0.000, j=32:0.000, j=33:0.000, j=34:0.000, j=35:0.000, j=36:0.000, j=37:0.000, j=38:0.000, j=39:0.000, j=40:0.000, j=41:0.001, j=42:0.003, j=43:0.008, j=44:0.027, j=45:0.068, j=46:0.179, j=47:0.239, j=48:0.425
      i=49 -> j=0:0.005, j=1:0.005, j=2:0.005, j=3:0.007, j=4:0.005, j=5:0.005, j=6:0.005, j=7:0.006, j=8:0.004, j=9:0.004, j=10:0.003, j=11:0.002, j=12:0.003, j=13:0.003, j=14:0.002, j=15:0.002, j=16:0.001, j=17:0.001, j=18:0.001, j=19:0.001, j=20:0.001, j=21:0.001, j=22:0.001, j=23:0.001, j=24:0.000, j=25:0.000, j=26:0.000, j=27:0.000, j=28:0.000, j=29:0.000, j=30:0.000, j=31:0.000, j=32:0.000, j=33:0.000, j=34:0.000, j=35:0.000, j=36:0.000, j=37:0.000, j=38:0.000, j=39:0.001, j=40:0.001, j=41:0.001, j=42:0.003, j=43:0.007, j=44:0.025, j=45:0.060, j=46:0.127, j=47:0.156, j=48:0.215, j=49:0.327
      i=50 -> j=0:0.010, j=1:0.010, j=2:0.012, j=3:0.011, j=4:0.008, j=5:0.007, j=6:0.007, j=7:0.009, j=8:0.008, j=9:0.009, j=10:0.007, j=11:0.007, j=12:0.007, j=13:0.005, j=14:0.005, j=15:0.004, j=16:0.003, j=17:0.003, j=18:0.002, j=19:0.002, j=20:0.002, j=21:0.001, j=22:0.001, j=23:0.001, j=24:0.001, j=25:0.001, j=26:0.000, j=27:0.000, j=28:0.000, j=29:0.000, j=30:0.000, j=31:0.000, j=32:0.000, j=33:0.000, j=34:0.000, j=35:0.000, j=36:0.000, j=37:0.000, j=38:0.000, j=39:0.001, j=40:0.001, j=41:0.001, j=42:0.002, j=43:0.002, j=44:0.006, j=45:0.027, j=46:0.033, j=47:0.079, j=48:0.137, j=49:0.245, j=50:0.318
      i=51 -> j=0:0.006, j=1:0.006, j=2:0.005, j=3:0.005, j=4:0.004, j=5:0.004, j=6:0.004, j=7:0.004, j=8:0.004, j=9:0.004, j=10:0.003, j=11:0.004, j=12:0.003, j=13:0.003, j=14:0.003, j=15:0.003, j=16:0.002, j=17:0.002, j=18:0.002, j=19:0.001, j=20:0.001, j=21:0.001, j=22:0.001, j=23:0.001, j=24:0.000, j=25:0.000, j=26:0.000, j=27:0.000, j=28:0.000, j=29:0.000, j=30:0.000, j=31:0.000, j=32:0.000, j=33:0.000, j=34:0.000, j=35:0.000, j=36:0.000, j=37:0.000, j=38:0.000, j=39:0.000, j=40:0.000, j=41:0.000, j=42:0.000, j=43:0.001, j=44:0.001, j=45:0.003, j=46:0.007, j=47:0.018, j=48:0.052, j=49:0.127, j=50:0.223, j=51:0.489
      i=52 -> j=0:0.005, j=1:0.005, j=2:0.005, j=3:0.005, j=4:0.004, j=5:0.004, j=6:0.004, j=7:0.005, j=8:0.005, j=9:0.005, j=10:0.004, j=11:0.004, j=12:0.003, j=13:0.003, j=14:0.003, j=15:0.003, j=16:0.003, j=17:0.003, j=18:0.002, j=19:0.001, j=20:0.002, j=21:0.001, j=22:0.001, j=23:0.001, j=24:0.001, j=25:0.000, j=26:0.000, j=27:0.000, j=28:0.000, j=29:0.000, j=30:0.000, j=31:0.000, j=32:0.000, j=33:0.000, j=34:0.000, j=35:0.000, j=36:0.000, j=37:0.000, j=38:0.000, j=39:0.000, j=40:0.000, j=41:0.000, j=42:0.000, j=43:0.000, j=44:0.001, j=45:0.001, j=46:0.003, j=47:0.007, j=48:0.021, j=49:0.061, j=50:0.123, j=51:0.275, j=52:0.422
      i=53 -> j=0:0.009, j=1:0.009, j=2:0.008, j=3:0.009, j=4:0.008, j=5:0.009, j=6:0.009, j=7:0.009, j=8:0.009, j=9:0.007, j=10:0.009, j=11:0.006, j=12:0.006, j=13:0.006, j=14:0.006, j=15:0.005, j=16:0.004, j=17:0.004, j=18:0.003, j=19:0.003, j=20:0.003, j=21:0.002, j=22:0.002, j=23:0.002, j=24:0.001, j=25:0.001, j=26:0.000, j=27:0.001, j=28:0.001, j=29:0.001, j=30:0.000, j=31:0.000, j=32:0.001, j=33:0.000, j=34:0.000, j=35:0.000, j=36:0.000, j=37:0.000, j=38:0.000, j=39:0.000, j=40:0.000, j=41:0.000, j=42:0.001, j=43:0.000, j=44:0.001, j=45:0.001, j=46:0.001, j=47:0.003, j=48:0.006, j=49:0.018, j=50:0.042, j=51:0.136, j=52:0.266, j=53:0.368
      i=54 -> j=0:0.003, j=1:0.004, j=2:0.004, j=3:0.004, j=4:0.003, j=5:0.003, j=6:0.003, j=7:0.004, j=8:0.004, j=9:0.004, j=10:0.004, j=11:0.004, j=12:0.002, j=13:0.003, j=14:0.003, j=15:0.002, j=16:0.002, j=17:0.002, j=18:0.002, j=19:0.002, j=20:0.002, j=21:0.001, j=22:0.001, j=23:0.001, j=24:0.001, j=25:0.001, j=26:0.000, j=27:0.000, j=28:0.000, j=29:0.000, j=30:0.000, j=31:0.000, j=32:0.000, j=33:0.000, j=34:0.000, j=35:0.000, j=36:0.000, j=37:0.000, j=38:0.000, j=39:0.000, j=40:0.000, j=41:0.000, j=42:0.000, j=43:0.000, j=44:0.000, j=45:0.000, j=46:0.000, j=47:0.001, j=48:0.001, j=49:0.006, j=50:0.016, j=51:0.043, j=52:0.144, j=53:0.392, j=54:0.324
      i=55 -> j=0:0.003, j=1:0.004, j=2:0.005, j=3:0.005, j=4:0.004, j=5:0.004, j=6:0.004, j=7:0.004, j=8:0.004, j=9:0.004, j=10:0.004, j=11:0.004, j=12:0.003, j=13:0.003, j=14:0.003, j=15:0.003, j=16:0.002, j=17:0.002, j=18:0.003, j=19:0.002, j=20:0.002, j=21:0.002, j=22:0.002, j=23:0.001, j=24:0.001, j=25:0.001, j=26:0.001, j=27:0.001, j=28:0.000, j=29:0.000, j=30:0.000, j=31:0.000, j=32:0.000, j=33:0.000, j=34:0.000, j=35:0.000, j=36:0.000, j=37:0.000, j=38:0.000, j=39:0.000, j=40:0.000, j=41:0.000, j=42:0.000, j=43:0.000, j=44:0.000, j=45:0.000, j=46:0.000, j=47:0.000, j=48:0.001, j=49:0.002, j=50:0.006, j=51:0.018, j=52:0.077, j=53:0.173, j=54:0.274, j=55:0.364
      i=56 -> j=0:0.007, j=1:0.007, j=2:0.008, j=3:0.009, j=4:0.007, j=5:0.007, j=6:0.008, j=7:0.011, j=8:0.009, j=9:0.009, j=10:0.007, j=11:0.007, j=12:0.007, j=13:0.006, j=14:0.006, j=15:0.006, j=16:0.005, j=17:0.005, j=18:0.005, j=19:0.005, j=20:0.004, j=21:0.003, j=22:0.003, j=23:0.002, j=24:0.002, j=25:0.001, j=26:0.001, j=27:0.001, j=28:0.001, j=29:0.001, j=30:0.001, j=31:0.001, j=32:0.000, j=33:0.000, j=34:0.000, j=35:0.000, j=36:0.000, j=37:0.000, j=38:0.000, j=39:0.000, j=40:0.000, j=41:0.000, j=42:0.000, j=43:0.000, j=44:0.000, j=45:0.001, j=46:0.001, j=47:0.001, j=48:0.001, j=49:0.002, j=50:0.005, j=51:0.012, j=52:0.066, j=53:0.058, j=54:0.200, j=55:0.233, j=56:0.256
      i=57 -> j=0:0.005, j=1:0.005, j=2:0.005, j=3:0.005, j=4:0.005, j=5:0.005, j=6:0.005, j=7:0.005, j=8:0.005, j=9:0.005, j=10:0.004, j=11:0.005, j=12:0.004, j=13:0.004, j=14:0.004, j=15:0.004, j=16:0.004, j=17:0.003, j=18:0.003, j=19:0.003, j=20:0.002, j=21:0.002, j=22:0.002, j=23:0.002, j=24:0.001, j=25:0.001, j=26:0.001, j=27:0.001, j=28:0.001, j=29:0.000, j=30:0.000, j=31:0.000, j=32:0.000, j=33:0.000, j=34:0.000, j=35:0.000, j=36:0.000, j=37:0.000, j=38:0.000, j=39:0.000, j=40:0.000, j=41:0.000, j=42:0.000, j=43:0.000, j=44:0.000, j=45:0.000, j=46:0.000, j=47:0.000, j=48:0.000, j=49:0.000, j=50:0.001, j=51:0.002, j=52:0.008, j=53:0.017, j=54:0.071, j=55:0.160, j=56:0.227, j=57:0.406
      i=58 -> j=0:0.004, j=1:0.004, j=2:0.005, j=3:0.005, j=4:0.004, j=5:0.004, j=6:0.005, j=7:0.004, j=8:0.005, j=9:0.005, j=10:0.004, j=11:0.005, j=12:0.004, j=13:0.004, j=14:0.004, j=15:0.004, j=16:0.004, j=17:0.004, j=18:0.003, j=19:0.003, j=20:0.003, j=21:0.002, j=22:0.002, j=23:0.002, j=24:0.001, j=25:0.001, j=26:0.001, j=27:0.001, j=28:0.001, j=29:0.001, j=30:0.000, j=31:0.000, j=32:0.000, j=33:0.000, j=34:0.000, j=35:0.000, j=36:0.000, j=37:0.000, j=38:0.000, j=39:0.000, j=40:0.000, j=41:0.000, j=42:0.000, j=43:0.000, j=44:0.000, j=45:0.000, j=46:0.000, j=47:0.000, j=48:0.000, j=49:0.000, j=50:0.000, j=51:0.001, j=52:0.002, j=53:0.004, j=54:0.025, j=55:0.066, j=56:0.116, j=57:0.247, j=58:0.437
      i=59 -> j=0:0.005, j=1:0.005, j=2:0.004, j=3:0.005, j=4:0.005, j=5:0.004, j=6:0.005, j=7:0.004, j=8:0.005, j=9:0.005, j=10:0.005, j=11:0.005, j=12:0.005, j=13:0.005, j=14:0.005, j=15:0.005, j=16:0.004, j=17:0.005, j=18:0.003, j=19:0.004, j=20:0.003, j=21:0.003, j=22:0.003, j=23:0.002, j=24:0.002, j=25:0.002, j=26:0.001, j=27:0.001, j=28:0.001, j=29:0.001, j=30:0.001, j=31:0.001, j=32:0.001, j=33:0.000, j=34:0.000, j=35:0.000, j=36:0.000, j=37:0.000, j=38:0.000, j=39:0.000, j=40:0.000, j=41:0.000, j=42:0.000, j=43:0.000, j=44:0.000, j=45:0.000, j=46:0.000, j=47:0.000, j=48:0.000, j=49:0.000, j=50:0.000, j=51:0.001, j=52:0.001, j=53:0.002, j=54:0.009, j=55:0.024, j=56:0.054, j=57:0.136, j=58:0.259, j=59:0.395
      i=60 -> j=0:0.004, j=1:0.004, j=2:0.004, j=3:0.004, j=4:0.004, j=5:0.004, j=6:0.004, j=7:0.005, j=8:0.005, j=9:0.004, j=10:0.004, j=11:0.005, j=12:0.004, j=13:0.004, j=14:0.004, j=15:0.004, j=16:0.004, j=17:0.005, j=18:0.003, j=19:0.003, j=20:0.003, j=21:0.002, j=22:0.002, j=23:0.002, j=24:0.002, j=25:0.002, j=26:0.002, j=27:0.001, j=28:0.001, j=29:0.001, j=30:0.001, j=31:0.001, j=32:0.000, j=33:0.000, j=34:0.000, j=35:0.000, j=36:0.000, j=37:0.000, j=38:0.000, j=39:0.000, j=40:0.000, j=41:0.000, j=42:0.000, j=43:0.000, j=44:0.000, j=45:0.000, j=46:0.000, j=47:0.000, j=48:0.000, j=49:0.000, j=50:0.000, j=51:0.001, j=52:0.001, j=53:0.002, j=54:0.004, j=55:0.008, j=56:0.038, j=57:0.088, j=58:0.186, j=59:0.238, j=60:0.326
      i=61 -> j=0:0.005, j=1:0.005, j=2:0.004, j=3:0.004, j=4:0.004, j=5:0.004, j=6:0.004, j=7:0.003, j=8:0.004, j=9:0.004, j=10:0.004, j=11:0.004, j=12:0.003, j=13:0.005, j=14:0.004, j=15:0.004, j=16:0.004, j=17:0.003, j=18:0.003, j=19:0.003, j=20:0.003, j=21:0.003, j=22:0.002, j=23:0.002, j=24:0.002, j=25:0.002, j=26:0.001, j=27:0.001, j=28:0.001, j=29:0.001, j=30:0.001, j=31:0.001, j=32:0.001, j=33:0.000, j=34:0.000, j=35:0.000, j=36:0.000, j=37:0.000, j=38:0.000, j=39:0.000, j=40:0.000, j=41:0.000, j=42:0.000, j=43:0.000, j=44:0.000, j=45:0.000, j=46:0.000, j=47:0.000, j=48:0.000, j=49:0.000, j=50:0.000, j=51:0.000, j=52:0.000, j=53:0.000, j=54:0.001, j=55:0.003, j=56:0.008, j=57:0.026, j=58:0.065, j=59:0.155, j=60:0.235, j=61:0.407
      i=62 -> j=0:0.004, j=1:0.005, j=2:0.005, j=3:0.004, j=4:0.004, j=5:0.004, j=6:0.004, j=7:0.004, j=8:0.004, j=9:0.004, j=10:0.004, j=11:0.004, j=12:0.004, j=13:0.004, j=14:0.004, j=15:0.004, j=16:0.004, j=17:0.003, j=18:0.004, j=19:0.004, j=20:0.003, j=21:0.003, j=22:0.002, j=23:0.002, j=24:0.002, j=25:0.002, j=26:0.002, j=27:0.001, j=28:0.001, j=29:0.001, j=30:0.001, j=31:0.001, j=32:0.001, j=33:0.000, j=34:0.000, j=35:0.000, j=36:0.000, j=37:0.000, j=38:0.000, j=39:0.000, j=40:0.000, j=41:0.000, j=42:0.000, j=43:0.000, j=44:0.000, j=45:0.000, j=46:0.000, j=47:0.000, j=48:0.000, j=49:0.000, j=50:0.000, j=51:0.000, j=52:0.000, j=53:0.000, j=54:0.000, j=55:0.001, j=56:0.002, j=57:0.007, j=58:0.015, j=59:0.067, j=60:0.159, j=61:0.246, j=62:0.397
      i=63 -> j=0:0.007, j=1:0.008, j=2:0.010, j=3:0.012, j=4:0.009, j=5:0.009, j=6:0.009, j=7:0.011, j=8:0.008, j=9:0.009, j=10:0.008, j=11:0.009, j=12:0.009, j=13:0.009, j=14:0.010, j=15:0.010, j=16:0.008, j=17:0.008, j=18:0.007, j=19:0.007, j=20:0.007, j=21:0.007, j=22:0.008, j=23:0.007, j=24:0.007, j=25:0.005, j=26:0.005, j=27:0.004, j=28:0.003, j=29:0.003, j=30:0.002, j=31:0.002, j=32:0.002, j=33:0.002, j=34:0.001, j=35:0.001, j=36:0.001, j=37:0.001, j=38:0.001, j=39:0.000, j=40:0.000, j=41:0.000, j=42:0.000, j=43:0.000, j=44:0.000, j=45:0.000, j=46:0.000, j=47:0.000, j=48:0.000, j=49:0.000, j=50:0.000, j=51:0.000, j=52:0.001, j=53:0.000, j=54:0.001, j=55:0.001, j=56:0.002, j=57:0.005, j=58:0.011, j=59:0.051, j=60:0.068, j=61:0.140, j=62:0.182, j=63:0.286
    Average attention per distance:
      d=0:0.419, d=1:0.275, d=2:0.160, d=3:0.077, d=4:0.031, d=5:0.011


======================================================================
QK Property Verification (Raw Scores, before Softmax)
======================================================================
Recurrence order init_len=2, num test sequences=1

--- [P1] Long-distance Orthogonality Verification ---
Ideal: raw_score mean ≈ 0 and small std when d > init_len

  Layer 0, Head 0:
    d= 1 (effective): mean=  4.515, std= 0.346, n=63
    d= 2 (effective): mean=  3.977, std= 0.374, n=62
    d>2 (long-distance): mean= -0.993, std= 1.625, n=1891

--- [P2] Time-homogeneous Verification ---
Ideal: CV of raw_score across positions i ≈ 0 for fixed distance d
(CV = std / |mean|, smaller = more constant)

  Layer 0, Head 0:
    d= 1: mean=  4.515, std= 0.346, CV=0.077, n=63
    d= 2: mean=  3.977, std= 0.374, CV=0.094, n=62

======================================================================
QK Property Verification Completed
======================================================================
