=== Experiment: mixed_basic_d1024l4_r32_t32_c0.5 ===
Time: 2026-06-18T08:06:48.758628
Task type: mixed_ab
Merged config: {
  "P": 53,
  "TASK": "mixed_ab",
  "NUM_MASK": 2,
  "A": 1,
  "B": 1,
  "AB_PAIRS": [
    [
      1,
      1
    ],
    [
      1,
      2
    ]
  ],
  "D_MODEL": 1024,
  "N_HEAD": 1,
  "N_LAYER": 4,
  "BATCH_SIZE": 128,
  "EPOCHS": 10000,
  "LR": 0.0003,
  "SAVE_PATH": "models/mixed_basic_d1024l4_r32_t32_c0.5.pth",
  "USE_GREEDY_GENERATE": true,
  "USE_LEARNABLE_PE": false,
  "MLP_RATIO": 32,
  "TRAIN_LEN": 32,
  "OOD_LEN": 64,
  "DROPOUT": 0.0,
  "TARGET_INIT_COVERAGE": 0.5,
  "MAX_UNIQUE_RATIO": 0.5,
  "WEIGHT_DECAY": 1,
  "ENTROPY_PENALTY_WEIGHT": 0.0,
  "FIRST_TASK_WEIGHT": 1.0,
  "RANDOM_SEED": 42,
  "EVAL_INTERVAL": 20,
  "EARLY_STOP_NO_IMPROVE": 2000,
  "EARLY_STOP_ACCURACY": 0.99,
  "USE_AB_TAG": false,
  "USE_CONDITIONAL_WTE": false,
  "COND_WTE_SHARED_RATIO": 0.0
}
--- output ---
Using device: cuda

[Dataset] Mixed mode: generated 2810 + 2808 samples, length 32
AB parameter pairs: [(1, 1), (1, 2)]
--------------------------------------------------
[Model config] block_size: 64, train length: 32
[Number theory] AB parameter pairs: [(1, 1), (1, 2)]


Model parameters: 285.97M

Start training...
Epoch   0 | Train: Loss=4.3195 Acc=5.5% | Test: Acc=0.8% | Best=0.8%(@0)
  from x3: 0.01 0.01 0.01 0.01 0.01 0.01 0.01 0.01 0.01 0.01 0.01 0.01 0.01 0.01 0.01 0.01 0.01 0.01 0.01 0.01 0.01 0.01 0.01 0.01 0.01 0.01 0.01 0.01 0.01
  per-rule acc: 0.01 0.01
Epoch  20 | Train: Loss=0.0156 Acc=99.7% | Test: Acc=2.2% | Best=2.2%(@20)
  from x3: 0.02 0.02 0.02 0.02 0.02 0.02 0.02 0.02 0.02 0.02 0.02 0.02 0.02 0.02 0.02 0.02 0.02 0.02 0.02 0.02 0.02 0.02 0.02 0.02 0.02 0.02 0.02 0.02 0.02
  per-rule acc: 0.03 0.01
Epoch  40 | Train: Loss=0.0032 Acc=99.9% | Test: Acc=2.3% | Best=2.3%(@40)
  from x3: 0.03 0.03 0.02 0.02 0.02 0.02 0.02 0.02 0.02 0.02 0.02 0.02 0.02 0.02 0.02 0.02 0.02 0.02 0.02 0.02 0.02 0.02 0.02 0.02 0.02 0.02 0.02 0.02 0.02
  per-rule acc: 0.03 0.02
Epoch  60 | Train: Loss=0.0017 Acc=100.0% | Test: Acc=2.4% | Best=2.4%(@60)
  from x3: 0.03 0.02 0.02 0.02 0.02 0.02 0.02 0.02 0.02 0.02 0.02 0.02 0.03 0.03 0.02 0.03 0.03 0.02 0.02 0.02 0.03 0.03 0.03 0.03 0.03 0.02 0.03 0.03 0.03
  per-rule acc: 0.03 0.02
Epoch  80 | Train: Loss=4.3243 Acc=2.1% | Test: Acc=1.4% | Best=2.4%(@60)
  from x3: 0.01 0.01 0.01 0.01 0.01 0.01 0.01 0.01 0.01 0.01 0.01 0.01 0.01 0.01 0.01 0.01 0.01 0.01 0.01 0.01 0.01 0.01 0.01 0.01 0.01 0.01 0.01 0.01 0.01
  per-rule acc: 0.01 0.01
Epoch 100 | Train: Loss=4.3083 Acc=2.4% | Test: Acc=1.5% | Best=2.4%(@60)
  from x3: 0.01 0.01 0.01 0.01 0.01 0.01 0.01 0.01 0.01 0.01 0.01 0.01 0.01 0.01 0.01 0.01 0.01 0.02 0.01 0.01 0.01 0.02 0.02 0.01 0.02 0.02 0.02 0.02 0.02
  per-rule acc: 0.01 0.01
Epoch 120 | Train: Loss=3.5942 Acc=14.3% | Test: Acc=1.2% | Best=2.4%(@60)
  from x3: 0.02 0.01 0.01 0.02 0.01 0.02 0.01 0.01 0.01 0.01 0.01 0.01 0.01 0.01 0.01 0.01 0.01 0.01 0.01 0.01 0.01 0.01 0.01 0.01 0.01 0.01 0.01 0.01 0.01
  per-rule acc: 0.01 0.01
Epoch 140 | Train: Loss=0.1868 Acc=96.8% | Test: Acc=1.5% | Best=2.4%(@60)
  from x3: 0.02 0.02 0.02 0.01 0.01 0.01 0.01 0.01 0.02 0.02 0.01 0.01 0.02 0.02 0.01 0.01 0.01 0.01 0.01 0.01 0.01 0.01 0.02 0.01 0.01 0.01 0.01 0.01 0.02
  per-rule acc: 0.02 0.01
Epoch 160 | Train: Loss=0.0046 Acc=99.9% | Test: Acc=1.5% | Best=2.4%(@60)
  from x3: 0.02 0.02 0.02 0.02 0.01 0.01 0.01 0.01 0.01 0.01 0.01 0.02 0.01 0.01 0.02 0.01 0.01 0.01 0.01 0.02 0.01 0.01 0.01 0.01 0.01 0.01 0.01 0.01 0.01
  per-rule acc: 0.02 0.01
Epoch 180 | Train: Loss=0.0037 Acc=100.0% | Test: Acc=1.3% | Best=2.4%(@60)
  from x3: 0.02 0.02 0.02 0.02 0.01 0.01 0.01 0.01 0.01 0.01 0.01 0.01 0.01 0.01 0.01 0.01 0.01 0.01 0.01 0.01 0.01 0.01 0.01 0.01 0.01 0.01 0.01 0.01 0.01
  per-rule acc: 0.02 0.01
Epoch 200 | Train: Loss=0.0039 Acc=100.0% | Test: Acc=1.3% | Best=2.4%(@60)
  from x3: 0.02 0.02 0.02 0.02 0.01 0.01 0.01 0.01 0.01 0.01 0.01 0.01 0.01 0.01 0.01 0.01 0.01 0.01 0.01 0.01 0.01 0.01 0.01 0.01 0.01 0.01 0.01 0.01 0.01
  per-rule acc: 0.02 0.01
Epoch 220 | Train: Loss=0.0042 Acc=100.0% | Test: Acc=1.6% | Best=2.4%(@60)
  from x3: 0.02 0.02 0.02 0.02 0.02 0.01 0.02 0.02 0.02 0.02 0.02 0.02 0.02 0.02 0.02 0.02 0.02 0.02 0.02 0.02 0.01 0.02 0.02 0.02 0.02 0.02 0.02 0.02 0.02
  per-rule acc: 0.02 0.01
Epoch 240 | Train: Loss=0.0036 Acc=100.0% | Test: Acc=1.6% | Best=2.4%(@60)
  from x3: 0.02 0.02 0.02 0.01 0.02 0.02 0.01 0.02 0.02 0.02 0.02 0.01 0.02 0.02 0.02 0.02 0.02 0.02 0.02 0.01 0.01 0.01 0.01 0.02 0.02 0.02 0.02 0.02 0.02
  per-rule acc: 0.02 0.01
Epoch 260 | Train: Loss=0.0030 Acc=100.0% | Test: Acc=1.6% | Best=2.4%(@60)
  from x3: 0.02 0.02 0.02 0.02 0.02 0.02 0.02 0.02 0.02 0.02 0.02 0.01 0.01 0.02 0.02 0.01 0.01 0.01 0.01 0.02 0.02 0.02 0.02 0.02 0.01 0.02 0.01 0.02 0.02
  per-rule acc: 0.02 0.01
Epoch 280 | Train: Loss=0.0034 Acc=100.0% | Test: Acc=1.6% | Best=2.4%(@60)
  from x3: 0.02 0.02 0.01 0.02 0.02 0.02 0.01 0.02 0.01 0.02 0.02 0.02 0.01 0.02 0.01 0.02 0.02 0.02 0.01 0.02 0.02 0.02 0.02 0.02 0.02 0.02 0.02 0.02 0.02
  per-rule acc: 0.02 0.01
Epoch 300 | Train: Loss=0.0032 Acc=100.0% | Test: Acc=1.6% | Best=2.4%(@60)
  from x3: 0.02 0.02 0.02 0.02 0.02 0.02 0.01 0.01 0.02 0.01 0.01 0.02 0.02 0.01 0.01 0.02 0.02 0.02 0.01 0.01 0.01 0.01 0.01 0.01 0.02 0.02 0.01 0.01 0.01
  per-rule acc: 0.02 0.01
Epoch 320 | Train: Loss=0.0072 Acc=100.0% | Test: Acc=1.6% | Best=2.4%(@60)
  from x3: 0.02 0.02 0.02 0.02 0.02 0.02 0.01 0.01 0.01 0.01 0.01 0.01 0.01 0.01 0.01 0.01 0.01 0.01 0.02 0.02 0.02 0.02 0.02 0.02 0.02 0.02 0.02 0.02 0.01
  per-rule acc: 0.02 0.01
Epoch 340 | Train: Loss=0.0032 Acc=100.0% | Test: Acc=1.6% | Best=2.4%(@60)
  from x3: 0.02 0.02 0.02 0.02 0.02 0.02 0.02 0.02 0.02 0.02 0.02 0.02 0.02 0.02 0.02 0.02 0.02 0.02 0.02 0.01 0.02 0.02 0.02 0.02 0.02 0.02 0.02 0.02 0.01
  per-rule acc: 0.02 0.01
Epoch 360 | Train: Loss=0.0030 Acc=100.0% | Test: Acc=1.4% | Best=2.4%(@60)
  from x3: 0.02 0.02 0.02 0.01 0.01 0.02 0.02 0.01 0.01 0.01 0.01 0.01 0.01 0.01 0.01 0.01 0.01 0.01 0.01 0.01 0.01 0.01 0.01 0.01 0.01 0.01 0.01 0.01 0.01
  per-rule acc: 0.02 0.01
Epoch 380 | Train: Loss=0.0033 Acc=100.0% | Test: Acc=1.4% | Best=2.4%(@60)
  from x3: 0.02 0.02 0.02 0.02 0.02 0.01 0.01 0.01 0.01 0.01 0.01 0.01 0.01 0.01 0.01 0.01 0.01 0.01 0.01 0.01 0.01 0.01 0.01 0.01 0.01 0.01 0.01 0.01 0.01
  per-rule acc: 0.02 0.01
Epoch 400 | Train: Loss=0.0028 Acc=100.0% | Test: Acc=1.5% | Best=2.4%(@60)
  from x3: 0.02 0.02 0.02 0.02 0.02 0.02 0.01 0.01 0.01 0.01 0.01 0.01 0.01 0.01 0.01 0.01 0.01 0.01 0.01 0.01 0.01 0.01 0.01 0.01 0.01 0.01 0.01 0.01 0.01
  per-rule acc: 0.02 0.01
Epoch 420 | Train: Loss=0.0069 Acc=100.0% | Test: Acc=1.8% | Best=2.4%(@60)
  from x3: 0.01 0.02 0.02 0.02 0.02 0.02 0.02 0.02 0.02 0.02 0.02 0.02 0.02 0.02 0.02 0.02 0.02 0.02 0.02 0.02 0.02 0.02 0.02 0.02 0.02 0.02 0.02 0.02 0.02
  per-rule acc: 0.02 0.01
Epoch 440 | Train: Loss=0.0029 Acc=100.0% | Test: Acc=1.5% | Best=2.4%(@60)
  from x3: 0.02 0.02 0.02 0.02 0.01 0.01 0.01 0.01 0.01 0.01 0.01 0.01 0.01 0.01 0.01 0.01 0.01 0.01 0.01 0.01 0.01 0.01 0.01 0.01 0.01 0.01 0.02 0.01 0.02
  per-rule acc: 0.02 0.01
Epoch 460 | Train: Loss=0.0022 Acc=100.0% | Test: Acc=1.6% | Best=2.4%(@60)
  from x3: 0.02 0.02 0.02 0.02 0.02 0.02 0.02 0.02 0.02 0.02 0.02 0.02 0.02 0.02 0.02 0.02 0.02 0.02 0.02 0.02 0.02 0.02 0.02 0.02 0.02 0.02 0.02 0.02 0.02
  per-rule acc: 0.02 0.01
Epoch 480 | Train: Loss=1.3911 Acc=89.4% | Test: Acc=1.4% | Best=2.4%(@60)
  from x3: 0.01 0.02 0.01 0.01 0.01 0.01 0.01 0.01 0.01 0.02 0.01 0.01 0.01 0.01 0.01 0.01 0.01 0.01 0.01 0.01 0.01 0.01 0.01 0.01 0.02 0.01 0.01 0.01 0.01
  per-rule acc: 0.02 0.01
Epoch 500 | Train: Loss=0.0022 Acc=100.0% | Test: Acc=1.6% | Best=2.4%(@60)
  from x3: 0.02 0.02 0.02 0.02 0.02 0.02 0.02 0.02 0.02 0.02 0.02 0.02 0.02 0.02 0.02 0.02 0.02 0.02 0.02 0.02 0.02 0.02 0.02 0.02 0.02 0.02 0.02 0.02 0.02
  per-rule acc: 0.02 0.01
Epoch 520 | Train: Loss=0.0021 Acc=100.0% | Test: Acc=1.8% | Best=2.4%(@60)
  from x3: 0.02 0.02 0.02 0.02 0.02 0.02 0.02 0.02 0.02 0.02 0.02 0.02 0.02 0.02 0.02 0.02 0.02 0.02 0.02 0.02 0.02 0.02 0.02 0.02 0.02 0.02 0.02 0.02 0.02
  per-rule acc: 0.02 0.01
Epoch 540 | Train: Loss=0.0024 Acc=100.0% | Test: Acc=1.7% | Best=2.4%(@60)
  from x3: 0.01 0.02 0.02 0.02 0.02 0.02 0.02 0.02 0.02 0.02 0.02 0.02 0.02 0.02 0.02 0.02 0.02 0.02 0.02 0.02 0.02 0.02 0.02 0.02 0.02 0.02 0.02 0.02 0.02
  per-rule acc: 0.02 0.01
Epoch 560 | Train: Loss=0.0017 Acc=100.0% | Test: Acc=1.6% | Best=2.4%(@60)
  from x3: 0.01 0.02 0.02 0.02 0.02 0.02 0.02 0.02 0.02 0.02 0.02 0.02 0.02 0.02 0.02 0.02 0.02 0.02 0.02 0.02 0.02 0.02 0.02 0.02 0.02 0.02 0.02 0.02 0.02
  per-rule acc: 0.02 0.01
Epoch 580 | Train: Loss=0.0023 Acc=100.0% | Test: Acc=1.7% | Best=2.4%(@60)
  from x3: 0.01 0.02 0.02 0.02 0.02 0.02 0.02 0.02 0.02 0.02 0.02 0.02 0.02 0.02 0.02 0.02 0.02 0.02 0.02 0.02 0.02 0.02 0.02 0.02 0.02 0.02 0.02 0.02 0.02
  per-rule acc: 0.02 0.01
Epoch 600 | Train: Loss=0.0018 Acc=100.0% | Test: Acc=1.7% | Best=2.4%(@60)
  from x3: 0.02 0.02 0.02 0.02 0.02 0.02 0.02 0.02 0.02 0.02 0.02 0.02 0.02 0.02 0.02 0.02 0.02 0.02 0.02 0.02 0.02 0.02 0.02 0.02 0.02 0.02 0.02 0.02 0.02
  per-rule acc: 0.02 0.02
Epoch 620 | Train: Loss=0.8689 Acc=96.2% | Test: Acc=1.4% | Best=2.4%(@60)
  from x3: 0.01 0.01 0.01 0.01 0.01 0.01 0.01 0.01 0.01 0.01 0.01 0.01 0.01 0.01 0.01 0.01 0.01 0.01 0.01 0.01 0.01 0.01 0.01 0.01 0.01 0.01 0.01 0.01 0.01
  per-rule acc: 0.01 0.01
Epoch 640 | Train: Loss=0.0019 Acc=100.0% | Test: Acc=1.9% | Best=2.4%(@60)
  from x3: 0.01 0.02 0.02 0.02 0.02 0.02 0.02 0.02 0.02 0.02 0.02 0.02 0.02 0.02 0.02 0.02 0.02 0.02 0.02 0.02 0.02 0.02 0.02 0.02 0.02 0.02 0.02 0.02 0.02
  per-rule acc: 0.02 0.02
Epoch 660 | Train: Loss=0.0016 Acc=100.0% | Test: Acc=1.8% | Best=2.4%(@60)
  from x3: 0.01 0.02 0.02 0.02 0.02 0.02 0.02 0.02 0.02 0.02 0.02 0.02 0.02 0.02 0.02 0.02 0.02 0.02 0.02 0.02 0.02 0.02 0.02 0.02 0.02 0.02 0.02 0.02 0.02
  per-rule acc: 0.02 0.02
Epoch 680 | Train: Loss=0.0020 Acc=100.0% | Test: Acc=1.7% | Best=2.4%(@60)
  from x3: 0.01 0.02 0.02 0.02 0.02 0.02 0.02 0.02 0.02 0.02 0.02 0.02 0.02 0.02 0.02 0.02 0.02 0.02 0.02 0.02 0.02 0.02 0.02 0.02 0.02 0.02 0.02 0.02 0.02
  per-rule acc: 0.02 0.02
Epoch 700 | Train: Loss=0.0015 Acc=100.0% | Test: Acc=1.7% | Best=2.4%(@60)
  from x3: 0.01 0.02 0.02 0.02 0.02 0.02 0.02 0.02 0.02 0.02 0.02 0.02 0.02 0.02 0.02 0.02 0.02 0.02 0.02 0.02 0.02 0.02 0.02 0.02 0.02 0.02 0.02 0.02 0.02
  per-rule acc: 0.02 0.02
Epoch 720 | Train: Loss=0.0020 Acc=100.0% | Test: Acc=1.7% | Best=2.4%(@60)
  from x3: 0.02 0.02 0.02 0.02 0.02 0.02 0.02 0.02 0.02 0.02 0.02 0.02 0.02 0.02 0.02 0.02 0.02 0.02 0.02 0.02 0.02 0.02 0.02 0.02 0.02 0.02 0.02 0.02 0.02
  per-rule acc: 0.02 0.02
Epoch 740 | Train: Loss=0.0015 Acc=100.0% | Test: Acc=1.5% | Best=2.4%(@60)
  from x3: 0.01 0.02 0.02 0.02 0.02 0.02 0.02 0.01 0.01 0.01 0.01 0.01 0.01 0.01 0.01 0.01 0.01 0.01 0.01 0.01 0.01 0.01 0.01 0.01 0.01 0.01 0.01 0.01 0.01
  per-rule acc: 0.02 0.01
Epoch 760 | Train: Loss=0.0020 Acc=100.0% | Test: Acc=1.6% | Best=2.4%(@60)
  from x3: 0.02 0.02 0.02 0.02 0.02 0.02 0.01 0.01 0.02 0.02 0.02 0.02 0.01 0.02 0.02 0.02 0.02 0.02 0.02 0.02 0.02 0.02 0.02 0.02 0.02 0.02 0.01 0.01 0.01
  per-rule acc: 0.02 0.02
Epoch 780 | Train: Loss=0.0013 Acc=100.0% | Test: Acc=1.7% | Best=2.4%(@60)
  from x3: 0.02 0.02 0.02 0.02 0.02 0.02 0.02 0.02 0.02 0.02 0.02 0.02 0.02 0.02 0.02 0.02 0.02 0.02 0.02 0.02 0.02 0.02 0.02 0.02 0.02 0.02 0.02 0.02 0.02
  per-rule acc: 0.02 0.02
Epoch 800 | Train: Loss=0.0019 Acc=100.0% | Test: Acc=1.7% | Best=2.4%(@60)
  from x3: 0.02 0.02 0.02 0.02 0.02 0.02 0.02 0.02 0.02 0.02 0.02 0.02 0.02 0.02 0.02 0.02 0.02 0.02 0.02 0.02 0.02 0.02 0.02 0.02 0.02 0.02 0.02 0.02 0.02
  per-rule acc: 0.02 0.02
Epoch 820 | Train: Loss=0.0013 Acc=100.0% | Test: Acc=1.6% | Best=2.4%(@60)
  from x3: 0.02 0.02 0.02 0.02 0.02 0.02 0.02 0.02 0.02 0.02 0.02 0.02 0.02 0.02 0.02 0.02 0.02 0.02 0.02 0.01 0.01 0.01 0.01 0.01 0.01 0.01 0.01 0.01 0.01
  per-rule acc: 0.01 0.02
Epoch 840 | Train: Loss=0.0018 Acc=100.0% | Test: Acc=1.7% | Best=2.4%(@60)
  from x3: 0.02 0.02 0.02 0.02 0.02 0.02 0.02 0.02 0.02 0.02 0.02 0.02 0.02 0.02 0.02 0.02 0.02 0.02 0.02 0.02 0.02 0.02 0.02 0.02 0.02 0.02 0.02 0.02 0.02
  per-rule acc: 0.02 0.02
Epoch 860 | Train: Loss=0.0269 Acc=99.9% | Test: Acc=1.7% | Best=2.4%(@60)
  from x3: 0.01 0.02 0.02 0.02 0.02 0.02 0.02 0.02 0.02 0.02 0.02 0.02 0.02 0.02 0.02 0.02 0.02 0.02 0.02 0.02 0.02 0.02 0.02 0.02 0.02 0.02 0.02 0.02 0.02
  per-rule acc: 0.02 0.02
Epoch 880 | Train: Loss=0.0016 Acc=100.0% | Test: Acc=1.8% | Best=2.4%(@60)
  from x3: 0.02 0.02 0.02 0.02 0.02 0.02 0.02 0.02 0.02 0.02 0.02 0.02 0.02 0.02 0.02 0.02 0.02 0.02 0.02 0.02 0.02 0.02 0.02 0.02 0.02 0.02 0.02 0.02 0.02
  per-rule acc: 0.02 0.02
Epoch 900 | Train: Loss=0.2626 Acc=99.3% | Test: Acc=1.4% | Best=2.4%(@60)
  from x3: 0.02 0.02 0.02 0.02 0.01 0.01 0.01 0.01 0.01 0.01 0.01 0.01 0.01 0.01 0.01 0.01 0.01 0.01 0.01 0.01 0.01 0.01 0.01 0.01 0.01 0.01 0.01 0.01 0.01
  per-rule acc: 0.01 0.01
Epoch 920 | Train: Loss=0.0015 Acc=100.0% | Test: Acc=1.7% | Best=2.4%(@60)
  from x3: 0.02 0.02 0.02 0.02 0.02 0.02 0.02 0.02 0.02 0.02 0.02 0.02 0.02 0.02 0.02 0.02 0.02 0.02 0.02 0.02 0.02 0.02 0.02 0.02 0.02 0.02 0.02 0.02 0.02
  per-rule acc: 0.02 0.02
Epoch 940 | Train: Loss=0.0019 Acc=100.0% | Test: Acc=1.9% | Best=2.4%(@60)
  from x3: 0.02 0.02 0.02 0.02 0.02 0.02 0.02 0.02 0.02 0.02 0.02 0.02 0.02 0.02 0.02 0.02 0.02 0.02 0.02 0.02 0.02 0.02 0.02 0.02 0.02 0.02 0.02 0.02 0.02
  per-rule acc: 0.02 0.02
Epoch 960 | Train: Loss=0.0013 Acc=100.0% | Test: Acc=1.9% | Best=2.4%(@60)
  from x3: 0.02 0.02 0.02 0.02 0.02 0.02 0.02 0.02 0.02 0.02 0.02 0.02 0.02 0.02 0.02 0.02 0.02 0.02 0.02 0.02 0.02 0.02 0.02 0.02 0.02 0.02 0.02 0.02 0.02
  per-rule acc: 0.02 0.02
Epoch 980 | Train: Loss=0.0017 Acc=100.0% | Test: Acc=1.6% | Best=2.4%(@60)
  from x3: 0.02 0.02 0.02 0.02 0.02 0.02 0.02 0.02 0.02 0.02 0.02 0.02 0.02 0.02 0.02 0.02 0.02 0.02 0.02 0.02 0.02 0.02 0.01 0.01 0.01 0.01 0.01 0.01 0.01
  per-rule acc: 0.02 0.01
Epoch 1000 | Train: Loss=0.0152 Acc=99.9% | Test: Acc=1.7% | Best=2.4%(@60)
  from x3: 0.02 0.02 0.02 0.02 0.02 0.02 0.02 0.02 0.02 0.02 0.02 0.02 0.02 0.02 0.02 0.02 0.02 0.02 0.02 0.02 0.02 0.02 0.02 0.02 0.02 0.02 0.02 0.02 0.02
  per-rule acc: 0.02 0.02
Epoch 1020 | Train: Loss=0.0015 Acc=100.0% | Test: Acc=1.9% | Best=2.4%(@60)
  from x3: 0.02 0.02 0.02 0.02 0.02 0.02 0.02 0.02 0.02 0.02 0.02 0.02 0.02 0.02 0.02 0.02 0.02 0.02 0.02 0.02 0.02 0.02 0.02 0.02 0.02 0.02 0.02 0.02 0.02
  per-rule acc: 0.02 0.02
Epoch 1040 | Train: Loss=0.4173 Acc=98.9% | Test: Acc=1.4% | Best=2.4%(@60)
  from x3: 0.01 0.02 0.01 0.01 0.01 0.01 0.01 0.01 0.01 0.01 0.01 0.01 0.01 0.01 0.01 0.01 0.01 0.01 0.01 0.01 0.01 0.01 0.01 0.01 0.01 0.01 0.01 0.01 0.01
  per-rule acc: 0.02 0.01
Epoch 1060 | Train: Loss=0.0014 Acc=100.0% | Test: Acc=1.9% | Best=2.4%(@60)
  from x3: 0.02 0.02 0.02 0.02 0.02 0.02 0.02 0.02 0.02 0.02 0.02 0.02 0.02 0.02 0.02 0.02 0.02 0.02 0.02 0.02 0.02 0.02 0.02 0.02 0.02 0.02 0.02 0.02 0.02
  per-rule acc: 0.02 0.02
Epoch 1080 | Train: Loss=0.0017 Acc=100.0% | Test: Acc=2.0% | Best=2.4%(@60)
  from x3: 0.02 0.02 0.02 0.02 0.02 0.02 0.02 0.02 0.02 0.02 0.02 0.02 0.02 0.02 0.02 0.02 0.02 0.02 0.02 0.02 0.02 0.02 0.02 0.02 0.02 0.02 0.02 0.02 0.02
  per-rule acc: 0.02 0.02
Epoch 1100 | Train: Loss=0.0011 Acc=100.0% | Test: Acc=1.8% | Best=2.4%(@60)
  from x3: 0.02 0.02 0.02 0.02 0.02 0.02 0.02 0.02 0.02 0.02 0.02 0.02 0.02 0.02 0.02 0.02 0.02 0.02 0.02 0.02 0.02 0.02 0.02 0.02 0.02 0.02 0.02 0.02 0.02
  per-rule acc: 0.02 0.02
Epoch 1120 | Train: Loss=0.0015 Acc=100.0% | Test: Acc=2.0% | Best=2.4%(@60)
  from x3: 0.02 0.02 0.02 0.02 0.02 0.02 0.02 0.02 0.02 0.02 0.02 0.02 0.02 0.02 0.02 0.02 0.02 0.02 0.02 0.02 0.02 0.02 0.02 0.02 0.02 0.02 0.02 0.02 0.02
  per-rule acc: 0.02 0.02
Epoch 1140 | Train: Loss=0.0017 Acc=100.0% | Test: Acc=1.9% | Best=2.4%(@60)
  from x3: 0.02 0.02 0.02 0.02 0.02 0.02 0.02 0.02 0.02 0.02 0.02 0.02 0.02 0.02 0.02 0.02 0.02 0.02 0.02 0.02 0.02 0.02 0.02 0.02 0.02 0.02 0.02 0.02 0.02
  per-rule acc: 0.02 0.02
Epoch 1160 | Train: Loss=0.0012 Acc=100.0% | Test: Acc=1.9% | Best=2.4%(@60)
  from x3: 0.02 0.02 0.02 0.02 0.02 0.02 0.02 0.02 0.02 0.02 0.02 0.02 0.02 0.02 0.02 0.02 0.02 0.02 0.02 0.02 0.02 0.02 0.02 0.02 0.02 0.02 0.02 0.02 0.02
  per-rule acc: 0.02 0.02
Epoch 1180 | Train: Loss=0.5807 Acc=98.4% | Test: Acc=1.7% | Best=2.4%(@60)
  from x3: 0.02 0.02 0.02 0.02 0.02 0.02 0.02 0.02 0.02 0.02 0.02 0.02 0.02 0.02 0.02 0.02 0.02 0.02 0.02 0.02 0.02 0.02 0.02 0.02 0.02 0.02 0.02 0.02 0.02
  per-rule acc: 0.02 0.01
Epoch 1200 | Train: Loss=0.0014 Acc=100.0% | Test: Acc=1.9% | Best=2.4%(@60)
  from x3: 0.02 0.02 0.02 0.02 0.02 0.02 0.02 0.02 0.02 0.02 0.02 0.02 0.02 0.02 0.02 0.02 0.02 0.02 0.02 0.02 0.02 0.02 0.02 0.02 0.02 0.02 0.02 0.02 0.02
  per-rule acc: 0.02 0.02
Epoch 1220 | Train: Loss=0.0017 Acc=100.0% | Test: Acc=2.0% | Best=2.4%(@60)
  from x3: 0.02 0.02 0.02 0.02 0.02 0.02 0.02 0.02 0.02 0.02 0.02 0.02 0.02 0.02 0.02 0.02 0.02 0.02 0.02 0.02 0.02 0.02 0.02 0.02 0.02 0.02 0.02 0.02 0.02
  per-rule acc: 0.02 0.02
Epoch 1240 | Train: Loss=0.0011 Acc=100.0% | Test: Acc=1.9% | Best=2.4%(@60)
  from x3: 0.02 0.02 0.02 0.02 0.02 0.02 0.02 0.02 0.02 0.02 0.02 0.02 0.02 0.02 0.02 0.02 0.02 0.02 0.02 0.02 0.02 0.02 0.02 0.02 0.02 0.02 0.02 0.02 0.02
  per-rule acc: 0.02 0.02
Epoch 1260 | Train: Loss=0.0016 Acc=100.0% | Test: Acc=2.0% | Best=2.4%(@60)
  from x3: 0.02 0.02 0.02 0.02 0.02 0.02 0.02 0.02 0.02 0.02 0.02 0.02 0.02 0.02 0.02 0.02 0.02 0.02 0.02 0.02 0.02 0.02 0.02 0.02 0.02 0.02 0.02 0.02 0.02
  per-rule acc: 0.02 0.02
Epoch 1280 | Train: Loss=0.0016 Acc=100.0% | Test: Acc=1.9% | Best=2.4%(@60)
  from x3: 0.02 0.02 0.02 0.02 0.02 0.02 0.02 0.02 0.02 0.02 0.02 0.02 0.02 0.02 0.02 0.02 0.02 0.02 0.02 0.02 0.02 0.02 0.02 0.02 0.02 0.02 0.02 0.02 0.02
  per-rule acc: 0.02 0.02
Epoch 1300 | Train: Loss=0.0014 Acc=100.0% | Test: Acc=2.0% | Best=2.4%(@60)
  from x3: 0.02 0.02 0.02 0.02 0.02 0.02 0.02 0.02 0.02 0.02 0.02 0.02 0.02 0.02 0.02 0.02 0.02 0.02 0.02 0.02 0.02 0.02 0.02 0.02 0.02 0.02 0.02 0.02 0.02
  per-rule acc: 0.02 0.02
Epoch 1320 | Train: Loss=0.0018 Acc=100.0% | Test: Acc=2.4% | Best=2.4%(@60)
  from x3: 0.02 0.03 0.02 0.03 0.02 0.02 0.02 0.02 0.02 0.02 0.02 0.02 0.02 0.02 0.02 0.02 0.02 0.02 0.02 0.02 0.02 0.02 0.02 0.02 0.02 0.02 0.02 0.02 0.02
  per-rule acc: 0.02 0.02
Epoch 1340 | Train: Loss=0.0012 Acc=100.0% | Test: Acc=1.7% | Best=2.4%(@60)
  from x3: 0.02 0.02 0.02 0.02 0.02 0.02 0.02 0.02 0.02 0.02 0.02 0.02 0.02 0.02 0.02 0.02 0.02 0.02 0.02 0.02 0.02 0.02 0.02 0.02 0.02 0.02 0.02 0.02 0.02
  per-rule acc: 0.02 0.02
Epoch 1360 | Train: Loss=0.0016 Acc=100.0% | Test: Acc=2.0% | Best=2.4%(@60)
  from x3: 0.02 0.02 0.02 0.02 0.02 0.02 0.02 0.02 0.02 0.02 0.02 0.02 0.02 0.02 0.02 0.02 0.02 0.02 0.02 0.02 0.02 0.02 0.02 0.02 0.02 0.02 0.02 0.02 0.02
  per-rule acc: 0.02 0.02
Epoch 1380 | Train: Loss=0.0026 Acc=100.0% | Test: Acc=2.0% | Best=2.4%(@60)
  from x3: 0.02 0.02 0.02 0.02 0.02 0.02 0.02 0.02 0.02 0.02 0.02 0.02 0.02 0.02 0.02 0.02 0.02 0.02 0.02 0.02 0.02 0.02 0.02 0.02 0.02 0.02 0.02 0.02 0.02
  per-rule acc: 0.02 0.02
Epoch 1400 | Train: Loss=0.0014 Acc=100.0% | Test: Acc=2.1% | Best=2.4%(@60)
  from x3: 0.02 0.02 0.02 0.02 0.02 0.02 0.02 0.02 0.02 0.02 0.02 0.02 0.02 0.02 0.02 0.02 0.02 0.02 0.02 0.02 0.02 0.02 0.02 0.02 0.02 0.02 0.02 0.02 0.02
  per-rule acc: 0.02 0.02
Epoch 1420 | Train: Loss=0.0018 Acc=100.0% | Test: Acc=2.3% | Best=2.4%(@60)
  from x3: 0.03 0.03 0.02 0.02 0.02 0.02 0.02 0.02 0.02 0.02 0.02 0.02 0.02 0.02 0.02 0.02 0.02 0.02 0.02 0.02 0.02 0.02 0.02 0.02 0.02 0.02 0.02 0.02 0.02
  per-rule acc: 0.02 0.02
Epoch 1440 | Train: Loss=0.0011 Acc=100.0% | Test: Acc=2.3% | Best=2.4%(@60)
  from x3: 0.02 0.02 0.02 0.02 0.02 0.02 0.02 0.02 0.02 0.02 0.02 0.02 0.02 0.02 0.02 0.02 0.02 0.02 0.02 0.02 0.02 0.02 0.02 0.02 0.02 0.02 0.02 0.02 0.02
  per-rule acc: 0.02 0.02
Epoch 1460 | Train: Loss=0.0015 Acc=100.0% | Test: Acc=2.4% | Best=2.4%(@60)
  from x3: 0.02 0.03 0.03 0.02 0.02 0.03 0.02 0.03 0.02 0.02 0.02 0.02 0.02 0.02 0.02 0.02 0.02 0.02 0.02 0.02 0.02 0.02 0.02 0.02 0.02 0.02 0.02 0.02 0.02
  per-rule acc: 0.02 0.02
Epoch 1480 | Train: Loss=0.0018 Acc=100.0% | Test: Acc=2.6% | Best=2.6%(@1480)
  from x3: 0.03 0.03 0.03 0.03 0.03 0.03 0.03 0.03 0.03 0.03 0.03 0.03 0.03 0.03 0.03 0.03 0.03 0.03 0.03 0.03 0.03 0.03 0.03 0.03 0.03 0.03 0.03 0.03 0.03
  per-rule acc: 0.02 0.03
Epoch 1500 | Train: Loss=0.0011 Acc=100.0% | Test: Acc=2.6% | Best=2.6%(@1500)
  from x3: 0.03 0.03 0.03 0.03 0.03 0.03 0.03 0.03 0.03 0.03 0.03 0.03 0.03 0.03 0.03 0.03 0.03 0.03 0.03 0.03 0.03 0.03 0.03 0.03 0.03 0.03 0.03 0.03 0.03
  per-rule acc: 0.03 0.02
Epoch 1520 | Train: Loss=0.0015 Acc=100.0% | Test: Acc=2.9% | Best=2.9%(@1520)
  from x3: 0.03 0.03 0.03 0.03 0.03 0.03 0.03 0.03 0.03 0.03 0.03 0.03 0.03 0.03 0.03 0.03 0.03 0.03 0.03 0.03 0.03 0.03 0.03 0.03 0.03 0.03 0.03 0.03 0.03
  per-rule acc: 0.03 0.03
Epoch 1540 | Train: Loss=0.0695 Acc=99.9% | Test: Acc=2.6% | Best=2.9%(@1520)
  from x3: 0.02 0.03 0.03 0.03 0.03 0.03 0.03 0.03 0.03 0.03 0.03 0.03 0.03 0.03 0.03 0.03 0.03 0.03 0.03 0.03 0.03 0.03 0.03 0.03 0.03 0.03 0.03 0.03 0.02
  per-rule acc: 0.03 0.02
Epoch 1560 | Train: Loss=0.0012 Acc=100.0% | Test: Acc=2.8% | Best=2.9%(@1520)
  from x3: 0.03 0.03 0.03 0.03 0.03 0.03 0.03 0.03 0.03 0.03 0.03 0.03 0.03 0.03 0.03 0.03 0.03 0.03 0.03 0.03 0.03 0.03 0.03 0.03 0.03 0.03 0.03 0.03 0.03
  per-rule acc: 0.03 0.03
Epoch 1580 | Train: Loss=0.0015 Acc=100.0% | Test: Acc=2.8% | Best=2.9%(@1520)
  from x3: 0.03 0.03 0.03 0.03 0.03 0.03 0.03 0.03 0.03 0.03 0.03 0.03 0.03 0.03 0.03 0.03 0.03 0.03 0.03 0.03 0.03 0.03 0.03 0.03 0.03 0.03 0.03 0.03 0.03
  per-rule acc: 0.03 0.03
Epoch 1600 | Train: Loss=0.0011 Acc=100.0% | Test: Acc=3.1% | Best=3.1%(@1600)
  from x3: 0.03 0.03 0.03 0.03 0.03 0.03 0.03 0.03 0.03 0.03 0.03 0.03 0.03 0.03 0.03 0.03 0.03 0.03 0.03 0.03 0.03 0.03 0.03 0.03 0.03 0.03 0.03 0.03 0.03
  per-rule acc: 0.04 0.02
Epoch 1620 | Train: Loss=0.0014 Acc=100.0% | Test: Acc=3.1% | Best=3.1%(@1600)
  from x3: 0.03 0.03 0.03 0.03 0.03 0.03 0.03 0.03 0.03 0.03 0.03 0.03 0.03 0.03 0.03 0.03 0.03 0.03 0.03 0.03 0.03 0.03 0.03 0.03 0.03 0.03 0.03 0.03 0.03
  per-rule acc: 0.03 0.03
Epoch 1640 | Train: Loss=0.0016 Acc=100.0% | Test: Acc=3.0% | Best=3.1%(@1600)
  from x3: 0.03 0.03 0.03 0.03 0.03 0.03 0.03 0.03 0.03 0.03 0.03 0.03 0.03 0.03 0.03 0.03 0.03 0.03 0.03 0.03 0.03 0.03 0.03 0.03 0.03 0.03 0.03 0.03 0.03
  per-rule acc: 0.03 0.03
Epoch 1660 | Train: Loss=0.0012 Acc=100.0% | Test: Acc=3.1% | Best=3.1%(@1600)
  from x3: 0.03 0.03 0.03 0.03 0.03 0.03 0.03 0.03 0.03 0.03 0.03 0.03 0.03 0.03 0.03 0.03 0.03 0.03 0.03 0.03 0.03 0.03 0.03 0.03 0.03 0.03 0.03 0.03 0.03
  per-rule acc: 0.04 0.03
Epoch 1680 | Train: Loss=0.0015 Acc=100.0% | Test: Acc=3.3% | Best=3.3%(@1680)
  from x3: 0.03 0.03 0.03 0.04 0.03 0.03 0.03 0.03 0.03 0.03 0.03 0.03 0.03 0.03 0.03 0.03 0.03 0.03 0.03 0.03 0.03 0.03 0.03 0.03 0.03 0.03 0.03 0.03 0.03
  per-rule acc: 0.04 0.03
Epoch 1700 | Train: Loss=0.0367 Acc=99.9% | Test: Acc=3.5% | Best=3.5%(@1700)
  from x3: 0.03 0.03 0.04 0.04 0.04 0.04 0.04 0.04 0.04 0.04 0.04 0.04 0.04 0.04 0.04 0.04 0.04 0.04 0.04 0.03 0.03 0.03 0.03 0.04 0.03 0.03 0.03 0.03 0.03
  per-rule acc: 0.04 0.03
Epoch 1720 | Train: Loss=0.0012 Acc=100.0% | Test: Acc=3.3% | Best=3.5%(@1700)
  from x3: 0.03 0.04 0.03 0.04 0.03 0.03 0.03 0.03 0.03 0.03 0.03 0.03 0.03 0.03 0.03 0.03 0.03 0.03 0.03 0.03 0.03 0.03 0.03 0.03 0.03 0.03 0.03 0.03 0.03
  per-rule acc: 0.04 0.03
Epoch 1740 | Train: Loss=0.0015 Acc=100.0% | Test: Acc=3.5% | Best=3.5%(@1740)
  from x3: 0.03 0.04 0.04 0.04 0.04 0.04 0.04 0.04 0.04 0.04 0.04 0.03 0.03 0.03 0.03 0.03 0.03 0.04 0.03 0.03 0.03 0.03 0.03 0.03 0.03 0.03 0.03 0.03 0.03
  per-rule acc: 0.04 0.03
Epoch 1760 | Train: Loss=0.0372 Acc=99.7% | Test: Acc=4.1% | Best=4.1%(@1760)
  from x3: 0.04 0.05 0.04 0.04 0.04 0.04 0.04 0.04 0.04 0.04 0.04 0.04 0.04 0.04 0.04 0.04 0.04 0.04 0.04 0.04 0.04 0.04 0.04 0.04 0.04 0.04 0.04 0.04 0.04
  per-rule acc: 0.06 0.03
Epoch 1780 | Train: Loss=0.0011 Acc=100.0% | Test: Acc=4.4% | Best=4.4%(@1780)
  from x3: 0.04 0.05 0.05 0.05 0.05 0.05 0.05 0.05 0.05 0.05 0.05 0.04 0.05 0.04 0.04 0.04 0.04 0.04 0.04 0.04 0.04 0.04 0.04 0.04 0.04 0.04 0.04 0.04 0.04
  per-rule acc: 0.06 0.03
Epoch 1800 | Train: Loss=0.0015 Acc=100.0% | Test: Acc=4.3% | Best=4.4%(@1780)
  from x3: 0.04 0.04 0.04 0.04 0.04 0.04 0.04 0.04 0.04 0.04 0.04 0.04 0.04 0.04 0.04 0.04 0.04 0.04 0.04 0.04 0.04 0.04 0.04 0.04 0.04 0.04 0.04 0.04 0.04
  per-rule acc: 0.05 0.03
Epoch 1820 | Train: Loss=0.0016 Acc=100.0% | Test: Acc=4.4% | Best=4.4%(@1780)
  from x3: 0.04 0.04 0.05 0.04 0.05 0.04 0.04 0.05 0.05 0.04 0.04 0.04 0.04 0.04 0.04 0.04 0.04 0.04 0.04 0.04 0.04 0.04 0.04 0.04 0.04 0.04 0.04 0.04 0.04
  per-rule acc: 0.05 0.04
Epoch 1840 | Train: Loss=0.0010 Acc=100.0% | Test: Acc=5.0% | Best=5.0%(@1840)
  from x3: 0.05 0.05 0.05 0.05 0.05 0.05 0.05 0.05 0.05 0.05 0.05 0.05 0.05 0.05 0.05 0.05 0.05 0.05 0.05 0.05 0.05 0.05 0.05 0.05 0.05 0.05 0.05 0.05 0.05
  per-rule acc: 0.06 0.04
Epoch 1860 | Train: Loss=0.0014 Acc=100.0% | Test: Acc=5.1% | Best=5.1%(@1860)
  from x3: 0.05 0.05 0.05 0.05 0.05 0.05 0.05 0.05 0.05 0.05 0.05 0.05 0.05 0.05 0.05 0.05 0.05 0.05 0.05 0.05 0.05 0.05 0.05 0.05 0.05 0.05 0.05 0.05 0.05
  per-rule acc: 0.06 0.04
Epoch 1880 | Train: Loss=0.0112 Acc=99.9% | Test: Acc=5.6% | Best=5.6%(@1880)
  from x3: 0.05 0.06 0.06 0.06 0.06 0.06 0.06 0.06 0.06 0.06 0.06 0.06 0.06 0.06 0.06 0.06 0.06 0.06 0.06 0.06 0.06 0.06 0.06 0.05 0.05 0.05 0.05 0.05 0.05
  per-rule acc: 0.07 0.04
Epoch 1900 | Train: Loss=0.0013 Acc=100.0% | Test: Acc=5.6% | Best=5.6%(@1880)
  from x3: 0.06 0.06 0.06 0.06 0.06 0.06 0.06 0.06 0.06 0.06 0.05 0.05 0.05 0.06 0.05 0.06 0.06 0.05 0.06 0.05 0.06 0.06 0.06 0.06 0.06 0.06 0.06 0.06 0.06
  per-rule acc: 0.07 0.05
Epoch 1920 | Train: Loss=0.0015 Acc=100.0% | Test: Acc=5.9% | Best=5.9%(@1920)
  from x3: 0.05 0.06 0.06 0.06 0.06 0.06 0.06 0.06 0.06 0.06 0.06 0.06 0.06 0.06 0.06 0.06 0.06 0.06 0.06 0.06 0.06 0.06 0.06 0.06 0.06 0.06 0.06 0.06 0.06
  per-rule acc: 0.07 0.05
Epoch 1940 | Train: Loss=0.7901 Acc=93.0% | Test: Acc=2.7% | Best=5.9%(@1920)
  from x3: 0.02 0.03 0.03 0.03 0.03 0.03 0.03 0.03 0.03 0.03 0.03 0.03 0.03 0.03 0.03 0.03 0.03 0.03 0.03 0.03 0.03 0.03 0.03 0.03 0.03 0.03 0.03 0.03 0.03
  per-rule acc: 0.03 0.03
Epoch 1960 | Train: Loss=0.0011 Acc=100.0% | Test: Acc=8.7% | Best=8.7%(@1960)
  from x3: 0.08 0.09 0.09 0.09 0.09 0.09 0.09 0.09 0.09 0.09 0.09 0.09 0.09 0.09 0.09 0.09 0.09 0.09 0.09 0.09 0.09 0.09 0.09 0.09 0.08 0.08 0.08 0.08 0.08
  per-rule acc: 0.12 0.06
Epoch 1980 | Train: Loss=0.0014 Acc=100.0% | Test: Acc=8.3% | Best=8.7%(@1960)
  from x3: 0.08 0.08 0.09 0.09 0.09 0.09 0.08 0.08 0.08 0.08 0.08 0.08 0.08 0.08 0.08 0.08 0.08 0.08 0.08 0.08 0.08 0.08 0.08 0.08 0.08 0.08 0.08 0.08 0.08
  per-rule acc: 0.11 0.06
Epoch 2000 | Train: Loss=0.0012 Acc=100.0% | Test: Acc=10.8% | Best=10.8%(@2000)
  from x3: 0.10 0.11 0.11 0.11 0.11 0.11 0.11 0.11 0.11 0.11 0.11 0.11 0.11 0.11 0.11 0.11 0.11 0.11 0.11 0.11 0.11 0.11 0.11 0.11 0.11 0.11 0.11 0.11 0.11
  per-rule acc: 0.15 0.07
Epoch 2020 | Train: Loss=0.0013 Acc=100.0% | Test: Acc=10.3% | Best=10.8%(@2000)
  from x3: 0.09 0.10 0.11 0.11 0.11 0.11 0.10 0.10 0.10 0.10 0.10 0.10 0.10 0.10 0.10 0.10 0.10 0.10 0.10 0.10 0.10 0.10 0.10 0.10 0.10 0.10 0.10 0.10 0.10
  per-rule acc: 0.13 0.08
Epoch 2040 | Train: Loss=0.0015 Acc=100.0% | Test: Acc=10.2% | Best=10.8%(@2000)
  from x3: 0.09 0.10 0.10 0.11 0.10 0.10 0.10 0.10 0.10 0.10 0.10 0.10 0.10 0.10 0.10 0.10 0.10 0.10 0.10 0.10 0.10 0.10 0.10 0.10 0.10 0.10 0.10 0.10 0.10
  per-rule acc: 0.13 0.08
Epoch 2060 | Train: Loss=0.0010 Acc=100.0% | Test: Acc=14.5% | Best=14.5%(@2060)
  from x3: 0.12 0.15 0.14 0.15 0.15 0.15 0.15 0.15 0.15 0.15 0.15 0.15 0.15 0.14 0.14 0.14 0.14 0.14 0.14 0.14 0.14 0.14 0.14 0.14 0.14 0.14 0.14 0.14 0.14
  per-rule acc: 0.20 0.09
Epoch 2080 | Train: Loss=0.0013 Acc=100.0% | Test: Acc=13.6% | Best=14.5%(@2060)
  from x3: 0.12 0.14 0.14 0.14 0.14 0.14 0.14 0.14 0.14 0.14 0.14 0.14 0.14 0.14 0.14 0.14 0.13 0.13 0.13 0.13 0.13 0.14 0.14 0.14 0.14 0.14 0.14 0.14 0.13
  per-rule acc: 0.18 0.09
Epoch 2100 | Train: Loss=0.0645 Acc=99.8% | Test: Acc=18.0% | Best=18.0%(@2100)
  from x3: 0.16 0.18 0.18 0.18 0.18 0.18 0.18 0.18 0.18 0.18 0.18 0.18 0.18 0.18 0.18 0.18 0.18 0.18 0.18 0.18 0.18 0.18 0.18 0.18 0.18 0.18 0.18 0.18 0.18
  per-rule acc: 0.26 0.11
Epoch 2120 | Train: Loss=0.0012 Acc=100.0% | Test: Acc=18.7% | Best=18.7%(@2120)
  from x3: 0.16 0.19 0.19 0.19 0.19 0.19 0.19 0.19 0.19 0.19 0.19 0.19 0.19 0.19 0.19 0.19 0.19 0.19 0.19 0.19 0.19 0.19 0.19 0.19 0.19 0.18 0.18 0.18 0.18
  per-rule acc: 0.25 0.12
Epoch 2140 | Train: Loss=0.0011 Acc=100.0% | Test: Acc=21.8% | Best=21.8%(@2140)
  from x3: 0.19 0.22 0.22 0.22 0.22 0.22 0.22 0.22 0.22 0.22 0.22 0.22 0.22 0.22 0.22 0.22 0.22 0.22 0.22 0.22 0.22 0.22 0.22 0.22 0.22 0.22 0.22 0.22 0.22
  per-rule acc: 0.30 0.13
Epoch 2160 | Train: Loss=0.0013 Acc=100.0% | Test: Acc=20.4% | Best=21.8%(@2140)
  from x3: 0.18 0.21 0.21 0.20 0.21 0.21 0.21 0.20 0.20 0.21 0.20 0.21 0.21 0.21 0.21 0.21 0.21 0.21 0.20 0.20 0.20 0.20 0.21 0.21 0.20 0.21 0.21 0.20 0.20
  per-rule acc: 0.27 0.14
Epoch 2180 | Train: Loss=0.0015 Acc=100.0% | Test: Acc=19.1% | Best=21.8%(@2140)
  from x3: 0.16 0.20 0.20 0.19 0.19 0.19 0.19 0.19 0.19 0.19 0.19 0.19 0.19 0.19 0.19 0.19 0.19 0.19 0.19 0.19 0.19 0.19 0.19 0.19 0.19 0.19 0.19 0.19 0.19
  per-rule acc: 0.25 0.14
Epoch 2200 | Train: Loss=0.0022 Acc=100.0% | Test: Acc=40.0% | Best=40.0%(@2200)
  from x3: 0.37 0.40 0.40 0.40 0.41 0.40 0.40 0.40 0.40 0.40 0.40 0.40 0.40 0.40 0.40 0.40 0.40 0.40 0.40 0.40 0.40 0.40 0.40 0.40 0.40 0.40 0.40 0.40 0.40
  per-rule acc: 0.55 0.25
Epoch 2220 | Train: Loss=0.0013 Acc=100.0% | Test: Acc=39.4% | Best=40.0%(@2200)
  from x3: 0.35 0.39 0.39 0.40 0.40 0.40 0.40 0.40 0.40 0.40 0.40 0.40 0.40 0.40 0.40 0.40 0.40 0.39 0.39 0.39 0.39 0.39 0.39 0.39 0.39 0.39 0.39 0.39 0.39
  per-rule acc: 0.53 0.26
Epoch 2240 | Train: Loss=0.0015 Acc=100.0% | Test: Acc=37.5% | Best=40.0%(@2200)
  from x3: 0.34 0.38 0.38 0.38 0.38 0.38 0.38 0.38 0.38 0.38 0.38 0.38 0.38 0.38 0.38 0.38 0.38 0.38 0.38 0.38 0.38 0.38 0.38 0.38 0.38 0.38 0.37 0.37 0.37
  per-rule acc: 0.49 0.26
Epoch 2260 | Train: Loss=0.0176 Acc=99.9% | Test: Acc=43.2% | Best=43.2%(@2260)
  from x3: 0.39 0.43 0.43 0.43 0.43 0.43 0.43 0.43 0.43 0.44 0.44 0.43 0.43 0.43 0.43 0.43 0.43 0.43 0.43 0.43 0.43 0.43 0.43 0.43 0.43 0.43 0.43 0.43 0.43
  per-rule acc: 0.58 0.28
Epoch 2280 | Train: Loss=0.0013 Acc=100.0% | Test: Acc=48.8% | Best=48.8%(@2280)
  from x3: 0.44 0.48 0.48 0.48 0.48 0.48 0.49 0.49 0.49 0.49 0.49 0.49 0.49 0.49 0.49 0.49 0.49 0.49 0.49 0.49 0.49 0.49 0.49 0.49 0.49 0.49 0.49 0.49 0.49
  per-rule acc: 0.64 0.34
Epoch 2300 | Train: Loss=0.0012 Acc=100.0% | Test: Acc=52.7% | Best=52.7%(@2300)
  from x3: 0.49 0.53 0.52 0.52 0.52 0.53 0.53 0.53 0.53 0.53 0.53 0.53 0.53 0.53 0.53 0.53 0.53 0.53 0.53 0.53 0.53 0.53 0.53 0.53 0.53 0.53 0.53 0.53 0.53
  per-rule acc: 0.70 0.36
Epoch 2320 | Train: Loss=0.0015 Acc=100.0% | Test: Acc=51.2% | Best=52.7%(@2300)
  from x3: 0.46 0.51 0.51 0.51 0.51 0.52 0.51 0.51 0.51 0.51 0.51 0.51 0.51 0.51 0.51 0.51 0.51 0.51 0.51 0.51 0.51 0.51 0.51 0.52 0.52 0.52 0.52 0.52 0.51
  per-rule acc: 0.66 0.36
Epoch 2340 | Train: Loss=0.0027 Acc=100.0% | Test: Acc=57.9% | Best=57.9%(@2340)
  from x3: 0.53 0.58 0.58 0.59 0.58 0.58 0.58 0.58 0.58 0.58 0.58 0.58 0.58 0.58 0.58 0.58 0.58 0.58 0.58 0.58 0.58 0.58 0.58 0.58 0.58 0.58 0.58 0.58 0.58
  per-rule acc: 0.74 0.42
Epoch 2360 | Train: Loss=0.0013 Acc=100.0% | Test: Acc=59.4% | Best=59.4%(@2360)
  from x3: 0.55 0.58 0.59 0.59 0.59 0.59 0.59 0.59 0.59 0.60 0.59 0.60 0.60 0.60 0.60 0.60 0.60 0.60 0.60 0.60 0.60 0.60 0.60 0.60 0.60 0.60 0.60 0.60 0.60
  per-rule acc: 0.75 0.44
Epoch 2380 | Train: Loss=0.0015 Acc=100.0% | Test: Acc=58.6% | Best=59.4%(@2360)
  from x3: 0.52 0.58 0.58 0.58 0.58 0.58 0.59 0.59 0.59 0.59 0.59 0.59 0.59 0.59 0.59 0.59 0.59 0.59 0.59 0.59 0.59 0.59 0.59 0.59 0.59 0.59 0.59 0.59 0.59
  per-rule acc: 0.73 0.44
Epoch 2400 | Train: Loss=0.0012 Acc=100.0% | Test: Acc=70.2% | Best=70.2%(@2400)
  from x3: 0.66 0.69 0.69 0.69 0.70 0.70 0.70 0.71 0.70 0.70 0.71 0.71 0.70 0.70 0.70 0.71 0.71 0.71 0.71 0.71 0.71 0.71 0.71 0.71 0.71 0.71 0.71 0.71 0.71
  per-rule acc: 0.85 0.55
Epoch 2420 | Train: Loss=0.0014 Acc=100.0% | Test: Acc=69.0% | Best=70.2%(@2400)
  from x3: 0.63 0.68 0.69 0.69 0.69 0.69 0.69 0.69 0.69 0.70 0.69 0.69 0.70 0.69 0.69 0.70 0.69 0.69 0.69 0.69 0.69 0.69 0.69 0.69 0.69 0.69 0.69 0.69 0.69
  per-rule acc: 0.82 0.56
Epoch 2440 | Train: Loss=0.8046 Acc=83.5% | Test: Acc=8.7% | Best=70.2%(@2400)
  from x3: 0.07 0.08 0.08 0.09 0.09 0.09 0.09 0.09 0.09 0.09 0.09 0.09 0.09 0.09 0.09 0.09 0.09 0.09 0.09 0.09 0.09 0.09 0.09 0.09 0.09 0.09 0.09 0.09 0.09
  per-rule acc: 0.13 0.04
Epoch 2460 | Train: Loss=0.0012 Acc=100.0% | Test: Acc=77.0% | Best=77.0%(@2460)
  from x3: 0.72 0.76 0.77 0.76 0.76 0.77 0.77 0.77 0.77 0.77 0.77 0.78 0.78 0.77 0.77 0.77 0.77 0.77 0.77 0.77 0.77 0.77 0.77 0.77 0.77 0.77 0.77 0.77 0.77
  per-rule acc: 0.89 0.65
Epoch 2480 | Train: Loss=0.0014 Acc=100.0% | Test: Acc=76.4% | Best=77.0%(@2460)
  from x3: 0.70 0.76 0.76 0.76 0.76 0.76 0.76 0.77 0.77 0.77 0.77 0.77 0.77 0.77 0.77 0.77 0.77 0.77 0.77 0.77 0.77 0.77 0.77 0.77 0.77 0.77 0.77 0.77 0.77
  per-rule acc: 0.88 0.65
Epoch 2500 | Train: Loss=0.0021 Acc=100.0% | Test: Acc=78.9% | Best=78.9%(@2500)
  from x3: 0.75 0.78 0.79 0.79 0.79 0.79 0.79 0.79 0.79 0.79 0.79 0.79 0.79 0.79 0.79 0.79 0.79 0.79 0.79 0.79 0.79 0.79 0.79 0.79 0.79 0.79 0.79 0.79 0.79
  per-rule acc: 0.91 0.67
Epoch 2520 | Train: Loss=0.0013 Acc=100.0% | Test: Acc=82.8% | Best=82.8%(@2520)
  from x3: 0.77 0.82 0.82 0.82 0.83 0.83 0.83 0.83 0.83 0.83 0.83 0.83 0.83 0.83 0.83 0.83 0.83 0.83 0.83 0.83 0.83 0.83 0.83 0.83 0.83 0.83 0.83 0.83 0.83
  per-rule acc: 0.93 0.73
Epoch 2540 | Train: Loss=0.0018 Acc=100.0% | Test: Acc=82.6% | Best=82.8%(@2520)
  from x3: 0.79 0.82 0.82 0.82 0.82 0.83 0.83 0.83 0.83 0.83 0.83 0.83 0.83 0.83 0.83 0.83 0.83 0.83 0.83 0.83 0.83 0.83 0.83 0.83 0.83 0.83 0.83 0.83 0.83
  per-rule acc: 0.93 0.73
Epoch 2560 | Train: Loss=0.0014 Acc=100.0% | Test: Acc=85.6% | Best=85.6%(@2560)
  from x3: 0.81 0.86 0.85 0.85 0.85 0.85 0.85 0.85 0.86 0.86 0.86 0.86 0.86 0.86 0.86 0.86 0.86 0.86 0.86 0.86 0.86 0.86 0.86 0.86 0.86 0.86 0.86 0.86 0.86
  per-rule acc: 0.95 0.77
Epoch 2580 | Train: Loss=0.0011 Acc=100.0% | Test: Acc=86.4% | Best=86.4%(@2580)
  from x3: 0.82 0.86 0.86 0.86 0.86 0.86 0.86 0.86 0.86 0.87 0.87 0.87 0.87 0.87 0.87 0.87 0.87 0.87 0.87 0.87 0.87 0.87 0.87 0.87 0.87 0.87 0.87 0.87 0.87
  per-rule acc: 0.95 0.78
Epoch 2600 | Train: Loss=0.0014 Acc=100.0% | Test: Acc=87.3% | Best=87.3%(@2600)
  from x3: 0.83 0.87 0.87 0.87 0.87 0.87 0.87 0.87 0.87 0.88 0.88 0.88 0.88 0.88 0.87 0.88 0.88 0.88 0.88 0.88 0.88 0.88 0.88 0.88 0.88 0.88 0.88 0.88 0.88
  per-rule acc: 0.95 0.79
Epoch 2620 | Train: Loss=0.0016 Acc=100.0% | Test: Acc=86.4% | Best=87.3%(@2600)
  from x3: 0.82 0.86 0.86 0.86 0.86 0.87 0.86 0.87 0.87 0.87 0.87 0.87 0.87 0.87 0.87 0.87 0.87 0.87 0.87 0.87 0.87 0.87 0.87 0.87 0.87 0.87 0.87 0.87 0.87
  per-rule acc: 0.95 0.78
Epoch 2640 | Train: Loss=0.0011 Acc=100.0% | Test: Acc=89.7% | Best=89.7%(@2640)
  from x3: 0.87 0.89 0.89 0.89 0.89 0.89 0.90 0.90 0.90 0.90 0.90 0.90 0.90 0.90 0.90 0.90 0.90 0.90 0.90 0.90 0.90 0.90 0.90 0.90 0.90 0.90 0.90 0.90 0.90
  per-rule acc: 0.97 0.83
Epoch 2660 | Train: Loss=0.0014 Acc=100.0% | Test: Acc=89.9% | Best=89.9%(@2660)
  from x3: 0.87 0.90 0.90 0.90 0.90 0.90 0.90 0.90 0.90 0.90 0.90 0.90 0.90 0.90 0.90 0.90 0.90 0.90 0.90 0.90 0.90 0.90 0.90 0.90 0.90 0.90 0.90 0.90 0.90
  per-rule acc: 0.97 0.83
Epoch 2680 | Train: Loss=0.0016 Acc=100.0% | Test: Acc=89.9% | Best=89.9%(@2680)
  from x3: 0.86 0.89 0.90 0.90 0.90 0.90 0.90 0.90 0.90 0.90 0.90 0.90 0.90 0.90 0.90 0.90 0.90 0.90 0.90 0.90 0.90 0.90 0.90 0.90 0.90 0.90 0.90 0.90 0.90
  per-rule acc: 0.96 0.83
Epoch 2700 | Train: Loss=0.0011 Acc=100.0% | Test: Acc=92.4% | Best=92.4%(@2700)
  from x3: 0.90 0.92 0.91 0.92 0.92 0.92 0.92 0.93 0.93 0.93 0.93 0.93 0.93 0.93 0.93 0.93 0.93 0.93 0.93 0.93 0.93 0.93 0.93 0.93 0.93 0.93 0.93 0.93 0.93
  per-rule acc: 0.98 0.87
Epoch 2720 | Train: Loss=0.0014 Acc=100.0% | Test: Acc=93.6% | Best=93.6%(@2720)
  from x3: 0.90 0.93 0.93 0.93 0.94 0.93 0.93 0.94 0.94 0.94 0.94 0.94 0.94 0.94 0.94 0.94 0.94 0.94 0.94 0.94 0.94 0.94 0.94 0.94 0.94 0.94 0.94 0.94 0.94
  per-rule acc: 0.98 0.89
Epoch 2740 | Train: Loss=0.0015 Acc=100.0% | Test: Acc=93.4% | Best=93.6%(@2720)
  from x3: 0.90 0.93 0.93 0.93 0.93 0.93 0.93 0.94 0.93 0.93 0.94 0.94 0.93 0.94 0.93 0.94 0.94 0.94 0.94 0.94 0.94 0.94 0.94 0.94 0.94 0.94 0.94 0.94 0.94
  per-rule acc: 0.98 0.89
Epoch 2760 | Train: Loss=3.5871 Acc=11.7% | Test: Acc=1.8% | Best=93.6%(@2720)
  from x3: 0.02 0.02 0.02 0.02 0.02 0.02 0.02 0.02 0.02 0.02 0.02 0.02 0.02 0.02 0.02 0.02 0.02 0.02 0.02 0.02 0.02 0.02 0.02 0.02 0.02 0.02 0.02 0.02 0.02
  per-rule acc: 0.02 0.01
Epoch 2780 | Train: Loss=0.0825 Acc=99.6% | Test: Acc=39.5% | Best=93.6%(@2720)
  from x3: 0.36 0.40 0.39 0.39 0.39 0.39 0.40 0.40 0.39 0.39 0.40 0.40 0.40 0.40 0.39 0.39 0.40 0.40 0.40 0.40 0.40 0.40 0.40 0.40 0.40 0.40 0.40 0.40 0.40
  per-rule acc: 0.54 0.25
Epoch 2800 | Train: Loss=0.0020 Acc=100.0% | Test: Acc=70.4% | Best=93.6%(@2720)
  from x3: 0.67 0.70 0.70 0.70 0.70 0.70 0.71 0.71 0.70 0.71 0.71 0.71 0.71 0.71 0.71 0.71 0.71 0.71 0.71 0.71 0.71 0.71 0.71 0.71 0.71 0.71 0.71 0.71 0.71
  per-rule acc: 0.85 0.56
Epoch 2820 | Train: Loss=0.0022 Acc=100.0% | Test: Acc=77.0% | Best=93.6%(@2720)
  from x3: 0.74 0.77 0.76 0.77 0.77 0.77 0.77 0.77 0.77 0.77 0.77 0.77 0.77 0.77 0.77 0.77 0.77 0.77 0.77 0.77 0.77 0.77 0.77 0.77 0.77 0.77 0.77 0.77 0.77
  per-rule acc: 0.89 0.65
Epoch 2840 | Train: Loss=0.0043 Acc=100.0% | Test: Acc=81.1% | Best=93.6%(@2720)
  from x3: 0.78 0.80 0.80 0.80 0.81 0.81 0.81 0.81 0.81 0.81 0.81 0.81 0.81 0.81 0.81 0.81 0.81 0.81 0.81 0.81 0.81 0.81 0.82 0.81 0.81 0.81 0.81 0.82 0.82
  per-rule acc: 0.91 0.72
Epoch 2860 | Train: Loss=0.0018 Acc=100.0% | Test: Acc=87.4% | Best=93.6%(@2720)
  from x3: 0.85 0.87 0.87 0.87 0.88 0.88 0.88 0.88 0.88 0.88 0.88 0.88 0.88 0.88 0.88 0.88 0.88 0.88 0.88 0.88 0.88 0.87 0.88 0.88 0.88 0.87 0.87 0.87 0.87
  per-rule acc: 0.96 0.79
Epoch 2880 | Train: Loss=0.0032 Acc=100.0% | Test: Acc=88.3% | Best=93.6%(@2720)
  from x3: 0.86 0.88 0.88 0.88 0.88 0.88 0.88 0.88 0.88 0.88 0.88 0.89 0.88 0.89 0.88 0.88 0.89 0.88 0.88 0.88 0.88 0.89 0.88 0.88 0.88 0.88 0.88 0.89 0.89
  per-rule acc: 0.96 0.81
Epoch 2900 | Train: Loss=0.0015 Acc=100.0% | Test: Acc=92.5% | Best=93.6%(@2720)
  from x3: 0.90 0.92 0.92 0.92 0.93 0.93 0.93 0.93 0.93 0.93 0.93 0.93 0.93 0.93 0.93 0.93 0.93 0.93 0.93 0.93 0.93 0.93 0.93 0.93 0.93 0.93 0.93 0.93 0.93
  per-rule acc: 0.98 0.88
Epoch 2920 | Train: Loss=0.0017 Acc=100.0% | Test: Acc=93.4% | Best=93.6%(@2720)
  from x3: 0.91 0.93 0.93 0.93 0.93 0.94 0.93 0.93 0.94 0.94 0.93 0.94 0.94 0.94 0.94 0.94 0.94 0.94 0.94 0.94 0.94 0.94 0.94 0.94 0.94 0.94 0.94 0.94 0.94
  per-rule acc: 0.98 0.89
Epoch 2940 | Train: Loss=0.0012 Acc=100.0% | Test: Acc=94.5% | Best=94.5%(@2940)
  from x3: 0.93 0.94 0.94 0.94 0.95 0.94 0.95 0.94 0.95 0.95 0.95 0.95 0.95 0.95 0.95 0.95 0.95 0.95 0.95 0.95 0.95 0.95 0.95 0.95 0.95 0.95 0.95 0.95 0.95
  per-rule acc: 0.99 0.90
Epoch 2960 | Train: Loss=0.0014 Acc=100.0% | Test: Acc=95.1% | Best=95.1%(@2960)
  from x3: 0.93 0.94 0.95 0.95 0.95 0.95 0.95 0.95 0.95 0.95 0.95 0.95 0.95 0.95 0.95 0.95 0.95 0.95 0.95 0.95 0.95 0.95 0.95 0.95 0.95 0.95 0.95 0.95 0.95
  per-rule acc: 0.99 0.91
Epoch 2980 | Train: Loss=0.0072 Acc=100.0% | Test: Acc=91.2% | Best=95.1%(@2960)
  from x3: 0.89 0.91 0.91 0.91 0.91 0.91 0.91 0.91 0.91 0.91 0.91 0.91 0.91 0.91 0.91 0.91 0.91 0.91 0.91 0.92 0.91 0.92 0.91 0.91 0.91 0.91 0.92 0.92 0.92
  per-rule acc: 0.97 0.85
Epoch 3000 | Train: Loss=0.0012 Acc=100.0% | Test: Acc=95.9% | Best=95.9%(@3000)
  from x3: 0.94 0.96 0.96 0.96 0.96 0.96 0.96 0.96 0.96 0.96 0.96 0.96 0.96 0.96 0.96 0.96 0.96 0.96 0.96 0.96 0.96 0.96 0.96 0.96 0.96 0.96 0.96 0.96 0.96
  per-rule acc: 0.99 0.93
Epoch 3020 | Train: Loss=0.0014 Acc=100.0% | Test: Acc=96.6% | Best=96.6%(@3020)
  from x3: 0.94 0.96 0.96 0.97 0.97 0.97 0.97 0.97 0.97 0.97 0.97 0.97 0.97 0.97 0.97 0.97 0.97 0.97 0.97 0.97 0.97 0.97 0.97 0.97 0.97 0.97 0.97 0.97 0.97
  per-rule acc: 0.99 0.94
Epoch 3040 | Train: Loss=0.0011 Acc=100.0% | Test: Acc=95.6% | Best=96.6%(@3020)
  from x3: 0.94 0.96 0.95 0.96 0.96 0.96 0.96 0.96 0.96 0.96 0.96 0.96 0.96 0.96 0.96 0.96 0.96 0.96 0.96 0.96 0.96 0.96 0.96 0.96 0.96 0.96 0.96 0.96 0.96
  per-rule acc: 0.99 0.92
Epoch 3060 | Train: Loss=0.0013 Acc=100.0% | Test: Acc=96.8% | Best=96.8%(@3060)
  from x3: 0.95 0.96 0.97 0.97 0.97 0.97 0.97 0.97 0.97 0.97 0.97 0.97 0.97 0.97 0.97 0.97 0.97 0.97 0.97 0.97 0.97 0.97 0.97 0.97 0.97 0.97 0.97 0.97 0.97
  per-rule acc: 0.99 0.94
Epoch 3080 | Train: Loss=0.0015 Acc=100.0% | Test: Acc=96.9% | Best=96.9%(@3080)
  from x3: 0.95 0.96 0.97 0.97 0.97 0.97 0.97 0.97 0.97 0.97 0.97 0.97 0.97 0.97 0.97 0.97 0.97 0.97 0.97 0.97 0.97 0.97 0.97 0.97 0.97 0.97 0.97 0.97 0.97
  per-rule acc: 0.99 0.94
Epoch 3100 | Train: Loss=0.0011 Acc=100.0% | Test: Acc=96.0% | Best=96.9%(@3080)
  from x3: 0.94 0.96 0.96 0.96 0.96 0.96 0.96 0.96 0.96 0.96 0.96 0.96 0.96 0.96 0.96 0.96 0.96 0.96 0.96 0.96 0.96 0.96 0.96 0.96 0.96 0.96 0.96 0.96 0.96
  per-rule acc: 0.99 0.93
Epoch 3120 | Train: Loss=0.0013 Acc=100.0% | Test: Acc=97.2% | Best=97.2%(@3120)
  from x3: 0.96 0.97 0.97 0.97 0.97 0.97 0.97 0.97 0.97 0.97 0.97 0.97 0.97 0.97 0.97 0.97 0.97 0.97 0.97 0.97 0.97 0.97 0.97 0.97 0.97 0.97 0.97 0.97 0.97
  per-rule acc: 0.99 0.95
Epoch 3140 | Train: Loss=0.0017 Acc=100.0% | Test: Acc=97.4% | Best=97.4%(@3140)
  from x3: 0.95 0.97 0.97 0.97 0.97 0.97 0.98 0.98 0.98 0.98 0.97 0.98 0.97 0.98 0.98 0.98 0.98 0.98 0.98 0.98 0.98 0.98 0.98 0.98 0.98 0.98 0.98 0.98 0.98
  per-rule acc: 1.00 0.95
Epoch 3160 | Train: Loss=0.0011 Acc=100.0% | Test: Acc=96.9% | Best=97.4%(@3140)
  from x3: 0.96 0.97 0.97 0.97 0.97 0.97 0.97 0.97 0.97 0.97 0.97 0.97 0.97 0.97 0.97 0.97 0.97 0.97 0.97 0.97 0.97 0.97 0.97 0.97 0.97 0.97 0.97 0.97 0.97
  per-rule acc: 0.99 0.95
Epoch 3180 | Train: Loss=0.0013 Acc=100.0% | Test: Acc=97.6% | Best=97.6%(@3180)
  from x3: 0.96 0.97 0.97 0.97 0.97 0.98 0.98 0.98 0.98 0.98 0.98 0.98 0.98 0.98 0.98 0.98 0.98 0.98 0.98 0.98 0.98 0.98 0.98 0.98 0.98 0.98 0.98 0.98 0.98
  per-rule acc: 0.99 0.96
Epoch 3200 | Train: Loss=1.6419 Acc=65.4% | Test: Acc=51.7% | Best=97.6%(@3180)
  from x3: 0.49 0.52 0.51 0.52 0.52 0.51 0.52 0.52 0.52 0.52 0.52 0.52 0.52 0.52 0.52 0.52 0.52 0.52 0.52 0.52 0.52 0.52 0.52 0.52 0.52 0.52 0.52 0.52 0.52
  per-rule acc: 0.67 0.36
Epoch 3220 | Train: Loss=0.0012 Acc=100.0% | Test: Acc=97.6% | Best=97.6%(@3180)
  from x3: 0.96 0.97 0.97 0.97 0.97 0.97 0.98 0.98 0.98 0.98 0.98 0.98 0.98 0.98 0.98 0.98 0.98 0.98 0.98 0.98 0.98 0.98 0.98 0.98 0.98 0.98 0.98 0.98 0.98
  per-rule acc: 0.99 0.96
Epoch 3240 | Train: Loss=0.0013 Acc=100.0% | Test: Acc=98.0% | Best=98.0%(@3240)
  from x3: 0.97 0.97 0.98 0.98 0.98 0.98 0.98 0.98 0.98 0.98 0.98 0.98 0.98 0.98 0.98 0.98 0.98 0.98 0.98 0.98 0.98 0.98 0.98 0.98 0.98 0.98 0.98 0.98 0.98
  per-rule acc: 1.00 0.96
Epoch 3260 | Train: Loss=0.0031 Acc=100.0% | Test: Acc=95.7% | Best=98.0%(@3240)
  from x3: 0.94 0.96 0.96 0.96 0.96 0.96 0.96 0.96 0.96 0.96 0.96 0.96 0.96 0.96 0.96 0.96 0.96 0.96 0.96 0.96 0.96 0.96 0.96 0.96 0.96 0.96 0.96 0.96 0.96
  per-rule acc: 0.99 0.92
Epoch 3280 | Train: Loss=0.0012 Acc=100.0% | Test: Acc=97.6% | Best=98.0%(@3240)
  from x3: 0.96 0.97 0.98 0.98 0.98 0.98 0.98 0.98 0.98 0.98 0.98 0.98 0.98 0.98 0.98 0.98 0.98 0.98 0.98 0.98 0.98 0.98 0.98 0.98 0.98 0.98 0.98 0.98 0.98
  per-rule acc: 1.00 0.96
Epoch 3300 | Train: Loss=0.0013 Acc=100.0% | Test: Acc=98.0% | Best=98.0%(@3300)
  from x3: 0.97 0.98 0.98 0.98 0.98 0.98 0.98 0.98 0.98 0.98 0.98 0.98 0.98 0.98 0.98 0.98 0.98 0.98 0.98 0.98 0.98 0.98 0.98 0.98 0.98 0.98 0.98 0.98 0.98
  per-rule acc: 1.00 0.96
Epoch 3320 | Train: Loss=0.0010 Acc=100.0% | Test: Acc=97.0% | Best=98.0%(@3300)
  from x3: 0.95 0.97 0.97 0.97 0.97 0.97 0.97 0.97 0.97 0.97 0.97 0.97 0.97 0.97 0.97 0.97 0.97 0.97 0.97 0.97 0.97 0.97 0.97 0.97 0.97 0.97 0.97 0.97 0.97
  per-rule acc: 0.99 0.95
Epoch 3340 | Train: Loss=0.0012 Acc=100.0% | Test: Acc=97.7% | Best=98.0%(@3300)
  from x3: 0.96 0.97 0.98 0.98 0.98 0.98 0.98 0.98 0.98 0.98 0.98 0.98 0.98 0.98 0.98 0.98 0.98 0.98 0.98 0.98 0.98 0.98 0.98 0.98 0.98 0.98 0.98 0.98 0.98
  per-rule acc: 1.00 0.96
Epoch 3360 | Train: Loss=0.0014 Acc=100.0% | Test: Acc=98.3% | Best=98.3%(@3360)
  from x3: 0.97 0.98 0.98 0.98 0.98 0.98 0.98 0.98 0.98 0.98 0.98 0.98 0.98 0.98 0.98 0.98 0.98 0.98 0.98 0.98 0.98 0.98 0.98 0.98 0.98 0.98 0.98 0.98 0.99
  per-rule acc: 1.00 0.97
Epoch 3380 | Train: Loss=0.0011 Acc=100.0% | Test: Acc=97.2% | Best=98.3%(@3360)
  from x3: 0.96 0.97 0.97 0.97 0.97 0.97 0.97 0.97 0.97 0.97 0.97 0.97 0.97 0.97 0.97 0.97 0.97 0.97 0.97 0.97 0.97 0.97 0.97 0.97 0.97 0.97 0.97 0.97 0.97
  per-rule acc: 0.99 0.95
Epoch 3400 | Train: Loss=0.0013 Acc=100.0% | Test: Acc=98.2% | Best=98.3%(@3360)
  from x3: 0.97 0.98 0.98 0.98 0.98 0.98 0.98 0.98 0.98 0.98 0.98 0.98 0.98 0.98 0.98 0.98 0.98 0.98 0.98 0.98 0.98 0.98 0.98 0.98 0.98 0.98 0.98 0.98 0.98
  per-rule acc: 1.00 0.97
Epoch 3420 | Train: Loss=0.0014 Acc=100.0% | Test: Acc=98.4% | Best=98.4%(@3420)
  from x3: 0.97 0.98 0.98 0.98 0.99 0.99 0.99 0.99 0.99 0.99 0.98 0.98 0.98 0.98 0.98 0.98 0.98 0.98 0.98 0.98 0.98 0.99 0.98 0.98 0.98 0.98 0.99 0.99 0.99
  per-rule acc: 1.00 0.97
Epoch 3440 | Train: Loss=0.0011 Acc=100.0% | Test: Acc=97.5% | Best=98.4%(@3420)
  from x3: 0.96 0.97 0.98 0.98 0.98 0.98 0.98 0.98 0.98 0.98 0.98 0.97 0.98 0.97 0.97 0.98 0.98 0.97 0.97 0.97 0.98 0.97 0.97 0.97 0.97 0.97 0.98 0.97 0.97
  per-rule acc: 0.99 0.96
Epoch 3460 | Train: Loss=0.0013 Acc=100.0% | Test: Acc=98.1% | Best=98.4%(@3420)
  from x3: 0.97 0.98 0.98 0.98 0.98 0.98 0.98 0.98 0.98 0.98 0.98 0.98 0.98 0.98 0.98 0.98 0.98 0.98 0.98 0.98 0.98 0.98 0.98 0.98 0.98 0.98 0.98 0.98 0.98
  per-rule acc: 1.00 0.97
Epoch 3480 | Train: Loss=0.0014 Acc=100.0% | Test: Acc=98.5% | Best=98.5%(@3480)
  from x3: 0.97 0.98 0.98 0.98 0.99 0.99 0.99 0.99 0.99 0.99 0.99 0.99 0.99 0.99 0.99 0.99 0.99 0.99 0.99 0.99 0.99 0.99 0.99 0.99 0.99 0.99 0.99 0.99 0.99
  per-rule acc: 1.00 0.97
Epoch 3500 | Train: Loss=0.0011 Acc=100.0% | Test: Acc=97.5% | Best=98.5%(@3480)
  from x3: 0.96 0.97 0.97 0.97 0.97 0.97 0.97 0.98 0.98 0.98 0.97 0.97 0.97 0.97 0.97 0.98 0.98 0.98 0.98 0.98 0.98 0.98 0.98 0.98 0.98 0.98 0.98 0.98 0.98
  per-rule acc: 0.99 0.95
Epoch 3520 | Train: Loss=0.0012 Acc=100.0% | Test: Acc=98.1% | Best=98.5%(@3480)
  from x3: 0.97 0.98 0.98 0.98 0.98 0.98 0.98 0.98 0.98 0.98 0.98 0.98 0.98 0.98 0.98 0.98 0.98 0.98 0.98 0.98 0.98 0.98 0.98 0.98 0.98 0.98 0.98 0.98 0.98
  per-rule acc: 1.00 0.97
Epoch 3540 | Train: Loss=0.0014 Acc=100.0% | Test: Acc=98.5% | Best=98.5%(@3480)
  from x3: 0.97 0.98 0.98 0.98 0.99 0.99 0.99 0.99 0.99 0.99 0.99 0.99 0.99 0.99 0.99 0.99 0.99 0.99 0.99 0.99 0.99 0.99 0.99 0.99 0.99 0.99 0.99 0.99 0.99
  per-rule acc: 1.00 0.97
Epoch 3560 | Train: Loss=0.0013 Acc=100.0% | Test: Acc=97.4% | Best=98.5%(@3480)
  from x3: 0.95 0.97 0.97 0.97 0.97 0.97 0.98 0.98 0.97 0.98 0.98 0.98 0.98 0.98 0.98 0.98 0.98 0.98 0.98 0.98 0.98 0.98 0.98 0.98 0.98 0.98 0.98 0.98 0.98
  per-rule acc: 0.99 0.96
Epoch 3580 | Train: Loss=0.0012 Acc=100.0% | Test: Acc=98.3% | Best=98.5%(@3480)
  from x3: 0.97 0.98 0.98 0.98 0.98 0.98 0.98 0.98 0.98 0.98 0.98 0.98 0.98 0.98 0.98 0.98 0.98 0.98 0.98 0.98 0.98 0.98 0.98 0.98 0.98 0.98 0.98 0.98 0.98
  per-rule acc: 1.00 0.97
Epoch 3600 | Train: Loss=0.0013 Acc=100.0% | Test: Acc=98.7% | Best=98.7%(@3600)
  from x3: 0.97 0.98 0.99 0.99 0.99 0.99 0.99 0.99 0.99 0.99 0.99 0.99 0.99 0.99 0.99 0.99 0.99 0.99 0.99 0.99 0.99 0.99 0.99 0.99 0.99 0.99 0.99 0.99 0.99
  per-rule acc: 1.00 0.98
Epoch 3620 | Train: Loss=0.0010 Acc=100.0% | Test: Acc=97.9% | Best=98.7%(@3600)
  from x3: 0.96 0.98 0.98 0.98 0.98 0.98 0.98 0.98 0.98 0.98 0.98 0.98 0.98 0.98 0.98 0.98 0.98 0.98 0.98 0.98 0.98 0.98 0.98 0.98 0.98 0.98 0.98 0.98 0.98
  per-rule acc: 1.00 0.96
Epoch 3640 | Train: Loss=0.0013 Acc=100.0% | Test: Acc=98.6% | Best=98.7%(@3600)
  from x3: 0.97 0.98 0.99 0.99 0.99 0.99 0.99 0.99 0.99 0.99 0.99 0.99 0.99 0.99 0.99 0.99 0.99 0.99 0.99 0.99 0.99 0.99 0.99 0.99 0.99 0.99 0.99 0.99 0.99
  per-rule acc: 1.00 0.97
Epoch 3660 | Train: Loss=0.0013 Acc=100.0% | Test: Acc=98.6% | Best=98.7%(@3600)
  from x3: 0.97 0.98 0.99 0.99 0.99 0.99 0.99 0.99 0.99 0.99 0.99 0.99 0.99 0.99 0.99 0.99 0.99 0.99 0.99 0.99 0.99 0.99 0.99 0.99 0.99 0.99 0.99 0.99 0.99
  per-rule acc: 1.00 0.97
Epoch 3680 | Train: Loss=0.0011 Acc=100.0% | Test: Acc=97.7% | Best=98.7%(@3600)
  from x3: 0.96 0.98 0.98 0.98 0.98 0.98 0.98 0.98 0.98 0.98 0.98 0.98 0.98 0.98 0.98 0.98 0.98 0.98 0.98 0.98 0.98 0.98 0.98 0.98 0.98 0.98 0.98 0.98 0.98
  per-rule acc: 1.00 0.96
Epoch 3700 | Train: Loss=0.0013 Acc=100.0% | Test: Acc=98.6% | Best=98.7%(@3600)
  from x3: 0.97 0.98 0.99 0.99 0.99 0.99 0.99 0.99 0.99 0.99 0.99 0.99 0.99 0.99 0.99 0.99 0.99 0.99 0.99 0.99 0.99 0.99 0.99 0.99 0.99 0.99 0.99 0.99 0.99
  per-rule acc: 1.00 0.97
Epoch 3720 | Train: Loss=0.0014 Acc=100.0% | Test: Acc=98.7% | Best=98.7%(@3720)
  from x3: 0.97 0.99 0.99 0.99 0.99 0.99 0.99 0.99 0.99 0.99 0.99 0.99 0.99 0.99 0.99 0.99 0.99 0.99 0.99 0.99 0.99 0.99 0.99 0.99 0.99 0.99 0.99 0.99 0.99
  per-rule acc: 1.00 0.98
Epoch 3740 | Train: Loss=0.0011 Acc=100.0% | Test: Acc=98.0% | Best=98.7%(@3720)
  from x3: 0.96 0.98 0.98 0.98 0.98 0.98 0.98 0.98 0.98 0.98 0.98 0.98 0.98 0.98 0.98 0.98 0.98 0.98 0.98 0.98 0.98 0.98 0.98 0.98 0.98 0.98 0.98 0.98 0.98
  per-rule acc: 1.00 0.96
Epoch 3760 | Train: Loss=0.0013 Acc=100.0% | Test: Acc=98.8% | Best=98.8%(@3760)
  from x3: 0.97 0.99 0.99 0.99 0.99 0.99 0.99 0.99 0.99 0.99 0.99 0.99 0.99 0.99 0.99 0.99 0.99 0.99 0.99 0.99 0.99 0.99 0.99 0.99 0.99 0.99 0.99 0.99 0.99
  per-rule acc: 1.00 0.98
Epoch 3780 | Train: Loss=0.0014 Acc=100.0% | Test: Acc=98.9% | Best=98.9%(@3780)
  from x3: 0.97 0.99 0.99 0.99 0.99 0.99 0.99 0.99 0.99 0.99 0.99 0.99 0.99 0.99 0.99 0.99 0.99 0.99 0.99 0.99 0.99 0.99 0.99 0.99 0.99 0.99 0.99 0.99 0.99
  per-rule acc: 1.00 0.98
Epoch 3800 | Train: Loss=0.0011 Acc=100.0% | Test: Acc=98.3% | Best=98.9%(@3780)
  from x3: 0.96 0.99 0.98 0.98 0.98 0.99 0.98 0.98 0.98 0.98 0.98 0.98 0.98 0.98 0.98 0.98 0.98 0.98 0.98 0.98 0.98 0.98 0.98 0.98 0.98 0.98 0.98 0.98 0.98
  per-rule acc: 1.00 0.97
Epoch 3820 | Train: Loss=0.0013 Acc=100.0% | Test: Acc=98.8% | Best=98.9%(@3780)
  from x3: 0.97 0.99 0.99 0.99 0.99 0.99 0.99 0.99 0.99 0.99 0.99 0.99 0.99 0.99 0.99 0.99 0.99 0.99 0.99 0.99 0.99 0.99 0.99 0.99 0.99 0.99 0.99 0.99 0.99
  per-rule acc: 1.00 0.98
Epoch 3840 | Train: Loss=0.0014 Acc=100.0% | Test: Acc=99.0% | Best=99.0%(@3840)
  from x3: 0.97 0.99 0.99 0.99 0.99 0.99 0.99 0.99 0.99 0.99 0.99 0.99 0.99 0.99 0.99 0.99 0.99 0.99 0.99 0.99 0.99 0.99 0.99 0.99 0.99 0.99 0.99 0.99 0.99
  per-rule acc: 1.00 0.98
Epoch 3860 | Train: Loss=0.0011 Acc=100.0% | Test: Acc=97.9% | Best=99.0%(@3840)
  from x3: 0.96 0.98 0.98 0.98 0.98 0.98 0.98 0.98 0.98 0.98 0.98 0.98 0.98 0.98 0.98 0.98 0.98 0.98 0.98 0.98 0.98 0.98 0.98 0.98 0.98 0.98 0.98 0.98 0.98
  per-rule acc: 1.00 0.96
Epoch 3880 | Train: Loss=0.0012 Acc=100.0% | Test: Acc=98.7% | Best=99.0%(@3840)
  from x3: 0.97 0.99 0.99 0.99 0.99 0.99 0.99 0.99 0.99 0.99 0.99 0.99 0.99 0.99 0.99 0.99 0.99 0.99 0.99 0.99 0.99 0.99 0.99 0.99 0.99 0.99 0.99 0.99 0.99
  per-rule acc: 1.00 0.98
Epoch 3900 | Train: Loss=0.0013 Acc=100.0% | Test: Acc=99.0% | Best=99.0%(@3900)
  from x3: 0.97 0.99 0.99 0.99 0.99 0.99 0.99 0.99 0.99 0.99 0.99 0.99 0.99 0.99 0.99 0.99 0.99 0.99 0.99 0.99 0.99 0.99 0.99 0.99 0.99 0.99 0.99 0.99 0.99
  per-rule acc: 1.00 0.98
Epoch 3920 | Train: Loss=0.0010 Acc=100.0% | Test: Acc=98.2% | Best=99.0%(@3900)
  from x3: 0.97 0.98 0.98 0.98 0.98 0.98 0.98 0.98 0.98 0.98 0.98 0.98 0.98 0.98 0.98 0.98 0.98 0.98 0.98 0.98 0.98 0.98 0.98 0.98 0.98 0.98 0.98 0.98 0.98
  per-rule acc: 1.00 0.97
Epoch 3940 | Train: Loss=0.0012 Acc=100.0% | Test: Acc=98.7% | Best=99.0%(@3900)
  from x3: 0.97 0.99 0.99 0.99 0.99 0.99 0.99 0.99 0.99 0.99 0.99 0.99 0.99 0.99 0.99 0.99 0.99 0.99 0.99 0.99 0.99 0.99 0.99 0.99 0.99 0.99 0.99 0.99 0.99
  per-rule acc: 1.00 0.98
Epoch 3960 | Train: Loss=0.0011 Acc=100.0% | Test: Acc=98.1% | Best=99.0%(@3900)
  from x3: 0.96 0.98 0.98 0.98 0.98 0.98 0.98 0.98 0.98 0.98 0.98 0.98 0.98 0.98 0.98 0.98 0.98 0.98 0.98 0.98 0.98 0.98 0.98 0.98 0.98 0.98 0.98 0.98 0.98
  per-rule acc: 1.00 0.96
Epoch 3980 | Train: Loss=0.0012 Acc=100.0% | Test: Acc=98.6% | Best=99.0%(@3900)
  from x3: 0.97 0.99 0.99 0.99 0.99 0.99 0.99 0.99 0.99 0.99 0.99 0.99 0.99 0.99 0.99 0.99 0.99 0.99 0.99 0.99 0.99 0.99 0.99 0.99 0.99 0.99 0.99 0.99 0.99
  per-rule acc: 1.00 0.97
Epoch 4000 | Train: Loss=0.0014 Acc=100.0% | Test: Acc=99.0% | Best=99.0%(@4000)
  from x3: 0.97 0.99 0.99 0.99 0.99 0.99 0.99 0.99 0.99 0.99 0.99 0.99 0.99 0.99 0.99 0.99 0.99 0.99 0.99 0.99 0.99 0.99 0.99 0.99 0.99 0.99 0.99 0.99 0.99
  per-rule acc: 1.00 0.98
[Early stop] Epoch 4000: test set reached high accuracy

==================================================
Saving model...
[OK] Model saved to: /home/cxm/ai/test0617-basic/models/mixed_basic_d1024l4_r32_t32_c0.5.pth
  File size: 1117144.7 KB
  Best test accuracy: 99.03%

==================================================
Final generation test (given first two items, AB generates 3rd as prompt, validate from 4th)
==================================================

--- AB pair 1: (1, 1) ---

--- Statistics for AB=(1,1) ---
Exposed    samples:  1405 | In-dist: 40455/40745 ( 99.3%) | OOD: 44650/44960 ( 99.3%)
Unexposed  samples:  1404 | In-dist: 39838/40716 ( 97.8%) | OOD: 42901/44928 ( 95.5%)

--- AB pair 2: (1, 2) ---

--- Statistics for AB=(1,2) ---
Exposed    samples:  1405 | In-dist: 40577/40745 ( 99.6%) | OOD: 44774/44960 ( 99.6%)
Unexposed  samples:  1404 | In-dist: 33732/40716 ( 82.8%) | OOD: 27342/44928 ( 60.9%)

--- Return code: 0 ---

======================================================================
Attention Analysis
======================================================================
Model config: addition (default), p=53
Best test accuracy: 0.9902740937223696
Training epochs: 4000

Random test sequence 1/5 (length 64): [11, 6, 17, 23, 40, 10, 50, 7, 4, 11, 15, 26, 41, 14, 2, 16, 18, 34, 52, 33]...

======================================================================
Attention Layer Training Result Summary
======================================================================
Input sequence: [11, 6, 17, 23, 40, 10, 50, 7, 4, 11, 15, 26, 41, 14, 2, 16, 18, 34, 52, 33, 32, 12, 44, 3, 47, 50, 44, 41, 32, 20, 52, 19, 18, 37, 2, 39, 41, 27, 15, 42, 4, 46, 50, 43, 40, 30, 17, 47, 11, 5, 16, 21, 37, 5, 42, 47, 36, 30, 13, 43, 3, 46, 49, 42]

--- Layer 0 ---
  Head 0: Entropy=0.789
    Attention coefficients from each query position to previous positions:
      i= 0 -> j=0:1.000
      i= 1 -> j=0:0.732, j=1:0.268
      i= 2 -> j=0:0.067, j=1:0.748, j=2:0.185
      i= 3 -> j=0:0.002, j=1:0.102, j=2:0.682, j=3:0.214
      i= 4 -> j=0:0.000, j=1:0.001, j=2:0.106, j=3:0.688, j=4:0.205
      i= 5 -> j=0:0.000, j=1:0.000, j=2:0.001, j=3:0.071, j=4:0.705, j=5:0.222
      i= 6 -> j=0:0.000, j=1:0.000, j=2:0.000, j=3:0.001, j=4:0.110, j=5:0.643, j=6:0.246
      i= 7 -> j=0:0.000, j=1:0.000, j=2:0.000, j=3:0.000, j=4:0.002, j=5:0.082, j=6:0.679, j=7:0.237
      i= 8 -> j=0:0.000, j=1:0.000, j=2:0.000, j=3:0.000, j=4:0.000, j=5:0.001, j=6:0.067, j=7:0.742, j=8:0.190
      i= 9 -> j=0:0.000, j=1:0.000, j=2:0.000, j=3:0.000, j=4:0.000, j=5:0.000, j=6:0.001, j=7:0.088, j=8:0.698, j=9:0.214
      i=10 -> j=0:0.000, j=1:0.000, j=2:0.000, j=3:0.000, j=4:0.000, j=5:0.000, j=6:0.000, j=7:0.002, j=8:0.097, j=9:0.658, j=10:0.243
      i=11 -> j=0:0.000, j=1:0.000, j=2:0.000, j=3:0.000, j=4:0.000, j=5:0.000, j=6:0.000, j=7:0.000, j=8:0.001, j=9:0.075, j=10:0.718, j=11:0.206
      i=12 -> j=0:0.000, j=1:0.000, j=2:0.000, j=3:0.000, j=4:0.000, j=5:0.000, j=6:0.000, j=7:0.000, j=8:0.000, j=9:0.002, j=10:0.085, j=11:0.686, j=12:0.227
      i=13 -> j=0:0.000, j=1:0.000, j=2:0.000, j=3:0.000, j=4:0.000, j=5:0.000, j=6:0.000, j=7:0.000, j=8:0.000, j=9:0.000, j=10:0.001, j=11:0.095, j=12:0.678, j=13:0.226
      i=14 -> j=0:0.000, j=1:0.000, j=2:0.000, j=3:0.000, j=4:0.000, j=5:0.000, j=6:0.000, j=7:0.000, j=8:0.000, j=9:0.000, j=10:0.000, j=11:0.001, j=12:0.071, j=13:0.697, j=14:0.231
      i=15 -> j=0:0.000, j=1:0.000, j=2:0.000, j=3:0.000, j=4:0.000, j=5:0.000, j=6:0.000, j=7:0.000, j=8:0.000, j=9:0.000, j=10:0.000, j=11:0.000, j=12:0.001, j=13:0.084, j=14:0.719, j=15:0.196
      i=16 -> j=0:0.000, j=1:0.000, j=2:0.000, j=3:0.000, j=4:0.000, j=5:0.000, j=6:0.000, j=7:0.000, j=8:0.000, j=9:0.000, j=10:0.000, j=11:0.000, j=12:0.000, j=13:0.001, j=14:0.072, j=15:0.713, j=16:0.214
      i=17 -> j=0:0.000, j=1:0.000, j=2:0.000, j=3:0.000, j=4:0.000, j=5:0.000, j=6:0.000, j=7:0.000, j=8:0.000, j=9:0.000, j=10:0.000, j=11:0.000, j=12:0.000, j=13:0.000, j=14:0.001, j=15:0.092, j=16:0.710, j=17:0.197
      i=18 -> j=0:0.000, j=1:0.000, j=2:0.000, j=3:0.000, j=4:0.000, j=5:0.000, j=6:0.000, j=7:0.000, j=8:0.000, j=9:0.000, j=10:0.000, j=11:0.000, j=12:0.000, j=13:0.000, j=14:0.000, j=15:0.001, j=16:0.101, j=17:0.698, j=18:0.199
      i=19 -> j=0:0.000, j=1:0.000, j=2:0.000, j=3:0.000, j=4:0.000, j=5:0.000, j=6:0.000, j=7:0.000, j=8:0.000, j=9:0.000, j=10:0.000, j=11:0.000, j=12:0.000, j=13:0.000, j=14:0.000, j=15:0.000, j=16:0.001, j=17:0.107, j=18:0.674, j=19:0.217
      i=20 -> j=0:0.000, j=1:0.000, j=2:0.000, j=3:0.000, j=4:0.000, j=5:0.000, j=6:0.000, j=7:0.000, j=8:0.000, j=9:0.000, j=10:0.000, j=11:0.000, j=12:0.000, j=13:0.000, j=14:0.000, j=15:0.000, j=16:0.000, j=17:0.001, j=18:0.083, j=19:0.691, j=20:0.225
      i=21 -> j=0:0.000, j=1:0.000, j=2:0.000, j=3:0.000, j=4:0.000, j=5:0.000, j=6:0.000, j=7:0.000, j=8:0.000, j=9:0.000, j=10:0.000, j=11:0.000, j=12:0.000, j=13:0.000, j=14:0.000, j=15:0.000, j=16:0.000, j=17:0.000, j=18:0.001, j=19:0.096, j=20:0.697, j=21:0.206
      i=22 -> j=0:0.000, j=1:0.000, j=2:0.000, j=3:0.000, j=4:0.000, j=5:0.000, j=6:0.000, j=7:0.000, j=8:0.000, j=9:0.000, j=10:0.000, j=11:0.000, j=12:0.000, j=13:0.000, j=14:0.000, j=15:0.000, j=16:0.000, j=17:0.000, j=18:0.000, j=19:0.001, j=20:0.079, j=21:0.719, j=22:0.200
      i=23 -> j=0:0.000, j=1:0.000, j=2:0.000, j=3:0.000, j=4:0.000, j=5:0.000, j=6:0.000, j=7:0.000, j=8:0.000, j=9:0.000, j=10:0.000, j=11:0.000, j=12:0.000, j=13:0.000, j=14:0.000, j=15:0.000, j=16:0.000, j=17:0.000, j=18:0.000, j=19:0.000, j=20:0.001, j=21:0.078, j=22:0.727, j=23:0.194
      i=24 -> j=0:0.000, j=1:0.000, j=2:0.000, j=3:0.000, j=4:0.000, j=5:0.000, j=6:0.000, j=7:0.000, j=8:0.000, j=9:0.000, j=10:0.000, j=11:0.000, j=12:0.000, j=13:0.000, j=14:0.000, j=15:0.000, j=16:0.000, j=17:0.000, j=18:0.000, j=19:0.000, j=20:0.000, j=21:0.001, j=22:0.120, j=23:0.655, j=24:0.224
      i=25 -> j=0:0.000, j=1:0.000, j=2:0.000, j=3:0.000, j=4:0.000, j=5:0.000, j=6:0.000, j=7:0.000, j=8:0.000, j=9:0.000, j=10:0.000, j=11:0.000, j=12:0.000, j=13:0.000, j=14:0.000, j=15:0.000, j=16:0.000, j=17:0.000, j=18:0.000, j=19:0.000, j=20:0.000, j=21:0.000, j=22:0.002, j=23:0.090, j=24:0.690, j=25:0.218
      i=26 -> j=0:0.000, j=1:0.000, j=2:0.000, j=3:0.000, j=4:0.000, j=5:0.000, j=6:0.000, j=7:0.000, j=8:0.000, j=9:0.000, j=10:0.000, j=11:0.000, j=12:0.000, j=13:0.000, j=14:0.000, j=15:0.000, j=16:0.000, j=17:0.000, j=18:0.000, j=19:0.000, j=20:0.000, j=21:0.000, j=22:0.000, j=23:0.001, j=24:0.086, j=25:0.743, j=26:0.170
      i=27 -> j=0:0.000, j=1:0.000, j=2:0.000, j=3:0.000, j=4:0.000, j=5:0.000, j=6:0.000, j=7:0.000, j=8:0.000, j=9:0.000, j=10:0.000, j=11:0.000, j=12:0.000, j=13:0.000, j=14:0.000, j=15:0.000, j=16:0.000, j=17:0.000, j=18:0.000, j=19:0.000, j=20:0.000, j=21:0.000, j=22:0.000, j=23:0.000, j=24:0.002, j=25:0.089, j=26:0.687, j=27:0.221
      i=28 -> j=0:0.000, j=1:0.000, j=2:0.000, j=3:0.000, j=4:0.000, j=5:0.000, j=6:0.000, j=7:0.000, j=8:0.000, j=9:0.000, j=10:0.000, j=11:0.000, j=12:0.000, j=13:0.000, j=14:0.000, j=15:0.000, j=16:0.000, j=17:0.000, j=18:0.000, j=19:0.000, j=20:0.000, j=21:0.000, j=22:0.000, j=23:0.000, j=24:0.000, j=25:0.001, j=26:0.112, j=27:0.651, j=28:0.235
      i=29 -> j=0:0.000, j=1:0.000, j=2:0.000, j=3:0.000, j=4:0.000, j=5:0.000, j=6:0.000, j=7:0.000, j=8:0.000, j=9:0.000, j=10:0.000, j=11:0.000, j=12:0.000, j=13:0.000, j=14:0.000, j=15:0.000, j=16:0.000, j=17:0.000, j=18:0.000, j=19:0.000, j=20:0.000, j=21:0.000, j=22:0.000, j=23:0.000, j=24:0.000, j=25:0.000, j=26:0.002, j=27:0.073, j=28:0.677, j=29:0.247
      i=30 -> j=0:0.000, j=1:0.000, j=2:0.000, j=3:0.000, j=4:0.000, j=5:0.000, j=6:0.000, j=7:0.000, j=8:0.000, j=9:0.000, j=10:0.000, j=11:0.000, j=12:0.000, j=13:0.000, j=14:0.000, j=15:0.000, j=16:0.000, j=17:0.000, j=18:0.000, j=19:0.000, j=20:0.000, j=21:0.000, j=22:0.000, j=23:0.000, j=24:0.000, j=25:0.000, j=26:0.000, j=27:0.001, j=28:0.067, j=29:0.732, j=30:0.200
      i=31 -> j=0:0.000, j=1:0.000, j=2:0.000, j=3:0.000, j=4:0.000, j=5:0.000, j=6:0.000, j=7:0.000, j=8:0.000, j=9:0.000, j=10:0.000, j=11:0.000, j=12:0.000, j=13:0.000, j=14:0.000, j=15:0.000, j=16:0.000, j=17:0.000, j=18:0.000, j=19:0.000, j=20:0.000, j=21:0.000, j=22:0.000, j=23:0.000, j=24:0.000, j=25:0.000, j=26:0.000, j=27:0.000, j=28:0.001, j=29:0.093, j=30:0.659, j=31:0.247
      i=32 -> j=0:0.000, j=1:0.000, j=2:0.000, j=3:0.000, j=4:0.000, j=5:0.000, j=6:0.000, j=7:0.000, j=8:0.000, j=9:0.000, j=10:0.000, j=11:0.000, j=12:0.000, j=13:0.000, j=14:0.000, j=15:0.000, j=16:0.000, j=17:0.000, j=18:0.000, j=19:0.000, j=20:0.000, j=21:0.000, j=22:0.000, j=23:0.000, j=24:0.000, j=25:0.000, j=26:0.000, j=27:0.000, j=28:0.000, j=29:0.001, j=30:0.082, j=31:0.686, j=32:0.231
      i=33 -> j=0:0.000, j=1:0.000, j=2:0.000, j=3:0.000, j=4:0.000, j=5:0.000, j=6:0.000, j=7:0.000, j=8:0.000, j=9:0.000, j=10:0.000, j=11:0.000, j=12:0.000, j=13:0.000, j=14:0.000, j=15:0.000, j=16:0.000, j=17:0.000, j=18:0.000, j=19:0.000, j=20:0.000, j=21:0.000, j=22:0.000, j=23:0.000, j=24:0.000, j=25:0.000, j=26:0.000, j=27:0.000, j=28:0.000, j=29:0.000, j=30:0.001, j=31:0.067, j=32:0.672, j=33:0.260
      i=34 -> j=0:0.000, j=1:0.000, j=2:0.000, j=3:0.000, j=4:0.000, j=5:0.000, j=6:0.000, j=7:0.000, j=8:0.000, j=9:0.000, j=10:0.000, j=11:0.000, j=12:0.000, j=13:0.000, j=14:0.000, j=15:0.000, j=16:0.000, j=17:0.000, j=18:0.000, j=19:0.000, j=20:0.000, j=21:0.000, j=22:0.000, j=23:0.000, j=24:0.000, j=25:0.000, j=26:0.000, j=27:0.000, j=28:0.000, j=29:0.000, j=30:0.000, j=31:0.001, j=32:0.102, j=33:0.665, j=34:0.232
      i=35 -> j=0:0.000, j=1:0.000, j=2:0.000, j=3:0.000, j=4:0.000, j=5:0.000, j=6:0.000, j=7:0.000, j=8:0.000, j=9:0.000, j=10:0.000, j=11:0.000, j=12:0.000, j=13:0.000, j=14:0.000, j=15:0.000, j=16:0.000, j=17:0.000, j=18:0.000, j=19:0.000, j=20:0.000, j=21:0.000, j=22:0.000, j=23:0.000, j=24:0.000, j=25:0.000, j=26:0.000, j=27:0.000, j=28:0.000, j=29:0.000, j=30:0.000, j=31:0.000, j=32:0.002, j=33:0.088, j=34:0.701, j=35:0.209
      i=36 -> j=0:0.000, j=1:0.000, j=2:0.000, j=3:0.000, j=4:0.000, j=5:0.000, j=6:0.000, j=7:0.000, j=8:0.000, j=9:0.000, j=10:0.000, j=11:0.000, j=12:0.000, j=13:0.000, j=14:0.000, j=15:0.000, j=16:0.000, j=17:0.000, j=18:0.000, j=19:0.000, j=20:0.000, j=21:0.000, j=22:0.000, j=23:0.000, j=24:0.000, j=25:0.000, j=26:0.000, j=27:0.000, j=28:0.000, j=29:0.000, j=30:0.000, j=31:0.000, j=32:0.000, j=33:0.001, j=34:0.089, j=35:0.686, j=36:0.223
      i=37 -> j=0:0.000, j=1:0.000, j=2:0.000, j=3:0.000, j=4:0.000, j=5:0.000, j=6:0.000, j=7:0.000, j=8:0.000, j=9:0.000, j=10:0.000, j=11:0.000, j=12:0.000, j=13:0.000, j=14:0.000, j=15:0.000, j=16:0.000, j=17:0.000, j=18:0.000, j=19:0.000, j=20:0.000, j=21:0.000, j=22:0.000, j=23:0.000, j=24:0.000, j=25:0.000, j=26:0.000, j=27:0.000, j=28:0.000, j=29:0.000, j=30:0.000, j=31:0.000, j=32:0.000, j=33:0.000, j=34:0.001, j=35:0.095, j=36:0.667, j=37:0.236
      i=38 -> j=0:0.000, j=1:0.000, j=2:0.000, j=3:0.000, j=4:0.000, j=5:0.000, j=6:0.000, j=7:0.000, j=8:0.000, j=9:0.000, j=10:0.000, j=11:0.000, j=12:0.000, j=13:0.000, j=14:0.000, j=15:0.000, j=16:0.000, j=17:0.000, j=18:0.000, j=19:0.000, j=20:0.000, j=21:0.000, j=22:0.000, j=23:0.000, j=24:0.000, j=25:0.000, j=26:0.000, j=27:0.000, j=28:0.000, j=29:0.000, j=30:0.000, j=31:0.000, j=32:0.000, j=33:0.000, j=34:0.000, j=35:0.002, j=36:0.084, j=37:0.659, j=38:0.255
      i=39 -> j=0:0.000, j=1:0.000, j=2:0.000, j=3:0.000, j=4:0.000, j=5:0.000, j=6:0.000, j=7:0.000, j=8:0.000, j=9:0.000, j=10:0.000, j=11:0.000, j=12:0.000, j=13:0.000, j=14:0.000, j=15:0.000, j=16:0.000, j=17:0.000, j=18:0.000, j=19:0.000, j=20:0.000, j=21:0.000, j=22:0.000, j=23:0.000, j=24:0.000, j=25:0.000, j=26:0.000, j=27:0.000, j=28:0.000, j=29:0.000, j=30:0.000, j=31:0.000, j=32:0.000, j=33:0.000, j=34:0.000, j=35:0.000, j=36:0.001, j=37:0.104, j=38:0.694, j=39:0.201
      i=40 -> j=0:0.000, j=1:0.000, j=2:0.000, j=3:0.000, j=4:0.000, j=5:0.000, j=6:0.000, j=7:0.000, j=8:0.000, j=9:0.000, j=10:0.000, j=11:0.000, j=12:0.000, j=13:0.000, j=14:0.000, j=15:0.000, j=16:0.000, j=17:0.000, j=18:0.000, j=19:0.000, j=20:0.000, j=21:0.000, j=22:0.000, j=23:0.000, j=24:0.000, j=25:0.000, j=26:0.000, j=27:0.000, j=28:0.000, j=29:0.000, j=30:0.000, j=31:0.000, j=32:0.000, j=33:0.000, j=34:0.000, j=35:0.000, j=36:0.000, j=37:0.001, j=38:0.073, j=39:0.719, j=40:0.207
      i=41 -> j=0:0.000, j=1:0.000, j=2:0.000, j=3:0.000, j=4:0.000, j=5:0.000, j=6:0.000, j=7:0.000, j=8:0.000, j=9:0.000, j=10:0.000, j=11:0.000, j=12:0.000, j=13:0.000, j=14:0.000, j=15:0.000, j=16:0.000, j=17:0.000, j=18:0.000, j=19:0.000, j=20:0.000, j=21:0.000, j=22:0.000, j=23:0.000, j=24:0.000, j=25:0.000, j=26:0.000, j=27:0.000, j=28:0.000, j=29:0.000, j=30:0.000, j=31:0.000, j=32:0.000, j=33:0.000, j=34:0.000, j=35:0.000, j=36:0.000, j=37:0.000, j=38:0.001, j=39:0.094, j=40:0.686, j=41:0.219
      i=42 -> j=0:0.000, j=1:0.000, j=2:0.000, j=3:0.000, j=4:0.000, j=5:0.000, j=6:0.000, j=7:0.000, j=8:0.000, j=9:0.000, j=10:0.000, j=11:0.000, j=12:0.000, j=13:0.000, j=14:0.000, j=15:0.000, j=16:0.000, j=17:0.000, j=18:0.000, j=19:0.000, j=20:0.000, j=21:0.000, j=22:0.000, j=23:0.000, j=24:0.000, j=25:0.000, j=26:0.000, j=27:0.000, j=28:0.000, j=29:0.000, j=30:0.000, j=31:0.000, j=32:0.000, j=33:0.000, j=34:0.000, j=35:0.000, j=36:0.000, j=37:0.000, j=38:0.000, j=39:0.001, j=40:0.104, j=41:0.652, j=42:0.242
      i=43 -> j=0:0.000, j=1:0.000, j=2:0.000, j=3:0.000, j=4:0.000, j=5:0.000, j=6:0.000, j=7:0.000, j=8:0.000, j=9:0.000, j=10:0.000, j=11:0.000, j=12:0.000, j=13:0.000, j=14:0.000, j=15:0.000, j=16:0.000, j=17:0.000, j=18:0.000, j=19:0.000, j=20:0.000, j=21:0.000, j=22:0.000, j=23:0.000, j=24:0.000, j=25:0.000, j=26:0.000, j=27:0.000, j=28:0.000, j=29:0.000, j=30:0.000, j=31:0.000, j=32:0.000, j=33:0.000, j=34:0.000, j=35:0.000, j=36:0.000, j=37:0.000, j=38:0.000, j=39:0.000, j=40:0.001, j=41:0.073, j=42:0.759, j=43:0.166
      i=44 -> j=0:0.000, j=1:0.000, j=2:0.000, j=3:0.000, j=4:0.000, j=5:0.000, j=6:0.000, j=7:0.000, j=8:0.000, j=9:0.000, j=10:0.000, j=11:0.000, j=12:0.000, j=13:0.000, j=14:0.000, j=15:0.000, j=16:0.000, j=17:0.000, j=18:0.000, j=19:0.000, j=20:0.000, j=21:0.000, j=22:0.000, j=23:0.000, j=24:0.000, j=25:0.000, j=26:0.000, j=27:0.000, j=28:0.000, j=29:0.000, j=30:0.000, j=31:0.000, j=32:0.000, j=33:0.000, j=34:0.000, j=35:0.000, j=36:0.000, j=37:0.000, j=38:0.000, j=39:0.000, j=40:0.000, j=41:0.001, j=42:0.085, j=43:0.714, j=44:0.200
      i=45 -> j=0:0.000, j=1:0.000, j=2:0.000, j=3:0.000, j=4:0.000, j=5:0.000, j=6:0.000, j=7:0.000, j=8:0.000, j=9:0.000, j=10:0.000, j=11:0.000, j=12:0.000, j=13:0.000, j=14:0.000, j=15:0.000, j=16:0.000, j=17:0.000, j=18:0.000, j=19:0.000, j=20:0.000, j=21:0.000, j=22:0.000, j=23:0.000, j=24:0.000, j=25:0.000, j=26:0.000, j=27:0.000, j=28:0.000, j=29:0.000, j=30:0.000, j=31:0.000, j=32:0.000, j=33:0.000, j=34:0.000, j=35:0.000, j=36:0.000, j=37:0.000, j=38:0.000, j=39:0.000, j=40:0.000, j=41:0.000, j=42:0.001, j=43:0.077, j=44:0.737, j=45:0.185
      i=46 -> j=0:0.000, j=1:0.000, j=2:0.000, j=3:0.000, j=4:0.000, j=5:0.000, j=6:0.000, j=7:0.000, j=8:0.000, j=9:0.000, j=10:0.000, j=11:0.000, j=12:0.000, j=13:0.000, j=14:0.000, j=15:0.000, j=16:0.000, j=17:0.000, j=18:0.000, j=19:0.000, j=20:0.000, j=21:0.000, j=22:0.000, j=23:0.000, j=24:0.000, j=25:0.000, j=26:0.000, j=27:0.000, j=28:0.000, j=29:0.000, j=30:0.000, j=31:0.000, j=32:0.000, j=33:0.000, j=34:0.000, j=35:0.000, j=36:0.000, j=37:0.000, j=38:0.000, j=39:0.000, j=40:0.000, j=41:0.000, j=42:0.000, j=43:0.001, j=44:0.102, j=45:0.664, j=46:0.233
      i=47 -> j=0:0.000, j=1:0.000, j=2:0.000, j=3:0.000, j=4:0.000, j=5:0.000, j=6:0.000, j=7:0.000, j=8:0.000, j=9:0.000, j=10:0.000, j=11:0.000, j=12:0.000, j=13:0.000, j=14:0.000, j=15:0.000, j=16:0.000, j=17:0.000, j=18:0.000, j=19:0.000, j=20:0.000, j=21:0.000, j=22:0.000, j=23:0.000, j=24:0.000, j=25:0.000, j=26:0.000, j=27:0.000, j=28:0.000, j=29:0.000, j=30:0.000, j=31:0.000, j=32:0.000, j=33:0.000, j=34:0.000, j=35:0.000, j=36:0.000, j=37:0.000, j=38:0.000, j=39:0.000, j=40:0.000, j=41:0.000, j=42:0.000, j=43:0.000, j=44:0.002, j=45:0.080, j=46:0.709, j=47:0.209
      i=48 -> j=0:0.000, j=1:0.000, j=2:0.000, j=3:0.000, j=4:0.000, j=5:0.000, j=6:0.000, j=7:0.000, j=8:0.000, j=9:0.000, j=10:0.000, j=11:0.000, j=12:0.000, j=13:0.000, j=14:0.000, j=15:0.000, j=16:0.000, j=17:0.000, j=18:0.000, j=19:0.000, j=20:0.000, j=21:0.000, j=22:0.000, j=23:0.000, j=24:0.000, j=25:0.000, j=26:0.000, j=27:0.000, j=28:0.000, j=29:0.000, j=30:0.000, j=31:0.000, j=32:0.000, j=33:0.000, j=34:0.000, j=35:0.000, j=36:0.000, j=37:0.000, j=38:0.000, j=39:0.000, j=40:0.000, j=41:0.000, j=42:0.000, j=43:0.000, j=44:0.000, j=45:0.001, j=46:0.100, j=47:0.677, j=48:0.222
      i=49 -> j=0:0.000, j=1:0.000, j=2:0.000, j=3:0.000, j=4:0.000, j=5:0.000, j=6:0.000, j=7:0.000, j=8:0.000, j=9:0.000, j=10:0.000, j=11:0.000, j=12:0.000, j=13:0.000, j=14:0.000, j=15:0.000, j=16:0.000, j=17:0.000, j=18:0.000, j=19:0.000, j=20:0.000, j=21:0.000, j=22:0.000, j=23:0.000, j=24:0.000, j=25:0.000, j=26:0.000, j=27:0.000, j=28:0.000, j=29:0.000, j=30:0.000, j=31:0.000, j=32:0.000, j=33:0.000, j=34:0.000, j=35:0.000, j=36:0.000, j=37:0.000, j=38:0.000, j=39:0.000, j=40:0.000, j=41:0.000, j=42:0.000, j=43:0.000, j=44:0.000, j=45:0.000, j=46:0.001, j=47:0.099, j=48:0.690, j=49:0.210
      i=50 -> j=0:0.000, j=1:0.000, j=2:0.000, j=3:0.000, j=4:0.000, j=5:0.000, j=6:0.000, j=7:0.000, j=8:0.000, j=9:0.000, j=10:0.000, j=11:0.000, j=12:0.000, j=13:0.000, j=14:0.000, j=15:0.000, j=16:0.000, j=17:0.000, j=18:0.000, j=19:0.000, j=20:0.000, j=21:0.000, j=22:0.000, j=23:0.000, j=24:0.000, j=25:0.000, j=26:0.000, j=27:0.000, j=28:0.000, j=29:0.000, j=30:0.000, j=31:0.000, j=32:0.000, j=33:0.000, j=34:0.000, j=35:0.000, j=36:0.000, j=37:0.000, j=38:0.000, j=39:0.000, j=40:0.000, j=41:0.000, j=42:0.000, j=43:0.000, j=44:0.000, j=45:0.000, j=46:0.000, j=47:0.001, j=48:0.095, j=49:0.696, j=50:0.208
      i=51 -> j=0:0.000, j=1:0.000, j=2:0.000, j=3:0.000, j=4:0.000, j=5:0.000, j=6:0.000, j=7:0.000, j=8:0.000, j=9:0.000, j=10:0.000, j=11:0.000, j=12:0.000, j=13:0.000, j=14:0.000, j=15:0.000, j=16:0.000, j=17:0.000, j=18:0.000, j=19:0.000, j=20:0.000, j=21:0.000, j=22:0.000, j=23:0.000, j=24:0.000, j=25:0.000, j=26:0.000, j=27:0.000, j=28:0.000, j=29:0.000, j=30:0.000, j=31:0.000, j=32:0.000, j=33:0.000, j=34:0.000, j=35:0.000, j=36:0.000, j=37:0.000, j=38:0.000, j=39:0.000, j=40:0.000, j=41:0.000, j=42:0.000, j=43:0.000, j=44:0.000, j=45:0.000, j=46:0.000, j=47:0.000, j=48:0.001, j=49:0.082, j=50:0.735, j=51:0.182
      i=52 -> j=0:0.000, j=1:0.000, j=2:0.000, j=3:0.000, j=4:0.000, j=5:0.000, j=6:0.000, j=7:0.000, j=8:0.000, j=9:0.000, j=10:0.000, j=11:0.000, j=12:0.000, j=13:0.000, j=14:0.000, j=15:0.000, j=16:0.000, j=17:0.000, j=18:0.000, j=19:0.000, j=20:0.000, j=21:0.000, j=22:0.000, j=23:0.000, j=24:0.000, j=25:0.000, j=26:0.000, j=27:0.000, j=28:0.000, j=29:0.000, j=30:0.000, j=31:0.000, j=32:0.000, j=33:0.000, j=34:0.000, j=35:0.000, j=36:0.000, j=37:0.000, j=38:0.000, j=39:0.000, j=40:0.000, j=41:0.000, j=42:0.000, j=43:0.000, j=44:0.000, j=45:0.000, j=46:0.000, j=47:0.000, j=48:0.000, j=49:0.001, j=50:0.077, j=51:0.684, j=52:0.238
      i=53 -> j=0:0.000, j=1:0.000, j=2:0.000, j=3:0.000, j=4:0.000, j=5:0.000, j=6:0.000, j=7:0.000, j=8:0.000, j=9:0.000, j=10:0.000, j=11:0.000, j=12:0.000, j=13:0.000, j=14:0.000, j=15:0.000, j=16:0.000, j=17:0.000, j=18:0.000, j=19:0.000, j=20:0.000, j=21:0.000, j=22:0.000, j=23:0.000, j=24:0.000, j=25:0.000, j=26:0.000, j=27:0.000, j=28:0.000, j=29:0.000, j=30:0.000, j=31:0.000, j=32:0.000, j=33:0.000, j=34:0.000, j=35:0.000, j=36:0.000, j=37:0.000, j=38:0.000, j=39:0.000, j=40:0.000, j=41:0.000, j=42:0.000, j=43:0.000, j=44:0.000, j=45:0.000, j=46:0.000, j=47:0.000, j=48:0.000, j=49:0.000, j=50:0.002, j=51:0.082, j=52:0.698, j=53:0.218
      i=54 -> j=0:0.000, j=1:0.000, j=2:0.000, j=3:0.000, j=4:0.000, j=5:0.000, j=6:0.000, j=7:0.000, j=8:0.000, j=9:0.000, j=10:0.000, j=11:0.000, j=12:0.000, j=13:0.000, j=14:0.000, j=15:0.000, j=16:0.000, j=17:0.000, j=18:0.000, j=19:0.000, j=20:0.000, j=21:0.000, j=22:0.000, j=23:0.000, j=24:0.000, j=25:0.000, j=26:0.000, j=27:0.000, j=28:0.000, j=29:0.000, j=30:0.000, j=31:0.000, j=32:0.000, j=33:0.000, j=34:0.000, j=35:0.000, j=36:0.000, j=37:0.000, j=38:0.000, j=39:0.000, j=40:0.000, j=41:0.000, j=42:0.000, j=43:0.000, j=44:0.000, j=45:0.000, j=46:0.000, j=47:0.000, j=48:0.000, j=49:0.000, j=50:0.000, j=51:0.001, j=52:0.096, j=53:0.670, j=54:0.232
      i=55 -> j=0:0.000, j=1:0.000, j=2:0.000, j=3:0.000, j=4:0.000, j=5:0.000, j=6:0.000, j=7:0.000, j=8:0.000, j=9:0.000, j=10:0.000, j=11:0.000, j=12:0.000, j=13:0.000, j=14:0.000, j=15:0.000, j=16:0.000, j=17:0.000, j=18:0.000, j=19:0.000, j=20:0.000, j=21:0.000, j=22:0.000, j=23:0.000, j=24:0.000, j=25:0.000, j=26:0.000, j=27:0.000, j=28:0.000, j=29:0.000, j=30:0.000, j=31:0.000, j=32:0.000, j=33:0.000, j=34:0.000, j=35:0.000, j=36:0.000, j=37:0.000, j=38:0.000, j=39:0.000, j=40:0.000, j=41:0.000, j=42:0.000, j=43:0.000, j=44:0.000, j=45:0.000, j=46:0.000, j=47:0.000, j=48:0.000, j=49:0.000, j=50:0.000, j=51:0.000, j=52:0.001, j=53:0.079, j=54:0.720, j=55:0.200
      i=56 -> j=0:0.000, j=1:0.000, j=2:0.000, j=3:0.000, j=4:0.000, j=5:0.000, j=6:0.000, j=7:0.000, j=8:0.000, j=9:0.000, j=10:0.000, j=11:0.000, j=12:0.000, j=13:0.000, j=14:0.000, j=15:0.000, j=16:0.000, j=17:0.000, j=18:0.000, j=19:0.000, j=20:0.000, j=21:0.000, j=22:0.000, j=23:0.000, j=24:0.000, j=25:0.000, j=26:0.000, j=27:0.000, j=28:0.000, j=29:0.000, j=30:0.000, j=31:0.000, j=32:0.000, j=33:0.000, j=34:0.000, j=35:0.000, j=36:0.000, j=37:0.000, j=38:0.000, j=39:0.000, j=40:0.000, j=41:0.000, j=42:0.000, j=43:0.000, j=44:0.000, j=45:0.000, j=46:0.000, j=47:0.000, j=48:0.000, j=49:0.000, j=50:0.000, j=51:0.000, j=52:0.000, j=53:0.001, j=54:0.080, j=55:0.711, j=56:0.208
      i=57 -> j=0:0.000, j=1:0.000, j=2:0.000, j=3:0.000, j=4:0.000, j=5:0.000, j=6:0.000, j=7:0.000, j=8:0.000, j=9:0.000, j=10:0.000, j=11:0.000, j=12:0.000, j=13:0.000, j=14:0.000, j=15:0.000, j=16:0.000, j=17:0.000, j=18:0.000, j=19:0.000, j=20:0.000, j=21:0.000, j=22:0.000, j=23:0.000, j=24:0.000, j=25:0.000, j=26:0.000, j=27:0.000, j=28:0.000, j=29:0.000, j=30:0.000, j=31:0.000, j=32:0.000, j=33:0.000, j=34:0.000, j=35:0.000, j=36:0.000, j=37:0.000, j=38:0.000, j=39:0.000, j=40:0.000, j=41:0.000, j=42:0.000, j=43:0.000, j=44:0.000, j=45:0.000, j=46:0.000, j=47:0.000, j=48:0.000, j=49:0.000, j=50:0.000, j=51:0.000, j=52:0.000, j=53:0.000, j=54:0.001, j=55:0.088, j=56:0.726, j=57:0.185
      i=58 -> j=0:0.000, j=1:0.000, j=2:0.000, j=3:0.000, j=4:0.000, j=5:0.000, j=6:0.000, j=7:0.000, j=8:0.000, j=9:0.000, j=10:0.000, j=11:0.000, j=12:0.000, j=13:0.000, j=14:0.000, j=15:0.000, j=16:0.000, j=17:0.000, j=18:0.000, j=19:0.000, j=20:0.000, j=21:0.000, j=22:0.000, j=23:0.000, j=24:0.000, j=25:0.000, j=26:0.000, j=27:0.000, j=28:0.000, j=29:0.000, j=30:0.000, j=31:0.000, j=32:0.000, j=33:0.000, j=34:0.000, j=35:0.000, j=36:0.000, j=37:0.000, j=38:0.000, j=39:0.000, j=40:0.000, j=41:0.000, j=42:0.000, j=43:0.000, j=44:0.000, j=45:0.000, j=46:0.000, j=47:0.000, j=48:0.000, j=49:0.000, j=50:0.000, j=51:0.000, j=52:0.000, j=53:0.000, j=54:0.000, j=55:0.001, j=56:0.099, j=57:0.713, j=58:0.186
      i=59 -> j=0:0.000, j=1:0.000, j=2:0.000, j=3:0.000, j=4:0.000, j=5:0.000, j=6:0.000, j=7:0.000, j=8:0.000, j=9:0.000, j=10:0.000, j=11:0.000, j=12:0.000, j=13:0.000, j=14:0.000, j=15:0.000, j=16:0.000, j=17:0.000, j=18:0.000, j=19:0.000, j=20:0.000, j=21:0.000, j=22:0.000, j=23:0.000, j=24:0.000, j=25:0.000, j=26:0.000, j=27:0.000, j=28:0.000, j=29:0.000, j=30:0.000, j=31:0.000, j=32:0.000, j=33:0.000, j=34:0.000, j=35:0.000, j=36:0.000, j=37:0.000, j=38:0.000, j=39:0.000, j=40:0.000, j=41:0.000, j=42:0.000, j=43:0.000, j=44:0.000, j=45:0.000, j=46:0.000, j=47:0.000, j=48:0.000, j=49:0.000, j=50:0.000, j=51:0.000, j=52:0.000, j=53:0.000, j=54:0.000, j=55:0.000, j=56:0.001, j=57:0.075, j=58:0.732, j=59:0.192
      i=60 -> j=0:0.000, j=1:0.000, j=2:0.000, j=3:0.000, j=4:0.000, j=5:0.000, j=6:0.000, j=7:0.000, j=8:0.000, j=9:0.000, j=10:0.000, j=11:0.000, j=12:0.000, j=13:0.000, j=14:0.000, j=15:0.000, j=16:0.000, j=17:0.000, j=18:0.000, j=19:0.000, j=20:0.000, j=21:0.000, j=22:0.000, j=23:0.000, j=24:0.000, j=25:0.000, j=26:0.000, j=27:0.000, j=28:0.000, j=29:0.000, j=30:0.000, j=31:0.000, j=32:0.000, j=33:0.000, j=34:0.000, j=35:0.000, j=36:0.000, j=37:0.000, j=38:0.000, j=39:0.000, j=40:0.000, j=41:0.000, j=42:0.000, j=43:0.000, j=44:0.000, j=45:0.000, j=46:0.000, j=47:0.000, j=48:0.000, j=49:0.000, j=50:0.000, j=51:0.000, j=52:0.000, j=53:0.000, j=54:0.000, j=55:0.000, j=56:0.000, j=57:0.001, j=58:0.113, j=59:0.666, j=60:0.219
      i=61 -> j=0:0.000, j=1:0.000, j=2:0.000, j=3:0.000, j=4:0.000, j=5:0.000, j=6:0.000, j=7:0.000, j=8:0.000, j=9:0.000, j=10:0.000, j=11:0.000, j=12:0.000, j=13:0.000, j=14:0.000, j=15:0.000, j=16:0.000, j=17:0.000, j=18:0.000, j=19:0.000, j=20:0.000, j=21:0.000, j=22:0.000, j=23:0.000, j=24:0.000, j=25:0.000, j=26:0.000, j=27:0.000, j=28:0.000, j=29:0.000, j=30:0.000, j=31:0.000, j=32:0.000, j=33:0.000, j=34:0.000, j=35:0.000, j=36:0.000, j=37:0.000, j=38:0.000, j=39:0.000, j=40:0.000, j=41:0.000, j=42:0.000, j=43:0.000, j=44:0.000, j=45:0.000, j=46:0.000, j=47:0.000, j=48:0.000, j=49:0.000, j=50:0.000, j=51:0.000, j=52:0.000, j=53:0.000, j=54:0.000, j=55:0.000, j=56:0.000, j=57:0.000, j=58:0.002, j=59:0.098, j=60:0.666, j=61:0.234
      i=62 -> j=0:0.000, j=1:0.000, j=2:0.000, j=3:0.000, j=4:0.000, j=5:0.000, j=6:0.000, j=7:0.000, j=8:0.000, j=9:0.000, j=10:0.000, j=11:0.000, j=12:0.000, j=13:0.000, j=14:0.000, j=15:0.000, j=16:0.000, j=17:0.000, j=18:0.000, j=19:0.000, j=20:0.000, j=21:0.000, j=22:0.000, j=23:0.000, j=24:0.000, j=25:0.000, j=26:0.000, j=27:0.000, j=28:0.000, j=29:0.000, j=30:0.000, j=31:0.000, j=32:0.000, j=33:0.000, j=34:0.000, j=35:0.000, j=36:0.000, j=37:0.000, j=38:0.000, j=39:0.000, j=40:0.000, j=41:0.000, j=42:0.000, j=43:0.000, j=44:0.000, j=45:0.000, j=46:0.000, j=47:0.000, j=48:0.000, j=49:0.000, j=50:0.000, j=51:0.000, j=52:0.000, j=53:0.000, j=54:0.000, j=55:0.000, j=56:0.000, j=57:0.000, j=58:0.000, j=59:0.001, j=60:0.088, j=61:0.693, j=62:0.218
      i=63 -> j=0:0.000, j=1:0.000, j=2:0.000, j=3:0.000, j=4:0.000, j=5:0.000, j=6:0.000, j=7:0.000, j=8:0.000, j=9:0.000, j=10:0.000, j=11:0.000, j=12:0.000, j=13:0.000, j=14:0.000, j=15:0.000, j=16:0.000, j=17:0.000, j=18:0.000, j=19:0.000, j=20:0.000, j=21:0.000, j=22:0.000, j=23:0.000, j=24:0.000, j=25:0.000, j=26:0.000, j=27:0.000, j=28:0.000, j=29:0.000, j=30:0.000, j=31:0.000, j=32:0.000, j=33:0.000, j=34:0.000, j=35:0.000, j=36:0.000, j=37:0.000, j=38:0.000, j=39:0.000, j=40:0.000, j=41:0.000, j=42:0.000, j=43:0.000, j=44:0.000, j=45:0.000, j=46:0.000, j=47:0.000, j=48:0.000, j=49:0.000, j=50:0.000, j=51:0.000, j=52:0.000, j=53:0.000, j=54:0.000, j=55:0.000, j=56:0.000, j=57:0.000, j=58:0.000, j=59:0.000, j=60:0.001, j=61:0.079, j=62:0.705, j=63:0.214
    Average attention per distance:
      d=0:0.228, d=1:0.696, d=2:0.088

--- Layer 1 ---
  Head 0: Entropy=0.614
    Attention coefficients from each query position to previous positions:
      i= 0 -> j=0:1.000
      i= 1 -> j=0:0.996, j=1:0.004
      i= 2 -> j=0:0.873, j=1:0.125, j=2:0.002
      i= 3 -> j=0:0.062, j=1:0.746, j=2:0.191, j=3:0.001
      i= 4 -> j=0:0.000, j=1:0.056, j=2:0.848, j=3:0.094, j=4:0.002
      i= 5 -> j=0:0.000, j=1:0.000, j=2:0.038, j=3:0.781, j=4:0.179, j=5:0.001
      i= 6 -> j=0:0.000, j=1:0.000, j=2:0.000, j=3:0.068, j=4:0.866, j=5:0.065, j=6:0.001
      i= 7 -> j=0:0.000, j=1:0.000, j=2:0.000, j=3:0.000, j=4:0.065, j=5:0.792, j=6:0.143, j=7:0.001
      i= 8 -> j=0:0.000, j=1:0.000, j=2:0.000, j=3:0.000, j=4:0.000, j=5:0.056, j=6:0.754, j=7:0.186, j=8:0.003
      i= 9 -> j=0:0.000, j=1:0.000, j=2:0.000, j=3:0.000, j=4:0.000, j=5:0.000, j=6:0.037, j=7:0.819, j=8:0.143, j=9:0.000
      i=10 -> j=0:0.000, j=1:0.000, j=2:0.000, j=3:0.000, j=4:0.000, j=5:0.000, j=6:0.000, j=7:0.063, j=8:0.848, j=9:0.088, j=10:0.000
      i=11 -> j=0:0.000, j=1:0.000, j=2:0.000, j=3:0.000, j=4:0.000, j=5:0.000, j=6:0.000, j=7:0.000, j=8:0.051, j=9:0.807, j=10:0.139, j=11:0.002
      i=12 -> j=0:0.000, j=1:0.000, j=2:0.000, j=3:0.000, j=4:0.000, j=5:0.000, j=6:0.000, j=7:0.000, j=8:0.000, j=9:0.075, j=10:0.756, j=11:0.168, j=12:0.000
      i=13 -> j=0:0.000, j=1:0.000, j=2:0.000, j=3:0.000, j=4:0.000, j=5:0.000, j=6:0.000, j=7:0.000, j=8:0.000, j=9:0.000, j=10:0.057, j=11:0.856, j=12:0.085, j=13:0.001
      i=14 -> j=0:0.000, j=1:0.000, j=2:0.000, j=3:0.000, j=4:0.000, j=5:0.000, j=6:0.000, j=7:0.000, j=8:0.000, j=9:0.000, j=10:0.000, j=11:0.077, j=12:0.744, j=13:0.177, j=14:0.001
      i=15 -> j=0:0.000, j=1:0.000, j=2:0.000, j=3:0.000, j=4:0.000, j=5:0.000, j=6:0.000, j=7:0.000, j=8:0.000, j=9:0.000, j=10:0.000, j=11:0.000, j=12:0.060, j=13:0.804, j=14:0.134, j=15:0.001
      i=16 -> j=0:0.000, j=1:0.000, j=2:0.000, j=3:0.000, j=4:0.000, j=5:0.000, j=6:0.000, j=7:0.000, j=8:0.000, j=9:0.000, j=10:0.000, j=11:0.000, j=12:0.000, j=13:0.048, j=14:0.796, j=15:0.153, j=16:0.002
      i=17 -> j=0:0.000, j=1:0.000, j=2:0.000, j=3:0.000, j=4:0.000, j=5:0.000, j=6:0.000, j=7:0.000, j=8:0.000, j=9:0.000, j=10:0.000, j=11:0.000, j=12:0.000, j=13:0.000, j=14:0.062, j=15:0.795, j=16:0.141, j=17:0.000
      i=18 -> j=0:0.000, j=1:0.000, j=2:0.000, j=3:0.000, j=4:0.000, j=5:0.000, j=6:0.000, j=7:0.000, j=8:0.000, j=9:0.000, j=10:0.000, j=11:0.000, j=12:0.000, j=13:0.000, j=14:0.000, j=15:0.058, j=16:0.873, j=17:0.068, j=18:0.001
      i=19 -> j=0:0.000, j=1:0.000, j=2:0.000, j=3:0.000, j=4:0.000, j=5:0.000, j=6:0.000, j=7:0.000, j=8:0.000, j=9:0.000, j=10:0.000, j=11:0.000, j=12:0.000, j=13:0.000, j=14:0.000, j=15:0.000, j=16:0.069, j=17:0.746, j=18:0.182, j=19:0.002
      i=20 -> j=0:0.000, j=1:0.000, j=2:0.000, j=3:0.000, j=4:0.000, j=5:0.000, j=6:0.000, j=7:0.000, j=8:0.000, j=9:0.000, j=10:0.000, j=11:0.000, j=12:0.000, j=13:0.000, j=14:0.000, j=15:0.000, j=16:0.000, j=17:0.087, j=18:0.732, j=19:0.178, j=20:0.001
      i=21 -> j=0:0.000, j=1:0.000, j=2:0.000, j=3:0.000, j=4:0.000, j=5:0.000, j=6:0.000, j=7:0.000, j=8:0.000, j=9:0.000, j=10:0.000, j=11:0.000, j=12:0.000, j=13:0.000, j=14:0.000, j=15:0.000, j=16:0.000, j=17:0.000, j=18:0.053, j=19:0.861, j=20:0.084, j=21:0.001
      i=22 -> j=0:0.000, j=1:0.000, j=2:0.000, j=3:0.000, j=4:0.000, j=5:0.000, j=6:0.000, j=7:0.000, j=8:0.000, j=9:0.000, j=10:0.000, j=11:0.000, j=12:0.000, j=13:0.000, j=14:0.000, j=15:0.000, j=16:0.000, j=17:0.000, j=18:0.000, j=19:0.084, j=20:0.718, j=21:0.193, j=22:0.003
      i=23 -> j=0:0.000, j=1:0.000, j=2:0.000, j=3:0.000, j=4:0.000, j=5:0.000, j=6:0.000, j=7:0.000, j=8:0.000, j=9:0.000, j=10:0.000, j=11:0.000, j=12:0.000, j=13:0.000, j=14:0.000, j=15:0.000, j=16:0.000, j=17:0.000, j=18:0.000, j=19:0.000, j=20:0.078, j=21:0.788, j=22:0.133, j=23:0.000
      i=24 -> j=0:0.000, j=1:0.000, j=2:0.000, j=3:0.000, j=4:0.000, j=5:0.000, j=6:0.000, j=7:0.000, j=8:0.000, j=9:0.000, j=10:0.000, j=11:0.000, j=12:0.000, j=13:0.000, j=14:0.000, j=15:0.000, j=16:0.000, j=17:0.000, j=18:0.000, j=19:0.000, j=20:0.000, j=21:0.062, j=22:0.853, j=23:0.083, j=24:0.000
      i=25 -> j=0:0.000, j=1:0.000, j=2:0.000, j=3:0.000, j=4:0.000, j=5:0.000, j=6:0.000, j=7:0.000, j=8:0.000, j=9:0.000, j=10:0.000, j=11:0.000, j=12:0.000, j=13:0.000, j=14:0.000, j=15:0.000, j=16:0.000, j=17:0.000, j=18:0.000, j=19:0.000, j=20:0.000, j=21:0.000, j=22:0.048, j=23:0.821, j=24:0.130, j=25:0.000
      i=26 -> j=0:0.000, j=1:0.000, j=2:0.000, j=3:0.000, j=4:0.000, j=5:0.000, j=6:0.000, j=7:0.000, j=8:0.000, j=9:0.000, j=10:0.000, j=11:0.000, j=12:0.000, j=13:0.000, j=14:0.000, j=15:0.000, j=16:0.000, j=17:0.000, j=18:0.000, j=19:0.000, j=20:0.000, j=21:0.000, j=22:0.000, j=23:0.049, j=24:0.849, j=25:0.100, j=26:0.001
      i=27 -> j=0:0.000, j=1:0.000, j=2:0.000, j=3:0.000, j=4:0.000, j=5:0.000, j=6:0.000, j=7:0.000, j=8:0.000, j=9:0.000, j=10:0.000, j=11:0.000, j=12:0.000, j=13:0.000, j=14:0.000, j=15:0.000, j=16:0.000, j=17:0.000, j=18:0.000, j=19:0.000, j=20:0.000, j=21:0.000, j=22:0.000, j=23:0.000, j=24:0.070, j=25:0.784, j=26:0.144, j=27:0.000
      i=28 -> j=0:0.000, j=1:0.000, j=2:0.000, j=3:0.000, j=4:0.000, j=5:0.000, j=6:0.000, j=7:0.000, j=8:0.000, j=9:0.000, j=10:0.000, j=11:0.000, j=12:0.000, j=13:0.000, j=14:0.000, j=15:0.000, j=16:0.000, j=17:0.000, j=18:0.000, j=19:0.000, j=20:0.000, j=21:0.000, j=22:0.000, j=23:0.000, j=24:0.001, j=25:0.093, j=26:0.840, j=27:0.064, j=28:0.001
      i=29 -> j=0:0.000, j=1:0.000, j=2:0.000, j=3:0.000, j=4:0.000, j=5:0.000, j=6:0.000, j=7:0.000, j=8:0.000, j=9:0.000, j=10:0.000, j=11:0.000, j=12:0.000, j=13:0.000, j=14:0.000, j=15:0.000, j=16:0.000, j=17:0.000, j=18:0.000, j=19:0.000, j=20:0.000, j=21:0.000, j=22:0.000, j=23:0.000, j=24:0.000, j=25:0.000, j=26:0.069, j=27:0.740, j=28:0.184, j=29:0.004
      i=30 -> j=0:0.000, j=1:0.000, j=2:0.000, j=3:0.000, j=4:0.000, j=5:0.000, j=6:0.000, j=7:0.000, j=8:0.000, j=9:0.000, j=10:0.000, j=11:0.000, j=12:0.000, j=13:0.000, j=14:0.000, j=15:0.000, j=16:0.000, j=17:0.000, j=18:0.000, j=19:0.000, j=20:0.000, j=21:0.000, j=22:0.000, j=23:0.000, j=24:0.000, j=25:0.000, j=26:0.000, j=27:0.083, j=28:0.712, j=29:0.200, j=30:0.001
      i=31 -> j=0:0.000, j=1:0.000, j=2:0.000, j=3:0.000, j=4:0.000, j=5:0.000, j=6:0.000, j=7:0.000, j=8:0.000, j=9:0.000, j=10:0.000, j=11:0.000, j=12:0.000, j=13:0.000, j=14:0.000, j=15:0.000, j=16:0.000, j=17:0.000, j=18:0.000, j=19:0.000, j=20:0.000, j=21:0.000, j=22:0.000, j=23:0.000, j=24:0.000, j=25:0.000, j=26:0.000, j=27:0.000, j=28:0.043, j=29:0.847, j=30:0.108, j=31:0.000
      i=32 -> j=0:0.000, j=1:0.000, j=2:0.000, j=3:0.000, j=4:0.000, j=5:0.000, j=6:0.000, j=7:0.000, j=8:0.000, j=9:0.000, j=10:0.000, j=11:0.000, j=12:0.000, j=13:0.000, j=14:0.000, j=15:0.000, j=16:0.000, j=17:0.000, j=18:0.000, j=19:0.000, j=20:0.000, j=21:0.000, j=22:0.000, j=23:0.000, j=24:0.000, j=25:0.000, j=26:0.000, j=27:0.000, j=28:0.000, j=29:0.059, j=30:0.792, j=31:0.145, j=32:0.002
      i=33 -> j=0:0.000, j=1:0.000, j=2:0.000, j=3:0.000, j=4:0.000, j=5:0.000, j=6:0.000, j=7:0.000, j=8:0.000, j=9:0.000, j=10:0.000, j=11:0.000, j=12:0.000, j=13:0.000, j=14:0.000, j=15:0.000, j=16:0.000, j=17:0.000, j=18:0.000, j=19:0.000, j=20:0.000, j=21:0.000, j=22:0.000, j=23:0.000, j=24:0.000, j=25:0.000, j=26:0.000, j=27:0.000, j=28:0.000, j=29:0.000, j=30:0.064, j=31:0.779, j=32:0.154, j=33:0.001
      i=34 -> j=0:0.000, j=1:0.000, j=2:0.000, j=3:0.000, j=4:0.000, j=5:0.000, j=6:0.000, j=7:0.000, j=8:0.000, j=9:0.000, j=10:0.000, j=11:0.000, j=12:0.000, j=13:0.000, j=14:0.000, j=15:0.000, j=16:0.000, j=17:0.000, j=18:0.000, j=19:0.000, j=20:0.000, j=21:0.000, j=22:0.000, j=23:0.000, j=24:0.000, j=25:0.000, j=26:0.000, j=27:0.000, j=28:0.000, j=29:0.000, j=30:0.000, j=31:0.061, j=32:0.807, j=33:0.128, j=34:0.001
      i=35 -> j=0:0.000, j=1:0.000, j=2:0.000, j=3:0.000, j=4:0.000, j=5:0.000, j=6:0.000, j=7:0.000, j=8:0.000, j=9:0.000, j=10:0.000, j=11:0.000, j=12:0.000, j=13:0.000, j=14:0.000, j=15:0.000, j=16:0.000, j=17:0.000, j=18:0.000, j=19:0.001, j=20:0.000, j=21:0.000, j=22:0.000, j=23:0.000, j=24:0.000, j=25:0.000, j=26:0.000, j=27:0.000, j=28:0.000, j=29:0.000, j=30:0.000, j=31:0.001, j=32:0.062, j=33:0.719, j=34:0.209, j=35:0.003
      i=36 -> j=0:0.000, j=1:0.000, j=2:0.000, j=3:0.000, j=4:0.000, j=5:0.000, j=6:0.000, j=7:0.000, j=8:0.000, j=9:0.000, j=10:0.000, j=11:0.000, j=12:0.000, j=13:0.000, j=14:0.000, j=15:0.000, j=16:0.000, j=17:0.000, j=18:0.000, j=19:0.000, j=20:0.000, j=21:0.000, j=22:0.000, j=23:0.000, j=24:0.000, j=25:0.000, j=26:0.000, j=27:0.000, j=28:0.000, j=29:0.000, j=30:0.000, j=31:0.000, j=32:0.000, j=33:0.050, j=34:0.861, j=35:0.087, j=36:0.000
      i=37 -> j=0:0.000, j=1:0.000, j=2:0.000, j=3:0.000, j=4:0.000, j=5:0.000, j=6:0.000, j=7:0.000, j=8:0.000, j=9:0.000, j=10:0.000, j=11:0.000, j=12:0.000, j=13:0.000, j=14:0.000, j=15:0.000, j=16:0.000, j=17:0.000, j=18:0.000, j=19:0.000, j=20:0.000, j=21:0.001, j=22:0.000, j=23:0.000, j=24:0.000, j=25:0.000, j=26:0.000, j=27:0.000, j=28:0.000, j=29:0.000, j=30:0.000, j=31:0.000, j=32:0.000, j=33:0.000, j=34:0.094, j=35:0.786, j=36:0.112, j=37:0.002
      i=38 -> j=0:0.000, j=1:0.000, j=2:0.000, j=3:0.000, j=4:0.000, j=5:0.000, j=6:0.000, j=7:0.000, j=8:0.000, j=9:0.000, j=10:0.000, j=11:0.000, j=12:0.000, j=13:0.000, j=14:0.000, j=15:0.000, j=16:0.000, j=17:0.000, j=18:0.000, j=19:0.000, j=20:0.000, j=21:0.000, j=22:0.000, j=23:0.000, j=24:0.000, j=25:0.000, j=26:0.000, j=27:0.000, j=28:0.000, j=29:0.000, j=30:0.000, j=31:0.000, j=32:0.000, j=33:0.000, j=34:0.000, j=35:0.069, j=36:0.747, j=37:0.182, j=38:0.000
      i=39 -> j=0:0.000, j=1:0.000, j=2:0.000, j=3:0.000, j=4:0.000, j=5:0.000, j=6:0.000, j=7:0.000, j=8:0.000, j=9:0.000, j=10:0.000, j=11:0.000, j=12:0.000, j=13:0.000, j=14:0.000, j=15:0.000, j=16:0.000, j=17:0.000, j=18:0.000, j=19:0.000, j=20:0.000, j=21:0.000, j=22:0.000, j=23:0.000, j=24:0.000, j=25:0.000, j=26:0.000, j=27:0.000, j=28:0.000, j=29:0.000, j=30:0.000, j=31:0.000, j=32:0.000, j=33:0.000, j=34:0.000, j=35:0.000, j=36:0.035, j=37:0.875, j=38:0.089, j=39:0.001
      i=40 -> j=0:0.000, j=1:0.000, j=2:0.000, j=3:0.000, j=4:0.000, j=5:0.000, j=6:0.000, j=7:0.000, j=8:0.000, j=9:0.000, j=10:0.000, j=11:0.000, j=12:0.000, j=13:0.000, j=14:0.000, j=15:0.000, j=16:0.000, j=17:0.000, j=18:0.000, j=19:0.000, j=20:0.000, j=21:0.000, j=22:0.000, j=23:0.000, j=24:0.001, j=25:0.000, j=26:0.000, j=27:0.000, j=28:0.000, j=29:0.000, j=30:0.000, j=31:0.000, j=32:0.000, j=33:0.000, j=34:0.000, j=35:0.000, j=36:0.001, j=37:0.081, j=38:0.690, j=39:0.216, j=40:0.005
      i=41 -> j=0:0.000, j=1:0.000, j=2:0.000, j=3:0.000, j=4:0.000, j=5:0.000, j=6:0.000, j=7:0.000, j=8:0.000, j=9:0.000, j=10:0.000, j=11:0.000, j=12:0.000, j=13:0.000, j=14:0.000, j=15:0.000, j=16:0.000, j=17:0.000, j=18:0.000, j=19:0.000, j=20:0.000, j=21:0.000, j=22:0.000, j=23:0.000, j=24:0.000, j=25:0.000, j=26:0.000, j=27:0.000, j=28:0.000, j=29:0.000, j=30:0.000, j=31:0.000, j=32:0.000, j=33:0.000, j=34:0.000, j=35:0.000, j=36:0.000, j=37:0.000, j=38:0.043, j=39:0.843, j=40:0.113, j=41:0.000
      i=42 -> j=0:0.000, j=1:0.000, j=2:0.000, j=3:0.000, j=4:0.000, j=5:0.000, j=6:0.000, j=7:0.000, j=8:0.000, j=9:0.000, j=10:0.000, j=11:0.000, j=12:0.000, j=13:0.000, j=14:0.000, j=15:0.000, j=16:0.000, j=17:0.000, j=18:0.000, j=19:0.000, j=20:0.000, j=21:0.000, j=22:0.000, j=23:0.000, j=24:0.000, j=25:0.000, j=26:0.000, j=27:0.000, j=28:0.000, j=29:0.000, j=30:0.000, j=31:0.000, j=32:0.000, j=33:0.000, j=34:0.000, j=35:0.000, j=36:0.000, j=37:0.000, j=38:0.000, j=39:0.080, j=40:0.805, j=41:0.112, j=42:0.000
      i=43 -> j=0:0.000, j=1:0.000, j=2:0.000, j=3:0.000, j=4:0.000, j=5:0.000, j=6:0.000, j=7:0.000, j=8:0.000, j=9:0.000, j=10:0.000, j=11:0.000, j=12:0.000, j=13:0.000, j=14:0.000, j=15:0.000, j=16:0.000, j=17:0.000, j=18:0.000, j=19:0.000, j=20:0.000, j=21:0.000, j=22:0.000, j=23:0.000, j=24:0.000, j=25:0.000, j=26:0.000, j=27:0.000, j=28:0.000, j=29:0.000, j=30:0.000, j=31:0.000, j=32:0.000, j=33:0.000, j=34:0.000, j=35:0.000, j=36:0.000, j=37:0.000, j=38:0.000, j=39:0.000, j=40:0.034, j=41:0.802, j=42:0.160, j=43:0.002
      i=44 -> j=0:0.000, j=1:0.000, j=2:0.000, j=3:0.000, j=4:0.000, j=5:0.000, j=6:0.000, j=7:0.000, j=8:0.000, j=9:0.000, j=10:0.000, j=11:0.000, j=12:0.000, j=13:0.000, j=14:0.000, j=15:0.000, j=16:0.000, j=17:0.000, j=18:0.000, j=19:0.000, j=20:0.000, j=21:0.000, j=22:0.000, j=23:0.000, j=24:0.000, j=25:0.000, j=26:0.000, j=27:0.000, j=28:0.000, j=29:0.000, j=30:0.000, j=31:0.000, j=32:0.000, j=33:0.000, j=34:0.000, j=35:0.000, j=36:0.000, j=37:0.000, j=38:0.000, j=39:0.000, j=40:0.000, j=41:0.068, j=42:0.765, j=43:0.163, j=44:0.002
      i=45 -> j=0:0.000, j=1:0.000, j=2:0.000, j=3:0.000, j=4:0.000, j=5:0.000, j=6:0.000, j=7:0.000, j=8:0.000, j=9:0.000, j=10:0.000, j=11:0.000, j=12:0.000, j=13:0.000, j=14:0.000, j=15:0.000, j=16:0.000, j=17:0.000, j=18:0.000, j=19:0.000, j=20:0.000, j=21:0.000, j=22:0.000, j=23:0.000, j=24:0.000, j=25:0.000, j=26:0.000, j=27:0.000, j=28:0.000, j=29:0.000, j=30:0.000, j=31:0.000, j=32:0.000, j=33:0.000, j=34:0.000, j=35:0.000, j=36:0.000, j=37:0.000, j=38:0.000, j=39:0.000, j=40:0.000, j=41:0.000, j=42:0.066, j=43:0.774, j=44:0.156, j=45:0.001
      i=46 -> j=0:0.000, j=1:0.000, j=2:0.000, j=3:0.000, j=4:0.000, j=5:0.000, j=6:0.000, j=7:0.000, j=8:0.000, j=9:0.000, j=10:0.000, j=11:0.000, j=12:0.000, j=13:0.000, j=14:0.000, j=15:0.000, j=16:0.000, j=17:0.000, j=18:0.000, j=19:0.000, j=20:0.000, j=21:0.000, j=22:0.000, j=23:0.000, j=24:0.000, j=25:0.000, j=26:0.000, j=27:0.000, j=28:0.000, j=29:0.000, j=30:0.000, j=31:0.000, j=32:0.000, j=33:0.000, j=34:0.000, j=35:0.000, j=36:0.000, j=37:0.000, j=38:0.000, j=39:0.000, j=40:0.000, j=41:0.000, j=42:0.000, j=43:0.070, j=44:0.843, j=45:0.082, j=46:0.002
      i=47 -> j=0:0.000, j=1:0.000, j=2:0.000, j=3:0.000, j=4:0.000, j=5:0.000, j=6:0.000, j=7:0.000, j=8:0.000, j=9:0.000, j=10:0.000, j=11:0.000, j=12:0.000, j=13:0.000, j=14:0.000, j=15:0.000, j=16:0.000, j=17:0.000, j=18:0.000, j=19:0.000, j=20:0.000, j=21:0.000, j=22:0.000, j=23:0.000, j=24:0.000, j=25:0.000, j=26:0.000, j=27:0.000, j=28:0.000, j=29:0.000, j=30:0.000, j=31:0.000, j=32:0.000, j=33:0.000, j=34:0.000, j=35:0.000, j=36:0.000, j=37:0.000, j=38:0.000, j=39:0.000, j=40:0.000, j=41:0.000, j=42:0.000, j=43:0.000, j=44:0.062, j=45:0.751, j=46:0.182, j=47:0.001
      i=48 -> j=0:0.000, j=1:0.000, j=2:0.000, j=3:0.000, j=4:0.000, j=5:0.000, j=6:0.000, j=7:0.000, j=8:0.000, j=9:0.000, j=10:0.000, j=11:0.000, j=12:0.000, j=13:0.000, j=14:0.000, j=15:0.000, j=16:0.000, j=17:0.000, j=18:0.000, j=19:0.000, j=20:0.000, j=21:0.000, j=22:0.000, j=23:0.000, j=24:0.000, j=25:0.000, j=26:0.000, j=27:0.000, j=28:0.000, j=29:0.000, j=30:0.000, j=31:0.000, j=32:0.000, j=33:0.000, j=34:0.000, j=35:0.000, j=36:0.000, j=37:0.000, j=38:0.000, j=39:0.000, j=40:0.000, j=41:0.000, j=42:0.000, j=43:0.000, j=44:0.000, j=45:0.043, j=46:0.848, j=47:0.108, j=48:0.000
      i=49 -> j=0:0.000, j=1:0.000, j=2:0.000, j=3:0.000, j=4:0.000, j=5:0.000, j=6:0.000, j=7:0.000, j=8:0.000, j=9:0.000, j=10:0.000, j=11:0.000, j=12:0.000, j=13:0.000, j=14:0.000, j=15:0.000, j=16:0.000, j=17:0.000, j=18:0.000, j=19:0.000, j=20:0.000, j=21:0.000, j=22:0.000, j=23:0.000, j=24:0.000, j=25:0.000, j=26:0.000, j=27:0.000, j=28:0.000, j=29:0.000, j=30:0.000, j=31:0.000, j=32:0.000, j=33:0.000, j=34:0.000, j=35:0.000, j=36:0.000, j=37:0.000, j=38:0.000, j=39:0.000, j=40:0.000, j=41:0.000, j=42:0.000, j=43:0.000, j=44:0.000, j=45:0.000, j=46:0.045, j=47:0.835, j=48:0.116, j=49:0.001
      i=50 -> j=0:0.000, j=1:0.000, j=2:0.000, j=3:0.000, j=4:0.000, j=5:0.000, j=6:0.000, j=7:0.000, j=8:0.000, j=9:0.000, j=10:0.000, j=11:0.000, j=12:0.000, j=13:0.000, j=14:0.000, j=15:0.000, j=16:0.000, j=17:0.000, j=18:0.000, j=19:0.000, j=20:0.000, j=21:0.000, j=22:0.000, j=23:0.000, j=24:0.000, j=25:0.000, j=26:0.000, j=27:0.000, j=28:0.000, j=29:0.000, j=30:0.000, j=31:0.000, j=32:0.000, j=33:0.000, j=34:0.000, j=35:0.000, j=36:0.000, j=37:0.000, j=38:0.000, j=39:0.000, j=40:0.000, j=41:0.000, j=42:0.000, j=43:0.000, j=44:0.000, j=45:0.000, j=46:0.000, j=47:0.065, j=48:0.827, j=49:0.106, j=50:0.001
      i=51 -> j=0:0.000, j=1:0.000, j=2:0.000, j=3:0.000, j=4:0.000, j=5:0.000, j=6:0.000, j=7:0.000, j=8:0.000, j=9:0.000, j=10:0.000, j=11:0.000, j=12:0.000, j=13:0.000, j=14:0.000, j=15:0.000, j=16:0.000, j=17:0.000, j=18:0.000, j=19:0.000, j=20:0.000, j=21:0.000, j=22:0.000, j=23:0.000, j=24:0.000, j=25:0.000, j=26:0.000, j=27:0.000, j=28:0.000, j=29:0.000, j=30:0.000, j=31:0.000, j=32:0.000, j=33:0.000, j=34:0.000, j=35:0.000, j=36:0.000, j=37:0.000, j=38:0.000, j=39:0.000, j=40:0.000, j=41:0.000, j=42:0.000, j=43:0.000, j=44:0.000, j=45:0.000, j=46:0.000, j=47:0.000, j=48:0.066, j=49:0.809, j=50:0.120, j=51:0.001
      i=52 -> j=0:0.000, j=1:0.000, j=2:0.000, j=3:0.000, j=4:0.000, j=5:0.000, j=6:0.000, j=7:0.000, j=8:0.000, j=9:0.000, j=10:0.000, j=11:0.000, j=12:0.000, j=13:0.000, j=14:0.000, j=15:0.000, j=16:0.000, j=17:0.000, j=18:0.000, j=19:0.000, j=20:0.000, j=21:0.000, j=22:0.000, j=23:0.000, j=24:0.000, j=25:0.000, j=26:0.000, j=27:0.000, j=28:0.000, j=29:0.000, j=30:0.000, j=31:0.000, j=32:0.000, j=33:0.000, j=34:0.000, j=35:0.000, j=36:0.000, j=37:0.000, j=38:0.000, j=39:0.000, j=40:0.000, j=41:0.000, j=42:0.000, j=43:0.000, j=44:0.000, j=45:0.000, j=46:0.000, j=47:0.000, j=48:0.000, j=49:0.057, j=50:0.844, j=51:0.095, j=52:0.002
      i=53 -> j=0:0.000, j=1:0.000, j=2:0.000, j=3:0.000, j=4:0.000, j=5:0.000, j=6:0.000, j=7:0.000, j=8:0.000, j=9:0.000, j=10:0.000, j=11:0.000, j=12:0.000, j=13:0.000, j=14:0.000, j=15:0.000, j=16:0.000, j=17:0.000, j=18:0.000, j=19:0.000, j=20:0.000, j=21:0.000, j=22:0.000, j=23:0.000, j=24:0.000, j=25:0.000, j=26:0.000, j=27:0.000, j=28:0.000, j=29:0.000, j=30:0.000, j=31:0.000, j=32:0.000, j=33:0.000, j=34:0.000, j=35:0.000, j=36:0.000, j=37:0.000, j=38:0.000, j=39:0.000, j=40:0.000, j=41:0.000, j=42:0.000, j=43:0.000, j=44:0.000, j=45:0.000, j=46:0.000, j=47:0.000, j=48:0.000, j=49:0.000, j=50:0.092, j=51:0.751, j=52:0.151, j=53:0.001
      i=54 -> j=0:0.000, j=1:0.000, j=2:0.000, j=3:0.000, j=4:0.000, j=5:0.000, j=6:0.000, j=7:0.000, j=8:0.000, j=9:0.000, j=10:0.000, j=11:0.000, j=12:0.000, j=13:0.000, j=14:0.000, j=15:0.000, j=16:0.000, j=17:0.000, j=18:0.000, j=19:0.000, j=20:0.000, j=21:0.000, j=22:0.000, j=23:0.000, j=24:0.000, j=25:0.000, j=26:0.000, j=27:0.000, j=28:0.000, j=29:0.000, j=30:0.000, j=31:0.000, j=32:0.000, j=33:0.000, j=34:0.000, j=35:0.000, j=36:0.000, j=37:0.000, j=38:0.000, j=39:0.000, j=40:0.000, j=41:0.000, j=42:0.000, j=43:0.000, j=44:0.000, j=45:0.000, j=46:0.000, j=47:0.000, j=48:0.000, j=49:0.000, j=50:0.000, j=51:0.033, j=52:0.879, j=53:0.087, j=54:0.000
      i=55 -> j=0:0.000, j=1:0.000, j=2:0.000, j=3:0.000, j=4:0.000, j=5:0.000, j=6:0.000, j=7:0.000, j=8:0.000, j=9:0.000, j=10:0.000, j=11:0.000, j=12:0.000, j=13:0.000, j=14:0.000, j=15:0.000, j=16:0.000, j=17:0.000, j=18:0.000, j=19:0.000, j=20:0.000, j=21:0.000, j=22:0.000, j=23:0.000, j=24:0.000, j=25:0.000, j=26:0.000, j=27:0.000, j=28:0.000, j=29:0.000, j=30:0.000, j=31:0.000, j=32:0.000, j=33:0.000, j=34:0.000, j=35:0.000, j=36:0.000, j=37:0.000, j=38:0.000, j=39:0.000, j=40:0.000, j=41:0.000, j=42:0.000, j=43:0.000, j=44:0.000, j=45:0.000, j=46:0.000, j=47:0.000, j=48:0.000, j=49:0.000, j=50:0.000, j=51:0.000, j=52:0.048, j=53:0.823, j=54:0.125, j=55:0.001
      i=56 -> j=0:0.000, j=1:0.000, j=2:0.000, j=3:0.000, j=4:0.000, j=5:0.000, j=6:0.000, j=7:0.000, j=8:0.000, j=9:0.000, j=10:0.000, j=11:0.000, j=12:0.000, j=13:0.000, j=14:0.000, j=15:0.000, j=16:0.000, j=17:0.000, j=18:0.000, j=19:0.000, j=20:0.000, j=21:0.000, j=22:0.000, j=23:0.000, j=24:0.000, j=25:0.000, j=26:0.000, j=27:0.000, j=28:0.000, j=29:0.000, j=30:0.000, j=31:0.000, j=32:0.000, j=33:0.000, j=34:0.000, j=35:0.000, j=36:0.000, j=37:0.000, j=38:0.000, j=39:0.000, j=40:0.000, j=41:0.000, j=42:0.000, j=43:0.000, j=44:0.000, j=45:0.000, j=46:0.000, j=47:0.000, j=48:0.000, j=49:0.000, j=50:0.000, j=51:0.000, j=52:0.000, j=53:0.056, j=54:0.825, j=55:0.114, j=56:0.001
      i=57 -> j=0:0.000, j=1:0.000, j=2:0.000, j=3:0.000, j=4:0.000, j=5:0.000, j=6:0.000, j=7:0.000, j=8:0.000, j=9:0.000, j=10:0.000, j=11:0.000, j=12:0.000, j=13:0.000, j=14:0.000, j=15:0.000, j=16:0.000, j=17:0.000, j=18:0.000, j=19:0.000, j=20:0.000, j=21:0.000, j=22:0.000, j=23:0.000, j=24:0.000, j=25:0.000, j=26:0.000, j=27:0.000, j=28:0.000, j=29:0.000, j=30:0.000, j=31:0.000, j=32:0.000, j=33:0.000, j=34:0.000, j=35:0.000, j=36:0.000, j=37:0.000, j=38:0.000, j=39:0.000, j=40:0.000, j=41:0.000, j=42:0.000, j=43:0.000, j=44:0.000, j=45:0.000, j=46:0.000, j=47:0.000, j=48:0.000, j=49:0.000, j=50:0.000, j=51:0.000, j=52:0.000, j=53:0.000, j=54:0.074, j=55:0.737, j=56:0.183, j=57:0.002
      i=58 -> j=0:0.000, j=1:0.000, j=2:0.000, j=3:0.000, j=4:0.000, j=5:0.000, j=6:0.000, j=7:0.000, j=8:0.000, j=9:0.000, j=10:0.000, j=11:0.000, j=12:0.000, j=13:0.000, j=14:0.000, j=15:0.000, j=16:0.000, j=17:0.000, j=18:0.000, j=19:0.000, j=20:0.000, j=21:0.000, j=22:0.000, j=23:0.000, j=24:0.000, j=25:0.000, j=26:0.000, j=27:0.000, j=28:0.000, j=29:0.000, j=30:0.000, j=31:0.000, j=32:0.000, j=33:0.000, j=34:0.000, j=35:0.000, j=36:0.000, j=37:0.000, j=38:0.000, j=39:0.000, j=40:0.000, j=41:0.000, j=42:0.001, j=43:0.000, j=44:0.000, j=45:0.000, j=46:0.000, j=47:0.000, j=48:0.000, j=49:0.000, j=50:0.000, j=51:0.000, j=52:0.000, j=53:0.000, j=54:0.000, j=55:0.063, j=56:0.803, j=57:0.124, j=58:0.003
      i=59 -> j=0:0.000, j=1:0.000, j=2:0.000, j=3:0.000, j=4:0.000, j=5:0.000, j=6:0.000, j=7:0.000, j=8:0.000, j=9:0.000, j=10:0.000, j=11:0.000, j=12:0.000, j=13:0.000, j=14:0.000, j=15:0.000, j=16:0.000, j=17:0.000, j=18:0.000, j=19:0.000, j=20:0.000, j=21:0.000, j=22:0.000, j=23:0.000, j=24:0.000, j=25:0.000, j=26:0.000, j=27:0.000, j=28:0.000, j=29:0.000, j=30:0.000, j=31:0.000, j=32:0.000, j=33:0.000, j=34:0.000, j=35:0.000, j=36:0.000, j=37:0.000, j=38:0.000, j=39:0.000, j=40:0.000, j=41:0.000, j=42:0.000, j=43:0.000, j=44:0.000, j=45:0.000, j=46:0.000, j=47:0.000, j=48:0.000, j=49:0.000, j=50:0.000, j=51:0.000, j=52:0.000, j=53:0.000, j=54:0.000, j=55:0.000, j=56:0.052, j=57:0.757, j=58:0.186, j=59:0.001
      i=60 -> j=0:0.000, j=1:0.000, j=2:0.000, j=3:0.000, j=4:0.000, j=5:0.000, j=6:0.000, j=7:0.000, j=8:0.000, j=9:0.000, j=10:0.000, j=11:0.000, j=12:0.000, j=13:0.000, j=14:0.000, j=15:0.000, j=16:0.000, j=17:0.000, j=18:0.000, j=19:0.000, j=20:0.000, j=21:0.000, j=22:0.000, j=23:0.000, j=24:0.000, j=25:0.000, j=26:0.000, j=27:0.000, j=28:0.000, j=29:0.000, j=30:0.000, j=31:0.000, j=32:0.000, j=33:0.000, j=34:0.000, j=35:0.000, j=36:0.000, j=37:0.000, j=38:0.000, j=39:0.000, j=40:0.000, j=41:0.000, j=42:0.000, j=43:0.000, j=44:0.000, j=45:0.000, j=46:0.000, j=47:0.000, j=48:0.000, j=49:0.000, j=50:0.000, j=51:0.000, j=52:0.000, j=53:0.000, j=54:0.000, j=55:0.000, j=56:0.000, j=57:0.073, j=58:0.862, j=59:0.062, j=60:0.000
      i=61 -> j=0:0.000, j=1:0.000, j=2:0.000, j=3:0.000, j=4:0.000, j=5:0.000, j=6:0.000, j=7:0.000, j=8:0.000, j=9:0.000, j=10:0.000, j=11:0.000, j=12:0.000, j=13:0.000, j=14:0.000, j=15:0.000, j=16:0.000, j=17:0.000, j=18:0.000, j=19:0.000, j=20:0.000, j=21:0.000, j=22:0.000, j=23:0.000, j=24:0.000, j=25:0.000, j=26:0.000, j=27:0.000, j=28:0.000, j=29:0.000, j=30:0.000, j=31:0.000, j=32:0.000, j=33:0.000, j=34:0.000, j=35:0.000, j=36:0.000, j=37:0.000, j=38:0.000, j=39:0.000, j=40:0.000, j=41:0.000, j=42:0.000, j=43:0.000, j=44:0.000, j=45:0.000, j=46:0.000, j=47:0.000, j=48:0.000, j=49:0.000, j=50:0.000, j=51:0.000, j=52:0.000, j=53:0.000, j=54:0.000, j=55:0.000, j=56:0.000, j=57:0.000, j=58:0.073, j=59:0.767, j=60:0.157, j=61:0.001
      i=62 -> j=0:0.000, j=1:0.000, j=2:0.000, j=3:0.000, j=4:0.000, j=5:0.000, j=6:0.000, j=7:0.000, j=8:0.000, j=9:0.000, j=10:0.000, j=11:0.000, j=12:0.000, j=13:0.000, j=14:0.000, j=15:0.000, j=16:0.000, j=17:0.000, j=18:0.000, j=19:0.000, j=20:0.000, j=21:0.000, j=22:0.000, j=23:0.000, j=24:0.000, j=25:0.000, j=26:0.000, j=27:0.000, j=28:0.000, j=29:0.000, j=30:0.000, j=31:0.000, j=32:0.000, j=33:0.000, j=34:0.000, j=35:0.000, j=36:0.000, j=37:0.000, j=38:0.000, j=39:0.000, j=40:0.000, j=41:0.000, j=42:0.000, j=43:0.000, j=44:0.000, j=45:0.000, j=46:0.000, j=47:0.000, j=48:0.000, j=49:0.000, j=50:0.000, j=51:0.000, j=52:0.000, j=53:0.000, j=54:0.000, j=55:0.000, j=56:0.000, j=57:0.000, j=58:0.000, j=59:0.049, j=60:0.838, j=61:0.108, j=62:0.001
      i=63 -> j=0:0.000, j=1:0.000, j=2:0.000, j=3:0.000, j=4:0.000, j=5:0.000, j=6:0.000, j=7:0.000, j=8:0.000, j=9:0.000, j=10:0.000, j=11:0.000, j=12:0.000, j=13:0.000, j=14:0.000, j=15:0.000, j=16:0.000, j=17:0.000, j=18:0.000, j=19:0.000, j=20:0.000, j=21:0.000, j=22:0.000, j=23:0.000, j=24:0.000, j=25:0.000, j=26:0.000, j=27:0.000, j=28:0.000, j=29:0.000, j=30:0.000, j=31:0.000, j=32:0.000, j=33:0.000, j=34:0.000, j=35:0.000, j=36:0.000, j=37:0.000, j=38:0.000, j=39:0.000, j=40:0.000, j=41:0.000, j=42:0.000, j=43:0.000, j=44:0.000, j=45:0.000, j=46:0.000, j=47:0.000, j=48:0.000, j=49:0.000, j=50:0.000, j=51:0.000, j=52:0.000, j=53:0.000, j=54:0.000, j=55:0.000, j=56:0.000, j=57:0.000, j=58:0.000, j=59:0.000, j=60:0.045, j=61:0.829, j=62:0.123, j=63:0.000
    Average attention per distance:
      d=0:0.017, d=1:0.148, d=2:0.802, d=3:0.061

--- Layer 2 ---
  Head 0: Entropy=2.017
    Attention coefficients from each query position to previous positions:
      i= 0 -> j=0:1.000
      i= 1 -> j=0:0.254, j=1:0.746
      i= 2 -> j=0:0.092, j=1:0.357, j=2:0.551
      i= 3 -> j=0:0.075, j=1:0.278, j=2:0.556, j=3:0.090
      i= 4 -> j=0:0.053, j=1:0.149, j=2:0.525, j=3:0.188, j=4:0.085
      i= 5 -> j=0:0.025, j=1:0.045, j=2:0.186, j=3:0.233, j=4:0.196, j=5:0.314
      i= 6 -> j=0:0.025, j=1:0.024, j=2:0.041, j=3:0.084, j=4:0.163, j=5:0.330, j=6:0.334
      i= 7 -> j=0:0.049, j=1:0.041, j=2:0.034, j=3:0.046, j=4:0.071, j=5:0.177, j=6:0.204, j=7:0.378
      i= 8 -> j=0:0.018, j=1:0.028, j=2:0.055, j=3:0.028, j=4:0.059, j=5:0.156, j=6:0.348, j=7:0.276, j=8:0.033
      i= 9 -> j=0:0.006, j=1:0.008, j=2:0.006, j=3:0.004, j=4:0.004, j=5:0.011, j=6:0.024, j=7:0.087, j=8:0.091, j=9:0.760
      i=10 -> j=0:0.006, j=1:0.009, j=2:0.013, j=3:0.007, j=4:0.006, j=5:0.011, j=6:0.021, j=7:0.040, j=8:0.105, j=9:0.417, j=10:0.364
      i=11 -> j=0:0.002, j=1:0.003, j=2:0.008, j=3:0.005, j=4:0.005, j=5:0.006, j=6:0.014, j=7:0.014, j=8:0.038, j=9:0.115, j=10:0.243, j=11:0.548
      i=12 -> j=0:0.002, j=1:0.002, j=2:0.006, j=3:0.005, j=4:0.006, j=5:0.008, j=6:0.015, j=7:0.011, j=8:0.016, j=9:0.046, j=10:0.135, j=11:0.553, j=12:0.194
      i=13 -> j=0:0.006, j=1:0.006, j=2:0.011, j=3:0.010, j=4:0.015, j=5:0.015, j=6:0.025, j=7:0.016, j=8:0.019, j=9:0.024, j=10:0.066, j=11:0.395, j=12:0.243, j=13:0.150
      i=14 -> j=0:0.017, j=1:0.014, j=2:0.009, j=3:0.011, j=4:0.012, j=5:0.020, j=6:0.021, j=7:0.031, j=8:0.009, j=9:0.029, j=10:0.025, j=11:0.056, j=12:0.162, j=13:0.105, j=14:0.477
      i=15 -> j=0:0.014, j=1:0.015, j=2:0.016, j=3:0.011, j=4:0.014, j=5:0.019, j=6:0.031, j=7:0.031, j=8:0.017, j=9:0.033, j=10:0.030, j=11:0.069, j=12:0.095, j=13:0.134, j=14:0.255, j=15:0.217
      i=16 -> j=0:0.005, j=1:0.007, j=2:0.011, j=3:0.005, j=4:0.007, j=5:0.007, j=6:0.018, j=7:0.013, j=8:0.012, j=9:0.017, j=10:0.018, j=11:0.051, j=12:0.045, j=13:0.137, j=14:0.187, j=15:0.365, j=16:0.097
      i=17 -> j=0:0.003, j=1:0.003, j=2:0.004, j=3:0.003, j=4:0.003, j=5:0.003, j=6:0.006, j=7:0.005, j=8:0.004, j=9:0.008, j=10:0.007, j=11:0.007, j=12:0.005, j=13:0.012, j=14:0.030, j=15:0.083, j=16:0.119, j=17:0.693
      i=18 -> j=0:0.004, j=1:0.005, j=2:0.009, j=3:0.005, j=4:0.006, j=5:0.006, j=6:0.013, j=7:0.008, j=8:0.007, j=9:0.010, j=10:0.015, j=11:0.029, j=12:0.016, j=13:0.030, j=14:0.052, j=15:0.115, j=16:0.107, j=17:0.469, j=18:0.093
      i=19 -> j=0:0.003, j=1:0.003, j=2:0.003, j=3:0.003, j=4:0.003, j=5:0.004, j=6:0.005, j=7:0.005, j=8:0.002, j=9:0.006, j=10:0.007, j=11:0.007, j=12:0.006, j=13:0.005, j=14:0.013, j=15:0.012, j=16:0.027, j=17:0.142, j=18:0.140, j=19:0.606
      i=20 -> j=0:0.003, j=1:0.003, j=2:0.004, j=3:0.003, j=4:0.004, j=5:0.004, j=6:0.007, j=7:0.004, j=8:0.002, j=9:0.002, j=10:0.004, j=11:0.008, j=12:0.005, j=13:0.007, j=14:0.006, j=15:0.008, j=16:0.012, j=17:0.038, j=18:0.105, j=19:0.213, j=20:0.559
      i=21 -> j=0:0.003, j=1:0.003, j=2:0.003, j=3:0.002, j=4:0.003, j=5:0.003, j=6:0.005, j=7:0.005, j=8:0.002, j=9:0.003, j=10:0.003, j=11:0.003, j=12:0.004, j=13:0.005, j=14:0.008, j=15:0.005, j=16:0.004, j=17:0.012, j=18:0.024, j=19:0.066, j=20:0.229, j=21:0.605
      i=22 -> j=0:0.004, j=1:0.004, j=2:0.007, j=3:0.003, j=4:0.004, j=5:0.004, j=6:0.011, j=7:0.006, j=8:0.003, j=9:0.004, j=10:0.004, j=11:0.008, j=12:0.005, j=13:0.015, j=14:0.014, j=15:0.022, j=16:0.012, j=17:0.048, j=18:0.054, j=19:0.080, j=20:0.336, j=21:0.334, j=22:0.018
      i=23 -> j=0:0.003, j=1:0.003, j=2:0.004, j=3:0.002, j=4:0.003, j=5:0.003, j=6:0.006, j=7:0.005, j=8:0.003, j=9:0.004, j=10:0.003, j=11:0.004, j=12:0.003, j=13:0.006, j=14:0.008, j=15:0.010, j=16:0.005, j=17:0.016, j=18:0.011, j=19:0.020, j=20:0.082, j=21:0.273, j=22:0.092, j=23:0.432
      i=24 -> j=0:0.004, j=1:0.004, j=2:0.005, j=3:0.003, j=4:0.004, j=5:0.004, j=6:0.007, j=7:0.005, j=8:0.003, j=9:0.005, j=10:0.005, j=11:0.005, j=12:0.003, j=13:0.006, j=14:0.008, j=15:0.012, j=16:0.008, j=17:0.022, j=18:0.012, j=19:0.023, j=20:0.046, j=21:0.144, j=22:0.092, j=23:0.442, j=24:0.129
      i=25 -> j=0:0.003, j=1:0.002, j=2:0.003, j=3:0.003, j=4:0.003, j=5:0.003, j=6:0.004, j=7:0.003, j=8:0.002, j=9:0.003, j=10:0.003, j=11:0.003, j=12:0.002, j=13:0.003, j=14:0.004, j=15:0.004, j=16:0.004, j=17:0.007, j=18:0.004, j=19:0.006, j=20:0.005, j=21:0.009, j=22:0.022, j=23:0.095, j=24:0.152, j=25:0.649
      i=26 -> j=0:0.006, j=1:0.006, j=2:0.008, j=3:0.005, j=4:0.007, j=5:0.007, j=6:0.011, j=7:0.006, j=8:0.004, j=9:0.004, j=10:0.006, j=11:0.007, j=12:0.004, j=13:0.006, j=14:0.005, j=15:0.006, j=16:0.005, j=17:0.007, j=18:0.008, j=19:0.007, j=20:0.008, j=21:0.009, j=22:0.013, j=23:0.033, j=24:0.057, j=25:0.227, j=26:0.528
      i=27 -> j=0:0.003, j=1:0.003, j=2:0.003, j=3:0.002, j=4:0.003, j=5:0.003, j=6:0.005, j=7:0.003, j=8:0.001, j=9:0.002, j=10:0.002, j=11:0.003, j=12:0.002, j=13:0.004, j=14:0.004, j=15:0.003, j=16:0.003, j=17:0.004, j=18:0.006, j=19:0.007, j=20:0.011, j=21:0.014, j=22:0.007, j=23:0.023, j=24:0.034, j=25:0.169, j=26:0.467, j=27:0.209
      i=28 -> j=0:0.010, j=1:0.011, j=2:0.015, j=3:0.009, j=4:0.012, j=5:0.010, j=6:0.017, j=7:0.010, j=8:0.009, j=9:0.006, j=10:0.008, j=11:0.010, j=12:0.008, j=13:0.013, j=14:0.008, j=15:0.010, j=16:0.007, j=17:0.008, j=18:0.012, j=19:0.008, j=20:0.020, j=21:0.016, j=22:0.012, j=23:0.016, j=24:0.019, j=25:0.051, j=26:0.220, j=27:0.254, j=28:0.189
      i=29 -> j=0:0.013, j=1:0.011, j=2:0.008, j=3:0.009, j=4:0.008, j=5:0.009, j=6:0.010, j=7:0.014, j=8:0.007, j=9:0.013, j=10:0.009, j=11:0.006, j=12:0.010, j=13:0.009, j=14:0.021, j=15:0.013, j=16:0.009, j=17:0.016, j=18:0.011, j=19:0.021, j=20:0.016, j=21:0.032, j=22:0.012, j=23:0.024, j=24:0.022, j=25:0.030, j=26:0.040, j=27:0.158, j=28:0.113, j=29:0.328
      i=30 -> j=0:0.006, j=1:0.007, j=2:0.011, j=3:0.006, j=4:0.007, j=5:0.006, j=6:0.013, j=7:0.006, j=8:0.004, j=9:0.004, j=10:0.005, j=11:0.006, j=12:0.003, j=13:0.008, j=14:0.006, j=15:0.009, j=16:0.004, j=17:0.007, j=18:0.005, j=19:0.004, j=20:0.011, j=21:0.014, j=22:0.010, j=23:0.022, j=24:0.012, j=25:0.035, j=26:0.149, j=27:0.109, j=28:0.229, j=29:0.202, j=30:0.080
      i=31 -> j=0:0.005, j=1:0.005, j=2:0.006, j=3:0.005, j=4:0.006, j=5:0.005, j=6:0.008, j=7:0.005, j=8:0.004, j=9:0.003, j=10:0.004, j=11:0.004, j=12:0.003, j=13:0.005, j=14:0.004, j=15:0.005, j=16:0.004, j=17:0.005, j=18:0.004, j=19:0.004, j=20:0.004, j=21:0.005, j=22:0.007, j=23:0.009, j=24:0.006, j=25:0.010, j=26:0.016, j=27:0.015, j=28:0.045, j=29:0.083, j=30:0.332, j=31:0.373
      i=32 -> j=0:0.010, j=1:0.010, j=2:0.013, j=3:0.009, j=4:0.012, j=5:0.010, j=6:0.015, j=7:0.009, j=8:0.007, j=9:0.006, j=10:0.008, j=11:0.009, j=12:0.006, j=13:0.009, j=14:0.006, j=15:0.008, j=16:0.007, j=17:0.008, j=18:0.007, j=19:0.006, j=20:0.008, j=21:0.007, j=22:0.009, j=23:0.010, j=24:0.009, j=25:0.014, j=26:0.023, j=27:0.010, j=28:0.028, j=29:0.034, j=30:0.191, j=31:0.221, j=32:0.262
      i=33 -> j=0:0.009, j=1:0.007, j=2:0.006, j=3:0.006, j=4:0.006, j=5:0.007, j=6:0.008, j=7:0.007, j=8:0.004, j=9:0.005, j=10:0.005, j=11:0.004, j=12:0.005, j=13:0.005, j=14:0.007, j=15:0.005, j=16:0.005, j=17:0.006, j=18:0.005, j=19:0.008, j=20:0.005, j=21:0.006, j=22:0.005, j=23:0.008, j=24:0.009, j=25:0.013, j=26:0.012, j=27:0.008, j=28:0.009, j=29:0.017, j=30:0.043, j=31:0.105, j=32:0.158, j=33:0.483
      i=34 -> j=0:0.018, j=1:0.017, j=2:0.014, j=3:0.015, j=4:0.015, j=5:0.016, j=6:0.016, j=7:0.018, j=8:0.012, j=9:0.014, j=10:0.013, j=11:0.010, j=12:0.013, j=13:0.013, j=14:0.017, j=15:0.014, j=16:0.012, j=17:0.013, j=18:0.013, j=19:0.017, j=20:0.013, j=21:0.016, j=22:0.011, j=23:0.014, j=24:0.017, j=25:0.018, j=26:0.017, j=27:0.017, j=28:0.015, j=29:0.020, j=30:0.021, j=31:0.042, j=32:0.074, j=33:0.229, j=34:0.185
      i=35 -> j=0:0.006, j=1:0.007, j=2:0.012, j=3:0.006, j=4:0.007, j=5:0.006, j=6:0.013, j=7:0.006, j=8:0.004, j=9:0.004, j=10:0.004, j=11:0.005, j=12:0.003, j=13:0.007, j=14:0.004, j=15:0.005, j=16:0.002, j=17:0.003, j=18:0.004, j=19:0.003, j=20:0.006, j=21:0.005, j=22:0.002, j=23:0.004, j=24:0.003, j=25:0.004, j=26:0.018, j=27:0.006, j=28:0.014, j=29:0.012, j=30:0.014, j=31:0.024, j=32:0.100, j=33:0.108, j=34:0.382, j=35:0.185
      i=36 -> j=0:0.004, j=1:0.005, j=2:0.007, j=3:0.004, j=4:0.005, j=5:0.004, j=6:0.008, j=7:0.004, j=8:0.003, j=9:0.003, j=10:0.003, j=11:0.003, j=12:0.002, j=13:0.004, j=14:0.003, j=15:0.004, j=16:0.002, j=17:0.002, j=18:0.002, j=19:0.002, j=20:0.003, j=21:0.003, j=22:0.002, j=23:0.003, j=24:0.002, j=25:0.003, j=26:0.008, j=27:0.004, j=28:0.009, j=29:0.008, j=30:0.006, j=31:0.008, j=32:0.027, j=33:0.035, j=34:0.134, j=35:0.423, j=36:0.250
      i=37 -> j=0:0.010, j=1:0.010, j=2:0.016, j=3:0.011, j=4:0.013, j=5:0.011, j=6:0.017, j=7:0.009, j=8:0.009, j=9:0.007, j=10:0.009, j=11:0.010, j=12:0.006, j=13:0.010, j=14:0.006, j=15:0.009, j=16:0.006, j=17:0.006, j=18:0.006, j=19:0.004, j=20:0.007, j=21:0.006, j=22:0.006, j=23:0.006, j=24:0.005, j=25:0.006, j=26:0.012, j=27:0.006, j=28:0.014, j=29:0.010, j=30:0.012, j=31:0.012, j=32:0.023, j=33:0.019, j=34:0.058, j=35:0.251, j=36:0.218, j=37:0.143
      i=38 -> j=0:0.011, j=1:0.009, j=2:0.007, j=3:0.009, j=4:0.008, j=5:0.009, j=6:0.009, j=7:0.009, j=8:0.005, j=9:0.008, j=10:0.007, j=11:0.005, j=12:0.006, j=13:0.005, j=14:0.008, j=15:0.006, j=16:0.005, j=17:0.007, j=18:0.005, j=19:0.007, j=20:0.004, j=21:0.006, j=22:0.005, j=23:0.008, j=24:0.008, j=25:0.008, j=26:0.006, j=27:0.007, j=28:0.010, j=29:0.015, j=30:0.010, j=31:0.014, j=32:0.010, j=33:0.019, j=34:0.017, j=35:0.043, j=36:0.115, j=37:0.110, j=38:0.440
      i=39 -> j=0:0.019, j=1:0.017, j=2:0.015, j=3:0.016, j=4:0.016, j=5:0.017, j=6:0.018, j=7:0.017, j=8:0.012, j=9:0.014, j=10:0.014, j=11:0.012, j=12:0.013, j=13:0.013, j=14:0.015, j=15:0.013, j=16:0.011, j=17:0.012, j=18:0.012, j=19:0.014, j=20:0.011, j=21:0.012, j=22:0.011, j=23:0.013, j=24:0.014, j=25:0.015, j=26:0.014, j=27:0.011, j=28:0.015, j=29:0.018, j=30:0.018, j=31:0.021, j=32:0.018, j=33:0.023, j=34:0.021, j=35:0.023, j=36:0.044, j=37:0.070, j=38:0.174, j=39:0.166
      i=40 -> j=0:0.007, j=1:0.008, j=2:0.013, j=3:0.006, j=4:0.008, j=5:0.007, j=6:0.016, j=7:0.007, j=8:0.004, j=9:0.004, j=10:0.005, j=11:0.007, j=12:0.003, j=13:0.007, j=14:0.004, j=15:0.005, j=16:0.002, j=17:0.003, j=18:0.004, j=19:0.002, j=20:0.004, j=21:0.003, j=22:0.002, j=23:0.003, j=24:0.002, j=25:0.004, j=26:0.011, j=27:0.002, j=28:0.006, j=29:0.003, j=30:0.006, j=31:0.005, j=32:0.015, j=33:0.007, j=34:0.031, j=35:0.023, j=36:0.030, j=37:0.092, j=38:0.126, j=39:0.432, j=40:0.071
      i=41 -> j=0:0.004, j=1:0.004, j=2:0.003, j=3:0.003, j=4:0.003, j=5:0.003, j=6:0.004, j=7:0.004, j=8:0.002, j=9:0.003, j=10:0.002, j=11:0.002, j=12:0.002, j=13:0.002, j=14:0.003, j=15:0.002, j=16:0.001, j=17:0.002, j=18:0.001, j=19:0.002, j=20:0.001, j=21:0.002, j=22:0.001, j=23:0.001, j=24:0.002, j=25:0.002, j=26:0.002, j=27:0.002, j=28:0.002, j=29:0.003, j=30:0.001, j=31:0.003, j=32:0.004, j=33:0.007, j=34:0.008, j=35:0.002, j=36:0.004, j=37:0.007, j=38:0.024, j=39:0.043, j=40:0.116, j=41:0.714
      i=42 -> j=0:0.007, j=1:0.008, j=2:0.010, j=3:0.007, j=4:0.008, j=5:0.007, j=6:0.010, j=7:0.007, j=8:0.006, j=9:0.006, j=10:0.006, j=11:0.006, j=12:0.005, j=13:0.007, j=14:0.005, j=15:0.006, j=16:0.004, j=17:0.004, j=18:0.004, j=19:0.003, j=20:0.005, j=21:0.004, j=22:0.003, j=23:0.003, j=24:0.003, j=25:0.004, j=26:0.006, j=27:0.003, j=28:0.006, j=29:0.005, j=30:0.003, j=31:0.004, j=32:0.007, j=33:0.006, j=34:0.012, j=35:0.008, j=36:0.006, j=37:0.010, j=38:0.012, j=39:0.030, j=40:0.128, j=41:0.272, j=42:0.333
      i=43 -> j=0:0.006, j=1:0.006, j=2:0.006, j=3:0.005, j=4:0.005, j=5:0.005, j=6:0.007, j=7:0.006, j=8:0.004, j=9:0.005, j=10:0.005, j=11:0.004, j=12:0.003, j=13:0.004, j=14:0.005, j=15:0.005, j=16:0.003, j=17:0.004, j=18:0.003, j=19:0.003, j=20:0.003, j=21:0.003, j=22:0.002, j=23:0.003, j=24:0.003, j=25:0.003, j=26:0.004, j=27:0.002, j=28:0.005, j=29:0.005, j=30:0.002, j=31:0.003, j=32:0.004, j=33:0.004, j=34:0.007, j=35:0.005, j=36:0.005, j=37:0.005, j=38:0.008, j=39:0.012, j=40:0.029, j=41:0.097, j=42:0.186, j=43:0.505
      i=44 -> j=0:0.007, j=1:0.007, j=2:0.012, j=3:0.008, j=4:0.009, j=5:0.008, j=6:0.014, j=7:0.007, j=8:0.006, j=9:0.005, j=10:0.007, j=11:0.009, j=12:0.005, j=13:0.008, j=14:0.005, j=15:0.006, j=16:0.004, j=17:0.005, j=18:0.004, j=19:0.003, j=20:0.004, j=21:0.004, j=22:0.003, j=23:0.003, j=24:0.002, j=25:0.003, j=26:0.006, j=27:0.002, j=28:0.006, j=29:0.004, j=30:0.003, j=31:0.003, j=32:0.006, j=33:0.003, j=34:0.010, j=35:0.010, j=36:0.009, j=37:0.014, j=38:0.016, j=39:0.041, j=40:0.046, j=41:0.090, j=42:0.247, j=43:0.313, j=44:0.015
      i=45 -> j=0:0.008, j=1:0.007, j=2:0.010, j=3:0.007, j=4:0.008, j=5:0.008, j=6:0.013, j=7:0.007, j=8:0.005, j=9:0.005, j=10:0.006, j=11:0.008, j=12:0.005, j=13:0.007, j=14:0.005, j=15:0.006, j=16:0.004, j=17:0.004, j=18:0.004, j=19:0.003, j=20:0.004, j=21:0.003, j=22:0.003, j=23:0.003, j=24:0.002, j=25:0.003, j=26:0.006, j=27:0.001, j=28:0.005, j=29:0.003, j=30:0.003, j=31:0.003, j=32:0.005, j=33:0.002, j=34:0.007, j=35:0.005, j=36:0.005, j=37:0.008, j=38:0.009, j=39:0.021, j=40:0.010, j=41:0.020, j=42:0.082, j=43:0.303, j=44:0.071, j=45:0.281
      i=46 -> j=0:0.008, j=1:0.009, j=2:0.014, j=3:0.007, j=4:0.010, j=5:0.009, j=6:0.018, j=7:0.009, j=8:0.006, j=9:0.005, j=10:0.006, j=11:0.011, j=12:0.005, j=13:0.010, j=14:0.007, j=15:0.008, j=16:0.004, j=17:0.005, j=18:0.005, j=19:0.003, j=20:0.006, j=21:0.004, j=22:0.003, j=23:0.004, j=24:0.003, j=25:0.004, j=26:0.010, j=27:0.002, j=28:0.006, j=29:0.003, j=30:0.004, j=31:0.003, j=32:0.007, j=33:0.002, j=34:0.010, j=35:0.004, j=36:0.004, j=37:0.010, j=38:0.008, j=39:0.030, j=40:0.011, j=41:0.019, j=42:0.066, j=43:0.187, j=44:0.063, j=45:0.315, j=46:0.055
      i=47 -> j=0:0.009, j=1:0.008, j=2:0.010, j=3:0.006, j=4:0.007, j=5:0.007, j=6:0.012, j=7:0.009, j=8:0.005, j=9:0.006, j=10:0.005, j=11:0.006, j=12:0.005, j=13:0.007, j=14:0.007, j=15:0.007, j=16:0.003, j=17:0.005, j=18:0.004, j=19:0.003, j=20:0.004, j=21:0.004, j=22:0.002, j=23:0.003, j=24:0.002, j=25:0.003, j=26:0.006, j=27:0.002, j=28:0.004, j=29:0.003, j=30:0.002, j=31:0.003, j=32:0.005, j=33:0.004, j=34:0.009, j=35:0.002, j=36:0.003, j=37:0.006, j=38:0.008, j=39:0.018, j=40:0.006, j=41:0.017, j=42:0.021, j=43:0.061, j=44:0.044, j=45:0.309, j=46:0.134, j=47:0.187
      i=48 -> j=0:0.010, j=1:0.009, j=2:0.008, j=3:0.007, j=4:0.007, j=5:0.007, j=6:0.009, j=7:0.010, j=8:0.005, j=9:0.008, j=10:0.006, j=11:0.005, j=12:0.005, j=13:0.006, j=14:0.009, j=15:0.007, j=16:0.004, j=17:0.006, j=18:0.004, j=19:0.005, j=20:0.004, j=21:0.005, j=22:0.003, j=23:0.004, j=24:0.003, j=25:0.003, j=26:0.004, j=27:0.003, j=28:0.004, j=29:0.005, j=30:0.002, j=31:0.003, j=32:0.004, j=33:0.005, j=34:0.009, j=35:0.003, j=36:0.003, j=37:0.004, j=38:0.008, j=39:0.012, j=40:0.006, j=41:0.019, j=42:0.011, j=43:0.022, j=44:0.016, j=45:0.082, j=46:0.102, j=47:0.259, j=48:0.255
      i=49 -> j=0:0.007, j=1:0.008, j=2:0.012, j=3:0.007, j=4:0.009, j=5:0.007, j=6:0.011, j=7:0.007, j=8:0.006, j=9:0.005, j=10:0.007, j=11:0.008, j=12:0.005, j=13:0.008, j=14:0.005, j=15:0.007, j=16:0.005, j=17:0.005, j=18:0.005, j=19:0.003, j=20:0.005, j=21:0.004, j=22:0.004, j=23:0.003, j=24:0.002, j=25:0.003, j=26:0.007, j=27:0.002, j=28:0.005, j=29:0.003, j=30:0.002, j=31:0.002, j=32:0.004, j=33:0.002, j=34:0.007, j=35:0.003, j=36:0.002, j=37:0.003, j=38:0.002, j=39:0.006, j=40:0.005, j=41:0.004, j=42:0.008, j=43:0.007, j=44:0.004, j=45:0.017, j=46:0.052, j=47:0.098, j=48:0.122, j=49:0.472
      i=50 -> j=0:0.005, j=1:0.005, j=2:0.004, j=3:0.004, j=4:0.004, j=5:0.004, j=6:0.004, j=7:0.004, j=8:0.003, j=9:0.004, j=10:0.003, j=11:0.002, j=12:0.003, j=13:0.003, j=14:0.004, j=15:0.003, j=16:0.002, j=17:0.003, j=18:0.002, j=19:0.003, j=20:0.002, j=21:0.002, j=22:0.002, j=23:0.002, j=24:0.002, j=25:0.002, j=26:0.002, j=27:0.001, j=28:0.002, j=29:0.003, j=30:0.001, j=31:0.002, j=32:0.002, j=33:0.002, j=34:0.003, j=35:0.001, j=36:0.002, j=37:0.002, j=38:0.003, j=39:0.003, j=40:0.002, j=41:0.005, j=42:0.004, j=43:0.005, j=44:0.002, j=45:0.003, j=46:0.005, j=47:0.017, j=48:0.047, j=49:0.142, j=50:0.659
      i=51 -> j=0:0.011, j=1:0.011, j=2:0.015, j=3:0.010, j=4:0.012, j=5:0.011, j=6:0.016, j=7:0.011, j=8:0.007, j=9:0.009, j=10:0.010, j=11:0.012, j=12:0.008, j=13:0.010, j=14:0.009, j=15:0.010, j=16:0.006, j=17:0.009, j=18:0.008, j=19:0.007, j=20:0.007, j=21:0.007, j=22:0.005, j=23:0.006, j=24:0.005, j=25:0.005, j=26:0.009, j=27:0.003, j=28:0.008, j=29:0.005, j=30:0.004, j=31:0.004, j=32:0.006, j=33:0.003, j=34:0.009, j=35:0.005, j=36:0.004, j=37:0.006, j=38:0.005, j=39:0.010, j=40:0.004, j=41:0.005, j=42:0.011, j=43:0.015, j=44:0.006, j=45:0.016, j=46:0.017, j=47:0.030, j=48:0.038, j=49:0.202, j=50:0.255, j=51:0.083
      i=52 -> j=0:0.011, j=1:0.010, j=2:0.008, j=3:0.007, j=4:0.007, j=5:0.008, j=6:0.009, j=7:0.009, j=8:0.005, j=9:0.008, j=10:0.007, j=11:0.005, j=12:0.006, j=13:0.006, j=14:0.008, j=15:0.006, j=16:0.005, j=17:0.006, j=18:0.005, j=19:0.006, j=20:0.004, j=21:0.005, j=22:0.004, j=23:0.004, j=24:0.004, j=25:0.004, j=26:0.004, j=27:0.003, j=28:0.004, j=29:0.005, j=30:0.003, j=31:0.004, j=32:0.004, j=33:0.004, j=34:0.005, j=35:0.003, j=36:0.004, j=37:0.004, j=38:0.007, j=39:0.006, j=40:0.002, j=41:0.005, j=42:0.005, j=43:0.008, j=44:0.005, j=45:0.006, j=46:0.003, j=47:0.005, j=48:0.008, j=49:0.023, j=50:0.091, j=51:0.138, j=52:0.475
      i=53 -> j=0:0.011, j=1:0.012, j=2:0.016, j=3:0.010, j=4:0.012, j=5:0.011, j=6:0.016, j=7:0.010, j=8:0.009, j=9:0.008, j=10:0.009, j=11:0.012, j=12:0.008, j=13:0.012, j=14:0.008, j=15:0.010, j=16:0.007, j=17:0.007, j=18:0.008, j=19:0.006, j=20:0.009, j=21:0.007, j=22:0.006, j=23:0.006, j=24:0.005, j=25:0.006, j=26:0.011, j=27:0.004, j=28:0.008, j=29:0.004, j=30:0.005, j=31:0.004, j=32:0.007, j=33:0.003, j=34:0.008, j=35:0.004, j=36:0.003, j=37:0.006, j=38:0.004, j=39:0.009, j=40:0.004, j=41:0.003, j=42:0.005, j=43:0.005, j=44:0.005, j=45:0.008, j=46:0.007, j=47:0.006, j=48:0.005, j=49:0.020, j=50:0.021, j=51:0.093, j=52:0.158, j=53:0.343
      i=54 -> j=0:0.010, j=1:0.008, j=2:0.006, j=3:0.006, j=4:0.005, j=5:0.006, j=6:0.006, j=7:0.008, j=8:0.005, j=9:0.008, j=10:0.006, j=11:0.004, j=12:0.005, j=13:0.004, j=14:0.008, j=15:0.005, j=16:0.004, j=17:0.005, j=18:0.004, j=19:0.005, j=20:0.003, j=21:0.005, j=22:0.003, j=23:0.004, j=24:0.004, j=25:0.003, j=26:0.003, j=27:0.003, j=28:0.003, j=29:0.005, j=30:0.002, j=31:0.003, j=32:0.003, j=33:0.004, j=34:0.004, j=35:0.002, j=36:0.002, j=37:0.003, j=38:0.005, j=39:0.005, j=40:0.002, j=41:0.006, j=42:0.003, j=43:0.004, j=44:0.004, j=45:0.006, j=46:0.004, j=47:0.007, j=48:0.008, j=49:0.005, j=50:0.018, j=51:0.021, j=52:0.080, j=53:0.114, j=54:0.532
      i=55 -> j=0:0.013, j=1:0.013, j=2:0.015, j=3:0.012, j=4:0.012, j=5:0.012, j=6:0.015, j=7:0.013, j=8:0.009, j=9:0.011, j=10:0.011, j=11:0.011, j=12:0.008, j=13:0.011, j=14:0.011, j=15:0.012, j=16:0.008, j=17:0.010, j=18:0.008, j=19:0.007, j=20:0.009, j=21:0.010, j=22:0.007, j=23:0.008, j=24:0.006, j=25:0.006, j=26:0.010, j=27:0.005, j=28:0.008, j=29:0.007, j=30:0.004, j=31:0.005, j=32:0.007, j=33:0.004, j=34:0.010, j=35:0.004, j=36:0.004, j=37:0.005, j=38:0.005, j=39:0.009, j=40:0.005, j=41:0.006, j=42:0.007, j=43:0.006, j=44:0.004, j=45:0.008, j=46:0.010, j=47:0.011, j=48:0.010, j=49:0.017, j=50:0.023, j=51:0.027, j=52:0.051, j=53:0.147, j=54:0.182, j=55:0.133
      i=56 -> j=0:0.011, j=1:0.012, j=2:0.017, j=3:0.012, j=4:0.013, j=5:0.012, j=6:0.017, j=7:0.011, j=8:0.009, j=9:0.009, j=10:0.011, j=11:0.013, j=12:0.008, j=13:0.011, j=14:0.008, j=15:0.011, j=16:0.007, j=17:0.009, j=18:0.008, j=19:0.006, j=20:0.009, j=21:0.007, j=22:0.007, j=23:0.007, j=24:0.005, j=25:0.006, j=26:0.011, j=27:0.003, j=28:0.008, j=29:0.005, j=30:0.004, j=31:0.003, j=32:0.006, j=33:0.002, j=34:0.008, j=35:0.004, j=36:0.003, j=37:0.004, j=38:0.003, j=39:0.007, j=40:0.004, j=41:0.003, j=42:0.005, j=43:0.004, j=44:0.002, j=45:0.004, j=46:0.006, j=47:0.006, j=48:0.005, j=49:0.013, j=50:0.011, j=51:0.012, j=52:0.018, j=53:0.098, j=54:0.098, j=55:0.263, j=56:0.119
      i=57 -> j=0:0.010, j=1:0.009, j=2:0.012, j=3:0.009, j=4:0.009, j=5:0.009, j=6:0.012, j=7:0.009, j=8:0.006, j=9:0.008, j=10:0.008, j=11:0.009, j=12:0.006, j=13:0.008, j=14:0.007, j=15:0.008, j=16:0.005, j=17:0.007, j=18:0.006, j=19:0.005, j=20:0.006, j=21:0.006, j=22:0.005, j=23:0.006, j=24:0.005, j=25:0.005, j=26:0.008, j=27:0.003, j=28:0.006, j=29:0.004, j=30:0.004, j=31:0.003, j=32:0.005, j=33:0.003, j=34:0.006, j=35:0.003, j=36:0.003, j=37:0.004, j=38:0.003, j=39:0.006, j=40:0.002, j=41:0.003, j=42:0.004, j=43:0.004, j=44:0.002, j=45:0.003, j=46:0.003, j=47:0.003, j=48:0.003, j=49:0.007, j=50:0.007, j=51:0.005, j=52:0.007, j=53:0.016, j=54:0.019, j=55:0.074, j=56:0.113, j=57:0.472
      i=58 -> j=0:0.009, j=1:0.009, j=2:0.015, j=3:0.008, j=4:0.011, j=5:0.010, j=6:0.016, j=7:0.009, j=8:0.007, j=9:0.007, j=10:0.008, j=11:0.014, j=12:0.006, j=13:0.011, j=14:0.006, j=15:0.009, j=16:0.006, j=17:0.008, j=18:0.009, j=19:0.005, j=20:0.009, j=21:0.007, j=22:0.005, j=23:0.006, j=24:0.004, j=25:0.006, j=26:0.015, j=27:0.003, j=28:0.008, j=29:0.004, j=30:0.004, j=31:0.003, j=32:0.007, j=33:0.002, j=34:0.009, j=35:0.003, j=36:0.002, j=37:0.005, j=38:0.002, j=39:0.007, j=40:0.002, j=41:0.002, j=42:0.005, j=43:0.004, j=44:0.002, j=45:0.003, j=46:0.003, j=47:0.003, j=48:0.002, j=49:0.010, j=50:0.007, j=51:0.011, j=52:0.013, j=53:0.044, j=54:0.022, j=55:0.093, j=56:0.073, j=57:0.369, j=58:0.035
      i=59 -> j=0:0.008, j=1:0.009, j=2:0.012, j=3:0.007, j=4:0.008, j=5:0.008, j=6:0.013, j=7:0.008, j=8:0.005, j=9:0.006, j=10:0.007, j=11:0.009, j=12:0.006, j=13:0.008, j=14:0.006, j=15:0.007, j=16:0.004, j=17:0.006, j=18:0.006, j=19:0.005, j=20:0.006, j=21:0.006, j=22:0.004, j=23:0.005, j=24:0.003, j=25:0.004, j=26:0.010, j=27:0.002, j=28:0.006, j=29:0.003, j=30:0.003, j=31:0.003, j=32:0.005, j=33:0.002, j=34:0.006, j=35:0.002, j=36:0.002, j=37:0.003, j=38:0.002, j=39:0.006, j=40:0.001, j=41:0.001, j=42:0.003, j=43:0.002, j=44:0.001, j=45:0.002, j=46:0.002, j=47:0.002, j=48:0.001, j=49:0.005, j=50:0.004, j=51:0.007, j=52:0.009, j=53:0.017, j=54:0.011, j=55:0.028, j=56:0.047, j=57:0.372, j=58:0.108, j=59:0.146
      i=60 -> j=0:0.010, j=1:0.010, j=2:0.013, j=3:0.008, j=4:0.009, j=5:0.009, j=6:0.013, j=7:0.010, j=8:0.007, j=9:0.008, j=10:0.008, j=11:0.010, j=12:0.007, j=13:0.009, j=14:0.009, j=15:0.009, j=16:0.005, j=17:0.007, j=18:0.007, j=19:0.006, j=20:0.008, j=21:0.008, j=22:0.005, j=23:0.006, j=24:0.004, j=25:0.005, j=26:0.010, j=27:0.004, j=28:0.007, j=29:0.005, j=30:0.003, j=31:0.003, j=32:0.006, j=33:0.003, j=34:0.008, j=35:0.002, j=36:0.002, j=37:0.004, j=38:0.003, j=39:0.007, j=40:0.002, j=41:0.002, j=42:0.003, j=43:0.003, j=44:0.002, j=45:0.003, j=46:0.003, j=47:0.002, j=48:0.002, j=49:0.004, j=50:0.004, j=51:0.007, j=52:0.009, j=53:0.016, j=54:0.012, j=55:0.018, j=56:0.025, j=57:0.162, j=58:0.119, j=59:0.256, j=60:0.069
      i=61 -> j=0:0.011, j=1:0.010, j=2:0.008, j=3:0.009, j=4:0.007, j=5:0.008, j=6:0.008, j=7:0.010, j=8:0.006, j=9:0.010, j=10:0.008, j=11:0.005, j=12:0.007, j=13:0.006, j=14:0.010, j=15:0.007, j=16:0.005, j=17:0.007, j=18:0.005, j=19:0.007, j=20:0.004, j=21:0.007, j=22:0.004, j=23:0.006, j=24:0.005, j=25:0.004, j=26:0.004, j=27:0.004, j=28:0.005, j=29:0.006, j=30:0.003, j=31:0.004, j=32:0.003, j=33:0.004, j=34:0.005, j=35:0.002, j=36:0.002, j=37:0.003, j=38:0.004, j=39:0.004, j=40:0.002, j=41:0.004, j=42:0.002, j=43:0.003, j=44:0.002, j=45:0.003, j=46:0.002, j=47:0.003, j=48:0.004, j=49:0.003, j=50:0.006, j=51:0.004, j=52:0.007, j=53:0.006, j=54:0.012, j=55:0.005, j=56:0.005, j=57:0.010, j=58:0.018, j=59:0.088, j=60:0.131, j=61:0.444
      i=62 -> j=0:0.009, j=1:0.010, j=2:0.015, j=3:0.010, j=4:0.012, j=5:0.010, j=6:0.014, j=7:0.009, j=8:0.009, j=9:0.008, j=10:0.009, j=11:0.013, j=12:0.007, j=13:0.011, j=14:0.007, j=15:0.010, j=16:0.007, j=17:0.008, j=18:0.008, j=19:0.005, j=20:0.009, j=21:0.007, j=22:0.007, j=23:0.006, j=24:0.005, j=25:0.005, j=26:0.011, j=27:0.004, j=28:0.008, j=29:0.005, j=30:0.005, j=31:0.004, j=32:0.007, j=33:0.003, j=34:0.008, j=35:0.005, j=36:0.003, j=37:0.005, j=38:0.003, j=39:0.006, j=40:0.004, j=41:0.002, j=42:0.005, j=43:0.003, j=44:0.002, j=45:0.003, j=46:0.004, j=47:0.003, j=48:0.002, j=49:0.004, j=50:0.002, j=51:0.003, j=52:0.003, j=53:0.008, j=54:0.003, j=55:0.006, j=56:0.003, j=57:0.009, j=58:0.013, j=59:0.033, j=60:0.048, j=61:0.114, j=62:0.418
      i=63 -> j=0:0.007, j=1:0.006, j=2:0.005, j=3:0.006, j=4:0.005, j=5:0.005, j=6:0.005, j=7:0.006, j=8:0.004, j=9:0.007, j=10:0.005, j=11:0.004, j=12:0.004, j=13:0.003, j=14:0.006, j=15:0.004, j=16:0.003, j=17:0.005, j=18:0.003, j=19:0.005, j=20:0.003, j=21:0.004, j=22:0.003, j=23:0.004, j=24:0.004, j=25:0.003, j=26:0.002, j=27:0.002, j=28:0.003, j=29:0.004, j=30:0.002, j=31:0.002, j=32:0.002, j=33:0.003, j=34:0.003, j=35:0.001, j=36:0.002, j=37:0.002, j=38:0.003, j=39:0.002, j=40:0.001, j=41:0.002, j=42:0.002, j=43:0.002, j=44:0.001, j=45:0.001, j=46:0.001, j=47:0.002, j=48:0.002, j=49:0.002, j=50:0.004, j=51:0.002, j=52:0.003, j=53:0.003, j=54:0.005, j=55:0.004, j=56:0.003, j=57:0.004, j=58:0.002, j=59:0.006, j=60:0.015, j=61:0.054, j=62:0.101, j=63:0.629
    Average attention per distance:
      d=0:0.334, d=1:0.238, d=2:0.153, d=3:0.063, d=4:0.028, d=5:0.017, d=6:0.013, d=7:0.013
      d=8:0.010, d=54:0.011, d=56:0.010, d=60:0.010

--- Layer 3 ---
  Head 0: Entropy=2.393
    Attention coefficients from each query position to previous positions:
      i= 0 -> j=0:1.000
      i= 1 -> j=0:0.333, j=1:0.667
      i= 2 -> j=0:0.210, j=1:0.582, j=2:0.208
      i= 3 -> j=0:0.137, j=1:0.487, j=2:0.316, j=3:0.059
      i= 4 -> j=0:0.092, j=1:0.276, j=2:0.296, j=3:0.083, j=4:0.253
      i= 5 -> j=0:0.066, j=1:0.123, j=2:0.144, j=3:0.056, j=4:0.309, j=5:0.302
      i= 6 -> j=0:0.087, j=1:0.116, j=2:0.094, j=3:0.035, j=4:0.259, j=5:0.337, j=6:0.073
      i= 7 -> j=0:0.048, j=1:0.054, j=2:0.031, j=3:0.011, j=4:0.069, j=5:0.104, j=6:0.052, j=7:0.631
      i= 8 -> j=0:0.042, j=1:0.051, j=2:0.026, j=3:0.009, j=4:0.041, j=5:0.058, j=6:0.046, j=7:0.543, j=8:0.184
      i= 9 -> j=0:0.051, j=1:0.075, j=2:0.042, j=3:0.013, j=4:0.040, j=5:0.041, j=6:0.030, j=7:0.300, j=8:0.295, j=9:0.113
      i=10 -> j=0:0.036, j=1:0.060, j=2:0.038, j=3:0.011, j=4:0.032, j=5:0.027, j=6:0.015, j=7:0.157, j=8:0.287, j=9:0.123, j=10:0.215
      i=11 -> j=0:0.043, j=1:0.059, j=2:0.046, j=3:0.019, j=4:0.046, j=5:0.039, j=6:0.018, j=7:0.085, j=8:0.151, j=9:0.084, j=10:0.208, j=11:0.202
      i=12 -> j=0:0.046, j=1:0.056, j=2:0.038, j=3:0.012, j=4:0.043, j=5:0.039, j=6:0.012, j=7:0.072, j=8:0.093, j=9:0.036, j=10:0.148, j=11:0.315, j=12:0.088
      i=13 -> j=0:0.052, j=1:0.058, j=2:0.035, j=3:0.012, j=4:0.041, j=5:0.042, j=6:0.014, j=7:0.074, j=8:0.067, j=9:0.024, j=10:0.089, j=11:0.276, j=12:0.105, j=13:0.112
      i=14 -> j=0:0.041, j=1:0.047, j=2:0.027, j=3:0.009, j=4:0.026, j=5:0.027, j=6:0.012, j=7:0.061, j=8:0.043, j=9:0.015, j=10:0.032, j=11:0.105, j=12:0.052, j=13:0.097, j=14:0.405
      i=15 -> j=0:0.022, j=1:0.029, j=2:0.016, j=3:0.005, j=4:0.013, j=5:0.013, j=6:0.006, j=7:0.038, j=8:0.027, j=9:0.008, j=10:0.015, j=11:0.050, j=12:0.023, j=13:0.064, j=14:0.372, j=15:0.296
      i=16 -> j=0:0.021, j=1:0.029, j=2:0.018, j=3:0.005, j=4:0.013, j=5:0.012, j=6:0.005, j=7:0.036, j=8:0.030, j=9:0.009, j=10:0.014, j=11:0.037, j=12:0.014, j=13:0.039, j=14:0.231, j=15:0.326, j=16:0.163
      i=17 -> j=0:0.036, j=1:0.046, j=2:0.032, j=3:0.012, j=4:0.027, j=5:0.024, j=6:0.010, j=7:0.047, j=8:0.044, j=9:0.019, j=10:0.029, j=11:0.052, j=12:0.020, j=13:0.036, j=14:0.121, j=15:0.179, j=16:0.179, j=17:0.087
      i=18 -> j=0:0.032, j=1:0.037, j=2:0.026, j=3:0.009, j=4:0.024, j=5:0.021, j=6:0.007, j=7:0.038, j=8:0.034, j=9:0.013, j=10:0.025, j=11:0.050, j=12:0.015, j=13:0.023, j=14:0.077, j=15:0.110, j=16:0.173, j=17:0.107, j=18:0.178
      i=19 -> j=0:0.021, j=1:0.022, j=2:0.014, j=3:0.005, j=4:0.014, j=5:0.014, j=6:0.005, j=7:0.023, j=8:0.017, j=9:0.007, j=10:0.013, j=11:0.028, j=12:0.010, j=13:0.013, j=14:0.033, j=15:0.029, j=16:0.047, j=17:0.040, j=18:0.109, j=19:0.538
      i=20 -> j=0:0.006, j=1:0.007, j=2:0.004, j=3:0.001, j=4:0.003, j=5:0.003, j=6:0.001, j=7:0.007, j=8:0.005, j=9:0.001, j=10:0.003, j=11:0.007, j=12:0.002, j=13:0.003, j=14:0.011, j=15:0.007, j=16:0.009, j=17:0.007, j=18:0.026, j=19:0.214, j=20:0.673
      i=21 -> j=0:0.018, j=1:0.021, j=2:0.012, j=3:0.004, j=4:0.010, j=5:0.010, j=6:0.004, j=7:0.022, j=8:0.015, j=9:0.005, j=10:0.008, j=11:0.018, j=12:0.007, j=13:0.010, j=14:0.032, j=15:0.019, j=16:0.016, j=17:0.010, j=18:0.024, j=19:0.116, j=20:0.495, j=21:0.124
      i=22 -> j=0:0.009, j=1:0.012, j=2:0.007, j=3:0.002, j=4:0.005, j=5:0.005, j=6:0.002, j=7:0.012, j=8:0.009, j=9:0.003, j=10:0.004, j=11:0.010, j=12:0.003, j=13:0.005, j=14:0.021, j=15:0.013, j=16:0.010, j=17:0.005, j=18:0.010, j=19:0.055, j=20:0.437, j=21:0.147, j=22:0.211
      i=23 -> j=0:0.016, j=1:0.019, j=2:0.013, j=3:0.005, j=4:0.011, j=5:0.009, j=6:0.004, j=7:0.018, j=8:0.015, j=9:0.006, j=10:0.009, j=11:0.017, j=12:0.006, j=13:0.009, j=14:0.028, j=15:0.022, j=16:0.018, j=17:0.010, j=18:0.013, j=19:0.037, j=20:0.175, j=21:0.097, j=22:0.250, j=23:0.192
      i=24 -> j=0:0.016, j=1:0.018, j=2:0.013, j=3:0.005, j=4:0.011, j=5:0.010, j=6:0.004, j=7:0.016, j=8:0.014, j=9:0.006, j=10:0.009, j=11:0.017, j=12:0.005, j=13:0.007, j=14:0.022, j=15:0.019, j=16:0.017, j=17:0.009, j=18:0.011, j=19:0.028, j=20:0.096, j=21:0.056, j=22:0.218, j=23:0.237, j=24:0.138
      i=25 -> j=0:0.009, j=1:0.010, j=2:0.006, j=3:0.002, j=4:0.005, j=5:0.005, j=6:0.002, j=7:0.009, j=8:0.006, j=9:0.002, j=10:0.004, j=11:0.009, j=12:0.003, j=13:0.003, j=14:0.011, j=15:0.008, j=16:0.008, j=17:0.005, j=18:0.006, j=19:0.018, j=20:0.045, j=21:0.017, j=22:0.069, j=23:0.091, j=24:0.083, j=25:0.563
      i=26 -> j=0:0.012, j=1:0.013, j=2:0.008, j=3:0.003, j=4:0.007, j=5:0.006, j=6:0.003, j=7:0.011, j=8:0.008, j=9:0.003, j=10:0.005, j=11:0.011, j=12:0.004, j=13:0.005, j=14:0.013, j=15:0.009, j=16:0.008, j=17:0.006, j=18:0.008, j=19:0.025, j=20:0.051, j=21:0.016, j=22:0.040, j=23:0.049, j=24:0.052, j=25:0.418, j=26:0.207
      i=27 -> j=0:0.012, j=1:0.014, j=2:0.008, j=3:0.002, j=4:0.006, j=5:0.005, j=6:0.002, j=7:0.011, j=8:0.007, j=9:0.003, j=10:0.004, j=11:0.009, j=12:0.003, j=13:0.004, j=14:0.014, j=15:0.008, j=16:0.006, j=17:0.004, j=18:0.006, j=19:0.022, j=20:0.056, j=21:0.015, j=22:0.026, j=23:0.024, j=24:0.020, j=25:0.191, j=26:0.228, j=27:0.289
      i=28 -> j=0:0.011, j=1:0.014, j=2:0.008, j=3:0.002, j=4:0.006, j=5:0.005, j=6:0.002, j=7:0.012, j=8:0.008, j=9:0.002, j=10:0.004, j=11:0.009, j=12:0.003, j=13:0.004, j=14:0.015, j=15:0.009, j=16:0.006, j=17:0.003, j=18:0.005, j=19:0.021, j=20:0.067, j=21:0.017, j=22:0.026, j=23:0.019, j=24:0.011, j=25:0.098, j=26:0.188, j=27:0.334, j=28:0.091
      i=29 -> j=0:0.016, j=1:0.019, j=2:0.013, j=3:0.005, j=4:0.010, j=5:0.009, j=6:0.004, j=7:0.015, j=8:0.012, j=9:0.005, j=10:0.007, j=11:0.013, j=12:0.005, j=13:0.007, j=14:0.019, j=15:0.014, j=16:0.010, j=17:0.006, j=18:0.007, j=19:0.020, j=20:0.051, j=21:0.022, j=22:0.031, j=23:0.024, j=24:0.012, j=25:0.043, j=26:0.081, j=27:0.150, j=28:0.102, j=29:0.270
      i=30 -> j=0:0.010, j=1:0.012, j=2:0.008, j=3:0.003, j=4:0.007, j=5:0.006, j=6:0.002, j=7:0.009, j=8:0.007, j=9:0.003, j=10:0.005, j=11:0.008, j=12:0.003, j=13:0.004, j=14:0.011, j=15:0.009, j=16:0.007, j=17:0.004, j=18:0.005, j=19:0.012, j=20:0.030, j=21:0.014, j=22:0.022, j=23:0.018, j=24:0.008, j=25:0.024, j=26:0.040, j=27:0.075, j=28:0.070, j=29:0.254, j=30:0.307
      i=31 -> j=0:0.013, j=1:0.014, j=2:0.009, j=3:0.003, j=4:0.007, j=5:0.007, j=6:0.002, j=7:0.011, j=8:0.008, j=9:0.003, j=10:0.004, j=11:0.009, j=12:0.003, j=13:0.004, j=14:0.012, j=15:0.008, j=16:0.007, j=17:0.004, j=18:0.005, j=19:0.014, j=20:0.033, j=21:0.012, j=22:0.021, j=23:0.020, j=24:0.009, j=25:0.031, j=26:0.032, j=27:0.046, j=28:0.034, j=29:0.141, j=30:0.407, j=31:0.069
      i=32 -> j=0:0.009, j=1:0.009, j=2:0.005, j=3:0.002, j=4:0.005, j=5:0.004, j=6:0.002, j=7:0.007, j=8:0.005, j=9:0.002, j=10:0.003, j=11:0.006, j=12:0.002, j=13:0.003, j=14:0.007, j=15:0.005, j=16:0.004, j=17:0.003, j=18:0.004, j=19:0.010, j=20:0.019, j=21:0.007, j=22:0.011, j=23:0.011, j=24:0.007, j=25:0.022, j=26:0.018, j=27:0.021, j=28:0.012, j=29:0.038, j=30:0.158, j=31:0.051, j=32:0.529
      i=33 -> j=0:0.012, j=1:0.013, j=2:0.008, j=3:0.003, j=4:0.006, j=5:0.006, j=6:0.002, j=7:0.010, j=8:0.006, j=9:0.003, j=10:0.004, j=11:0.007, j=12:0.003, j=13:0.004, j=14:0.010, j=15:0.006, j=16:0.005, j=17:0.003, j=18:0.004, j=19:0.012, j=20:0.024, j=21:0.008, j=22:0.011, j=23:0.011, j=24:0.007, j=25:0.024, j=26:0.021, j=27:0.023, j=28:0.010, j=29:0.021, j=30:0.072, j=31:0.030, j=32:0.469, j=33:0.143
      i=34 -> j=0:0.014, j=1:0.015, j=2:0.009, j=3:0.003, j=4:0.006, j=5:0.006, j=6:0.003, j=7:0.011, j=8:0.008, j=9:0.003, j=10:0.004, j=11:0.008, j=12:0.003, j=13:0.004, j=14:0.011, j=15:0.007, j=16:0.005, j=17:0.003, j=18:0.004, j=19:0.013, j=20:0.027, j=21:0.010, j=22:0.012, j=23:0.010, j=24:0.006, j=25:0.022, j=26:0.023, j=27:0.028, j=28:0.010, j=29:0.018, j=30:0.046, j=31:0.020, j=32:0.390, j=33:0.183, j=34:0.056
      i=35 -> j=0:0.014, j=1:0.016, j=2:0.011, j=3:0.004, j=4:0.007, j=5:0.006, j=6:0.003, j=7:0.011, j=8:0.008, j=9:0.004, j=10:0.005, j=11:0.008, j=12:0.003, j=13:0.004, j=14:0.011, j=15:0.008, j=16:0.006, j=17:0.004, j=18:0.004, j=19:0.012, j=20:0.026, j=21:0.011, j=22:0.013, j=23:0.011, j=24:0.006, j=25:0.018, j=26:0.021, j=27:0.029, j=28:0.012, j=29:0.020, j=30:0.032, j=31:0.012, j=32:0.190, j=33:0.129, j=34:0.075, j=35:0.245
      i=36 -> j=0:0.018, j=1:0.020, j=2:0.013, j=3:0.005, j=4:0.010, j=5:0.009, j=6:0.003, j=7:0.014, j=8:0.010, j=9:0.005, j=10:0.006, j=11:0.011, j=12:0.004, j=13:0.005, j=14:0.014, j=15:0.010, j=16:0.007, j=17:0.004, j=18:0.005, j=19:0.014, j=20:0.031, j=21:0.013, j=22:0.017, j=23:0.014, j=24:0.007, j=25:0.019, j=26:0.021, j=27:0.030, j=28:0.013, j=29:0.029, j=30:0.039, j=31:0.009, j=32:0.110, j=33:0.062, j=34:0.047, j=35:0.314, j=36:0.039
      i=37 -> j=0:0.017, j=1:0.019, j=2:0.013, j=3:0.005, j=4:0.010, j=5:0.009, j=6:0.004, j=7:0.013, j=8:0.009, j=9:0.005, j=10:0.006, j=11:0.011, j=12:0.004, j=13:0.005, j=14:0.012, j=15:0.009, j=16:0.007, j=17:0.005, j=18:0.005, j=19:0.012, j=20:0.024, j=21:0.011, j=22:0.016, j=23:0.015, j=24:0.007, j=25:0.019, j=26:0.018, j=27:0.023, j=28:0.012, j=29:0.029, j=30:0.040, j=31:0.009, j=32:0.070, j=33:0.034, j=34:0.029, j=35:0.254, j=36:0.048, j=37:0.162
      i=38 -> j=0:0.018, j=1:0.019, j=2:0.012, j=3:0.005, j=4:0.010, j=5:0.010, j=6:0.004, j=7:0.014, j=8:0.009, j=9:0.004, j=10:0.006, j=11:0.011, j=12:0.004, j=13:0.005, j=14:0.012, j=15:0.008, j=16:0.007, j=17:0.005, j=18:0.005, j=19:0.013, j=20:0.024, j=21:0.010, j=22:0.013, j=23:0.013, j=24:0.007, j=25:0.020, j=26:0.017, j=27:0.019, j=28:0.009, j=29:0.022, j=30:0.037, j=31:0.009, j=32:0.064, j=33:0.024, j=34:0.013, j=35:0.099, j=36:0.025, j=37:0.136, j=38:0.257
      i=39 -> j=0:0.017, j=1:0.019, j=2:0.011, j=3:0.005, j=4:0.009, j=5:0.009, j=6:0.004, j=7:0.014, j=8:0.009, j=9:0.004, j=10:0.005, j=11:0.010, j=12:0.004, j=13:0.005, j=14:0.011, j=15:0.007, j=16:0.006, j=17:0.004, j=18:0.005, j=19:0.012, j=20:0.022, j=21:0.009, j=22:0.011, j=23:0.010, j=24:0.006, j=25:0.018, j=26:0.015, j=27:0.016, j=28:0.007, j=29:0.015, j=30:0.029, j=31:0.008, j=32:0.060, j=33:0.021, j=34:0.009, j=35:0.060, j=36:0.016, j=37:0.119, j=38:0.288, j=39:0.093
      i=40 -> j=0:0.017, j=1:0.019, j=2:0.012, j=3:0.005, j=4:0.009, j=5:0.009, j=6:0.004, j=7:0.014, j=8:0.009, j=9:0.004, j=10:0.005, j=11:0.009, j=12:0.004, j=13:0.005, j=14:0.012, j=15:0.007, j=16:0.006, j=17:0.004, j=18:0.005, j=19:0.012, j=20:0.021, j=21:0.009, j=22:0.010, j=23:0.009, j=24:0.006, j=25:0.016, j=26:0.015, j=27:0.017, j=28:0.007, j=29:0.013, j=30:0.022, j=31:0.007, j=32:0.056, j=33:0.022, j=34:0.008, j=35:0.037, j=36:0.010, j=37:0.063, j=38:0.164, j=39:0.109, j=40:0.209
      i=41 -> j=0:0.021, j=1:0.024, j=2:0.016, j=3:0.007, j=4:0.013, j=5:0.011, j=6:0.006, j=7:0.019, j=8:0.014, j=9:0.007, j=10:0.008, j=11:0.012, j=12:0.005, j=13:0.007, j=14:0.016, j=15:0.011, j=16:0.008, j=17:0.006, j=18:0.006, j=19:0.015, j=20:0.027, j=21:0.012, j=22:0.014, j=23:0.012, j=24:0.007, j=25:0.018, j=26:0.018, j=27:0.022, j=28:0.009, j=29:0.017, j=30:0.023, j=31:0.007, j=32:0.052, j=33:0.024, j=34:0.010, j=35:0.036, j=36:0.008, j=37:0.033, j=38:0.066, j=39:0.060, j=40:0.234, j=41:0.060
      i=42 -> j=0:0.017, j=1:0.020, j=2:0.013, j=3:0.005, j=4:0.010, j=5:0.009, j=6:0.004, j=7:0.015, j=8:0.011, j=9:0.005, j=10:0.006, j=11:0.010, j=12:0.003, j=13:0.004, j=14:0.012, j=15:0.008, j=16:0.006, j=17:0.004, j=18:0.004, j=19:0.010, j=20:0.022, j=21:0.009, j=22:0.011, j=23:0.010, j=24:0.005, j=25:0.013, j=26:0.014, j=27:0.018, j=28:0.007, j=29:0.015, j=30:0.019, j=31:0.004, j=32:0.044, j=33:0.020, j=34:0.008, j=35:0.037, j=36:0.006, j=37:0.022, j=38:0.041, j=39:0.037, j=40:0.302, j=41:0.075, j=42:0.086
      i=43 -> j=0:0.022, j=1:0.024, j=2:0.017, j=3:0.008, j=4:0.015, j=5:0.014, j=6:0.007, j=7:0.019, j=8:0.015, j=9:0.008, j=10:0.010, j=11:0.015, j=12:0.007, j=13:0.008, j=14:0.016, j=15:0.012, j=16:0.010, j=17:0.007, j=18:0.008, j=19:0.015, j=20:0.025, j=21:0.013, j=22:0.016, j=23:0.015, j=24:0.009, j=25:0.018, j=26:0.017, j=27:0.021, j=28:0.011, j=29:0.021, j=30:0.026, j=31:0.008, j=32:0.040, j=33:0.020, j=34:0.011, j=35:0.039, j=36:0.010, j=37:0.024, j=38:0.032, j=39:0.020, j=40:0.100, j=41:0.042, j=42:0.078, j=43:0.124
      i=44 -> j=0:0.019, j=1:0.021, j=2:0.014, j=3:0.006, j=4:0.012, j=5:0.011, j=6:0.005, j=7:0.016, j=8:0.012, j=9:0.006, j=10:0.008, j=11:0.012, j=12:0.005, j=13:0.006, j=14:0.013, j=15:0.009, j=16:0.007, j=17:0.005, j=18:0.006, j=19:0.013, j=20:0.020, j=21:0.009, j=22:0.012, j=23:0.011, j=24:0.006, j=25:0.015, j=26:0.013, j=27:0.015, j=28:0.007, j=29:0.016, j=30:0.023, j=31:0.006, j=32:0.035, j=33:0.014, j=34:0.007, j=35:0.032, j=36:0.007, j=37:0.021, j=38:0.029, j=39:0.012, j=40:0.062, j=41:0.024, j=42:0.068, j=43:0.161, j=44:0.169
      i=45 -> j=0:0.020, j=1:0.022, j=2:0.014, j=3:0.006, j=4:0.012, j=5:0.011, j=6:0.005, j=7:0.017, j=8:0.012, j=9:0.006, j=10:0.008, j=11:0.013, j=12:0.006, j=13:0.006, j=14:0.014, j=15:0.009, j=16:0.007, j=17:0.005, j=18:0.006, j=19:0.014, j=20:0.022, j=21:0.010, j=22:0.011, j=23:0.011, j=24:0.007, j=25:0.016, j=26:0.014, j=27:0.015, j=28:0.007, j=29:0.014, j=30:0.021, j=31:0.006, j=32:0.036, j=33:0.015, j=34:0.006, j=35:0.025, j=36:0.007, j=37:0.020, j=38:0.031, j=39:0.011, j=40:0.039, j=41:0.014, j=42:0.032, j=43:0.091, j=44:0.145, j=45:0.160
      i=46 -> j=0:0.020, j=1:0.022, j=2:0.014, j=3:0.006, j=4:0.012, j=5:0.011, j=6:0.006, j=7:0.018, j=8:0.013, j=9:0.006, j=10:0.008, j=11:0.013, j=12:0.006, j=13:0.007, j=14:0.015, j=15:0.010, j=16:0.007, j=17:0.005, j=18:0.006, j=19:0.014, j=20:0.022, j=21:0.010, j=22:0.011, j=23:0.010, j=24:0.006, j=25:0.015, j=26:0.014, j=27:0.015, j=28:0.007, j=29:0.012, j=30:0.018, j=31:0.006, j=32:0.034, j=33:0.014, j=34:0.006, j=35:0.020, j=36:0.006, j=37:0.017, j=38:0.028, j=39:0.012, j=40:0.032, j=41:0.010, j=42:0.019, j=43:0.056, j=44:0.118, j=45:0.182, j=46:0.082
      i=47 -> j=0:0.016, j=1:0.018, j=2:0.013, j=3:0.006, j=4:0.010, j=5:0.009, j=6:0.005, j=7:0.015, j=8:0.011, j=9:0.006, j=10:0.007, j=11:0.011, j=12:0.005, j=13:0.006, j=14:0.013, j=15:0.009, j=16:0.007, j=17:0.005, j=18:0.005, j=19:0.011, j=20:0.018, j=21:0.009, j=22:0.010, j=23:0.009, j=24:0.005, j=25:0.012, j=26:0.011, j=27:0.013, j=28:0.006, j=29:0.011, j=30:0.013, j=31:0.005, j=32:0.025, j=33:0.012, j=34:0.005, j=35:0.016, j=36:0.004, j=37:0.012, j=38:0.019, j=39:0.010, j=40:0.026, j=41:0.009, j=42:0.011, j=43:0.025, j=44:0.048, j=45:0.088, j=46:0.071, j=47:0.306
      i=48 -> j=0:0.009, j=1:0.010, j=2:0.007, j=3:0.003, j=4:0.006, j=5:0.005, j=6:0.003, j=7:0.008, j=8:0.006, j=9:0.003, j=10:0.004, j=11:0.006, j=12:0.003, j=13:0.003, j=14:0.007, j=15:0.005, j=16:0.004, j=17:0.003, j=18:0.003, j=19:0.005, j=20:0.009, j=21:0.005, j=22:0.005, j=23:0.005, j=24:0.003, j=25:0.006, j=26:0.006, j=27:0.007, j=28:0.003, j=29:0.006, j=30:0.007, j=31:0.002, j=32:0.012, j=33:0.006, j=34:0.003, j=35:0.009, j=36:0.002, j=37:0.005, j=38:0.008, j=39:0.004, j=40:0.014, j=41:0.004, j=42:0.005, j=43:0.010, j=44:0.018, j=45:0.034, j=46:0.039, j=47:0.247, j=48:0.416
      i=49 -> j=0:0.007, j=1:0.008, j=2:0.005, j=3:0.002, j=4:0.005, j=5:0.004, j=6:0.002, j=7:0.006, j=8:0.005, j=9:0.002, j=10:0.003, j=11:0.005, j=12:0.002, j=13:0.002, j=14:0.005, j=15:0.004, j=16:0.003, j=17:0.002, j=18:0.002, j=19:0.004, j=20:0.007, j=21:0.004, j=22:0.004, j=23:0.004, j=24:0.002, j=25:0.004, j=26:0.004, j=27:0.005, j=28:0.002, j=29:0.005, j=30:0.006, j=31:0.002, j=32:0.009, j=33:0.004, j=34:0.002, j=35:0.008, j=36:0.002, j=37:0.004, j=38:0.006, j=39:0.003, j=40:0.011, j=41:0.004, j=42:0.004, j=43:0.009, j=44:0.012, j=45:0.018, j=46:0.019, j=47:0.135, j=48:0.346, j=49:0.274
      i=50 -> j=0:0.015, j=1:0.017, j=2:0.012, j=3:0.006, j=4:0.010, j=5:0.010, j=6:0.005, j=7:0.014, j=8:0.010, j=9:0.006, j=10:0.007, j=11:0.011, j=12:0.005, j=13:0.006, j=14:0.012, j=15:0.009, j=16:0.008, j=17:0.005, j=18:0.006, j=19:0.011, j=20:0.016, j=21:0.008, j=22:0.010, j=23:0.009, j=24:0.006, j=25:0.012, j=26:0.010, j=27:0.011, j=28:0.006, j=29:0.011, j=30:0.014, j=31:0.005, j=32:0.020, j=33:0.009, j=34:0.005, j=35:0.015, j=36:0.004, j=37:0.010, j=38:0.014, j=39:0.006, j=40:0.017, j=41:0.007, j=42:0.009, j=43:0.018, j=44:0.020, j=45:0.022, j=46:0.016, j=47:0.062, j=48:0.121, j=49:0.215, j=50:0.109
      i=51 -> j=0:0.011, j=1:0.012, j=2:0.007, j=3:0.003, j=4:0.007, j=5:0.006, j=6:0.003, j=7:0.009, j=8:0.007, j=9:0.003, j=10:0.004, j=11:0.007, j=12:0.003, j=13:0.004, j=14:0.008, j=15:0.005, j=16:0.004, j=17:0.003, j=18:0.004, j=19:0.007, j=20:0.011, j=21:0.005, j=22:0.005, j=23:0.005, j=24:0.003, j=25:0.007, j=26:0.006, j=27:0.006, j=28:0.003, j=29:0.006, j=30:0.008, j=31:0.002, j=32:0.013, j=33:0.005, j=34:0.002, j=35:0.009, j=36:0.002, j=37:0.006, j=38:0.009, j=39:0.003, j=40:0.010, j=41:0.003, j=42:0.005, j=43:0.012, j=44:0.014, j=45:0.015, j=46:0.008, j=47:0.037, j=48:0.072, j=49:0.217, j=50:0.123, j=51:0.247
      i=52 -> j=0:0.015, j=1:0.016, j=2:0.010, j=3:0.004, j=4:0.009, j=5:0.008, j=6:0.004, j=7:0.013, j=8:0.009, j=9:0.005, j=10:0.006, j=11:0.009, j=12:0.004, j=13:0.005, j=14:0.011, j=15:0.008, j=16:0.006, j=17:0.004, j=18:0.005, j=19:0.011, j=20:0.016, j=21:0.007, j=22:0.008, j=23:0.007, j=24:0.004, j=25:0.010, j=26:0.009, j=27:0.009, j=28:0.004, j=29:0.008, j=30:0.010, j=31:0.003, j=32:0.018, j=33:0.007, j=34:0.003, j=35:0.010, j=36:0.003, j=37:0.008, j=38:0.012, j=39:0.005, j=40:0.012, j=41:0.004, j=42:0.005, j=43:0.013, j=44:0.017, j=45:0.019, j=46:0.009, j=47:0.032, j=48:0.039, j=49:0.111, j=50:0.068, j=51:0.253, j=52:0.093
      i=53 -> j=0:0.012, j=1:0.014, j=2:0.009, j=3:0.004, j=4:0.007, j=5:0.007, j=6:0.004, j=7:0.012, j=8:0.008, j=9:0.004, j=10:0.005, j=11:0.008, j=12:0.004, j=13:0.005, j=14:0.010, j=15:0.007, j=16:0.005, j=17:0.004, j=18:0.004, j=19:0.009, j=20:0.015, j=21:0.007, j=22:0.007, j=23:0.006, j=24:0.004, j=25:0.008, j=26:0.008, j=27:0.009, j=28:0.004, j=29:0.007, j=30:0.008, j=31:0.003, j=32:0.015, j=33:0.007, j=34:0.003, j=35:0.009, j=36:0.002, j=37:0.006, j=38:0.010, j=39:0.004, j=40:0.011, j=41:0.004, j=42:0.004, j=43:0.010, j=44:0.014, j=45:0.018, j=46:0.009, j=47:0.033, j=48:0.029, j=49:0.057, j=50:0.029, j=51:0.136, j=52:0.088, j=53:0.277
      i=54 -> j=0:0.014, j=1:0.017, j=2:0.011, j=3:0.005, j=4:0.009, j=5:0.008, j=6:0.004, j=7:0.013, j=8:0.010, j=9:0.005, j=10:0.006, j=11:0.010, j=12:0.004, j=13:0.005, j=14:0.012, j=15:0.009, j=16:0.007, j=17:0.005, j=18:0.005, j=19:0.011, j=20:0.018, j=21:0.009, j=22:0.009, j=23:0.008, j=24:0.005, j=25:0.010, j=26:0.009, j=27:0.011, j=28:0.005, j=29:0.009, j=30:0.010, j=31:0.003, j=32:0.017, j=33:0.008, j=34:0.004, j=35:0.011, j=36:0.003, j=37:0.007, j=38:0.010, j=39:0.005, j=40:0.013, j=41:0.005, j=42:0.005, j=43:0.010, j=44:0.012, j=45:0.017, j=46:0.010, j=47:0.038, j=48:0.033, j=49:0.042, j=50:0.017, j=51:0.051, j=52:0.046, j=53:0.239, j=54:0.119
      i=55 -> j=0:0.013, j=1:0.014, j=2:0.010, j=3:0.005, j=4:0.009, j=5:0.008, j=6:0.004, j=7:0.012, j=8:0.009, j=9:0.005, j=10:0.006, j=11:0.009, j=12:0.004, j=13:0.005, j=14:0.011, j=15:0.008, j=16:0.007, j=17:0.005, j=18:0.005, j=19:0.009, j=20:0.015, j=21:0.008, j=22:0.009, j=23:0.008, j=24:0.004, j=25:0.008, j=26:0.008, j=27:0.009, j=28:0.005, j=29:0.008, j=30:0.009, j=31:0.003, j=32:0.013, j=33:0.007, j=34:0.003, j=35:0.010, j=36:0.003, j=37:0.006, j=38:0.008, j=39:0.004, j=40:0.011, j=41:0.004, j=42:0.004, j=43:0.008, j=44:0.009, j=45:0.012, j=46:0.008, j=47:0.032, j=48:0.030, j=49:0.033, j=50:0.011, j=51:0.025, j=52:0.027, j=53:0.195, j=54:0.142, j=55:0.145
      i=56 -> j=0:0.013, j=1:0.015, j=2:0.010, j=3:0.004, j=4:0.009, j=5:0.008, j=6:0.004, j=7:0.012, j=8:0.009, j=9:0.004, j=10:0.006, j=11:0.009, j=12:0.004, j=13:0.005, j=14:0.010, j=15:0.008, j=16:0.006, j=17:0.004, j=18:0.005, j=19:0.010, j=20:0.015, j=21:0.007, j=22:0.009, j=23:0.008, j=24:0.004, j=25:0.009, j=26:0.007, j=27:0.008, j=28:0.004, j=29:0.008, j=30:0.010, j=31:0.003, j=32:0.013, j=33:0.006, j=34:0.003, j=35:0.010, j=36:0.002, j=37:0.006, j=38:0.008, j=39:0.003, j=40:0.010, j=41:0.004, j=42:0.004, j=43:0.009, j=44:0.009, j=45:0.011, j=46:0.006, j=47:0.029, j=48:0.034, j=49:0.040, j=50:0.013, j=51:0.018, j=52:0.014, j=53:0.103, j=54:0.084, j=55:0.170, j=56:0.147
      i=57 -> j=0:0.017, j=1:0.019, j=2:0.013, j=3:0.006, j=4:0.011, j=5:0.010, j=6:0.005, j=7:0.015, j=8:0.011, j=9:0.006, j=10:0.008, j=11:0.012, j=12:0.006, j=13:0.007, j=14:0.013, j=15:0.010, j=16:0.008, j=17:0.006, j=18:0.007, j=19:0.013, j=20:0.020, j=21:0.010, j=22:0.011, j=23:0.011, j=24:0.007, j=25:0.013, j=26:0.011, j=27:0.011, j=28:0.006, j=29:0.011, j=30:0.013, j=31:0.004, j=32:0.019, j=33:0.009, j=34:0.004, j=35:0.012, j=36:0.004, j=37:0.008, j=38:0.012, j=39:0.005, j=40:0.012, j=41:0.005, j=42:0.006, j=43:0.013, j=44:0.013, j=45:0.015, j=46:0.008, j=47:0.030, j=48:0.034, j=49:0.046, j=50:0.019, j=51:0.023, j=52:0.013, j=53:0.057, j=54:0.039, j=55:0.086, j=56:0.113, j=57:0.064
      i=58 -> j=0:0.017, j=1:0.019, j=2:0.012, j=3:0.006, j=4:0.011, j=5:0.010, j=6:0.005, j=7:0.016, j=8:0.011, j=9:0.006, j=10:0.007, j=11:0.012, j=12:0.006, j=13:0.007, j=14:0.014, j=15:0.010, j=16:0.008, j=17:0.006, j=18:0.007, j=19:0.014, j=20:0.020, j=21:0.010, j=22:0.011, j=23:0.010, j=24:0.006, j=25:0.013, j=26:0.011, j=27:0.011, j=28:0.005, j=29:0.009, j=30:0.012, j=31:0.004, j=32:0.018, j=33:0.008, j=34:0.004, j=35:0.011, j=36:0.003, j=37:0.008, j=38:0.011, j=39:0.005, j=40:0.011, j=41:0.004, j=42:0.005, j=43:0.011, j=44:0.012, j=45:0.014, j=46:0.007, j=47:0.024, j=48:0.025, j=49:0.039, j=50:0.019, j=51:0.024, j=52:0.012, j=53:0.041, j=54:0.024, j=55:0.059, j=56:0.110, j=57:0.093, j=58:0.076
      i=59 -> j=0:0.014, j=1:0.015, j=2:0.011, j=3:0.005, j=4:0.009, j=5:0.008, j=6:0.005, j=7:0.013, j=8:0.010, j=9:0.005, j=10:0.006, j=11:0.009, j=12:0.005, j=13:0.006, j=14:0.011, j=15:0.008, j=16:0.007, j=17:0.005, j=18:0.006, j=19:0.011, j=20:0.017, j=21:0.009, j=22:0.009, j=23:0.008, j=24:0.005, j=25:0.011, j=26:0.010, j=27:0.010, j=28:0.005, j=29:0.008, j=30:0.009, j=31:0.004, j=32:0.015, j=33:0.008, j=34:0.004, j=35:0.009, j=36:0.003, j=37:0.006, j=38:0.009, j=39:0.004, j=40:0.009, j=41:0.004, j=42:0.004, j=43:0.008, j=44:0.010, j=45:0.012, j=46:0.006, j=47:0.019, j=48:0.017, j=49:0.022, j=50:0.012, j=51:0.018, j=52:0.010, j=53:0.027, j=54:0.013, j=55:0.020, j=56:0.032, j=57:0.037, j=58:0.058, j=59:0.331
      i=60 -> j=0:0.009, j=1:0.011, j=2:0.007, j=3:0.003, j=4:0.006, j=5:0.005, j=6:0.003, j=7:0.009, j=8:0.007, j=9:0.003, j=10:0.004, j=11:0.006, j=12:0.003, j=13:0.004, j=14:0.008, j=15:0.006, j=16:0.004, j=17:0.003, j=18:0.003, j=19:0.007, j=20:0.012, j=21:0.006, j=22:0.006, j=23:0.006, j=24:0.003, j=25:0.007, j=26:0.007, j=27:0.007, j=28:0.003, j=29:0.006, j=30:0.006, j=31:0.002, j=32:0.010, j=33:0.005, j=34:0.002, j=35:0.006, j=36:0.002, j=37:0.004, j=38:0.005, j=39:0.003, j=40:0.006, j=41:0.002, j=42:0.002, j=43:0.005, j=44:0.006, j=45:0.007, j=46:0.004, j=47:0.015, j=48:0.012, j=49:0.014, j=50:0.007, j=51:0.010, j=52:0.006, j=53:0.021, j=54:0.009, j=55:0.010, j=56:0.013, j=57:0.015, j=58:0.035, j=59:0.320, j=60:0.264
      i=61 -> j=0:0.007, j=1:0.008, j=2:0.006, j=3:0.003, j=4:0.005, j=5:0.005, j=6:0.002, j=7:0.007, j=8:0.005, j=9:0.003, j=10:0.004, j=11:0.005, j=12:0.003, j=13:0.003, j=14:0.006, j=15:0.005, j=16:0.004, j=17:0.003, j=18:0.003, j=19:0.006, j=20:0.009, j=21:0.005, j=22:0.006, j=23:0.005, j=24:0.003, j=25:0.006, j=26:0.005, j=27:0.006, j=28:0.003, j=29:0.005, j=30:0.005, j=31:0.002, j=32:0.007, j=33:0.004, j=34:0.002, j=35:0.005, j=36:0.002, j=37:0.003, j=38:0.004, j=39:0.002, j=40:0.005, j=41:0.002, j=42:0.002, j=43:0.004, j=44:0.004, j=45:0.005, j=46:0.003, j=47:0.011, j=48:0.010, j=49:0.010, j=50:0.005, j=51:0.006, j=52:0.004, j=53:0.015, j=54:0.008, j=55:0.007, j=56:0.008, j=57:0.007, j=58:0.018, j=59:0.159, j=60:0.209, j=61:0.318
      i=62 -> j=0:0.006, j=1:0.007, j=2:0.005, j=3:0.002, j=4:0.004, j=5:0.004, j=6:0.002, j=7:0.005, j=8:0.004, j=9:0.002, j=10:0.003, j=11:0.004, j=12:0.002, j=13:0.002, j=14:0.005, j=15:0.004, j=16:0.003, j=17:0.002, j=18:0.002, j=19:0.005, j=20:0.007, j=21:0.004, j=22:0.005, j=23:0.004, j=24:0.002, j=25:0.005, j=26:0.004, j=27:0.005, j=28:0.002, j=29:0.004, j=30:0.005, j=31:0.002, j=32:0.006, j=33:0.003, j=34:0.001, j=35:0.004, j=36:0.001, j=37:0.002, j=38:0.003, j=39:0.001, j=40:0.004, j=41:0.002, j=42:0.002, j=43:0.003, j=44:0.003, j=45:0.004, j=46:0.002, j=47:0.009, j=48:0.009, j=49:0.010, j=50:0.004, j=51:0.005, j=52:0.003, j=53:0.012, j=54:0.006, j=55:0.007, j=56:0.006, j=57:0.005, j=58:0.009, j=59:0.076, j=60:0.111, j=61:0.276, j=62:0.288
      i=63 -> j=0:0.012, j=1:0.013, j=2:0.009, j=3:0.004, j=4:0.008, j=5:0.007, j=6:0.004, j=7:0.010, j=8:0.008, j=9:0.004, j=10:0.005, j=11:0.008, j=12:0.004, j=13:0.005, j=14:0.009, j=15:0.007, j=16:0.006, j=17:0.004, j=18:0.005, j=19:0.009, j=20:0.014, j=21:0.007, j=22:0.008, j=23:0.008, j=24:0.005, j=25:0.009, j=26:0.008, j=27:0.009, j=28:0.005, j=29:0.008, j=30:0.009, j=31:0.004, j=32:0.012, j=33:0.006, j=34:0.003, j=35:0.008, j=36:0.003, j=37:0.005, j=38:0.007, j=39:0.003, j=40:0.007, j=41:0.003, j=42:0.003, j=43:0.007, j=44:0.006, j=45:0.007, j=46:0.004, j=47:0.013, j=48:0.014, j=49:0.016, j=50:0.008, j=51:0.008, j=52:0.005, j=53:0.015, j=54:0.009, j=55:0.011, j=56:0.012, j=57:0.008, j=58:0.009, j=59:0.051, j=60:0.047, j=61:0.116, j=62:0.243, j=63:0.098
    Average attention per distance:
      d=0:0.233, d=1:0.218, d=2:0.143, d=3:0.067, d=4:0.037, d=5:0.025, d=6:0.023, d=7:0.024
      d=8:0.023, d=9:0.020, d=10:0.016, d=11:0.013, d=12:0.013, d=13:0.013, d=14:0.013, d=15:0.011
      d=16:0.010, d=63:0.012


======================================================================
QK Property Verification (Raw Scores, before Softmax)
======================================================================
Recurrence order init_len=2, num test sequences=1

--- [P1] Long-distance Orthogonality Verification ---
Ideal: raw_score mean ≈ 0 and small std when d > init_len

  Layer 0, Head 0:
    d= 1 (effective): mean= 11.583, std= 0.329, n=63
    d= 2 (effective): mean=  9.514, std= 0.283, n=62
    d>2 (long-distance): mean= -0.476, std= 1.733, n=1891

  Layer 1, Head 0:
    d= 1 (effective): mean=  7.689, std= 0.456, n=63
    d= 2 (effective): mean=  9.517, std= 0.529, n=62
    d>2 (long-distance): mean= -0.324, std= 2.155, n=1891

  Layer 2, Head 0:
    d= 1 (effective): mean=  2.334, std= 0.526, n=63
    d= 2 (effective): mean=  1.831, std= 0.466, n=62
    d>2 (long-distance): mean= -1.040, std= 0.694, n=1891

  Layer 3, Head 0:
    d= 1 (effective): mean=  3.350, std= 0.809, n=63
    d= 2 (effective): mean=  2.852, std= 0.782, n=62
    d>2 (long-distance): mean=  0.517, std= 0.694, n=1891

--- [P2] Time-homogeneous Verification ---
Ideal: CV of raw_score across positions i ≈ 0 for fixed distance d
(CV = std / |mean|, smaller = more constant)

  Layer 0, Head 0:
    d= 1: mean= 11.583, std= 0.329, CV=0.028, n=63
    d= 2: mean=  9.514, std= 0.283, CV=0.030, n=62

  Layer 1, Head 0:
    d= 1: mean=  7.689, std= 0.456, CV=0.059, n=63
    d= 2: mean=  9.517, std= 0.529, CV=0.056, n=62

  Layer 2, Head 0:
    d= 1: mean=  2.334, std= 0.526, CV=0.225, n=63
    d= 2: mean=  1.831, std= 0.466, CV=0.255, n=62

  Layer 3, Head 0:
    d= 1: mean=  3.350, std= 0.809, CV=0.242, n=63
    d= 2: mean=  2.852, std= 0.782, CV=0.274, n=62

======================================================================
QK Property Verification Completed
======================================================================
