=== Experiment: mixed_basic_d1024l4_r4_t16 ===
Time: 2026-06-25T08:17:32.126743
Task type: mixed_ab
Merged config: {
  "P": 53,
  "TASK": "mixed_ab",
  "NUM_MASK": 2,
  "A": 1,
  "B": 1,
  "AB_PAIRS": [
    [
      1,
      1
    ],
    [
      1,
      2
    ]
  ],
  "D_MODEL": 1024,
  "N_HEAD": 1,
  "N_LAYER": 4,
  "BATCH_SIZE": 128,
  "EPOCHS": 10000,
  "LR": 0.0003,
  "SAVE_PATH": "models/mixed_basic_d1024l4_r4_t16.pth",
  "USE_GREEDY_GENERATE": true,
  "USE_LEARNABLE_PE": false,
  "MLP_RATIO": 4,
  "TRAIN_LEN": 16,
  "OOD_LEN": 32,
  "DROPOUT": 0.0,
  "TARGET_INIT_COVERAGE": 0.5,
  "MAX_UNIQUE_RATIO": 0.5,
  "WEIGHT_DECAY": 1,
  "ENTROPY_PENALTY_WEIGHT": 0.0,
  "FIRST_TASK_WEIGHT": 1.0,
  "RANDOM_SEED": 42,
  "EVAL_INTERVAL": 20,
  "EARLY_STOP_NO_IMPROVE": 2000,
  "EARLY_STOP_ACCURACY": 0.99,
  "USE_AB_TAG": false,
  "USE_CONDITIONAL_WTE": false,
  "COND_WTE_SHARED_RATIO": 0.0
}
--- output ---
Using device: cuda

[Dataset] Mixed mode: generated 2810 + 2808 samples, length 16
AB parameter pairs: [(1, 1), (1, 2)]
--------------------------------------------------
[Model config] block_size: 32, train length: 16
[Number theory] AB parameter pairs: [(1, 1), (1, 2)]


Model parameters: 50.97M

Start training...
Epoch   0 | Train: Loss=4.3252 Acc=5.1% | Test: Acc=0.6% | Best=0.6%(@0)
  from x3: 0.01 0.01 0.01 0.00 0.01 0.01 0.01 0.01 0.01 0.01 0.01 0.01 0.01
  per-rule acc: 0.01 0.01
Epoch  20 | Train: Loss=0.0168 Acc=99.7% | Test: Acc=1.8% | Best=1.8%(@20)
  from x3: 0.02 0.02 0.02 0.02 0.02 0.02 0.01 0.02 0.02 0.02 0.02 0.02 0.02
  per-rule acc: 0.02 0.01
Epoch  40 | Train: Loss=0.0142 Acc=99.7% | Test: Acc=2.0% | Best=2.0%(@40)
  from x3: 0.02 0.02 0.02 0.02 0.02 0.02 0.02 0.02 0.02 0.02 0.02 0.02 0.02
  per-rule acc: 0.02 0.02
Epoch  60 | Train: Loss=0.0020 Acc=99.9% | Test: Acc=1.8% | Best=2.0%(@40)
  from x3: 0.02 0.02 0.02 0.02 0.02 0.02 0.02 0.02 0.02 0.02 0.02 0.02 0.02
  per-rule acc: 0.02 0.02
Epoch  80 | Train: Loss=0.0025 Acc=99.9% | Test: Acc=1.7% | Best=2.0%(@40)
  from x3: 0.02 0.02 0.02 0.02 0.02 0.01 0.02 0.02 0.02 0.01 0.02 0.02 0.01
  per-rule acc: 0.02 0.01
Epoch 100 | Train: Loss=4.3195 Acc=2.4% | Test: Acc=1.3% | Best=2.0%(@40)
  from x3: 0.01 0.01 0.01 0.01 0.01 0.01 0.01 0.01 0.01 0.01 0.01 0.01 0.01
  per-rule acc: 0.01 0.01
Epoch 120 | Train: Loss=2.1354 Acc=55.8% | Test: Acc=1.5% | Best=2.0%(@40)
  from x3: 0.02 0.02 0.01 0.01 0.01 0.01 0.02 0.02 0.02 0.01 0.01 0.01 0.01
  per-rule acc: 0.01 0.02
Epoch 140 | Train: Loss=0.0525 Acc=98.9% | Test: Acc=1.4% | Best=2.0%(@40)
  from x3: 0.02 0.02 0.01 0.02 0.01 0.01 0.01 0.01 0.01 0.01 0.01 0.01 0.01
  per-rule acc: 0.01 0.01
Epoch 160 | Train: Loss=0.0073 Acc=99.9% | Test: Acc=1.6% | Best=2.0%(@40)
  from x3: 0.02 0.02 0.02 0.01 0.01 0.01 0.01 0.02 0.02 0.02 0.02 0.02 0.01
  per-rule acc: 0.02 0.02
Epoch 180 | Train: Loss=0.0055 Acc=99.9% | Test: Acc=1.7% | Best=2.0%(@40)
  from x3: 0.02 0.02 0.02 0.02 0.01 0.02 0.01 0.01 0.02 0.02 0.02 0.02 0.02
  per-rule acc: 0.02 0.02
Epoch 200 | Train: Loss=0.0050 Acc=99.9% | Test: Acc=1.7% | Best=2.0%(@40)
  from x3: 0.02 0.02 0.02 0.01 0.02 0.02 0.02 0.02 0.01 0.01 0.02 0.02 0.01
  per-rule acc: 0.02 0.02
Epoch 220 | Train: Loss=0.0042 Acc=99.9% | Test: Acc=1.7% | Best=2.0%(@40)
  from x3: 0.02 0.02 0.02 0.01 0.01 0.01 0.02 0.02 0.02 0.01 0.02 0.02 0.01
  per-rule acc: 0.02 0.02
Epoch 240 | Train: Loss=0.0041 Acc=99.9% | Test: Acc=1.8% | Best=2.0%(@40)
  from x3: 0.02 0.02 0.02 0.02 0.01 0.02 0.02 0.01 0.02 0.02 0.02 0.02 0.02
  per-rule acc: 0.02 0.02
Epoch 260 | Train: Loss=0.0040 Acc=99.9% | Test: Acc=2.0% | Best=2.0%(@40)
  from x3: 0.02 0.02 0.02 0.02 0.02 0.02 0.02 0.02 0.02 0.02 0.02 0.02 0.02
  per-rule acc: 0.02 0.02
Epoch 280 | Train: Loss=0.0043 Acc=99.9% | Test: Acc=2.0% | Best=2.0%(@40)
  from x3: 0.02 0.02 0.02 0.02 0.02 0.02 0.02 0.02 0.02 0.02 0.02 0.02 0.02
  per-rule acc: 0.02 0.02
Epoch 300 | Train: Loss=0.0056 Acc=99.9% | Test: Acc=1.9% | Best=2.0%(@40)
  from x3: 0.02 0.02 0.02 0.02 0.02 0.02 0.02 0.02 0.02 0.02 0.02 0.02 0.02
  per-rule acc: 0.02 0.02
Epoch 320 | Train: Loss=0.0040 Acc=99.9% | Test: Acc=2.0% | Best=2.0%(@40)
  from x3: 0.02 0.02 0.02 0.02 0.02 0.02 0.02 0.02 0.02 0.02 0.02 0.02 0.02
  per-rule acc: 0.02 0.02
Epoch 340 | Train: Loss=3.1300 Acc=43.0% | Test: Acc=0.7% | Best=2.0%(@40)
  from x3: 0.01 0.01 0.01 0.01 0.01 0.01 0.01 0.01 0.01 0.01 0.01 0.01 0.01
  per-rule acc: 0.01 0.01
Epoch 360 | Train: Loss=0.0035 Acc=99.9% | Test: Acc=1.9% | Best=2.0%(@40)
  from x3: 0.02 0.02 0.02 0.02 0.02 0.02 0.02 0.02 0.02 0.02 0.02 0.02 0.02
  per-rule acc: 0.02 0.02
Epoch 380 | Train: Loss=0.0040 Acc=99.9% | Test: Acc=1.8% | Best=2.0%(@40)
  from x3: 0.02 0.02 0.02 0.02 0.02 0.02 0.02 0.02 0.02 0.02 0.02 0.02 0.02
  per-rule acc: 0.02 0.02
Epoch 400 | Train: Loss=0.0032 Acc=99.9% | Test: Acc=1.8% | Best=2.0%(@40)
  from x3: 0.02 0.02 0.02 0.02 0.02 0.02 0.02 0.02 0.02 0.02 0.02 0.02 0.02
  per-rule acc: 0.02 0.02
Epoch 420 | Train: Loss=0.0039 Acc=99.9% | Test: Acc=1.8% | Best=2.0%(@40)
  from x3: 0.02 0.02 0.02 0.02 0.02 0.02 0.02 0.02 0.02 0.02 0.02 0.02 0.02
  per-rule acc: 0.02 0.02
Epoch 440 | Train: Loss=0.0331 Acc=99.7% | Test: Acc=1.7% | Best=2.0%(@40)
  from x3: 0.02 0.02 0.02 0.02 0.02 0.02 0.02 0.02 0.02 0.02 0.02 0.02 0.02
  per-rule acc: 0.02 0.02
Epoch 460 | Train: Loss=0.0034 Acc=99.9% | Test: Acc=1.7% | Best=2.0%(@40)
  from x3: 0.02 0.02 0.02 0.02 0.02 0.02 0.02 0.02 0.02 0.02 0.02 0.02 0.02
  per-rule acc: 0.02 0.02
Epoch 480 | Train: Loss=0.0038 Acc=99.9% | Test: Acc=1.6% | Best=2.0%(@40)
  from x3: 0.02 0.02 0.02 0.02 0.01 0.01 0.01 0.01 0.02 0.01 0.02 0.01 0.01
  per-rule acc: 0.01 0.02
Epoch 500 | Train: Loss=0.0024 Acc=99.9% | Test: Acc=1.8% | Best=2.0%(@40)
  from x3: 0.02 0.02 0.02 0.02 0.02 0.02 0.02 0.02 0.02 0.02 0.02 0.02 0.02
  per-rule acc: 0.02 0.02
Epoch 520 | Train: Loss=0.0034 Acc=99.9% | Test: Acc=1.6% | Best=2.0%(@40)
  from x3: 0.02 0.02 0.02 0.02 0.02 0.02 0.02 0.02 0.02 0.02 0.02 0.02 0.02
  per-rule acc: 0.02 0.02
Epoch 540 | Train: Loss=0.0391 Acc=99.6% | Test: Acc=1.9% | Best=2.0%(@40)
  from x3: 0.02 0.02 0.02 0.02 0.02 0.02 0.02 0.02 0.02 0.02 0.02 0.02 0.02
  per-rule acc: 0.02 0.02
Epoch 560 | Train: Loss=0.0027 Acc=99.9% | Test: Acc=1.6% | Best=2.0%(@40)
  from x3: 0.02 0.01 0.02 0.02 0.02 0.02 0.02 0.02 0.02 0.02 0.02 0.02 0.02
  per-rule acc: 0.02 0.02
Epoch 580 | Train: Loss=0.0032 Acc=99.9% | Test: Acc=1.6% | Best=2.0%(@40)
  from x3: 0.02 0.02 0.02 0.02 0.02 0.02 0.02 0.02 0.02 0.02 0.01 0.01 0.01
  per-rule acc: 0.01 0.02
Epoch 600 | Train: Loss=1.2585 Acc=77.6% | Test: Acc=1.4% | Best=2.0%(@40)
  from x3: 0.01 0.02 0.02 0.01 0.01 0.01 0.01 0.01 0.01 0.01 0.01 0.01 0.01
  per-rule acc: 0.02 0.01
Epoch 620 | Train: Loss=0.0022 Acc=99.9% | Test: Acc=1.5% | Best=2.0%(@40)
  from x3: 0.01 0.01 0.02 0.01 0.02 0.02 0.02 0.01 0.01 0.01 0.01 0.01 0.01
  per-rule acc: 0.02 0.01
Epoch 640 | Train: Loss=0.0030 Acc=99.9% | Test: Acc=1.4% | Best=2.0%(@40)
  from x3: 0.02 0.01 0.01 0.01 0.01 0.01 0.01 0.01 0.01 0.01 0.01 0.01 0.01
  per-rule acc: 0.01 0.01
Epoch 660 | Train: Loss=0.0020 Acc=99.9% | Test: Acc=1.7% | Best=2.0%(@40)
  from x3: 0.02 0.02 0.02 0.02 0.02 0.02 0.02 0.02 0.02 0.02 0.02 0.02 0.02
  per-rule acc: 0.02 0.02
Epoch 680 | Train: Loss=0.0028 Acc=99.9% | Test: Acc=1.5% | Best=2.0%(@40)
  from x3: 0.02 0.01 0.01 0.02 0.01 0.01 0.01 0.01 0.01 0.01 0.01 0.01 0.01
  per-rule acc: 0.01 0.01
Epoch 700 | Train: Loss=0.0019 Acc=99.9% | Test: Acc=1.5% | Best=2.0%(@40)
  from x3: 0.02 0.02 0.01 0.02 0.02 0.02 0.02 0.01 0.01 0.01 0.01 0.01 0.01
  per-rule acc: 0.02 0.01
Epoch 720 | Train: Loss=0.0024 Acc=99.9% | Test: Acc=1.5% | Best=2.0%(@40)
  from x3: 0.02 0.02 0.01 0.01 0.02 0.01 0.02 0.01 0.01 0.01 0.01 0.01 0.01
  per-rule acc: 0.02 0.02
Epoch 740 | Train: Loss=0.0834 Acc=99.4% | Test: Acc=1.7% | Best=2.0%(@40)
  from x3: 0.02 0.02 0.02 0.02 0.02 0.02 0.02 0.02 0.02 0.02 0.02 0.02 0.02
  per-rule acc: 0.02 0.01
Epoch 760 | Train: Loss=0.0018 Acc=99.9% | Test: Acc=1.5% | Best=2.0%(@40)
  from x3: 0.02 0.02 0.01 0.02 0.02 0.02 0.02 0.02 0.01 0.01 0.01 0.01 0.01
  per-rule acc: 0.02 0.01
Epoch 780 | Train: Loss=0.0025 Acc=99.9% | Test: Acc=1.5% | Best=2.0%(@40)
  from x3: 0.02 0.02 0.02 0.02 0.02 0.01 0.01 0.01 0.01 0.01 0.01 0.01 0.01
  per-rule acc: 0.02 0.01
Epoch 800 | Train: Loss=0.0027 Acc=99.9% | Test: Acc=1.5% | Best=2.0%(@40)
  from x3: 0.02 0.02 0.02 0.02 0.01 0.01 0.01 0.01 0.01 0.01 0.01 0.01 0.01
  per-rule acc: 0.02 0.01
Epoch 820 | Train: Loss=0.0017 Acc=99.9% | Test: Acc=2.0% | Best=2.0%(@40)
  from x3: 0.02 0.02 0.02 0.02 0.02 0.02 0.02 0.02 0.02 0.02 0.02 0.02 0.02
  per-rule acc: 0.03 0.01
Epoch 840 | Train: Loss=0.0023 Acc=99.9% | Test: Acc=1.8% | Best=2.0%(@40)
  from x3: 0.02 0.02 0.02 0.02 0.02 0.02 0.02 0.02 0.02 0.02 0.02 0.02 0.02
  per-rule acc: 0.02 0.01
Epoch 860 | Train: Loss=0.0026 Acc=99.9% | Test: Acc=1.7% | Best=2.0%(@40)
  from x3: 0.02 0.02 0.02 0.02 0.02 0.02 0.02 0.02 0.02 0.02 0.02 0.02 0.02
  per-rule acc: 0.02 0.02
Epoch 880 | Train: Loss=0.0142 Acc=99.8% | Test: Acc=2.2% | Best=2.2%(@880)
  from x3: 0.03 0.02 0.02 0.02 0.02 0.02 0.02 0.02 0.02 0.02 0.02 0.02 0.02
  per-rule acc: 0.03 0.02
Epoch 900 | Train: Loss=0.0020 Acc=99.9% | Test: Acc=2.1% | Best=2.2%(@880)
  from x3: 0.02 0.02 0.02 0.02 0.02 0.02 0.02 0.02 0.02 0.02 0.02 0.02 0.02
  per-rule acc: 0.02 0.02
Epoch 920 | Train: Loss=0.0025 Acc=99.9% | Test: Acc=2.1% | Best=2.2%(@880)
  from x3: 0.02 0.02 0.02 0.02 0.02 0.02 0.02 0.02 0.02 0.02 0.02 0.02 0.02
  per-rule acc: 0.02 0.02
Epoch 940 | Train: Loss=0.0016 Acc=99.9% | Test: Acc=2.6% | Best=2.6%(@940)
  from x3: 0.03 0.03 0.03 0.03 0.03 0.03 0.03 0.03 0.03 0.03 0.03 0.03 0.03
  per-rule acc: 0.03 0.03
Epoch 960 | Train: Loss=0.0023 Acc=99.9% | Test: Acc=2.6% | Best=2.6%(@940)
  from x3: 0.03 0.03 0.03 0.03 0.02 0.03 0.03 0.03 0.02 0.02 0.03 0.02 0.02
  per-rule acc: 0.03 0.03
Epoch 980 | Train: Loss=0.0121 Acc=99.9% | Test: Acc=3.3% | Best=3.3%(@980)
  from x3: 0.03 0.03 0.03 0.03 0.03 0.03 0.03 0.03 0.03 0.03 0.03 0.03 0.03
  per-rule acc: 0.04 0.03
Epoch 1000 | Train: Loss=0.0019 Acc=99.9% | Test: Acc=3.2% | Best=3.3%(@980)
  from x3: 0.03 0.03 0.03 0.03 0.03 0.03 0.03 0.03 0.03 0.03 0.03 0.03 0.03
  per-rule acc: 0.04 0.03
Epoch 1020 | Train: Loss=0.0024 Acc=99.9% | Test: Acc=2.9% | Best=3.3%(@980)
  from x3: 0.03 0.03 0.03 0.03 0.03 0.03 0.03 0.03 0.03 0.03 0.03 0.03 0.03
  per-rule acc: 0.03 0.03
Epoch 1040 | Train: Loss=0.0016 Acc=99.9% | Test: Acc=4.5% | Best=4.5%(@1040)
  from x3: 0.05 0.05 0.05 0.04 0.05 0.04 0.04 0.04 0.05 0.04 0.05 0.05 0.04
  per-rule acc: 0.06 0.04
Epoch 1060 | Train: Loss=0.0023 Acc=99.9% | Test: Acc=4.1% | Best=4.5%(@1040)
  from x3: 0.04 0.04 0.04 0.04 0.04 0.04 0.04 0.04 0.04 0.04 0.04 0.04 0.04
  per-rule acc: 0.05 0.03
Epoch 1080 | Train: Loss=0.7235 Acc=98.4% | Test: Acc=4.4% | Best=4.5%(@1040)
  from x3: 0.04 0.04 0.04 0.04 0.04 0.04 0.04 0.04 0.04 0.04 0.04 0.04 0.04
  per-rule acc: 0.05 0.04
Epoch 1100 | Train: Loss=0.0069 Acc=99.9% | Test: Acc=6.2% | Best=6.2%(@1100)
  from x3: 0.06 0.06 0.06 0.06 0.06 0.06 0.06 0.06 0.06 0.06 0.06 0.06 0.06
  per-rule acc: 0.08 0.04
Epoch 1120 | Train: Loss=0.0019 Acc=99.9% | Test: Acc=6.9% | Best=6.9%(@1120)
  from x3: 0.06 0.07 0.07 0.07 0.07 0.07 0.07 0.07 0.07 0.07 0.07 0.07 0.07
  per-rule acc: 0.09 0.05
Epoch 1140 | Train: Loss=0.0024 Acc=99.9% | Test: Acc=7.2% | Best=7.2%(@1140)
  from x3: 0.07 0.07 0.07 0.07 0.07 0.07 0.07 0.07 0.07 0.07 0.07 0.07 0.07
  per-rule acc: 0.09 0.06
Epoch 1160 | Train: Loss=0.0018 Acc=99.9% | Test: Acc=11.7% | Best=11.7%(@1160)
  from x3: 0.12 0.12 0.12 0.12 0.11 0.12 0.12 0.12 0.12 0.12 0.12 0.12 0.12
  per-rule acc: 0.15 0.08
Epoch 1180 | Train: Loss=0.0019 Acc=99.9% | Test: Acc=11.8% | Best=11.8%(@1180)
  from x3: 0.12 0.12 0.12 0.12 0.12 0.12 0.12 0.12 0.12 0.12 0.12 0.12 0.12
  per-rule acc: 0.15 0.09
Epoch 1200 | Train: Loss=0.0022 Acc=99.9% | Test: Acc=12.6% | Best=12.6%(@1200)
  from x3: 0.12 0.12 0.13 0.13 0.13 0.12 0.13 0.13 0.13 0.13 0.13 0.13 0.13
  per-rule acc: 0.16 0.09
Epoch 1220 | Train: Loss=0.0015 Acc=99.9% | Test: Acc=18.0% | Best=18.0%(@1220)
  from x3: 0.17 0.18 0.18 0.18 0.18 0.18 0.18 0.18 0.18 0.18 0.18 0.18 0.18
  per-rule acc: 0.24 0.12
Epoch 1240 | Train: Loss=0.0020 Acc=99.9% | Test: Acc=19.5% | Best=19.5%(@1240)
  from x3: 0.18 0.19 0.19 0.20 0.19 0.20 0.19 0.20 0.20 0.20 0.20 0.20 0.20
  per-rule acc: 0.25 0.14
Epoch 1260 | Train: Loss=0.0212 Acc=99.7% | Test: Acc=24.2% | Best=24.2%(@1260)
  from x3: 0.23 0.25 0.24 0.24 0.24 0.24 0.24 0.24 0.24 0.24 0.24 0.24 0.24
  per-rule acc: 0.31 0.17
Epoch 1280 | Train: Loss=0.0018 Acc=99.9% | Test: Acc=29.9% | Best=29.9%(@1280)
  from x3: 0.28 0.30 0.30 0.30 0.30 0.30 0.30 0.30 0.30 0.30 0.30 0.30 0.30
  per-rule acc: 0.38 0.22
Epoch 1300 | Train: Loss=0.0022 Acc=99.9% | Test: Acc=30.8% | Best=30.8%(@1300)
  from x3: 0.29 0.31 0.31 0.31 0.31 0.31 0.31 0.31 0.31 0.31 0.31 0.31 0.31
  per-rule acc: 0.38 0.23
Epoch 1320 | Train: Loss=0.0746 Acc=99.4% | Test: Acc=33.3% | Best=33.3%(@1320)
  from x3: 0.31 0.34 0.33 0.33 0.33 0.33 0.34 0.33 0.33 0.34 0.34 0.33 0.33
  per-rule acc: 0.43 0.23
Epoch 1340 | Train: Loss=0.0015 Acc=99.9% | Test: Acc=49.7% | Best=49.7%(@1340)
  from x3: 0.48 0.50 0.50 0.50 0.50 0.50 0.50 0.50 0.50 0.50 0.50 0.50 0.50
  per-rule acc: 0.62 0.38
Epoch 1360 | Train: Loss=0.0020 Acc=99.9% | Test: Acc=50.9% | Best=50.9%(@1360)
  from x3: 0.50 0.51 0.51 0.51 0.51 0.51 0.51 0.51 0.51 0.51 0.51 0.51 0.51
  per-rule acc: 0.60 0.42
Epoch 1380 | Train: Loss=0.2782 Acc=97.6% | Test: Acc=51.8% | Best=51.8%(@1380)
  from x3: 0.50 0.53 0.52 0.52 0.52 0.52 0.52 0.52 0.52 0.52 0.52 0.52 0.52
  per-rule acc: 0.64 0.40
Epoch 1400 | Train: Loss=0.0016 Acc=99.9% | Test: Acc=66.6% | Best=66.6%(@1400)
  from x3: 0.64 0.68 0.67 0.67 0.67 0.67 0.67 0.67 0.67 0.67 0.67 0.67 0.67
  per-rule acc: 0.77 0.56
Epoch 1420 | Train: Loss=0.0024 Acc=99.9% | Test: Acc=68.1% | Best=68.1%(@1420)
  from x3: 0.65 0.69 0.68 0.68 0.68 0.68 0.68 0.68 0.68 0.69 0.68 0.68 0.68
  per-rule acc: 0.78 0.59
Epoch 1440 | Train: Loss=0.0019 Acc=99.9% | Test: Acc=74.6% | Best=74.6%(@1440)
  from x3: 0.72 0.75 0.75 0.75 0.75 0.75 0.75 0.75 0.75 0.75 0.75 0.75 0.75
  per-rule acc: 0.84 0.65
Epoch 1460 | Train: Loss=0.0020 Acc=99.9% | Test: Acc=76.6% | Best=76.6%(@1460)
  from x3: 0.74 0.77 0.77 0.77 0.77 0.77 0.77 0.77 0.77 0.77 0.77 0.77 0.77
  per-rule acc: 0.84 0.70
Epoch 1480 | Train: Loss=0.0206 Acc=99.7% | Test: Acc=70.1% | Best=76.6%(@1460)
  from x3: 0.67 0.71 0.70 0.70 0.70 0.70 0.71 0.70 0.70 0.70 0.70 0.70 0.70
  per-rule acc: 0.79 0.61
Epoch 1500 | Train: Loss=0.0017 Acc=99.9% | Test: Acc=83.2% | Best=83.2%(@1500)
  from x3: 0.81 0.84 0.84 0.83 0.84 0.83 0.83 0.83 0.83 0.83 0.83 0.83 0.83
  per-rule acc: 0.90 0.77
Epoch 1520 | Train: Loss=0.0320 Acc=99.5% | Test: Acc=71.2% | Best=83.2%(@1500)
  from x3: 0.68 0.72 0.72 0.71 0.71 0.72 0.72 0.71 0.71 0.71 0.71 0.71 0.71
  per-rule acc: 0.77 0.65
Epoch 1540 | Train: Loss=0.0016 Acc=99.9% | Test: Acc=86.5% | Best=86.5%(@1540)
  from x3: 0.84 0.87 0.87 0.87 0.87 0.87 0.87 0.87 0.87 0.87 0.87 0.87 0.86
  per-rule acc: 0.92 0.81
Epoch 1560 | Train: Loss=0.0021 Acc=99.9% | Test: Acc=86.5% | Best=86.5%(@1560)
  from x3: 0.84 0.87 0.87 0.87 0.87 0.87 0.87 0.87 0.87 0.87 0.87 0.87 0.87
  per-rule acc: 0.92 0.81
Epoch 1580 | Train: Loss=0.0016 Acc=99.9% | Test: Acc=87.4% | Best=87.4%(@1580)
  from x3: 0.84 0.88 0.87 0.88 0.88 0.88 0.88 0.88 0.88 0.88 0.88 0.88 0.88
  per-rule acc: 0.94 0.81
Epoch 1600 | Train: Loss=0.0018 Acc=99.9% | Test: Acc=90.5% | Best=90.5%(@1600)
  from x3: 0.88 0.91 0.91 0.91 0.91 0.91 0.91 0.91 0.91 0.91 0.91 0.91 0.91
  per-rule acc: 0.94 0.87
Epoch 1620 | Train: Loss=0.0021 Acc=99.9% | Test: Acc=89.8% | Best=90.5%(@1600)
  from x3: 0.87 0.90 0.90 0.90 0.90 0.90 0.90 0.90 0.90 0.90 0.90 0.90 0.90
  per-rule acc: 0.94 0.86
Epoch 1640 | Train: Loss=0.0279 Acc=99.5% | Test: Acc=78.8% | Best=90.5%(@1600)
  from x3: 0.76 0.79 0.79 0.79 0.79 0.79 0.79 0.79 0.79 0.79 0.79 0.79 0.79
  per-rule acc: 0.84 0.73
Epoch 1660 | Train: Loss=0.0015 Acc=99.9% | Test: Acc=92.1% | Best=92.1%(@1660)
  from x3: 0.90 0.93 0.92 0.92 0.92 0.92 0.92 0.92 0.92 0.92 0.92 0.92 0.92
  per-rule acc: 0.96 0.88
Epoch 1680 | Train: Loss=0.0019 Acc=99.9% | Test: Acc=93.4% | Best=93.4%(@1680)
  from x3: 0.92 0.93 0.93 0.94 0.93 0.93 0.94 0.94 0.94 0.94 0.94 0.94 0.93
  per-rule acc: 0.97 0.90
Epoch 1700 | Train: Loss=0.0023 Acc=99.9% | Test: Acc=92.7% | Best=93.4%(@1680)
  from x3: 0.90 0.93 0.93 0.93 0.93 0.93 0.93 0.93 0.93 0.93 0.93 0.93 0.93
  per-rule acc: 0.96 0.90
Epoch 1720 | Train: Loss=0.0018 Acc=99.9% | Test: Acc=94.9% | Best=94.9%(@1720)
  from x3: 0.93 0.95 0.95 0.95 0.95 0.95 0.95 0.95 0.95 0.95 0.95 0.95 0.95
  per-rule acc: 0.97 0.93
Epoch 1740 | Train: Loss=0.0019 Acc=99.9% | Test: Acc=94.7% | Best=94.9%(@1720)
  from x3: 0.93 0.95 0.95 0.95 0.95 0.95 0.95 0.95 0.95 0.95 0.95 0.95 0.95
  per-rule acc: 0.97 0.92
Epoch 1760 | Train: Loss=0.0087 Acc=99.9% | Test: Acc=85.8% | Best=94.9%(@1720)
  from x3: 0.83 0.87 0.86 0.86 0.86 0.86 0.86 0.86 0.86 0.86 0.86 0.86 0.86
  per-rule acc: 0.92 0.80
Epoch 1780 | Train: Loss=0.0016 Acc=99.9% | Test: Acc=94.3% | Best=94.9%(@1720)
  from x3: 0.92 0.95 0.95 0.94 0.94 0.95 0.94 0.94 0.94 0.94 0.94 0.95 0.95
  per-rule acc: 0.97 0.92
Epoch 1800 | Train: Loss=0.0311 Acc=99.5% | Test: Acc=82.0% | Best=94.9%(@1720)
  from x3: 0.79 0.83 0.82 0.82 0.82 0.82 0.82 0.82 0.82 0.82 0.82 0.82 0.82
  per-rule acc: 0.89 0.75
Epoch 1820 | Train: Loss=0.0016 Acc=99.9% | Test: Acc=94.4% | Best=94.9%(@1720)
  from x3: 0.92 0.95 0.95 0.94 0.94 0.94 0.94 0.94 0.94 0.95 0.95 0.95 0.94
  per-rule acc: 0.97 0.92
Epoch 1840 | Train: Loss=0.0340 Acc=99.6% | Test: Acc=81.5% | Best=94.9%(@1720)
  from x3: 0.78 0.82 0.82 0.82 0.82 0.82 0.82 0.82 0.82 0.82 0.82 0.82 0.82
  per-rule acc: 0.88 0.75
Epoch 1860 | Train: Loss=0.0016 Acc=99.9% | Test: Acc=95.1% | Best=95.1%(@1860)
  from x3: 0.93 0.96 0.95 0.95 0.95 0.95 0.95 0.95 0.95 0.95 0.95 0.95 0.95
  per-rule acc: 0.97 0.93
Epoch 1880 | Train: Loss=0.0019 Acc=99.9% | Test: Acc=95.2% | Best=95.2%(@1880)
  from x3: 0.94 0.96 0.95 0.95 0.95 0.95 0.95 0.95 0.95 0.95 0.95 0.95 0.95
  per-rule acc: 0.97 0.93
Epoch 1900 | Train: Loss=0.0022 Acc=99.9% | Test: Acc=95.4% | Best=95.4%(@1900)
  from x3: 0.94 0.96 0.96 0.96 0.95 0.95 0.95 0.96 0.96 0.96 0.96 0.96 0.96
  per-rule acc: 0.97 0.94
Epoch 1920 | Train: Loss=0.0016 Acc=99.9% | Test: Acc=94.4% | Best=95.4%(@1900)
  from x3: 0.93 0.95 0.94 0.95 0.95 0.95 0.95 0.95 0.94 0.94 0.95 0.94 0.94
  per-rule acc: 0.97 0.92
Epoch 1940 | Train: Loss=0.0018 Acc=99.9% | Test: Acc=95.7% | Best=95.7%(@1940)
  from x3: 0.94 0.96 0.96 0.96 0.96 0.96 0.96 0.96 0.96 0.96 0.96 0.96 0.96
  per-rule acc: 0.98 0.94
Epoch 1960 | Train: Loss=0.0055 Acc=99.9% | Test: Acc=90.7% | Best=95.7%(@1940)
  from x3: 0.88 0.91 0.91 0.91 0.91 0.91 0.91 0.91 0.91 0.91 0.91 0.91 0.91
  per-rule acc: 0.93 0.88
Epoch 1980 | Train: Loss=0.0017 Acc=99.9% | Test: Acc=95.2% | Best=95.7%(@1940)
  from x3: 0.93 0.96 0.95 0.95 0.95 0.95 0.95 0.95 0.95 0.95 0.95 0.95 0.95
  per-rule acc: 0.97 0.93
Epoch 2000 | Train: Loss=0.0021 Acc=99.9% | Test: Acc=95.7% | Best=95.7%(@1940)
  from x3: 0.94 0.96 0.96 0.96 0.96 0.96 0.96 0.96 0.96 0.96 0.96 0.96 0.96
  per-rule acc: 0.97 0.94
Epoch 2020 | Train: Loss=0.0039 Acc=99.9% | Test: Acc=92.4% | Best=95.7%(@1940)
  from x3: 0.90 0.93 0.93 0.93 0.93 0.92 0.93 0.93 0.93 0.93 0.93 0.93 0.93
  per-rule acc: 0.95 0.90
Epoch 2040 | Train: Loss=0.0017 Acc=99.9% | Test: Acc=95.8% | Best=95.8%(@2040)
  from x3: 0.94 0.96 0.96 0.96 0.96 0.96 0.96 0.96 0.96 0.96 0.96 0.96 0.96
  per-rule acc: 0.97 0.94
Epoch 2060 | Train: Loss=0.0022 Acc=99.9% | Test: Acc=96.2% | Best=96.2%(@2060)
  from x3: 0.95 0.96 0.96 0.96 0.96 0.96 0.96 0.96 0.96 0.96 0.96 0.96 0.96
  per-rule acc: 0.98 0.95
Epoch 2080 | Train: Loss=0.0030 Acc=99.9% | Test: Acc=90.5% | Best=96.2%(@2060)
  from x3: 0.89 0.91 0.91 0.91 0.90 0.91 0.91 0.91 0.91 0.90 0.91 0.91 0.91
  per-rule acc: 0.95 0.86
Epoch 2100 | Train: Loss=0.0017 Acc=99.9% | Test: Acc=95.4% | Best=96.2%(@2060)
  from x3: 0.93 0.96 0.95 0.96 0.96 0.96 0.96 0.96 0.96 0.96 0.96 0.96 0.96
  per-rule acc: 0.97 0.94
Epoch 2120 | Train: Loss=0.0020 Acc=99.9% | Test: Acc=96.0% | Best=96.2%(@2060)
  from x3: 0.94 0.97 0.96 0.96 0.96 0.96 0.96 0.96 0.96 0.96 0.96 0.96 0.96
  per-rule acc: 0.98 0.94
Epoch 2140 | Train: Loss=0.0015 Acc=99.9% | Test: Acc=94.3% | Best=96.2%(@2060)
  from x3: 0.92 0.95 0.94 0.94 0.94 0.94 0.94 0.94 0.94 0.94 0.94 0.95 0.95
  per-rule acc: 0.96 0.93
Epoch 2160 | Train: Loss=0.0017 Acc=99.9% | Test: Acc=96.1% | Best=96.2%(@2060)
  from x3: 0.94 0.96 0.96 0.96 0.96 0.96 0.96 0.96 0.96 0.96 0.96 0.96 0.96
  per-rule acc: 0.97 0.95
Epoch 2180 | Train: Loss=0.0429 Acc=99.4% | Test: Acc=83.6% | Best=96.2%(@2060)
  from x3: 0.80 0.84 0.84 0.84 0.84 0.84 0.84 0.84 0.84 0.84 0.84 0.84 0.84
  per-rule acc: 0.90 0.78
Epoch 2200 | Train: Loss=0.0015 Acc=99.9% | Test: Acc=96.4% | Best=96.4%(@2200)
  from x3: 0.94 0.97 0.97 0.97 0.97 0.97 0.97 0.97 0.97 0.97 0.97 0.97 0.97
  per-rule acc: 0.98 0.95
Epoch 2220 | Train: Loss=0.0019 Acc=99.9% | Test: Acc=96.3% | Best=96.4%(@2200)
  from x3: 0.94 0.97 0.96 0.96 0.96 0.96 0.96 0.96 0.96 0.96 0.96 0.96 0.96
  per-rule acc: 0.98 0.95
Epoch 2240 | Train: Loss=0.0024 Acc=99.9% | Test: Acc=96.4% | Best=96.4%(@2240)
  from x3: 0.94 0.97 0.97 0.97 0.97 0.97 0.97 0.97 0.97 0.97 0.97 0.97 0.97
  per-rule acc: 0.98 0.95
Epoch 2260 | Train: Loss=0.0017 Acc=99.9% | Test: Acc=95.1% | Best=96.4%(@2240)
  from x3: 0.93 0.96 0.95 0.95 0.95 0.95 0.95 0.95 0.95 0.95 0.95 0.95 0.95
  per-rule acc: 0.97 0.93
Epoch 2280 | Train: Loss=0.0018 Acc=99.9% | Test: Acc=96.2% | Best=96.4%(@2240)
  from x3: 0.94 0.97 0.96 0.96 0.96 0.96 0.96 0.96 0.96 0.96 0.96 0.96 0.96
  per-rule acc: 0.98 0.95
Epoch 2300 | Train: Loss=0.0092 Acc=99.9% | Test: Acc=90.0% | Best=96.4%(@2240)
  from x3: 0.86 0.91 0.90 0.90 0.90 0.90 0.90 0.90 0.90 0.90 0.90 0.90 0.90
  per-rule acc: 0.94 0.86
Epoch 2320 | Train: Loss=0.0015 Acc=99.9% | Test: Acc=96.2% | Best=96.4%(@2240)
  from x3: 0.94 0.96 0.96 0.96 0.96 0.96 0.96 0.96 0.96 0.96 0.96 0.96 0.96
  per-rule acc: 0.98 0.94
Epoch 2340 | Train: Loss=0.0019 Acc=99.9% | Test: Acc=96.5% | Best=96.5%(@2340)
  from x3: 0.94 0.97 0.97 0.97 0.97 0.97 0.97 0.97 0.97 0.97 0.97 0.97 0.97
  per-rule acc: 0.98 0.95
Epoch 2360 | Train: Loss=0.0047 Acc=99.9% | Test: Acc=92.4% | Best=96.5%(@2340)
  from x3: 0.90 0.93 0.93 0.93 0.93 0.93 0.93 0.93 0.93 0.93 0.93 0.93 0.93
  per-rule acc: 0.96 0.89
Epoch 2380 | Train: Loss=0.0017 Acc=99.9% | Test: Acc=96.3% | Best=96.5%(@2340)
  from x3: 0.95 0.97 0.96 0.96 0.96 0.96 0.96 0.97 0.96 0.96 0.96 0.96 0.96
  per-rule acc: 0.98 0.95
Epoch 2400 | Train: Loss=0.0019 Acc=99.9% | Test: Acc=96.5% | Best=96.5%(@2340)
  from x3: 0.95 0.97 0.97 0.97 0.97 0.97 0.97 0.97 0.97 0.97 0.97 0.97 0.97
  per-rule acc: 0.98 0.95
Epoch 2420 | Train: Loss=0.0015 Acc=99.9% | Test: Acc=95.4% | Best=96.5%(@2340)
  from x3: 0.94 0.96 0.96 0.96 0.96 0.96 0.96 0.95 0.95 0.96 0.96 0.96 0.96
  per-rule acc: 0.98 0.93
Epoch 2440 | Train: Loss=0.0018 Acc=99.9% | Test: Acc=96.6% | Best=96.6%(@2440)
  from x3: 0.95 0.97 0.97 0.97 0.97 0.97 0.97 0.97 0.97 0.97 0.97 0.97 0.97
  per-rule acc: 0.98 0.95
Epoch 2460 | Train: Loss=0.0055 Acc=99.9% | Test: Acc=92.8% | Best=96.6%(@2440)
  from x3: 0.90 0.93 0.93 0.93 0.93 0.93 0.93 0.93 0.93 0.93 0.93 0.93 0.93
  per-rule acc: 0.96 0.90
Epoch 2480 | Train: Loss=0.0017 Acc=99.9% | Test: Acc=96.3% | Best=96.6%(@2440)
  from x3: 0.95 0.97 0.96 0.96 0.97 0.96 0.96 0.96 0.96 0.96 0.96 0.96 0.96
  per-rule acc: 0.98 0.95
Epoch 2500 | Train: Loss=0.0030 Acc=99.9% | Test: Acc=93.6% | Best=96.6%(@2440)
  from x3: 0.91 0.94 0.94 0.94 0.94 0.94 0.94 0.94 0.94 0.94 0.94 0.94 0.94
  per-rule acc: 0.96 0.91
Epoch 2520 | Train: Loss=0.0015 Acc=99.9% | Test: Acc=96.4% | Best=96.6%(@2440)
  from x3: 0.94 0.97 0.97 0.97 0.97 0.97 0.97 0.97 0.97 0.97 0.97 0.97 0.97
  per-rule acc: 0.98 0.95
Epoch 2540 | Train: Loss=0.0020 Acc=99.9% | Test: Acc=96.3% | Best=96.6%(@2440)
  from x3: 0.94 0.97 0.97 0.96 0.96 0.96 0.96 0.96 0.96 0.96 0.96 0.96 0.96
  per-rule acc: 0.98 0.95
Epoch 2560 | Train: Loss=0.0018 Acc=99.9% | Test: Acc=95.7% | Best=96.6%(@2440)
  from x3: 0.93 0.96 0.96 0.96 0.96 0.96 0.96 0.96 0.96 0.96 0.96 0.96 0.96
  per-rule acc: 0.97 0.94
Epoch 2580 | Train: Loss=0.0018 Acc=99.9% | Test: Acc=96.4% | Best=96.6%(@2440)
  from x3: 0.94 0.97 0.97 0.96 0.97 0.96 0.96 0.96 0.97 0.96 0.97 0.97 0.97
  per-rule acc: 0.98 0.95
Epoch 2600 | Train: Loss=0.0086 Acc=99.9% | Test: Acc=91.5% | Best=96.6%(@2440)
  from x3: 0.89 0.92 0.92 0.92 0.92 0.92 0.92 0.92 0.92 0.92 0.92 0.92 0.92
  per-rule acc: 0.95 0.88
Epoch 2620 | Train: Loss=0.0016 Acc=99.9% | Test: Acc=96.4% | Best=96.6%(@2440)
  from x3: 0.95 0.97 0.97 0.97 0.97 0.97 0.97 0.96 0.97 0.97 0.97 0.96 0.97
  per-rule acc: 0.97 0.96
Epoch 2640 | Train: Loss=0.0818 Acc=99.6% | Test: Acc=82.0% | Best=96.6%(@2440)
  from x3: 0.79 0.83 0.82 0.82 0.82 0.82 0.82 0.82 0.82 0.82 0.82 0.82 0.82
  per-rule acc: 0.85 0.80
Epoch 2660 | Train: Loss=0.0015 Acc=99.9% | Test: Acc=96.2% | Best=96.6%(@2440)
  from x3: 0.94 0.97 0.96 0.96 0.96 0.96 0.96 0.96 0.96 0.96 0.96 0.96 0.96
  per-rule acc: 0.98 0.94
Epoch 2680 | Train: Loss=0.0019 Acc=99.9% | Test: Acc=96.6% | Best=96.6%(@2680)
  from x3: 0.95 0.97 0.97 0.97 0.97 0.97 0.97 0.97 0.97 0.97 0.97 0.97 0.97
  per-rule acc: 0.98 0.95
Epoch 2700 | Train: Loss=0.0037 Acc=99.9% | Test: Acc=93.7% | Best=96.6%(@2680)
  from x3: 0.91 0.94 0.94 0.94 0.94 0.94 0.94 0.94 0.94 0.94 0.94 0.94 0.94
  per-rule acc: 0.96 0.91
Epoch 2720 | Train: Loss=0.0016 Acc=99.9% | Test: Acc=96.4% | Best=96.6%(@2680)
  from x3: 0.94 0.97 0.96 0.97 0.97 0.97 0.97 0.97 0.97 0.97 0.97 0.97 0.97
  per-rule acc: 0.98 0.94
Epoch 2740 | Train: Loss=0.0021 Acc=99.9% | Test: Acc=95.6% | Best=96.6%(@2680)
  from x3: 0.93 0.96 0.96 0.96 0.96 0.96 0.96 0.96 0.96 0.96 0.96 0.96 0.96
  per-rule acc: 0.97 0.94
Epoch 2760 | Train: Loss=0.0022 Acc=99.9% | Test: Acc=93.9% | Best=96.6%(@2680)
  from x3: 0.92 0.95 0.94 0.94 0.94 0.94 0.94 0.94 0.94 0.94 0.94 0.94 0.94
  per-rule acc: 0.97 0.91
Epoch 2780 | Train: Loss=0.0017 Acc=99.9% | Test: Acc=96.1% | Best=96.6%(@2680)
  from x3: 0.94 0.96 0.96 0.96 0.96 0.96 0.96 0.96 0.96 0.96 0.96 0.96 0.96
  per-rule acc: 0.97 0.95
Epoch 2800 | Train: Loss=0.0139 Acc=99.9% | Test: Acc=90.5% | Best=96.6%(@2680)
  from x3: 0.87 0.92 0.91 0.91 0.91 0.91 0.91 0.91 0.91 0.91 0.91 0.91 0.91
  per-rule acc: 0.94 0.87
Epoch 2820 | Train: Loss=0.0015 Acc=99.9% | Test: Acc=95.7% | Best=96.6%(@2680)
  from x3: 0.93 0.96 0.96 0.96 0.96 0.96 0.96 0.96 0.96 0.96 0.96 0.96 0.96
  per-rule acc: 0.98 0.94
Epoch 2840 | Train: Loss=0.0018 Acc=99.9% | Test: Acc=96.3% | Best=96.6%(@2680)
  from x3: 0.94 0.97 0.96 0.96 0.97 0.97 0.97 0.97 0.97 0.96 0.96 0.96 0.96
  per-rule acc: 0.97 0.95
Epoch 2860 | Train: Loss=0.0229 Acc=99.6% | Test: Acc=89.0% | Best=96.6%(@2680)
  from x3: 0.86 0.90 0.89 0.89 0.89 0.89 0.89 0.89 0.89 0.89 0.89 0.89 0.89
  per-rule acc: 0.92 0.86
Epoch 2880 | Train: Loss=0.0015 Acc=99.9% | Test: Acc=96.0% | Best=96.6%(@2680)
  from x3: 0.94 0.96 0.96 0.96 0.96 0.96 0.96 0.96 0.96 0.96 0.96 0.96 0.96
  per-rule acc: 0.98 0.94
Epoch 2900 | Train: Loss=0.0019 Acc=99.9% | Test: Acc=96.4% | Best=96.6%(@2680)
  from x3: 0.95 0.97 0.97 0.97 0.97 0.97 0.97 0.97 0.96 0.96 0.96 0.96 0.96
  per-rule acc: 0.98 0.95
Epoch 2920 | Train: Loss=0.0015 Acc=99.9% | Test: Acc=96.8% | Best=96.8%(@2920)
  from x3: 0.95 0.97 0.97 0.97 0.97 0.97 0.97 0.97 0.97 0.97 0.97 0.97 0.97
  per-rule acc: 0.99 0.95
Epoch 2940 | Train: Loss=0.0021 Acc=99.9% | Test: Acc=96.1% | Best=96.8%(@2920)
  from x3: 0.95 0.96 0.96 0.96 0.96 0.96 0.96 0.96 0.96 0.96 0.96 0.96 0.96
  per-rule acc: 0.98 0.94
Epoch 2960 | Train: Loss=0.0014 Acc=99.9% | Test: Acc=96.6% | Best=96.8%(@2920)
  from x3: 0.94 0.97 0.97 0.97 0.97 0.97 0.97 0.97 0.97 0.97 0.97 0.97 0.97
  per-rule acc: 0.98 0.95
Epoch 2980 | Train: Loss=0.0018 Acc=99.9% | Test: Acc=96.4% | Best=96.8%(@2920)
  from x3: 0.95 0.97 0.97 0.96 0.97 0.97 0.97 0.97 0.97 0.97 0.97 0.97 0.97
  per-rule acc: 0.98 0.95
Epoch 3000 | Train: Loss=0.0428 Acc=99.5% | Test: Acc=89.3% | Best=96.8%(@2920)
  from x3: 0.85 0.90 0.89 0.90 0.90 0.90 0.90 0.90 0.90 0.90 0.90 0.90 0.90
  per-rule acc: 0.92 0.87
Epoch 3020 | Train: Loss=0.0016 Acc=99.9% | Test: Acc=94.2% | Best=96.8%(@2920)
  from x3: 0.92 0.95 0.94 0.94 0.94 0.94 0.94 0.94 0.94 0.94 0.94 0.94 0.94
  per-rule acc: 0.97 0.92
Epoch 3040 | Train: Loss=0.0017 Acc=99.9% | Test: Acc=96.2% | Best=96.8%(@2920)
  from x3: 0.94 0.96 0.96 0.96 0.96 0.96 0.96 0.96 0.96 0.96 0.96 0.96 0.96
  per-rule acc: 0.98 0.95
Epoch 3060 | Train: Loss=0.0202 Acc=99.8% | Test: Acc=91.0% | Best=96.8%(@2920)
  from x3: 0.87 0.92 0.91 0.91 0.91 0.91 0.91 0.91 0.91 0.91 0.91 0.91 0.91
  per-rule acc: 0.94 0.88
Epoch 3080 | Train: Loss=0.0016 Acc=99.9% | Test: Acc=96.9% | Best=96.9%(@3080)
  from x3: 0.95 0.97 0.97 0.97 0.97 0.97 0.97 0.97 0.97 0.97 0.97 0.97 0.97
  per-rule acc: 0.98 0.96
Epoch 3100 | Train: Loss=0.0208 Acc=99.7% | Test: Acc=85.4% | Best=96.9%(@3080)
  from x3: 0.82 0.86 0.86 0.86 0.86 0.86 0.86 0.86 0.86 0.86 0.86 0.86 0.86
  per-rule acc: 0.90 0.81
Epoch 3120 | Train: Loss=0.0015 Acc=99.9% | Test: Acc=96.0% | Best=96.9%(@3080)
  from x3: 0.94 0.97 0.96 0.96 0.96 0.96 0.96 0.96 0.96 0.96 0.96 0.96 0.96
  per-rule acc: 0.97 0.95
Epoch 3140 | Train: Loss=0.0018 Acc=99.9% | Test: Acc=96.3% | Best=96.9%(@3080)
  from x3: 0.95 0.97 0.96 0.96 0.96 0.96 0.96 0.96 0.96 0.96 0.96 0.96 0.96
  per-rule acc: 0.98 0.95
Epoch 3160 | Train: Loss=0.0021 Acc=99.9% | Test: Acc=94.4% | Best=96.9%(@3080)
  from x3: 0.92 0.95 0.95 0.95 0.95 0.95 0.95 0.95 0.95 0.95 0.95 0.95 0.95
  per-rule acc: 0.97 0.92
Epoch 3180 | Train: Loss=0.0017 Acc=99.9% | Test: Acc=96.4% | Best=96.9%(@3080)
  from x3: 0.94 0.97 0.97 0.97 0.97 0.97 0.97 0.97 0.97 0.97 0.97 0.97 0.97
  per-rule acc: 0.98 0.95
Epoch 3200 | Train: Loss=0.0015 Acc=99.9% | Test: Acc=96.3% | Best=96.9%(@3080)
  from x3: 0.94 0.97 0.96 0.96 0.96 0.96 0.96 0.96 0.96 0.96 0.96 0.96 0.96
  per-rule acc: 0.98 0.94
Epoch 3220 | Train: Loss=0.0018 Acc=99.9% | Test: Acc=96.4% | Best=96.9%(@3080)
  from x3: 0.95 0.97 0.97 0.97 0.97 0.97 0.97 0.97 0.97 0.97 0.97 0.97 0.96
  per-rule acc: 0.98 0.95
Epoch 3240 | Train: Loss=0.0182 Acc=99.7% | Test: Acc=89.8% | Best=96.9%(@3080)
  from x3: 0.87 0.90 0.90 0.90 0.90 0.90 0.90 0.90 0.90 0.90 0.90 0.90 0.90
  per-rule acc: 0.92 0.88
Epoch 3260 | Train: Loss=0.0016 Acc=99.9% | Test: Acc=96.6% | Best=96.9%(@3080)
  from x3: 0.95 0.97 0.97 0.97 0.97 0.97 0.97 0.97 0.97 0.97 0.97 0.97 0.97
  per-rule acc: 0.98 0.95
Epoch 3280 | Train: Loss=0.0189 Acc=99.8% | Test: Acc=88.5% | Best=96.9%(@3080)
  from x3: 0.85 0.89 0.89 0.89 0.89 0.89 0.89 0.89 0.89 0.89 0.89 0.89 0.89
  per-rule acc: 0.92 0.85
Epoch 3300 | Train: Loss=0.0015 Acc=99.9% | Test: Acc=96.8% | Best=96.9%(@3080)
  from x3: 0.95 0.97 0.97 0.97 0.97 0.97 0.97 0.97 0.97 0.97 0.97 0.97 0.97
  per-rule acc: 0.98 0.95
Epoch 3320 | Train: Loss=0.0018 Acc=99.9% | Test: Acc=96.8% | Best=96.9%(@3080)
  from x3: 0.95 0.97 0.97 0.97 0.97 0.97 0.97 0.97 0.97 0.97 0.97 0.97 0.97
  per-rule acc: 0.98 0.95
Epoch 3340 | Train: Loss=0.0015 Acc=99.9% | Test: Acc=95.8% | Best=96.9%(@3080)
  from x3: 0.94 0.96 0.96 0.96 0.96 0.96 0.96 0.96 0.96 0.96 0.96 0.96 0.96
  per-rule acc: 0.98 0.94
Epoch 3360 | Train: Loss=0.0019 Acc=99.9% | Test: Acc=96.7% | Best=96.9%(@3080)
  from x3: 0.94 0.97 0.97 0.97 0.97 0.97 0.97 0.97 0.97 0.97 0.97 0.97 0.97
  per-rule acc: 0.98 0.95
Epoch 3380 | Train: Loss=0.0026 Acc=99.9% | Test: Acc=94.0% | Best=96.9%(@3080)
  from x3: 0.92 0.95 0.94 0.94 0.94 0.94 0.94 0.94 0.94 0.94 0.94 0.94 0.94
  per-rule acc: 0.97 0.92
Epoch 3400 | Train: Loss=0.0016 Acc=99.9% | Test: Acc=96.5% | Best=96.9%(@3080)
  from x3: 0.95 0.97 0.97 0.97 0.97 0.97 0.97 0.97 0.97 0.97 0.97 0.97 0.97
  per-rule acc: 0.98 0.95
Epoch 3420 | Train: Loss=0.0020 Acc=99.9% | Test: Acc=96.7% | Best=96.9%(@3080)
  from x3: 0.95 0.97 0.97 0.97 0.97 0.97 0.97 0.97 0.97 0.97 0.97 0.97 0.97
  per-rule acc: 0.98 0.95
Epoch 3440 | Train: Loss=0.0015 Acc=99.9% | Test: Acc=95.8% | Best=96.9%(@3080)
  from x3: 0.93 0.96 0.96 0.96 0.96 0.96 0.96 0.96 0.96 0.96 0.96 0.96 0.96
  per-rule acc: 0.98 0.94
Epoch 3460 | Train: Loss=0.0017 Acc=99.9% | Test: Acc=96.5% | Best=96.9%(@3080)
  from x3: 0.95 0.97 0.97 0.97 0.97 0.97 0.97 0.97 0.97 0.97 0.97 0.97 0.97
  per-rule acc: 0.98 0.95
Epoch 3480 | Train: Loss=0.0218 Acc=99.9% | Test: Acc=89.7% | Best=96.9%(@3080)
  from x3: 0.87 0.91 0.90 0.90 0.90 0.90 0.90 0.90 0.90 0.90 0.90 0.90 0.90
  per-rule acc: 0.95 0.85
Epoch 3500 | Train: Loss=0.0014 Acc=99.9% | Test: Acc=96.3% | Best=96.9%(@3080)
  from x3: 0.94 0.97 0.97 0.96 0.96 0.96 0.96 0.96 0.96 0.96 0.96 0.96 0.96
  per-rule acc: 0.98 0.94
Epoch 3520 | Train: Loss=0.0018 Acc=99.9% | Test: Acc=96.6% | Best=96.9%(@3080)
  from x3: 0.95 0.97 0.97 0.97 0.97 0.97 0.97 0.97 0.97 0.97 0.97 0.97 0.97
  per-rule acc: 0.99 0.95
Epoch 3540 | Train: Loss=0.0040 Acc=99.9% | Test: Acc=93.9% | Best=96.9%(@3080)
  from x3: 0.92 0.95 0.94 0.94 0.94 0.94 0.94 0.94 0.94 0.94 0.94 0.94 0.94
  per-rule acc: 0.97 0.91
Epoch 3560 | Train: Loss=0.0016 Acc=99.9% | Test: Acc=97.0% | Best=97.0%(@3560)
  from x3: 0.95 0.97 0.97 0.97 0.97 0.97 0.97 0.97 0.97 0.97 0.97 0.97 0.97
  per-rule acc: 0.98 0.95
Epoch 3580 | Train: Loss=0.0020 Acc=99.9% | Test: Acc=96.5% | Best=97.0%(@3560)
  from x3: 0.95 0.97 0.97 0.97 0.97 0.97 0.97 0.97 0.97 0.97 0.97 0.97 0.97
  per-rule acc: 0.98 0.95
Epoch 3600 | Train: Loss=0.0018 Acc=99.9% | Test: Acc=95.3% | Best=97.0%(@3560)
  from x3: 0.93 0.96 0.96 0.95 0.95 0.95 0.95 0.95 0.95 0.95 0.95 0.95 0.95
  per-rule acc: 0.98 0.93
Epoch 3620 | Train: Loss=0.0017 Acc=99.9% | Test: Acc=96.6% | Best=97.0%(@3560)
  from x3: 0.95 0.97 0.97 0.97 0.97 0.97 0.97 0.97 0.97 0.97 0.97 0.97 0.97
  per-rule acc: 0.98 0.95
Epoch 3640 | Train: Loss=0.0017 Acc=99.9% | Test: Acc=95.3% | Best=97.0%(@3560)
  from x3: 0.93 0.96 0.95 0.95 0.95 0.95 0.95 0.95 0.95 0.95 0.95 0.95 0.95
  per-rule acc: 0.98 0.93
Epoch 3660 | Train: Loss=0.0017 Acc=99.9% | Test: Acc=96.7% | Best=97.0%(@3560)
  from x3: 0.95 0.97 0.97 0.97 0.97 0.97 0.97 0.97 0.97 0.97 0.97 0.97 0.97
  per-rule acc: 0.98 0.95
Epoch 3680 | Train: Loss=0.0197 Acc=99.8% | Test: Acc=90.5% | Best=97.0%(@3560)
  from x3: 0.87 0.91 0.91 0.91 0.91 0.91 0.91 0.91 0.91 0.91 0.91 0.91 0.91
  per-rule acc: 0.92 0.88
Epoch 3700 | Train: Loss=0.0015 Acc=99.9% | Test: Acc=96.8% | Best=97.0%(@3560)
  from x3: 0.95 0.97 0.97 0.97 0.97 0.97 0.97 0.97 0.97 0.97 0.97 0.97 0.97
  per-rule acc: 0.98 0.96
Epoch 3720 | Train: Loss=0.0018 Acc=99.9% | Test: Acc=96.6% | Best=97.0%(@3560)
  from x3: 0.95 0.97 0.97 0.97 0.97 0.97 0.97 0.97 0.97 0.97 0.97 0.97 0.97
  per-rule acc: 0.98 0.95
Epoch 3740 | Train: Loss=0.0024 Acc=99.9% | Test: Acc=93.9% | Best=97.0%(@3560)
  from x3: 0.91 0.95 0.94 0.94 0.94 0.94 0.94 0.94 0.94 0.94 0.94 0.94 0.94
  per-rule acc: 0.97 0.91
Epoch 3760 | Train: Loss=0.0017 Acc=99.9% | Test: Acc=96.9% | Best=97.0%(@3560)
  from x3: 0.95 0.97 0.97 0.97 0.97 0.97 0.97 0.97 0.97 0.97 0.97 0.97 0.97
  per-rule acc: 0.98 0.96
Epoch 3780 | Train: Loss=0.0019 Acc=99.9% | Test: Acc=96.9% | Best=97.0%(@3560)
  from x3: 0.95 0.97 0.97 0.97 0.97 0.97 0.97 0.97 0.97 0.97 0.97 0.97 0.97
  per-rule acc: 0.98 0.96
Epoch 3800 | Train: Loss=0.0085 Acc=99.8% | Test: Acc=90.9% | Best=97.0%(@3560)
  from x3: 0.87 0.92 0.91 0.91 0.91 0.91 0.91 0.91 0.91 0.91 0.91 0.91 0.91
  per-rule acc: 0.94 0.88
Epoch 3820 | Train: Loss=0.0015 Acc=99.9% | Test: Acc=96.2% | Best=97.0%(@3560)
  from x3: 0.95 0.97 0.96 0.96 0.96 0.96 0.96 0.96 0.96 0.96 0.96 0.96 0.96
  per-rule acc: 0.98 0.95
Epoch 3840 | Train: Loss=0.0018 Acc=99.9% | Test: Acc=96.4% | Best=97.0%(@3560)
  from x3: 0.95 0.97 0.97 0.97 0.96 0.97 0.97 0.97 0.96 0.96 0.96 0.96 0.96
  per-rule acc: 0.98 0.95
Epoch 3860 | Train: Loss=0.0041 Acc=99.9% | Test: Acc=92.2% | Best=97.0%(@3560)
  from x3: 0.88 0.92 0.92 0.93 0.92 0.92 0.93 0.92 0.93 0.93 0.93 0.93 0.93
  per-rule acc: 0.96 0.89
Epoch 3880 | Train: Loss=0.0015 Acc=99.9% | Test: Acc=95.7% | Best=97.0%(@3560)
  from x3: 0.93 0.96 0.96 0.96 0.96 0.96 0.96 0.96 0.96 0.96 0.96 0.96 0.96
  per-rule acc: 0.97 0.94
Epoch 3900 | Train: Loss=0.0017 Acc=99.9% | Test: Acc=96.1% | Best=97.0%(@3560)
  from x3: 0.94 0.97 0.96 0.96 0.96 0.96 0.96 0.96 0.96 0.96 0.96 0.96 0.96
  per-rule acc: 0.97 0.95
Epoch 3920 | Train: Loss=0.0023 Acc=99.9% | Test: Acc=94.8% | Best=97.0%(@3560)
  from x3: 0.92 0.95 0.95 0.95 0.95 0.95 0.95 0.95 0.95 0.95 0.95 0.95 0.95
  per-rule acc: 0.97 0.93
Epoch 3940 | Train: Loss=0.0016 Acc=99.9% | Test: Acc=96.8% | Best=97.0%(@3560)
  from x3: 0.94 0.97 0.97 0.97 0.97 0.97 0.97 0.97 0.97 0.97 0.97 0.97 0.97
  per-rule acc: 0.98 0.95
Epoch 3960 | Train: Loss=0.0019 Acc=99.9% | Test: Acc=96.7% | Best=97.0%(@3560)
  from x3: 0.95 0.97 0.97 0.97 0.97 0.97 0.97 0.97 0.97 0.97 0.97 0.97 0.97
  per-rule acc: 0.99 0.95
Epoch 3980 | Train: Loss=0.0014 Acc=99.9% | Test: Acc=96.1% | Best=97.0%(@3560)
  from x3: 0.94 0.97 0.96 0.96 0.96 0.96 0.96 0.96 0.96 0.96 0.96 0.96 0.96
  per-rule acc: 0.98 0.94
Epoch 4000 | Train: Loss=0.0016 Acc=99.9% | Test: Acc=96.9% | Best=97.0%(@3560)
  from x3: 0.95 0.97 0.97 0.97 0.97 0.97 0.97 0.97 0.97 0.97 0.97 0.97 0.97
  per-rule acc: 0.98 0.96
Epoch 4020 | Train: Loss=0.0121 Acc=99.8% | Test: Acc=90.6% | Best=97.0%(@3560)
  from x3: 0.88 0.92 0.91 0.91 0.91 0.91 0.91 0.91 0.91 0.91 0.91 0.91 0.91
  per-rule acc: 0.95 0.87
Epoch 4040 | Train: Loss=0.0015 Acc=99.9% | Test: Acc=96.9% | Best=97.0%(@3560)
  from x3: 0.95 0.97 0.97 0.97 0.97 0.97 0.97 0.97 0.97 0.97 0.97 0.97 0.97
  per-rule acc: 0.98 0.95
Epoch 4060 | Train: Loss=0.0190 Acc=99.7% | Test: Acc=84.3% | Best=97.0%(@3560)
  from x3: 0.81 0.85 0.85 0.85 0.85 0.85 0.85 0.85 0.85 0.85 0.85 0.85 0.85
  per-rule acc: 0.91 0.77
Epoch 4080 | Train: Loss=0.0015 Acc=99.9% | Test: Acc=96.5% | Best=97.0%(@3560)
  from x3: 0.95 0.97 0.97 0.97 0.97 0.97 0.97 0.97 0.97 0.97 0.97 0.97 0.97
  per-rule acc: 0.98 0.94
Epoch 4100 | Train: Loss=0.0018 Acc=99.9% | Test: Acc=96.5% | Best=97.0%(@3560)
  from x3: 0.95 0.97 0.97 0.97 0.97 0.97 0.97 0.97 0.97 0.97 0.97 0.97 0.97
  per-rule acc: 0.99 0.94
Epoch 4120 | Train: Loss=0.0022 Acc=99.9% | Test: Acc=95.2% | Best=97.0%(@3560)
  from x3: 0.92 0.96 0.95 0.95 0.95 0.95 0.95 0.95 0.95 0.95 0.95 0.95 0.95
  per-rule acc: 0.97 0.93
Epoch 4140 | Train: Loss=0.0016 Acc=99.9% | Test: Acc=96.8% | Best=97.0%(@3560)
  from x3: 0.95 0.97 0.97 0.97 0.97 0.97 0.97 0.97 0.97 0.97 0.97 0.97 0.97
  per-rule acc: 0.98 0.95
Epoch 4160 | Train: Loss=0.0019 Acc=99.9% | Test: Acc=96.5% | Best=97.0%(@3560)
  from x3: 0.95 0.97 0.97 0.97 0.97 0.97 0.97 0.97 0.97 0.97 0.97 0.97 0.97
  per-rule acc: 0.98 0.95
Epoch 4180 | Train: Loss=0.0039 Acc=99.9% | Test: Acc=94.1% | Best=97.0%(@3560)
  from x3: 0.91 0.94 0.94 0.94 0.94 0.94 0.94 0.94 0.94 0.94 0.94 0.94 0.94
  per-rule acc: 0.98 0.90
Epoch 4200 | Train: Loss=0.0016 Acc=99.9% | Test: Acc=96.8% | Best=97.0%(@3560)
  from x3: 0.95 0.97 0.97 0.97 0.97 0.97 0.97 0.97 0.97 0.97 0.97 0.97 0.97
  per-rule acc: 0.99 0.95
Epoch 4220 | Train: Loss=0.0018 Acc=99.9% | Test: Acc=96.8% | Best=97.0%(@3560)
  from x3: 0.95 0.97 0.97 0.97 0.97 0.97 0.97 0.97 0.97 0.97 0.97 0.97 0.97
  per-rule acc: 0.98 0.95
Epoch 4240 | Train: Loss=0.0039 Acc=99.9% | Test: Acc=93.9% | Best=97.0%(@3560)
  from x3: 0.91 0.94 0.94 0.94 0.94 0.94 0.94 0.94 0.94 0.94 0.94 0.94 0.94
  per-rule acc: 0.96 0.92
Epoch 4260 | Train: Loss=0.0016 Acc=99.9% | Test: Acc=96.6% | Best=97.0%(@3560)
  from x3: 0.95 0.97 0.97 0.97 0.97 0.97 0.97 0.97 0.97 0.97 0.97 0.97 0.97
  per-rule acc: 0.98 0.95
Epoch 4280 | Train: Loss=0.0033 Acc=99.9% | Test: Acc=94.9% | Best=97.0%(@3560)
  from x3: 0.93 0.95 0.95 0.95 0.95 0.95 0.95 0.95 0.95 0.95 0.95 0.95 0.95
  per-rule acc: 0.96 0.94
Epoch 4300 | Train: Loss=0.0023 Acc=99.9% | Test: Acc=93.1% | Best=97.0%(@3560)
  from x3: 0.91 0.94 0.93 0.93 0.93 0.93 0.93 0.93 0.93 0.93 0.93 0.93 0.93
  per-rule acc: 0.96 0.90
Epoch 4320 | Train: Loss=0.0016 Acc=99.9% | Test: Acc=96.8% | Best=97.0%(@3560)
  from x3: 0.95 0.97 0.97 0.97 0.97 0.97 0.97 0.97 0.97 0.97 0.97 0.97 0.97
  per-rule acc: 0.98 0.95
Epoch 4340 | Train: Loss=0.0018 Acc=99.9% | Test: Acc=96.8% | Best=97.0%(@3560)
  from x3: 0.95 0.97 0.97 0.97 0.97 0.97 0.97 0.97 0.97 0.97 0.97 0.97 0.97
  per-rule acc: 0.99 0.95
Epoch 4360 | Train: Loss=0.0051 Acc=99.9% | Test: Acc=91.9% | Best=97.0%(@3560)
  from x3: 0.89 0.93 0.93 0.92 0.92 0.92 0.92 0.92 0.92 0.92 0.92 0.92 0.92
  per-rule acc: 0.97 0.87
Epoch 4380 | Train: Loss=0.0015 Acc=99.9% | Test: Acc=96.3% | Best=97.0%(@3560)
  from x3: 0.94 0.97 0.96 0.97 0.97 0.97 0.97 0.97 0.96 0.96 0.96 0.96 0.96
  per-rule acc: 0.98 0.95
Epoch 4400 | Train: Loss=0.0017 Acc=99.9% | Test: Acc=96.7% | Best=97.0%(@3560)
  from x3: 0.95 0.97 0.97 0.97 0.97 0.97 0.97 0.97 0.97 0.97 0.97 0.97 0.97
  per-rule acc: 0.98 0.95
Epoch 4420 | Train: Loss=0.0188 Acc=99.7% | Test: Acc=89.9% | Best=97.0%(@3560)
  from x3: 0.85 0.90 0.90 0.90 0.90 0.90 0.90 0.90 0.90 0.90 0.90 0.90 0.90
  per-rule acc: 0.94 0.86
Epoch 4440 | Train: Loss=0.0015 Acc=99.9% | Test: Acc=96.6% | Best=97.0%(@3560)
  from x3: 0.94 0.97 0.97 0.97 0.97 0.97 0.97 0.97 0.97 0.97 0.97 0.97 0.97
  per-rule acc: 0.98 0.95
Epoch 4460 | Train: Loss=0.0019 Acc=99.9% | Test: Acc=96.7% | Best=97.0%(@3560)
  from x3: 0.94 0.97 0.97 0.97 0.97 0.97 0.97 0.97 0.97 0.97 0.97 0.97 0.97
  per-rule acc: 0.98 0.95
Epoch 4480 | Train: Loss=0.0020 Acc=99.9% | Test: Acc=97.0% | Best=97.0%(@3560)
  from x3: 0.95 0.97 0.97 0.97 0.97 0.97 0.97 0.97 0.97 0.97 0.97 0.97 0.97
  per-rule acc: 0.98 0.96
Epoch 4500 | Train: Loss=0.0013 Acc=99.9% | Test: Acc=95.9% | Best=97.0%(@3560)
  from x3: 0.93 0.96 0.96 0.96 0.96 0.96 0.96 0.96 0.96 0.96 0.96 0.96 0.96
  per-rule acc: 0.98 0.94
Epoch 4520 | Train: Loss=0.0016 Acc=99.9% | Test: Acc=96.4% | Best=97.0%(@3560)
  from x3: 0.94 0.97 0.97 0.97 0.97 0.97 0.97 0.97 0.97 0.97 0.97 0.97 0.97
  per-rule acc: 0.98 0.95
Epoch 4540 | Train: Loss=0.0020 Acc=99.9% | Test: Acc=96.5% | Best=97.0%(@3560)
  from x3: 0.94 0.97 0.97 0.97 0.97 0.97 0.97 0.97 0.97 0.97 0.97 0.97 0.97
  per-rule acc: 0.98 0.95
Epoch 4560 | Train: Loss=0.2811 Acc=98.4% | Test: Acc=91.2% | Best=97.0%(@3560)
  from x3: 0.88 0.92 0.91 0.91 0.91 0.91 0.91 0.91 0.91 0.91 0.91 0.91 0.91
  per-rule acc: 0.95 0.88
Epoch 4580 | Train: Loss=0.0014 Acc=99.9% | Test: Acc=96.3% | Best=97.0%(@3560)
  from x3: 0.94 0.97 0.96 0.97 0.96 0.96 0.96 0.96 0.96 0.96 0.96 0.96 0.96
  per-rule acc: 0.98 0.94
Epoch 4600 | Train: Loss=0.0016 Acc=99.9% | Test: Acc=96.6% | Best=97.0%(@3560)
  from x3: 0.95 0.97 0.97 0.97 0.97 0.97 0.97 0.97 0.97 0.97 0.97 0.97 0.97
  per-rule acc: 0.98 0.95
Epoch 4620 | Train: Loss=0.0030 Acc=99.9% | Test: Acc=94.8% | Best=97.0%(@3560)
  from x3: 0.93 0.95 0.95 0.95 0.95 0.95 0.95 0.95 0.95 0.95 0.95 0.95 0.95
  per-rule acc: 0.97 0.92
Epoch 4640 | Train: Loss=0.0016 Acc=99.9% | Test: Acc=97.2% | Best=97.2%(@4640)
  from x3: 0.95 0.98 0.97 0.97 0.97 0.97 0.97 0.97 0.97 0.97 0.97 0.97 0.97
  per-rule acc: 0.99 0.96
Epoch 4660 | Train: Loss=0.0018 Acc=99.9% | Test: Acc=97.1% | Best=97.2%(@4640)
  from x3: 0.95 0.97 0.97 0.97 0.97 0.97 0.97 0.97 0.97 0.97 0.97 0.97 0.97
  per-rule acc: 0.98 0.96
Epoch 4680 | Train: Loss=0.0014 Acc=99.9% | Test: Acc=95.7% | Best=97.2%(@4640)
  from x3: 0.93 0.96 0.96 0.96 0.96 0.96 0.96 0.96 0.96 0.96 0.96 0.96 0.96
  per-rule acc: 0.98 0.94
Epoch 4700 | Train: Loss=0.0016 Acc=99.9% | Test: Acc=96.5% | Best=97.2%(@4640)
  from x3: 0.94 0.97 0.97 0.97 0.97 0.97 0.97 0.97 0.97 0.97 0.97 0.97 0.97
  per-rule acc: 0.98 0.95
Epoch 4720 | Train: Loss=0.0018 Acc=99.9% | Test: Acc=96.7% | Best=97.2%(@4640)
  from x3: 0.95 0.97 0.97 0.97 0.97 0.97 0.97 0.97 0.97 0.97 0.97 0.97 0.97
  per-rule acc: 0.99 0.95
Epoch 4740 | Train: Loss=0.0258 Acc=99.6% | Test: Acc=92.1% | Best=97.2%(@4640)
  from x3: 0.88 0.93 0.92 0.92 0.92 0.92 0.92 0.92 0.92 0.92 0.92 0.92 0.92
  per-rule acc: 0.94 0.90
Epoch 4760 | Train: Loss=0.0014 Acc=99.9% | Test: Acc=96.7% | Best=97.2%(@4640)
  from x3: 0.95 0.97 0.97 0.97 0.97 0.97 0.97 0.97 0.97 0.97 0.97 0.97 0.97
  per-rule acc: 0.98 0.95
Epoch 4780 | Train: Loss=0.0017 Acc=99.9% | Test: Acc=96.9% | Best=97.2%(@4640)
  from x3: 0.95 0.97 0.97 0.97 0.97 0.97 0.97 0.97 0.97 0.97 0.97 0.97 0.97
  per-rule acc: 0.98 0.95
Epoch 4800 | Train: Loss=0.0022 Acc=99.9% | Test: Acc=95.4% | Best=97.2%(@4640)
  from x3: 0.93 0.96 0.96 0.96 0.96 0.96 0.96 0.96 0.96 0.96 0.96 0.96 0.96
  per-rule acc: 0.98 0.93
Epoch 4820 | Train: Loss=0.0016 Acc=99.9% | Test: Acc=96.9% | Best=97.2%(@4640)
  from x3: 0.95 0.97 0.97 0.97 0.97 0.97 0.97 0.97 0.97 0.97 0.97 0.97 0.97
  per-rule acc: 0.98 0.95
Epoch 4840 | Train: Loss=0.0020 Acc=99.9% | Test: Acc=96.7% | Best=97.2%(@4640)
  from x3: 0.95 0.97 0.97 0.97 0.97 0.97 0.97 0.97 0.97 0.97 0.97 0.97 0.97
  per-rule acc: 0.98 0.95
Epoch 4860 | Train: Loss=0.0041 Acc=99.9% | Test: Acc=94.8% | Best=97.2%(@4640)
  from x3: 0.92 0.95 0.95 0.95 0.95 0.95 0.95 0.95 0.95 0.95 0.95 0.95 0.95
  per-rule acc: 0.98 0.92
Epoch 4880 | Train: Loss=0.0015 Acc=99.9% | Test: Acc=97.1% | Best=97.2%(@4640)
  from x3: 0.95 0.97 0.97 0.97 0.97 0.97 0.97 0.97 0.97 0.97 0.97 0.97 0.97
  per-rule acc: 0.99 0.95
Epoch 4900 | Train: Loss=0.0018 Acc=99.9% | Test: Acc=97.1% | Best=97.2%(@4640)
  from x3: 0.95 0.97 0.97 0.97 0.97 0.97 0.97 0.97 0.97 0.97 0.97 0.97 0.97
  per-rule acc: 0.99 0.96
Epoch 4920 | Train: Loss=0.4207 Acc=96.1% | Test: Acc=85.3% | Best=97.2%(@4640)
  from x3: 0.82 0.86 0.85 0.86 0.86 0.85 0.86 0.86 0.85 0.85 0.85 0.86 0.86
  per-rule acc: 0.88 0.83
Epoch 4940 | Train: Loss=0.0014 Acc=99.9% | Test: Acc=96.4% | Best=97.2%(@4640)
  from x3: 0.94 0.97 0.97 0.97 0.97 0.97 0.97 0.97 0.97 0.97 0.97 0.97 0.97
  per-rule acc: 0.98 0.95
Epoch 4960 | Train: Loss=0.0016 Acc=99.9% | Test: Acc=96.7% | Best=97.2%(@4640)
  from x3: 0.95 0.97 0.97 0.97 0.97 0.97 0.97 0.97 0.97 0.97 0.97 0.97 0.97
  per-rule acc: 0.98 0.95
Epoch 4980 | Train: Loss=0.0234 Acc=99.7% | Test: Acc=89.5% | Best=97.2%(@4640)
  from x3: 0.87 0.90 0.90 0.90 0.90 0.90 0.90 0.90 0.90 0.90 0.90 0.90 0.90
  per-rule acc: 0.93 0.86
Epoch 5000 | Train: Loss=0.0014 Acc=99.9% | Test: Acc=96.2% | Best=97.2%(@4640)
  from x3: 0.94 0.97 0.96 0.96 0.96 0.96 0.96 0.96 0.96 0.96 0.96 0.96 0.96
  per-rule acc: 0.98 0.94
Epoch 5020 | Train: Loss=0.0016 Acc=99.9% | Test: Acc=96.3% | Best=97.2%(@4640)
  from x3: 0.94 0.97 0.97 0.96 0.96 0.96 0.96 0.96 0.96 0.97 0.97 0.96 0.97
  per-rule acc: 0.98 0.94
Epoch 5040 | Train: Loss=0.0016 Acc=99.9% | Test: Acc=96.2% | Best=97.2%(@4640)
  from x3: 0.94 0.97 0.97 0.96 0.96 0.96 0.96 0.96 0.96 0.96 0.96 0.96 0.96
  per-rule acc: 0.98 0.95
Epoch 5060 | Train: Loss=0.0016 Acc=99.9% | Test: Acc=97.0% | Best=97.2%(@4640)
  from x3: 0.94 0.97 0.97 0.97 0.97 0.97 0.97 0.97 0.97 0.97 0.97 0.97 0.97
  per-rule acc: 0.98 0.96
Epoch 5080 | Train: Loss=0.0017 Acc=99.9% | Test: Acc=96.7% | Best=97.2%(@4640)
  from x3: 0.95 0.97 0.97 0.97 0.97 0.97 0.97 0.97 0.97 0.97 0.97 0.97 0.97
  per-rule acc: 0.99 0.95
Epoch 5100 | Train: Loss=0.5778 Acc=91.6% | Test: Acc=92.9% | Best=97.2%(@4640)
  from x3: 0.89 0.93 0.93 0.93 0.93 0.93 0.93 0.93 0.93 0.93 0.93 0.93 0.93
  per-rule acc: 0.95 0.91
Epoch 5120 | Train: Loss=0.0014 Acc=99.9% | Test: Acc=97.0% | Best=97.2%(@4640)
  from x3: 0.95 0.97 0.97 0.97 0.97 0.97 0.97 0.97 0.97 0.97 0.97 0.97 0.97
  per-rule acc: 0.98 0.95
Epoch 5140 | Train: Loss=0.0016 Acc=99.9% | Test: Acc=97.0% | Best=97.2%(@4640)
  from x3: 0.95 0.97 0.97 0.97 0.97 0.97 0.97 0.97 0.97 0.97 0.97 0.97 0.97
  per-rule acc: 0.98 0.96
Epoch 5160 | Train: Loss=0.0172 Acc=99.8% | Test: Acc=92.3% | Best=97.2%(@4640)
  from x3: 0.89 0.93 0.93 0.92 0.92 0.93 0.93 0.93 0.93 0.93 0.93 0.93 0.93
  per-rule acc: 0.95 0.89
Epoch 5180 | Train: Loss=0.0014 Acc=99.9% | Test: Acc=96.6% | Best=97.2%(@4640)
  from x3: 0.94 0.97 0.97 0.97 0.97 0.97 0.97 0.97 0.97 0.97 0.97 0.97 0.97
  per-rule acc: 0.98 0.95
Epoch 5200 | Train: Loss=0.0016 Acc=99.9% | Test: Acc=96.8% | Best=97.2%(@4640)
  from x3: 0.95 0.97 0.97 0.97 0.97 0.97 0.97 0.97 0.97 0.97 0.97 0.97 0.97
  per-rule acc: 0.98 0.95
Epoch 5220 | Train: Loss=0.0015 Acc=99.9% | Test: Acc=96.5% | Best=97.2%(@4640)
  from x3: 0.94 0.97 0.97 0.97 0.97 0.97 0.97 0.97 0.97 0.97 0.97 0.97 0.97
  per-rule acc: 0.98 0.95
Epoch 5240 | Train: Loss=0.0016 Acc=99.9% | Test: Acc=97.0% | Best=97.2%(@4640)
  from x3: 0.95 0.98 0.97 0.97 0.97 0.97 0.97 0.97 0.97 0.97 0.97 0.97 0.97
  per-rule acc: 0.98 0.96
Epoch 5260 | Train: Loss=0.0017 Acc=99.9% | Test: Acc=97.0% | Best=97.2%(@4640)
  from x3: 0.95 0.97 0.97 0.97 0.97 0.97 0.97 0.97 0.97 0.97 0.97 0.97 0.97
  per-rule acc: 0.99 0.95
Epoch 5280 | Train: Loss=0.0035 Acc=99.9% | Test: Acc=94.5% | Best=97.2%(@4640)
  from x3: 0.91 0.95 0.95 0.95 0.95 0.95 0.95 0.95 0.95 0.95 0.95 0.95 0.95
  per-rule acc: 0.97 0.92
Epoch 5300 | Train: Loss=0.0014 Acc=99.9% | Test: Acc=96.6% | Best=97.2%(@4640)
  from x3: 0.95 0.97 0.97 0.97 0.97 0.97 0.97 0.97 0.97 0.97 0.97 0.97 0.97
  per-rule acc: 0.99 0.95
Epoch 5320 | Train: Loss=0.0016 Acc=99.9% | Test: Acc=96.8% | Best=97.2%(@4640)
  from x3: 0.95 0.97 0.97 0.97 0.97 0.97 0.97 0.97 0.97 0.97 0.97 0.97 0.97
  per-rule acc: 0.99 0.95
Epoch 5340 | Train: Loss=0.0044 Acc=99.9% | Test: Acc=95.0% | Best=97.2%(@4640)
  from x3: 0.91 0.95 0.95 0.95 0.95 0.95 0.95 0.95 0.95 0.95 0.95 0.95 0.95
  per-rule acc: 0.97 0.93
Epoch 5360 | Train: Loss=0.0015 Acc=99.9% | Test: Acc=97.0% | Best=97.2%(@4640)
  from x3: 0.95 0.98 0.97 0.97 0.97 0.97 0.97 0.97 0.97 0.97 0.97 0.97 0.97
  per-rule acc: 0.98 0.96
Epoch 5380 | Train: Loss=0.0017 Acc=99.9% | Test: Acc=96.8% | Best=97.2%(@4640)
  from x3: 0.95 0.97 0.97 0.97 0.97 0.97 0.97 0.97 0.97 0.97 0.97 0.97 0.97
  per-rule acc: 0.98 0.95
Epoch 5400 | Train: Loss=0.3750 Acc=97.5% | Test: Acc=89.5% | Best=97.2%(@4640)
  from x3: 0.86 0.90 0.90 0.90 0.90 0.90 0.90 0.90 0.90 0.90 0.90 0.90 0.90
  per-rule acc: 0.94 0.86
Epoch 5420 | Train: Loss=0.0014 Acc=99.9% | Test: Acc=96.6% | Best=97.2%(@4640)
  from x3: 0.94 0.97 0.97 0.97 0.97 0.97 0.97 0.97 0.97 0.97 0.97 0.97 0.97
  per-rule acc: 0.99 0.94
Epoch 5440 | Train: Loss=0.0015 Acc=99.9% | Test: Acc=96.7% | Best=97.2%(@4640)
  from x3: 0.95 0.97 0.97 0.97 0.97 0.97 0.97 0.97 0.97 0.97 0.97 0.97 0.97
  per-rule acc: 0.98 0.95
Epoch 5460 | Train: Loss=0.0019 Acc=99.9% | Test: Acc=96.0% | Best=97.2%(@4640)
  from x3: 0.94 0.97 0.96 0.96 0.96 0.96 0.96 0.96 0.96 0.96 0.96 0.96 0.96
  per-rule acc: 0.98 0.94
Epoch 5480 | Train: Loss=0.0048 Acc=99.9% | Test: Acc=94.1% | Best=97.2%(@4640)
  from x3: 0.91 0.95 0.94 0.94 0.94 0.94 0.94 0.94 0.94 0.94 0.94 0.94 0.94
  per-rule acc: 0.97 0.91
Epoch 5500 | Train: Loss=0.0015 Acc=99.9% | Test: Acc=97.1% | Best=97.2%(@4640)
  from x3: 0.95 0.98 0.97 0.97 0.97 0.97 0.97 0.97 0.97 0.97 0.97 0.97 0.97
  per-rule acc: 0.98 0.96
Epoch 5520 | Train: Loss=0.0016 Acc=99.9% | Test: Acc=96.9% | Best=97.2%(@4640)
  from x3: 0.95 0.97 0.97 0.97 0.97 0.97 0.97 0.97 0.97 0.97 0.97 0.97 0.97
  per-rule acc: 0.99 0.95
Epoch 5540 | Train: Loss=0.0024 Acc=99.9% | Test: Acc=95.8% | Best=97.2%(@4640)
  from x3: 0.93 0.96 0.96 0.96 0.96 0.96 0.96 0.96 0.96 0.96 0.96 0.96 0.96
  per-rule acc: 0.98 0.94
Epoch 5560 | Train: Loss=0.0015 Acc=99.9% | Test: Acc=97.2% | Best=97.2%(@4640)
  from x3: 0.95 0.98 0.97 0.97 0.97 0.97 0.97 0.97 0.97 0.97 0.97 0.97 0.97
  per-rule acc: 0.99 0.96
Epoch 5580 | Train: Loss=0.0017 Acc=99.9% | Test: Acc=97.1% | Best=97.2%(@4640)
  from x3: 0.96 0.97 0.97 0.97 0.97 0.97 0.97 0.97 0.97 0.97 0.97 0.97 0.97
  per-rule acc: 0.99 0.96
Epoch 5600 | Train: Loss=0.0017 Acc=99.9% | Test: Acc=97.2% | Best=97.2%(@5600)
  from x3: 0.96 0.98 0.97 0.97 0.97 0.97 0.97 0.97 0.97 0.97 0.97 0.97 0.97
  per-rule acc: 0.98 0.96
Epoch 5620 | Train: Loss=0.0028 Acc=99.9% | Test: Acc=95.1% | Best=97.2%(@5600)
  from x3: 0.93 0.96 0.95 0.95 0.95 0.95 0.95 0.95 0.95 0.95 0.95 0.95 0.95
  per-rule acc: 0.97 0.93
Epoch 5640 | Train: Loss=0.0014 Acc=99.9% | Test: Acc=96.8% | Best=97.2%(@5600)
  from x3: 0.95 0.97 0.97 0.97 0.97 0.97 0.97 0.97 0.97 0.97 0.97 0.97 0.97
  per-rule acc: 0.98 0.95
Epoch 5660 | Train: Loss=0.0015 Acc=99.9% | Test: Acc=97.2% | Best=97.2%(@5600)
  from x3: 0.95 0.98 0.97 0.97 0.97 0.97 0.97 0.97 0.97 0.97 0.97 0.97 0.97
  per-rule acc: 0.99 0.96
Epoch 5680 | Train: Loss=0.0037 Acc=99.9% | Test: Acc=94.6% | Best=97.2%(@5600)
  from x3: 0.91 0.95 0.95 0.95 0.95 0.95 0.95 0.95 0.95 0.95 0.95 0.95 0.95
  per-rule acc: 0.97 0.92
Epoch 5700 | Train: Loss=0.0014 Acc=99.9% | Test: Acc=96.9% | Best=97.2%(@5600)
  from x3: 0.95 0.97 0.97 0.97 0.97 0.97 0.97 0.97 0.97 0.97 0.97 0.97 0.97
  per-rule acc: 0.98 0.96
Epoch 5720 | Train: Loss=0.0016 Acc=99.9% | Test: Acc=97.2% | Best=97.2%(@5600)
  from x3: 0.95 0.97 0.97 0.97 0.97 0.97 0.97 0.97 0.97 0.97 0.97 0.97 0.97
  per-rule acc: 0.99 0.96
Epoch 5740 | Train: Loss=0.0018 Acc=99.9% | Test: Acc=97.2% | Best=97.2%(@5600)
  from x3: 0.95 0.97 0.97 0.97 0.97 0.97 0.97 0.97 0.97 0.97 0.97 0.97 0.97
  per-rule acc: 0.99 0.95
Epoch 5760 | Train: Loss=0.0014 Acc=99.9% | Test: Acc=96.5% | Best=97.2%(@5600)
  from x3: 0.94 0.97 0.97 0.97 0.97 0.97 0.97 0.97 0.97 0.97 0.97 0.97 0.97
  per-rule acc: 0.98 0.95
Epoch 5780 | Train: Loss=0.0014 Acc=99.9% | Test: Acc=97.1% | Best=97.2%(@5600)
  from x3: 0.95 0.98 0.97 0.97 0.97 0.97 0.97 0.97 0.97 0.97 0.97 0.97 0.97
  per-rule acc: 0.99 0.96
Epoch 5800 | Train: Loss=0.0016 Acc=99.9% | Test: Acc=97.2% | Best=97.2%(@5800)
  from x3: 0.96 0.98 0.97 0.97 0.97 0.97 0.97 0.97 0.97 0.97 0.97 0.97 0.97
  per-rule acc: 0.99 0.96
Epoch 5820 | Train: Loss=0.0211 Acc=99.7% | Test: Acc=88.2% | Best=97.2%(@5800)
  from x3: 0.85 0.89 0.89 0.89 0.89 0.88 0.88 0.88 0.88 0.88 0.88 0.88 0.88
  per-rule acc: 0.93 0.83
Epoch 5840 | Train: Loss=0.0014 Acc=99.9% | Test: Acc=96.2% | Best=97.2%(@5800)
  from x3: 0.94 0.97 0.96 0.96 0.96 0.96 0.96 0.96 0.96 0.96 0.96 0.96 0.96
  per-rule acc: 0.98 0.94
Epoch 5860 | Train: Loss=0.0015 Acc=99.9% | Test: Acc=96.7% | Best=97.2%(@5800)
  from x3: 0.95 0.97 0.97 0.97 0.97 0.97 0.97 0.97 0.97 0.97 0.97 0.97 0.97
  per-rule acc: 0.98 0.95
Epoch 5880 | Train: Loss=0.0016 Acc=99.9% | Test: Acc=97.0% | Best=97.2%(@5800)
  from x3: 0.95 0.97 0.97 0.97 0.97 0.97 0.97 0.97 0.97 0.97 0.97 0.97 0.97
  per-rule acc: 0.99 0.95
Epoch 5900 | Train: Loss=0.0091 Acc=99.9% | Test: Acc=92.7% | Best=97.2%(@5800)
  from x3: 0.89 0.93 0.93 0.93 0.93 0.93 0.93 0.93 0.93 0.93 0.93 0.93 0.93
  per-rule acc: 0.95 0.91
Epoch 5920 | Train: Loss=0.0014 Acc=99.9% | Test: Acc=96.7% | Best=97.2%(@5800)
  from x3: 0.95 0.97 0.97 0.97 0.97 0.97 0.97 0.97 0.97 0.97 0.97 0.97 0.97
  per-rule acc: 0.98 0.95
Epoch 5940 | Train: Loss=0.0015 Acc=99.9% | Test: Acc=97.0% | Best=97.2%(@5800)
  from x3: 0.95 0.97 0.97 0.97 0.97 0.97 0.97 0.97 0.97 0.97 0.97 0.97 0.97
  per-rule acc: 0.98 0.96
Epoch 5960 | Train: Loss=0.0016 Acc=99.9% | Test: Acc=97.1% | Best=97.2%(@5800)
  from x3: 0.95 0.97 0.97 0.97 0.97 0.97 0.97 0.97 0.97 0.97 0.97 0.97 0.97
  per-rule acc: 0.98 0.96
Epoch 5980 | Train: Loss=0.0114 Acc=99.8% | Test: Acc=90.1% | Best=97.2%(@5800)
  from x3: 0.86 0.90 0.90 0.90 0.90 0.90 0.90 0.90 0.90 0.90 0.90 0.90 0.90
  per-rule acc: 0.93 0.87
Epoch 6000 | Train: Loss=0.0014 Acc=99.9% | Test: Acc=96.6% | Best=97.2%(@5800)
  from x3: 0.95 0.97 0.97 0.97 0.97 0.97 0.97 0.97 0.97 0.97 0.97 0.97 0.97
  per-rule acc: 0.99 0.95
Epoch 6020 | Train: Loss=0.0015 Acc=99.9% | Test: Acc=96.8% | Best=97.2%(@5800)
  from x3: 0.95 0.97 0.97 0.97 0.97 0.97 0.97 0.97 0.97 0.97 0.97 0.97 0.97
  per-rule acc: 0.99 0.95
Epoch 6040 | Train: Loss=0.0016 Acc=99.9% | Test: Acc=97.2% | Best=97.2%(@5800)
  from x3: 0.96 0.97 0.97 0.97 0.97 0.97 0.97 0.97 0.97 0.97 0.97 0.97 0.97
  per-rule acc: 0.99 0.96
Epoch 6060 | Train: Loss=0.0056 Acc=99.9% | Test: Acc=92.5% | Best=97.2%(@5800)
  from x3: 0.89 0.93 0.93 0.93 0.93 0.93 0.93 0.93 0.93 0.93 0.93 0.93 0.93
  per-rule acc: 0.96 0.89
Epoch 6080 | Train: Loss=0.0014 Acc=99.9% | Test: Acc=96.6% | Best=97.2%(@5800)
  from x3: 0.94 0.97 0.97 0.97 0.97 0.97 0.97 0.97 0.97 0.97 0.97 0.97 0.97
  per-rule acc: 0.98 0.95
Epoch 6100 | Train: Loss=0.0015 Acc=99.9% | Test: Acc=97.0% | Best=97.2%(@5800)
  from x3: 0.95 0.97 0.97 0.97 0.97 0.97 0.97 0.97 0.97 0.97 0.97 0.97 0.97
  per-rule acc: 0.99 0.95
Epoch 6120 | Train: Loss=0.0016 Acc=99.9% | Test: Acc=97.0% | Best=97.2%(@5800)
  from x3: 0.95 0.97 0.97 0.97 0.97 0.97 0.97 0.97 0.97 0.97 0.97 0.97 0.97
  per-rule acc: 0.99 0.96
Epoch 6140 | Train: Loss=0.0033 Acc=99.9% | Test: Acc=93.5% | Best=97.2%(@5800)
  from x3: 0.90 0.94 0.94 0.94 0.94 0.94 0.94 0.94 0.94 0.94 0.94 0.94 0.94
  per-rule acc: 0.96 0.91
Epoch 6160 | Train: Loss=0.0014 Acc=99.9% | Test: Acc=96.7% | Best=97.2%(@5800)
  from x3: 0.95 0.97 0.97 0.97 0.97 0.97 0.97 0.97 0.97 0.97 0.97 0.97 0.97
  per-rule acc: 0.98 0.95
Epoch 6180 | Train: Loss=0.0015 Acc=99.9% | Test: Acc=96.9% | Best=97.2%(@5800)
  from x3: 0.95 0.97 0.97 0.97 0.97 0.97 0.97 0.97 0.97 0.97 0.97 0.97 0.97
  per-rule acc: 0.99 0.95
Epoch 6200 | Train: Loss=0.0278 Acc=99.6% | Test: Acc=89.0% | Best=97.2%(@5800)
  from x3: 0.85 0.90 0.89 0.89 0.89 0.89 0.89 0.89 0.89 0.89 0.89 0.89 0.89
  per-rule acc: 0.94 0.84
Epoch 6220 | Train: Loss=0.0014 Acc=99.9% | Test: Acc=96.7% | Best=97.2%(@5800)
  from x3: 0.94 0.97 0.97 0.97 0.97 0.97 0.97 0.97 0.97 0.97 0.97 0.97 0.97
  per-rule acc: 0.98 0.95
Epoch 6240 | Train: Loss=0.0015 Acc=99.9% | Test: Acc=97.0% | Best=97.2%(@5800)
  from x3: 0.95 0.97 0.97 0.97 0.97 0.97 0.97 0.97 0.97 0.97 0.97 0.97 0.97
  per-rule acc: 0.98 0.96
Epoch 6260 | Train: Loss=0.0041 Acc=99.9% | Test: Acc=95.8% | Best=97.2%(@5800)
  from x3: 0.93 0.96 0.96 0.96 0.96 0.96 0.96 0.96 0.96 0.96 0.96 0.96 0.96
  per-rule acc: 0.97 0.94
Epoch 6280 | Train: Loss=0.0014 Acc=99.9% | Test: Acc=96.2% | Best=97.2%(@5800)
  from x3: 0.93 0.97 0.97 0.97 0.97 0.96 0.96 0.96 0.96 0.96 0.96 0.96 0.96
  per-rule acc: 0.98 0.95
Epoch 6300 | Train: Loss=0.0014 Acc=99.9% | Test: Acc=96.9% | Best=97.2%(@5800)
  from x3: 0.95 0.97 0.97 0.97 0.97 0.97 0.97 0.97 0.97 0.97 0.97 0.97 0.97
  per-rule acc: 0.99 0.95
Epoch 6320 | Train: Loss=0.0015 Acc=99.9% | Test: Acc=97.2% | Best=97.2%(@5800)
  from x3: 0.95 0.97 0.97 0.97 0.97 0.97 0.97 0.97 0.97 0.97 0.97 0.97 0.97
  per-rule acc: 0.99 0.96
Epoch 6340 | Train: Loss=0.0996 Acc=99.5% | Test: Acc=89.9% | Best=97.2%(@5800)
  from x3: 0.87 0.90 0.90 0.90 0.90 0.90 0.90 0.90 0.90 0.90 0.90 0.90 0.90
  per-rule acc: 0.91 0.89
Epoch 6360 | Train: Loss=0.0014 Acc=99.9% | Test: Acc=95.6% | Best=97.2%(@5800)
  from x3: 0.93 0.96 0.96 0.96 0.96 0.96 0.96 0.96 0.96 0.96 0.96 0.96 0.96
  per-rule acc: 0.98 0.93
Epoch 6380 | Train: Loss=0.0014 Acc=99.9% | Test: Acc=96.4% | Best=97.2%(@5800)
  from x3: 0.95 0.97 0.97 0.96 0.96 0.96 0.96 0.96 0.96 0.96 0.96 0.96 0.96
  per-rule acc: 0.98 0.94
Epoch 6400 | Train: Loss=0.0015 Acc=99.9% | Test: Acc=96.8% | Best=97.2%(@5800)
  from x3: 0.95 0.97 0.97 0.97 0.97 0.97 0.97 0.97 0.97 0.97 0.97 0.97 0.97
  per-rule acc: 0.99 0.95
Epoch 6420 | Train: Loss=0.0018 Acc=99.9% | Test: Acc=95.8% | Best=97.2%(@5800)
  from x3: 0.93 0.96 0.96 0.96 0.96 0.96 0.96 0.96 0.96 0.96 0.96 0.96 0.96
  per-rule acc: 0.98 0.94
Epoch 6440 | Train: Loss=0.0014 Acc=99.9% | Test: Acc=97.1% | Best=97.2%(@5800)
  from x3: 0.95 0.97 0.97 0.97 0.97 0.97 0.97 0.97 0.97 0.97 0.97 0.97 0.97
  per-rule acc: 0.99 0.96
Epoch 6460 | Train: Loss=0.0028 Acc=99.9% | Test: Acc=95.6% | Best=97.2%(@5800)
  from x3: 0.94 0.96 0.96 0.96 0.96 0.96 0.96 0.96 0.96 0.96 0.96 0.96 0.96
  per-rule acc: 0.97 0.94
Epoch 6480 | Train: Loss=0.0014 Acc=99.9% | Test: Acc=97.0% | Best=97.2%(@5800)
  from x3: 0.95 0.97 0.97 0.97 0.97 0.97 0.97 0.97 0.97 0.97 0.97 0.97 0.97
  per-rule acc: 0.99 0.95
Epoch 6500 | Train: Loss=0.0015 Acc=99.9% | Test: Acc=97.1% | Best=97.2%(@5800)
  from x3: 0.96 0.97 0.97 0.97 0.97 0.97 0.97 0.97 0.97 0.97 0.97 0.97 0.97
  per-rule acc: 0.99 0.96
Epoch 6520 | Train: Loss=0.0110 Acc=99.9% | Test: Acc=89.0% | Best=97.2%(@5800)
  from x3: 0.85 0.90 0.89 0.89 0.89 0.89 0.89 0.89 0.89 0.89 0.89 0.89 0.90
  per-rule acc: 0.94 0.84
Epoch 6540 | Train: Loss=0.0014 Acc=99.9% | Test: Acc=96.9% | Best=97.2%(@5800)
  from x3: 0.94 0.97 0.97 0.97 0.97 0.97 0.97 0.97 0.97 0.97 0.97 0.97 0.97
  per-rule acc: 0.99 0.95
Epoch 6560 | Train: Loss=0.0014 Acc=99.9% | Test: Acc=97.0% | Best=97.2%(@5800)
  from x3: 0.95 0.97 0.97 0.97 0.97 0.97 0.97 0.97 0.97 0.97 0.97 0.97 0.97
  per-rule acc: 0.99 0.95
Epoch 6580 | Train: Loss=0.0015 Acc=99.9% | Test: Acc=97.2% | Best=97.2%(@5800)
  from x3: 0.95 0.97 0.97 0.97 0.97 0.97 0.97 0.97 0.97 0.97 0.97 0.97 0.97
  per-rule acc: 0.99 0.96
Epoch 6600 | Train: Loss=0.0014 Acc=99.9% | Test: Acc=96.2% | Best=97.2%(@5800)
  from x3: 0.94 0.97 0.96 0.96 0.96 0.96 0.96 0.96 0.96 0.96 0.96 0.96 0.96
  per-rule acc: 0.98 0.94
Epoch 6620 | Train: Loss=0.0014 Acc=99.9% | Test: Acc=96.8% | Best=97.2%(@5800)
  from x3: 0.95 0.97 0.97 0.97 0.97 0.97 0.97 0.97 0.97 0.97 0.97 0.97 0.97
  per-rule acc: 0.99 0.95
Epoch 6640 | Train: Loss=0.0015 Acc=99.9% | Test: Acc=97.0% | Best=97.2%(@5800)
  from x3: 0.95 0.97 0.97 0.97 0.97 0.97 0.97 0.97 0.97 0.97 0.97 0.97 0.97
  per-rule acc: 0.99 0.95
Epoch 6660 | Train: Loss=0.0064 Acc=99.9% | Test: Acc=92.5% | Best=97.2%(@5800)
  from x3: 0.89 0.93 0.93 0.93 0.93 0.93 0.93 0.93 0.93 0.93 0.93 0.93 0.93
  per-rule acc: 0.96 0.89
Epoch 6680 | Train: Loss=0.0013 Acc=99.9% | Test: Acc=97.0% | Best=97.2%(@5800)
  from x3: 0.95 0.98 0.97 0.97 0.97 0.97 0.97 0.97 0.97 0.97 0.97 0.97 0.97
  per-rule acc: 0.99 0.95
Epoch 6700 | Train: Loss=0.0014 Acc=99.9% | Test: Acc=97.2% | Best=97.2%(@6700)
  from x3: 0.95 0.98 0.97 0.97 0.97 0.97 0.97 0.97 0.97 0.97 0.97 0.97 0.97
  per-rule acc: 0.99 0.96
Epoch 6720 | Train: Loss=0.0015 Acc=99.9% | Test: Acc=97.3% | Best=97.3%(@6720)
  from x3: 0.95 0.98 0.97 0.97 0.97 0.97 0.97 0.97 0.97 0.97 0.97 0.97 0.97
  per-rule acc: 0.99 0.96
Epoch 6740 | Train: Loss=0.0015 Acc=99.9% | Test: Acc=97.2% | Best=97.3%(@6720)
  from x3: 0.95 0.98 0.97 0.97 0.97 0.97 0.97 0.97 0.97 0.97 0.97 0.97 0.97
  per-rule acc: 0.99 0.96
Epoch 6760 | Train: Loss=0.0046 Acc=99.9% | Test: Acc=95.0% | Best=97.3%(@6720)
  from x3: 0.92 0.95 0.95 0.95 0.95 0.95 0.95 0.95 0.95 0.95 0.95 0.95 0.95
  per-rule acc: 0.97 0.93
Epoch 6780 | Train: Loss=0.0013 Acc=99.9% | Test: Acc=96.7% | Best=97.3%(@6720)
  from x3: 0.94 0.97 0.97 0.97 0.97 0.97 0.97 0.97 0.97 0.97 0.97 0.97 0.97
  per-rule acc: 0.98 0.95
Epoch 6800 | Train: Loss=0.0014 Acc=99.9% | Test: Acc=96.9% | Best=97.3%(@6720)
  from x3: 0.95 0.97 0.97 0.97 0.97 0.97 0.97 0.97 0.97 0.97 0.97 0.97 0.97
  per-rule acc: 0.98 0.95
Epoch 6820 | Train: Loss=0.0014 Acc=99.9% | Test: Acc=97.2% | Best=97.3%(@6720)
  from x3: 0.96 0.97 0.97 0.97 0.97 0.97 0.97 0.97 0.97 0.97 0.97 0.97 0.97
  per-rule acc: 0.99 0.96
Epoch 6840 | Train: Loss=0.0015 Acc=99.9% | Test: Acc=96.7% | Best=97.3%(@6720)
  from x3: 0.94 0.97 0.97 0.97 0.97 0.97 0.97 0.97 0.97 0.97 0.97 0.97 0.97
  per-rule acc: 0.98 0.95
Epoch 6860 | Train: Loss=0.0014 Acc=99.9% | Test: Acc=97.1% | Best=97.3%(@6720)
  from x3: 0.95 0.98 0.97 0.97 0.97 0.97 0.97 0.97 0.97 0.97 0.97 0.97 0.97
  per-rule acc: 0.99 0.96
Epoch 6880 | Train: Loss=0.0014 Acc=99.9% | Test: Acc=97.2% | Best=97.3%(@6720)
  from x3: 0.96 0.98 0.97 0.97 0.97 0.97 0.97 0.97 0.97 0.97 0.97 0.97 0.97
  per-rule acc: 0.99 0.95
Epoch 6900 | Train: Loss=0.0014 Acc=99.9% | Test: Acc=97.2% | Best=97.3%(@6720)
  from x3: 0.95 0.98 0.97 0.97 0.97 0.97 0.97 0.97 0.97 0.97 0.97 0.97 0.97
  per-rule acc: 0.99 0.96
Epoch 6920 | Train: Loss=0.0014 Acc=99.9% | Test: Acc=97.2% | Best=97.3%(@6720)
  from x3: 0.96 0.98 0.97 0.97 0.97 0.97 0.97 0.97 0.97 0.97 0.97 0.97 0.97
  per-rule acc: 0.99 0.95
Epoch 6940 | Train: Loss=0.0023 Acc=99.9% | Test: Acc=94.5% | Best=97.3%(@6720)
  from x3: 0.92 0.95 0.95 0.95 0.95 0.95 0.95 0.95 0.95 0.95 0.95 0.95 0.95
  per-rule acc: 0.97 0.92
Epoch 6960 | Train: Loss=0.0013 Acc=99.9% | Test: Acc=96.5% | Best=97.3%(@6720)
  from x3: 0.94 0.97 0.97 0.97 0.97 0.97 0.97 0.97 0.97 0.97 0.97 0.97 0.97
  per-rule acc: 0.99 0.95
Epoch 6980 | Train: Loss=0.0013 Acc=99.9% | Test: Acc=96.8% | Best=97.3%(@6720)
  from x3: 0.95 0.97 0.97 0.97 0.97 0.97 0.97 0.97 0.97 0.97 0.97 0.97 0.97
  per-rule acc: 0.99 0.95
Epoch 7000 | Train: Loss=0.0014 Acc=99.9% | Test: Acc=97.0% | Best=97.3%(@6720)
  from x3: 0.95 0.98 0.97 0.97 0.97 0.97 0.97 0.97 0.97 0.97 0.97 0.97 0.97
  per-rule acc: 0.99 0.95
Epoch 7020 | Train: Loss=0.0014 Acc=99.9% | Test: Acc=97.1% | Best=97.3%(@6720)
  from x3: 0.95 0.98 0.97 0.97 0.97 0.97 0.97 0.97 0.97 0.97 0.97 0.97 0.97
  per-rule acc: 0.99 0.95
Epoch 7040 | Train: Loss=0.0013 Acc=99.9% | Test: Acc=96.9% | Best=97.3%(@6720)
  from x3: 0.94 0.98 0.97 0.97 0.97 0.97 0.97 0.97 0.97 0.97 0.97 0.97 0.97
  per-rule acc: 0.99 0.95
Epoch 7060 | Train: Loss=0.0013 Acc=99.9% | Test: Acc=97.3% | Best=97.3%(@7060)
  from x3: 0.95 0.98 0.97 0.97 0.98 0.98 0.98 0.97 0.97 0.97 0.98 0.98 0.98
  per-rule acc: 0.99 0.96
Epoch 7080 | Train: Loss=0.0014 Acc=99.9% | Test: Acc=97.4% | Best=97.4%(@7080)
  from x3: 0.95 0.98 0.98 0.98 0.98 0.98 0.98 0.98 0.98 0.98 0.98 0.98 0.98
  per-rule acc: 0.99 0.96
Epoch 7100 | Train: Loss=0.0014 Acc=99.9% | Test: Acc=97.5% | Best=97.5%(@7100)
  from x3: 0.95 0.98 0.98 0.98 0.98 0.98 0.98 0.98 0.98 0.98 0.98 0.98 0.98
  per-rule acc: 0.99 0.96
Epoch 7120 | Train: Loss=0.0014 Acc=99.9% | Test: Acc=97.3% | Best=97.5%(@7100)
  from x3: 0.95 0.98 0.97 0.97 0.97 0.97 0.97 0.97 0.98 0.97 0.97 0.98 0.97
  per-rule acc: 0.99 0.96
Epoch 7140 | Train: Loss=0.1720 Acc=96.5% | Test: Acc=87.5% | Best=97.5%(@7100)
  from x3: 0.84 0.88 0.88 0.88 0.88 0.88 0.88 0.88 0.88 0.88 0.88 0.88 0.88
  per-rule acc: 0.91 0.84
Epoch 7160 | Train: Loss=0.0013 Acc=99.9% | Test: Acc=96.1% | Best=97.5%(@7100)
  from x3: 0.94 0.97 0.96 0.96 0.96 0.96 0.96 0.96 0.96 0.96 0.96 0.96 0.96
  per-rule acc: 0.98 0.94
Epoch 7180 | Train: Loss=0.0013 Acc=99.9% | Test: Acc=96.5% | Best=97.5%(@7100)
  from x3: 0.94 0.97 0.97 0.97 0.97 0.97 0.97 0.97 0.97 0.97 0.97 0.97 0.97
  per-rule acc: 0.99 0.95
Epoch 7200 | Train: Loss=0.0013 Acc=99.9% | Test: Acc=96.9% | Best=97.5%(@7100)
  from x3: 0.95 0.97 0.97 0.97 0.97 0.97 0.97 0.97 0.97 0.97 0.97 0.97 0.97
  per-rule acc: 0.99 0.95
Epoch 7220 | Train: Loss=0.0014 Acc=99.9% | Test: Acc=97.1% | Best=97.5%(@7100)
  from x3: 0.95 0.97 0.97 0.97 0.97 0.97 0.97 0.97 0.97 0.97 0.97 0.97 0.97
  per-rule acc: 0.99 0.95
Epoch 7240 | Train: Loss=0.0014 Acc=99.9% | Test: Acc=97.2% | Best=97.5%(@7100)
  from x3: 0.95 0.97 0.97 0.97 0.97 0.97 0.97 0.97 0.97 0.97 0.97 0.97 0.97
  per-rule acc: 0.99 0.96
Epoch 7260 | Train: Loss=0.0014 Acc=99.9% | Test: Acc=97.2% | Best=97.5%(@7100)
  from x3: 0.96 0.98 0.97 0.97 0.97 0.97 0.97 0.97 0.97 0.97 0.97 0.97 0.97
  per-rule acc: 0.99 0.95
Epoch 7280 | Train: Loss=0.0023 Acc=99.9% | Test: Acc=95.1% | Best=97.5%(@7100)
  from x3: 0.92 0.96 0.95 0.95 0.95 0.95 0.95 0.95 0.95 0.95 0.95 0.95 0.95
  per-rule acc: 0.98 0.93
Epoch 7300 | Train: Loss=0.0013 Acc=99.9% | Test: Acc=96.9% | Best=97.5%(@7100)
  from x3: 0.95 0.97 0.97 0.97 0.97 0.97 0.97 0.97 0.97 0.97 0.97 0.97 0.97
  per-rule acc: 0.99 0.95
Epoch 7320 | Train: Loss=0.0013 Acc=99.9% | Test: Acc=97.0% | Best=97.5%(@7100)
  from x3: 0.95 0.97 0.97 0.97 0.97 0.97 0.97 0.97 0.97 0.97 0.97 0.97 0.97
  per-rule acc: 0.99 0.95
Epoch 7340 | Train: Loss=0.0013 Acc=99.9% | Test: Acc=97.2% | Best=97.5%(@7100)
  from x3: 0.96 0.98 0.97 0.97 0.97 0.97 0.97 0.97 0.97 0.97 0.97 0.97 0.97
  per-rule acc: 0.99 0.96
Epoch 7360 | Train: Loss=0.0059 Acc=99.9% | Test: Acc=91.4% | Best=97.5%(@7100)
  from x3: 0.87 0.92 0.92 0.92 0.92 0.92 0.92 0.92 0.92 0.92 0.92 0.92 0.92
  per-rule acc: 0.95 0.88
Epoch 7380 | Train: Loss=0.0013 Acc=99.9% | Test: Acc=97.0% | Best=97.5%(@7100)
  from x3: 0.95 0.97 0.97 0.97 0.97 0.97 0.97 0.97 0.97 0.97 0.97 0.97 0.97
  per-rule acc: 0.99 0.95
Epoch 7400 | Train: Loss=0.0013 Acc=99.9% | Test: Acc=97.2% | Best=97.5%(@7100)
  from x3: 0.95 0.98 0.97 0.97 0.97 0.97 0.97 0.97 0.97 0.97 0.97 0.97 0.97
  per-rule acc: 0.99 0.96
Epoch 7420 | Train: Loss=0.0013 Acc=99.9% | Test: Acc=97.2% | Best=97.5%(@7100)
  from x3: 0.95 0.98 0.97 0.97 0.97 0.97 0.97 0.97 0.97 0.97 0.97 0.97 0.97
  per-rule acc: 0.99 0.96
Epoch 7440 | Train: Loss=0.0014 Acc=99.9% | Test: Acc=97.4% | Best=97.5%(@7100)
  from x3: 0.96 0.98 0.98 0.97 0.98 0.97 0.98 0.98 0.97 0.98 0.98 0.98 0.98
  per-rule acc: 0.99 0.96
Epoch 7460 | Train: Loss=0.0014 Acc=99.9% | Test: Acc=97.5% | Best=97.5%(@7100)
  from x3: 0.96 0.98 0.98 0.98 0.98 0.98 0.98 0.98 0.98 0.98 0.98 0.98 0.98
  per-rule acc: 0.99 0.96
Epoch 7480 | Train: Loss=0.0038 Acc=99.9% | Test: Acc=92.2% | Best=97.5%(@7100)
  from x3: 0.89 0.93 0.93 0.92 0.93 0.92 0.92 0.93 0.93 0.93 0.93 0.93 0.93
  per-rule acc: 0.96 0.89
Epoch 7500 | Train: Loss=0.0013 Acc=99.9% | Test: Acc=96.6% | Best=97.5%(@7100)
  from x3: 0.94 0.97 0.97 0.97 0.97 0.97 0.97 0.97 0.97 0.97 0.97 0.97 0.97
  per-rule acc: 0.98 0.95
Epoch 7520 | Train: Loss=0.0013 Acc=99.9% | Test: Acc=96.8% | Best=97.5%(@7100)
  from x3: 0.95 0.97 0.97 0.97 0.97 0.97 0.97 0.97 0.97 0.97 0.97 0.97 0.97
  per-rule acc: 0.99 0.95
Epoch 7540 | Train: Loss=0.0013 Acc=99.9% | Test: Acc=97.0% | Best=97.5%(@7100)
  from x3: 0.95 0.98 0.97 0.97 0.97 0.97 0.97 0.97 0.97 0.97 0.97 0.97 0.97
  per-rule acc: 0.99 0.95
Epoch 7560 | Train: Loss=0.0013 Acc=99.9% | Test: Acc=97.0% | Best=97.5%(@7100)
  from x3: 0.95 0.98 0.97 0.97 0.97 0.97 0.97 0.97 0.97 0.97 0.97 0.97 0.97
  per-rule acc: 0.99 0.95
Epoch 7580 | Train: Loss=0.0013 Acc=99.9% | Test: Acc=97.2% | Best=97.5%(@7100)
  from x3: 0.96 0.98 0.97 0.97 0.97 0.97 0.97 0.97 0.97 0.97 0.97 0.97 0.97
  per-rule acc: 0.99 0.96
Epoch 7600 | Train: Loss=0.0013 Acc=99.9% | Test: Acc=97.0% | Best=97.5%(@7100)
  from x3: 0.95 0.97 0.97 0.97 0.97 0.97 0.97 0.97 0.97 0.97 0.97 0.97 0.97
  per-rule acc: 0.99 0.95
Epoch 7620 | Train: Loss=0.0013 Acc=99.9% | Test: Acc=97.1% | Best=97.5%(@7100)
  from x3: 0.95 0.97 0.97 0.97 0.97 0.97 0.97 0.97 0.97 0.97 0.97 0.97 0.97
  per-rule acc: 0.99 0.95
Epoch 7640 | Train: Loss=0.0013 Acc=99.9% | Test: Acc=97.3% | Best=97.5%(@7100)
  from x3: 0.96 0.98 0.97 0.97 0.97 0.97 0.97 0.97 0.97 0.97 0.97 0.97 0.97
  per-rule acc: 0.99 0.96
Epoch 7660 | Train: Loss=0.0013 Acc=99.9% | Test: Acc=97.4% | Best=97.5%(@7100)
  from x3: 0.96 0.98 0.98 0.98 0.98 0.98 0.98 0.98 0.98 0.98 0.98 0.98 0.98
  per-rule acc: 0.99 0.96
Epoch 7680 | Train: Loss=0.0023 Acc=99.9% | Test: Acc=95.9% | Best=97.5%(@7100)
  from x3: 0.93 0.96 0.96 0.96 0.96 0.96 0.96 0.96 0.96 0.96 0.96 0.96 0.96
  per-rule acc: 0.98 0.94
Epoch 7700 | Train: Loss=0.0012 Acc=99.9% | Test: Acc=97.1% | Best=97.5%(@7100)
  from x3: 0.95 0.98 0.97 0.97 0.97 0.97 0.97 0.97 0.97 0.97 0.97 0.97 0.97
  per-rule acc: 0.99 0.96
Epoch 7720 | Train: Loss=0.0013 Acc=99.9% | Test: Acc=97.3% | Best=97.5%(@7100)
  from x3: 0.95 0.98 0.98 0.97 0.97 0.98 0.98 0.98 0.98 0.98 0.98 0.97 0.98
  per-rule acc: 0.99 0.96
Epoch 7740 | Train: Loss=0.0013 Acc=99.9% | Test: Acc=97.4% | Best=97.5%(@7100)
  from x3: 0.95 0.98 0.98 0.98 0.98 0.98 0.98 0.98 0.98 0.98 0.98 0.98 0.98
  per-rule acc: 0.99 0.96
Epoch 7760 | Train: Loss=0.0013 Acc=99.9% | Test: Acc=97.4% | Best=97.5%(@7100)
  from x3: 0.95 0.98 0.98 0.98 0.98 0.98 0.98 0.98 0.98 0.98 0.98 0.98 0.98
  per-rule acc: 0.99 0.96
Epoch 7780 | Train: Loss=0.0013 Acc=99.9% | Test: Acc=97.4% | Best=97.5%(@7100)
  from x3: 0.95 0.98 0.98 0.98 0.98 0.98 0.98 0.98 0.98 0.98 0.98 0.98 0.98
  per-rule acc: 0.99 0.96
Epoch 7800 | Train: Loss=0.0013 Acc=99.9% | Test: Acc=97.3% | Best=97.5%(@7100)
  from x3: 0.95 0.97 0.97 0.97 0.98 0.97 0.97 0.97 0.97 0.97 0.97 0.97 0.97
  per-rule acc: 0.99 0.96
Epoch 7820 | Train: Loss=0.0012 Acc=99.9% | Test: Acc=96.5% | Best=97.5%(@7100)
  from x3: 0.93 0.97 0.97 0.97 0.97 0.97 0.97 0.97 0.97 0.97 0.97 0.97 0.97
  per-rule acc: 0.98 0.95
Epoch 7840 | Train: Loss=0.0012 Acc=99.9% | Test: Acc=96.7% | Best=97.5%(@7100)
  from x3: 0.94 0.97 0.97 0.97 0.97 0.97 0.97 0.97 0.97 0.97 0.97 0.97 0.97
  per-rule acc: 0.98 0.95
Epoch 7860 | Train: Loss=0.0013 Acc=99.9% | Test: Acc=97.0% | Best=97.5%(@7100)
  from x3: 0.95 0.98 0.97 0.97 0.97 0.97 0.97 0.97 0.97 0.97 0.97 0.97 0.97
  per-rule acc: 0.99 0.95
Epoch 7880 | Train: Loss=0.0013 Acc=99.9% | Test: Acc=97.3% | Best=97.5%(@7100)
  from x3: 0.95 0.98 0.97 0.97 0.98 0.97 0.97 0.97 0.97 0.97 0.97 0.97 0.97
  per-rule acc: 0.99 0.96
Epoch 7900 | Train: Loss=0.0013 Acc=99.9% | Test: Acc=97.2% | Best=97.5%(@7100)
  from x3: 0.95 0.97 0.97 0.97 0.97 0.97 0.97 0.97 0.97 0.98 0.97 0.98 0.97
  per-rule acc: 0.99 0.96
Epoch 7920 | Train: Loss=0.0013 Acc=99.9% | Test: Acc=97.2% | Best=97.5%(@7100)
  from x3: 0.95 0.97 0.97 0.97 0.97 0.97 0.97 0.97 0.97 0.97 0.97 0.97 0.97
  per-rule acc: 0.99 0.96
Epoch 7940 | Train: Loss=0.0013 Acc=99.9% | Test: Acc=96.6% | Best=97.5%(@7100)
  from x3: 0.94 0.97 0.97 0.97 0.97 0.97 0.97 0.97 0.97 0.97 0.97 0.97 0.97
  per-rule acc: 0.98 0.95
Epoch 7960 | Train: Loss=0.0012 Acc=99.9% | Test: Acc=97.1% | Best=97.5%(@7100)
  from x3: 0.95 0.98 0.97 0.97 0.97 0.97 0.97 0.97 0.97 0.97 0.97 0.97 0.97
  per-rule acc: 0.99 0.96
Epoch 7980 | Train: Loss=0.0012 Acc=99.9% | Test: Acc=97.3% | Best=97.5%(@7100)
  from x3: 0.95 0.98 0.97 0.97 0.97 0.97 0.97 0.97 0.97 0.97 0.97 0.97 0.97
  per-rule acc: 0.99 0.96
Epoch 8000 | Train: Loss=0.0013 Acc=99.9% | Test: Acc=97.3% | Best=97.5%(@7100)
  from x3: 0.96 0.98 0.97 0.97 0.97 0.97 0.97 0.97 0.97 0.97 0.97 0.97 0.97
  per-rule acc: 0.99 0.96
Epoch 8020 | Train: Loss=0.0013 Acc=99.9% | Test: Acc=97.3% | Best=97.5%(@7100)
  from x3: 0.95 0.98 0.98 0.97 0.97 0.97 0.97 0.97 0.97 0.97 0.97 0.97 0.98
  per-rule acc: 0.99 0.96
Epoch 8040 | Train: Loss=0.0014 Acc=99.9% | Test: Acc=96.0% | Best=97.5%(@7100)
  from x3: 0.93 0.96 0.96 0.96 0.96 0.96 0.96 0.96 0.96 0.96 0.96 0.96 0.96
  per-rule acc: 0.98 0.94
Epoch 8060 | Train: Loss=0.0012 Acc=99.9% | Test: Acc=96.7% | Best=97.5%(@7100)
  from x3: 0.94 0.97 0.97 0.97 0.97 0.97 0.97 0.97 0.97 0.97 0.97 0.97 0.97
  per-rule acc: 0.99 0.95
Epoch 8080 | Train: Loss=0.0012 Acc=99.9% | Test: Acc=96.9% | Best=97.5%(@7100)
  from x3: 0.95 0.97 0.97 0.97 0.97 0.97 0.97 0.97 0.97 0.97 0.97 0.97 0.97
  per-rule acc: 0.99 0.95
Epoch 8100 | Train: Loss=0.0012 Acc=99.9% | Test: Acc=97.0% | Best=97.5%(@7100)
  from x3: 0.95 0.97 0.97 0.97 0.97 0.97 0.97 0.97 0.97 0.97 0.97 0.97 0.97
  per-rule acc: 0.99 0.95
Epoch 8120 | Train: Loss=0.0013 Acc=99.9% | Test: Acc=97.1% | Best=97.5%(@7100)
  from x3: 0.95 0.97 0.97 0.97 0.97 0.97 0.97 0.97 0.97 0.97 0.97 0.97 0.97
  per-rule acc: 0.99 0.95
Epoch 8140 | Train: Loss=0.0013 Acc=99.9% | Test: Acc=97.1% | Best=97.5%(@7100)
  from x3: 0.95 0.98 0.97 0.97 0.97 0.97 0.97 0.97 0.97 0.97 0.97 0.97 0.97
  per-rule acc: 0.99 0.95
Epoch 8160 | Train: Loss=0.0013 Acc=99.9% | Test: Acc=97.0% | Best=97.5%(@7100)
  from x3: 0.95 0.97 0.97 0.97 0.97 0.97 0.97 0.97 0.97 0.97 0.97 0.97 0.97
  per-rule acc: 0.99 0.95
Epoch 8180 | Train: Loss=0.0012 Acc=99.9% | Test: Acc=96.9% | Best=97.5%(@7100)
  from x3: 0.94 0.97 0.97 0.97 0.97 0.97 0.97 0.97 0.97 0.97 0.97 0.97 0.97
  per-rule acc: 0.99 0.95
Epoch 8200 | Train: Loss=0.0012 Acc=99.9% | Test: Acc=96.9% | Best=97.5%(@7100)
  from x3: 0.95 0.98 0.97 0.97 0.97 0.97 0.97 0.97 0.97 0.97 0.97 0.97 0.97
  per-rule acc: 0.99 0.95
Epoch 8220 | Train: Loss=0.0012 Acc=99.9% | Test: Acc=97.0% | Best=97.5%(@7100)
  from x3: 0.95 0.98 0.97 0.97 0.97 0.97 0.97 0.97 0.97 0.97 0.97 0.97 0.97
  per-rule acc: 0.99 0.95
Epoch 8240 | Train: Loss=0.0012 Acc=99.9% | Test: Acc=97.1% | Best=97.5%(@7100)
  from x3: 0.95 0.98 0.97 0.97 0.97 0.97 0.97 0.97 0.97 0.97 0.97 0.97 0.97
  per-rule acc: 0.99 0.96
Epoch 8260 | Train: Loss=0.0014 Acc=99.9% | Test: Acc=96.4% | Best=97.5%(@7100)
  from x3: 0.94 0.97 0.97 0.97 0.97 0.97 0.97 0.97 0.97 0.97 0.97 0.97 0.97
  per-rule acc: 0.98 0.95
Epoch 8280 | Train: Loss=0.0012 Acc=99.9% | Test: Acc=96.9% | Best=97.5%(@7100)
  from x3: 0.94 0.98 0.97 0.97 0.97 0.97 0.97 0.97 0.97 0.97 0.97 0.97 0.97
  per-rule acc: 0.98 0.95
Epoch 8300 | Train: Loss=0.0013 Acc=99.9% | Test: Acc=97.1% | Best=97.5%(@7100)
  from x3: 0.95 0.98 0.97 0.97 0.97 0.97 0.97 0.97 0.97 0.97 0.97 0.97 0.97
  per-rule acc: 0.99 0.96
Epoch 8320 | Train: Loss=0.0012 Acc=99.9% | Test: Acc=97.1% | Best=97.5%(@7100)
  from x3: 0.95 0.98 0.97 0.97 0.97 0.97 0.97 0.97 0.97 0.97 0.97 0.97 0.97
  per-rule acc: 0.99 0.96
Epoch 8340 | Train: Loss=0.0012 Acc=99.9% | Test: Acc=97.2% | Best=97.5%(@7100)
  from x3: 0.95 0.98 0.97 0.97 0.97 0.97 0.97 0.97 0.97 0.97 0.97 0.97 0.97
  per-rule acc: 0.99 0.96
Epoch 8360 | Train: Loss=0.0012 Acc=99.9% | Test: Acc=97.2% | Best=97.5%(@7100)
  from x3: 0.95 0.98 0.97 0.97 0.97 0.97 0.97 0.97 0.97 0.97 0.97 0.97 0.97
  per-rule acc: 0.99 0.96
Epoch 8380 | Train: Loss=0.0012 Acc=99.9% | Test: Acc=97.0% | Best=97.5%(@7100)
  from x3: 0.95 0.97 0.97 0.97 0.97 0.97 0.97 0.97 0.97 0.97 0.97 0.97 0.97
  per-rule acc: 0.99 0.95
Epoch 8400 | Train: Loss=0.0012 Acc=99.9% | Test: Acc=97.0% | Best=97.5%(@7100)
  from x3: 0.95 0.97 0.97 0.97 0.97 0.97 0.97 0.97 0.97 0.97 0.97 0.97 0.97
  per-rule acc: 0.99 0.95
Epoch 8420 | Train: Loss=0.0012 Acc=99.9% | Test: Acc=96.8% | Best=97.5%(@7100)
  from x3: 0.94 0.97 0.97 0.97 0.97 0.97 0.97 0.97 0.97 0.97 0.97 0.97 0.97
  per-rule acc: 0.99 0.95
Epoch 8440 | Train: Loss=0.0011 Acc=99.9% | Test: Acc=97.2% | Best=97.5%(@7100)
  from x3: 0.95 0.98 0.97 0.97 0.97 0.97 0.97 0.97 0.97 0.97 0.97 0.97 0.97
  per-rule acc: 0.99 0.96
Epoch 8460 | Train: Loss=0.0011 Acc=99.9% | Test: Acc=97.1% | Best=97.5%(@7100)
  from x3: 0.95 0.98 0.97 0.97 0.97 0.97 0.97 0.97 0.97 0.97 0.97 0.97 0.97
  per-rule acc: 0.99 0.95
Epoch 8480 | Train: Loss=0.0012 Acc=99.9% | Test: Acc=96.7% | Best=97.5%(@7100)
  from x3: 0.94 0.97 0.97 0.97 0.97 0.97 0.97 0.97 0.97 0.97 0.97 0.97 0.97
  per-rule acc: 0.99 0.95
Epoch 8500 | Train: Loss=0.0011 Acc=99.9% | Test: Acc=97.0% | Best=97.5%(@7100)
  from x3: 0.94 0.97 0.97 0.97 0.97 0.97 0.97 0.97 0.97 0.97 0.97 0.97 0.97
  per-rule acc: 0.99 0.95
Epoch 8520 | Train: Loss=0.0011 Acc=99.9% | Test: Acc=96.9% | Best=97.5%(@7100)
  from x3: 0.95 0.98 0.97 0.97 0.97 0.97 0.97 0.97 0.97 0.97 0.97 0.97 0.97
  per-rule acc: 0.99 0.95
Epoch 8540 | Train: Loss=0.0011 Acc=99.9% | Test: Acc=97.1% | Best=97.5%(@7100)
  from x3: 0.95 0.98 0.97 0.97 0.97 0.97 0.97 0.97 0.97 0.97 0.97 0.97 0.97
  per-rule acc: 0.99 0.95
Epoch 8560 | Train: Loss=0.0011 Acc=99.9% | Test: Acc=97.1% | Best=97.5%(@7100)
  from x3: 0.95 0.98 0.97 0.97 0.97 0.97 0.97 0.97 0.97 0.97 0.97 0.97 0.97
  per-rule acc: 0.99 0.95
Epoch 8580 | Train: Loss=0.0011 Acc=99.9% | Test: Acc=97.1% | Best=97.5%(@7100)
  from x3: 0.95 0.98 0.97 0.97 0.97 0.97 0.97 0.97 0.97 0.97 0.97 0.97 0.97
  per-rule acc: 0.99 0.95
Epoch 8600 | Train: Loss=0.0011 Acc=99.9% | Test: Acc=97.2% | Best=97.5%(@7100)
  from x3: 0.95 0.98 0.97 0.97 0.97 0.97 0.97 0.97 0.97 0.97 0.97 0.97 0.97
  per-rule acc: 0.99 0.95
Epoch 8620 | Train: Loss=0.0023 Acc=99.9% | Test: Acc=94.1% | Best=97.5%(@7100)
  from x3: 0.91 0.95 0.95 0.94 0.94 0.94 0.94 0.94 0.94 0.94 0.94 0.94 0.94
  per-rule acc: 0.96 0.92
Epoch 8640 | Train: Loss=0.0011 Acc=99.9% | Test: Acc=97.1% | Best=97.5%(@7100)
  from x3: 0.94 0.98 0.97 0.97 0.97 0.97 0.97 0.97 0.97 0.97 0.97 0.97 0.97
  per-rule acc: 0.99 0.96
Epoch 8660 | Train: Loss=0.0011 Acc=99.9% | Test: Acc=97.1% | Best=97.5%(@7100)
  from x3: 0.95 0.98 0.97 0.97 0.97 0.97 0.97 0.97 0.97 0.97 0.97 0.97 0.97
  per-rule acc: 0.99 0.96
Epoch 8680 | Train: Loss=0.0011 Acc=99.9% | Test: Acc=97.1% | Best=97.5%(@7100)
  from x3: 0.95 0.98 0.97 0.97 0.97 0.97 0.97 0.97 0.97 0.97 0.97 0.97 0.97
  per-rule acc: 0.99 0.96
Epoch 8700 | Train: Loss=0.0011 Acc=99.9% | Test: Acc=97.2% | Best=97.5%(@7100)
  from x3: 0.95 0.98 0.97 0.97 0.97 0.97 0.97 0.97 0.97 0.97 0.97 0.97 0.97
  per-rule acc: 0.99 0.96
Epoch 8720 | Train: Loss=0.0011 Acc=99.9% | Test: Acc=97.1% | Best=97.5%(@7100)
  from x3: 0.95 0.98 0.97 0.97 0.97 0.97 0.97 0.97 0.97 0.97 0.97 0.97 0.97
  per-rule acc: 0.99 0.95
Epoch 8740 | Train: Loss=0.0011 Acc=99.9% | Test: Acc=97.0% | Best=97.5%(@7100)
  from x3: 0.95 0.98 0.97 0.97 0.97 0.97 0.97 0.97 0.97 0.97 0.97 0.97 0.97
  per-rule acc: 0.99 0.95
Epoch 8760 | Train: Loss=0.0011 Acc=99.9% | Test: Acc=97.0% | Best=97.5%(@7100)
  from x3: 0.95 0.98 0.97 0.97 0.97 0.97 0.97 0.97 0.97 0.97 0.97 0.97 0.97
  per-rule acc: 0.99 0.95
Epoch 8780 | Train: Loss=0.0028 Acc=99.9% | Test: Acc=93.6% | Best=97.5%(@7100)
  from x3: 0.90 0.94 0.94 0.94 0.94 0.94 0.94 0.94 0.94 0.94 0.94 0.94 0.94
  per-rule acc: 0.96 0.91
Epoch 8800 | Train: Loss=0.0011 Acc=99.9% | Test: Acc=97.2% | Best=97.5%(@7100)
  from x3: 0.94 0.98 0.97 0.97 0.97 0.97 0.97 0.97 0.98 0.97 0.97 0.97 0.97
  per-rule acc: 0.99 0.96
Epoch 8820 | Train: Loss=0.0011 Acc=99.9% | Test: Acc=97.2% | Best=97.5%(@7100)
  from x3: 0.95 0.98 0.97 0.97 0.97 0.97 0.97 0.97 0.97 0.97 0.97 0.97 0.97
  per-rule acc: 0.99 0.96
Epoch 8840 | Train: Loss=0.0011 Acc=99.9% | Test: Acc=97.2% | Best=97.5%(@7100)
  from x3: 0.95 0.98 0.97 0.97 0.97 0.97 0.97 0.97 0.97 0.97 0.97 0.97 0.97
  per-rule acc: 0.99 0.95
Epoch 8860 | Train: Loss=0.0011 Acc=99.9% | Test: Acc=97.2% | Best=97.5%(@7100)
  from x3: 0.95 0.98 0.97 0.97 0.97 0.97 0.97 0.97 0.97 0.97 0.97 0.97 0.97
  per-rule acc: 0.99 0.96
Epoch 8880 | Train: Loss=0.0011 Acc=99.9% | Test: Acc=97.2% | Best=97.5%(@7100)
  from x3: 0.95 0.98 0.97 0.97 0.97 0.97 0.97 0.97 0.97 0.97 0.97 0.97 0.97
  per-rule acc: 0.99 0.96
Epoch 8900 | Train: Loss=0.0011 Acc=99.9% | Test: Acc=97.3% | Best=97.5%(@7100)
  from x3: 0.95 0.98 0.97 0.97 0.97 0.97 0.97 0.98 0.98 0.98 0.97 0.98 0.98
  per-rule acc: 0.99 0.96
Epoch 8920 | Train: Loss=0.0016 Acc=99.9% | Test: Acc=96.2% | Best=97.5%(@7100)
  from x3: 0.93 0.97 0.96 0.96 0.96 0.96 0.96 0.97 0.97 0.97 0.96 0.97 0.97
  per-rule acc: 0.98 0.94
Epoch 8940 | Train: Loss=0.0011 Acc=99.9% | Test: Acc=97.2% | Best=97.5%(@7100)
  from x3: 0.94 0.98 0.98 0.97 0.98 0.98 0.98 0.97 0.97 0.97 0.97 0.97 0.97
  per-rule acc: 0.99 0.96
Epoch 8960 | Train: Loss=0.0011 Acc=99.9% | Test: Acc=97.3% | Best=97.5%(@7100)
  from x3: 0.95 0.98 0.97 0.97 0.98 0.98 0.98 0.98 0.98 0.98 0.98 0.98 0.98
  per-rule acc: 0.99 0.96
Epoch 8980 | Train: Loss=0.0011 Acc=99.9% | Test: Acc=97.3% | Best=97.5%(@7100)
  from x3: 0.95 0.98 0.97 0.97 0.98 0.97 0.98 0.97 0.98 0.97 0.97 0.98 0.98
  per-rule acc: 0.99 0.96
Epoch 9000 | Train: Loss=0.0011 Acc=99.9% | Test: Acc=97.2% | Best=97.5%(@7100)
  from x3: 0.95 0.98 0.97 0.97 0.97 0.97 0.97 0.97 0.97 0.97 0.97 0.98 0.97
  per-rule acc: 0.99 0.96
Epoch 9020 | Train: Loss=0.0011 Acc=99.9% | Test: Acc=97.1% | Best=97.5%(@7100)
  from x3: 0.95 0.98 0.97 0.97 0.97 0.97 0.97 0.97 0.97 0.97 0.97 0.97 0.97
  per-rule acc: 0.99 0.95
Epoch 9040 | Train: Loss=0.0011 Acc=99.9% | Test: Acc=97.1% | Best=97.5%(@7100)
  from x3: 0.95 0.98 0.97 0.97 0.97 0.97 0.97 0.97 0.97 0.97 0.97 0.97 0.97
  per-rule acc: 0.99 0.95
Epoch 9060 | Train: Loss=0.0011 Acc=99.9% | Test: Acc=97.1% | Best=97.5%(@7100)
  from x3: 0.95 0.98 0.97 0.97 0.97 0.97 0.97 0.97 0.97 0.97 0.97 0.97 0.97
  per-rule acc: 0.99 0.95
Epoch 9080 | Train: Loss=0.0011 Acc=99.9% | Test: Acc=97.1% | Best=97.5%(@7100)
  from x3: 0.95 0.98 0.97 0.97 0.97 0.97 0.97 0.97 0.97 0.97 0.97 0.97 0.97
  per-rule acc: 0.99 0.95
Epoch 9100 | Train: Loss=0.0011 Acc=99.9% | Test: Acc=97.1% | Best=97.5%(@7100)
  from x3: 0.95 0.98 0.97 0.97 0.97 0.97 0.97 0.97 0.97 0.97 0.97 0.97 0.97
  per-rule acc: 0.99 0.95
[Early stop] No improvement for 2000 consecutive epochs

==================================================
Saving model...
[OK] Model saved to: /home/cxm/ai/test0625-basic2/models/mixed_basic_d1024l4_r4_t16.pth
  File size: 199144.4 KB
  Best test accuracy: 97.49%

==================================================
Final generation test (given first two items, AB generates 3rd as prompt, validate from 4th)
==================================================

--- AB pair 1: (1, 1) ---

--- Statistics for AB=(1,1) ---
Exposed    samples:  1405 | In-dist: 18122/18265 ( 99.2%) | OOD: 22304/22480 ( 99.2%)
Unexposed  samples:  1404 | In-dist: 16972/18252 ( 93.0%) | OOD: 18888/22464 ( 84.1%)

--- AB pair 2: (1, 2) ---

--- Statistics for AB=(1,2) ---
Exposed    samples:  1405 | In-dist: 18200/18265 ( 99.6%) | OOD: 22405/22480 ( 99.7%)
Unexposed  samples:  1404 | In-dist: 15179/18252 ( 83.2%) | OOD: 14464/22464 ( 64.4%)

--- Return code: 0 ---

======================================================================
Attention Analysis
======================================================================
Model config: addition (default), p=53
Best test accuracy: 0.9748794652640806
Training epochs: 9100

Random test sequence 1/5 (length 32): [2, 25, 27, 52, 26, 25, 51, 23, 21, 44, 12, 3, 15, 18, 33, 51, 31, 29, 7, 36]...

======================================================================
Attention Layer Training Result Summary
======================================================================
Input sequence: [2, 25, 27, 52, 26, 25, 51, 23, 21, 44, 12, 3, 15, 18, 33, 51, 31, 29, 7, 36, 43, 26, 16, 42, 5, 47, 52, 46, 45, 38, 30, 15]

--- Layer 0 ---
  Head 0: Entropy=0.701
    Attention coefficients from each query position to previous positions:
      i= 0 -> j=0:1.000
      i= 1 -> j=0:0.830, j=1:0.170
      i= 2 -> j=0:0.101, j=1:0.735, j=2:0.164
      i= 3 -> j=0:0.001, j=1:0.082, j=2:0.776, j=3:0.141
      i= 4 -> j=0:0.000, j=1:0.001, j=2:0.113, j=3:0.732, j=4:0.153
      i= 5 -> j=0:0.000, j=1:0.000, j=2:0.001, j=3:0.086, j=4:0.767, j=5:0.146
      i= 6 -> j=0:0.000, j=1:0.000, j=2:0.000, j=3:0.001, j=4:0.095, j=5:0.748, j=6:0.156
      i= 7 -> j=0:0.000, j=1:0.000, j=2:0.000, j=3:0.000, j=4:0.001, j=5:0.076, j=6:0.771, j=7:0.152
      i= 8 -> j=0:0.000, j=1:0.000, j=2:0.000, j=3:0.000, j=4:0.000, j=5:0.001, j=6:0.108, j=7:0.740, j=8:0.151
      i= 9 -> j=0:0.000, j=1:0.000, j=2:0.000, j=3:0.000, j=4:0.000, j=5:0.000, j=6:0.001, j=7:0.104, j=8:0.713, j=9:0.182
      i=10 -> j=0:0.000, j=1:0.000, j=2:0.000, j=3:0.000, j=4:0.000, j=5:0.000, j=6:0.000, j=7:0.001, j=8:0.074, j=9:0.801, j=10:0.124
      i=11 -> j=0:0.000, j=1:0.000, j=2:0.000, j=3:0.000, j=4:0.000, j=5:0.000, j=6:0.000, j=7:0.000, j=8:0.001, j=9:0.116, j=10:0.716, j=11:0.167
      i=12 -> j=0:0.000, j=1:0.000, j=2:0.000, j=3:0.000, j=4:0.000, j=5:0.000, j=6:0.000, j=7:0.000, j=8:0.000, j=9:0.001, j=10:0.089, j=11:0.765, j=12:0.146
      i=13 -> j=0:0.000, j=1:0.000, j=2:0.000, j=3:0.000, j=4:0.000, j=5:0.000, j=6:0.000, j=7:0.000, j=8:0.000, j=9:0.000, j=10:0.001, j=11:0.103, j=12:0.736, j=13:0.160
      i=14 -> j=0:0.000, j=1:0.000, j=2:0.000, j=3:0.000, j=4:0.000, j=5:0.000, j=6:0.000, j=7:0.000, j=8:0.000, j=9:0.000, j=10:0.000, j=11:0.001, j=12:0.099, j=13:0.765, j=14:0.136
      i=15 -> j=0:0.000, j=1:0.000, j=2:0.000, j=3:0.000, j=4:0.000, j=5:0.000, j=6:0.000, j=7:0.000, j=8:0.000, j=9:0.000, j=10:0.000, j=11:0.000, j=12:0.001, j=13:0.090, j=14:0.769, j=15:0.141
      i=16 -> j=0:0.000, j=1:0.000, j=2:0.000, j=3:0.000, j=4:0.000, j=5:0.000, j=6:0.000, j=7:0.000, j=8:0.000, j=9:0.000, j=10:0.000, j=11:0.000, j=12:0.000, j=13:0.001, j=14:0.113, j=15:0.744, j=16:0.142
      i=17 -> j=0:0.000, j=1:0.000, j=2:0.000, j=3:0.000, j=4:0.000, j=5:0.000, j=6:0.000, j=7:0.000, j=8:0.000, j=9:0.000, j=10:0.000, j=11:0.000, j=12:0.000, j=13:0.000, j=14:0.001, j=15:0.104, j=16:0.772, j=17:0.123
      i=18 -> j=0:0.000, j=1:0.000, j=2:0.000, j=3:0.000, j=4:0.000, j=5:0.000, j=6:0.000, j=7:0.000, j=8:0.000, j=9:0.000, j=10:0.000, j=11:0.000, j=12:0.000, j=13:0.000, j=14:0.000, j=15:0.001, j=16:0.122, j=17:0.719, j=18:0.158
      i=19 -> j=0:0.000, j=1:0.000, j=2:0.000, j=3:0.000, j=4:0.000, j=5:0.000, j=6:0.000, j=7:0.000, j=8:0.000, j=9:0.000, j=10:0.000, j=11:0.000, j=12:0.000, j=13:0.000, j=14:0.000, j=15:0.000, j=16:0.001, j=17:0.085, j=18:0.767, j=19:0.147
      i=20 -> j=0:0.000, j=1:0.000, j=2:0.000, j=3:0.000, j=4:0.000, j=5:0.000, j=6:0.000, j=7:0.000, j=8:0.000, j=9:0.000, j=10:0.000, j=11:0.000, j=12:0.000, j=13:0.000, j=14:0.000, j=15:0.000, j=16:0.000, j=17:0.001, j=18:0.122, j=19:0.712, j=20:0.165
      i=21 -> j=0:0.000, j=1:0.000, j=2:0.000, j=3:0.000, j=4:0.000, j=5:0.000, j=6:0.000, j=7:0.000, j=8:0.000, j=9:0.000, j=10:0.000, j=11:0.000, j=12:0.000, j=13:0.000, j=14:0.000, j=15:0.000, j=16:0.000, j=17:0.000, j=18:0.002, j=19:0.093, j=20:0.748, j=21:0.158
      i=22 -> j=0:0.000, j=1:0.000, j=2:0.000, j=3:0.000, j=4:0.000, j=5:0.000, j=6:0.000, j=7:0.000, j=8:0.000, j=9:0.000, j=10:0.000, j=11:0.000, j=12:0.000, j=13:0.000, j=14:0.000, j=15:0.000, j=16:0.000, j=17:0.000, j=18:0.000, j=19:0.001, j=20:0.068, j=21:0.762, j=22:0.169
      i=23 -> j=0:0.000, j=1:0.000, j=2:0.000, j=3:0.000, j=4:0.000, j=5:0.000, j=6:0.000, j=7:0.000, j=8:0.000, j=9:0.000, j=10:0.000, j=11:0.000, j=12:0.000, j=13:0.000, j=14:0.000, j=15:0.000, j=16:0.000, j=17:0.000, j=18:0.000, j=19:0.000, j=20:0.001, j=21:0.087, j=22:0.763, j=23:0.149
      i=24 -> j=0:0.000, j=1:0.000, j=2:0.000, j=3:0.000, j=4:0.000, j=5:0.000, j=6:0.000, j=7:0.000, j=8:0.000, j=9:0.000, j=10:0.000, j=11:0.000, j=12:0.000, j=13:0.000, j=14:0.000, j=15:0.000, j=16:0.000, j=17:0.000, j=18:0.000, j=19:0.000, j=20:0.000, j=21:0.001, j=22:0.094, j=23:0.759, j=24:0.145
      i=25 -> j=0:0.000, j=1:0.000, j=2:0.000, j=3:0.000, j=4:0.000, j=5:0.000, j=6:0.000, j=7:0.000, j=8:0.000, j=9:0.000, j=10:0.000, j=11:0.000, j=12:0.000, j=13:0.000, j=14:0.000, j=15:0.000, j=16:0.000, j=17:0.000, j=18:0.000, j=19:0.000, j=20:0.000, j=21:0.000, j=22:0.001, j=23:0.122, j=24:0.728, j=25:0.148
      i=26 -> j=0:0.000, j=1:0.000, j=2:0.000, j=3:0.000, j=4:0.000, j=5:0.000, j=6:0.000, j=7:0.000, j=8:0.000, j=9:0.000, j=10:0.000, j=11:0.000, j=12:0.000, j=13:0.000, j=14:0.000, j=15:0.000, j=16:0.000, j=17:0.000, j=18:0.000, j=19:0.000, j=20:0.000, j=21:0.000, j=22:0.000, j=23:0.001, j=24:0.075, j=25:0.796, j=26:0.128
      i=27 -> j=0:0.000, j=1:0.000, j=2:0.000, j=3:0.000, j=4:0.000, j=5:0.000, j=6:0.000, j=7:0.000, j=8:0.000, j=9:0.000, j=10:0.000, j=11:0.000, j=12:0.000, j=13:0.000, j=14:0.000, j=15:0.000, j=16:0.000, j=17:0.000, j=18:0.000, j=19:0.000, j=20:0.000, j=21:0.000, j=22:0.000, j=23:0.000, j=24:0.001, j=25:0.122, j=26:0.726, j=27:0.150
      i=28 -> j=0:0.000, j=1:0.000, j=2:0.000, j=3:0.000, j=4:0.000, j=5:0.000, j=6:0.000, j=7:0.000, j=8:0.000, j=9:0.000, j=10:0.000, j=11:0.000, j=12:0.000, j=13:0.000, j=14:0.000, j=15:0.000, j=16:0.000, j=17:0.000, j=18:0.000, j=19:0.000, j=20:0.000, j=21:0.000, j=22:0.000, j=23:0.000, j=24:0.000, j=25:0.001, j=26:0.087, j=27:0.749, j=28:0.163
      i=29 -> j=0:0.000, j=1:0.000, j=2:0.000, j=3:0.000, j=4:0.000, j=5:0.000, j=6:0.000, j=7:0.000, j=8:0.000, j=9:0.000, j=10:0.000, j=11:0.000, j=12:0.000, j=13:0.000, j=14:0.000, j=15:0.000, j=16:0.000, j=17:0.000, j=18:0.000, j=19:0.000, j=20:0.000, j=21:0.000, j=22:0.000, j=23:0.000, j=24:0.000, j=25:0.000, j=26:0.001, j=27:0.101, j=28:0.760, j=29:0.137
      i=30 -> j=0:0.000, j=1:0.000, j=2:0.000, j=3:0.000, j=4:0.000, j=5:0.000, j=6:0.000, j=7:0.000, j=8:0.000, j=9:0.000, j=10:0.000, j=11:0.000, j=12:0.000, j=13:0.000, j=14:0.000, j=15:0.000, j=16:0.000, j=17:0.000, j=18:0.000, j=19:0.000, j=20:0.000, j=21:0.000, j=22:0.000, j=23:0.000, j=24:0.000, j=25:0.000, j=26:0.000, j=27:0.001, j=28:0.093, j=29:0.718, j=30:0.187
      i=31 -> j=0:0.000, j=1:0.000, j=2:0.000, j=3:0.000, j=4:0.000, j=5:0.000, j=6:0.000, j=7:0.000, j=8:0.000, j=9:0.000, j=10:0.000, j=11:0.000, j=12:0.000, j=13:0.000, j=14:0.000, j=15:0.000, j=16:0.000, j=17:0.000, j=18:0.000, j=19:0.000, j=20:0.000, j=21:0.000, j=22:0.000, j=23:0.000, j=24:0.000, j=25:0.000, j=26:0.000, j=27:0.000, j=28:0.001, j=29:0.089, j=30:0.769, j=31:0.141
    Average attention per distance:
      d=0:0.178, d=1:0.753, d=2:0.097

--- Layer 1 ---
  Head 0: Entropy=0.455
    Attention coefficients from each query position to previous positions:
      i= 0 -> j=0:1.000
      i= 1 -> j=0:0.999, j=1:0.001
      i= 2 -> j=0:0.934, j=1:0.066, j=2:0.000
      i= 3 -> j=0:0.074, j=1:0.865, j=2:0.060, j=3:0.000
      i= 4 -> j=0:0.000, j=1:0.119, j=2:0.832, j=3:0.049, j=4:0.000
      i= 5 -> j=0:0.000, j=1:0.000, j=2:0.103, j=3:0.865, j=4:0.031, j=5:0.000
      i= 6 -> j=0:0.000, j=1:0.000, j=2:0.000, j=3:0.086, j=4:0.845, j=5:0.068, j=6:0.000
      i= 7 -> j=0:0.000, j=1:0.000, j=2:0.000, j=3:0.000, j=4:0.082, j=5:0.871, j=6:0.047, j=7:0.000
      i= 8 -> j=0:0.000, j=1:0.000, j=2:0.000, j=3:0.000, j=4:0.000, j=5:0.126, j=6:0.834, j=7:0.040, j=8:0.000
      i= 9 -> j=0:0.000, j=1:0.000, j=2:0.000, j=3:0.000, j=4:0.000, j=5:0.000, j=6:0.069, j=7:0.907, j=8:0.024, j=9:0.000
      i=10 -> j=0:0.000, j=1:0.000, j=2:0.000, j=3:0.000, j=4:0.000, j=5:0.000, j=6:0.000, j=7:0.125, j=8:0.852, j=9:0.023, j=10:0.000
      i=11 -> j=0:0.000, j=1:0.000, j=2:0.000, j=3:0.000, j=4:0.000, j=5:0.000, j=6:0.000, j=7:0.000, j=8:0.089, j=9:0.877, j=10:0.033, j=11:0.000
      i=12 -> j=0:0.000, j=1:0.000, j=2:0.000, j=3:0.000, j=4:0.000, j=5:0.000, j=6:0.000, j=7:0.000, j=8:0.000, j=9:0.080, j=10:0.827, j=11:0.092, j=12:0.000
      i=13 -> j=0:0.000, j=1:0.000, j=2:0.000, j=3:0.000, j=4:0.000, j=5:0.000, j=6:0.000, j=7:0.000, j=8:0.000, j=9:0.000, j=10:0.053, j=11:0.903, j=12:0.044, j=13:0.000
      i=14 -> j=0:0.000, j=1:0.000, j=2:0.000, j=3:0.000, j=4:0.000, j=5:0.000, j=6:0.000, j=7:0.000, j=8:0.000, j=9:0.000, j=10:0.000, j=11:0.101, j=12:0.814, j=13:0.085, j=14:0.000
      i=15 -> j=0:0.000, j=1:0.000, j=2:0.000, j=3:0.000, j=4:0.000, j=5:0.000, j=6:0.000, j=7:0.000, j=8:0.000, j=9:0.000, j=10:0.000, j=11:0.000, j=12:0.048, j=13:0.859, j=14:0.092, j=15:0.000
      i=16 -> j=0:0.000, j=1:0.000, j=2:0.000, j=3:0.000, j=4:0.000, j=5:0.000, j=6:0.000, j=7:0.000, j=8:0.000, j=9:0.000, j=10:0.000, j=11:0.000, j=12:0.000, j=13:0.068, j=14:0.865, j=15:0.067, j=16:0.000
      i=17 -> j=0:0.000, j=1:0.000, j=2:0.000, j=3:0.000, j=4:0.000, j=5:0.000, j=6:0.000, j=7:0.000, j=8:0.000, j=9:0.000, j=10:0.000, j=11:0.000, j=12:0.000, j=13:0.000, j=14:0.103, j=15:0.840, j=16:0.057, j=17:0.000
      i=18 -> j=0:0.000, j=1:0.000, j=2:0.000, j=3:0.000, j=4:0.000, j=5:0.000, j=6:0.000, j=7:0.000, j=8:0.000, j=9:0.000, j=10:0.000, j=11:0.000, j=12:0.000, j=13:0.000, j=14:0.000, j=15:0.041, j=16:0.909, j=17:0.049, j=18:0.000
      i=19 -> j=0:0.000, j=1:0.000, j=2:0.000, j=3:0.000, j=4:0.000, j=5:0.000, j=6:0.000, j=7:0.000, j=8:0.000, j=9:0.000, j=10:0.000, j=11:0.000, j=12:0.000, j=13:0.000, j=14:0.000, j=15:0.000, j=16:0.091, j=17:0.850, j=18:0.058, j=19:0.000
      i=20 -> j=0:0.000, j=1:0.000, j=2:0.000, j=3:0.000, j=4:0.000, j=5:0.000, j=6:0.000, j=7:0.000, j=8:0.000, j=9:0.000, j=10:0.000, j=11:0.000, j=12:0.000, j=13:0.000, j=14:0.000, j=15:0.000, j=16:0.000, j=17:0.117, j=18:0.845, j=19:0.038, j=20:0.000
      i=21 -> j=0:0.000, j=1:0.000, j=2:0.000, j=3:0.000, j=4:0.000, j=5:0.000, j=6:0.000, j=7:0.000, j=8:0.000, j=9:0.000, j=10:0.000, j=11:0.000, j=12:0.000, j=13:0.000, j=14:0.000, j=15:0.000, j=16:0.000, j=17:0.000, j=18:0.068, j=19:0.890, j=20:0.041, j=21:0.000
      i=22 -> j=0:0.000, j=1:0.000, j=2:0.000, j=3:0.000, j=4:0.000, j=5:0.000, j=6:0.000, j=7:0.000, j=8:0.000, j=9:0.000, j=10:0.000, j=11:0.000, j=12:0.000, j=13:0.000, j=14:0.000, j=15:0.000, j=16:0.000, j=17:0.000, j=18:0.000, j=19:0.093, j=20:0.871, j=21:0.036, j=22:0.000
      i=23 -> j=0:0.000, j=1:0.000, j=2:0.000, j=3:0.000, j=4:0.000, j=5:0.000, j=6:0.000, j=7:0.000, j=8:0.000, j=9:0.000, j=10:0.000, j=11:0.000, j=12:0.000, j=13:0.000, j=14:0.000, j=15:0.000, j=16:0.000, j=17:0.000, j=18:0.000, j=19:0.000, j=20:0.104, j=21:0.797, j=22:0.098, j=23:0.000
      i=24 -> j=0:0.000, j=1:0.000, j=2:0.000, j=3:0.000, j=4:0.000, j=5:0.000, j=6:0.000, j=7:0.000, j=8:0.000, j=9:0.000, j=10:0.000, j=11:0.000, j=12:0.000, j=13:0.000, j=14:0.000, j=15:0.000, j=16:0.000, j=17:0.000, j=18:0.000, j=19:0.000, j=20:0.000, j=21:0.054, j=22:0.904, j=23:0.042, j=24:0.000
      i=25 -> j=0:0.000, j=1:0.000, j=2:0.000, j=3:0.000, j=4:0.000, j=5:0.000, j=6:0.000, j=7:0.000, j=8:0.000, j=9:0.000, j=10:0.000, j=11:0.000, j=12:0.000, j=13:0.000, j=14:0.000, j=15:0.000, j=16:0.000, j=17:0.000, j=18:0.000, j=19:0.000, j=20:0.000, j=21:0.000, j=22:0.179, j=23:0.787, j=24:0.033, j=25:0.000
      i=26 -> j=0:0.000, j=1:0.000, j=2:0.000, j=3:0.000, j=4:0.000, j=5:0.000, j=6:0.000, j=7:0.000, j=8:0.000, j=9:0.000, j=10:0.000, j=11:0.000, j=12:0.000, j=13:0.000, j=14:0.000, j=15:0.000, j=16:0.000, j=17:0.000, j=18:0.000, j=19:0.000, j=20:0.000, j=21:0.000, j=22:0.000, j=23:0.053, j=24:0.914, j=25:0.032, j=26:0.000
      i=27 -> j=0:0.000, j=1:0.000, j=2:0.000, j=3:0.000, j=4:0.000, j=5:0.000, j=6:0.000, j=7:0.000, j=8:0.000, j=9:0.000, j=10:0.000, j=11:0.000, j=12:0.000, j=13:0.000, j=14:0.000, j=15:0.000, j=16:0.000, j=17:0.000, j=18:0.000, j=19:0.000, j=20:0.000, j=21:0.000, j=22:0.000, j=23:0.000, j=24:0.118, j=25:0.835, j=26:0.046, j=27:0.000
      i=28 -> j=0:0.000, j=1:0.000, j=2:0.000, j=3:0.000, j=4:0.000, j=5:0.000, j=6:0.000, j=7:0.000, j=8:0.000, j=9:0.000, j=10:0.000, j=11:0.000, j=12:0.000, j=13:0.000, j=14:0.000, j=15:0.000, j=16:0.000, j=17:0.000, j=18:0.000, j=19:0.000, j=20:0.000, j=21:0.000, j=22:0.000, j=23:0.000, j=24:0.000, j=25:0.089, j=26:0.898, j=27:0.013, j=28:0.000
      i=29 -> j=0:0.000, j=1:0.000, j=2:0.000, j=3:0.000, j=4:0.000, j=5:0.000, j=6:0.000, j=7:0.000, j=8:0.000, j=9:0.000, j=10:0.000, j=11:0.000, j=12:0.000, j=13:0.000, j=14:0.000, j=15:0.000, j=16:0.000, j=17:0.000, j=18:0.000, j=19:0.000, j=20:0.000, j=21:0.000, j=22:0.000, j=23:0.000, j=24:0.000, j=25:0.000, j=26:0.091, j=27:0.831, j=28:0.077, j=29:0.000
      i=30 -> j=0:0.000, j=1:0.000, j=2:0.000, j=3:0.000, j=4:0.000, j=5:0.000, j=6:0.000, j=7:0.000, j=8:0.000, j=9:0.000, j=10:0.000, j=11:0.000, j=12:0.000, j=13:0.000, j=14:0.000, j=15:0.000, j=16:0.000, j=17:0.000, j=18:0.000, j=19:0.000, j=20:0.000, j=21:0.000, j=22:0.000, j=23:0.000, j=24:0.000, j=25:0.000, j=26:0.000, j=27:0.069, j=28:0.893, j=29:0.037, j=30:0.000
      i=31 -> j=0:0.000, j=1:0.000, j=2:0.000, j=3:0.000, j=4:0.000, j=5:0.000, j=6:0.000, j=7:0.000, j=8:0.000, j=9:0.000, j=10:0.000, j=11:0.000, j=12:0.000, j=13:0.000, j=14:0.000, j=15:0.000, j=16:0.000, j=17:0.000, j=18:0.000, j=19:0.000, j=20:0.000, j=21:0.000, j=22:0.000, j=23:0.000, j=24:0.000, j=25:0.000, j=26:0.000, j=27:0.000, j=28:0.096, j=29:0.839, j=30:0.064, j=31:0.000
    Average attention per distance:
      d=0:0.031, d=1:0.082, d=2:0.862, d=3:0.089

--- Layer 2 ---
  Head 0: Entropy=1.374
    Attention coefficients from each query position to previous positions:
      i= 0 -> j=0:1.000
      i= 1 -> j=0:0.640, j=1:0.360
      i= 2 -> j=0:0.304, j=1:0.461, j=2:0.236
      i= 3 -> j=0:0.046, j=1:0.162, j=2:0.287, j=3:0.505
      i= 4 -> j=0:0.010, j=1:0.039, j=2:0.152, j=3:0.532, j=4:0.266
      i= 5 -> j=0:0.002, j=1:0.003, j=2:0.014, j=3:0.119, j=4:0.313, j=5:0.549
      i= 6 -> j=0:0.002, j=1:0.001, j=2:0.003, j=3:0.033, j=4:0.134, j=5:0.580, j=6:0.248
      i= 7 -> j=0:0.002, j=1:0.001, j=2:0.001, j=3:0.004, j=4:0.019, j=5:0.139, j=6:0.369, j=7:0.465
      i= 8 -> j=0:0.004, j=1:0.002, j=2:0.001, j=3:0.003, j=4:0.003, j=5:0.045, j=6:0.091, j=7:0.665, j=8:0.186
      i= 9 -> j=0:0.003, j=1:0.002, j=2:0.001, j=3:0.001, j=4:0.001, j=5:0.003, j=6:0.016, j=7:0.134, j=8:0.400, j=9:0.439
      i=10 -> j=0:0.003, j=1:0.003, j=2:0.002, j=3:0.002, j=4:0.001, j=5:0.002, j=6:0.001, j=7:0.020, j=8:0.061, j=9:0.263, j=10:0.642
      i=11 -> j=0:0.002, j=1:0.001, j=2:0.001, j=3:0.002, j=4:0.001, j=5:0.001, j=6:0.000, j=7:0.004, j=8:0.007, j=9:0.096, j=10:0.781, j=11:0.103
      i=12 -> j=0:0.003, j=1:0.002, j=2:0.002, j=3:0.003, j=4:0.002, j=5:0.002, j=6:0.001, j=7:0.001, j=8:0.002, j=9:0.013, j=10:0.123, j=11:0.295, j=12:0.551
      i=13 -> j=0:0.008, j=1:0.005, j=2:0.005, j=3:0.006, j=4:0.006, j=5:0.006, j=6:0.003, j=7:0.003, j=8:0.003, j=9:0.008, j=10:0.033, j=11:0.149, j=12:0.471, j=13:0.294
      i=14 -> j=0:0.013, j=1:0.008, j=2:0.005, j=3:0.007, j=4:0.006, j=5:0.009, j=6:0.005, j=7:0.005, j=8:0.003, j=9:0.004, j=10:0.012, j=11:0.028, j=12:0.202, j=13:0.371, j=14:0.322
      i=15 -> j=0:0.011, j=1:0.007, j=2:0.004, j=3:0.004, j=4:0.003, j=5:0.005, j=6:0.003, j=7:0.004, j=8:0.002, j=9:0.002, j=10:0.003, j=11:0.004, j=12:0.040, j=13:0.190, j=14:0.466, j=15:0.252
      i=16 -> j=0:0.012, j=1:0.009, j=2:0.007, j=3:0.006, j=4:0.003, j=5:0.004, j=6:0.003, j=7:0.005, j=8:0.003, j=9:0.003, j=10:0.002, j=11:0.001, j=12:0.008, j=13:0.047, j=14:0.238, j=15:0.422, j=16:0.225
      i=17 -> j=0:0.015, j=1:0.012, j=2:0.010, j=3:0.012, j=4:0.005, j=5:0.007, j=6:0.003, j=7:0.006, j=8:0.004, j=9:0.005, j=10:0.005, j=11:0.001, j=12:0.004, j=13:0.016, j=14:0.064, j=15:0.211, j=16:0.344, j=17:0.277
      i=18 -> j=0:0.010, j=1:0.007, j=2:0.006, j=3:0.009, j=4:0.004, j=5:0.006, j=6:0.001, j=7:0.003, j=8:0.002, j=9:0.003, j=10:0.003, j=11:0.001, j=12:0.001, j=13:0.003, j=14:0.006, j=15:0.025, j=16:0.138, j=17:0.391, j=18:0.382
      i=19 -> j=0:0.012, j=1:0.008, j=2:0.006, j=3:0.011, j=4:0.006, j=5:0.009, j=6:0.002, j=7:0.004, j=8:0.002, j=9:0.003, j=10:0.004, j=11:0.001, j=12:0.002, j=13:0.002, j=14:0.002, j=15:0.005, j=16:0.029, j=17:0.155, j=18:0.422, j=19:0.313
      i=20 -> j=0:0.023, j=1:0.011, j=2:0.006, j=3:0.015, j=4:0.007, j=5:0.019, j=6:0.003, j=7:0.007, j=8:0.002, j=9:0.003, j=10:0.006, j=11:0.001, j=12:0.004, j=13:0.006, j=14:0.003, j=15:0.002, j=16:0.009, j=17:0.047, j=18:0.203, j=19:0.465, j=20:0.156
      i=21 -> j=0:0.018, j=1:0.013, j=2:0.010, j=3:0.011, j=4:0.008, j=5:0.012, j=6:0.007, j=7:0.008, j=8:0.004, j=9:0.004, j=10:0.004, j=11:0.002, j=12:0.004, j=13:0.004, j=14:0.003, j=15:0.001, j=16:0.002, j=17:0.006, j=18:0.025, j=19:0.169, j=20:0.364, j=21:0.321
      i=22 -> j=0:0.019, j=1:0.016, j=2:0.012, j=3:0.015, j=4:0.009, j=5:0.014, j=6:0.008, j=7:0.012, j=8:0.006, j=9:0.005, j=10:0.005, j=11:0.002, j=12:0.004, j=13:0.006, j=14:0.004, j=15:0.002, j=16:0.002, j=17:0.002, j=18:0.004, j=19:0.021, j=20:0.090, j=21:0.273, j=22:0.470
      i=23 -> j=0:0.015, j=1:0.012, j=2:0.010, j=3:0.014, j=4:0.007, j=5:0.012, j=6:0.005, j=7:0.010, j=8:0.005, j=9:0.006, j=10:0.005, j=11:0.001, j=12:0.003, j=13:0.005, j=14:0.004, j=15:0.003, j=16:0.002, j=17:0.001, j=18:0.001, j=19:0.004, j=20:0.017, j=21:0.108, j=22:0.483, j=23:0.267
      i=24 -> j=0:0.017, j=1:0.015, j=2:0.015, j=3:0.020, j=4:0.013, j=5:0.017, j=6:0.008, j=7:0.013, j=8:0.009, j=9:0.012, j=10:0.011, j=11:0.004, j=12:0.005, j=13:0.007, j=14:0.006, j=15:0.005, j=16:0.005, j=17:0.003, j=18:0.002, j=19:0.003, j=20:0.006, j=21:0.033, j=22:0.197, j=23:0.363, j=24:0.209
      i=25 -> j=0:0.015, j=1:0.010, j=2:0.008, j=3:0.017, j=4:0.009, j=5:0.018, j=6:0.005, j=7:0.010, j=8:0.004, j=9:0.008, j=10:0.011, j=11:0.002, j=12:0.004, j=13:0.005, j=14:0.003, j=15:0.002, j=16:0.003, j=17:0.002, j=18:0.001, j=19:0.001, j=20:0.001, j=21:0.002, j=22:0.031, j=23:0.109, j=24:0.373, j=25:0.346
      i=26 -> j=0:0.012, j=1:0.007, j=2:0.005, j=3:0.011, j=4:0.007, j=5:0.015, j=6:0.005, j=7:0.008, j=8:0.003, j=9:0.005, j=10:0.008, j=11:0.002, j=12:0.004, j=13:0.004, j=14:0.002, j=15:0.001, j=16:0.002, j=17:0.002, j=18:0.001, j=19:0.001, j=20:0.000, j=21:0.000, j=22:0.003, j=23:0.011, j=24:0.125, j=25:0.369, j=26:0.386
      i=27 -> j=0:0.014, j=1:0.010, j=2:0.008, j=3:0.011, j=4:0.009, j=5:0.015, j=6:0.010, j=7:0.012, j=8:0.006, j=9:0.008, j=10:0.009, j=11:0.005, j=12:0.008, j=13:0.007, j=14:0.004, j=15:0.002, j=16:0.002, j=17:0.003, j=18:0.003, j=19:0.002, j=20:0.001, j=21:0.001, j=22:0.002, j=23:0.003, j=24:0.027, j=25:0.127, j=26:0.390, j=27:0.303
      i=28 -> j=0:0.012, j=1:0.010, j=2:0.009, j=3:0.011, j=4:0.008, j=5:0.012, j=6:0.009, j=7:0.013, j=8:0.008, j=9:0.009, j=10:0.009, j=11:0.005, j=12:0.008, j=13:0.008, j=14:0.006, j=15:0.003, j=16:0.002, j=17:0.002, j=18:0.002, j=19:0.002, j=20:0.001, j=21:0.001, j=22:0.001, j=23:0.001, j=24:0.003, j=25:0.009, j=26:0.065, j=27:0.285, j=28:0.486
      i=29 -> j=0:0.017, j=1:0.014, j=2:0.011, j=3:0.018, j=4:0.009, j=5:0.019, j=6:0.008, j=7:0.018, j=8:0.009, j=9:0.013, j=10:0.015, j=11:0.003, j=12:0.010, j=13:0.016, j=14:0.012, j=15:0.006, j=16:0.005, j=17:0.003, j=18:0.003, j=19:0.003, j=20:0.002, j=21:0.002, j=22:0.004, j=23:0.001, j=24:0.003, j=25:0.005, j=26:0.024, j=27:0.120, j=28:0.493, j=29:0.134
      i=30 -> j=0:0.007, j=1:0.007, j=2:0.006, j=3:0.010, j=4:0.006, j=5:0.009, j=6:0.005, j=7:0.008, j=8:0.006, j=9:0.009, j=10:0.010, j=11:0.003, j=12:0.006, j=13:0.007, j=14:0.006, j=15:0.004, j=16:0.003, j=17:0.002, j=18:0.001, j=19:0.001, j=20:0.001, j=21:0.001, j=22:0.002, j=23:0.001, j=24:0.001, j=25:0.000, j=26:0.001, j=27:0.007, j=28:0.064, j=29:0.246, j=30:0.559
      i=31 -> j=0:0.012, j=1:0.010, j=2:0.009, j=3:0.015, j=4:0.011, j=5:0.015, j=6:0.008, j=7:0.012, j=8:0.008, j=9:0.013, j=10:0.016, j=11:0.007, j=12:0.010, j=13:0.011, j=14:0.010, j=15:0.008, j=16:0.008, j=17:0.006, j=18:0.004, j=19:0.003, j=20:0.002, j=21:0.003, j=22:0.005, j=23:0.003, j=24:0.002, j=25:0.001, j=26:0.001, j=27:0.005, j=28:0.031, j=29:0.123, j=30:0.427, j=31:0.203
    Average attention per distance:
      d=0:0.358, d=1:0.419, d=2:0.143, d=3:0.028, d=20:0.012, d=21:0.013, d=22:0.013, d=23:0.011
      d=24:0.011, d=26:0.012, d=27:0.011, d=28:0.012, d=29:0.011, d=31:0.012

--- Layer 3 ---
  Head 0: Entropy=1.904
    Attention coefficients from each query position to previous positions:
      i= 0 -> j=0:1.000
      i= 1 -> j=0:0.409, j=1:0.591
      i= 2 -> j=0:0.182, j=1:0.306, j=2:0.512
      i= 3 -> j=0:0.073, j=1:0.122, j=2:0.252, j=3:0.553
      i= 4 -> j=0:0.029, j=1:0.041, j=2:0.090, j=3:0.247, j=4:0.594
      i= 5 -> j=0:0.026, j=1:0.028, j=2:0.051, j=3:0.135, j=4:0.375, j=5:0.385
      i= 6 -> j=0:0.025, j=1:0.023, j=2:0.034, j=3:0.075, j=4:0.202, j=5:0.258, j=6:0.383
      i= 7 -> j=0:0.028, j=1:0.025, j=2:0.030, j=3:0.051, j=4:0.108, j=5:0.142, j=6:0.251, j=7:0.365
      i= 8 -> j=0:0.022, j=1:0.020, j=2:0.023, j=3:0.032, j=4:0.053, j=5:0.059, j=6:0.103, j=7:0.184, j=8:0.505
      i= 9 -> j=0:0.018, j=1:0.018, j=2:0.021, j=3:0.028, j=4:0.036, j=5:0.033, j=6:0.046, j=7:0.082, j=8:0.262, j=9:0.456
      i=10 -> j=0:0.018, j=1:0.017, j=2:0.022, j=3:0.030, j=4:0.037, j=5:0.028, j=6:0.031, j=7:0.047, j=8:0.144, j=9:0.313, j=10:0.314
      i=11 -> j=0:0.021, j=1:0.020, j=2:0.024, j=3:0.034, j=4:0.044, j=5:0.032, j=6:0.031, j=7:0.036, j=8:0.087, j=9:0.183, j=10:0.219, j=11:0.268
      i=12 -> j=0:0.017, j=1:0.014, j=2:0.016, j=3:0.023, j=4:0.032, j=5:0.024, j=6:0.021, j=7:0.021, j=8:0.040, j=9:0.073, j=10:0.090, j=11:0.137, j=12:0.492
      i=13 -> j=0:0.021, j=1:0.017, j=2:0.018, j=3:0.024, j=4:0.031, j=5:0.026, j=6:0.024, j=7:0.023, j=8:0.035, j=9:0.048, j=10:0.050, j=11:0.074, j=12:0.285, j=13:0.323
      i=14 -> j=0:0.016, j=1:0.014, j=2:0.014, j=3:0.017, j=4:0.021, j=5:0.017, j=6:0.017, j=7:0.017, j=8:0.024, j=9:0.028, j=10:0.023, j=11:0.029, j=12:0.114, j=13:0.162, j=14:0.487
      i=15 -> j=0:0.019, j=1:0.016, j=2:0.017, j=3:0.019, j=4:0.022, j=5:0.017, j=6:0.017, j=7:0.017, j=8:0.026, j=9:0.029, j=10:0.020, j=11:0.021, j=12:0.065, j=13:0.097, j=14:0.348, j=15:0.250
      i=16 -> j=0:0.022, j=1:0.020, j=2:0.021, j=3:0.024, j=4:0.026, j=5:0.019, j=6:0.018, j=7:0.019, j=8:0.029, j=9:0.033, j=10:0.023, j=11:0.020, j=12:0.045, j=13:0.057, j=14:0.192, j=15:0.166, j=16:0.267
      i=17 -> j=0:0.014, j=1:0.013, j=2:0.014, j=3:0.017, j=4:0.019, j=5:0.013, j=6:0.011, j=7:0.011, j=8:0.017, j=9:0.021, j=10:0.015, j=11:0.012, j=12:0.023, j=13:0.023, j=14:0.064, j=15:0.055, j=16:0.109, j=17:0.549
      i=18 -> j=0:0.014, j=1:0.012, j=2:0.013, j=3:0.016, j=4:0.018, j=5:0.013, j=6:0.011, j=7:0.009, j=8:0.014, j=9:0.017, j=10:0.012, j=11:0.011, j=12:0.019, j=13:0.017, j=14:0.035, j=15:0.026, j=16:0.053, j=17:0.329, j=18:0.362
      i=19 -> j=0:0.014, j=1:0.011, j=2:0.012, j=3:0.015, j=4:0.017, j=5:0.013, j=6:0.011, j=7:0.009, j=8:0.012, j=9:0.014, j=10:0.010, j=11:0.009, j=12:0.018, j=13:0.014, j=14:0.025, j=15:0.015, j=16:0.025, j=17:0.151, j=18:0.201, j=19:0.405
      i=20 -> j=0:0.016, j=1:0.014, j=2:0.014, j=3:0.016, j=4:0.019, j=5:0.014, j=6:0.013, j=7:0.011, j=8:0.014, j=9:0.014, j=10:0.010, j=11:0.010, j=12:0.018, j=13:0.016, j=14:0.025, j=15:0.013, j=16:0.017, j=17:0.072, j=18:0.094, j=19:0.219, j=20:0.361
      i=21 -> j=0:0.012, j=1:0.011, j=2:0.011, j=3:0.013, j=4:0.014, j=5:0.011, j=6:0.010, j=7:0.009, j=8:0.011, j=9:0.011, j=10:0.007, j=11:0.006, j=12:0.012, j=13:0.011, j=14:0.019, j=15:0.009, j=16:0.010, j=17:0.034, j=18:0.038, j=19:0.091, j=20:0.197, j=21:0.452
      i=22 -> j=0:0.016, j=1:0.015, j=2:0.016, j=3:0.018, j=4:0.020, j=5:0.015, j=6:0.014, j=7:0.013, j=8:0.016, j=9:0.016, j=10:0.011, j=11:0.009, j=12:0.015, j=13:0.013, j=14:0.023, j=15:0.013, j=16:0.013, j=17:0.033, j=18:0.029, j=19:0.054, j=20:0.116, j=21:0.301, j=22:0.212
      i=23 -> j=0:0.016, j=1:0.014, j=2:0.015, j=3:0.019, j=4:0.021, j=5:0.015, j=6:0.013, j=7:0.012, j=8:0.016, j=9:0.017, j=10:0.011, j=11:0.009, j=12:0.013, j=13:0.012, j=14:0.020, j=15:0.011, j=16:0.012, j=17:0.030, j=18:0.022, j=19:0.033, j=20:0.063, j=21:0.168, j=22:0.148, j=23:0.288
      i=24 -> j=0:0.018, j=1:0.016, j=2:0.017, j=3:0.021, j=4:0.024, j=5:0.017, j=6:0.015, j=7:0.014, j=8:0.018, j=9:0.019, j=10:0.013, j=11:0.011, j=12:0.015, j=13:0.012, j=14:0.019, j=15:0.011, j=16:0.013, j=17:0.032, j=18:0.022, j=19:0.027, j=20:0.039, j=21:0.081, j=22:0.076, j=23:0.168, j=24:0.282
      i=25 -> j=0:0.014, j=1:0.012, j=2:0.013, j=3:0.015, j=4:0.018, j=5:0.014, j=6:0.012, j=7:0.011, j=8:0.014, j=9:0.014, j=10:0.010, j=11:0.009, j=12:0.013, j=13:0.010, j=14:0.014, j=15:0.008, j=16:0.009, j=17:0.023, j=18:0.017, j=19:0.019, j=20:0.023, j=21:0.036, j=22:0.029, j=23:0.061, j=24:0.127, j=25:0.458
      i=26 -> j=0:0.015, j=1:0.014, j=2:0.014, j=3:0.017, j=4:0.019, j=5:0.015, j=6:0.014, j=7:0.012, j=8:0.015, j=9:0.016, j=10:0.011, j=11:0.010, j=12:0.015, j=13:0.011, j=14:0.015, j=15:0.008, j=16:0.009, j=17:0.021, j=18:0.017, j=19:0.020, j=20:0.023, j=21:0.029, j=22:0.019, j=23:0.032, j=24:0.066, j=25:0.277, j=26:0.265
      i=27 -> j=0:0.015, j=1:0.014, j=2:0.014, j=3:0.016, j=4:0.019, j=5:0.015, j=6:0.014, j=7:0.013, j=8:0.016, j=9:0.016, j=10:0.011, j=11:0.009, j=12:0.014, j=13:0.012, j=14:0.016, j=15:0.008, j=16:0.008, j=17:0.018, j=18:0.015, j=19:0.018, j=20:0.021, j=21:0.026, j=22:0.015, j=23:0.019, j=24:0.033, j=25:0.138, j=26:0.165, j=27:0.305
      i=28 -> j=0:0.016, j=1:0.014, j=2:0.015, j=3:0.018, j=4:0.020, j=5:0.015, j=6:0.014, j=7:0.013, j=8:0.017, j=9:0.017, j=10:0.012, j=11:0.010, j=12:0.015, j=13:0.012, j=14:0.018, j=15:0.009, j=16:0.009, j=17:0.017, j=18:0.013, j=19:0.016, j=20:0.021, j=21:0.026, j=22:0.014, j=23:0.015, j=24:0.020, j=25:0.071, j=26:0.088, j=27:0.202, j=28:0.254
      i=29 -> j=0:0.014, j=1:0.013, j=2:0.014, j=3:0.016, j=4:0.019, j=5:0.014, j=6:0.013, j=7:0.012, j=8:0.016, j=9:0.016, j=10:0.011, j=11:0.009, j=12:0.014, j=13:0.011, j=14:0.017, j=15:0.009, j=16:0.009, j=17:0.017, j=18:0.012, j=19:0.013, j=20:0.017, j=21:0.022, j=22:0.013, j=23:0.013, j=24:0.015, j=25:0.038, j=26:0.040, j=27:0.088, j=28:0.132, j=29:0.354
      i=30 -> j=0:0.016, j=1:0.014, j=2:0.015, j=3:0.018, j=4:0.021, j=5:0.016, j=6:0.014, j=7:0.013, j=8:0.017, j=9:0.018, j=10:0.013, j=11:0.011, j=12:0.016, j=13:0.013, j=14:0.018, j=15:0.011, j=16:0.010, j=17:0.019, j=18:0.013, j=19:0.014, j=20:0.016, j=21:0.021, j=22:0.013, j=23:0.014, j=24:0.015, j=25:0.030, j=26:0.026, j=27:0.046, j=28:0.068, j=29:0.218, j=30:0.232
      i=31 -> j=0:0.015, j=1:0.014, j=2:0.014, j=3:0.017, j=4:0.020, j=5:0.016, j=6:0.014, j=7:0.013, j=8:0.016, j=9:0.017, j=10:0.013, j=11:0.011, j=12:0.016, j=13:0.013, j=14:0.017, j=15:0.010, j=16:0.010, j=17:0.020, j=18:0.014, j=19:0.014, j=20:0.015, j=21:0.018, j=22:0.011, j=23:0.013, j=24:0.014, j=25:0.027, j=26:0.019, j=27:0.027, j=28:0.033, j=29:0.104, j=30:0.136, j=31:0.288
    Average attention per distance:
      d=0:0.400, d=1:0.229, d=2:0.112, d=3:0.054, d=4:0.031, d=5:0.024, d=6:0.022, d=7:0.021
      d=8:0.019, d=9:0.017, d=10:0.015, d=11:0.014, d=12:0.014, d=13:0.014, d=14:0.015, d=15:0.014
      d=16:0.014, d=17:0.014, d=18:0.014, d=19:0.015, d=20:0.015, d=21:0.015, d=22:0.016, d=23:0.015
      d=24:0.015, d=25:0.015, d=26:0.016, d=27:0.016, d=28:0.015, d=29:0.014, d=30:0.015, d=31:0.015


======================================================================
QK Property Verification (Raw Scores, before Softmax)
======================================================================
Recurrence order init_len=2, num test sequences=1

--- [P1] Long-distance Orthogonality Verification ---
Ideal: raw_score mean ≈ 0 and small std when d > init_len

  Layer 0, Head 0:
    d= 1 (effective): mean= 10.701, std= 0.183, n=31
    d= 2 (effective): mean=  8.648, std= 0.152, n=30
    d>2 (long-distance): mean= -0.930, std= 1.951, n=435

  Layer 1, Head 0:
    d= 1 (effective): mean=  6.969, std= 0.324, n=31
    d= 2 (effective): mean=  9.870, std= 0.465, n=30
    d>2 (long-distance): mean= -1.402, std= 3.444, n=435

  Layer 2, Head 0:
    d= 1 (effective): mean=  2.982, std= 0.339, n=31
    d= 2 (effective): mean=  1.898, std= 0.391, n=30
    d>2 (long-distance): mean= -1.347, std= 0.975, n=435

  Layer 3, Head 0:
    d= 1 (effective): mean=  2.334, std= 0.355, n=31
    d= 2 (effective): mean=  1.637, std= 0.360, n=30
    d>2 (long-distance): mean=  0.049, std= 0.377, n=435

--- [P2] Time-homogeneous Verification ---
Ideal: CV of raw_score across positions i ≈ 0 for fixed distance d
(CV = std / |mean|, smaller = more constant)

  Layer 0, Head 0:
    d= 1: mean= 10.701, std= 0.183, CV=0.017, n=31
    d= 2: mean=  8.648, std= 0.152, CV=0.018, n=30

  Layer 1, Head 0:
    d= 1: mean=  6.969, std= 0.324, CV=0.046, n=31
    d= 2: mean=  9.870, std= 0.465, CV=0.047, n=30

  Layer 2, Head 0:
    d= 1: mean=  2.982, std= 0.339, CV=0.114, n=31
    d= 2: mean=  1.898, std= 0.391, CV=0.206, n=30

  Layer 3, Head 0:
    d= 1: mean=  2.334, std= 0.355, CV=0.152, n=31
    d= 2: mean=  1.637, std= 0.360, CV=0.220, n=30

======================================================================
QK Property Verification Completed
======================================================================
