=== Experiment: mixed_basic_d512l1_r16_t32_c0.5 ===
Time: 2026-06-17T18:16:06.818899
Task type: mixed_ab
Merged config: {
  "P": 53,
  "TASK": "mixed_ab",
  "NUM_MASK": 2,
  "A": 1,
  "B": 1,
  "AB_PAIRS": [
    [
      1,
      1
    ],
    [
      1,
      2
    ]
  ],
  "D_MODEL": 512,
  "N_HEAD": 1,
  "N_LAYER": 1,
  "BATCH_SIZE": 128,
  "EPOCHS": 10000,
  "LR": 0.0003,
  "SAVE_PATH": "models/mixed_basic_d512l1_r16_t32_c0.5.pth",
  "USE_GREEDY_GENERATE": true,
  "USE_LEARNABLE_PE": false,
  "MLP_RATIO": 16,
  "TRAIN_LEN": 32,
  "OOD_LEN": 64,
  "DROPOUT": 0.0,
  "TARGET_INIT_COVERAGE": 0.5,
  "MAX_UNIQUE_RATIO": 0.5,
  "WEIGHT_DECAY": 1,
  "ENTROPY_PENALTY_WEIGHT": 0.0,
  "FIRST_TASK_WEIGHT": 1.0,
  "RANDOM_SEED": 42,
  "EVAL_INTERVAL": 20,
  "EARLY_STOP_NO_IMPROVE": 2000,
  "EARLY_STOP_ACCURACY": 0.99,
  "USE_AB_TAG": false,
  "USE_CONDITIONAL_WTE": false,
  "COND_WTE_SHARED_RATIO": 0.0
}
--- output ---
Using device: cuda

[Dataset] Mixed mode: generated 2810 + 2808 samples, length 32
AB parameter pairs: [(1, 1), (1, 2)]
--------------------------------------------------
[Model config] block_size: 64, train length: 32
[Number theory] AB parameter pairs: [(1, 1), (1, 2)]


Model parameters: 9.61M

Start training...
Epoch   0 | Train: Loss=3.8323 Acc=14.3% | Test: Acc=0.6% | Best=0.6%(@0)
  from x3: 0.01 0.01 0.01 0.00 0.00 0.00 0.00 0.00 0.01 0.01 0.01 0.01 0.01 0.01 0.01 0.01 0.01 0.01 0.01 0.01 0.01 0.01 0.01 0.01 0.01 0.01 0.01 0.01 0.00
  per-rule acc: 0.01 0.00
Epoch  20 | Train: Loss=0.0374 Acc=99.4% | Test: Acc=2.2% | Best=2.2%(@20)
  from x3: 0.03 0.02 0.02 0.02 0.03 0.02 0.02 0.02 0.02 0.02 0.02 0.02 0.02 0.02 0.02 0.02 0.02 0.02 0.02 0.02 0.02 0.02 0.02 0.02 0.02 0.02 0.02 0.02 0.02
  per-rule acc: 0.03 0.02
Epoch  40 | Train: Loss=0.0130 Acc=99.7% | Test: Acc=2.1% | Best=2.2%(@20)
  from x3: 0.03 0.02 0.02 0.02 0.02 0.02 0.02 0.02 0.02 0.02 0.02 0.02 0.02 0.02 0.02 0.02 0.02 0.02 0.02 0.02 0.02 0.02 0.02 0.02 0.02 0.02 0.02 0.02 0.02
  per-rule acc: 0.02 0.02
Epoch  60 | Train: Loss=0.0168 Acc=99.7% | Test: Acc=1.9% | Best=2.2%(@20)
  from x3: 0.02 0.02 0.02 0.02 0.02 0.02 0.02 0.02 0.02 0.02 0.02 0.02 0.02 0.02 0.02 0.02 0.02 0.02 0.02 0.02 0.02 0.02 0.02 0.02 0.02 0.02 0.02 0.02 0.02
  per-rule acc: 0.02 0.02
Epoch  80 | Train: Loss=0.0088 Acc=99.9% | Test: Acc=1.6% | Best=2.2%(@20)
  from x3: 0.02 0.02 0.02 0.02 0.02 0.02 0.02 0.02 0.02 0.02 0.02 0.02 0.02 0.02 0.02 0.02 0.02 0.02 0.02 0.02 0.02 0.02 0.02 0.02 0.02 0.02 0.02 0.02 0.02
  per-rule acc: 0.01 0.02
Epoch 100 | Train: Loss=0.0057 Acc=99.9% | Test: Acc=1.7% | Best=2.2%(@20)
  from x3: 0.02 0.02 0.02 0.02 0.02 0.02 0.02 0.02 0.02 0.02 0.02 0.02 0.02 0.02 0.02 0.02 0.02 0.02 0.02 0.02 0.02 0.02 0.02 0.02 0.02 0.02 0.02 0.02 0.02
  per-rule acc: 0.02 0.02
Epoch 120 | Train: Loss=0.0045 Acc=99.9% | Test: Acc=1.7% | Best=2.2%(@20)
  from x3: 0.02 0.02 0.02 0.02 0.02 0.02 0.02 0.02 0.02 0.02 0.02 0.02 0.02 0.02 0.02 0.02 0.02 0.02 0.02 0.02 0.02 0.02 0.02 0.02 0.02 0.02 0.02 0.02 0.02
  per-rule acc: 0.02 0.02
Epoch 140 | Train: Loss=0.0040 Acc=100.0% | Test: Acc=1.8% | Best=2.2%(@20)
  from x3: 0.02 0.02 0.02 0.02 0.02 0.02 0.02 0.02 0.02 0.02 0.02 0.02 0.02 0.02 0.02 0.02 0.02 0.02 0.02 0.02 0.02 0.02 0.02 0.02 0.02 0.02 0.02 0.02 0.02
  per-rule acc: 0.02 0.02
Epoch 160 | Train: Loss=0.0282 Acc=99.8% | Test: Acc=1.8% | Best=2.2%(@20)
  from x3: 0.02 0.02 0.02 0.02 0.02 0.02 0.02 0.02 0.02 0.02 0.02 0.02 0.02 0.02 0.02 0.02 0.02 0.02 0.02 0.02 0.02 0.02 0.02 0.02 0.02 0.02 0.02 0.02 0.02
  per-rule acc: 0.02 0.02
Epoch 180 | Train: Loss=0.0079 Acc=99.9% | Test: Acc=1.7% | Best=2.2%(@20)
  from x3: 0.02 0.02 0.02 0.02 0.02 0.02 0.02 0.02 0.02 0.02 0.02 0.02 0.02 0.02 0.02 0.02 0.02 0.02 0.02 0.02 0.02 0.02 0.02 0.02 0.02 0.02 0.02 0.02 0.02
  per-rule acc: 0.02 0.02
Epoch 200 | Train: Loss=0.0036 Acc=99.9% | Test: Acc=1.9% | Best=2.2%(@20)
  from x3: 0.02 0.02 0.02 0.02 0.02 0.02 0.02 0.02 0.02 0.02 0.02 0.02 0.02 0.02 0.02 0.02 0.02 0.02 0.02 0.02 0.02 0.02 0.02 0.02 0.02 0.02 0.02 0.02 0.02
  per-rule acc: 0.02 0.02
Epoch 220 | Train: Loss=0.0120 Acc=99.9% | Test: Acc=2.1% | Best=2.2%(@20)
  from x3: 0.02 0.02 0.02 0.02 0.02 0.02 0.02 0.02 0.02 0.02 0.02 0.02 0.02 0.02 0.02 0.02 0.02 0.02 0.02 0.02 0.02 0.02 0.02 0.02 0.02 0.02 0.02 0.02 0.02
  per-rule acc: 0.02 0.02
Epoch 240 | Train: Loss=0.0061 Acc=99.9% | Test: Acc=1.7% | Best=2.2%(@20)
  from x3: 0.02 0.02 0.02 0.02 0.02 0.02 0.02 0.02 0.02 0.02 0.02 0.02 0.02 0.02 0.02 0.02 0.02 0.02 0.02 0.02 0.02 0.02 0.02 0.02 0.02 0.02 0.02 0.02 0.02
  per-rule acc: 0.01 0.02
Epoch 260 | Train: Loss=0.0038 Acc=99.9% | Test: Acc=2.2% | Best=2.2%(@20)
  from x3: 0.03 0.02 0.02 0.02 0.02 0.02 0.02 0.02 0.02 0.02 0.02 0.02 0.02 0.02 0.02 0.02 0.02 0.02 0.02 0.02 0.02 0.02 0.02 0.02 0.02 0.02 0.02 0.02 0.02
  per-rule acc: 0.02 0.02
Epoch 280 | Train: Loss=0.0431 Acc=99.9% | Test: Acc=2.2% | Best=2.2%(@280)
  from x3: 0.02 0.02 0.03 0.02 0.02 0.02 0.02 0.02 0.02 0.02 0.02 0.02 0.02 0.02 0.02 0.02 0.02 0.02 0.02 0.02 0.02 0.02 0.02 0.02 0.02 0.02 0.02 0.02 0.02
  per-rule acc: 0.02 0.02
Epoch 300 | Train: Loss=0.0042 Acc=99.9% | Test: Acc=2.2% | Best=2.2%(@280)
  from x3: 0.02 0.02 0.03 0.02 0.02 0.02 0.02 0.02 0.02 0.02 0.02 0.02 0.02 0.02 0.02 0.02 0.02 0.02 0.02 0.02 0.02 0.02 0.02 0.02 0.02 0.02 0.02 0.02 0.02
  per-rule acc: 0.02 0.02
Epoch 320 | Train: Loss=0.0033 Acc=100.0% | Test: Acc=2.3% | Best=2.3%(@320)
  from x3: 0.03 0.03 0.02 0.02 0.02 0.02 0.02 0.02 0.02 0.02 0.02 0.02 0.02 0.02 0.02 0.02 0.02 0.02 0.02 0.02 0.02 0.02 0.02 0.02 0.02 0.02 0.02 0.02 0.02
  per-rule acc: 0.02 0.02
Epoch 340 | Train: Loss=0.0057 Acc=99.9% | Test: Acc=2.5% | Best=2.5%(@340)
  from x3: 0.03 0.03 0.03 0.03 0.02 0.02 0.03 0.02 0.02 0.02 0.02 0.02 0.02 0.02 0.02 0.02 0.02 0.02 0.02 0.02 0.02 0.02 0.02 0.02 0.02 0.02 0.02 0.02 0.02
  per-rule acc: 0.02 0.03
Epoch 360 | Train: Loss=0.0032 Acc=99.9% | Test: Acc=2.5% | Best=2.5%(@360)
  from x3: 0.04 0.03 0.03 0.03 0.03 0.03 0.02 0.02 0.02 0.02 0.02 0.02 0.02 0.02 0.02 0.02 0.02 0.02 0.02 0.02 0.02 0.02 0.02 0.02 0.02 0.02 0.02 0.02 0.02
  per-rule acc: 0.02 0.03
Epoch 380 | Train: Loss=0.0437 Acc=99.9% | Test: Acc=2.8% | Best=2.8%(@380)
  from x3: 0.03 0.03 0.03 0.03 0.03 0.03 0.03 0.03 0.03 0.03 0.03 0.03 0.03 0.03 0.03 0.03 0.03 0.03 0.03 0.03 0.03 0.03 0.03 0.03 0.03 0.03 0.03 0.03 0.03
  per-rule acc: 0.03 0.03
Epoch 400 | Train: Loss=0.0044 Acc=99.9% | Test: Acc=2.7% | Best=2.8%(@380)
  from x3: 0.03 0.03 0.03 0.03 0.03 0.03 0.03 0.03 0.03 0.03 0.03 0.03 0.03 0.03 0.03 0.03 0.03 0.03 0.03 0.03 0.03 0.03 0.03 0.03 0.03 0.03 0.03 0.03 0.03
  per-rule acc: 0.03 0.03
Epoch 420 | Train: Loss=0.0032 Acc=99.9% | Test: Acc=2.9% | Best=2.9%(@420)
  from x3: 0.03 0.03 0.03 0.03 0.03 0.03 0.03 0.03 0.03 0.03 0.03 0.03 0.03 0.03 0.03 0.03 0.03 0.03 0.03 0.03 0.03 0.03 0.03 0.03 0.03 0.03 0.03 0.03 0.03
  per-rule acc: 0.03 0.03
Epoch 440 | Train: Loss=0.0066 Acc=99.9% | Test: Acc=2.9% | Best=2.9%(@440)
  from x3: 0.04 0.04 0.03 0.03 0.03 0.03 0.03 0.03 0.03 0.03 0.03 0.03 0.03 0.03 0.03 0.03 0.03 0.03 0.03 0.03 0.03 0.03 0.03 0.03 0.03 0.03 0.03 0.03 0.03
  per-rule acc: 0.03 0.03
Epoch 460 | Train: Loss=0.0588 Acc=99.9% | Test: Acc=2.7% | Best=2.9%(@440)
  from x3: 0.04 0.03 0.03 0.03 0.03 0.03 0.03 0.03 0.03 0.03 0.03 0.03 0.03 0.03 0.03 0.03 0.03 0.03 0.03 0.03 0.03 0.03 0.03 0.03 0.03 0.03 0.02 0.03 0.03
  per-rule acc: 0.03 0.03
Epoch 480 | Train: Loss=0.0046 Acc=99.9% | Test: Acc=3.0% | Best=3.0%(@480)
  from x3: 0.03 0.03 0.03 0.03 0.03 0.03 0.03 0.03 0.03 0.03 0.03 0.03 0.03 0.03 0.03 0.03 0.03 0.03 0.03 0.03 0.03 0.03 0.03 0.03 0.03 0.03 0.03 0.03 0.03
  per-rule acc: 0.03 0.03
Epoch 500 | Train: Loss=0.0796 Acc=99.9% | Test: Acc=3.0% | Best=3.0%(@500)
  from x3: 0.04 0.04 0.04 0.03 0.03 0.03 0.03 0.03 0.03 0.03 0.03 0.03 0.03 0.03 0.03 0.03 0.03 0.03 0.03 0.03 0.03 0.03 0.03 0.03 0.03 0.03 0.03 0.03 0.03
  per-rule acc: 0.03 0.03
Epoch 520 | Train: Loss=0.0053 Acc=99.9% | Test: Acc=3.1% | Best=3.1%(@520)
  from x3: 0.03 0.03 0.03 0.03 0.03 0.03 0.03 0.03 0.03 0.03 0.03 0.03 0.03 0.03 0.03 0.03 0.03 0.03 0.03 0.03 0.03 0.03 0.03 0.03 0.03 0.03 0.03 0.03 0.03
  per-rule acc: 0.03 0.03
Epoch 540 | Train: Loss=0.0078 Acc=99.9% | Test: Acc=3.4% | Best=3.4%(@540)
  from x3: 0.04 0.04 0.04 0.03 0.03 0.03 0.03 0.03 0.03 0.03 0.03 0.03 0.03 0.03 0.03 0.03 0.03 0.03 0.03 0.03 0.03 0.03 0.03 0.03 0.03 0.03 0.03 0.03 0.03
  per-rule acc: 0.04 0.03
Epoch 560 | Train: Loss=0.0657 Acc=99.8% | Test: Acc=3.1% | Best=3.4%(@540)
  from x3: 0.04 0.04 0.04 0.03 0.03 0.03 0.03 0.03 0.03 0.03 0.03 0.03 0.03 0.03 0.03 0.03 0.03 0.03 0.03 0.03 0.03 0.03 0.03 0.03 0.03 0.03 0.03 0.03 0.03
  per-rule acc: 0.03 0.03
Epoch 580 | Train: Loss=0.0044 Acc=99.9% | Test: Acc=3.3% | Best=3.4%(@540)
  from x3: 0.04 0.04 0.03 0.03 0.03 0.03 0.03 0.03 0.03 0.03 0.03 0.03 0.03 0.03 0.03 0.03 0.03 0.03 0.03 0.03 0.03 0.03 0.03 0.03 0.03 0.03 0.03 0.03 0.03
  per-rule acc: 0.03 0.03
Epoch 600 | Train: Loss=0.0025 Acc=100.0% | Test: Acc=3.6% | Best=3.6%(@600)
  from x3: 0.04 0.04 0.04 0.04 0.04 0.04 0.03 0.04 0.04 0.04 0.04 0.04 0.04 0.04 0.04 0.04 0.04 0.04 0.04 0.04 0.04 0.04 0.04 0.04 0.04 0.04 0.04 0.04 0.04
  per-rule acc: 0.04 0.03
Epoch 620 | Train: Loss=0.0529 Acc=99.9% | Test: Acc=3.3% | Best=3.6%(@600)
  from x3: 0.04 0.04 0.04 0.03 0.03 0.03 0.03 0.03 0.03 0.03 0.03 0.03 0.03 0.03 0.03 0.03 0.03 0.03 0.03 0.03 0.03 0.03 0.03 0.03 0.03 0.03 0.03 0.03 0.03
  per-rule acc: 0.03 0.03
Epoch 640 | Train: Loss=0.0050 Acc=99.9% | Test: Acc=3.3% | Best=3.6%(@600)
  from x3: 0.03 0.04 0.03 0.03 0.03 0.03 0.03 0.03 0.03 0.03 0.03 0.03 0.03 0.03 0.03 0.03 0.03 0.03 0.03 0.03 0.03 0.03 0.03 0.03 0.03 0.03 0.03 0.03 0.03
  per-rule acc: 0.04 0.03
Epoch 660 | Train: Loss=0.0036 Acc=99.9% | Test: Acc=3.9% | Best=3.9%(@660)
  from x3: 0.05 0.04 0.04 0.04 0.04 0.04 0.04 0.04 0.04 0.04 0.04 0.04 0.04 0.04 0.04 0.04 0.04 0.04 0.04 0.04 0.04 0.04 0.04 0.04 0.04 0.04 0.04 0.04 0.04
  per-rule acc: 0.04 0.03
Epoch 680 | Train: Loss=0.0038 Acc=99.9% | Test: Acc=3.2% | Best=3.9%(@660)
  from x3: 0.03 0.04 0.03 0.03 0.03 0.03 0.03 0.03 0.03 0.03 0.03 0.03 0.03 0.03 0.03 0.03 0.03 0.03 0.03 0.03 0.03 0.03 0.03 0.03 0.03 0.03 0.03 0.03 0.03
  per-rule acc: 0.03 0.03
Epoch 700 | Train: Loss=0.0030 Acc=100.0% | Test: Acc=3.6% | Best=3.9%(@660)
  from x3: 0.04 0.04 0.04 0.04 0.04 0.04 0.04 0.04 0.04 0.04 0.04 0.04 0.04 0.04 0.04 0.04 0.04 0.04 0.04 0.04 0.04 0.04 0.04 0.04 0.04 0.04 0.04 0.04 0.04
  per-rule acc: 0.04 0.03
Epoch 720 | Train: Loss=0.0047 Acc=99.9% | Test: Acc=3.4% | Best=3.9%(@660)
  from x3: 0.03 0.04 0.03 0.03 0.03 0.03 0.03 0.03 0.03 0.03 0.03 0.03 0.03 0.03 0.03 0.03 0.03 0.03 0.03 0.03 0.03 0.03 0.03 0.03 0.03 0.03 0.03 0.03 0.03
  per-rule acc: 0.03 0.04
Epoch 740 | Train: Loss=0.0035 Acc=100.0% | Test: Acc=3.6% | Best=3.9%(@660)
  from x3: 0.04 0.04 0.04 0.04 0.04 0.04 0.04 0.04 0.04 0.04 0.04 0.04 0.04 0.04 0.04 0.04 0.04 0.04 0.04 0.04 0.04 0.04 0.04 0.04 0.04 0.04 0.04 0.04 0.04
  per-rule acc: 0.03 0.04
Epoch 760 | Train: Loss=0.0033 Acc=99.9% | Test: Acc=3.7% | Best=3.9%(@660)
  from x3: 0.04 0.04 0.04 0.04 0.04 0.04 0.04 0.04 0.04 0.04 0.04 0.04 0.04 0.04 0.04 0.04 0.04 0.04 0.04 0.04 0.04 0.04 0.04 0.04 0.04 0.04 0.04 0.04 0.04
  per-rule acc: 0.04 0.04
Epoch 780 | Train: Loss=0.0045 Acc=99.9% | Test: Acc=3.5% | Best=3.9%(@660)
  from x3: 0.03 0.03 0.03 0.03 0.03 0.03 0.03 0.03 0.03 0.03 0.03 0.03 0.04 0.04 0.04 0.03 0.03 0.03 0.03 0.03 0.03 0.03 0.03 0.03 0.03 0.03 0.03 0.03 0.04
  per-rule acc: 0.03 0.04
Epoch 800 | Train: Loss=0.0024 Acc=100.0% | Test: Acc=3.8% | Best=3.9%(@660)
  from x3: 0.04 0.04 0.04 0.04 0.04 0.04 0.04 0.04 0.04 0.04 0.04 0.04 0.04 0.04 0.04 0.04 0.04 0.04 0.04 0.04 0.04 0.04 0.04 0.04 0.04 0.04 0.04 0.04 0.04
  per-rule acc: 0.04 0.03
Epoch 820 | Train: Loss=0.0034 Acc=100.0% | Test: Acc=3.4% | Best=3.9%(@660)
  from x3: 0.03 0.04 0.03 0.03 0.03 0.03 0.03 0.03 0.03 0.03 0.03 0.03 0.03 0.03 0.03 0.03 0.03 0.03 0.03 0.03 0.03 0.03 0.03 0.03 0.03 0.03 0.03 0.03 0.03
  per-rule acc: 0.03 0.03
Epoch 840 | Train: Loss=0.0027 Acc=100.0% | Test: Acc=3.7% | Best=3.9%(@660)
  from x3: 0.04 0.04 0.04 0.04 0.04 0.04 0.04 0.04 0.04 0.04 0.04 0.04 0.04 0.04 0.04 0.04 0.04 0.04 0.04 0.04 0.04 0.04 0.04 0.04 0.04 0.04 0.04 0.04 0.04
  per-rule acc: 0.04 0.04
Epoch 860 | Train: Loss=0.0022 Acc=100.0% | Test: Acc=4.1% | Best=4.1%(@860)
  from x3: 0.04 0.04 0.04 0.04 0.04 0.04 0.04 0.04 0.04 0.04 0.04 0.04 0.04 0.04 0.04 0.04 0.04 0.04 0.04 0.04 0.04 0.04 0.04 0.04 0.04 0.04 0.04 0.04 0.04
  per-rule acc: 0.04 0.04
Epoch 880 | Train: Loss=0.0035 Acc=100.0% | Test: Acc=3.6% | Best=4.1%(@860)
  from x3: 0.03 0.04 0.04 0.04 0.04 0.04 0.04 0.04 0.04 0.04 0.04 0.04 0.04 0.04 0.04 0.04 0.04 0.04 0.04 0.04 0.04 0.04 0.04 0.04 0.04 0.04 0.04 0.04 0.04
  per-rule acc: 0.04 0.04
Epoch 900 | Train: Loss=0.0024 Acc=100.0% | Test: Acc=3.9% | Best=4.1%(@860)
  from x3: 0.04 0.04 0.04 0.04 0.04 0.04 0.04 0.04 0.04 0.04 0.04 0.04 0.04 0.04 0.04 0.04 0.04 0.04 0.04 0.04 0.04 0.04 0.04 0.04 0.04 0.04 0.04 0.04 0.04
  per-rule acc: 0.04 0.04
Epoch 920 | Train: Loss=0.0518 Acc=99.8% | Test: Acc=4.1% | Best=4.1%(@860)
  from x3: 0.04 0.04 0.04 0.04 0.04 0.04 0.04 0.04 0.04 0.04 0.04 0.04 0.04 0.04 0.04 0.04 0.04 0.04 0.04 0.04 0.04 0.04 0.04 0.04 0.04 0.04 0.04 0.04 0.04
  per-rule acc: 0.03 0.05
Epoch 940 | Train: Loss=0.0033 Acc=99.9% | Test: Acc=3.8% | Best=4.1%(@860)
  from x3: 0.04 0.04 0.04 0.04 0.04 0.04 0.04 0.04 0.04 0.04 0.04 0.04 0.04 0.04 0.04 0.04 0.04 0.04 0.04 0.04 0.04 0.04 0.04 0.04 0.04 0.04 0.04 0.04 0.04
  per-rule acc: 0.04 0.04
Epoch 960 | Train: Loss=0.0028 Acc=100.0% | Test: Acc=4.5% | Best=4.5%(@960)
  from x3: 0.04 0.05 0.05 0.05 0.05 0.05 0.05 0.05 0.05 0.05 0.05 0.05 0.05 0.05 0.05 0.05 0.05 0.05 0.05 0.05 0.05 0.05 0.04 0.04 0.04 0.04 0.04 0.04 0.04
  per-rule acc: 0.05 0.04
Epoch 980 | Train: Loss=0.0146 Acc=99.9% | Test: Acc=4.5% | Best=4.5%(@960)
  from x3: 0.05 0.05 0.04 0.04 0.05 0.04 0.05 0.05 0.05 0.05 0.05 0.05 0.05 0.05 0.04 0.04 0.04 0.05 0.04 0.04 0.04 0.04 0.04 0.04 0.04 0.04 0.04 0.04 0.04
  per-rule acc: 0.05 0.04
Epoch 1000 | Train: Loss=0.0054 Acc=99.9% | Test: Acc=3.8% | Best=4.5%(@960)
  from x3: 0.04 0.04 0.04 0.04 0.04 0.04 0.04 0.04 0.04 0.04 0.04 0.04 0.04 0.04 0.04 0.04 0.04 0.04 0.04 0.04 0.04 0.04 0.04 0.04 0.04 0.04 0.04 0.04 0.04
  per-rule acc: 0.04 0.04
Epoch 1020 | Train: Loss=0.0039 Acc=99.9% | Test: Acc=4.0% | Best=4.5%(@960)
  from x3: 0.04 0.04 0.04 0.04 0.04 0.04 0.04 0.04 0.04 0.04 0.04 0.04 0.04 0.04 0.04 0.04 0.04 0.04 0.04 0.04 0.04 0.04 0.04 0.04 0.04 0.04 0.04 0.04 0.04
  per-rule acc: 0.04 0.04
Epoch 1040 | Train: Loss=0.0039 Acc=100.0% | Test: Acc=3.7% | Best=4.5%(@960)
  from x3: 0.04 0.04 0.04 0.04 0.04 0.04 0.04 0.04 0.04 0.04 0.04 0.04 0.04 0.04 0.04 0.04 0.04 0.04 0.04 0.04 0.04 0.04 0.04 0.04 0.04 0.04 0.04 0.04 0.04
  per-rule acc: 0.04 0.04
Epoch 1060 | Train: Loss=0.0027 Acc=100.0% | Test: Acc=4.2% | Best=4.5%(@960)
  from x3: 0.04 0.04 0.04 0.04 0.04 0.04 0.04 0.04 0.04 0.04 0.04 0.04 0.04 0.04 0.04 0.04 0.04 0.04 0.04 0.04 0.04 0.04 0.04 0.04 0.04 0.04 0.04 0.04 0.04
  per-rule acc: 0.04 0.04
Epoch 1080 | Train: Loss=0.0021 Acc=100.0% | Test: Acc=4.5% | Best=4.5%(@960)
  from x3: 0.04 0.04 0.05 0.05 0.04 0.04 0.05 0.04 0.04 0.04 0.05 0.05 0.05 0.05 0.05 0.05 0.05 0.05 0.05 0.05 0.05 0.05 0.04 0.04 0.05 0.05 0.05 0.04 0.04
  per-rule acc: 0.05 0.04
Epoch 1100 | Train: Loss=0.0300 Acc=99.9% | Test: Acc=4.3% | Best=4.5%(@960)
  from x3: 0.05 0.05 0.05 0.05 0.04 0.04 0.04 0.04 0.04 0.04 0.04 0.04 0.04 0.04 0.04 0.04 0.04 0.04 0.04 0.04 0.04 0.04 0.04 0.04 0.04 0.04 0.04 0.04 0.04
  per-rule acc: 0.04 0.04
Epoch 1120 | Train: Loss=0.0346 Acc=99.8% | Test: Acc=4.1% | Best=4.5%(@960)
  from x3: 0.05 0.04 0.04 0.04 0.04 0.04 0.04 0.04 0.04 0.04 0.04 0.04 0.04 0.04 0.04 0.04 0.04 0.04 0.04 0.04 0.04 0.04 0.04 0.04 0.04 0.04 0.04 0.04 0.04
  per-rule acc: 0.04 0.04
Epoch 1140 | Train: Loss=0.0088 Acc=100.0% | Test: Acc=4.2% | Best=4.5%(@960)
  from x3: 0.05 0.04 0.04 0.04 0.04 0.04 0.04 0.04 0.04 0.04 0.04 0.04 0.04 0.04 0.04 0.04 0.04 0.04 0.04 0.04 0.04 0.04 0.04 0.04 0.04 0.04 0.04 0.04 0.04
  per-rule acc: 0.04 0.04
Epoch 1160 | Train: Loss=0.0043 Acc=100.0% | Test: Acc=3.7% | Best=4.5%(@960)
  from x3: 0.03 0.04 0.04 0.04 0.04 0.04 0.04 0.04 0.04 0.04 0.04 0.04 0.04 0.04 0.04 0.04 0.04 0.04 0.04 0.04 0.04 0.04 0.04 0.04 0.04 0.04 0.04 0.04 0.04
  per-rule acc: 0.04 0.04
Epoch 1180 | Train: Loss=0.0027 Acc=100.0% | Test: Acc=4.0% | Best=4.5%(@960)
  from x3: 0.04 0.04 0.04 0.04 0.04 0.04 0.04 0.04 0.04 0.04 0.04 0.04 0.04 0.04 0.04 0.04 0.04 0.04 0.04 0.04 0.04 0.04 0.04 0.04 0.04 0.04 0.04 0.04 0.04
  per-rule acc: 0.04 0.04
Epoch 1200 | Train: Loss=0.0178 Acc=99.9% | Test: Acc=4.5% | Best=4.5%(@960)
  from x3: 0.04 0.05 0.04 0.04 0.04 0.04 0.04 0.04 0.04 0.04 0.04 0.04 0.04 0.04 0.04 0.04 0.04 0.04 0.04 0.04 0.04 0.04 0.04 0.04 0.04 0.04 0.04 0.04 0.04
  per-rule acc: 0.04 0.04
Epoch 1220 | Train: Loss=0.0023 Acc=100.0% | Test: Acc=4.2% | Best=4.5%(@960)
  from x3: 0.05 0.04 0.04 0.04 0.04 0.04 0.04 0.04 0.04 0.04 0.04 0.04 0.04 0.04 0.04 0.04 0.04 0.04 0.04 0.04 0.04 0.04 0.04 0.04 0.04 0.04 0.04 0.04 0.04
  per-rule acc: 0.05 0.04
Epoch 1240 | Train: Loss=0.0497 Acc=99.9% | Test: Acc=4.5% | Best=4.5%(@960)
  from x3: 0.04 0.04 0.04 0.04 0.04 0.04 0.05 0.04 0.05 0.05 0.05 0.04 0.04 0.04 0.04 0.04 0.04 0.04 0.04 0.04 0.05 0.05 0.04 0.05 0.04 0.04 0.04 0.04 0.04
  per-rule acc: 0.04 0.04
Epoch 1260 | Train: Loss=0.0046 Acc=100.0% | Test: Acc=4.0% | Best=4.5%(@960)
  from x3: 0.04 0.04 0.04 0.04 0.04 0.04 0.04 0.04 0.04 0.04 0.04 0.04 0.04 0.04 0.04 0.04 0.04 0.04 0.04 0.04 0.04 0.04 0.04 0.04 0.04 0.04 0.04 0.04 0.04
  per-rule acc: 0.04 0.04
Epoch 1280 | Train: Loss=0.0020 Acc=100.0% | Test: Acc=4.5% | Best=4.5%(@960)
  from x3: 0.05 0.05 0.05 0.05 0.04 0.04 0.04 0.04 0.04 0.04 0.04 0.04 0.04 0.04 0.04 0.04 0.04 0.04 0.04 0.04 0.04 0.04 0.04 0.04 0.05 0.05 0.05 0.04 0.04
  per-rule acc: 0.05 0.04
Epoch 1300 | Train: Loss=0.0084 Acc=99.8% | Test: Acc=3.7% | Best=4.5%(@960)
  from x3: 0.03 0.04 0.04 0.04 0.04 0.04 0.04 0.04 0.04 0.04 0.04 0.04 0.04 0.04 0.04 0.04 0.04 0.04 0.04 0.04 0.04 0.04 0.04 0.04 0.04 0.04 0.04 0.04 0.04
  per-rule acc: 0.04 0.04
Epoch 1320 | Train: Loss=0.0026 Acc=100.0% | Test: Acc=4.0% | Best=4.5%(@960)
  from x3: 0.04 0.04 0.04 0.04 0.04 0.04 0.04 0.04 0.04 0.04 0.04 0.04 0.04 0.04 0.04 0.04 0.04 0.04 0.04 0.04 0.04 0.04 0.04 0.04 0.04 0.04 0.04 0.04 0.04
  per-rule acc: 0.04 0.04
Epoch 1340 | Train: Loss=0.0030 Acc=100.0% | Test: Acc=4.2% | Best=4.5%(@960)
  from x3: 0.04 0.04 0.04 0.04 0.04 0.04 0.04 0.04 0.04 0.04 0.04 0.04 0.04 0.04 0.04 0.04 0.04 0.04 0.04 0.04 0.04 0.04 0.04 0.04 0.04 0.04 0.04 0.04 0.04
  per-rule acc: 0.04 0.04
Epoch 1360 | Train: Loss=0.0028 Acc=99.9% | Test: Acc=4.7% | Best=4.7%(@1360)
  from x3: 0.05 0.05 0.05 0.05 0.05 0.05 0.05 0.05 0.05 0.05 0.05 0.05 0.05 0.05 0.05 0.05 0.05 0.05 0.05 0.05 0.05 0.05 0.05 0.05 0.05 0.05 0.05 0.05 0.05
  per-rule acc: 0.05 0.04
Epoch 1380 | Train: Loss=0.0384 Acc=99.9% | Test: Acc=3.9% | Best=4.7%(@1360)
  from x3: 0.04 0.04 0.04 0.04 0.04 0.04 0.04 0.04 0.04 0.04 0.04 0.04 0.04 0.04 0.04 0.04 0.04 0.04 0.04 0.04 0.04 0.04 0.04 0.04 0.04 0.04 0.04 0.04 0.04
  per-rule acc: 0.03 0.04
Epoch 1400 | Train: Loss=0.0056 Acc=99.9% | Test: Acc=3.8% | Best=4.7%(@1360)
  from x3: 0.04 0.04 0.04 0.04 0.04 0.04 0.04 0.04 0.04 0.04 0.04 0.04 0.04 0.04 0.04 0.04 0.04 0.04 0.04 0.04 0.04 0.04 0.04 0.04 0.04 0.04 0.04 0.04 0.04
  per-rule acc: 0.04 0.04
Epoch 1420 | Train: Loss=0.0207 Acc=99.9% | Test: Acc=4.3% | Best=4.7%(@1360)
  from x3: 0.05 0.05 0.05 0.04 0.04 0.04 0.04 0.04 0.04 0.04 0.04 0.04 0.04 0.04 0.04 0.04 0.04 0.04 0.04 0.04 0.04 0.04 0.04 0.04 0.04 0.04 0.04 0.04 0.04
  per-rule acc: 0.05 0.04
Epoch 1440 | Train: Loss=0.0037 Acc=100.0% | Test: Acc=4.1% | Best=4.7%(@1360)
  from x3: 0.04 0.04 0.04 0.04 0.04 0.04 0.04 0.04 0.04 0.04 0.04 0.04 0.04 0.04 0.04 0.04 0.04 0.04 0.04 0.04 0.04 0.04 0.04 0.04 0.04 0.04 0.04 0.04 0.04
  per-rule acc: 0.04 0.04
Epoch 1460 | Train: Loss=0.0027 Acc=100.0% | Test: Acc=4.4% | Best=4.7%(@1360)
  from x3: 0.05 0.04 0.05 0.04 0.04 0.04 0.04 0.04 0.04 0.04 0.04 0.04 0.04 0.04 0.04 0.04 0.04 0.04 0.04 0.04 0.04 0.04 0.04 0.04 0.04 0.04 0.04 0.04 0.04
  per-rule acc: 0.05 0.04
Epoch 1480 | Train: Loss=0.0106 Acc=99.9% | Test: Acc=3.8% | Best=4.7%(@1360)
  from x3: 0.04 0.04 0.04 0.04 0.04 0.04 0.04 0.04 0.04 0.04 0.04 0.04 0.04 0.04 0.04 0.04 0.04 0.04 0.04 0.04 0.04 0.04 0.04 0.04 0.04 0.04 0.04 0.04 0.04
  per-rule acc: 0.04 0.04
Epoch 1500 | Train: Loss=0.0033 Acc=100.0% | Test: Acc=4.5% | Best=4.7%(@1360)
  from x3: 0.04 0.04 0.04 0.04 0.05 0.04 0.05 0.04 0.04 0.04 0.04 0.04 0.04 0.04 0.04 0.04 0.04 0.04 0.04 0.04 0.04 0.04 0.04 0.04 0.04 0.04 0.04 0.04 0.04
  per-rule acc: 0.04 0.04
Epoch 1520 | Train: Loss=0.0278 Acc=99.9% | Test: Acc=4.7% | Best=4.7%(@1520)
  from x3: 0.05 0.05 0.05 0.05 0.05 0.05 0.05 0.05 0.05 0.05 0.05 0.05 0.05 0.05 0.05 0.05 0.05 0.05 0.05 0.05 0.05 0.05 0.05 0.05 0.05 0.05 0.05 0.05 0.05
  per-rule acc: 0.05 0.05
Epoch 1540 | Train: Loss=0.0034 Acc=100.0% | Test: Acc=4.0% | Best=4.7%(@1520)
  from x3: 0.04 0.04 0.04 0.04 0.04 0.04 0.04 0.04 0.04 0.04 0.04 0.04 0.04 0.04 0.04 0.04 0.04 0.04 0.04 0.04 0.04 0.04 0.04 0.04 0.04 0.04 0.04 0.04 0.04
  per-rule acc: 0.04 0.04
Epoch 1560 | Train: Loss=0.0027 Acc=100.0% | Test: Acc=4.2% | Best=4.7%(@1520)
  from x3: 0.05 0.04 0.04 0.04 0.04 0.04 0.04 0.04 0.04 0.04 0.04 0.04 0.04 0.04 0.04 0.04 0.04 0.04 0.04 0.04 0.04 0.04 0.04 0.04 0.04 0.04 0.04 0.04 0.04
  per-rule acc: 0.04 0.04
Epoch 1580 | Train: Loss=0.0022 Acc=100.0% | Test: Acc=4.5% | Best=4.7%(@1520)
  from x3: 0.05 0.05 0.05 0.05 0.05 0.05 0.05 0.05 0.05 0.04 0.04 0.04 0.04 0.05 0.05 0.05 0.05 0.05 0.05 0.05 0.05 0.05 0.05 0.05 0.05 0.05 0.05 0.05 0.05
  per-rule acc: 0.05 0.04
Epoch 1600 | Train: Loss=0.0385 Acc=99.8% | Test: Acc=4.6% | Best=4.7%(@1520)
  from x3: 0.04 0.05 0.05 0.05 0.05 0.05 0.05 0.05 0.05 0.05 0.05 0.05 0.05 0.05 0.05 0.05 0.05 0.05 0.05 0.05 0.05 0.05 0.05 0.05 0.05 0.05 0.05 0.05 0.05
  per-rule acc: 0.04 0.05
Epoch 1620 | Train: Loss=0.0028 Acc=100.0% | Test: Acc=4.3% | Best=4.7%(@1520)
  from x3: 0.05 0.04 0.05 0.04 0.04 0.04 0.04 0.04 0.04 0.04 0.04 0.04 0.04 0.04 0.04 0.04 0.04 0.04 0.04 0.04 0.04 0.04 0.04 0.04 0.04 0.04 0.04 0.04 0.04
  per-rule acc: 0.05 0.04
Epoch 1640 | Train: Loss=0.0235 Acc=99.9% | Test: Acc=4.4% | Best=4.7%(@1520)
  from x3: 0.05 0.05 0.05 0.04 0.04 0.04 0.04 0.04 0.04 0.04 0.04 0.04 0.04 0.04 0.04 0.04 0.04 0.04 0.04 0.04 0.04 0.04 0.04 0.04 0.04 0.04 0.04 0.04 0.04
  per-rule acc: 0.04 0.05
Epoch 1660 | Train: Loss=0.0039 Acc=99.9% | Test: Acc=3.7% | Best=4.7%(@1520)
  from x3: 0.04 0.04 0.04 0.04 0.04 0.04 0.04 0.04 0.04 0.04 0.04 0.04 0.04 0.04 0.04 0.04 0.04 0.04 0.04 0.04 0.04 0.04 0.04 0.04 0.04 0.04 0.04 0.04 0.04
  per-rule acc: 0.04 0.04
Epoch 1680 | Train: Loss=0.0021 Acc=100.0% | Test: Acc=4.7% | Best=4.7%(@1520)
  from x3: 0.05 0.05 0.05 0.05 0.05 0.05 0.05 0.05 0.05 0.05 0.05 0.05 0.05 0.05 0.05 0.05 0.05 0.05 0.05 0.05 0.05 0.05 0.05 0.05 0.05 0.05 0.05 0.05 0.05
  per-rule acc: 0.05 0.04
Epoch 1700 | Train: Loss=0.0030 Acc=100.0% | Test: Acc=4.2% | Best=4.7%(@1520)
  from x3: 0.04 0.04 0.04 0.04 0.04 0.04 0.04 0.04 0.04 0.04 0.04 0.04 0.04 0.04 0.04 0.04 0.04 0.04 0.04 0.04 0.04 0.04 0.04 0.04 0.04 0.04 0.04 0.04 0.04
  per-rule acc: 0.05 0.04
Epoch 1720 | Train: Loss=0.0023 Acc=100.0% | Test: Acc=4.4% | Best=4.7%(@1520)
  from x3: 0.05 0.05 0.05 0.04 0.04 0.04 0.04 0.04 0.04 0.04 0.04 0.04 0.04 0.04 0.04 0.04 0.04 0.04 0.04 0.04 0.04 0.04 0.04 0.04 0.04 0.04 0.04 0.04 0.04
  per-rule acc: 0.05 0.04
Epoch 1740 | Train: Loss=0.0050 Acc=100.0% | Test: Acc=3.8% | Best=4.7%(@1520)
  from x3: 0.04 0.04 0.04 0.04 0.04 0.04 0.04 0.04 0.04 0.04 0.04 0.04 0.04 0.04 0.04 0.04 0.04 0.04 0.04 0.04 0.04 0.04 0.04 0.04 0.04 0.04 0.04 0.04 0.04
  per-rule acc: 0.04 0.04
Epoch 1760 | Train: Loss=0.0023 Acc=100.0% | Test: Acc=5.0% | Best=5.0%(@1760)
  from x3: 0.05 0.05 0.05 0.05 0.05 0.05 0.05 0.05 0.05 0.05 0.05 0.05 0.05 0.05 0.05 0.05 0.05 0.05 0.05 0.05 0.05 0.05 0.05 0.05 0.05 0.05 0.05 0.05 0.05
  per-rule acc: 0.06 0.04
Epoch 1780 | Train: Loss=0.0032 Acc=100.0% | Test: Acc=4.2% | Best=5.0%(@1760)
  from x3: 0.04 0.04 0.04 0.04 0.04 0.04 0.04 0.04 0.04 0.04 0.04 0.04 0.04 0.04 0.04 0.04 0.04 0.04 0.04 0.04 0.04 0.04 0.04 0.04 0.04 0.04 0.04 0.04 0.04
  per-rule acc: 0.04 0.04
Epoch 1800 | Train: Loss=0.0039 Acc=99.9% | Test: Acc=5.1% | Best=5.1%(@1800)
  from x3: 0.05 0.05 0.05 0.05 0.05 0.05 0.05 0.05 0.05 0.05 0.05 0.05 0.05 0.05 0.05 0.05 0.05 0.05 0.05 0.05 0.05 0.05 0.05 0.05 0.05 0.05 0.05 0.05 0.05
  per-rule acc: 0.05 0.05
Epoch 1820 | Train: Loss=0.0037 Acc=100.0% | Test: Acc=4.3% | Best=5.1%(@1800)
  from x3: 0.04 0.04 0.04 0.04 0.04 0.04 0.04 0.04 0.04 0.04 0.04 0.04 0.04 0.04 0.04 0.04 0.04 0.04 0.04 0.04 0.04 0.04 0.04 0.04 0.04 0.04 0.04 0.04 0.04
  per-rule acc: 0.04 0.04
Epoch 1840 | Train: Loss=0.0034 Acc=99.9% | Test: Acc=4.7% | Best=5.1%(@1800)
  from x3: 0.05 0.05 0.05 0.05 0.05 0.05 0.05 0.05 0.05 0.05 0.05 0.05 0.05 0.05 0.05 0.05 0.05 0.05 0.05 0.05 0.05 0.05 0.05 0.05 0.05 0.05 0.05 0.05 0.05
  per-rule acc: 0.05 0.04
Epoch 1860 | Train: Loss=0.0193 Acc=100.0% | Test: Acc=5.3% | Best=5.3%(@1860)
  from x3: 0.05 0.05 0.05 0.05 0.05 0.05 0.05 0.05 0.05 0.05 0.05 0.05 0.05 0.05 0.05 0.05 0.05 0.05 0.05 0.05 0.05 0.05 0.05 0.05 0.05 0.05 0.05 0.05 0.05
  per-rule acc: 0.05 0.06
Epoch 1880 | Train: Loss=0.0057 Acc=99.9% | Test: Acc=4.3% | Best=5.3%(@1860)
  from x3: 0.04 0.04 0.04 0.04 0.04 0.04 0.04 0.04 0.04 0.04 0.04 0.04 0.04 0.04 0.04 0.04 0.04 0.04 0.04 0.04 0.04 0.04 0.04 0.04 0.04 0.04 0.04 0.04 0.04
  per-rule acc: 0.04 0.04
Epoch 1900 | Train: Loss=0.0026 Acc=100.0% | Test: Acc=4.7% | Best=5.3%(@1860)
  from x3: 0.05 0.05 0.05 0.05 0.05 0.05 0.05 0.05 0.05 0.05 0.05 0.05 0.05 0.05 0.05 0.05 0.05 0.05 0.05 0.05 0.05 0.05 0.05 0.05 0.05 0.05 0.05 0.05 0.05
  per-rule acc: 0.05 0.04
Epoch 1920 | Train: Loss=0.0054 Acc=99.9% | Test: Acc=3.7% | Best=5.3%(@1860)
  from x3: 0.03 0.04 0.04 0.04 0.04 0.04 0.04 0.04 0.04 0.04 0.04 0.04 0.04 0.04 0.04 0.04 0.04 0.04 0.04 0.04 0.04 0.04 0.04 0.04 0.04 0.04 0.04 0.04 0.04
  per-rule acc: 0.04 0.03
Epoch 1940 | Train: Loss=0.0035 Acc=99.9% | Test: Acc=4.5% | Best=5.3%(@1860)
  from x3: 0.04 0.05 0.05 0.05 0.05 0.04 0.04 0.04 0.04 0.04 0.04 0.04 0.04 0.04 0.04 0.04 0.04 0.04 0.04 0.04 0.04 0.04 0.04 0.04 0.04 0.04 0.04 0.04 0.04
  per-rule acc: 0.05 0.04
Epoch 1960 | Train: Loss=0.0052 Acc=100.0% | Test: Acc=5.2% | Best=5.3%(@1860)
  from x3: 0.05 0.05 0.05 0.05 0.05 0.05 0.05 0.05 0.05 0.05 0.05 0.05 0.05 0.05 0.05 0.05 0.05 0.05 0.05 0.05 0.05 0.05 0.05 0.05 0.05 0.05 0.05 0.05 0.05
  per-rule acc: 0.05 0.05
Epoch 1980 | Train: Loss=0.0142 Acc=99.8% | Test: Acc=4.4% | Best=5.3%(@1860)
  from x3: 0.04 0.04 0.04 0.04 0.04 0.04 0.04 0.04 0.04 0.04 0.04 0.04 0.04 0.04 0.04 0.04 0.04 0.04 0.04 0.04 0.04 0.04 0.04 0.04 0.04 0.04 0.04 0.04 0.04
  per-rule acc: 0.04 0.04
Epoch 2000 | Train: Loss=0.0023 Acc=100.0% | Test: Acc=4.8% | Best=5.3%(@1860)
  from x3: 0.05 0.05 0.05 0.05 0.05 0.05 0.05 0.05 0.05 0.05 0.05 0.05 0.05 0.05 0.05 0.05 0.05 0.05 0.05 0.05 0.05 0.05 0.05 0.05 0.05 0.05 0.05 0.05 0.05
  per-rule acc: 0.05 0.04
Epoch 2020 | Train: Loss=0.0054 Acc=99.9% | Test: Acc=4.2% | Best=5.3%(@1860)
  from x3: 0.04 0.04 0.04 0.04 0.04 0.04 0.04 0.04 0.04 0.04 0.04 0.04 0.04 0.04 0.04 0.04 0.04 0.04 0.04 0.04 0.04 0.04 0.04 0.04 0.04 0.04 0.04 0.04 0.04
  per-rule acc: 0.04 0.04
Epoch 2040 | Train: Loss=0.0029 Acc=100.0% | Test: Acc=4.9% | Best=5.3%(@1860)
  from x3: 0.05 0.05 0.05 0.05 0.05 0.05 0.05 0.05 0.05 0.05 0.05 0.05 0.05 0.05 0.05 0.05 0.05 0.05 0.05 0.05 0.05 0.05 0.05 0.05 0.05 0.05 0.05 0.05 0.05
  per-rule acc: 0.05 0.04
Epoch 2060 | Train: Loss=0.0036 Acc=100.0% | Test: Acc=4.5% | Best=5.3%(@1860)
  from x3: 0.04 0.05 0.05 0.05 0.05 0.04 0.04 0.04 0.04 0.04 0.04 0.04 0.04 0.04 0.04 0.04 0.04 0.04 0.04 0.04 0.04 0.04 0.04 0.04 0.04 0.04 0.04 0.04 0.04
  per-rule acc: 0.05 0.04
Epoch 2080 | Train: Loss=0.0043 Acc=100.0% | Test: Acc=5.1% | Best=5.3%(@1860)
  from x3: 0.06 0.05 0.05 0.05 0.05 0.05 0.05 0.05 0.05 0.05 0.05 0.05 0.05 0.05 0.05 0.05 0.05 0.05 0.05 0.05 0.05 0.05 0.05 0.05 0.05 0.05 0.05 0.05 0.05
  per-rule acc: 0.05 0.05
Epoch 2100 | Train: Loss=0.0034 Acc=100.0% | Test: Acc=4.5% | Best=5.3%(@1860)
  from x3: 0.05 0.04 0.05 0.05 0.05 0.04 0.04 0.04 0.04 0.04 0.04 0.04 0.04 0.04 0.04 0.04 0.04 0.04 0.04 0.04 0.04 0.04 0.04 0.04 0.04 0.04 0.04 0.04 0.04
  per-rule acc: 0.05 0.04
Epoch 2120 | Train: Loss=0.0029 Acc=100.0% | Test: Acc=5.4% | Best=5.4%(@2120)
  from x3: 0.05 0.05 0.05 0.05 0.05 0.05 0.05 0.05 0.05 0.05 0.05 0.05 0.05 0.05 0.05 0.05 0.05 0.05 0.05 0.05 0.05 0.05 0.05 0.05 0.05 0.05 0.05 0.05 0.05
  per-rule acc: 0.05 0.05
Epoch 2140 | Train: Loss=0.0057 Acc=99.9% | Test: Acc=4.0% | Best=5.4%(@2120)
  from x3: 0.04 0.04 0.04 0.04 0.04 0.04 0.04 0.04 0.04 0.04 0.04 0.04 0.04 0.04 0.04 0.04 0.04 0.04 0.04 0.04 0.04 0.04 0.04 0.04 0.04 0.04 0.04 0.04 0.04
  per-rule acc: 0.04 0.04
Epoch 2160 | Train: Loss=0.0036 Acc=100.0% | Test: Acc=4.6% | Best=5.4%(@2120)
  from x3: 0.05 0.05 0.05 0.05 0.05 0.05 0.05 0.05 0.05 0.05 0.05 0.05 0.05 0.05 0.05 0.05 0.05 0.05 0.05 0.05 0.05 0.05 0.05 0.05 0.05 0.05 0.05 0.05 0.05
  per-rule acc: 0.05 0.04
Epoch 2180 | Train: Loss=0.0022 Acc=100.0% | Test: Acc=4.9% | Best=5.4%(@2120)
  from x3: 0.05 0.05 0.05 0.05 0.05 0.05 0.05 0.05 0.05 0.05 0.05 0.05 0.05 0.05 0.05 0.05 0.05 0.05 0.05 0.05 0.05 0.05 0.05 0.05 0.05 0.05 0.05 0.05 0.05
  per-rule acc: 0.05 0.05
Epoch 2200 | Train: Loss=0.0532 Acc=99.6% | Test: Acc=4.7% | Best=5.4%(@2120)
  from x3: 0.04 0.05 0.05 0.05 0.05 0.05 0.05 0.05 0.05 0.05 0.05 0.05 0.05 0.05 0.05 0.05 0.05 0.05 0.05 0.05 0.05 0.05 0.05 0.05 0.05 0.05 0.05 0.05 0.05
  per-rule acc: 0.05 0.05
Epoch 2220 | Train: Loss=0.0029 Acc=100.0% | Test: Acc=4.6% | Best=5.4%(@2120)
  from x3: 0.05 0.05 0.05 0.05 0.05 0.05 0.05 0.05 0.05 0.05 0.05 0.05 0.05 0.05 0.05 0.05 0.05 0.05 0.05 0.05 0.05 0.05 0.05 0.05 0.05 0.05 0.05 0.05 0.05
  per-rule acc: 0.05 0.04
Epoch 2240 | Train: Loss=0.0033 Acc=99.9% | Test: Acc=4.9% | Best=5.4%(@2120)
  from x3: 0.05 0.05 0.05 0.05 0.05 0.05 0.05 0.05 0.05 0.05 0.05 0.05 0.05 0.05 0.05 0.05 0.05 0.05 0.05 0.05 0.05 0.05 0.05 0.05 0.05 0.05 0.05 0.05 0.05
  per-rule acc: 0.05 0.04
Epoch 2260 | Train: Loss=0.0035 Acc=100.0% | Test: Acc=5.1% | Best=5.4%(@2120)
  from x3: 0.06 0.05 0.05 0.05 0.05 0.05 0.05 0.05 0.05 0.05 0.05 0.05 0.05 0.05 0.05 0.05 0.05 0.05 0.05 0.05 0.05 0.05 0.05 0.05 0.05 0.05 0.05 0.05 0.05
  per-rule acc: 0.05 0.05
Epoch 2280 | Train: Loss=0.0214 Acc=100.0% | Test: Acc=4.9% | Best=5.4%(@2120)
  from x3: 0.05 0.05 0.05 0.05 0.05 0.05 0.05 0.05 0.05 0.05 0.05 0.05 0.05 0.05 0.05 0.05 0.05 0.05 0.05 0.05 0.05 0.05 0.05 0.05 0.05 0.05 0.05 0.05 0.05
  per-rule acc: 0.05 0.05
Epoch 2300 | Train: Loss=0.0043 Acc=99.9% | Test: Acc=4.4% | Best=5.4%(@2120)
  from x3: 0.05 0.05 0.04 0.04 0.04 0.04 0.04 0.04 0.04 0.04 0.04 0.04 0.04 0.04 0.04 0.04 0.04 0.04 0.04 0.04 0.04 0.04 0.04 0.04 0.04 0.04 0.04 0.04 0.04
  per-rule acc: 0.05 0.04
Epoch 2320 | Train: Loss=0.0303 Acc=99.9% | Test: Acc=5.5% | Best=5.5%(@2320)
  from x3: 0.05 0.06 0.06 0.06 0.06 0.06 0.05 0.05 0.05 0.05 0.06 0.06 0.06 0.06 0.06 0.06 0.06 0.06 0.06 0.06 0.06 0.06 0.06 0.06 0.06 0.06 0.06 0.06 0.06
  per-rule acc: 0.06 0.05
Epoch 2340 | Train: Loss=0.0031 Acc=99.9% | Test: Acc=4.7% | Best=5.5%(@2320)
  from x3: 0.05 0.05 0.05 0.05 0.05 0.05 0.05 0.05 0.05 0.05 0.05 0.05 0.05 0.05 0.05 0.05 0.05 0.05 0.05 0.05 0.05 0.05 0.05 0.05 0.05 0.05 0.05 0.05 0.05
  per-rule acc: 0.05 0.04
Epoch 2360 | Train: Loss=0.0037 Acc=100.0% | Test: Acc=4.3% | Best=5.5%(@2320)
  from x3: 0.04 0.04 0.05 0.04 0.04 0.04 0.04 0.04 0.04 0.04 0.04 0.04 0.04 0.04 0.04 0.04 0.04 0.04 0.04 0.04 0.04 0.04 0.04 0.04 0.04 0.04 0.04 0.04 0.04
  per-rule acc: 0.04 0.04
Epoch 2380 | Train: Loss=0.0028 Acc=99.9% | Test: Acc=5.0% | Best=5.5%(@2320)
  from x3: 0.05 0.05 0.05 0.05 0.05 0.05 0.05 0.05 0.05 0.05 0.05 0.05 0.05 0.05 0.05 0.05 0.05 0.05 0.05 0.05 0.05 0.05 0.05 0.05 0.05 0.05 0.05 0.05 0.05
  per-rule acc: 0.05 0.05
Epoch 2400 | Train: Loss=0.0038 Acc=100.0% | Test: Acc=4.6% | Best=5.5%(@2320)
  from x3: 0.05 0.05 0.05 0.05 0.05 0.05 0.05 0.05 0.05 0.05 0.05 0.05 0.05 0.05 0.05 0.05 0.05 0.05 0.05 0.05 0.04 0.04 0.05 0.05 0.05 0.05 0.04 0.04 0.04
  per-rule acc: 0.05 0.04
Epoch 2420 | Train: Loss=0.0032 Acc=99.9% | Test: Acc=4.9% | Best=5.5%(@2320)
  from x3: 0.05 0.05 0.05 0.05 0.05 0.05 0.05 0.05 0.05 0.05 0.05 0.05 0.05 0.05 0.05 0.05 0.05 0.05 0.05 0.05 0.05 0.05 0.05 0.05 0.05 0.05 0.05 0.05 0.05
  per-rule acc: 0.05 0.05
Epoch 2440 | Train: Loss=0.0102 Acc=99.9% | Test: Acc=5.2% | Best=5.5%(@2320)
  from x3: 0.05 0.06 0.05 0.05 0.05 0.05 0.05 0.05 0.05 0.05 0.05 0.05 0.05 0.05 0.05 0.05 0.05 0.05 0.05 0.05 0.05 0.05 0.05 0.05 0.05 0.05 0.05 0.05 0.05
  per-rule acc: 0.05 0.05
Epoch 2460 | Train: Loss=0.0040 Acc=100.0% | Test: Acc=4.4% | Best=5.5%(@2320)
  from x3: 0.05 0.05 0.04 0.04 0.04 0.04 0.04 0.04 0.04 0.04 0.04 0.04 0.04 0.04 0.04 0.04 0.04 0.04 0.04 0.04 0.04 0.04 0.04 0.04 0.04 0.04 0.04 0.04 0.04
  per-rule acc: 0.04 0.04
Epoch 2480 | Train: Loss=0.0317 Acc=99.9% | Test: Acc=4.8% | Best=5.5%(@2320)
  from x3: 0.05 0.05 0.05 0.05 0.05 0.05 0.05 0.05 0.05 0.05 0.05 0.05 0.05 0.05 0.05 0.05 0.05 0.05 0.05 0.05 0.05 0.05 0.05 0.05 0.05 0.05 0.05 0.05 0.05
  per-rule acc: 0.04 0.05
Epoch 2500 | Train: Loss=0.0031 Acc=100.0% | Test: Acc=4.6% | Best=5.5%(@2320)
  from x3: 0.05 0.05 0.05 0.05 0.05 0.05 0.05 0.05 0.05 0.05 0.05 0.05 0.05 0.05 0.05 0.05 0.05 0.05 0.05 0.05 0.05 0.05 0.05 0.05 0.05 0.05 0.05 0.05 0.05
  per-rule acc: 0.05 0.05
Epoch 2520 | Train: Loss=0.0469 Acc=99.9% | Test: Acc=4.7% | Best=5.5%(@2320)
  from x3: 0.05 0.05 0.05 0.05 0.05 0.05 0.05 0.05 0.05 0.05 0.05 0.05 0.05 0.05 0.05 0.05 0.05 0.05 0.05 0.05 0.05 0.05 0.05 0.05 0.05 0.05 0.05 0.05 0.05
  per-rule acc: 0.05 0.05
Epoch 2540 | Train: Loss=0.0024 Acc=100.0% | Test: Acc=5.0% | Best=5.5%(@2320)
  from x3: 0.05 0.05 0.05 0.05 0.05 0.05 0.05 0.05 0.05 0.05 0.05 0.05 0.05 0.05 0.05 0.05 0.05 0.05 0.05 0.05 0.05 0.05 0.05 0.05 0.05 0.05 0.05 0.05 0.05
  per-rule acc: 0.06 0.04
Epoch 2560 | Train: Loss=0.0037 Acc=100.0% | Test: Acc=4.9% | Best=5.5%(@2320)
  from x3: 0.05 0.05 0.05 0.05 0.05 0.05 0.05 0.05 0.05 0.05 0.05 0.05 0.05 0.05 0.05 0.05 0.05 0.05 0.05 0.05 0.05 0.05 0.05 0.05 0.05 0.05 0.05 0.05 0.05
  per-rule acc: 0.05 0.05
Epoch 2580 | Train: Loss=0.0023 Acc=100.0% | Test: Acc=5.1% | Best=5.5%(@2320)
  from x3: 0.05 0.05 0.05 0.05 0.05 0.05 0.05 0.05 0.05 0.05 0.05 0.05 0.05 0.05 0.05 0.05 0.05 0.05 0.05 0.05 0.05 0.05 0.05 0.05 0.05 0.05 0.05 0.05 0.05
  per-rule acc: 0.06 0.05
Epoch 2600 | Train: Loss=0.0325 Acc=99.9% | Test: Acc=5.0% | Best=5.5%(@2320)
  from x3: 0.05 0.05 0.05 0.05 0.05 0.05 0.05 0.05 0.05 0.05 0.05 0.05 0.05 0.05 0.05 0.05 0.05 0.05 0.05 0.05 0.05 0.05 0.05 0.05 0.05 0.05 0.05 0.05 0.05
  per-rule acc: 0.05 0.05
Epoch 2620 | Train: Loss=0.0031 Acc=100.0% | Test: Acc=4.8% | Best=5.5%(@2320)
  from x3: 0.05 0.05 0.05 0.05 0.05 0.05 0.05 0.05 0.05 0.05 0.05 0.05 0.05 0.05 0.05 0.05 0.05 0.05 0.05 0.05 0.05 0.05 0.05 0.05 0.05 0.05 0.05 0.05 0.05
  per-rule acc: 0.05 0.05
Epoch 2640 | Train: Loss=0.0035 Acc=100.0% | Test: Acc=4.7% | Best=5.5%(@2320)
  from x3: 0.05 0.05 0.05 0.05 0.05 0.05 0.05 0.05 0.05 0.05 0.05 0.05 0.05 0.05 0.05 0.05 0.05 0.05 0.05 0.05 0.05 0.05 0.05 0.05 0.05 0.05 0.05 0.05 0.05
  per-rule acc: 0.05 0.05
Epoch 2660 | Train: Loss=0.0034 Acc=99.9% | Test: Acc=5.6% | Best=5.6%(@2660)
  from x3: 0.06 0.06 0.06 0.06 0.06 0.06 0.06 0.06 0.06 0.06 0.06 0.06 0.06 0.06 0.06 0.06 0.06 0.06 0.06 0.06 0.06 0.06 0.06 0.06 0.06 0.06 0.06 0.06 0.06
  per-rule acc: 0.06 0.05
Epoch 2680 | Train: Loss=0.0234 Acc=100.0% | Test: Acc=4.9% | Best=5.6%(@2660)
  from x3: 0.05 0.05 0.05 0.05 0.05 0.05 0.05 0.05 0.05 0.05 0.05 0.05 0.05 0.05 0.05 0.05 0.05 0.05 0.05 0.05 0.05 0.05 0.05 0.05 0.05 0.05 0.05 0.05 0.05
  per-rule acc: 0.05 0.05
Epoch 2700 | Train: Loss=0.0058 Acc=99.9% | Test: Acc=5.1% | Best=5.6%(@2660)
  from x3: 0.05 0.05 0.05 0.05 0.05 0.05 0.05 0.05 0.05 0.05 0.05 0.05 0.05 0.05 0.05 0.05 0.05 0.05 0.05 0.05 0.05 0.05 0.05 0.05 0.05 0.05 0.05 0.05 0.05
  per-rule acc: 0.05 0.05
Epoch 2720 | Train: Loss=0.0291 Acc=99.9% | Test: Acc=5.0% | Best=5.6%(@2660)
  from x3: 0.05 0.05 0.05 0.05 0.05 0.05 0.05 0.05 0.05 0.05 0.05 0.05 0.05 0.05 0.05 0.05 0.05 0.05 0.05 0.05 0.05 0.05 0.05 0.05 0.05 0.05 0.05 0.05 0.05
  per-rule acc: 0.05 0.05
Epoch 2740 | Train: Loss=0.0033 Acc=100.0% | Test: Acc=4.8% | Best=5.6%(@2660)
  from x3: 0.05 0.05 0.05 0.05 0.05 0.05 0.05 0.05 0.05 0.05 0.05 0.05 0.05 0.05 0.05 0.05 0.05 0.05 0.05 0.05 0.05 0.05 0.05 0.05 0.05 0.05 0.05 0.05 0.05
  per-rule acc: 0.05 0.05
Epoch 2760 | Train: Loss=0.0336 Acc=99.9% | Test: Acc=5.0% | Best=5.6%(@2660)
  from x3: 0.05 0.05 0.05 0.05 0.05 0.05 0.05 0.05 0.05 0.05 0.05 0.05 0.05 0.05 0.05 0.05 0.05 0.05 0.05 0.05 0.05 0.05 0.05 0.05 0.05 0.05 0.05 0.05 0.05
  per-rule acc: 0.05 0.05
Epoch 2780 | Train: Loss=0.0028 Acc=100.0% | Test: Acc=4.9% | Best=5.6%(@2660)
  from x3: 0.05 0.05 0.05 0.05 0.05 0.05 0.05 0.05 0.05 0.05 0.05 0.05 0.05 0.05 0.05 0.05 0.05 0.05 0.05 0.05 0.05 0.05 0.05 0.05 0.05 0.05 0.05 0.05 0.05
  per-rule acc: 0.05 0.04
Epoch 2800 | Train: Loss=0.0239 Acc=100.0% | Test: Acc=5.2% | Best=5.6%(@2660)
  from x3: 0.05 0.05 0.05 0.05 0.05 0.05 0.05 0.05 0.05 0.05 0.05 0.05 0.05 0.05 0.05 0.05 0.05 0.05 0.05 0.05 0.05 0.05 0.05 0.05 0.05 0.05 0.05 0.05 0.05
  per-rule acc: 0.05 0.05
Epoch 2820 | Train: Loss=0.0041 Acc=99.9% | Test: Acc=4.7% | Best=5.6%(@2660)
  from x3: 0.05 0.05 0.05 0.05 0.05 0.05 0.05 0.05 0.05 0.05 0.05 0.05 0.05 0.05 0.05 0.05 0.05 0.05 0.05 0.05 0.05 0.05 0.05 0.05 0.05 0.05 0.05 0.05 0.05
  per-rule acc: 0.05 0.04
Epoch 2840 | Train: Loss=0.0223 Acc=100.0% | Test: Acc=4.6% | Best=5.6%(@2660)
  from x3: 0.04 0.05 0.05 0.05 0.05 0.05 0.05 0.05 0.05 0.05 0.05 0.05 0.05 0.05 0.05 0.05 0.05 0.05 0.05 0.05 0.05 0.05 0.05 0.05 0.05 0.05 0.05 0.05 0.05
  per-rule acc: 0.04 0.05
Epoch 2860 | Train: Loss=0.0024 Acc=100.0% | Test: Acc=5.2% | Best=5.6%(@2660)
  from x3: 0.05 0.05 0.05 0.05 0.05 0.05 0.05 0.05 0.05 0.05 0.05 0.05 0.05 0.05 0.05 0.05 0.05 0.05 0.05 0.05 0.05 0.05 0.05 0.05 0.05 0.05 0.05 0.05 0.05
  per-rule acc: 0.05 0.05
Epoch 2880 | Train: Loss=0.0287 Acc=100.0% | Test: Acc=5.2% | Best=5.6%(@2660)
  from x3: 0.05 0.05 0.05 0.05 0.05 0.05 0.05 0.05 0.05 0.05 0.05 0.05 0.05 0.05 0.05 0.05 0.05 0.05 0.05 0.05 0.05 0.05 0.05 0.05 0.05 0.05 0.05 0.05 0.05
  per-rule acc: 0.05 0.06
Epoch 2900 | Train: Loss=0.0030 Acc=100.0% | Test: Acc=5.0% | Best=5.6%(@2660)
  from x3: 0.05 0.06 0.05 0.05 0.05 0.05 0.05 0.05 0.05 0.05 0.05 0.05 0.05 0.05 0.05 0.05 0.05 0.05 0.05 0.05 0.05 0.05 0.05 0.05 0.05 0.05 0.05 0.05 0.05
  per-rule acc: 0.05 0.05
Epoch 2920 | Train: Loss=0.0086 Acc=99.9% | Test: Acc=4.7% | Best=5.6%(@2660)
  from x3: 0.05 0.05 0.05 0.05 0.05 0.05 0.05 0.05 0.05 0.05 0.05 0.05 0.05 0.05 0.05 0.05 0.05 0.05 0.05 0.05 0.05 0.05 0.05 0.05 0.05 0.05 0.05 0.05 0.05
  per-rule acc: 0.05 0.05
Epoch 2940 | Train: Loss=0.0026 Acc=100.0% | Test: Acc=5.2% | Best=5.6%(@2660)
  from x3: 0.05 0.05 0.05 0.05 0.05 0.05 0.05 0.05 0.05 0.05 0.05 0.05 0.05 0.05 0.05 0.05 0.05 0.05 0.05 0.05 0.05 0.05 0.05 0.05 0.05 0.05 0.05 0.05 0.05
  per-rule acc: 0.06 0.05
Epoch 2960 | Train: Loss=0.0283 Acc=100.0% | Test: Acc=4.9% | Best=5.6%(@2660)
  from x3: 0.05 0.05 0.05 0.05 0.05 0.05 0.05 0.05 0.05 0.05 0.05 0.05 0.05 0.05 0.05 0.05 0.05 0.05 0.05 0.05 0.05 0.05 0.05 0.05 0.05 0.05 0.05 0.05 0.05
  per-rule acc: 0.05 0.05
Epoch 2980 | Train: Loss=0.0030 Acc=100.0% | Test: Acc=4.7% | Best=5.6%(@2660)
  from x3: 0.05 0.05 0.05 0.05 0.05 0.05 0.05 0.05 0.05 0.05 0.05 0.05 0.05 0.05 0.05 0.05 0.05 0.05 0.05 0.05 0.05 0.05 0.05 0.05 0.05 0.05 0.05 0.05 0.05
  per-rule acc: 0.05 0.05
Epoch 3000 | Train: Loss=0.0052 Acc=99.9% | Test: Acc=4.8% | Best=5.6%(@2660)
  from x3: 0.05 0.05 0.05 0.05 0.05 0.05 0.05 0.05 0.05 0.05 0.05 0.05 0.05 0.05 0.05 0.05 0.05 0.05 0.05 0.05 0.05 0.05 0.05 0.05 0.05 0.05 0.05 0.05 0.05
  per-rule acc: 0.05 0.05
Epoch 3020 | Train: Loss=0.0044 Acc=100.0% | Test: Acc=4.5% | Best=5.6%(@2660)
  from x3: 0.05 0.05 0.05 0.05 0.05 0.05 0.05 0.05 0.05 0.04 0.04 0.04 0.04 0.04 0.04 0.04 0.04 0.04 0.04 0.04 0.04 0.04 0.04 0.04 0.04 0.04 0.04 0.05 0.05
  per-rule acc: 0.05 0.05
Epoch 3040 | Train: Loss=0.0088 Acc=99.9% | Test: Acc=5.5% | Best=5.6%(@2660)
  from x3: 0.06 0.06 0.06 0.05 0.05 0.06 0.06 0.06 0.06 0.06 0.06 0.06 0.06 0.06 0.06 0.06 0.06 0.06 0.05 0.05 0.05 0.05 0.05 0.05 0.05 0.05 0.05 0.05 0.05
  per-rule acc: 0.06 0.05
Epoch 3060 | Train: Loss=0.0044 Acc=99.9% | Test: Acc=4.8% | Best=5.6%(@2660)
  from x3: 0.05 0.05 0.05 0.05 0.05 0.05 0.05 0.05 0.05 0.05 0.05 0.05 0.05 0.05 0.05 0.05 0.05 0.05 0.05 0.05 0.05 0.05 0.05 0.05 0.05 0.05 0.05 0.05 0.05
  per-rule acc: 0.05 0.05
Epoch 3080 | Train: Loss=0.0028 Acc=100.0% | Test: Acc=4.8% | Best=5.6%(@2660)
  from x3: 0.05 0.05 0.05 0.05 0.05 0.05 0.05 0.05 0.05 0.05 0.05 0.05 0.05 0.05 0.05 0.05 0.05 0.05 0.05 0.05 0.05 0.05 0.05 0.05 0.05 0.05 0.05 0.05 0.05
  per-rule acc: 0.05 0.04
Epoch 3100 | Train: Loss=0.0035 Acc=100.0% | Test: Acc=4.8% | Best=5.6%(@2660)
  from x3: 0.05 0.05 0.05 0.05 0.05 0.05 0.05 0.05 0.05 0.05 0.05 0.05 0.05 0.05 0.05 0.05 0.05 0.05 0.05 0.05 0.05 0.05 0.05 0.05 0.05 0.05 0.05 0.05 0.05
  per-rule acc: 0.05 0.05
Epoch 3120 | Train: Loss=0.0031 Acc=100.0% | Test: Acc=5.6% | Best=5.6%(@2660)
  from x3: 0.06 0.06 0.06 0.06 0.06 0.06 0.05 0.05 0.05 0.06 0.06 0.06 0.06 0.06 0.06 0.06 0.06 0.06 0.06 0.06 0.06 0.06 0.06 0.06 0.06 0.06 0.06 0.05 0.06
  per-rule acc: 0.06 0.05
Epoch 3140 | Train: Loss=0.0038 Acc=100.0% | Test: Acc=4.9% | Best=5.6%(@2660)
  from x3: 0.05 0.05 0.05 0.05 0.05 0.05 0.05 0.05 0.05 0.05 0.05 0.05 0.05 0.05 0.05 0.05 0.05 0.05 0.05 0.05 0.05 0.05 0.05 0.05 0.05 0.05 0.05 0.05 0.05
  per-rule acc: 0.05 0.05
Epoch 3160 | Train: Loss=0.0027 Acc=100.0% | Test: Acc=5.2% | Best=5.6%(@2660)
  from x3: 0.05 0.05 0.05 0.05 0.05 0.05 0.05 0.05 0.05 0.05 0.05 0.05 0.05 0.05 0.05 0.05 0.05 0.05 0.05 0.05 0.05 0.05 0.05 0.05 0.05 0.05 0.05 0.05 0.05
  per-rule acc: 0.06 0.05
Epoch 3180 | Train: Loss=0.0029 Acc=100.0% | Test: Acc=4.8% | Best=5.6%(@2660)
  from x3: 0.05 0.05 0.05 0.05 0.05 0.05 0.05 0.05 0.05 0.05 0.05 0.05 0.05 0.05 0.05 0.05 0.05 0.05 0.05 0.05 0.05 0.05 0.05 0.05 0.05 0.05 0.05 0.05 0.05
  per-rule acc: 0.05 0.05
Epoch 3200 | Train: Loss=0.0133 Acc=99.9% | Test: Acc=5.4% | Best=5.6%(@2660)
  from x3: 0.06 0.06 0.06 0.05 0.05 0.05 0.05 0.05 0.05 0.05 0.05 0.05 0.05 0.05 0.05 0.05 0.05 0.05 0.05 0.05 0.05 0.05 0.05 0.05 0.05 0.05 0.05 0.05 0.05
  per-rule acc: 0.06 0.05
Epoch 3220 | Train: Loss=0.0031 Acc=100.0% | Test: Acc=5.2% | Best=5.6%(@2660)
  from x3: 0.05 0.05 0.05 0.05 0.05 0.05 0.05 0.05 0.05 0.05 0.05 0.05 0.05 0.05 0.05 0.05 0.05 0.05 0.05 0.05 0.05 0.05 0.05 0.05 0.05 0.05 0.05 0.05 0.05
  per-rule acc: 0.06 0.05
Epoch 3240 | Train: Loss=0.0032 Acc=100.0% | Test: Acc=4.8% | Best=5.6%(@2660)
  from x3: 0.04 0.05 0.05 0.05 0.05 0.05 0.05 0.05 0.05 0.05 0.05 0.05 0.05 0.05 0.05 0.05 0.05 0.05 0.05 0.05 0.05 0.05 0.05 0.05 0.05 0.05 0.05 0.05 0.05
  per-rule acc: 0.05 0.05
Epoch 3260 | Train: Loss=0.0027 Acc=100.0% | Test: Acc=5.4% | Best=5.6%(@2660)
  from x3: 0.06 0.06 0.05 0.05 0.05 0.05 0.05 0.05 0.05 0.05 0.05 0.05 0.05 0.05 0.05 0.05 0.05 0.05 0.05 0.05 0.05 0.05 0.05 0.05 0.05 0.05 0.05 0.05 0.05
  per-rule acc: 0.06 0.05
Epoch 3280 | Train: Loss=0.0032 Acc=100.0% | Test: Acc=4.8% | Best=5.6%(@2660)
  from x3: 0.05 0.05 0.05 0.05 0.05 0.05 0.05 0.05 0.05 0.05 0.05 0.05 0.05 0.05 0.05 0.05 0.05 0.05 0.05 0.05 0.05 0.05 0.05 0.05 0.05 0.05 0.05 0.05 0.05
  per-rule acc: 0.05 0.05
Epoch 3300 | Train: Loss=0.0029 Acc=100.0% | Test: Acc=5.4% | Best=5.6%(@2660)
  from x3: 0.05 0.05 0.05 0.05 0.05 0.05 0.05 0.05 0.05 0.05 0.05 0.05 0.05 0.05 0.05 0.05 0.05 0.05 0.05 0.05 0.05 0.05 0.05 0.05 0.05 0.05 0.05 0.05 0.05
  per-rule acc: 0.06 0.05
Epoch 3320 | Train: Loss=0.0030 Acc=100.0% | Test: Acc=4.7% | Best=5.6%(@2660)
  from x3: 0.05 0.05 0.05 0.05 0.05 0.05 0.05 0.05 0.05 0.05 0.05 0.05 0.05 0.05 0.05 0.05 0.05 0.05 0.05 0.05 0.05 0.05 0.05 0.05 0.05 0.05 0.05 0.05 0.05
  per-rule acc: 0.05 0.04
Epoch 3340 | Train: Loss=0.0171 Acc=99.9% | Test: Acc=5.0% | Best=5.6%(@2660)
  from x3: 0.06 0.05 0.05 0.05 0.05 0.05 0.05 0.05 0.05 0.05 0.05 0.05 0.05 0.05 0.05 0.05 0.05 0.05 0.05 0.05 0.05 0.05 0.05 0.05 0.05 0.05 0.05 0.05 0.05
  per-rule acc: 0.05 0.05
Epoch 3360 | Train: Loss=0.0032 Acc=99.9% | Test: Acc=5.1% | Best=5.6%(@2660)
  from x3: 0.06 0.05 0.05 0.05 0.05 0.05 0.05 0.05 0.05 0.05 0.05 0.05 0.05 0.05 0.05 0.05 0.05 0.05 0.05 0.05 0.05 0.05 0.05 0.05 0.05 0.05 0.05 0.05 0.05
  per-rule acc: 0.05 0.05
Epoch 3380 | Train: Loss=0.0028 Acc=100.0% | Test: Acc=5.2% | Best=5.6%(@2660)
  from x3: 0.06 0.06 0.05 0.05 0.05 0.05 0.05 0.05 0.05 0.05 0.05 0.05 0.05 0.05 0.05 0.05 0.05 0.05 0.05 0.05 0.05 0.05 0.05 0.05 0.05 0.05 0.05 0.05 0.05
  per-rule acc: 0.06 0.04
Epoch 3400 | Train: Loss=0.0038 Acc=100.0% | Test: Acc=4.5% | Best=5.6%(@2660)
  from x3: 0.04 0.05 0.04 0.04 0.04 0.04 0.04 0.04 0.04 0.04 0.04 0.04 0.04 0.04 0.04 0.04 0.04 0.04 0.04 0.04 0.04 0.04 0.04 0.04 0.04 0.04 0.04 0.05 0.04
  per-rule acc: 0.05 0.04
Epoch 3420 | Train: Loss=0.0025 Acc=100.0% | Test: Acc=5.3% | Best=5.6%(@2660)
  from x3: 0.06 0.05 0.05 0.05 0.05 0.05 0.05 0.05 0.05 0.05 0.05 0.05 0.05 0.05 0.05 0.05 0.05 0.05 0.05 0.05 0.05 0.05 0.05 0.05 0.05 0.05 0.05 0.05 0.05
  per-rule acc: 0.06 0.05
Epoch 3440 | Train: Loss=0.0056 Acc=99.9% | Test: Acc=4.9% | Best=5.6%(@2660)
  from x3: 0.05 0.05 0.05 0.05 0.05 0.05 0.05 0.05 0.05 0.05 0.05 0.05 0.05 0.05 0.05 0.05 0.05 0.05 0.05 0.05 0.05 0.05 0.05 0.05 0.05 0.05 0.05 0.05 0.05
  per-rule acc: 0.05 0.05
Epoch 3460 | Train: Loss=0.0319 Acc=99.9% | Test: Acc=4.8% | Best=5.6%(@2660)
  from x3: 0.05 0.05 0.05 0.05 0.05 0.05 0.05 0.05 0.05 0.05 0.05 0.05 0.05 0.05 0.05 0.05 0.05 0.05 0.05 0.05 0.05 0.05 0.05 0.05 0.05 0.05 0.05 0.05 0.05
  per-rule acc: 0.04 0.05
Epoch 3480 | Train: Loss=0.0032 Acc=100.0% | Test: Acc=4.9% | Best=5.6%(@2660)
  from x3: 0.05 0.05 0.05 0.05 0.05 0.05 0.05 0.05 0.05 0.05 0.05 0.05 0.05 0.05 0.05 0.05 0.05 0.05 0.05 0.05 0.05 0.05 0.05 0.05 0.05 0.05 0.05 0.05 0.05
  per-rule acc: 0.05 0.04
Epoch 3500 | Train: Loss=0.0053 Acc=99.9% | Test: Acc=4.9% | Best=5.6%(@2660)
  from x3: 0.05 0.05 0.05 0.05 0.05 0.05 0.05 0.05 0.05 0.05 0.05 0.05 0.05 0.05 0.05 0.05 0.05 0.05 0.05 0.05 0.05 0.05 0.05 0.05 0.05 0.05 0.05 0.05 0.05
  per-rule acc: 0.05 0.05
Epoch 3520 | Train: Loss=0.0021 Acc=100.0% | Test: Acc=5.2% | Best=5.6%(@2660)
  from x3: 0.05 0.06 0.05 0.05 0.05 0.05 0.05 0.05 0.05 0.05 0.05 0.05 0.05 0.05 0.05 0.05 0.05 0.05 0.05 0.05 0.05 0.05 0.05 0.05 0.05 0.05 0.05 0.05 0.05
  per-rule acc: 0.06 0.04
Epoch 3540 | Train: Loss=0.0067 Acc=99.9% | Test: Acc=5.1% | Best=5.6%(@2660)
  from x3: 0.05 0.05 0.05 0.05 0.05 0.05 0.05 0.05 0.05 0.05 0.05 0.05 0.05 0.05 0.05 0.05 0.05 0.05 0.05 0.05 0.05 0.05 0.05 0.05 0.05 0.05 0.05 0.05 0.05
  per-rule acc: 0.05 0.05
Epoch 3560 | Train: Loss=0.0189 Acc=100.0% | Test: Acc=5.5% | Best=5.6%(@2660)
  from x3: 0.06 0.05 0.06 0.06 0.06 0.05 0.05 0.05 0.05 0.05 0.05 0.05 0.05 0.05 0.05 0.05 0.05 0.05 0.05 0.05 0.05 0.05 0.05 0.05 0.05 0.05 0.05 0.05 0.05
  per-rule acc: 0.05 0.06
Epoch 3580 | Train: Loss=0.0028 Acc=100.0% | Test: Acc=5.3% | Best=5.6%(@2660)
  from x3: 0.05 0.05 0.05 0.05 0.05 0.05 0.05 0.05 0.05 0.05 0.05 0.05 0.05 0.05 0.05 0.05 0.05 0.05 0.05 0.05 0.05 0.05 0.05 0.05 0.05 0.05 0.05 0.05 0.05
  per-rule acc: 0.06 0.05
Epoch 3600 | Train: Loss=0.0037 Acc=100.0% | Test: Acc=4.6% | Best=5.6%(@2660)
  from x3: 0.05 0.05 0.05 0.05 0.05 0.05 0.05 0.05 0.05 0.05 0.05 0.05 0.05 0.05 0.05 0.05 0.05 0.05 0.05 0.05 0.05 0.05 0.05 0.05 0.05 0.05 0.05 0.05 0.05
  per-rule acc: 0.05 0.04
Epoch 3620 | Train: Loss=0.0104 Acc=100.0% | Test: Acc=5.3% | Best=5.6%(@2660)
  from x3: 0.05 0.05 0.05 0.05 0.05 0.05 0.05 0.05 0.05 0.05 0.05 0.05 0.05 0.05 0.05 0.05 0.05 0.05 0.05 0.05 0.05 0.05 0.05 0.05 0.05 0.05 0.05 0.05 0.05
  per-rule acc: 0.05 0.05
Epoch 3640 | Train: Loss=0.0037 Acc=99.9% | Test: Acc=5.1% | Best=5.6%(@2660)
  from x3: 0.05 0.05 0.05 0.05 0.05 0.05 0.05 0.05 0.05 0.05 0.05 0.05 0.05 0.05 0.05 0.05 0.05 0.05 0.05 0.05 0.05 0.05 0.05 0.05 0.05 0.05 0.05 0.05 0.05
  per-rule acc: 0.05 0.05
Epoch 3660 | Train: Loss=0.0035 Acc=100.0% | Test: Acc=4.4% | Best=5.6%(@2660)
  from x3: 0.04 0.05 0.04 0.04 0.05 0.04 0.04 0.04 0.04 0.04 0.04 0.04 0.04 0.04 0.04 0.04 0.04 0.04 0.04 0.04 0.04 0.04 0.04 0.04 0.04 0.04 0.04 0.04 0.04
  per-rule acc: 0.04 0.04
Epoch 3680 | Train: Loss=0.0039 Acc=100.0% | Test: Acc=4.9% | Best=5.6%(@2660)
  from x3: 0.05 0.05 0.05 0.05 0.05 0.05 0.05 0.05 0.05 0.05 0.05 0.05 0.05 0.05 0.05 0.05 0.05 0.05 0.05 0.05 0.05 0.05 0.05 0.05 0.05 0.05 0.05 0.05 0.05
  per-rule acc: 0.05 0.05
Epoch 3700 | Train: Loss=0.0035 Acc=99.9% | Test: Acc=4.8% | Best=5.6%(@2660)
  from x3: 0.04 0.05 0.05 0.05 0.05 0.05 0.05 0.05 0.05 0.05 0.05 0.05 0.05 0.05 0.05 0.05 0.05 0.05 0.05 0.05 0.05 0.05 0.05 0.05 0.05 0.05 0.05 0.05 0.05
  per-rule acc: 0.05 0.05
Epoch 3720 | Train: Loss=0.0102 Acc=100.0% | Test: Acc=5.6% | Best=5.6%(@3720)
  from x3: 0.05 0.05 0.06 0.06 0.06 0.06 0.06 0.06 0.06 0.06 0.06 0.06 0.06 0.06 0.06 0.06 0.06 0.06 0.06 0.06 0.06 0.06 0.06 0.06 0.06 0.06 0.06 0.06 0.06
  per-rule acc: 0.05 0.06
Epoch 3740 | Train: Loss=0.0042 Acc=99.9% | Test: Acc=4.9% | Best=5.6%(@3720)
  from x3: 0.05 0.05 0.05 0.05 0.05 0.05 0.05 0.05 0.05 0.05 0.05 0.05 0.05 0.05 0.05 0.05 0.05 0.05 0.05 0.05 0.05 0.05 0.05 0.05 0.05 0.05 0.05 0.05 0.05
  per-rule acc: 0.05 0.05
Epoch 3760 | Train: Loss=0.0036 Acc=100.0% | Test: Acc=4.8% | Best=5.6%(@3720)
  from x3: 0.05 0.05 0.05 0.05 0.05 0.05 0.05 0.05 0.05 0.05 0.05 0.05 0.05 0.05 0.05 0.05 0.05 0.05 0.05 0.05 0.05 0.05 0.05 0.05 0.05 0.05 0.05 0.05 0.05
  per-rule acc: 0.05 0.05
Epoch 3780 | Train: Loss=0.0021 Acc=100.0% | Test: Acc=5.4% | Best=5.6%(@3720)
  from x3: 0.05 0.05 0.05 0.05 0.05 0.05 0.05 0.05 0.05 0.05 0.05 0.05 0.05 0.05 0.05 0.05 0.05 0.05 0.05 0.05 0.05 0.05 0.05 0.05 0.05 0.05 0.05 0.05 0.05
  per-rule acc: 0.06 0.05
Epoch 3800 | Train: Loss=0.0037 Acc=100.0% | Test: Acc=5.1% | Best=5.6%(@3720)
  from x3: 0.05 0.05 0.05 0.05 0.05 0.05 0.05 0.05 0.05 0.05 0.05 0.05 0.05 0.05 0.05 0.05 0.05 0.05 0.05 0.05 0.05 0.05 0.05 0.05 0.05 0.05 0.05 0.05 0.05
  per-rule acc: 0.05 0.05
Epoch 3820 | Train: Loss=0.0049 Acc=99.9% | Test: Acc=4.9% | Best=5.6%(@3720)
  from x3: 0.05 0.05 0.05 0.05 0.05 0.05 0.05 0.05 0.05 0.05 0.05 0.05 0.05 0.05 0.05 0.05 0.05 0.05 0.05 0.05 0.05 0.05 0.05 0.05 0.05 0.05 0.05 0.05 0.05
  per-rule acc: 0.05 0.05
Epoch 3840 | Train: Loss=0.0023 Acc=100.0% | Test: Acc=5.4% | Best=5.6%(@3720)
  from x3: 0.06 0.05 0.05 0.05 0.05 0.05 0.05 0.05 0.05 0.05 0.05 0.05 0.05 0.05 0.05 0.05 0.05 0.05 0.05 0.05 0.05 0.05 0.05 0.05 0.05 0.05 0.05 0.05 0.05
  per-rule acc: 0.06 0.05
Epoch 3860 | Train: Loss=0.0040 Acc=100.0% | Test: Acc=5.0% | Best=5.6%(@3720)
  from x3: 0.05 0.05 0.05 0.05 0.05 0.05 0.05 0.05 0.05 0.05 0.05 0.05 0.05 0.05 0.05 0.05 0.05 0.05 0.05 0.05 0.05 0.05 0.05 0.05 0.05 0.05 0.05 0.05 0.05
  per-rule acc: 0.05 0.05
Epoch 3880 | Train: Loss=0.0027 Acc=99.9% | Test: Acc=5.1% | Best=5.6%(@3720)
  from x3: 0.05 0.05 0.05 0.05 0.05 0.05 0.05 0.05 0.05 0.05 0.05 0.05 0.05 0.05 0.05 0.05 0.05 0.05 0.05 0.05 0.05 0.05 0.05 0.05 0.05 0.05 0.05 0.05 0.05
  per-rule acc: 0.05 0.05
Epoch 3900 | Train: Loss=0.0275 Acc=100.0% | Test: Acc=5.2% | Best=5.6%(@3720)
  from x3: 0.05 0.05 0.05 0.05 0.05 0.05 0.05 0.05 0.05 0.05 0.05 0.05 0.05 0.05 0.05 0.05 0.05 0.05 0.05 0.05 0.05 0.05 0.05 0.05 0.05 0.05 0.05 0.05 0.05
  per-rule acc: 0.04 0.06
Epoch 3920 | Train: Loss=0.0027 Acc=100.0% | Test: Acc=5.0% | Best=5.6%(@3720)
  from x3: 0.05 0.05 0.05 0.05 0.05 0.05 0.05 0.05 0.05 0.05 0.05 0.05 0.05 0.05 0.05 0.05 0.05 0.05 0.05 0.05 0.05 0.05 0.05 0.05 0.05 0.05 0.05 0.05 0.05
  per-rule acc: 0.06 0.04
Epoch 3940 | Train: Loss=0.0241 Acc=99.9% | Test: Acc=5.0% | Best=5.6%(@3720)
  from x3: 0.05 0.05 0.05 0.05 0.05 0.05 0.05 0.05 0.05 0.05 0.05 0.05 0.05 0.05 0.05 0.05 0.05 0.05 0.05 0.05 0.05 0.05 0.05 0.05 0.05 0.05 0.05 0.05 0.05
  per-rule acc: 0.04 0.06
Epoch 3960 | Train: Loss=0.0030 Acc=100.0% | Test: Acc=5.1% | Best=5.6%(@3720)
  from x3: 0.05 0.05 0.05 0.05 0.05 0.05 0.05 0.05 0.05 0.05 0.05 0.05 0.05 0.05 0.05 0.05 0.05 0.05 0.05 0.05 0.05 0.05 0.05 0.05 0.05 0.05 0.05 0.05 0.05
  per-rule acc: 0.05 0.05
Epoch 3980 | Train: Loss=0.0032 Acc=99.9% | Test: Acc=5.5% | Best=5.6%(@3720)
  from x3: 0.05 0.05 0.05 0.05 0.05 0.05 0.05 0.05 0.05 0.06 0.06 0.06 0.06 0.06 0.06 0.06 0.06 0.06 0.06 0.06 0.06 0.06 0.06 0.06 0.05 0.05 0.05 0.05 0.05
  per-rule acc: 0.06 0.05
Epoch 4000 | Train: Loss=0.0043 Acc=99.9% | Test: Acc=5.0% | Best=5.6%(@3720)
  from x3: 0.05 0.05 0.05 0.05 0.05 0.05 0.05 0.05 0.05 0.05 0.05 0.05 0.05 0.05 0.05 0.05 0.05 0.05 0.05 0.05 0.05 0.05 0.05 0.05 0.05 0.05 0.05 0.05 0.05
  per-rule acc: 0.05 0.05
Epoch 4020 | Train: Loss=0.0023 Acc=100.0% | Test: Acc=5.0% | Best=5.6%(@3720)
  from x3: 0.05 0.05 0.05 0.05 0.05 0.05 0.05 0.05 0.05 0.05 0.05 0.05 0.05 0.05 0.05 0.05 0.05 0.05 0.05 0.05 0.05 0.05 0.05 0.05 0.05 0.05 0.05 0.05 0.05
  per-rule acc: 0.06 0.04
Epoch 4040 | Train: Loss=0.0041 Acc=99.9% | Test: Acc=4.7% | Best=5.6%(@3720)
  from x3: 0.05 0.05 0.05 0.05 0.05 0.05 0.05 0.05 0.05 0.05 0.05 0.05 0.05 0.05 0.05 0.05 0.05 0.05 0.05 0.05 0.05 0.05 0.05 0.05 0.05 0.05 0.05 0.05 0.05
  per-rule acc: 0.05 0.04
Epoch 4060 | Train: Loss=0.0084 Acc=100.0% | Test: Acc=5.7% | Best=5.7%(@4060)
  from x3: 0.06 0.06 0.06 0.06 0.06 0.06 0.06 0.06 0.06 0.06 0.06 0.06 0.06 0.06 0.06 0.06 0.06 0.06 0.06 0.06 0.06 0.06 0.06 0.06 0.06 0.06 0.06 0.06 0.06
  per-rule acc: 0.06 0.06
Epoch 4080 | Train: Loss=0.0023 Acc=100.0% | Test: Acc=5.2% | Best=5.7%(@4060)
  from x3: 0.05 0.06 0.05 0.05 0.05 0.05 0.05 0.05 0.05 0.05 0.05 0.05 0.05 0.05 0.05 0.05 0.05 0.05 0.05 0.05 0.05 0.05 0.05 0.05 0.05 0.05 0.05 0.05 0.05
  per-rule acc: 0.06 0.05
Epoch 4100 | Train: Loss=0.0044 Acc=99.9% | Test: Acc=5.0% | Best=5.7%(@4060)
  from x3: 0.05 0.05 0.05 0.05 0.05 0.05 0.05 0.05 0.05 0.05 0.05 0.05 0.05 0.05 0.05 0.05 0.05 0.05 0.05 0.05 0.05 0.05 0.05 0.05 0.05 0.05 0.05 0.05 0.05
  per-rule acc: 0.05 0.05
Epoch 4120 | Train: Loss=0.0230 Acc=99.9% | Test: Acc=4.9% | Best=5.7%(@4060)
  from x3: 0.05 0.06 0.05 0.05 0.05 0.05 0.05 0.05 0.05 0.05 0.05 0.05 0.05 0.05 0.05 0.05 0.05 0.05 0.05 0.05 0.05 0.05 0.05 0.05 0.05 0.05 0.05 0.05 0.05
  per-rule acc: 0.05 0.05
Epoch 4140 | Train: Loss=0.0027 Acc=100.0% | Test: Acc=4.9% | Best=5.7%(@4060)
  from x3: 0.05 0.05 0.05 0.05 0.05 0.05 0.05 0.05 0.05 0.05 0.05 0.05 0.05 0.05 0.05 0.05 0.05 0.05 0.05 0.05 0.05 0.05 0.05 0.05 0.05 0.05 0.05 0.05 0.05
  per-rule acc: 0.05 0.04
Epoch 4160 | Train: Loss=0.0047 Acc=99.9% | Test: Acc=4.8% | Best=5.7%(@4060)
  from x3: 0.05 0.05 0.05 0.05 0.05 0.05 0.05 0.05 0.05 0.05 0.05 0.05 0.05 0.05 0.05 0.05 0.05 0.05 0.05 0.05 0.05 0.05 0.05 0.05 0.05 0.05 0.05 0.05 0.05
  per-rule acc: 0.05 0.05
Epoch 4180 | Train: Loss=0.0022 Acc=100.0% | Test: Acc=5.2% | Best=5.7%(@4060)
  from x3: 0.05 0.05 0.05 0.05 0.05 0.05 0.05 0.05 0.05 0.05 0.05 0.05 0.05 0.05 0.05 0.05 0.05 0.05 0.05 0.05 0.05 0.05 0.05 0.05 0.05 0.05 0.05 0.05 0.05
  per-rule acc: 0.06 0.05
Epoch 4200 | Train: Loss=0.0056 Acc=99.9% | Test: Acc=5.0% | Best=5.7%(@4060)
  from x3: 0.05 0.05 0.05 0.05 0.05 0.05 0.05 0.05 0.05 0.05 0.05 0.05 0.05 0.05 0.05 0.05 0.05 0.05 0.05 0.05 0.05 0.05 0.05 0.05 0.05 0.05 0.05 0.05 0.05
  per-rule acc: 0.05 0.05
Epoch 4220 | Train: Loss=0.0122 Acc=99.9% | Test: Acc=5.2% | Best=5.7%(@4060)
  from x3: 0.06 0.05 0.05 0.05 0.05 0.05 0.05 0.05 0.05 0.05 0.05 0.05 0.05 0.05 0.05 0.05 0.05 0.05 0.05 0.05 0.05 0.05 0.05 0.05 0.05 0.05 0.05 0.05 0.05
  per-rule acc: 0.05 0.05
Epoch 4240 | Train: Loss=0.0045 Acc=99.9% | Test: Acc=5.4% | Best=5.7%(@4060)
  from x3: 0.06 0.06 0.06 0.05 0.05 0.05 0.05 0.05 0.05 0.05 0.05 0.05 0.05 0.05 0.05 0.05 0.05 0.05 0.05 0.05 0.05 0.05 0.05 0.05 0.05 0.05 0.05 0.05 0.05
  per-rule acc: 0.05 0.05
Epoch 4260 | Train: Loss=0.0032 Acc=100.0% | Test: Acc=5.0% | Best=5.7%(@4060)
  from x3: 0.05 0.05 0.05 0.05 0.05 0.05 0.05 0.05 0.05 0.05 0.05 0.05 0.05 0.05 0.05 0.05 0.05 0.05 0.05 0.05 0.05 0.05 0.05 0.05 0.05 0.05 0.05 0.05 0.05
  per-rule acc: 0.05 0.05
Epoch 4280 | Train: Loss=0.0056 Acc=100.0% | Test: Acc=5.6% | Best=5.7%(@4060)
  from x3: 0.06 0.06 0.06 0.06 0.06 0.06 0.06 0.06 0.06 0.06 0.06 0.06 0.06 0.06 0.06 0.06 0.06 0.06 0.06 0.06 0.06 0.06 0.06 0.06 0.06 0.06 0.06 0.05 0.05
  per-rule acc: 0.05 0.06
Epoch 4300 | Train: Loss=0.0031 Acc=99.9% | Test: Acc=4.9% | Best=5.7%(@4060)
  from x3: 0.05 0.05 0.05 0.05 0.05 0.05 0.05 0.05 0.05 0.05 0.05 0.05 0.05 0.05 0.05 0.05 0.05 0.05 0.05 0.05 0.05 0.05 0.05 0.05 0.05 0.05 0.05 0.05 0.05
  per-rule acc: 0.05 0.05
Epoch 4320 | Train: Loss=0.0050 Acc=99.9% | Test: Acc=4.8% | Best=5.7%(@4060)
  from x3: 0.05 0.05 0.05 0.05 0.05 0.05 0.05 0.05 0.05 0.05 0.05 0.05 0.05 0.05 0.05 0.05 0.05 0.05 0.05 0.05 0.05 0.05 0.05 0.05 0.05 0.05 0.05 0.05 0.05
  per-rule acc: 0.05 0.04
Epoch 4340 | Train: Loss=0.0028 Acc=100.0% | Test: Acc=5.0% | Best=5.7%(@4060)
  from x3: 0.05 0.05 0.05 0.05 0.05 0.05 0.05 0.05 0.05 0.05 0.05 0.05 0.05 0.05 0.05 0.05 0.05 0.05 0.05 0.05 0.05 0.05 0.05 0.05 0.05 0.05 0.05 0.05 0.05
  per-rule acc: 0.05 0.05
Epoch 4360 | Train: Loss=0.0361 Acc=99.7% | Test: Acc=5.4% | Best=5.7%(@4060)
  from x3: 0.05 0.06 0.06 0.06 0.05 0.05 0.05 0.05 0.05 0.05 0.05 0.05 0.05 0.05 0.05 0.05 0.05 0.05 0.05 0.05 0.05 0.05 0.05 0.05 0.05 0.05 0.05 0.05 0.05
  per-rule acc: 0.05 0.05
Epoch 4380 | Train: Loss=0.0024 Acc=100.0% | Test: Acc=5.5% | Best=5.7%(@4060)
  from x3: 0.06 0.06 0.06 0.05 0.05 0.05 0.05 0.05 0.05 0.05 0.05 0.05 0.05 0.05 0.05 0.05 0.05 0.05 0.05 0.05 0.05 0.05 0.05 0.05 0.05 0.05 0.05 0.05 0.05
  per-rule acc: 0.06 0.05
Epoch 4400 | Train: Loss=0.0032 Acc=100.0% | Test: Acc=5.2% | Best=5.7%(@4060)
  from x3: 0.05 0.05 0.05 0.05 0.05 0.05 0.05 0.05 0.05 0.05 0.05 0.05 0.05 0.05 0.05 0.05 0.05 0.05 0.05 0.05 0.05 0.05 0.05 0.05 0.05 0.05 0.05 0.05 0.05
  per-rule acc: 0.05 0.05
Epoch 4420 | Train: Loss=0.0053 Acc=99.9% | Test: Acc=5.4% | Best=5.7%(@4060)
  from x3: 0.06 0.06 0.06 0.05 0.05 0.05 0.05 0.05 0.05 0.05 0.05 0.05 0.05 0.05 0.05 0.05 0.05 0.05 0.05 0.05 0.05 0.05 0.05 0.05 0.05 0.05 0.05 0.05 0.05
  per-rule acc: 0.06 0.05
Epoch 4440 | Train: Loss=0.0040 Acc=100.0% | Test: Acc=5.2% | Best=5.7%(@4060)
  from x3: 0.05 0.05 0.05 0.05 0.05 0.05 0.05 0.05 0.05 0.05 0.05 0.05 0.05 0.05 0.05 0.05 0.05 0.05 0.05 0.05 0.05 0.05 0.05 0.05 0.05 0.05 0.05 0.05 0.05
  per-rule acc: 0.06 0.05
Epoch 4460 | Train: Loss=0.0051 Acc=99.9% | Test: Acc=4.9% | Best=5.7%(@4060)
  from x3: 0.05 0.05 0.05 0.05 0.05 0.05 0.05 0.05 0.05 0.05 0.05 0.05 0.05 0.05 0.05 0.05 0.05 0.05 0.05 0.05 0.05 0.05 0.05 0.05 0.05 0.05 0.05 0.05 0.05
  per-rule acc: 0.05 0.05
Epoch 4480 | Train: Loss=0.0031 Acc=100.0% | Test: Acc=5.5% | Best=5.7%(@4060)
  from x3: 0.06 0.06 0.06 0.06 0.06 0.05 0.05 0.05 0.05 0.05 0.05 0.05 0.05 0.05 0.05 0.05 0.05 0.05 0.05 0.05 0.05 0.05 0.05 0.05 0.05 0.05 0.05 0.05 0.05
  per-rule acc: 0.06 0.05
Epoch 4500 | Train: Loss=0.0033 Acc=100.0% | Test: Acc=4.7% | Best=5.7%(@4060)
  from x3: 0.05 0.05 0.05 0.05 0.05 0.05 0.05 0.05 0.05 0.05 0.05 0.05 0.05 0.05 0.05 0.05 0.05 0.05 0.05 0.05 0.05 0.05 0.05 0.05 0.05 0.05 0.05 0.05 0.05
  per-rule acc: 0.05 0.05
Epoch 4520 | Train: Loss=0.0040 Acc=99.9% | Test: Acc=5.4% | Best=5.7%(@4060)
  from x3: 0.06 0.05 0.05 0.06 0.06 0.05 0.05 0.05 0.05 0.05 0.05 0.05 0.05 0.05 0.05 0.05 0.05 0.05 0.05 0.05 0.05 0.05 0.05 0.05 0.05 0.05 0.05 0.05 0.05
  per-rule acc: 0.06 0.05
Epoch 4540 | Train: Loss=0.0038 Acc=99.9% | Test: Acc=5.5% | Best=5.7%(@4060)
  from x3: 0.05 0.06 0.06 0.06 0.06 0.06 0.06 0.06 0.06 0.06 0.06 0.06 0.06 0.06 0.06 0.06 0.06 0.06 0.06 0.06 0.05 0.05 0.05 0.05 0.05 0.05 0.05 0.05 0.05
  per-rule acc: 0.06 0.05
Epoch 4560 | Train: Loss=0.0242 Acc=99.8% | Test: Acc=5.0% | Best=5.7%(@4060)
  from x3: 0.05 0.05 0.05 0.05 0.05 0.05 0.05 0.05 0.05 0.05 0.05 0.05 0.05 0.05 0.05 0.05 0.05 0.05 0.05 0.05 0.05 0.05 0.05 0.05 0.05 0.05 0.05 0.05 0.05
  per-rule acc: 0.05 0.05
Epoch 4580 | Train: Loss=0.0024 Acc=100.0% | Test: Acc=4.9% | Best=5.7%(@4060)
  from x3: 0.06 0.05 0.05 0.05 0.05 0.05 0.05 0.05 0.05 0.05 0.05 0.05 0.05 0.05 0.05 0.05 0.05 0.05 0.05 0.05 0.05 0.05 0.05 0.05 0.05 0.05 0.05 0.05 0.05
  per-rule acc: 0.05 0.04
Epoch 4600 | Train: Loss=0.0033 Acc=100.0% | Test: Acc=5.0% | Best=5.7%(@4060)
  from x3: 0.05 0.05 0.05 0.05 0.05 0.05 0.05 0.05 0.05 0.05 0.05 0.05 0.05 0.05 0.05 0.05 0.05 0.05 0.05 0.05 0.05 0.05 0.05 0.05 0.05 0.05 0.05 0.05 0.05
  per-rule acc: 0.05 0.05
Epoch 4620 | Train: Loss=0.0036 Acc=100.0% | Test: Acc=5.0% | Best=5.7%(@4060)
  from x3: 0.05 0.05 0.05 0.05 0.05 0.05 0.05 0.05 0.05 0.05 0.05 0.05 0.05 0.05 0.05 0.05 0.05 0.05 0.05 0.05 0.05 0.05 0.05 0.05 0.05 0.05 0.05 0.05 0.05
  per-rule acc: 0.05 0.05
Epoch 4640 | Train: Loss=0.0124 Acc=99.9% | Test: Acc=5.1% | Best=5.7%(@4060)
  from x3: 0.05 0.05 0.05 0.05 0.05 0.05 0.05 0.05 0.05 0.05 0.05 0.05 0.05 0.05 0.05 0.05 0.05 0.05 0.05 0.05 0.05 0.05 0.05 0.05 0.05 0.05 0.05 0.05 0.05
  per-rule acc: 0.05 0.05
Epoch 4660 | Train: Loss=0.0025 Acc=100.0% | Test: Acc=5.2% | Best=5.7%(@4060)
  from x3: 0.06 0.06 0.05 0.05 0.05 0.05 0.05 0.05 0.05 0.05 0.05 0.05 0.05 0.05 0.05 0.05 0.05 0.05 0.05 0.05 0.05 0.05 0.05 0.05 0.05 0.05 0.05 0.05 0.05
  per-rule acc: 0.06 0.05
Epoch 4680 | Train: Loss=0.0031 Acc=100.0% | Test: Acc=5.0% | Best=5.7%(@4060)
  from x3: 0.06 0.05 0.05 0.05 0.05 0.05 0.05 0.05 0.05 0.05 0.05 0.05 0.05 0.05 0.05 0.05 0.05 0.05 0.05 0.05 0.05 0.05 0.05 0.05 0.05 0.05 0.05 0.05 0.05
  per-rule acc: 0.05 0.05
Epoch 4700 | Train: Loss=0.0052 Acc=99.9% | Test: Acc=5.0% | Best=5.7%(@4060)
  from x3: 0.05 0.05 0.05 0.05 0.05 0.05 0.05 0.05 0.05 0.05 0.05 0.05 0.05 0.05 0.05 0.05 0.05 0.05 0.05 0.05 0.05 0.05 0.05 0.05 0.05 0.05 0.05 0.05 0.05
  per-rule acc: 0.05 0.05
Epoch 4720 | Train: Loss=0.0019 Acc=100.0% | Test: Acc=5.4% | Best=5.7%(@4060)
  from x3: 0.06 0.06 0.05 0.05 0.06 0.05 0.05 0.05 0.05 0.05 0.05 0.05 0.05 0.05 0.05 0.05 0.05 0.05 0.05 0.05 0.05 0.05 0.05 0.05 0.05 0.05 0.05 0.05 0.05
  per-rule acc: 0.06 0.05
Epoch 4740 | Train: Loss=0.0029 Acc=100.0% | Test: Acc=5.1% | Best=5.7%(@4060)
  from x3: 0.05 0.05 0.05 0.05 0.05 0.05 0.05 0.05 0.05 0.05 0.05 0.05 0.05 0.05 0.05 0.05 0.05 0.05 0.05 0.05 0.05 0.05 0.05 0.05 0.05 0.05 0.05 0.05 0.05
  per-rule acc: 0.05 0.05
Epoch 4760 | Train: Loss=0.0253 Acc=99.9% | Test: Acc=5.3% | Best=5.7%(@4060)
  from x3: 0.05 0.06 0.05 0.05 0.05 0.05 0.05 0.05 0.05 0.05 0.05 0.05 0.05 0.05 0.05 0.05 0.05 0.05 0.05 0.05 0.05 0.05 0.05 0.05 0.05 0.05 0.05 0.05 0.05
  per-rule acc: 0.05 0.05
Epoch 4780 | Train: Loss=0.0024 Acc=100.0% | Test: Acc=5.3% | Best=5.7%(@4060)
  from x3: 0.05 0.06 0.05 0.05 0.05 0.05 0.05 0.05 0.05 0.05 0.05 0.05 0.05 0.05 0.05 0.05 0.05 0.05 0.05 0.05 0.05 0.05 0.05 0.05 0.05 0.05 0.05 0.05 0.05
  per-rule acc: 0.06 0.05
Epoch 4800 | Train: Loss=0.0030 Acc=100.0% | Test: Acc=4.9% | Best=5.7%(@4060)
  from x3: 0.05 0.05 0.05 0.05 0.05 0.05 0.05 0.05 0.05 0.05 0.05 0.05 0.05 0.05 0.05 0.05 0.05 0.05 0.05 0.05 0.05 0.05 0.05 0.05 0.05 0.05 0.05 0.05 0.05
  per-rule acc: 0.05 0.05
Epoch 4820 | Train: Loss=0.0022 Acc=100.0% | Test: Acc=5.0% | Best=5.7%(@4060)
  from x3: 0.05 0.05 0.05 0.05 0.05 0.05 0.05 0.05 0.05 0.05 0.05 0.05 0.05 0.05 0.05 0.05 0.05 0.05 0.05 0.05 0.05 0.05 0.05 0.05 0.05 0.05 0.05 0.05 0.05
  per-rule acc: 0.06 0.04
Epoch 4840 | Train: Loss=0.0038 Acc=99.9% | Test: Acc=4.9% | Best=5.7%(@4060)
  from x3: 0.05 0.05 0.05 0.05 0.05 0.05 0.05 0.05 0.05 0.05 0.05 0.05 0.05 0.05 0.05 0.05 0.05 0.05 0.05 0.05 0.05 0.05 0.05 0.05 0.05 0.05 0.05 0.05 0.05
  per-rule acc: 0.05 0.05
Epoch 4860 | Train: Loss=0.0042 Acc=100.0% | Test: Acc=5.3% | Best=5.7%(@4060)
  from x3: 0.06 0.05 0.05 0.05 0.05 0.05 0.05 0.05 0.05 0.05 0.05 0.05 0.05 0.05 0.05 0.05 0.05 0.05 0.05 0.05 0.05 0.05 0.05 0.05 0.05 0.05 0.05 0.05 0.05
  per-rule acc: 0.05 0.05
Epoch 4880 | Train: Loss=0.0027 Acc=100.0% | Test: Acc=4.9% | Best=5.7%(@4060)
  from x3: 0.06 0.05 0.05 0.05 0.05 0.05 0.05 0.05 0.05 0.05 0.05 0.05 0.05 0.05 0.05 0.05 0.05 0.05 0.05 0.05 0.05 0.05 0.05 0.05 0.05 0.05 0.05 0.05 0.05
  per-rule acc: 0.05 0.05
Epoch 4900 | Train: Loss=0.0029 Acc=100.0% | Test: Acc=4.9% | Best=5.7%(@4060)
  from x3: 0.06 0.05 0.05 0.05 0.05 0.05 0.05 0.05 0.05 0.05 0.05 0.05 0.05 0.05 0.05 0.05 0.05 0.05 0.05 0.05 0.05 0.05 0.05 0.05 0.05 0.05 0.05 0.05 0.05
  per-rule acc: 0.05 0.05
Epoch 4920 | Train: Loss=0.0152 Acc=100.0% | Test: Acc=5.1% | Best=5.7%(@4060)
  from x3: 0.06 0.06 0.05 0.05 0.05 0.05 0.05 0.05 0.05 0.05 0.05 0.05 0.05 0.05 0.05 0.05 0.05 0.05 0.05 0.05 0.05 0.05 0.05 0.05 0.05 0.05 0.05 0.05 0.05
  per-rule acc: 0.05 0.05
Epoch 4940 | Train: Loss=0.0025 Acc=100.0% | Test: Acc=5.2% | Best=5.7%(@4060)
  from x3: 0.05 0.05 0.05 0.05 0.05 0.05 0.05 0.05 0.05 0.05 0.05 0.05 0.05 0.05 0.05 0.05 0.05 0.05 0.05 0.05 0.05 0.05 0.05 0.05 0.05 0.05 0.05 0.05 0.05
  per-rule acc: 0.06 0.05
Epoch 4960 | Train: Loss=0.0168 Acc=99.9% | Test: Acc=4.8% | Best=5.7%(@4060)
  from x3: 0.05 0.05 0.05 0.05 0.05 0.05 0.05 0.05 0.05 0.05 0.05 0.05 0.05 0.05 0.05 0.05 0.05 0.05 0.05 0.05 0.05 0.05 0.05 0.05 0.05 0.05 0.05 0.05 0.05
  per-rule acc: 0.05 0.05
Epoch 4980 | Train: Loss=0.0020 Acc=100.0% | Test: Acc=5.5% | Best=5.7%(@4060)
  from x3: 0.06 0.06 0.05 0.05 0.05 0.05 0.05 0.06 0.06 0.06 0.06 0.06 0.06 0.06 0.06 0.06 0.06 0.06 0.06 0.06 0.06 0.06 0.05 0.05 0.05 0.05 0.05 0.05 0.05
  per-rule acc: 0.06 0.05
Epoch 5000 | Train: Loss=0.0033 Acc=100.0% | Test: Acc=5.0% | Best=5.7%(@4060)
  from x3: 0.06 0.05 0.05 0.05 0.05 0.05 0.05 0.05 0.05 0.05 0.05 0.05 0.05 0.05 0.05 0.05 0.05 0.05 0.05 0.05 0.05 0.05 0.05 0.05 0.05 0.05 0.05 0.05 0.05
  per-rule acc: 0.05 0.05
Epoch 5020 | Train: Loss=0.0073 Acc=99.9% | Test: Acc=4.9% | Best=5.7%(@4060)
  from x3: 0.05 0.05 0.05 0.05 0.05 0.05 0.05 0.05 0.05 0.05 0.05 0.05 0.05 0.05 0.05 0.05 0.05 0.05 0.05 0.05 0.05 0.05 0.05 0.05 0.05 0.05 0.05 0.05 0.05
  per-rule acc: 0.05 0.05
Epoch 5040 | Train: Loss=0.0018 Acc=100.0% | Test: Acc=5.3% | Best=5.7%(@4060)
  from x3: 0.06 0.06 0.05 0.05 0.05 0.05 0.05 0.05 0.05 0.05 0.05 0.05 0.05 0.05 0.05 0.05 0.05 0.05 0.05 0.05 0.05 0.05 0.05 0.05 0.05 0.05 0.05 0.05 0.05
  per-rule acc: 0.06 0.05
Epoch 5060 | Train: Loss=0.0032 Acc=100.0% | Test: Acc=5.0% | Best=5.7%(@4060)
  from x3: 0.06 0.05 0.05 0.05 0.05 0.05 0.05 0.05 0.05 0.05 0.05 0.05 0.05 0.05 0.05 0.05 0.05 0.05 0.05 0.05 0.05 0.05 0.05 0.05 0.05 0.05 0.05 0.05 0.05
  per-rule acc: 0.06 0.04
Epoch 5080 | Train: Loss=0.0020 Acc=100.0% | Test: Acc=5.2% | Best=5.7%(@4060)
  from x3: 0.06 0.06 0.05 0.05 0.05 0.05 0.05 0.05 0.05 0.05 0.05 0.05 0.05 0.05 0.05 0.05 0.05 0.05 0.05 0.05 0.05 0.05 0.05 0.05 0.05 0.05 0.05 0.05 0.05
  per-rule acc: 0.06 0.04
Epoch 5100 | Train: Loss=0.0033 Acc=100.0% | Test: Acc=5.4% | Best=5.7%(@4060)
  from x3: 0.05 0.05 0.05 0.05 0.05 0.05 0.05 0.05 0.05 0.05 0.05 0.05 0.05 0.05 0.05 0.05 0.05 0.05 0.05 0.05 0.05 0.05 0.05 0.05 0.05 0.05 0.05 0.05 0.05
  per-rule acc: 0.06 0.05
Epoch 5120 | Train: Loss=0.0031 Acc=100.0% | Test: Acc=5.0% | Best=5.7%(@4060)
  from x3: 0.06 0.05 0.05 0.05 0.05 0.05 0.05 0.05 0.05 0.05 0.05 0.05 0.05 0.05 0.05 0.05 0.05 0.05 0.05 0.05 0.05 0.05 0.05 0.05 0.05 0.05 0.05 0.05 0.05
  per-rule acc: 0.05 0.05
Epoch 5140 | Train: Loss=0.0021 Acc=100.0% | Test: Acc=5.4% | Best=5.7%(@4060)
  from x3: 0.06 0.06 0.06 0.05 0.05 0.05 0.05 0.05 0.05 0.05 0.05 0.05 0.05 0.05 0.05 0.05 0.05 0.05 0.05 0.05 0.05 0.05 0.05 0.05 0.05 0.05 0.05 0.05 0.05
  per-rule acc: 0.06 0.05
Epoch 5160 | Train: Loss=0.0033 Acc=100.0% | Test: Acc=5.3% | Best=5.7%(@4060)
  from x3: 0.06 0.05 0.05 0.05 0.05 0.05 0.05 0.05 0.05 0.05 0.05 0.05 0.05 0.05 0.05 0.05 0.05 0.05 0.05 0.05 0.05 0.05 0.05 0.05 0.05 0.05 0.05 0.05 0.05
  per-rule acc: 0.06 0.05
Epoch 5180 | Train: Loss=0.0056 Acc=100.0% | Test: Acc=5.2% | Best=5.7%(@4060)
  from x3: 0.06 0.06 0.05 0.05 0.05 0.05 0.05 0.05 0.05 0.05 0.05 0.05 0.05 0.05 0.05 0.05 0.05 0.05 0.05 0.05 0.05 0.05 0.05 0.05 0.05 0.05 0.05 0.05 0.05
  per-rule acc: 0.06 0.05
Epoch 5200 | Train: Loss=0.0030 Acc=99.9% | Test: Acc=4.9% | Best=5.7%(@4060)
  from x3: 0.06 0.05 0.05 0.05 0.05 0.05 0.05 0.05 0.05 0.05 0.05 0.05 0.05 0.05 0.05 0.05 0.05 0.05 0.05 0.05 0.05 0.05 0.05 0.05 0.05 0.05 0.05 0.05 0.05
  per-rule acc: 0.05 0.04
Epoch 5220 | Train: Loss=0.0246 Acc=99.9% | Test: Acc=5.0% | Best=5.7%(@4060)
  from x3: 0.05 0.05 0.05 0.05 0.05 0.05 0.05 0.05 0.05 0.05 0.05 0.05 0.05 0.05 0.05 0.05 0.05 0.05 0.05 0.05 0.05 0.05 0.05 0.05 0.05 0.05 0.05 0.05 0.05
  per-rule acc: 0.05 0.05
Epoch 5240 | Train: Loss=0.0024 Acc=100.0% | Test: Acc=5.1% | Best=5.7%(@4060)
  from x3: 0.05 0.05 0.05 0.05 0.05 0.05 0.05 0.05 0.05 0.05 0.05 0.05 0.05 0.05 0.05 0.05 0.05 0.05 0.05 0.05 0.05 0.05 0.05 0.05 0.05 0.05 0.05 0.05 0.05
  per-rule acc: 0.06 0.04
Epoch 5260 | Train: Loss=0.0033 Acc=100.0% | Test: Acc=5.3% | Best=5.7%(@4060)
  from x3: 0.06 0.05 0.05 0.05 0.05 0.05 0.05 0.05 0.05 0.05 0.05 0.05 0.05 0.05 0.05 0.05 0.05 0.05 0.05 0.05 0.05 0.05 0.05 0.05 0.05 0.05 0.05 0.05 0.05
  per-rule acc: 0.06 0.05
Epoch 5280 | Train: Loss=0.0148 Acc=100.0% | Test: Acc=5.1% | Best=5.7%(@4060)
  from x3: 0.06 0.06 0.05 0.05 0.05 0.05 0.05 0.05 0.05 0.05 0.05 0.05 0.05 0.05 0.05 0.05 0.05 0.05 0.05 0.05 0.05 0.05 0.05 0.05 0.05 0.05 0.05 0.05 0.05
  per-rule acc: 0.05 0.05
Epoch 5300 | Train: Loss=0.0025 Acc=100.0% | Test: Acc=4.9% | Best=5.7%(@4060)
  from x3: 0.06 0.05 0.05 0.05 0.05 0.05 0.05 0.05 0.05 0.05 0.05 0.05 0.05 0.05 0.05 0.05 0.05 0.05 0.05 0.05 0.05 0.05 0.05 0.05 0.05 0.05 0.05 0.05 0.05
  per-rule acc: 0.05 0.05
Epoch 5320 | Train: Loss=0.0029 Acc=100.0% | Test: Acc=5.0% | Best=5.7%(@4060)
  from x3: 0.06 0.05 0.05 0.05 0.05 0.05 0.05 0.05 0.05 0.05 0.05 0.05 0.05 0.05 0.05 0.05 0.05 0.05 0.05 0.05 0.05 0.05 0.05 0.05 0.05 0.05 0.05 0.05 0.05
  per-rule acc: 0.05 0.05
Epoch 5340 | Train: Loss=0.0021 Acc=100.0% | Test: Acc=5.6% | Best=5.7%(@4060)
  from x3: 0.06 0.06 0.06 0.06 0.06 0.06 0.06 0.06 0.06 0.06 0.06 0.06 0.06 0.06 0.06 0.06 0.06 0.06 0.06 0.06 0.06 0.06 0.06 0.06 0.06 0.06 0.06 0.06 0.06
  per-rule acc: 0.06 0.05
Epoch 5360 | Train: Loss=0.0031 Acc=100.0% | Test: Acc=5.3% | Best=5.7%(@4060)
  from x3: 0.06 0.06 0.05 0.05 0.05 0.05 0.05 0.05 0.05 0.05 0.05 0.05 0.05 0.05 0.05 0.05 0.05 0.05 0.05 0.05 0.05 0.05 0.05 0.05 0.05 0.05 0.05 0.05 0.05
  per-rule acc: 0.06 0.05
Epoch 5380 | Train: Loss=0.0213 Acc=99.9% | Test: Acc=4.8% | Best=5.7%(@4060)
  from x3: 0.06 0.05 0.05 0.05 0.05 0.05 0.05 0.05 0.05 0.05 0.05 0.05 0.05 0.05 0.05 0.05 0.05 0.05 0.05 0.05 0.05 0.05 0.05 0.05 0.05 0.05 0.05 0.05 0.05
  per-rule acc: 0.05 0.05
Epoch 5400 | Train: Loss=0.0020 Acc=100.0% | Test: Acc=5.3% | Best=5.7%(@4060)
  from x3: 0.06 0.05 0.05 0.05 0.05 0.05 0.05 0.05 0.05 0.05 0.05 0.05 0.05 0.05 0.05 0.05 0.05 0.05 0.05 0.05 0.05 0.05 0.05 0.05 0.05 0.05 0.05 0.05 0.05
  per-rule acc: 0.06 0.05
Epoch 5420 | Train: Loss=0.0031 Acc=100.0% | Test: Acc=5.1% | Best=5.7%(@4060)
  from x3: 0.06 0.05 0.05 0.05 0.05 0.05 0.05 0.05 0.05 0.05 0.05 0.05 0.05 0.05 0.05 0.05 0.05 0.05 0.05 0.05 0.05 0.05 0.05 0.05 0.05 0.05 0.05 0.05 0.05
  per-rule acc: 0.05 0.05
Epoch 5440 | Train: Loss=0.0045 Acc=100.0% | Test: Acc=5.1% | Best=5.7%(@4060)
  from x3: 0.06 0.05 0.05 0.05 0.05 0.05 0.05 0.05 0.05 0.05 0.05 0.05 0.05 0.05 0.05 0.05 0.05 0.05 0.05 0.05 0.05 0.05 0.05 0.05 0.05 0.05 0.05 0.05 0.05
  per-rule acc: 0.05 0.05
Epoch 5460 | Train: Loss=0.0125 Acc=100.0% | Test: Acc=5.2% | Best=5.7%(@4060)
  from x3: 0.06 0.05 0.05 0.05 0.05 0.05 0.05 0.05 0.05 0.05 0.05 0.05 0.05 0.05 0.05 0.05 0.05 0.05 0.05 0.05 0.05 0.05 0.05 0.05 0.05 0.05 0.05 0.05 0.05
  per-rule acc: 0.05 0.05
Epoch 5480 | Train: Loss=0.0024 Acc=100.0% | Test: Acc=5.0% | Best=5.7%(@4060)
  from x3: 0.06 0.05 0.05 0.05 0.05 0.05 0.05 0.05 0.05 0.05 0.05 0.05 0.05 0.05 0.05 0.05 0.05 0.05 0.05 0.05 0.05 0.05 0.05 0.05 0.05 0.05 0.05 0.05 0.05
  per-rule acc: 0.06 0.05
Epoch 5500 | Train: Loss=0.0034 Acc=100.0% | Test: Acc=5.2% | Best=5.7%(@4060)
  from x3: 0.06 0.06 0.05 0.05 0.05 0.05 0.05 0.05 0.05 0.05 0.05 0.05 0.05 0.05 0.05 0.05 0.05 0.05 0.05 0.05 0.05 0.05 0.05 0.05 0.05 0.05 0.05 0.05 0.05
  per-rule acc: 0.05 0.05
Epoch 5520 | Train: Loss=0.0037 Acc=100.0% | Test: Acc=5.4% | Best=5.7%(@4060)
  from x3: 0.06 0.05 0.06 0.05 0.05 0.05 0.05 0.05 0.05 0.05 0.05 0.05 0.05 0.05 0.05 0.05 0.05 0.05 0.05 0.05 0.05 0.05 0.05 0.05 0.05 0.05 0.05 0.05 0.05
  per-rule acc: 0.05 0.05
Epoch 5540 | Train: Loss=0.0033 Acc=100.0% | Test: Acc=5.1% | Best=5.7%(@4060)
  from x3: 0.06 0.05 0.05 0.05 0.05 0.05 0.05 0.05 0.05 0.05 0.05 0.05 0.05 0.05 0.05 0.05 0.05 0.05 0.05 0.05 0.05 0.05 0.05 0.05 0.05 0.05 0.05 0.05 0.05
  per-rule acc: 0.05 0.05
Epoch 5560 | Train: Loss=0.0037 Acc=100.0% | Test: Acc=5.1% | Best=5.7%(@4060)
  from x3: 0.05 0.05 0.05 0.05 0.05 0.05 0.05 0.05 0.05 0.05 0.05 0.05 0.05 0.05 0.05 0.05 0.05 0.05 0.05 0.05 0.05 0.05 0.05 0.05 0.05 0.05 0.05 0.05 0.05
  per-rule acc: 0.05 0.05
Epoch 5580 | Train: Loss=0.0030 Acc=100.0% | Test: Acc=5.3% | Best=5.7%(@4060)
  from x3: 0.06 0.06 0.05 0.05 0.05 0.05 0.05 0.05 0.05 0.05 0.05 0.05 0.05 0.05 0.05 0.05 0.05 0.05 0.05 0.05 0.05 0.05 0.05 0.05 0.05 0.05 0.05 0.05 0.05
  per-rule acc: 0.06 0.05
Epoch 5600 | Train: Loss=0.0223 Acc=100.0% | Test: Acc=4.8% | Best=5.7%(@4060)
  from x3: 0.05 0.05 0.05 0.05 0.05 0.05 0.05 0.05 0.05 0.05 0.05 0.05 0.05 0.05 0.05 0.05 0.05 0.05 0.05 0.05 0.05 0.05 0.05 0.05 0.05 0.05 0.05 0.05 0.05
  per-rule acc: 0.05 0.05
Epoch 5620 | Train: Loss=0.0021 Acc=100.0% | Test: Acc=5.3% | Best=5.7%(@4060)
  from x3: 0.06 0.06 0.05 0.05 0.05 0.05 0.05 0.05 0.05 0.05 0.05 0.05 0.05 0.05 0.05 0.05 0.05 0.05 0.05 0.05 0.05 0.05 0.05 0.05 0.05 0.05 0.05 0.05 0.05
  per-rule acc: 0.06 0.05
Epoch 5640 | Train: Loss=0.0131 Acc=100.0% | Test: Acc=5.2% | Best=5.7%(@4060)
  from x3: 0.06 0.06 0.06 0.05 0.05 0.05 0.05 0.05 0.05 0.05 0.05 0.05 0.05 0.05 0.05 0.05 0.05 0.05 0.05 0.05 0.05 0.05 0.05 0.05 0.05 0.05 0.05 0.05 0.05
  per-rule acc: 0.05 0.05
Epoch 5660 | Train: Loss=0.0021 Acc=100.0% | Test: Acc=5.0% | Best=5.7%(@4060)
  from x3: 0.06 0.05 0.05 0.05 0.05 0.05 0.05 0.05 0.05 0.05 0.05 0.05 0.05 0.05 0.05 0.05 0.05 0.05 0.05 0.05 0.05 0.05 0.05 0.05 0.05 0.05 0.05 0.05 0.05
  per-rule acc: 0.06 0.05
Epoch 5680 | Train: Loss=0.0030 Acc=100.0% | Test: Acc=5.3% | Best=5.7%(@4060)
  from x3: 0.06 0.06 0.05 0.05 0.05 0.05 0.05 0.05 0.05 0.05 0.05 0.05 0.05 0.05 0.05 0.05 0.05 0.05 0.05 0.05 0.05 0.05 0.05 0.05 0.05 0.05 0.05 0.05 0.05
  per-rule acc: 0.06 0.05
Epoch 5700 | Train: Loss=0.0034 Acc=100.0% | Test: Acc=5.2% | Best=5.7%(@4060)
  from x3: 0.06 0.05 0.05 0.05 0.05 0.05 0.05 0.05 0.05 0.05 0.05 0.05 0.05 0.05 0.05 0.05 0.05 0.05 0.05 0.05 0.05 0.05 0.05 0.05 0.05 0.05 0.05 0.05 0.05
  per-rule acc: 0.05 0.05
Epoch 5720 | Train: Loss=0.0369 Acc=99.9% | Test: Acc=4.8% | Best=5.7%(@4060)
  from x3: 0.05 0.05 0.05 0.05 0.05 0.05 0.05 0.05 0.05 0.05 0.05 0.05 0.05 0.05 0.05 0.05 0.05 0.05 0.05 0.05 0.05 0.05 0.05 0.05 0.05 0.05 0.05 0.05 0.05
  per-rule acc: 0.05 0.05
Epoch 5740 | Train: Loss=0.0020 Acc=100.0% | Test: Acc=5.3% | Best=5.7%(@4060)
  from x3: 0.06 0.06 0.05 0.05 0.05 0.05 0.05 0.05 0.05 0.05 0.05 0.05 0.05 0.05 0.05 0.05 0.05 0.05 0.05 0.05 0.05 0.05 0.05 0.05 0.05 0.05 0.05 0.05 0.05
  per-rule acc: 0.06 0.05
Epoch 5760 | Train: Loss=0.0025 Acc=100.0% | Test: Acc=5.4% | Best=5.7%(@4060)
  from x3: 0.06 0.06 0.05 0.05 0.05 0.05 0.05 0.05 0.05 0.05 0.05 0.05 0.05 0.05 0.05 0.05 0.05 0.05 0.05 0.05 0.05 0.05 0.05 0.05 0.05 0.05 0.05 0.05 0.05
  per-rule acc: 0.06 0.05
Epoch 5780 | Train: Loss=0.0021 Acc=100.0% | Test: Acc=5.2% | Best=5.7%(@4060)
  from x3: 0.06 0.06 0.05 0.05 0.05 0.05 0.05 0.05 0.05 0.05 0.05 0.05 0.05 0.05 0.05 0.05 0.05 0.05 0.05 0.05 0.05 0.05 0.05 0.05 0.05 0.05 0.05 0.05 0.05
  per-rule acc: 0.06 0.05
Epoch 5800 | Train: Loss=0.0032 Acc=100.0% | Test: Acc=5.1% | Best=5.7%(@4060)
  from x3: 0.06 0.05 0.05 0.05 0.05 0.05 0.05 0.05 0.05 0.05 0.05 0.05 0.05 0.05 0.05 0.05 0.05 0.05 0.05 0.05 0.05 0.05 0.05 0.05 0.05 0.05 0.05 0.05 0.05
  per-rule acc: 0.05 0.05
Epoch 5820 | Train: Loss=0.0019 Acc=100.0% | Test: Acc=5.1% | Best=5.7%(@4060)
  from x3: 0.06 0.05 0.05 0.05 0.05 0.05 0.05 0.05 0.05 0.05 0.05 0.05 0.05 0.05 0.05 0.05 0.05 0.05 0.05 0.05 0.05 0.05 0.05 0.05 0.05 0.05 0.05 0.05 0.05
  per-rule acc: 0.06 0.04
Epoch 5840 | Train: Loss=0.0037 Acc=99.9% | Test: Acc=5.0% | Best=5.7%(@4060)
  from x3: 0.06 0.05 0.05 0.05 0.05 0.05 0.05 0.05 0.05 0.05 0.05 0.05 0.05 0.05 0.05 0.05 0.05 0.05 0.05 0.05 0.05 0.05 0.05 0.05 0.05 0.05 0.05 0.05 0.05
  per-rule acc: 0.05 0.05
Epoch 5860 | Train: Loss=0.0027 Acc=100.0% | Test: Acc=5.0% | Best=5.7%(@4060)
  from x3: 0.06 0.05 0.05 0.05 0.05 0.05 0.05 0.05 0.05 0.05 0.05 0.05 0.05 0.05 0.05 0.05 0.05 0.05 0.05 0.05 0.05 0.05 0.05 0.05 0.05 0.05 0.05 0.05 0.05
  per-rule acc: 0.05 0.05
Epoch 5880 | Train: Loss=0.0034 Acc=99.9% | Test: Acc=5.1% | Best=5.7%(@4060)
  from x3: 0.06 0.05 0.05 0.05 0.05 0.05 0.05 0.05 0.05 0.05 0.05 0.05 0.05 0.05 0.05 0.05 0.05 0.05 0.05 0.05 0.05 0.05 0.05 0.05 0.05 0.05 0.05 0.05 0.05
  per-rule acc: 0.06 0.05
Epoch 5900 | Train: Loss=0.0146 Acc=100.0% | Test: Acc=5.3% | Best=5.7%(@4060)
  from x3: 0.06 0.06 0.05 0.05 0.05 0.05 0.05 0.05 0.05 0.05 0.05 0.05 0.05 0.05 0.05 0.05 0.05 0.05 0.05 0.05 0.05 0.05 0.05 0.05 0.05 0.05 0.05 0.05 0.05
  per-rule acc: 0.05 0.06
Epoch 5920 | Train: Loss=0.0023 Acc=100.0% | Test: Acc=5.0% | Best=5.7%(@4060)
  from x3: 0.06 0.05 0.05 0.05 0.05 0.05 0.05 0.05 0.05 0.05 0.05 0.05 0.05 0.05 0.05 0.05 0.05 0.05 0.05 0.05 0.05 0.05 0.05 0.05 0.05 0.05 0.05 0.05 0.05
  per-rule acc: 0.06 0.04
Epoch 5940 | Train: Loss=0.0032 Acc=100.0% | Test: Acc=5.5% | Best=5.7%(@4060)
  from x3: 0.06 0.06 0.06 0.05 0.05 0.05 0.05 0.05 0.05 0.05 0.05 0.05 0.05 0.05 0.05 0.05 0.05 0.05 0.05 0.05 0.05 0.05 0.05 0.05 0.05 0.05 0.05 0.05 0.05
  per-rule acc: 0.06 0.05
Epoch 5960 | Train: Loss=0.0030 Acc=100.0% | Test: Acc=5.1% | Best=5.7%(@4060)
  from x3: 0.06 0.05 0.05 0.05 0.05 0.05 0.05 0.05 0.05 0.05 0.05 0.05 0.05 0.05 0.05 0.05 0.05 0.05 0.05 0.05 0.05 0.05 0.05 0.05 0.05 0.05 0.05 0.05 0.05
  per-rule acc: 0.05 0.05
Epoch 5980 | Train: Loss=0.0027 Acc=100.0% | Test: Acc=5.2% | Best=5.7%(@4060)
  from x3: 0.06 0.05 0.05 0.05 0.05 0.05 0.05 0.05 0.05 0.05 0.05 0.05 0.05 0.05 0.05 0.05 0.05 0.05 0.05 0.05 0.05 0.05 0.05 0.05 0.05 0.05 0.05 0.05 0.05
  per-rule acc: 0.05 0.05
Epoch 6000 | Train: Loss=0.0026 Acc=100.0% | Test: Acc=5.1% | Best=5.7%(@4060)
  from x3: 0.06 0.05 0.05 0.05 0.05 0.05 0.05 0.05 0.05 0.05 0.05 0.05 0.05 0.05 0.05 0.05 0.05 0.05 0.05 0.05 0.05 0.05 0.05 0.05 0.05 0.05 0.05 0.05 0.05
  per-rule acc: 0.06 0.04
Epoch 6020 | Train: Loss=0.0022 Acc=100.0% | Test: Acc=5.0% | Best=5.7%(@4060)
  from x3: 0.06 0.05 0.05 0.05 0.05 0.05 0.05 0.05 0.05 0.05 0.05 0.05 0.05 0.05 0.05 0.05 0.05 0.05 0.05 0.05 0.05 0.05 0.05 0.05 0.05 0.05 0.05 0.05 0.05
  per-rule acc: 0.05 0.05
Epoch 6040 | Train: Loss=0.0112 Acc=100.0% | Test: Acc=5.2% | Best=5.7%(@4060)
  from x3: 0.06 0.05 0.06 0.05 0.05 0.05 0.05 0.05 0.05 0.05 0.05 0.05 0.05 0.05 0.05 0.05 0.05 0.05 0.05 0.05 0.05 0.05 0.05 0.05 0.05 0.05 0.05 0.05 0.05
  per-rule acc: 0.05 0.05
Epoch 6060 | Train: Loss=0.0021 Acc=100.0% | Test: Acc=5.0% | Best=5.7%(@4060)
  from x3: 0.06 0.06 0.05 0.05 0.05 0.05 0.05 0.05 0.05 0.05 0.05 0.05 0.05 0.05 0.05 0.05 0.05 0.05 0.05 0.05 0.05 0.05 0.05 0.05 0.05 0.05 0.05 0.05 0.05
  per-rule acc: 0.05 0.05
[Early stop] No improvement for 2000 consecutive epochs

==================================================
Saving model...
[OK] Model saved to: /home/cxm/ai/test0617-basic/models/mixed_basic_d512l1_r16_t32_c0.5.pth
  File size: 37571.3 KB
  Best test accuracy: 5.75%

==================================================
Final generation test (given first two items, AB generates 3rd as prompt, validate from 4th)
==================================================

--- AB pair 1: (1, 1) ---

--- Statistics for AB=(1,1) ---
Exposed    samples:  1405 | In-dist: 40569/40745 ( 99.6%) | OOD: 44766/44960 ( 99.6%)
Unexposed  samples:  1404 | In-dist: 23026/40716 ( 56.6%) | OOD: 26451/44928 ( 58.9%)

--- AB pair 2: (1, 2) ---

--- Statistics for AB=(1,2) ---
Exposed    samples:  1405 | In-dist: 40437/40745 ( 99.2%) | OOD: 44608/44960 ( 99.2%)
Unexposed  samples:  1404 | In-dist: 10045/40716 ( 24.7%) | OOD: 11504/44928 ( 25.6%)

--- Return code: 0 ---

======================================================================
Attention Analysis
======================================================================
Model config: addition (default), p=53
Best test accuracy: 0.05745898418312211
Training epochs: 6060

Random test sequence 1/5 (length 64): [19, 43, 9, 52, 8, 7, 15, 22, 37, 6, 43, 49, 39, 35, 21, 3, 24, 27, 51, 25]...

======================================================================
Attention Layer Training Result Summary
======================================================================
Input sequence: [19, 43, 9, 52, 8, 7, 15, 22, 37, 6, 43, 49, 39, 35, 21, 3, 24, 27, 51, 25, 23, 48, 18, 13, 31, 44, 22, 13, 35, 48, 30, 25, 2, 27, 29, 3, 32, 35, 14, 49, 10, 6, 16, 22, 38, 7, 45, 52, 44, 43, 34, 24, 5, 29, 34, 10, 44, 1, 45, 46, 38, 31, 16, 47]

--- Layer 0 ---
  Head 0: Entropy=1.579
    Attention coefficients from each query position to previous positions:
      i= 0 -> j=0:1.000
      i= 1 -> j=0:0.347, j=1:0.653
      i= 2 -> j=0:0.177, j=1:0.334, j=2:0.489
      i= 3 -> j=0:0.067, j=1:0.173, j=2:0.290, j=3:0.470
      i= 4 -> j=0:0.025, j=1:0.061, j=2:0.158, j=3:0.320, j=4:0.438
      i= 5 -> j=0:0.010, j=1:0.027, j=2:0.071, j=3:0.150, j=4:0.280, j=5:0.462
      i= 6 -> j=0:0.003, j=1:0.008, j=2:0.023, j=3:0.069, j=4:0.137, j=5:0.292, j=6:0.468
      i= 7 -> j=0:0.001, j=1:0.003, j=2:0.010, j=3:0.021, j=4:0.073, j=5:0.154, j=6:0.274, j=7:0.465
      i= 8 -> j=0:0.001, j=1:0.001, j=2:0.003, j=3:0.009, j=4:0.041, j=5:0.186, j=6:0.202, j=7:0.217, j=8:0.340
      i= 9 -> j=0:0.000, j=1:0.000, j=2:0.001, j=3:0.002, j=4:0.007, j=5:0.022, j=6:0.056, j=7:0.187, j=8:0.248, j=9:0.476
      i=10 -> j=0:0.000, j=1:0.001, j=2:0.001, j=3:0.001, j=4:0.003, j=5:0.009, j=6:0.022, j=7:0.062, j=8:0.133, j=9:0.275, j=10:0.493
      i=11 -> j=0:0.000, j=1:0.000, j=2:0.000, j=3:0.001, j=4:0.001, j=5:0.003, j=6:0.013, j=7:0.038, j=8:0.067, j=9:0.146, j=10:0.284, j=11:0.445
      i=12 -> j=0:0.000, j=1:0.000, j=2:0.000, j=3:0.000, j=4:0.001, j=5:0.002, j=6:0.006, j=7:0.011, j=8:0.028, j=9:0.096, j=10:0.162, j=11:0.321, j=12:0.372
      i=13 -> j=0:0.000, j=1:0.000, j=2:0.000, j=3:0.000, j=4:0.000, j=5:0.001, j=6:0.002, j=7:0.004, j=8:0.009, j=9:0.037, j=10:0.071, j=11:0.180, j=12:0.231, j=13:0.464
      i=14 -> j=0:0.000, j=1:0.000, j=2:0.000, j=3:0.000, j=4:0.001, j=5:0.001, j=6:0.002, j=7:0.002, j=8:0.008, j=9:0.021, j=10:0.036, j=11:0.120, j=12:0.166, j=13:0.256, j=14:0.387
      i=15 -> j=0:0.000, j=1:0.000, j=2:0.000, j=3:0.000, j=4:0.001, j=5:0.000, j=6:0.001, j=7:0.002, j=8:0.002, j=9:0.005, j=10:0.019, j=11:0.038, j=12:0.209, j=13:0.141, j=14:0.158, j=15:0.423
      i=16 -> j=0:0.000, j=1:0.000, j=2:0.000, j=3:0.000, j=4:0.000, j=5:0.000, j=6:0.001, j=7:0.001, j=8:0.001, j=9:0.002, j=10:0.004, j=11:0.010, j=12:0.038, j=13:0.064, j=14:0.156, j=15:0.265, j=16:0.456
      i=17 -> j=0:0.000, j=1:0.000, j=2:0.000, j=3:0.000, j=4:0.000, j=5:0.000, j=6:0.000, j=7:0.000, j=8:0.000, j=9:0.000, j=10:0.001, j=11:0.004, j=12:0.011, j=13:0.017, j=14:0.184, j=15:0.130, j=16:0.248, j=17:0.401
      i=18 -> j=0:0.000, j=1:0.000, j=2:0.000, j=3:0.000, j=4:0.000, j=5:0.000, j=6:0.000, j=7:0.000, j=8:0.000, j=9:0.000, j=10:0.001, j=11:0.001, j=12:0.004, j=13:0.005, j=14:0.029, j=15:0.076, j=16:0.156, j=17:0.283, j=18:0.443
      i=19 -> j=0:0.000, j=1:0.000, j=2:0.000, j=3:0.000, j=4:0.000, j=5:0.000, j=6:0.000, j=7:0.000, j=8:0.001, j=9:0.001, j=10:0.001, j=11:0.001, j=12:0.003, j=13:0.005, j=14:0.025, j=15:0.064, j=16:0.092, j=17:0.199, j=18:0.272, j=19:0.335
      i=20 -> j=0:0.001, j=1:0.001, j=2:0.001, j=3:0.001, j=4:0.001, j=5:0.001, j=6:0.001, j=7:0.001, j=8:0.001, j=9:0.002, j=10:0.002, j=11:0.003, j=12:0.006, j=13:0.006, j=14:0.014, j=15:0.028, j=16:0.060, j=17:0.112, j=18:0.149, j=19:0.225, j=20:0.387
      i=21 -> j=0:0.000, j=1:0.001, j=2:0.000, j=3:0.000, j=4:0.000, j=5:0.000, j=6:0.000, j=7:0.000, j=8:0.000, j=9:0.001, j=10:0.001, j=11:0.001, j=12:0.002, j=13:0.002, j=14:0.003, j=15:0.011, j=16:0.035, j=17:0.034, j=18:0.078, j=19:0.161, j=20:0.246, j=21:0.421
      i=22 -> j=0:0.000, j=1:0.000, j=2:0.000, j=3:0.000, j=4:0.000, j=5:0.000, j=6:0.000, j=7:0.000, j=8:0.000, j=9:0.000, j=10:0.001, j=11:0.001, j=12:0.001, j=13:0.001, j=14:0.001, j=15:0.002, j=16:0.005, j=17:0.016, j=18:0.028, j=19:0.179, j=20:0.212, j=21:0.189, j=22:0.362
      i=23 -> j=0:0.000, j=1:0.000, j=2:0.000, j=3:0.000, j=4:0.000, j=5:0.000, j=6:0.000, j=7:0.000, j=8:0.000, j=9:0.000, j=10:0.000, j=11:0.000, j=12:0.000, j=13:0.000, j=14:0.000, j=15:0.001, j=16:0.002, j=17:0.003, j=18:0.004, j=19:0.024, j=20:0.069, j=21:0.145, j=22:0.283, j=23:0.466
      i=24 -> j=0:0.000, j=1:0.000, j=2:0.000, j=3:0.000, j=4:0.000, j=5:0.000, j=6:0.000, j=7:0.000, j=8:0.000, j=9:0.000, j=10:0.000, j=11:0.000, j=12:0.000, j=13:0.000, j=14:0.000, j=15:0.000, j=16:0.001, j=17:0.001, j=18:0.002, j=19:0.007, j=20:0.021, j=21:0.052, j=22:0.157, j=23:0.259, j=24:0.498
      i=25 -> j=0:0.001, j=1:0.001, j=2:0.001, j=3:0.001, j=4:0.001, j=5:0.000, j=6:0.000, j=7:0.001, j=8:0.000, j=9:0.000, j=10:0.000, j=11:0.000, j=12:0.001, j=13:0.001, j=14:0.001, j=15:0.001, j=16:0.002, j=17:0.002, j=18:0.002, j=19:0.007, j=20:0.028, j=21:0.050, j=22:0.084, j=23:0.173, j=24:0.250, j=25:0.393
      i=26 -> j=0:0.000, j=1:0.000, j=2:0.000, j=3:0.000, j=4:0.000, j=5:0.000, j=6:0.000, j=7:0.000, j=8:0.000, j=9:0.000, j=10:0.000, j=11:0.000, j=12:0.000, j=13:0.000, j=14:0.000, j=15:0.000, j=16:0.000, j=17:0.001, j=18:0.000, j=19:0.001, j=20:0.004, j=21:0.007, j=22:0.033, j=23:0.063, j=24:0.137, j=25:0.236, j=26:0.513
      i=27 -> j=0:0.000, j=1:0.000, j=2:0.000, j=3:0.000, j=4:0.000, j=5:0.000, j=6:0.000, j=7:0.000, j=8:0.000, j=9:0.000, j=10:0.000, j=11:0.000, j=12:0.000, j=13:0.000, j=14:0.000, j=15:0.000, j=16:0.000, j=17:0.000, j=18:0.000, j=19:0.001, j=20:0.001, j=21:0.002, j=22:0.008, j=23:0.024, j=24:0.065, j=25:0.147, j=26:0.319, j=27:0.428
      i=28 -> j=0:0.000, j=1:0.000, j=2:0.000, j=3:0.000, j=4:0.000, j=5:0.000, j=6:0.000, j=7:0.000, j=8:0.000, j=9:0.000, j=10:0.000, j=11:0.000, j=12:0.000, j=13:0.000, j=14:0.000, j=15:0.000, j=16:0.000, j=17:0.000, j=18:0.000, j=19:0.000, j=20:0.001, j=21:0.001, j=22:0.004, j=23:0.010, j=24:0.043, j=25:0.065, j=26:0.183, j=27:0.230, j=28:0.459
      i=29 -> j=0:0.001, j=1:0.001, j=2:0.001, j=3:0.001, j=4:0.001, j=5:0.000, j=6:0.001, j=7:0.000, j=8:0.000, j=9:0.000, j=10:0.001, j=11:0.000, j=12:0.000, j=13:0.000, j=14:0.000, j=15:0.000, j=16:0.001, j=17:0.000, j=18:0.001, j=19:0.001, j=20:0.002, j=21:0.002, j=22:0.004, j=23:0.007, j=24:0.025, j=25:0.050, j=26:0.096, j=27:0.144, j=28:0.246, j=29:0.412
      i=30 -> j=0:0.002, j=1:0.002, j=2:0.001, j=3:0.001, j=4:0.001, j=5:0.001, j=6:0.001, j=7:0.001, j=8:0.001, j=9:0.001, j=10:0.001, j=11:0.001, j=12:0.001, j=13:0.001, j=14:0.001, j=15:0.001, j=16:0.001, j=17:0.001, j=18:0.001, j=19:0.001, j=20:0.001, j=21:0.002, j=22:0.003, j=23:0.006, j=24:0.013, j=25:0.025, j=26:0.050, j=27:0.100, j=28:0.155, j=29:0.258, j=30:0.369
      i=31 -> j=0:0.002, j=1:0.001, j=2:0.001, j=3:0.001, j=4:0.001, j=5:0.001, j=6:0.001, j=7:0.001, j=8:0.001, j=9:0.000, j=10:0.000, j=11:0.000, j=12:0.000, j=13:0.000, j=14:0.001, j=15:0.000, j=16:0.000, j=17:0.000, j=18:0.000, j=19:0.001, j=20:0.001, j=21:0.001, j=22:0.001, j=23:0.001, j=24:0.003, j=25:0.008, j=26:0.023, j=27:0.065, j=28:0.090, j=29:0.150, j=30:0.265, j=31:0.379
      i=32 -> j=0:0.001, j=1:0.001, j=2:0.001, j=3:0.000, j=4:0.000, j=5:0.000, j=6:0.000, j=7:0.000, j=8:0.000, j=9:0.000, j=10:0.000, j=11:0.000, j=12:0.000, j=13:0.000, j=14:0.000, j=15:0.000, j=16:0.000, j=17:0.000, j=18:0.000, j=19:0.000, j=20:0.000, j=21:0.000, j=22:0.000, j=23:0.000, j=24:0.001, j=25:0.001, j=26:0.003, j=27:0.008, j=28:0.020, j=29:0.057, j=30:0.143, j=31:0.275, j=32:0.486
      i=33 -> j=0:0.001, j=1:0.001, j=2:0.001, j=3:0.001, j=4:0.001, j=5:0.001, j=6:0.000, j=7:0.000, j=8:0.000, j=9:0.000, j=10:0.000, j=11:0.000, j=12:0.000, j=13:0.000, j=14:0.000, j=15:0.000, j=16:0.000, j=17:0.000, j=18:0.000, j=19:0.000, j=20:0.000, j=21:0.000, j=22:0.000, j=23:0.000, j=24:0.000, j=25:0.000, j=26:0.001, j=27:0.003, j=28:0.007, j=29:0.026, j=30:0.078, j=31:0.188, j=32:0.245, j=33:0.441
      i=34 -> j=0:0.002, j=1:0.002, j=2:0.001, j=3:0.001, j=4:0.001, j=5:0.001, j=6:0.001, j=7:0.001, j=8:0.000, j=9:0.000, j=10:0.000, j=11:0.000, j=12:0.000, j=13:0.000, j=14:0.000, j=15:0.000, j=16:0.000, j=17:0.000, j=18:0.000, j=19:0.000, j=20:0.000, j=21:0.000, j=22:0.000, j=23:0.000, j=24:0.000, j=25:0.001, j=26:0.001, j=27:0.002, j=28:0.003, j=29:0.009, j=30:0.025, j=31:0.082, j=32:0.164, j=33:0.236, j=34:0.465
      i=35 -> j=0:0.002, j=1:0.002, j=2:0.002, j=3:0.001, j=4:0.001, j=5:0.001, j=6:0.001, j=7:0.001, j=8:0.001, j=9:0.001, j=10:0.001, j=11:0.000, j=12:0.001, j=13:0.000, j=14:0.000, j=15:0.001, j=16:0.000, j=17:0.000, j=18:0.000, j=19:0.000, j=20:0.000, j=21:0.000, j=22:0.000, j=23:0.000, j=24:0.001, j=25:0.001, j=26:0.001, j=27:0.001, j=28:0.002, j=29:0.003, j=30:0.013, j=31:0.036, j=32:0.138, j=33:0.186, j=34:0.247, j=35:0.355
      i=36 -> j=0:0.002, j=1:0.001, j=2:0.002, j=3:0.001, j=4:0.001, j=5:0.000, j=6:0.001, j=7:0.001, j=8:0.000, j=9:0.000, j=10:0.000, j=11:0.000, j=12:0.000, j=13:0.000, j=14:0.000, j=15:0.000, j=16:0.000, j=17:0.000, j=18:0.000, j=19:0.000, j=20:0.000, j=21:0.000, j=22:0.000, j=23:0.000, j=24:0.000, j=25:0.000, j=26:0.000, j=27:0.000, j=28:0.000, j=29:0.001, j=30:0.003, j=31:0.007, j=32:0.025, j=33:0.083, j=34:0.158, j=35:0.264, j=36:0.444
      i=37 -> j=0:0.002, j=1:0.002, j=2:0.002, j=3:0.001, j=4:0.001, j=5:0.001, j=6:0.001, j=7:0.001, j=8:0.000, j=9:0.000, j=10:0.000, j=11:0.000, j=12:0.000, j=13:0.000, j=14:0.000, j=15:0.000, j=16:0.000, j=17:0.000, j=18:0.000, j=19:0.000, j=20:0.000, j=21:0.000, j=22:0.000, j=23:0.000, j=24:0.000, j=25:0.000, j=26:0.000, j=27:0.000, j=28:0.000, j=29:0.000, j=30:0.001, j=31:0.003, j=32:0.008, j=33:0.029, j=34:0.066, j=35:0.145, j=36:0.253, j=37:0.478
      i=38 -> j=0:0.002, j=1:0.002, j=2:0.002, j=3:0.002, j=4:0.002, j=5:0.001, j=6:0.001, j=7:0.001, j=8:0.001, j=9:0.001, j=10:0.001, j=11:0.000, j=12:0.000, j=13:0.000, j=14:0.000, j=15:0.000, j=16:0.000, j=17:0.000, j=18:0.000, j=19:0.000, j=20:0.000, j=21:0.000, j=22:0.000, j=23:0.000, j=24:0.000, j=25:0.000, j=26:0.000, j=27:0.000, j=28:0.000, j=29:0.000, j=30:0.001, j=31:0.001, j=32:0.002, j=33:0.008, j=34:0.022, j=35:0.080, j=36:0.152, j=37:0.260, j=38:0.456
      i=39 -> j=0:0.003, j=1:0.003, j=2:0.003, j=3:0.003, j=4:0.003, j=5:0.002, j=6:0.001, j=7:0.001, j=8:0.001, j=9:0.001, j=10:0.001, j=11:0.001, j=12:0.001, j=13:0.000, j=14:0.000, j=15:0.000, j=16:0.000, j=17:0.000, j=18:0.000, j=19:0.000, j=20:0.000, j=21:0.000, j=22:0.000, j=23:0.000, j=24:0.000, j=25:0.000, j=26:0.000, j=27:0.000, j=28:0.000, j=29:0.000, j=30:0.000, j=31:0.001, j=32:0.001, j=33:0.003, j=34:0.008, j=35:0.030, j=36:0.058, j=37:0.137, j=38:0.294, j=39:0.439
      i=40 -> j=0:0.003, j=1:0.003, j=2:0.003, j=3:0.003, j=4:0.003, j=5:0.003, j=6:0.001, j=7:0.001, j=8:0.001, j=9:0.001, j=10:0.001, j=11:0.001, j=12:0.001, j=13:0.001, j=14:0.000, j=15:0.000, j=16:0.000, j=17:0.000, j=18:0.000, j=19:0.000, j=20:0.000, j=21:0.000, j=22:0.000, j=23:0.000, j=24:0.000, j=25:0.000, j=26:0.000, j=27:0.000, j=28:0.000, j=29:0.000, j=30:0.000, j=31:0.001, j=32:0.000, j=33:0.001, j=34:0.002, j=35:0.006, j=36:0.020, j=37:0.055, j=38:0.142, j=39:0.291, j=40:0.451
      i=41 -> j=0:0.002, j=1:0.002, j=2:0.002, j=3:0.002, j=4:0.002, j=5:0.002, j=6:0.001, j=7:0.001, j=8:0.001, j=9:0.001, j=10:0.001, j=11:0.001, j=12:0.000, j=13:0.000, j=14:0.000, j=15:0.000, j=16:0.000, j=17:0.000, j=18:0.000, j=19:0.000, j=20:0.000, j=21:0.000, j=22:0.000, j=23:0.000, j=24:0.000, j=25:0.000, j=26:0.000, j=27:0.000, j=28:0.000, j=29:0.000, j=30:0.000, j=31:0.000, j=32:0.000, j=33:0.000, j=34:0.001, j=35:0.002, j=36:0.004, j=37:0.015, j=38:0.043, j=39:0.170, j=40:0.276, j=41:0.468
      i=42 -> j=0:0.003, j=1:0.003, j=2:0.003, j=3:0.002, j=4:0.002, j=5:0.003, j=6:0.003, j=7:0.002, j=8:0.001, j=9:0.001, j=10:0.001, j=11:0.001, j=12:0.001, j=13:0.001, j=14:0.001, j=15:0.000, j=16:0.000, j=17:0.000, j=18:0.000, j=19:0.000, j=20:0.000, j=21:0.000, j=22:0.000, j=23:0.000, j=24:0.000, j=25:0.000, j=26:0.000, j=27:0.000, j=28:0.000, j=29:0.000, j=30:0.000, j=31:0.001, j=32:0.000, j=33:0.001, j=34:0.001, j=35:0.002, j=36:0.003, j=37:0.010, j=38:0.027, j=39:0.090, j=40:0.126, j=41:0.234, j=42:0.473
      i=43 -> j=0:0.005, j=1:0.004, j=2:0.005, j=3:0.004, j=4:0.004, j=5:0.003, j=6:0.003, j=7:0.003, j=8:0.003, j=9:0.002, j=10:0.002, j=11:0.002, j=12:0.001, j=13:0.001, j=14:0.001, j=15:0.001, j=16:0.001, j=17:0.001, j=18:0.000, j=19:0.000, j=20:0.000, j=21:0.000, j=22:0.000, j=23:0.000, j=24:0.000, j=25:0.000, j=26:0.000, j=27:0.000, j=28:0.000, j=29:0.000, j=30:0.000, j=31:0.000, j=32:0.000, j=33:0.000, j=34:0.000, j=35:0.001, j=36:0.001, j=37:0.002, j=38:0.006, j=39:0.029, j=40:0.044, j=41:0.142, j=42:0.257, j=43:0.468
      i=44 -> j=0:0.004, j=1:0.004, j=2:0.003, j=3:0.004, j=4:0.004, j=5:0.003, j=6:0.003, j=7:0.002, j=8:0.003, j=9:0.002, j=10:0.002, j=11:0.002, j=12:0.001, j=13:0.001, j=14:0.001, j=15:0.001, j=16:0.001, j=17:0.001, j=18:0.000, j=19:0.000, j=20:0.000, j=21:0.000, j=22:0.000, j=23:0.000, j=24:0.000, j=25:0.000, j=26:0.000, j=27:0.000, j=28:0.000, j=29:0.000, j=30:0.000, j=31:0.000, j=32:0.000, j=33:0.000, j=34:0.000, j=35:0.001, j=36:0.001, j=37:0.001, j=38:0.003, j=39:0.011, j=40:0.017, j=41:0.064, j=42:0.172, j=43:0.237, j=44:0.449
      i=45 -> j=0:0.004, j=1:0.003, j=2:0.003, j=3:0.003, j=4:0.003, j=5:0.004, j=6:0.003, j=7:0.003, j=8:0.002, j=9:0.003, j=10:0.002, j=11:0.001, j=12:0.001, j=13:0.001, j=14:0.001, j=15:0.001, j=16:0.001, j=17:0.000, j=18:0.000, j=19:0.000, j=20:0.000, j=21:0.000, j=22:0.000, j=23:0.000, j=24:0.000, j=25:0.000, j=26:0.000, j=27:0.000, j=28:0.000, j=29:0.000, j=30:0.000, j=31:0.000, j=32:0.000, j=33:0.000, j=34:0.000, j=35:0.000, j=36:0.000, j=37:0.000, j=38:0.001, j=39:0.003, j=40:0.004, j=41:0.034, j=42:0.057, j=43:0.186, j=44:0.260, j=45:0.413
      i=46 -> j=0:0.007, j=1:0.006, j=2:0.006, j=3:0.006, j=4:0.007, j=5:0.007, j=6:0.005, j=7:0.004, j=8:0.005, j=9:0.004, j=10:0.004, j=11:0.004, j=12:0.003, j=13:0.002, j=14:0.002, j=15:0.002, j=16:0.001, j=17:0.001, j=18:0.001, j=19:0.001, j=20:0.001, j=21:0.001, j=22:0.001, j=23:0.001, j=24:0.000, j=25:0.000, j=26:0.000, j=27:0.000, j=28:0.000, j=29:0.000, j=30:0.000, j=31:0.000, j=32:0.000, j=33:0.000, j=34:0.001, j=35:0.001, j=36:0.001, j=37:0.001, j=38:0.002, j=39:0.005, j=40:0.006, j=41:0.018, j=42:0.039, j=43:0.088, j=44:0.170, j=45:0.204, j=46:0.378
      i=47 -> j=0:0.003, j=1:0.003, j=2:0.003, j=3:0.003, j=4:0.003, j=5:0.002, j=6:0.002, j=7:0.002, j=8:0.002, j=9:0.002, j=10:0.002, j=11:0.001, j=12:0.002, j=13:0.001, j=14:0.001, j=15:0.001, j=16:0.001, j=17:0.001, j=18:0.001, j=19:0.000, j=20:0.000, j=21:0.000, j=22:0.000, j=23:0.000, j=24:0.000, j=25:0.000, j=26:0.000, j=27:0.000, j=28:0.000, j=29:0.000, j=30:0.000, j=31:0.000, j=32:0.000, j=33:0.000, j=34:0.000, j=35:0.000, j=36:0.000, j=37:0.000, j=38:0.000, j=39:0.001, j=40:0.001, j=41:0.003, j=42:0.010, j=43:0.026, j=44:0.070, j=45:0.151, j=46:0.269, j=47:0.430
      i=48 -> j=0:0.008, j=1:0.005, j=2:0.007, j=3:0.005, j=4:0.005, j=5:0.005, j=6:0.005, j=7:0.006, j=8:0.004, j=9:0.005, j=10:0.004, j=11:0.003, j=12:0.004, j=13:0.003, j=14:0.002, j=15:0.002, j=16:0.001, j=17:0.001, j=18:0.001, j=19:0.001, j=20:0.001, j=21:0.001, j=22:0.000, j=23:0.001, j=24:0.001, j=25:0.001, j=26:0.001, j=27:0.000, j=28:0.000, j=29:0.000, j=30:0.000, j=31:0.001, j=32:0.000, j=33:0.000, j=34:0.000, j=35:0.000, j=36:0.000, j=37:0.001, j=38:0.001, j=39:0.001, j=40:0.001, j=41:0.003, j=42:0.006, j=43:0.029, j=44:0.034, j=45:0.192, j=46:0.126, j=47:0.220, j=48:0.302
      i=49 -> j=0:0.005, j=1:0.005, j=2:0.005, j=3:0.004, j=4:0.004, j=5:0.005, j=6:0.003, j=7:0.003, j=8:0.003, j=9:0.003, j=10:0.003, j=11:0.003, j=12:0.003, j=13:0.002, j=14:0.002, j=15:0.002, j=16:0.001, j=17:0.001, j=18:0.001, j=19:0.001, j=20:0.001, j=21:0.000, j=22:0.001, j=23:0.000, j=24:0.000, j=25:0.000, j=26:0.000, j=27:0.000, j=28:0.000, j=29:0.000, j=30:0.000, j=31:0.000, j=32:0.000, j=33:0.000, j=34:0.000, j=35:0.000, j=36:0.000, j=37:0.000, j=38:0.000, j=39:0.000, j=40:0.000, j=41:0.001, j=42:0.001, j=43:0.003, j=44:0.008, j=45:0.026, j=46:0.059, j=47:0.130, j=48:0.262, j=49:0.445
      i=50 -> j=0:0.006, j=1:0.005, j=2:0.004, j=3:0.004, j=4:0.004, j=5:0.006, j=6:0.004, j=7:0.003, j=8:0.003, j=9:0.003, j=10:0.003, j=11:0.003, j=12:0.003, j=13:0.003, j=14:0.002, j=15:0.002, j=16:0.002, j=17:0.002, j=18:0.002, j=19:0.001, j=20:0.001, j=21:0.001, j=22:0.001, j=23:0.001, j=24:0.000, j=25:0.000, j=26:0.000, j=27:0.000, j=28:0.000, j=29:0.000, j=30:0.000, j=31:0.000, j=32:0.000, j=33:0.000, j=34:0.000, j=35:0.000, j=36:0.000, j=37:0.000, j=38:0.000, j=39:0.001, j=40:0.001, j=41:0.001, j=42:0.002, j=43:0.004, j=44:0.009, j=45:0.029, j=46:0.052, j=47:0.081, j=48:0.143, j=49:0.258, j=50:0.346
      i=51 -> j=0:0.006, j=1:0.006, j=2:0.006, j=3:0.005, j=4:0.005, j=5:0.005, j=6:0.005, j=7:0.005, j=8:0.004, j=9:0.004, j=10:0.004, j=11:0.003, j=12:0.003, j=13:0.003, j=14:0.003, j=15:0.003, j=16:0.002, j=17:0.002, j=18:0.002, j=19:0.001, j=20:0.001, j=21:0.001, j=22:0.001, j=23:0.001, j=24:0.001, j=25:0.000, j=26:0.000, j=27:0.000, j=28:0.000, j=29:0.000, j=30:0.000, j=31:0.000, j=32:0.000, j=33:0.000, j=34:0.000, j=35:0.000, j=36:0.000, j=37:0.000, j=38:0.000, j=39:0.000, j=40:0.000, j=41:0.000, j=42:0.000, j=43:0.001, j=44:0.002, j=45:0.003, j=46:0.009, j=47:0.021, j=48:0.061, j=49:0.146, j=50:0.245, j=51:0.427
      i=52 -> j=0:0.004, j=1:0.003, j=2:0.003, j=3:0.003, j=4:0.004, j=5:0.003, j=6:0.002, j=7:0.003, j=8:0.003, j=9:0.003, j=10:0.003, j=11:0.002, j=12:0.002, j=13:0.002, j=14:0.001, j=15:0.002, j=16:0.002, j=17:0.002, j=18:0.001, j=19:0.001, j=20:0.001, j=21:0.001, j=22:0.001, j=23:0.001, j=24:0.000, j=25:0.000, j=26:0.000, j=27:0.000, j=28:0.000, j=29:0.000, j=30:0.000, j=31:0.000, j=32:0.000, j=33:0.000, j=34:0.000, j=35:0.000, j=36:0.000, j=37:0.000, j=38:0.000, j=39:0.000, j=40:0.000, j=41:0.001, j=42:0.000, j=43:0.000, j=44:0.001, j=45:0.001, j=46:0.003, j=47:0.011, j=48:0.037, j=49:0.082, j=50:0.216, j=51:0.209, j=52:0.380
      i=53 -> j=0:0.005, j=1:0.005, j=2:0.004, j=3:0.005, j=4:0.004, j=5:0.004, j=6:0.004, j=7:0.004, j=8:0.003, j=9:0.003, j=10:0.004, j=11:0.004, j=12:0.004, j=13:0.003, j=14:0.003, j=15:0.003, j=16:0.002, j=17:0.002, j=18:0.002, j=19:0.002, j=20:0.001, j=21:0.001, j=22:0.001, j=23:0.001, j=24:0.001, j=25:0.001, j=26:0.000, j=27:0.000, j=28:0.000, j=29:0.000, j=30:0.000, j=31:0.000, j=32:0.000, j=33:0.000, j=34:0.000, j=35:0.000, j=36:0.000, j=37:0.000, j=38:0.000, j=39:0.000, j=40:0.000, j=41:0.000, j=42:0.000, j=43:0.000, j=44:0.001, j=45:0.001, j=46:0.001, j=47:0.003, j=48:0.009, j=49:0.026, j=50:0.066, j=51:0.146, j=52:0.275, j=53:0.394
      i=54 -> j=0:0.006, j=1:0.004, j=2:0.005, j=3:0.004, j=4:0.004, j=5:0.003, j=6:0.003, j=7:0.003, j=8:0.004, j=9:0.003, j=10:0.002, j=11:0.003, j=12:0.003, j=13:0.002, j=14:0.002, j=15:0.003, j=16:0.002, j=17:0.002, j=18:0.002, j=19:0.002, j=20:0.001, j=21:0.001, j=22:0.001, j=23:0.001, j=24:0.001, j=25:0.001, j=26:0.000, j=27:0.000, j=28:0.000, j=29:0.000, j=30:0.000, j=31:0.000, j=32:0.000, j=33:0.000, j=34:0.000, j=35:0.000, j=36:0.000, j=37:0.000, j=38:0.000, j=39:0.000, j=40:0.000, j=41:0.000, j=42:0.000, j=43:0.000, j=44:0.001, j=45:0.001, j=46:0.002, j=47:0.003, j=48:0.006, j=49:0.016, j=50:0.077, j=51:0.113, j=52:0.232, j=53:0.192, j=54:0.287
      i=55 -> j=0:0.004, j=1:0.004, j=2:0.005, j=3:0.005, j=4:0.006, j=5:0.004, j=6:0.005, j=7:0.005, j=8:0.004, j=9:0.003, j=10:0.004, j=11:0.004, j=12:0.003, j=13:0.004, j=14:0.004, j=15:0.002, j=16:0.003, j=17:0.003, j=18:0.003, j=19:0.002, j=20:0.002, j=21:0.002, j=22:0.001, j=23:0.001, j=24:0.001, j=25:0.001, j=26:0.001, j=27:0.001, j=28:0.000, j=29:0.000, j=30:0.000, j=31:0.000, j=32:0.000, j=33:0.000, j=34:0.000, j=35:0.000, j=36:0.000, j=37:0.000, j=38:0.000, j=39:0.000, j=40:0.000, j=41:0.000, j=42:0.000, j=43:0.000, j=44:0.000, j=45:0.000, j=46:0.000, j=47:0.001, j=48:0.001, j=49:0.002, j=50:0.006, j=51:0.029, j=52:0.064, j=53:0.155, j=54:0.228, j=55:0.422
      i=56 -> j=0:0.008, j=1:0.008, j=2:0.008, j=3:0.007, j=4:0.007, j=5:0.005, j=6:0.005, j=7:0.010, j=8:0.006, j=9:0.006, j=10:0.005, j=11:0.005, j=12:0.004, j=13:0.006, j=14:0.007, j=15:0.005, j=16:0.005, j=17:0.004, j=18:0.004, j=19:0.005, j=20:0.004, j=21:0.003, j=22:0.001, j=23:0.002, j=24:0.002, j=25:0.002, j=26:0.002, j=27:0.001, j=28:0.001, j=29:0.001, j=30:0.001, j=31:0.001, j=32:0.001, j=33:0.001, j=34:0.000, j=35:0.000, j=36:0.000, j=37:0.000, j=38:0.000, j=39:0.000, j=40:0.000, j=41:0.000, j=42:0.000, j=43:0.001, j=44:0.001, j=45:0.001, j=46:0.001, j=47:0.001, j=48:0.001, j=49:0.004, j=50:0.007, j=51:0.017, j=52:0.035, j=53:0.092, j=54:0.140, j=55:0.232, j=56:0.324
      i=57 -> j=0:0.008, j=1:0.011, j=2:0.011, j=3:0.011, j=4:0.011, j=5:0.009, j=6:0.008, j=7:0.009, j=8:0.009, j=9:0.009, j=10:0.008, j=11:0.009, j=12:0.007, j=13:0.007, j=14:0.008, j=15:0.005, j=16:0.006, j=17:0.006, j=18:0.005, j=19:0.005, j=20:0.005, j=21:0.003, j=22:0.002, j=23:0.003, j=24:0.002, j=25:0.002, j=26:0.001, j=27:0.002, j=28:0.001, j=29:0.001, j=30:0.001, j=31:0.001, j=32:0.001, j=33:0.001, j=34:0.001, j=35:0.000, j=36:0.000, j=37:0.000, j=38:0.000, j=39:0.000, j=40:0.000, j=41:0.000, j=42:0.000, j=43:0.000, j=44:0.001, j=45:0.000, j=46:0.001, j=47:0.001, j=48:0.002, j=49:0.003, j=50:0.004, j=51:0.011, j=52:0.024, j=53:0.046, j=54:0.080, j=55:0.140, j=56:0.173, j=57:0.324
      i=58 -> j=0:0.008, j=1:0.008, j=2:0.008, j=3:0.008, j=4:0.009, j=5:0.009, j=6:0.007, j=7:0.007, j=8:0.008, j=9:0.007, j=10:0.007, j=11:0.009, j=12:0.007, j=13:0.005, j=14:0.007, j=15:0.006, j=16:0.005, j=17:0.005, j=18:0.005, j=19:0.004, j=20:0.005, j=21:0.004, j=22:0.003, j=23:0.003, j=24:0.002, j=25:0.002, j=26:0.002, j=27:0.002, j=28:0.001, j=29:0.001, j=30:0.001, j=31:0.001, j=32:0.001, j=33:0.001, j=34:0.001, j=35:0.001, j=36:0.000, j=37:0.000, j=38:0.000, j=39:0.000, j=40:0.000, j=41:0.000, j=42:0.000, j=43:0.000, j=44:0.000, j=45:0.000, j=46:0.001, j=47:0.001, j=48:0.001, j=49:0.001, j=50:0.002, j=51:0.004, j=52:0.009, j=53:0.015, j=54:0.037, j=55:0.064, j=56:0.130, j=57:0.214, j=58:0.350
      i=59 -> j=0:0.008, j=1:0.006, j=2:0.006, j=3:0.007, j=4:0.006, j=5:0.007, j=6:0.006, j=7:0.008, j=8:0.006, j=9:0.008, j=10:0.008, j=11:0.007, j=12:0.008, j=13:0.006, j=14:0.005, j=15:0.006, j=16:0.004, j=17:0.005, j=18:0.004, j=19:0.006, j=20:0.004, j=21:0.004, j=22:0.004, j=23:0.004, j=24:0.003, j=25:0.003, j=26:0.002, j=27:0.002, j=28:0.002, j=29:0.001, j=30:0.001, j=31:0.001, j=32:0.001, j=33:0.001, j=34:0.001, j=35:0.001, j=36:0.000, j=37:0.000, j=38:0.000, j=39:0.000, j=40:0.000, j=41:0.000, j=42:0.000, j=43:0.000, j=44:0.000, j=45:0.000, j=46:0.000, j=47:0.000, j=48:0.000, j=49:0.000, j=50:0.001, j=51:0.001, j=52:0.002, j=53:0.005, j=54:0.014, j=55:0.024, j=56:0.104, j=57:0.153, j=58:0.199, j=59:0.329
      i=60 -> j=0:0.007, j=1:0.006, j=2:0.006, j=3:0.007, j=4:0.007, j=5:0.006, j=6:0.006, j=7:0.006, j=8:0.006, j=9:0.006, j=10:0.006, j=11:0.005, j=12:0.006, j=13:0.005, j=14:0.004, j=15:0.005, j=16:0.004, j=17:0.004, j=18:0.004, j=19:0.004, j=20:0.003, j=21:0.003, j=22:0.004, j=23:0.003, j=24:0.003, j=25:0.002, j=26:0.002, j=27:0.001, j=28:0.001, j=29:0.001, j=30:0.001, j=31:0.001, j=32:0.001, j=33:0.001, j=34:0.000, j=35:0.000, j=36:0.000, j=37:0.000, j=38:0.000, j=39:0.000, j=40:0.000, j=41:0.000, j=42:0.000, j=43:0.000, j=44:0.000, j=45:0.000, j=46:0.000, j=47:0.000, j=48:0.000, j=49:0.000, j=50:0.000, j=51:0.001, j=52:0.001, j=53:0.001, j=54:0.003, j=55:0.006, j=56:0.023, j=57:0.059, j=58:0.135, j=59:0.200, j=60:0.432
      i=61 -> j=0:0.005, j=1:0.005, j=2:0.006, j=3:0.005, j=4:0.005, j=5:0.004, j=6:0.004, j=7:0.004, j=8:0.005, j=9:0.005, j=10:0.005, j=11:0.004, j=12:0.004, j=13:0.005, j=14:0.005, j=15:0.004, j=16:0.004, j=17:0.003, j=18:0.004, j=19:0.003, j=20:0.003, j=21:0.003, j=22:0.003, j=23:0.003, j=24:0.003, j=25:0.002, j=26:0.002, j=27:0.002, j=28:0.001, j=29:0.001, j=30:0.001, j=31:0.001, j=32:0.001, j=33:0.001, j=34:0.000, j=35:0.000, j=36:0.000, j=37:0.000, j=38:0.000, j=39:0.000, j=40:0.000, j=41:0.000, j=42:0.000, j=43:0.000, j=44:0.000, j=45:0.000, j=46:0.000, j=47:0.000, j=48:0.000, j=49:0.000, j=50:0.000, j=51:0.000, j=52:0.001, j=53:0.000, j=54:0.001, j=55:0.001, j=56:0.005, j=57:0.016, j=58:0.052, j=59:0.135, j=60:0.202, j=61:0.469
      i=62 -> j=0:0.004, j=1:0.005, j=2:0.005, j=3:0.004, j=4:0.004, j=5:0.004, j=6:0.004, j=7:0.004, j=8:0.004, j=9:0.004, j=10:0.004, j=11:0.004, j=12:0.004, j=13:0.004, j=14:0.004, j=15:0.004, j=16:0.003, j=17:0.003, j=18:0.003, j=19:0.003, j=20:0.002, j=21:0.003, j=22:0.002, j=23:0.002, j=24:0.003, j=25:0.002, j=26:0.002, j=27:0.002, j=28:0.001, j=29:0.001, j=30:0.001, j=31:0.001, j=32:0.001, j=33:0.001, j=34:0.000, j=35:0.000, j=36:0.000, j=37:0.000, j=38:0.000, j=39:0.000, j=40:0.000, j=41:0.000, j=42:0.000, j=43:0.000, j=44:0.000, j=45:0.000, j=46:0.000, j=47:0.000, j=48:0.000, j=49:0.000, j=50:0.000, j=51:0.000, j=52:0.001, j=53:0.000, j=54:0.001, j=55:0.001, j=56:0.004, j=57:0.008, j=58:0.032, j=59:0.048, j=60:0.129, j=61:0.248, j=62:0.422
      i=63 -> j=0:0.006, j=1:0.007, j=2:0.006, j=3:0.006, j=4:0.006, j=5:0.005, j=6:0.004, j=7:0.007, j=8:0.006, j=9:0.006, j=10:0.006, j=11:0.007, j=12:0.004, j=13:0.006, j=14:0.009, j=15:0.008, j=16:0.007, j=17:0.005, j=18:0.005, j=19:0.007, j=20:0.007, j=21:0.005, j=22:0.004, j=23:0.003, j=24:0.003, j=25:0.003, j=26:0.004, j=27:0.004, j=28:0.003, j=29:0.003, j=30:0.002, j=31:0.001, j=32:0.001, j=33:0.001, j=34:0.001, j=35:0.001, j=36:0.001, j=37:0.000, j=38:0.000, j=39:0.000, j=40:0.000, j=41:0.000, j=42:0.000, j=43:0.000, j=44:0.000, j=45:0.000, j=46:0.000, j=47:0.000, j=48:0.000, j=49:0.000, j=50:0.000, j=51:0.000, j=52:0.000, j=53:0.000, j=54:0.001, j=55:0.001, j=56:0.002, j=57:0.004, j=58:0.015, j=59:0.049, j=60:0.069, j=61:0.152, j=62:0.225, j=63:0.307
    Average attention per distance:
      d=0:0.432, d=1:0.252, d=2:0.157, d=3:0.084, d=4:0.033, d=5:0.013


======================================================================
QK Property Verification (Raw Scores, before Softmax)
======================================================================
Recurrence order init_len=2, num test sequences=1

--- [P1] Long-distance Orthogonality Verification ---
Ideal: raw_score mean ≈ 0 and small std when d > init_len

  Layer 0, Head 0:
    d= 1 (effective): mean=  4.351, std= 0.373, n=63
    d= 2 (effective): mean=  3.885, std= 0.362, n=62
    d>2 (long-distance): mean= -1.012, std= 1.562, n=1891

--- [P2] Time-homogeneous Verification ---
Ideal: CV of raw_score across positions i ≈ 0 for fixed distance d
(CV = std / |mean|, smaller = more constant)

  Layer 0, Head 0:
    d= 1: mean=  4.351, std= 0.373, CV=0.086, n=63
    d= 2: mean=  3.885, std= 0.362, CV=0.093, n=62

======================================================================
QK Property Verification Completed
======================================================================
