=== Experiment: mixed_basic_d256l4_r32_t32_c0.5 ===
Time: 2026-06-17T17:46:36.284887
Task type: mixed_ab
Merged config: {
  "P": 53,
  "TASK": "mixed_ab",
  "NUM_MASK": 2,
  "A": 1,
  "B": 1,
  "AB_PAIRS": [
    [
      1,
      1
    ],
    [
      1,
      2
    ]
  ],
  "D_MODEL": 256,
  "N_HEAD": 1,
  "N_LAYER": 4,
  "BATCH_SIZE": 128,
  "EPOCHS": 10000,
  "LR": 0.0003,
  "SAVE_PATH": "models/mixed_basic_d256l4_r32_t32_c0.5.pth",
  "USE_GREEDY_GENERATE": true,
  "USE_LEARNABLE_PE": false,
  "MLP_RATIO": 32,
  "TRAIN_LEN": 32,
  "OOD_LEN": 64,
  "DROPOUT": 0.0,
  "TARGET_INIT_COVERAGE": 0.5,
  "MAX_UNIQUE_RATIO": 0.5,
  "WEIGHT_DECAY": 1,
  "ENTROPY_PENALTY_WEIGHT": 0.0,
  "FIRST_TASK_WEIGHT": 1.0,
  "RANDOM_SEED": 42,
  "EVAL_INTERVAL": 20,
  "EARLY_STOP_NO_IMPROVE": 2000,
  "EARLY_STOP_ACCURACY": 0.99,
  "USE_AB_TAG": false,
  "USE_CONDITIONAL_WTE": false,
  "COND_WTE_SHARED_RATIO": 0.0
}
--- output ---
Using device: cuda

[Dataset] Mixed mode: generated 2810 + 2808 samples, length 32
AB parameter pairs: [(1, 1), (1, 2)]
--------------------------------------------------
[Model config] block_size: 64, train length: 32
[Number theory] AB parameter pairs: [(1, 1), (1, 2)]


Model parameters: 17.92M

Start training...
Epoch   0 | Train: Loss=4.0833 Acc=8.5% | Test: Acc=0.2% | Best=0.2%(@0)
  from x3: 0.00 0.01 0.00 0.00 0.00 0.00 0.00 0.00 0.00 0.00 0.00 0.00 0.00 0.00 0.00 0.00 0.00 0.00 0.00 0.00 0.00 0.00 0.00 0.00 0.00 0.00 0.00 0.00 0.00
  per-rule acc: 0.00 0.00
Epoch  20 | Train: Loss=0.0395 Acc=99.6% | Test: Acc=1.5% | Best=1.5%(@20)
  from x3: 0.01 0.01 0.02 0.02 0.02 0.02 0.02 0.02 0.02 0.02 0.02 0.01 0.02 0.02 0.02 0.02 0.02 0.01 0.01 0.01 0.01 0.01 0.02 0.02 0.01 0.02 0.01 0.02 0.01
  per-rule acc: 0.01 0.02
Epoch  40 | Train: Loss=0.0146 Acc=99.9% | Test: Acc=1.5% | Best=1.5%(@20)
  from x3: 0.02 0.01 0.01 0.02 0.01 0.01 0.02 0.02 0.02 0.02 0.01 0.01 0.01 0.02 0.01 0.02 0.02 0.02 0.01 0.02 0.02 0.02 0.01 0.01 0.01 0.01 0.01 0.01 0.01
  per-rule acc: 0.01 0.02
Epoch  60 | Train: Loss=0.0393 Acc=99.6% | Test: Acc=1.6% | Best=1.6%(@60)
  from x3: 0.02 0.02 0.02 0.02 0.02 0.02 0.02 0.02 0.02 0.02 0.02 0.02 0.02 0.02 0.02 0.02 0.02 0.02 0.01 0.01 0.01 0.02 0.01 0.01 0.01 0.02 0.01 0.02 0.01
  per-rule acc: 0.02 0.02
Epoch  80 | Train: Loss=0.0070 Acc=100.0% | Test: Acc=1.6% | Best=1.6%(@60)
  from x3: 0.02 0.02 0.01 0.02 0.02 0.02 0.02 0.02 0.02 0.02 0.02 0.02 0.02 0.02 0.02 0.02 0.02 0.02 0.02 0.02 0.02 0.02 0.02 0.02 0.02 0.01 0.01 0.01 0.01
  per-rule acc: 0.01 0.02
Epoch 100 | Train: Loss=0.0239 Acc=99.7% | Test: Acc=1.6% | Best=1.6%(@100)
  from x3: 0.02 0.02 0.01 0.02 0.02 0.02 0.02 0.02 0.02 0.02 0.02 0.02 0.02 0.02 0.02 0.02 0.02 0.02 0.02 0.02 0.02 0.02 0.02 0.02 0.02 0.02 0.02 0.02 0.02
  per-rule acc: 0.02 0.02
Epoch 120 | Train: Loss=0.0300 Acc=99.7% | Test: Acc=1.7% | Best=1.7%(@120)
  from x3: 0.02 0.02 0.02 0.02 0.02 0.02 0.02 0.02 0.02 0.02 0.02 0.02 0.02 0.02 0.02 0.02 0.02 0.02 0.02 0.02 0.02 0.02 0.02 0.02 0.02 0.02 0.02 0.02 0.02
  per-rule acc: 0.01 0.02
Epoch 140 | Train: Loss=0.0054 Acc=100.0% | Test: Acc=1.7% | Best=1.7%(@140)
  from x3: 0.02 0.02 0.02 0.02 0.02 0.02 0.02 0.02 0.02 0.02 0.02 0.02 0.02 0.02 0.02 0.02 0.02 0.02 0.02 0.02 0.02 0.02 0.02 0.02 0.02 0.02 0.02 0.02 0.02
  per-rule acc: 0.01 0.02
Epoch 160 | Train: Loss=0.1362 Acc=98.8% | Test: Acc=1.6% | Best=1.7%(@140)
  from x3: 0.02 0.02 0.02 0.01 0.02 0.02 0.02 0.01 0.02 0.02 0.02 0.02 0.02 0.02 0.02 0.02 0.02 0.02 0.02 0.02 0.02 0.02 0.02 0.01 0.02 0.02 0.02 0.01 0.01
  per-rule acc: 0.01 0.02
Epoch 180 | Train: Loss=0.0180 Acc=99.8% | Test: Acc=1.9% | Best=1.9%(@180)
  from x3: 0.03 0.02 0.02 0.02 0.02 0.02 0.02 0.02 0.02 0.02 0.02 0.02 0.02 0.02 0.02 0.02 0.02 0.02 0.02 0.02 0.02 0.02 0.02 0.02 0.02 0.02 0.02 0.02 0.02
  per-rule acc: 0.01 0.02
Epoch 200 | Train: Loss=0.0086 Acc=99.9% | Test: Acc=2.1% | Best=2.1%(@200)
  from x3: 0.03 0.02 0.02 0.02 0.02 0.02 0.02 0.02 0.02 0.02 0.02 0.02 0.02 0.02 0.02 0.02 0.02 0.02 0.02 0.02 0.02 0.02 0.02 0.02 0.02 0.02 0.02 0.02 0.02
  per-rule acc: 0.02 0.03
Epoch 220 | Train: Loss=0.0048 Acc=100.0% | Test: Acc=1.8% | Best=2.1%(@200)
  from x3: 0.02 0.02 0.02 0.02 0.02 0.02 0.02 0.02 0.02 0.02 0.02 0.02 0.02 0.02 0.02 0.02 0.02 0.02 0.02 0.02 0.02 0.02 0.02 0.02 0.02 0.02 0.02 0.02 0.02
  per-rule acc: 0.01 0.02
Epoch 240 | Train: Loss=0.0152 Acc=99.8% | Test: Acc=2.5% | Best=2.5%(@240)
  from x3: 0.03 0.03 0.02 0.02 0.02 0.02 0.03 0.03 0.03 0.03 0.03 0.03 0.03 0.03 0.03 0.02 0.02 0.03 0.03 0.02 0.02 0.02 0.02 0.03 0.03 0.03 0.03 0.03 0.03
  per-rule acc: 0.02 0.03
Epoch 260 | Train: Loss=0.0043 Acc=100.0% | Test: Acc=2.0% | Best=2.5%(@240)
  from x3: 0.03 0.02 0.02 0.02 0.02 0.02 0.02 0.02 0.02 0.02 0.02 0.02 0.02 0.02 0.02 0.02 0.02 0.02 0.02 0.02 0.02 0.02 0.02 0.02 0.02 0.02 0.02 0.02 0.02
  per-rule acc: 0.02 0.02
Epoch 280 | Train: Loss=0.0060 Acc=99.9% | Test: Acc=2.4% | Best=2.5%(@240)
  from x3: 0.03 0.02 0.02 0.02 0.02 0.02 0.02 0.02 0.03 0.02 0.02 0.02 0.02 0.02 0.02 0.02 0.02 0.02 0.02 0.02 0.02 0.02 0.02 0.02 0.02 0.02 0.02 0.02 0.02
  per-rule acc: 0.02 0.03
Epoch 300 | Train: Loss=0.0043 Acc=100.0% | Test: Acc=2.4% | Best=2.5%(@240)
  from x3: 0.03 0.02 0.02 0.02 0.02 0.02 0.02 0.02 0.02 0.02 0.02 0.02 0.02 0.03 0.02 0.03 0.02 0.02 0.02 0.02 0.02 0.02 0.02 0.02 0.02 0.02 0.02 0.02 0.02
  per-rule acc: 0.02 0.03
Epoch 320 | Train: Loss=0.0424 Acc=99.3% | Test: Acc=2.9% | Best=2.9%(@320)
  from x3: 0.04 0.03 0.03 0.03 0.03 0.03 0.03 0.03 0.03 0.03 0.03 0.03 0.03 0.03 0.03 0.03 0.03 0.03 0.03 0.03 0.03 0.03 0.03 0.03 0.03 0.03 0.03 0.03 0.03
  per-rule acc: 0.03 0.02
Epoch 340 | Train: Loss=0.0038 Acc=100.0% | Test: Acc=2.7% | Best=2.9%(@320)
  from x3: 0.04 0.03 0.02 0.03 0.03 0.03 0.03 0.03 0.03 0.03 0.03 0.03 0.03 0.03 0.03 0.03 0.03 0.03 0.03 0.03 0.03 0.03 0.03 0.03 0.03 0.03 0.03 0.03 0.03
  per-rule acc: 0.02 0.03
Epoch 360 | Train: Loss=0.0041 Acc=100.0% | Test: Acc=2.8% | Best=2.9%(@320)
  from x3: 0.04 0.03 0.03 0.03 0.03 0.02 0.03 0.03 0.03 0.03 0.03 0.03 0.03 0.03 0.03 0.03 0.03 0.03 0.03 0.03 0.03 0.03 0.03 0.03 0.03 0.03 0.03 0.03 0.03
  per-rule acc: 0.02 0.03
Epoch 380 | Train: Loss=0.0145 Acc=99.8% | Test: Acc=3.4% | Best=3.4%(@380)
  from x3: 0.04 0.03 0.03 0.03 0.03 0.03 0.03 0.04 0.03 0.03 0.03 0.03 0.03 0.03 0.03 0.03 0.03 0.03 0.03 0.03 0.03 0.03 0.03 0.03 0.03 0.03 0.04 0.03 0.03
  per-rule acc: 0.03 0.04
Epoch 400 | Train: Loss=0.0039 Acc=100.0% | Test: Acc=3.0% | Best=3.4%(@380)
  from x3: 0.04 0.03 0.03 0.03 0.03 0.03 0.03 0.03 0.03 0.03 0.03 0.03 0.03 0.03 0.03 0.03 0.03 0.03 0.03 0.03 0.03 0.03 0.03 0.03 0.03 0.03 0.03 0.03 0.03
  per-rule acc: 0.03 0.03
Epoch 420 | Train: Loss=0.0070 Acc=99.9% | Test: Acc=3.6% | Best=3.6%(@420)
  from x3: 0.04 0.03 0.03 0.04 0.04 0.04 0.04 0.04 0.04 0.04 0.04 0.04 0.04 0.04 0.04 0.04 0.04 0.04 0.04 0.04 0.04 0.04 0.04 0.04 0.04 0.04 0.04 0.04 0.04
  per-rule acc: 0.04 0.03
Epoch 440 | Train: Loss=0.0034 Acc=100.0% | Test: Acc=3.1% | Best=3.6%(@420)
  from x3: 0.04 0.03 0.03 0.03 0.03 0.03 0.03 0.03 0.03 0.03 0.03 0.03 0.03 0.03 0.03 0.03 0.03 0.03 0.03 0.03 0.03 0.03 0.03 0.03 0.03 0.03 0.03 0.03 0.03
  per-rule acc: 0.03 0.03
Epoch 460 | Train: Loss=0.0039 Acc=100.0% | Test: Acc=3.4% | Best=3.6%(@420)
  from x3: 0.04 0.03 0.03 0.03 0.03 0.03 0.04 0.03 0.03 0.04 0.04 0.03 0.03 0.03 0.03 0.04 0.03 0.04 0.03 0.03 0.03 0.03 0.03 0.03 0.03 0.03 0.03 0.03 0.03
  per-rule acc: 0.03 0.03
Epoch 480 | Train: Loss=0.0036 Acc=100.0% | Test: Acc=4.0% | Best=4.0%(@480)
  from x3: 0.05 0.04 0.03 0.04 0.04 0.04 0.04 0.04 0.04 0.04 0.04 0.04 0.04 0.04 0.04 0.04 0.04 0.04 0.04 0.04 0.04 0.04 0.04 0.04 0.04 0.04 0.04 0.04 0.04
  per-rule acc: 0.04 0.04
Epoch 500 | Train: Loss=0.0038 Acc=100.0% | Test: Acc=3.8% | Best=4.0%(@480)
  from x3: 0.04 0.04 0.03 0.04 0.04 0.04 0.04 0.04 0.04 0.04 0.04 0.04 0.04 0.04 0.04 0.04 0.04 0.04 0.04 0.04 0.04 0.04 0.04 0.04 0.04 0.04 0.04 0.04 0.04
  per-rule acc: 0.04 0.04
Epoch 520 | Train: Loss=0.0138 Acc=99.8% | Test: Acc=5.0% | Best=5.0%(@520)
  from x3: 0.06 0.05 0.05 0.05 0.05 0.05 0.05 0.05 0.05 0.05 0.05 0.05 0.05 0.05 0.05 0.05 0.05 0.05 0.05 0.05 0.05 0.05 0.05 0.05 0.05 0.05 0.05 0.05 0.05
  per-rule acc: 0.06 0.04
Epoch 540 | Train: Loss=0.0036 Acc=100.0% | Test: Acc=4.1% | Best=5.0%(@520)
  from x3: 0.05 0.04 0.04 0.04 0.04 0.04 0.04 0.04 0.04 0.04 0.04 0.04 0.04 0.04 0.04 0.04 0.04 0.04 0.04 0.04 0.04 0.04 0.04 0.04 0.04 0.04 0.04 0.04 0.04
  per-rule acc: 0.05 0.04
Epoch 560 | Train: Loss=0.0215 Acc=99.8% | Test: Acc=4.4% | Best=5.0%(@520)
  from x3: 0.06 0.05 0.04 0.04 0.04 0.04 0.04 0.04 0.04 0.04 0.04 0.04 0.04 0.04 0.04 0.04 0.04 0.04 0.04 0.04 0.04 0.04 0.04 0.04 0.04 0.04 0.04 0.04 0.04
  per-rule acc: 0.05 0.04
Epoch 580 | Train: Loss=0.0036 Acc=100.0% | Test: Acc=4.7% | Best=5.0%(@520)
  from x3: 0.05 0.04 0.04 0.04 0.04 0.04 0.04 0.05 0.05 0.05 0.05 0.05 0.05 0.05 0.05 0.05 0.05 0.05 0.05 0.05 0.05 0.05 0.05 0.05 0.05 0.05 0.05 0.05 0.05
  per-rule acc: 0.05 0.04
Epoch 600 | Train: Loss=0.2832 Acc=97.7% | Test: Acc=4.8% | Best=5.0%(@520)
  from x3: 0.05 0.05 0.05 0.05 0.05 0.05 0.05 0.05 0.05 0.05 0.05 0.05 0.05 0.05 0.05 0.05 0.05 0.05 0.05 0.05 0.05 0.05 0.05 0.05 0.05 0.05 0.05 0.05 0.05
  per-rule acc: 0.05 0.04
Epoch 620 | Train: Loss=0.0113 Acc=99.9% | Test: Acc=5.9% | Best=5.9%(@620)
  from x3: 0.07 0.06 0.06 0.06 0.06 0.06 0.06 0.06 0.06 0.06 0.06 0.06 0.06 0.06 0.06 0.06 0.06 0.06 0.06 0.06 0.06 0.06 0.06 0.06 0.06 0.06 0.06 0.06 0.06
  per-rule acc: 0.07 0.05
Epoch 640 | Train: Loss=0.0036 Acc=100.0% | Test: Acc=5.4% | Best=5.9%(@620)
  from x3: 0.06 0.05 0.05 0.05 0.06 0.05 0.06 0.06 0.05 0.05 0.05 0.05 0.05 0.05 0.05 0.05 0.05 0.05 0.05 0.05 0.05 0.05 0.05 0.05 0.05 0.05 0.05 0.05 0.05
  per-rule acc: 0.06 0.05
Epoch 660 | Train: Loss=0.0367 Acc=99.5% | Test: Acc=6.6% | Best=6.6%(@660)
  from x3: 0.06 0.06 0.06 0.06 0.07 0.07 0.07 0.07 0.07 0.07 0.07 0.07 0.07 0.07 0.07 0.07 0.07 0.07 0.06 0.07 0.06 0.07 0.07 0.06 0.06 0.06 0.06 0.07 0.07
  per-rule acc: 0.07 0.06
Epoch 680 | Train: Loss=0.0032 Acc=100.0% | Test: Acc=6.2% | Best=6.6%(@660)
  from x3: 0.06 0.06 0.06 0.06 0.06 0.06 0.06 0.06 0.06 0.06 0.06 0.06 0.06 0.06 0.06 0.06 0.06 0.06 0.06 0.06 0.06 0.06 0.06 0.06 0.06 0.06 0.06 0.06 0.06
  per-rule acc: 0.07 0.05
Epoch 700 | Train: Loss=0.0039 Acc=100.0% | Test: Acc=5.7% | Best=6.6%(@660)
  from x3: 0.06 0.06 0.06 0.06 0.06 0.06 0.06 0.06 0.06 0.06 0.06 0.06 0.06 0.06 0.06 0.06 0.06 0.06 0.06 0.06 0.05 0.06 0.06 0.06 0.05 0.05 0.05 0.05 0.05
  per-rule acc: 0.06 0.05
Epoch 720 | Train: Loss=0.0141 Acc=99.8% | Test: Acc=7.6% | Best=7.6%(@720)
  from x3: 0.08 0.07 0.07 0.08 0.08 0.08 0.08 0.08 0.08 0.08 0.08 0.08 0.08 0.08 0.08 0.08 0.08 0.08 0.08 0.08 0.08 0.08 0.08 0.08 0.08 0.08 0.08 0.08 0.08
  per-rule acc: 0.09 0.07
Epoch 740 | Train: Loss=0.0036 Acc=100.0% | Test: Acc=6.7% | Best=7.6%(@720)
  from x3: 0.06 0.06 0.06 0.07 0.07 0.07 0.07 0.07 0.07 0.07 0.07 0.07 0.07 0.07 0.07 0.07 0.07 0.07 0.07 0.07 0.07 0.07 0.07 0.07 0.07 0.07 0.07 0.07 0.06
  per-rule acc: 0.08 0.06
Epoch 760 | Train: Loss=0.0333 Acc=99.6% | Test: Acc=8.6% | Best=8.6%(@760)
  from x3: 0.09 0.09 0.09 0.09 0.08 0.09 0.09 0.08 0.08 0.08 0.08 0.09 0.08 0.09 0.08 0.09 0.09 0.08 0.09 0.09 0.09 0.09 0.09 0.09 0.09 0.09 0.08 0.08 0.08
  per-rule acc: 0.10 0.07
Epoch 780 | Train: Loss=0.0034 Acc=100.0% | Test: Acc=8.6% | Best=8.6%(@780)
  from x3: 0.09 0.08 0.08 0.09 0.08 0.09 0.09 0.09 0.09 0.09 0.09 0.09 0.08 0.09 0.08 0.09 0.08 0.09 0.09 0.09 0.09 0.09 0.09 0.09 0.09 0.09 0.09 0.09 0.09
  per-rule acc: 0.10 0.07
Epoch 800 | Train: Loss=0.0038 Acc=100.0% | Test: Acc=7.1% | Best=8.6%(@780)
  from x3: 0.08 0.08 0.07 0.07 0.07 0.07 0.07 0.07 0.07 0.07 0.07 0.07 0.07 0.07 0.07 0.07 0.07 0.07 0.07 0.07 0.07 0.07 0.07 0.07 0.07 0.07 0.07 0.07 0.07
  per-rule acc: 0.08 0.06
Epoch 820 | Train: Loss=0.0210 Acc=99.8% | Test: Acc=9.1% | Best=9.1%(@820)
  from x3: 0.09 0.09 0.09 0.09 0.09 0.09 0.09 0.09 0.09 0.09 0.09 0.09 0.09 0.09 0.09 0.09 0.09 0.09 0.09 0.09 0.09 0.09 0.09 0.09 0.09 0.09 0.09 0.09 0.09
  per-rule acc: 0.11 0.07
Epoch 840 | Train: Loss=0.0075 Acc=99.9% | Test: Acc=8.9% | Best=9.1%(@820)
  from x3: 0.10 0.09 0.09 0.09 0.09 0.09 0.09 0.09 0.09 0.09 0.09 0.09 0.09 0.09 0.09 0.09 0.09 0.09 0.09 0.09 0.09 0.09 0.09 0.09 0.09 0.09 0.09 0.09 0.09
  per-rule acc: 0.10 0.07
Epoch 860 | Train: Loss=0.0035 Acc=100.0% | Test: Acc=8.7% | Best=9.1%(@820)
  from x3: 0.09 0.09 0.09 0.09 0.09 0.08 0.09 0.09 0.09 0.09 0.09 0.09 0.09 0.09 0.09 0.09 0.09 0.09 0.09 0.09 0.09 0.09 0.09 0.09 0.09 0.09 0.09 0.09 0.09
  per-rule acc: 0.10 0.07
Epoch 880 | Train: Loss=0.0311 Acc=99.7% | Test: Acc=9.6% | Best=9.6%(@880)
  from x3: 0.10 0.10 0.10 0.10 0.10 0.10 0.10 0.10 0.10 0.10 0.10 0.10 0.10 0.09 0.10 0.10 0.10 0.10 0.10 0.10 0.10 0.10 0.10 0.10 0.10 0.10 0.10 0.10 0.10
  per-rule acc: 0.11 0.08
Epoch 900 | Train: Loss=0.0109 Acc=99.9% | Test: Acc=9.8% | Best=9.8%(@900)
  from x3: 0.10 0.10 0.10 0.10 0.10 0.10 0.10 0.10 0.10 0.10 0.10 0.10 0.10 0.10 0.10 0.10 0.10 0.10 0.10 0.10 0.10 0.10 0.10 0.10 0.10 0.10 0.10 0.10 0.10
  per-rule acc: 0.11 0.08
Epoch 920 | Train: Loss=0.0165 Acc=99.8% | Test: Acc=10.6% | Best=10.6%(@920)
  from x3: 0.11 0.11 0.11 0.11 0.11 0.11 0.11 0.11 0.10 0.11 0.11 0.11 0.10 0.11 0.11 0.11 0.11 0.11 0.11 0.11 0.11 0.11 0.11 0.11 0.10 0.10 0.10 0.10 0.10
  per-rule acc: 0.11 0.10
Epoch 940 | Train: Loss=0.0158 Acc=99.8% | Test: Acc=11.5% | Best=11.5%(@940)
  from x3: 0.12 0.11 0.12 0.11 0.11 0.11 0.12 0.12 0.12 0.12 0.11 0.11 0.11 0.11 0.11 0.12 0.11 0.12 0.12 0.11 0.12 0.12 0.12 0.12 0.12 0.12 0.12 0.12 0.12
  per-rule acc: 0.13 0.10
Epoch 960 | Train: Loss=0.0091 Acc=99.9% | Test: Acc=11.9% | Best=11.9%(@960)
  from x3: 0.12 0.12 0.12 0.12 0.12 0.12 0.12 0.12 0.12 0.12 0.12 0.12 0.12 0.12 0.12 0.12 0.12 0.12 0.12 0.12 0.12 0.12 0.12 0.12 0.12 0.12 0.12 0.12 0.12
  per-rule acc: 0.15 0.09
Epoch 980 | Train: Loss=0.0084 Acc=100.0% | Test: Acc=11.4% | Best=11.9%(@960)
  from x3: 0.12 0.12 0.11 0.11 0.11 0.11 0.12 0.12 0.12 0.12 0.11 0.11 0.11 0.11 0.11 0.11 0.11 0.11 0.11 0.11 0.11 0.11 0.11 0.11 0.11 0.11 0.11 0.11 0.11
  per-rule acc: 0.13 0.10
Epoch 1000 | Train: Loss=0.0155 Acc=99.8% | Test: Acc=12.7% | Best=12.7%(@1000)
  from x3: 0.12 0.12 0.13 0.12 0.13 0.12 0.13 0.13 0.13 0.13 0.13 0.13 0.13 0.13 0.13 0.13 0.13 0.13 0.13 0.13 0.13 0.13 0.13 0.13 0.13 0.13 0.13 0.13 0.13
  per-rule acc: 0.15 0.10
Epoch 1020 | Train: Loss=0.0033 Acc=100.0% | Test: Acc=11.7% | Best=12.7%(@1000)
  from x3: 0.12 0.12 0.12 0.11 0.11 0.12 0.11 0.12 0.12 0.12 0.12 0.12 0.12 0.12 0.12 0.12 0.12 0.12 0.12 0.12 0.12 0.12 0.12 0.12 0.12 0.12 0.12 0.12 0.12
  per-rule acc: 0.14 0.09
Epoch 1040 | Train: Loss=0.0245 Acc=99.7% | Test: Acc=13.9% | Best=13.9%(@1040)
  from x3: 0.13 0.13 0.14 0.14 0.14 0.14 0.14 0.14 0.14 0.14 0.14 0.14 0.14 0.14 0.14 0.14 0.14 0.14 0.14 0.14 0.14 0.14 0.14 0.14 0.14 0.14 0.14 0.14 0.14
  per-rule acc: 0.16 0.11
Epoch 1060 | Train: Loss=0.0106 Acc=99.9% | Test: Acc=12.5% | Best=13.9%(@1040)
  from x3: 0.13 0.12 0.12 0.12 0.12 0.12 0.12 0.12 0.12 0.13 0.13 0.13 0.13 0.13 0.13 0.13 0.13 0.13 0.13 0.13 0.12 0.13 0.13 0.13 0.13 0.13 0.13 0.13 0.13
  per-rule acc: 0.15 0.10
Epoch 1080 | Train: Loss=0.0096 Acc=99.9% | Test: Acc=13.5% | Best=13.9%(@1040)
  from x3: 0.13 0.13 0.13 0.13 0.13 0.13 0.13 0.14 0.13 0.14 0.13 0.13 0.13 0.13 0.13 0.13 0.13 0.13 0.14 0.13 0.13 0.13 0.14 0.14 0.14 0.14 0.14 0.14 0.14
  per-rule acc: 0.16 0.11
Epoch 1100 | Train: Loss=0.0035 Acc=100.0% | Test: Acc=13.3% | Best=13.9%(@1040)
  from x3: 0.13 0.13 0.13 0.13 0.13 0.13 0.13 0.13 0.13 0.13 0.13 0.13 0.13 0.13 0.13 0.13 0.13 0.13 0.13 0.13 0.13 0.13 0.13 0.14 0.14 0.14 0.14 0.14 0.13
  per-rule acc: 0.15 0.11
Epoch 1120 | Train: Loss=0.0043 Acc=100.0% | Test: Acc=11.6% | Best=13.9%(@1040)
  from x3: 0.12 0.12 0.12 0.12 0.12 0.12 0.12 0.12 0.12 0.12 0.12 0.12 0.12 0.12 0.11 0.11 0.12 0.12 0.12 0.12 0.12 0.12 0.12 0.12 0.12 0.12 0.12 0.12 0.11
  per-rule acc: 0.12 0.11
Epoch 1140 | Train: Loss=0.0222 Acc=99.7% | Test: Acc=14.5% | Best=14.5%(@1140)
  from x3: 0.15 0.15 0.14 0.14 0.14 0.14 0.14 0.14 0.14 0.14 0.15 0.15 0.15 0.15 0.15 0.14 0.14 0.14 0.14 0.14 0.14 0.14 0.15 0.15 0.15 0.15 0.15 0.15 0.15
  per-rule acc: 0.18 0.11
Epoch 1160 | Train: Loss=0.0196 Acc=99.7% | Test: Acc=14.5% | Best=14.5%(@1140)
  from x3: 0.14 0.14 0.14 0.14 0.14 0.14 0.14 0.14 0.14 0.15 0.15 0.15 0.14 0.15 0.15 0.15 0.15 0.15 0.14 0.15 0.15 0.15 0.14 0.14 0.15 0.15 0.15 0.15 0.15
  per-rule acc: 0.18 0.11
Epoch 1180 | Train: Loss=0.0133 Acc=99.8% | Test: Acc=15.4% | Best=15.4%(@1180)
  from x3: 0.15 0.15 0.15 0.15 0.15 0.15 0.15 0.15 0.15 0.15 0.16 0.15 0.15 0.15 0.15 0.16 0.15 0.16 0.16 0.15 0.15 0.16 0.15 0.16 0.16 0.16 0.16 0.16 0.16
  per-rule acc: 0.19 0.12
Epoch 1200 | Train: Loss=0.0181 Acc=99.8% | Test: Acc=15.2% | Best=15.4%(@1180)
  from x3: 0.15 0.14 0.14 0.15 0.15 0.15 0.15 0.15 0.15 0.15 0.15 0.15 0.15 0.15 0.15 0.15 0.15 0.15 0.15 0.15 0.15 0.15 0.15 0.15 0.16 0.15 0.16 0.15 0.16
  per-rule acc: 0.18 0.12
Epoch 1220 | Train: Loss=0.0129 Acc=99.8% | Test: Acc=15.6% | Best=15.6%(@1220)
  from x3: 0.15 0.15 0.15 0.15 0.15 0.15 0.15 0.16 0.16 0.15 0.15 0.15 0.15 0.16 0.16 0.16 0.16 0.16 0.16 0.16 0.16 0.16 0.16 0.16 0.16 0.16 0.16 0.16 0.16
  per-rule acc: 0.19 0.12
Epoch 1240 | Train: Loss=0.0141 Acc=99.8% | Test: Acc=12.2% | Best=15.6%(@1220)
  from x3: 0.12 0.12 0.13 0.12 0.12 0.12 0.12 0.12 0.12 0.12 0.12 0.12 0.12 0.12 0.12 0.12 0.12 0.12 0.12 0.12 0.12 0.12 0.12 0.12 0.12 0.12 0.12 0.12 0.12
  per-rule acc: 0.14 0.11
Epoch 1260 | Train: Loss=0.0145 Acc=99.9% | Test: Acc=15.6% | Best=15.6%(@1220)
  from x3: 0.14 0.15 0.15 0.15 0.16 0.16 0.15 0.16 0.16 0.16 0.16 0.16 0.16 0.16 0.16 0.16 0.16 0.16 0.16 0.16 0.16 0.16 0.16 0.16 0.16 0.16 0.16 0.16 0.16
  per-rule acc: 0.19 0.12
Epoch 1280 | Train: Loss=0.0117 Acc=99.9% | Test: Acc=14.9% | Best=15.6%(@1220)
  from x3: 0.16 0.16 0.15 0.15 0.15 0.15 0.15 0.15 0.15 0.15 0.15 0.15 0.15 0.15 0.15 0.15 0.15 0.15 0.15 0.15 0.15 0.15 0.15 0.15 0.15 0.15 0.15 0.15 0.15
  per-rule acc: 0.19 0.11
Epoch 1300 | Train: Loss=0.0152 Acc=99.8% | Test: Acc=16.8% | Best=16.8%(@1300)
  from x3: 0.16 0.16 0.17 0.17 0.17 0.17 0.17 0.17 0.17 0.17 0.17 0.17 0.17 0.17 0.17 0.17 0.17 0.17 0.17 0.17 0.17 0.17 0.17 0.17 0.17 0.17 0.17 0.17 0.17
  per-rule acc: 0.20 0.13
Epoch 1320 | Train: Loss=0.0093 Acc=99.9% | Test: Acc=17.4% | Best=17.4%(@1320)
  from x3: 0.17 0.18 0.18 0.18 0.17 0.17 0.17 0.17 0.17 0.17 0.17 0.17 0.17 0.17 0.17 0.17 0.17 0.17 0.17 0.17 0.17 0.17 0.17 0.17 0.17 0.17 0.17 0.17 0.17
  per-rule acc: 0.20 0.14
Epoch 1340 | Train: Loss=0.0082 Acc=99.9% | Test: Acc=16.7% | Best=17.4%(@1320)
  from x3: 0.17 0.17 0.17 0.17 0.17 0.17 0.16 0.16 0.17 0.17 0.17 0.17 0.17 0.17 0.17 0.17 0.17 0.17 0.17 0.17 0.17 0.17 0.17 0.17 0.17 0.17 0.17 0.17 0.17
  per-rule acc: 0.20 0.14
Epoch 1360 | Train: Loss=0.0083 Acc=99.9% | Test: Acc=17.2% | Best=17.4%(@1320)
  from x3: 0.17 0.17 0.17 0.17 0.17 0.17 0.17 0.17 0.17 0.17 0.17 0.17 0.17 0.17 0.17 0.17 0.17 0.17 0.17 0.17 0.17 0.17 0.17 0.18 0.18 0.17 0.17 0.17 0.17
  per-rule acc: 0.21 0.13
Epoch 1380 | Train: Loss=0.0077 Acc=99.9% | Test: Acc=15.7% | Best=17.4%(@1320)
  from x3: 0.15 0.15 0.15 0.16 0.16 0.16 0.16 0.16 0.16 0.16 0.16 0.16 0.16 0.16 0.16 0.16 0.16 0.16 0.16 0.16 0.16 0.16 0.16 0.16 0.16 0.16 0.16 0.16 0.16
  per-rule acc: 0.18 0.13
Epoch 1400 | Train: Loss=0.0126 Acc=99.9% | Test: Acc=18.8% | Best=18.8%(@1400)
  from x3: 0.18 0.18 0.19 0.19 0.19 0.19 0.19 0.19 0.19 0.19 0.19 0.19 0.19 0.19 0.19 0.19 0.19 0.19 0.19 0.19 0.19 0.19 0.19 0.19 0.19 0.19 0.19 0.19 0.19
  per-rule acc: 0.23 0.15
Epoch 1420 | Train: Loss=0.0094 Acc=99.9% | Test: Acc=17.7% | Best=18.8%(@1400)
  from x3: 0.16 0.16 0.17 0.17 0.17 0.18 0.17 0.18 0.18 0.18 0.18 0.18 0.18 0.18 0.18 0.18 0.18 0.18 0.18 0.18 0.18 0.18 0.18 0.18 0.18 0.18 0.18 0.18 0.18
  per-rule acc: 0.21 0.15
Epoch 1440 | Train: Loss=0.0122 Acc=99.9% | Test: Acc=18.1% | Best=18.8%(@1400)
  from x3: 0.18 0.18 0.18 0.18 0.18 0.18 0.18 0.18 0.18 0.18 0.18 0.18 0.18 0.18 0.18 0.18 0.18 0.18 0.18 0.18 0.18 0.18 0.18 0.18 0.18 0.18 0.18 0.18 0.18
  per-rule acc: 0.22 0.14
Epoch 1460 | Train: Loss=0.0152 Acc=99.8% | Test: Acc=19.1% | Best=19.1%(@1460)
  from x3: 0.18 0.18 0.19 0.19 0.19 0.19 0.19 0.19 0.19 0.19 0.19 0.19 0.19 0.19 0.19 0.19 0.19 0.19 0.19 0.19 0.19 0.19 0.19 0.19 0.19 0.19 0.19 0.19 0.19
  per-rule acc: 0.24 0.14
Epoch 1480 | Train: Loss=0.0180 Acc=99.8% | Test: Acc=18.6% | Best=19.1%(@1460)
  from x3: 0.17 0.18 0.19 0.19 0.18 0.18 0.18 0.18 0.19 0.19 0.18 0.19 0.19 0.19 0.19 0.19 0.19 0.19 0.19 0.19 0.19 0.19 0.19 0.19 0.19 0.19 0.19 0.19 0.19
  per-rule acc: 0.23 0.14
Epoch 1500 | Train: Loss=0.0054 Acc=100.0% | Test: Acc=18.3% | Best=19.1%(@1460)
  from x3: 0.19 0.18 0.18 0.18 0.18 0.18 0.18 0.18 0.18 0.18 0.18 0.18 0.18 0.18 0.18 0.18 0.18 0.18 0.18 0.18 0.18 0.18 0.18 0.18 0.18 0.18 0.18 0.18 0.19
  per-rule acc: 0.22 0.14
Epoch 1520 | Train: Loss=0.0210 Acc=99.7% | Test: Acc=18.7% | Best=19.1%(@1460)
  from x3: 0.19 0.19 0.18 0.18 0.18 0.18 0.19 0.19 0.19 0.18 0.19 0.19 0.19 0.19 0.19 0.19 0.19 0.19 0.19 0.19 0.19 0.19 0.19 0.19 0.19 0.19 0.19 0.19 0.19
  per-rule acc: 0.22 0.15
Epoch 1540 | Train: Loss=0.0110 Acc=99.9% | Test: Acc=18.4% | Best=19.1%(@1460)
  from x3: 0.18 0.17 0.18 0.18 0.18 0.18 0.18 0.18 0.18 0.18 0.19 0.19 0.18 0.18 0.19 0.19 0.19 0.19 0.19 0.19 0.19 0.19 0.19 0.19 0.19 0.19 0.18 0.19 0.19
  per-rule acc: 0.22 0.14
Epoch 1560 | Train: Loss=0.0109 Acc=99.9% | Test: Acc=19.0% | Best=19.1%(@1460)
  from x3: 0.17 0.18 0.19 0.19 0.19 0.19 0.19 0.19 0.19 0.19 0.19 0.19 0.19 0.19 0.19 0.19 0.19 0.19 0.19 0.19 0.19 0.19 0.19 0.19 0.19 0.19 0.19 0.19 0.19
  per-rule acc: 0.23 0.15
Epoch 1580 | Train: Loss=0.0124 Acc=99.8% | Test: Acc=17.6% | Best=19.1%(@1460)
  from x3: 0.17 0.18 0.17 0.17 0.17 0.17 0.17 0.17 0.18 0.17 0.17 0.18 0.18 0.18 0.18 0.18 0.18 0.18 0.18 0.18 0.18 0.18 0.18 0.18 0.18 0.18 0.18 0.18 0.18
  per-rule acc: 0.20 0.15
Epoch 1600 | Train: Loss=0.0101 Acc=99.9% | Test: Acc=19.2% | Best=19.2%(@1600)
  from x3: 0.18 0.19 0.19 0.19 0.19 0.19 0.19 0.19 0.19 0.19 0.19 0.19 0.19 0.19 0.20 0.19 0.20 0.20 0.20 0.19 0.19 0.19 0.19 0.19 0.19 0.19 0.19 0.19 0.19
  per-rule acc: 0.23 0.15
Epoch 1620 | Train: Loss=0.0042 Acc=100.0% | Test: Acc=16.3% | Best=19.2%(@1600)
  from x3: 0.16 0.16 0.16 0.16 0.16 0.16 0.16 0.16 0.16 0.16 0.16 0.16 0.17 0.16 0.16 0.16 0.16 0.17 0.16 0.17 0.17 0.17 0.17 0.16 0.16 0.17 0.16 0.16 0.16
  per-rule acc: 0.18 0.15
Epoch 1640 | Train: Loss=0.0123 Acc=99.9% | Test: Acc=18.6% | Best=19.2%(@1600)
  from x3: 0.17 0.19 0.18 0.18 0.19 0.19 0.19 0.19 0.19 0.19 0.19 0.19 0.19 0.19 0.19 0.19 0.19 0.19 0.19 0.19 0.19 0.19 0.19 0.19 0.19 0.19 0.19 0.19 0.19
  per-rule acc: 0.23 0.15
Epoch 1660 | Train: Loss=0.0090 Acc=99.9% | Test: Acc=19.6% | Best=19.6%(@1660)
  from x3: 0.18 0.19 0.19 0.20 0.19 0.20 0.20 0.20 0.20 0.20 0.20 0.20 0.20 0.20 0.20 0.20 0.20 0.20 0.20 0.20 0.20 0.20 0.20 0.20 0.20 0.20 0.20 0.20 0.20
  per-rule acc: 0.23 0.16
Epoch 1680 | Train: Loss=0.0132 Acc=99.9% | Test: Acc=19.7% | Best=19.7%(@1680)
  from x3: 0.18 0.19 0.20 0.19 0.20 0.20 0.20 0.20 0.20 0.20 0.20 0.20 0.20 0.20 0.20 0.20 0.20 0.20 0.20 0.20 0.20 0.20 0.20 0.20 0.20 0.20 0.20 0.20 0.20
  per-rule acc: 0.24 0.15
Epoch 1700 | Train: Loss=0.0102 Acc=99.9% | Test: Acc=19.9% | Best=19.9%(@1700)
  from x3: 0.19 0.20 0.20 0.20 0.20 0.20 0.20 0.20 0.20 0.20 0.20 0.20 0.20 0.20 0.20 0.20 0.20 0.20 0.20 0.20 0.20 0.20 0.20 0.20 0.20 0.20 0.20 0.20 0.20
  per-rule acc: 0.24 0.16
Epoch 1720 | Train: Loss=0.0110 Acc=99.9% | Test: Acc=19.9% | Best=19.9%(@1700)
  from x3: 0.18 0.20 0.20 0.20 0.20 0.20 0.20 0.20 0.20 0.20 0.20 0.20 0.20 0.20 0.20 0.20 0.20 0.20 0.20 0.20 0.20 0.20 0.20 0.20 0.20 0.20 0.20 0.20 0.20
  per-rule acc: 0.25 0.15
Epoch 1740 | Train: Loss=0.0166 Acc=99.8% | Test: Acc=20.2% | Best=20.2%(@1740)
  from x3: 0.19 0.19 0.20 0.20 0.20 0.20 0.20 0.20 0.20 0.20 0.20 0.20 0.20 0.20 0.20 0.20 0.20 0.20 0.20 0.20 0.20 0.20 0.20 0.20 0.20 0.20 0.20 0.20 0.20
  per-rule acc: 0.25 0.16
Epoch 1760 | Train: Loss=0.0128 Acc=99.9% | Test: Acc=19.2% | Best=20.2%(@1740)
  from x3: 0.19 0.19 0.19 0.19 0.19 0.19 0.19 0.19 0.19 0.19 0.19 0.19 0.19 0.19 0.19 0.19 0.19 0.19 0.19 0.19 0.19 0.19 0.19 0.19 0.19 0.19 0.19 0.19 0.19
  per-rule acc: 0.24 0.15
Epoch 1780 | Train: Loss=0.0112 Acc=99.9% | Test: Acc=19.3% | Best=20.2%(@1740)
  from x3: 0.18 0.20 0.19 0.19 0.19 0.19 0.19 0.19 0.19 0.19 0.19 0.19 0.20 0.19 0.19 0.19 0.19 0.19 0.19 0.19 0.19 0.19 0.19 0.19 0.19 0.20 0.20 0.20 0.20
  per-rule acc: 0.23 0.16
Epoch 1800 | Train: Loss=0.0100 Acc=99.9% | Test: Acc=19.2% | Best=20.2%(@1740)
  from x3: 0.18 0.18 0.18 0.19 0.19 0.19 0.19 0.19 0.19 0.19 0.19 0.19 0.19 0.19 0.19 0.19 0.19 0.19 0.19 0.19 0.19 0.19 0.19 0.19 0.19 0.20 0.20 0.19 0.20
  per-rule acc: 0.24 0.14
Epoch 1820 | Train: Loss=0.0124 Acc=99.9% | Test: Acc=19.5% | Best=20.2%(@1740)
  from x3: 0.18 0.19 0.19 0.19 0.19 0.19 0.19 0.20 0.19 0.19 0.19 0.19 0.19 0.19 0.19 0.19 0.20 0.20 0.20 0.20 0.20 0.20 0.20 0.20 0.20 0.20 0.20 0.20 0.20
  per-rule acc: 0.24 0.15
Epoch 1840 | Train: Loss=0.0039 Acc=100.0% | Test: Acc=18.6% | Best=20.2%(@1740)
  from x3: 0.17 0.19 0.18 0.18 0.18 0.18 0.18 0.19 0.19 0.19 0.19 0.19 0.19 0.19 0.19 0.19 0.19 0.19 0.19 0.19 0.19 0.19 0.19 0.19 0.19 0.19 0.19 0.19 0.19
  per-rule acc: 0.22 0.16
Epoch 1860 | Train: Loss=0.0198 Acc=99.8% | Test: Acc=19.9% | Best=20.2%(@1740)
  from x3: 0.18 0.20 0.20 0.20 0.19 0.19 0.20 0.20 0.20 0.20 0.20 0.20 0.20 0.20 0.20 0.20 0.20 0.20 0.20 0.20 0.20 0.20 0.20 0.20 0.20 0.20 0.20 0.20 0.20
  per-rule acc: 0.25 0.15
Epoch 1880 | Train: Loss=0.0088 Acc=99.9% | Test: Acc=19.3% | Best=20.2%(@1740)
  from x3: 0.18 0.19 0.19 0.19 0.19 0.19 0.19 0.19 0.20 0.19 0.20 0.19 0.19 0.19 0.19 0.19 0.19 0.20 0.19 0.19 0.19 0.19 0.19 0.19 0.19 0.19 0.19 0.19 0.19
  per-rule acc: 0.22 0.16
Epoch 1900 | Train: Loss=0.0120 Acc=99.9% | Test: Acc=20.5% | Best=20.5%(@1900)
  from x3: 0.19 0.20 0.20 0.20 0.21 0.21 0.21 0.21 0.21 0.21 0.21 0.21 0.21 0.21 0.21 0.21 0.21 0.20 0.21 0.21 0.21 0.21 0.21 0.21 0.21 0.21 0.21 0.21 0.21
  per-rule acc: 0.24 0.17
Epoch 1920 | Train: Loss=0.0098 Acc=99.9% | Test: Acc=20.1% | Best=20.5%(@1900)
  from x3: 0.19 0.20 0.20 0.20 0.20 0.20 0.20 0.20 0.20 0.20 0.20 0.20 0.20 0.20 0.20 0.20 0.20 0.20 0.20 0.20 0.20 0.20 0.20 0.20 0.20 0.20 0.20 0.20 0.20
  per-rule acc: 0.24 0.16
Epoch 1940 | Train: Loss=0.0067 Acc=100.0% | Test: Acc=20.4% | Best=20.5%(@1900)
  from x3: 0.18 0.20 0.21 0.20 0.20 0.21 0.20 0.20 0.20 0.20 0.20 0.20 0.20 0.20 0.20 0.20 0.21 0.21 0.21 0.21 0.21 0.21 0.20 0.20 0.21 0.20 0.21 0.21 0.21
  per-rule acc: 0.26 0.15
Epoch 1960 | Train: Loss=0.0095 Acc=99.9% | Test: Acc=20.6% | Best=20.6%(@1960)
  from x3: 0.19 0.20 0.20 0.20 0.20 0.21 0.21 0.21 0.21 0.20 0.21 0.21 0.21 0.21 0.21 0.21 0.21 0.21 0.21 0.21 0.21 0.21 0.21 0.21 0.21 0.21 0.21 0.21 0.21
  per-rule acc: 0.25 0.16
Epoch 1980 | Train: Loss=0.0099 Acc=99.9% | Test: Acc=21.2% | Best=21.2%(@1980)
  from x3: 0.19 0.21 0.21 0.21 0.22 0.21 0.21 0.21 0.21 0.21 0.21 0.21 0.21 0.21 0.21 0.21 0.21 0.21 0.21 0.21 0.21 0.21 0.21 0.21 0.21 0.21 0.21 0.21 0.21
  per-rule acc: 0.25 0.17
Epoch 2000 | Train: Loss=0.0116 Acc=99.9% | Test: Acc=19.9% | Best=21.2%(@1980)
  from x3: 0.18 0.20 0.20 0.20 0.20 0.20 0.20 0.20 0.20 0.20 0.20 0.20 0.20 0.20 0.20 0.20 0.20 0.20 0.20 0.20 0.20 0.20 0.20 0.20 0.20 0.20 0.20 0.20 0.20
  per-rule acc: 0.25 0.15
Epoch 2020 | Train: Loss=0.0135 Acc=99.8% | Test: Acc=19.5% | Best=21.2%(@1980)
  from x3: 0.19 0.20 0.19 0.19 0.19 0.19 0.19 0.19 0.19 0.19 0.19 0.19 0.19 0.20 0.19 0.19 0.19 0.19 0.20 0.19 0.19 0.20 0.20 0.20 0.20 0.20 0.20 0.20 0.20
  per-rule acc: 0.24 0.15
Epoch 2040 | Train: Loss=0.0109 Acc=99.9% | Test: Acc=20.5% | Best=21.2%(@1980)
  from x3: 0.20 0.21 0.20 0.20 0.20 0.20 0.20 0.20 0.20 0.20 0.20 0.21 0.21 0.21 0.20 0.21 0.20 0.21 0.21 0.21 0.21 0.21 0.21 0.21 0.21 0.21 0.21 0.21 0.21
  per-rule acc: 0.25 0.16
Epoch 2060 | Train: Loss=0.0118 Acc=99.9% | Test: Acc=20.0% | Best=21.2%(@1980)
  from x3: 0.18 0.20 0.19 0.20 0.20 0.20 0.20 0.20 0.20 0.20 0.20 0.20 0.20 0.20 0.20 0.20 0.20 0.20 0.20 0.20 0.20 0.20 0.20 0.20 0.20 0.20 0.20 0.20 0.20
  per-rule acc: 0.24 0.16
Epoch 2080 | Train: Loss=0.0158 Acc=99.9% | Test: Acc=21.2% | Best=21.2%(@1980)
  from x3: 0.20 0.21 0.21 0.21 0.21 0.21 0.21 0.21 0.21 0.21 0.21 0.21 0.21 0.21 0.21 0.21 0.21 0.21 0.21 0.21 0.21 0.21 0.21 0.21 0.21 0.21 0.21 0.21 0.21
  per-rule acc: 0.26 0.17
Epoch 2100 | Train: Loss=0.0041 Acc=100.0% | Test: Acc=19.1% | Best=21.2%(@1980)
  from x3: 0.18 0.19 0.19 0.19 0.19 0.19 0.19 0.19 0.19 0.19 0.19 0.19 0.19 0.19 0.19 0.19 0.19 0.19 0.19 0.19 0.19 0.19 0.19 0.19 0.19 0.19 0.19 0.19 0.19
  per-rule acc: 0.21 0.18
Epoch 2120 | Train: Loss=0.0277 Acc=99.7% | Test: Acc=19.3% | Best=21.2%(@1980)
  from x3: 0.18 0.20 0.19 0.19 0.19 0.19 0.19 0.19 0.19 0.19 0.19 0.19 0.19 0.19 0.19 0.19 0.19 0.19 0.20 0.19 0.19 0.19 0.19 0.19 0.20 0.20 0.20 0.19 0.20
  per-rule acc: 0.23 0.16
Epoch 2140 | Train: Loss=0.0181 Acc=99.8% | Test: Acc=21.2% | Best=21.2%(@1980)
  from x3: 0.20 0.21 0.21 0.21 0.21 0.21 0.21 0.21 0.21 0.21 0.21 0.21 0.21 0.21 0.21 0.21 0.21 0.21 0.21 0.21 0.21 0.21 0.21 0.21 0.21 0.21 0.21 0.22 0.21
  per-rule acc: 0.25 0.18
Epoch 2160 | Train: Loss=0.0107 Acc=99.9% | Test: Acc=20.8% | Best=21.2%(@1980)
  from x3: 0.19 0.21 0.20 0.20 0.21 0.21 0.21 0.21 0.21 0.21 0.21 0.21 0.21 0.21 0.21 0.21 0.21 0.21 0.21 0.21 0.21 0.21 0.21 0.21 0.21 0.21 0.21 0.21 0.21
  per-rule acc: 0.25 0.17
Epoch 2180 | Train: Loss=0.0075 Acc=99.9% | Test: Acc=22.5% | Best=22.5%(@2180)
  from x3: 0.21 0.22 0.22 0.22 0.22 0.22 0.22 0.22 0.23 0.23 0.23 0.23 0.23 0.23 0.23 0.23 0.23 0.23 0.22 0.23 0.23 0.23 0.23 0.23 0.23 0.23 0.23 0.23 0.23
  per-rule acc: 0.27 0.18
Epoch 2200 | Train: Loss=0.0109 Acc=99.9% | Test: Acc=21.9% | Best=22.5%(@2180)
  from x3: 0.20 0.21 0.21 0.21 0.21 0.22 0.22 0.22 0.22 0.22 0.22 0.22 0.22 0.22 0.22 0.22 0.22 0.22 0.22 0.22 0.22 0.22 0.22 0.22 0.22 0.22 0.22 0.22 0.22
  per-rule acc: 0.26 0.18
Epoch 2220 | Train: Loss=0.0171 Acc=99.8% | Test: Acc=22.1% | Best=22.5%(@2180)
  from x3: 0.21 0.22 0.23 0.22 0.22 0.22 0.22 0.22 0.22 0.22 0.22 0.22 0.22 0.22 0.22 0.22 0.22 0.22 0.22 0.22 0.22 0.22 0.22 0.22 0.22 0.22 0.22 0.22 0.22
  per-rule acc: 0.26 0.18
Epoch 2240 | Train: Loss=0.0088 Acc=99.9% | Test: Acc=20.9% | Best=22.5%(@2180)
  from x3: 0.20 0.21 0.21 0.21 0.21 0.21 0.21 0.21 0.21 0.21 0.21 0.21 0.21 0.21 0.21 0.21 0.21 0.21 0.21 0.21 0.21 0.21 0.21 0.21 0.21 0.21 0.21 0.21 0.21
  per-rule acc: 0.25 0.17
Epoch 2260 | Train: Loss=0.0094 Acc=99.9% | Test: Acc=21.0% | Best=22.5%(@2180)
  from x3: 0.19 0.22 0.21 0.21 0.21 0.21 0.21 0.21 0.21 0.21 0.21 0.21 0.21 0.21 0.21 0.21 0.21 0.21 0.21 0.21 0.21 0.21 0.21 0.21 0.21 0.21 0.21 0.21 0.21
  per-rule acc: 0.24 0.18
Epoch 2280 | Train: Loss=0.0111 Acc=99.9% | Test: Acc=21.8% | Best=22.5%(@2180)
  from x3: 0.19 0.22 0.21 0.22 0.22 0.22 0.22 0.22 0.22 0.22 0.22 0.22 0.22 0.22 0.22 0.22 0.22 0.22 0.22 0.22 0.22 0.22 0.22 0.22 0.22 0.22 0.22 0.22 0.22
  per-rule acc: 0.26 0.18
Epoch 2300 | Train: Loss=0.0048 Acc=100.0% | Test: Acc=22.1% | Best=22.5%(@2180)
  from x3: 0.20 0.22 0.22 0.22 0.22 0.22 0.22 0.22 0.22 0.22 0.22 0.22 0.22 0.22 0.22 0.22 0.22 0.22 0.22 0.22 0.22 0.22 0.22 0.22 0.22 0.22 0.22 0.22 0.22
  per-rule acc: 0.26 0.19
Epoch 2320 | Train: Loss=0.0192 Acc=99.9% | Test: Acc=21.5% | Best=22.5%(@2180)
  from x3: 0.19 0.21 0.21 0.21 0.21 0.22 0.21 0.21 0.21 0.22 0.22 0.22 0.22 0.22 0.22 0.22 0.22 0.22 0.22 0.22 0.22 0.22 0.22 0.22 0.22 0.22 0.22 0.22 0.22
  per-rule acc: 0.25 0.18
Epoch 2340 | Train: Loss=0.0145 Acc=99.8% | Test: Acc=21.1% | Best=22.5%(@2180)
  from x3: 0.19 0.21 0.21 0.21 0.21 0.21 0.21 0.21 0.21 0.21 0.21 0.21 0.21 0.21 0.21 0.21 0.21 0.21 0.21 0.21 0.21 0.21 0.21 0.21 0.21 0.21 0.21 0.21 0.21
  per-rule acc: 0.25 0.17
Epoch 2360 | Train: Loss=0.0069 Acc=99.9% | Test: Acc=22.1% | Best=22.5%(@2180)
  from x3: 0.20 0.22 0.21 0.21 0.22 0.22 0.22 0.22 0.22 0.22 0.22 0.22 0.22 0.22 0.22 0.22 0.22 0.22 0.22 0.22 0.22 0.22 0.22 0.23 0.22 0.22 0.23 0.23 0.23
  per-rule acc: 0.26 0.18
Epoch 2380 | Train: Loss=0.0107 Acc=99.9% | Test: Acc=22.2% | Best=22.5%(@2180)
  from x3: 0.21 0.22 0.22 0.22 0.22 0.22 0.22 0.22 0.22 0.22 0.22 0.22 0.22 0.22 0.22 0.22 0.22 0.22 0.22 0.22 0.22 0.22 0.22 0.22 0.22 0.22 0.22 0.22 0.22
  per-rule acc: 0.27 0.17
Epoch 2400 | Train: Loss=0.0072 Acc=99.9% | Test: Acc=22.2% | Best=22.5%(@2180)
  from x3: 0.20 0.22 0.21 0.22 0.22 0.22 0.22 0.22 0.22 0.22 0.22 0.22 0.22 0.22 0.22 0.23 0.23 0.23 0.23 0.23 0.22 0.23 0.23 0.23 0.23 0.23 0.23 0.23 0.23
  per-rule acc: 0.27 0.17
Epoch 2420 | Train: Loss=0.0158 Acc=99.9% | Test: Acc=21.4% | Best=22.5%(@2180)
  from x3: 0.20 0.21 0.21 0.21 0.21 0.21 0.21 0.21 0.21 0.21 0.21 0.21 0.22 0.22 0.22 0.22 0.22 0.21 0.21 0.22 0.22 0.22 0.22 0.22 0.22 0.22 0.22 0.22 0.22
  per-rule acc: 0.25 0.18
Epoch 2440 | Train: Loss=0.0112 Acc=99.9% | Test: Acc=22.4% | Best=22.5%(@2180)
  from x3: 0.21 0.23 0.22 0.22 0.22 0.22 0.22 0.22 0.22 0.22 0.22 0.22 0.22 0.23 0.23 0.23 0.23 0.23 0.22 0.22 0.22 0.22 0.22 0.22 0.22 0.22 0.23 0.23 0.23
  per-rule acc: 0.27 0.18
Epoch 2460 | Train: Loss=0.0115 Acc=99.9% | Test: Acc=22.9% | Best=22.9%(@2460)
  from x3: 0.20 0.23 0.22 0.23 0.23 0.23 0.23 0.23 0.23 0.23 0.23 0.23 0.23 0.23 0.23 0.23 0.23 0.23 0.23 0.23 0.23 0.23 0.23 0.23 0.23 0.23 0.23 0.23 0.23
  per-rule acc: 0.28 0.18
Epoch 2480 | Train: Loss=0.0035 Acc=100.0% | Test: Acc=23.3% | Best=23.3%(@2480)
  from x3: 0.21 0.22 0.23 0.23 0.23 0.23 0.23 0.23 0.23 0.23 0.23 0.23 0.23 0.23 0.23 0.23 0.23 0.24 0.23 0.23 0.23 0.23 0.23 0.23 0.24 0.24 0.24 0.24 0.24
  per-rule acc: 0.27 0.20
Epoch 2500 | Train: Loss=0.0213 Acc=99.8% | Test: Acc=22.6% | Best=23.3%(@2480)
  from x3: 0.21 0.22 0.22 0.22 0.22 0.22 0.23 0.23 0.23 0.23 0.23 0.23 0.23 0.23 0.23 0.23 0.23 0.23 0.23 0.23 0.23 0.23 0.23 0.23 0.23 0.23 0.23 0.23 0.23
  per-rule acc: 0.26 0.19
Epoch 2520 | Train: Loss=0.0085 Acc=99.9% | Test: Acc=22.6% | Best=23.3%(@2480)
  from x3: 0.20 0.22 0.22 0.22 0.22 0.22 0.23 0.23 0.23 0.23 0.23 0.23 0.23 0.23 0.23 0.23 0.23 0.23 0.23 0.23 0.23 0.23 0.23 0.23 0.23 0.23 0.23 0.23 0.23
  per-rule acc: 0.27 0.18
Epoch 2540 | Train: Loss=0.0112 Acc=99.9% | Test: Acc=22.3% | Best=23.3%(@2480)
  from x3: 0.19 0.22 0.21 0.22 0.22 0.22 0.22 0.22 0.22 0.22 0.23 0.22 0.22 0.23 0.23 0.22 0.22 0.23 0.23 0.22 0.23 0.22 0.23 0.23 0.22 0.23 0.22 0.22 0.23
  per-rule acc: 0.26 0.18
Epoch 2560 | Train: Loss=0.0097 Acc=99.9% | Test: Acc=23.0% | Best=23.3%(@2480)
  from x3: 0.20 0.23 0.23 0.23 0.23 0.23 0.23 0.23 0.23 0.23 0.23 0.23 0.23 0.23 0.23 0.23 0.23 0.23 0.23 0.23 0.23 0.23 0.24 0.23 0.23 0.23 0.23 0.23 0.23
  per-rule acc: 0.29 0.17
Epoch 2580 | Train: Loss=0.0077 Acc=99.9% | Test: Acc=23.2% | Best=23.3%(@2480)
  from x3: 0.21 0.24 0.23 0.23 0.23 0.23 0.23 0.23 0.23 0.23 0.23 0.23 0.23 0.23 0.23 0.23 0.23 0.23 0.23 0.23 0.23 0.23 0.23 0.23 0.23 0.23 0.23 0.23 0.23
  per-rule acc: 0.27 0.19
Epoch 2600 | Train: Loss=0.0073 Acc=99.9% | Test: Acc=22.9% | Best=23.3%(@2480)
  from x3: 0.21 0.22 0.23 0.23 0.23 0.23 0.23 0.23 0.23 0.23 0.23 0.23 0.23 0.23 0.23 0.23 0.23 0.23 0.23 0.23 0.23 0.23 0.23 0.23 0.23 0.23 0.23 0.23 0.23
  per-rule acc: 0.28 0.18
Epoch 2620 | Train: Loss=0.0122 Acc=99.9% | Test: Acc=22.6% | Best=23.3%(@2480)
  from x3: 0.21 0.22 0.23 0.23 0.23 0.23 0.23 0.23 0.23 0.23 0.23 0.23 0.23 0.23 0.23 0.23 0.23 0.23 0.23 0.23 0.23 0.23 0.23 0.23 0.23 0.23 0.23 0.23 0.23
  per-rule acc: 0.26 0.19
Epoch 2640 | Train: Loss=0.0115 Acc=99.9% | Test: Acc=23.0% | Best=23.3%(@2480)
  from x3: 0.21 0.23 0.23 0.23 0.23 0.23 0.23 0.23 0.23 0.23 0.23 0.23 0.23 0.23 0.23 0.23 0.23 0.23 0.23 0.23 0.23 0.23 0.23 0.23 0.23 0.23 0.23 0.23 0.23
  per-rule acc: 0.28 0.18
Epoch 2660 | Train: Loss=0.0040 Acc=100.0% | Test: Acc=21.7% | Best=23.3%(@2480)
  from x3: 0.20 0.21 0.21 0.22 0.21 0.21 0.21 0.22 0.22 0.22 0.22 0.22 0.22 0.22 0.22 0.22 0.22 0.22 0.22 0.22 0.22 0.22 0.22 0.22 0.22 0.22 0.22 0.22 0.22
  per-rule acc: 0.24 0.20
Epoch 2680 | Train: Loss=0.0267 Acc=99.7% | Test: Acc=21.5% | Best=23.3%(@2480)
  from x3: 0.20 0.21 0.22 0.21 0.21 0.21 0.21 0.21 0.21 0.22 0.22 0.22 0.22 0.22 0.22 0.22 0.22 0.22 0.22 0.22 0.22 0.22 0.22 0.22 0.22 0.22 0.22 0.22 0.22
  per-rule acc: 0.24 0.19
Epoch 2700 | Train: Loss=0.0184 Acc=99.8% | Test: Acc=24.9% | Best=24.9%(@2700)
  from x3: 0.22 0.24 0.25 0.25 0.25 0.25 0.25 0.25 0.25 0.25 0.25 0.25 0.25 0.25 0.25 0.25 0.25 0.25 0.25 0.25 0.25 0.25 0.25 0.25 0.25 0.25 0.25 0.25 0.25
  per-rule acc: 0.29 0.21
Epoch 2720 | Train: Loss=0.0090 Acc=99.9% | Test: Acc=23.7% | Best=24.9%(@2700)
  from x3: 0.22 0.23 0.23 0.23 0.24 0.24 0.24 0.24 0.24 0.24 0.24 0.24 0.24 0.24 0.24 0.24 0.24 0.24 0.24 0.24 0.24 0.24 0.24 0.24 0.24 0.24 0.24 0.24 0.24
  per-rule acc: 0.28 0.19
Epoch 2740 | Train: Loss=0.0121 Acc=99.9% | Test: Acc=22.2% | Best=24.9%(@2700)
  from x3: 0.21 0.22 0.22 0.22 0.22 0.22 0.22 0.22 0.22 0.22 0.22 0.22 0.22 0.22 0.22 0.22 0.22 0.22 0.22 0.22 0.22 0.22 0.23 0.22 0.23 0.23 0.22 0.23 0.23
  per-rule acc: 0.26 0.18
Epoch 2760 | Train: Loss=0.0171 Acc=99.8% | Test: Acc=24.0% | Best=24.9%(@2700)
  from x3: 0.22 0.24 0.24 0.23 0.24 0.24 0.24 0.24 0.24 0.24 0.24 0.24 0.24 0.24 0.24 0.24 0.24 0.24 0.24 0.24 0.24 0.24 0.24 0.24 0.24 0.24 0.24 0.24 0.24
  per-rule acc: 0.29 0.19
Epoch 2780 | Train: Loss=0.0040 Acc=100.0% | Test: Acc=26.2% | Best=26.2%(@2780)
  from x3: 0.24 0.25 0.26 0.26 0.26 0.26 0.26 0.26 0.26 0.26 0.26 0.26 0.26 0.26 0.26 0.26 0.26 0.26 0.27 0.26 0.26 0.26 0.26 0.26 0.26 0.26 0.26 0.27 0.27
  per-rule acc: 0.30 0.22
Epoch 2800 | Train: Loss=0.0042 Acc=100.0% | Test: Acc=22.1% | Best=26.2%(@2780)
  from x3: 0.20 0.21 0.22 0.22 0.22 0.22 0.22 0.22 0.22 0.22 0.22 0.22 0.22 0.22 0.22 0.22 0.22 0.22 0.22 0.22 0.22 0.22 0.22 0.22 0.22 0.22 0.22 0.22 0.22
  per-rule acc: 0.23 0.21
Epoch 2820 | Train: Loss=0.0182 Acc=99.9% | Test: Acc=22.7% | Best=26.2%(@2780)
  from x3: 0.22 0.23 0.23 0.23 0.23 0.23 0.23 0.22 0.22 0.22 0.23 0.22 0.22 0.23 0.23 0.23 0.23 0.23 0.23 0.23 0.23 0.23 0.23 0.23 0.23 0.23 0.23 0.23 0.23
  per-rule acc: 0.26 0.19
Epoch 2840 | Train: Loss=0.0106 Acc=99.9% | Test: Acc=23.7% | Best=26.2%(@2780)
  from x3: 0.22 0.24 0.24 0.24 0.24 0.24 0.24 0.24 0.24 0.24 0.24 0.24 0.24 0.24 0.24 0.24 0.24 0.24 0.24 0.24 0.24 0.24 0.24 0.24 0.24 0.24 0.24 0.24 0.24
  per-rule acc: 0.27 0.20
Epoch 2860 | Train: Loss=0.0127 Acc=99.8% | Test: Acc=25.4% | Best=26.2%(@2780)
  from x3: 0.23 0.25 0.25 0.25 0.25 0.25 0.25 0.25 0.25 0.25 0.25 0.25 0.26 0.25 0.25 0.25 0.25 0.26 0.26 0.26 0.25 0.26 0.26 0.26 0.26 0.26 0.26 0.26 0.26
  per-rule acc: 0.31 0.20
Epoch 2880 | Train: Loss=0.0073 Acc=99.9% | Test: Acc=25.5% | Best=26.2%(@2780)
  from x3: 0.22 0.24 0.26 0.25 0.25 0.25 0.25 0.25 0.25 0.25 0.26 0.26 0.25 0.26 0.26 0.26 0.26 0.26 0.26 0.26 0.26 0.26 0.26 0.26 0.26 0.26 0.26 0.26 0.26
  per-rule acc: 0.31 0.20
Epoch 2900 | Train: Loss=0.0120 Acc=99.9% | Test: Acc=24.7% | Best=26.2%(@2780)
  from x3: 0.23 0.24 0.25 0.25 0.25 0.25 0.25 0.25 0.25 0.25 0.25 0.25 0.25 0.25 0.25 0.25 0.25 0.25 0.25 0.25 0.25 0.25 0.25 0.25 0.25 0.25 0.25 0.25 0.25
  per-rule acc: 0.28 0.21
Epoch 2920 | Train: Loss=0.0082 Acc=99.9% | Test: Acc=26.2% | Best=26.2%(@2920)
  from x3: 0.24 0.26 0.26 0.26 0.26 0.26 0.26 0.26 0.26 0.26 0.26 0.26 0.26 0.26 0.26 0.26 0.26 0.26 0.26 0.26 0.26 0.26 0.26 0.26 0.26 0.26 0.26 0.26 0.26
  per-rule acc: 0.31 0.21
Epoch 2940 | Train: Loss=0.0118 Acc=99.9% | Test: Acc=25.7% | Best=26.2%(@2920)
  from x3: 0.23 0.25 0.26 0.25 0.25 0.26 0.26 0.26 0.26 0.26 0.26 0.26 0.26 0.26 0.26 0.26 0.26 0.26 0.26 0.26 0.26 0.26 0.26 0.26 0.26 0.26 0.26 0.26 0.26
  per-rule acc: 0.29 0.22
Epoch 2960 | Train: Loss=0.0035 Acc=100.0% | Test: Acc=26.7% | Best=26.7%(@2960)
  from x3: 0.24 0.26 0.26 0.26 0.26 0.27 0.27 0.27 0.27 0.27 0.27 0.27 0.27 0.27 0.27 0.27 0.27 0.27 0.27 0.27 0.27 0.27 0.27 0.27 0.27 0.27 0.27 0.27 0.27
  per-rule acc: 0.30 0.23
Epoch 2980 | Train: Loss=0.0132 Acc=99.9% | Test: Acc=25.8% | Best=26.7%(@2960)
  from x3: 0.23 0.25 0.25 0.25 0.26 0.26 0.26 0.26 0.26 0.26 0.26 0.26 0.26 0.26 0.26 0.26 0.26 0.26 0.26 0.26 0.26 0.26 0.26 0.26 0.26 0.26 0.26 0.26 0.26
  per-rule acc: 0.30 0.22
Epoch 3000 | Train: Loss=0.0127 Acc=99.9% | Test: Acc=25.1% | Best=26.7%(@2960)
  from x3: 0.24 0.24 0.25 0.25 0.25 0.25 0.25 0.25 0.25 0.25 0.25 0.25 0.25 0.25 0.25 0.25 0.25 0.25 0.25 0.25 0.25 0.25 0.25 0.25 0.26 0.25 0.26 0.25 0.25
  per-rule acc: 0.29 0.21
Epoch 3020 | Train: Loss=0.0109 Acc=99.9% | Test: Acc=25.7% | Best=26.7%(@2960)
  from x3: 0.24 0.25 0.26 0.25 0.25 0.25 0.25 0.25 0.26 0.26 0.26 0.26 0.26 0.26 0.26 0.26 0.26 0.26 0.26 0.26 0.26 0.26 0.26 0.26 0.26 0.26 0.26 0.26 0.26
  per-rule acc: 0.29 0.22
Epoch 3040 | Train: Loss=0.0039 Acc=100.0% | Test: Acc=23.9% | Best=26.7%(@2960)
  from x3: 0.22 0.23 0.23 0.24 0.24 0.24 0.24 0.24 0.24 0.24 0.24 0.24 0.24 0.24 0.24 0.24 0.24 0.24 0.24 0.24 0.24 0.24 0.24 0.24 0.24 0.24 0.24 0.24 0.24
  per-rule acc: 0.26 0.21
Epoch 3060 | Train: Loss=0.0273 Acc=99.7% | Test: Acc=23.1% | Best=26.7%(@2960)
  from x3: 0.21 0.23 0.23 0.23 0.23 0.23 0.23 0.23 0.23 0.23 0.23 0.23 0.23 0.23 0.23 0.23 0.23 0.23 0.23 0.23 0.23 0.23 0.23 0.23 0.23 0.23 0.24 0.23 0.24
  per-rule acc: 0.27 0.19
Epoch 3080 | Train: Loss=0.0106 Acc=99.9% | Test: Acc=26.4% | Best=26.7%(@2960)
  from x3: 0.24 0.26 0.26 0.26 0.26 0.26 0.26 0.27 0.26 0.27 0.27 0.27 0.27 0.27 0.27 0.27 0.27 0.27 0.27 0.26 0.26 0.27 0.27 0.27 0.27 0.27 0.27 0.27 0.27
  per-rule acc: 0.31 0.22
Epoch 3100 | Train: Loss=0.0109 Acc=99.9% | Test: Acc=25.7% | Best=26.7%(@2960)
  from x3: 0.23 0.26 0.26 0.25 0.26 0.26 0.26 0.26 0.26 0.26 0.26 0.26 0.26 0.26 0.26 0.26 0.26 0.26 0.26 0.26 0.26 0.26 0.26 0.26 0.26 0.26 0.26 0.26 0.26
  per-rule acc: 0.30 0.22
Epoch 3120 | Train: Loss=0.0073 Acc=100.0% | Test: Acc=27.2% | Best=27.2%(@3120)
  from x3: 0.25 0.28 0.27 0.27 0.27 0.27 0.27 0.27 0.27 0.27 0.27 0.27 0.27 0.27 0.27 0.27 0.27 0.27 0.27 0.27 0.27 0.27 0.27 0.27 0.27 0.27 0.27 0.28 0.28
  per-rule acc: 0.32 0.22
Epoch 3140 | Train: Loss=0.0048 Acc=100.0% | Test: Acc=27.8% | Best=27.8%(@3140)
  from x3: 0.24 0.27 0.27 0.28 0.28 0.28 0.28 0.28 0.28 0.28 0.28 0.28 0.28 0.28 0.28 0.28 0.28 0.28 0.28 0.28 0.28 0.28 0.28 0.28 0.28 0.28 0.28 0.28 0.28
  per-rule acc: 0.33 0.23
Epoch 3160 | Train: Loss=0.0041 Acc=100.0% | Test: Acc=24.2% | Best=27.8%(@3140)
  from x3: 0.22 0.23 0.24 0.24 0.24 0.24 0.24 0.24 0.24 0.24 0.24 0.24 0.24 0.24 0.24 0.24 0.24 0.24 0.24 0.24 0.24 0.24 0.24 0.25 0.24 0.24 0.24 0.24 0.24
  per-rule acc: 0.26 0.23
Epoch 3180 | Train: Loss=0.0237 Acc=99.8% | Test: Acc=25.1% | Best=27.8%(@3140)
  from x3: 0.23 0.25 0.25 0.25 0.25 0.25 0.25 0.25 0.25 0.25 0.25 0.25 0.25 0.25 0.25 0.25 0.25 0.25 0.25 0.25 0.25 0.25 0.25 0.25 0.25 0.25 0.25 0.25 0.25
  per-rule acc: 0.28 0.22
Epoch 3200 | Train: Loss=0.0115 Acc=99.9% | Test: Acc=27.4% | Best=27.8%(@3140)
  from x3: 0.25 0.27 0.27 0.27 0.28 0.27 0.27 0.27 0.28 0.27 0.28 0.28 0.28 0.28 0.28 0.28 0.28 0.28 0.28 0.28 0.28 0.28 0.28 0.28 0.28 0.28 0.28 0.28 0.28
  per-rule acc: 0.33 0.22
Epoch 3220 | Train: Loss=0.0107 Acc=99.9% | Test: Acc=26.2% | Best=27.8%(@3140)
  from x3: 0.24 0.25 0.26 0.26 0.26 0.26 0.26 0.26 0.26 0.26 0.26 0.26 0.26 0.26 0.26 0.26 0.26 0.26 0.26 0.26 0.26 0.26 0.26 0.27 0.26 0.26 0.26 0.26 0.27
  per-rule acc: 0.32 0.21
Epoch 3240 | Train: Loss=0.0033 Acc=100.0% | Test: Acc=27.4% | Best=27.8%(@3140)
  from x3: 0.25 0.27 0.27 0.27 0.27 0.27 0.27 0.27 0.27 0.27 0.27 0.27 0.28 0.28 0.27 0.28 0.28 0.27 0.28 0.28 0.28 0.28 0.28 0.28 0.28 0.28 0.28 0.28 0.28
  per-rule acc: 0.30 0.24
Epoch 3260 | Train: Loss=0.0081 Acc=99.9% | Test: Acc=26.9% | Best=27.8%(@3140)
  from x3: 0.25 0.27 0.26 0.26 0.26 0.27 0.27 0.27 0.27 0.27 0.27 0.27 0.27 0.27 0.27 0.27 0.27 0.27 0.27 0.27 0.27 0.27 0.27 0.27 0.27 0.27 0.27 0.27 0.27
  per-rule acc: 0.32 0.22
Epoch 3280 | Train: Loss=0.0038 Acc=100.0% | Test: Acc=25.4% | Best=27.8%(@3140)
  from x3: 0.24 0.25 0.25 0.25 0.25 0.25 0.25 0.25 0.25 0.25 0.25 0.26 0.26 0.26 0.26 0.26 0.26 0.26 0.26 0.26 0.26 0.26 0.26 0.26 0.25 0.26 0.26 0.26 0.26
  per-rule acc: 0.28 0.23
Epoch 3300 | Train: Loss=0.0526 Acc=99.1% | Test: Acc=21.0% | Best=27.8%(@3140)
  from x3: 0.19 0.21 0.21 0.21 0.21 0.21 0.21 0.21 0.21 0.21 0.21 0.21 0.21 0.21 0.21 0.21 0.21 0.21 0.21 0.21 0.21 0.21 0.21 0.21 0.21 0.22 0.22 0.22 0.22
  per-rule acc: 0.22 0.20
Epoch 3320 | Train: Loss=0.0148 Acc=99.8% | Test: Acc=27.7% | Best=27.8%(@3140)
  from x3: 0.25 0.27 0.28 0.28 0.28 0.28 0.28 0.28 0.28 0.28 0.28 0.28 0.28 0.28 0.28 0.28 0.28 0.28 0.28 0.28 0.28 0.28 0.28 0.28 0.28 0.28 0.28 0.28 0.28
  per-rule acc: 0.32 0.24
Epoch 3340 | Train: Loss=0.0111 Acc=99.9% | Test: Acc=26.6% | Best=27.8%(@3140)
  from x3: 0.25 0.26 0.26 0.26 0.26 0.26 0.26 0.26 0.26 0.26 0.27 0.27 0.27 0.27 0.27 0.27 0.27 0.27 0.27 0.27 0.27 0.27 0.27 0.27 0.27 0.27 0.27 0.27 0.27
  per-rule acc: 0.30 0.23
Epoch 3360 | Train: Loss=0.0060 Acc=99.9% | Test: Acc=26.4% | Best=27.8%(@3140)
  from x3: 0.24 0.26 0.26 0.26 0.26 0.26 0.27 0.26 0.26 0.26 0.26 0.26 0.26 0.27 0.27 0.26 0.26 0.26 0.27 0.27 0.27 0.26 0.27 0.27 0.27 0.27 0.27 0.27 0.27
  per-rule acc: 0.32 0.21
Epoch 3380 | Train: Loss=0.0102 Acc=99.9% | Test: Acc=25.5% | Best=27.8%(@3140)
  from x3: 0.24 0.25 0.26 0.25 0.25 0.26 0.26 0.25 0.25 0.25 0.25 0.25 0.25 0.25 0.25 0.25 0.26 0.25 0.25 0.25 0.26 0.26 0.26 0.26 0.26 0.26 0.26 0.26 0.26
  per-rule acc: 0.30 0.21
Epoch 3400 | Train: Loss=0.0038 Acc=100.0% | Test: Acc=25.5% | Best=27.8%(@3140)
  from x3: 0.24 0.24 0.25 0.25 0.25 0.26 0.25 0.25 0.25 0.26 0.26 0.26 0.26 0.26 0.26 0.26 0.26 0.26 0.26 0.26 0.26 0.26 0.26 0.26 0.26 0.26 0.26 0.26 0.26
  per-rule acc: 0.28 0.23
Epoch 3420 | Train: Loss=0.0041 Acc=100.0% | Test: Acc=23.6% | Best=27.8%(@3140)
  from x3: 0.22 0.23 0.23 0.24 0.23 0.24 0.24 0.24 0.24 0.24 0.24 0.24 0.24 0.24 0.24 0.24 0.24 0.24 0.24 0.24 0.24 0.24 0.24 0.24 0.24 0.24 0.24 0.24 0.24
  per-rule acc: 0.23 0.24
Epoch 3440 | Train: Loss=0.0152 Acc=99.9% | Test: Acc=28.3% | Best=28.3%(@3440)
  from x3: 0.25 0.28 0.28 0.28 0.28 0.28 0.28 0.28 0.28 0.28 0.28 0.28 0.28 0.28 0.29 0.29 0.29 0.28 0.29 0.29 0.29 0.29 0.29 0.29 0.29 0.29 0.29 0.29 0.29
  per-rule acc: 0.33 0.24
Epoch 3460 | Train: Loss=0.0082 Acc=99.9% | Test: Acc=28.4% | Best=28.4%(@3460)
  from x3: 0.26 0.27 0.28 0.28 0.28 0.28 0.28 0.28 0.28 0.28 0.28 0.28 0.28 0.28 0.28 0.28 0.29 0.28 0.29 0.29 0.29 0.29 0.29 0.29 0.29 0.29 0.29 0.29 0.29
  per-rule acc: 0.33 0.24
Epoch 3480 | Train: Loss=0.0035 Acc=100.0% | Test: Acc=28.0% | Best=28.4%(@3460)
  from x3: 0.26 0.27 0.28 0.28 0.28 0.28 0.28 0.28 0.28 0.28 0.28 0.28 0.28 0.28 0.28 0.28 0.28 0.28 0.28 0.28 0.28 0.28 0.28 0.28 0.28 0.28 0.28 0.28 0.28
  per-rule acc: 0.30 0.26
Epoch 3500 | Train: Loss=0.0039 Acc=100.0% | Test: Acc=25.2% | Best=28.4%(@3460)
  from x3: 0.23 0.24 0.25 0.25 0.25 0.25 0.25 0.25 0.25 0.25 0.25 0.25 0.25 0.25 0.25 0.25 0.25 0.25 0.25 0.25 0.25 0.25 0.25 0.25 0.25 0.25 0.25 0.25 0.25
  per-rule acc: 0.25 0.26
Epoch 3520 | Train: Loss=0.0201 Acc=99.8% | Test: Acc=27.9% | Best=28.4%(@3460)
  from x3: 0.26 0.27 0.27 0.28 0.28 0.28 0.28 0.28 0.28 0.28 0.28 0.28 0.28 0.28 0.28 0.28 0.28 0.28 0.28 0.28 0.28 0.28 0.28 0.28 0.28 0.28 0.28 0.28 0.28
  per-rule acc: 0.32 0.24
Epoch 3540 | Train: Loss=0.0077 Acc=99.9% | Test: Acc=28.0% | Best=28.4%(@3460)
  from x3: 0.26 0.27 0.28 0.28 0.28 0.28 0.28 0.28 0.28 0.28 0.28 0.28 0.28 0.28 0.28 0.28 0.28 0.28 0.28 0.28 0.28 0.28 0.28 0.28 0.28 0.28 0.28 0.28 0.28
  per-rule acc: 0.33 0.23
Epoch 3560 | Train: Loss=0.0090 Acc=99.9% | Test: Acc=27.9% | Best=28.4%(@3460)
  from x3: 0.26 0.28 0.27 0.28 0.28 0.28 0.28 0.28 0.28 0.28 0.28 0.28 0.28 0.28 0.28 0.28 0.28 0.28 0.28 0.28 0.28 0.28 0.28 0.28 0.28 0.28 0.28 0.28 0.28
  per-rule acc: 0.33 0.23
Epoch 3580 | Train: Loss=0.0149 Acc=99.8% | Test: Acc=28.0% | Best=28.4%(@3460)
  from x3: 0.26 0.27 0.28 0.28 0.28 0.28 0.28 0.28 0.28 0.28 0.28 0.28 0.28 0.28 0.28 0.28 0.28 0.28 0.28 0.28 0.28 0.28 0.28 0.28 0.28 0.28 0.28 0.28 0.29
  per-rule acc: 0.32 0.24
Epoch 3600 | Train: Loss=0.0037 Acc=100.0% | Test: Acc=30.0% | Best=30.0%(@3600)
  from x3: 0.28 0.29 0.29 0.30 0.30 0.30 0.30 0.30 0.30 0.30 0.30 0.30 0.30 0.30 0.30 0.30 0.30 0.30 0.30 0.30 0.30 0.30 0.30 0.30 0.30 0.30 0.30 0.31 0.31
  per-rule acc: 0.35 0.26
Epoch 3620 | Train: Loss=0.0166 Acc=99.8% | Test: Acc=26.2% | Best=30.0%(@3600)
  from x3: 0.24 0.26 0.26 0.26 0.26 0.26 0.26 0.26 0.26 0.26 0.26 0.26 0.26 0.26 0.26 0.26 0.26 0.26 0.26 0.26 0.26 0.26 0.26 0.26 0.26 0.26 0.27 0.27 0.27
  per-rule acc: 0.29 0.24
Epoch 3640 | Train: Loss=0.0078 Acc=99.9% | Test: Acc=28.9% | Best=30.0%(@3600)
  from x3: 0.26 0.29 0.29 0.29 0.29 0.29 0.28 0.29 0.29 0.29 0.29 0.29 0.29 0.29 0.29 0.29 0.29 0.29 0.29 0.29 0.29 0.29 0.29 0.29 0.29 0.29 0.29 0.29 0.29
  per-rule acc: 0.33 0.25
Epoch 3660 | Train: Loss=0.0080 Acc=99.9% | Test: Acc=29.0% | Best=30.0%(@3600)
  from x3: 0.26 0.28 0.29 0.29 0.29 0.29 0.29 0.29 0.29 0.29 0.29 0.29 0.29 0.29 0.29 0.29 0.29 0.29 0.29 0.29 0.29 0.29 0.29 0.29 0.29 0.29 0.29 0.29 0.29
  per-rule acc: 0.34 0.24
Epoch 3680 | Train: Loss=0.0047 Acc=100.0% | Test: Acc=29.8% | Best=30.0%(@3600)
  from x3: 0.28 0.30 0.29 0.29 0.30 0.30 0.29 0.29 0.30 0.30 0.30 0.30 0.30 0.30 0.30 0.30 0.30 0.30 0.30 0.30 0.30 0.30 0.30 0.30 0.30 0.30 0.30 0.30 0.30
  per-rule acc: 0.34 0.26
Epoch 3700 | Train: Loss=0.0143 Acc=99.9% | Test: Acc=29.8% | Best=30.0%(@3600)
  from x3: 0.28 0.29 0.29 0.29 0.30 0.30 0.30 0.30 0.30 0.30 0.30 0.30 0.30 0.30 0.30 0.30 0.30 0.30 0.30 0.30 0.30 0.30 0.30 0.30 0.30 0.30 0.30 0.30 0.30
  per-rule acc: 0.35 0.25
Epoch 3720 | Train: Loss=0.0110 Acc=99.9% | Test: Acc=28.6% | Best=30.0%(@3600)
  from x3: 0.26 0.28 0.28 0.29 0.28 0.29 0.29 0.29 0.29 0.29 0.29 0.29 0.29 0.29 0.29 0.29 0.29 0.29 0.29 0.29 0.29 0.29 0.29 0.29 0.29 0.29 0.29 0.29 0.29
  per-rule acc: 0.33 0.24
Epoch 3740 | Train: Loss=0.0102 Acc=99.9% | Test: Acc=28.7% | Best=30.0%(@3600)
  from x3: 0.27 0.28 0.29 0.29 0.28 0.29 0.28 0.29 0.29 0.29 0.29 0.29 0.29 0.29 0.29 0.29 0.29 0.29 0.29 0.29 0.29 0.29 0.29 0.29 0.29 0.29 0.29 0.29 0.29
  per-rule acc: 0.33 0.25
Epoch 3760 | Train: Loss=0.0035 Acc=100.0% | Test: Acc=31.0% | Best=31.0%(@3760)
  from x3: 0.29 0.30 0.30 0.31 0.31 0.31 0.31 0.31 0.31 0.31 0.31 0.31 0.31 0.31 0.31 0.31 0.31 0.31 0.31 0.31 0.31 0.31 0.31 0.31 0.31 0.32 0.32 0.32 0.32
  per-rule acc: 0.35 0.27
Epoch 3780 | Train: Loss=0.0041 Acc=100.0% | Test: Acc=27.6% | Best=31.0%(@3760)
  from x3: 0.25 0.27 0.27 0.27 0.27 0.28 0.28 0.28 0.28 0.28 0.28 0.28 0.28 0.28 0.28 0.28 0.28 0.28 0.28 0.28 0.28 0.28 0.28 0.28 0.28 0.28 0.28 0.28 0.28
  per-rule acc: 0.29 0.26
Epoch 3800 | Train: Loss=0.0174 Acc=99.9% | Test: Acc=27.4% | Best=31.0%(@3760)
  from x3: 0.25 0.27 0.27 0.27 0.27 0.27 0.28 0.28 0.28 0.27 0.27 0.27 0.27 0.27 0.27 0.27 0.27 0.27 0.27 0.27 0.28 0.28 0.28 0.28 0.28 0.28 0.28 0.28 0.28
  per-rule acc: 0.31 0.24
Epoch 3820 | Train: Loss=0.0061 Acc=100.0% | Test: Acc=31.0% | Best=31.0%(@3760)
  from x3: 0.29 0.30 0.31 0.31 0.31 0.31 0.31 0.31 0.31 0.31 0.31 0.31 0.31 0.31 0.31 0.31 0.31 0.31 0.31 0.31 0.31 0.31 0.31 0.31 0.31 0.32 0.32 0.32 0.32
  per-rule acc: 0.35 0.27
Epoch 3840 | Train: Loss=0.0035 Acc=100.0% | Test: Acc=29.2% | Best=31.0%(@3760)
  from x3: 0.27 0.30 0.29 0.29 0.29 0.29 0.29 0.29 0.29 0.29 0.29 0.29 0.29 0.29 0.29 0.29 0.29 0.29 0.29 0.29 0.29 0.30 0.29 0.29 0.30 0.29 0.30 0.30 0.30
  per-rule acc: 0.32 0.26
Epoch 3860 | Train: Loss=0.0040 Acc=100.0% | Test: Acc=27.2% | Best=31.0%(@3760)
  from x3: 0.25 0.27 0.27 0.27 0.27 0.27 0.27 0.27 0.27 0.27 0.27 0.27 0.27 0.27 0.27 0.27 0.27 0.27 0.27 0.27 0.27 0.27 0.27 0.28 0.28 0.28 0.28 0.28 0.28
  per-rule acc: 0.28 0.27
Epoch 3880 | Train: Loss=0.0168 Acc=99.8% | Test: Acc=28.4% | Best=31.0%(@3760)
  from x3: 0.26 0.28 0.28 0.28 0.28 0.28 0.28 0.28 0.28 0.28 0.28 0.28 0.28 0.29 0.29 0.29 0.29 0.29 0.29 0.29 0.29 0.29 0.29 0.29 0.29 0.29 0.29 0.29 0.29
  per-rule acc: 0.32 0.25
Epoch 3900 | Train: Loss=0.0087 Acc=99.9% | Test: Acc=28.6% | Best=31.0%(@3760)
  from x3: 0.27 0.28 0.28 0.28 0.28 0.29 0.28 0.28 0.29 0.28 0.29 0.29 0.29 0.29 0.29 0.29 0.29 0.29 0.29 0.29 0.29 0.29 0.29 0.29 0.29 0.29 0.29 0.29 0.29
  per-rule acc: 0.32 0.25
Epoch 3920 | Train: Loss=0.0033 Acc=100.0% | Test: Acc=31.0% | Best=31.0%(@3760)
  from x3: 0.28 0.31 0.31 0.31 0.31 0.30 0.31 0.31 0.31 0.31 0.31 0.31 0.31 0.31 0.31 0.31 0.31 0.31 0.31 0.31 0.32 0.31 0.31 0.31 0.31 0.31 0.31 0.31 0.31
  per-rule acc: 0.35 0.27
Epoch 3940 | Train: Loss=0.0039 Acc=100.0% | Test: Acc=27.6% | Best=31.0%(@3760)
  from x3: 0.26 0.27 0.27 0.27 0.27 0.27 0.27 0.27 0.27 0.28 0.28 0.28 0.28 0.28 0.28 0.28 0.28 0.28 0.28 0.28 0.28 0.28 0.28 0.28 0.28 0.28 0.28 0.28 0.28
  per-rule acc: 0.29 0.26
Epoch 3960 | Train: Loss=0.0133 Acc=99.9% | Test: Acc=28.9% | Best=31.0%(@3760)
  from x3: 0.27 0.28 0.29 0.29 0.29 0.29 0.29 0.29 0.29 0.29 0.29 0.29 0.29 0.29 0.29 0.29 0.29 0.29 0.29 0.29 0.29 0.29 0.29 0.29 0.29 0.29 0.29 0.29 0.29
  per-rule acc: 0.33 0.25
Epoch 3980 | Train: Loss=0.0035 Acc=100.0% | Test: Acc=30.4% | Best=31.0%(@3760)
  from x3: 0.28 0.30 0.30 0.30 0.30 0.30 0.30 0.30 0.30 0.31 0.30 0.30 0.31 0.31 0.31 0.31 0.31 0.31 0.31 0.31 0.31 0.31 0.31 0.31 0.31 0.31 0.31 0.31 0.31
  per-rule acc: 0.34 0.27
Epoch 4000 | Train: Loss=0.0187 Acc=99.8% | Test: Acc=29.2% | Best=31.0%(@3760)
  from x3: 0.26 0.28 0.29 0.29 0.29 0.29 0.29 0.29 0.29 0.29 0.29 0.29 0.29 0.29 0.29 0.29 0.29 0.29 0.30 0.30 0.30 0.30 0.30 0.30 0.30 0.30 0.30 0.30 0.30
  per-rule acc: 0.33 0.26
Epoch 4020 | Train: Loss=0.0141 Acc=99.9% | Test: Acc=29.6% | Best=31.0%(@3760)
  from x3: 0.27 0.29 0.29 0.29 0.29 0.30 0.30 0.30 0.30 0.30 0.30 0.30 0.30 0.30 0.30 0.30 0.30 0.30 0.30 0.30 0.30 0.30 0.30 0.30 0.30 0.30 0.30 0.30 0.30
  per-rule acc: 0.34 0.25
Epoch 4040 | Train: Loss=0.0051 Acc=99.9% | Test: Acc=30.8% | Best=31.0%(@3760)
  from x3: 0.29 0.30 0.31 0.30 0.31 0.31 0.31 0.31 0.31 0.31 0.31 0.31 0.31 0.31 0.31 0.31 0.31 0.31 0.31 0.31 0.31 0.31 0.31 0.31 0.31 0.31 0.31 0.31 0.31
  per-rule acc: 0.34 0.28
Epoch 4060 | Train: Loss=0.0089 Acc=99.9% | Test: Acc=31.6% | Best=31.6%(@4060)
  from x3: 0.29 0.31 0.31 0.31 0.31 0.32 0.32 0.32 0.32 0.32 0.32 0.32 0.32 0.32 0.32 0.32 0.32 0.32 0.32 0.32 0.32 0.32 0.32 0.32 0.32 0.32 0.32 0.32 0.32
  per-rule acc: 0.36 0.27
Epoch 4080 | Train: Loss=0.0063 Acc=99.9% | Test: Acc=31.0% | Best=31.6%(@4060)
  from x3: 0.29 0.30 0.31 0.31 0.31 0.31 0.31 0.31 0.31 0.31 0.31 0.31 0.31 0.31 0.31 0.31 0.31 0.31 0.31 0.31 0.31 0.31 0.31 0.31 0.31 0.31 0.31 0.31 0.31
  per-rule acc: 0.36 0.26
Epoch 4100 | Train: Loss=0.0038 Acc=100.0% | Test: Acc=28.3% | Best=31.6%(@4060)
  from x3: 0.26 0.27 0.28 0.28 0.28 0.28 0.28 0.28 0.28 0.28 0.28 0.28 0.28 0.28 0.28 0.28 0.28 0.28 0.28 0.29 0.29 0.28 0.28 0.29 0.29 0.29 0.29 0.29 0.29
  per-rule acc: 0.30 0.27
Epoch 4120 | Train: Loss=0.0852 Acc=98.4% | Test: Acc=21.5% | Best=31.6%(@4060)
  from x3: 0.19 0.21 0.21 0.21 0.21 0.21 0.21 0.21 0.22 0.22 0.22 0.22 0.22 0.22 0.22 0.22 0.22 0.22 0.22 0.22 0.22 0.22 0.22 0.22 0.21 0.22 0.22 0.22 0.22
  per-rule acc: 0.22 0.21
Epoch 4140 | Train: Loss=0.0127 Acc=99.9% | Test: Acc=28.3% | Best=31.6%(@4060)
  from x3: 0.25 0.28 0.28 0.28 0.28 0.28 0.28 0.28 0.28 0.28 0.28 0.28 0.28 0.28 0.28 0.28 0.28 0.28 0.29 0.29 0.29 0.29 0.29 0.29 0.29 0.29 0.29 0.29 0.29
  per-rule acc: 0.31 0.25
Epoch 4160 | Train: Loss=0.0072 Acc=99.9% | Test: Acc=29.7% | Best=31.6%(@4060)
  from x3: 0.28 0.29 0.30 0.29 0.29 0.29 0.30 0.30 0.30 0.30 0.30 0.30 0.30 0.30 0.30 0.30 0.30 0.30 0.30 0.30 0.30 0.30 0.30 0.30 0.30 0.30 0.30 0.30 0.30
  per-rule acc: 0.34 0.26
Epoch 4180 | Train: Loss=0.0059 Acc=100.0% | Test: Acc=30.4% | Best=31.6%(@4060)
  from x3: 0.29 0.30 0.30 0.30 0.30 0.30 0.30 0.30 0.30 0.30 0.30 0.30 0.30 0.31 0.31 0.31 0.31 0.31 0.31 0.31 0.31 0.31 0.31 0.31 0.31 0.31 0.31 0.31 0.31
  per-rule acc: 0.33 0.27
Epoch 4200 | Train: Loss=0.0112 Acc=99.9% | Test: Acc=29.0% | Best=31.6%(@4060)
  from x3: 0.27 0.28 0.29 0.29 0.29 0.29 0.29 0.29 0.29 0.29 0.29 0.29 0.29 0.29 0.29 0.29 0.29 0.29 0.29 0.29 0.29 0.29 0.29 0.29 0.29 0.29 0.29 0.29 0.29
  per-rule acc: 0.33 0.25
Epoch 4220 | Train: Loss=0.0043 Acc=100.0% | Test: Acc=31.8% | Best=31.8%(@4220)
  from x3: 0.30 0.31 0.31 0.31 0.32 0.31 0.32 0.32 0.32 0.32 0.32 0.32 0.32 0.32 0.32 0.32 0.32 0.32 0.32 0.32 0.32 0.32 0.32 0.32 0.32 0.32 0.32 0.32 0.32
  per-rule acc: 0.37 0.27
Epoch 4240 | Train: Loss=0.0038 Acc=100.0% | Test: Acc=28.9% | Best=31.8%(@4220)
  from x3: 0.26 0.28 0.29 0.29 0.29 0.29 0.29 0.29 0.29 0.29 0.29 0.29 0.29 0.29 0.29 0.29 0.29 0.29 0.29 0.29 0.29 0.29 0.29 0.29 0.29 0.29 0.29 0.29 0.29
  per-rule acc: 0.31 0.27
Epoch 4260 | Train: Loss=0.0218 Acc=99.8% | Test: Acc=27.9% | Best=31.8%(@4220)
  from x3: 0.26 0.27 0.28 0.28 0.28 0.28 0.28 0.28 0.28 0.28 0.28 0.28 0.28 0.28 0.28 0.28 0.28 0.28 0.28 0.28 0.28 0.28 0.28 0.28 0.28 0.28 0.28 0.28 0.28
  per-rule acc: 0.31 0.25
Epoch 4280 | Train: Loss=0.0138 Acc=99.9% | Test: Acc=31.2% | Best=31.8%(@4220)
  from x3: 0.29 0.31 0.31 0.31 0.31 0.31 0.31 0.31 0.31 0.31 0.31 0.31 0.31 0.31 0.31 0.31 0.31 0.31 0.31 0.31 0.31 0.31 0.31 0.31 0.31 0.31 0.31 0.31 0.31
  per-rule acc: 0.35 0.28
Epoch 4300 | Train: Loss=0.0115 Acc=99.9% | Test: Acc=28.9% | Best=31.8%(@4220)
  from x3: 0.26 0.28 0.29 0.29 0.28 0.28 0.29 0.29 0.29 0.29 0.29 0.29 0.29 0.29 0.29 0.29 0.29 0.29 0.29 0.29 0.29 0.29 0.29 0.29 0.29 0.29 0.29 0.29 0.29
  per-rule acc: 0.34 0.24
Epoch 4320 | Train: Loss=0.0035 Acc=100.0% | Test: Acc=30.4% | Best=31.8%(@4220)
  from x3: 0.28 0.30 0.30 0.30 0.30 0.30 0.30 0.30 0.30 0.30 0.31 0.31 0.31 0.31 0.31 0.31 0.31 0.31 0.31 0.31 0.31 0.31 0.31 0.31 0.31 0.31 0.31 0.31 0.31
  per-rule acc: 0.34 0.27
Epoch 4340 | Train: Loss=0.0039 Acc=100.0% | Test: Acc=28.1% | Best=31.8%(@4220)
  from x3: 0.26 0.27 0.28 0.28 0.28 0.28 0.28 0.28 0.28 0.28 0.28 0.28 0.28 0.28 0.28 0.28 0.28 0.28 0.28 0.28 0.28 0.28 0.28 0.28 0.28 0.28 0.28 0.28 0.28
  per-rule acc: 0.29 0.27
Epoch 4360 | Train: Loss=0.0170 Acc=99.8% | Test: Acc=28.5% | Best=31.8%(@4220)
  from x3: 0.26 0.28 0.28 0.28 0.28 0.28 0.29 0.29 0.29 0.29 0.29 0.29 0.29 0.29 0.29 0.29 0.29 0.29 0.29 0.29 0.29 0.29 0.29 0.29 0.29 0.29 0.29 0.29 0.29
  per-rule acc: 0.33 0.24
Epoch 4380 | Train: Loss=0.0056 Acc=100.0% | Test: Acc=31.2% | Best=31.8%(@4220)
  from x3: 0.29 0.31 0.32 0.31 0.31 0.31 0.31 0.31 0.31 0.31 0.31 0.31 0.31 0.31 0.31 0.31 0.31 0.31 0.31 0.31 0.31 0.31 0.31 0.31 0.31 0.31 0.31 0.32 0.32
  per-rule acc: 0.35 0.27
Epoch 4400 | Train: Loss=0.0135 Acc=99.9% | Test: Acc=28.4% | Best=31.8%(@4220)
  from x3: 0.26 0.28 0.28 0.28 0.28 0.28 0.29 0.28 0.28 0.29 0.29 0.29 0.29 0.29 0.29 0.29 0.29 0.29 0.28 0.29 0.29 0.29 0.29 0.29 0.29 0.29 0.29 0.29 0.29
  per-rule acc: 0.30 0.27
Epoch 4420 | Train: Loss=0.0039 Acc=100.0% | Test: Acc=32.1% | Best=32.1%(@4420)
  from x3: 0.29 0.32 0.32 0.32 0.32 0.32 0.32 0.32 0.32 0.32 0.32 0.32 0.32 0.32 0.32 0.32 0.32 0.32 0.32 0.32 0.32 0.32 0.32 0.32 0.32 0.32 0.33 0.32 0.32
  per-rule acc: 0.34 0.30
Epoch 4440 | Train: Loss=0.0036 Acc=100.0% | Test: Acc=28.2% | Best=32.1%(@4420)
  from x3: 0.27 0.27 0.28 0.28 0.28 0.28 0.28 0.28 0.28 0.28 0.28 0.28 0.28 0.28 0.28 0.28 0.28 0.28 0.28 0.28 0.28 0.28 0.28 0.28 0.29 0.29 0.29 0.29 0.29
  per-rule acc: 0.30 0.27
Epoch 4460 | Train: Loss=0.0037 Acc=100.0% | Test: Acc=26.0% | Best=32.1%(@4420)
  from x3: 0.25 0.26 0.26 0.26 0.26 0.26 0.26 0.26 0.26 0.26 0.26 0.26 0.26 0.26 0.26 0.26 0.26 0.26 0.26 0.26 0.26 0.26 0.26 0.26 0.26 0.26 0.26 0.26 0.26
  per-rule acc: 0.26 0.26
Epoch 4480 | Train: Loss=0.0121 Acc=99.9% | Test: Acc=30.0% | Best=32.1%(@4420)
  from x3: 0.28 0.29 0.30 0.30 0.30 0.30 0.30 0.30 0.30 0.30 0.30 0.30 0.30 0.30 0.30 0.30 0.30 0.30 0.30 0.30 0.30 0.30 0.30 0.30 0.30 0.30 0.30 0.30 0.30
  per-rule acc: 0.34 0.26
Epoch 4500 | Train: Loss=0.0066 Acc=100.0% | Test: Acc=29.9% | Best=32.1%(@4420)
  from x3: 0.29 0.30 0.30 0.29 0.30 0.30 0.30 0.30 0.30 0.30 0.30 0.30 0.30 0.30 0.30 0.30 0.30 0.30 0.30 0.30 0.30 0.30 0.30 0.30 0.30 0.30 0.30 0.30 0.30
  per-rule acc: 0.34 0.25
Epoch 4520 | Train: Loss=0.0082 Acc=99.9% | Test: Acc=30.3% | Best=32.1%(@4420)
  from x3: 0.28 0.30 0.30 0.30 0.30 0.30 0.30 0.30 0.30 0.30 0.30 0.30 0.30 0.30 0.31 0.30 0.31 0.30 0.31 0.30 0.31 0.31 0.30 0.31 0.30 0.31 0.31 0.31 0.31
  per-rule acc: 0.33 0.27
Epoch 4540 | Train: Loss=0.0034 Acc=100.0% | Test: Acc=31.2% | Best=32.1%(@4420)
  from x3: 0.28 0.31 0.31 0.31 0.31 0.31 0.31 0.31 0.31 0.31 0.31 0.31 0.31 0.31 0.31 0.31 0.31 0.31 0.31 0.32 0.31 0.32 0.32 0.32 0.32 0.32 0.32 0.32 0.32
  per-rule acc: 0.34 0.28
Epoch 4560 | Train: Loss=0.0037 Acc=100.0% | Test: Acc=28.1% | Best=32.1%(@4420)
  from x3: 0.26 0.28 0.28 0.28 0.28 0.28 0.28 0.28 0.28 0.28 0.28 0.28 0.28 0.28 0.28 0.28 0.28 0.28 0.28 0.28 0.28 0.28 0.28 0.28 0.28 0.28 0.28 0.28 0.28
  per-rule acc: 0.29 0.27
Epoch 4580 | Train: Loss=0.0213 Acc=99.8% | Test: Acc=26.9% | Best=32.1%(@4420)
  from x3: 0.24 0.26 0.27 0.27 0.27 0.27 0.27 0.27 0.27 0.27 0.27 0.27 0.27 0.27 0.27 0.27 0.27 0.27 0.27 0.27 0.27 0.27 0.27 0.27 0.27 0.27 0.27 0.27 0.27
  per-rule acc: 0.30 0.24
Epoch 4600 | Train: Loss=0.0069 Acc=99.9% | Test: Acc=30.9% | Best=32.1%(@4420)
  from x3: 0.28 0.30 0.30 0.30 0.30 0.31 0.31 0.31 0.31 0.31 0.31 0.31 0.31 0.31 0.31 0.31 0.31 0.31 0.31 0.31 0.31 0.31 0.31 0.31 0.31 0.31 0.31 0.31 0.31
  per-rule acc: 0.35 0.27
Epoch 4620 | Train: Loss=0.0033 Acc=100.0% | Test: Acc=31.6% | Best=32.1%(@4420)
  from x3: 0.29 0.31 0.31 0.31 0.31 0.31 0.31 0.31 0.31 0.32 0.32 0.32 0.32 0.32 0.32 0.32 0.32 0.32 0.32 0.32 0.32 0.32 0.32 0.32 0.32 0.32 0.32 0.32 0.32
  per-rule acc: 0.35 0.28
Epoch 4640 | Train: Loss=0.0036 Acc=100.0% | Test: Acc=27.3% | Best=32.1%(@4420)
  from x3: 0.26 0.27 0.27 0.27 0.27 0.27 0.27 0.27 0.27 0.27 0.27 0.27 0.27 0.27 0.27 0.27 0.27 0.27 0.27 0.27 0.27 0.27 0.27 0.27 0.27 0.28 0.27 0.27 0.27
  per-rule acc: 0.28 0.26
Epoch 4660 | Train: Loss=0.0184 Acc=99.8% | Test: Acc=29.8% | Best=32.1%(@4420)
  from x3: 0.27 0.30 0.30 0.29 0.30 0.29 0.30 0.30 0.30 0.30 0.30 0.30 0.30 0.30 0.30 0.30 0.30 0.30 0.30 0.30 0.30 0.30 0.30 0.30 0.30 0.30 0.30 0.30 0.30
  per-rule acc: 0.33 0.26
Epoch 4680 | Train: Loss=0.0063 Acc=99.9% | Test: Acc=30.2% | Best=32.1%(@4420)
  from x3: 0.28 0.30 0.30 0.30 0.30 0.30 0.30 0.30 0.30 0.30 0.30 0.30 0.30 0.30 0.30 0.30 0.30 0.30 0.30 0.30 0.30 0.30 0.30 0.30 0.30 0.30 0.30 0.30 0.30
  per-rule acc: 0.34 0.26
Epoch 4700 | Train: Loss=0.0045 Acc=100.0% | Test: Acc=27.9% | Best=32.1%(@4420)
  from x3: 0.25 0.27 0.28 0.27 0.28 0.28 0.28 0.28 0.28 0.28 0.28 0.28 0.28 0.28 0.28 0.28 0.28 0.28 0.28 0.28 0.28 0.28 0.28 0.28 0.28 0.28 0.28 0.28 0.28
  per-rule acc: 0.31 0.24
Epoch 4720 | Train: Loss=0.0101 Acc=99.9% | Test: Acc=28.1% | Best=32.1%(@4420)
  from x3: 0.26 0.28 0.28 0.28 0.28 0.28 0.28 0.28 0.28 0.28 0.28 0.28 0.28 0.28 0.28 0.28 0.28 0.28 0.28 0.28 0.28 0.28 0.28 0.28 0.28 0.28 0.28 0.28 0.28
  per-rule acc: 0.31 0.25
Epoch 4740 | Train: Loss=0.0035 Acc=100.0% | Test: Acc=29.1% | Best=32.1%(@4420)
  from x3: 0.27 0.28 0.29 0.29 0.29 0.29 0.29 0.29 0.29 0.29 0.29 0.29 0.29 0.29 0.29 0.29 0.29 0.29 0.29 0.29 0.29 0.29 0.29 0.29 0.30 0.30 0.29 0.30 0.30
  per-rule acc: 0.32 0.26
Epoch 4760 | Train: Loss=0.0036 Acc=100.0% | Test: Acc=26.8% | Best=32.1%(@4420)
  from x3: 0.25 0.26 0.26 0.27 0.27 0.27 0.27 0.27 0.27 0.27 0.27 0.27 0.27 0.27 0.27 0.27 0.27 0.27 0.27 0.27 0.27 0.27 0.27 0.27 0.27 0.27 0.27 0.27 0.27
  per-rule acc: 0.28 0.26
Epoch 4780 | Train: Loss=0.0235 Acc=99.7% | Test: Acc=27.0% | Best=32.1%(@4420)
  from x3: 0.25 0.27 0.27 0.27 0.27 0.27 0.27 0.27 0.27 0.27 0.27 0.27 0.27 0.27 0.27 0.27 0.27 0.27 0.27 0.27 0.27 0.27 0.27 0.27 0.27 0.27 0.27 0.27 0.27
  per-rule acc: 0.31 0.23
Epoch 4800 | Train: Loss=0.0065 Acc=100.0% | Test: Acc=29.4% | Best=32.1%(@4420)
  from x3: 0.27 0.30 0.30 0.29 0.29 0.29 0.30 0.30 0.30 0.30 0.29 0.30 0.30 0.29 0.30 0.30 0.29 0.29 0.29 0.29 0.29 0.29 0.29 0.29 0.29 0.29 0.29 0.29 0.29
  per-rule acc: 0.33 0.26
Epoch 4820 | Train: Loss=0.0180 Acc=99.8% | Test: Acc=26.9% | Best=32.1%(@4420)
  from x3: 0.24 0.26 0.26 0.27 0.26 0.27 0.27 0.27 0.27 0.27 0.27 0.27 0.27 0.27 0.27 0.27 0.27 0.27 0.27 0.27 0.27 0.27 0.27 0.27 0.27 0.27 0.27 0.27 0.27
  per-rule acc: 0.31 0.23
Epoch 4840 | Train: Loss=0.0034 Acc=100.0% | Test: Acc=32.5% | Best=32.5%(@4840)
  from x3: 0.29 0.32 0.32 0.32 0.32 0.32 0.32 0.32 0.32 0.33 0.33 0.33 0.33 0.33 0.33 0.33 0.33 0.33 0.33 0.33 0.33 0.33 0.33 0.33 0.33 0.33 0.33 0.33 0.33
  per-rule acc: 0.36 0.29
Epoch 4860 | Train: Loss=0.0158 Acc=99.9% | Test: Acc=26.0% | Best=32.5%(@4840)
  from x3: 0.22 0.26 0.26 0.26 0.26 0.26 0.26 0.26 0.26 0.26 0.26 0.26 0.26 0.26 0.26 0.26 0.26 0.26 0.26 0.26 0.26 0.26 0.26 0.26 0.26 0.26 0.26 0.26 0.26
  per-rule acc: 0.28 0.24
Epoch 4880 | Train: Loss=0.0120 Acc=99.9% | Test: Acc=27.9% | Best=32.5%(@4840)
  from x3: 0.25 0.27 0.28 0.28 0.28 0.28 0.28 0.28 0.28 0.28 0.28 0.28 0.28 0.28 0.28 0.28 0.28 0.28 0.28 0.28 0.28 0.28 0.28 0.28 0.28 0.28 0.28 0.28 0.28
  per-rule acc: 0.31 0.25
Epoch 4900 | Train: Loss=0.0033 Acc=100.0% | Test: Acc=30.3% | Best=32.5%(@4840)
  from x3: 0.28 0.30 0.30 0.30 0.31 0.30 0.30 0.30 0.30 0.30 0.30 0.30 0.30 0.30 0.30 0.30 0.30 0.30 0.30 0.30 0.30 0.31 0.31 0.30 0.31 0.30 0.31 0.31 0.31
  per-rule acc: 0.34 0.27
Epoch 4920 | Train: Loss=0.0036 Acc=100.0% | Test: Acc=27.2% | Best=32.5%(@4840)
  from x3: 0.25 0.26 0.27 0.27 0.27 0.27 0.27 0.27 0.27 0.27 0.27 0.27 0.27 0.27 0.27 0.27 0.27 0.27 0.27 0.27 0.28 0.27 0.27 0.27 0.27 0.27 0.27 0.27 0.27
  per-rule acc: 0.29 0.25
Epoch 4940 | Train: Loss=0.0102 Acc=99.9% | Test: Acc=28.3% | Best=32.5%(@4840)
  from x3: 0.26 0.28 0.28 0.28 0.28 0.28 0.28 0.28 0.28 0.28 0.28 0.28 0.28 0.28 0.29 0.28 0.28 0.29 0.28 0.29 0.28 0.28 0.28 0.28 0.29 0.28 0.28 0.29 0.29
  per-rule acc: 0.32 0.25
Epoch 4960 | Train: Loss=0.0033 Acc=100.0% | Test: Acc=30.0% | Best=32.5%(@4840)
  from x3: 0.27 0.30 0.30 0.30 0.30 0.30 0.30 0.30 0.30 0.30 0.30 0.30 0.30 0.30 0.30 0.30 0.30 0.30 0.30 0.30 0.30 0.30 0.30 0.30 0.30 0.30 0.30 0.30 0.30
  per-rule acc: 0.35 0.26
Epoch 4980 | Train: Loss=0.0036 Acc=100.0% | Test: Acc=26.9% | Best=32.5%(@4840)
  from x3: 0.24 0.26 0.26 0.27 0.27 0.27 0.27 0.27 0.27 0.27 0.27 0.27 0.27 0.27 0.27 0.27 0.27 0.27 0.27 0.27 0.27 0.27 0.27 0.27 0.27 0.27 0.27 0.27 0.27
  per-rule acc: 0.29 0.25
Epoch 5000 | Train: Loss=0.0172 Acc=99.8% | Test: Acc=26.6% | Best=32.5%(@4840)
  from x3: 0.25 0.26 0.27 0.26 0.26 0.26 0.26 0.26 0.27 0.27 0.27 0.27 0.27 0.27 0.27 0.27 0.27 0.27 0.27 0.27 0.27 0.27 0.27 0.27 0.27 0.27 0.27 0.27 0.27
  per-rule acc: 0.30 0.23
Epoch 5020 | Train: Loss=0.0103 Acc=99.9% | Test: Acc=28.1% | Best=32.5%(@4840)
  from x3: 0.25 0.28 0.28 0.28 0.28 0.28 0.28 0.28 0.28 0.28 0.28 0.28 0.28 0.28 0.28 0.28 0.28 0.28 0.28 0.28 0.28 0.28 0.28 0.28 0.28 0.28 0.28 0.28 0.28
  per-rule acc: 0.32 0.24
Epoch 5040 | Train: Loss=0.0032 Acc=100.0% | Test: Acc=29.8% | Best=32.5%(@4840)
  from x3: 0.27 0.30 0.29 0.30 0.30 0.30 0.30 0.30 0.30 0.30 0.30 0.30 0.30 0.30 0.30 0.30 0.30 0.30 0.30 0.30 0.30 0.30 0.30 0.30 0.30 0.30 0.30 0.30 0.30
  per-rule acc: 0.33 0.27
Epoch 5060 | Train: Loss=0.0036 Acc=100.0% | Test: Acc=26.4% | Best=32.5%(@4840)
  from x3: 0.24 0.26 0.26 0.26 0.26 0.26 0.26 0.26 0.26 0.26 0.26 0.26 0.26 0.27 0.26 0.27 0.27 0.26 0.27 0.26 0.27 0.27 0.27 0.27 0.27 0.27 0.27 0.27 0.27
  per-rule acc: 0.28 0.25
Epoch 5080 | Train: Loss=0.0168 Acc=99.9% | Test: Acc=27.7% | Best=32.5%(@4840)
  from x3: 0.25 0.27 0.27 0.28 0.27 0.28 0.28 0.28 0.28 0.28 0.28 0.28 0.28 0.28 0.28 0.28 0.28 0.28 0.28 0.28 0.28 0.28 0.28 0.28 0.28 0.28 0.28 0.28 0.28
  per-rule acc: 0.30 0.25
Epoch 5100 | Train: Loss=0.0073 Acc=99.9% | Test: Acc=27.7% | Best=32.5%(@4840)
  from x3: 0.26 0.27 0.27 0.27 0.27 0.27 0.27 0.27 0.28 0.28 0.28 0.28 0.28 0.28 0.28 0.28 0.28 0.28 0.28 0.28 0.28 0.28 0.28 0.28 0.28 0.28 0.28 0.28 0.28
  per-rule acc: 0.32 0.24
Epoch 5120 | Train: Loss=0.0036 Acc=100.0% | Test: Acc=29.2% | Best=32.5%(@4840)
  from x3: 0.27 0.29 0.29 0.29 0.29 0.29 0.29 0.29 0.29 0.29 0.29 0.29 0.29 0.29 0.29 0.29 0.29 0.29 0.29 0.29 0.30 0.29 0.30 0.30 0.30 0.30 0.30 0.30 0.30
  per-rule acc: 0.32 0.26
Epoch 5140 | Train: Loss=0.0038 Acc=100.0% | Test: Acc=26.9% | Best=32.5%(@4840)
  from x3: 0.24 0.26 0.27 0.26 0.27 0.27 0.27 0.27 0.27 0.27 0.27 0.27 0.27 0.27 0.27 0.27 0.27 0.27 0.27 0.27 0.27 0.27 0.27 0.27 0.27 0.27 0.27 0.27 0.27
  per-rule acc: 0.29 0.25
Epoch 5160 | Train: Loss=0.0037 Acc=100.0% | Test: Acc=25.5% | Best=32.5%(@4840)
  from x3: 0.23 0.25 0.25 0.25 0.25 0.25 0.25 0.26 0.26 0.25 0.25 0.26 0.26 0.26 0.26 0.26 0.26 0.26 0.26 0.26 0.26 0.26 0.26 0.26 0.26 0.26 0.26 0.26 0.26
  per-rule acc: 0.26 0.25
Epoch 5180 | Train: Loss=0.0153 Acc=99.9% | Test: Acc=26.5% | Best=32.5%(@4840)
  from x3: 0.24 0.27 0.27 0.26 0.26 0.26 0.26 0.26 0.26 0.26 0.26 0.27 0.27 0.27 0.27 0.27 0.27 0.27 0.27 0.27 0.27 0.27 0.27 0.27 0.27 0.27 0.27 0.27 0.27
  per-rule acc: 0.30 0.23
Epoch 5200 | Train: Loss=0.0094 Acc=99.9% | Test: Acc=27.4% | Best=32.5%(@4840)
  from x3: 0.24 0.27 0.27 0.27 0.27 0.27 0.27 0.27 0.27 0.27 0.27 0.27 0.27 0.27 0.27 0.27 0.28 0.28 0.28 0.28 0.28 0.28 0.28 0.28 0.28 0.28 0.28 0.28 0.28
  per-rule acc: 0.31 0.24
Epoch 5220 | Train: Loss=0.0078 Acc=99.9% | Test: Acc=26.0% | Best=32.5%(@4840)
  from x3: 0.25 0.26 0.26 0.26 0.26 0.26 0.26 0.26 0.26 0.26 0.26 0.26 0.26 0.26 0.26 0.26 0.26 0.26 0.26 0.26 0.26 0.26 0.26 0.26 0.26 0.26 0.26 0.26 0.26
  per-rule acc: 0.28 0.23
Epoch 5240 | Train: Loss=0.0033 Acc=100.0% | Test: Acc=28.9% | Best=32.5%(@4840)
  from x3: 0.25 0.28 0.29 0.29 0.29 0.29 0.29 0.29 0.29 0.29 0.29 0.29 0.29 0.29 0.29 0.29 0.29 0.29 0.29 0.29 0.29 0.29 0.29 0.29 0.29 0.29 0.29 0.29 0.29
  per-rule acc: 0.32 0.25
Epoch 5260 | Train: Loss=0.0157 Acc=99.9% | Test: Acc=24.6% | Best=32.5%(@4840)
  from x3: 0.22 0.24 0.24 0.25 0.24 0.25 0.25 0.25 0.25 0.25 0.25 0.25 0.25 0.25 0.25 0.25 0.25 0.25 0.25 0.25 0.25 0.25 0.25 0.25 0.25 0.25 0.25 0.25 0.25
  per-rule acc: 0.27 0.22
Epoch 5280 | Train: Loss=0.0130 Acc=99.9% | Test: Acc=26.6% | Best=32.5%(@4840)
  from x3: 0.23 0.26 0.26 0.27 0.27 0.27 0.27 0.27 0.27 0.27 0.27 0.27 0.27 0.27 0.27 0.27 0.27 0.27 0.27 0.27 0.27 0.27 0.27 0.27 0.27 0.27 0.27 0.27 0.27
  per-rule acc: 0.32 0.22
Epoch 5300 | Train: Loss=0.0034 Acc=100.0% | Test: Acc=27.7% | Best=32.5%(@4840)
  from x3: 0.26 0.27 0.28 0.28 0.28 0.28 0.28 0.28 0.28 0.28 0.28 0.28 0.28 0.28 0.28 0.28 0.28 0.28 0.28 0.28 0.28 0.28 0.28 0.28 0.28 0.28 0.28 0.28 0.28
  per-rule acc: 0.31 0.24
Epoch 5320 | Train: Loss=0.0035 Acc=100.0% | Test: Acc=25.8% | Best=32.5%(@4840)
  from x3: 0.23 0.25 0.26 0.26 0.26 0.26 0.26 0.26 0.26 0.26 0.26 0.26 0.26 0.26 0.26 0.26 0.26 0.26 0.26 0.26 0.26 0.26 0.26 0.26 0.26 0.26 0.26 0.26 0.26
  per-rule acc: 0.27 0.24
Epoch 5340 | Train: Loss=0.0097 Acc=99.9% | Test: Acc=27.0% | Best=32.5%(@4840)
  from x3: 0.24 0.27 0.27 0.27 0.27 0.27 0.27 0.27 0.27 0.27 0.27 0.27 0.27 0.27 0.27 0.27 0.27 0.27 0.27 0.27 0.27 0.27 0.27 0.27 0.27 0.27 0.27 0.27 0.27
  per-rule acc: 0.31 0.23
Epoch 5360 | Train: Loss=0.0117 Acc=99.8% | Test: Acc=26.9% | Best=32.5%(@4840)
  from x3: 0.24 0.27 0.27 0.27 0.27 0.27 0.27 0.27 0.27 0.27 0.27 0.27 0.27 0.27 0.27 0.27 0.27 0.27 0.27 0.27 0.27 0.27 0.27 0.27 0.27 0.27 0.27 0.27 0.27
  per-rule acc: 0.31 0.23
Epoch 5380 | Train: Loss=0.0034 Acc=100.0% | Test: Acc=27.5% | Best=32.5%(@4840)
  from x3: 0.25 0.27 0.27 0.28 0.28 0.28 0.28 0.28 0.28 0.28 0.28 0.28 0.28 0.28 0.28 0.28 0.28 0.28 0.28 0.28 0.28 0.28 0.28 0.28 0.28 0.28 0.28 0.28 0.28
  per-rule acc: 0.30 0.25
Epoch 5400 | Train: Loss=0.0147 Acc=99.9% | Test: Acc=24.7% | Best=32.5%(@4840)
  from x3: 0.22 0.25 0.24 0.25 0.25 0.25 0.25 0.25 0.25 0.25 0.25 0.25 0.25 0.25 0.25 0.25 0.25 0.25 0.25 0.25 0.25 0.25 0.25 0.25 0.25 0.25 0.25 0.25 0.25
  per-rule acc: 0.27 0.23
Epoch 5420 | Train: Loss=0.0073 Acc=99.9% | Test: Acc=27.0% | Best=32.5%(@4840)
  from x3: 0.24 0.27 0.27 0.27 0.27 0.27 0.27 0.27 0.27 0.27 0.27 0.27 0.27 0.27 0.27 0.27 0.27 0.27 0.27 0.27 0.27 0.27 0.27 0.27 0.27 0.27 0.27 0.27 0.27
  per-rule acc: 0.32 0.22
Epoch 5440 | Train: Loss=0.0053 Acc=100.0% | Test: Acc=27.4% | Best=32.5%(@4840)
  from x3: 0.24 0.27 0.27 0.27 0.27 0.27 0.27 0.27 0.27 0.27 0.27 0.28 0.27 0.27 0.28 0.28 0.28 0.28 0.28 0.28 0.28 0.28 0.28 0.28 0.28 0.28 0.28 0.28 0.28
  per-rule acc: 0.31 0.24
Epoch 5460 | Train: Loss=0.0034 Acc=100.0% | Test: Acc=27.5% | Best=32.5%(@4840)
  from x3: 0.25 0.27 0.27 0.27 0.27 0.27 0.28 0.27 0.28 0.28 0.28 0.27 0.28 0.28 0.28 0.28 0.28 0.28 0.28 0.28 0.28 0.28 0.28 0.28 0.28 0.28 0.28 0.28 0.28
  per-rule acc: 0.30 0.25
Epoch 5480 | Train: Loss=0.0035 Acc=100.0% | Test: Acc=25.8% | Best=32.5%(@4840)
  from x3: 0.23 0.25 0.25 0.25 0.26 0.26 0.26 0.26 0.26 0.26 0.26 0.26 0.26 0.26 0.26 0.26 0.26 0.26 0.26 0.26 0.26 0.26 0.26 0.26 0.26 0.26 0.26 0.26 0.26
  per-rule acc: 0.27 0.24
Epoch 5500 | Train: Loss=0.0204 Acc=99.9% | Test: Acc=25.2% | Best=32.5%(@4840)
  from x3: 0.22 0.25 0.25 0.25 0.25 0.25 0.25 0.25 0.25 0.25 0.25 0.25 0.25 0.25 0.25 0.25 0.25 0.25 0.25 0.25 0.25 0.25 0.25 0.25 0.25 0.25 0.25 0.25 0.25
  per-rule acc: 0.28 0.22
Epoch 5520 | Train: Loss=0.0075 Acc=99.9% | Test: Acc=27.1% | Best=32.5%(@4840)
  from x3: 0.25 0.27 0.27 0.27 0.27 0.27 0.27 0.27 0.27 0.27 0.27 0.27 0.27 0.27 0.27 0.27 0.27 0.27 0.27 0.27 0.27 0.27 0.27 0.27 0.27 0.27 0.27 0.28 0.27
  per-rule acc: 0.30 0.24
Epoch 5540 | Train: Loss=0.0032 Acc=100.0% | Test: Acc=29.0% | Best=32.5%(@4840)
  from x3: 0.27 0.29 0.29 0.29 0.29 0.29 0.29 0.29 0.29 0.29 0.29 0.29 0.29 0.29 0.29 0.29 0.29 0.29 0.29 0.29 0.29 0.29 0.29 0.29 0.29 0.29 0.29 0.29 0.29
  per-rule acc: 0.33 0.25
Epoch 5560 | Train: Loss=0.0035 Acc=100.0% | Test: Acc=26.3% | Best=32.5%(@4840)
  from x3: 0.23 0.26 0.26 0.26 0.26 0.26 0.26 0.26 0.26 0.26 0.26 0.26 0.26 0.26 0.26 0.27 0.26 0.26 0.27 0.27 0.27 0.27 0.27 0.27 0.27 0.27 0.27 0.27 0.27
  per-rule acc: 0.29 0.24
Epoch 5580 | Train: Loss=0.0095 Acc=99.9% | Test: Acc=25.5% | Best=32.5%(@4840)
  from x3: 0.24 0.26 0.26 0.25 0.25 0.25 0.25 0.25 0.26 0.25 0.25 0.25 0.26 0.26 0.26 0.26 0.26 0.26 0.26 0.26 0.26 0.26 0.26 0.26 0.26 0.25 0.26 0.26 0.26
  per-rule acc: 0.29 0.22
Epoch 5600 | Train: Loss=0.0033 Acc=100.0% | Test: Acc=28.2% | Best=32.5%(@4840)
  from x3: 0.25 0.28 0.28 0.28 0.28 0.28 0.28 0.28 0.28 0.28 0.28 0.28 0.28 0.28 0.28 0.28 0.28 0.28 0.28 0.28 0.28 0.28 0.28 0.28 0.28 0.28 0.28 0.28 0.28
  per-rule acc: 0.32 0.24
Epoch 5620 | Train: Loss=0.0035 Acc=100.0% | Test: Acc=26.0% | Best=32.5%(@4840)
  from x3: 0.23 0.26 0.26 0.26 0.26 0.26 0.26 0.26 0.26 0.26 0.26 0.26 0.26 0.26 0.26 0.26 0.26 0.26 0.26 0.26 0.26 0.26 0.26 0.26 0.26 0.26 0.26 0.26 0.26
  per-rule acc: 0.28 0.24
Epoch 5640 | Train: Loss=0.0034 Acc=100.0% | Test: Acc=24.9% | Best=32.5%(@4840)
  from x3: 0.22 0.24 0.25 0.25 0.25 0.25 0.25 0.25 0.25 0.25 0.25 0.25 0.25 0.25 0.25 0.25 0.25 0.25 0.25 0.25 0.25 0.25 0.25 0.25 0.25 0.25 0.25 0.25 0.25
  per-rule acc: 0.26 0.24
Epoch 5660 | Train: Loss=0.0112 Acc=99.9% | Test: Acc=24.5% | Best=32.5%(@4840)
  from x3: 0.23 0.25 0.24 0.24 0.24 0.24 0.24 0.24 0.25 0.25 0.25 0.25 0.25 0.25 0.25 0.25 0.25 0.25 0.25 0.25 0.25 0.25 0.25 0.25 0.25 0.25 0.25 0.25 0.25
  per-rule acc: 0.27 0.22
Epoch 5680 | Train: Loss=0.0060 Acc=99.9% | Test: Acc=26.2% | Best=32.5%(@4840)
  from x3: 0.23 0.26 0.26 0.26 0.26 0.26 0.26 0.26 0.26 0.26 0.26 0.26 0.26 0.26 0.26 0.26 0.26 0.26 0.26 0.26 0.26 0.26 0.26 0.26 0.26 0.26 0.26 0.26 0.26
  per-rule acc: 0.30 0.23
Epoch 5700 | Train: Loss=0.0032 Acc=100.0% | Test: Acc=27.8% | Best=32.5%(@4840)
  from x3: 0.25 0.28 0.28 0.28 0.28 0.28 0.28 0.28 0.28 0.28 0.28 0.28 0.28 0.28 0.28 0.28 0.28 0.28 0.28 0.28 0.28 0.28 0.28 0.28 0.28 0.28 0.28 0.28 0.28
  per-rule acc: 0.31 0.25
Epoch 5720 | Train: Loss=0.0034 Acc=100.0% | Test: Acc=25.7% | Best=32.5%(@4840)
  from x3: 0.23 0.25 0.26 0.26 0.25 0.25 0.26 0.26 0.26 0.26 0.26 0.26 0.26 0.26 0.26 0.26 0.26 0.26 0.26 0.26 0.26 0.26 0.26 0.26 0.26 0.26 0.26 0.26 0.26
  per-rule acc: 0.28 0.23
Epoch 5740 | Train: Loss=0.0033 Acc=100.0% | Test: Acc=25.1% | Best=32.5%(@4840)
  from x3: 0.22 0.24 0.25 0.25 0.25 0.25 0.25 0.25 0.25 0.25 0.25 0.25 0.25 0.25 0.25 0.25 0.25 0.25 0.25 0.25 0.25 0.26 0.25 0.26 0.25 0.25 0.25 0.25 0.25
  per-rule acc: 0.26 0.24
Epoch 5760 | Train: Loss=0.0564 Acc=99.0% | Test: Acc=20.6% | Best=32.5%(@4840)
  from x3: 0.17 0.20 0.20 0.21 0.21 0.21 0.21 0.21 0.21 0.21 0.21 0.21 0.21 0.21 0.21 0.21 0.21 0.21 0.21 0.21 0.21 0.21 0.21 0.21 0.21 0.21 0.21 0.21 0.21
  per-rule acc: 0.21 0.20
Epoch 5780 | Train: Loss=0.0088 Acc=99.9% | Test: Acc=25.7% | Best=32.5%(@4840)
  from x3: 0.23 0.25 0.25 0.26 0.25 0.26 0.26 0.26 0.26 0.26 0.26 0.26 0.26 0.26 0.26 0.26 0.26 0.26 0.26 0.26 0.26 0.26 0.26 0.26 0.26 0.26 0.26 0.26 0.26
  per-rule acc: 0.28 0.23
Epoch 5800 | Train: Loss=0.0030 Acc=100.0% | Test: Acc=27.6% | Best=32.5%(@4840)
  from x3: 0.25 0.27 0.27 0.27 0.27 0.27 0.27 0.27 0.28 0.28 0.28 0.28 0.28 0.28 0.28 0.28 0.28 0.28 0.28 0.28 0.28 0.28 0.28 0.28 0.28 0.28 0.28 0.28 0.28
  per-rule acc: 0.32 0.24
Epoch 5820 | Train: Loss=0.0032 Acc=100.0% | Test: Acc=25.1% | Best=32.5%(@4840)
  from x3: 0.23 0.25 0.25 0.25 0.25 0.25 0.25 0.25 0.25 0.25 0.25 0.25 0.25 0.25 0.25 0.25 0.25 0.25 0.25 0.25 0.25 0.25 0.25 0.25 0.25 0.25 0.25 0.25 0.25
  per-rule acc: 0.27 0.23
Epoch 5840 | Train: Loss=0.0124 Acc=99.9% | Test: Acc=22.7% | Best=32.5%(@4840)
  from x3: 0.21 0.23 0.22 0.22 0.22 0.23 0.23 0.23 0.23 0.23 0.23 0.23 0.23 0.23 0.23 0.23 0.23 0.23 0.23 0.23 0.23 0.23 0.23 0.23 0.23 0.23 0.23 0.23 0.23
  per-rule acc: 0.25 0.20
Epoch 5860 | Train: Loss=0.0076 Acc=99.9% | Test: Acc=24.2% | Best=32.5%(@4840)
  from x3: 0.22 0.24 0.24 0.24 0.24 0.24 0.24 0.24 0.24 0.24 0.24 0.24 0.24 0.24 0.24 0.24 0.24 0.24 0.24 0.24 0.24 0.24 0.24 0.24 0.24 0.25 0.24 0.24 0.24
  per-rule acc: 0.27 0.21
Epoch 5880 | Train: Loss=0.0032 Acc=100.0% | Test: Acc=25.9% | Best=32.5%(@4840)
  from x3: 0.24 0.25 0.26 0.26 0.26 0.26 0.26 0.26 0.26 0.26 0.26 0.26 0.26 0.26 0.26 0.26 0.26 0.26 0.26 0.26 0.26 0.26 0.26 0.26 0.26 0.26 0.26 0.26 0.26
  per-rule acc: 0.29 0.23
Epoch 5900 | Train: Loss=0.0091 Acc=99.9% | Test: Acc=24.3% | Best=32.5%(@4840)
  from x3: 0.22 0.24 0.24 0.24 0.24 0.24 0.24 0.24 0.24 0.24 0.24 0.24 0.24 0.24 0.24 0.24 0.24 0.25 0.25 0.24 0.25 0.25 0.25 0.25 0.25 0.25 0.25 0.25 0.25
  per-rule acc: 0.28 0.21
Epoch 5920 | Train: Loss=0.0033 Acc=100.0% | Test: Acc=26.8% | Best=32.5%(@4840)
  from x3: 0.24 0.26 0.27 0.27 0.27 0.27 0.27 0.27 0.27 0.27 0.27 0.27 0.27 0.27 0.27 0.27 0.27 0.27 0.27 0.27 0.27 0.27 0.27 0.27 0.27 0.27 0.27 0.27 0.27
  per-rule acc: 0.30 0.24
Epoch 5940 | Train: Loss=0.0034 Acc=100.0% | Test: Acc=24.7% | Best=32.5%(@4840)
  from x3: 0.22 0.24 0.25 0.24 0.24 0.24 0.25 0.25 0.25 0.25 0.25 0.25 0.25 0.25 0.25 0.25 0.25 0.25 0.25 0.25 0.25 0.25 0.25 0.25 0.25 0.25 0.25 0.25 0.25
  per-rule acc: 0.28 0.22
Epoch 5960 | Train: Loss=0.0113 Acc=99.9% | Test: Acc=22.5% | Best=32.5%(@4840)
  from x3: 0.21 0.23 0.23 0.22 0.23 0.22 0.22 0.23 0.23 0.22 0.22 0.22 0.22 0.23 0.23 0.23 0.23 0.23 0.23 0.23 0.23 0.23 0.23 0.23 0.23 0.23 0.23 0.22 0.22
  per-rule acc: 0.25 0.20
Epoch 5980 | Train: Loss=0.0053 Acc=100.0% | Test: Acc=24.4% | Best=32.5%(@4840)
  from x3: 0.22 0.24 0.24 0.24 0.24 0.24 0.25 0.24 0.24 0.25 0.25 0.25 0.25 0.25 0.25 0.25 0.25 0.25 0.25 0.25 0.25 0.25 0.25 0.25 0.25 0.25 0.25 0.25 0.25
  per-rule acc: 0.28 0.21
Epoch 6000 | Train: Loss=0.0033 Acc=100.0% | Test: Acc=25.5% | Best=32.5%(@4840)
  from x3: 0.23 0.25 0.26 0.26 0.26 0.26 0.26 0.26 0.26 0.26 0.26 0.26 0.26 0.26 0.26 0.26 0.26 0.26 0.25 0.26 0.26 0.26 0.26 0.25 0.26 0.26 0.26 0.26 0.26
  per-rule acc: 0.28 0.23
Epoch 6020 | Train: Loss=0.0034 Acc=100.0% | Test: Acc=24.8% | Best=32.5%(@4840)
  from x3: 0.22 0.24 0.25 0.25 0.24 0.25 0.25 0.25 0.25 0.25 0.25 0.25 0.25 0.25 0.25 0.25 0.25 0.25 0.25 0.25 0.25 0.25 0.25 0.25 0.25 0.25 0.25 0.25 0.25
  per-rule acc: 0.27 0.23
Epoch 6040 | Train: Loss=0.0087 Acc=99.9% | Test: Acc=23.8% | Best=32.5%(@4840)
  from x3: 0.22 0.24 0.24 0.24 0.24 0.24 0.24 0.24 0.24 0.24 0.24 0.24 0.24 0.24 0.24 0.24 0.24 0.24 0.24 0.24 0.24 0.24 0.24 0.24 0.24 0.24 0.24 0.24 0.24
  per-rule acc: 0.28 0.20
Epoch 6060 | Train: Loss=0.0058 Acc=99.9% | Test: Acc=24.3% | Best=32.5%(@4840)
  from x3: 0.22 0.25 0.25 0.24 0.24 0.24 0.24 0.24 0.24 0.24 0.24 0.24 0.24 0.24 0.24 0.24 0.24 0.24 0.24 0.24 0.24 0.24 0.24 0.24 0.24 0.24 0.24 0.24 0.24
  per-rule acc: 0.27 0.22
Epoch 6080 | Train: Loss=0.0083 Acc=99.9% | Test: Acc=24.0% | Best=32.5%(@4840)
  from x3: 0.21 0.24 0.24 0.24 0.24 0.24 0.24 0.24 0.24 0.24 0.24 0.24 0.24 0.24 0.24 0.24 0.24 0.24 0.24 0.24 0.24 0.24 0.24 0.24 0.24 0.24 0.24 0.24 0.24
  per-rule acc: 0.26 0.22
Epoch 6100 | Train: Loss=0.0093 Acc=99.9% | Test: Acc=23.3% | Best=32.5%(@4840)
  from x3: 0.20 0.23 0.23 0.23 0.23 0.23 0.23 0.23 0.23 0.23 0.23 0.23 0.23 0.23 0.24 0.24 0.24 0.24 0.23 0.24 0.24 0.24 0.24 0.24 0.24 0.24 0.24 0.24 0.24
  per-rule acc: 0.26 0.20
Epoch 6120 | Train: Loss=0.0037 Acc=100.0% | Test: Acc=26.1% | Best=32.5%(@4840)
  from x3: 0.24 0.26 0.26 0.26 0.26 0.26 0.26 0.26 0.26 0.26 0.26 0.26 0.26 0.26 0.26 0.26 0.26 0.26 0.26 0.26 0.26 0.26 0.26 0.26 0.26 0.26 0.26 0.26 0.26
  per-rule acc: 0.29 0.23
Epoch 6140 | Train: Loss=0.0034 Acc=100.0% | Test: Acc=24.6% | Best=32.5%(@4840)
  from x3: 0.22 0.25 0.25 0.24 0.24 0.24 0.24 0.24 0.25 0.25 0.25 0.25 0.25 0.25 0.25 0.25 0.25 0.25 0.25 0.25 0.25 0.25 0.25 0.25 0.25 0.25 0.25 0.25 0.25
  per-rule acc: 0.27 0.22
Epoch 6160 | Train: Loss=0.0034 Acc=100.0% | Test: Acc=23.8% | Best=32.5%(@4840)
  from x3: 0.21 0.23 0.24 0.23 0.24 0.24 0.24 0.24 0.24 0.24 0.24 0.24 0.24 0.24 0.24 0.24 0.24 0.24 0.24 0.24 0.24 0.24 0.24 0.24 0.24 0.24 0.24 0.24 0.24
  per-rule acc: 0.26 0.22
Epoch 6180 | Train: Loss=0.0179 Acc=99.8% | Test: Acc=20.9% | Best=32.5%(@4840)
  from x3: 0.18 0.21 0.21 0.21 0.20 0.21 0.21 0.21 0.21 0.21 0.21 0.21 0.21 0.21 0.21 0.21 0.21 0.21 0.21 0.21 0.21 0.21 0.21 0.21 0.21 0.21 0.21 0.21 0.21
  per-rule acc: 0.23 0.19
Epoch 6200 | Train: Loss=0.0076 Acc=99.9% | Test: Acc=22.2% | Best=32.5%(@4840)
  from x3: 0.20 0.21 0.22 0.22 0.22 0.22 0.22 0.22 0.22 0.22 0.22 0.22 0.22 0.22 0.22 0.22 0.22 0.22 0.22 0.22 0.22 0.22 0.22 0.22 0.23 0.23 0.23 0.23 0.23
  per-rule acc: 0.25 0.19
Epoch 6220 | Train: Loss=0.0032 Acc=100.0% | Test: Acc=24.9% | Best=32.5%(@4840)
  from x3: 0.23 0.25 0.24 0.25 0.25 0.25 0.25 0.25 0.25 0.25 0.25 0.25 0.25 0.25 0.25 0.25 0.25 0.25 0.25 0.25 0.25 0.25 0.25 0.25 0.25 0.25 0.25 0.25 0.25
  per-rule acc: 0.28 0.22
Epoch 6240 | Train: Loss=0.0033 Acc=100.0% | Test: Acc=23.5% | Best=32.5%(@4840)
  from x3: 0.22 0.23 0.23 0.23 0.24 0.24 0.24 0.24 0.23 0.23 0.23 0.24 0.24 0.23 0.24 0.24 0.24 0.24 0.24 0.24 0.24 0.24 0.24 0.24 0.24 0.23 0.24 0.24 0.24
  per-rule acc: 0.25 0.22
Epoch 6260 | Train: Loss=0.0054 Acc=100.0% | Test: Acc=20.8% | Best=32.5%(@4840)
  from x3: 0.19 0.21 0.21 0.21 0.21 0.21 0.21 0.21 0.21 0.21 0.21 0.21 0.21 0.21 0.21 0.21 0.21 0.21 0.21 0.21 0.21 0.21 0.21 0.21 0.21 0.21 0.21 0.21 0.21
  per-rule acc: 0.22 0.20
Epoch 6280 | Train: Loss=0.0094 Acc=99.9% | Test: Acc=20.5% | Best=32.5%(@4840)
  from x3: 0.19 0.20 0.21 0.20 0.21 0.21 0.21 0.21 0.21 0.21 0.21 0.21 0.21 0.21 0.21 0.21 0.21 0.21 0.21 0.21 0.21 0.21 0.21 0.21 0.21 0.21 0.21 0.21 0.21
  per-rule acc: 0.23 0.18
Epoch 6300 | Train: Loss=0.0032 Acc=100.0% | Test: Acc=25.0% | Best=32.5%(@4840)
  from x3: 0.23 0.25 0.25 0.25 0.25 0.25 0.25 0.25 0.25 0.25 0.25 0.25 0.25 0.25 0.25 0.25 0.25 0.25 0.25 0.25 0.25 0.25 0.25 0.25 0.25 0.25 0.25 0.25 0.25
  per-rule acc: 0.27 0.23
Epoch 6320 | Train: Loss=0.0033 Acc=100.0% | Test: Acc=23.5% | Best=32.5%(@4840)
  from x3: 0.21 0.23 0.23 0.24 0.23 0.24 0.24 0.24 0.23 0.24 0.23 0.24 0.24 0.24 0.24 0.24 0.24 0.24 0.24 0.24 0.24 0.24 0.24 0.24 0.24 0.24 0.23 0.23 0.23
  per-rule acc: 0.25 0.22
Epoch 6340 | Train: Loss=0.0076 Acc=99.9% | Test: Acc=21.8% | Best=32.5%(@4840)
  from x3: 0.19 0.21 0.22 0.22 0.22 0.21 0.22 0.22 0.22 0.22 0.22 0.22 0.22 0.22 0.22 0.22 0.22 0.22 0.22 0.22 0.22 0.22 0.22 0.22 0.22 0.22 0.22 0.22 0.22
  per-rule acc: 0.24 0.19
Epoch 6360 | Train: Loss=0.0061 Acc=99.9% | Test: Acc=22.4% | Best=32.5%(@4840)
  from x3: 0.20 0.22 0.22 0.22 0.22 0.22 0.22 0.22 0.22 0.22 0.22 0.22 0.22 0.22 0.23 0.23 0.23 0.23 0.23 0.23 0.23 0.23 0.23 0.23 0.23 0.23 0.23 0.23 0.23
  per-rule acc: 0.25 0.20
Epoch 6380 | Train: Loss=0.0033 Acc=100.0% | Test: Acc=23.4% | Best=32.5%(@4840)
  from x3: 0.22 0.23 0.24 0.24 0.24 0.23 0.23 0.23 0.23 0.23 0.23 0.23 0.23 0.24 0.24 0.24 0.24 0.24 0.24 0.23 0.24 0.23 0.23 0.23 0.23 0.24 0.23 0.23 0.24
  per-rule acc: 0.26 0.21
Epoch 6400 | Train: Loss=0.0060 Acc=100.0% | Test: Acc=23.1% | Best=32.5%(@4840)
  from x3: 0.21 0.22 0.23 0.23 0.23 0.23 0.23 0.23 0.23 0.23 0.23 0.23 0.23 0.23 0.23 0.23 0.23 0.23 0.23 0.23 0.23 0.23 0.23 0.23 0.23 0.23 0.23 0.23 0.23
  per-rule acc: 0.26 0.21
Epoch 6420 | Train: Loss=0.0034 Acc=100.0% | Test: Acc=23.0% | Best=32.5%(@4840)
  from x3: 0.21 0.23 0.23 0.23 0.23 0.23 0.23 0.23 0.23 0.23 0.23 0.23 0.23 0.23 0.23 0.23 0.23 0.23 0.23 0.23 0.23 0.23 0.23 0.23 0.23 0.23 0.23 0.23 0.23
  per-rule acc: 0.25 0.21
Epoch 6440 | Train: Loss=0.0033 Acc=100.0% | Test: Acc=22.2% | Best=32.5%(@4840)
  from x3: 0.20 0.22 0.22 0.22 0.22 0.22 0.22 0.22 0.22 0.22 0.22 0.22 0.22 0.22 0.22 0.22 0.22 0.22 0.22 0.22 0.22 0.22 0.22 0.22 0.22 0.22 0.22 0.22 0.22
  per-rule acc: 0.24 0.21
Epoch 6460 | Train: Loss=0.0031 Acc=100.0% | Test: Acc=21.9% | Best=32.5%(@4840)
  from x3: 0.20 0.22 0.22 0.22 0.22 0.22 0.22 0.22 0.22 0.22 0.22 0.22 0.22 0.22 0.22 0.22 0.22 0.22 0.22 0.22 0.22 0.22 0.22 0.22 0.22 0.22 0.22 0.22 0.22
  per-rule acc: 0.23 0.21
Epoch 6480 | Train: Loss=0.0086 Acc=99.9% | Test: Acc=21.2% | Best=32.5%(@4840)
  from x3: 0.20 0.21 0.21 0.21 0.21 0.21 0.21 0.21 0.21 0.21 0.21 0.21 0.21 0.21 0.21 0.21 0.21 0.21 0.21 0.21 0.21 0.21 0.21 0.21 0.21 0.21 0.21 0.21 0.21
  per-rule acc: 0.23 0.19
Epoch 6500 | Train: Loss=0.0032 Acc=100.0% | Test: Acc=23.5% | Best=32.5%(@4840)
  from x3: 0.22 0.24 0.24 0.23 0.23 0.24 0.24 0.24 0.24 0.24 0.24 0.24 0.24 0.23 0.23 0.23 0.23 0.23 0.24 0.24 0.24 0.24 0.24 0.24 0.24 0.24 0.24 0.23 0.24
  per-rule acc: 0.26 0.21
Epoch 6520 | Train: Loss=0.0032 Acc=100.0% | Test: Acc=22.4% | Best=32.5%(@4840)
  from x3: 0.21 0.22 0.22 0.22 0.22 0.22 0.22 0.22 0.22 0.22 0.22 0.22 0.22 0.22 0.22 0.22 0.22 0.23 0.23 0.23 0.23 0.23 0.23 0.23 0.23 0.23 0.23 0.23 0.23
  per-rule acc: 0.24 0.20
Epoch 6540 | Train: Loss=0.0157 Acc=99.8% | Test: Acc=19.5% | Best=32.5%(@4840)
  from x3: 0.17 0.19 0.20 0.20 0.20 0.20 0.20 0.20 0.20 0.20 0.20 0.20 0.20 0.20 0.20 0.20 0.20 0.20 0.20 0.20 0.20 0.20 0.20 0.20 0.20 0.20 0.20 0.20 0.20
  per-rule acc: 0.21 0.18
Epoch 6560 | Train: Loss=0.0057 Acc=99.9% | Test: Acc=22.3% | Best=32.5%(@4840)
  from x3: 0.20 0.22 0.22 0.22 0.22 0.22 0.22 0.22 0.22 0.22 0.22 0.22 0.22 0.22 0.22 0.22 0.22 0.23 0.22 0.23 0.22 0.22 0.22 0.22 0.23 0.23 0.23 0.23 0.23
  per-rule acc: 0.24 0.20
Epoch 6580 | Train: Loss=0.0032 Acc=100.0% | Test: Acc=23.2% | Best=32.5%(@4840)
  from x3: 0.21 0.23 0.23 0.23 0.23 0.23 0.23 0.23 0.23 0.23 0.23 0.23 0.23 0.23 0.23 0.23 0.23 0.23 0.23 0.23 0.23 0.23 0.23 0.23 0.23 0.23 0.24 0.24 0.24
  per-rule acc: 0.26 0.21
Epoch 6600 | Train: Loss=0.0032 Acc=100.0% | Test: Acc=22.1% | Best=32.5%(@4840)
  from x3: 0.20 0.22 0.22 0.22 0.22 0.22 0.22 0.22 0.22 0.22 0.22 0.22 0.22 0.22 0.22 0.22 0.22 0.22 0.22 0.22 0.22 0.22 0.22 0.22 0.22 0.22 0.22 0.22 0.22
  per-rule acc: 0.23 0.21
Epoch 6620 | Train: Loss=0.0030 Acc=100.0% | Test: Acc=21.4% | Best=32.5%(@4840)
  from x3: 0.19 0.21 0.21 0.21 0.21 0.21 0.21 0.21 0.21 0.21 0.22 0.22 0.22 0.21 0.22 0.22 0.22 0.22 0.22 0.22 0.22 0.22 0.22 0.22 0.22 0.22 0.22 0.22 0.22
  per-rule acc: 0.23 0.20
Epoch 6640 | Train: Loss=0.0027 Acc=100.0% | Test: Acc=20.2% | Best=32.5%(@4840)
  from x3: 0.19 0.20 0.20 0.20 0.20 0.20 0.20 0.20 0.20 0.20 0.20 0.20 0.20 0.20 0.20 0.20 0.20 0.20 0.20 0.20 0.20 0.20 0.20 0.20 0.20 0.20 0.20 0.20 0.20
  per-rule acc: 0.21 0.20
Epoch 6660 | Train: Loss=0.0124 Acc=99.9% | Test: Acc=19.8% | Best=32.5%(@4840)
  from x3: 0.18 0.20 0.19 0.20 0.20 0.20 0.20 0.20 0.20 0.20 0.20 0.20 0.20 0.20 0.20 0.20 0.20 0.20 0.20 0.20 0.20 0.20 0.20 0.20 0.20 0.20 0.20 0.20 0.20
  per-rule acc: 0.22 0.18
Epoch 6680 | Train: Loss=0.0051 Acc=99.9% | Test: Acc=22.2% | Best=32.5%(@4840)
  from x3: 0.20 0.22 0.22 0.22 0.22 0.22 0.22 0.22 0.22 0.22 0.22 0.23 0.22 0.22 0.22 0.22 0.22 0.22 0.22 0.22 0.22 0.22 0.22 0.22 0.22 0.22 0.22 0.22 0.22
  per-rule acc: 0.25 0.20
Epoch 6700 | Train: Loss=0.0029 Acc=100.0% | Test: Acc=23.0% | Best=32.5%(@4840)
  from x3: 0.21 0.22 0.23 0.23 0.23 0.23 0.23 0.23 0.23 0.23 0.23 0.23 0.23 0.23 0.23 0.23 0.23 0.23 0.23 0.23 0.23 0.23 0.23 0.23 0.23 0.23 0.23 0.23 0.23
  per-rule acc: 0.25 0.21
Epoch 6720 | Train: Loss=0.0031 Acc=100.0% | Test: Acc=21.0% | Best=32.5%(@4840)
  from x3: 0.20 0.21 0.21 0.21 0.21 0.21 0.21 0.21 0.21 0.21 0.21 0.21 0.21 0.21 0.21 0.21 0.21 0.21 0.21 0.21 0.21 0.21 0.21 0.21 0.21 0.21 0.21 0.21 0.21
  per-rule acc: 0.23 0.19
Epoch 6740 | Train: Loss=0.0061 Acc=100.0% | Test: Acc=21.5% | Best=32.5%(@4840)
  from x3: 0.18 0.21 0.21 0.21 0.21 0.21 0.22 0.22 0.21 0.22 0.22 0.22 0.22 0.22 0.22 0.22 0.22 0.22 0.22 0.22 0.22 0.22 0.22 0.22 0.22 0.22 0.22 0.22 0.22
  per-rule acc: 0.24 0.19
Epoch 6760 | Train: Loss=0.0031 Acc=100.0% | Test: Acc=22.6% | Best=32.5%(@4840)
  from x3: 0.20 0.23 0.23 0.23 0.22 0.22 0.22 0.22 0.23 0.23 0.23 0.23 0.23 0.23 0.23 0.23 0.23 0.23 0.23 0.23 0.23 0.23 0.23 0.23 0.23 0.23 0.23 0.23 0.23
  per-rule acc: 0.25 0.20
Epoch 6780 | Train: Loss=0.0031 Acc=100.0% | Test: Acc=21.8% | Best=32.5%(@4840)
  from x3: 0.20 0.22 0.21 0.22 0.22 0.22 0.22 0.22 0.22 0.22 0.22 0.22 0.22 0.22 0.22 0.22 0.22 0.22 0.22 0.22 0.22 0.22 0.22 0.22 0.22 0.22 0.22 0.22 0.22
  per-rule acc: 0.24 0.20
Epoch 6800 | Train: Loss=0.0075 Acc=99.9% | Test: Acc=19.9% | Best=32.5%(@4840)
  from x3: 0.17 0.19 0.20 0.20 0.20 0.20 0.20 0.20 0.20 0.20 0.20 0.20 0.20 0.20 0.20 0.20 0.20 0.20 0.20 0.20 0.20 0.20 0.20 0.20 0.20 0.20 0.20 0.20 0.20
  per-rule acc: 0.22 0.18
Epoch 6820 | Train: Loss=0.0031 Acc=100.0% | Test: Acc=22.2% | Best=32.5%(@4840)
  from x3: 0.20 0.22 0.22 0.22 0.22 0.22 0.22 0.22 0.22 0.22 0.22 0.22 0.22 0.22 0.22 0.22 0.22 0.22 0.22 0.22 0.22 0.22 0.22 0.22 0.22 0.22 0.22 0.22 0.22
  per-rule acc: 0.24 0.20
Epoch 6840 | Train: Loss=0.0031 Acc=100.0% | Test: Acc=21.6% | Best=32.5%(@4840)
  from x3: 0.20 0.21 0.21 0.21 0.21 0.21 0.21 0.21 0.21 0.21 0.22 0.22 0.22 0.22 0.22 0.22 0.22 0.22 0.22 0.22 0.22 0.22 0.22 0.22 0.22 0.22 0.22 0.22 0.22
  per-rule acc: 0.23 0.20
[Early stop] No improvement for 2000 consecutive epochs

==================================================
Saving model...
[OK] Model saved to: /home/cxm/ai/test0617-basic/models/mixed_basic_d256l4_r32_t32_c0.5.pth
  File size: 70072.7 KB
  Best test accuracy: 32.46%

==================================================
Final generation test (given first two items, AB generates 3rd as prompt, validate from 4th)
==================================================

--- AB pair 1: (1, 1) ---

--- Statistics for AB=(1,1) ---
Exposed    samples:  1405 | In-dist: 40455/40745 ( 99.3%) | OOD: 44650/44960 ( 99.3%)
Unexposed  samples:  1404 | In-dist: 14302/40716 ( 35.1%) | OOD: 16258/44928 ( 36.2%)

--- AB pair 2: (1, 2) ---

--- Statistics for AB=(1,2) ---
Exposed    samples:  1405 | In-dist: 40577/40745 ( 99.6%) | OOD: 44774/44960 ( 99.6%)
Unexposed  samples:  1404 | In-dist: 17042/40716 ( 41.9%) | OOD: 19513/44928 ( 43.4%)

--- Return code: 0 ---

======================================================================
Attention Analysis
======================================================================
Model config: addition (default), p=53
Best test accuracy: 0.3246389625699971
Training epochs: 6840

Random test sequence 1/5 (length 64): [44, 43, 34, 24, 5, 29, 34, 10, 44, 1, 45, 46, 38, 31, 16, 47, 10, 4, 14, 18]...

======================================================================
Attention Layer Training Result Summary
======================================================================
Input sequence: [44, 43, 34, 24, 5, 29, 34, 10, 44, 1, 45, 46, 38, 31, 16, 47, 10, 4, 14, 18, 32, 50, 29, 26, 2, 28, 30, 5, 35, 40, 22, 9, 31, 40, 18, 5, 23, 28, 51, 26, 24, 50, 21, 18, 39, 4, 43, 47, 37, 31, 15, 46, 8, 1, 9, 10, 19, 29, 48, 24, 19, 43, 9, 52]

--- Layer 0 ---
  Head 0: Entropy=0.976
    Attention coefficients from each query position to previous positions:
      i= 0 -> j=0:1.000
      i= 1 -> j=0:0.763, j=1:0.237
      i= 2 -> j=0:0.209, j=1:0.528, j=2:0.264
      i= 3 -> j=0:0.009, j=1:0.125, j=2:0.549, j=3:0.318
      i= 4 -> j=0:0.000, j=1:0.011, j=2:0.147, j=3:0.559, j=4:0.283
      i= 5 -> j=0:0.000, j=1:0.000, j=2:0.003, j=3:0.097, j=4:0.645, j=5:0.254
      i= 6 -> j=0:0.000, j=1:0.000, j=2:0.000, j=3:0.005, j=4:0.149, j=5:0.647, j=6:0.199
      i= 7 -> j=0:0.000, j=1:0.000, j=2:0.000, j=3:0.000, j=4:0.006, j=5:0.126, j=6:0.555, j=7:0.313
      i= 8 -> j=0:0.000, j=1:0.000, j=2:0.000, j=3:0.000, j=4:0.000, j=5:0.006, j=6:0.140, j=7:0.670, j=8:0.183
      i= 9 -> j=0:0.000, j=1:0.000, j=2:0.000, j=3:0.000, j=4:0.000, j=5:0.000, j=6:0.006, j=7:0.115, j=8:0.608, j=9:0.270
      i=10 -> j=0:0.000, j=1:0.000, j=2:0.000, j=3:0.000, j=4:0.000, j=5:0.000, j=6:0.000, j=7:0.006, j=8:0.150, j=9:0.513, j=10:0.330
      i=11 -> j=0:0.000, j=1:0.000, j=2:0.000, j=3:0.000, j=4:0.000, j=5:0.000, j=6:0.000, j=7:0.000, j=8:0.010, j=9:0.103, j=10:0.653, j=11:0.234
      i=12 -> j=0:0.000, j=1:0.000, j=2:0.000, j=3:0.000, j=4:0.000, j=5:0.000, j=6:0.000, j=7:0.000, j=8:0.000, j=9:0.005, j=10:0.150, j=11:0.518, j=12:0.326
      i=13 -> j=0:0.000, j=1:0.000, j=2:0.000, j=3:0.000, j=4:0.000, j=5:0.000, j=6:0.000, j=7:0.000, j=8:0.000, j=9:0.000, j=10:0.008, j=11:0.095, j=12:0.559, j=13:0.337
      i=14 -> j=0:0.000, j=1:0.000, j=2:0.000, j=3:0.000, j=4:0.000, j=5:0.000, j=6:0.000, j=7:0.000, j=8:0.000, j=9:0.000, j=10:0.000, j=11:0.003, j=12:0.116, j=13:0.623, j=14:0.258
      i=15 -> j=0:0.000, j=1:0.000, j=2:0.000, j=3:0.000, j=4:0.000, j=5:0.000, j=6:0.000, j=7:0.000, j=8:0.000, j=9:0.000, j=10:0.000, j=11:0.000, j=12:0.004, j=13:0.089, j=14:0.724, j=15:0.181
      i=16 -> j=0:0.000, j=1:0.000, j=2:0.000, j=3:0.000, j=4:0.000, j=5:0.000, j=6:0.000, j=7:0.000, j=8:0.000, j=9:0.000, j=10:0.000, j=11:0.000, j=12:0.000, j=13:0.004, j=14:0.151, j=15:0.551, j=16:0.293
      i=17 -> j=0:0.000, j=1:0.000, j=2:0.000, j=3:0.000, j=4:0.000, j=5:0.000, j=6:0.000, j=7:0.000, j=8:0.000, j=9:0.000, j=10:0.000, j=11:0.000, j=12:0.000, j=13:0.000, j=14:0.012, j=15:0.120, j=16:0.539, j=17:0.327
      i=18 -> j=0:0.000, j=1:0.000, j=2:0.000, j=3:0.000, j=4:0.000, j=5:0.000, j=6:0.000, j=7:0.000, j=8:0.000, j=9:0.000, j=10:0.000, j=11:0.000, j=12:0.000, j=13:0.000, j=14:0.001, j=15:0.011, j=16:0.130, j=17:0.500, j=18:0.355
      i=19 -> j=0:0.000, j=1:0.000, j=2:0.000, j=3:0.000, j=4:0.000, j=5:0.000, j=6:0.000, j=7:0.000, j=8:0.000, j=9:0.000, j=10:0.000, j=11:0.000, j=12:0.000, j=13:0.000, j=14:0.000, j=15:0.000, j=16:0.004, j=17:0.099, j=18:0.706, j=19:0.190
      i=20 -> j=0:0.000, j=1:0.000, j=2:0.000, j=3:0.000, j=4:0.000, j=5:0.000, j=6:0.000, j=7:0.000, j=8:0.000, j=9:0.000, j=10:0.000, j=11:0.000, j=12:0.000, j=13:0.000, j=14:0.000, j=15:0.000, j=16:0.000, j=17:0.003, j=18:0.107, j=19:0.627, j=20:0.262
      i=21 -> j=0:0.000, j=1:0.000, j=2:0.000, j=3:0.000, j=4:0.000, j=5:0.000, j=6:0.000, j=7:0.000, j=8:0.000, j=9:0.000, j=10:0.000, j=11:0.000, j=12:0.000, j=13:0.000, j=14:0.000, j=15:0.000, j=16:0.000, j=17:0.000, j=18:0.006, j=19:0.124, j=20:0.563, j=21:0.306
      i=22 -> j=0:0.000, j=1:0.000, j=2:0.000, j=3:0.000, j=4:0.000, j=5:0.000, j=6:0.000, j=7:0.000, j=8:0.000, j=9:0.000, j=10:0.000, j=11:0.000, j=12:0.000, j=13:0.000, j=14:0.000, j=15:0.000, j=16:0.000, j=17:0.000, j=18:0.000, j=19:0.006, j=20:0.091, j=21:0.570, j=22:0.331
      i=23 -> j=0:0.000, j=1:0.001, j=2:0.001, j=3:0.000, j=4:0.000, j=5:0.000, j=6:0.000, j=7:0.000, j=8:0.000, j=9:0.000, j=10:0.000, j=11:0.000, j=12:0.000, j=13:0.000, j=14:0.000, j=15:0.000, j=16:0.000, j=17:0.000, j=18:0.000, j=19:0.001, j=20:0.010, j=21:0.209, j=22:0.610, j=23:0.165
      i=24 -> j=0:0.000, j=1:0.000, j=2:0.000, j=3:0.000, j=4:0.000, j=5:0.000, j=6:0.000, j=7:0.000, j=8:0.000, j=9:0.000, j=10:0.000, j=11:0.000, j=12:0.000, j=13:0.000, j=14:0.000, j=15:0.000, j=16:0.000, j=17:0.000, j=18:0.000, j=19:0.000, j=20:0.000, j=21:0.005, j=22:0.138, j=23:0.599, j=24:0.255
      i=25 -> j=0:0.000, j=1:0.000, j=2:0.000, j=3:0.000, j=4:0.000, j=5:0.000, j=6:0.000, j=7:0.000, j=8:0.000, j=9:0.000, j=10:0.000, j=11:0.000, j=12:0.000, j=13:0.000, j=14:0.000, j=15:0.000, j=16:0.000, j=17:0.000, j=18:0.000, j=19:0.000, j=20:0.000, j=21:0.000, j=22:0.009, j=23:0.161, j=24:0.546, j=25:0.280
      i=26 -> j=0:0.001, j=1:0.000, j=2:0.000, j=3:0.000, j=4:0.000, j=5:0.000, j=6:0.000, j=7:0.000, j=8:0.000, j=9:0.000, j=10:0.000, j=11:0.000, j=12:0.000, j=13:0.000, j=14:0.000, j=15:0.000, j=16:0.000, j=17:0.000, j=18:0.000, j=19:0.000, j=20:0.000, j=21:0.000, j=22:0.000, j=23:0.008, j=24:0.145, j=25:0.636, j=26:0.206
      i=27 -> j=0:0.001, j=1:0.001, j=2:0.001, j=3:0.001, j=4:0.001, j=5:0.001, j=6:0.001, j=7:0.001, j=8:0.000, j=9:0.000, j=10:0.000, j=11:0.001, j=12:0.000, j=13:0.000, j=14:0.000, j=15:0.000, j=16:0.000, j=17:0.000, j=18:0.000, j=19:0.000, j=20:0.000, j=21:0.000, j=22:0.000, j=23:0.000, j=24:0.010, j=25:0.172, j=26:0.530, j=27:0.277
      i=28 -> j=0:0.000, j=1:0.000, j=2:0.000, j=3:0.000, j=4:0.000, j=5:0.000, j=6:0.000, j=7:0.000, j=8:0.000, j=9:0.000, j=10:0.000, j=11:0.000, j=12:0.000, j=13:0.000, j=14:0.000, j=15:0.000, j=16:0.000, j=17:0.000, j=18:0.000, j=19:0.000, j=20:0.000, j=21:0.000, j=22:0.000, j=23:0.000, j=24:0.000, j=25:0.007, j=26:0.099, j=27:0.741, j=28:0.150
      i=29 -> j=0:0.000, j=1:0.000, j=2:0.001, j=3:0.001, j=4:0.000, j=5:0.000, j=6:0.000, j=7:0.000, j=8:0.000, j=9:0.000, j=10:0.000, j=11:0.000, j=12:0.000, j=13:0.000, j=14:0.000, j=15:0.000, j=16:0.000, j=17:0.000, j=18:0.000, j=19:0.000, j=20:0.000, j=21:0.000, j=22:0.000, j=23:0.000, j=24:0.000, j=25:0.000, j=26:0.006, j=27:0.142, j=28:0.582, j=29:0.264
      i=30 -> j=0:0.000, j=1:0.000, j=2:0.000, j=3:0.000, j=4:0.000, j=5:0.000, j=6:0.000, j=7:0.000, j=8:0.000, j=9:0.000, j=10:0.000, j=11:0.000, j=12:0.000, j=13:0.000, j=14:0.000, j=15:0.000, j=16:0.000, j=17:0.000, j=18:0.000, j=19:0.000, j=20:0.000, j=21:0.000, j=22:0.000, j=23:0.000, j=24:0.000, j=25:0.000, j=26:0.000, j=27:0.007, j=28:0.102, j=29:0.712, j=30:0.175
      i=31 -> j=0:0.001, j=1:0.000, j=2:0.001, j=3:0.001, j=4:0.001, j=5:0.001, j=6:0.001, j=7:0.000, j=8:0.000, j=9:0.000, j=10:0.000, j=11:0.000, j=12:0.000, j=13:0.000, j=14:0.000, j=15:0.000, j=16:0.000, j=17:0.000, j=18:0.000, j=19:0.000, j=20:0.000, j=21:0.000, j=22:0.000, j=23:0.000, j=24:0.000, j=25:0.000, j=26:0.000, j=27:0.001, j=28:0.007, j=29:0.184, j=30:0.612, j=31:0.188
      i=32 -> j=0:0.000, j=1:0.000, j=2:0.000, j=3:0.000, j=4:0.000, j=5:0.000, j=6:0.000, j=7:0.000, j=8:0.000, j=9:0.000, j=10:0.000, j=11:0.000, j=12:0.000, j=13:0.000, j=14:0.000, j=15:0.000, j=16:0.000, j=17:0.000, j=18:0.000, j=19:0.000, j=20:0.000, j=21:0.000, j=22:0.000, j=23:0.000, j=24:0.000, j=25:0.000, j=26:0.000, j=27:0.000, j=28:0.000, j=29:0.004, j=30:0.062, j=31:0.697, j=32:0.232
      i=33 -> j=0:0.001, j=1:0.000, j=2:0.000, j=3:0.000, j=4:0.000, j=5:0.000, j=6:0.000, j=7:0.000, j=8:0.000, j=9:0.000, j=10:0.000, j=11:0.000, j=12:0.000, j=13:0.000, j=14:0.000, j=15:0.000, j=16:0.000, j=17:0.000, j=18:0.000, j=19:0.000, j=20:0.000, j=21:0.000, j=22:0.000, j=23:0.000, j=24:0.000, j=25:0.000, j=26:0.000, j=27:0.000, j=28:0.000, j=29:0.000, j=30:0.005, j=31:0.108, j=32:0.642, j=33:0.238
      i=34 -> j=0:0.000, j=1:0.000, j=2:0.000, j=3:0.000, j=4:0.000, j=5:0.000, j=6:0.000, j=7:0.000, j=8:0.000, j=9:0.000, j=10:0.000, j=11:0.000, j=12:0.000, j=13:0.000, j=14:0.000, j=15:0.000, j=16:0.000, j=17:0.000, j=18:0.000, j=19:0.000, j=20:0.000, j=21:0.000, j=22:0.000, j=23:0.000, j=24:0.000, j=25:0.000, j=26:0.000, j=27:0.000, j=28:0.000, j=29:0.000, j=30:0.000, j=31:0.006, j=32:0.117, j=33:0.631, j=34:0.242
      i=35 -> j=0:0.000, j=1:0.001, j=2:0.001, j=3:0.001, j=4:0.001, j=5:0.001, j=6:0.001, j=7:0.001, j=8:0.001, j=9:0.001, j=10:0.001, j=11:0.001, j=12:0.001, j=13:0.001, j=14:0.001, j=15:0.001, j=16:0.001, j=17:0.000, j=18:0.000, j=19:0.000, j=20:0.000, j=21:0.000, j=22:0.000, j=23:0.000, j=24:0.000, j=25:0.000, j=26:0.000, j=27:0.000, j=28:0.000, j=29:0.000, j=30:0.000, j=31:0.000, j=32:0.008, j=33:0.116, j=34:0.610, j=35:0.251
      i=36 -> j=0:0.000, j=1:0.000, j=2:0.000, j=3:0.001, j=4:0.001, j=5:0.000, j=6:0.000, j=7:0.000, j=8:0.000, j=9:0.000, j=10:0.001, j=11:0.000, j=12:0.000, j=13:0.000, j=14:0.000, j=15:0.000, j=16:0.000, j=17:0.000, j=18:0.000, j=19:0.000, j=20:0.000, j=21:0.000, j=22:0.000, j=23:0.000, j=24:0.000, j=25:0.000, j=26:0.000, j=27:0.000, j=28:0.000, j=29:0.000, j=30:0.000, j=31:0.000, j=32:0.000, j=33:0.004, j=34:0.096, j=35:0.558, j=36:0.333
      i=37 -> j=0:0.000, j=1:0.000, j=2:0.000, j=3:0.000, j=4:0.001, j=5:0.001, j=6:0.000, j=7:0.000, j=8:0.000, j=9:0.000, j=10:0.001, j=11:0.000, j=12:0.000, j=13:0.000, j=14:0.000, j=15:0.000, j=16:0.000, j=17:0.000, j=18:0.000, j=19:0.000, j=20:0.000, j=21:0.000, j=22:0.000, j=23:0.000, j=24:0.000, j=25:0.000, j=26:0.000, j=27:0.000, j=28:0.000, j=29:0.000, j=30:0.000, j=31:0.000, j=32:0.000, j=33:0.000, j=34:0.006, j=35:0.163, j=36:0.598, j=37:0.225
      i=38 -> j=0:0.000, j=1:0.000, j=2:0.000, j=3:0.000, j=4:0.000, j=5:0.000, j=6:0.000, j=7:0.000, j=8:0.000, j=9:0.000, j=10:0.000, j=11:0.000, j=12:0.000, j=13:0.000, j=14:0.000, j=15:0.000, j=16:0.000, j=17:0.000, j=18:0.000, j=19:0.000, j=20:0.000, j=21:0.000, j=22:0.000, j=23:0.000, j=24:0.000, j=25:0.000, j=26:0.000, j=27:0.000, j=28:0.000, j=29:0.000, j=30:0.000, j=31:0.000, j=32:0.000, j=33:0.000, j=34:0.000, j=35:0.004, j=36:0.107, j=37:0.666, j=38:0.217
      i=39 -> j=0:0.001, j=1:0.001, j=2:0.001, j=3:0.001, j=4:0.001, j=5:0.001, j=6:0.001, j=7:0.001, j=8:0.001, j=9:0.001, j=10:0.001, j=11:0.001, j=12:0.001, j=13:0.001, j=14:0.001, j=15:0.001, j=16:0.001, j=17:0.001, j=18:0.001, j=19:0.001, j=20:0.000, j=21:0.000, j=22:0.000, j=23:0.000, j=24:0.000, j=25:0.000, j=26:0.000, j=27:0.000, j=28:0.000, j=29:0.000, j=30:0.000, j=31:0.000, j=32:0.000, j=33:0.000, j=34:0.000, j=35:0.001, j=36:0.012, j=37:0.226, j=38:0.559, j=39:0.185
      i=40 -> j=0:0.000, j=1:0.000, j=2:0.000, j=3:0.000, j=4:0.000, j=5:0.000, j=6:0.000, j=7:0.001, j=8:0.000, j=9:0.000, j=10:0.000, j=11:0.000, j=12:0.000, j=13:0.000, j=14:0.000, j=15:0.000, j=16:0.000, j=17:0.000, j=18:0.000, j=19:0.000, j=20:0.000, j=21:0.000, j=22:0.000, j=23:0.000, j=24:0.000, j=25:0.000, j=26:0.000, j=27:0.000, j=28:0.000, j=29:0.000, j=30:0.000, j=31:0.000, j=32:0.000, j=33:0.000, j=34:0.000, j=35:0.000, j=36:0.000, j=37:0.008, j=38:0.121, j=39:0.576, j=40:0.285
      i=41 -> j=0:0.000, j=1:0.000, j=2:0.000, j=3:0.000, j=4:0.000, j=5:0.000, j=6:0.000, j=7:0.000, j=8:0.000, j=9:0.000, j=10:0.000, j=11:0.000, j=12:0.000, j=13:0.000, j=14:0.000, j=15:0.000, j=16:0.000, j=17:0.000, j=18:0.000, j=19:0.000, j=20:0.000, j=21:0.000, j=22:0.000, j=23:0.000, j=24:0.000, j=25:0.000, j=26:0.000, j=27:0.000, j=28:0.000, j=29:0.000, j=30:0.000, j=31:0.000, j=32:0.000, j=33:0.000, j=34:0.000, j=35:0.000, j=36:0.000, j=37:0.000, j=38:0.007, j=39:0.149, j=40:0.577, j=41:0.260
      i=42 -> j=0:0.000, j=1:0.000, j=2:0.000, j=3:0.001, j=4:0.000, j=5:0.000, j=6:0.000, j=7:0.000, j=8:0.001, j=9:0.001, j=10:0.001, j=11:0.000, j=12:0.000, j=13:0.000, j=14:0.001, j=15:0.000, j=16:0.000, j=17:0.000, j=18:0.000, j=19:0.000, j=20:0.000, j=21:0.000, j=22:0.000, j=23:0.000, j=24:0.000, j=25:0.000, j=26:0.000, j=27:0.000, j=28:0.000, j=29:0.000, j=30:0.000, j=31:0.000, j=32:0.000, j=33:0.000, j=34:0.000, j=35:0.000, j=36:0.000, j=37:0.000, j=38:0.000, j=39:0.009, j=40:0.165, j=41:0.564, j=42:0.251
      i=43 -> j=0:0.000, j=1:0.000, j=2:0.000, j=3:0.000, j=4:0.000, j=5:0.000, j=6:0.000, j=7:0.000, j=8:0.000, j=9:0.000, j=10:0.000, j=11:0.000, j=12:0.000, j=13:0.000, j=14:0.000, j=15:0.000, j=16:0.000, j=17:0.000, j=18:0.000, j=19:0.000, j=20:0.000, j=21:0.000, j=22:0.000, j=23:0.000, j=24:0.000, j=25:0.000, j=26:0.000, j=27:0.000, j=28:0.000, j=29:0.000, j=30:0.000, j=31:0.000, j=32:0.000, j=33:0.000, j=34:0.000, j=35:0.000, j=36:0.000, j=37:0.000, j=38:0.000, j=39:0.000, j=40:0.004, j=41:0.103, j=42:0.653, j=43:0.232
      i=44 -> j=0:0.000, j=1:0.000, j=2:0.000, j=3:0.000, j=4:0.000, j=5:0.000, j=6:0.000, j=7:0.000, j=8:0.000, j=9:0.000, j=10:0.000, j=11:0.001, j=12:0.001, j=13:0.000, j=14:0.000, j=15:0.000, j=16:0.000, j=17:0.001, j=18:0.000, j=19:0.000, j=20:0.000, j=21:0.000, j=22:0.000, j=23:0.000, j=24:0.000, j=25:0.000, j=26:0.000, j=27:0.000, j=28:0.000, j=29:0.000, j=30:0.000, j=31:0.000, j=32:0.000, j=33:0.000, j=34:0.000, j=35:0.000, j=36:0.000, j=37:0.000, j=38:0.000, j=39:0.000, j=40:0.000, j=41:0.008, j=42:0.141, j=43:0.627, j=44:0.211
      i=45 -> j=0:0.000, j=1:0.000, j=2:0.000, j=3:0.000, j=4:0.000, j=5:0.000, j=6:0.000, j=7:0.000, j=8:0.000, j=9:0.000, j=10:0.000, j=11:0.000, j=12:0.000, j=13:0.000, j=14:0.001, j=15:0.000, j=16:0.000, j=17:0.000, j=18:0.000, j=19:0.001, j=20:0.000, j=21:0.000, j=22:0.000, j=23:0.000, j=24:0.000, j=25:0.000, j=26:0.000, j=27:0.000, j=28:0.000, j=29:0.000, j=30:0.000, j=31:0.000, j=32:0.000, j=33:0.000, j=34:0.000, j=35:0.000, j=36:0.000, j=37:0.000, j=38:0.000, j=39:0.000, j=40:0.000, j=41:0.000, j=42:0.005, j=43:0.184, j=44:0.553, j=45:0.246
      i=46 -> j=0:0.000, j=1:0.000, j=2:0.000, j=3:0.000, j=4:0.000, j=5:0.000, j=6:0.000, j=7:0.000, j=8:0.000, j=9:0.000, j=10:0.000, j=11:0.000, j=12:0.000, j=13:0.000, j=14:0.000, j=15:0.000, j=16:0.000, j=17:0.000, j=18:0.000, j=19:0.000, j=20:0.000, j=21:0.000, j=22:0.000, j=23:0.000, j=24:0.000, j=25:0.000, j=26:0.000, j=27:0.000, j=28:0.000, j=29:0.000, j=30:0.000, j=31:0.000, j=32:0.000, j=33:0.000, j=34:0.000, j=35:0.000, j=36:0.000, j=37:0.000, j=38:0.000, j=39:0.000, j=40:0.000, j=41:0.000, j=42:0.000, j=43:0.005, j=44:0.159, j=45:0.594, j=46:0.235
      i=47 -> j=0:0.000, j=1:0.000, j=2:0.000, j=3:0.000, j=4:0.000, j=5:0.000, j=6:0.000, j=7:0.000, j=8:0.001, j=9:0.000, j=10:0.000, j=11:0.000, j=12:0.000, j=13:0.000, j=14:0.001, j=15:0.000, j=16:0.000, j=17:0.000, j=18:0.000, j=19:0.001, j=20:0.001, j=21:0.001, j=22:0.000, j=23:0.000, j=24:0.000, j=25:0.000, j=26:0.000, j=27:0.000, j=28:0.000, j=29:0.000, j=30:0.000, j=31:0.000, j=32:0.000, j=33:0.000, j=34:0.000, j=35:0.000, j=36:0.000, j=37:0.000, j=38:0.000, j=39:0.000, j=40:0.000, j=41:0.000, j=42:0.000, j=43:0.000, j=44:0.008, j=45:0.106, j=46:0.634, j=47:0.239
      i=48 -> j=0:0.000, j=1:0.000, j=2:0.000, j=3:0.000, j=4:0.000, j=5:0.000, j=6:0.000, j=7:0.000, j=8:0.000, j=9:0.000, j=10:0.000, j=11:0.000, j=12:0.000, j=13:0.000, j=14:0.000, j=15:0.000, j=16:0.000, j=17:0.000, j=18:0.000, j=19:0.000, j=20:0.000, j=21:0.000, j=22:0.000, j=23:0.000, j=24:0.000, j=25:0.000, j=26:0.000, j=27:0.000, j=28:0.000, j=29:0.000, j=30:0.000, j=31:0.000, j=32:0.000, j=33:0.000, j=34:0.000, j=35:0.000, j=36:0.000, j=37:0.000, j=38:0.000, j=39:0.000, j=40:0.000, j=41:0.000, j=42:0.000, j=43:0.000, j=44:0.000, j=45:0.007, j=46:0.149, j=47:0.621, j=48:0.214
      i=49 -> j=0:0.000, j=1:0.000, j=2:0.000, j=3:0.000, j=4:0.000, j=5:0.000, j=6:0.000, j=7:0.000, j=8:0.000, j=9:0.000, j=10:0.000, j=11:0.000, j=12:0.000, j=13:0.000, j=14:0.000, j=15:0.000, j=16:0.000, j=17:0.000, j=18:0.000, j=19:0.000, j=20:0.000, j=21:0.000, j=22:0.000, j=23:0.000, j=24:0.000, j=25:0.000, j=26:0.000, j=27:0.000, j=28:0.000, j=29:0.000, j=30:0.000, j=31:0.000, j=32:0.000, j=33:0.000, j=34:0.000, j=35:0.000, j=36:0.000, j=37:0.000, j=38:0.000, j=39:0.000, j=40:0.000, j=41:0.000, j=42:0.000, j=43:0.000, j=44:0.000, j=45:0.000, j=46:0.006, j=47:0.087, j=48:0.608, j=49:0.288
      i=50 -> j=0:0.000, j=1:0.000, j=2:0.000, j=3:0.000, j=4:0.000, j=5:0.000, j=6:0.000, j=7:0.000, j=8:0.000, j=9:0.000, j=10:0.000, j=11:0.000, j=12:0.000, j=13:0.000, j=14:0.000, j=15:0.000, j=16:0.000, j=17:0.001, j=18:0.000, j=19:0.000, j=20:0.000, j=21:0.000, j=22:0.000, j=23:0.000, j=24:0.000, j=25:0.000, j=26:0.000, j=27:0.000, j=28:0.000, j=29:0.000, j=30:0.000, j=31:0.000, j=32:0.000, j=33:0.000, j=34:0.000, j=35:0.000, j=36:0.000, j=37:0.000, j=38:0.000, j=39:0.000, j=40:0.000, j=41:0.000, j=42:0.000, j=43:0.000, j=44:0.000, j=45:0.000, j=46:0.000, j=47:0.007, j=48:0.135, j=49:0.574, j=50:0.273
      i=51 -> j=0:0.000, j=1:0.000, j=2:0.000, j=3:0.000, j=4:0.000, j=5:0.000, j=6:0.000, j=7:0.000, j=8:0.000, j=9:0.000, j=10:0.000, j=11:0.000, j=12:0.000, j=13:0.000, j=14:0.001, j=15:0.000, j=16:0.000, j=17:0.000, j=18:0.001, j=19:0.001, j=20:0.001, j=21:0.000, j=22:0.000, j=23:0.001, j=24:0.001, j=25:0.000, j=26:0.000, j=27:0.000, j=28:0.000, j=29:0.000, j=30:0.000, j=31:0.000, j=32:0.000, j=33:0.000, j=34:0.000, j=35:0.000, j=36:0.000, j=37:0.000, j=38:0.000, j=39:0.000, j=40:0.000, j=41:0.000, j=42:0.000, j=43:0.000, j=44:0.000, j=45:0.000, j=46:0.000, j=47:0.000, j=48:0.006, j=49:0.129, j=50:0.554, j=51:0.295
      i=52 -> j=0:0.000, j=1:0.000, j=2:0.000, j=3:0.000, j=4:0.000, j=5:0.000, j=6:0.000, j=7:0.000, j=8:0.000, j=9:0.000, j=10:0.000, j=11:0.000, j=12:0.000, j=13:0.000, j=14:0.000, j=15:0.000, j=16:0.000, j=17:0.000, j=18:0.000, j=19:0.000, j=20:0.000, j=21:0.000, j=22:0.000, j=23:0.000, j=24:0.000, j=25:0.000, j=26:0.000, j=27:0.000, j=28:0.000, j=29:0.000, j=30:0.000, j=31:0.000, j=32:0.000, j=33:0.000, j=34:0.000, j=35:0.000, j=36:0.000, j=37:0.000, j=38:0.000, j=39:0.000, j=40:0.000, j=41:0.000, j=42:0.000, j=43:0.000, j=44:0.000, j=45:0.000, j=46:0.000, j=47:0.000, j=48:0.000, j=49:0.006, j=50:0.132, j=51:0.655, j=52:0.196
      i=53 -> j=0:0.000, j=1:0.000, j=2:0.000, j=3:0.000, j=4:0.000, j=5:0.000, j=6:0.000, j=7:0.000, j=8:0.000, j=9:0.000, j=10:0.000, j=11:0.000, j=12:0.000, j=13:0.000, j=14:0.001, j=15:0.000, j=16:0.000, j=17:0.000, j=18:0.000, j=19:0.000, j=20:0.001, j=21:0.001, j=22:0.000, j=23:0.000, j=24:0.000, j=25:0.000, j=26:0.001, j=27:0.000, j=28:0.000, j=29:0.000, j=30:0.000, j=31:0.000, j=32:0.000, j=33:0.000, j=34:0.000, j=35:0.000, j=36:0.000, j=37:0.000, j=38:0.000, j=39:0.000, j=40:0.000, j=41:0.000, j=42:0.000, j=43:0.000, j=44:0.000, j=45:0.000, j=46:0.000, j=47:0.000, j=48:0.000, j=49:0.000, j=50:0.006, j=51:0.125, j=52:0.578, j=53:0.277
      i=54 -> j=0:0.000, j=1:0.000, j=2:0.000, j=3:0.000, j=4:0.000, j=5:0.000, j=6:0.000, j=7:0.000, j=8:0.001, j=9:0.000, j=10:0.000, j=11:0.000, j=12:0.000, j=13:0.000, j=14:0.001, j=15:0.001, j=16:0.000, j=17:0.000, j=18:0.000, j=19:0.001, j=20:0.001, j=21:0.001, j=22:0.001, j=23:0.001, j=24:0.000, j=25:0.001, j=26:0.001, j=27:0.001, j=28:0.000, j=29:0.000, j=30:0.000, j=31:0.000, j=32:0.000, j=33:0.000, j=34:0.000, j=35:0.000, j=36:0.000, j=37:0.000, j=38:0.000, j=39:0.000, j=40:0.000, j=41:0.000, j=42:0.000, j=43:0.000, j=44:0.000, j=45:0.000, j=46:0.000, j=47:0.000, j=48:0.000, j=49:0.000, j=50:0.001, j=51:0.008, j=52:0.202, j=53:0.585, j=54:0.185
      i=55 -> j=0:0.000, j=1:0.000, j=2:0.000, j=3:0.000, j=4:0.000, j=5:0.000, j=6:0.000, j=7:0.000, j=8:0.000, j=9:0.000, j=10:0.000, j=11:0.000, j=12:0.000, j=13:0.000, j=14:0.000, j=15:0.000, j=16:0.000, j=17:0.000, j=18:0.000, j=19:0.000, j=20:0.000, j=21:0.000, j=22:0.000, j=23:0.000, j=24:0.000, j=25:0.000, j=26:0.000, j=27:0.000, j=28:0.000, j=29:0.000, j=30:0.000, j=31:0.000, j=32:0.000, j=33:0.000, j=34:0.000, j=35:0.000, j=36:0.000, j=37:0.000, j=38:0.000, j=39:0.000, j=40:0.000, j=41:0.000, j=42:0.000, j=43:0.000, j=44:0.000, j=45:0.000, j=46:0.000, j=47:0.000, j=48:0.000, j=49:0.000, j=50:0.000, j=51:0.000, j=52:0.005, j=53:0.088, j=54:0.654, j=55:0.244
      i=56 -> j=0:0.000, j=1:0.000, j=2:0.000, j=3:0.000, j=4:0.000, j=5:0.000, j=6:0.000, j=7:0.000, j=8:0.000, j=9:0.000, j=10:0.000, j=11:0.000, j=12:0.000, j=13:0.000, j=14:0.000, j=15:0.000, j=16:0.000, j=17:0.000, j=18:0.000, j=19:0.000, j=20:0.000, j=21:0.000, j=22:0.000, j=23:0.000, j=24:0.000, j=25:0.000, j=26:0.000, j=27:0.000, j=28:0.000, j=29:0.000, j=30:0.000, j=31:0.000, j=32:0.000, j=33:0.000, j=34:0.000, j=35:0.000, j=36:0.000, j=37:0.000, j=38:0.000, j=39:0.000, j=40:0.000, j=41:0.000, j=42:0.000, j=43:0.000, j=44:0.000, j=45:0.000, j=46:0.000, j=47:0.000, j=48:0.000, j=49:0.000, j=50:0.000, j=51:0.000, j=52:0.000, j=53:0.006, j=54:0.214, j=55:0.511, j=56:0.258
      i=57 -> j=0:0.000, j=1:0.000, j=2:0.000, j=3:0.000, j=4:0.000, j=5:0.000, j=6:0.000, j=7:0.000, j=8:0.000, j=9:0.000, j=10:0.000, j=11:0.000, j=12:0.000, j=13:0.000, j=14:0.000, j=15:0.000, j=16:0.000, j=17:0.000, j=18:0.000, j=19:0.000, j=20:0.000, j=21:0.000, j=22:0.000, j=23:0.000, j=24:0.000, j=25:0.000, j=26:0.000, j=27:0.000, j=28:0.000, j=29:0.000, j=30:0.000, j=31:0.000, j=32:0.000, j=33:0.000, j=34:0.000, j=35:0.000, j=36:0.000, j=37:0.000, j=38:0.000, j=39:0.000, j=40:0.000, j=41:0.000, j=42:0.000, j=43:0.000, j=44:0.000, j=45:0.000, j=46:0.000, j=47:0.000, j=48:0.000, j=49:0.000, j=50:0.000, j=51:0.000, j=52:0.000, j=53:0.000, j=54:0.006, j=55:0.100, j=56:0.538, j=57:0.344
      i=58 -> j=0:0.000, j=1:0.000, j=2:0.000, j=3:0.000, j=4:0.000, j=5:0.000, j=6:0.000, j=7:0.000, j=8:0.000, j=9:0.000, j=10:0.000, j=11:0.000, j=12:0.000, j=13:0.000, j=14:0.001, j=15:0.000, j=16:0.000, j=17:0.000, j=18:0.001, j=19:0.001, j=20:0.001, j=21:0.001, j=22:0.000, j=23:0.000, j=24:0.001, j=25:0.001, j=26:0.001, j=27:0.001, j=28:0.000, j=29:0.000, j=30:0.000, j=31:0.001, j=32:0.001, j=33:0.000, j=34:0.001, j=35:0.000, j=36:0.000, j=37:0.000, j=38:0.000, j=39:0.000, j=40:0.000, j=41:0.000, j=42:0.000, j=43:0.000, j=44:0.000, j=45:0.000, j=46:0.000, j=47:0.000, j=48:0.000, j=49:0.000, j=50:0.000, j=51:0.000, j=52:0.000, j=53:0.000, j=54:0.000, j=55:0.008, j=56:0.146, j=57:0.632, j=58:0.194
      i=59 -> j=0:0.000, j=1:0.000, j=2:0.000, j=3:0.000, j=4:0.000, j=5:0.000, j=6:0.000, j=7:0.000, j=8:0.000, j=9:0.000, j=10:0.000, j=11:0.000, j=12:0.000, j=13:0.000, j=14:0.000, j=15:0.000, j=16:0.000, j=17:0.000, j=18:0.000, j=19:0.000, j=20:0.000, j=21:0.000, j=22:0.000, j=23:0.000, j=24:0.000, j=25:0.000, j=26:0.000, j=27:0.000, j=28:0.000, j=29:0.000, j=30:0.000, j=31:0.000, j=32:0.000, j=33:0.000, j=34:0.000, j=35:0.000, j=36:0.000, j=37:0.000, j=38:0.000, j=39:0.000, j=40:0.000, j=41:0.000, j=42:0.000, j=43:0.000, j=44:0.000, j=45:0.000, j=46:0.000, j=47:0.000, j=48:0.000, j=49:0.000, j=50:0.000, j=51:0.000, j=52:0.000, j=53:0.000, j=54:0.000, j=55:0.000, j=56:0.005, j=57:0.115, j=58:0.640, j=59:0.228
      i=60 -> j=0:0.000, j=1:0.000, j=2:0.000, j=3:0.000, j=4:0.000, j=5:0.000, j=6:0.000, j=7:0.000, j=8:0.000, j=9:0.000, j=10:0.000, j=11:0.000, j=12:0.000, j=13:0.000, j=14:0.000, j=15:0.000, j=16:0.000, j=17:0.000, j=18:0.000, j=19:0.000, j=20:0.000, j=21:0.000, j=22:0.000, j=23:0.000, j=24:0.000, j=25:0.000, j=26:0.000, j=27:0.000, j=28:0.000, j=29:0.000, j=30:0.000, j=31:0.000, j=32:0.000, j=33:0.000, j=34:0.000, j=35:0.000, j=36:0.000, j=37:0.000, j=38:0.000, j=39:0.000, j=40:0.000, j=41:0.000, j=42:0.000, j=43:0.000, j=44:0.000, j=45:0.000, j=46:0.000, j=47:0.000, j=48:0.000, j=49:0.000, j=50:0.000, j=51:0.000, j=52:0.000, j=53:0.000, j=54:0.000, j=55:0.000, j=56:0.000, j=57:0.006, j=58:0.128, j=59:0.622, j=60:0.234
      i=61 -> j=0:0.000, j=1:0.000, j=2:0.000, j=3:0.000, j=4:0.000, j=5:0.000, j=6:0.000, j=7:0.000, j=8:0.000, j=9:0.000, j=10:0.000, j=11:0.000, j=12:0.000, j=13:0.000, j=14:0.000, j=15:0.000, j=16:0.000, j=17:0.000, j=18:0.000, j=19:0.000, j=20:0.000, j=21:0.000, j=22:0.000, j=23:0.000, j=24:0.000, j=25:0.000, j=26:0.000, j=27:0.000, j=28:0.000, j=29:0.000, j=30:0.000, j=31:0.000, j=32:0.000, j=33:0.000, j=34:0.000, j=35:0.000, j=36:0.000, j=37:0.000, j=38:0.000, j=39:0.000, j=40:0.000, j=41:0.000, j=42:0.000, j=43:0.000, j=44:0.000, j=45:0.000, j=46:0.000, j=47:0.000, j=48:0.000, j=49:0.000, j=50:0.000, j=51:0.000, j=52:0.000, j=53:0.000, j=54:0.000, j=55:0.000, j=56:0.000, j=57:0.000, j=58:0.004, j=59:0.116, j=60:0.629, j=61:0.240
      i=62 -> j=0:0.001, j=1:0.000, j=2:0.000, j=3:0.000, j=4:0.000, j=5:0.000, j=6:0.000, j=7:0.000, j=8:0.000, j=9:0.000, j=10:0.000, j=11:0.000, j=12:0.000, j=13:0.000, j=14:0.000, j=15:0.000, j=16:0.000, j=17:0.000, j=18:0.000, j=19:0.000, j=20:0.000, j=21:0.001, j=22:0.001, j=23:0.001, j=24:0.001, j=25:0.001, j=26:0.000, j=27:0.001, j=28:0.000, j=29:0.001, j=30:0.001, j=31:0.000, j=32:0.001, j=33:0.000, j=34:0.001, j=35:0.001, j=36:0.001, j=37:0.001, j=38:0.000, j=39:0.000, j=40:0.000, j=41:0.000, j=42:0.000, j=43:0.000, j=44:0.000, j=45:0.000, j=46:0.000, j=47:0.000, j=48:0.000, j=49:0.000, j=50:0.000, j=51:0.000, j=52:0.000, j=53:0.000, j=54:0.000, j=55:0.000, j=56:0.000, j=57:0.000, j=58:0.000, j=59:0.013, j=60:0.204, j=61:0.561, j=62:0.199
      i=63 -> j=0:0.000, j=1:0.000, j=2:0.000, j=3:0.000, j=4:0.000, j=5:0.000, j=6:0.000, j=7:0.000, j=8:0.000, j=9:0.000, j=10:0.000, j=11:0.000, j=12:0.000, j=13:0.000, j=14:0.000, j=15:0.000, j=16:0.000, j=17:0.000, j=18:0.000, j=19:0.000, j=20:0.000, j=21:0.000, j=22:0.000, j=23:0.000, j=24:0.000, j=25:0.000, j=26:0.000, j=27:0.000, j=28:0.000, j=29:0.000, j=30:0.000, j=31:0.000, j=32:0.000, j=33:0.000, j=34:0.000, j=35:0.000, j=36:0.000, j=37:0.000, j=38:0.000, j=39:0.000, j=40:0.000, j=41:0.000, j=42:0.000, j=43:0.000, j=44:0.000, j=45:0.000, j=46:0.000, j=47:0.000, j=48:0.000, j=49:0.000, j=50:0.000, j=51:0.000, j=52:0.000, j=53:0.000, j=54:0.000, j=55:0.000, j=56:0.000, j=57:0.000, j=58:0.000, j=59:0.000, j=60:0.007, j=61:0.109, j=62:0.628, j=63:0.244
    Average attention per distance:
      d=0:0.263, d=1:0.604, d=2:0.134

--- Layer 1 ---
  Head 0: Entropy=1.153
    Attention coefficients from each query position to previous positions:
      i= 0 -> j=0:1.000
      i= 1 -> j=0:0.529, j=1:0.471
      i= 2 -> j=0:0.056, j=1:0.574, j=2:0.370
      i= 3 -> j=0:0.008, j=1:0.253, j=2:0.688, j=3:0.050
      i= 4 -> j=0:0.002, j=1:0.022, j=2:0.121, j=3:0.343, j=4:0.512
      i= 5 -> j=0:0.001, j=1:0.004, j=2:0.015, j=3:0.085, j=4:0.632, j=5:0.263
      i= 6 -> j=0:0.000, j=1:0.000, j=2:0.000, j=3:0.019, j=4:0.199, j=5:0.458, j=6:0.324
      i= 7 -> j=0:0.000, j=1:0.000, j=2:0.001, j=3:0.000, j=4:0.005, j=5:0.053, j=6:0.917, j=7:0.023
      i= 8 -> j=0:0.003, j=1:0.003, j=2:0.001, j=3:0.004, j=4:0.009, j=5:0.034, j=6:0.272, j=7:0.488, j=8:0.186
      i= 9 -> j=0:0.002, j=1:0.001, j=2:0.000, j=3:0.004, j=4:0.001, j=5:0.005, j=6:0.017, j=7:0.249, j=8:0.241, j=9:0.479
      i=10 -> j=0:0.001, j=1:0.001, j=2:0.001, j=3:0.005, j=4:0.001, j=5:0.001, j=6:0.001, j=7:0.024, j=8:0.040, j=9:0.866, j=10:0.058
      i=11 -> j=0:0.002, j=1:0.003, j=2:0.005, j=3:0.002, j=4:0.002, j=5:0.002, j=6:0.002, j=7:0.002, j=8:0.019, j=9:0.484, j=10:0.309, j=11:0.168
      i=12 -> j=0:0.000, j=1:0.000, j=2:0.000, j=3:0.001, j=4:0.001, j=5:0.000, j=6:0.000, j=7:0.000, j=8:0.001, j=9:0.023, j=10:0.021, j=11:0.712, j=12:0.241
      i=13 -> j=0:0.001, j=1:0.001, j=2:0.001, j=3:0.001, j=4:0.001, j=5:0.002, j=6:0.001, j=7:0.000, j=8:0.001, j=9:0.003, j=10:0.012, j=11:0.027, j=12:0.834, j=13:0.116
      i=14 -> j=0:0.001, j=1:0.001, j=2:0.000, j=3:0.001, j=4:0.001, j=5:0.002, j=6:0.001, j=7:0.001, j=8:0.001, j=9:0.001, j=10:0.001, j=11:0.016, j=12:0.157, j=13:0.558, j=14:0.258
      i=15 -> j=0:0.000, j=1:0.000, j=2:0.000, j=3:0.000, j=4:0.000, j=5:0.000, j=6:0.001, j=7:0.001, j=8:0.000, j=9:0.000, j=10:0.000, j=11:0.001, j=12:0.009, j=13:0.159, j=14:0.522, j=15:0.304
      i=16 -> j=0:0.000, j=1:0.001, j=2:0.001, j=3:0.000, j=4:0.000, j=5:0.000, j=6:0.001, j=7:0.000, j=8:0.000, j=9:0.001, j=10:0.001, j=11:0.000, j=12:0.001, j=13:0.001, j=14:0.046, j=15:0.912, j=16:0.035
      i=17 -> j=0:0.000, j=1:0.000, j=2:0.000, j=3:0.002, j=4:0.001, j=5:0.000, j=6:0.000, j=7:0.001, j=8:0.001, j=9:0.001, j=10:0.000, j=11:0.002, j=12:0.000, j=13:0.005, j=14:0.018, j=15:0.046, j=16:0.294, j=17:0.627
      i=18 -> j=0:0.001, j=1:0.000, j=2:0.001, j=3:0.001, j=4:0.001, j=5:0.001, j=6:0.000, j=7:0.001, j=8:0.001, j=9:0.001, j=10:0.001, j=11:0.001, j=12:0.000, j=13:0.001, j=14:0.002, j=15:0.013, j=16:0.067, j=17:0.720, j=18:0.187
      i=19 -> j=0:0.000, j=1:0.000, j=2:0.000, j=3:0.000, j=4:0.000, j=5:0.000, j=6:0.000, j=7:0.000, j=8:0.000, j=9:0.000, j=10:0.001, j=11:0.001, j=12:0.001, j=13:0.000, j=14:0.000, j=15:0.001, j=16:0.005, j=17:0.162, j=18:0.293, j=19:0.533
      i=20 -> j=0:0.001, j=1:0.000, j=2:0.000, j=3:0.001, j=4:0.001, j=5:0.001, j=6:0.001, j=7:0.001, j=8:0.001, j=9:0.001, j=10:0.001, j=11:0.001, j=12:0.001, j=13:0.001, j=14:0.001, j=15:0.000, j=16:0.001, j=17:0.020, j=18:0.137, j=19:0.720, j=20:0.111
      i=21 -> j=0:0.002, j=1:0.002, j=2:0.002, j=3:0.001, j=4:0.001, j=5:0.002, j=6:0.002, j=7:0.002, j=8:0.002, j=9:0.001, j=10:0.002, j=11:0.002, j=12:0.003, j=13:0.003, j=14:0.002, j=15:0.001, j=16:0.001, j=17:0.005, j=18:0.044, j=19:0.254, j=20:0.290, j=21:0.375
      i=22 -> j=0:0.001, j=1:0.001, j=2:0.001, j=3:0.002, j=4:0.001, j=5:0.001, j=6:0.001, j=7:0.002, j=8:0.001, j=9:0.001, j=10:0.001, j=11:0.002, j=12:0.001, j=13:0.004, j=14:0.002, j=15:0.001, j=16:0.001, j=17:0.001, j=18:0.006, j=19:0.029, j=20:0.096, j=21:0.522, j=22:0.324
      i=23 -> j=0:0.001, j=1:0.000, j=2:0.001, j=3:0.002, j=4:0.001, j=5:0.001, j=6:0.000, j=7:0.001, j=8:0.001, j=9:0.001, j=10:0.001, j=11:0.001, j=12:0.001, j=13:0.001, j=14:0.002, j=15:0.001, j=16:0.001, j=17:0.001, j=18:0.001, j=19:0.004, j=20:0.010, j=21:0.153, j=22:0.583, j=23:0.231
      i=24 -> j=0:0.000, j=1:0.000, j=2:0.000, j=3:0.000, j=4:0.000, j=5:0.000, j=6:0.000, j=7:0.000, j=8:0.001, j=9:0.001, j=10:0.001, j=11:0.000, j=12:0.000, j=13:0.000, j=14:0.001, j=15:0.001, j=16:0.001, j=17:0.001, j=18:0.000, j=19:0.000, j=20:0.001, j=21:0.010, j=22:0.154, j=23:0.286, j=24:0.539
      i=25 -> j=0:0.000, j=1:0.000, j=2:0.000, j=3:0.000, j=4:0.000, j=5:0.000, j=6:0.000, j=7:0.000, j=8:0.000, j=9:0.000, j=10:0.000, j=11:0.001, j=12:0.000, j=13:0.000, j=14:0.000, j=15:0.000, j=16:0.001, j=17:0.001, j=18:0.000, j=19:0.000, j=20:0.000, j=21:0.001, j=22:0.009, j=23:0.071, j=24:0.647, j=25:0.265
      i=26 -> j=0:0.001, j=1:0.000, j=2:0.000, j=3:0.003, j=4:0.001, j=5:0.001, j=6:0.000, j=7:0.002, j=8:0.001, j=9:0.000, j=10:0.000, j=11:0.005, j=12:0.001, j=13:0.003, j=14:0.001, j=15:0.000, j=16:0.003, j=17:0.003, j=18:0.002, j=19:0.002, j=20:0.001, j=21:0.002, j=22:0.004, j=23:0.026, j=24:0.316, j=25:0.503, j=26:0.117
      i=27 -> j=0:0.000, j=1:0.000, j=2:0.000, j=3:0.000, j=4:0.000, j=5:0.000, j=6:0.000, j=7:0.000, j=8:0.000, j=9:0.000, j=10:0.000, j=11:0.000, j=12:0.000, j=13:0.000, j=14:0.000, j=15:0.000, j=16:0.000, j=17:0.000, j=18:0.001, j=19:0.001, j=20:0.000, j=21:0.000, j=22:0.000, j=23:0.001, j=24:0.011, j=25:0.063, j=26:0.430, j=27:0.488
      i=28 -> j=0:0.002, j=1:0.001, j=2:0.001, j=3:0.001, j=4:0.001, j=5:0.001, j=6:0.001, j=7:0.001, j=8:0.002, j=9:0.001, j=10:0.001, j=11:0.001, j=12:0.001, j=13:0.001, j=14:0.002, j=15:0.001, j=16:0.001, j=17:0.001, j=18:0.002, j=19:0.002, j=20:0.002, j=21:0.001, j=22:0.001, j=23:0.001, j=24:0.003, j=25:0.013, j=26:0.170, j=27:0.636, j=28:0.147
      i=29 -> j=0:0.000, j=1:0.000, j=2:0.000, j=3:0.001, j=4:0.000, j=5:0.000, j=6:0.000, j=7:0.001, j=8:0.000, j=9:0.000, j=10:0.000, j=11:0.001, j=12:0.000, j=13:0.001, j=14:0.000, j=15:0.000, j=16:0.001, j=17:0.000, j=18:0.000, j=19:0.001, j=20:0.000, j=21:0.001, j=22:0.001, j=23:0.000, j=24:0.000, j=25:0.001, j=26:0.013, j=27:0.286, j=28:0.165, j=29:0.525
      i=30 -> j=0:0.001, j=1:0.000, j=2:0.001, j=3:0.001, j=4:0.001, j=5:0.001, j=6:0.000, j=7:0.000, j=8:0.001, j=9:0.000, j=10:0.001, j=11:0.000, j=12:0.000, j=13:0.000, j=14:0.001, j=15:0.001, j=16:0.001, j=17:0.000, j=18:0.000, j=19:0.000, j=20:0.000, j=21:0.001, j=22:0.001, j=23:0.001, j=24:0.000, j=25:0.000, j=26:0.003, j=27:0.017, j=28:0.040, j=29:0.689, j=30:0.238
      i=31 -> j=0:0.001, j=1:0.001, j=2:0.001, j=3:0.002, j=4:0.001, j=5:0.001, j=6:0.001, j=7:0.002, j=8:0.001, j=9:0.001, j=10:0.001, j=11:0.002, j=12:0.001, j=13:0.001, j=14:0.001, j=15:0.001, j=16:0.002, j=17:0.002, j=18:0.001, j=19:0.001, j=20:0.001, j=21:0.002, j=22:0.002, j=23:0.002, j=24:0.002, j=25:0.001, j=26:0.001, j=27:0.004, j=28:0.014, j=29:0.320, j=30:0.482, j=31:0.146
      i=32 -> j=0:0.003, j=1:0.002, j=2:0.002, j=3:0.003, j=4:0.002, j=5:0.003, j=6:0.002, j=7:0.002, j=8:0.002, j=9:0.001, j=10:0.002, j=11:0.002, j=12:0.002, j=13:0.002, j=14:0.002, j=15:0.002, j=16:0.002, j=17:0.002, j=18:0.002, j=19:0.002, j=20:0.001, j=21:0.002, j=22:0.002, j=23:0.003, j=24:0.003, j=25:0.002, j=26:0.002, j=27:0.002, j=28:0.004, j=29:0.063, j=30:0.253, j=31:0.339, j=32:0.281
      i=33 -> j=0:0.001, j=1:0.000, j=2:0.000, j=3:0.001, j=4:0.000, j=5:0.001, j=6:0.000, j=7:0.001, j=8:0.000, j=9:0.000, j=10:0.000, j=11:0.001, j=12:0.000, j=13:0.001, j=14:0.000, j=15:0.000, j=16:0.001, j=17:0.001, j=18:0.000, j=19:0.001, j=20:0.000, j=21:0.000, j=22:0.000, j=23:0.001, j=24:0.001, j=25:0.001, j=26:0.001, j=27:0.000, j=28:0.001, j=29:0.003, j=30:0.020, j=31:0.046, j=32:0.192, j=33:0.723
      i=34 -> j=0:0.000, j=1:0.000, j=2:0.000, j=3:0.000, j=4:0.000, j=5:0.000, j=6:0.000, j=7:0.000, j=8:0.000, j=9:0.000, j=10:0.000, j=11:0.000, j=12:0.000, j=13:0.000, j=14:0.000, j=15:0.000, j=16:0.000, j=17:0.000, j=18:0.000, j=19:0.000, j=20:0.000, j=21:0.000, j=22:0.000, j=23:0.000, j=24:0.000, j=25:0.000, j=26:0.001, j=27:0.000, j=28:0.000, j=29:0.000, j=30:0.001, j=31:0.004, j=32:0.022, j=33:0.595, j=34:0.369
      i=35 -> j=0:0.001, j=1:0.001, j=2:0.001, j=3:0.001, j=4:0.001, j=5:0.001, j=6:0.000, j=7:0.001, j=8:0.001, j=9:0.001, j=10:0.000, j=11:0.001, j=12:0.000, j=13:0.001, j=14:0.001, j=15:0.000, j=16:0.001, j=17:0.000, j=18:0.000, j=19:0.001, j=20:0.001, j=21:0.001, j=22:0.001, j=23:0.000, j=24:0.001, j=25:0.001, j=26:0.001, j=27:0.001, j=28:0.001, j=29:0.001, j=30:0.001, j=31:0.001, j=32:0.008, j=33:0.265, j=34:0.525, j=35:0.178
      i=36 -> j=0:0.002, j=1:0.001, j=2:0.001, j=3:0.002, j=4:0.001, j=5:0.002, j=6:0.001, j=7:0.001, j=8:0.002, j=9:0.001, j=10:0.001, j=11:0.001, j=12:0.001, j=13:0.001, j=14:0.001, j=15:0.001, j=16:0.002, j=17:0.001, j=18:0.001, j=19:0.001, j=20:0.001, j=21:0.001, j=22:0.002, j=23:0.001, j=24:0.001, j=25:0.001, j=26:0.002, j=27:0.003, j=28:0.002, j=29:0.002, j=30:0.001, j=31:0.001, j=32:0.002, j=33:0.040, j=34:0.247, j=35:0.350, j=36:0.317
      i=37 -> j=0:0.001, j=1:0.001, j=2:0.001, j=3:0.002, j=4:0.001, j=5:0.001, j=6:0.001, j=7:0.001, j=8:0.001, j=9:0.001, j=10:0.001, j=11:0.001, j=12:0.001, j=13:0.001, j=14:0.001, j=15:0.001, j=16:0.001, j=17:0.001, j=18:0.001, j=19:0.001, j=20:0.001, j=21:0.001, j=22:0.001, j=23:0.001, j=24:0.001, j=25:0.001, j=26:0.001, j=27:0.001, j=28:0.001, j=29:0.002, j=30:0.001, j=31:0.001, j=32:0.001, j=33:0.003, j=34:0.016, j=35:0.105, j=36:0.715, j=37:0.130
      i=38 -> j=0:0.002, j=1:0.001, j=2:0.001, j=3:0.002, j=4:0.002, j=5:0.002, j=6:0.001, j=7:0.002, j=8:0.001, j=9:0.001, j=10:0.001, j=11:0.002, j=12:0.001, j=13:0.001, j=14:0.001, j=15:0.001, j=16:0.001, j=17:0.001, j=18:0.001, j=19:0.001, j=20:0.001, j=21:0.001, j=22:0.001, j=23:0.002, j=24:0.001, j=25:0.001, j=26:0.001, j=27:0.001, j=28:0.002, j=29:0.003, j=30:0.003, j=31:0.001, j=32:0.001, j=33:0.001, j=34:0.003, j=35:0.025, j=36:0.397, j=37:0.198, j=38:0.329
      i=39 -> j=0:0.002, j=1:0.001, j=2:0.001, j=3:0.002, j=4:0.001, j=5:0.002, j=6:0.001, j=7:0.002, j=8:0.002, j=9:0.001, j=10:0.001, j=11:0.002, j=12:0.002, j=13:0.001, j=14:0.001, j=15:0.001, j=16:0.001, j=17:0.001, j=18:0.001, j=19:0.002, j=20:0.001, j=21:0.001, j=22:0.001, j=23:0.001, j=24:0.001, j=25:0.001, j=26:0.001, j=27:0.001, j=28:0.001, j=29:0.001, j=30:0.002, j=31:0.002, j=32:0.001, j=33:0.001, j=34:0.001, j=35:0.003, j=36:0.041, j=37:0.049, j=38:0.652, j=39:0.206
      i=40 -> j=0:0.003, j=1:0.003, j=2:0.004, j=3:0.001, j=4:0.002, j=5:0.002, j=6:0.003, j=7:0.001, j=8:0.002, j=9:0.002, j=10:0.003, j=11:0.001, j=12:0.002, j=13:0.001, j=14:0.002, j=15:0.002, j=16:0.001, j=17:0.001, j=18:0.001, j=19:0.001, j=20:0.002, j=21:0.001, j=22:0.001, j=23:0.001, j=24:0.001, j=25:0.001, j=26:0.002, j=27:0.001, j=28:0.001, j=29:0.001, j=30:0.001, j=31:0.002, j=32:0.002, j=33:0.002, j=34:0.001, j=35:0.001, j=36:0.005, j=37:0.012, j=38:0.192, j=39:0.413, j=40:0.317
      i=41 -> j=0:0.001, j=1:0.001, j=2:0.001, j=3:0.002, j=4:0.001, j=5:0.001, j=6:0.001, j=7:0.001, j=8:0.001, j=9:0.001, j=10:0.001, j=11:0.001, j=12:0.001, j=13:0.001, j=14:0.001, j=15:0.001, j=16:0.001, j=17:0.001, j=18:0.001, j=19:0.001, j=20:0.001, j=21:0.001, j=22:0.001, j=23:0.001, j=24:0.001, j=25:0.001, j=26:0.001, j=27:0.001, j=28:0.001, j=29:0.001, j=30:0.001, j=31:0.001, j=32:0.001, j=33:0.002, j=34:0.001, j=35:0.001, j=36:0.001, j=37:0.001, j=38:0.014, j=39:0.083, j=40:0.471, j=41:0.393
      i=42 -> j=0:0.001, j=1:0.001, j=2:0.001, j=3:0.003, j=4:0.002, j=5:0.001, j=6:0.001, j=7:0.002, j=8:0.001, j=9:0.001, j=10:0.001, j=11:0.003, j=12:0.001, j=13:0.002, j=14:0.001, j=15:0.001, j=16:0.002, j=17:0.001, j=18:0.001, j=19:0.001, j=20:0.001, j=21:0.002, j=22:0.001, j=23:0.001, j=24:0.001, j=25:0.001, j=26:0.001, j=27:0.001, j=28:0.001, j=29:0.001, j=30:0.001, j=31:0.001, j=32:0.002, j=33:0.002, j=34:0.002, j=35:0.001, j=36:0.001, j=37:0.001, j=38:0.002, j=39:0.016, j=40:0.234, j=41:0.520, j=42:0.179
      i=43 -> j=0:0.002, j=1:0.001, j=2:0.001, j=3:0.002, j=4:0.002, j=5:0.002, j=6:0.001, j=7:0.002, j=8:0.002, j=9:0.001, j=10:0.001, j=11:0.002, j=12:0.001, j=13:0.001, j=14:0.001, j=15:0.001, j=16:0.002, j=17:0.001, j=18:0.001, j=19:0.001, j=20:0.001, j=21:0.001, j=22:0.001, j=23:0.001, j=24:0.001, j=25:0.001, j=26:0.001, j=27:0.001, j=28:0.001, j=29:0.001, j=30:0.001, j=31:0.001, j=32:0.001, j=33:0.001, j=34:0.002, j=35:0.002, j=36:0.002, j=37:0.001, j=38:0.001, j=39:0.002, j=40:0.035, j=41:0.162, j=42:0.283, j=43:0.470
      i=44 -> j=0:0.002, j=1:0.001, j=2:0.001, j=3:0.005, j=4:0.002, j=5:0.002, j=6:0.001, j=7:0.004, j=8:0.001, j=9:0.001, j=10:0.001, j=11:0.006, j=12:0.001, j=13:0.004, j=14:0.001, j=15:0.000, j=16:0.003, j=17:0.002, j=18:0.001, j=19:0.002, j=20:0.001, j=21:0.002, j=22:0.001, j=23:0.002, j=24:0.002, j=25:0.002, j=26:0.001, j=27:0.001, j=28:0.002, j=29:0.002, j=30:0.003, j=31:0.001, j=32:0.002, j=33:0.002, j=34:0.002, j=35:0.002, j=36:0.005, j=37:0.002, j=38:0.001, j=39:0.002, j=40:0.012, j=41:0.042, j=42:0.099, j=43:0.542, j=44:0.227
      i=45 -> j=0:0.002, j=1:0.001, j=2:0.001, j=3:0.003, j=4:0.002, j=5:0.002, j=6:0.001, j=7:0.003, j=8:0.001, j=9:0.001, j=10:0.001, j=11:0.003, j=12:0.001, j=13:0.002, j=14:0.001, j=15:0.001, j=16:0.002, j=17:0.001, j=18:0.001, j=19:0.001, j=20:0.001, j=21:0.001, j=22:0.001, j=23:0.001, j=24:0.001, j=25:0.001, j=26:0.001, j=27:0.001, j=28:0.001, j=29:0.001, j=30:0.002, j=31:0.001, j=32:0.002, j=33:0.001, j=34:0.001, j=35:0.001, j=36:0.003, j=37:0.002, j=38:0.001, j=39:0.001, j=40:0.002, j=41:0.004, j=42:0.015, j=43:0.151, j=44:0.266, j=45:0.503
      i=46 -> j=0:0.001, j=1:0.001, j=2:0.000, j=3:0.007, j=4:0.001, j=5:0.001, j=6:0.000, j=7:0.005, j=8:0.001, j=9:0.001, j=10:0.000, j=11:0.009, j=12:0.000, j=13:0.006, j=14:0.002, j=15:0.000, j=16:0.003, j=17:0.002, j=18:0.001, j=19:0.002, j=20:0.001, j=21:0.002, j=22:0.001, j=23:0.001, j=24:0.001, j=25:0.002, j=26:0.000, j=27:0.001, j=28:0.001, j=29:0.001, j=30:0.002, j=31:0.001, j=32:0.003, j=33:0.001, j=34:0.001, j=35:0.001, j=36:0.004, j=37:0.002, j=38:0.002, j=39:0.002, j=40:0.006, j=41:0.003, j=42:0.003, j=43:0.031, j=44:0.071, j=45:0.766, j=46:0.041
      i=47 -> j=0:0.002, j=1:0.001, j=2:0.001, j=3:0.002, j=4:0.001, j=5:0.001, j=6:0.001, j=7:0.002, j=8:0.002, j=9:0.001, j=10:0.001, j=11:0.002, j=12:0.001, j=13:0.002, j=14:0.001, j=15:0.001, j=16:0.001, j=17:0.001, j=18:0.001, j=19:0.001, j=20:0.001, j=21:0.001, j=22:0.001, j=23:0.001, j=24:0.001, j=25:0.001, j=26:0.001, j=27:0.001, j=28:0.001, j=29:0.001, j=30:0.001, j=31:0.001, j=32:0.001, j=33:0.001, j=34:0.001, j=35:0.001, j=36:0.001, j=37:0.001, j=38:0.001, j=39:0.002, j=40:0.001, j=41:0.001, j=42:0.001, j=43:0.002, j=44:0.016, j=45:0.232, j=46:0.531, j=47:0.169
      i=48 -> j=0:0.002, j=1:0.004, j=2:0.006, j=3:0.001, j=4:0.002, j=5:0.002, j=6:0.004, j=7:0.001, j=8:0.002, j=9:0.004, j=10:0.005, j=11:0.000, j=12:0.003, j=13:0.001, j=14:0.002, j=15:0.005, j=16:0.001, j=17:0.001, j=18:0.001, j=19:0.001, j=20:0.002, j=21:0.001, j=22:0.001, j=23:0.001, j=24:0.001, j=25:0.001, j=26:0.002, j=27:0.001, j=28:0.001, j=29:0.001, j=30:0.000, j=31:0.001, j=32:0.001, j=33:0.001, j=34:0.001, j=35:0.001, j=36:0.000, j=37:0.001, j=38:0.001, j=39:0.001, j=40:0.001, j=41:0.001, j=42:0.001, j=43:0.001, j=44:0.003, j=45:0.011, j=46:0.344, j=47:0.538, j=48:0.033
      i=49 -> j=0:0.004, j=1:0.002, j=2:0.002, j=3:0.006, j=4:0.004, j=5:0.004, j=6:0.002, j=7:0.005, j=8:0.003, j=9:0.003, j=10:0.002, j=11:0.006, j=12:0.002, j=13:0.004, j=14:0.003, j=15:0.002, j=16:0.005, j=17:0.003, j=18:0.002, j=19:0.003, j=20:0.002, j=21:0.003, j=22:0.003, j=23:0.003, j=24:0.002, j=25:0.002, j=26:0.002, j=27:0.003, j=28:0.003, j=29:0.002, j=30:0.003, j=31:0.002, j=32:0.002, j=33:0.002, j=34:0.003, j=35:0.003, j=36:0.003, j=37:0.002, j=38:0.003, j=39:0.003, j=40:0.007, j=41:0.006, j=42:0.003, j=43:0.003, j=44:0.002, j=45:0.009, j=46:0.028, j=47:0.064, j=48:0.449, j=49:0.310
      i=50 -> j=0:0.001, j=1:0.000, j=2:0.000, j=3:0.001, j=4:0.001, j=5:0.001, j=6:0.000, j=7:0.001, j=8:0.001, j=9:0.000, j=10:0.000, j=11:0.002, j=12:0.001, j=13:0.001, j=14:0.001, j=15:0.000, j=16:0.001, j=17:0.001, j=18:0.000, j=19:0.001, j=20:0.000, j=21:0.001, j=22:0.001, j=23:0.000, j=24:0.000, j=25:0.000, j=26:0.000, j=27:0.000, j=28:0.001, j=29:0.000, j=30:0.001, j=31:0.000, j=32:0.000, j=33:0.000, j=34:0.001, j=35:0.000, j=36:0.001, j=37:0.000, j=38:0.000, j=39:0.000, j=40:0.001, j=41:0.001, j=42:0.001, j=43:0.001, j=44:0.000, j=45:0.001, j=46:0.001, j=47:0.004, j=48:0.112, j=49:0.285, j=50:0.569
      i=51 -> j=0:0.001, j=1:0.000, j=2:0.000, j=3:0.001, j=4:0.000, j=5:0.000, j=6:0.000, j=7:0.001, j=8:0.000, j=9:0.000, j=10:0.000, j=11:0.001, j=12:0.000, j=13:0.000, j=14:0.000, j=15:0.000, j=16:0.000, j=17:0.000, j=18:0.000, j=19:0.000, j=20:0.000, j=21:0.000, j=22:0.000, j=23:0.000, j=24:0.000, j=25:0.000, j=26:0.000, j=27:0.000, j=28:0.000, j=29:0.000, j=30:0.000, j=31:0.000, j=32:0.000, j=33:0.000, j=34:0.000, j=35:0.000, j=36:0.000, j=37:0.000, j=38:0.000, j=39:0.000, j=40:0.000, j=41:0.000, j=42:0.000, j=43:0.001, j=44:0.000, j=45:0.000, j=46:0.000, j=47:0.000, j=48:0.005, j=49:0.055, j=50:0.526, j=51:0.399
      i=52 -> j=0:0.001, j=1:0.000, j=2:0.000, j=3:0.002, j=4:0.001, j=5:0.000, j=6:0.000, j=7:0.002, j=8:0.000, j=9:0.000, j=10:0.000, j=11:0.003, j=12:0.000, j=13:0.002, j=14:0.001, j=15:0.000, j=16:0.001, j=17:0.001, j=18:0.000, j=19:0.001, j=20:0.000, j=21:0.001, j=22:0.000, j=23:0.001, j=24:0.001, j=25:0.001, j=26:0.000, j=27:0.000, j=28:0.000, j=29:0.000, j=30:0.001, j=31:0.000, j=32:0.001, j=33:0.000, j=34:0.000, j=35:0.000, j=36:0.001, j=37:0.001, j=38:0.000, j=39:0.001, j=40:0.001, j=41:0.001, j=42:0.000, j=43:0.001, j=44:0.001, j=45:0.001, j=46:0.000, j=47:0.000, j=48:0.004, j=49:0.021, j=50:0.186, j=51:0.680, j=52:0.078
      i=53 -> j=0:0.001, j=1:0.000, j=2:0.000, j=3:0.003, j=4:0.001, j=5:0.001, j=6:0.000, j=7:0.002, j=8:0.001, j=9:0.000, j=10:0.000, j=11:0.003, j=12:0.000, j=13:0.002, j=14:0.001, j=15:0.000, j=16:0.002, j=17:0.001, j=18:0.000, j=19:0.001, j=20:0.001, j=21:0.001, j=22:0.001, j=23:0.000, j=24:0.001, j=25:0.001, j=26:0.000, j=27:0.001, j=28:0.001, j=29:0.000, j=30:0.001, j=31:0.000, j=32:0.001, j=33:0.001, j=34:0.001, j=35:0.000, j=36:0.001, j=37:0.001, j=38:0.001, j=39:0.001, j=40:0.001, j=41:0.001, j=42:0.000, j=43:0.001, j=44:0.001, j=45:0.002, j=46:0.000, j=47:0.000, j=48:0.002, j=49:0.004, j=50:0.030, j=51:0.466, j=52:0.263, j=53:0.198
      i=54 -> j=0:0.001, j=1:0.001, j=2:0.001, j=3:0.002, j=4:0.002, j=5:0.001, j=6:0.001, j=7:0.002, j=8:0.001, j=9:0.001, j=10:0.001, j=11:0.002, j=12:0.001, j=13:0.001, j=14:0.001, j=15:0.001, j=16:0.001, j=17:0.001, j=18:0.001, j=19:0.001, j=20:0.001, j=21:0.001, j=22:0.001, j=23:0.001, j=24:0.001, j=25:0.001, j=26:0.001, j=27:0.001, j=28:0.001, j=29:0.001, j=30:0.001, j=31:0.001, j=32:0.001, j=33:0.001, j=34:0.001, j=35:0.001, j=36:0.001, j=37:0.001, j=38:0.001, j=39:0.001, j=40:0.001, j=41:0.001, j=42:0.001, j=43:0.001, j=44:0.001, j=45:0.001, j=46:0.001, j=47:0.001, j=48:0.001, j=49:0.001, j=50:0.003, j=51:0.017, j=52:0.103, j=53:0.693, j=54:0.133
      i=55 -> j=0:0.001, j=1:0.002, j=2:0.002, j=3:0.001, j=4:0.001, j=5:0.002, j=6:0.002, j=7:0.001, j=8:0.001, j=9:0.002, j=10:0.003, j=11:0.000, j=12:0.002, j=13:0.000, j=14:0.001, j=15:0.002, j=16:0.001, j=17:0.001, j=18:0.001, j=19:0.001, j=20:0.001, j=21:0.001, j=22:0.001, j=23:0.001, j=24:0.001, j=25:0.000, j=26:0.001, j=27:0.001, j=28:0.001, j=29:0.000, j=30:0.000, j=31:0.001, j=32:0.000, j=33:0.000, j=34:0.001, j=35:0.001, j=36:0.000, j=37:0.000, j=38:0.001, j=39:0.000, j=40:0.000, j=41:0.000, j=42:0.001, j=43:0.000, j=44:0.001, j=45:0.000, j=46:0.002, j=47:0.002, j=48:0.000, j=49:0.000, j=50:0.000, j=51:0.001, j=52:0.014, j=53:0.633, j=54:0.190, j=55:0.118
      i=56 -> j=0:0.001, j=1:0.001, j=2:0.001, j=3:0.001, j=4:0.001, j=5:0.001, j=6:0.001, j=7:0.001, j=8:0.001, j=9:0.001, j=10:0.001, j=11:0.001, j=12:0.001, j=13:0.001, j=14:0.001, j=15:0.001, j=16:0.001, j=17:0.001, j=18:0.001, j=19:0.001, j=20:0.000, j=21:0.001, j=22:0.001, j=23:0.001, j=24:0.001, j=25:0.000, j=26:0.001, j=27:0.000, j=28:0.001, j=29:0.000, j=30:0.001, j=31:0.000, j=32:0.000, j=33:0.000, j=34:0.001, j=35:0.000, j=36:0.000, j=37:0.000, j=38:0.000, j=39:0.000, j=40:0.001, j=41:0.001, j=42:0.001, j=43:0.001, j=44:0.000, j=45:0.000, j=46:0.001, j=47:0.001, j=48:0.001, j=49:0.001, j=50:0.000, j=51:0.000, j=52:0.002, j=53:0.050, j=54:0.075, j=55:0.242, j=56:0.598
      i=57 -> j=0:0.002, j=1:0.002, j=2:0.001, j=3:0.003, j=4:0.002, j=5:0.002, j=6:0.002, j=7:0.003, j=8:0.002, j=9:0.001, j=10:0.001, j=11:0.004, j=12:0.001, j=13:0.003, j=14:0.002, j=15:0.001, j=16:0.002, j=17:0.002, j=18:0.002, j=19:0.002, j=20:0.002, j=21:0.002, j=22:0.001, j=23:0.002, j=24:0.002, j=25:0.002, j=26:0.001, j=27:0.001, j=28:0.001, j=29:0.002, j=30:0.002, j=31:0.001, j=32:0.002, j=33:0.001, j=34:0.001, j=35:0.001, j=36:0.002, j=37:0.002, j=38:0.001, j=39:0.001, j=40:0.001, j=41:0.002, j=42:0.001, j=43:0.001, j=44:0.001, j=45:0.001, j=46:0.001, j=47:0.001, j=48:0.003, j=49:0.004, j=50:0.003, j=51:0.001, j=52:0.001, j=53:0.004, j=54:0.012, j=55:0.078, j=56:0.671, j=57:0.144
      i=58 -> j=0:0.002, j=1:0.002, j=2:0.002, j=3:0.003, j=4:0.002, j=5:0.002, j=6:0.001, j=7:0.004, j=8:0.002, j=9:0.001, j=10:0.001, j=11:0.003, j=12:0.001, j=13:0.003, j=14:0.002, j=15:0.001, j=16:0.002, j=17:0.002, j=18:0.002, j=19:0.002, j=20:0.002, j=21:0.002, j=22:0.001, j=23:0.002, j=24:0.002, j=25:0.002, j=26:0.001, j=27:0.001, j=28:0.001, j=29:0.001, j=30:0.002, j=31:0.001, j=32:0.002, j=33:0.001, j=34:0.001, j=35:0.001, j=36:0.001, j=37:0.001, j=38:0.001, j=39:0.001, j=40:0.001, j=41:0.001, j=42:0.001, j=43:0.002, j=44:0.001, j=45:0.001, j=46:0.001, j=47:0.000, j=48:0.003, j=49:0.003, j=50:0.003, j=51:0.002, j=52:0.001, j=53:0.001, j=54:0.002, j=55:0.014, j=56:0.274, j=57:0.475, j=58:0.142
      i=59 -> j=0:0.003, j=1:0.004, j=2:0.004, j=3:0.002, j=4:0.002, j=5:0.002, j=6:0.003, j=7:0.002, j=8:0.003, j=9:0.003, j=10:0.003, j=11:0.001, j=12:0.003, j=13:0.002, j=14:0.002, j=15:0.003, j=16:0.002, j=17:0.002, j=18:0.002, j=19:0.002, j=20:0.002, j=21:0.002, j=22:0.002, j=23:0.002, j=24:0.001, j=25:0.002, j=26:0.002, j=27:0.001, j=28:0.001, j=29:0.001, j=30:0.001, j=31:0.002, j=32:0.001, j=33:0.001, j=34:0.001, j=35:0.001, j=36:0.001, j=37:0.001, j=38:0.001, j=39:0.001, j=40:0.001, j=41:0.001, j=42:0.001, j=43:0.001, j=44:0.002, j=45:0.001, j=46:0.002, j=47:0.002, j=48:0.001, j=49:0.001, j=50:0.002, j=51:0.002, j=52:0.002, j=53:0.002, j=54:0.001, j=55:0.001, j=56:0.024, j=57:0.180, j=58:0.414, j=59:0.280
      i=60 -> j=0:0.001, j=1:0.000, j=2:0.001, j=3:0.001, j=4:0.001, j=5:0.001, j=6:0.000, j=7:0.001, j=8:0.001, j=9:0.001, j=10:0.001, j=11:0.001, j=12:0.001, j=13:0.001, j=14:0.001, j=15:0.001, j=16:0.001, j=17:0.001, j=18:0.000, j=19:0.001, j=20:0.000, j=21:0.001, j=22:0.001, j=23:0.000, j=24:0.000, j=25:0.000, j=26:0.000, j=27:0.000, j=28:0.000, j=29:0.000, j=30:0.000, j=31:0.000, j=32:0.000, j=33:0.000, j=34:0.000, j=35:0.000, j=36:0.000, j=37:0.000, j=38:0.000, j=39:0.000, j=40:0.000, j=41:0.000, j=42:0.000, j=43:0.000, j=44:0.000, j=45:0.000, j=46:0.000, j=47:0.000, j=48:0.000, j=49:0.000, j=50:0.000, j=51:0.001, j=52:0.001, j=53:0.000, j=54:0.000, j=55:0.000, j=56:0.001, j=57:0.013, j=58:0.074, j=59:0.582, j=60:0.303
      i=61 -> j=0:0.001, j=1:0.000, j=2:0.000, j=3:0.004, j=4:0.001, j=5:0.001, j=6:0.000, j=7:0.003, j=8:0.001, j=9:0.000, j=10:0.000, j=11:0.006, j=12:0.000, j=13:0.003, j=14:0.001, j=15:0.000, j=16:0.002, j=17:0.001, j=18:0.001, j=19:0.001, j=20:0.001, j=21:0.002, j=22:0.001, j=23:0.001, j=24:0.001, j=25:0.001, j=26:0.000, j=27:0.001, j=28:0.001, j=29:0.001, j=30:0.001, j=31:0.000, j=32:0.002, j=33:0.001, j=34:0.001, j=35:0.000, j=36:0.001, j=37:0.001, j=38:0.000, j=39:0.001, j=40:0.003, j=41:0.001, j=42:0.000, j=43:0.000, j=44:0.000, j=45:0.001, j=46:0.000, j=47:0.000, j=48:0.004, j=49:0.002, j=50:0.001, j=51:0.002, j=52:0.001, j=53:0.000, j=54:0.001, j=55:0.001, j=56:0.001, j=57:0.001, j=58:0.004, j=59:0.511, j=60:0.401, j=61:0.022
      i=62 -> j=0:0.004, j=1:0.003, j=2:0.003, j=3:0.004, j=4:0.004, j=5:0.004, j=6:0.003, j=7:0.004, j=8:0.003, j=9:0.003, j=10:0.003, j=11:0.004, j=12:0.003, j=13:0.003, j=14:0.003, j=15:0.002, j=16:0.003, j=17:0.003, j=18:0.003, j=19:0.003, j=20:0.003, j=21:0.003, j=22:0.003, j=23:0.003, j=24:0.003, j=25:0.003, j=26:0.002, j=27:0.002, j=28:0.003, j=29:0.002, j=30:0.002, j=31:0.002, j=32:0.002, j=33:0.002, j=34:0.002, j=35:0.002, j=36:0.002, j=37:0.002, j=38:0.002, j=39:0.002, j=40:0.002, j=41:0.002, j=42:0.002, j=43:0.002, j=44:0.001, j=45:0.001, j=46:0.002, j=47:0.002, j=48:0.002, j=49:0.002, j=50:0.001, j=51:0.002, j=52:0.002, j=53:0.003, j=54:0.003, j=55:0.002, j=56:0.001, j=57:0.002, j=58:0.005, j=59:0.038, j=60:0.206, j=61:0.421, j=62:0.186
      i=63 -> j=0:0.002, j=1:0.001, j=2:0.001, j=3:0.004, j=4:0.002, j=5:0.002, j=6:0.001, j=7:0.004, j=8:0.001, j=9:0.001, j=10:0.001, j=11:0.005, j=12:0.001, j=13:0.004, j=14:0.001, j=15:0.000, j=16:0.003, j=17:0.002, j=18:0.001, j=19:0.002, j=20:0.001, j=21:0.002, j=22:0.001, j=23:0.001, j=24:0.002, j=25:0.002, j=26:0.001, j=27:0.001, j=28:0.001, j=29:0.001, j=30:0.002, j=31:0.001, j=32:0.002, j=33:0.001, j=34:0.001, j=35:0.001, j=36:0.002, j=37:0.001, j=38:0.001, j=39:0.001, j=40:0.002, j=41:0.001, j=42:0.001, j=43:0.001, j=44:0.001, j=45:0.001, j=46:0.000, j=47:0.000, j=48:0.003, j=49:0.002, j=50:0.001, j=51:0.001, j=52:0.001, j=53:0.001, j=54:0.001, j=55:0.002, j=56:0.001, j=57:0.001, j=58:0.001, j=59:0.013, j=60:0.040, j=61:0.111, j=62:0.250, j=63:0.503
    Average attention per distance:
      d=0:0.290, d=1:0.497, d=2:0.172, d=3:0.020

--- Layer 2 ---
  Head 0: Entropy=0.843
    Attention coefficients from each query position to previous positions:
      i= 0 -> j=0:1.000
      i= 1 -> j=0:0.346, j=1:0.654
      i= 2 -> j=0:0.019, j=1:0.242, j=2:0.739
      i= 3 -> j=0:0.001, j=1:0.023, j=2:0.276, j=3:0.699
      i= 4 -> j=0:0.000, j=1:0.005, j=2:0.093, j=3:0.827, j=4:0.074
      i= 5 -> j=0:0.001, j=1:0.004, j=2:0.033, j=3:0.468, j=4:0.335, j=5:0.158
      i= 6 -> j=0:0.001, j=1:0.001, j=2:0.004, j=3:0.093, j=4:0.198, j=5:0.283, j=6:0.421
      i= 7 -> j=0:0.000, j=1:0.000, j=2:0.000, j=3:0.001, j=4:0.005, j=5:0.021, j=6:0.101, j=7:0.871
      i= 8 -> j=0:0.000, j=1:0.000, j=2:0.000, j=3:0.000, j=4:0.000, j=5:0.001, j=6:0.011, j=7:0.979, j=8:0.009
      i= 9 -> j=0:0.000, j=1:0.000, j=2:0.000, j=3:0.001, j=4:0.000, j=5:0.000, j=6:0.004, j=7:0.922, j=8:0.049, j=9:0.023
      i=10 -> j=0:0.000, j=1:0.001, j=2:0.002, j=3:0.005, j=4:0.001, j=5:0.001, j=6:0.003, j=7:0.256, j=8:0.065, j=9:0.141, j=10:0.525
      i=11 -> j=0:0.000, j=1:0.000, j=2:0.000, j=3:0.001, j=4:0.000, j=5:0.000, j=6:0.000, j=7:0.003, j=8:0.001, j=9:0.009, j=10:0.163, j=11:0.822
      i=12 -> j=0:0.000, j=1:0.000, j=2:0.000, j=3:0.002, j=4:0.001, j=5:0.000, j=6:0.000, j=7:0.001, j=8:0.000, j=9:0.002, j=10:0.027, j=11:0.313, j=12:0.653
      i=13 -> j=0:0.000, j=1:0.000, j=2:0.000, j=3:0.000, j=4:0.000, j=5:0.000, j=6:0.000, j=7:0.001, j=8:0.000, j=9:0.000, j=10:0.001, j=11:0.057, j=12:0.878, j=13:0.062
      i=14 -> j=0:0.000, j=1:0.000, j=2:0.000, j=3:0.000, j=4:0.000, j=5:0.000, j=6:0.000, j=7:0.002, j=8:0.000, j=9:0.000, j=10:0.000, j=11:0.007, j=12:0.497, j=13:0.177, j=14:0.315
      i=15 -> j=0:0.000, j=1:0.000, j=2:0.000, j=3:0.001, j=4:0.000, j=5:0.000, j=6:0.001, j=7:0.007, j=8:0.000, j=9:0.000, j=10:0.000, j=11:0.002, j=12:0.084, j=13:0.083, j=14:0.679, j=15:0.141
      i=16 -> j=0:0.000, j=1:0.000, j=2:0.000, j=3:0.000, j=4:0.000, j=5:0.000, j=6:0.000, j=7:0.001, j=8:0.000, j=9:0.000, j=10:0.000, j=11:0.000, j=12:0.002, j=13:0.002, j=14:0.051, j=15:0.047, j=16:0.896
      i=17 -> j=0:0.000, j=1:0.000, j=2:0.000, j=3:0.000, j=4:0.000, j=5:0.000, j=6:0.000, j=7:0.000, j=8:0.000, j=9:0.000, j=10:0.000, j=11:0.000, j=12:0.000, j=13:0.000, j=14:0.003, j=15:0.012, j=16:0.959, j=17:0.023
      i=18 -> j=0:0.000, j=1:0.000, j=2:0.001, j=3:0.002, j=4:0.001, j=5:0.001, j=6:0.000, j=7:0.002, j=8:0.000, j=9:0.001, j=10:0.001, j=11:0.001, j=12:0.002, j=13:0.000, j=14:0.002, j=15:0.009, j=16:0.740, j=17:0.124, j=18:0.111
      i=19 -> j=0:0.000, j=1:0.000, j=2:0.001, j=3:0.002, j=4:0.001, j=5:0.001, j=6:0.001, j=7:0.002, j=8:0.000, j=9:0.000, j=10:0.001, j=11:0.003, j=12:0.008, j=13:0.001, j=14:0.001, j=15:0.002, j=16:0.187, j=17:0.054, j=18:0.192, j=19:0.544
      i=20 -> j=0:0.000, j=1:0.000, j=2:0.000, j=3:0.001, j=4:0.000, j=5:0.000, j=6:0.000, j=7:0.002, j=8:0.000, j=9:0.000, j=10:0.000, j=11:0.001, j=12:0.007, j=13:0.001, j=14:0.001, j=15:0.000, j=16:0.010, j=17:0.004, j=18:0.033, j=19:0.328, j=20:0.611
      i=21 -> j=0:0.000, j=1:0.000, j=2:0.000, j=3:0.000, j=4:0.000, j=5:0.000, j=6:0.000, j=7:0.001, j=8:0.000, j=9:0.000, j=10:0.000, j=11:0.000, j=12:0.003, j=13:0.000, j=14:0.001, j=15:0.000, j=16:0.001, j=17:0.000, j=18:0.002, j=19:0.059, j=20:0.645, j=21:0.286
      i=22 -> j=0:0.000, j=1:0.000, j=2:0.001, j=3:0.001, j=4:0.000, j=5:0.000, j=6:0.000, j=7:0.002, j=8:0.000, j=9:0.000, j=10:0.000, j=11:0.000, j=12:0.003, j=13:0.001, j=14:0.002, j=15:0.001, j=16:0.002, j=17:0.000, j=18:0.001, j=19:0.009, j=20:0.216, j=21:0.474, j=22:0.285
      i=23 -> j=0:0.000, j=1:0.000, j=2:0.001, j=3:0.001, j=4:0.000, j=5:0.000, j=6:0.000, j=7:0.002, j=8:0.000, j=9:0.000, j=10:0.000, j=11:0.000, j=12:0.001, j=13:0.000, j=14:0.001, j=15:0.001, j=16:0.003, j=17:0.000, j=18:0.000, j=19:0.001, j=20:0.015, j=21:0.078, j=22:0.238, j=23:0.656
      i=24 -> j=0:0.000, j=1:0.000, j=2:0.000, j=3:0.001, j=4:0.000, j=5:0.000, j=6:0.000, j=7:0.001, j=8:0.000, j=9:0.000, j=10:0.000, j=11:0.000, j=12:0.001, j=13:0.000, j=14:0.000, j=15:0.000, j=16:0.004, j=17:0.000, j=18:0.000, j=19:0.000, j=20:0.001, j=21:0.005, j=22:0.056, j=23:0.846, j=24:0.082
      i=25 -> j=0:0.001, j=1:0.001, j=2:0.001, j=3:0.003, j=4:0.002, j=5:0.001, j=6:0.001, j=7:0.003, j=8:0.000, j=9:0.001, j=10:0.001, j=11:0.002, j=12:0.004, j=13:0.001, j=14:0.001, j=15:0.001, j=16:0.012, j=17:0.002, j=18:0.001, j=19:0.001, j=20:0.002, j=21:0.003, j=22:0.022, j=23:0.418, j=24:0.339, j=25:0.175
      i=26 -> j=0:0.000, j=1:0.000, j=2:0.000, j=3:0.001, j=4:0.000, j=5:0.000, j=6:0.000, j=7:0.001, j=8:0.000, j=9:0.000, j=10:0.000, j=11:0.001, j=12:0.002, j=13:0.000, j=14:0.000, j=15:0.000, j=16:0.002, j=17:0.000, j=18:0.000, j=19:0.001, j=20:0.000, j=21:0.000, j=22:0.001, j=23:0.014, j=24:0.039, j=25:0.081, j=26:0.854
      i=27 -> j=0:0.000, j=1:0.000, j=2:0.001, j=3:0.001, j=4:0.000, j=5:0.000, j=6:0.001, j=7:0.002, j=8:0.000, j=9:0.000, j=10:0.000, j=11:0.000, j=12:0.002, j=13:0.000, j=14:0.000, j=15:0.000, j=16:0.001, j=17:0.000, j=18:0.001, j=19:0.001, j=20:0.001, j=21:0.000, j=22:0.000, j=23:0.002, j=24:0.005, j=25:0.027, j=26:0.935, j=27:0.017
      i=28 -> j=0:0.001, j=1:0.001, j=2:0.001, j=3:0.002, j=4:0.001, j=5:0.001, j=6:0.001, j=7:0.003, j=8:0.000, j=9:0.000, j=10:0.001, j=11:0.001, j=12:0.003, j=13:0.001, j=14:0.001, j=15:0.001, j=16:0.002, j=17:0.000, j=18:0.001, j=19:0.002, j=20:0.003, j=21:0.001, j=22:0.001, j=23:0.001, j=24:0.001, j=25:0.006, j=26:0.334, j=27:0.039, j=28:0.592
      i=29 -> j=0:0.002, j=1:0.003, j=2:0.004, j=3:0.006, j=4:0.003, j=5:0.002, j=6:0.002, j=7:0.006, j=8:0.002, j=9:0.001, j=10:0.002, j=11:0.002, j=12:0.005, j=13:0.002, j=14:0.003, j=15:0.002, j=16:0.005, j=17:0.001, j=18:0.001, j=19:0.003, j=20:0.006, j=21:0.004, j=22:0.003, j=23:0.003, j=24:0.001, j=25:0.003, j=26:0.068, j=27:0.034, j=28:0.638, j=29:0.182
      i=30 -> j=0:0.001, j=1:0.001, j=2:0.002, j=3:0.004, j=4:0.001, j=5:0.001, j=6:0.001, j=7:0.004, j=8:0.001, j=9:0.001, j=10:0.001, j=11:0.001, j=12:0.003, j=13:0.001, j=14:0.001, j=15:0.001, j=16:0.004, j=17:0.001, j=18:0.000, j=19:0.001, j=20:0.002, j=21:0.002, j=22:0.002, j=23:0.003, j=24:0.000, j=25:0.001, j=26:0.006, j=27:0.003, j=28:0.176, j=29:0.170, j=30:0.602
      i=31 -> j=0:0.000, j=1:0.000, j=2:0.000, j=3:0.001, j=4:0.000, j=5:0.000, j=6:0.000, j=7:0.001, j=8:0.000, j=9:0.000, j=10:0.000, j=11:0.000, j=12:0.001, j=13:0.000, j=14:0.000, j=15:0.000, j=16:0.001, j=17:0.000, j=18:0.000, j=19:0.000, j=20:0.000, j=21:0.000, j=22:0.000, j=23:0.001, j=24:0.000, j=25:0.000, j=26:0.000, j=27:0.000, j=28:0.005, j=29:0.014, j=30:0.171, j=31:0.800
      i=32 -> j=0:0.000, j=1:0.000, j=2:0.000, j=3:0.001, j=4:0.000, j=5:0.000, j=6:0.000, j=7:0.001, j=8:0.000, j=9:0.000, j=10:0.000, j=11:0.000, j=12:0.001, j=13:0.000, j=14:0.000, j=15:0.000, j=16:0.001, j=17:0.000, j=18:0.000, j=19:0.000, j=20:0.000, j=21:0.000, j=22:0.000, j=23:0.001, j=24:0.000, j=25:0.000, j=26:0.000, j=27:0.000, j=28:0.001, j=29:0.002, j=30:0.043, j=31:0.799, j=32:0.149
      i=33 -> j=0:0.001, j=1:0.001, j=2:0.001, j=3:0.002, j=4:0.001, j=5:0.001, j=6:0.001, j=7:0.003, j=8:0.000, j=9:0.000, j=10:0.001, j=11:0.001, j=12:0.003, j=13:0.001, j=14:0.001, j=15:0.000, j=16:0.002, j=17:0.000, j=18:0.001, j=19:0.001, j=20:0.001, j=21:0.000, j=22:0.000, j=23:0.001, j=24:0.001, j=25:0.001, j=26:0.002, j=27:0.000, j=28:0.001, j=29:0.001, j=30:0.011, j=31:0.261, j=32:0.446, j=33:0.253
      i=34 -> j=0:0.000, j=1:0.000, j=2:0.001, j=3:0.001, j=4:0.000, j=5:0.000, j=6:0.000, j=7:0.002, j=8:0.000, j=9:0.000, j=10:0.000, j=11:0.000, j=12:0.002, j=13:0.000, j=14:0.000, j=15:0.000, j=16:0.001, j=17:0.000, j=18:0.000, j=19:0.000, j=20:0.001, j=21:0.000, j=22:0.000, j=23:0.000, j=24:0.000, j=25:0.000, j=26:0.002, j=27:0.000, j=28:0.000, j=29:0.000, j=30:0.001, j=31:0.018, j=32:0.100, j=33:0.211, j=34:0.655
      i=35 -> j=0:0.000, j=1:0.000, j=2:0.001, j=3:0.001, j=4:0.000, j=5:0.000, j=6:0.000, j=7:0.001, j=8:0.000, j=9:0.000, j=10:0.000, j=11:0.000, j=12:0.001, j=13:0.000, j=14:0.000, j=15:0.000, j=16:0.001, j=17:0.000, j=18:0.000, j=19:0.000, j=20:0.000, j=21:0.000, j=22:0.000, j=23:0.000, j=24:0.000, j=25:0.000, j=26:0.001, j=27:0.000, j=28:0.001, j=29:0.000, j=30:0.000, j=31:0.001, j=32:0.006, j=33:0.033, j=34:0.549, j=35:0.399
      i=36 -> j=0:0.000, j=1:0.001, j=2:0.001, j=3:0.002, j=4:0.001, j=5:0.001, j=6:0.001, j=7:0.002, j=8:0.000, j=9:0.000, j=10:0.001, j=11:0.001, j=12:0.002, j=13:0.000, j=14:0.001, j=15:0.001, j=16:0.002, j=17:0.000, j=18:0.000, j=19:0.000, j=20:0.001, j=21:0.001, j=22:0.001, j=23:0.001, j=24:0.000, j=25:0.000, j=26:0.001, j=27:0.000, j=28:0.002, j=29:0.001, j=30:0.001, j=31:0.001, j=32:0.001, j=33:0.008, j=34:0.202, j=35:0.574, j=36:0.188
      i=37 -> j=0:0.000, j=1:0.000, j=2:0.000, j=3:0.001, j=4:0.000, j=5:0.000, j=6:0.000, j=7:0.001, j=8:0.000, j=9:0.000, j=10:0.000, j=11:0.000, j=12:0.001, j=13:0.000, j=14:0.000, j=15:0.000, j=16:0.001, j=17:0.000, j=18:0.000, j=19:0.000, j=20:0.000, j=21:0.000, j=22:0.000, j=23:0.000, j=24:0.000, j=25:0.000, j=26:0.000, j=27:0.000, j=28:0.000, j=29:0.000, j=30:0.000, j=31:0.000, j=32:0.000, j=33:0.000, j=34:0.005, j=35:0.075, j=36:0.288, j=37:0.626
      i=38 -> j=0:0.000, j=1:0.000, j=2:0.000, j=3:0.001, j=4:0.000, j=5:0.000, j=6:0.000, j=7:0.001, j=8:0.000, j=9:0.000, j=10:0.000, j=11:0.000, j=12:0.001, j=13:0.000, j=14:0.000, j=15:0.000, j=16:0.001, j=17:0.000, j=18:0.000, j=19:0.000, j=20:0.000, j=21:0.000, j=22:0.000, j=23:0.000, j=24:0.000, j=25:0.000, j=26:0.000, j=27:0.000, j=28:0.000, j=29:0.000, j=30:0.000, j=31:0.001, j=32:0.000, j=33:0.000, j=34:0.000, j=35:0.004, j=36:0.077, j=37:0.622, j=38:0.286
      i=39 -> j=0:0.001, j=1:0.001, j=2:0.001, j=3:0.001, j=4:0.001, j=5:0.001, j=6:0.001, j=7:0.003, j=8:0.000, j=9:0.000, j=10:0.000, j=11:0.001, j=12:0.002, j=13:0.001, j=14:0.001, j=15:0.000, j=16:0.001, j=17:0.000, j=18:0.000, j=19:0.001, j=20:0.001, j=21:0.000, j=22:0.000, j=23:0.001, j=24:0.000, j=25:0.000, j=26:0.001, j=27:0.000, j=28:0.000, j=29:0.000, j=30:0.001, j=31:0.002, j=32:0.001, j=33:0.000, j=34:0.000, j=35:0.001, j=36:0.011, j=37:0.117, j=38:0.317, j=39:0.531
      i=40 -> j=0:0.001, j=1:0.001, j=2:0.001, j=3:0.002, j=4:0.001, j=5:0.001, j=6:0.001, j=7:0.003, j=8:0.000, j=9:0.000, j=10:0.001, j=11:0.001, j=12:0.002, j=13:0.001, j=14:0.001, j=15:0.001, j=16:0.001, j=17:0.000, j=18:0.000, j=19:0.001, j=20:0.001, j=21:0.000, j=22:0.000, j=23:0.000, j=24:0.000, j=25:0.000, j=26:0.001, j=27:0.000, j=28:0.000, j=29:0.000, j=30:0.001, j=31:0.002, j=32:0.001, j=33:0.001, j=34:0.000, j=35:0.000, j=36:0.001, j=37:0.009, j=38:0.090, j=39:0.767, j=40:0.105
      i=41 -> j=0:0.004, j=1:0.005, j=2:0.007, j=3:0.010, j=4:0.005, j=5:0.004, j=6:0.005, j=7:0.011, j=8:0.004, j=9:0.003, j=10:0.004, j=11:0.005, j=12:0.009, j=13:0.004, j=14:0.006, j=15:0.004, j=16:0.007, j=17:0.002, j=18:0.003, j=19:0.004, j=20:0.005, j=21:0.003, j=22:0.003, j=23:0.003, j=24:0.002, j=25:0.002, j=26:0.005, j=27:0.001, j=28:0.004, j=29:0.002, j=30:0.002, j=31:0.005, j=32:0.005, j=33:0.005, j=34:0.005, j=35:0.003, j=36:0.003, j=37:0.004, j=38:0.027, j=39:0.279, j=40:0.207, j=41:0.321
      i=42 -> j=0:0.000, j=1:0.000, j=2:0.000, j=3:0.001, j=4:0.000, j=5:0.000, j=6:0.000, j=7:0.001, j=8:0.000, j=9:0.000, j=10:0.000, j=11:0.000, j=12:0.001, j=13:0.000, j=14:0.000, j=15:0.000, j=16:0.001, j=17:0.000, j=18:0.000, j=19:0.000, j=20:0.000, j=21:0.000, j=22:0.000, j=23:0.000, j=24:0.000, j=25:0.000, j=26:0.000, j=27:0.000, j=28:0.000, j=29:0.000, j=30:0.000, j=31:0.000, j=32:0.000, j=33:0.000, j=34:0.001, j=35:0.000, j=36:0.000, j=37:0.000, j=38:0.000, j=39:0.005, j=40:0.008, j=41:0.043, j=42:0.932
      i=43 -> j=0:0.000, j=1:0.000, j=2:0.000, j=3:0.000, j=4:0.000, j=5:0.000, j=6:0.000, j=7:0.000, j=8:0.000, j=9:0.000, j=10:0.000, j=11:0.000, j=12:0.000, j=13:0.000, j=14:0.000, j=15:0.000, j=16:0.000, j=17:0.000, j=18:0.000, j=19:0.000, j=20:0.000, j=21:0.000, j=22:0.000, j=23:0.000, j=24:0.000, j=25:0.000, j=26:0.000, j=27:0.000, j=28:0.000, j=29:0.000, j=30:0.000, j=31:0.000, j=32:0.000, j=33:0.000, j=34:0.000, j=35:0.000, j=36:0.000, j=37:0.000, j=38:0.000, j=39:0.000, j=40:0.000, j=41:0.007, j=42:0.893, j=43:0.096
      i=44 -> j=0:0.001, j=1:0.001, j=2:0.001, j=3:0.002, j=4:0.001, j=5:0.001, j=6:0.001, j=7:0.002, j=8:0.000, j=9:0.000, j=10:0.001, j=11:0.001, j=12:0.002, j=13:0.001, j=14:0.001, j=15:0.001, j=16:0.002, j=17:0.001, j=18:0.001, j=19:0.001, j=20:0.001, j=21:0.000, j=22:0.001, j=23:0.001, j=24:0.000, j=25:0.000, j=26:0.001, j=27:0.000, j=28:0.001, j=29:0.000, j=30:0.001, j=31:0.001, j=32:0.000, j=33:0.000, j=34:0.001, j=35:0.001, j=36:0.001, j=37:0.001, j=38:0.000, j=39:0.001, j=40:0.001, j=41:0.006, j=42:0.449, j=43:0.393, j=44:0.121
      i=45 -> j=0:0.001, j=1:0.001, j=2:0.002, j=3:0.003, j=4:0.001, j=5:0.001, j=6:0.002, j=7:0.005, j=8:0.001, j=9:0.001, j=10:0.001, j=11:0.002, j=12:0.005, j=13:0.001, j=14:0.002, j=15:0.001, j=16:0.003, j=17:0.001, j=18:0.001, j=19:0.001, j=20:0.001, j=21:0.001, j=22:0.001, j=23:0.001, j=24:0.001, j=25:0.001, j=26:0.001, j=27:0.000, j=28:0.001, j=29:0.001, j=30:0.001, j=31:0.002, j=32:0.001, j=33:0.000, j=34:0.001, j=35:0.001, j=36:0.001, j=37:0.002, j=38:0.001, j=39:0.001, j=40:0.000, j=41:0.002, j=42:0.126, j=43:0.278, j=44:0.285, j=45:0.254
      i=46 -> j=0:0.000, j=1:0.000, j=2:0.000, j=3:0.001, j=4:0.000, j=5:0.000, j=6:0.000, j=7:0.001, j=8:0.000, j=9:0.000, j=10:0.000, j=11:0.000, j=12:0.001, j=13:0.000, j=14:0.000, j=15:0.000, j=16:0.001, j=17:0.000, j=18:0.000, j=19:0.000, j=20:0.000, j=21:0.000, j=22:0.000, j=23:0.000, j=24:0.000, j=25:0.000, j=26:0.000, j=27:0.000, j=28:0.000, j=29:0.000, j=30:0.000, j=31:0.000, j=32:0.000, j=33:0.000, j=34:0.000, j=35:0.000, j=36:0.000, j=37:0.000, j=38:0.000, j=39:0.000, j=40:0.000, j=41:0.000, j=42:0.004, j=43:0.008, j=44:0.025, j=45:0.084, j=46:0.867
      i=47 -> j=0:0.000, j=1:0.000, j=2:0.000, j=3:0.000, j=4:0.000, j=5:0.000, j=6:0.000, j=7:0.000, j=8:0.000, j=9:0.000, j=10:0.000, j=11:0.000, j=12:0.000, j=13:0.000, j=14:0.000, j=15:0.000, j=16:0.000, j=17:0.000, j=18:0.000, j=19:0.000, j=20:0.000, j=21:0.000, j=22:0.000, j=23:0.000, j=24:0.000, j=25:0.000, j=26:0.000, j=27:0.000, j=28:0.000, j=29:0.000, j=30:0.000, j=31:0.000, j=32:0.000, j=33:0.000, j=34:0.000, j=35:0.000, j=36:0.000, j=37:0.000, j=38:0.000, j=39:0.000, j=40:0.000, j=41:0.000, j=42:0.000, j=43:0.000, j=44:0.001, j=45:0.010, j=46:0.911, j=47:0.073
      i=48 -> j=0:0.000, j=1:0.000, j=2:0.000, j=3:0.000, j=4:0.000, j=5:0.000, j=6:0.000, j=7:0.000, j=8:0.000, j=9:0.000, j=10:0.000, j=11:0.000, j=12:0.000, j=13:0.000, j=14:0.000, j=15:0.000, j=16:0.000, j=17:0.000, j=18:0.000, j=19:0.000, j=20:0.000, j=21:0.000, j=22:0.000, j=23:0.000, j=24:0.000, j=25:0.000, j=26:0.000, j=27:0.000, j=28:0.000, j=29:0.000, j=30:0.000, j=31:0.000, j=32:0.000, j=33:0.000, j=34:0.000, j=35:0.000, j=36:0.000, j=37:0.000, j=38:0.000, j=39:0.000, j=40:0.000, j=41:0.000, j=42:0.000, j=43:0.000, j=44:0.000, j=45:0.001, j=46:0.146, j=47:0.071, j=48:0.778
      i=49 -> j=0:0.000, j=1:0.000, j=2:0.000, j=3:0.000, j=4:0.000, j=5:0.000, j=6:0.000, j=7:0.000, j=8:0.000, j=9:0.000, j=10:0.000, j=11:0.000, j=12:0.000, j=13:0.000, j=14:0.000, j=15:0.000, j=16:0.001, j=17:0.000, j=18:0.000, j=19:0.000, j=20:0.000, j=21:0.000, j=22:0.000, j=23:0.000, j=24:0.000, j=25:0.000, j=26:0.000, j=27:0.000, j=28:0.000, j=29:0.000, j=30:0.000, j=31:0.000, j=32:0.000, j=33:0.000, j=34:0.000, j=35:0.000, j=36:0.000, j=37:0.000, j=38:0.000, j=39:0.000, j=40:0.000, j=41:0.000, j=42:0.001, j=43:0.000, j=44:0.000, j=45:0.000, j=46:0.012, j=47:0.019, j=48:0.864, j=49:0.097
      i=50 -> j=0:0.000, j=1:0.000, j=2:0.000, j=3:0.000, j=4:0.000, j=5:0.000, j=6:0.000, j=7:0.001, j=8:0.000, j=9:0.000, j=10:0.000, j=11:0.000, j=12:0.001, j=13:0.000, j=14:0.000, j=15:0.000, j=16:0.000, j=17:0.000, j=18:0.000, j=19:0.000, j=20:0.000, j=21:0.000, j=22:0.000, j=23:0.000, j=24:0.000, j=25:0.000, j=26:0.000, j=27:0.000, j=28:0.000, j=29:0.000, j=30:0.000, j=31:0.000, j=32:0.000, j=33:0.000, j=34:0.000, j=35:0.000, j=36:0.000, j=37:0.000, j=38:0.000, j=39:0.000, j=40:0.000, j=41:0.000, j=42:0.002, j=43:0.000, j=44:0.000, j=45:0.000, j=46:0.001, j=47:0.002, j=48:0.410, j=49:0.402, j=50:0.177
      i=51 -> j=0:0.001, j=1:0.001, j=2:0.001, j=3:0.001, j=4:0.001, j=5:0.001, j=6:0.001, j=7:0.002, j=8:0.000, j=9:0.000, j=10:0.001, j=11:0.001, j=12:0.002, j=13:0.001, j=14:0.001, j=15:0.001, j=16:0.001, j=17:0.000, j=18:0.001, j=19:0.001, j=20:0.001, j=21:0.000, j=22:0.000, j=23:0.001, j=24:0.000, j=25:0.000, j=26:0.001, j=27:0.000, j=28:0.001, j=29:0.000, j=30:0.000, j=31:0.001, j=32:0.000, j=33:0.000, j=34:0.000, j=35:0.000, j=36:0.000, j=37:0.000, j=38:0.000, j=39:0.000, j=40:0.000, j=41:0.000, j=42:0.003, j=43:0.001, j=44:0.000, j=45:0.000, j=46:0.001, j=47:0.001, j=48:0.057, j=49:0.298, j=50:0.549, j=51:0.065
      i=52 -> j=0:0.000, j=1:0.000, j=2:0.000, j=3:0.001, j=4:0.000, j=5:0.000, j=6:0.000, j=7:0.001, j=8:0.000, j=9:0.000, j=10:0.000, j=11:0.000, j=12:0.001, j=13:0.000, j=14:0.000, j=15:0.000, j=16:0.001, j=17:0.000, j=18:0.000, j=19:0.000, j=20:0.000, j=21:0.000, j=22:0.000, j=23:0.000, j=24:0.000, j=25:0.000, j=26:0.000, j=27:0.000, j=28:0.000, j=29:0.000, j=30:0.000, j=31:0.000, j=32:0.000, j=33:0.000, j=34:0.000, j=35:0.000, j=36:0.000, j=37:0.000, j=38:0.000, j=39:0.000, j=40:0.000, j=41:0.000, j=42:0.001, j=43:0.001, j=44:0.000, j=45:0.000, j=46:0.000, j=47:0.000, j=48:0.002, j=49:0.017, j=50:0.071, j=51:0.043, j=52:0.850
      i=53 -> j=0:0.000, j=1:0.000, j=2:0.000, j=3:0.001, j=4:0.000, j=5:0.000, j=6:0.000, j=7:0.001, j=8:0.000, j=9:0.000, j=10:0.000, j=11:0.000, j=12:0.001, j=13:0.000, j=14:0.000, j=15:0.000, j=16:0.001, j=17:0.000, j=18:0.000, j=19:0.000, j=20:0.000, j=21:0.000, j=22:0.000, j=23:0.000, j=24:0.000, j=25:0.000, j=26:0.000, j=27:0.000, j=28:0.000, j=29:0.000, j=30:0.000, j=31:0.000, j=32:0.000, j=33:0.000, j=34:0.000, j=35:0.000, j=36:0.000, j=37:0.000, j=38:0.000, j=39:0.000, j=40:0.000, j=41:0.000, j=42:0.001, j=43:0.000, j=44:0.000, j=45:0.000, j=46:0.001, j=47:0.000, j=48:0.001, j=49:0.002, j=50:0.006, j=51:0.010, j=52:0.953, j=53:0.011
      i=54 -> j=0:0.001, j=1:0.001, j=2:0.002, j=3:0.004, j=4:0.001, j=5:0.001, j=6:0.001, j=7:0.004, j=8:0.001, j=9:0.001, j=10:0.001, j=11:0.001, j=12:0.003, j=13:0.001, j=14:0.002, j=15:0.001, j=16:0.004, j=17:0.001, j=18:0.001, j=19:0.001, j=20:0.002, j=21:0.001, j=22:0.001, j=23:0.001, j=24:0.000, j=25:0.001, j=26:0.001, j=27:0.000, j=28:0.001, j=29:0.001, j=30:0.001, j=31:0.001, j=32:0.001, j=33:0.001, j=34:0.001, j=35:0.001, j=36:0.000, j=37:0.000, j=38:0.000, j=39:0.001, j=40:0.000, j=41:0.001, j=42:0.002, j=43:0.001, j=44:0.001, j=45:0.001, j=46:0.005, j=47:0.001, j=48:0.003, j=49:0.002, j=50:0.002, j=51:0.006, j=52:0.743, j=53:0.065, j=54:0.117
      i=55 -> j=0:0.000, j=1:0.000, j=2:0.001, j=3:0.001, j=4:0.001, j=5:0.000, j=6:0.001, j=7:0.001, j=8:0.000, j=9:0.000, j=10:0.000, j=11:0.001, j=12:0.001, j=13:0.000, j=14:0.001, j=15:0.000, j=16:0.002, j=17:0.000, j=18:0.000, j=19:0.000, j=20:0.001, j=21:0.000, j=22:0.000, j=23:0.001, j=24:0.000, j=25:0.000, j=26:0.001, j=27:0.000, j=28:0.001, j=29:0.000, j=30:0.000, j=31:0.000, j=32:0.000, j=33:0.000, j=34:0.000, j=35:0.000, j=36:0.000, j=37:0.000, j=38:0.000, j=39:0.000, j=40:0.000, j=41:0.000, j=42:0.001, j=43:0.000, j=44:0.000, j=45:0.000, j=46:0.002, j=47:0.001, j=48:0.002, j=49:0.001, j=50:0.000, j=51:0.000, j=52:0.023, j=53:0.010, j=54:0.049, j=55:0.891
      i=56 -> j=0:0.000, j=1:0.000, j=2:0.000, j=3:0.000, j=4:0.000, j=5:0.000, j=6:0.000, j=7:0.001, j=8:0.000, j=9:0.000, j=10:0.000, j=11:0.000, j=12:0.001, j=13:0.000, j=14:0.000, j=15:0.000, j=16:0.001, j=17:0.000, j=18:0.000, j=19:0.000, j=20:0.000, j=21:0.000, j=22:0.000, j=23:0.000, j=24:0.000, j=25:0.000, j=26:0.000, j=27:0.000, j=28:0.000, j=29:0.000, j=30:0.000, j=31:0.000, j=32:0.000, j=33:0.000, j=34:0.000, j=35:0.000, j=36:0.000, j=37:0.000, j=38:0.000, j=39:0.000, j=40:0.000, j=41:0.000, j=42:0.001, j=43:0.000, j=44:0.000, j=45:0.000, j=46:0.000, j=47:0.000, j=48:0.001, j=49:0.000, j=50:0.000, j=51:0.000, j=52:0.001, j=53:0.000, j=54:0.007, j=55:0.931, j=56:0.052
      i=57 -> j=0:0.000, j=1:0.000, j=2:0.001, j=3:0.001, j=4:0.000, j=5:0.000, j=6:0.001, j=7:0.002, j=8:0.000, j=9:0.000, j=10:0.000, j=11:0.001, j=12:0.002, j=13:0.000, j=14:0.001, j=15:0.000, j=16:0.001, j=17:0.000, j=18:0.000, j=19:0.000, j=20:0.001, j=21:0.000, j=22:0.000, j=23:0.001, j=24:0.000, j=25:0.000, j=26:0.001, j=27:0.000, j=28:0.000, j=29:0.000, j=30:0.000, j=31:0.001, j=32:0.000, j=33:0.000, j=34:0.000, j=35:0.000, j=36:0.000, j=37:0.000, j=38:0.000, j=39:0.000, j=40:0.000, j=41:0.000, j=42:0.002, j=43:0.000, j=44:0.000, j=45:0.000, j=46:0.000, j=47:0.000, j=48:0.003, j=49:0.002, j=50:0.000, j=51:0.000, j=52:0.001, j=53:0.000, j=54:0.002, j=55:0.492, j=56:0.247, j=57:0.231
      i=58 -> j=0:0.000, j=1:0.000, j=2:0.001, j=3:0.001, j=4:0.000, j=5:0.000, j=6:0.001, j=7:0.002, j=8:0.000, j=9:0.000, j=10:0.000, j=11:0.000, j=12:0.002, j=13:0.000, j=14:0.001, j=15:0.000, j=16:0.001, j=17:0.000, j=18:0.000, j=19:0.001, j=20:0.001, j=21:0.000, j=22:0.000, j=23:0.000, j=24:0.000, j=25:0.000, j=26:0.001, j=27:0.000, j=28:0.000, j=29:0.000, j=30:0.000, j=31:0.001, j=32:0.000, j=33:0.000, j=34:0.000, j=35:0.000, j=36:0.000, j=37:0.000, j=38:0.000, j=39:0.000, j=40:0.000, j=41:0.000, j=42:0.001, j=43:0.000, j=44:0.000, j=45:0.000, j=46:0.000, j=47:0.000, j=48:0.001, j=49:0.001, j=50:0.001, j=51:0.000, j=52:0.001, j=53:0.000, j=54:0.000, j=55:0.022, j=56:0.041, j=57:0.186, j=58:0.725
      i=59 -> j=0:0.000, j=1:0.000, j=2:0.001, j=3:0.001, j=4:0.000, j=5:0.000, j=6:0.000, j=7:0.001, j=8:0.000, j=9:0.000, j=10:0.000, j=11:0.000, j=12:0.001, j=13:0.000, j=14:0.001, j=15:0.000, j=16:0.001, j=17:0.000, j=18:0.000, j=19:0.000, j=20:0.001, j=21:0.000, j=22:0.000, j=23:0.000, j=24:0.000, j=25:0.000, j=26:0.001, j=27:0.000, j=28:0.000, j=29:0.000, j=30:0.000, j=31:0.000, j=32:0.000, j=33:0.000, j=34:0.000, j=35:0.000, j=36:0.000, j=37:0.000, j=38:0.000, j=39:0.000, j=40:0.000, j=41:0.000, j=42:0.001, j=43:0.000, j=44:0.000, j=45:0.000, j=46:0.000, j=47:0.000, j=48:0.000, j=49:0.000, j=50:0.000, j=51:0.000, j=52:0.001, j=53:0.000, j=54:0.000, j=55:0.001, j=56:0.003, j=57:0.042, j=58:0.827, j=59:0.107
      i=60 -> j=0:0.002, j=1:0.003, j=2:0.004, j=3:0.006, j=4:0.003, j=5:0.003, j=6:0.003, j=7:0.006, j=8:0.002, j=9:0.002, j=10:0.003, j=11:0.003, j=12:0.006, j=13:0.003, j=14:0.004, j=15:0.003, j=16:0.006, j=17:0.002, j=18:0.002, j=19:0.003, j=20:0.004, j=21:0.003, j=22:0.003, j=23:0.003, j=24:0.002, j=25:0.002, j=26:0.004, j=27:0.001, j=28:0.004, j=29:0.002, j=30:0.002, j=31:0.003, j=32:0.002, j=33:0.002, j=34:0.002, j=35:0.002, j=36:0.001, j=37:0.001, j=38:0.001, j=39:0.002, j=40:0.001, j=41:0.002, j=42:0.003, j=43:0.001, j=44:0.001, j=45:0.001, j=46:0.003, j=47:0.001, j=48:0.002, j=49:0.002, j=50:0.002, j=51:0.001, j=52:0.007, j=53:0.001, j=54:0.001, j=55:0.003, j=56:0.002, j=57:0.017, j=58:0.305, j=59:0.285, j=60:0.242
      i=61 -> j=0:0.000, j=1:0.000, j=2:0.000, j=3:0.000, j=4:0.000, j=5:0.000, j=6:0.000, j=7:0.000, j=8:0.000, j=9:0.000, j=10:0.000, j=11:0.000, j=12:0.000, j=13:0.000, j=14:0.000, j=15:0.000, j=16:0.000, j=17:0.000, j=18:0.000, j=19:0.000, j=20:0.000, j=21:0.000, j=22:0.000, j=23:0.000, j=24:0.000, j=25:0.000, j=26:0.000, j=27:0.000, j=28:0.000, j=29:0.000, j=30:0.000, j=31:0.000, j=32:0.000, j=33:0.000, j=34:0.000, j=35:0.000, j=36:0.000, j=37:0.000, j=38:0.000, j=39:0.000, j=40:0.000, j=41:0.000, j=42:0.000, j=43:0.000, j=44:0.000, j=45:0.000, j=46:0.000, j=47:0.000, j=48:0.000, j=49:0.000, j=50:0.000, j=51:0.000, j=52:0.001, j=53:0.000, j=54:0.000, j=55:0.000, j=56:0.000, j=57:0.000, j=58:0.004, j=59:0.007, j=60:0.026, j=61:0.956
      i=62 -> j=0:0.000, j=1:0.000, j=2:0.000, j=3:0.000, j=4:0.000, j=5:0.000, j=6:0.000, j=7:0.000, j=8:0.000, j=9:0.000, j=10:0.000, j=11:0.000, j=12:0.000, j=13:0.000, j=14:0.000, j=15:0.000, j=16:0.000, j=17:0.000, j=18:0.000, j=19:0.000, j=20:0.000, j=21:0.000, j=22:0.000, j=23:0.000, j=24:0.000, j=25:0.000, j=26:0.000, j=27:0.000, j=28:0.000, j=29:0.000, j=30:0.000, j=31:0.000, j=32:0.000, j=33:0.000, j=34:0.000, j=35:0.000, j=36:0.000, j=37:0.000, j=38:0.000, j=39:0.000, j=40:0.000, j=41:0.000, j=42:0.000, j=43:0.000, j=44:0.000, j=45:0.000, j=46:0.000, j=47:0.000, j=48:0.000, j=49:0.000, j=50:0.000, j=51:0.000, j=52:0.000, j=53:0.000, j=54:0.000, j=55:0.000, j=56:0.000, j=57:0.000, j=58:0.000, j=59:0.000, j=60:0.005, j=61:0.965, j=62:0.026
      i=63 -> j=0:0.001, j=1:0.001, j=2:0.001, j=3:0.001, j=4:0.001, j=5:0.001, j=6:0.001, j=7:0.002, j=8:0.000, j=9:0.000, j=10:0.001, j=11:0.001, j=12:0.002, j=13:0.001, j=14:0.001, j=15:0.001, j=16:0.002, j=17:0.001, j=18:0.001, j=19:0.001, j=20:0.001, j=21:0.001, j=22:0.001, j=23:0.001, j=24:0.001, j=25:0.001, j=26:0.001, j=27:0.000, j=28:0.001, j=29:0.001, j=30:0.001, j=31:0.001, j=32:0.000, j=33:0.000, j=34:0.001, j=35:0.001, j=36:0.000, j=37:0.000, j=38:0.000, j=39:0.000, j=40:0.000, j=41:0.000, j=42:0.001, j=43:0.000, j=44:0.000, j=45:0.000, j=46:0.001, j=47:0.000, j=48:0.001, j=49:0.001, j=50:0.000, j=51:0.000, j=52:0.001, j=53:0.000, j=54:0.000, j=55:0.002, j=56:0.000, j=57:0.000, j=58:0.000, j=59:0.000, j=60:0.005, j=61:0.663, j=62:0.184, j=63:0.105
    Average attention per distance:
      d=0:0.393, d=1:0.414, d=2:0.164, d=3:0.021

--- Layer 3 ---
  Head 0: Entropy=1.702
    Attention coefficients from each query position to previous positions:
      i= 0 -> j=0:1.000
      i= 1 -> j=0:0.611, j=1:0.389
      i= 2 -> j=0:0.329, j=1:0.378, j=2:0.292
      i= 3 -> j=0:0.110, j=1:0.193, j=2:0.319, j=3:0.378
      i= 4 -> j=0:0.047, j=1:0.070, j=2:0.162, j=3:0.306, j=4:0.415
      i= 5 -> j=0:0.006, j=1:0.005, j=2:0.013, j=3:0.036, j=4:0.088, j=5:0.852
      i= 6 -> j=0:0.002, j=1:0.001, j=2:0.002, j=3:0.008, j=4:0.039, j=5:0.910, j=6:0.037
      i= 7 -> j=0:0.008, j=1:0.004, j=2:0.004, j=3:0.009, j=4:0.038, j=5:0.596, j=6:0.086, j=7:0.255
      i= 8 -> j=0:0.012, j=1:0.007, j=2:0.006, j=3:0.008, j=4:0.023, j=5:0.202, j=6:0.057, j=7:0.227, j=8:0.459
      i= 9 -> j=0:0.009, j=1:0.006, j=2:0.005, j=3:0.006, j=4:0.014, j=5:0.097, j=6:0.024, j=7:0.144, j=8:0.515, j=9:0.182
      i=10 -> j=0:0.005, j=1:0.003, j=2:0.004, j=3:0.004, j=4:0.010, j=5:0.058, j=6:0.008, j=7:0.067, j=8:0.436, j=9:0.253, j=10:0.151
      i=11 -> j=0:0.006, j=1:0.004, j=2:0.005, j=3:0.007, j=4:0.014, j=5:0.064, j=6:0.006, j=7:0.035, j=8:0.214, j=9:0.223, j=10:0.252, j=11:0.170
      i=12 -> j=0:0.009, j=1:0.005, j=2:0.006, j=3:0.009, j=4:0.022, j=5:0.096, j=6:0.008, j=7:0.028, j=8:0.107, j=9:0.119, j=10:0.187, j=11:0.221, j=12:0.183
      i=13 -> j=0:0.008, j=1:0.004, j=2:0.004, j=3:0.005, j=4:0.015, j=5:0.070, j=6:0.006, j=7:0.018, j=8:0.042, j=9:0.033, j=10:0.045, j=11:0.075, j=12:0.104, j=13:0.570
      i=14 -> j=0:0.003, j=1:0.001, j=2:0.001, j=3:0.002, j=4:0.004, j=5:0.016, j=6:0.002, j=7:0.006, j=8:0.011, j=9:0.006, j=10:0.005, j=11:0.009, j=12:0.019, j=13:0.141, j=14:0.775
      i=15 -> j=0:0.002, j=1:0.001, j=2:0.001, j=3:0.001, j=4:0.002, j=5:0.010, j=6:0.001, j=7:0.004, j=8:0.008, j=9:0.003, j=10:0.002, j=11:0.003, j=12:0.007, j=13:0.079, j=14:0.812, j=15:0.065
      i=16 -> j=0:0.001, j=1:0.001, j=2:0.001, j=3:0.001, j=4:0.002, j=5:0.007, j=6:0.001, j=7:0.003, j=8:0.008, j=9:0.003, j=10:0.001, j=11:0.001, j=12:0.003, j=13:0.036, j=14:0.600, j=15:0.103, j=16:0.228
      i=17 -> j=0:0.002, j=1:0.001, j=2:0.001, j=3:0.002, j=4:0.003, j=5:0.011, j=6:0.001, j=7:0.004, j=8:0.011, j=9:0.006, j=10:0.003, j=11:0.002, j=12:0.003, j=13:0.018, j=14:0.191, j=15:0.069, j=16:0.223, j=17:0.448
      i=18 -> j=0:0.002, j=1:0.001, j=2:0.001, j=3:0.002, j=4:0.003, j=5:0.009, j=6:0.001, j=7:0.003, j=8:0.007, j=9:0.004, j=10:0.003, j=11:0.002, j=12:0.002, j=13:0.008, j=14:0.038, j=15:0.017, j=16:0.053, j=17:0.173, j=18:0.670
      i=19 -> j=0:0.001, j=1:0.000, j=2:0.000, j=3:0.000, j=4:0.001, j=5:0.004, j=6:0.000, j=7:0.001, j=8:0.002, j=9:0.001, j=10:0.001, j=11:0.001, j=12:0.001, j=13:0.002, j=14:0.012, j=15:0.003, j=16:0.012, j=17:0.088, j=18:0.826, j=19:0.044
      i=20 -> j=0:0.001, j=1:0.001, j=2:0.000, j=3:0.001, j=4:0.002, j=5:0.006, j=6:0.001, j=7:0.002, j=8:0.003, j=9:0.001, j=10:0.001, j=11:0.001, j=12:0.001, j=13:0.004, j=14:0.017, j=15:0.003, j=16:0.006, j=17:0.050, j=18:0.697, j=19:0.081, j=20:0.121
      i=21 -> j=0:0.003, j=1:0.001, j=2:0.001, j=3:0.001, j=4:0.003, j=5:0.009, j=6:0.001, j=7:0.003, j=8:0.006, j=9:0.003, j=10:0.001, j=11:0.001, j=12:0.002, j=13:0.008, j=14:0.030, j=15:0.004, j=16:0.005, j=17:0.027, j=18:0.296, j=19:0.067, j=20:0.184, j=21:0.342
      i=22 -> j=0:0.002, j=1:0.001, j=2:0.001, j=3:0.001, j=4:0.002, j=5:0.005, j=6:0.001, j=7:0.002, j=8:0.004, j=9:0.002, j=10:0.001, j=11:0.001, j=12:0.001, j=13:0.004, j=14:0.018, j=15:0.003, j=16:0.003, j=17:0.009, j=18:0.060, j=19:0.014, j=20:0.052, j=21:0.169, j=22:0.644
      i=23 -> j=0:0.002, j=1:0.001, j=2:0.001, j=3:0.001, j=4:0.002, j=5:0.007, j=6:0.001, j=7:0.002, j=8:0.004, j=9:0.002, j=10:0.001, j=11:0.001, j=12:0.001, j=13:0.004, j=14:0.018, j=15:0.003, j=16:0.004, j=17:0.009, j=18:0.039, j=19:0.006, j=20:0.021, j=21:0.097, j=22:0.606, j=23:0.165
      i=24 -> j=0:0.005, j=1:0.003, j=2:0.003, j=3:0.003, j=4:0.006, j=5:0.015, j=6:0.002, j=7:0.005, j=8:0.009, j=9:0.005, j=10:0.003, j=11:0.002, j=12:0.003, j=13:0.007, j=14:0.024, j=15:0.007, j=16:0.008, j=17:0.018, j=18:0.053, j=19:0.007, j=20:0.015, j=21:0.055, j=22:0.328, j=23:0.200, j=24:0.216
      i=25 -> j=0:0.003, j=1:0.001, j=2:0.001, j=3:0.001, j=4:0.003, j=5:0.008, j=6:0.001, j=7:0.002, j=8:0.003, j=9:0.002, j=10:0.001, j=11:0.001, j=12:0.001, j=13:0.003, j=14:0.009, j=15:0.002, j=16:0.003, j=17:0.008, j=18:0.030, j=19:0.002, j=20:0.003, j=21:0.011, j=22:0.076, j=23:0.078, j=24:0.165, j=25:0.583
      i=26 -> j=0:0.002, j=1:0.001, j=2:0.001, j=3:0.001, j=4:0.002, j=5:0.005, j=6:0.000, j=7:0.001, j=8:0.002, j=9:0.001, j=10:0.000, j=11:0.000, j=12:0.001, j=13:0.002, j=14:0.006, j=15:0.001, j=16:0.001, j=17:0.004, j=18:0.023, j=19:0.001, j=20:0.002, j=21:0.004, j=22:0.021, j=23:0.023, j=24:0.087, j=25:0.585, j=26:0.223
      i=27 -> j=0:0.005, j=1:0.003, j=2:0.002, j=3:0.002, j=4:0.004, j=5:0.010, j=6:0.002, j=7:0.004, j=8:0.006, j=9:0.003, j=10:0.002, j=11:0.002, j=12:0.002, j=13:0.004, j=14:0.012, j=15:0.003, j=16:0.003, j=17:0.007, j=18:0.028, j=19:0.004, j=20:0.004, j=21:0.007, j=22:0.017, j=23:0.013, j=24:0.041, j=25:0.197, j=26:0.168, j=27:0.448
      i=28 -> j=0:0.004, j=1:0.002, j=2:0.002, j=3:0.002, j=4:0.003, j=5:0.008, j=6:0.001, j=7:0.003, j=8:0.005, j=9:0.002, j=10:0.001, j=11:0.001, j=12:0.001, j=13:0.003, j=14:0.010, j=15:0.002, j=16:0.001, j=17:0.004, j=18:0.018, j=19:0.002, j=20:0.003, j=21:0.005, j=22:0.011, j=23:0.005, j=24:0.016, j=25:0.074, j=26:0.095, j=27:0.542, j=28:0.174
      i=29 -> j=0:0.007, j=1:0.004, j=2:0.004, j=3:0.004, j=4:0.007, j=5:0.015, j=6:0.002, j=7:0.006, j=8:0.009, j=9:0.005, j=10:0.002, j=11:0.002, j=12:0.002, j=13:0.006, j=14:0.016, j=15:0.004, j=16:0.003, j=17:0.007, j=18:0.022, j=19:0.003, j=20:0.005, j=21:0.010, j=22:0.020, j=23:0.008, j=24:0.016, j=25:0.042, j=26:0.055, j=27:0.396, j=28:0.241, j=29:0.074
      i=30 -> j=0:0.009, j=1:0.005, j=2:0.005, j=3:0.005, j=4:0.009, j=5:0.021, j=6:0.003, j=7:0.006, j=8:0.011, j=9:0.006, j=10:0.003, j=11:0.002, j=12:0.002, j=13:0.006, j=14:0.017, j=15:0.004, j=16:0.004, j=17:0.009, j=18:0.026, j=19:0.003, j=20:0.004, j=21:0.010, j=22:0.025, j=23:0.010, j=24:0.016, j=25:0.027, j=26:0.024, j=27:0.227, j=28:0.195, j=29:0.101, j=30:0.204
      i=31 -> j=0:0.013, j=1:0.007, j=2:0.006, j=3:0.007, j=4:0.012, j=5:0.027, j=6:0.004, j=7:0.009, j=8:0.013, j=9:0.007, j=10:0.004, j=11:0.004, j=12:0.004, j=13:0.008, j=14:0.019, j=15:0.005, j=16:0.005, j=17:0.012, j=18:0.030, j=19:0.004, j=20:0.005, j=21:0.010, j=22:0.024, j=23:0.013, j=24:0.020, j=25:0.026, j=26:0.015, j=27:0.092, j=28:0.083, j=29:0.075, j=30:0.195, j=31:0.243
      i=32 -> j=0:0.009, j=1:0.004, j=2:0.004, j=3:0.004, j=4:0.007, j=5:0.020, j=6:0.002, j=7:0.006, j=8:0.008, j=9:0.004, j=10:0.002, j=11:0.002, j=12:0.002, j=13:0.005, j=14:0.012, j=15:0.003, j=16:0.002, j=17:0.007, j=18:0.022, j=19:0.002, j=20:0.002, j=21:0.004, j=22:0.011, j=23:0.006, j=24:0.012, j=25:0.018, j=26:0.007, j=27:0.037, j=28:0.022, j=29:0.022, j=30:0.079, j=31:0.181, j=32:0.471
      i=33 -> j=0:0.009, j=1:0.005, j=2:0.004, j=3:0.004, j=4:0.007, j=5:0.019, j=6:0.003, j=7:0.006, j=8:0.009, j=9:0.004, j=10:0.002, j=11:0.002, j=12:0.002, j=13:0.005, j=14:0.013, j=15:0.002, j=16:0.002, j=17:0.006, j=18:0.019, j=19:0.002, j=20:0.002, j=21:0.004, j=22:0.008, j=23:0.004, j=24:0.009, j=25:0.016, j=26:0.007, j=27:0.028, j=28:0.011, j=29:0.010, j=30:0.031, j=31:0.102, j=32:0.398, j=33:0.248
      i=34 -> j=0:0.009, j=1:0.005, j=2:0.004, j=3:0.004, j=4:0.007, j=5:0.018, j=6:0.002, j=7:0.006, j=8:0.009, j=9:0.004, j=10:0.002, j=11:0.002, j=12:0.002, j=13:0.005, j=14:0.013, j=15:0.002, j=16:0.002, j=17:0.004, j=18:0.015, j=19:0.002, j=20:0.002, j=21:0.003, j=22:0.006, j=23:0.003, j=24:0.007, j=25:0.012, j=26:0.006, j=27:0.028, j=28:0.008, j=29:0.005, j=30:0.013, j=31:0.050, j=32:0.265, j=33:0.301, j=34:0.178
      i=35 -> j=0:0.014, j=1:0.008, j=2:0.008, j=3:0.008, j=4:0.012, j=5:0.027, j=6:0.005, j=7:0.010, j=8:0.015, j=9:0.008, j=10:0.004, j=11:0.003, j=12:0.004, j=13:0.008, j=14:0.019, j=15:0.005, j=16:0.004, j=17:0.008, j=18:0.020, j=19:0.003, j=20:0.004, j=21:0.006, j=22:0.011, j=23:0.005, j=24:0.009, j=25:0.014, j=26:0.009, j=27:0.035, j=28:0.013, j=29:0.007, j=30:0.011, j=31:0.026, j=32:0.085, j=33:0.140, j=34:0.145, j=35:0.285
      i=36 -> j=0:0.010, j=1:0.006, j=2:0.005, j=3:0.006, j=4:0.010, j=5:0.021, j=6:0.003, j=7:0.007, j=8:0.011, j=9:0.006, j=10:0.003, j=11:0.003, j=12:0.002, j=13:0.005, j=14:0.013, j=15:0.003, j=16:0.003, j=17:0.006, j=18:0.014, j=19:0.002, j=20:0.002, j=21:0.004, j=22:0.008, j=23:0.004, j=24:0.006, j=25:0.008, j=26:0.005, j=27:0.022, j=28:0.009, j=29:0.005, j=30:0.007, j=31:0.011, j=32:0.025, j=33:0.048, j=34:0.071, j=35:0.242, j=36:0.383
      i=37 -> j=0:0.006, j=1:0.003, j=2:0.003, j=3:0.003, j=4:0.006, j=5:0.015, j=6:0.002, j=7:0.004, j=8:0.006, j=9:0.003, j=10:0.002, j=11:0.001, j=12:0.001, j=13:0.003, j=14:0.007, j=15:0.002, j=16:0.001, j=17:0.003, j=18:0.009, j=19:0.001, j=20:0.001, j=21:0.002, j=22:0.004, j=23:0.002, j=24:0.003, j=25:0.003, j=26:0.002, j=27:0.009, j=28:0.004, j=29:0.002, j=30:0.003, j=31:0.005, j=32:0.008, j=33:0.013, j=34:0.019, j=35:0.126, j=36:0.347, j=37:0.366
      i=38 -> j=0:0.004, j=1:0.002, j=2:0.002, j=3:0.002, j=4:0.003, j=5:0.009, j=6:0.001, j=7:0.002, j=8:0.004, j=9:0.002, j=10:0.001, j=11:0.001, j=12:0.001, j=13:0.002, j=14:0.004, j=15:0.001, j=16:0.001, j=17:0.002, j=18:0.005, j=19:0.001, j=20:0.001, j=21:0.001, j=22:0.002, j=23:0.001, j=24:0.002, j=25:0.002, j=26:0.001, j=27:0.004, j=28:0.002, j=29:0.001, j=30:0.002, j=31:0.003, j=32:0.004, j=33:0.004, j=34:0.004, j=35:0.027, j=36:0.096, j=37:0.193, j=38:0.605
      i=39 -> j=0:0.008, j=1:0.005, j=2:0.004, j=3:0.004, j=4:0.007, j=5:0.015, j=6:0.003, j=7:0.006, j=8:0.008, j=9:0.004, j=10:0.002, j=11:0.002, j=12:0.002, j=13:0.004, j=14:0.009, j=15:0.002, j=16:0.002, j=17:0.004, j=18:0.010, j=19:0.002, j=20:0.002, j=21:0.002, j=22:0.004, j=23:0.002, j=24:0.004, j=25:0.005, j=26:0.002, j=27:0.007, j=28:0.003, j=29:0.002, j=30:0.004, j=31:0.005, j=32:0.007, j=33:0.006, j=34:0.004, j=35:0.017, j=36:0.043, j=37:0.102, j=38:0.414, j=39:0.262
      i=40 -> j=0:0.008, j=1:0.005, j=2:0.004, j=3:0.004, j=4:0.007, j=5:0.016, j=6:0.003, j=7:0.006, j=8:0.009, j=9:0.004, j=10:0.002, j=11:0.002, j=12:0.002, j=13:0.005, j=14:0.010, j=15:0.002, j=16:0.002, j=17:0.004, j=18:0.010, j=19:0.002, j=20:0.002, j=21:0.002, j=22:0.004, j=23:0.002, j=24:0.003, j=25:0.004, j=26:0.002, j=27:0.007, j=28:0.003, j=29:0.002, j=30:0.003, j=31:0.005, j=32:0.007, j=33:0.006, j=34:0.003, j=35:0.010, j=36:0.019, j=37:0.042, j=38:0.251, j=39:0.299, j=40:0.217
      i=41 -> j=0:0.007, j=1:0.004, j=2:0.004, j=3:0.004, j=4:0.006, j=5:0.015, j=6:0.003, j=7:0.006, j=8:0.008, j=9:0.004, j=10:0.002, j=11:0.002, j=12:0.002, j=13:0.004, j=14:0.009, j=15:0.002, j=16:0.002, j=17:0.003, j=18:0.008, j=19:0.001, j=20:0.001, j=21:0.002, j=22:0.003, j=23:0.001, j=24:0.002, j=25:0.003, j=26:0.002, j=27:0.006, j=28:0.002, j=29:0.001, j=30:0.002, j=31:0.003, j=32:0.005, j=33:0.005, j=34:0.003, j=35:0.007, j=36:0.009, j=37:0.014, j=38:0.080, j=39:0.178, j=40:0.241, j=41:0.335
      i=42 -> j=0:0.008, j=1:0.005, j=2:0.004, j=3:0.005, j=4:0.008, j=5:0.019, j=6:0.003, j=7:0.006, j=8:0.009, j=9:0.005, j=10:0.003, j=11:0.002, j=12:0.002, j=13:0.004, j=14:0.010, j=15:0.002, j=16:0.002, j=17:0.004, j=18:0.009, j=19:0.001, j=20:0.001, j=21:0.002, j=22:0.004, j=23:0.002, j=24:0.002, j=25:0.003, j=26:0.001, j=27:0.006, j=28:0.002, j=29:0.001, j=30:0.002, j=31:0.002, j=32:0.003, j=33:0.004, j=34:0.003, j=35:0.007, j=36:0.008, j=37:0.007, j=38:0.034, j=39:0.095, j=40:0.191, j=41:0.439, j=42:0.068
      i=43 -> j=0:0.004, j=1:0.003, j=2:0.002, j=3:0.003, j=4:0.004, j=5:0.010, j=6:0.002, j=7:0.003, j=8:0.005, j=9:0.003, j=10:0.002, j=11:0.001, j=12:0.001, j=13:0.002, j=14:0.005, j=15:0.001, j=16:0.001, j=17:0.003, j=18:0.005, j=19:0.001, j=20:0.001, j=21:0.001, j=22:0.002, j=23:0.001, j=24:0.002, j=25:0.002, j=26:0.001, j=27:0.003, j=28:0.001, j=29:0.001, j=30:0.001, j=31:0.001, j=32:0.002, j=33:0.002, j=34:0.001, j=35:0.004, j=36:0.004, j=37:0.003, j=38:0.008, j=39:0.015, j=40:0.026, j=41:0.075, j=42:0.026, j=43:0.754
      i=44 -> j=0:0.004, j=1:0.002, j=2:0.002, j=3:0.002, j=4:0.004, j=5:0.008, j=6:0.002, j=7:0.003, j=8:0.004, j=9:0.002, j=10:0.001, j=11:0.001, j=12:0.001, j=13:0.002, j=14:0.005, j=15:0.001, j=16:0.001, j=17:0.002, j=18:0.005, j=19:0.001, j=20:0.001, j=21:0.001, j=22:0.002, j=23:0.001, j=24:0.002, j=25:0.002, j=26:0.001, j=27:0.002, j=28:0.001, j=29:0.001, j=30:0.001, j=31:0.001, j=32:0.001, j=33:0.001, j=34:0.001, j=35:0.003, j=36:0.003, j=37:0.003, j=38:0.005, j=39:0.007, j=40:0.007, j=41:0.018, j=42:0.009, j=43:0.273, j=44:0.598
      i=45 -> j=0:0.002, j=1:0.001, j=2:0.001, j=3:0.001, j=4:0.002, j=5:0.005, j=6:0.001, j=7:0.002, j=8:0.003, j=9:0.001, j=10:0.001, j=11:0.001, j=12:0.001, j=13:0.001, j=14:0.003, j=15:0.001, j=16:0.001, j=17:0.001, j=18:0.003, j=19:0.000, j=20:0.000, j=21:0.001, j=22:0.001, j=23:0.000, j=24:0.001, j=25:0.001, j=26:0.000, j=27:0.001, j=28:0.000, j=29:0.000, j=30:0.000, j=31:0.001, j=32:0.001, j=33:0.001, j=34:0.000, j=35:0.001, j=36:0.002, j=37:0.001, j=38:0.003, j=39:0.003, j=40:0.003, j=41:0.005, j=42:0.003, j=43:0.146, j=44:0.652, j=45:0.141
      i=46 -> j=0:0.003, j=1:0.002, j=2:0.001, j=3:0.001, j=4:0.002, j=5:0.006, j=6:0.001, j=7:0.002, j=8:0.003, j=9:0.002, j=10:0.001, j=11:0.001, j=12:0.001, j=13:0.002, j=14:0.004, j=15:0.001, j=16:0.001, j=17:0.001, j=18:0.003, j=19:0.000, j=20:0.000, j=21:0.001, j=22:0.001, j=23:0.000, j=24:0.001, j=25:0.001, j=26:0.000, j=27:0.001, j=28:0.000, j=29:0.000, j=30:0.000, j=31:0.001, j=32:0.001, j=33:0.001, j=34:0.000, j=35:0.001, j=36:0.001, j=37:0.001, j=38:0.003, j=39:0.004, j=40:0.002, j=41:0.003, j=42:0.001, j=43:0.068, j=44:0.529, j=45:0.237, j=46:0.101
      i=47 -> j=0:0.008, j=1:0.005, j=2:0.005, j=3:0.005, j=4:0.007, j=5:0.016, j=6:0.003, j=7:0.007, j=8:0.010, j=9:0.005, j=10:0.003, j=11:0.003, j=12:0.003, j=13:0.005, j=14:0.012, j=15:0.003, j=16:0.003, j=17:0.005, j=18:0.010, j=19:0.002, j=20:0.002, j=21:0.003, j=22:0.004, j=23:0.002, j=24:0.003, j=25:0.003, j=26:0.002, j=27:0.005, j=28:0.002, j=29:0.001, j=30:0.002, j=31:0.002, j=32:0.003, j=33:0.002, j=34:0.001, j=35:0.003, j=36:0.003, j=37:0.003, j=38:0.008, j=39:0.011, j=40:0.007, j=41:0.008, j=42:0.003, j=43:0.043, j=44:0.210, j=45:0.155, j=46:0.125, j=47:0.268
      i=48 -> j=0:0.008, j=1:0.005, j=2:0.005, j=3:0.005, j=4:0.008, j=5:0.019, j=6:0.003, j=7:0.007, j=8:0.010, j=9:0.006, j=10:0.003, j=11:0.003, j=12:0.003, j=13:0.005, j=14:0.012, j=15:0.003, j=16:0.003, j=17:0.005, j=18:0.011, j=19:0.002, j=20:0.002, j=21:0.003, j=22:0.004, j=23:0.002, j=24:0.003, j=25:0.003, j=26:0.002, j=27:0.005, j=28:0.002, j=29:0.001, j=30:0.001, j=31:0.002, j=32:0.002, j=33:0.002, j=34:0.001, j=35:0.003, j=36:0.003, j=37:0.002, j=38:0.005, j=39:0.009, j=40:0.007, j=41:0.008, j=42:0.002, j=43:0.025, j=44:0.092, j=45:0.067, j=46:0.077, j=47:0.360, j=48:0.177
      i=49 -> j=0:0.013, j=1:0.008, j=2:0.008, j=3:0.008, j=4:0.013, j=5:0.029, j=6:0.006, j=7:0.011, j=8:0.015, j=9:0.009, j=10:0.006, j=11:0.005, j=12:0.005, j=13:0.009, j=14:0.017, j=15:0.006, j=16:0.005, j=17:0.009, j=18:0.017, j=19:0.003, j=20:0.003, j=21:0.005, j=22:0.007, j=23:0.004, j=24:0.005, j=25:0.005, j=26:0.003, j=27:0.008, j=28:0.004, j=29:0.002, j=30:0.003, j=31:0.003, j=32:0.003, j=33:0.003, j=34:0.002, j=35:0.005, j=36:0.005, j=37:0.003, j=38:0.006, j=39:0.010, j=40:0.009, j=41:0.011, j=42:0.003, j=43:0.026, j=44:0.057, j=45:0.032, j=46:0.036, j=47:0.236, j=48:0.207, j=49:0.093
      i=50 -> j=0:0.013, j=1:0.008, j=2:0.007, j=3:0.008, j=4:0.012, j=5:0.027, j=6:0.006, j=7:0.011, j=8:0.014, j=9:0.008, j=10:0.006, j=11:0.005, j=12:0.005, j=13:0.009, j=14:0.017, j=15:0.005, j=16:0.005, j=17:0.009, j=18:0.018, j=19:0.003, j=20:0.003, j=21:0.004, j=22:0.007, j=23:0.004, j=24:0.005, j=25:0.005, j=26:0.003, j=27:0.007, j=28:0.003, j=29:0.002, j=30:0.003, j=31:0.003, j=32:0.003, j=33:0.003, j=34:0.002, j=35:0.005, j=36:0.005, j=37:0.003, j=38:0.006, j=39:0.008, j=40:0.006, j=41:0.009, j=42:0.003, j=43:0.026, j=44:0.046, j=45:0.016, j=46:0.012, j=47:0.068, j=48:0.082, j=49:0.068, j=50:0.385
      i=51 -> j=0:0.003, j=1:0.002, j=2:0.001, j=3:0.002, j=4:0.003, j=5:0.007, j=6:0.001, j=7:0.002, j=8:0.003, j=9:0.002, j=10:0.001, j=11:0.001, j=12:0.001, j=13:0.002, j=14:0.004, j=15:0.001, j=16:0.001, j=17:0.002, j=18:0.004, j=19:0.001, j=20:0.001, j=21:0.001, j=22:0.001, j=23:0.001, j=24:0.001, j=25:0.001, j=26:0.001, j=27:0.001, j=28:0.001, j=29:0.000, j=30:0.001, j=31:0.001, j=32:0.001, j=33:0.001, j=34:0.000, j=35:0.001, j=36:0.001, j=37:0.001, j=38:0.001, j=39:0.002, j=40:0.001, j=41:0.001, j=42:0.000, j=43:0.006, j=44:0.013, j=45:0.003, j=46:0.001, j=47:0.007, j=48:0.008, j=49:0.011, j=50:0.125, j=51:0.763
      i=52 -> j=0:0.004, j=1:0.002, j=2:0.002, j=3:0.002, j=4:0.003, j=5:0.008, j=6:0.002, j=7:0.003, j=8:0.004, j=9:0.002, j=10:0.001, j=11:0.001, j=12:0.001, j=13:0.003, j=14:0.006, j=15:0.001, j=16:0.001, j=17:0.002, j=18:0.005, j=19:0.001, j=20:0.001, j=21:0.001, j=22:0.002, j=23:0.001, j=24:0.001, j=25:0.002, j=26:0.001, j=27:0.002, j=28:0.001, j=29:0.001, j=30:0.001, j=31:0.001, j=32:0.001, j=33:0.001, j=34:0.000, j=35:0.001, j=36:0.001, j=37:0.001, j=38:0.001, j=39:0.002, j=40:0.001, j=41:0.001, j=42:0.000, j=43:0.005, j=44:0.013, j=45:0.003, j=46:0.001, j=47:0.004, j=48:0.004, j=49:0.007, j=50:0.084, j=51:0.767, j=52:0.030
      i=53 -> j=0:0.008, j=1:0.006, j=2:0.005, j=3:0.005, j=4:0.008, j=5:0.016, j=6:0.004, j=7:0.007, j=8:0.010, j=9:0.006, j=10:0.004, j=11:0.003, j=12:0.003, j=13:0.006, j=14:0.012, j=15:0.004, j=16:0.004, j=17:0.006, j=18:0.011, j=19:0.003, j=20:0.003, j=21:0.004, j=22:0.005, j=23:0.003, j=24:0.004, j=25:0.004, j=26:0.002, j=27:0.005, j=28:0.002, j=29:0.002, j=30:0.002, j=31:0.002, j=32:0.002, j=33:0.002, j=34:0.001, j=35:0.003, j=36:0.002, j=37:0.002, j=38:0.004, j=39:0.005, j=40:0.003, j=41:0.003, j=42:0.001, j=43:0.008, j=44:0.019, j=45:0.007, j=46:0.003, j=47:0.008, j=48:0.005, j=49:0.006, j=50:0.043, j=51:0.301, j=52:0.042, j=53:0.360
      i=54 -> j=0:0.008, j=1:0.006, j=2:0.005, j=3:0.006, j=4:0.008, j=5:0.017, j=6:0.004, j=7:0.007, j=8:0.010, j=9:0.006, j=10:0.004, j=11:0.003, j=12:0.003, j=13:0.006, j=14:0.013, j=15:0.004, j=16:0.004, j=17:0.006, j=18:0.012, j=19:0.003, j=20:0.003, j=21:0.004, j=22:0.006, j=23:0.003, j=24:0.004, j=25:0.004, j=26:0.002, j=27:0.006, j=28:0.003, j=29:0.002, j=30:0.002, j=31:0.002, j=32:0.002, j=33:0.002, j=34:0.001, j=35:0.003, j=36:0.003, j=37:0.002, j=38:0.003, j=39:0.005, j=40:0.003, j=41:0.003, j=42:0.001, j=43:0.008, j=44:0.017, j=45:0.007, j=46:0.004, j=47:0.008, j=48:0.005, j=49:0.004, j=50:0.021, j=51:0.114, j=52:0.026, j=53:0.303, j=54:0.278
      i=55 -> j=0:0.009, j=1:0.006, j=2:0.005, j=3:0.006, j=4:0.009, j=5:0.018, j=6:0.004, j=7:0.008, j=8:0.010, j=9:0.007, j=10:0.005, j=11:0.004, j=12:0.004, j=13:0.006, j=14:0.012, j=15:0.004, j=16:0.004, j=17:0.007, j=18:0.012, j=19:0.003, j=20:0.003, j=21:0.004, j=22:0.006, j=23:0.003, j=24:0.004, j=25:0.004, j=26:0.002, j=27:0.006, j=28:0.003, j=29:0.002, j=30:0.002, j=31:0.002, j=32:0.002, j=33:0.002, j=34:0.001, j=35:0.003, j=36:0.003, j=37:0.002, j=38:0.003, j=39:0.004, j=40:0.003, j=41:0.003, j=42:0.001, j=43:0.006, j=44:0.012, j=45:0.005, j=46:0.003, j=47:0.008, j=48:0.005, j=49:0.003, j=50:0.013, j=51:0.046, j=52:0.014, j=53:0.202, j=54:0.327, j=55:0.142
      i=56 -> j=0:0.008, j=1:0.005, j=2:0.004, j=3:0.004, j=4:0.007, j=5:0.017, j=6:0.004, j=7:0.006, j=8:0.009, j=9:0.005, j=10:0.003, j=11:0.003, j=12:0.003, j=13:0.005, j=14:0.011, j=15:0.003, j=16:0.003, j=17:0.006, j=18:0.012, j=19:0.002, j=20:0.002, j=21:0.003, j=22:0.005, j=23:0.003, j=24:0.003, j=25:0.004, j=26:0.002, j=27:0.005, j=28:0.002, j=29:0.001, j=30:0.002, j=31:0.002, j=32:0.002, j=33:0.001, j=34:0.001, j=35:0.002, j=36:0.002, j=37:0.001, j=38:0.002, j=39:0.003, j=40:0.002, j=41:0.002, j=42:0.001, j=43:0.005, j=44:0.009, j=45:0.003, j=46:0.002, j=47:0.005, j=48:0.003, j=49:0.002, j=50:0.009, j=51:0.022, j=52:0.005, j=53:0.082, j=54:0.198, j=55:0.131, j=56:0.352
      i=57 -> j=0:0.005, j=1:0.003, j=2:0.002, j=3:0.003, j=4:0.004, j=5:0.012, j=6:0.002, j=7:0.004, j=8:0.006, j=9:0.003, j=10:0.002, j=11:0.002, j=12:0.002, j=13:0.003, j=14:0.008, j=15:0.002, j=16:0.002, j=17:0.003, j=18:0.008, j=19:0.001, j=20:0.001, j=21:0.002, j=22:0.003, j=23:0.001, j=24:0.002, j=25:0.002, j=26:0.001, j=27:0.003, j=28:0.001, j=29:0.001, j=30:0.001, j=31:0.001, j=32:0.001, j=33:0.001, j=34:0.000, j=35:0.001, j=36:0.001, j=37:0.001, j=38:0.001, j=39:0.001, j=40:0.001, j=41:0.001, j=42:0.000, j=43:0.003, j=44:0.005, j=45:0.001, j=46:0.001, j=47:0.002, j=48:0.001, j=49:0.001, j=50:0.005, j=51:0.012, j=52:0.001, j=53:0.026, j=54:0.069, j=55:0.065, j=56:0.369, j=57:0.335
      i=58 -> j=0:0.007, j=1:0.004, j=2:0.004, j=3:0.004, j=4:0.006, j=5:0.015, j=6:0.003, j=7:0.006, j=8:0.009, j=9:0.004, j=10:0.002, j=11:0.002, j=12:0.002, j=13:0.005, j=14:0.011, j=15:0.003, j=16:0.002, j=17:0.005, j=18:0.011, j=19:0.002, j=20:0.002, j=21:0.003, j=22:0.004, j=23:0.002, j=24:0.003, j=25:0.003, j=26:0.002, j=27:0.004, j=28:0.002, j=29:0.001, j=30:0.001, j=31:0.001, j=32:0.001, j=33:0.001, j=34:0.001, j=35:0.001, j=36:0.001, j=37:0.001, j=38:0.002, j=39:0.002, j=40:0.001, j=41:0.001, j=42:0.000, j=43:0.004, j=44:0.008, j=45:0.002, j=46:0.001, j=47:0.002, j=48:0.002, j=49:0.001, j=50:0.007, j=51:0.018, j=52:0.002, j=53:0.020, j=54:0.032, j=55:0.030, j=56:0.202, j=57:0.313, j=58:0.207
      i=59 -> j=0:0.009, j=1:0.006, j=2:0.005, j=3:0.005, j=4:0.008, j=5:0.019, j=6:0.004, j=7:0.008, j=8:0.012, j=9:0.006, j=10:0.004, j=11:0.003, j=12:0.003, j=13:0.007, j=14:0.016, j=15:0.004, j=16:0.004, j=17:0.006, j=18:0.014, j=19:0.003, j=20:0.003, j=21:0.004, j=22:0.006, j=23:0.003, j=24:0.004, j=25:0.005, j=26:0.003, j=27:0.007, j=28:0.003, j=29:0.002, j=30:0.002, j=31:0.002, j=32:0.002, j=33:0.002, j=34:0.001, j=35:0.002, j=36:0.002, j=37:0.002, j=38:0.003, j=39:0.004, j=40:0.002, j=41:0.002, j=42:0.001, j=43:0.005, j=44:0.010, j=45:0.003, j=46:0.001, j=47:0.003, j=48:0.002, j=49:0.002, j=50:0.008, j=51:0.021, j=52:0.002, j=53:0.019, j=54:0.019, j=55:0.013, j=56:0.063, j=57:0.124, j=58:0.178, j=59:0.317
      i=60 -> j=0:0.005, j=1:0.003, j=2:0.003, j=3:0.004, j=4:0.005, j=5:0.013, j=6:0.002, j=7:0.005, j=8:0.007, j=9:0.004, j=10:0.002, j=11:0.002, j=12:0.002, j=13:0.004, j=14:0.010, j=15:0.003, j=16:0.003, j=17:0.004, j=18:0.009, j=19:0.002, j=20:0.002, j=21:0.003, j=22:0.004, j=23:0.002, j=24:0.002, j=25:0.003, j=26:0.002, j=27:0.004, j=28:0.002, j=29:0.001, j=30:0.001, j=31:0.001, j=32:0.001, j=33:0.001, j=34:0.001, j=35:0.001, j=36:0.001, j=37:0.001, j=38:0.001, j=39:0.002, j=40:0.001, j=41:0.001, j=42:0.000, j=43:0.002, j=44:0.005, j=45:0.002, j=46:0.001, j=47:0.002, j=48:0.001, j=49:0.001, j=50:0.003, j=51:0.010, j=52:0.001, j=53:0.012, j=54:0.009, j=55:0.005, j=56:0.015, j=57:0.027, j=58:0.068, j=59:0.245, j=60:0.457
      i=61 -> j=0:0.006, j=1:0.004, j=2:0.004, j=3:0.004, j=4:0.007, j=5:0.017, j=6:0.003, j=7:0.005, j=8:0.008, j=9:0.005, j=10:0.003, j=11:0.002, j=12:0.002, j=13:0.005, j=14:0.011, j=15:0.003, j=16:0.003, j=17:0.005, j=18:0.011, j=19:0.002, j=20:0.002, j=21:0.003, j=22:0.005, j=23:0.002, j=24:0.003, j=25:0.003, j=26:0.002, j=27:0.005, j=28:0.002, j=29:0.001, j=30:0.001, j=31:0.002, j=32:0.002, j=33:0.001, j=34:0.001, j=35:0.002, j=36:0.001, j=37:0.001, j=38:0.002, j=39:0.002, j=40:0.001, j=41:0.001, j=42:0.000, j=43:0.003, j=44:0.005, j=45:0.002, j=46:0.001, j=47:0.002, j=48:0.001, j=49:0.001, j=50:0.003, j=51:0.007, j=52:0.001, j=53:0.013, j=54:0.010, j=55:0.004, j=56:0.009, j=57:0.010, j=58:0.027, j=59:0.152, j=60:0.497, j=61:0.096
      i=62 -> j=0:0.007, j=1:0.005, j=2:0.004, j=3:0.004, j=4:0.007, j=5:0.016, j=6:0.004, j=7:0.006, j=8:0.008, j=9:0.005, j=10:0.004, j=11:0.003, j=12:0.003, j=13:0.006, j=14:0.011, j=15:0.004, j=16:0.004, j=17:0.006, j=18:0.012, j=19:0.002, j=20:0.003, j=21:0.003, j=22:0.005, j=23:0.003, j=24:0.004, j=25:0.004, j=26:0.002, j=27:0.005, j=28:0.003, j=29:0.002, j=30:0.002, j=31:0.002, j=32:0.002, j=33:0.002, j=34:0.001, j=35:0.002, j=36:0.002, j=37:0.002, j=38:0.002, j=39:0.003, j=40:0.002, j=41:0.002, j=42:0.001, j=43:0.004, j=44:0.006, j=45:0.002, j=46:0.001, j=47:0.002, j=48:0.002, j=49:0.001, j=50:0.003, j=51:0.006, j=52:0.001, j=53:0.010, j=54:0.010, j=55:0.005, j=56:0.008, j=57:0.006, j=58:0.008, j=59:0.032, j=60:0.102, j=61:0.053, j=62:0.557
      i=63 -> j=0:0.005, j=1:0.003, j=2:0.003, j=3:0.003, j=4:0.004, j=5:0.011, j=6:0.002, j=7:0.004, j=8:0.006, j=9:0.003, j=10:0.002, j=11:0.002, j=12:0.002, j=13:0.004, j=14:0.008, j=15:0.002, j=16:0.002, j=17:0.004, j=18:0.008, j=19:0.002, j=20:0.002, j=21:0.002, j=22:0.003, j=23:0.002, j=24:0.003, j=25:0.003, j=26:0.001, j=27:0.004, j=28:0.002, j=29:0.001, j=30:0.001, j=31:0.001, j=32:0.001, j=33:0.001, j=34:0.001, j=35:0.001, j=36:0.001, j=37:0.001, j=38:0.001, j=39:0.002, j=40:0.001, j=41:0.001, j=42:0.000, j=43:0.002, j=44:0.004, j=45:0.001, j=46:0.001, j=47:0.001, j=48:0.001, j=49:0.001, j=50:0.002, j=51:0.004, j=52:0.001, j=53:0.005, j=54:0.006, j=55:0.003, j=56:0.005, j=57:0.003, j=58:0.003, j=59:0.009, j=60:0.028, j=61:0.023, j=62:0.447, j=63:0.334
    Average attention per distance:
      d=0:0.331, d=1:0.297, d=2:0.165, d=3:0.062, d=4:0.023, d=5:0.012


======================================================================
QK Property Verification (Raw Scores, before Softmax)
======================================================================
Recurrence order init_len=2, num test sequences=1

--- [P1] Long-distance Orthogonality Verification ---
Ideal: raw_score mean ≈ 0 and small std when d > init_len

  Layer 0, Head 0:
    d= 1 (effective): mean=  7.651, std= 0.425, n=63
    d= 2 (effective): mean=  6.106, std= 0.330, n=62
    d>2 (long-distance): mean= -0.395, std= 1.050, n=1891

  Layer 1, Head 0:
    d= 1 (effective): mean=  5.682, std= 0.797, n=63
    d= 2 (effective): mean=  4.443, std= 0.827, n=62
    d>2 (long-distance): mean= -0.389, std= 0.729, n=1891

  Layer 2, Head 0:
    d= 1 (effective): mean=  5.623, std= 1.459, n=63
    d= 2 (effective): mean=  4.223, std= 1.184, n=62
    d>2 (long-distance): mean= -0.955, std= 0.957, n=1891

  Layer 3, Head 0:
    d= 1 (effective): mean=  1.555, std= 0.958, n=63
    d= 2 (effective): mean=  0.851, std= 0.867, n=62
    d>2 (long-distance): mean= -2.502, std= 0.929, n=1891

--- [P2] Time-homogeneous Verification ---
Ideal: CV of raw_score across positions i ≈ 0 for fixed distance d
(CV = std / |mean|, smaller = more constant)

  Layer 0, Head 0:
    d= 1: mean=  7.651, std= 0.425, CV=0.055, n=63
    d= 2: mean=  6.106, std= 0.330, CV=0.054, n=62

  Layer 1, Head 0:
    d= 1: mean=  5.682, std= 0.797, CV=0.140, n=63
    d= 2: mean=  4.443, std= 0.827, CV=0.186, n=62

  Layer 2, Head 0:
    d= 1: mean=  5.623, std= 1.459, CV=0.259, n=63
    d= 2: mean=  4.223, std= 1.184, CV=0.280, n=62

  Layer 3, Head 0:
    d= 1: mean=  1.555, std= 0.958, CV=0.616, n=63
    d= 2: mean=  0.851, std= 0.867, CV=1.019, n=62

======================================================================
QK Property Verification Completed
======================================================================
