=== Experiment: mixed_basic_d512l4_r32_t32_c0.5 ===
Time: 2026-06-17T21:20:58.392684
Task type: mixed_ab
Merged config: {
  "P": 53,
  "TASK": "mixed_ab",
  "NUM_MASK": 2,
  "A": 1,
  "B": 1,
  "AB_PAIRS": [
    [
      1,
      1
    ],
    [
      1,
      2
    ]
  ],
  "D_MODEL": 512,
  "N_HEAD": 1,
  "N_LAYER": 4,
  "BATCH_SIZE": 128,
  "EPOCHS": 10000,
  "LR": 0.0003,
  "SAVE_PATH": "models/mixed_basic_d512l4_r32_t32_c0.5.pth",
  "USE_GREEDY_GENERATE": true,
  "USE_LEARNABLE_PE": false,
  "MLP_RATIO": 32,
  "TRAIN_LEN": 32,
  "OOD_LEN": 64,
  "DROPOUT": 0.0,
  "TARGET_INIT_COVERAGE": 0.5,
  "MAX_UNIQUE_RATIO": 0.5,
  "WEIGHT_DECAY": 1,
  "ENTROPY_PENALTY_WEIGHT": 0.0,
  "FIRST_TASK_WEIGHT": 1.0,
  "RANDOM_SEED": 42,
  "EVAL_INTERVAL": 20,
  "EARLY_STOP_NO_IMPROVE": 2000,
  "EARLY_STOP_ACCURACY": 0.99,
  "USE_AB_TAG": false,
  "USE_CONDITIONAL_WTE": false,
  "COND_WTE_SHARED_RATIO": 0.0
}
--- output ---
Using device: cuda

[Dataset] Mixed mode: generated 2810 + 2808 samples, length 32
AB parameter pairs: [(1, 1), (1, 2)]
--------------------------------------------------
[Model config] block_size: 64, train length: 32
[Number theory] AB parameter pairs: [(1, 1), (1, 2)]


Model parameters: 71.55M

Start training...
Epoch   0 | Train: Loss=4.0191 Acc=9.5% | Test: Acc=0.6% | Best=0.6%(@0)
  from x3: 0.01 0.01 0.01 0.01 0.01 0.01 0.01 0.01 0.01 0.00 0.00 0.01 0.01 0.00 0.01 0.00 0.01 0.00 0.00 0.00 0.00 0.01 0.01 0.00 0.01 0.00 0.01 0.01 0.01
  per-rule acc: 0.01 0.01
Epoch  20 | Train: Loss=0.0036 Acc=100.0% | Test: Acc=1.5% | Best=1.5%(@20)
  from x3: 0.02 0.01 0.02 0.02 0.02 0.02 0.02 0.02 0.02 0.02 0.02 0.01 0.01 0.02 0.02 0.02 0.02 0.01 0.02 0.02 0.02 0.02 0.01 0.01 0.01 0.01 0.02 0.01 0.01
  per-rule acc: 0.01 0.02
Epoch  40 | Train: Loss=0.0040 Acc=100.0% | Test: Acc=1.5% | Best=1.5%(@20)
  from x3: 0.02 0.01 0.02 0.02 0.02 0.02 0.02 0.01 0.02 0.02 0.01 0.01 0.02 0.01 0.01 0.02 0.01 0.01 0.01 0.01 0.01 0.01 0.01 0.01 0.01 0.02 0.01 0.01 0.01
  per-rule acc: 0.01 0.02
Epoch  60 | Train: Loss=4.1896 Acc=5.5% | Test: Acc=1.0% | Best=1.5%(@20)
  from x3: 0.01 0.01 0.01 0.01 0.01 0.01 0.01 0.01 0.01 0.01 0.01 0.01 0.01 0.01 0.01 0.01 0.01 0.01 0.01 0.01 0.01 0.01 0.01 0.01 0.01 0.01 0.01 0.01 0.01
  per-rule acc: 0.01 0.01
Epoch  80 | Train: Loss=0.0043 Acc=100.0% | Test: Acc=1.3% | Best=1.5%(@20)
  from x3: 0.02 0.01 0.01 0.01 0.01 0.01 0.01 0.01 0.01 0.01 0.01 0.01 0.01 0.01 0.01 0.01 0.01 0.01 0.01 0.01 0.01 0.01 0.01 0.01 0.01 0.01 0.01 0.01 0.01
  per-rule acc: 0.01 0.01
Epoch 100 | Train: Loss=0.0057 Acc=99.9% | Test: Acc=1.7% | Best=1.7%(@100)
  from x3: 0.02 0.01 0.02 0.02 0.02 0.02 0.02 0.02 0.02 0.02 0.02 0.02 0.02 0.02 0.02 0.02 0.02 0.02 0.02 0.02 0.02 0.02 0.02 0.02 0.02 0.02 0.02 0.02 0.02
  per-rule acc: 0.02 0.02
Epoch 120 | Train: Loss=0.0049 Acc=100.0% | Test: Acc=1.5% | Best=1.7%(@100)
  from x3: 0.02 0.01 0.01 0.01 0.01 0.01 0.01 0.01 0.01 0.01 0.01 0.01 0.01 0.01 0.01 0.02 0.01 0.01 0.02 0.02 0.02 0.02 0.02 0.02 0.02 0.02 0.02 0.02 0.02
  per-rule acc: 0.01 0.02
Epoch 140 | Train: Loss=0.0040 Acc=100.0% | Test: Acc=1.4% | Best=1.7%(@100)
  from x3: 0.02 0.01 0.01 0.01 0.01 0.01 0.01 0.01 0.01 0.01 0.01 0.01 0.01 0.01 0.01 0.01 0.01 0.01 0.01 0.01 0.01 0.01 0.01 0.01 0.01 0.01 0.01 0.02 0.01
  per-rule acc: 0.01 0.02
Epoch 160 | Train: Loss=0.0083 Acc=99.9% | Test: Acc=1.8% | Best=1.8%(@160)
  from x3: 0.03 0.02 0.02 0.02 0.02 0.02 0.02 0.02 0.02 0.02 0.02 0.02 0.02 0.02 0.02 0.02 0.02 0.02 0.02 0.02 0.02 0.02 0.02 0.02 0.02 0.02 0.02 0.02 0.02
  per-rule acc: 0.02 0.02
Epoch 180 | Train: Loss=0.0037 Acc=100.0% | Test: Acc=1.5% | Best=1.8%(@160)
  from x3: 0.02 0.01 0.01 0.01 0.01 0.01 0.01 0.01 0.01 0.01 0.01 0.01 0.01 0.01 0.01 0.01 0.01 0.01 0.01 0.02 0.01 0.02 0.01 0.01 0.02 0.01 0.02 0.02 0.02
  per-rule acc: 0.01 0.02
Epoch 200 | Train: Loss=0.0123 Acc=99.8% | Test: Acc=2.0% | Best=2.0%(@200)
  from x3: 0.03 0.02 0.02 0.02 0.02 0.02 0.02 0.02 0.02 0.02 0.02 0.02 0.02 0.02 0.02 0.02 0.02 0.02 0.02 0.02 0.02 0.02 0.02 0.02 0.02 0.02 0.02 0.02 0.02
  per-rule acc: 0.02 0.02
Epoch 220 | Train: Loss=0.0034 Acc=100.0% | Test: Acc=1.8% | Best=2.0%(@200)
  from x3: 0.02 0.02 0.02 0.02 0.02 0.02 0.02 0.02 0.02 0.02 0.02 0.02 0.02 0.02 0.02 0.02 0.02 0.02 0.02 0.02 0.02 0.02 0.02 0.02 0.02 0.02 0.02 0.02 0.02
  per-rule acc: 0.02 0.02
Epoch 240 | Train: Loss=0.0118 Acc=99.8% | Test: Acc=1.9% | Best=2.0%(@200)
  from x3: 0.03 0.02 0.02 0.02 0.02 0.02 0.02 0.02 0.02 0.02 0.02 0.02 0.02 0.02 0.02 0.02 0.02 0.02 0.02 0.02 0.02 0.02 0.02 0.02 0.02 0.02 0.02 0.02 0.02
  per-rule acc: 0.02 0.02
Epoch 260 | Train: Loss=0.0031 Acc=100.0% | Test: Acc=1.6% | Best=2.0%(@200)
  from x3: 0.02 0.02 0.02 0.02 0.02 0.01 0.02 0.02 0.02 0.02 0.02 0.02 0.02 0.02 0.02 0.01 0.02 0.02 0.02 0.02 0.02 0.02 0.02 0.02 0.02 0.02 0.01 0.02 0.02
  per-rule acc: 0.01 0.02
Epoch 280 | Train: Loss=0.0026 Acc=100.0% | Test: Acc=1.7% | Best=2.0%(@200)
  from x3: 0.03 0.01 0.02 0.02 0.02 0.02 0.02 0.02 0.02 0.02 0.02 0.02 0.02 0.02 0.02 0.02 0.02 0.02 0.02 0.02 0.02 0.02 0.02 0.02 0.02 0.02 0.02 0.02 0.02
  per-rule acc: 0.02 0.02
Epoch 300 | Train: Loss=0.0032 Acc=100.0% | Test: Acc=1.8% | Best=2.0%(@200)
  from x3: 0.02 0.02 0.02 0.02 0.02 0.02 0.02 0.02 0.02 0.02 0.02 0.02 0.02 0.02 0.02 0.02 0.02 0.02 0.02 0.02 0.02 0.02 0.02 0.02 0.02 0.02 0.02 0.02 0.02
  per-rule acc: 0.02 0.02
Epoch 320 | Train: Loss=0.0026 Acc=100.0% | Test: Acc=2.2% | Best=2.2%(@320)
  from x3: 0.03 0.02 0.02 0.02 0.02 0.02 0.02 0.02 0.02 0.02 0.02 0.02 0.02 0.02 0.02 0.02 0.02 0.02 0.02 0.02 0.02 0.02 0.02 0.02 0.02 0.02 0.02 0.02 0.02
  per-rule acc: 0.02 0.02
Epoch 340 | Train: Loss=0.0030 Acc=100.0% | Test: Acc=2.0% | Best=2.2%(@320)
  from x3: 0.03 0.02 0.02 0.02 0.02 0.02 0.02 0.02 0.02 0.02 0.02 0.02 0.02 0.02 0.02 0.02 0.02 0.02 0.02 0.02 0.02 0.02 0.02 0.02 0.02 0.02 0.02 0.02 0.02
  per-rule acc: 0.02 0.02
Epoch 360 | Train: Loss=0.0139 Acc=99.9% | Test: Acc=2.2% | Best=2.2%(@320)
  from x3: 0.04 0.02 0.02 0.02 0.02 0.02 0.02 0.02 0.02 0.02 0.02 0.02 0.02 0.02 0.02 0.02 0.02 0.02 0.02 0.02 0.02 0.02 0.02 0.02 0.02 0.02 0.02 0.02 0.02
  per-rule acc: 0.03 0.02
Epoch 380 | Train: Loss=0.0029 Acc=100.0% | Test: Acc=2.4% | Best=2.4%(@380)
  from x3: 0.03 0.02 0.02 0.02 0.02 0.02 0.02 0.02 0.02 0.02 0.02 0.02 0.02 0.02 0.02 0.02 0.02 0.02 0.02 0.03 0.02 0.02 0.02 0.02 0.02 0.02 0.02 0.02 0.02
  per-rule acc: 0.02 0.02
Epoch 400 | Train: Loss=0.0030 Acc=100.0% | Test: Acc=2.5% | Best=2.5%(@400)
  from x3: 0.03 0.03 0.02 0.02 0.02 0.02 0.02 0.02 0.02 0.02 0.02 0.02 0.02 0.02 0.03 0.03 0.03 0.03 0.02 0.03 0.03 0.03 0.03 0.03 0.03 0.03 0.03 0.03 0.03
  per-rule acc: 0.02 0.03
Epoch 420 | Train: Loss=0.0023 Acc=100.0% | Test: Acc=2.3% | Best=2.5%(@400)
  from x3: 0.04 0.02 0.02 0.02 0.02 0.02 0.02 0.02 0.02 0.02 0.02 0.02 0.02 0.02 0.02 0.02 0.02 0.02 0.02 0.02 0.02 0.02 0.02 0.02 0.02 0.02 0.02 0.02 0.02
  per-rule acc: 0.02 0.02
Epoch 440 | Train: Loss=0.0030 Acc=100.0% | Test: Acc=2.6% | Best=2.6%(@440)
  from x3: 0.04 0.02 0.03 0.03 0.02 0.03 0.03 0.03 0.03 0.03 0.03 0.03 0.03 0.03 0.03 0.03 0.03 0.03 0.03 0.03 0.03 0.03 0.03 0.03 0.02 0.02 0.03 0.03 0.03
  per-rule acc: 0.03 0.02
Epoch 460 | Train: Loss=0.0441 Acc=99.5% | Test: Acc=2.8% | Best=2.8%(@460)
  from x3: 0.04 0.03 0.03 0.03 0.03 0.03 0.03 0.03 0.03 0.03 0.03 0.03 0.03 0.03 0.03 0.03 0.03 0.03 0.03 0.03 0.03 0.03 0.03 0.03 0.03 0.03 0.03 0.03 0.03
  per-rule acc: 0.03 0.02
Epoch 480 | Train: Loss=0.0026 Acc=100.0% | Test: Acc=2.7% | Best=2.8%(@460)
  from x3: 0.04 0.03 0.02 0.03 0.03 0.02 0.03 0.03 0.03 0.03 0.03 0.03 0.03 0.03 0.03 0.03 0.03 0.03 0.03 0.03 0.03 0.03 0.03 0.03 0.03 0.03 0.03 0.03 0.03
  per-rule acc: 0.03 0.02
Epoch 500 | Train: Loss=0.0030 Acc=100.0% | Test: Acc=3.0% | Best=3.0%(@500)
  from x3: 0.04 0.03 0.03 0.03 0.03 0.03 0.03 0.03 0.03 0.03 0.03 0.03 0.03 0.03 0.03 0.03 0.03 0.03 0.03 0.03 0.03 0.03 0.03 0.03 0.03 0.03 0.03 0.03 0.03
  per-rule acc: 0.03 0.03
Epoch 520 | Train: Loss=0.0023 Acc=100.0% | Test: Acc=3.0% | Best=3.0%(@500)
  from x3: 0.05 0.03 0.03 0.03 0.03 0.03 0.03 0.03 0.03 0.03 0.03 0.03 0.03 0.03 0.03 0.03 0.03 0.03 0.03 0.03 0.03 0.03 0.03 0.03 0.03 0.03 0.03 0.03 0.03
  per-rule acc: 0.03 0.03
Epoch 540 | Train: Loss=0.0028 Acc=100.0% | Test: Acc=3.1% | Best=3.1%(@540)
  from x3: 0.05 0.03 0.03 0.03 0.03 0.03 0.03 0.03 0.03 0.03 0.03 0.03 0.03 0.03 0.03 0.03 0.03 0.03 0.03 0.03 0.03 0.03 0.03 0.03 0.03 0.03 0.03 0.03 0.03
  per-rule acc: 0.04 0.02
Epoch 560 | Train: Loss=0.8243 Acc=91.6% | Test: Acc=2.9% | Best=3.1%(@540)
  from x3: 0.03 0.03 0.03 0.03 0.03 0.03 0.03 0.03 0.03 0.03 0.03 0.03 0.03 0.03 0.03 0.03 0.03 0.03 0.03 0.03 0.03 0.03 0.03 0.03 0.03 0.03 0.03 0.03 0.03
  per-rule acc: 0.03 0.02
Epoch 580 | Train: Loss=0.0023 Acc=100.0% | Test: Acc=3.7% | Best=3.7%(@580)
  from x3: 0.06 0.04 0.03 0.04 0.04 0.04 0.04 0.04 0.04 0.04 0.04 0.04 0.04 0.04 0.04 0.04 0.04 0.04 0.04 0.04 0.04 0.04 0.04 0.04 0.04 0.04 0.04 0.04 0.04
  per-rule acc: 0.04 0.03
Epoch 600 | Train: Loss=0.0028 Acc=100.0% | Test: Acc=3.9% | Best=3.9%(@600)
  from x3: 0.06 0.04 0.03 0.04 0.04 0.04 0.04 0.04 0.04 0.04 0.04 0.04 0.04 0.04 0.04 0.04 0.04 0.04 0.04 0.04 0.04 0.04 0.04 0.04 0.04 0.04 0.04 0.04 0.04
  per-rule acc: 0.05 0.03
Epoch 620 | Train: Loss=0.0022 Acc=100.0% | Test: Acc=3.7% | Best=3.9%(@600)
  from x3: 0.06 0.04 0.03 0.04 0.04 0.04 0.04 0.04 0.04 0.04 0.04 0.04 0.04 0.04 0.04 0.04 0.04 0.04 0.04 0.04 0.04 0.04 0.04 0.04 0.04 0.04 0.04 0.03 0.04
  per-rule acc: 0.05 0.03
Epoch 640 | Train: Loss=0.0027 Acc=100.0% | Test: Acc=4.2% | Best=4.2%(@640)
  from x3: 0.06 0.05 0.04 0.04 0.04 0.04 0.04 0.04 0.04 0.04 0.04 0.04 0.04 0.04 0.04 0.04 0.04 0.04 0.04 0.04 0.04 0.04 0.04 0.04 0.04 0.04 0.04 0.04 0.04
  per-rule acc: 0.05 0.03
Epoch 660 | Train: Loss=0.3059 Acc=98.9% | Test: Acc=3.4% | Best=4.2%(@640)
  from x3: 0.05 0.04 0.03 0.03 0.03 0.03 0.03 0.03 0.03 0.03 0.03 0.03 0.03 0.03 0.03 0.03 0.03 0.03 0.03 0.03 0.03 0.03 0.03 0.03 0.03 0.03 0.03 0.03 0.03
  per-rule acc: 0.03 0.04
Epoch 680 | Train: Loss=0.0022 Acc=100.0% | Test: Acc=4.4% | Best=4.4%(@680)
  from x3: 0.07 0.05 0.04 0.04 0.04 0.04 0.04 0.04 0.04 0.04 0.04 0.04 0.05 0.04 0.04 0.04 0.04 0.04 0.04 0.04 0.04 0.04 0.04 0.04 0.04 0.04 0.04 0.04 0.04
  per-rule acc: 0.05 0.03
Epoch 700 | Train: Loss=0.0026 Acc=100.0% | Test: Acc=4.7% | Best=4.7%(@700)
  from x3: 0.07 0.05 0.04 0.04 0.05 0.05 0.04 0.05 0.04 0.05 0.05 0.05 0.05 0.05 0.05 0.05 0.04 0.05 0.05 0.05 0.05 0.05 0.05 0.05 0.05 0.05 0.05 0.05 0.05
  per-rule acc: 0.06 0.03
Epoch 720 | Train: Loss=0.0165 Acc=99.9% | Test: Acc=5.1% | Best=5.1%(@720)
  from x3: 0.08 0.05 0.05 0.05 0.05 0.05 0.05 0.05 0.05 0.05 0.05 0.05 0.05 0.05 0.05 0.05 0.05 0.05 0.05 0.05 0.05 0.05 0.05 0.05 0.05 0.05 0.05 0.05 0.05
  per-rule acc: 0.06 0.04
Epoch 740 | Train: Loss=0.0023 Acc=100.0% | Test: Acc=5.1% | Best=5.1%(@720)
  from x3: 0.08 0.06 0.05 0.05 0.05 0.05 0.05 0.05 0.05 0.05 0.05 0.05 0.05 0.05 0.05 0.05 0.05 0.05 0.05 0.05 0.05 0.05 0.05 0.05 0.05 0.05 0.05 0.05 0.05
  per-rule acc: 0.06 0.04
Epoch 760 | Train: Loss=0.0025 Acc=100.0% | Test: Acc=5.7% | Best=5.7%(@760)
  from x3: 0.08 0.06 0.06 0.06 0.06 0.06 0.06 0.06 0.06 0.06 0.06 0.06 0.06 0.06 0.06 0.06 0.06 0.06 0.06 0.06 0.06 0.06 0.06 0.06 0.06 0.06 0.06 0.06 0.06
  per-rule acc: 0.07 0.04
Epoch 780 | Train: Loss=0.0019 Acc=100.0% | Test: Acc=5.3% | Best=5.7%(@760)
  from x3: 0.09 0.05 0.05 0.06 0.05 0.05 0.05 0.05 0.05 0.05 0.05 0.05 0.05 0.05 0.05 0.05 0.05 0.05 0.05 0.05 0.05 0.05 0.05 0.05 0.05 0.05 0.05 0.05 0.05
  per-rule acc: 0.07 0.04
Epoch 800 | Train: Loss=0.0023 Acc=100.0% | Test: Acc=6.2% | Best=6.2%(@800)
  from x3: 0.08 0.06 0.06 0.06 0.06 0.06 0.06 0.06 0.06 0.06 0.06 0.06 0.06 0.06 0.06 0.06 0.06 0.06 0.06 0.06 0.06 0.06 0.06 0.06 0.06 0.06 0.06 0.06 0.06
  per-rule acc: 0.08 0.04
Epoch 820 | Train: Loss=0.0370 Acc=99.7% | Test: Acc=6.8% | Best=6.8%(@820)
  from x3: 0.09 0.07 0.07 0.07 0.07 0.07 0.07 0.07 0.07 0.07 0.07 0.07 0.07 0.07 0.07 0.07 0.07 0.07 0.07 0.07 0.07 0.07 0.07 0.07 0.07 0.07 0.07 0.07 0.07
  per-rule acc: 0.09 0.05
Epoch 840 | Train: Loss=0.0021 Acc=100.0% | Test: Acc=6.8% | Best=6.8%(@820)
  from x3: 0.10 0.07 0.06 0.07 0.06 0.07 0.07 0.07 0.07 0.07 0.07 0.07 0.07 0.07 0.07 0.07 0.07 0.07 0.07 0.07 0.07 0.07 0.07 0.07 0.07 0.07 0.07 0.07 0.07
  per-rule acc: 0.08 0.05
Epoch 860 | Train: Loss=0.0056 Acc=100.0% | Test: Acc=6.9% | Best=6.9%(@860)
  from x3: 0.10 0.07 0.06 0.07 0.07 0.07 0.07 0.07 0.07 0.07 0.07 0.07 0.07 0.07 0.07 0.07 0.07 0.07 0.07 0.07 0.07 0.07 0.07 0.07 0.07 0.07 0.07 0.07 0.07
  per-rule acc: 0.09 0.05
Epoch 880 | Train: Loss=0.0021 Acc=100.0% | Test: Acc=7.3% | Best=7.3%(@880)
  from x3: 0.09 0.07 0.07 0.07 0.07 0.07 0.07 0.07 0.07 0.07 0.07 0.07 0.07 0.07 0.07 0.07 0.07 0.07 0.07 0.07 0.07 0.07 0.07 0.07 0.07 0.07 0.07 0.07 0.07
  per-rule acc: 0.09 0.06
Epoch 900 | Train: Loss=0.0023 Acc=100.0% | Test: Acc=7.8% | Best=7.8%(@900)
  from x3: 0.09 0.07 0.08 0.07 0.08 0.08 0.08 0.08 0.08 0.08 0.08 0.08 0.08 0.08 0.08 0.08 0.08 0.08 0.08 0.08 0.08 0.08 0.08 0.08 0.08 0.08 0.08 0.08 0.08
  per-rule acc: 0.10 0.05
Epoch 920 | Train: Loss=0.0017 Acc=100.0% | Test: Acc=8.0% | Best=8.0%(@920)
  from x3: 0.11 0.08 0.08 0.08 0.08 0.08 0.08 0.07 0.08 0.08 0.08 0.08 0.08 0.08 0.08 0.08 0.08 0.08 0.08 0.08 0.08 0.08 0.08 0.08 0.08 0.08 0.08 0.08 0.08
  per-rule acc: 0.10 0.06
Epoch 940 | Train: Loss=0.0022 Acc=100.0% | Test: Acc=8.3% | Best=8.3%(@940)
  from x3: 0.11 0.09 0.08 0.08 0.08 0.08 0.08 0.08 0.08 0.08 0.08 0.08 0.08 0.08 0.08 0.08 0.08 0.08 0.08 0.08 0.08 0.08 0.08 0.08 0.08 0.08 0.08 0.08 0.08
  per-rule acc: 0.11 0.06
Epoch 960 | Train: Loss=0.0066 Acc=99.9% | Test: Acc=8.3% | Best=8.3%(@940)
  from x3: 0.11 0.09 0.08 0.08 0.08 0.08 0.08 0.08 0.08 0.08 0.08 0.08 0.08 0.08 0.08 0.08 0.08 0.08 0.08 0.08 0.08 0.08 0.08 0.08 0.08 0.08 0.08 0.08 0.08
  per-rule acc: 0.11 0.06
Epoch 980 | Train: Loss=0.0020 Acc=100.0% | Test: Acc=8.6% | Best=8.6%(@980)
  from x3: 0.12 0.09 0.09 0.09 0.09 0.09 0.08 0.08 0.09 0.08 0.08 0.08 0.08 0.08 0.08 0.08 0.08 0.08 0.08 0.09 0.08 0.08 0.08 0.08 0.08 0.08 0.08 0.08 0.08
  per-rule acc: 0.11 0.06
Epoch 1000 | Train: Loss=0.0022 Acc=100.0% | Test: Acc=8.9% | Best=8.9%(@1000)
  from x3: 0.11 0.09 0.09 0.09 0.09 0.09 0.09 0.09 0.09 0.09 0.09 0.09 0.09 0.09 0.09 0.09 0.09 0.09 0.09 0.09 0.09 0.09 0.09 0.09 0.09 0.09 0.09 0.09 0.09
  per-rule acc: 0.11 0.06
Epoch 1020 | Train: Loss=0.0015 Acc=100.0% | Test: Acc=9.5% | Best=9.5%(@1020)
  from x3: 0.13 0.10 0.10 0.10 0.10 0.10 0.10 0.09 0.09 0.09 0.09 0.09 0.09 0.09 0.09 0.09 0.09 0.09 0.09 0.09 0.09 0.09 0.09 0.09 0.09 0.09 0.09 0.09 0.09
  per-rule acc: 0.12 0.07
Epoch 1040 | Train: Loss=0.0021 Acc=100.0% | Test: Acc=10.0% | Best=10.0%(@1040)
  from x3: 0.13 0.10 0.10 0.10 0.10 0.10 0.10 0.10 0.10 0.10 0.10 0.10 0.10 0.10 0.10 0.10 0.10 0.10 0.10 0.10 0.10 0.10 0.10 0.10 0.10 0.10 0.10 0.10 0.10
  per-rule acc: 0.13 0.07
Epoch 1060 | Train: Loss=0.0133 Acc=99.9% | Test: Acc=11.6% | Best=11.6%(@1060)
  from x3: 0.14 0.11 0.11 0.11 0.11 0.11 0.11 0.12 0.12 0.12 0.12 0.12 0.12 0.12 0.11 0.12 0.12 0.12 0.12 0.12 0.12 0.11 0.12 0.12 0.11 0.12 0.11 0.11 0.11
  per-rule acc: 0.15 0.08
Epoch 1080 | Train: Loss=0.0017 Acc=100.0% | Test: Acc=10.8% | Best=11.6%(@1060)
  from x3: 0.14 0.11 0.11 0.11 0.11 0.11 0.11 0.11 0.11 0.11 0.11 0.11 0.11 0.11 0.11 0.11 0.11 0.11 0.11 0.11 0.11 0.11 0.11 0.11 0.11 0.11 0.10 0.11 0.11
  per-rule acc: 0.15 0.07
Epoch 1100 | Train: Loss=0.0021 Acc=100.0% | Test: Acc=11.0% | Best=11.6%(@1060)
  from x3: 0.13 0.11 0.11 0.11 0.11 0.11 0.11 0.11 0.11 0.11 0.11 0.11 0.11 0.11 0.11 0.11 0.11 0.11 0.11 0.11 0.11 0.11 0.11 0.11 0.11 0.11 0.11 0.11 0.11
  per-rule acc: 0.14 0.08
Epoch 1120 | Train: Loss=0.0019 Acc=100.0% | Test: Acc=11.1% | Best=11.6%(@1060)
  from x3: 0.15 0.11 0.11 0.11 0.11 0.11 0.11 0.11 0.11 0.11 0.11 0.11 0.11 0.11 0.11 0.11 0.11 0.11 0.11 0.11 0.11 0.11 0.11 0.11 0.11 0.11 0.11 0.11 0.11
  per-rule acc: 0.16 0.07
Epoch 1140 | Train: Loss=0.0018 Acc=100.0% | Test: Acc=11.6% | Best=11.6%(@1060)
  from x3: 0.15 0.12 0.11 0.11 0.11 0.11 0.11 0.11 0.11 0.11 0.11 0.11 0.11 0.11 0.11 0.11 0.11 0.11 0.12 0.12 0.12 0.12 0.12 0.12 0.12 0.12 0.12 0.12 0.11
  per-rule acc: 0.16 0.07
Epoch 1160 | Train: Loss=0.0082 Acc=99.9% | Test: Acc=11.3% | Best=11.6%(@1060)
  from x3: 0.14 0.11 0.11 0.11 0.11 0.11 0.12 0.12 0.11 0.11 0.11 0.11 0.11 0.11 0.11 0.11 0.11 0.11 0.11 0.11 0.11 0.11 0.11 0.11 0.11 0.11 0.11 0.11 0.11
  per-rule acc: 0.15 0.07
Epoch 1180 | Train: Loss=0.0018 Acc=100.0% | Test: Acc=12.3% | Best=12.3%(@1180)
  from x3: 0.15 0.12 0.12 0.12 0.12 0.12 0.12 0.12 0.12 0.12 0.12 0.12 0.12 0.12 0.12 0.12 0.12 0.12 0.12 0.12 0.12 0.12 0.12 0.12 0.12 0.12 0.12 0.12 0.12
  per-rule acc: 0.16 0.08
Epoch 1200 | Train: Loss=0.0021 Acc=100.0% | Test: Acc=12.7% | Best=12.7%(@1200)
  from x3: 0.14 0.13 0.12 0.13 0.13 0.13 0.13 0.12 0.13 0.13 0.12 0.13 0.12 0.13 0.12 0.13 0.13 0.13 0.13 0.13 0.13 0.13 0.13 0.13 0.13 0.13 0.13 0.13 0.13
  per-rule acc: 0.17 0.09
Epoch 1220 | Train: Loss=0.0014 Acc=100.0% | Test: Acc=13.5% | Best=13.5%(@1220)
  from x3: 0.17 0.14 0.13 0.13 0.13 0.13 0.13 0.13 0.13 0.13 0.13 0.13 0.13 0.14 0.13 0.13 0.13 0.13 0.13 0.13 0.13 0.14 0.14 0.14 0.13 0.13 0.13 0.13 0.13
  per-rule acc: 0.18 0.09
Epoch 1240 | Train: Loss=0.0018 Acc=100.0% | Test: Acc=14.0% | Best=14.0%(@1240)
  from x3: 0.17 0.14 0.14 0.14 0.14 0.14 0.14 0.14 0.14 0.14 0.14 0.14 0.14 0.14 0.14 0.14 0.14 0.14 0.14 0.14 0.14 0.14 0.14 0.14 0.14 0.14 0.14 0.14 0.14
  per-rule acc: 0.19 0.09
Epoch 1260 | Train: Loss=0.0020 Acc=100.0% | Test: Acc=14.3% | Best=14.3%(@1260)
  from x3: 0.17 0.14 0.14 0.15 0.14 0.14 0.14 0.14 0.14 0.14 0.14 0.14 0.14 0.14 0.14 0.14 0.14 0.14 0.14 0.14 0.14 0.14 0.14 0.14 0.14 0.14 0.14 0.14 0.14
  per-rule acc: 0.20 0.09
Epoch 1280 | Train: Loss=0.0325 Acc=99.8% | Test: Acc=13.5% | Best=14.3%(@1260)
  from x3: 0.15 0.13 0.13 0.13 0.13 0.13 0.13 0.13 0.13 0.13 0.13 0.13 0.13 0.14 0.14 0.14 0.14 0.14 0.14 0.14 0.14 0.14 0.14 0.14 0.14 0.14 0.14 0.14 0.14
  per-rule acc: 0.18 0.09
Epoch 1300 | Train: Loss=0.0017 Acc=100.0% | Test: Acc=15.2% | Best=15.2%(@1300)
  from x3: 0.17 0.15 0.15 0.15 0.15 0.15 0.15 0.15 0.15 0.15 0.15 0.15 0.15 0.15 0.15 0.15 0.15 0.15 0.15 0.15 0.15 0.15 0.15 0.15 0.15 0.15 0.15 0.15 0.15
  per-rule acc: 0.20 0.10
Epoch 1320 | Train: Loss=0.0021 Acc=100.0% | Test: Acc=15.7% | Best=15.7%(@1320)
  from x3: 0.17 0.16 0.15 0.16 0.16 0.16 0.16 0.16 0.16 0.16 0.16 0.16 0.15 0.16 0.16 0.16 0.16 0.15 0.15 0.16 0.16 0.16 0.16 0.16 0.16 0.16 0.16 0.16 0.16
  per-rule acc: 0.21 0.11
Epoch 1340 | Train: Loss=0.0054 Acc=99.9% | Test: Acc=15.9% | Best=15.9%(@1340)
  from x3: 0.18 0.16 0.15 0.16 0.16 0.16 0.16 0.16 0.16 0.16 0.16 0.16 0.16 0.16 0.16 0.16 0.16 0.16 0.16 0.16 0.16 0.16 0.16 0.16 0.16 0.16 0.16 0.16 0.16
  per-rule acc: 0.22 0.10
Epoch 1360 | Train: Loss=0.0016 Acc=100.0% | Test: Acc=16.7% | Best=16.7%(@1360)
  from x3: 0.19 0.16 0.17 0.17 0.17 0.16 0.16 0.16 0.17 0.17 0.17 0.17 0.17 0.17 0.17 0.17 0.17 0.17 0.17 0.17 0.17 0.17 0.17 0.17 0.17 0.17 0.17 0.17 0.17
  per-rule acc: 0.22 0.11
Epoch 1380 | Train: Loss=0.0020 Acc=100.0% | Test: Acc=17.5% | Best=17.5%(@1380)
  from x3: 0.19 0.17 0.18 0.17 0.17 0.17 0.17 0.17 0.17 0.17 0.17 0.17 0.17 0.18 0.17 0.18 0.18 0.18 0.18 0.18 0.18 0.18 0.18 0.18 0.18 0.18 0.18 0.17 0.18
  per-rule acc: 0.23 0.12
Epoch 1400 | Train: Loss=0.0016 Acc=100.0% | Test: Acc=18.4% | Best=18.4%(@1400)
  from x3: 0.22 0.19 0.18 0.18 0.18 0.18 0.18 0.18 0.18 0.18 0.18 0.18 0.18 0.18 0.18 0.18 0.18 0.18 0.18 0.18 0.18 0.18 0.18 0.19 0.19 0.18 0.18 0.18 0.18
  per-rule acc: 0.25 0.11
Epoch 1420 | Train: Loss=0.0018 Acc=100.0% | Test: Acc=18.5% | Best=18.5%(@1420)
  from x3: 0.21 0.19 0.18 0.18 0.18 0.18 0.18 0.18 0.18 0.18 0.18 0.18 0.18 0.18 0.18 0.18 0.18 0.19 0.18 0.18 0.18 0.18 0.18 0.18 0.18 0.18 0.18 0.18 0.19
  per-rule acc: 0.25 0.12
Epoch 1440 | Train: Loss=0.0021 Acc=100.0% | Test: Acc=18.9% | Best=18.9%(@1440)
  from x3: 0.21 0.19 0.19 0.19 0.19 0.18 0.19 0.19 0.19 0.18 0.19 0.19 0.19 0.19 0.19 0.19 0.19 0.19 0.19 0.19 0.19 0.19 0.19 0.19 0.19 0.19 0.19 0.19 0.19
  per-rule acc: 0.24 0.14
Epoch 1460 | Train: Loss=0.0017 Acc=100.0% | Test: Acc=19.6% | Best=19.6%(@1460)
  from x3: 0.22 0.20 0.19 0.19 0.19 0.19 0.19 0.19 0.19 0.20 0.20 0.19 0.20 0.20 0.20 0.20 0.20 0.20 0.20 0.20 0.20 0.20 0.20 0.20 0.20 0.20 0.20 0.19 0.19
  per-rule acc: 0.27 0.12
Epoch 1480 | Train: Loss=0.0018 Acc=100.0% | Test: Acc=19.6% | Best=19.6%(@1480)
  from x3: 0.22 0.19 0.19 0.19 0.19 0.19 0.19 0.19 0.19 0.20 0.19 0.19 0.19 0.20 0.20 0.20 0.20 0.20 0.20 0.20 0.20 0.20 0.20 0.20 0.20 0.20 0.20 0.20 0.20
  per-rule acc: 0.26 0.14
Epoch 1500 | Train: Loss=0.0020 Acc=100.0% | Test: Acc=19.9% | Best=19.9%(@1500)
  from x3: 0.21 0.20 0.19 0.19 0.19 0.19 0.19 0.19 0.19 0.20 0.20 0.20 0.20 0.20 0.20 0.20 0.20 0.20 0.20 0.20 0.20 0.20 0.20 0.20 0.20 0.20 0.20 0.21 0.20
  per-rule acc: 0.25 0.15
Epoch 1520 | Train: Loss=0.0014 Acc=100.0% | Test: Acc=21.3% | Best=21.3%(@1520)
  from x3: 0.24 0.21 0.21 0.21 0.21 0.21 0.21 0.21 0.21 0.21 0.21 0.21 0.21 0.21 0.21 0.21 0.21 0.21 0.21 0.21 0.21 0.21 0.21 0.21 0.21 0.21 0.21 0.21 0.21
  per-rule acc: 0.29 0.13
Epoch 1540 | Train: Loss=0.0018 Acc=100.0% | Test: Acc=22.0% | Best=22.0%(@1540)
  from x3: 0.24 0.22 0.22 0.22 0.22 0.22 0.22 0.22 0.22 0.22 0.21 0.22 0.22 0.22 0.22 0.22 0.22 0.22 0.22 0.22 0.22 0.22 0.22 0.22 0.22 0.22 0.22 0.22 0.22
  per-rule acc: 0.28 0.16
Epoch 1560 | Train: Loss=0.0062 Acc=100.0% | Test: Acc=22.3% | Best=22.3%(@1560)
  from x3: 0.24 0.22 0.22 0.22 0.22 0.22 0.22 0.22 0.22 0.22 0.22 0.22 0.22 0.22 0.22 0.22 0.22 0.22 0.22 0.22 0.22 0.22 0.22 0.22 0.22 0.22 0.22 0.22 0.22
  per-rule acc: 0.32 0.13
Epoch 1580 | Train: Loss=0.0017 Acc=100.0% | Test: Acc=23.4% | Best=23.4%(@1580)
  from x3: 0.25 0.23 0.23 0.23 0.23 0.23 0.23 0.23 0.23 0.23 0.23 0.23 0.23 0.24 0.24 0.24 0.24 0.23 0.24 0.24 0.23 0.24 0.23 0.23 0.23 0.23 0.23 0.23 0.23
  per-rule acc: 0.31 0.16
Epoch 1600 | Train: Loss=0.0015 Acc=100.0% | Test: Acc=23.2% | Best=23.4%(@1580)
  from x3: 0.25 0.23 0.22 0.23 0.23 0.23 0.23 0.23 0.23 0.23 0.23 0.23 0.23 0.23 0.23 0.23 0.23 0.23 0.23 0.23 0.23 0.23 0.24 0.23 0.23 0.24 0.23 0.24 0.23
  per-rule acc: 0.32 0.15
Epoch 1620 | Train: Loss=0.0020 Acc=100.0% | Test: Acc=24.1% | Best=24.1%(@1620)
  from x3: 0.26 0.24 0.23 0.23 0.23 0.24 0.24 0.24 0.24 0.24 0.24 0.24 0.24 0.24 0.24 0.24 0.24 0.24 0.24 0.24 0.24 0.24 0.24 0.24 0.24 0.24 0.24 0.24 0.24
  per-rule acc: 0.31 0.18
Epoch 1640 | Train: Loss=0.0020 Acc=100.0% | Test: Acc=25.7% | Best=25.7%(@1640)
  from x3: 0.28 0.25 0.25 0.25 0.25 0.25 0.26 0.25 0.26 0.26 0.26 0.26 0.26 0.26 0.26 0.26 0.26 0.25 0.26 0.26 0.26 0.26 0.26 0.26 0.26 0.26 0.26 0.26 0.26
  per-rule acc: 0.35 0.16
Epoch 1660 | Train: Loss=0.0018 Acc=100.0% | Test: Acc=26.6% | Best=26.6%(@1660)
  from x3: 0.28 0.26 0.26 0.26 0.26 0.26 0.26 0.26 0.26 0.26 0.26 0.27 0.26 0.27 0.26 0.27 0.27 0.27 0.27 0.27 0.26 0.27 0.27 0.27 0.27 0.27 0.27 0.27 0.27
  per-rule acc: 0.34 0.19
Epoch 1680 | Train: Loss=0.0020 Acc=100.0% | Test: Acc=27.0% | Best=27.0%(@1680)
  from x3: 0.28 0.27 0.27 0.26 0.27 0.27 0.27 0.27 0.27 0.27 0.27 0.27 0.27 0.27 0.27 0.27 0.27 0.27 0.27 0.27 0.27 0.27 0.27 0.27 0.27 0.27 0.27 0.27 0.27
  per-rule acc: 0.34 0.20
Epoch 1700 | Train: Loss=0.0013 Acc=100.0% | Test: Acc=29.8% | Best=29.8%(@1700)
  from x3: 0.31 0.29 0.29 0.29 0.29 0.30 0.30 0.30 0.30 0.30 0.30 0.30 0.30 0.30 0.30 0.30 0.30 0.30 0.30 0.30 0.30 0.30 0.30 0.30 0.30 0.30 0.30 0.30 0.30
  per-rule acc: 0.40 0.20
Epoch 1720 | Train: Loss=0.0018 Acc=100.0% | Test: Acc=30.4% | Best=30.4%(@1720)
  from x3: 0.32 0.30 0.30 0.30 0.30 0.30 0.30 0.30 0.30 0.30 0.30 0.30 0.30 0.31 0.30 0.30 0.30 0.30 0.30 0.30 0.30 0.30 0.30 0.30 0.30 0.31 0.31 0.31 0.31
  per-rule acc: 0.38 0.22
Epoch 1740 | Train: Loss=0.0013 Acc=100.0% | Test: Acc=29.0% | Best=30.4%(@1720)
  from x3: 0.31 0.29 0.29 0.28 0.29 0.28 0.28 0.28 0.29 0.29 0.29 0.29 0.29 0.29 0.29 0.29 0.29 0.29 0.29 0.29 0.29 0.29 0.29 0.29 0.29 0.29 0.29 0.29 0.29
  per-rule acc: 0.40 0.18
Epoch 1760 | Train: Loss=0.0019 Acc=100.0% | Test: Acc=30.0% | Best=30.4%(@1720)
  from x3: 0.31 0.29 0.29 0.29 0.30 0.30 0.30 0.30 0.30 0.30 0.30 0.30 0.30 0.30 0.30 0.30 0.30 0.30 0.30 0.30 0.30 0.30 0.30 0.30 0.30 0.30 0.30 0.30 0.30
  per-rule acc: 0.38 0.22
Epoch 1780 | Train: Loss=0.1210 Acc=98.4% | Test: Acc=24.2% | Best=30.4%(@1720)
  from x3: 0.25 0.24 0.24 0.24 0.24 0.24 0.24 0.24 0.24 0.24 0.24 0.24 0.24 0.24 0.24 0.24 0.24 0.24 0.24 0.24 0.24 0.24 0.24 0.24 0.24 0.24 0.24 0.24 0.24
  per-rule acc: 0.32 0.17
Epoch 1800 | Train: Loss=0.0015 Acc=100.0% | Test: Acc=31.8% | Best=31.8%(@1800)
  from x3: 0.32 0.31 0.31 0.31 0.31 0.32 0.32 0.31 0.32 0.32 0.32 0.32 0.32 0.32 0.32 0.32 0.32 0.32 0.32 0.32 0.32 0.32 0.32 0.32 0.32 0.32 0.32 0.32 0.32
  per-rule acc: 0.42 0.21
Epoch 1820 | Train: Loss=0.0019 Acc=100.0% | Test: Acc=32.3% | Best=32.3%(@1820)
  from x3: 0.33 0.32 0.32 0.32 0.32 0.32 0.32 0.32 0.32 0.33 0.32 0.32 0.32 0.32 0.32 0.32 0.32 0.33 0.32 0.33 0.32 0.32 0.33 0.33 0.33 0.32 0.32 0.33 0.32
  per-rule acc: 0.41 0.24
Epoch 1840 | Train: Loss=0.0204 Acc=99.8% | Test: Acc=31.4% | Best=32.3%(@1820)
  from x3: 0.32 0.31 0.31 0.31 0.31 0.31 0.31 0.31 0.31 0.31 0.31 0.31 0.31 0.31 0.31 0.31 0.31 0.31 0.31 0.31 0.32 0.32 0.31 0.31 0.32 0.32 0.32 0.32 0.32
  per-rule acc: 0.42 0.21
Epoch 1860 | Train: Loss=0.0016 Acc=100.0% | Test: Acc=35.6% | Best=35.6%(@1860)
  from x3: 0.36 0.35 0.36 0.35 0.35 0.35 0.35 0.36 0.36 0.36 0.36 0.36 0.35 0.36 0.36 0.36 0.36 0.36 0.36 0.36 0.36 0.36 0.36 0.36 0.36 0.36 0.36 0.36 0.36
  per-rule acc: 0.46 0.25
Epoch 1880 | Train: Loss=0.0020 Acc=100.0% | Test: Acc=36.6% | Best=36.6%(@1880)
  from x3: 0.37 0.36 0.36 0.36 0.37 0.36 0.36 0.37 0.36 0.36 0.36 0.36 0.36 0.36 0.36 0.37 0.37 0.37 0.37 0.37 0.37 0.37 0.37 0.37 0.37 0.37 0.37 0.37 0.37
  per-rule acc: 0.45 0.28
Epoch 1900 | Train: Loss=0.0125 Acc=99.9% | Test: Acc=33.4% | Best=36.6%(@1880)
  from x3: 0.35 0.33 0.33 0.33 0.33 0.33 0.33 0.33 0.33 0.33 0.33 0.34 0.33 0.34 0.34 0.34 0.34 0.33 0.34 0.34 0.34 0.33 0.33 0.33 0.33 0.33 0.33 0.33 0.33
  per-rule acc: 0.45 0.21
Epoch 1920 | Train: Loss=0.0013 Acc=100.0% | Test: Acc=36.7% | Best=36.7%(@1920)
  from x3: 0.37 0.37 0.36 0.37 0.37 0.36 0.36 0.37 0.37 0.37 0.37 0.37 0.37 0.37 0.37 0.37 0.37 0.37 0.37 0.37 0.37 0.37 0.37 0.37 0.37 0.37 0.37 0.37 0.37
  per-rule acc: 0.48 0.26
Epoch 1940 | Train: Loss=0.0019 Acc=100.0% | Test: Acc=38.4% | Best=38.4%(@1940)
  from x3: 0.39 0.38 0.38 0.38 0.37 0.38 0.38 0.38 0.38 0.38 0.38 0.38 0.38 0.39 0.38 0.39 0.39 0.39 0.39 0.38 0.39 0.39 0.39 0.38 0.39 0.39 0.38 0.39 0.39
  per-rule acc: 0.47 0.29
Epoch 1960 | Train: Loss=0.0014 Acc=100.0% | Test: Acc=37.5% | Best=38.4%(@1940)
  from x3: 0.38 0.36 0.37 0.38 0.37 0.37 0.37 0.37 0.37 0.37 0.38 0.37 0.37 0.37 0.37 0.38 0.37 0.37 0.37 0.38 0.38 0.38 0.38 0.38 0.38 0.38 0.38 0.38 0.38
  per-rule acc: 0.50 0.25
Epoch 1980 | Train: Loss=0.0019 Acc=100.0% | Test: Acc=37.7% | Best=38.4%(@1940)
  from x3: 0.38 0.37 0.37 0.38 0.37 0.37 0.38 0.37 0.38 0.38 0.38 0.38 0.38 0.38 0.38 0.38 0.38 0.38 0.38 0.38 0.38 0.38 0.38 0.38 0.38 0.38 0.38 0.38 0.38
  per-rule acc: 0.47 0.28
Epoch 2000 | Train: Loss=0.0020 Acc=100.0% | Test: Acc=40.0% | Best=40.0%(@2000)
  from x3: 0.40 0.40 0.39 0.39 0.39 0.39 0.39 0.40 0.40 0.40 0.40 0.40 0.40 0.40 0.40 0.40 0.40 0.40 0.40 0.40 0.40 0.41 0.41 0.41 0.41 0.40 0.40 0.41 0.40
  per-rule acc: 0.48 0.33
Epoch 2020 | Train: Loss=0.0013 Acc=100.0% | Test: Acc=42.6% | Best=42.6%(@2020)
  from x3: 0.41 0.42 0.42 0.43 0.43 0.42 0.42 0.42 0.42 0.42 0.43 0.43 0.43 0.43 0.43 0.43 0.43 0.43 0.43 0.43 0.43 0.43 0.43 0.43 0.43 0.43 0.43 0.43 0.43
  per-rule acc: 0.54 0.31
Epoch 2040 | Train: Loss=0.0019 Acc=100.0% | Test: Acc=42.5% | Best=42.6%(@2020)
  from x3: 0.42 0.41 0.41 0.42 0.42 0.42 0.43 0.43 0.43 0.43 0.43 0.43 0.43 0.43 0.43 0.43 0.43 0.43 0.43 0.43 0.43 0.43 0.43 0.43 0.43 0.43 0.43 0.43 0.43
  per-rule acc: 0.51 0.34
Epoch 2060 | Train: Loss=0.0126 Acc=99.8% | Test: Acc=40.4% | Best=42.6%(@2020)
  from x3: 0.40 0.40 0.39 0.40 0.40 0.40 0.40 0.40 0.41 0.41 0.40 0.40 0.41 0.40 0.41 0.40 0.40 0.40 0.41 0.40 0.40 0.40 0.40 0.40 0.41 0.41 0.41 0.41 0.41
  per-rule acc: 0.52 0.29
Epoch 2080 | Train: Loss=0.0016 Acc=100.0% | Test: Acc=43.6% | Best=43.6%(@2080)
  from x3: 0.44 0.43 0.43 0.44 0.44 0.44 0.44 0.43 0.43 0.44 0.43 0.44 0.44 0.44 0.44 0.44 0.44 0.44 0.44 0.44 0.44 0.44 0.44 0.44 0.44 0.44 0.44 0.44 0.43
  per-rule acc: 0.53 0.34
Epoch 2100 | Train: Loss=0.0016 Acc=100.0% | Test: Acc=43.6% | Best=43.6%(@2100)
  from x3: 0.45 0.43 0.43 0.43 0.43 0.44 0.44 0.43 0.44 0.44 0.44 0.44 0.44 0.44 0.44 0.44 0.44 0.44 0.44 0.44 0.44 0.44 0.44 0.44 0.44 0.44 0.44 0.44 0.44
  per-rule acc: 0.56 0.31
Epoch 2120 | Train: Loss=0.0019 Acc=100.0% | Test: Acc=44.7% | Best=44.7%(@2120)
  from x3: 0.45 0.44 0.44 0.45 0.45 0.45 0.44 0.44 0.44 0.44 0.45 0.45 0.45 0.45 0.45 0.45 0.45 0.45 0.45 0.45 0.45 0.45 0.45 0.45 0.45 0.45 0.45 0.45 0.45
  per-rule acc: 0.54 0.36
Epoch 2140 | Train: Loss=0.0344 Acc=99.7% | Test: Acc=39.1% | Best=44.7%(@2120)
  from x3: 0.38 0.38 0.39 0.38 0.39 0.39 0.39 0.39 0.39 0.39 0.39 0.39 0.39 0.39 0.39 0.39 0.39 0.39 0.39 0.39 0.39 0.39 0.39 0.39 0.39 0.39 0.39 0.39 0.39
  per-rule acc: 0.51 0.27
Epoch 2160 | Train: Loss=0.0014 Acc=100.0% | Test: Acc=46.6% | Best=46.6%(@2160)
  from x3: 0.47 0.46 0.47 0.46 0.47 0.46 0.46 0.46 0.46 0.46 0.47 0.47 0.47 0.47 0.47 0.47 0.47 0.47 0.47 0.47 0.47 0.47 0.47 0.47 0.46 0.47 0.47 0.47 0.47
  per-rule acc: 0.57 0.36
Epoch 2180 | Train: Loss=0.0019 Acc=100.0% | Test: Acc=47.8% | Best=47.8%(@2180)
  from x3: 0.49 0.47 0.48 0.47 0.47 0.47 0.47 0.48 0.48 0.48 0.48 0.48 0.48 0.48 0.48 0.48 0.48 0.48 0.48 0.48 0.48 0.48 0.48 0.48 0.48 0.48 0.48 0.48 0.48
  per-rule acc: 0.56 0.40
Epoch 2200 | Train: Loss=0.0142 Acc=99.9% | Test: Acc=44.2% | Best=47.8%(@2180)
  from x3: 0.43 0.43 0.44 0.44 0.44 0.43 0.44 0.44 0.44 0.44 0.44 0.44 0.44 0.45 0.45 0.45 0.44 0.44 0.44 0.44 0.44 0.45 0.44 0.44 0.44 0.45 0.45 0.45 0.45
  per-rule acc: 0.58 0.31
Epoch 2220 | Train: Loss=0.0017 Acc=100.0% | Test: Acc=48.7% | Best=48.7%(@2220)
  from x3: 0.48 0.48 0.48 0.48 0.48 0.49 0.48 0.48 0.49 0.49 0.49 0.49 0.49 0.49 0.48 0.49 0.49 0.49 0.49 0.49 0.49 0.49 0.49 0.49 0.49 0.49 0.49 0.49 0.49
  per-rule acc: 0.59 0.39
Epoch 2240 | Train: Loss=0.0020 Acc=100.0% | Test: Acc=50.7% | Best=50.7%(@2240)
  from x3: 0.50 0.50 0.50 0.50 0.50 0.50 0.50 0.51 0.50 0.51 0.51 0.51 0.51 0.50 0.51 0.51 0.51 0.51 0.51 0.51 0.51 0.51 0.51 0.51 0.51 0.51 0.51 0.51 0.51
  per-rule acc: 0.59 0.43
Epoch 2260 | Train: Loss=0.0016 Acc=100.0% | Test: Acc=49.4% | Best=50.7%(@2240)
  from x3: 0.50 0.49 0.48 0.49 0.49 0.49 0.49 0.49 0.49 0.49 0.49 0.49 0.49 0.49 0.49 0.50 0.50 0.50 0.50 0.50 0.49 0.50 0.50 0.50 0.50 0.50 0.50 0.50 0.50
  per-rule acc: 0.63 0.36
Epoch 2280 | Train: Loss=0.0017 Acc=100.0% | Test: Acc=51.7% | Best=51.7%(@2280)
  from x3: 0.52 0.50 0.51 0.51 0.52 0.52 0.52 0.52 0.52 0.52 0.52 0.52 0.52 0.52 0.52 0.52 0.52 0.52 0.52 0.52 0.52 0.52 0.52 0.52 0.52 0.52 0.52 0.52 0.52
  per-rule acc: 0.61 0.42
Epoch 2300 | Train: Loss=0.0020 Acc=100.0% | Test: Acc=53.5% | Best=53.5%(@2300)
  from x3: 0.52 0.52 0.52 0.53 0.53 0.53 0.54 0.53 0.54 0.53 0.53 0.53 0.54 0.54 0.54 0.54 0.54 0.54 0.54 0.54 0.54 0.54 0.54 0.54 0.54 0.54 0.54 0.54 0.54
  per-rule acc: 0.60 0.47
Epoch 2320 | Train: Loss=0.0013 Acc=100.0% | Test: Acc=53.6% | Best=53.6%(@2320)
  from x3: 0.54 0.53 0.53 0.53 0.53 0.53 0.53 0.54 0.53 0.54 0.54 0.54 0.54 0.54 0.54 0.54 0.54 0.54 0.54 0.54 0.54 0.54 0.54 0.54 0.54 0.54 0.54 0.54 0.54
  per-rule acc: 0.66 0.41
Epoch 2340 | Train: Loss=0.0017 Acc=100.0% | Test: Acc=54.2% | Best=54.2%(@2340)
  from x3: 0.54 0.53 0.54 0.54 0.54 0.54 0.54 0.54 0.54 0.54 0.54 0.54 0.54 0.54 0.54 0.54 0.54 0.54 0.54 0.54 0.54 0.54 0.55 0.55 0.54 0.55 0.54 0.54 0.54
  per-rule acc: 0.63 0.45
Epoch 2360 | Train: Loss=0.0723 Acc=99.3% | Test: Acc=43.5% | Best=54.2%(@2340)
  from x3: 0.43 0.42 0.43 0.43 0.43 0.43 0.43 0.43 0.43 0.43 0.43 0.43 0.44 0.44 0.44 0.44 0.44 0.44 0.44 0.44 0.44 0.44 0.44 0.44 0.44 0.44 0.44 0.44 0.44
  per-rule acc: 0.51 0.36
Epoch 2380 | Train: Loss=0.0013 Acc=100.0% | Test: Acc=55.4% | Best=55.4%(@2380)
  from x3: 0.55 0.54 0.55 0.55 0.55 0.55 0.55 0.55 0.55 0.55 0.55 0.55 0.55 0.55 0.55 0.56 0.55 0.56 0.56 0.56 0.56 0.56 0.56 0.56 0.56 0.56 0.56 0.56 0.56
  per-rule acc: 0.67 0.44
Epoch 2400 | Train: Loss=0.0018 Acc=100.0% | Test: Acc=56.8% | Best=56.8%(@2400)
  from x3: 0.56 0.56 0.57 0.56 0.56 0.57 0.57 0.57 0.57 0.57 0.57 0.57 0.57 0.57 0.57 0.57 0.57 0.57 0.57 0.57 0.57 0.57 0.57 0.57 0.57 0.57 0.57 0.57 0.57
  per-rule acc: 0.65 0.49
Epoch 2420 | Train: Loss=0.0014 Acc=100.0% | Test: Acc=56.5% | Best=56.8%(@2400)
  from x3: 0.57 0.55 0.56 0.56 0.55 0.56 0.56 0.56 0.56 0.56 0.56 0.56 0.57 0.57 0.57 0.57 0.56 0.57 0.57 0.57 0.57 0.57 0.57 0.57 0.57 0.57 0.57 0.57 0.57
  per-rule acc: 0.69 0.44
Epoch 2440 | Train: Loss=0.0019 Acc=100.0% | Test: Acc=57.4% | Best=57.4%(@2440)
  from x3: 0.56 0.57 0.57 0.57 0.57 0.57 0.57 0.57 0.57 0.57 0.57 0.58 0.58 0.57 0.58 0.58 0.58 0.58 0.58 0.58 0.58 0.58 0.58 0.58 0.58 0.58 0.58 0.58 0.58
  per-rule acc: 0.67 0.48
Epoch 2460 | Train: Loss=0.1436 Acc=98.6% | Test: Acc=45.1% | Best=57.4%(@2440)
  from x3: 0.43 0.45 0.45 0.45 0.45 0.45 0.45 0.45 0.45 0.45 0.45 0.45 0.45 0.45 0.45 0.45 0.45 0.45 0.45 0.45 0.46 0.45 0.46 0.46 0.46 0.45 0.45 0.46 0.46
  per-rule acc: 0.52 0.38
Epoch 2480 | Train: Loss=0.0015 Acc=100.0% | Test: Acc=59.4% | Best=59.4%(@2480)
  from x3: 0.59 0.59 0.58 0.58 0.58 0.59 0.59 0.59 0.59 0.59 0.59 0.59 0.60 0.60 0.60 0.60 0.60 0.60 0.60 0.60 0.60 0.60 0.60 0.60 0.60 0.60 0.60 0.60 0.60
  per-rule acc: 0.72 0.46
Epoch 2500 | Train: Loss=0.0016 Acc=100.0% | Test: Acc=60.4% | Best=60.4%(@2500)
  from x3: 0.61 0.59 0.60 0.60 0.60 0.60 0.60 0.61 0.61 0.61 0.61 0.61 0.61 0.60 0.60 0.60 0.60 0.60 0.61 0.60 0.60 0.60 0.61 0.61 0.60 0.61 0.60 0.61 0.61
  per-rule acc: 0.69 0.52
Epoch 2520 | Train: Loss=0.0021 Acc=100.0% | Test: Acc=61.9% | Best=61.9%(@2520)
  from x3: 0.61 0.61 0.61 0.61 0.61 0.61 0.61 0.62 0.62 0.62 0.62 0.62 0.62 0.62 0.62 0.62 0.62 0.62 0.62 0.62 0.62 0.62 0.62 0.62 0.62 0.63 0.62 0.62 0.62
  per-rule acc: 0.68 0.55
Epoch 2540 | Train: Loss=0.0014 Acc=100.0% | Test: Acc=62.7% | Best=62.7%(@2540)
  from x3: 0.62 0.61 0.62 0.62 0.62 0.62 0.62 0.62 0.63 0.63 0.63 0.63 0.63 0.63 0.63 0.63 0.63 0.63 0.63 0.63 0.63 0.63 0.63 0.63 0.63 0.63 0.63 0.63 0.63
  per-rule acc: 0.73 0.53
Epoch 2560 | Train: Loss=0.0514 Acc=99.5% | Test: Acc=52.0% | Best=62.7%(@2540)
  from x3: 0.51 0.52 0.52 0.52 0.51 0.52 0.52 0.52 0.52 0.53 0.52 0.52 0.52 0.52 0.52 0.52 0.52 0.52 0.52 0.52 0.52 0.52 0.52 0.53 0.52 0.52 0.52 0.52 0.52
  per-rule acc: 0.62 0.42
Epoch 2580 | Train: Loss=0.0014 Acc=100.0% | Test: Acc=64.0% | Best=64.0%(@2580)
  from x3: 0.63 0.63 0.63 0.63 0.64 0.64 0.64 0.64 0.64 0.64 0.64 0.64 0.64 0.64 0.64 0.64 0.64 0.64 0.64 0.64 0.64 0.64 0.64 0.64 0.64 0.64 0.64 0.64 0.64
  per-rule acc: 0.74 0.54
Epoch 2600 | Train: Loss=0.0019 Acc=100.0% | Test: Acc=65.3% | Best=65.3%(@2600)
  from x3: 0.64 0.64 0.65 0.65 0.65 0.65 0.65 0.65 0.65 0.65 0.65 0.65 0.65 0.65 0.65 0.65 0.65 0.66 0.66 0.65 0.66 0.65 0.66 0.65 0.66 0.65 0.65 0.66 0.65
  per-rule acc: 0.73 0.57
Epoch 2620 | Train: Loss=0.0380 Acc=99.6% | Test: Acc=57.6% | Best=65.3%(@2600)
  from x3: 0.55 0.56 0.57 0.57 0.57 0.57 0.57 0.58 0.58 0.57 0.58 0.58 0.58 0.58 0.58 0.58 0.58 0.58 0.58 0.58 0.58 0.58 0.58 0.58 0.58 0.58 0.58 0.58 0.58
  per-rule acc: 0.68 0.47
Epoch 2640 | Train: Loss=0.0015 Acc=100.0% | Test: Acc=66.0% | Best=66.0%(@2640)
  from x3: 0.66 0.65 0.65 0.65 0.65 0.66 0.66 0.66 0.66 0.66 0.66 0.66 0.66 0.66 0.66 0.66 0.66 0.66 0.66 0.66 0.66 0.66 0.66 0.66 0.66 0.66 0.66 0.66 0.66
  per-rule acc: 0.76 0.56
Epoch 2660 | Train: Loss=0.0613 Acc=99.2% | Test: Acc=55.6% | Best=66.0%(@2640)
  from x3: 0.54 0.55 0.54 0.55 0.55 0.56 0.56 0.56 0.56 0.56 0.56 0.56 0.56 0.56 0.56 0.56 0.56 0.56 0.56 0.56 0.56 0.56 0.56 0.56 0.56 0.56 0.56 0.56 0.56
  per-rule acc: 0.64 0.47
Epoch 2680 | Train: Loss=0.0014 Acc=100.0% | Test: Acc=67.3% | Best=67.3%(@2680)
  from x3: 0.66 0.67 0.67 0.67 0.67 0.67 0.67 0.67 0.67 0.67 0.67 0.67 0.67 0.67 0.67 0.67 0.67 0.67 0.67 0.68 0.68 0.68 0.68 0.68 0.68 0.68 0.68 0.68 0.68
  per-rule acc: 0.77 0.58
Epoch 2700 | Train: Loss=0.0019 Acc=100.0% | Test: Acc=68.8% | Best=68.8%(@2700)
  from x3: 0.67 0.67 0.68 0.68 0.68 0.69 0.68 0.69 0.69 0.69 0.69 0.69 0.69 0.69 0.69 0.69 0.69 0.69 0.69 0.69 0.69 0.69 0.69 0.69 0.69 0.69 0.69 0.69 0.69
  per-rule acc: 0.76 0.61
Epoch 2720 | Train: Loss=0.0602 Acc=99.3% | Test: Acc=56.1% | Best=68.8%(@2700)
  from x3: 0.55 0.56 0.56 0.56 0.56 0.56 0.56 0.56 0.56 0.56 0.56 0.56 0.56 0.56 0.56 0.56 0.56 0.56 0.56 0.56 0.56 0.56 0.56 0.56 0.56 0.56 0.56 0.56 0.57
  per-rule acc: 0.65 0.47
Epoch 2740 | Train: Loss=0.0013 Acc=100.0% | Test: Acc=69.9% | Best=69.9%(@2740)
  from x3: 0.70 0.69 0.69 0.69 0.70 0.70 0.70 0.70 0.70 0.70 0.70 0.70 0.70 0.70 0.70 0.70 0.70 0.70 0.70 0.70 0.70 0.70 0.70 0.70 0.70 0.70 0.70 0.70 0.70
  per-rule acc: 0.80 0.60
Epoch 2760 | Train: Loss=0.0018 Acc=100.0% | Test: Acc=70.9% | Best=70.9%(@2760)
  from x3: 0.71 0.70 0.70 0.70 0.70 0.70 0.71 0.71 0.71 0.71 0.71 0.71 0.71 0.71 0.71 0.71 0.71 0.71 0.71 0.71 0.71 0.71 0.71 0.71 0.71 0.71 0.71 0.71 0.71
  per-rule acc: 0.78 0.64
Epoch 2780 | Train: Loss=0.0175 Acc=99.8% | Test: Acc=61.2% | Best=70.9%(@2760)
  from x3: 0.60 0.60 0.60 0.61 0.61 0.61 0.62 0.61 0.61 0.61 0.61 0.61 0.61 0.62 0.62 0.61 0.61 0.62 0.61 0.61 0.61 0.61 0.61 0.62 0.62 0.61 0.62 0.62 0.62
  per-rule acc: 0.72 0.50
Epoch 2800 | Train: Loss=0.0017 Acc=100.0% | Test: Acc=68.7% | Best=70.9%(@2760)
  from x3: 0.68 0.68 0.68 0.68 0.68 0.69 0.69 0.69 0.69 0.69 0.69 0.69 0.69 0.69 0.69 0.69 0.69 0.69 0.69 0.69 0.69 0.69 0.69 0.69 0.69 0.69 0.69 0.69 0.69
  per-rule acc: 0.80 0.57
Epoch 2820 | Train: Loss=0.0018 Acc=100.0% | Test: Acc=71.0% | Best=71.0%(@2820)
  from x3: 0.71 0.69 0.70 0.70 0.71 0.71 0.71 0.71 0.71 0.71 0.71 0.71 0.71 0.71 0.71 0.71 0.71 0.71 0.71 0.71 0.71 0.71 0.71 0.71 0.71 0.71 0.71 0.71 0.71
  per-rule acc: 0.78 0.64
Epoch 2840 | Train: Loss=0.0019 Acc=100.0% | Test: Acc=74.2% | Best=74.2%(@2840)
  from x3: 0.72 0.73 0.73 0.74 0.74 0.74 0.74 0.75 0.75 0.75 0.75 0.75 0.75 0.75 0.75 0.75 0.75 0.74 0.74 0.74 0.75 0.75 0.74 0.74 0.74 0.74 0.74 0.74 0.74
  per-rule acc: 0.79 0.70
Epoch 2860 | Train: Loss=0.0014 Acc=100.0% | Test: Acc=73.4% | Best=74.2%(@2840)
  from x3: 0.73 0.72 0.73 0.73 0.73 0.73 0.73 0.74 0.73 0.74 0.74 0.74 0.74 0.74 0.74 0.73 0.73 0.74 0.73 0.73 0.73 0.73 0.74 0.73 0.74 0.74 0.74 0.74 0.74
  per-rule acc: 0.83 0.64
Epoch 2880 | Train: Loss=0.0016 Acc=100.0% | Test: Acc=73.7% | Best=74.2%(@2840)
  from x3: 0.73 0.73 0.73 0.73 0.73 0.74 0.74 0.73 0.74 0.74 0.74 0.74 0.74 0.74 0.74 0.74 0.74 0.74 0.74 0.74 0.74 0.74 0.74 0.74 0.74 0.74 0.74 0.74 0.74
  per-rule acc: 0.81 0.66
Epoch 2900 | Train: Loss=0.0018 Acc=100.0% | Test: Acc=75.9% | Best=75.9%(@2900)
  from x3: 0.75 0.75 0.75 0.76 0.76 0.76 0.76 0.76 0.77 0.76 0.76 0.76 0.76 0.76 0.76 0.76 0.76 0.76 0.76 0.76 0.76 0.76 0.76 0.76 0.76 0.76 0.76 0.76 0.76
  per-rule acc: 0.81 0.71
Epoch 2920 | Train: Loss=0.0012 Acc=100.0% | Test: Acc=74.2% | Best=75.9%(@2900)
  from x3: 0.74 0.74 0.74 0.74 0.74 0.74 0.74 0.74 0.74 0.75 0.74 0.74 0.74 0.74 0.74 0.74 0.74 0.74 0.74 0.74 0.74 0.74 0.74 0.74 0.74 0.74 0.74 0.74 0.74
  per-rule acc: 0.83 0.66
Epoch 2940 | Train: Loss=0.0017 Acc=100.0% | Test: Acc=75.3% | Best=75.9%(@2900)
  from x3: 0.75 0.74 0.74 0.75 0.75 0.75 0.75 0.75 0.75 0.75 0.75 0.75 0.75 0.75 0.75 0.75 0.75 0.75 0.75 0.75 0.76 0.76 0.76 0.76 0.76 0.76 0.75 0.76 0.76
  per-rule acc: 0.81 0.69
Epoch 2960 | Train: Loss=0.0014 Acc=100.0% | Test: Acc=75.9% | Best=75.9%(@2960)
  from x3: 0.76 0.75 0.76 0.75 0.76 0.76 0.76 0.76 0.76 0.76 0.76 0.76 0.76 0.76 0.76 0.76 0.76 0.76 0.76 0.76 0.76 0.76 0.76 0.76 0.76 0.76 0.76 0.76 0.76
  per-rule acc: 0.84 0.68
Epoch 2980 | Train: Loss=0.0334 Acc=99.4% | Test: Acc=65.8% | Best=75.9%(@2960)
  from x3: 0.65 0.65 0.65 0.65 0.65 0.66 0.65 0.66 0.66 0.66 0.66 0.66 0.66 0.66 0.66 0.66 0.66 0.66 0.66 0.66 0.66 0.66 0.66 0.66 0.66 0.66 0.66 0.66 0.66
  per-rule acc: 0.72 0.60
Epoch 3000 | Train: Loss=0.0015 Acc=100.0% | Test: Acc=77.7% | Best=77.7%(@3000)
  from x3: 0.78 0.76 0.76 0.77 0.77 0.78 0.77 0.78 0.78 0.78 0.78 0.78 0.78 0.78 0.78 0.78 0.78 0.78 0.78 0.78 0.78 0.78 0.78 0.78 0.78 0.78 0.78 0.78 0.78
  per-rule acc: 0.84 0.71
Epoch 3020 | Train: Loss=0.0018 Acc=100.0% | Test: Acc=78.5% | Best=78.5%(@3020)
  from x3: 0.78 0.77 0.77 0.78 0.78 0.78 0.79 0.78 0.79 0.79 0.79 0.79 0.79 0.79 0.79 0.79 0.79 0.79 0.79 0.79 0.79 0.79 0.79 0.79 0.79 0.79 0.79 0.79 0.79
  per-rule acc: 0.83 0.73
Epoch 3040 | Train: Loss=0.0055 Acc=100.0% | Test: Acc=74.7% | Best=78.5%(@3020)
  from x3: 0.74 0.74 0.74 0.74 0.75 0.74 0.74 0.74 0.74 0.75 0.75 0.75 0.75 0.75 0.75 0.75 0.75 0.75 0.75 0.75 0.75 0.75 0.75 0.75 0.75 0.75 0.75 0.75 0.75
  per-rule acc: 0.82 0.67
Epoch 3060 | Train: Loss=0.0015 Acc=100.0% | Test: Acc=79.0% | Best=79.0%(@3060)
  from x3: 0.79 0.78 0.78 0.78 0.79 0.79 0.79 0.79 0.79 0.79 0.79 0.79 0.79 0.79 0.79 0.79 0.79 0.79 0.79 0.79 0.79 0.79 0.79 0.79 0.79 0.79 0.79 0.79 0.79
  per-rule acc: 0.85 0.73
Epoch 3080 | Train: Loss=0.0019 Acc=100.0% | Test: Acc=77.4% | Best=79.0%(@3060)
  from x3: 0.77 0.76 0.77 0.77 0.77 0.77 0.77 0.77 0.78 0.78 0.77 0.77 0.77 0.77 0.77 0.77 0.77 0.77 0.77 0.77 0.78 0.78 0.77 0.78 0.78 0.78 0.78 0.78 0.78
  per-rule acc: 0.86 0.69
Epoch 3100 | Train: Loss=0.0017 Acc=100.0% | Test: Acc=78.8% | Best=79.0%(@3060)
  from x3: 0.77 0.78 0.78 0.78 0.78 0.79 0.79 0.79 0.79 0.78 0.79 0.79 0.79 0.79 0.79 0.79 0.79 0.79 0.79 0.79 0.79 0.79 0.79 0.79 0.79 0.80 0.79 0.79 0.80
  per-rule acc: 0.85 0.73
Epoch 3120 | Train: Loss=0.0019 Acc=100.0% | Test: Acc=81.4% | Best=81.4%(@3120)
  from x3: 0.78 0.79 0.80 0.80 0.81 0.82 0.81 0.82 0.82 0.82 0.82 0.82 0.82 0.82 0.82 0.82 0.82 0.82 0.82 0.82 0.82 0.82 0.82 0.82 0.82 0.82 0.82 0.82 0.82
  per-rule acc: 0.85 0.78
Epoch 3140 | Train: Loss=0.0018 Acc=100.0% | Test: Acc=78.7% | Best=81.4%(@3120)
  from x3: 0.79 0.78 0.78 0.78 0.78 0.79 0.78 0.79 0.79 0.79 0.79 0.79 0.79 0.79 0.79 0.79 0.79 0.79 0.79 0.79 0.79 0.79 0.79 0.79 0.79 0.79 0.79 0.79 0.79
  per-rule acc: 0.87 0.70
Epoch 3160 | Train: Loss=0.0015 Acc=100.0% | Test: Acc=79.9% | Best=81.4%(@3120)
  from x3: 0.80 0.78 0.79 0.79 0.79 0.79 0.79 0.80 0.80 0.80 0.80 0.80 0.80 0.80 0.80 0.80 0.80 0.80 0.80 0.80 0.80 0.80 0.80 0.80 0.80 0.80 0.80 0.80 0.80
  per-rule acc: 0.86 0.74
Epoch 3180 | Train: Loss=0.0018 Acc=100.0% | Test: Acc=82.0% | Best=82.0%(@3180)
  from x3: 0.81 0.81 0.81 0.81 0.81 0.82 0.82 0.82 0.82 0.82 0.82 0.82 0.82 0.82 0.82 0.82 0.82 0.82 0.82 0.82 0.82 0.82 0.82 0.82 0.82 0.82 0.82 0.83 0.83
  per-rule acc: 0.85 0.79
Epoch 3200 | Train: Loss=0.0031 Acc=100.0% | Test: Acc=78.2% | Best=82.0%(@3180)
  from x3: 0.78 0.77 0.78 0.78 0.78 0.78 0.78 0.78 0.78 0.78 0.78 0.78 0.78 0.78 0.78 0.78 0.78 0.78 0.78 0.78 0.78 0.78 0.78 0.78 0.78 0.78 0.78 0.78 0.78
  per-rule acc: 0.85 0.71
Epoch 3220 | Train: Loss=0.0015 Acc=100.0% | Test: Acc=80.7% | Best=82.0%(@3180)
  from x3: 0.80 0.80 0.81 0.80 0.80 0.80 0.80 0.81 0.81 0.81 0.81 0.81 0.81 0.81 0.81 0.81 0.81 0.81 0.81 0.81 0.81 0.81 0.81 0.81 0.81 0.81 0.81 0.81 0.81
  per-rule acc: 0.87 0.75
Epoch 3240 | Train: Loss=0.0018 Acc=100.0% | Test: Acc=82.3% | Best=82.3%(@3240)
  from x3: 0.82 0.81 0.81 0.81 0.82 0.82 0.82 0.83 0.82 0.82 0.82 0.82 0.82 0.83 0.82 0.82 0.82 0.82 0.82 0.83 0.83 0.83 0.83 0.82 0.83 0.83 0.83 0.83 0.83
  per-rule acc: 0.86 0.79
Epoch 3260 | Train: Loss=0.0012 Acc=100.0% | Test: Acc=82.9% | Best=82.9%(@3260)
  from x3: 0.83 0.81 0.82 0.82 0.82 0.82 0.82 0.83 0.83 0.83 0.83 0.83 0.83 0.83 0.83 0.83 0.83 0.83 0.83 0.83 0.83 0.83 0.83 0.83 0.83 0.84 0.83 0.83 0.83
  per-rule acc: 0.89 0.76
Epoch 3280 | Train: Loss=0.0017 Acc=100.0% | Test: Acc=83.0% | Best=83.0%(@3280)
  from x3: 0.82 0.82 0.82 0.82 0.83 0.83 0.83 0.83 0.83 0.83 0.83 0.83 0.83 0.83 0.83 0.83 0.83 0.83 0.83 0.83 0.83 0.83 0.83 0.83 0.83 0.83 0.83 0.83 0.83
  per-rule acc: 0.88 0.78
Epoch 3300 | Train: Loss=0.0018 Acc=100.0% | Test: Acc=84.8% | Best=84.8%(@3300)
  from x3: 0.83 0.84 0.84 0.84 0.84 0.85 0.85 0.85 0.85 0.85 0.85 0.85 0.85 0.85 0.85 0.85 0.85 0.85 0.85 0.85 0.85 0.85 0.85 0.85 0.85 0.85 0.86 0.85 0.86
  per-rule acc: 0.88 0.81
Epoch 3320 | Train: Loss=0.0012 Acc=100.0% | Test: Acc=82.6% | Best=84.8%(@3300)
  from x3: 0.82 0.82 0.82 0.82 0.82 0.82 0.83 0.82 0.83 0.83 0.83 0.83 0.83 0.83 0.83 0.83 0.83 0.83 0.83 0.83 0.83 0.83 0.83 0.83 0.83 0.83 0.83 0.83 0.83
  per-rule acc: 0.90 0.75
Epoch 3340 | Train: Loss=0.0016 Acc=100.0% | Test: Acc=83.0% | Best=84.8%(@3300)
  from x3: 0.82 0.81 0.82 0.83 0.83 0.83 0.83 0.84 0.83 0.83 0.83 0.83 0.83 0.83 0.83 0.83 0.83 0.83 0.83 0.83 0.83 0.83 0.83 0.83 0.83 0.83 0.83 0.83 0.83
  per-rule acc: 0.89 0.77
Epoch 3360 | Train: Loss=0.0018 Acc=100.0% | Test: Acc=85.4% | Best=85.4%(@3360)
  from x3: 0.84 0.84 0.84 0.84 0.85 0.85 0.85 0.85 0.86 0.85 0.85 0.86 0.86 0.85 0.86 0.86 0.85 0.86 0.86 0.86 0.86 0.86 0.86 0.86 0.86 0.86 0.86 0.86 0.86
  per-rule acc: 0.89 0.82
Epoch 3380 | Train: Loss=0.0014 Acc=100.0% | Test: Acc=82.3% | Best=85.4%(@3360)
  from x3: 0.83 0.81 0.81 0.82 0.82 0.82 0.82 0.82 0.82 0.82 0.83 0.83 0.83 0.82 0.83 0.83 0.83 0.82 0.82 0.82 0.82 0.82 0.82 0.82 0.83 0.82 0.82 0.83 0.83
  per-rule acc: 0.90 0.74
Epoch 3400 | Train: Loss=0.0016 Acc=100.0% | Test: Acc=83.4% | Best=85.4%(@3360)
  from x3: 0.83 0.82 0.83 0.83 0.83 0.84 0.84 0.84 0.84 0.83 0.83 0.84 0.83 0.84 0.83 0.83 0.83 0.84 0.84 0.84 0.83 0.83 0.84 0.84 0.84 0.84 0.84 0.84 0.84
  per-rule acc: 0.89 0.78
Epoch 3420 | Train: Loss=0.0073 Acc=100.0% | Test: Acc=78.4% | Best=85.4%(@3360)
  from x3: 0.77 0.77 0.77 0.78 0.78 0.78 0.78 0.78 0.79 0.78 0.79 0.78 0.79 0.79 0.79 0.79 0.78 0.79 0.78 0.78 0.79 0.79 0.79 0.79 0.79 0.79 0.79 0.79 0.79
  per-rule acc: 0.86 0.71
Epoch 3440 | Train: Loss=0.0014 Acc=100.0% | Test: Acc=83.2% | Best=85.4%(@3360)
  from x3: 0.83 0.81 0.82 0.83 0.83 0.83 0.83 0.83 0.83 0.83 0.83 0.83 0.84 0.83 0.83 0.83 0.83 0.84 0.83 0.83 0.84 0.84 0.84 0.84 0.83 0.83 0.83 0.84 0.84
  per-rule acc: 0.89 0.77
Epoch 3460 | Train: Loss=0.0018 Acc=100.0% | Test: Acc=84.4% | Best=85.4%(@3360)
  from x3: 0.83 0.82 0.83 0.84 0.84 0.84 0.84 0.85 0.84 0.84 0.84 0.85 0.84 0.85 0.84 0.85 0.85 0.85 0.85 0.85 0.85 0.85 0.85 0.85 0.85 0.85 0.85 0.85 0.85
  per-rule acc: 0.89 0.80
Epoch 3480 | Train: Loss=0.0818 Acc=98.8% | Test: Acc=59.2% | Best=85.4%(@3360)
  from x3: 0.56 0.58 0.58 0.59 0.59 0.59 0.60 0.59 0.59 0.59 0.59 0.59 0.59 0.59 0.60 0.59 0.59 0.59 0.59 0.59 0.60 0.60 0.60 0.60 0.59 0.60 0.60 0.60 0.60
  per-rule acc: 0.65 0.54
Epoch 3500 | Train: Loss=0.0013 Acc=100.0% | Test: Acc=84.8% | Best=85.4%(@3360)
  from x3: 0.85 0.84 0.84 0.85 0.84 0.84 0.84 0.85 0.85 0.85 0.85 0.85 0.85 0.85 0.85 0.85 0.85 0.85 0.85 0.85 0.85 0.85 0.85 0.85 0.85 0.85 0.85 0.85 0.85
  per-rule acc: 0.90 0.79
Epoch 3520 | Train: Loss=0.0017 Acc=100.0% | Test: Acc=84.8% | Best=85.4%(@3360)
  from x3: 0.85 0.84 0.84 0.85 0.85 0.85 0.85 0.85 0.85 0.85 0.85 0.85 0.85 0.85 0.85 0.85 0.85 0.85 0.85 0.85 0.85 0.85 0.85 0.85 0.85 0.85 0.85 0.85 0.85
  per-rule acc: 0.89 0.80
Epoch 3540 | Train: Loss=0.0013 Acc=100.0% | Test: Acc=85.7% | Best=85.7%(@3540)
  from x3: 0.86 0.85 0.85 0.85 0.86 0.86 0.86 0.86 0.86 0.86 0.86 0.86 0.86 0.86 0.86 0.86 0.86 0.86 0.86 0.86 0.86 0.86 0.86 0.86 0.86 0.86 0.86 0.86 0.86
  per-rule acc: 0.92 0.79
Epoch 3560 | Train: Loss=0.0017 Acc=100.0% | Test: Acc=85.6% | Best=85.7%(@3540)
  from x3: 0.84 0.84 0.85 0.85 0.85 0.85 0.85 0.85 0.85 0.86 0.85 0.85 0.86 0.86 0.86 0.86 0.86 0.86 0.86 0.86 0.86 0.86 0.86 0.86 0.86 0.86 0.86 0.86 0.86
  per-rule acc: 0.90 0.81
Epoch 3580 | Train: Loss=0.0311 Acc=99.7% | Test: Acc=76.1% | Best=85.7%(@3540)
  from x3: 0.75 0.75 0.75 0.75 0.76 0.76 0.76 0.76 0.76 0.76 0.76 0.76 0.76 0.76 0.76 0.76 0.76 0.76 0.76 0.77 0.76 0.76 0.76 0.76 0.76 0.76 0.76 0.76 0.76
  per-rule acc: 0.83 0.69
Epoch 3600 | Train: Loss=0.0013 Acc=100.0% | Test: Acc=85.3% | Best=85.7%(@3540)
  from x3: 0.85 0.84 0.85 0.85 0.85 0.85 0.85 0.85 0.85 0.85 0.85 0.85 0.85 0.85 0.86 0.86 0.86 0.86 0.86 0.86 0.86 0.86 0.86 0.86 0.85 0.86 0.86 0.86 0.86
  per-rule acc: 0.92 0.79
Epoch 3620 | Train: Loss=0.0017 Acc=100.0% | Test: Acc=85.8% | Best=85.8%(@3620)
  from x3: 0.84 0.84 0.85 0.86 0.86 0.86 0.86 0.86 0.86 0.86 0.86 0.86 0.86 0.86 0.86 0.86 0.86 0.86 0.86 0.86 0.86 0.86 0.86 0.86 0.86 0.86 0.86 0.86 0.86
  per-rule acc: 0.90 0.82
Epoch 3640 | Train: Loss=0.0013 Acc=100.0% | Test: Acc=86.4% | Best=86.4%(@3640)
  from x3: 0.87 0.86 0.86 0.86 0.86 0.86 0.86 0.86 0.87 0.86 0.86 0.86 0.86 0.86 0.86 0.86 0.86 0.86 0.86 0.86 0.86 0.86 0.86 0.86 0.86 0.87 0.87 0.87 0.87
  per-rule acc: 0.93 0.80
Epoch 3660 | Train: Loss=0.0016 Acc=100.0% | Test: Acc=85.7% | Best=86.4%(@3640)
  from x3: 0.84 0.85 0.85 0.85 0.85 0.86 0.86 0.86 0.86 0.86 0.86 0.86 0.86 0.86 0.86 0.86 0.86 0.86 0.86 0.86 0.86 0.86 0.86 0.86 0.86 0.86 0.86 0.86 0.86
  per-rule acc: 0.90 0.81
Epoch 3680 | Train: Loss=0.0464 Acc=99.5% | Test: Acc=68.6% | Best=86.4%(@3640)
  from x3: 0.66 0.68 0.68 0.68 0.68 0.69 0.68 0.69 0.69 0.68 0.69 0.69 0.69 0.69 0.69 0.69 0.69 0.69 0.69 0.69 0.69 0.69 0.69 0.69 0.69 0.69 0.69 0.69 0.69
  per-rule acc: 0.75 0.62
Epoch 3700 | Train: Loss=0.0012 Acc=100.0% | Test: Acc=86.6% | Best=86.6%(@3700)
  from x3: 0.86 0.85 0.86 0.86 0.86 0.86 0.86 0.86 0.87 0.87 0.87 0.87 0.87 0.87 0.87 0.87 0.87 0.87 0.87 0.87 0.87 0.87 0.87 0.87 0.87 0.87 0.87 0.87 0.87
  per-rule acc: 0.92 0.81
Epoch 3720 | Train: Loss=0.0017 Acc=100.0% | Test: Acc=86.9% | Best=86.9%(@3720)
  from x3: 0.86 0.85 0.86 0.86 0.87 0.87 0.87 0.87 0.87 0.87 0.87 0.87 0.87 0.87 0.87 0.87 0.87 0.87 0.87 0.87 0.87 0.87 0.87 0.87 0.87 0.87 0.87 0.87 0.87
  per-rule acc: 0.91 0.83
Epoch 3740 | Train: Loss=0.0145 Acc=99.9% | Test: Acc=80.1% | Best=86.9%(@3720)
  from x3: 0.79 0.79 0.79 0.80 0.80 0.80 0.80 0.80 0.80 0.80 0.80 0.80 0.80 0.80 0.80 0.80 0.80 0.80 0.80 0.80 0.80 0.80 0.80 0.80 0.80 0.80 0.80 0.80 0.80
  per-rule acc: 0.87 0.73
Epoch 3760 | Train: Loss=0.0012 Acc=100.0% | Test: Acc=86.3% | Best=86.9%(@3720)
  from x3: 0.86 0.86 0.86 0.86 0.86 0.86 0.86 0.86 0.86 0.86 0.86 0.86 0.87 0.86 0.87 0.86 0.86 0.86 0.86 0.86 0.86 0.86 0.86 0.86 0.86 0.86 0.86 0.87 0.87
  per-rule acc: 0.93 0.80
Epoch 3780 | Train: Loss=0.0016 Acc=100.0% | Test: Acc=86.0% | Best=86.9%(@3720)
  from x3: 0.86 0.85 0.85 0.86 0.86 0.86 0.86 0.86 0.86 0.86 0.86 0.86 0.86 0.86 0.86 0.86 0.86 0.86 0.86 0.86 0.86 0.87 0.86 0.86 0.86 0.86 0.86 0.86 0.86
  per-rule acc: 0.91 0.81
Epoch 3800 | Train: Loss=0.0519 Acc=99.3% | Test: Acc=73.4% | Best=86.9%(@3720)
  from x3: 0.72 0.72 0.73 0.73 0.73 0.73 0.73 0.73 0.73 0.74 0.73 0.74 0.74 0.74 0.74 0.74 0.74 0.74 0.74 0.74 0.74 0.74 0.74 0.74 0.74 0.74 0.74 0.74 0.74
  per-rule acc: 0.79 0.68
Epoch 3820 | Train: Loss=0.0013 Acc=100.0% | Test: Acc=86.6% | Best=86.9%(@3720)
  from x3: 0.87 0.86 0.86 0.87 0.86 0.86 0.86 0.87 0.87 0.87 0.87 0.87 0.87 0.87 0.87 0.87 0.87 0.87 0.87 0.87 0.87 0.87 0.87 0.87 0.87 0.87 0.87 0.87 0.87
  per-rule acc: 0.92 0.81
Epoch 3840 | Train: Loss=0.0017 Acc=100.0% | Test: Acc=87.0% | Best=87.0%(@3840)
  from x3: 0.86 0.86 0.86 0.87 0.87 0.87 0.87 0.87 0.87 0.87 0.87 0.87 0.87 0.87 0.87 0.87 0.87 0.87 0.87 0.87 0.87 0.87 0.87 0.87 0.87 0.88 0.88 0.88 0.88
  per-rule acc: 0.91 0.83
Epoch 3860 | Train: Loss=0.0043 Acc=100.0% | Test: Acc=73.3% | Best=87.0%(@3840)
  from x3: 0.71 0.72 0.73 0.72 0.73 0.73 0.73 0.73 0.74 0.73 0.73 0.73 0.74 0.73 0.73 0.73 0.74 0.73 0.74 0.74 0.74 0.74 0.73 0.74 0.73 0.74 0.74 0.74 0.74
  per-rule acc: 0.82 0.64
Epoch 3880 | Train: Loss=0.0014 Acc=100.0% | Test: Acc=86.2% | Best=87.0%(@3840)
  from x3: 0.87 0.85 0.86 0.86 0.86 0.86 0.86 0.86 0.86 0.86 0.86 0.86 0.86 0.86 0.86 0.86 0.86 0.86 0.86 0.86 0.86 0.86 0.86 0.86 0.86 0.86 0.86 0.86 0.86
  per-rule acc: 0.93 0.79
Epoch 3900 | Train: Loss=0.0016 Acc=100.0% | Test: Acc=86.8% | Best=87.0%(@3840)
  from x3: 0.86 0.86 0.86 0.86 0.87 0.87 0.87 0.87 0.87 0.87 0.87 0.87 0.87 0.87 0.87 0.87 0.87 0.87 0.87 0.87 0.87 0.87 0.87 0.87 0.87 0.87 0.87 0.87 0.87
  per-rule acc: 0.92 0.82
Epoch 3920 | Train: Loss=0.0017 Acc=100.0% | Test: Acc=88.0% | Best=88.0%(@3920)
  from x3: 0.87 0.87 0.87 0.88 0.88 0.88 0.88 0.88 0.88 0.88 0.88 0.88 0.88 0.88 0.88 0.88 0.88 0.88 0.88 0.88 0.88 0.88 0.88 0.88 0.88 0.88 0.88 0.88 0.88
  per-rule acc: 0.92 0.84
Epoch 3940 | Train: Loss=0.0024 Acc=100.0% | Test: Acc=84.9% | Best=88.0%(@3920)
  from x3: 0.85 0.85 0.84 0.85 0.85 0.85 0.84 0.85 0.85 0.85 0.85 0.85 0.85 0.85 0.85 0.85 0.85 0.85 0.85 0.85 0.85 0.85 0.85 0.85 0.85 0.85 0.85 0.85 0.85
  per-rule acc: 0.93 0.77
Epoch 3960 | Train: Loss=0.0015 Acc=100.0% | Test: Acc=87.8% | Best=88.0%(@3920)
  from x3: 0.87 0.87 0.87 0.87 0.88 0.88 0.87 0.88 0.88 0.88 0.88 0.88 0.88 0.88 0.88 0.88 0.88 0.88 0.88 0.88 0.88 0.88 0.88 0.88 0.88 0.88 0.88 0.88 0.88
  per-rule acc: 0.94 0.82
Epoch 3980 | Train: Loss=0.0016 Acc=100.0% | Test: Acc=88.0% | Best=88.0%(@3920)
  from x3: 0.87 0.87 0.87 0.88 0.88 0.88 0.88 0.88 0.88 0.88 0.88 0.88 0.88 0.88 0.88 0.88 0.88 0.88 0.88 0.88 0.88 0.88 0.88 0.88 0.88 0.88 0.88 0.88 0.88
  per-rule acc: 0.92 0.84
Epoch 4000 | Train: Loss=0.0078 Acc=99.9% | Test: Acc=85.2% | Best=88.0%(@3920)
  from x3: 0.85 0.85 0.85 0.85 0.85 0.85 0.85 0.85 0.85 0.85 0.85 0.85 0.85 0.85 0.85 0.85 0.85 0.85 0.85 0.85 0.85 0.85 0.85 0.85 0.85 0.85 0.85 0.85 0.85
  per-rule acc: 0.90 0.80
Epoch 4020 | Train: Loss=0.0022 Acc=100.0% | Test: Acc=85.2% | Best=88.0%(@3920)
  from x3: 0.84 0.84 0.84 0.85 0.85 0.85 0.85 0.85 0.85 0.85 0.85 0.85 0.85 0.85 0.85 0.86 0.85 0.85 0.86 0.85 0.85 0.85 0.85 0.86 0.85 0.85 0.85 0.85 0.85
  per-rule acc: 0.90 0.80
Epoch 4040 | Train: Loss=0.0014 Acc=100.0% | Test: Acc=86.4% | Best=88.0%(@3920)
  from x3: 0.86 0.86 0.86 0.86 0.86 0.86 0.86 0.86 0.87 0.86 0.87 0.86 0.86 0.86 0.86 0.87 0.86 0.86 0.87 0.87 0.87 0.87 0.86 0.87 0.87 0.87 0.87 0.87 0.86
  per-rule acc: 0.93 0.80
Epoch 4060 | Train: Loss=0.0017 Acc=100.0% | Test: Acc=87.3% | Best=88.0%(@3920)
  from x3: 0.86 0.86 0.87 0.87 0.87 0.88 0.87 0.87 0.87 0.87 0.87 0.87 0.87 0.87 0.87 0.87 0.87 0.87 0.87 0.87 0.88 0.88 0.88 0.88 0.87 0.88 0.88 0.88 0.88
  per-rule acc: 0.92 0.83
Epoch 4080 | Train: Loss=0.0017 Acc=100.0% | Test: Acc=88.7% | Best=88.7%(@4080)
  from x3: 0.87 0.88 0.88 0.88 0.89 0.89 0.89 0.89 0.89 0.89 0.89 0.89 0.89 0.89 0.89 0.89 0.89 0.89 0.89 0.89 0.89 0.89 0.89 0.89 0.89 0.89 0.89 0.89 0.89
  per-rule acc: 0.91 0.86
Epoch 4100 | Train: Loss=0.0023 Acc=100.0% | Test: Acc=83.7% | Best=88.7%(@4080)
  from x3: 0.84 0.83 0.83 0.83 0.84 0.84 0.84 0.84 0.84 0.83 0.84 0.84 0.84 0.84 0.84 0.84 0.84 0.84 0.84 0.84 0.84 0.84 0.84 0.84 0.84 0.84 0.84 0.84 0.84
  per-rule acc: 0.92 0.75
Epoch 4120 | Train: Loss=0.0014 Acc=100.0% | Test: Acc=87.0% | Best=88.7%(@4080)
  from x3: 0.87 0.87 0.87 0.87 0.87 0.87 0.87 0.87 0.87 0.87 0.87 0.87 0.87 0.87 0.87 0.87 0.87 0.87 0.87 0.87 0.87 0.87 0.87 0.87 0.87 0.87 0.87 0.87 0.87
  per-rule acc: 0.93 0.81
Epoch 4140 | Train: Loss=0.0016 Acc=100.0% | Test: Acc=88.1% | Best=88.7%(@4080)
  from x3: 0.88 0.87 0.88 0.88 0.88 0.88 0.88 0.88 0.88 0.88 0.88 0.88 0.88 0.88 0.88 0.88 0.88 0.88 0.88 0.88 0.88 0.88 0.88 0.88 0.88 0.88 0.88 0.88 0.88
  per-rule acc: 0.92 0.84
Epoch 4160 | Train: Loss=0.0878 Acc=98.8% | Test: Acc=68.5% | Best=88.7%(@4080)
  from x3: 0.66 0.68 0.68 0.68 0.68 0.68 0.68 0.68 0.68 0.68 0.68 0.68 0.69 0.69 0.69 0.69 0.69 0.69 0.69 0.69 0.69 0.69 0.69 0.69 0.69 0.69 0.69 0.69 0.69
  per-rule acc: 0.72 0.65
Epoch 4180 | Train: Loss=0.0020 Acc=100.0% | Test: Acc=85.4% | Best=88.7%(@4080)
  from x3: 0.84 0.85 0.85 0.85 0.85 0.85 0.85 0.85 0.85 0.85 0.85 0.86 0.86 0.86 0.86 0.86 0.85 0.86 0.86 0.86 0.86 0.86 0.86 0.86 0.86 0.86 0.86 0.86 0.86
  per-rule acc: 0.91 0.80
Epoch 4200 | Train: Loss=0.0014 Acc=100.0% | Test: Acc=88.4% | Best=88.7%(@4080)
  from x3: 0.87 0.87 0.88 0.88 0.88 0.88 0.88 0.89 0.89 0.89 0.88 0.89 0.89 0.89 0.89 0.88 0.88 0.89 0.89 0.89 0.88 0.88 0.89 0.89 0.88 0.89 0.89 0.88 0.89
  per-rule acc: 0.93 0.84
Epoch 4220 | Train: Loss=0.0016 Acc=100.0% | Test: Acc=88.3% | Best=88.7%(@4080)
  from x3: 0.87 0.87 0.88 0.88 0.88 0.88 0.88 0.89 0.88 0.88 0.88 0.88 0.88 0.88 0.88 0.88 0.88 0.88 0.88 0.89 0.88 0.88 0.88 0.88 0.89 0.89 0.89 0.88 0.88
  per-rule acc: 0.92 0.85
Epoch 4240 | Train: Loss=0.0112 Acc=100.0% | Test: Acc=87.5% | Best=88.7%(@4080)
  from x3: 0.86 0.86 0.86 0.87 0.87 0.87 0.87 0.88 0.87 0.87 0.88 0.88 0.88 0.88 0.88 0.88 0.88 0.88 0.88 0.88 0.88 0.88 0.88 0.88 0.88 0.88 0.88 0.88 0.88
  per-rule acc: 0.91 0.84
Epoch 4260 | Train: Loss=0.0011 Acc=100.0% | Test: Acc=88.2% | Best=88.7%(@4080)
  from x3: 0.88 0.87 0.87 0.87 0.88 0.87 0.88 0.88 0.88 0.88 0.88 0.88 0.88 0.88 0.88 0.88 0.89 0.88 0.88 0.89 0.88 0.89 0.89 0.89 0.89 0.89 0.89 0.89 0.89
  per-rule acc: 0.94 0.82
Epoch 4280 | Train: Loss=0.0015 Acc=100.0% | Test: Acc=88.1% | Best=88.7%(@4080)
  from x3: 0.87 0.87 0.87 0.87 0.88 0.88 0.88 0.88 0.88 0.88 0.88 0.88 0.88 0.88 0.88 0.88 0.89 0.88 0.88 0.88 0.88 0.88 0.88 0.88 0.88 0.89 0.88 0.88 0.88
  per-rule acc: 0.93 0.83
Epoch 4300 | Train: Loss=0.0012 Acc=100.0% | Test: Acc=88.4% | Best=88.7%(@4080)
  from x3: 0.88 0.87 0.88 0.88 0.88 0.88 0.88 0.88 0.89 0.88 0.88 0.88 0.88 0.89 0.89 0.88 0.88 0.89 0.89 0.89 0.89 0.89 0.89 0.89 0.88 0.88 0.89 0.89 0.89
  per-rule acc: 0.93 0.84
Epoch 4320 | Train: Loss=0.0015 Acc=100.0% | Test: Acc=88.0% | Best=88.7%(@4080)
  from x3: 0.88 0.87 0.87 0.87 0.88 0.87 0.88 0.88 0.88 0.88 0.88 0.88 0.88 0.88 0.88 0.88 0.88 0.88 0.88 0.88 0.88 0.88 0.88 0.88 0.88 0.88 0.88 0.88 0.88
  per-rule acc: 0.93 0.83
Epoch 4340 | Train: Loss=0.0016 Acc=100.0% | Test: Acc=88.9% | Best=88.9%(@4340)
  from x3: 0.87 0.87 0.88 0.88 0.89 0.89 0.89 0.89 0.89 0.89 0.89 0.89 0.89 0.89 0.89 0.89 0.89 0.89 0.89 0.89 0.89 0.89 0.89 0.89 0.89 0.89 0.89 0.89 0.89
  per-rule acc: 0.93 0.85
Epoch 4360 | Train: Loss=0.0366 Acc=99.6% | Test: Acc=75.9% | Best=88.9%(@4340)
  from x3: 0.75 0.75 0.75 0.75 0.75 0.76 0.76 0.76 0.76 0.76 0.76 0.76 0.76 0.76 0.76 0.76 0.76 0.76 0.76 0.76 0.76 0.76 0.76 0.76 0.76 0.76 0.76 0.76 0.76
  per-rule acc: 0.82 0.70
Epoch 4380 | Train: Loss=0.0012 Acc=100.0% | Test: Acc=87.2% | Best=88.9%(@4340)
  from x3: 0.86 0.87 0.87 0.87 0.87 0.87 0.87 0.87 0.88 0.88 0.87 0.87 0.87 0.87 0.87 0.87 0.87 0.88 0.87 0.87 0.87 0.87 0.87 0.88 0.87 0.87 0.87 0.88 0.87
  per-rule acc: 0.93 0.82
Epoch 4400 | Train: Loss=0.0015 Acc=100.0% | Test: Acc=87.4% | Best=88.9%(@4340)
  from x3: 0.87 0.86 0.87 0.87 0.87 0.87 0.87 0.87 0.87 0.87 0.87 0.88 0.87 0.87 0.87 0.88 0.87 0.88 0.88 0.87 0.88 0.88 0.88 0.88 0.87 0.88 0.88 0.88 0.88
  per-rule acc: 0.92 0.83
Epoch 4420 | Train: Loss=0.0016 Acc=100.0% | Test: Acc=88.6% | Best=88.9%(@4340)
  from x3: 0.87 0.87 0.88 0.88 0.89 0.89 0.88 0.89 0.89 0.88 0.88 0.88 0.89 0.89 0.89 0.89 0.89 0.89 0.89 0.89 0.89 0.89 0.89 0.89 0.89 0.89 0.89 0.89 0.89
  per-rule acc: 0.92 0.85
Epoch 4440 | Train: Loss=0.0034 Acc=100.0% | Test: Acc=83.1% | Best=88.9%(@4340)
  from x3: 0.82 0.82 0.83 0.83 0.82 0.83 0.83 0.83 0.83 0.83 0.83 0.83 0.83 0.83 0.83 0.83 0.83 0.83 0.83 0.83 0.84 0.83 0.83 0.84 0.83 0.83 0.84 0.84 0.84
  per-rule acc: 0.91 0.75
Epoch 4460 | Train: Loss=0.0013 Acc=100.0% | Test: Acc=88.3% | Best=88.9%(@4340)
  from x3: 0.88 0.87 0.88 0.88 0.88 0.88 0.88 0.88 0.88 0.88 0.88 0.88 0.88 0.88 0.88 0.89 0.89 0.88 0.89 0.89 0.89 0.88 0.89 0.89 0.88 0.89 0.89 0.89 0.89
  per-rule acc: 0.94 0.83
Epoch 4480 | Train: Loss=0.0015 Acc=100.0% | Test: Acc=88.0% | Best=88.9%(@4340)
  from x3: 0.87 0.87 0.87 0.87 0.88 0.88 0.88 0.88 0.88 0.88 0.88 0.88 0.88 0.88 0.88 0.88 0.88 0.88 0.88 0.88 0.88 0.88 0.88 0.88 0.88 0.88 0.88 0.88 0.88
  per-rule acc: 0.93 0.83
Epoch 4500 | Train: Loss=0.1942 Acc=97.0% | Test: Acc=64.3% | Best=88.9%(@4340)
  from x3: 0.62 0.63 0.64 0.64 0.64 0.64 0.64 0.65 0.65 0.64 0.64 0.64 0.65 0.64 0.64 0.64 0.64 0.64 0.64 0.65 0.65 0.65 0.65 0.65 0.65 0.65 0.65 0.65 0.65
  per-rule acc: 0.72 0.57
Epoch 4520 | Train: Loss=0.0104 Acc=99.8% | Test: Acc=80.0% | Best=88.9%(@4340)
  from x3: 0.79 0.79 0.79 0.79 0.80 0.80 0.80 0.80 0.80 0.80 0.80 0.80 0.80 0.80 0.80 0.80 0.80 0.80 0.80 0.80 0.80 0.80 0.80 0.80 0.80 0.80 0.80 0.80 0.80
  per-rule acc: 0.86 0.74
Epoch 4540 | Train: Loss=0.0013 Acc=100.0% | Test: Acc=88.4% | Best=88.9%(@4340)
  from x3: 0.86 0.87 0.88 0.88 0.88 0.88 0.88 0.88 0.88 0.89 0.88 0.89 0.89 0.89 0.89 0.89 0.89 0.89 0.89 0.89 0.89 0.89 0.89 0.89 0.89 0.89 0.89 0.89 0.89
  per-rule acc: 0.94 0.83
Epoch 4560 | Train: Loss=0.0016 Acc=100.0% | Test: Acc=88.8% | Best=88.9%(@4340)
  from x3: 0.87 0.87 0.88 0.88 0.89 0.89 0.89 0.89 0.89 0.89 0.89 0.89 0.89 0.89 0.89 0.89 0.89 0.89 0.89 0.89 0.89 0.89 0.89 0.89 0.89 0.89 0.89 0.89 0.89
  per-rule acc: 0.93 0.85
Epoch 4580 | Train: Loss=0.0188 Acc=99.9% | Test: Acc=81.3% | Best=88.9%(@4340)
  from x3: 0.80 0.81 0.81 0.81 0.81 0.81 0.81 0.81 0.81 0.81 0.81 0.81 0.81 0.81 0.81 0.81 0.82 0.81 0.81 0.81 0.81 0.81 0.81 0.81 0.82 0.82 0.82 0.81 0.82
  per-rule acc: 0.88 0.75
Epoch 4600 | Train: Loss=0.0020 Acc=100.0% | Test: Acc=85.4% | Best=88.9%(@4340)
  from x3: 0.85 0.84 0.85 0.85 0.85 0.85 0.85 0.85 0.86 0.85 0.85 0.85 0.85 0.86 0.86 0.85 0.85 0.85 0.86 0.86 0.86 0.86 0.86 0.86 0.86 0.86 0.86 0.86 0.86
  per-rule acc: 0.93 0.78
Epoch 4620 | Train: Loss=0.0013 Acc=100.0% | Test: Acc=87.9% | Best=88.9%(@4340)
  from x3: 0.87 0.87 0.87 0.87 0.88 0.88 0.88 0.88 0.88 0.88 0.88 0.88 0.88 0.88 0.88 0.88 0.88 0.88 0.88 0.88 0.88 0.88 0.88 0.88 0.88 0.88 0.88 0.88 0.88
  per-rule acc: 0.94 0.82
Epoch 4640 | Train: Loss=0.0016 Acc=100.0% | Test: Acc=88.8% | Best=88.9%(@4340)
  from x3: 0.88 0.87 0.88 0.88 0.88 0.88 0.89 0.89 0.89 0.89 0.89 0.89 0.89 0.89 0.89 0.89 0.89 0.89 0.89 0.89 0.89 0.89 0.89 0.89 0.89 0.89 0.89 0.89 0.89
  per-rule acc: 0.93 0.85
Epoch 4660 | Train: Loss=0.0023 Acc=100.0% | Test: Acc=86.9% | Best=88.9%(@4340)
  from x3: 0.87 0.86 0.86 0.87 0.87 0.87 0.87 0.87 0.87 0.87 0.87 0.87 0.87 0.87 0.87 0.87 0.87 0.87 0.87 0.87 0.87 0.87 0.87 0.87 0.87 0.87 0.87 0.87 0.87
  per-rule acc: 0.93 0.81
Epoch 4680 | Train: Loss=0.0014 Acc=100.0% | Test: Acc=88.7% | Best=88.9%(@4340)
  from x3: 0.88 0.88 0.88 0.88 0.88 0.89 0.89 0.89 0.89 0.89 0.89 0.89 0.89 0.89 0.89 0.89 0.89 0.89 0.89 0.89 0.89 0.89 0.89 0.89 0.89 0.89 0.89 0.89 0.89
  per-rule acc: 0.93 0.84
Epoch 4700 | Train: Loss=0.0016 Acc=100.0% | Test: Acc=88.7% | Best=88.9%(@4340)
  from x3: 0.88 0.88 0.88 0.88 0.88 0.89 0.89 0.89 0.89 0.89 0.89 0.89 0.89 0.89 0.89 0.89 0.89 0.89 0.89 0.89 0.89 0.89 0.89 0.89 0.89 0.89 0.89 0.89 0.89
  per-rule acc: 0.92 0.85
Epoch 4720 | Train: Loss=0.0122 Acc=99.9% | Test: Acc=79.5% | Best=88.9%(@4340)
  from x3: 0.80 0.79 0.79 0.79 0.80 0.79 0.79 0.80 0.80 0.79 0.79 0.80 0.80 0.80 0.80 0.80 0.80 0.80 0.80 0.80 0.80 0.80 0.80 0.80 0.80 0.80 0.80 0.80 0.80
  per-rule acc: 0.86 0.73
Epoch 4740 | Train: Loss=0.0013 Acc=100.0% | Test: Acc=88.4% | Best=88.9%(@4340)
  from x3: 0.88 0.88 0.88 0.88 0.88 0.88 0.88 0.88 0.88 0.88 0.88 0.89 0.88 0.88 0.88 0.89 0.89 0.89 0.88 0.88 0.89 0.89 0.88 0.89 0.89 0.89 0.89 0.88 0.89
  per-rule acc: 0.94 0.83
Epoch 4760 | Train: Loss=0.0015 Acc=100.0% | Test: Acc=88.4% | Best=88.9%(@4340)
  from x3: 0.88 0.88 0.88 0.88 0.88 0.89 0.89 0.88 0.89 0.89 0.89 0.88 0.88 0.88 0.89 0.89 0.89 0.89 0.89 0.89 0.89 0.89 0.89 0.88 0.89 0.89 0.88 0.88 0.88
  per-rule acc: 0.93 0.84
Epoch 4780 | Train: Loss=0.0408 Acc=99.6% | Test: Acc=71.1% | Best=88.9%(@4340)
  from x3: 0.67 0.70 0.70 0.71 0.71 0.71 0.71 0.71 0.71 0.71 0.71 0.71 0.71 0.71 0.71 0.71 0.71 0.72 0.72 0.72 0.72 0.72 0.72 0.72 0.72 0.72 0.72 0.72 0.72
  per-rule acc: 0.77 0.66
Epoch 4800 | Train: Loss=0.0012 Acc=100.0% | Test: Acc=88.4% | Best=88.9%(@4340)
  from x3: 0.88 0.88 0.88 0.88 0.88 0.88 0.89 0.88 0.89 0.89 0.88 0.89 0.89 0.89 0.89 0.89 0.89 0.88 0.89 0.89 0.88 0.89 0.88 0.89 0.88 0.88 0.88 0.89 0.88
  per-rule acc: 0.94 0.83
Epoch 4820 | Train: Loss=0.0015 Acc=100.0% | Test: Acc=87.9% | Best=88.9%(@4340)
  from x3: 0.87 0.87 0.87 0.87 0.88 0.88 0.88 0.88 0.88 0.88 0.88 0.88 0.88 0.88 0.88 0.88 0.88 0.88 0.88 0.88 0.88 0.88 0.88 0.88 0.88 0.88 0.88 0.88 0.88
  per-rule acc: 0.93 0.83
Epoch 4840 | Train: Loss=0.0015 Acc=100.0% | Test: Acc=88.5% | Best=88.9%(@4340)
  from x3: 0.88 0.87 0.88 0.88 0.88 0.88 0.88 0.88 0.89 0.88 0.89 0.89 0.89 0.89 0.89 0.89 0.89 0.89 0.89 0.89 0.89 0.89 0.89 0.89 0.89 0.88 0.89 0.89 0.89
  per-rule acc: 0.92 0.85
Epoch 4860 | Train: Loss=0.0028 Acc=100.0% | Test: Acc=88.0% | Best=88.9%(@4340)
  from x3: 0.88 0.87 0.88 0.88 0.88 0.88 0.88 0.88 0.88 0.88 0.88 0.88 0.88 0.88 0.88 0.88 0.88 0.88 0.88 0.88 0.88 0.88 0.88 0.88 0.88 0.88 0.88 0.88 0.88
  per-rule acc: 0.93 0.83
Epoch 4880 | Train: Loss=0.0013 Acc=100.0% | Test: Acc=88.3% | Best=88.9%(@4340)
  from x3: 0.87 0.87 0.88 0.88 0.88 0.88 0.88 0.88 0.88 0.88 0.88 0.88 0.88 0.88 0.88 0.88 0.88 0.89 0.89 0.89 0.89 0.89 0.89 0.88 0.88 0.89 0.89 0.89 0.89
  per-rule acc: 0.93 0.83
Epoch 4900 | Train: Loss=0.0015 Acc=100.0% | Test: Acc=88.7% | Best=88.9%(@4340)
  from x3: 0.87 0.87 0.88 0.88 0.88 0.89 0.89 0.89 0.89 0.89 0.89 0.89 0.89 0.89 0.89 0.89 0.89 0.89 0.89 0.89 0.89 0.89 0.89 0.89 0.89 0.89 0.89 0.89 0.89
  per-rule acc: 0.92 0.85
Epoch 4920 | Train: Loss=0.0015 Acc=100.0% | Test: Acc=88.4% | Best=88.9%(@4340)
  from x3: 0.87 0.87 0.88 0.88 0.88 0.88 0.88 0.88 0.89 0.89 0.89 0.89 0.89 0.89 0.88 0.89 0.89 0.89 0.89 0.89 0.89 0.88 0.88 0.88 0.89 0.88 0.88 0.88 0.89
  per-rule acc: 0.92 0.85
Epoch 4940 | Train: Loss=0.0053 Acc=99.9% | Test: Acc=83.6% | Best=88.9%(@4340)
  from x3: 0.83 0.83 0.83 0.83 0.83 0.83 0.84 0.83 0.84 0.84 0.83 0.84 0.84 0.84 0.84 0.84 0.84 0.84 0.84 0.84 0.84 0.84 0.84 0.84 0.84 0.84 0.84 0.84 0.84
  per-rule acc: 0.90 0.77
Epoch 4960 | Train: Loss=0.0013 Acc=100.0% | Test: Acc=87.9% | Best=88.9%(@4340)
  from x3: 0.86 0.87 0.87 0.88 0.88 0.88 0.88 0.88 0.88 0.88 0.88 0.88 0.88 0.88 0.88 0.88 0.88 0.88 0.88 0.88 0.88 0.88 0.88 0.88 0.88 0.88 0.88 0.88 0.88
  per-rule acc: 0.93 0.83
Epoch 4980 | Train: Loss=0.0015 Acc=100.0% | Test: Acc=87.7% | Best=88.9%(@4340)
  from x3: 0.87 0.87 0.87 0.87 0.87 0.88 0.87 0.88 0.88 0.88 0.88 0.88 0.88 0.88 0.88 0.88 0.88 0.88 0.88 0.88 0.88 0.88 0.88 0.88 0.88 0.88 0.88 0.88 0.88
  per-rule acc: 0.92 0.83
Epoch 5000 | Train: Loss=0.0241 Acc=99.8% | Test: Acc=77.2% | Best=88.9%(@4340)
  from x3: 0.76 0.77 0.76 0.76 0.77 0.77 0.76 0.77 0.77 0.77 0.77 0.77 0.77 0.77 0.77 0.77 0.77 0.77 0.78 0.78 0.78 0.78 0.78 0.78 0.78 0.78 0.78 0.78 0.78
  per-rule acc: 0.84 0.70
Epoch 5020 | Train: Loss=0.0016 Acc=100.0% | Test: Acc=87.4% | Best=88.9%(@4340)
  from x3: 0.86 0.86 0.87 0.87 0.87 0.87 0.87 0.87 0.88 0.87 0.87 0.88 0.88 0.88 0.88 0.88 0.88 0.88 0.88 0.87 0.88 0.87 0.88 0.88 0.88 0.88 0.88 0.88 0.88
  per-rule acc: 0.93 0.81
Epoch 5040 | Train: Loss=0.0029 Acc=100.0% | Test: Acc=86.6% | Best=88.9%(@4340)
  from x3: 0.86 0.86 0.86 0.86 0.86 0.86 0.86 0.86 0.87 0.87 0.87 0.87 0.87 0.87 0.87 0.87 0.87 0.87 0.87 0.87 0.87 0.87 0.87 0.87 0.87 0.87 0.87 0.87 0.87
  per-rule acc: 0.91 0.83
Epoch 5060 | Train: Loss=0.0013 Acc=100.0% | Test: Acc=88.3% | Best=88.9%(@4340)
  from x3: 0.87 0.87 0.88 0.88 0.88 0.88 0.88 0.88 0.88 0.88 0.88 0.88 0.88 0.89 0.89 0.88 0.88 0.88 0.89 0.88 0.88 0.88 0.88 0.88 0.88 0.88 0.88 0.88 0.88
  per-rule acc: 0.93 0.83
Epoch 5080 | Train: Loss=0.0015 Acc=100.0% | Test: Acc=87.8% | Best=88.9%(@4340)
  from x3: 0.87 0.87 0.88 0.88 0.88 0.88 0.88 0.88 0.88 0.88 0.88 0.88 0.88 0.88 0.88 0.88 0.88 0.88 0.88 0.88 0.88 0.88 0.88 0.88 0.88 0.88 0.88 0.88 0.88
  per-rule acc: 0.92 0.84
Epoch 5100 | Train: Loss=0.0015 Acc=100.0% | Test: Acc=88.5% | Best=88.9%(@4340)
  from x3: 0.88 0.87 0.88 0.88 0.89 0.88 0.89 0.88 0.88 0.88 0.88 0.88 0.88 0.89 0.89 0.89 0.89 0.89 0.89 0.89 0.89 0.89 0.88 0.89 0.89 0.89 0.89 0.89 0.89
  per-rule acc: 0.92 0.85
Epoch 5120 | Train: Loss=0.0014 Acc=100.0% | Test: Acc=88.5% | Best=88.9%(@4340)
  from x3: 0.87 0.88 0.88 0.88 0.89 0.88 0.88 0.89 0.88 0.89 0.88 0.89 0.88 0.89 0.89 0.89 0.89 0.89 0.89 0.89 0.89 0.89 0.89 0.89 0.89 0.89 0.89 0.89 0.89
  per-rule acc: 0.93 0.84
Epoch 5140 | Train: Loss=0.0013 Acc=100.0% | Test: Acc=88.1% | Best=88.9%(@4340)
  from x3: 0.87 0.87 0.88 0.88 0.88 0.88 0.88 0.88 0.88 0.88 0.88 0.88 0.88 0.88 0.88 0.88 0.88 0.88 0.88 0.88 0.88 0.88 0.89 0.88 0.89 0.88 0.88 0.89 0.88
  per-rule acc: 0.94 0.83
Epoch 5160 | Train: Loss=0.0015 Acc=100.0% | Test: Acc=87.8% | Best=88.9%(@4340)
  from x3: 0.87 0.87 0.88 0.88 0.87 0.88 0.88 0.88 0.88 0.88 0.88 0.88 0.88 0.88 0.88 0.88 0.88 0.88 0.88 0.88 0.88 0.88 0.88 0.88 0.88 0.88 0.88 0.88 0.88
  per-rule acc: 0.92 0.83
Epoch 5180 | Train: Loss=0.0051 Acc=100.0% | Test: Acc=83.1% | Best=88.9%(@4340)
  from x3: 0.82 0.82 0.82 0.83 0.83 0.83 0.83 0.83 0.83 0.83 0.83 0.83 0.83 0.83 0.83 0.83 0.83 0.83 0.83 0.83 0.83 0.83 0.83 0.83 0.83 0.83 0.83 0.83 0.83
  per-rule acc: 0.89 0.77
Epoch 5200 | Train: Loss=0.0015 Acc=100.0% | Test: Acc=86.9% | Best=88.9%(@4340)
  from x3: 0.87 0.87 0.87 0.86 0.86 0.86 0.87 0.87 0.87 0.87 0.87 0.87 0.87 0.87 0.87 0.87 0.87 0.87 0.87 0.87 0.87 0.87 0.87 0.87 0.87 0.87 0.87 0.87 0.87
  per-rule acc: 0.93 0.81
Epoch 5220 | Train: Loss=0.0013 Acc=100.0% | Test: Acc=87.6% | Best=88.9%(@4340)
  from x3: 0.87 0.87 0.87 0.88 0.87 0.88 0.88 0.87 0.88 0.88 0.88 0.88 0.88 0.88 0.88 0.88 0.88 0.88 0.88 0.88 0.88 0.88 0.88 0.88 0.88 0.88 0.87 0.88 0.87
  per-rule acc: 0.93 0.82
Epoch 5240 | Train: Loss=0.0015 Acc=100.0% | Test: Acc=87.9% | Best=88.9%(@4340)
  from x3: 0.87 0.87 0.88 0.88 0.88 0.88 0.88 0.88 0.88 0.88 0.88 0.88 0.88 0.88 0.88 0.88 0.88 0.88 0.88 0.88 0.88 0.88 0.88 0.88 0.88 0.88 0.88 0.88 0.88
  per-rule acc: 0.92 0.84
Epoch 5260 | Train: Loss=0.0073 Acc=100.0% | Test: Acc=81.3% | Best=88.9%(@4340)
  from x3: 0.81 0.81 0.81 0.81 0.81 0.81 0.81 0.81 0.81 0.82 0.81 0.81 0.81 0.82 0.81 0.81 0.82 0.81 0.81 0.82 0.81 0.81 0.81 0.82 0.81 0.81 0.81 0.81 0.81
  per-rule acc: 0.90 0.72
Epoch 5280 | Train: Loss=0.0013 Acc=100.0% | Test: Acc=88.1% | Best=88.9%(@4340)
  from x3: 0.87 0.87 0.88 0.88 0.88 0.88 0.88 0.88 0.88 0.89 0.88 0.88 0.88 0.88 0.88 0.88 0.88 0.88 0.88 0.88 0.88 0.88 0.88 0.88 0.88 0.88 0.88 0.88 0.88
  per-rule acc: 0.94 0.83
Epoch 5300 | Train: Loss=0.0014 Acc=100.0% | Test: Acc=87.7% | Best=88.9%(@4340)
  from x3: 0.86 0.87 0.87 0.87 0.88 0.88 0.88 0.88 0.88 0.88 0.88 0.88 0.88 0.88 0.88 0.88 0.88 0.88 0.88 0.88 0.88 0.88 0.88 0.88 0.88 0.88 0.88 0.88 0.88
  per-rule acc: 0.92 0.83
Epoch 5320 | Train: Loss=0.0028 Acc=100.0% | Test: Acc=84.9% | Best=88.9%(@4340)
  from x3: 0.83 0.84 0.84 0.84 0.84 0.85 0.85 0.85 0.85 0.85 0.85 0.85 0.85 0.85 0.85 0.85 0.85 0.85 0.85 0.85 0.85 0.85 0.85 0.85 0.85 0.85 0.85 0.85 0.85
  per-rule acc: 0.92 0.78
Epoch 5340 | Train: Loss=0.0013 Acc=100.0% | Test: Acc=87.6% | Best=88.9%(@4340)
  from x3: 0.87 0.87 0.87 0.87 0.88 0.88 0.88 0.88 0.88 0.88 0.88 0.88 0.87 0.88 0.88 0.88 0.88 0.88 0.88 0.88 0.88 0.88 0.88 0.88 0.88 0.88 0.88 0.88 0.88
  per-rule acc: 0.93 0.83
Epoch 5360 | Train: Loss=0.0015 Acc=100.0% | Test: Acc=87.5% | Best=88.9%(@4340)
  from x3: 0.86 0.87 0.87 0.87 0.88 0.88 0.88 0.88 0.88 0.88 0.88 0.88 0.88 0.88 0.87 0.88 0.87 0.88 0.88 0.88 0.88 0.88 0.88 0.88 0.88 0.88 0.88 0.87 0.87
  per-rule acc: 0.92 0.83
Epoch 5380 | Train: Loss=0.0015 Acc=100.0% | Test: Acc=88.1% | Best=88.9%(@4340)
  from x3: 0.87 0.87 0.87 0.88 0.88 0.88 0.88 0.88 0.88 0.88 0.88 0.89 0.88 0.88 0.88 0.88 0.88 0.88 0.88 0.88 0.88 0.88 0.88 0.88 0.88 0.88 0.88 0.88 0.88
  per-rule acc: 0.92 0.84
Epoch 5400 | Train: Loss=0.0249 Acc=99.8% | Test: Acc=81.3% | Best=88.9%(@4340)
  from x3: 0.80 0.81 0.81 0.81 0.81 0.81 0.81 0.81 0.81 0.81 0.81 0.81 0.82 0.81 0.82 0.82 0.82 0.82 0.82 0.81 0.81 0.82 0.81 0.82 0.82 0.82 0.82 0.82 0.82
  per-rule acc: 0.87 0.76
Epoch 5420 | Train: Loss=0.0027 Acc=100.0% | Test: Acc=84.3% | Best=88.9%(@4340)
  from x3: 0.84 0.84 0.84 0.84 0.84 0.84 0.84 0.84 0.84 0.84 0.85 0.85 0.85 0.85 0.84 0.84 0.84 0.84 0.84 0.84 0.84 0.84 0.85 0.84 0.84 0.84 0.84 0.85 0.85
  per-rule acc: 0.93 0.76
Epoch 5440 | Train: Loss=0.0012 Acc=100.0% | Test: Acc=87.3% | Best=88.9%(@4340)
  from x3: 0.86 0.86 0.86 0.87 0.87 0.87 0.87 0.87 0.87 0.87 0.87 0.87 0.87 0.87 0.88 0.87 0.88 0.87 0.87 0.88 0.88 0.88 0.87 0.88 0.88 0.88 0.88 0.88 0.88
  per-rule acc: 0.92 0.83
Epoch 5460 | Train: Loss=0.0033 Acc=100.0% | Test: Acc=85.7% | Best=88.9%(@4340)
  from x3: 0.84 0.84 0.85 0.85 0.85 0.85 0.85 0.85 0.85 0.86 0.86 0.86 0.86 0.86 0.86 0.86 0.86 0.86 0.86 0.86 0.86 0.86 0.86 0.86 0.86 0.86 0.86 0.86 0.86
  per-rule acc: 0.90 0.81
Epoch 5480 | Train: Loss=0.0110 Acc=99.8% | Test: Acc=75.8% | Best=88.9%(@4340)
  from x3: 0.74 0.75 0.75 0.75 0.75 0.75 0.75 0.76 0.76 0.76 0.76 0.76 0.76 0.76 0.76 0.76 0.76 0.76 0.76 0.76 0.76 0.76 0.76 0.76 0.76 0.76 0.76 0.76 0.76
  per-rule acc: 0.83 0.69
Epoch 5500 | Train: Loss=0.0012 Acc=100.0% | Test: Acc=88.5% | Best=88.9%(@4340)
  from x3: 0.88 0.87 0.88 0.88 0.88 0.88 0.88 0.89 0.89 0.88 0.89 0.89 0.89 0.89 0.89 0.89 0.89 0.89 0.89 0.89 0.89 0.89 0.89 0.89 0.89 0.89 0.89 0.89 0.89
  per-rule acc: 0.93 0.84
Epoch 5520 | Train: Loss=0.0014 Acc=100.0% | Test: Acc=87.7% | Best=88.9%(@4340)
  from x3: 0.86 0.87 0.87 0.87 0.87 0.87 0.88 0.88 0.88 0.88 0.88 0.88 0.88 0.88 0.88 0.88 0.88 0.88 0.88 0.88 0.88 0.88 0.88 0.88 0.88 0.88 0.88 0.88 0.88
  per-rule acc: 0.92 0.83
Epoch 5540 | Train: Loss=0.0015 Acc=100.0% | Test: Acc=87.8% | Best=88.9%(@4340)
  from x3: 0.86 0.87 0.87 0.87 0.88 0.88 0.88 0.88 0.88 0.88 0.88 0.88 0.88 0.88 0.88 0.88 0.88 0.88 0.88 0.88 0.88 0.88 0.88 0.88 0.88 0.88 0.88 0.88 0.88
  per-rule acc: 0.92 0.84
Epoch 5560 | Train: Loss=0.0251 Acc=99.9% | Test: Acc=74.9% | Best=88.9%(@4340)
  from x3: 0.73 0.74 0.74 0.74 0.75 0.74 0.74 0.75 0.75 0.75 0.75 0.75 0.75 0.75 0.75 0.75 0.75 0.75 0.75 0.75 0.75 0.75 0.75 0.75 0.76 0.75 0.76 0.75 0.76
  per-rule acc: 0.81 0.69
Epoch 5580 | Train: Loss=0.0020 Acc=100.0% | Test: Acc=85.9% | Best=88.9%(@4340)
  from x3: 0.85 0.86 0.86 0.86 0.86 0.86 0.86 0.86 0.86 0.86 0.86 0.86 0.86 0.86 0.86 0.86 0.86 0.86 0.86 0.86 0.86 0.86 0.86 0.86 0.86 0.86 0.86 0.86 0.86
  per-rule acc: 0.93 0.79
Epoch 5600 | Train: Loss=0.0012 Acc=100.0% | Test: Acc=87.3% | Best=88.9%(@4340)
  from x3: 0.86 0.86 0.86 0.87 0.87 0.87 0.87 0.87 0.88 0.88 0.88 0.88 0.88 0.88 0.87 0.87 0.87 0.87 0.88 0.87 0.88 0.88 0.88 0.87 0.87 0.87 0.87 0.87 0.87
  per-rule acc: 0.92 0.82
Epoch 5620 | Train: Loss=0.0014 Acc=100.0% | Test: Acc=87.4% | Best=88.9%(@4340)
  from x3: 0.86 0.86 0.87 0.87 0.87 0.87 0.87 0.88 0.88 0.88 0.88 0.88 0.88 0.88 0.88 0.88 0.88 0.88 0.88 0.88 0.88 0.88 0.88 0.88 0.87 0.88 0.88 0.88 0.88
  per-rule acc: 0.92 0.83
Epoch 5640 | Train: Loss=0.0014 Acc=100.0% | Test: Acc=87.6% | Best=88.9%(@4340)
  from x3: 0.86 0.87 0.87 0.87 0.88 0.87 0.88 0.87 0.88 0.88 0.88 0.88 0.88 0.88 0.88 0.88 0.88 0.88 0.88 0.88 0.88 0.88 0.88 0.88 0.88 0.88 0.88 0.88 0.88
  per-rule acc: 0.92 0.83
Epoch 5660 | Train: Loss=0.0290 Acc=99.7% | Test: Acc=80.4% | Best=88.9%(@4340)
  from x3: 0.77 0.79 0.79 0.80 0.80 0.80 0.80 0.80 0.80 0.80 0.81 0.81 0.81 0.81 0.81 0.81 0.81 0.81 0.81 0.81 0.81 0.81 0.81 0.81 0.81 0.81 0.81 0.81 0.81
  per-rule acc: 0.86 0.75
Epoch 5680 | Train: Loss=0.0022 Acc=100.0% | Test: Acc=84.6% | Best=88.9%(@4340)
  from x3: 0.83 0.84 0.84 0.84 0.84 0.85 0.85 0.85 0.84 0.85 0.85 0.85 0.85 0.85 0.85 0.85 0.85 0.85 0.85 0.85 0.85 0.85 0.85 0.85 0.85 0.85 0.85 0.85 0.85
  per-rule acc: 0.92 0.77
Epoch 5700 | Train: Loss=0.0012 Acc=100.0% | Test: Acc=87.3% | Best=88.9%(@4340)
  from x3: 0.86 0.86 0.87 0.87 0.87 0.87 0.87 0.87 0.87 0.87 0.87 0.87 0.87 0.87 0.87 0.87 0.88 0.88 0.88 0.87 0.88 0.88 0.88 0.88 0.88 0.88 0.88 0.88 0.88
  per-rule acc: 0.93 0.82
Epoch 5720 | Train: Loss=0.0014 Acc=100.0% | Test: Acc=87.1% | Best=88.9%(@4340)
  from x3: 0.86 0.86 0.87 0.87 0.87 0.87 0.87 0.87 0.87 0.87 0.87 0.87 0.87 0.87 0.87 0.87 0.87 0.87 0.87 0.87 0.87 0.87 0.87 0.87 0.87 0.87 0.87 0.87 0.87
  per-rule acc: 0.92 0.82
Epoch 5740 | Train: Loss=0.0014 Acc=100.0% | Test: Acc=87.3% | Best=88.9%(@4340)
  from x3: 0.85 0.86 0.87 0.87 0.87 0.87 0.87 0.87 0.88 0.87 0.87 0.88 0.87 0.88 0.88 0.87 0.88 0.88 0.87 0.88 0.87 0.88 0.88 0.88 0.88 0.88 0.88 0.88 0.87
  per-rule acc: 0.92 0.83
Epoch 5760 | Train: Loss=0.0066 Acc=99.9% | Test: Acc=77.0% | Best=88.9%(@4340)
  from x3: 0.76 0.77 0.77 0.76 0.77 0.77 0.77 0.77 0.77 0.77 0.77 0.77 0.77 0.77 0.77 0.77 0.77 0.77 0.77 0.77 0.77 0.77 0.77 0.77 0.77 0.77 0.77 0.77 0.77
  per-rule acc: 0.84 0.70
Epoch 5780 | Train: Loss=0.0011 Acc=100.0% | Test: Acc=87.4% | Best=88.9%(@4340)
  from x3: 0.86 0.86 0.87 0.87 0.87 0.87 0.88 0.87 0.88 0.87 0.88 0.87 0.87 0.87 0.87 0.88 0.87 0.87 0.88 0.88 0.88 0.88 0.87 0.88 0.87 0.88 0.87 0.87 0.88
  per-rule acc: 0.92 0.82
Epoch 5800 | Train: Loss=0.0013 Acc=100.0% | Test: Acc=86.3% | Best=88.9%(@4340)
  from x3: 0.85 0.85 0.85 0.86 0.86 0.87 0.87 0.86 0.87 0.87 0.87 0.86 0.86 0.86 0.86 0.87 0.87 0.86 0.86 0.86 0.86 0.87 0.87 0.86 0.86 0.86 0.86 0.86 0.86
  per-rule acc: 0.92 0.81
Epoch 5820 | Train: Loss=0.0110 Acc=99.9% | Test: Acc=79.8% | Best=88.9%(@4340)
  from x3: 0.78 0.79 0.79 0.79 0.80 0.80 0.79 0.79 0.80 0.80 0.80 0.80 0.80 0.80 0.80 0.80 0.80 0.80 0.80 0.80 0.80 0.80 0.80 0.80 0.80 0.80 0.80 0.80 0.80
  per-rule acc: 0.85 0.75
Epoch 5840 | Train: Loss=0.0012 Acc=100.0% | Test: Acc=87.9% | Best=88.9%(@4340)
  from x3: 0.87 0.87 0.87 0.87 0.88 0.88 0.88 0.88 0.88 0.88 0.88 0.88 0.88 0.88 0.88 0.88 0.88 0.88 0.88 0.88 0.88 0.88 0.88 0.88 0.88 0.88 0.88 0.88 0.88
  per-rule acc: 0.94 0.82
Epoch 5860 | Train: Loss=0.0014 Acc=100.0% | Test: Acc=87.5% | Best=88.9%(@4340)
  from x3: 0.86 0.86 0.87 0.87 0.87 0.88 0.87 0.88 0.88 0.88 0.88 0.88 0.88 0.88 0.88 0.88 0.88 0.88 0.88 0.88 0.88 0.88 0.88 0.88 0.87 0.88 0.88 0.88 0.88
  per-rule acc: 0.93 0.82
Epoch 5880 | Train: Loss=0.0014 Acc=100.0% | Test: Acc=87.4% | Best=88.9%(@4340)
  from x3: 0.86 0.86 0.87 0.87 0.87 0.87 0.87 0.88 0.88 0.88 0.88 0.88 0.88 0.88 0.87 0.88 0.88 0.87 0.87 0.88 0.88 0.87 0.87 0.87 0.88 0.88 0.88 0.88 0.88
  per-rule acc: 0.92 0.82
Epoch 5900 | Train: Loss=0.0013 Acc=100.0% | Test: Acc=87.0% | Best=88.9%(@4340)
  from x3: 0.85 0.85 0.86 0.86 0.87 0.87 0.87 0.87 0.87 0.87 0.87 0.87 0.87 0.87 0.87 0.87 0.87 0.87 0.87 0.87 0.87 0.87 0.87 0.87 0.87 0.87 0.87 0.87 0.87
  per-rule acc: 0.91 0.83
Epoch 5920 | Train: Loss=0.0024 Acc=100.0% | Test: Acc=83.5% | Best=88.9%(@4340)
  from x3: 0.83 0.83 0.83 0.83 0.83 0.83 0.83 0.84 0.84 0.84 0.83 0.84 0.84 0.84 0.84 0.84 0.84 0.84 0.84 0.84 0.84 0.84 0.84 0.84 0.84 0.84 0.84 0.84 0.84
  per-rule acc: 0.92 0.76
Epoch 5940 | Train: Loss=0.0012 Acc=100.0% | Test: Acc=86.8% | Best=88.9%(@4340)
  from x3: 0.85 0.86 0.86 0.86 0.86 0.87 0.87 0.86 0.87 0.87 0.87 0.87 0.87 0.87 0.87 0.87 0.87 0.87 0.87 0.87 0.87 0.87 0.87 0.87 0.87 0.87 0.87 0.87 0.87
  per-rule acc: 0.93 0.81
Epoch 5960 | Train: Loss=0.0013 Acc=100.0% | Test: Acc=86.6% | Best=88.9%(@4340)
  from x3: 0.86 0.86 0.86 0.86 0.86 0.87 0.86 0.86 0.87 0.87 0.87 0.87 0.87 0.87 0.87 0.87 0.87 0.87 0.87 0.87 0.87 0.87 0.87 0.87 0.87 0.87 0.87 0.87 0.87
  per-rule acc: 0.92 0.81
Epoch 5980 | Train: Loss=0.0013 Acc=100.0% | Test: Acc=87.2% | Best=88.9%(@4340)
  from x3: 0.85 0.86 0.86 0.87 0.87 0.87 0.87 0.87 0.87 0.87 0.88 0.87 0.88 0.87 0.88 0.88 0.87 0.87 0.87 0.88 0.87 0.87 0.87 0.87 0.88 0.87 0.87 0.87 0.87
  per-rule acc: 0.92 0.82
Epoch 6000 | Train: Loss=0.0253 Acc=99.9% | Test: Acc=69.7% | Best=88.9%(@4340)
  from x3: 0.68 0.69 0.69 0.69 0.69 0.70 0.70 0.70 0.70 0.70 0.70 0.70 0.70 0.70 0.70 0.70 0.70 0.70 0.70 0.70 0.70 0.70 0.70 0.70 0.70 0.70 0.70 0.70 0.70
  per-rule acc: 0.77 0.62
Epoch 6020 | Train: Loss=0.0028 Acc=100.0% | Test: Acc=83.0% | Best=88.9%(@4340)
  from x3: 0.81 0.82 0.82 0.83 0.83 0.83 0.83 0.83 0.83 0.83 0.83 0.83 0.83 0.83 0.83 0.83 0.83 0.83 0.83 0.83 0.83 0.83 0.83 0.83 0.83 0.83 0.83 0.83 0.83
  per-rule acc: 0.91 0.75
Epoch 6040 | Train: Loss=0.0011 Acc=100.0% | Test: Acc=86.8% | Best=88.9%(@4340)
  from x3: 0.85 0.86 0.86 0.86 0.87 0.87 0.87 0.87 0.87 0.87 0.87 0.87 0.87 0.87 0.87 0.87 0.87 0.87 0.87 0.87 0.87 0.87 0.87 0.87 0.87 0.87 0.87 0.87 0.87
  per-rule acc: 0.93 0.81
Epoch 6060 | Train: Loss=0.0013 Acc=100.0% | Test: Acc=86.7% | Best=88.9%(@4340)
  from x3: 0.85 0.85 0.86 0.86 0.87 0.86 0.87 0.87 0.87 0.87 0.87 0.87 0.87 0.87 0.87 0.87 0.87 0.87 0.87 0.87 0.87 0.87 0.87 0.87 0.87 0.87 0.87 0.87 0.87
  per-rule acc: 0.92 0.81
Epoch 6080 | Train: Loss=0.0063 Acc=99.9% | Test: Acc=79.1% | Best=88.9%(@4340)
  from x3: 0.78 0.78 0.79 0.79 0.79 0.79 0.79 0.79 0.79 0.79 0.79 0.80 0.79 0.79 0.79 0.79 0.79 0.79 0.79 0.79 0.79 0.79 0.79 0.79 0.79 0.79 0.79 0.79 0.79
  per-rule acc: 0.86 0.72
Epoch 6100 | Train: Loss=0.0013 Acc=100.0% | Test: Acc=87.0% | Best=88.9%(@4340)
  from x3: 0.86 0.86 0.87 0.86 0.87 0.87 0.87 0.87 0.87 0.87 0.87 0.87 0.87 0.87 0.87 0.87 0.87 0.87 0.87 0.87 0.87 0.87 0.87 0.87 0.87 0.87 0.87 0.87 0.87
  per-rule acc: 0.93 0.81
Epoch 6120 | Train: Loss=0.0014 Acc=100.0% | Test: Acc=86.9% | Best=88.9%(@4340)
  from x3: 0.86 0.86 0.86 0.86 0.87 0.87 0.87 0.87 0.87 0.87 0.87 0.87 0.87 0.87 0.87 0.87 0.87 0.87 0.87 0.87 0.87 0.87 0.87 0.87 0.87 0.87 0.87 0.87 0.87
  per-rule acc: 0.92 0.81
Epoch 6140 | Train: Loss=0.0014 Acc=100.0% | Test: Acc=87.0% | Best=88.9%(@4340)
  from x3: 0.85 0.86 0.87 0.87 0.87 0.87 0.87 0.87 0.87 0.87 0.87 0.87 0.87 0.87 0.87 0.87 0.87 0.87 0.87 0.87 0.87 0.87 0.87 0.88 0.87 0.87 0.87 0.87 0.87
  per-rule acc: 0.92 0.82
Epoch 6160 | Train: Loss=0.0013 Acc=100.0% | Test: Acc=87.1% | Best=88.9%(@4340)
  from x3: 0.85 0.86 0.86 0.87 0.87 0.87 0.87 0.87 0.87 0.87 0.87 0.87 0.87 0.87 0.87 0.88 0.87 0.87 0.87 0.87 0.87 0.88 0.87 0.88 0.88 0.87 0.87 0.87 0.87
  per-rule acc: 0.91 0.83
Epoch 6180 | Train: Loss=0.0023 Acc=100.0% | Test: Acc=83.9% | Best=88.9%(@4340)
  from x3: 0.83 0.83 0.84 0.84 0.83 0.84 0.84 0.84 0.84 0.84 0.84 0.84 0.84 0.84 0.84 0.84 0.84 0.84 0.84 0.84 0.84 0.84 0.84 0.84 0.84 0.84 0.84 0.84 0.84
  per-rule acc: 0.92 0.76
Epoch 6200 | Train: Loss=0.0012 Acc=100.0% | Test: Acc=86.3% | Best=88.9%(@4340)
  from x3: 0.85 0.86 0.86 0.86 0.86 0.86 0.86 0.86 0.87 0.86 0.87 0.87 0.86 0.86 0.86 0.86 0.86 0.86 0.87 0.86 0.87 0.87 0.87 0.87 0.87 0.87 0.87 0.86 0.86
  per-rule acc: 0.93 0.80
Epoch 6220 | Train: Loss=0.0013 Acc=100.0% | Test: Acc=86.5% | Best=88.9%(@4340)
  from x3: 0.85 0.85 0.86 0.86 0.86 0.87 0.87 0.87 0.87 0.87 0.87 0.87 0.87 0.87 0.87 0.87 0.87 0.87 0.86 0.87 0.87 0.87 0.87 0.87 0.87 0.87 0.87 0.87 0.87
  per-rule acc: 0.92 0.81
Epoch 6240 | Train: Loss=0.0013 Acc=100.0% | Test: Acc=86.7% | Best=88.9%(@4340)
  from x3: 0.85 0.85 0.86 0.86 0.87 0.87 0.87 0.87 0.87 0.87 0.87 0.87 0.87 0.87 0.87 0.87 0.87 0.87 0.87 0.87 0.87 0.87 0.87 0.87 0.87 0.87 0.87 0.87 0.87
  per-rule acc: 0.92 0.81
Epoch 6260 | Train: Loss=0.0175 Acc=99.8% | Test: Acc=72.7% | Best=88.9%(@4340)
  from x3: 0.70 0.72 0.72 0.72 0.72 0.73 0.73 0.73 0.73 0.73 0.73 0.73 0.73 0.73 0.73 0.73 0.73 0.73 0.73 0.73 0.73 0.73 0.73 0.73 0.73 0.73 0.73 0.73 0.73
  per-rule acc: 0.80 0.65
Epoch 6280 | Train: Loss=0.0025 Acc=100.0% | Test: Acc=83.3% | Best=88.9%(@4340)
  from x3: 0.82 0.83 0.82 0.82 0.83 0.83 0.83 0.83 0.83 0.83 0.83 0.84 0.83 0.83 0.83 0.84 0.83 0.83 0.84 0.84 0.84 0.84 0.84 0.84 0.84 0.84 0.84 0.84 0.84
  per-rule acc: 0.90 0.76
Epoch 6300 | Train: Loss=0.0012 Acc=100.0% | Test: Acc=86.4% | Best=88.9%(@4340)
  from x3: 0.85 0.85 0.86 0.86 0.86 0.87 0.87 0.87 0.87 0.87 0.87 0.87 0.87 0.87 0.87 0.86 0.86 0.86 0.86 0.86 0.86 0.87 0.87 0.87 0.87 0.87 0.87 0.87 0.87
  per-rule acc: 0.92 0.80
Epoch 6320 | Train: Loss=0.0059 Acc=99.9% | Test: Acc=80.7% | Best=88.9%(@4340)
  from x3: 0.79 0.80 0.80 0.80 0.81 0.81 0.81 0.81 0.81 0.81 0.81 0.81 0.81 0.81 0.81 0.81 0.81 0.81 0.81 0.81 0.81 0.81 0.81 0.81 0.81 0.81 0.81 0.81 0.81
  per-rule acc: 0.87 0.74
Epoch 6340 | Train: Loss=0.0012 Acc=100.0% | Test: Acc=86.4% | Best=88.9%(@4340)
  from x3: 0.85 0.86 0.86 0.86 0.86 0.87 0.87 0.87 0.87 0.87 0.87 0.87 0.87 0.87 0.87 0.87 0.87 0.87 0.87 0.86 0.86 0.87 0.86 0.86 0.86 0.86 0.86 0.86 0.86
  per-rule acc: 0.92 0.81
[Early stop] No improvement for 2000 consecutive epochs

==================================================
Saving model...
[OK] Model saved to: /home/cxm/ai/test0617-basic/models/mixed_basic_d512l4_r32_t32_c0.5.pth
  File size: 279576.7 KB
  Best test accuracy: 88.87%

==================================================
Final generation test (given first two items, AB generates 3rd as prompt, validate from 4th)
==================================================

--- AB pair 1: (1, 1) ---

--- Statistics for AB=(1,1) ---
Exposed    samples:  1405 | In-dist: 40426/40745 ( 99.2%) | OOD: 44619/44960 ( 99.2%)
Unexposed  samples:  1404 | In-dist: 20805/40716 ( 51.1%) | OOD: 11169/44928 ( 24.9%)

--- AB pair 2: (1, 2) ---

--- Statistics for AB=(1,2) ---
Exposed    samples:  1405 | In-dist: 40605/40745 ( 99.7%) | OOD: 44805/44960 ( 99.7%)
Unexposed  samples:  1404 | In-dist: 14051/40716 ( 34.5%) | OOD: 10998/44928 ( 24.5%)

--- Return code: 0 ---

======================================================================
Attention Analysis
======================================================================
Model config: addition (default), p=53
Best test accuracy: 0.8886801257490913
Training epochs: 6340

Random test sequence 1/5 (length 64): [15, 5, 20, 25, 45, 17, 9, 26, 35, 8, 43, 51, 41, 39, 27, 13, 40, 0, 40, 40]...

======================================================================
Attention Layer Training Result Summary
======================================================================
Input sequence: [15, 5, 20, 25, 45, 17, 9, 26, 35, 8, 43, 51, 41, 39, 27, 13, 40, 0, 40, 40, 27, 14, 41, 2, 43, 45, 35, 27, 9, 36, 45, 28, 20, 48, 15, 10, 25, 35, 7, 42, 49, 38, 34, 19, 0, 19, 19, 38, 4, 42, 46, 35, 28, 10, 38, 48, 33, 28, 8, 36, 44, 27, 18, 45]

--- Layer 0 ---
  Head 0: Entropy=0.735
    Attention coefficients from each query position to previous positions:
      i= 0 -> j=0:1.000
      i= 1 -> j=0:0.846, j=1:0.154
      i= 2 -> j=0:0.080, j=1:0.753, j=2:0.167
      i= 3 -> j=0:0.001, j=1:0.126, j=2:0.762, j=3:0.111
      i= 4 -> j=0:0.000, j=1:0.001, j=2:0.071, j=3:0.810, j=4:0.117
      i= 5 -> j=0:0.000, j=1:0.000, j=2:0.002, j=3:0.106, j=4:0.691, j=5:0.202
      i= 6 -> j=0:0.000, j=1:0.000, j=2:0.000, j=3:0.001, j=4:0.109, j=5:0.765, j=6:0.125
      i= 7 -> j=0:0.000, j=1:0.000, j=2:0.000, j=3:0.000, j=4:0.002, j=5:0.106, j=6:0.732, j=7:0.160
      i= 8 -> j=0:0.000, j=1:0.000, j=2:0.000, j=3:0.000, j=4:0.000, j=5:0.001, j=6:0.088, j=7:0.755, j=8:0.156
      i= 9 -> j=0:0.000, j=1:0.000, j=2:0.000, j=3:0.000, j=4:0.000, j=5:0.000, j=6:0.001, j=7:0.087, j=8:0.795, j=9:0.117
      i=10 -> j=0:0.000, j=1:0.000, j=2:0.000, j=3:0.000, j=4:0.000, j=5:0.000, j=6:0.000, j=7:0.001, j=8:0.129, j=9:0.687, j=10:0.182
      i=11 -> j=0:0.000, j=1:0.000, j=2:0.000, j=3:0.000, j=4:0.000, j=5:0.000, j=6:0.000, j=7:0.000, j=8:0.001, j=9:0.080, j=10:0.772, j=11:0.147
      i=12 -> j=0:0.000, j=1:0.000, j=2:0.000, j=3:0.000, j=4:0.000, j=5:0.000, j=6:0.000, j=7:0.000, j=8:0.000, j=9:0.002, j=10:0.082, j=11:0.805, j=12:0.112
      i=13 -> j=0:0.000, j=1:0.000, j=2:0.000, j=3:0.000, j=4:0.000, j=5:0.000, j=6:0.000, j=7:0.000, j=8:0.000, j=9:0.000, j=10:0.001, j=11:0.140, j=12:0.714, j=13:0.144
      i=14 -> j=0:0.000, j=1:0.000, j=2:0.000, j=3:0.000, j=4:0.000, j=5:0.000, j=6:0.000, j=7:0.000, j=8:0.000, j=9:0.000, j=10:0.000, j=11:0.002, j=12:0.077, j=13:0.748, j=14:0.174
      i=15 -> j=0:0.000, j=1:0.000, j=2:0.000, j=3:0.000, j=4:0.000, j=5:0.000, j=6:0.000, j=7:0.000, j=8:0.000, j=9:0.000, j=10:0.000, j=11:0.000, j=12:0.001, j=13:0.183, j=14:0.672, j=15:0.143
      i=16 -> j=0:0.000, j=1:0.000, j=2:0.000, j=3:0.000, j=4:0.000, j=5:0.000, j=6:0.000, j=7:0.000, j=8:0.000, j=9:0.000, j=10:0.000, j=11:0.000, j=12:0.000, j=13:0.001, j=14:0.081, j=15:0.736, j=16:0.182
      i=17 -> j=0:0.000, j=1:0.000, j=2:0.000, j=3:0.000, j=4:0.000, j=5:0.000, j=6:0.000, j=7:0.000, j=8:0.000, j=9:0.000, j=10:0.000, j=11:0.000, j=12:0.000, j=13:0.000, j=14:0.001, j=15:0.047, j=16:0.885, j=17:0.067
      i=18 -> j=0:0.000, j=1:0.000, j=2:0.000, j=3:0.000, j=4:0.000, j=5:0.000, j=6:0.000, j=7:0.000, j=8:0.000, j=9:0.000, j=10:0.000, j=11:0.000, j=12:0.000, j=13:0.000, j=14:0.000, j=15:0.001, j=16:0.058, j=17:0.784, j=18:0.157
      i=19 -> j=0:0.000, j=1:0.000, j=2:0.000, j=3:0.000, j=4:0.000, j=5:0.000, j=6:0.000, j=7:0.000, j=8:0.000, j=9:0.000, j=10:0.000, j=11:0.000, j=12:0.000, j=13:0.000, j=14:0.000, j=15:0.000, j=16:0.001, j=17:0.113, j=18:0.684, j=19:0.202
      i=20 -> j=0:0.000, j=1:0.000, j=2:0.000, j=3:0.000, j=4:0.000, j=5:0.000, j=6:0.000, j=7:0.000, j=8:0.000, j=9:0.000, j=10:0.000, j=11:0.000, j=12:0.000, j=13:0.000, j=14:0.000, j=15:0.000, j=16:0.000, j=17:0.001, j=18:0.081, j=19:0.750, j=20:0.168
      i=21 -> j=0:0.000, j=1:0.000, j=2:0.000, j=3:0.000, j=4:0.000, j=5:0.000, j=6:0.000, j=7:0.000, j=8:0.000, j=9:0.000, j=10:0.000, j=11:0.000, j=12:0.000, j=13:0.000, j=14:0.000, j=15:0.000, j=16:0.000, j=17:0.000, j=18:0.001, j=19:0.088, j=20:0.737, j=21:0.173
      i=22 -> j=0:0.000, j=1:0.000, j=2:0.000, j=3:0.000, j=4:0.000, j=5:0.000, j=6:0.000, j=7:0.000, j=8:0.000, j=9:0.000, j=10:0.000, j=11:0.000, j=12:0.000, j=13:0.000, j=14:0.000, j=15:0.000, j=16:0.000, j=17:0.000, j=18:0.000, j=19:0.001, j=20:0.099, j=21:0.765, j=22:0.134
      i=23 -> j=0:0.000, j=1:0.000, j=2:0.000, j=3:0.000, j=4:0.000, j=5:0.000, j=6:0.000, j=7:0.000, j=8:0.000, j=9:0.000, j=10:0.000, j=11:0.000, j=12:0.000, j=13:0.000, j=14:0.000, j=15:0.000, j=16:0.000, j=17:0.000, j=18:0.000, j=19:0.000, j=20:0.001, j=21:0.154, j=22:0.735, j=23:0.110
      i=24 -> j=0:0.000, j=1:0.000, j=2:0.000, j=3:0.000, j=4:0.000, j=5:0.000, j=6:0.000, j=7:0.000, j=8:0.000, j=9:0.000, j=10:0.000, j=11:0.000, j=12:0.000, j=13:0.000, j=14:0.000, j=15:0.000, j=16:0.000, j=17:0.000, j=18:0.000, j=19:0.000, j=20:0.000, j=21:0.002, j=22:0.083, j=23:0.774, j=24:0.141
      i=25 -> j=0:0.000, j=1:0.000, j=2:0.000, j=3:0.000, j=4:0.000, j=5:0.000, j=6:0.000, j=7:0.000, j=8:0.000, j=9:0.000, j=10:0.000, j=11:0.000, j=12:0.000, j=13:0.000, j=14:0.000, j=15:0.000, j=16:0.000, j=17:0.000, j=18:0.000, j=19:0.000, j=20:0.000, j=21:0.000, j=22:0.001, j=23:0.131, j=24:0.740, j=25:0.129
      i=26 -> j=0:0.000, j=1:0.000, j=2:0.000, j=3:0.000, j=4:0.000, j=5:0.000, j=6:0.000, j=7:0.000, j=8:0.000, j=9:0.000, j=10:0.000, j=11:0.000, j=12:0.000, j=13:0.000, j=14:0.000, j=15:0.000, j=16:0.000, j=17:0.000, j=18:0.000, j=19:0.000, j=20:0.000, j=21:0.000, j=22:0.000, j=23:0.002, j=24:0.090, j=25:0.737, j=26:0.171
      i=27 -> j=0:0.000, j=1:0.000, j=2:0.000, j=3:0.000, j=4:0.000, j=5:0.000, j=6:0.000, j=7:0.000, j=8:0.000, j=9:0.000, j=10:0.000, j=11:0.000, j=12:0.000, j=13:0.000, j=14:0.000, j=15:0.000, j=16:0.000, j=17:0.000, j=18:0.000, j=19:0.000, j=20:0.000, j=21:0.000, j=22:0.000, j=23:0.000, j=24:0.001, j=25:0.104, j=26:0.737, j=27:0.158
      i=28 -> j=0:0.000, j=1:0.000, j=2:0.000, j=3:0.000, j=4:0.000, j=5:0.000, j=6:0.000, j=7:0.000, j=8:0.000, j=9:0.000, j=10:0.000, j=11:0.000, j=12:0.000, j=13:0.000, j=14:0.000, j=15:0.000, j=16:0.000, j=17:0.000, j=18:0.000, j=19:0.000, j=20:0.000, j=21:0.000, j=22:0.000, j=23:0.000, j=24:0.000, j=25:0.002, j=26:0.106, j=27:0.728, j=28:0.163
      i=29 -> j=0:0.000, j=1:0.000, j=2:0.000, j=3:0.000, j=4:0.000, j=5:0.000, j=6:0.000, j=7:0.000, j=8:0.000, j=9:0.000, j=10:0.000, j=11:0.000, j=12:0.000, j=13:0.000, j=14:0.000, j=15:0.000, j=16:0.000, j=17:0.000, j=18:0.000, j=19:0.000, j=20:0.000, j=21:0.000, j=22:0.000, j=23:0.000, j=24:0.000, j=25:0.000, j=26:0.001, j=27:0.111, j=28:0.715, j=29:0.172
      i=30 -> j=0:0.000, j=1:0.000, j=2:0.000, j=3:0.000, j=4:0.000, j=5:0.000, j=6:0.000, j=7:0.000, j=8:0.000, j=9:0.000, j=10:0.000, j=11:0.000, j=12:0.000, j=13:0.000, j=14:0.000, j=15:0.000, j=16:0.000, j=17:0.000, j=18:0.000, j=19:0.000, j=20:0.000, j=21:0.000, j=22:0.000, j=23:0.000, j=24:0.000, j=25:0.000, j=26:0.000, j=27:0.001, j=28:0.106, j=29:0.726, j=30:0.167
      i=31 -> j=0:0.000, j=1:0.000, j=2:0.000, j=3:0.000, j=4:0.000, j=5:0.000, j=6:0.000, j=7:0.000, j=8:0.000, j=9:0.000, j=10:0.000, j=11:0.000, j=12:0.000, j=13:0.000, j=14:0.000, j=15:0.000, j=16:0.000, j=17:0.000, j=18:0.000, j=19:0.000, j=20:0.000, j=21:0.000, j=22:0.000, j=23:0.000, j=24:0.000, j=25:0.000, j=26:0.000, j=27:0.000, j=28:0.001, j=29:0.094, j=30:0.747, j=31:0.157
      i=32 -> j=0:0.000, j=1:0.000, j=2:0.000, j=3:0.000, j=4:0.000, j=5:0.000, j=6:0.000, j=7:0.000, j=8:0.000, j=9:0.000, j=10:0.000, j=11:0.000, j=12:0.000, j=13:0.000, j=14:0.000, j=15:0.000, j=16:0.000, j=17:0.000, j=18:0.000, j=19:0.000, j=20:0.000, j=21:0.000, j=22:0.000, j=23:0.000, j=24:0.000, j=25:0.000, j=26:0.000, j=27:0.000, j=28:0.000, j=29:0.001, j=30:0.103, j=31:0.713, j=32:0.181
      i=33 -> j=0:0.000, j=1:0.000, j=2:0.000, j=3:0.000, j=4:0.000, j=5:0.000, j=6:0.000, j=7:0.000, j=8:0.000, j=9:0.000, j=10:0.000, j=11:0.000, j=12:0.000, j=13:0.000, j=14:0.000, j=15:0.000, j=16:0.000, j=17:0.000, j=18:0.000, j=19:0.000, j=20:0.000, j=21:0.000, j=22:0.000, j=23:0.000, j=24:0.000, j=25:0.000, j=26:0.000, j=27:0.000, j=28:0.000, j=29:0.000, j=30:0.002, j=31:0.118, j=32:0.737, j=33:0.142
      i=34 -> j=0:0.000, j=1:0.000, j=2:0.000, j=3:0.000, j=4:0.000, j=5:0.000, j=6:0.000, j=7:0.000, j=8:0.000, j=9:0.000, j=10:0.000, j=11:0.000, j=12:0.000, j=13:0.000, j=14:0.000, j=15:0.000, j=16:0.000, j=17:0.000, j=18:0.000, j=19:0.000, j=20:0.000, j=21:0.000, j=22:0.000, j=23:0.000, j=24:0.000, j=25:0.000, j=26:0.000, j=27:0.000, j=28:0.000, j=29:0.000, j=30:0.000, j=31:0.003, j=32:0.135, j=33:0.675, j=34:0.186
      i=35 -> j=0:0.000, j=1:0.000, j=2:0.000, j=3:0.000, j=4:0.000, j=5:0.000, j=6:0.000, j=7:0.000, j=8:0.000, j=9:0.000, j=10:0.000, j=11:0.000, j=12:0.000, j=13:0.000, j=14:0.000, j=15:0.000, j=16:0.000, j=17:0.000, j=18:0.000, j=19:0.000, j=20:0.000, j=21:0.000, j=22:0.000, j=23:0.000, j=24:0.000, j=25:0.000, j=26:0.000, j=27:0.000, j=28:0.000, j=29:0.000, j=30:0.000, j=31:0.000, j=32:0.001, j=33:0.103, j=34:0.751, j=35:0.144
      i=36 -> j=0:0.000, j=1:0.000, j=2:0.000, j=3:0.000, j=4:0.000, j=5:0.000, j=6:0.000, j=7:0.000, j=8:0.000, j=9:0.000, j=10:0.000, j=11:0.000, j=12:0.000, j=13:0.000, j=14:0.000, j=15:0.000, j=16:0.000, j=17:0.000, j=18:0.000, j=19:0.000, j=20:0.000, j=21:0.000, j=22:0.000, j=23:0.000, j=24:0.000, j=25:0.000, j=26:0.000, j=27:0.000, j=28:0.000, j=29:0.000, j=30:0.000, j=31:0.000, j=32:0.000, j=33:0.002, j=34:0.138, j=35:0.734, j=36:0.125
      i=37 -> j=0:0.000, j=1:0.000, j=2:0.000, j=3:0.000, j=4:0.000, j=5:0.000, j=6:0.000, j=7:0.000, j=8:0.000, j=9:0.000, j=10:0.000, j=11:0.000, j=12:0.000, j=13:0.000, j=14:0.000, j=15:0.000, j=16:0.000, j=17:0.000, j=18:0.000, j=19:0.000, j=20:0.000, j=21:0.000, j=22:0.000, j=23:0.000, j=24:0.000, j=25:0.000, j=26:0.000, j=27:0.000, j=28:0.000, j=29:0.000, j=30:0.000, j=31:0.000, j=32:0.000, j=33:0.000, j=34:0.001, j=35:0.085, j=36:0.763, j=37:0.151
      i=38 -> j=0:0.000, j=1:0.000, j=2:0.000, j=3:0.000, j=4:0.000, j=5:0.000, j=6:0.000, j=7:0.000, j=8:0.000, j=9:0.000, j=10:0.000, j=11:0.000, j=12:0.000, j=13:0.000, j=14:0.000, j=15:0.000, j=16:0.000, j=17:0.000, j=18:0.000, j=19:0.000, j=20:0.000, j=21:0.000, j=22:0.000, j=23:0.000, j=24:0.000, j=25:0.000, j=26:0.000, j=27:0.000, j=28:0.000, j=29:0.000, j=30:0.000, j=31:0.000, j=32:0.000, j=33:0.000, j=34:0.000, j=35:0.001, j=36:0.096, j=37:0.744, j=38:0.159
      i=39 -> j=0:0.000, j=1:0.000, j=2:0.000, j=3:0.000, j=4:0.000, j=5:0.000, j=6:0.000, j=7:0.000, j=8:0.000, j=9:0.000, j=10:0.000, j=11:0.000, j=12:0.000, j=13:0.000, j=14:0.000, j=15:0.000, j=16:0.000, j=17:0.000, j=18:0.000, j=19:0.000, j=20:0.000, j=21:0.000, j=22:0.000, j=23:0.000, j=24:0.000, j=25:0.000, j=26:0.000, j=27:0.000, j=28:0.000, j=29:0.000, j=30:0.000, j=31:0.000, j=32:0.000, j=33:0.000, j=34:0.000, j=35:0.000, j=36:0.002, j=37:0.089, j=38:0.728, j=39:0.180
      i=40 -> j=0:0.000, j=1:0.000, j=2:0.000, j=3:0.000, j=4:0.000, j=5:0.000, j=6:0.000, j=7:0.000, j=8:0.000, j=9:0.000, j=10:0.000, j=11:0.000, j=12:0.000, j=13:0.000, j=14:0.000, j=15:0.000, j=16:0.000, j=17:0.000, j=18:0.000, j=19:0.000, j=20:0.000, j=21:0.000, j=22:0.000, j=23:0.000, j=24:0.000, j=25:0.000, j=26:0.000, j=27:0.000, j=28:0.000, j=29:0.000, j=30:0.000, j=31:0.000, j=32:0.000, j=33:0.000, j=34:0.000, j=35:0.000, j=36:0.000, j=37:0.001, j=38:0.085, j=39:0.710, j=40:0.203
      i=41 -> j=0:0.000, j=1:0.000, j=2:0.000, j=3:0.000, j=4:0.000, j=5:0.000, j=6:0.000, j=7:0.000, j=8:0.000, j=9:0.000, j=10:0.000, j=11:0.000, j=12:0.000, j=13:0.000, j=14:0.000, j=15:0.000, j=16:0.000, j=17:0.000, j=18:0.000, j=19:0.000, j=20:0.000, j=21:0.000, j=22:0.000, j=23:0.000, j=24:0.000, j=25:0.000, j=26:0.000, j=27:0.000, j=28:0.000, j=29:0.000, j=30:0.000, j=31:0.000, j=32:0.000, j=33:0.000, j=34:0.000, j=35:0.000, j=36:0.000, j=37:0.000, j=38:0.001, j=39:0.085, j=40:0.717, j=41:0.196
      i=42 -> j=0:0.000, j=1:0.000, j=2:0.000, j=3:0.000, j=4:0.000, j=5:0.000, j=6:0.000, j=7:0.000, j=8:0.000, j=9:0.000, j=10:0.000, j=11:0.000, j=12:0.000, j=13:0.000, j=14:0.000, j=15:0.000, j=16:0.000, j=17:0.000, j=18:0.000, j=19:0.000, j=20:0.000, j=21:0.000, j=22:0.000, j=23:0.000, j=24:0.000, j=25:0.000, j=26:0.000, j=27:0.000, j=28:0.000, j=29:0.000, j=30:0.000, j=31:0.000, j=32:0.000, j=33:0.000, j=34:0.000, j=35:0.000, j=36:0.000, j=37:0.000, j=38:0.000, j=39:0.002, j=40:0.110, j=41:0.736, j=42:0.151
      i=43 -> j=0:0.000, j=1:0.000, j=2:0.000, j=3:0.000, j=4:0.000, j=5:0.000, j=6:0.000, j=7:0.000, j=8:0.000, j=9:0.000, j=10:0.000, j=11:0.000, j=12:0.000, j=13:0.000, j=14:0.000, j=15:0.000, j=16:0.000, j=17:0.000, j=18:0.000, j=19:0.000, j=20:0.000, j=21:0.000, j=22:0.000, j=23:0.000, j=24:0.000, j=25:0.000, j=26:0.000, j=27:0.000, j=28:0.000, j=29:0.000, j=30:0.000, j=31:0.000, j=32:0.000, j=33:0.000, j=34:0.000, j=35:0.000, j=36:0.000, j=37:0.000, j=38:0.000, j=39:0.000, j=40:0.002, j=41:0.114, j=42:0.719, j=43:0.164
      i=44 -> j=0:0.000, j=1:0.000, j=2:0.000, j=3:0.000, j=4:0.000, j=5:0.000, j=6:0.000, j=7:0.000, j=8:0.000, j=9:0.000, j=10:0.000, j=11:0.000, j=12:0.000, j=13:0.000, j=14:0.000, j=15:0.000, j=16:0.000, j=17:0.000, j=18:0.000, j=19:0.000, j=20:0.000, j=21:0.000, j=22:0.000, j=23:0.000, j=24:0.000, j=25:0.000, j=26:0.000, j=27:0.000, j=28:0.000, j=29:0.000, j=30:0.000, j=31:0.000, j=32:0.000, j=33:0.000, j=34:0.000, j=35:0.000, j=36:0.000, j=37:0.000, j=38:0.000, j=39:0.000, j=40:0.000, j=41:0.001, j=42:0.131, j=43:0.781, j=44:0.087
      i=45 -> j=0:0.000, j=1:0.000, j=2:0.000, j=3:0.000, j=4:0.000, j=5:0.000, j=6:0.000, j=7:0.000, j=8:0.000, j=9:0.000, j=10:0.000, j=11:0.000, j=12:0.000, j=13:0.000, j=14:0.000, j=15:0.000, j=16:0.000, j=17:0.000, j=18:0.000, j=19:0.000, j=20:0.000, j=21:0.000, j=22:0.000, j=23:0.000, j=24:0.000, j=25:0.000, j=26:0.000, j=27:0.000, j=28:0.000, j=29:0.000, j=30:0.000, j=31:0.000, j=32:0.000, j=33:0.000, j=34:0.000, j=35:0.000, j=36:0.000, j=37:0.000, j=38:0.000, j=39:0.000, j=40:0.000, j=41:0.000, j=42:0.002, j=43:0.073, j=44:0.772, j=45:0.153
      i=46 -> j=0:0.000, j=1:0.000, j=2:0.000, j=3:0.000, j=4:0.000, j=5:0.000, j=6:0.000, j=7:0.000, j=8:0.000, j=9:0.000, j=10:0.000, j=11:0.000, j=12:0.000, j=13:0.000, j=14:0.000, j=15:0.000, j=16:0.000, j=17:0.000, j=18:0.000, j=19:0.000, j=20:0.000, j=21:0.000, j=22:0.000, j=23:0.000, j=24:0.000, j=25:0.000, j=26:0.000, j=27:0.000, j=28:0.000, j=29:0.000, j=30:0.000, j=31:0.000, j=32:0.000, j=33:0.000, j=34:0.000, j=35:0.000, j=36:0.000, j=37:0.000, j=38:0.000, j=39:0.000, j=40:0.000, j=41:0.000, j=42:0.000, j=43:0.001, j=44:0.139, j=45:0.663, j=46:0.195
      i=47 -> j=0:0.000, j=1:0.000, j=2:0.000, j=3:0.000, j=4:0.000, j=5:0.000, j=6:0.000, j=7:0.000, j=8:0.000, j=9:0.000, j=10:0.000, j=11:0.000, j=12:0.000, j=13:0.000, j=14:0.000, j=15:0.000, j=16:0.000, j=17:0.000, j=18:0.000, j=19:0.000, j=20:0.000, j=21:0.000, j=22:0.000, j=23:0.000, j=24:0.000, j=25:0.000, j=26:0.000, j=27:0.000, j=28:0.000, j=29:0.000, j=30:0.000, j=31:0.000, j=32:0.000, j=33:0.000, j=34:0.000, j=35:0.000, j=36:0.000, j=37:0.000, j=38:0.000, j=39:0.000, j=40:0.000, j=41:0.000, j=42:0.000, j=43:0.000, j=44:0.001, j=45:0.095, j=46:0.665, j=47:0.238
      i=48 -> j=0:0.000, j=1:0.000, j=2:0.000, j=3:0.000, j=4:0.000, j=5:0.000, j=6:0.000, j=7:0.000, j=8:0.000, j=9:0.000, j=10:0.000, j=11:0.000, j=12:0.000, j=13:0.000, j=14:0.000, j=15:0.000, j=16:0.000, j=17:0.000, j=18:0.000, j=19:0.000, j=20:0.000, j=21:0.000, j=22:0.000, j=23:0.000, j=24:0.000, j=25:0.000, j=26:0.000, j=27:0.000, j=28:0.000, j=29:0.000, j=30:0.000, j=31:0.000, j=32:0.000, j=33:0.000, j=34:0.000, j=35:0.000, j=36:0.000, j=37:0.000, j=38:0.000, j=39:0.000, j=40:0.000, j=41:0.000, j=42:0.000, j=43:0.000, j=44:0.000, j=45:0.001, j=46:0.068, j=47:0.768, j=48:0.163
      i=49 -> j=0:0.000, j=1:0.000, j=2:0.000, j=3:0.000, j=4:0.000, j=5:0.000, j=6:0.000, j=7:0.000, j=8:0.000, j=9:0.000, j=10:0.000, j=11:0.000, j=12:0.000, j=13:0.000, j=14:0.000, j=15:0.000, j=16:0.000, j=17:0.000, j=18:0.000, j=19:0.000, j=20:0.000, j=21:0.000, j=22:0.000, j=23:0.000, j=24:0.000, j=25:0.000, j=26:0.000, j=27:0.000, j=28:0.000, j=29:0.000, j=30:0.000, j=31:0.000, j=32:0.000, j=33:0.000, j=34:0.000, j=35:0.000, j=36:0.000, j=37:0.000, j=38:0.000, j=39:0.000, j=40:0.000, j=41:0.000, j=42:0.000, j=43:0.000, j=44:0.000, j=45:0.000, j=46:0.001, j=47:0.088, j=48:0.733, j=49:0.177
      i=50 -> j=0:0.000, j=1:0.000, j=2:0.000, j=3:0.000, j=4:0.000, j=5:0.000, j=6:0.000, j=7:0.000, j=8:0.000, j=9:0.000, j=10:0.000, j=11:0.000, j=12:0.000, j=13:0.000, j=14:0.000, j=15:0.000, j=16:0.000, j=17:0.000, j=18:0.000, j=19:0.000, j=20:0.000, j=21:0.000, j=22:0.000, j=23:0.000, j=24:0.000, j=25:0.000, j=26:0.000, j=27:0.000, j=28:0.000, j=29:0.000, j=30:0.000, j=31:0.000, j=32:0.000, j=33:0.000, j=34:0.000, j=35:0.000, j=36:0.000, j=37:0.000, j=38:0.000, j=39:0.000, j=40:0.000, j=41:0.000, j=42:0.000, j=43:0.000, j=44:0.000, j=45:0.000, j=46:0.000, j=47:0.001, j=48:0.098, j=49:0.753, j=50:0.147
      i=51 -> j=0:0.000, j=1:0.000, j=2:0.000, j=3:0.000, j=4:0.000, j=5:0.000, j=6:0.000, j=7:0.000, j=8:0.000, j=9:0.000, j=10:0.000, j=11:0.000, j=12:0.000, j=13:0.000, j=14:0.000, j=15:0.000, j=16:0.000, j=17:0.000, j=18:0.000, j=19:0.000, j=20:0.000, j=21:0.000, j=22:0.000, j=23:0.000, j=24:0.000, j=25:0.000, j=26:0.000, j=27:0.000, j=28:0.000, j=29:0.000, j=30:0.000, j=31:0.000, j=32:0.000, j=33:0.000, j=34:0.000, j=35:0.000, j=36:0.000, j=37:0.000, j=38:0.000, j=39:0.000, j=40:0.000, j=41:0.000, j=42:0.000, j=43:0.000, j=44:0.000, j=45:0.000, j=46:0.000, j=47:0.000, j=48:0.001, j=49:0.084, j=50:0.760, j=51:0.154
      i=52 -> j=0:0.000, j=1:0.000, j=2:0.000, j=3:0.000, j=4:0.000, j=5:0.000, j=6:0.000, j=7:0.000, j=8:0.000, j=9:0.000, j=10:0.000, j=11:0.000, j=12:0.000, j=13:0.000, j=14:0.000, j=15:0.000, j=16:0.000, j=17:0.000, j=18:0.000, j=19:0.000, j=20:0.000, j=21:0.000, j=22:0.000, j=23:0.000, j=24:0.000, j=25:0.000, j=26:0.000, j=27:0.000, j=28:0.000, j=29:0.000, j=30:0.000, j=31:0.000, j=32:0.000, j=33:0.000, j=34:0.000, j=35:0.000, j=36:0.000, j=37:0.000, j=38:0.000, j=39:0.000, j=40:0.000, j=41:0.000, j=42:0.000, j=43:0.000, j=44:0.000, j=45:0.000, j=46:0.000, j=47:0.000, j=48:0.000, j=49:0.001, j=50:0.106, j=51:0.734, j=52:0.159
      i=53 -> j=0:0.000, j=1:0.000, j=2:0.000, j=3:0.000, j=4:0.000, j=5:0.000, j=6:0.000, j=7:0.000, j=8:0.000, j=9:0.000, j=10:0.000, j=11:0.000, j=12:0.000, j=13:0.000, j=14:0.000, j=15:0.000, j=16:0.000, j=17:0.000, j=18:0.000, j=19:0.000, j=20:0.000, j=21:0.000, j=22:0.000, j=23:0.000, j=24:0.000, j=25:0.000, j=26:0.000, j=27:0.000, j=28:0.000, j=29:0.000, j=30:0.000, j=31:0.000, j=32:0.000, j=33:0.000, j=34:0.000, j=35:0.000, j=36:0.000, j=37:0.000, j=38:0.000, j=39:0.000, j=40:0.000, j=41:0.000, j=42:0.000, j=43:0.000, j=44:0.000, j=45:0.000, j=46:0.000, j=47:0.000, j=48:0.000, j=49:0.000, j=50:0.001, j=51:0.102, j=52:0.733, j=53:0.163
      i=54 -> j=0:0.000, j=1:0.000, j=2:0.000, j=3:0.000, j=4:0.000, j=5:0.000, j=6:0.000, j=7:0.000, j=8:0.000, j=9:0.000, j=10:0.000, j=11:0.000, j=12:0.000, j=13:0.000, j=14:0.000, j=15:0.000, j=16:0.000, j=17:0.000, j=18:0.000, j=19:0.000, j=20:0.000, j=21:0.000, j=22:0.000, j=23:0.000, j=24:0.000, j=25:0.000, j=26:0.000, j=27:0.000, j=28:0.000, j=29:0.000, j=30:0.000, j=31:0.000, j=32:0.000, j=33:0.000, j=34:0.000, j=35:0.000, j=36:0.000, j=37:0.000, j=38:0.000, j=39:0.000, j=40:0.000, j=41:0.000, j=42:0.000, j=43:0.000, j=44:0.000, j=45:0.000, j=46:0.000, j=47:0.000, j=48:0.000, j=49:0.000, j=50:0.000, j=51:0.001, j=52:0.111, j=53:0.663, j=54:0.223
      i=55 -> j=0:0.000, j=1:0.000, j=2:0.000, j=3:0.000, j=4:0.000, j=5:0.000, j=6:0.000, j=7:0.000, j=8:0.000, j=9:0.000, j=10:0.000, j=11:0.000, j=12:0.000, j=13:0.000, j=14:0.000, j=15:0.000, j=16:0.000, j=17:0.000, j=18:0.000, j=19:0.000, j=20:0.000, j=21:0.000, j=22:0.000, j=23:0.000, j=24:0.000, j=25:0.000, j=26:0.000, j=27:0.000, j=28:0.000, j=29:0.000, j=30:0.000, j=31:0.000, j=32:0.000, j=33:0.000, j=34:0.000, j=35:0.000, j=36:0.000, j=37:0.000, j=38:0.000, j=39:0.000, j=40:0.000, j=41:0.000, j=42:0.000, j=43:0.000, j=44:0.000, j=45:0.000, j=46:0.000, j=47:0.000, j=48:0.000, j=49:0.000, j=50:0.000, j=51:0.000, j=52:0.002, j=53:0.104, j=54:0.763, j=55:0.131
      i=56 -> j=0:0.000, j=1:0.000, j=2:0.000, j=3:0.000, j=4:0.000, j=5:0.000, j=6:0.000, j=7:0.000, j=8:0.000, j=9:0.000, j=10:0.000, j=11:0.000, j=12:0.000, j=13:0.000, j=14:0.000, j=15:0.000, j=16:0.000, j=17:0.000, j=18:0.000, j=19:0.000, j=20:0.000, j=21:0.000, j=22:0.000, j=23:0.000, j=24:0.000, j=25:0.000, j=26:0.000, j=27:0.000, j=28:0.000, j=29:0.000, j=30:0.000, j=31:0.000, j=32:0.000, j=33:0.000, j=34:0.000, j=35:0.000, j=36:0.000, j=37:0.000, j=38:0.000, j=39:0.000, j=40:0.000, j=41:0.000, j=42:0.000, j=43:0.000, j=44:0.000, j=45:0.000, j=46:0.000, j=47:0.000, j=48:0.000, j=49:0.000, j=50:0.000, j=51:0.000, j=52:0.000, j=53:0.002, j=54:0.098, j=55:0.737, j=56:0.162
      i=57 -> j=0:0.000, j=1:0.000, j=2:0.000, j=3:0.000, j=4:0.000, j=5:0.000, j=6:0.000, j=7:0.000, j=8:0.000, j=9:0.000, j=10:0.000, j=11:0.000, j=12:0.000, j=13:0.000, j=14:0.000, j=15:0.000, j=16:0.000, j=17:0.000, j=18:0.000, j=19:0.000, j=20:0.000, j=21:0.000, j=22:0.000, j=23:0.000, j=24:0.000, j=25:0.000, j=26:0.000, j=27:0.000, j=28:0.000, j=29:0.000, j=30:0.000, j=31:0.000, j=32:0.000, j=33:0.000, j=34:0.000, j=35:0.000, j=36:0.000, j=37:0.000, j=38:0.000, j=39:0.000, j=40:0.000, j=41:0.000, j=42:0.000, j=43:0.000, j=44:0.000, j=45:0.000, j=46:0.000, j=47:0.000, j=48:0.000, j=49:0.000, j=50:0.000, j=51:0.000, j=52:0.000, j=53:0.000, j=54:0.001, j=55:0.105, j=56:0.737, j=57:0.156
      i=58 -> j=0:0.000, j=1:0.000, j=2:0.000, j=3:0.000, j=4:0.000, j=5:0.000, j=6:0.000, j=7:0.000, j=8:0.000, j=9:0.000, j=10:0.000, j=11:0.000, j=12:0.000, j=13:0.000, j=14:0.000, j=15:0.000, j=16:0.000, j=17:0.000, j=18:0.000, j=19:0.000, j=20:0.000, j=21:0.000, j=22:0.000, j=23:0.000, j=24:0.000, j=25:0.000, j=26:0.000, j=27:0.000, j=28:0.000, j=29:0.000, j=30:0.000, j=31:0.000, j=32:0.000, j=33:0.000, j=34:0.000, j=35:0.000, j=36:0.000, j=37:0.000, j=38:0.000, j=39:0.000, j=40:0.000, j=41:0.000, j=42:0.000, j=43:0.000, j=44:0.000, j=45:0.000, j=46:0.000, j=47:0.000, j=48:0.000, j=49:0.000, j=50:0.000, j=51:0.000, j=52:0.000, j=53:0.000, j=54:0.000, j=55:0.001, j=56:0.103, j=57:0.769, j=58:0.127
      i=59 -> j=0:0.000, j=1:0.000, j=2:0.000, j=3:0.000, j=4:0.000, j=5:0.000, j=6:0.000, j=7:0.000, j=8:0.000, j=9:0.000, j=10:0.000, j=11:0.000, j=12:0.000, j=13:0.000, j=14:0.000, j=15:0.000, j=16:0.000, j=17:0.000, j=18:0.000, j=19:0.000, j=20:0.000, j=21:0.000, j=22:0.000, j=23:0.000, j=24:0.000, j=25:0.000, j=26:0.000, j=27:0.000, j=28:0.000, j=29:0.000, j=30:0.000, j=31:0.000, j=32:0.000, j=33:0.000, j=34:0.000, j=35:0.000, j=36:0.000, j=37:0.000, j=38:0.000, j=39:0.000, j=40:0.000, j=41:0.000, j=42:0.000, j=43:0.000, j=44:0.000, j=45:0.000, j=46:0.000, j=47:0.000, j=48:0.000, j=49:0.000, j=50:0.000, j=51:0.000, j=52:0.000, j=53:0.000, j=54:0.000, j=55:0.000, j=56:0.002, j=57:0.117, j=58:0.687, j=59:0.193
      i=60 -> j=0:0.000, j=1:0.000, j=2:0.000, j=3:0.000, j=4:0.000, j=5:0.000, j=6:0.000, j=7:0.000, j=8:0.000, j=9:0.000, j=10:0.000, j=11:0.000, j=12:0.000, j=13:0.000, j=14:0.000, j=15:0.000, j=16:0.000, j=17:0.000, j=18:0.000, j=19:0.000, j=20:0.000, j=21:0.000, j=22:0.000, j=23:0.000, j=24:0.000, j=25:0.000, j=26:0.000, j=27:0.000, j=28:0.000, j=29:0.000, j=30:0.000, j=31:0.000, j=32:0.000, j=33:0.000, j=34:0.000, j=35:0.000, j=36:0.000, j=37:0.000, j=38:0.000, j=39:0.000, j=40:0.000, j=41:0.000, j=42:0.000, j=43:0.000, j=44:0.000, j=45:0.000, j=46:0.000, j=47:0.000, j=48:0.000, j=49:0.000, j=50:0.000, j=51:0.000, j=52:0.000, j=53:0.000, j=54:0.000, j=55:0.000, j=56:0.000, j=57:0.002, j=58:0.117, j=59:0.697, j=60:0.183
      i=61 -> j=0:0.000, j=1:0.000, j=2:0.000, j=3:0.000, j=4:0.000, j=5:0.000, j=6:0.000, j=7:0.000, j=8:0.000, j=9:0.000, j=10:0.000, j=11:0.000, j=12:0.000, j=13:0.000, j=14:0.000, j=15:0.000, j=16:0.000, j=17:0.000, j=18:0.000, j=19:0.000, j=20:0.000, j=21:0.000, j=22:0.000, j=23:0.000, j=24:0.000, j=25:0.000, j=26:0.000, j=27:0.000, j=28:0.000, j=29:0.000, j=30:0.000, j=31:0.000, j=32:0.000, j=33:0.000, j=34:0.000, j=35:0.000, j=36:0.000, j=37:0.000, j=38:0.000, j=39:0.000, j=40:0.000, j=41:0.000, j=42:0.000, j=43:0.000, j=44:0.000, j=45:0.000, j=46:0.000, j=47:0.000, j=48:0.000, j=49:0.000, j=50:0.000, j=51:0.000, j=52:0.000, j=53:0.000, j=54:0.000, j=55:0.000, j=56:0.000, j=57:0.000, j=58:0.001, j=59:0.071, j=60:0.775, j=61:0.153
      i=62 -> j=0:0.000, j=1:0.000, j=2:0.000, j=3:0.000, j=4:0.000, j=5:0.000, j=6:0.000, j=7:0.000, j=8:0.000, j=9:0.000, j=10:0.000, j=11:0.000, j=12:0.000, j=13:0.000, j=14:0.000, j=15:0.000, j=16:0.000, j=17:0.000, j=18:0.000, j=19:0.000, j=20:0.000, j=21:0.000, j=22:0.000, j=23:0.000, j=24:0.000, j=25:0.000, j=26:0.000, j=27:0.000, j=28:0.000, j=29:0.000, j=30:0.000, j=31:0.000, j=32:0.000, j=33:0.000, j=34:0.000, j=35:0.000, j=36:0.000, j=37:0.000, j=38:0.000, j=39:0.000, j=40:0.000, j=41:0.000, j=42:0.000, j=43:0.000, j=44:0.000, j=45:0.000, j=46:0.000, j=47:0.000, j=48:0.000, j=49:0.000, j=50:0.000, j=51:0.000, j=52:0.000, j=53:0.000, j=54:0.000, j=55:0.000, j=56:0.000, j=57:0.000, j=58:0.000, j=59:0.001, j=60:0.107, j=61:0.726, j=62:0.165
      i=63 -> j=0:0.000, j=1:0.000, j=2:0.000, j=3:0.000, j=4:0.000, j=5:0.000, j=6:0.000, j=7:0.000, j=8:0.000, j=9:0.000, j=10:0.000, j=11:0.000, j=12:0.000, j=13:0.000, j=14:0.000, j=15:0.000, j=16:0.000, j=17:0.000, j=18:0.000, j=19:0.000, j=20:0.000, j=21:0.000, j=22:0.000, j=23:0.000, j=24:0.000, j=25:0.000, j=26:0.000, j=27:0.000, j=28:0.000, j=29:0.000, j=30:0.000, j=31:0.000, j=32:0.000, j=33:0.000, j=34:0.000, j=35:0.000, j=36:0.000, j=37:0.000, j=38:0.000, j=39:0.000, j=40:0.000, j=41:0.000, j=42:0.000, j=43:0.000, j=44:0.000, j=45:0.000, j=46:0.000, j=47:0.000, j=48:0.000, j=49:0.000, j=50:0.000, j=51:0.000, j=52:0.000, j=53:0.000, j=54:0.000, j=55:0.000, j=56:0.000, j=57:0.000, j=58:0.000, j=59:0.000, j=60:0.001, j=61:0.093, j=62:0.773, j=63:0.132
    Average attention per distance:
      d=0:0.170, d=1:0.741, d=2:0.101

--- Layer 1 ---
  Head 0: Entropy=0.733
    Attention coefficients from each query position to previous positions:
      i= 0 -> j=0:1.000
      i= 1 -> j=0:0.879, j=1:0.121
      i= 2 -> j=0:0.106, j=1:0.828, j=2:0.066
      i= 3 -> j=0:0.002, j=1:0.235, j=2:0.641, j=3:0.122
      i= 4 -> j=0:0.000, j=1:0.002, j=2:0.072, j=3:0.843, j=4:0.084
      i= 5 -> j=0:0.000, j=1:0.000, j=2:0.000, j=3:0.084, j=4:0.653, j=5:0.263
      i= 6 -> j=0:0.000, j=1:0.000, j=2:0.000, j=3:0.000, j=4:0.030, j=5:0.892, j=6:0.077
      i= 7 -> j=0:0.000, j=1:0.000, j=2:0.000, j=3:0.000, j=4:0.000, j=5:0.103, j=6:0.861, j=7:0.036
      i= 8 -> j=0:0.000, j=1:0.000, j=2:0.000, j=3:0.000, j=4:0.000, j=5:0.001, j=6:0.190, j=7:0.719, j=8:0.090
      i= 9 -> j=0:0.000, j=1:0.000, j=2:0.000, j=3:0.000, j=4:0.000, j=5:0.000, j=6:0.002, j=7:0.071, j=8:0.824, j=9:0.103
      i=10 -> j=0:0.000, j=1:0.000, j=2:0.000, j=3:0.000, j=4:0.000, j=5:0.000, j=6:0.000, j=7:0.000, j=8:0.098, j=9:0.795, j=10:0.107
      i=11 -> j=0:0.000, j=1:0.000, j=2:0.000, j=3:0.000, j=4:0.000, j=5:0.000, j=6:0.000, j=7:0.000, j=8:0.000, j=9:0.075, j=10:0.846, j=11:0.078
      i=12 -> j=0:0.000, j=1:0.000, j=2:0.000, j=3:0.000, j=4:0.000, j=5:0.000, j=6:0.000, j=7:0.000, j=8:0.000, j=9:0.001, j=10:0.119, j=11:0.811, j=12:0.069
      i=13 -> j=0:0.000, j=1:0.000, j=2:0.000, j=3:0.000, j=4:0.000, j=5:0.000, j=6:0.000, j=7:0.000, j=8:0.000, j=9:0.000, j=10:0.001, j=11:0.176, j=12:0.672, j=13:0.151
      i=14 -> j=0:0.000, j=1:0.000, j=2:0.000, j=3:0.000, j=4:0.000, j=5:0.000, j=6:0.000, j=7:0.000, j=8:0.000, j=9:0.000, j=10:0.000, j=11:0.001, j=12:0.059, j=13:0.822, j=14:0.118
      i=15 -> j=0:0.000, j=1:0.000, j=2:0.000, j=3:0.000, j=4:0.000, j=5:0.000, j=6:0.000, j=7:0.000, j=8:0.000, j=9:0.000, j=10:0.000, j=11:0.000, j=12:0.001, j=13:0.087, j=14:0.803, j=15:0.108
      i=16 -> j=0:0.000, j=1:0.000, j=2:0.000, j=3:0.000, j=4:0.000, j=5:0.000, j=6:0.000, j=7:0.000, j=8:0.000, j=9:0.000, j=10:0.000, j=11:0.000, j=12:0.000, j=13:0.000, j=14:0.121, j=15:0.816, j=16:0.062
      i=17 -> j=0:0.000, j=1:0.001, j=2:0.001, j=3:0.001, j=4:0.000, j=5:0.000, j=6:0.000, j=7:0.000, j=8:0.001, j=9:0.001, j=10:0.000, j=11:0.000, j=12:0.000, j=13:0.000, j=14:0.003, j=15:0.138, j=16:0.766, j=17:0.088
      i=18 -> j=0:0.027, j=1:0.029, j=2:0.022, j=3:0.030, j=4:0.022, j=5:0.022, j=6:0.031, j=7:0.015, j=8:0.022, j=9:0.028, j=10:0.029, j=11:0.019, j=12:0.013, j=13:0.009, j=14:0.019, j=15:0.053, j=16:0.127, j=17:0.350, j=18:0.133
      i=19 -> j=0:0.000, j=1:0.000, j=2:0.000, j=3:0.000, j=4:0.000, j=5:0.000, j=6:0.001, j=7:0.000, j=8:0.000, j=9:0.000, j=10:0.001, j=11:0.001, j=12:0.000, j=13:0.000, j=14:0.000, j=15:0.000, j=16:0.002, j=17:0.847, j=18:0.068, j=19:0.078
      i=20 -> j=0:0.000, j=1:0.000, j=2:0.000, j=3:0.000, j=4:0.000, j=5:0.000, j=6:0.001, j=7:0.000, j=8:0.000, j=9:0.000, j=10:0.000, j=11:0.000, j=12:0.000, j=13:0.000, j=14:0.000, j=15:0.000, j=16:0.000, j=17:0.019, j=18:0.023, j=19:0.639, j=20:0.316
      i=21 -> j=0:0.000, j=1:0.000, j=2:0.000, j=3:0.000, j=4:0.000, j=5:0.000, j=6:0.001, j=7:0.000, j=8:0.000, j=9:0.000, j=10:0.000, j=11:0.000, j=12:0.000, j=13:0.000, j=14:0.000, j=15:0.000, j=16:0.000, j=17:0.000, j=18:0.004, j=19:0.044, j=20:0.860, j=21:0.089
      i=22 -> j=0:0.000, j=1:0.000, j=2:0.000, j=3:0.000, j=4:0.000, j=5:0.000, j=6:0.000, j=7:0.000, j=8:0.000, j=9:0.000, j=10:0.000, j=11:0.000, j=12:0.000, j=13:0.000, j=14:0.000, j=15:0.000, j=16:0.000, j=17:0.000, j=18:0.001, j=19:0.001, j=20:0.106, j=21:0.749, j=22:0.141
      i=23 -> j=0:0.000, j=1:0.000, j=2:0.000, j=3:0.000, j=4:0.000, j=5:0.000, j=6:0.000, j=7:0.000, j=8:0.000, j=9:0.000, j=10:0.000, j=11:0.000, j=12:0.000, j=13:0.000, j=14:0.000, j=15:0.000, j=16:0.000, j=17:0.000, j=18:0.000, j=19:0.000, j=20:0.000, j=21:0.045, j=22:0.865, j=23:0.088
      i=24 -> j=0:0.000, j=1:0.000, j=2:0.000, j=3:0.001, j=4:0.000, j=5:0.000, j=6:0.000, j=7:0.000, j=8:0.000, j=9:0.000, j=10:0.000, j=11:0.000, j=12:0.000, j=13:0.000, j=14:0.000, j=15:0.001, j=16:0.000, j=17:0.001, j=18:0.001, j=19:0.000, j=20:0.000, j=21:0.001, j=22:0.164, j=23:0.714, j=24:0.115
      i=25 -> j=0:0.000, j=1:0.000, j=2:0.000, j=3:0.000, j=4:0.000, j=5:0.000, j=6:0.000, j=7:0.000, j=8:0.000, j=9:0.000, j=10:0.000, j=11:0.000, j=12:0.000, j=13:0.000, j=14:0.000, j=15:0.000, j=16:0.000, j=17:0.001, j=18:0.001, j=19:0.000, j=20:0.000, j=21:0.000, j=22:0.001, j=23:0.098, j=24:0.769, j=25:0.128
      i=26 -> j=0:0.000, j=1:0.000, j=2:0.000, j=3:0.000, j=4:0.000, j=5:0.000, j=6:0.000, j=7:0.000, j=8:0.000, j=9:0.000, j=10:0.000, j=11:0.000, j=12:0.000, j=13:0.000, j=14:0.000, j=15:0.000, j=16:0.000, j=17:0.002, j=18:0.001, j=19:0.000, j=20:0.000, j=21:0.000, j=22:0.000, j=23:0.001, j=24:0.096, j=25:0.807, j=26:0.091
      i=27 -> j=0:0.000, j=1:0.000, j=2:0.000, j=3:0.000, j=4:0.000, j=5:0.000, j=6:0.000, j=7:0.000, j=8:0.000, j=9:0.000, j=10:0.000, j=11:0.000, j=12:0.000, j=13:0.000, j=14:0.000, j=15:0.000, j=16:0.000, j=17:0.000, j=18:0.001, j=19:0.000, j=20:0.000, j=21:0.000, j=22:0.000, j=23:0.000, j=24:0.001, j=25:0.099, j=26:0.730, j=27:0.167
      i=28 -> j=0:0.001, j=1:0.001, j=2:0.000, j=3:0.000, j=4:0.000, j=5:0.000, j=6:0.001, j=7:0.000, j=8:0.000, j=9:0.000, j=10:0.000, j=11:0.000, j=12:0.000, j=13:0.000, j=14:0.000, j=15:0.000, j=16:0.000, j=17:0.001, j=18:0.001, j=19:0.000, j=20:0.000, j=21:0.000, j=22:0.000, j=23:0.000, j=24:0.000, j=25:0.002, j=26:0.137, j=27:0.771, j=28:0.083
      i=29 -> j=0:0.000, j=1:0.000, j=2:0.000, j=3:0.000, j=4:0.000, j=5:0.000, j=6:0.000, j=7:0.000, j=8:0.000, j=9:0.000, j=10:0.000, j=11:0.000, j=12:0.000, j=13:0.000, j=14:0.000, j=15:0.000, j=16:0.000, j=17:0.000, j=18:0.001, j=19:0.000, j=20:0.000, j=21:0.000, j=22:0.000, j=23:0.000, j=24:0.000, j=25:0.000, j=26:0.002, j=27:0.165, j=28:0.704, j=29:0.126
      i=30 -> j=0:0.000, j=1:0.000, j=2:0.000, j=3:0.000, j=4:0.000, j=5:0.000, j=6:0.000, j=7:0.000, j=8:0.000, j=9:0.000, j=10:0.000, j=11:0.000, j=12:0.000, j=13:0.000, j=14:0.000, j=15:0.000, j=16:0.000, j=17:0.001, j=18:0.001, j=19:0.000, j=20:0.000, j=21:0.000, j=22:0.000, j=23:0.000, j=24:0.000, j=25:0.000, j=26:0.000, j=27:0.001, j=28:0.091, j=29:0.797, j=30:0.106
      i=31 -> j=0:0.000, j=1:0.000, j=2:0.000, j=3:0.000, j=4:0.000, j=5:0.000, j=6:0.000, j=7:0.000, j=8:0.000, j=9:0.000, j=10:0.000, j=11:0.000, j=12:0.000, j=13:0.000, j=14:0.000, j=15:0.000, j=16:0.000, j=17:0.001, j=18:0.000, j=19:0.000, j=20:0.000, j=21:0.000, j=22:0.000, j=23:0.000, j=24:0.000, j=25:0.000, j=26:0.000, j=27:0.000, j=28:0.001, j=29:0.075, j=30:0.815, j=31:0.107
      i=32 -> j=0:0.000, j=1:0.000, j=2:0.000, j=3:0.000, j=4:0.000, j=5:0.000, j=6:0.000, j=7:0.000, j=8:0.000, j=9:0.000, j=10:0.000, j=11:0.000, j=12:0.000, j=13:0.000, j=14:0.000, j=15:0.000, j=16:0.000, j=17:0.001, j=18:0.001, j=19:0.000, j=20:0.000, j=21:0.000, j=22:0.000, j=23:0.000, j=24:0.000, j=25:0.000, j=26:0.000, j=27:0.000, j=28:0.000, j=29:0.001, j=30:0.065, j=31:0.867, j=32:0.061
      i=33 -> j=0:0.000, j=1:0.000, j=2:0.000, j=3:0.000, j=4:0.000, j=5:0.000, j=6:0.000, j=7:0.000, j=8:0.000, j=9:0.000, j=10:0.000, j=11:0.000, j=12:0.000, j=13:0.000, j=14:0.000, j=15:0.000, j=16:0.000, j=17:0.001, j=18:0.001, j=19:0.000, j=20:0.000, j=21:0.000, j=22:0.000, j=23:0.000, j=24:0.000, j=25:0.000, j=26:0.000, j=27:0.000, j=28:0.000, j=29:0.000, j=30:0.000, j=31:0.155, j=32:0.569, j=33:0.270
      i=34 -> j=0:0.000, j=1:0.000, j=2:0.000, j=3:0.000, j=4:0.000, j=5:0.000, j=6:0.000, j=7:0.000, j=8:0.000, j=9:0.000, j=10:0.000, j=11:0.000, j=12:0.000, j=13:0.000, j=14:0.000, j=15:0.000, j=16:0.000, j=17:0.000, j=18:0.000, j=19:0.000, j=20:0.000, j=21:0.000, j=22:0.000, j=23:0.000, j=24:0.000, j=25:0.000, j=26:0.000, j=27:0.000, j=28:0.000, j=29:0.000, j=30:0.000, j=31:0.000, j=32:0.011, j=33:0.899, j=34:0.089
      i=35 -> j=0:0.000, j=1:0.000, j=2:0.000, j=3:0.000, j=4:0.000, j=5:0.000, j=6:0.000, j=7:0.000, j=8:0.000, j=9:0.000, j=10:0.000, j=11:0.000, j=12:0.000, j=13:0.000, j=14:0.000, j=15:0.000, j=16:0.000, j=17:0.000, j=18:0.000, j=19:0.000, j=20:0.000, j=21:0.000, j=22:0.000, j=23:0.000, j=24:0.000, j=25:0.000, j=26:0.000, j=27:0.000, j=28:0.000, j=29:0.000, j=30:0.000, j=31:0.000, j=32:0.000, j=33:0.074, j=34:0.856, j=35:0.069
      i=36 -> j=0:0.000, j=1:0.000, j=2:0.000, j=3:0.000, j=4:0.000, j=5:0.000, j=6:0.000, j=7:0.000, j=8:0.000, j=9:0.000, j=10:0.000, j=11:0.000, j=12:0.000, j=13:0.000, j=14:0.000, j=15:0.000, j=16:0.000, j=17:0.000, j=18:0.000, j=19:0.000, j=20:0.000, j=21:0.000, j=22:0.000, j=23:0.000, j=24:0.000, j=25:0.000, j=26:0.000, j=27:0.000, j=28:0.000, j=29:0.000, j=30:0.000, j=31:0.000, j=32:0.000, j=33:0.000, j=34:0.053, j=35:0.897, j=36:0.048
      i=37 -> j=0:0.000, j=1:0.000, j=2:0.000, j=3:0.000, j=4:0.000, j=5:0.000, j=6:0.000, j=7:0.000, j=8:0.000, j=9:0.000, j=10:0.000, j=11:0.000, j=12:0.000, j=13:0.000, j=14:0.000, j=15:0.000, j=16:0.000, j=17:0.000, j=18:0.000, j=19:0.000, j=20:0.000, j=21:0.000, j=22:0.000, j=23:0.000, j=24:0.000, j=25:0.000, j=26:0.000, j=27:0.000, j=28:0.000, j=29:0.000, j=30:0.000, j=31:0.000, j=32:0.000, j=33:0.000, j=34:0.000, j=35:0.136, j=36:0.798, j=37:0.063
      i=38 -> j=0:0.000, j=1:0.000, j=2:0.000, j=3:0.000, j=4:0.000, j=5:0.000, j=6:0.000, j=7:0.000, j=8:0.000, j=9:0.000, j=10:0.000, j=11:0.000, j=12:0.000, j=13:0.000, j=14:0.000, j=15:0.000, j=16:0.000, j=17:0.000, j=18:0.000, j=19:0.000, j=20:0.000, j=21:0.000, j=22:0.000, j=23:0.000, j=24:0.000, j=25:0.000, j=26:0.000, j=27:0.000, j=28:0.000, j=29:0.000, j=30:0.000, j=31:0.000, j=32:0.000, j=33:0.000, j=34:0.000, j=35:0.001, j=36:0.121, j=37:0.805, j=38:0.071
      i=39 -> j=0:0.000, j=1:0.000, j=2:0.000, j=3:0.000, j=4:0.000, j=5:0.000, j=6:0.000, j=7:0.000, j=8:0.000, j=9:0.000, j=10:0.000, j=11:0.000, j=12:0.000, j=13:0.000, j=14:0.000, j=15:0.000, j=16:0.000, j=17:0.001, j=18:0.001, j=19:0.000, j=20:0.000, j=21:0.000, j=22:0.000, j=23:0.000, j=24:0.000, j=25:0.000, j=26:0.000, j=27:0.000, j=28:0.000, j=29:0.000, j=30:0.000, j=31:0.000, j=32:0.000, j=33:0.000, j=34:0.000, j=35:0.000, j=36:0.001, j=37:0.147, j=38:0.749, j=39:0.099
      i=40 -> j=0:0.000, j=1:0.000, j=2:0.000, j=3:0.000, j=4:0.000, j=5:0.000, j=6:0.001, j=7:0.000, j=8:0.000, j=9:0.000, j=10:0.000, j=11:0.000, j=12:0.000, j=13:0.000, j=14:0.000, j=15:0.000, j=16:0.000, j=17:0.001, j=18:0.001, j=19:0.000, j=20:0.000, j=21:0.000, j=22:0.000, j=23:0.000, j=24:0.000, j=25:0.000, j=26:0.000, j=27:0.000, j=28:0.000, j=29:0.000, j=30:0.000, j=31:0.000, j=32:0.000, j=33:0.000, j=34:0.000, j=35:0.000, j=36:0.000, j=37:0.002, j=38:0.107, j=39:0.808, j=40:0.074
      i=41 -> j=0:0.000, j=1:0.000, j=2:0.000, j=3:0.000, j=4:0.000, j=5:0.000, j=6:0.000, j=7:0.000, j=8:0.000, j=9:0.000, j=10:0.000, j=11:0.000, j=12:0.000, j=13:0.000, j=14:0.000, j=15:0.000, j=16:0.000, j=17:0.000, j=18:0.001, j=19:0.000, j=20:0.000, j=21:0.000, j=22:0.000, j=23:0.000, j=24:0.000, j=25:0.000, j=26:0.000, j=27:0.000, j=28:0.000, j=29:0.000, j=30:0.000, j=31:0.000, j=32:0.000, j=33:0.000, j=34:0.000, j=35:0.000, j=36:0.000, j=37:0.000, j=38:0.001, j=39:0.140, j=40:0.718, j=41:0.135
      i=42 -> j=0:0.000, j=1:0.000, j=2:0.000, j=3:0.000, j=4:0.000, j=5:0.000, j=6:0.000, j=7:0.000, j=8:0.000, j=9:0.000, j=10:0.000, j=11:0.000, j=12:0.000, j=13:0.000, j=14:0.000, j=15:0.000, j=16:0.000, j=17:0.001, j=18:0.001, j=19:0.000, j=20:0.000, j=21:0.000, j=22:0.000, j=23:0.000, j=24:0.000, j=25:0.000, j=26:0.000, j=27:0.000, j=28:0.000, j=29:0.000, j=30:0.000, j=31:0.000, j=32:0.000, j=33:0.000, j=34:0.000, j=35:0.000, j=36:0.000, j=37:0.000, j=38:0.000, j=39:0.001, j=40:0.184, j=41:0.708, j=42:0.101
      i=43 -> j=0:0.000, j=1:0.000, j=2:0.000, j=3:0.000, j=4:0.000, j=5:0.000, j=6:0.000, j=7:0.000, j=8:0.000, j=9:0.000, j=10:0.000, j=11:0.000, j=12:0.000, j=13:0.000, j=14:0.000, j=15:0.000, j=16:0.000, j=17:0.000, j=18:0.000, j=19:0.000, j=20:0.000, j=21:0.000, j=22:0.000, j=23:0.000, j=24:0.000, j=25:0.000, j=26:0.000, j=27:0.000, j=28:0.000, j=29:0.000, j=30:0.000, j=31:0.000, j=32:0.000, j=33:0.000, j=34:0.000, j=35:0.000, j=36:0.000, j=37:0.000, j=38:0.000, j=39:0.000, j=40:0.001, j=41:0.070, j=42:0.826, j=43:0.100
      i=44 -> j=0:0.001, j=1:0.001, j=2:0.001, j=3:0.001, j=4:0.001, j=5:0.001, j=6:0.001, j=7:0.001, j=8:0.001, j=9:0.001, j=10:0.001, j=11:0.001, j=12:0.001, j=13:0.001, j=14:0.001, j=15:0.001, j=16:0.001, j=17:0.003, j=18:0.003, j=19:0.001, j=20:0.000, j=21:0.001, j=22:0.001, j=23:0.001, j=24:0.001, j=25:0.001, j=26:0.001, j=27:0.001, j=28:0.001, j=29:0.001, j=30:0.001, j=31:0.000, j=32:0.000, j=33:0.000, j=34:0.001, j=35:0.002, j=36:0.001, j=37:0.000, j=38:0.000, j=39:0.000, j=40:0.000, j=41:0.003, j=42:0.126, j=43:0.785, j=44:0.048
      i=45 -> j=0:0.021, j=1:0.020, j=2:0.013, j=3:0.016, j=4:0.013, j=5:0.017, j=6:0.026, j=7:0.012, j=8:0.013, j=9:0.013, j=10:0.016, j=11:0.018, j=12:0.019, j=13:0.015, j=14:0.015, j=15:0.014, j=16:0.012, j=17:0.041, j=18:0.046, j=19:0.013, j=20:0.010, j=21:0.010, j=22:0.012, j=23:0.012, j=24:0.020, j=25:0.013, j=26:0.014, j=27:0.009, j=28:0.013, j=29:0.009, j=30:0.010, j=31:0.008, j=32:0.007, j=33:0.007, j=34:0.006, j=35:0.009, j=36:0.013, j=37:0.015, j=38:0.006, j=39:0.003, j=40:0.008, j=41:0.007, j=42:0.024, j=43:0.096, j=44:0.223, j=45:0.063
      i=46 -> j=0:0.001, j=1:0.001, j=2:0.001, j=3:0.001, j=4:0.000, j=5:0.001, j=6:0.002, j=7:0.001, j=8:0.001, j=9:0.000, j=10:0.001, j=11:0.001, j=12:0.001, j=13:0.001, j=14:0.001, j=15:0.001, j=16:0.000, j=17:0.004, j=18:0.006, j=19:0.001, j=20:0.000, j=21:0.000, j=22:0.000, j=23:0.000, j=24:0.001, j=25:0.001, j=26:0.001, j=27:0.000, j=28:0.000, j=29:0.000, j=30:0.000, j=31:0.000, j=32:0.000, j=33:0.000, j=34:0.000, j=35:0.000, j=36:0.000, j=37:0.001, j=38:0.000, j=39:0.000, j=40:0.000, j=41:0.000, j=42:0.000, j=43:0.006, j=44:0.795, j=45:0.046, j=46:0.120
      i=47 -> j=0:0.000, j=1:0.000, j=2:0.000, j=3:0.000, j=4:0.000, j=5:0.000, j=6:0.000, j=7:0.000, j=8:0.000, j=9:0.000, j=10:0.000, j=11:0.000, j=12:0.000, j=13:0.000, j=14:0.000, j=15:0.000, j=16:0.000, j=17:0.001, j=18:0.001, j=19:0.000, j=20:0.000, j=21:0.000, j=22:0.000, j=23:0.000, j=24:0.000, j=25:0.000, j=26:0.000, j=27:0.000, j=28:0.000, j=29:0.000, j=30:0.000, j=31:0.000, j=32:0.000, j=33:0.000, j=34:0.000, j=35:0.000, j=36:0.000, j=37:0.000, j=38:0.000, j=39:0.000, j=40:0.000, j=41:0.000, j=42:0.000, j=43:0.000, j=44:0.015, j=45:0.007, j=46:0.708, j=47:0.264
      i=48 -> j=0:0.000, j=1:0.000, j=2:0.000, j=3:0.000, j=4:0.000, j=5:0.000, j=6:0.000, j=7:0.000, j=8:0.000, j=9:0.000, j=10:0.000, j=11:0.000, j=12:0.000, j=13:0.000, j=14:0.000, j=15:0.000, j=16:0.000, j=17:0.000, j=18:0.000, j=19:0.000, j=20:0.000, j=21:0.000, j=22:0.000, j=23:0.000, j=24:0.000, j=25:0.000, j=26:0.000, j=27:0.000, j=28:0.000, j=29:0.000, j=30:0.000, j=31:0.000, j=32:0.000, j=33:0.000, j=34:0.000, j=35:0.000, j=36:0.000, j=37:0.000, j=38:0.000, j=39:0.000, j=40:0.000, j=41:0.000, j=42:0.000, j=43:0.000, j=44:0.000, j=45:0.001, j=46:0.032, j=47:0.853, j=48:0.110
      i=49 -> j=0:0.000, j=1:0.000, j=2:0.000, j=3:0.000, j=4:0.000, j=5:0.000, j=6:0.000, j=7:0.000, j=8:0.000, j=9:0.000, j=10:0.000, j=11:0.000, j=12:0.000, j=13:0.000, j=14:0.000, j=15:0.000, j=16:0.000, j=17:0.001, j=18:0.001, j=19:0.000, j=20:0.000, j=21:0.000, j=22:0.000, j=23:0.000, j=24:0.000, j=25:0.000, j=26:0.000, j=27:0.000, j=28:0.000, j=29:0.000, j=30:0.000, j=31:0.000, j=32:0.000, j=33:0.000, j=34:0.000, j=35:0.000, j=36:0.000, j=37:0.000, j=38:0.000, j=39:0.000, j=40:0.000, j=41:0.000, j=42:0.000, j=43:0.000, j=44:0.000, j=45:0.000, j=46:0.000, j=47:0.068, j=48:0.866, j=49:0.059
      i=50 -> j=0:0.000, j=1:0.000, j=2:0.000, j=3:0.000, j=4:0.000, j=5:0.000, j=6:0.000, j=7:0.000, j=8:0.000, j=9:0.000, j=10:0.000, j=11:0.000, j=12:0.000, j=13:0.000, j=14:0.000, j=15:0.000, j=16:0.000, j=17:0.001, j=18:0.001, j=19:0.000, j=20:0.000, j=21:0.000, j=22:0.000, j=23:0.000, j=24:0.000, j=25:0.000, j=26:0.000, j=27:0.000, j=28:0.000, j=29:0.000, j=30:0.000, j=31:0.000, j=32:0.000, j=33:0.000, j=34:0.000, j=35:0.000, j=36:0.000, j=37:0.000, j=38:0.000, j=39:0.000, j=40:0.000, j=41:0.000, j=42:0.000, j=43:0.000, j=44:0.000, j=45:0.000, j=46:0.000, j=47:0.000, j=48:0.183, j=49:0.690, j=50:0.120
      i=51 -> j=0:0.000, j=1:0.000, j=2:0.000, j=3:0.000, j=4:0.000, j=5:0.000, j=6:0.000, j=7:0.000, j=8:0.000, j=9:0.000, j=10:0.000, j=11:0.000, j=12:0.000, j=13:0.000, j=14:0.000, j=15:0.000, j=16:0.000, j=17:0.001, j=18:0.001, j=19:0.000, j=20:0.000, j=21:0.000, j=22:0.000, j=23:0.000, j=24:0.000, j=25:0.000, j=26:0.000, j=27:0.000, j=28:0.000, j=29:0.000, j=30:0.000, j=31:0.000, j=32:0.000, j=33:0.000, j=34:0.000, j=35:0.000, j=36:0.000, j=37:0.000, j=38:0.000, j=39:0.000, j=40:0.000, j=41:0.000, j=42:0.000, j=43:0.000, j=44:0.000, j=45:0.000, j=46:0.000, j=47:0.000, j=48:0.001, j=49:0.058, j=50:0.839, j=51:0.094
      i=52 -> j=0:0.000, j=1:0.000, j=2:0.000, j=3:0.000, j=4:0.000, j=5:0.000, j=6:0.000, j=7:0.000, j=8:0.000, j=9:0.000, j=10:0.000, j=11:0.000, j=12:0.000, j=13:0.000, j=14:0.000, j=15:0.000, j=16:0.000, j=17:0.001, j=18:0.001, j=19:0.000, j=20:0.000, j=21:0.000, j=22:0.000, j=23:0.000, j=24:0.000, j=25:0.000, j=26:0.000, j=27:0.000, j=28:0.000, j=29:0.000, j=30:0.000, j=31:0.000, j=32:0.000, j=33:0.000, j=34:0.000, j=35:0.000, j=36:0.000, j=37:0.000, j=38:0.000, j=39:0.000, j=40:0.000, j=41:0.000, j=42:0.000, j=43:0.000, j=44:0.001, j=45:0.000, j=46:0.000, j=47:0.000, j=48:0.000, j=49:0.000, j=50:0.062, j=51:0.875, j=52:0.057
      i=53 -> j=0:0.000, j=1:0.000, j=2:0.000, j=3:0.000, j=4:0.000, j=5:0.000, j=6:0.000, j=7:0.000, j=8:0.000, j=9:0.000, j=10:0.000, j=11:0.000, j=12:0.000, j=13:0.000, j=14:0.000, j=15:0.000, j=16:0.000, j=17:0.000, j=18:0.001, j=19:0.000, j=20:0.000, j=21:0.000, j=22:0.000, j=23:0.000, j=24:0.000, j=25:0.000, j=26:0.000, j=27:0.000, j=28:0.000, j=29:0.000, j=30:0.000, j=31:0.000, j=32:0.000, j=33:0.000, j=34:0.000, j=35:0.000, j=36:0.000, j=37:0.000, j=38:0.000, j=39:0.000, j=40:0.000, j=41:0.000, j=42:0.000, j=43:0.000, j=44:0.002, j=45:0.000, j=46:0.000, j=47:0.000, j=48:0.000, j=49:0.000, j=50:0.000, j=51:0.181, j=52:0.659, j=53:0.151
      i=54 -> j=0:0.000, j=1:0.000, j=2:0.000, j=3:0.000, j=4:0.000, j=5:0.000, j=6:0.000, j=7:0.000, j=8:0.000, j=9:0.000, j=10:0.000, j=11:0.000, j=12:0.000, j=13:0.000, j=14:0.000, j=15:0.000, j=16:0.000, j=17:0.000, j=18:0.000, j=19:0.000, j=20:0.000, j=21:0.000, j=22:0.000, j=23:0.000, j=24:0.000, j=25:0.000, j=26:0.000, j=27:0.000, j=28:0.000, j=29:0.000, j=30:0.000, j=31:0.000, j=32:0.000, j=33:0.000, j=34:0.000, j=35:0.000, j=36:0.000, j=37:0.000, j=38:0.000, j=39:0.000, j=40:0.000, j=41:0.000, j=42:0.000, j=43:0.000, j=44:0.000, j=45:0.000, j=46:0.000, j=47:0.000, j=48:0.000, j=49:0.000, j=50:0.000, j=51:0.000, j=52:0.021, j=53:0.832, j=54:0.145
      i=55 -> j=0:0.000, j=1:0.000, j=2:0.000, j=3:0.000, j=4:0.000, j=5:0.000, j=6:0.000, j=7:0.000, j=8:0.000, j=9:0.000, j=10:0.000, j=11:0.000, j=12:0.000, j=13:0.000, j=14:0.000, j=15:0.000, j=16:0.000, j=17:0.000, j=18:0.000, j=19:0.000, j=20:0.000, j=21:0.000, j=22:0.000, j=23:0.000, j=24:0.000, j=25:0.000, j=26:0.000, j=27:0.000, j=28:0.000, j=29:0.000, j=30:0.000, j=31:0.000, j=32:0.000, j=33:0.000, j=34:0.000, j=35:0.000, j=36:0.000, j=37:0.000, j=38:0.000, j=39:0.000, j=40:0.000, j=41:0.000, j=42:0.000, j=43:0.000, j=44:0.000, j=45:0.000, j=46:0.000, j=47:0.000, j=48:0.000, j=49:0.000, j=50:0.000, j=51:0.000, j=52:0.000, j=53:0.045, j=54:0.894, j=55:0.059
      i=56 -> j=0:0.000, j=1:0.000, j=2:0.000, j=3:0.000, j=4:0.000, j=5:0.000, j=6:0.000, j=7:0.000, j=8:0.000, j=9:0.000, j=10:0.000, j=11:0.000, j=12:0.000, j=13:0.000, j=14:0.000, j=15:0.000, j=16:0.000, j=17:0.000, j=18:0.000, j=19:0.000, j=20:0.000, j=21:0.000, j=22:0.000, j=23:0.000, j=24:0.000, j=25:0.000, j=26:0.000, j=27:0.000, j=28:0.000, j=29:0.000, j=30:0.000, j=31:0.000, j=32:0.000, j=33:0.000, j=34:0.000, j=35:0.000, j=36:0.000, j=37:0.000, j=38:0.000, j=39:0.000, j=40:0.000, j=41:0.000, j=42:0.000, j=43:0.000, j=44:0.000, j=45:0.000, j=46:0.000, j=47:0.000, j=48:0.000, j=49:0.000, j=50:0.000, j=51:0.000, j=52:0.000, j=53:0.000, j=54:0.087, j=55:0.865, j=56:0.046
      i=57 -> j=0:0.000, j=1:0.000, j=2:0.000, j=3:0.000, j=4:0.000, j=5:0.000, j=6:0.000, j=7:0.000, j=8:0.000, j=9:0.000, j=10:0.000, j=11:0.000, j=12:0.000, j=13:0.000, j=14:0.000, j=15:0.000, j=16:0.000, j=17:0.000, j=18:0.000, j=19:0.000, j=20:0.000, j=21:0.000, j=22:0.000, j=23:0.000, j=24:0.000, j=25:0.000, j=26:0.000, j=27:0.000, j=28:0.000, j=29:0.000, j=30:0.000, j=31:0.000, j=32:0.000, j=33:0.000, j=34:0.000, j=35:0.000, j=36:0.000, j=37:0.000, j=38:0.000, j=39:0.000, j=40:0.000, j=41:0.000, j=42:0.000, j=43:0.000, j=44:0.000, j=45:0.000, j=46:0.000, j=47:0.000, j=48:0.000, j=49:0.000, j=50:0.000, j=51:0.000, j=52:0.000, j=53:0.000, j=54:0.001, j=55:0.190, j=56:0.752, j=57:0.053
      i=58 -> j=0:0.000, j=1:0.000, j=2:0.000, j=3:0.000, j=4:0.000, j=5:0.000, j=6:0.001, j=7:0.000, j=8:0.000, j=9:0.000, j=10:0.000, j=11:0.000, j=12:0.000, j=13:0.000, j=14:0.000, j=15:0.000, j=16:0.000, j=17:0.001, j=18:0.001, j=19:0.000, j=20:0.000, j=21:0.000, j=22:0.000, j=23:0.000, j=24:0.000, j=25:0.000, j=26:0.000, j=27:0.000, j=28:0.000, j=29:0.000, j=30:0.000, j=31:0.000, j=32:0.000, j=33:0.000, j=34:0.000, j=35:0.000, j=36:0.000, j=37:0.000, j=38:0.000, j=39:0.000, j=40:0.000, j=41:0.000, j=42:0.000, j=43:0.000, j=44:0.001, j=45:0.000, j=46:0.000, j=47:0.000, j=48:0.000, j=49:0.000, j=50:0.000, j=51:0.000, j=52:0.000, j=53:0.000, j=54:0.000, j=55:0.002, j=56:0.128, j=57:0.733, j=58:0.126
      i=59 -> j=0:0.000, j=1:0.000, j=2:0.000, j=3:0.000, j=4:0.000, j=5:0.000, j=6:0.000, j=7:0.000, j=8:0.000, j=9:0.000, j=10:0.000, j=11:0.000, j=12:0.000, j=13:0.000, j=14:0.000, j=15:0.000, j=16:0.000, j=17:0.001, j=18:0.001, j=19:0.000, j=20:0.000, j=21:0.000, j=22:0.000, j=23:0.000, j=24:0.000, j=25:0.000, j=26:0.000, j=27:0.000, j=28:0.000, j=29:0.000, j=30:0.000, j=31:0.000, j=32:0.000, j=33:0.000, j=34:0.000, j=35:0.000, j=36:0.000, j=37:0.000, j=38:0.000, j=39:0.000, j=40:0.000, j=41:0.000, j=42:0.000, j=43:0.000, j=44:0.002, j=45:0.001, j=46:0.000, j=47:0.000, j=48:0.000, j=49:0.000, j=50:0.000, j=51:0.000, j=52:0.000, j=53:0.000, j=54:0.000, j=55:0.000, j=56:0.000, j=57:0.052, j=58:0.822, j=59:0.114
      i=60 -> j=0:0.000, j=1:0.001, j=2:0.000, j=3:0.000, j=4:0.000, j=5:0.000, j=6:0.001, j=7:0.000, j=8:0.000, j=9:0.000, j=10:0.000, j=11:0.000, j=12:0.000, j=13:0.000, j=14:0.001, j=15:0.000, j=16:0.000, j=17:0.001, j=18:0.002, j=19:0.000, j=20:0.000, j=21:0.000, j=22:0.000, j=23:0.000, j=24:0.000, j=25:0.000, j=26:0.001, j=27:0.000, j=28:0.000, j=29:0.000, j=30:0.000, j=31:0.000, j=32:0.000, j=33:0.000, j=34:0.000, j=35:0.000, j=36:0.000, j=37:0.000, j=38:0.000, j=39:0.000, j=40:0.001, j=41:0.000, j=42:0.000, j=43:0.000, j=44:0.002, j=45:0.001, j=46:0.000, j=47:0.000, j=48:0.000, j=49:0.000, j=50:0.000, j=51:0.000, j=52:0.000, j=53:0.000, j=54:0.000, j=55:0.000, j=56:0.000, j=57:0.001, j=58:0.103, j=59:0.774, j=60:0.103
      i=61 -> j=0:0.000, j=1:0.000, j=2:0.000, j=3:0.000, j=4:0.000, j=5:0.000, j=6:0.000, j=7:0.000, j=8:0.000, j=9:0.000, j=10:0.000, j=11:0.000, j=12:0.000, j=13:0.000, j=14:0.000, j=15:0.000, j=16:0.000, j=17:0.001, j=18:0.001, j=19:0.000, j=20:0.000, j=21:0.000, j=22:0.000, j=23:0.000, j=24:0.000, j=25:0.000, j=26:0.000, j=27:0.000, j=28:0.000, j=29:0.000, j=30:0.000, j=31:0.000, j=32:0.000, j=33:0.000, j=34:0.000, j=35:0.000, j=36:0.000, j=37:0.000, j=38:0.000, j=39:0.000, j=40:0.000, j=41:0.000, j=42:0.000, j=43:0.000, j=44:0.001, j=45:0.000, j=46:0.000, j=47:0.000, j=48:0.000, j=49:0.000, j=50:0.000, j=51:0.000, j=52:0.000, j=53:0.000, j=54:0.000, j=55:0.000, j=56:0.000, j=57:0.000, j=58:0.000, j=59:0.115, j=60:0.739, j=61:0.136
      i=62 -> j=0:0.000, j=1:0.000, j=2:0.000, j=3:0.000, j=4:0.000, j=5:0.000, j=6:0.001, j=7:0.000, j=8:0.000, j=9:0.000, j=10:0.000, j=11:0.000, j=12:0.000, j=13:0.000, j=14:0.000, j=15:0.000, j=16:0.000, j=17:0.001, j=18:0.001, j=19:0.000, j=20:0.000, j=21:0.000, j=22:0.000, j=23:0.000, j=24:0.000, j=25:0.000, j=26:0.000, j=27:0.000, j=28:0.000, j=29:0.000, j=30:0.000, j=31:0.000, j=32:0.000, j=33:0.000, j=34:0.000, j=35:0.000, j=36:0.000, j=37:0.000, j=38:0.000, j=39:0.000, j=40:0.001, j=41:0.000, j=42:0.000, j=43:0.000, j=44:0.001, j=45:0.001, j=46:0.000, j=47:0.000, j=48:0.000, j=49:0.000, j=50:0.000, j=51:0.000, j=52:0.000, j=53:0.000, j=54:0.000, j=55:0.000, j=56:0.000, j=57:0.000, j=58:0.000, j=59:0.002, j=60:0.114, j=61:0.775, j=62:0.092
      i=63 -> j=0:0.001, j=1:0.001, j=2:0.000, j=3:0.000, j=4:0.000, j=5:0.001, j=6:0.001, j=7:0.000, j=8:0.000, j=9:0.000, j=10:0.001, j=11:0.001, j=12:0.001, j=13:0.000, j=14:0.000, j=15:0.000, j=16:0.000, j=17:0.003, j=18:0.003, j=19:0.000, j=20:0.000, j=21:0.000, j=22:0.000, j=23:0.000, j=24:0.001, j=25:0.000, j=26:0.000, j=27:0.000, j=28:0.001, j=29:0.000, j=30:0.000, j=31:0.000, j=32:0.000, j=33:0.000, j=34:0.000, j=35:0.000, j=36:0.000, j=37:0.000, j=38:0.000, j=39:0.000, j=40:0.001, j=41:0.000, j=42:0.000, j=43:0.000, j=44:0.002, j=45:0.001, j=46:0.000, j=47:0.000, j=48:0.000, j=49:0.000, j=50:0.000, j=51:0.000, j=52:0.000, j=53:0.000, j=54:0.001, j=55:0.000, j=56:0.000, j=57:0.000, j=58:0.000, j=59:0.000, j=60:0.002, j=61:0.148, j=62:0.722, j=63:0.100
    Average attention per distance:
      d=0:0.121, d=1:0.747, d=2:0.125

--- Layer 2 ---
  Head 0: Entropy=2.184
    Attention coefficients from each query position to previous positions:
      i= 0 -> j=0:1.000
      i= 1 -> j=0:0.355, j=1:0.645
      i= 2 -> j=0:0.067, j=1:0.145, j=2:0.788
      i= 3 -> j=0:0.026, j=1:0.075, j=2:0.813, j=3:0.085
      i= 4 -> j=0:0.028, j=1:0.062, j=2:0.496, j=3:0.150, j=4:0.264
      i= 5 -> j=0:0.021, j=1:0.038, j=2:0.285, j=3:0.160, j=4:0.445, j=5:0.051
      i= 6 -> j=0:0.003, j=1:0.005, j=2:0.039, j=3:0.018, j=4:0.083, j=5:0.011, j=6:0.841
      i= 7 -> j=0:0.005, j=1:0.006, j=2:0.025, j=3:0.011, j=4:0.047, j=5:0.014, j=6:0.787, j=7:0.104
      i= 8 -> j=0:0.013, j=1:0.016, j=2:0.044, j=3:0.016, j=4:0.043, j=5:0.020, j=6:0.511, j=7:0.193, j=8:0.143
      i= 9 -> j=0:0.027, j=1:0.035, j=2:0.074, j=3:0.029, j=4:0.050, j=5:0.028, j=6:0.255, j=7:0.209, j=8:0.226, j=9:0.065
      i=10 -> j=0:0.020, j=1:0.030, j=2:0.100, j=3:0.028, j=4:0.046, j=5:0.016, j=6:0.168, j=7:0.162, j=8:0.268, j=9:0.093, j=10:0.069
      i=11 -> j=0:0.013, j=1:0.020, j=2:0.082, j=3:0.025, j=4:0.043, j=5:0.010, j=6:0.098, j=7:0.071, j=8:0.135, j=9:0.074, j=10:0.074, j=11:0.355
      i=12 -> j=0:0.011, j=1:0.014, j=2:0.048, j=3:0.018, j=4:0.035, j=5:0.009, j=6:0.062, j=7:0.031, j=8:0.047, j=9:0.036, j=10:0.048, j=11:0.277, j=12:0.365
      i=13 -> j=0:0.008, j=1:0.010, j=2:0.030, j=3:0.012, j=4:0.026, j=5:0.007, j=6:0.054, j=7:0.020, j=8:0.026, j=9:0.021, j=10:0.032, j=11:0.253, j=12:0.445, j=13:0.055
      i=14 -> j=0:0.008, j=1:0.010, j=2:0.027, j=3:0.009, j=4:0.020, j=5:0.006, j=6:0.056, j=7:0.020, j=8:0.021, j=9:0.013, j=10:0.016, j=11:0.124, j=12:0.277, j=13:0.060, j=14:0.333
      i=15 -> j=0:0.009, j=1:0.011, j=2:0.028, j=3:0.009, j=4:0.016, j=5:0.006, j=6:0.043, j=7:0.020, j=8:0.021, j=9:0.010, j=10:0.010, j=11:0.046, j=12:0.097, j=13:0.041, j=14:0.269, j=15:0.364
      i=16 -> j=0:0.007, j=1:0.009, j=2:0.025, j=3:0.007, j=4:0.012, j=5:0.004, j=6:0.027, j=7:0.015, j=8:0.018, j=9:0.008, j=10:0.007, j=11:0.023, j=12:0.042, j=13:0.022, j=14:0.178, j=15:0.382, j=16:0.214
      i=17 -> j=0:0.004, j=1:0.005, j=2:0.013, j=3:0.004, j=4:0.007, j=5:0.002, j=6:0.012, j=7:0.007, j=8:0.008, j=9:0.004, j=10:0.004, j=11:0.010, j=12:0.014, j=13:0.006, j=14:0.036, j=15:0.096, j=16:0.082, j=17:0.687
      i=18 -> j=0:0.005, j=1:0.006, j=2:0.016, j=3:0.006, j=4:0.010, j=5:0.003, j=6:0.015, j=7:0.008, j=8:0.010, j=9:0.006, j=10:0.005, j=11:0.013, j=12:0.017, j=13:0.006, j=14:0.024, j=15:0.060, j=16:0.065, j=17:0.576, j=18:0.150
      i=19 -> j=0:0.001, j=1:0.002, j=2:0.006, j=3:0.002, j=4:0.004, j=5:0.001, j=6:0.006, j=7:0.002, j=8:0.003, j=9:0.002, j=10:0.002, j=11:0.006, j=12:0.008, j=13:0.002, j=14:0.007, j=15:0.022, j=16:0.027, j=17:0.633, j=18:0.199, j=19:0.067
      i=20 -> j=0:0.003, j=1:0.003, j=2:0.010, j=3:0.003, j=4:0.006, j=5:0.002, j=6:0.011, j=7:0.004, j=8:0.004, j=9:0.003, j=10:0.002, j=11:0.009, j=12:0.014, j=13:0.003, j=14:0.010, j=15:0.020, j=16:0.018, j=17:0.269, j=18:0.159, j=19:0.122, j=20:0.327
      i=21 -> j=0:0.009, j=1:0.010, j=2:0.021, j=3:0.008, j=4:0.013, j=5:0.005, j=6:0.022, j=7:0.011, j=8:0.012, j=9:0.007, j=10:0.006, j=11:0.016, j=12:0.024, j=13:0.009, j=14:0.022, j=15:0.030, j=16:0.023, j=17:0.117, j=18:0.091, j=19:0.110, j=20:0.323, j=21:0.111
      i=22 -> j=0:0.011, j=1:0.013, j=2:0.027, j=3:0.010, j=4:0.015, j=5:0.006, j=6:0.024, j=7:0.014, j=8:0.015, j=9:0.009, j=10:0.007, j=11:0.016, j=12:0.024, j=13:0.010, j=14:0.027, j=15:0.038, j=16:0.025, j=17:0.092, j=18:0.061, j=19:0.073, j=20:0.252, j=21:0.140, j=22:0.090
      i=23 -> j=0:0.007, j=1:0.008, j=2:0.020, j=3:0.007, j=4:0.011, j=5:0.004, j=6:0.016, j=7:0.009, j=8:0.010, j=9:0.006, j=10:0.005, j=11:0.010, j=12:0.015, j=13:0.006, j=14:0.018, j=15:0.030, j=16:0.019, j=17:0.072, j=18:0.032, j=19:0.028, j=20:0.106, j=21:0.092, j=22:0.087, j=23:0.382
      i=24 -> j=0:0.006, j=1:0.008, j=2:0.019, j=3:0.007, j=4:0.011, j=5:0.004, j=6:0.014, j=7:0.008, j=8:0.009, j=9:0.006, j=10:0.005, j=11:0.009, j=12:0.012, j=13:0.004, j=14:0.013, j=15:0.025, j=16:0.019, j=17:0.072, j=18:0.026, j=19:0.014, j=20:0.041, j=21:0.049, j=22:0.068, j=23:0.480, j=24:0.070
      i=25 -> j=0:0.009, j=1:0.010, j=2:0.021, j=3:0.010, j=4:0.015, j=5:0.006, j=6:0.019, j=7:0.010, j=8:0.011, j=9:0.008, j=10:0.007, j=11:0.013, j=12:0.016, j=13:0.006, j=14:0.014, j=15:0.025, j=16:0.021, j=17:0.079, j=18:0.034, j=19:0.017, j=20:0.033, j=21:0.035, j=22:0.049, j=23:0.308, j=24:0.079, j=25:0.146
      i=26 -> j=0:0.010, j=1:0.011, j=2:0.022, j=3:0.010, j=4:0.015, j=5:0.006, j=6:0.021, j=7:0.011, j=8:0.011, j=9:0.008, j=10:0.007, j=11:0.014, j=12:0.018, j=13:0.006, j=14:0.013, j=15:0.021, j=16:0.018, j=17:0.073, j=18:0.037, j=19:0.018, j=20:0.029, j=21:0.024, j=22:0.030, j=23:0.182, j=24:0.073, j=25:0.221, j=26:0.094
      i=27 -> j=0:0.007, j=1:0.009, j=2:0.018, j=3:0.007, j=4:0.010, j=5:0.004, j=6:0.016, j=7:0.008, j=8:0.008, j=9:0.005, j=10:0.004, j=11:0.009, j=12:0.013, j=13:0.004, j=14:0.010, j=15:0.014, j=16:0.011, j=17:0.044, j=18:0.024, j=19:0.013, j=20:0.022, j=21:0.015, j=22:0.014, j=23:0.061, j=24:0.029, j=25:0.123, j=26:0.080, j=27:0.419
      i=28 -> j=0:0.007, j=1:0.008, j=2:0.018, j=3:0.006, j=4:0.009, j=5:0.004, j=6:0.014, j=7:0.008, j=8:0.008, j=9:0.005, j=10:0.004, j=11:0.008, j=12:0.011, j=13:0.004, j=14:0.010, j=15:0.013, j=16:0.009, j=17:0.031, j=18:0.017, j=19:0.010, j=20:0.020, j=21:0.013, j=22:0.010, j=23:0.029, j=24:0.014, j=25:0.054, j=26:0.051, j=27:0.318, j=28:0.286
      i=29 -> j=0:0.007, j=1:0.008, j=2:0.018, j=3:0.007, j=4:0.009, j=5:0.004, j=6:0.012, j=7:0.007, j=8:0.008, j=9:0.005, j=10:0.004, j=11:0.007, j=12:0.010, j=13:0.004, j=14:0.009, j=15:0.013, j=16:0.009, j=17:0.025, j=18:0.014, j=19:0.008, j=20:0.017, j=21:0.013, j=22:0.010, j=23:0.023, j=24:0.009, j=25:0.030, j=26:0.034, j=27:0.227, j=28:0.302, j=29:0.146
      i=30 -> j=0:0.006, j=1:0.007, j=2:0.016, j=3:0.006, j=4:0.009, j=5:0.003, j=6:0.011, j=7:0.006, j=8:0.007, j=9:0.004, j=10:0.003, j=11:0.007, j=12:0.009, j=13:0.003, j=14:0.008, j=15:0.012, j=16:0.009, j=17:0.026, j=18:0.012, j=19:0.006, j=20:0.013, j=21:0.011, j=22:0.010, j=23:0.024, j=24:0.008, j=25:0.018, j=26:0.017, j=27:0.100, j=28:0.168, j=29:0.135, j=30:0.327
      i=31 -> j=0:0.005, j=1:0.006, j=2:0.014, j=3:0.006, j=4:0.008, j=5:0.003, j=6:0.010, j=7:0.005, j=8:0.006, j=9:0.004, j=10:0.003, j=11:0.006, j=12:0.007, j=13:0.003, j=14:0.006, j=15:0.009, j=16:0.007, j=17:0.023, j=18:0.010, j=19:0.004, j=20:0.008, j=21:0.008, j=22:0.008, j=23:0.022, j=24:0.007, j=25:0.013, j=26:0.009, j=27:0.043, j=28:0.081, j=29:0.106, j=30:0.445, j=31:0.103
      i=32 -> j=0:0.006, j=1:0.007, j=2:0.014, j=3:0.005, j=4:0.009, j=5:0.003, j=6:0.012, j=7:0.006, j=8:0.006, j=9:0.004, j=10:0.003, j=11:0.006, j=12:0.008, j=13:0.003, j=14:0.006, j=15:0.009, j=16:0.007, j=17:0.024, j=18:0.012, j=19:0.005, j=20:0.008, j=21:0.007, j=22:0.007, j=23:0.019, j=24:0.007, j=25:0.013, j=26:0.008, j=27:0.025, j=28:0.034, j=29:0.042, j=30:0.207, j=31:0.092, j=32:0.377
      i=33 -> j=0:0.007, j=1:0.008, j=2:0.015, j=3:0.006, j=4:0.009, j=5:0.004, j=6:0.013, j=7:0.007, j=8:0.006, j=9:0.004, j=10:0.003, j=11:0.007, j=12:0.008, j=13:0.003, j=14:0.006, j=15:0.008, j=16:0.006, j=17:0.018, j=18:0.011, j=19:0.005, j=20:0.007, j=21:0.006, j=22:0.005, j=23:0.014, j=24:0.007, j=25:0.013, j=26:0.008, j=27:0.020, j=28:0.021, j=29:0.022, j=30:0.113, j=31:0.090, j=32:0.503, j=33:0.016
      i=34 -> j=0:0.007, j=1:0.008, j=2:0.017, j=3:0.007, j=4:0.009, j=5:0.004, j=6:0.014, j=7:0.008, j=8:0.007, j=9:0.005, j=10:0.004, j=11:0.007, j=12:0.009, j=13:0.004, j=14:0.007, j=15:0.010, j=16:0.007, j=17:0.020, j=18:0.011, j=19:0.006, j=20:0.009, j=21:0.007, j=22:0.006, j=23:0.013, j=24:0.006, j=25:0.013, j=26:0.009, j=27:0.023, j=28:0.021, j=29:0.015, j=30:0.049, j=31:0.040, j=32:0.236, j=33:0.018, j=34:0.365
      i=35 -> j=0:0.008, j=1:0.010, j=2:0.019, j=3:0.008, j=4:0.010, j=5:0.004, j=6:0.014, j=7:0.008, j=8:0.009, j=9:0.005, j=10:0.004, j=11:0.007, j=12:0.009, j=13:0.004, j=14:0.008, j=15:0.010, j=16:0.007, j=17:0.018, j=18:0.011, j=19:0.006, j=20:0.010, j=21:0.008, j=22:0.006, j=23:0.011, j=24:0.005, j=25:0.011, j=26:0.009, j=27:0.024, j=28:0.022, j=29:0.013, j=30:0.030, j=31:0.022, j=32:0.125, j=33:0.020, j=34:0.479, j=35:0.026
      i=36 -> j=0:0.010, j=1:0.012, j=2:0.024, j=3:0.010, j=4:0.014, j=5:0.006, j=6:0.018, j=7:0.010, j=8:0.011, j=9:0.007, j=10:0.006, j=11:0.009, j=12:0.011, j=13:0.005, j=14:0.010, j=15:0.014, j=16:0.010, j=17:0.025, j=18:0.013, j=19:0.007, j=20:0.011, j=21:0.010, j=22:0.008, j=23:0.015, j=24:0.006, j=25:0.011, j=26:0.009, j=27:0.027, j=28:0.029, j=29:0.017, j=30:0.030, j=31:0.016, j=32:0.063, j=33:0.016, j=34:0.339, j=35:0.041, j=36:0.119
      i=37 -> j=0:0.014, j=1:0.016, j=2:0.029, j=3:0.015, j=4:0.020, j=5:0.009, j=6:0.024, j=7:0.014, j=8:0.015, j=9:0.011, j=10:0.009, j=11:0.014, j=12:0.016, j=13:0.007, j=14:0.013, j=15:0.018, j=16:0.014, j=17:0.030, j=18:0.018, j=19:0.009, j=20:0.014, j=21:0.013, j=22:0.012, j=23:0.020, j=24:0.010, j=25:0.014, j=26:0.011, j=27:0.026, j=28:0.031, j=29:0.023, j=30:0.039, j=31:0.019, j=32:0.048, j=33:0.014, j=34:0.156, j=35:0.045, j=36:0.132, j=37:0.059
      i=38 -> j=0:0.011, j=1:0.012, j=2:0.024, j=3:0.011, j=4:0.016, j=5:0.007, j=6:0.021, j=7:0.011, j=8:0.011, j=9:0.008, j=10:0.007, j=11:0.012, j=12:0.014, j=13:0.005, j=14:0.010, j=15:0.014, j=16:0.011, j=17:0.028, j=18:0.015, j=19:0.007, j=20:0.011, j=21:0.010, j=22:0.009, j=23:0.017, j=24:0.008, j=25:0.011, j=26:0.008, j=27:0.018, j=28:0.021, j=29:0.017, j=30:0.034, j=31:0.015, j=32:0.036, j=33:0.007, j=34:0.065, j=35:0.023, j=36:0.082, j=37:0.060, j=38:0.293
      i=39 -> j=0:0.007, j=1:0.008, j=2:0.018, j=3:0.007, j=4:0.010, j=5:0.004, j=6:0.016, j=7:0.007, j=8:0.007, j=9:0.004, j=10:0.004, j=11:0.007, j=12:0.009, j=13:0.003, j=14:0.006, j=15:0.008, j=16:0.006, j=17:0.019, j=18:0.010, j=19:0.005, j=20:0.007, j=21:0.005, j=22:0.005, j=23:0.010, j=24:0.005, j=25:0.007, j=26:0.004, j=27:0.011, j=28:0.011, j=29:0.009, j=30:0.021, j=31:0.010, j=32:0.028, j=33:0.003, j=34:0.030, j=35:0.009, j=36:0.037, j=37:0.048, j=38:0.397, j=39:0.176
      i=40 -> j=0:0.005, j=1:0.006, j=2:0.014, j=3:0.005, j=4:0.007, j=5:0.003, j=6:0.012, j=7:0.006, j=8:0.006, j=9:0.003, j=10:0.003, j=11:0.005, j=12:0.007, j=13:0.002, j=14:0.005, j=15:0.007, j=16:0.005, j=17:0.013, j=18:0.007, j=19:0.003, j=20:0.005, j=21:0.004, j=22:0.003, j=23:0.007, j=24:0.003, j=25:0.005, j=26:0.003, j=27:0.008, j=28:0.008, j=29:0.005, j=30:0.012, j=31:0.006, j=32:0.021, j=33:0.002, j=34:0.018, j=35:0.004, j=36:0.011, j=37:0.018, j=38:0.156, j=39:0.119, j=40:0.460
      i=41 -> j=0:0.006, j=1:0.007, j=2:0.015, j=3:0.006, j=4:0.008, j=5:0.003, j=6:0.012, j=7:0.006, j=8:0.007, j=9:0.004, j=10:0.003, j=11:0.006, j=12:0.007, j=13:0.003, j=14:0.006, j=15:0.008, j=16:0.005, j=17:0.013, j=18:0.007, j=19:0.004, j=20:0.006, j=21:0.005, j=22:0.004, j=23:0.007, j=24:0.003, j=25:0.006, j=26:0.004, j=27:0.009, j=28:0.009, j=29:0.005, j=30:0.010, j=31:0.005, j=32:0.018, j=33:0.003, j=34:0.019, j=35:0.004, j=36:0.008, j=37:0.011, j=38:0.065, j=39:0.068, j=40:0.282, j=41:0.315
      i=42 -> j=0:0.005, j=1:0.006, j=2:0.014, j=3:0.005, j=4:0.008, j=5:0.003, j=6:0.011, j=7:0.006, j=8:0.006, j=9:0.004, j=10:0.003, j=11:0.005, j=12:0.006, j=13:0.002, j=14:0.005, j=15:0.007, j=16:0.005, j=17:0.013, j=18:0.006, j=19:0.003, j=20:0.005, j=21:0.004, j=22:0.004, j=23:0.006, j=24:0.003, j=25:0.004, j=26:0.003, j=27:0.008, j=28:0.008, j=29:0.004, j=30:0.008, j=31:0.004, j=32:0.013, j=33:0.002, j=34:0.018, j=35:0.003, j=36:0.006, j=37:0.007, j=38:0.032, j=39:0.035, j=40:0.166, j=41:0.368, j=42:0.164
      i=43 -> j=0:0.008, j=1:0.010, j=2:0.020, j=3:0.009, j=4:0.013, j=5:0.005, j=6:0.017, j=7:0.009, j=8:0.010, j=9:0.006, j=10:0.005, j=11:0.009, j=12:0.011, j=13:0.004, j=14:0.009, j=15:0.012, j=16:0.009, j=17:0.020, j=18:0.011, j=19:0.005, j=20:0.008, j=21:0.007, j=22:0.006, j=23:0.010, j=24:0.005, j=25:0.007, j=26:0.005, j=27:0.011, j=28:0.012, j=29:0.008, j=30:0.012, j=31:0.006, j=32:0.014, j=33:0.003, j=34:0.023, j=35:0.006, j=36:0.010, j=37:0.009, j=38:0.028, j=39:0.025, j=40:0.083, j=41:0.244, j=42:0.209, j=43:0.048
      i=44 -> j=0:0.003, j=1:0.004, j=2:0.008, j=3:0.003, j=4:0.005, j=5:0.002, j=6:0.007, j=7:0.004, j=8:0.004, j=9:0.002, j=10:0.002, j=11:0.004, j=12:0.004, j=13:0.002, j=14:0.003, j=15:0.004, j=16:0.003, j=17:0.009, j=18:0.005, j=19:0.002, j=20:0.003, j=21:0.003, j=22:0.002, j=23:0.004, j=24:0.002, j=25:0.003, j=26:0.002, j=27:0.004, j=28:0.005, j=29:0.003, j=30:0.006, j=31:0.003, j=32:0.006, j=33:0.001, j=34:0.007, j=35:0.002, j=36:0.004, j=37:0.003, j=38:0.009, j=39:0.006, j=40:0.013, j=41:0.030, j=42:0.034, j=43:0.016, j=44:0.748
      i=45 -> j=0:0.005, j=1:0.006, j=2:0.011, j=3:0.005, j=4:0.007, j=5:0.003, j=6:0.010, j=7:0.006, j=8:0.006, j=9:0.004, j=10:0.003, j=11:0.006, j=12:0.007, j=13:0.003, j=14:0.005, j=15:0.007, j=16:0.005, j=17:0.012, j=18:0.007, j=19:0.004, j=20:0.005, j=21:0.004, j=22:0.004, j=23:0.006, j=24:0.003, j=25:0.005, j=26:0.003, j=27:0.007, j=28:0.007, j=29:0.005, j=30:0.008, j=31:0.004, j=32:0.009, j=33:0.002, j=34:0.009, j=35:0.003, j=36:0.006, j=37:0.005, j=38:0.013, j=39:0.007, j=40:0.013, j=41:0.020, j=42:0.021, j=43:0.015, j=44:0.426, j=45:0.268
      i=46 -> j=0:0.003, j=1:0.003, j=2:0.006, j=3:0.002, j=4:0.004, j=5:0.001, j=6:0.006, j=7:0.003, j=8:0.003, j=9:0.002, j=10:0.001, j=11:0.003, j=12:0.004, j=13:0.001, j=14:0.003, j=15:0.003, j=16:0.002, j=17:0.006, j=18:0.004, j=19:0.002, j=20:0.003, j=21:0.002, j=22:0.002, j=23:0.003, j=24:0.001, j=25:0.002, j=26:0.002, j=27:0.003, j=28:0.003, j=29:0.002, j=30:0.004, j=31:0.002, j=32:0.005, j=33:0.001, j=34:0.004, j=35:0.001, j=36:0.002, j=37:0.002, j=38:0.007, j=39:0.004, j=40:0.007, j=41:0.008, j=42:0.008, j=43:0.006, j=44:0.375, j=45:0.369, j=46:0.111
      i=47 -> j=0:0.003, j=1:0.004, j=2:0.008, j=3:0.003, j=4:0.004, j=5:0.002, j=6:0.007, j=7:0.003, j=8:0.003, j=9:0.002, j=10:0.002, j=11:0.003, j=12:0.004, j=13:0.002, j=14:0.003, j=15:0.004, j=16:0.003, j=17:0.008, j=18:0.004, j=19:0.002, j=20:0.003, j=21:0.002, j=22:0.002, j=23:0.003, j=24:0.001, j=25:0.002, j=26:0.002, j=27:0.004, j=28:0.003, j=29:0.002, j=30:0.004, j=31:0.002, j=32:0.005, j=33:0.001, j=34:0.004, j=35:0.001, j=36:0.002, j=37:0.002, j=38:0.008, j=39:0.005, j=40:0.009, j=41:0.009, j=42:0.006, j=43:0.004, j=44:0.226, j=45:0.354, j=46:0.201, j=47:0.059
      i=48 -> j=0:0.010, j=1:0.012, j=2:0.020, j=3:0.010, j=4:0.013, j=5:0.007, j=6:0.017, j=7:0.011, j=8:0.011, j=9:0.008, j=10:0.007, j=11:0.010, j=12:0.012, j=13:0.006, j=14:0.011, j=15:0.013, j=16:0.010, j=17:0.019, j=18:0.012, j=19:0.007, j=20:0.010, j=21:0.009, j=22:0.007, j=23:0.010, j=24:0.006, j=25:0.008, j=26:0.006, j=27:0.011, j=28:0.011, j=29:0.007, j=30:0.010, j=31:0.006, j=32:0.013, j=33:0.004, j=34:0.013, j=35:0.004, j=36:0.007, j=37:0.007, j=38:0.016, j=39:0.012, j=40:0.022, j=41:0.023, j=42:0.014, j=43:0.009, j=44:0.099, j=45:0.148, j=46:0.152, j=47:0.106, j=48:0.023
      i=49 -> j=0:0.004, j=1:0.005, j=2:0.011, j=3:0.004, j=4:0.006, j=5:0.002, j=6:0.009, j=7:0.004, j=8:0.005, j=9:0.003, j=10:0.002, j=11:0.004, j=12:0.005, j=13:0.002, j=14:0.004, j=15:0.006, j=16:0.004, j=17:0.012, j=18:0.006, j=19:0.003, j=20:0.004, j=21:0.003, j=22:0.003, j=23:0.005, j=24:0.002, j=25:0.003, j=26:0.002, j=27:0.005, j=28:0.005, j=29:0.003, j=30:0.005, j=31:0.002, j=32:0.006, j=33:0.001, j=34:0.007, j=35:0.001, j=36:0.003, j=37:0.002, j=38:0.007, j=39:0.004, j=40:0.011, j=41:0.014, j=42:0.007, j=43:0.003, j=44:0.063, j=45:0.069, j=46:0.061, j=47:0.062, j=48:0.016, j=49:0.521
      i=50 -> j=0:0.004, j=1:0.005, j=2:0.010, j=3:0.004, j=4:0.006, j=5:0.002, j=6:0.009, j=7:0.004, j=8:0.004, j=9:0.003, j=10:0.002, j=11:0.004, j=12:0.005, j=13:0.002, j=14:0.004, j=15:0.006, j=16:0.004, j=17:0.012, j=18:0.006, j=19:0.003, j=20:0.004, j=21:0.003, j=22:0.003, j=23:0.005, j=24:0.002, j=25:0.003, j=26:0.002, j=27:0.004, j=28:0.004, j=29:0.003, j=30:0.005, j=31:0.002, j=32:0.005, j=33:0.001, j=34:0.005, j=35:0.001, j=36:0.003, j=37:0.002, j=38:0.005, j=39:0.003, j=40:0.007, j=41:0.011, j=42:0.007, j=43:0.003, j=44:0.045, j=45:0.034, j=46:0.021, j=47:0.026, j=48:0.016, j=49:0.569, j=50:0.098
      i=51 -> j=0:0.009, j=1:0.011, j=2:0.019, j=3:0.009, j=4:0.013, j=5:0.006, j=6:0.018, j=7:0.010, j=8:0.010, j=9:0.007, j=10:0.006, j=11:0.010, j=12:0.012, j=13:0.006, j=14:0.010, j=15:0.012, j=16:0.010, j=17:0.021, j=18:0.012, j=19:0.007, j=20:0.009, j=21:0.008, j=22:0.007, j=23:0.011, j=24:0.006, j=25:0.008, j=26:0.005, j=27:0.009, j=28:0.009, j=29:0.007, j=30:0.011, j=31:0.006, j=32:0.011, j=33:0.003, j=34:0.010, j=35:0.004, j=36:0.006, j=37:0.006, j=38:0.011, j=39:0.006, j=40:0.011, j=41:0.015, j=42:0.012, j=43:0.007, j=44:0.058, j=45:0.040, j=46:0.020, j=47:0.019, j=48:0.020, j=49:0.282, j=50:0.122, j=51:0.024
      i=52 -> j=0:0.008, j=1:0.009, j=2:0.018, j=3:0.008, j=4:0.011, j=5:0.005, j=6:0.016, j=7:0.009, j=8:0.009, j=9:0.005, j=10:0.005, j=11:0.009, j=12:0.011, j=13:0.005, j=14:0.008, j=15:0.010, j=16:0.008, j=17:0.019, j=18:0.011, j=19:0.006, j=20:0.009, j=21:0.007, j=22:0.006, j=23:0.009, j=24:0.005, j=25:0.007, j=26:0.005, j=27:0.009, j=28:0.008, j=29:0.006, j=30:0.009, j=31:0.005, j=32:0.010, j=33:0.003, j=34:0.009, j=35:0.003, j=36:0.005, j=37:0.005, j=38:0.011, j=39:0.006, j=40:0.010, j=41:0.012, j=42:0.009, j=43:0.006, j=44:0.062, j=45:0.045, j=46:0.017, j=47:0.011, j=48:0.011, j=49:0.121, j=50:0.071, j=51:0.022, j=52:0.279
      i=53 -> j=0:0.006, j=1:0.008, j=2:0.016, j=3:0.006, j=4:0.009, j=5:0.004, j=6:0.014, j=7:0.008, j=8:0.008, j=9:0.004, j=10:0.004, j=11:0.007, j=12:0.009, j=13:0.004, j=14:0.007, j=15:0.009, j=16:0.007, j=17:0.016, j=18:0.009, j=19:0.005, j=20:0.007, j=21:0.006, j=22:0.004, j=23:0.007, j=24:0.004, j=25:0.006, j=26:0.004, j=27:0.007, j=28:0.007, j=29:0.004, j=30:0.007, j=31:0.004, j=32:0.008, j=33:0.002, j=34:0.007, j=35:0.002, j=36:0.003, j=37:0.003, j=38:0.008, j=39:0.005, j=40:0.008, j=41:0.008, j=42:0.005, j=43:0.003, j=44:0.045, j=45:0.041, j=46:0.015, j=47:0.006, j=48:0.005, j=49:0.051, j=50:0.035, j=51:0.018, j=52:0.456, j=53:0.039
      i=54 -> j=0:0.005, j=1:0.006, j=2:0.013, j=3:0.005, j=4:0.007, j=5:0.003, j=6:0.011, j=7:0.006, j=8:0.006, j=9:0.003, j=10:0.003, j=11:0.005, j=12:0.007, j=13:0.003, j=14:0.006, j=15:0.007, j=16:0.005, j=17:0.013, j=18:0.007, j=19:0.004, j=20:0.006, j=21:0.004, j=22:0.003, j=23:0.006, j=24:0.003, j=25:0.004, j=26:0.003, j=27:0.006, j=28:0.006, j=29:0.003, j=30:0.005, j=31:0.003, j=32:0.006, j=33:0.001, j=34:0.006, j=35:0.001, j=36:0.003, j=37:0.002, j=38:0.006, j=39:0.004, j=40:0.007, j=41:0.007, j=42:0.004, j=43:0.002, j=44:0.030, j=45:0.030, j=46:0.013, j=47:0.005, j=48:0.003, j=49:0.022, j=50:0.011, j=51:0.008, j=52:0.222, j=53:0.033, j=54:0.400
      i=55 -> j=0:0.007, j=1:0.009, j=2:0.017, j=3:0.008, j=4:0.011, j=5:0.005, j=6:0.014, j=7:0.008, j=8:0.008, j=9:0.006, j=10:0.005, j=11:0.008, j=12:0.010, j=13:0.004, j=14:0.008, j=15:0.011, j=16:0.008, j=17:0.018, j=18:0.010, j=19:0.006, j=20:0.008, j=21:0.007, j=22:0.006, j=23:0.009, j=24:0.004, j=25:0.006, j=26:0.005, j=27:0.009, j=28:0.008, j=29:0.005, j=30:0.008, j=31:0.004, j=32:0.008, j=33:0.002, j=34:0.008, j=35:0.003, j=36:0.004, j=37:0.004, j=38:0.007, j=39:0.005, j=40:0.009, j=41:0.009, j=42:0.005, j=43:0.003, j=44:0.022, j=45:0.024, j=46:0.014, j=47:0.008, j=48:0.005, j=49:0.021, j=50:0.009, j=51:0.008, j=52:0.108, j=53:0.034, j=54:0.402, j=55:0.020
      i=56 -> j=0:0.008, j=1:0.010, j=2:0.019, j=3:0.009, j=4:0.012, j=5:0.005, j=6:0.018, j=7:0.009, j=8:0.010, j=9:0.006, j=10:0.006, j=11:0.010, j=12:0.012, j=13:0.005, j=14:0.009, j=15:0.012, j=16:0.010, j=17:0.023, j=18:0.012, j=19:0.007, j=20:0.009, j=21:0.008, j=22:0.007, j=23:0.011, j=24:0.006, j=25:0.008, j=26:0.005, j=27:0.010, j=28:0.010, j=29:0.007, j=30:0.010, j=31:0.005, j=32:0.010, j=33:0.003, j=34:0.010, j=35:0.003, j=36:0.005, j=37:0.005, j=38:0.009, j=39:0.006, j=40:0.010, j=41:0.012, j=42:0.008, j=43:0.004, j=44:0.029, j=45:0.026, j=46:0.014, j=47:0.009, j=48:0.006, j=49:0.028, j=50:0.011, j=51:0.007, j=52:0.057, j=53:0.020, j=54:0.212, j=55:0.024, j=56:0.160
      i=57 -> j=0:0.007, j=1:0.009, j=2:0.018, j=3:0.007, j=4:0.011, j=5:0.004, j=6:0.017, j=7:0.008, j=8:0.008, j=9:0.005, j=10:0.004, j=11:0.009, j=12:0.011, j=13:0.004, j=14:0.008, j=15:0.011, j=16:0.008, j=17:0.022, j=18:0.011, j=19:0.006, j=20:0.008, j=21:0.006, j=22:0.005, j=23:0.010, j=24:0.005, j=25:0.007, j=26:0.004, j=27:0.009, j=28:0.008, j=29:0.006, j=30:0.009, j=31:0.004, j=32:0.009, j=33:0.002, j=34:0.008, j=35:0.002, j=36:0.004, j=37:0.004, j=38:0.007, j=39:0.004, j=40:0.007, j=41:0.009, j=42:0.006, j=43:0.003, j=44:0.028, j=45:0.021, j=46:0.009, j=47:0.006, j=48:0.004, j=49:0.027, j=50:0.009, j=51:0.004, j=52:0.031, j=53:0.009, j=54:0.104, j=55:0.022, j=56:0.285, j=57:0.104
      i=58 -> j=0:0.012, j=1:0.014, j=2:0.023, j=3:0.012, j=4:0.016, j=5:0.008, j=6:0.022, j=7:0.014, j=8:0.013, j=9:0.009, j=10:0.008, j=11:0.014, j=12:0.016, j=13:0.008, j=14:0.013, j=15:0.015, j=16:0.013, j=17:0.025, j=18:0.016, j=19:0.010, j=20:0.013, j=21:0.011, j=22:0.009, j=23:0.014, j=24:0.009, j=25:0.011, j=26:0.008, j=27:0.013, j=28:0.013, j=29:0.009, j=30:0.014, j=31:0.009, j=32:0.014, j=33:0.005, j=34:0.011, j=35:0.005, j=36:0.007, j=37:0.007, j=38:0.012, j=39:0.008, j=40:0.010, j=41:0.011, j=42:0.009, j=43:0.006, j=44:0.028, j=45:0.023, j=46:0.011, j=47:0.007, j=48:0.007, j=49:0.023, j=50:0.013, j=51:0.007, j=52:0.024, j=53:0.008, j=54:0.033, j=55:0.018, j=56:0.137, j=57:0.108, j=58:0.029
      i=59 -> j=0:0.013, j=1:0.015, j=2:0.024, j=3:0.013, j=4:0.016, j=5:0.009, j=6:0.022, j=7:0.014, j=8:0.014, j=9:0.010, j=10:0.009, j=11:0.014, j=12:0.016, j=13:0.009, j=14:0.014, j=15:0.017, j=16:0.013, j=17:0.025, j=18:0.016, j=19:0.011, j=20:0.015, j=21:0.012, j=22:0.010, j=23:0.015, j=24:0.009, j=25:0.012, j=26:0.010, j=27:0.015, j=28:0.014, j=29:0.010, j=30:0.014, j=31:0.009, j=32:0.015, j=33:0.005, j=34:0.013, j=35:0.006, j=36:0.008, j=37:0.008, j=38:0.013, j=39:0.009, j=40:0.012, j=41:0.012, j=42:0.009, j=43:0.007, j=44:0.030, j=45:0.026, j=46:0.013, j=47:0.008, j=48:0.007, j=49:0.021, j=50:0.013, j=51:0.008, j=52:0.028, j=53:0.009, j=54:0.025, j=55:0.013, j=56:0.073, j=57:0.076, j=58:0.030, j=59:0.062
      i=60 -> j=0:0.011, j=1:0.013, j=2:0.024, j=3:0.012, j=4:0.015, j=5:0.007, j=6:0.021, j=7:0.013, j=8:0.013, j=9:0.009, j=10:0.008, j=11:0.012, j=12:0.015, j=13:0.007, j=14:0.013, j=15:0.016, j=16:0.013, j=17:0.026, j=18:0.015, j=19:0.010, j=20:0.014, j=21:0.011, j=22:0.009, j=23:0.014, j=24:0.008, j=25:0.011, j=26:0.008, j=27:0.015, j=28:0.014, j=29:0.009, j=30:0.013, j=31:0.008, j=32:0.015, j=33:0.005, j=34:0.013, j=35:0.005, j=36:0.007, j=37:0.007, j=38:0.012, j=39:0.008, j=40:0.012, j=41:0.012, j=42:0.008, j=43:0.005, j=44:0.030, j=45:0.028, j=46:0.014, j=47:0.007, j=48:0.006, j=49:0.018, j=50:0.011, j=51:0.007, j=52:0.032, j=53:0.009, j=54:0.026, j=55:0.008, j=56:0.045, j=57:0.048, j=58:0.024, j=59:0.076, j=60:0.093
      i=61 -> j=0:0.007, j=1:0.008, j=2:0.016, j=3:0.007, j=4:0.010, j=5:0.004, j=6:0.014, j=7:0.008, j=8:0.008, j=9:0.005, j=10:0.004, j=11:0.008, j=12:0.009, j=13:0.004, j=14:0.008, j=15:0.010, j=16:0.008, j=17:0.018, j=18:0.010, j=19:0.006, j=20:0.008, j=21:0.007, j=22:0.006, j=23:0.009, j=24:0.005, j=25:0.006, j=26:0.005, j=27:0.009, j=28:0.009, j=29:0.006, j=30:0.009, j=31:0.005, j=32:0.009, j=33:0.003, j=34:0.009, j=35:0.003, j=36:0.004, j=37:0.004, j=38:0.007, j=39:0.005, j=40:0.008, j=41:0.008, j=42:0.005, j=43:0.003, j=44:0.019, j=45:0.017, j=46:0.008, j=47:0.005, j=48:0.003, j=49:0.010, j=50:0.005, j=51:0.003, j=52:0.018, j=53:0.005, j=54:0.017, j=55:0.004, j=56:0.017, j=57:0.016, j=58:0.010, j=59:0.047, j=60:0.083, j=61:0.392
      i=62 -> j=0:0.003, j=1:0.004, j=2:0.008, j=3:0.004, j=4:0.005, j=5:0.002, j=6:0.008, j=7:0.004, j=8:0.004, j=9:0.002, j=10:0.002, j=11:0.004, j=12:0.005, j=13:0.002, j=14:0.004, j=15:0.005, j=16:0.004, j=17:0.010, j=18:0.005, j=19:0.003, j=20:0.004, j=21:0.003, j=22:0.003, j=23:0.005, j=24:0.002, j=25:0.003, j=26:0.002, j=27:0.005, j=28:0.005, j=29:0.003, j=30:0.005, j=31:0.002, j=32:0.005, j=33:0.001, j=34:0.005, j=35:0.001, j=36:0.002, j=37:0.002, j=38:0.004, j=39:0.002, j=40:0.004, j=41:0.004, j=42:0.003, j=43:0.001, j=44:0.010, j=45:0.009, j=46:0.004, j=47:0.002, j=48:0.002, j=49:0.006, j=50:0.002, j=51:0.001, j=52:0.008, j=53:0.002, j=54:0.009, j=55:0.002, j=56:0.008, j=57:0.005, j=58:0.003, j=59:0.015, j=60:0.034, j=61:0.212, j=62:0.500
      i=63 -> j=0:0.004, j=1:0.005, j=2:0.009, j=3:0.004, j=4:0.006, j=5:0.003, j=6:0.009, j=7:0.005, j=8:0.005, j=9:0.003, j=10:0.003, j=11:0.005, j=12:0.006, j=13:0.003, j=14:0.005, j=15:0.006, j=16:0.005, j=17:0.011, j=18:0.006, j=19:0.004, j=20:0.005, j=21:0.004, j=22:0.003, j=23:0.006, j=24:0.003, j=25:0.004, j=26:0.003, j=27:0.005, j=28:0.005, j=29:0.004, j=30:0.006, j=31:0.003, j=32:0.006, j=33:0.001, j=34:0.005, j=35:0.002, j=36:0.003, j=37:0.002, j=38:0.004, j=39:0.003, j=40:0.004, j=41:0.004, j=42:0.003, j=43:0.002, j=44:0.010, j=45:0.008, j=46:0.004, j=47:0.002, j=48:0.002, j=49:0.006, j=50:0.003, j=51:0.002, j=52:0.007, j=53:0.002, j=54:0.009, j=55:0.002, j=56:0.008, j=57:0.005, j=58:0.003, j=59:0.011, j=60:0.025, j=61:0.152, j=62:0.495, j=63:0.048
    Average attention per distance:
      d=0:0.243, d=1:0.239, d=2:0.150, d=3:0.073, d=4:0.034, d=5:0.021, d=6:0.018, d=7:0.019
      d=8:0.020, d=9:0.017, d=10:0.013, d=11:0.010, d=54:0.010, d=55:0.010, d=56:0.011, d=57:0.011
      d=58:0.011, d=59:0.010

--- Layer 3 ---
  Head 0: Entropy=2.940
    Attention coefficients from each query position to previous positions:
      i= 0 -> j=0:1.000
      i= 1 -> j=0:0.647, j=1:0.353
      i= 2 -> j=0:0.435, j=1:0.274, j=2:0.291
      i= 3 -> j=0:0.284, j=1:0.243, j=2:0.281, j=3:0.193
      i= 4 -> j=0:0.168, j=1:0.147, j=2:0.190, j=3:0.144, j=4:0.351
      i= 5 -> j=0:0.075, j=1:0.061, j=2:0.084, j=3:0.074, j=4:0.243, j=5:0.464
      i= 6 -> j=0:0.060, j=1:0.048, j=2:0.062, j=3:0.064, j=4:0.208, j=5:0.469, j=6:0.089
      i= 7 -> j=0:0.066, j=1:0.048, j=2:0.052, j=3:0.054, j=4:0.129, j=5:0.264, j=6:0.094, j=7:0.292
      i= 8 -> j=0:0.064, j=1:0.048, j=2:0.049, j=3:0.048, j=4:0.099, j=5:0.187, j=6:0.091, j=7:0.281, j=8:0.132
      i= 9 -> j=0:0.047, j=1:0.035, j=2:0.036, j=3:0.033, j=4:0.071, j=5:0.133, j=6:0.061, j=7:0.272, j=8:0.135, j=9:0.176
      i=10 -> j=0:0.034, j=1:0.028, j=2:0.030, j=3:0.027, j=4:0.055, j=5:0.086, j=6:0.039, j=7:0.172, j=8:0.107, j=9:0.174, j=10:0.248
      i=11 -> j=0:0.030, j=1:0.026, j=2:0.029, j=3:0.028, j=4:0.055, j=5:0.078, j=6:0.034, j=7:0.123, j=8:0.090, j=9:0.164, j=10:0.280, j=11:0.065
      i=12 -> j=0:0.032, j=1:0.028, j=2:0.031, j=3:0.033, j=4:0.062, j=5:0.083, j=6:0.035, j=7:0.097, j=8:0.072, j=9:0.125, j=10:0.233, j=11:0.083, j=12:0.085
      i=13 -> j=0:0.029, j=1:0.022, j=2:0.023, j=3:0.025, j=4:0.053, j=5:0.080, j=6:0.030, j=7:0.086, j=8:0.052, j=9:0.080, j=10:0.144, j=11:0.063, j=12:0.077, j=13:0.237
      i=14 -> j=0:0.025, j=1:0.019, j=2:0.018, j=3:0.020, j=4:0.041, j=5:0.065, j=6:0.027, j=7:0.078, j=8:0.044, j=9:0.060, j=10:0.099, j=11:0.050, j=12:0.069, j=13:0.254, j=14:0.130
      i=15 -> j=0:0.022, j=1:0.017, j=2:0.016, j=3:0.017, j=4:0.032, j=5:0.049, j=6:0.023, j=7:0.071, j=8:0.041, j=9:0.049, j=10:0.067, j=11:0.035, j=12:0.052, j=13:0.209, j=14:0.146, j=15:0.154
      i=16 -> j=0:0.024, j=1:0.019, j=2:0.018, j=3:0.018, j=4:0.032, j=5:0.045, j=6:0.022, j=7:0.065, j=8:0.042, j=9:0.050, j=10:0.062, j=11:0.030, j=12:0.040, j=13:0.129, j=14:0.110, j=15:0.135, j=16:0.161
      i=17 -> j=0:0.021, j=1:0.017, j=2:0.017, j=3:0.018, j=4:0.029, j=5:0.036, j=6:0.018, j=7:0.052, j=8:0.038, j=9:0.047, j=10:0.059, j=11:0.026, j=12:0.032, j=13:0.091, j=14:0.089, j=15:0.127, j=16:0.189, j=17:0.094
      i=18 -> j=0:0.020, j=1:0.016, j=2:0.016, j=3:0.017, j=4:0.029, j=5:0.036, j=6:0.016, j=7:0.046, j=8:0.033, j=9:0.044, j=10:0.059, j=11:0.026, j=12:0.030, j=13:0.072, j=14:0.064, j=15:0.090, j=16:0.160, j=17:0.099, j=18:0.126
      i=19 -> j=0:0.020, j=1:0.016, j=2:0.016, j=3:0.017, j=4:0.028, j=5:0.035, j=6:0.016, j=7:0.040, j=8:0.029, j=9:0.037, j=10:0.052, j=11:0.027, j=12:0.030, j=13:0.064, j=14:0.049, j=15:0.063, j=16:0.115, j=17:0.089, j=18:0.137, j=19:0.117
      i=20 -> j=0:0.019, j=1:0.014, j=2:0.014, j=3:0.015, j=4:0.025, j=5:0.033, j=6:0.014, j=7:0.038, j=8:0.025, j=9:0.030, j=10:0.043, j=11:0.023, j=12:0.028, j=13:0.064, j=14:0.044, j=15:0.048, j=16:0.084, j=17:0.069, j=18:0.125, j=19:0.133, j=20:0.112
      i=21 -> j=0:0.020, j=1:0.015, j=2:0.014, j=3:0.015, j=4:0.024, j=5:0.032, j=6:0.015, j=7:0.038, j=8:0.025, j=9:0.028, j=10:0.036, j=11:0.021, j=12:0.027, j=13:0.062, j=14:0.043, j=15:0.043, j=16:0.062, j=17:0.048, j=18:0.084, j=19:0.107, j=20:0.114, j=21:0.127
      i=22 -> j=0:0.020, j=1:0.016, j=2:0.015, j=3:0.016, j=4:0.024, j=5:0.030, j=6:0.015, j=7:0.037, j=8:0.025, j=9:0.027, j=10:0.033, j=11:0.019, j=12:0.024, j=13:0.055, j=14:0.042, j=15:0.042, j=16:0.057, j=17:0.039, j=18:0.059, j=19:0.076, j=20:0.092, j=21:0.121, j=22:0.117
      i=23 -> j=0:0.020, j=1:0.017, j=2:0.016, j=3:0.017, j=4:0.024, j=5:0.028, j=6:0.015, j=7:0.034, j=8:0.025, j=9:0.027, j=10:0.031, j=11:0.018, j=12:0.021, j=13:0.045, j=14:0.038, j=15:0.041, j=16:0.054, j=17:0.035, j=18:0.046, j=19:0.055, j=20:0.070, j=21:0.105, j=22:0.124, j=23:0.095
      i=24 -> j=0:0.019, j=1:0.016, j=2:0.015, j=3:0.016, j=4:0.023, j=5:0.027, j=6:0.014, j=7:0.031, j=8:0.023, j=9:0.025, j=10:0.030, j=11:0.016, j=12:0.019, j=13:0.037, j=14:0.033, j=15:0.037, j=16:0.053, j=17:0.034, j=18:0.041, j=19:0.043, j=20:0.050, j=21:0.079, j=22:0.113, j=23:0.104, j=24:0.101
      i=25 -> j=0:0.018, j=1:0.014, j=2:0.013, j=3:0.014, j=4:0.022, j=5:0.026, j=6:0.012, j=7:0.028, j=8:0.020, j=9:0.022, j=10:0.027, j=11:0.015, j=12:0.016, j=13:0.032, j=14:0.026, j=15:0.030, j=16:0.047, j=17:0.033, j=18:0.040, j=19:0.038, j=20:0.040, j=21:0.059, j=22:0.091, j=23:0.098, j=24:0.115, j=25:0.105
      i=26 -> j=0:0.018, j=1:0.014, j=2:0.013, j=3:0.014, j=4:0.021, j=5:0.026, j=6:0.013, j=7:0.028, j=8:0.019, j=9:0.021, j=10:0.026, j=11:0.015, j=12:0.017, j=13:0.031, j=14:0.023, j=15:0.025, j=16:0.038, j=17:0.029, j=18:0.037, j=19:0.036, j=20:0.034, j=21:0.042, j=22:0.058, j=23:0.065, j=24:0.087, j=25:0.101, j=26:0.150
      i=27 -> j=0:0.016, j=1:0.012, j=2:0.011, j=3:0.012, j=4:0.018, j=5:0.022, j=6:0.010, j=7:0.024, j=8:0.016, j=9:0.017, j=10:0.020, j=11:0.012, j=12:0.014, j=13:0.027, j=14:0.019, j=15:0.019, j=16:0.029, j=17:0.022, j=18:0.031, j=19:0.033, j=20:0.030, j=21:0.035, j=22:0.044, j=23:0.049, j=24:0.070, j=25:0.101, j=26:0.185, j=27:0.101
      i=28 -> j=0:0.015, j=1:0.011, j=2:0.010, j=3:0.011, j=4:0.016, j=5:0.020, j=6:0.009, j=7:0.024, j=8:0.015, j=9:0.016, j=10:0.018, j=11:0.010, j=12:0.012, j=13:0.025, j=14:0.018, j=15:0.017, j=16:0.024, j=17:0.018, j=18:0.025, j=19:0.029, j=20:0.029, j=21:0.034, j=22:0.039, j=23:0.037, j=24:0.047, j=25:0.073, j=26:0.154, j=27:0.112, j=28:0.132
      i=29 -> j=0:0.015, j=1:0.011, j=2:0.011, j=3:0.011, j=4:0.017, j=5:0.020, j=6:0.009, j=7:0.023, j=8:0.016, j=9:0.016, j=10:0.019, j=11:0.010, j=12:0.012, j=13:0.023, j=14:0.018, j=15:0.018, j=16:0.024, j=17:0.016, j=18:0.021, j=19:0.024, j=20:0.026, j=21:0.032, j=22:0.037, j=23:0.032, j=24:0.035, j=25:0.048, j=26:0.092, j=27:0.080, j=28:0.115, j=29:0.170
      i=30 -> j=0:0.016, j=1:0.012, j=2:0.012, j=3:0.012, j=4:0.017, j=5:0.019, j=6:0.010, j=7:0.022, j=8:0.016, j=9:0.016, j=10:0.018, j=11:0.010, j=12:0.012, j=13:0.021, j=14:0.017, j=15:0.017, j=16:0.023, j=17:0.015, j=18:0.018, j=19:0.020, j=20:0.022, j=21:0.029, j=22:0.036, j=23:0.032, j=24:0.032, j=25:0.038, j=26:0.064, j=27:0.063, j=28:0.104, j=29:0.187, j=30:0.072
      i=31 -> j=0:0.017, j=1:0.013, j=2:0.012, j=3:0.013, j=4:0.018, j=5:0.021, j=6:0.010, j=7:0.022, j=8:0.016, j=9:0.017, j=10:0.019, j=11:0.011, j=12:0.012, j=13:0.021, j=14:0.016, j=15:0.017, j=16:0.023, j=17:0.016, j=18:0.019, j=19:0.019, j=20:0.020, j=21:0.026, j=22:0.034, j=23:0.033, j=24:0.033, j=25:0.036, j=26:0.053, j=27:0.048, j=28:0.079, j=29:0.167, j=30:0.083, j=31:0.055
      i=32 -> j=0:0.018, j=1:0.014, j=2:0.013, j=3:0.013, j=4:0.019, j=5:0.023, j=6:0.011, j=7:0.023, j=8:0.016, j=9:0.017, j=10:0.020, j=11:0.012, j=12:0.013, j=13:0.021, j=14:0.016, j=15:0.016, j=16:0.023, j=17:0.017, j=18:0.019, j=19:0.019, j=20:0.018, j=21:0.023, j=22:0.030, j=23:0.031, j=24:0.034, j=25:0.036, j=26:0.048, j=27:0.036, j=28:0.051, j=29:0.114, j=30:0.077, j=31:0.066, j=32:0.094
      i=33 -> j=0:0.016, j=1:0.012, j=2:0.011, j=3:0.011, j=4:0.017, j=5:0.020, j=6:0.009, j=7:0.021, j=8:0.014, j=9:0.014, j=10:0.017, j=11:0.009, j=12:0.011, j=13:0.019, j=14:0.014, j=15:0.013, j=16:0.019, j=17:0.013, j=18:0.017, j=19:0.016, j=20:0.015, j=21:0.018, j=22:0.022, j=23:0.023, j=24:0.027, j=25:0.031, j=26:0.044, j=27:0.028, j=28:0.034, j=29:0.068, j=30:0.050, j=31:0.054, j=32:0.091, j=33:0.204
      i=34 -> j=0:0.018, j=1:0.014, j=2:0.014, j=3:0.013, j=4:0.019, j=5:0.021, j=6:0.012, j=7:0.023, j=8:0.016, j=9:0.016, j=10:0.018, j=11:0.011, j=12:0.013, j=13:0.021, j=14:0.016, j=15:0.015, j=16:0.019, j=17:0.015, j=18:0.017, j=19:0.018, j=20:0.017, j=21:0.019, j=22:0.021, j=23:0.022, j=24:0.024, j=25:0.029, j=26:0.041, j=27:0.029, j=28:0.031, j=29:0.049, j=30:0.037, j=31:0.043, j=32:0.071, j=33:0.164, j=34:0.075
      i=35 -> j=0:0.017, j=1:0.013, j=2:0.013, j=3:0.012, j=4:0.018, j=5:0.021, j=6:0.010, j=7:0.023, j=8:0.016, j=9:0.016, j=10:0.017, j=11:0.010, j=12:0.011, j=13:0.020, j=14:0.015, j=15:0.014, j=16:0.018, j=17:0.013, j=18:0.015, j=19:0.016, j=20:0.015, j=21:0.018, j=22:0.020, j=23:0.019, j=24:0.021, j=25:0.025, j=26:0.038, j=27:0.028, j=28:0.032, j=29:0.048, j=30:0.030, j=31:0.033, j=32:0.054, j=33:0.150, j=34:0.084, j=35:0.078
      i=36 -> j=0:0.018, j=1:0.015, j=2:0.014, j=3:0.014, j=4:0.020, j=5:0.022, j=6:0.012, j=7:0.023, j=8:0.017, j=9:0.017, j=10:0.019, j=11:0.011, j=12:0.013, j=13:0.020, j=14:0.016, j=15:0.016, j=16:0.020, j=17:0.014, j=18:0.016, j=19:0.016, j=20:0.016, j=21:0.019, j=22:0.021, j=23:0.019, j=24:0.019, j=25:0.022, j=26:0.032, j=27:0.026, j=28:0.030, j=29:0.043, j=30:0.026, j=31:0.025, j=32:0.036, j=33:0.083, j=34:0.065, j=35:0.074, j=36:0.108
      i=37 -> j=0:0.017, j=1:0.013, j=2:0.013, j=3:0.013, j=4:0.019, j=5:0.021, j=6:0.011, j=7:0.022, j=8:0.016, j=9:0.016, j=10:0.018, j=11:0.010, j=12:0.011, j=13:0.018, j=14:0.014, j=15:0.014, j=16:0.019, j=17:0.013, j=18:0.015, j=19:0.014, j=20:0.014, j=21:0.017, j=22:0.019, j=23:0.018, j=24:0.018, j=25:0.019, j=26:0.027, j=27:0.022, j=28:0.027, j=29:0.044, j=30:0.026, j=31:0.022, j=32:0.029, j=33:0.062, j=34:0.053, j=35:0.071, j=36:0.125, j=37:0.081
      i=38 -> j=0:0.017, j=1:0.013, j=2:0.012, j=3:0.013, j=4:0.018, j=5:0.022, j=6:0.011, j=7:0.021, j=8:0.015, j=9:0.016, j=10:0.018, j=11:0.010, j=12:0.011, j=13:0.018, j=14:0.013, j=15:0.013, j=16:0.017, j=17:0.013, j=18:0.014, j=19:0.013, j=20:0.012, j=21:0.015, j=22:0.017, j=23:0.017, j=24:0.017, j=25:0.017, j=26:0.023, j=27:0.017, j=28:0.022, j=29:0.038, j=30:0.025, j=31:0.021, j=32:0.025, j=33:0.045, j=34:0.038, j=35:0.055, j=36:0.111, j=37:0.090, j=38:0.098
      i=39 -> j=0:0.016, j=1:0.012, j=2:0.012, j=3:0.012, j=4:0.018, j=5:0.021, j=6:0.011, j=7:0.022, j=8:0.015, j=9:0.015, j=10:0.017, j=11:0.010, j=12:0.011, j=13:0.018, j=14:0.013, j=15:0.013, j=16:0.017, j=17:0.012, j=18:0.014, j=19:0.013, j=20:0.012, j=21:0.014, j=22:0.016, j=23:0.016, j=24:0.016, j=25:0.017, j=26:0.022, j=27:0.015, j=28:0.018, j=29:0.031, j=30:0.022, j=31:0.020, j=32:0.024, j=33:0.040, j=34:0.030, j=35:0.038, j=36:0.074, j=37:0.070, j=38:0.094, j=39:0.121
      i=40 -> j=0:0.016, j=1:0.012, j=2:0.011, j=3:0.011, j=4:0.017, j=5:0.020, j=6:0.010, j=7:0.021, j=8:0.014, j=9:0.014, j=10:0.016, j=11:0.009, j=12:0.010, j=13:0.017, j=14:0.012, j=15:0.011, j=16:0.014, j=17:0.010, j=18:0.012, j=19:0.012, j=20:0.011, j=21:0.012, j=22:0.014, j=23:0.013, j=24:0.014, j=25:0.015, j=26:0.020, j=27:0.013, j=28:0.014, j=29:0.024, j=30:0.018, j=31:0.018, j=32:0.023, j=33:0.039, j=34:0.026, j=35:0.030, j=36:0.055, j=37:0.057, j=38:0.095, j=39:0.153, j=40:0.067
      i=41 -> j=0:0.017, j=1:0.013, j=2:0.013, j=3:0.013, j=4:0.018, j=5:0.021, j=6:0.011, j=7:0.022, j=8:0.016, j=9:0.016, j=10:0.017, j=11:0.010, j=12:0.011, j=13:0.018, j=14:0.014, j=15:0.013, j=16:0.016, j=17:0.012, j=18:0.013, j=19:0.013, j=20:0.012, j=21:0.014, j=22:0.015, j=23:0.014, j=24:0.014, j=25:0.015, j=26:0.020, j=27:0.015, j=28:0.015, j=29:0.022, j=30:0.016, j=31:0.017, j=32:0.022, j=33:0.038, j=34:0.026, j=35:0.027, j=36:0.039, j=37:0.036, j=38:0.058, j=39:0.102, j=40:0.065, j=41:0.103
      i=42 -> j=0:0.016, j=1:0.013, j=2:0.013, j=3:0.012, j=4:0.018, j=5:0.021, j=6:0.011, j=7:0.022, j=8:0.016, j=9:0.016, j=10:0.017, j=11:0.010, j=12:0.011, j=13:0.018, j=14:0.014, j=15:0.013, j=16:0.016, j=17:0.011, j=18:0.013, j=19:0.013, j=20:0.012, j=21:0.013, j=22:0.015, j=23:0.013, j=24:0.013, j=25:0.014, j=26:0.019, j=27:0.014, j=28:0.015, j=29:0.021, j=30:0.014, j=31:0.014, j=32:0.019, j=33:0.034, j=34:0.026, j=35:0.027, j=36:0.037, j=37:0.031, j=38:0.045, j=39:0.081, j=40:0.061, j=41:0.113, j=42:0.056
      i=43 -> j=0:0.016, j=1:0.012, j=2:0.012, j=3:0.012, j=4:0.018, j=5:0.021, j=6:0.010, j=7:0.022, j=8:0.015, j=9:0.016, j=10:0.018, j=11:0.010, j=12:0.010, j=13:0.018, j=14:0.013, j=15:0.013, j=16:0.016, j=17:0.011, j=18:0.012, j=19:0.012, j=20:0.011, j=21:0.013, j=22:0.015, j=23:0.013, j=24:0.013, j=25:0.013, j=26:0.018, j=27:0.013, j=28:0.014, j=29:0.022, j=30:0.013, j=31:0.013, j=32:0.016, j=33:0.030, j=34:0.024, j=35:0.027, j=36:0.039, j=37:0.029, j=38:0.037, j=39:0.063, j=40:0.047, j=41:0.102, j=42:0.061, j=43:0.066
      i=44 -> j=0:0.017, j=1:0.013, j=2:0.013, j=3:0.013, j=4:0.019, j=5:0.022, j=6:0.011, j=7:0.022, j=8:0.016, j=9:0.017, j=10:0.019, j=11:0.011, j=12:0.012, j=13:0.018, j=14:0.014, j=15:0.013, j=16:0.017, j=17:0.012, j=18:0.013, j=19:0.012, j=20:0.011, j=21:0.013, j=22:0.015, j=23:0.014, j=24:0.013, j=25:0.013, j=26:0.016, j=27:0.012, j=28:0.013, j=29:0.020, j=30:0.013, j=31:0.012, j=32:0.014, j=33:0.023, j=34:0.021, j=35:0.025, j=36:0.037, j=37:0.028, j=38:0.032, j=39:0.046, j=40:0.034, j=41:0.076, j=42:0.064, j=43:0.085, j=44:0.045
      i=45 -> j=0:0.018, j=1:0.014, j=2:0.014, j=3:0.013, j=4:0.019, j=5:0.023, j=6:0.012, j=7:0.023, j=8:0.017, j=9:0.017, j=10:0.019, j=11:0.012, j=12:0.013, j=13:0.020, j=14:0.015, j=15:0.014, j=16:0.017, j=17:0.013, j=18:0.014, j=19:0.014, j=20:0.012, j=21:0.013, j=22:0.015, j=23:0.014, j=24:0.014, j=25:0.014, j=26:0.017, j=27:0.013, j=28:0.013, j=29:0.020, j=30:0.014, j=31:0.013, j=32:0.014, j=33:0.021, j=34:0.019, j=35:0.023, j=36:0.034, j=37:0.029, j=38:0.032, j=39:0.041, j=40:0.026, j=41:0.050, j=42:0.048, j=43:0.072, j=44:0.048, j=45:0.045
      i=46 -> j=0:0.018, j=1:0.014, j=2:0.014, j=3:0.013, j=4:0.019, j=5:0.023, j=6:0.012, j=7:0.024, j=8:0.017, j=9:0.017, j=10:0.019, j=11:0.012, j=12:0.013, j=13:0.020, j=14:0.015, j=15:0.014, j=16:0.017, j=17:0.013, j=18:0.014, j=19:0.014, j=20:0.012, j=21:0.013, j=22:0.014, j=23:0.014, j=24:0.014, j=25:0.014, j=26:0.017, j=27:0.012, j=28:0.012, j=29:0.018, j=30:0.013, j=31:0.012, j=32:0.014, j=33:0.020, j=34:0.017, j=35:0.020, j=36:0.030, j=37:0.027, j=38:0.032, j=39:0.042, j=40:0.024, j=41:0.041, j=42:0.038, j=43:0.062, j=44:0.049, j=45:0.053, j=46:0.043
      i=47 -> j=0:0.018, j=1:0.014, j=2:0.014, j=3:0.013, j=4:0.019, j=5:0.023, j=6:0.012, j=7:0.025, j=8:0.017, j=9:0.018, j=10:0.019, j=11:0.011, j=12:0.012, j=13:0.020, j=14:0.015, j=15:0.014, j=16:0.017, j=17:0.012, j=18:0.014, j=19:0.014, j=20:0.012, j=21:0.013, j=22:0.014, j=23:0.013, j=24:0.013, j=25:0.014, j=26:0.017, j=27:0.012, j=28:0.012, j=29:0.018, j=30:0.012, j=31:0.012, j=32:0.014, j=33:0.020, j=34:0.016, j=35:0.017, j=36:0.026, j=37:0.023, j=38:0.030, j=39:0.042, j=40:0.024, j=41:0.037, j=42:0.030, j=43:0.047, j=44:0.040, j=45:0.050, j=46:0.050, j=47:0.049
      i=48 -> j=0:0.017, j=1:0.014, j=2:0.013, j=3:0.013, j=4:0.019, j=5:0.022, j=6:0.012, j=7:0.023, j=8:0.016, j=9:0.017, j=10:0.019, j=11:0.011, j=12:0.012, j=13:0.020, j=14:0.015, j=15:0.015, j=16:0.018, j=17:0.012, j=18:0.014, j=19:0.013, j=20:0.012, j=21:0.014, j=22:0.014, j=23:0.013, j=24:0.013, j=25:0.013, j=26:0.017, j=27:0.012, j=28:0.013, j=29:0.017, j=30:0.012, j=31:0.011, j=32:0.013, j=33:0.020, j=34:0.016, j=35:0.016, j=36:0.022, j=37:0.019, j=38:0.024, j=39:0.034, j=40:0.022, j=41:0.033, j=42:0.024, j=43:0.031, j=44:0.025, j=45:0.033, j=46:0.041, j=47:0.048, j=48:0.104
      i=49 -> j=0:0.016, j=1:0.013, j=2:0.013, j=3:0.012, j=4:0.018, j=5:0.021, j=6:0.011, j=7:0.022, j=8:0.016, j=9:0.017, j=10:0.018, j=11:0.011, j=12:0.012, j=13:0.018, j=14:0.014, j=15:0.014, j=16:0.017, j=17:0.012, j=18:0.013, j=19:0.013, j=20:0.012, j=21:0.013, j=22:0.014, j=23:0.013, j=24:0.012, j=25:0.012, j=26:0.015, j=27:0.011, j=28:0.012, j=29:0.016, j=30:0.011, j=31:0.010, j=32:0.011, j=33:0.017, j=34:0.015, j=35:0.015, j=36:0.019, j=37:0.016, j=38:0.019, j=39:0.027, j=40:0.019, j=41:0.030, j=42:0.022, j=43:0.027, j=44:0.019, j=45:0.024, j=46:0.032, j=47:0.044, j=48:0.107, j=49:0.087
      i=50 -> j=0:0.015, j=1:0.012, j=2:0.012, j=3:0.011, j=4:0.017, j=5:0.021, j=6:0.010, j=7:0.021, j=8:0.014, j=9:0.016, j=10:0.018, j=11:0.010, j=12:0.011, j=13:0.018, j=14:0.013, j=15:0.013, j=16:0.016, j=17:0.011, j=18:0.012, j=19:0.012, j=20:0.010, j=21:0.012, j=22:0.013, j=23:0.012, j=24:0.011, j=25:0.011, j=26:0.014, j=27:0.010, j=28:0.010, j=29:0.015, j=30:0.009, j=31:0.008, j=32:0.009, j=33:0.014, j=34:0.012, j=35:0.013, j=36:0.018, j=37:0.014, j=38:0.016, j=39:0.022, j=40:0.015, j=41:0.027, j=42:0.021, j=43:0.026, j=44:0.017, j=45:0.020, j=46:0.026, j=47:0.039, j=48:0.109, j=49:0.106, j=50:0.057
      i=51 -> j=0:0.015, j=1:0.012, j=2:0.012, j=3:0.011, j=4:0.017, j=5:0.020, j=6:0.011, j=7:0.020, j=8:0.014, j=9:0.015, j=10:0.017, j=11:0.010, j=12:0.011, j=13:0.017, j=14:0.013, j=15:0.013, j=16:0.016, j=17:0.012, j=18:0.013, j=19:0.012, j=20:0.011, j=21:0.012, j=22:0.013, j=23:0.012, j=24:0.012, j=25:0.012, j=26:0.014, j=27:0.010, j=28:0.010, j=29:0.015, j=30:0.010, j=31:0.009, j=32:0.010, j=33:0.014, j=34:0.012, j=35:0.013, j=36:0.018, j=37:0.014, j=38:0.015, j=39:0.019, j=40:0.013, j=41:0.021, j=42:0.018, j=43:0.024, j=44:0.016, j=45:0.016, j=46:0.018, j=47:0.023, j=48:0.055, j=49:0.066, j=50:0.053, j=51:0.144
      i=52 -> j=0:0.015, j=1:0.012, j=2:0.012, j=3:0.011, j=4:0.016, j=5:0.019, j=6:0.011, j=7:0.020, j=8:0.014, j=9:0.015, j=10:0.016, j=11:0.010, j=12:0.011, j=13:0.017, j=14:0.013, j=15:0.013, j=16:0.015, j=17:0.011, j=18:0.013, j=19:0.012, j=20:0.011, j=21:0.012, j=22:0.012, j=23:0.011, j=24:0.011, j=25:0.011, j=26:0.013, j=27:0.010, j=28:0.010, j=29:0.013, j=30:0.010, j=31:0.009, j=32:0.010, j=33:0.013, j=34:0.011, j=35:0.011, j=36:0.015, j=37:0.013, j=38:0.014, j=39:0.017, j=40:0.011, j=41:0.017, j=42:0.015, j=43:0.021, j=44:0.015, j=45:0.016, j=46:0.015, j=47:0.018, j=48:0.037, j=49:0.046, j=50:0.047, j=51:0.141, j=52:0.089
      i=53 -> j=0:0.013, j=1:0.010, j=2:0.010, j=3:0.009, j=4:0.014, j=5:0.018, j=6:0.009, j=7:0.018, j=8:0.013, j=9:0.013, j=10:0.015, j=11:0.008, j=12:0.009, j=13:0.016, j=14:0.012, j=15:0.011, j=16:0.014, j=17:0.010, j=18:0.011, j=19:0.011, j=20:0.010, j=21:0.011, j=22:0.011, j=23:0.010, j=24:0.010, j=25:0.010, j=26:0.013, j=27:0.009, j=28:0.009, j=29:0.012, j=30:0.008, j=31:0.008, j=32:0.009, j=33:0.012, j=34:0.010, j=35:0.010, j=36:0.014, j=37:0.011, j=38:0.013, j=39:0.017, j=40:0.010, j=41:0.015, j=42:0.012, j=43:0.017, j=44:0.013, j=45:0.014, j=46:0.014, j=47:0.016, j=48:0.030, j=49:0.033, j=50:0.035, j=51:0.119, j=52:0.092, j=53:0.118
      i=54 -> j=0:0.012, j=1:0.009, j=2:0.009, j=3:0.009, j=4:0.014, j=5:0.017, j=6:0.008, j=7:0.018, j=8:0.012, j=9:0.013, j=10:0.014, j=11:0.008, j=12:0.008, j=13:0.015, j=14:0.011, j=15:0.011, j=16:0.013, j=17:0.009, j=18:0.010, j=19:0.010, j=20:0.009, j=21:0.010, j=22:0.010, j=23:0.009, j=24:0.009, j=25:0.009, j=26:0.012, j=27:0.008, j=28:0.008, j=29:0.011, j=30:0.007, j=31:0.006, j=32:0.007, j=33:0.011, j=34:0.009, j=35:0.009, j=36:0.012, j=37:0.009, j=38:0.011, j=39:0.015, j=40:0.008, j=41:0.013, j=42:0.010, j=43:0.013, j=44:0.010, j=45:0.012, j=46:0.013, j=47:0.014, j=48:0.027, j=49:0.026, j=50:0.026, j=51:0.095, j=52:0.089, j=53:0.151, j=54:0.074
      i=55 -> j=0:0.012, j=1:0.009, j=2:0.009, j=3:0.009, j=4:0.014, j=5:0.017, j=6:0.008, j=7:0.017, j=8:0.012, j=9:0.013, j=10:0.015, j=11:0.008, j=12:0.008, j=13:0.015, j=14:0.011, j=15:0.011, j=16:0.013, j=17:0.009, j=18:0.010, j=19:0.010, j=20:0.009, j=21:0.010, j=22:0.011, j=23:0.010, j=24:0.009, j=25:0.009, j=26:0.011, j=27:0.008, j=28:0.008, j=29:0.011, j=30:0.007, j=31:0.006, j=32:0.007, j=33:0.011, j=34:0.009, j=35:0.009, j=36:0.012, j=37:0.009, j=38:0.010, j=39:0.014, j=40:0.008, j=41:0.013, j=42:0.009, j=43:0.012, j=44:0.009, j=45:0.011, j=46:0.012, j=47:0.014, j=48:0.027, j=49:0.023, j=50:0.019, j=51:0.057, j=52:0.057, j=53:0.118, j=54:0.080, j=55:0.112
      i=56 -> j=0:0.015, j=1:0.012, j=2:0.012, j=3:0.012, j=4:0.016, j=5:0.019, j=6:0.011, j=7:0.019, j=8:0.014, j=9:0.015, j=10:0.017, j=11:0.011, j=12:0.011, j=13:0.016, j=14:0.013, j=15:0.013, j=16:0.016, j=17:0.012, j=18:0.013, j=19:0.012, j=20:0.011, j=21:0.012, j=22:0.013, j=23:0.012, j=24:0.012, j=25:0.011, j=26:0.013, j=27:0.010, j=28:0.011, j=29:0.013, j=30:0.009, j=31:0.008, j=32:0.009, j=33:0.012, j=34:0.011, j=35:0.011, j=36:0.013, j=37:0.011, j=38:0.011, j=39:0.014, j=40:0.010, j=41:0.014, j=42:0.011, j=43:0.013, j=44:0.010, j=45:0.011, j=46:0.012, j=47:0.015, j=48:0.025, j=49:0.023, j=50:0.018, j=51:0.035, j=52:0.033, j=53:0.060, j=54:0.056, j=55:0.090, j=56:0.058
      i=57 -> j=0:0.014, j=1:0.011, j=2:0.011, j=3:0.011, j=4:0.016, j=5:0.019, j=6:0.010, j=7:0.019, j=8:0.013, j=9:0.014, j=10:0.016, j=11:0.010, j=12:0.011, j=13:0.016, j=14:0.013, j=15:0.013, j=16:0.015, j=17:0.011, j=18:0.012, j=19:0.012, j=20:0.011, j=21:0.012, j=22:0.013, j=23:0.012, j=24:0.011, j=25:0.011, j=26:0.013, j=27:0.010, j=28:0.010, j=29:0.013, j=30:0.009, j=31:0.008, j=32:0.009, j=33:0.011, j=34:0.010, j=35:0.010, j=36:0.013, j=37:0.010, j=38:0.010, j=39:0.013, j=40:0.009, j=41:0.013, j=42:0.010, j=43:0.012, j=44:0.009, j=45:0.010, j=46:0.010, j=47:0.013, j=48:0.024, j=49:0.023, j=50:0.018, j=51:0.037, j=52:0.029, j=53:0.050, j=54:0.047, j=55:0.091, j=56:0.068, j=57:0.040
      i=58 -> j=0:0.011, j=1:0.008, j=2:0.008, j=3:0.008, j=4:0.013, j=5:0.016, j=6:0.007, j=7:0.017, j=8:0.011, j=9:0.011, j=10:0.013, j=11:0.007, j=12:0.008, j=13:0.014, j=14:0.010, j=15:0.010, j=16:0.012, j=17:0.008, j=18:0.010, j=19:0.009, j=20:0.008, j=21:0.009, j=22:0.010, j=23:0.009, j=24:0.009, j=25:0.009, j=26:0.011, j=27:0.007, j=28:0.008, j=29:0.011, j=30:0.007, j=31:0.006, j=32:0.007, j=33:0.010, j=34:0.008, j=35:0.008, j=36:0.011, j=37:0.008, j=38:0.009, j=39:0.011, j=40:0.006, j=41:0.010, j=42:0.008, j=43:0.010, j=44:0.007, j=45:0.007, j=46:0.007, j=47:0.009, j=48:0.018, j=49:0.019, j=50:0.015, j=51:0.037, j=52:0.024, j=53:0.036, j=54:0.028, j=55:0.058, j=56:0.054, j=57:0.039, j=58:0.220
      i=59 -> j=0:0.012, j=1:0.009, j=2:0.009, j=3:0.009, j=4:0.013, j=5:0.016, j=6:0.008, j=7:0.017, j=8:0.011, j=9:0.012, j=10:0.014, j=11:0.008, j=12:0.009, j=13:0.015, j=14:0.011, j=15:0.011, j=16:0.013, j=17:0.009, j=18:0.010, j=19:0.010, j=20:0.009, j=21:0.010, j=22:0.011, j=23:0.010, j=24:0.010, j=25:0.010, j=26:0.012, j=27:0.008, j=28:0.009, j=29:0.011, j=30:0.008, j=31:0.007, j=32:0.008, j=33:0.011, j=34:0.008, j=35:0.008, j=36:0.011, j=37:0.009, j=38:0.010, j=39:0.012, j=40:0.007, j=41:0.010, j=42:0.008, j=43:0.010, j=44:0.007, j=45:0.008, j=46:0.008, j=47:0.009, j=48:0.015, j=49:0.016, j=50:0.014, j=51:0.033, j=52:0.023, j=53:0.030, j=54:0.021, j=55:0.036, j=56:0.036, j=57:0.032, j=58:0.165, j=59:0.094
      i=60 -> j=0:0.013, j=1:0.010, j=2:0.010, j=3:0.009, j=4:0.014, j=5:0.016, j=6:0.009, j=7:0.017, j=8:0.012, j=9:0.013, j=10:0.014, j=11:0.008, j=12:0.009, j=13:0.015, j=14:0.012, j=15:0.011, j=16:0.013, j=17:0.010, j=18:0.011, j=19:0.010, j=20:0.010, j=21:0.011, j=22:0.011, j=23:0.010, j=24:0.010, j=25:0.010, j=26:0.012, j=27:0.009, j=28:0.009, j=29:0.011, j=30:0.008, j=31:0.007, j=32:0.008, j=33:0.010, j=34:0.008, j=35:0.008, j=36:0.010, j=37:0.008, j=38:0.009, j=39:0.011, j=40:0.007, j=41:0.009, j=42:0.007, j=43:0.009, j=44:0.007, j=45:0.007, j=46:0.007, j=47:0.008, j=48:0.012, j=49:0.012, j=50:0.012, j=51:0.027, j=52:0.022, j=53:0.028, j=54:0.018, j=55:0.026, j=56:0.027, j=57:0.027, j=58:0.147, j=59:0.117, j=60:0.038
      i=61 -> j=0:0.012, j=1:0.009, j=2:0.010, j=3:0.009, j=4:0.014, j=5:0.017, j=6:0.008, j=7:0.017, j=8:0.012, j=9:0.013, j=10:0.015, j=11:0.008, j=12:0.009, j=13:0.015, j=14:0.011, j=15:0.011, j=16:0.014, j=17:0.009, j=18:0.010, j=19:0.010, j=20:0.009, j=21:0.010, j=22:0.011, j=23:0.010, j=24:0.010, j=25:0.010, j=26:0.012, j=27:0.009, j=28:0.009, j=29:0.012, j=30:0.007, j=31:0.006, j=32:0.007, j=33:0.010, j=34:0.008, j=35:0.008, j=36:0.010, j=37:0.008, j=38:0.008, j=39:0.011, j=40:0.007, j=41:0.009, j=42:0.007, j=43:0.008, j=44:0.006, j=45:0.007, j=46:0.007, j=47:0.007, j=48:0.013, j=49:0.011, j=50:0.010, j=51:0.025, j=52:0.021, j=53:0.030, j=54:0.019, j=55:0.026, j=56:0.022, j=57:0.021, j=58:0.110, j=59:0.117, j=60:0.044, j=61:0.052
      i=62 -> j=0:0.013, j=1:0.011, j=2:0.011, j=3:0.010, j=4:0.015, j=5:0.018, j=6:0.010, j=7:0.018, j=8:0.013, j=9:0.014, j=10:0.016, j=11:0.009, j=12:0.010, j=13:0.016, j=14:0.012, j=15:0.012, j=16:0.015, j=17:0.011, j=18:0.012, j=19:0.011, j=20:0.011, j=21:0.012, j=22:0.012, j=23:0.011, j=24:0.011, j=25:0.011, j=26:0.013, j=27:0.010, j=28:0.010, j=29:0.013, j=30:0.009, j=31:0.008, j=32:0.009, j=33:0.012, j=34:0.010, j=35:0.009, j=36:0.012, j=37:0.009, j=38:0.009, j=39:0.012, j=40:0.008, j=41:0.011, j=42:0.008, j=43:0.009, j=44:0.007, j=45:0.008, j=46:0.008, j=47:0.009, j=48:0.013, j=49:0.012, j=50:0.010, j=51:0.020, j=52:0.018, j=53:0.026, j=54:0.019, j=55:0.025, j=56:0.020, j=57:0.016, j=58:0.056, j=59:0.068, j=60:0.037, j=61:0.053, j=62:0.070
      i=63 -> j=0:0.013, j=1:0.010, j=2:0.010, j=3:0.010, j=4:0.014, j=5:0.018, j=6:0.009, j=7:0.018, j=8:0.012, j=9:0.013, j=10:0.015, j=11:0.009, j=12:0.010, j=13:0.016, j=14:0.012, j=15:0.012, j=16:0.014, j=17:0.010, j=18:0.012, j=19:0.011, j=20:0.010, j=21:0.011, j=22:0.012, j=23:0.011, j=24:0.011, j=25:0.011, j=26:0.013, j=27:0.009, j=28:0.010, j=29:0.013, j=30:0.009, j=31:0.008, j=32:0.008, j=33:0.011, j=34:0.009, j=35:0.009, j=36:0.012, j=37:0.009, j=38:0.009, j=39:0.011, j=40:0.007, j=41:0.010, j=42:0.008, j=43:0.009, j=44:0.006, j=45:0.007, j=46:0.007, j=47:0.008, j=48:0.013, j=49:0.012, j=50:0.009, j=51:0.018, j=52:0.015, j=53:0.022, j=54:0.017, j=55:0.025, j=56:0.020, j=57:0.015, j=58:0.044, j=59:0.049, j=60:0.028, j=61:0.046, j=62:0.074, j=63:0.078
    Average attention per distance:
      d=0:0.138, d=1:0.135, d=2:0.112, d=3:0.078, d=4:0.054, d=5:0.040, d=6:0.035, d=7:0.035
      d=8:0.034, d=9:0.030, d=10:0.025, d=11:0.021, d=12:0.019, d=13:0.018, d=14:0.017, d=15:0.017
      d=16:0.016, d=17:0.015, d=18:0.014, d=19:0.014, d=20:0.014, d=21:0.014, d=22:0.014, d=23:0.013
      d=24:0.013, d=25:0.012, d=26:0.013, d=27:0.013, d=28:0.013, d=29:0.013, d=30:0.013, d=31:0.013
      d=32:0.013, d=33:0.014, d=34:0.014, d=35:0.014, d=36:0.013, d=37:0.013, d=38:0.014, d=39:0.014
      d=40:0.014, d=41:0.014, d=42:0.014, d=43:0.013, d=44:0.014, d=45:0.014, d=46:0.014, d=47:0.013
      d=48:0.013, d=49:0.013, d=50:0.013, d=51:0.013, d=52:0.013, d=53:0.013, d=54:0.013, d=55:0.012
      d=56:0.013, d=57:0.012, d=58:0.012, d=59:0.011, d=60:0.011, d=61:0.011, d=62:0.012, d=63:0.013


======================================================================
QK Property Verification (Raw Scores, before Softmax)
======================================================================
Recurrence order init_len=2, num test sequences=1

--- [P1] Long-distance Orthogonality Verification ---
Ideal: raw_score mean ≈ 0 and small std when d > init_len

  Layer 0, Head 0:
    d= 1 (effective): mean= 10.965, std= 0.350, n=63
    d= 2 (effective): mean=  8.947, std= 0.306, n=62
    d>2 (long-distance): mean= -0.459, std= 1.569, n=1891

  Layer 1, Head 0:
    d= 1 (effective): mean=  6.000, std= 1.376, n=63
    d= 2 (effective): mean=  3.988, std= 1.014, n=62
    d>2 (long-distance): mean= -2.993, std= 1.742, n=1891

  Layer 2, Head 0:
    d= 1 (effective): mean=  2.784, std= 1.162, n=63
    d= 2 (effective): mean=  2.376, std= 1.002, n=62
    d>2 (long-distance): mean= -0.033, std= 0.669, n=1891

  Layer 3, Head 0:
    d= 1 (effective): mean=  1.388, std= 0.454, n=63
    d= 2 (effective): mean=  1.260, std= 0.428, n=62
    d>2 (long-distance): mean= -0.219, std= 0.439, n=1891

--- [P2] Time-homogeneous Verification ---
Ideal: CV of raw_score across positions i ≈ 0 for fixed distance d
(CV = std / |mean|, smaller = more constant)

  Layer 0, Head 0:
    d= 1: mean= 10.965, std= 0.350, CV=0.032, n=63
    d= 2: mean=  8.947, std= 0.306, CV=0.034, n=62

  Layer 1, Head 0:
    d= 1: mean=  6.000, std= 1.376, CV=0.229, n=63
    d= 2: mean=  3.988, std= 1.014, CV=0.254, n=62

  Layer 2, Head 0:
    d= 1: mean=  2.784, std= 1.162, CV=0.418, n=63
    d= 2: mean=  2.376, std= 1.002, CV=0.422, n=62

  Layer 3, Head 0:
    d= 1: mean=  1.388, std= 0.454, CV=0.327, n=63
    d= 2: mean=  1.260, std= 0.428, CV=0.340, n=62

======================================================================
QK Property Verification Completed
======================================================================
