=== Experiment: mixed_basic_d256l1_r16_t16_c0.5 ===
Time: 2026-06-17T16:09:07.471293
Task type: mixed_ab
Merged config: {
  "P": 53,
  "TASK": "mixed_ab",
  "NUM_MASK": 2,
  "A": 1,
  "B": 1,
  "AB_PAIRS": [
    [
      1,
      1
    ],
    [
      1,
      2
    ]
  ],
  "D_MODEL": 256,
  "N_HEAD": 1,
  "N_LAYER": 1,
  "BATCH_SIZE": 128,
  "EPOCHS": 10000,
  "LR": 0.0003,
  "SAVE_PATH": "models/mixed_basic_d256l1_r16_t16_c0.5.pth",
  "USE_GREEDY_GENERATE": true,
  "USE_LEARNABLE_PE": false,
  "MLP_RATIO": 16,
  "TRAIN_LEN": 16,
  "OOD_LEN": 32,
  "DROPOUT": 0.0,
  "TARGET_INIT_COVERAGE": 0.5,
  "MAX_UNIQUE_RATIO": 0.5,
  "WEIGHT_DECAY": 1,
  "ENTROPY_PENALTY_WEIGHT": 0.0,
  "FIRST_TASK_WEIGHT": 1.0,
  "RANDOM_SEED": 42,
  "EVAL_INTERVAL": 20,
  "EARLY_STOP_NO_IMPROVE": 2000,
  "EARLY_STOP_ACCURACY": 0.99,
  "USE_AB_TAG": false,
  "USE_CONDITIONAL_WTE": false,
  "COND_WTE_SHARED_RATIO": 0.0
}
--- output ---
Using device: cuda

[Dataset] Mixed mode: generated 2810 + 2808 samples, length 16
AB parameter pairs: [(1, 1), (1, 2)]
--------------------------------------------------
[Model config] block_size: 32, train length: 16
[Number theory] AB parameter pairs: [(1, 1), (1, 2)]


Model parameters: 2.41M

Start training...
Epoch   0 | Train: Loss=4.1750 Acc=6.2% | Test: Acc=0.3% | Best=0.3%(@0)
  from x3: 0.01 0.00 0.00 0.00 0.00 0.00 0.00 0.00 0.00 0.00 0.00 0.00 0.00
  per-rule acc: 0.00 0.00
Epoch  20 | Train: Loss=0.1682 Acc=98.5% | Test: Acc=1.6% | Best=1.6%(@20)
  from x3: 0.02 0.02 0.02 0.02 0.02 0.02 0.02 0.01 0.01 0.01 0.01 0.02 0.01
  per-rule acc: 0.01 0.02
Epoch  40 | Train: Loss=0.0899 Acc=98.7% | Test: Acc=1.6% | Best=1.6%(@40)
  from x3: 0.03 0.02 0.02 0.02 0.02 0.02 0.02 0.01 0.01 0.01 0.01 0.01 0.01
  per-rule acc: 0.01 0.02
Epoch  60 | Train: Loss=0.0613 Acc=99.1% | Test: Acc=1.7% | Best=1.7%(@60)
  from x3: 0.03 0.02 0.02 0.02 0.02 0.02 0.02 0.02 0.02 0.02 0.02 0.02 0.02
  per-rule acc: 0.01 0.02
Epoch  80 | Train: Loss=0.0420 Acc=99.4% | Test: Acc=1.9% | Best=1.9%(@80)
  from x3: 0.03 0.02 0.02 0.02 0.02 0.02 0.02 0.02 0.02 0.02 0.02 0.02 0.02
  per-rule acc: 0.02 0.02
Epoch 100 | Train: Loss=0.0321 Acc=99.5% | Test: Acc=2.2% | Best=2.2%(@100)
  from x3: 0.03 0.03 0.02 0.02 0.02 0.02 0.02 0.02 0.02 0.02 0.02 0.02 0.02
  per-rule acc: 0.02 0.02
Epoch 120 | Train: Loss=0.0308 Acc=99.6% | Test: Acc=2.1% | Best=2.2%(@100)
  from x3: 0.03 0.02 0.02 0.02 0.02 0.02 0.02 0.02 0.02 0.02 0.02 0.02 0.02
  per-rule acc: 0.02 0.02
Epoch 140 | Train: Loss=0.0319 Acc=99.8% | Test: Acc=2.1% | Best=2.2%(@100)
  from x3: 0.02 0.02 0.02 0.02 0.02 0.02 0.02 0.02 0.02 0.02 0.02 0.02 0.02
  per-rule acc: 0.02 0.02
Epoch 160 | Train: Loss=0.0317 Acc=99.8% | Test: Acc=2.1% | Best=2.2%(@100)
  from x3: 0.02 0.02 0.02 0.02 0.02 0.02 0.02 0.02 0.02 0.02 0.02 0.02 0.02
  per-rule acc: 0.02 0.02
Epoch 180 | Train: Loss=0.0206 Acc=99.7% | Test: Acc=2.4% | Best=2.4%(@180)
  from x3: 0.03 0.03 0.02 0.02 0.02 0.02 0.02 0.02 0.02 0.02 0.02 0.02 0.02
  per-rule acc: 0.02 0.03
Epoch 200 | Train: Loss=0.0217 Acc=99.7% | Test: Acc=2.2% | Best=2.4%(@180)
  from x3: 0.02 0.02 0.02 0.02 0.02 0.02 0.02 0.02 0.02 0.02 0.02 0.02 0.02
  per-rule acc: 0.02 0.03
Epoch 220 | Train: Loss=0.0315 Acc=99.8% | Test: Acc=2.3% | Best=2.4%(@180)
  from x3: 0.03 0.02 0.02 0.02 0.02 0.02 0.02 0.02 0.02 0.02 0.02 0.02 0.02
  per-rule acc: 0.02 0.03
Epoch 240 | Train: Loss=0.0122 Acc=99.8% | Test: Acc=2.4% | Best=2.4%(@240)
  from x3: 0.03 0.02 0.02 0.02 0.02 0.02 0.02 0.02 0.02 0.02 0.02 0.02 0.02
  per-rule acc: 0.02 0.02
Epoch 260 | Train: Loss=0.0344 Acc=99.9% | Test: Acc=2.4% | Best=2.4%(@260)
  from x3: 0.03 0.03 0.03 0.02 0.02 0.02 0.02 0.02 0.02 0.02 0.02 0.02 0.02
  per-rule acc: 0.02 0.03
Epoch 280 | Train: Loss=0.0118 Acc=99.8% | Test: Acc=2.4% | Best=2.4%(@260)
  from x3: 0.02 0.03 0.03 0.03 0.02 0.02 0.02 0.02 0.02 0.02 0.02 0.02 0.02
  per-rule acc: 0.02 0.02
Epoch 300 | Train: Loss=0.0161 Acc=99.8% | Test: Acc=2.6% | Best=2.6%(@300)
  from x3: 0.03 0.03 0.03 0.03 0.03 0.03 0.03 0.03 0.03 0.03 0.03 0.03 0.03
  per-rule acc: 0.02 0.03
Epoch 320 | Train: Loss=0.0271 Acc=99.9% | Test: Acc=2.6% | Best=2.6%(@300)
  from x3: 0.02 0.03 0.03 0.03 0.03 0.03 0.03 0.03 0.03 0.03 0.03 0.03 0.03
  per-rule acc: 0.02 0.03
Epoch 340 | Train: Loss=0.0310 Acc=99.9% | Test: Acc=2.6% | Best=2.6%(@300)
  from x3: 0.03 0.03 0.03 0.03 0.03 0.03 0.03 0.03 0.03 0.03 0.03 0.03 0.02
  per-rule acc: 0.02 0.03
Epoch 360 | Train: Loss=0.0239 Acc=99.9% | Test: Acc=2.9% | Best=2.9%(@360)
  from x3: 0.02 0.03 0.03 0.03 0.03 0.03 0.03 0.03 0.03 0.03 0.03 0.03 0.03
  per-rule acc: 0.03 0.03
Epoch 380 | Train: Loss=0.0126 Acc=99.8% | Test: Acc=2.6% | Best=2.9%(@360)
  from x3: 0.03 0.03 0.03 0.03 0.03 0.03 0.03 0.03 0.03 0.03 0.03 0.03 0.03
  per-rule acc: 0.03 0.03
Epoch 400 | Train: Loss=0.0158 Acc=99.8% | Test: Acc=2.6% | Best=2.9%(@360)
  from x3: 0.02 0.03 0.03 0.02 0.02 0.02 0.02 0.03 0.03 0.03 0.03 0.03 0.03
  per-rule acc: 0.03 0.03
Epoch 420 | Train: Loss=0.0123 Acc=99.8% | Test: Acc=2.6% | Best=2.9%(@360)
  from x3: 0.03 0.03 0.03 0.03 0.03 0.03 0.03 0.03 0.03 0.03 0.03 0.03 0.03
  per-rule acc: 0.02 0.03
Epoch 440 | Train: Loss=0.0174 Acc=99.9% | Test: Acc=2.8% | Best=2.9%(@360)
  from x3: 0.03 0.03 0.03 0.03 0.03 0.03 0.03 0.03 0.03 0.03 0.03 0.03 0.03
  per-rule acc: 0.03 0.03
Epoch 460 | Train: Loss=0.0377 Acc=99.9% | Test: Acc=2.9% | Best=2.9%(@460)
  from x3: 0.03 0.03 0.03 0.03 0.03 0.03 0.03 0.03 0.03 0.03 0.03 0.03 0.03
  per-rule acc: 0.03 0.03
Epoch 480 | Train: Loss=0.0222 Acc=99.7% | Test: Acc=3.0% | Best=3.0%(@480)
  from x3: 0.03 0.03 0.03 0.03 0.03 0.03 0.03 0.03 0.03 0.03 0.03 0.03 0.03
  per-rule acc: 0.03 0.03
Epoch 500 | Train: Loss=0.0196 Acc=99.9% | Test: Acc=3.1% | Best=3.1%(@500)
  from x3: 0.03 0.03 0.03 0.03 0.03 0.03 0.03 0.03 0.03 0.03 0.03 0.03 0.03
  per-rule acc: 0.03 0.03
Epoch 520 | Train: Loss=0.0260 Acc=99.9% | Test: Acc=2.8% | Best=3.1%(@500)
  from x3: 0.03 0.03 0.03 0.03 0.03 0.03 0.03 0.03 0.03 0.03 0.03 0.03 0.03
  per-rule acc: 0.03 0.03
Epoch 540 | Train: Loss=0.0116 Acc=99.8% | Test: Acc=2.8% | Best=3.1%(@500)
  from x3: 0.03 0.03 0.03 0.03 0.03 0.03 0.03 0.03 0.03 0.03 0.03 0.03 0.03
  per-rule acc: 0.03 0.03
Epoch 560 | Train: Loss=0.0238 Acc=99.9% | Test: Acc=2.9% | Best=3.1%(@500)
  from x3: 0.03 0.03 0.03 0.03 0.03 0.03 0.03 0.03 0.03 0.03 0.03 0.03 0.03
  per-rule acc: 0.03 0.03
Epoch 580 | Train: Loss=0.0202 Acc=99.9% | Test: Acc=2.9% | Best=3.1%(@500)
  from x3: 0.03 0.03 0.03 0.03 0.03 0.03 0.03 0.03 0.03 0.03 0.03 0.03 0.03
  per-rule acc: 0.03 0.03
Epoch 600 | Train: Loss=0.0115 Acc=99.8% | Test: Acc=2.6% | Best=3.1%(@500)
  from x3: 0.03 0.03 0.03 0.03 0.03 0.03 0.03 0.03 0.03 0.03 0.03 0.03 0.03
  per-rule acc: 0.03 0.03
Epoch 620 | Train: Loss=0.0274 Acc=99.9% | Test: Acc=2.9% | Best=3.1%(@500)
  from x3: 0.03 0.03 0.03 0.03 0.03 0.03 0.03 0.03 0.03 0.03 0.03 0.03 0.03
  per-rule acc: 0.03 0.03
Epoch 640 | Train: Loss=0.0099 Acc=99.9% | Test: Acc=3.0% | Best=3.1%(@500)
  from x3: 0.03 0.03 0.03 0.03 0.03 0.03 0.03 0.03 0.03 0.03 0.03 0.03 0.03
  per-rule acc: 0.03 0.03
Epoch 660 | Train: Loss=0.0168 Acc=99.8% | Test: Acc=3.0% | Best=3.1%(@500)
  from x3: 0.03 0.03 0.03 0.03 0.03 0.03 0.03 0.03 0.03 0.03 0.03 0.03 0.03
  per-rule acc: 0.03 0.03
Epoch 680 | Train: Loss=0.0264 Acc=99.9% | Test: Acc=2.8% | Best=3.1%(@500)
  from x3: 0.03 0.03 0.03 0.03 0.03 0.03 0.03 0.03 0.03 0.03 0.03 0.03 0.03
  per-rule acc: 0.03 0.03
Epoch 700 | Train: Loss=0.0212 Acc=99.9% | Test: Acc=3.1% | Best=3.1%(@700)
  from x3: 0.03 0.03 0.03 0.03 0.03 0.03 0.03 0.03 0.03 0.03 0.03 0.03 0.03
  per-rule acc: 0.03 0.03
Epoch 720 | Train: Loss=0.0302 Acc=99.9% | Test: Acc=2.9% | Best=3.1%(@700)
  from x3: 0.03 0.03 0.03 0.03 0.03 0.03 0.03 0.03 0.03 0.03 0.03 0.03 0.03
  per-rule acc: 0.03 0.03
Epoch 740 | Train: Loss=0.0139 Acc=99.8% | Test: Acc=3.0% | Best=3.1%(@700)
  from x3: 0.03 0.03 0.03 0.03 0.03 0.03 0.03 0.03 0.03 0.03 0.03 0.03 0.03
  per-rule acc: 0.03 0.03
Epoch 760 | Train: Loss=0.0231 Acc=99.9% | Test: Acc=3.2% | Best=3.2%(@760)
  from x3: 0.03 0.03 0.03 0.03 0.03 0.03 0.03 0.03 0.03 0.03 0.03 0.03 0.03
  per-rule acc: 0.03 0.03
Epoch 780 | Train: Loss=0.0133 Acc=99.8% | Test: Acc=3.2% | Best=3.2%(@780)
  from x3: 0.03 0.03 0.03 0.03 0.03 0.03 0.03 0.03 0.03 0.03 0.03 0.03 0.03
  per-rule acc: 0.04 0.03
Epoch 800 | Train: Loss=0.0201 Acc=99.9% | Test: Acc=3.1% | Best=3.2%(@780)
  from x3: 0.03 0.03 0.03 0.03 0.03 0.03 0.03 0.03 0.03 0.03 0.03 0.03 0.03
  per-rule acc: 0.03 0.03
Epoch 820 | Train: Loss=0.0113 Acc=99.9% | Test: Acc=3.4% | Best=3.4%(@820)
  from x3: 0.03 0.03 0.03 0.03 0.03 0.03 0.03 0.03 0.03 0.03 0.03 0.03 0.03
  per-rule acc: 0.03 0.03
Epoch 840 | Train: Loss=0.0163 Acc=99.9% | Test: Acc=3.4% | Best=3.4%(@820)
  from x3: 0.03 0.03 0.03 0.03 0.03 0.03 0.03 0.03 0.03 0.03 0.03 0.03 0.03
  per-rule acc: 0.03 0.03
Epoch 860 | Train: Loss=0.0092 Acc=99.9% | Test: Acc=3.2% | Best=3.4%(@820)
  from x3: 0.03 0.03 0.03 0.03 0.03 0.03 0.03 0.03 0.03 0.03 0.03 0.03 0.03
  per-rule acc: 0.03 0.03
Epoch 880 | Train: Loss=0.0233 Acc=99.8% | Test: Acc=3.1% | Best=3.4%(@820)
  from x3: 0.03 0.03 0.03 0.03 0.03 0.03 0.03 0.03 0.03 0.03 0.03 0.03 0.03
  per-rule acc: 0.03 0.03
Epoch 900 | Train: Loss=0.0106 Acc=99.8% | Test: Acc=3.1% | Best=3.4%(@820)
  from x3: 0.03 0.03 0.03 0.03 0.03 0.03 0.03 0.03 0.03 0.03 0.03 0.03 0.03
  per-rule acc: 0.03 0.03
Epoch 920 | Train: Loss=0.0251 Acc=99.9% | Test: Acc=3.4% | Best=3.4%(@820)
  from x3: 0.03 0.03 0.03 0.03 0.03 0.03 0.03 0.03 0.03 0.03 0.03 0.03 0.03
  per-rule acc: 0.03 0.04
Epoch 940 | Train: Loss=0.0138 Acc=99.8% | Test: Acc=3.3% | Best=3.4%(@820)
  from x3: 0.03 0.03 0.03 0.03 0.03 0.03 0.03 0.03 0.03 0.03 0.03 0.03 0.03
  per-rule acc: 0.03 0.03
Epoch 960 | Train: Loss=0.0167 Acc=99.9% | Test: Acc=3.6% | Best=3.6%(@960)
  from x3: 0.03 0.04 0.04 0.04 0.04 0.04 0.04 0.04 0.04 0.04 0.04 0.04 0.04
  per-rule acc: 0.03 0.04
Epoch 980 | Train: Loss=0.0239 Acc=99.9% | Test: Acc=3.3% | Best=3.6%(@960)
  from x3: 0.03 0.04 0.03 0.03 0.03 0.03 0.03 0.03 0.03 0.03 0.03 0.03 0.03
  per-rule acc: 0.03 0.03
Epoch 1000 | Train: Loss=0.0321 Acc=99.8% | Test: Acc=3.1% | Best=3.6%(@960)
  from x3: 0.03 0.03 0.03 0.03 0.03 0.03 0.03 0.03 0.03 0.03 0.03 0.03 0.03
  per-rule acc: 0.03 0.03
Epoch 1020 | Train: Loss=0.0169 Acc=99.8% | Test: Acc=3.5% | Best=3.6%(@960)
  from x3: 0.03 0.03 0.03 0.04 0.03 0.03 0.03 0.03 0.03 0.03 0.03 0.03 0.03
  per-rule acc: 0.04 0.03
Epoch 1040 | Train: Loss=0.0167 Acc=99.8% | Test: Acc=3.6% | Best=3.6%(@1040)
  from x3: 0.03 0.04 0.04 0.04 0.04 0.04 0.04 0.04 0.04 0.04 0.04 0.04 0.04
  per-rule acc: 0.03 0.04
Epoch 1060 | Train: Loss=0.0143 Acc=99.8% | Test: Acc=3.4% | Best=3.6%(@1040)
  from x3: 0.03 0.03 0.03 0.03 0.03 0.03 0.03 0.03 0.03 0.03 0.03 0.03 0.03
  per-rule acc: 0.03 0.04
Epoch 1080 | Train: Loss=0.0159 Acc=99.8% | Test: Acc=3.3% | Best=3.6%(@1040)
  from x3: 0.03 0.04 0.03 0.03 0.03 0.03 0.03 0.03 0.03 0.03 0.03 0.03 0.03
  per-rule acc: 0.03 0.04
Epoch 1100 | Train: Loss=0.0237 Acc=99.9% | Test: Acc=3.6% | Best=3.6%(@1100)
  from x3: 0.03 0.04 0.04 0.04 0.04 0.04 0.04 0.04 0.04 0.04 0.04 0.04 0.04
  per-rule acc: 0.04 0.04
Epoch 1120 | Train: Loss=0.0220 Acc=99.9% | Test: Acc=3.4% | Best=3.6%(@1100)
  from x3: 0.03 0.03 0.03 0.03 0.03 0.03 0.03 0.03 0.03 0.03 0.03 0.03 0.03
  per-rule acc: 0.04 0.03
Epoch 1140 | Train: Loss=0.0193 Acc=99.8% | Test: Acc=3.6% | Best=3.6%(@1100)
  from x3: 0.03 0.04 0.04 0.04 0.04 0.04 0.04 0.04 0.04 0.04 0.04 0.04 0.04
  per-rule acc: 0.04 0.04
Epoch 1160 | Train: Loss=0.0116 Acc=99.9% | Test: Acc=3.7% | Best=3.7%(@1160)
  from x3: 0.03 0.04 0.04 0.04 0.04 0.04 0.04 0.04 0.04 0.04 0.04 0.04 0.04
  per-rule acc: 0.04 0.03
Epoch 1180 | Train: Loss=0.0235 Acc=99.8% | Test: Acc=3.8% | Best=3.8%(@1180)
  from x3: 0.04 0.04 0.04 0.04 0.04 0.04 0.04 0.04 0.04 0.04 0.04 0.04 0.04
  per-rule acc: 0.04 0.04
Epoch 1200 | Train: Loss=0.0205 Acc=99.9% | Test: Acc=3.6% | Best=3.8%(@1180)
  from x3: 0.03 0.04 0.04 0.04 0.04 0.04 0.04 0.04 0.04 0.04 0.04 0.04 0.04
  per-rule acc: 0.03 0.04
Epoch 1220 | Train: Loss=0.0101 Acc=99.9% | Test: Acc=3.6% | Best=3.8%(@1180)
  from x3: 0.03 0.04 0.04 0.04 0.04 0.04 0.04 0.04 0.04 0.04 0.04 0.04 0.04
  per-rule acc: 0.04 0.03
Epoch 1240 | Train: Loss=0.0216 Acc=99.9% | Test: Acc=4.0% | Best=4.0%(@1240)
  from x3: 0.03 0.04 0.04 0.04 0.04 0.04 0.04 0.04 0.04 0.04 0.04 0.04 0.04
  per-rule acc: 0.04 0.04
Epoch 1260 | Train: Loss=0.0159 Acc=99.8% | Test: Acc=3.5% | Best=4.0%(@1240)
  from x3: 0.04 0.04 0.04 0.04 0.04 0.04 0.03 0.03 0.04 0.04 0.03 0.03 0.03
  per-rule acc: 0.04 0.04
Epoch 1280 | Train: Loss=0.0140 Acc=99.8% | Test: Acc=3.6% | Best=4.0%(@1240)
  from x3: 0.03 0.04 0.04 0.04 0.04 0.04 0.04 0.04 0.04 0.04 0.04 0.04 0.04
  per-rule acc: 0.04 0.03
Epoch 1300 | Train: Loss=0.0182 Acc=99.8% | Test: Acc=4.1% | Best=4.1%(@1300)
  from x3: 0.04 0.04 0.04 0.04 0.04 0.04 0.04 0.04 0.04 0.04 0.04 0.04 0.04
  per-rule acc: 0.04 0.04
Epoch 1320 | Train: Loss=0.0120 Acc=99.8% | Test: Acc=3.6% | Best=4.1%(@1300)
  from x3: 0.03 0.04 0.04 0.04 0.04 0.04 0.04 0.04 0.04 0.04 0.04 0.04 0.04
  per-rule acc: 0.04 0.04
Epoch 1340 | Train: Loss=0.0162 Acc=99.9% | Test: Acc=3.7% | Best=4.1%(@1300)
  from x3: 0.04 0.04 0.04 0.04 0.04 0.04 0.04 0.04 0.04 0.04 0.04 0.04 0.04
  per-rule acc: 0.04 0.04
Epoch 1360 | Train: Loss=0.0133 Acc=99.8% | Test: Acc=3.8% | Best=4.1%(@1300)
  from x3: 0.04 0.04 0.04 0.04 0.04 0.04 0.04 0.04 0.04 0.04 0.04 0.04 0.04
  per-rule acc: 0.04 0.04
Epoch 1380 | Train: Loss=0.0125 Acc=99.9% | Test: Acc=3.8% | Best=4.1%(@1300)
  from x3: 0.04 0.04 0.04 0.04 0.04 0.04 0.04 0.04 0.04 0.04 0.04 0.04 0.04
  per-rule acc: 0.04 0.04
Epoch 1400 | Train: Loss=0.0173 Acc=99.8% | Test: Acc=3.8% | Best=4.1%(@1300)
  from x3: 0.04 0.04 0.04 0.04 0.04 0.04 0.04 0.04 0.04 0.04 0.04 0.04 0.04
  per-rule acc: 0.03 0.04
Epoch 1420 | Train: Loss=0.0123 Acc=99.8% | Test: Acc=3.5% | Best=4.1%(@1300)
  from x3: 0.04 0.04 0.04 0.03 0.03 0.04 0.04 0.04 0.04 0.04 0.04 0.04 0.04
  per-rule acc: 0.04 0.03
Epoch 1440 | Train: Loss=0.0253 Acc=99.9% | Test: Acc=4.2% | Best=4.2%(@1440)
  from x3: 0.04 0.04 0.04 0.04 0.04 0.04 0.04 0.04 0.04 0.04 0.04 0.04 0.04
  per-rule acc: 0.04 0.04
Epoch 1460 | Train: Loss=0.0237 Acc=99.9% | Test: Acc=3.7% | Best=4.2%(@1440)
  from x3: 0.04 0.04 0.04 0.04 0.04 0.04 0.04 0.04 0.04 0.04 0.04 0.04 0.04
  per-rule acc: 0.04 0.03
Epoch 1480 | Train: Loss=0.0210 Acc=99.9% | Test: Acc=4.1% | Best=4.2%(@1440)
  from x3: 0.04 0.04 0.04 0.04 0.04 0.04 0.04 0.04 0.04 0.04 0.04 0.04 0.04
  per-rule acc: 0.04 0.04
Epoch 1500 | Train: Loss=0.0163 Acc=99.9% | Test: Acc=4.0% | Best=4.2%(@1440)
  from x3: 0.04 0.04 0.04 0.04 0.04 0.04 0.04 0.04 0.04 0.04 0.04 0.04 0.04
  per-rule acc: 0.04 0.04
Epoch 1520 | Train: Loss=0.0146 Acc=99.8% | Test: Acc=4.1% | Best=4.2%(@1440)
  from x3: 0.04 0.04 0.04 0.04 0.04 0.04 0.04 0.04 0.04 0.04 0.04 0.04 0.04
  per-rule acc: 0.04 0.04
Epoch 1540 | Train: Loss=0.0152 Acc=99.8% | Test: Acc=4.0% | Best=4.2%(@1440)
  from x3: 0.04 0.04 0.04 0.04 0.04 0.04 0.04 0.04 0.04 0.04 0.04 0.04 0.04
  per-rule acc: 0.04 0.04
Epoch 1560 | Train: Loss=0.0173 Acc=99.9% | Test: Acc=4.4% | Best=4.4%(@1560)
  from x3: 0.04 0.04 0.04 0.04 0.04 0.05 0.05 0.04 0.04 0.04 0.04 0.04 0.04
  per-rule acc: 0.05 0.04
Epoch 1580 | Train: Loss=0.0142 Acc=99.8% | Test: Acc=3.9% | Best=4.4%(@1560)
  from x3: 0.04 0.04 0.04 0.04 0.04 0.04 0.04 0.04 0.04 0.04 0.04 0.04 0.04
  per-rule acc: 0.04 0.04
Epoch 1600 | Train: Loss=0.0221 Acc=99.9% | Test: Acc=4.2% | Best=4.4%(@1560)
  from x3: 0.04 0.04 0.04 0.04 0.04 0.04 0.04 0.04 0.04 0.04 0.04 0.04 0.04
  per-rule acc: 0.04 0.04
Epoch 1620 | Train: Loss=0.0182 Acc=99.9% | Test: Acc=4.3% | Best=4.4%(@1560)
  from x3: 0.04 0.04 0.04 0.04 0.04 0.04 0.04 0.04 0.04 0.04 0.04 0.04 0.04
  per-rule acc: 0.05 0.04
Epoch 1640 | Train: Loss=0.0241 Acc=99.9% | Test: Acc=4.0% | Best=4.4%(@1560)
  from x3: 0.04 0.04 0.04 0.04 0.04 0.04 0.04 0.04 0.04 0.04 0.04 0.04 0.04
  per-rule acc: 0.04 0.04
Epoch 1660 | Train: Loss=0.0185 Acc=99.9% | Test: Acc=4.3% | Best=4.4%(@1560)
  from x3: 0.04 0.04 0.04 0.04 0.04 0.04 0.04 0.04 0.04 0.04 0.04 0.04 0.04
  per-rule acc: 0.04 0.04
Epoch 1680 | Train: Loss=0.0208 Acc=99.9% | Test: Acc=4.2% | Best=4.4%(@1560)
  from x3: 0.04 0.04 0.04 0.04 0.04 0.04 0.04 0.04 0.04 0.04 0.04 0.04 0.04
  per-rule acc: 0.04 0.04
Epoch 1700 | Train: Loss=0.0153 Acc=99.8% | Test: Acc=4.2% | Best=4.4%(@1560)
  from x3: 0.04 0.04 0.04 0.04 0.04 0.04 0.04 0.04 0.04 0.04 0.04 0.04 0.04
  per-rule acc: 0.04 0.04
Epoch 1720 | Train: Loss=0.0158 Acc=99.8% | Test: Acc=4.2% | Best=4.4%(@1560)
  from x3: 0.04 0.04 0.04 0.04 0.04 0.04 0.04 0.04 0.04 0.04 0.04 0.04 0.04
  per-rule acc: 0.04 0.04
Epoch 1740 | Train: Loss=0.0215 Acc=99.9% | Test: Acc=4.5% | Best=4.5%(@1740)
  from x3: 0.04 0.05 0.05 0.05 0.05 0.05 0.05 0.05 0.05 0.05 0.05 0.05 0.05
  per-rule acc: 0.04 0.05
Epoch 1760 | Train: Loss=0.0168 Acc=99.9% | Test: Acc=4.5% | Best=4.5%(@1740)
  from x3: 0.05 0.04 0.04 0.04 0.04 0.04 0.04 0.04 0.04 0.04 0.04 0.04 0.04
  per-rule acc: 0.05 0.04
Epoch 1780 | Train: Loss=0.0254 Acc=99.9% | Test: Acc=4.2% | Best=4.5%(@1740)
  from x3: 0.04 0.04 0.04 0.04 0.04 0.04 0.04 0.04 0.04 0.04 0.04 0.04 0.04
  per-rule acc: 0.05 0.04
Epoch 1800 | Train: Loss=0.0124 Acc=99.9% | Test: Acc=4.5% | Best=4.5%(@1740)
  from x3: 0.05 0.04 0.05 0.04 0.05 0.05 0.05 0.05 0.05 0.05 0.05 0.05 0.04
  per-rule acc: 0.05 0.04
Epoch 1820 | Train: Loss=0.0223 Acc=99.9% | Test: Acc=4.3% | Best=4.5%(@1740)
  from x3: 0.05 0.05 0.04 0.04 0.04 0.04 0.04 0.04 0.04 0.04 0.04 0.04 0.04
  per-rule acc: 0.05 0.04
Epoch 1840 | Train: Loss=0.0143 Acc=99.8% | Test: Acc=4.6% | Best=4.6%(@1840)
  from x3: 0.05 0.05 0.05 0.04 0.05 0.04 0.04 0.04 0.04 0.04 0.04 0.04 0.04
  per-rule acc: 0.05 0.04
Epoch 1860 | Train: Loss=0.0198 Acc=99.9% | Test: Acc=4.6% | Best=4.6%(@1860)
  from x3: 0.05 0.05 0.05 0.05 0.05 0.05 0.05 0.05 0.05 0.05 0.04 0.04 0.04
  per-rule acc: 0.05 0.04
Epoch 1880 | Train: Loss=0.0161 Acc=99.8% | Test: Acc=4.5% | Best=4.6%(@1860)
  from x3: 0.05 0.05 0.05 0.04 0.04 0.04 0.04 0.04 0.04 0.04 0.04 0.04 0.04
  per-rule acc: 0.05 0.04
Epoch 1900 | Train: Loss=0.0131 Acc=99.8% | Test: Acc=4.4% | Best=4.6%(@1860)
  from x3: 0.05 0.05 0.04 0.04 0.04 0.04 0.04 0.04 0.04 0.04 0.04 0.04 0.04
  per-rule acc: 0.05 0.04
Epoch 1920 | Train: Loss=0.0286 Acc=99.9% | Test: Acc=4.7% | Best=4.7%(@1920)
  from x3: 0.05 0.05 0.05 0.05 0.05 0.05 0.05 0.05 0.05 0.05 0.05 0.05 0.05
  per-rule acc: 0.05 0.05
Epoch 1940 | Train: Loss=0.0157 Acc=99.8% | Test: Acc=4.5% | Best=4.7%(@1920)
  from x3: 0.05 0.04 0.04 0.04 0.04 0.04 0.04 0.04 0.04 0.04 0.04 0.04 0.04
  per-rule acc: 0.05 0.04
Epoch 1960 | Train: Loss=0.0199 Acc=99.9% | Test: Acc=4.7% | Best=4.7%(@1920)
  from x3: 0.05 0.05 0.05 0.05 0.05 0.05 0.05 0.05 0.05 0.05 0.05 0.05 0.05
  per-rule acc: 0.05 0.04
Epoch 1980 | Train: Loss=0.0148 Acc=99.8% | Test: Acc=4.2% | Best=4.7%(@1920)
  from x3: 0.04 0.04 0.04 0.04 0.04 0.04 0.04 0.04 0.04 0.04 0.04 0.04 0.04
  per-rule acc: 0.04 0.04
Epoch 2000 | Train: Loss=0.0252 Acc=99.9% | Test: Acc=5.0% | Best=5.0%(@2000)
  from x3: 0.05 0.05 0.05 0.05 0.05 0.05 0.05 0.05 0.05 0.05 0.05 0.05 0.05
  per-rule acc: 0.05 0.05
Epoch 2020 | Train: Loss=0.0126 Acc=99.8% | Test: Acc=4.5% | Best=5.0%(@2000)
  from x3: 0.05 0.05 0.05 0.04 0.04 0.04 0.04 0.04 0.04 0.04 0.04 0.04 0.04
  per-rule acc: 0.04 0.05
Epoch 2040 | Train: Loss=0.0220 Acc=99.8% | Test: Acc=4.6% | Best=5.0%(@2000)
  from x3: 0.05 0.05 0.05 0.05 0.05 0.05 0.05 0.05 0.05 0.05 0.05 0.05 0.05
  per-rule acc: 0.05 0.04
Epoch 2060 | Train: Loss=0.0182 Acc=99.8% | Test: Acc=4.4% | Best=5.0%(@2000)
  from x3: 0.05 0.04 0.04 0.04 0.04 0.04 0.04 0.04 0.04 0.04 0.04 0.04 0.04
  per-rule acc: 0.05 0.04
Epoch 2080 | Train: Loss=0.0145 Acc=99.9% | Test: Acc=4.8% | Best=5.0%(@2000)
  from x3: 0.05 0.05 0.05 0.05 0.05 0.05 0.05 0.05 0.05 0.05 0.05 0.05 0.05
  per-rule acc: 0.05 0.04
Epoch 2100 | Train: Loss=0.0099 Acc=99.9% | Test: Acc=4.7% | Best=5.0%(@2000)
  from x3: 0.05 0.05 0.05 0.05 0.05 0.05 0.05 0.05 0.05 0.05 0.05 0.05 0.05
  per-rule acc: 0.05 0.04
Epoch 2120 | Train: Loss=0.0150 Acc=99.8% | Test: Acc=4.8% | Best=5.0%(@2000)
  from x3: 0.05 0.05 0.05 0.05 0.05 0.05 0.05 0.05 0.05 0.05 0.05 0.05 0.05
  per-rule acc: 0.05 0.05
Epoch 2140 | Train: Loss=0.0221 Acc=99.9% | Test: Acc=4.6% | Best=5.0%(@2000)
  from x3: 0.05 0.05 0.05 0.05 0.04 0.05 0.05 0.05 0.05 0.05 0.05 0.05 0.05
  per-rule acc: 0.05 0.04
Epoch 2160 | Train: Loss=0.0129 Acc=99.8% | Test: Acc=4.6% | Best=5.0%(@2000)
  from x3: 0.05 0.04 0.05 0.05 0.05 0.05 0.05 0.05 0.05 0.05 0.05 0.05 0.05
  per-rule acc: 0.05 0.04
Epoch 2180 | Train: Loss=0.0241 Acc=99.9% | Test: Acc=4.5% | Best=5.0%(@2000)
  from x3: 0.05 0.05 0.04 0.04 0.04 0.04 0.04 0.04 0.04 0.04 0.04 0.04 0.04
  per-rule acc: 0.05 0.04
Epoch 2200 | Train: Loss=0.0225 Acc=99.9% | Test: Acc=4.6% | Best=5.0%(@2000)
  from x3: 0.05 0.05 0.05 0.05 0.05 0.05 0.05 0.05 0.05 0.05 0.04 0.04 0.04
  per-rule acc: 0.05 0.04
Epoch 2220 | Train: Loss=0.0197 Acc=99.9% | Test: Acc=4.8% | Best=5.0%(@2000)
  from x3: 0.05 0.05 0.05 0.05 0.05 0.05 0.05 0.05 0.05 0.05 0.05 0.05 0.05
  per-rule acc: 0.05 0.04
Epoch 2240 | Train: Loss=0.0113 Acc=99.9% | Test: Acc=4.5% | Best=5.0%(@2000)
  from x3: 0.05 0.04 0.04 0.04 0.04 0.04 0.04 0.04 0.04 0.04 0.04 0.04 0.04
  per-rule acc: 0.05 0.04
Epoch 2260 | Train: Loss=0.0212 Acc=99.9% | Test: Acc=4.7% | Best=5.0%(@2000)
  from x3: 0.06 0.05 0.05 0.05 0.05 0.05 0.05 0.05 0.05 0.05 0.05 0.05 0.05
  per-rule acc: 0.05 0.04
Epoch 2280 | Train: Loss=0.0218 Acc=99.9% | Test: Acc=5.1% | Best=5.1%(@2280)
  from x3: 0.06 0.05 0.05 0.05 0.05 0.05 0.05 0.05 0.05 0.05 0.05 0.05 0.05
  per-rule acc: 0.06 0.05
Epoch 2300 | Train: Loss=0.0205 Acc=99.9% | Test: Acc=5.2% | Best=5.2%(@2300)
  from x3: 0.05 0.05 0.05 0.05 0.05 0.05 0.05 0.05 0.05 0.05 0.05 0.05 0.05
  per-rule acc: 0.05 0.05
Epoch 2320 | Train: Loss=0.0247 Acc=99.9% | Test: Acc=4.9% | Best=5.2%(@2300)
  from x3: 0.05 0.05 0.05 0.05 0.05 0.05 0.05 0.05 0.05 0.05 0.05 0.05 0.05
  per-rule acc: 0.05 0.05
Epoch 2340 | Train: Loss=0.0126 Acc=99.8% | Test: Acc=4.9% | Best=5.2%(@2300)
  from x3: 0.05 0.05 0.05 0.05 0.05 0.05 0.05 0.05 0.05 0.05 0.05 0.05 0.05
  per-rule acc: 0.05 0.05
Epoch 2360 | Train: Loss=0.0170 Acc=99.8% | Test: Acc=5.0% | Best=5.2%(@2300)
  from x3: 0.05 0.05 0.05 0.05 0.05 0.05 0.05 0.05 0.05 0.05 0.05 0.05 0.05
  per-rule acc: 0.06 0.04
Epoch 2380 | Train: Loss=0.0112 Acc=99.8% | Test: Acc=5.0% | Best=5.2%(@2300)
  from x3: 0.05 0.05 0.05 0.05 0.05 0.05 0.05 0.05 0.05 0.05 0.05 0.05 0.05
  per-rule acc: 0.06 0.04
Epoch 2400 | Train: Loss=0.0220 Acc=99.9% | Test: Acc=4.7% | Best=5.2%(@2300)
  from x3: 0.05 0.05 0.05 0.05 0.05 0.05 0.05 0.05 0.05 0.05 0.05 0.05 0.05
  per-rule acc: 0.05 0.05
Epoch 2420 | Train: Loss=0.0162 Acc=99.8% | Test: Acc=5.0% | Best=5.2%(@2300)
  from x3: 0.05 0.05 0.05 0.05 0.05 0.05 0.05 0.05 0.05 0.05 0.05 0.05 0.05
  per-rule acc: 0.05 0.05
Epoch 2440 | Train: Loss=0.0178 Acc=99.9% | Test: Acc=5.0% | Best=5.2%(@2300)
  from x3: 0.05 0.05 0.05 0.05 0.05 0.05 0.05 0.05 0.05 0.05 0.05 0.05 0.05
  per-rule acc: 0.06 0.05
Epoch 2460 | Train: Loss=0.0212 Acc=99.9% | Test: Acc=5.3% | Best=5.3%(@2460)
  from x3: 0.06 0.05 0.06 0.05 0.05 0.05 0.05 0.05 0.05 0.05 0.05 0.05 0.05
  per-rule acc: 0.05 0.05
Epoch 2480 | Train: Loss=0.0129 Acc=99.9% | Test: Acc=5.2% | Best=5.3%(@2460)
  from x3: 0.06 0.05 0.05 0.05 0.05 0.05 0.05 0.05 0.05 0.05 0.05 0.05 0.05
  per-rule acc: 0.06 0.05
Epoch 2500 | Train: Loss=0.0190 Acc=99.9% | Test: Acc=5.2% | Best=5.3%(@2460)
  from x3: 0.06 0.05 0.05 0.05 0.05 0.05 0.05 0.05 0.05 0.05 0.05 0.05 0.05
  per-rule acc: 0.05 0.05
Epoch 2520 | Train: Loss=0.0160 Acc=99.8% | Test: Acc=4.8% | Best=5.3%(@2460)
  from x3: 0.06 0.05 0.05 0.05 0.05 0.05 0.05 0.05 0.05 0.05 0.05 0.05 0.05
  per-rule acc: 0.05 0.05
Epoch 2540 | Train: Loss=0.0157 Acc=99.8% | Test: Acc=5.1% | Best=5.3%(@2460)
  from x3: 0.06 0.05 0.05 0.05 0.05 0.05 0.05 0.05 0.05 0.05 0.05 0.05 0.05
  per-rule acc: 0.05 0.05
Epoch 2560 | Train: Loss=0.0167 Acc=99.9% | Test: Acc=5.0% | Best=5.3%(@2460)
  from x3: 0.06 0.05 0.05 0.05 0.05 0.05 0.05 0.05 0.05 0.05 0.05 0.05 0.05
  per-rule acc: 0.05 0.05
Epoch 2580 | Train: Loss=0.0157 Acc=99.9% | Test: Acc=5.6% | Best=5.6%(@2580)
  from x3: 0.05 0.06 0.06 0.06 0.06 0.06 0.06 0.06 0.06 0.06 0.06 0.06 0.05
  per-rule acc: 0.06 0.05
Epoch 2600 | Train: Loss=0.0106 Acc=99.9% | Test: Acc=5.5% | Best=5.6%(@2580)
  from x3: 0.06 0.06 0.06 0.05 0.05 0.05 0.05 0.05 0.06 0.05 0.05 0.05 0.05
  per-rule acc: 0.06 0.05
Epoch 2620 | Train: Loss=0.0224 Acc=99.9% | Test: Acc=5.8% | Best=5.8%(@2620)
  from x3: 0.06 0.05 0.06 0.06 0.06 0.06 0.06 0.06 0.06 0.06 0.06 0.06 0.06
  per-rule acc: 0.06 0.06
Epoch 2640 | Train: Loss=0.0143 Acc=99.8% | Test: Acc=5.3% | Best=5.8%(@2620)
  from x3: 0.06 0.05 0.05 0.05 0.05 0.05 0.05 0.05 0.05 0.05 0.05 0.05 0.05
  per-rule acc: 0.06 0.05
Epoch 2660 | Train: Loss=0.0222 Acc=99.9% | Test: Acc=5.8% | Best=5.8%(@2620)
  from x3: 0.06 0.06 0.06 0.06 0.06 0.06 0.06 0.06 0.06 0.06 0.06 0.06 0.06
  per-rule acc: 0.06 0.06
Epoch 2680 | Train: Loss=0.0123 Acc=99.8% | Test: Acc=5.3% | Best=5.8%(@2620)
  from x3: 0.06 0.05 0.05 0.05 0.05 0.05 0.05 0.05 0.05 0.05 0.05 0.05 0.05
  per-rule acc: 0.06 0.05
Epoch 2700 | Train: Loss=0.0192 Acc=99.7% | Test: Acc=5.3% | Best=5.8%(@2620)
  from x3: 0.06 0.05 0.05 0.05 0.05 0.05 0.05 0.05 0.05 0.05 0.05 0.05 0.05
  per-rule acc: 0.05 0.05
Epoch 2720 | Train: Loss=0.0247 Acc=99.9% | Test: Acc=5.3% | Best=5.8%(@2620)
  from x3: 0.06 0.05 0.06 0.05 0.05 0.05 0.05 0.05 0.05 0.05 0.05 0.05 0.05
  per-rule acc: 0.06 0.05
Epoch 2740 | Train: Loss=0.0172 Acc=99.9% | Test: Acc=6.0% | Best=6.0%(@2740)
  from x3: 0.07 0.06 0.06 0.06 0.06 0.06 0.06 0.06 0.06 0.06 0.06 0.06 0.06
  per-rule acc: 0.06 0.06
Epoch 2760 | Train: Loss=0.0094 Acc=99.9% | Test: Acc=5.6% | Best=6.0%(@2740)
  from x3: 0.06 0.06 0.06 0.06 0.06 0.06 0.06 0.06 0.06 0.06 0.05 0.05 0.05
  per-rule acc: 0.06 0.05
Epoch 2780 | Train: Loss=0.0191 Acc=99.9% | Test: Acc=5.5% | Best=6.0%(@2740)
  from x3: 0.07 0.06 0.06 0.05 0.05 0.05 0.05 0.05 0.05 0.05 0.05 0.05 0.05
  per-rule acc: 0.06 0.05
Epoch 2800 | Train: Loss=0.0202 Acc=99.9% | Test: Acc=5.9% | Best=6.0%(@2740)
  from x3: 0.06 0.06 0.06 0.06 0.06 0.06 0.06 0.06 0.06 0.06 0.06 0.06 0.06
  per-rule acc: 0.06 0.06
Epoch 2820 | Train: Loss=0.0095 Acc=99.9% | Test: Acc=5.5% | Best=6.0%(@2740)
  from x3: 0.06 0.06 0.06 0.05 0.05 0.05 0.05 0.05 0.05 0.05 0.05 0.05 0.05
  per-rule acc: 0.06 0.05
Epoch 2840 | Train: Loss=0.0203 Acc=99.9% | Test: Acc=5.7% | Best=6.0%(@2740)
  from x3: 0.06 0.06 0.06 0.06 0.06 0.06 0.06 0.06 0.06 0.06 0.06 0.06 0.06
  per-rule acc: 0.06 0.05
Epoch 2860 | Train: Loss=0.0216 Acc=99.9% | Test: Acc=5.8% | Best=6.0%(@2740)
  from x3: 0.07 0.06 0.06 0.06 0.06 0.06 0.06 0.06 0.06 0.06 0.06 0.06 0.06
  per-rule acc: 0.06 0.06
Epoch 2880 | Train: Loss=0.0234 Acc=99.9% | Test: Acc=6.1% | Best=6.1%(@2880)
  from x3: 0.07 0.06 0.06 0.06 0.06 0.06 0.06 0.06 0.06 0.06 0.06 0.06 0.06
  per-rule acc: 0.07 0.06
Epoch 2900 | Train: Loss=0.0146 Acc=99.8% | Test: Acc=5.3% | Best=6.1%(@2880)
  from x3: 0.07 0.05 0.05 0.05 0.05 0.05 0.05 0.05 0.05 0.05 0.05 0.05 0.05
  per-rule acc: 0.05 0.05
Epoch 2920 | Train: Loss=0.0255 Acc=99.9% | Test: Acc=5.8% | Best=6.1%(@2880)
  from x3: 0.06 0.06 0.06 0.06 0.06 0.06 0.06 0.06 0.06 0.06 0.06 0.06 0.06
  per-rule acc: 0.06 0.06
Epoch 2940 | Train: Loss=0.0205 Acc=99.9% | Test: Acc=5.5% | Best=6.1%(@2880)
  from x3: 0.06 0.06 0.05 0.05 0.05 0.06 0.05 0.05 0.05 0.05 0.05 0.05 0.05
  per-rule acc: 0.06 0.05
Epoch 2960 | Train: Loss=0.0132 Acc=99.9% | Test: Acc=5.6% | Best=6.1%(@2880)
  from x3: 0.06 0.06 0.06 0.06 0.06 0.06 0.06 0.06 0.06 0.06 0.06 0.06 0.06
  per-rule acc: 0.06 0.06
Epoch 2980 | Train: Loss=0.0139 Acc=99.9% | Test: Acc=5.9% | Best=6.1%(@2880)
  from x3: 0.07 0.06 0.06 0.06 0.06 0.06 0.06 0.06 0.06 0.06 0.06 0.06 0.06
  per-rule acc: 0.07 0.05
Epoch 3000 | Train: Loss=0.0220 Acc=99.9% | Test: Acc=6.0% | Best=6.1%(@2880)
  from x3: 0.06 0.06 0.06 0.06 0.06 0.06 0.06 0.06 0.06 0.06 0.06 0.06 0.06
  per-rule acc: 0.06 0.06
Epoch 3020 | Train: Loss=0.0173 Acc=99.9% | Test: Acc=5.5% | Best=6.1%(@2880)
  from x3: 0.06 0.06 0.05 0.05 0.05 0.05 0.05 0.05 0.05 0.05 0.05 0.05 0.05
  per-rule acc: 0.06 0.05
Epoch 3040 | Train: Loss=0.0102 Acc=99.9% | Test: Acc=5.4% | Best=6.1%(@2880)
  from x3: 0.06 0.06 0.05 0.05 0.05 0.05 0.05 0.05 0.05 0.05 0.05 0.05 0.05
  per-rule acc: 0.06 0.05
Epoch 3060 | Train: Loss=0.0147 Acc=99.9% | Test: Acc=5.4% | Best=6.1%(@2880)
  from x3: 0.06 0.05 0.05 0.05 0.06 0.05 0.05 0.05 0.05 0.05 0.05 0.05 0.05
  per-rule acc: 0.06 0.05
Epoch 3080 | Train: Loss=0.0183 Acc=99.9% | Test: Acc=5.9% | Best=6.1%(@2880)
  from x3: 0.07 0.06 0.06 0.06 0.06 0.06 0.06 0.06 0.06 0.06 0.06 0.06 0.06
  per-rule acc: 0.06 0.06
Epoch 3100 | Train: Loss=0.0104 Acc=99.9% | Test: Acc=6.1% | Best=6.1%(@2880)
  from x3: 0.07 0.06 0.06 0.06 0.06 0.06 0.06 0.06 0.06 0.06 0.06 0.06 0.06
  per-rule acc: 0.06 0.06
Epoch 3120 | Train: Loss=0.0269 Acc=99.9% | Test: Acc=6.0% | Best=6.1%(@2880)
  from x3: 0.07 0.06 0.06 0.06 0.06 0.06 0.06 0.06 0.06 0.06 0.06 0.06 0.06
  per-rule acc: 0.07 0.05
Epoch 3140 | Train: Loss=0.0127 Acc=99.8% | Test: Acc=5.8% | Best=6.1%(@2880)
  from x3: 0.07 0.06 0.06 0.06 0.06 0.06 0.06 0.06 0.06 0.06 0.06 0.06 0.06
  per-rule acc: 0.06 0.05
Epoch 3160 | Train: Loss=0.0093 Acc=99.9% | Test: Acc=6.0% | Best=6.1%(@2880)
  from x3: 0.07 0.06 0.06 0.06 0.06 0.06 0.06 0.06 0.06 0.06 0.06 0.06 0.06
  per-rule acc: 0.06 0.06
Epoch 3180 | Train: Loss=0.0193 Acc=99.9% | Test: Acc=5.8% | Best=6.1%(@2880)
  from x3: 0.07 0.06 0.06 0.06 0.06 0.06 0.06 0.06 0.06 0.06 0.06 0.06 0.06
  per-rule acc: 0.06 0.06
Epoch 3200 | Train: Loss=0.0104 Acc=99.9% | Test: Acc=6.1% | Best=6.1%(@2880)
  from x3: 0.06 0.06 0.06 0.06 0.06 0.06 0.06 0.06 0.06 0.06 0.06 0.06 0.06
  per-rule acc: 0.06 0.06
Epoch 3220 | Train: Loss=0.0188 Acc=99.9% | Test: Acc=6.2% | Best=6.2%(@3220)
  from x3: 0.07 0.06 0.06 0.06 0.06 0.06 0.06 0.06 0.06 0.06 0.06 0.06 0.06
  per-rule acc: 0.06 0.06
Epoch 3240 | Train: Loss=0.0092 Acc=99.9% | Test: Acc=5.7% | Best=6.2%(@3220)
  from x3: 0.07 0.06 0.06 0.06 0.06 0.06 0.06 0.06 0.06 0.06 0.06 0.06 0.06
  per-rule acc: 0.06 0.05
Epoch 3260 | Train: Loss=0.0105 Acc=99.9% | Test: Acc=5.8% | Best=6.2%(@3220)
  from x3: 0.07 0.06 0.06 0.06 0.06 0.06 0.06 0.06 0.06 0.06 0.06 0.06 0.06
  per-rule acc: 0.06 0.06
Epoch 3280 | Train: Loss=0.0253 Acc=99.9% | Test: Acc=6.0% | Best=6.2%(@3220)
  from x3: 0.07 0.06 0.06 0.06 0.06 0.06 0.06 0.06 0.06 0.06 0.06 0.06 0.06
  per-rule acc: 0.07 0.05
Epoch 3300 | Train: Loss=0.0070 Acc=99.9% | Test: Acc=6.1% | Best=6.2%(@3220)
  from x3: 0.07 0.06 0.06 0.06 0.06 0.06 0.06 0.06 0.06 0.06 0.06 0.06 0.06
  per-rule acc: 0.06 0.06
Epoch 3320 | Train: Loss=0.0092 Acc=99.9% | Test: Acc=5.8% | Best=6.2%(@3220)
  from x3: 0.07 0.06 0.06 0.06 0.06 0.06 0.06 0.06 0.06 0.06 0.06 0.06 0.06
  per-rule acc: 0.06 0.05
Epoch 3340 | Train: Loss=0.0139 Acc=99.9% | Test: Acc=5.5% | Best=6.2%(@3220)
  from x3: 0.07 0.06 0.05 0.05 0.05 0.05 0.05 0.05 0.05 0.05 0.05 0.05 0.05
  per-rule acc: 0.06 0.05
Epoch 3360 | Train: Loss=0.0110 Acc=99.9% | Test: Acc=6.1% | Best=6.2%(@3220)
  from x3: 0.07 0.06 0.06 0.06 0.06 0.06 0.06 0.06 0.06 0.06 0.06 0.06 0.06
  per-rule acc: 0.07 0.06
Epoch 3380 | Train: Loss=0.0072 Acc=99.9% | Test: Acc=5.9% | Best=6.2%(@3220)
  from x3: 0.07 0.06 0.06 0.06 0.06 0.06 0.06 0.06 0.06 0.06 0.06 0.06 0.06
  per-rule acc: 0.06 0.06
Epoch 3400 | Train: Loss=0.0097 Acc=99.9% | Test: Acc=5.8% | Best=6.2%(@3220)
  from x3: 0.06 0.06 0.06 0.06 0.06 0.06 0.06 0.06 0.06 0.06 0.06 0.06 0.06
  per-rule acc: 0.06 0.05
Epoch 3420 | Train: Loss=0.0176 Acc=99.9% | Test: Acc=6.3% | Best=6.3%(@3420)
  from x3: 0.07 0.06 0.06 0.06 0.06 0.06 0.06 0.06 0.06 0.06 0.06 0.06 0.06
  per-rule acc: 0.07 0.06
Epoch 3440 | Train: Loss=0.0084 Acc=99.9% | Test: Acc=6.0% | Best=6.3%(@3420)
  from x3: 0.06 0.06 0.06 0.06 0.06 0.06 0.06 0.06 0.06 0.06 0.06 0.06 0.06
  per-rule acc: 0.07 0.05
Epoch 3460 | Train: Loss=0.0171 Acc=99.9% | Test: Acc=6.2% | Best=6.3%(@3420)
  from x3: 0.07 0.06 0.06 0.06 0.06 0.06 0.06 0.06 0.06 0.06 0.06 0.06 0.06
  per-rule acc: 0.06 0.06
Epoch 3480 | Train: Loss=0.0079 Acc=99.9% | Test: Acc=6.0% | Best=6.3%(@3420)
  from x3: 0.07 0.06 0.06 0.06 0.06 0.06 0.06 0.06 0.06 0.06 0.06 0.06 0.06
  per-rule acc: 0.06 0.06
Epoch 3500 | Train: Loss=0.0116 Acc=99.9% | Test: Acc=5.8% | Best=6.3%(@3420)
  from x3: 0.07 0.06 0.06 0.06 0.06 0.06 0.06 0.06 0.06 0.06 0.06 0.06 0.06
  per-rule acc: 0.06 0.06
Epoch 3520 | Train: Loss=0.0223 Acc=99.9% | Test: Acc=6.2% | Best=6.3%(@3420)
  from x3: 0.07 0.06 0.06 0.06 0.06 0.06 0.06 0.06 0.06 0.06 0.06 0.06 0.06
  per-rule acc: 0.07 0.06
Epoch 3540 | Train: Loss=0.0086 Acc=99.9% | Test: Acc=6.0% | Best=6.3%(@3420)
  from x3: 0.07 0.06 0.06 0.06 0.06 0.06 0.06 0.06 0.06 0.06 0.06 0.06 0.06
  per-rule acc: 0.06 0.06
Epoch 3560 | Train: Loss=0.0170 Acc=99.9% | Test: Acc=5.9% | Best=6.3%(@3420)
  from x3: 0.07 0.06 0.06 0.06 0.06 0.06 0.06 0.06 0.06 0.06 0.06 0.06 0.06
  per-rule acc: 0.07 0.05
Epoch 3580 | Train: Loss=0.0081 Acc=99.9% | Test: Acc=5.9% | Best=6.3%(@3420)
  from x3: 0.07 0.06 0.06 0.06 0.06 0.06 0.06 0.06 0.06 0.06 0.06 0.06 0.06
  per-rule acc: 0.06 0.06
Epoch 3600 | Train: Loss=0.0123 Acc=99.9% | Test: Acc=5.7% | Best=6.3%(@3420)
  from x3: 0.07 0.06 0.06 0.06 0.06 0.06 0.06 0.06 0.06 0.06 0.06 0.06 0.06
  per-rule acc: 0.06 0.06
Epoch 3620 | Train: Loss=0.0082 Acc=99.9% | Test: Acc=5.8% | Best=6.3%(@3420)
  from x3: 0.07 0.06 0.06 0.06 0.06 0.06 0.06 0.06 0.06 0.06 0.06 0.06 0.06
  per-rule acc: 0.06 0.06
Epoch 3640 | Train: Loss=0.0183 Acc=99.8% | Test: Acc=6.3% | Best=6.3%(@3420)
  from x3: 0.07 0.06 0.06 0.06 0.06 0.06 0.06 0.06 0.06 0.06 0.06 0.06 0.06
  per-rule acc: 0.07 0.06
Epoch 3660 | Train: Loss=0.0077 Acc=99.9% | Test: Acc=5.9% | Best=6.3%(@3420)
  from x3: 0.07 0.06 0.06 0.06 0.06 0.06 0.06 0.06 0.06 0.06 0.06 0.06 0.06
  per-rule acc: 0.06 0.06
Epoch 3680 | Train: Loss=0.0178 Acc=99.9% | Test: Acc=5.8% | Best=6.3%(@3420)
  from x3: 0.07 0.06 0.06 0.06 0.06 0.06 0.06 0.06 0.06 0.06 0.06 0.06 0.06
  per-rule acc: 0.06 0.05
Epoch 3700 | Train: Loss=0.0218 Acc=99.9% | Test: Acc=6.3% | Best=6.3%(@3420)
  from x3: 0.08 0.07 0.06 0.06 0.06 0.06 0.06 0.06 0.06 0.06 0.06 0.06 0.06
  per-rule acc: 0.06 0.07
Epoch 3720 | Train: Loss=0.0091 Acc=99.9% | Test: Acc=5.8% | Best=6.3%(@3420)
  from x3: 0.07 0.06 0.06 0.06 0.06 0.06 0.06 0.06 0.06 0.06 0.06 0.06 0.06
  per-rule acc: 0.06 0.05
Epoch 3740 | Train: Loss=0.0201 Acc=99.9% | Test: Acc=6.3% | Best=6.3%(@3740)
  from x3: 0.08 0.07 0.06 0.06 0.06 0.06 0.06 0.06 0.06 0.06 0.06 0.06 0.06
  per-rule acc: 0.07 0.06
Epoch 3760 | Train: Loss=0.0112 Acc=99.9% | Test: Acc=6.2% | Best=6.3%(@3740)
  from x3: 0.07 0.06 0.06 0.06 0.06 0.06 0.06 0.06 0.06 0.06 0.06 0.06 0.06
  per-rule acc: 0.07 0.06
Epoch 3780 | Train: Loss=0.0204 Acc=99.9% | Test: Acc=6.0% | Best=6.3%(@3740)
  from x3: 0.07 0.06 0.06 0.06 0.06 0.06 0.06 0.06 0.06 0.06 0.06 0.06 0.06
  per-rule acc: 0.06 0.06
Epoch 3800 | Train: Loss=0.0066 Acc=99.9% | Test: Acc=6.0% | Best=6.3%(@3740)
  from x3: 0.07 0.06 0.06 0.06 0.06 0.06 0.06 0.06 0.06 0.06 0.06 0.06 0.06
  per-rule acc: 0.07 0.06
Epoch 3820 | Train: Loss=0.0178 Acc=99.9% | Test: Acc=6.5% | Best=6.5%(@3820)
  from x3: 0.08 0.07 0.06 0.06 0.06 0.06 0.06 0.06 0.06 0.06 0.06 0.06 0.06
  per-rule acc: 0.07 0.06
Epoch 3840 | Train: Loss=0.0099 Acc=99.9% | Test: Acc=6.1% | Best=6.5%(@3820)
  from x3: 0.07 0.06 0.06 0.06 0.06 0.06 0.06 0.06 0.06 0.06 0.06 0.06 0.06
  per-rule acc: 0.06 0.06
Epoch 3860 | Train: Loss=0.0077 Acc=99.9% | Test: Acc=6.3% | Best=6.5%(@3820)
  from x3: 0.07 0.06 0.06 0.06 0.06 0.06 0.06 0.06 0.06 0.06 0.06 0.06 0.06
  per-rule acc: 0.07 0.06
Epoch 3880 | Train: Loss=0.0202 Acc=99.9% | Test: Acc=6.1% | Best=6.5%(@3820)
  from x3: 0.07 0.06 0.06 0.06 0.06 0.06 0.06 0.06 0.06 0.06 0.06 0.06 0.06
  per-rule acc: 0.06 0.06
Epoch 3900 | Train: Loss=0.0102 Acc=99.9% | Test: Acc=6.5% | Best=6.5%(@3900)
  from x3: 0.08 0.07 0.06 0.06 0.06 0.06 0.06 0.06 0.06 0.06 0.06 0.06 0.06
  per-rule acc: 0.07 0.06
Epoch 3920 | Train: Loss=0.0185 Acc=99.9% | Test: Acc=6.5% | Best=6.5%(@3900)
  from x3: 0.07 0.07 0.07 0.06 0.06 0.06 0.06 0.06 0.06 0.06 0.06 0.06 0.06
  per-rule acc: 0.07 0.06
Epoch 3940 | Train: Loss=0.0100 Acc=99.9% | Test: Acc=5.8% | Best=6.5%(@3900)
  from x3: 0.07 0.06 0.06 0.06 0.06 0.06 0.06 0.06 0.06 0.06 0.06 0.06 0.06
  per-rule acc: 0.06 0.06
Epoch 3960 | Train: Loss=0.0179 Acc=99.9% | Test: Acc=6.1% | Best=6.5%(@3900)
  from x3: 0.07 0.06 0.06 0.06 0.06 0.06 0.06 0.06 0.06 0.06 0.06 0.06 0.06
  per-rule acc: 0.06 0.06
Epoch 3980 | Train: Loss=0.0060 Acc=99.9% | Test: Acc=6.5% | Best=6.5%(@3980)
  from x3: 0.07 0.07 0.06 0.06 0.06 0.06 0.06 0.06 0.06 0.06 0.06 0.06 0.06
  per-rule acc: 0.07 0.06
Epoch 4000 | Train: Loss=0.0160 Acc=99.9% | Test: Acc=6.6% | Best=6.6%(@4000)
  from x3: 0.08 0.07 0.07 0.06 0.06 0.06 0.06 0.06 0.06 0.06 0.06 0.06 0.06
  per-rule acc: 0.07 0.07
Epoch 4020 | Train: Loss=0.0078 Acc=99.9% | Test: Acc=6.3% | Best=6.6%(@4000)
  from x3: 0.08 0.07 0.06 0.06 0.06 0.06 0.06 0.06 0.06 0.06 0.06 0.06 0.06
  per-rule acc: 0.07 0.06
Epoch 4040 | Train: Loss=0.0160 Acc=99.9% | Test: Acc=6.3% | Best=6.6%(@4000)
  from x3: 0.08 0.07 0.06 0.06 0.06 0.06 0.06 0.06 0.06 0.06 0.06 0.06 0.06
  per-rule acc: 0.07 0.06
Epoch 4060 | Train: Loss=0.0111 Acc=99.9% | Test: Acc=6.6% | Best=6.6%(@4060)
  from x3: 0.08 0.07 0.07 0.07 0.06 0.07 0.07 0.06 0.06 0.07 0.06 0.06 0.07
  per-rule acc: 0.07 0.06
Epoch 4080 | Train: Loss=0.0071 Acc=99.9% | Test: Acc=6.7% | Best=6.7%(@4080)
  from x3: 0.08 0.07 0.07 0.07 0.07 0.07 0.07 0.07 0.07 0.07 0.07 0.07 0.06
  per-rule acc: 0.07 0.07
Epoch 4100 | Train: Loss=0.0252 Acc=99.9% | Test: Acc=6.8% | Best=6.8%(@4100)
  from x3: 0.08 0.07 0.07 0.07 0.07 0.07 0.07 0.07 0.07 0.07 0.07 0.07 0.07
  per-rule acc: 0.07 0.07
Epoch 4120 | Train: Loss=0.0072 Acc=99.9% | Test: Acc=6.6% | Best=6.8%(@4100)
  from x3: 0.08 0.07 0.07 0.06 0.07 0.06 0.06 0.06 0.06 0.06 0.06 0.06 0.06
  per-rule acc: 0.07 0.06
Epoch 4140 | Train: Loss=0.0107 Acc=99.9% | Test: Acc=6.7% | Best=6.8%(@4100)
  from x3: 0.08 0.07 0.07 0.07 0.07 0.07 0.07 0.07 0.07 0.07 0.07 0.07 0.07
  per-rule acc: 0.07 0.06
Epoch 4160 | Train: Loss=0.0175 Acc=99.9% | Test: Acc=6.4% | Best=6.8%(@4100)
  from x3: 0.08 0.07 0.06 0.06 0.06 0.06 0.06 0.06 0.06 0.06 0.06 0.06 0.06
  per-rule acc: 0.07 0.06
Epoch 4180 | Train: Loss=0.0106 Acc=99.9% | Test: Acc=6.7% | Best=6.8%(@4100)
  from x3: 0.08 0.07 0.07 0.07 0.07 0.07 0.07 0.07 0.07 0.06 0.07 0.07 0.07
  per-rule acc: 0.07 0.06
Epoch 4200 | Train: Loss=0.0097 Acc=99.9% | Test: Acc=6.6% | Best=6.8%(@4100)
  from x3: 0.08 0.06 0.07 0.07 0.07 0.07 0.07 0.07 0.07 0.07 0.06 0.06 0.06
  per-rule acc: 0.07 0.06
Epoch 4220 | Train: Loss=0.0088 Acc=99.9% | Test: Acc=6.3% | Best=6.8%(@4100)
  from x3: 0.08 0.07 0.06 0.06 0.06 0.06 0.06 0.06 0.06 0.06 0.06 0.06 0.06
  per-rule acc: 0.07 0.06
Epoch 4240 | Train: Loss=0.0142 Acc=99.9% | Test: Acc=6.6% | Best=6.8%(@4100)
  from x3: 0.08 0.07 0.07 0.06 0.06 0.06 0.06 0.06 0.06 0.06 0.06 0.06 0.06
  per-rule acc: 0.06 0.07
Epoch 4260 | Train: Loss=0.0093 Acc=99.9% | Test: Acc=6.4% | Best=6.8%(@4100)
  from x3: 0.08 0.07 0.06 0.06 0.06 0.06 0.06 0.06 0.06 0.06 0.06 0.06 0.06
  per-rule acc: 0.06 0.06
Epoch 4280 | Train: Loss=0.0154 Acc=99.9% | Test: Acc=6.1% | Best=6.8%(@4100)
  from x3: 0.07 0.06 0.06 0.06 0.06 0.06 0.06 0.06 0.06 0.06 0.06 0.06 0.06
  per-rule acc: 0.06 0.06
Epoch 4300 | Train: Loss=0.0085 Acc=99.9% | Test: Acc=6.6% | Best=6.8%(@4100)
  from x3: 0.08 0.07 0.07 0.06 0.06 0.06 0.06 0.06 0.06 0.06 0.06 0.06 0.06
  per-rule acc: 0.07 0.06
Epoch 4320 | Train: Loss=0.0082 Acc=99.9% | Test: Acc=6.2% | Best=6.8%(@4100)
  from x3: 0.08 0.07 0.06 0.06 0.06 0.06 0.06 0.06 0.06 0.06 0.06 0.06 0.06
  per-rule acc: 0.06 0.06
Epoch 4340 | Train: Loss=0.0112 Acc=99.9% | Test: Acc=6.3% | Best=6.8%(@4100)
  from x3: 0.08 0.07 0.06 0.06 0.06 0.06 0.06 0.06 0.06 0.06 0.06 0.06 0.06
  per-rule acc: 0.07 0.06
Epoch 4360 | Train: Loss=0.0097 Acc=99.9% | Test: Acc=6.6% | Best=6.8%(@4100)
  from x3: 0.08 0.07 0.07 0.07 0.06 0.07 0.06 0.06 0.06 0.06 0.06 0.06 0.06
  per-rule acc: 0.07 0.06
Epoch 4380 | Train: Loss=0.0189 Acc=99.9% | Test: Acc=6.5% | Best=6.8%(@4100)
  from x3: 0.08 0.07 0.06 0.06 0.06 0.06 0.06 0.06 0.06 0.06 0.06 0.06 0.06
  per-rule acc: 0.07 0.06
Epoch 4400 | Train: Loss=0.0071 Acc=99.9% | Test: Acc=6.6% | Best=6.8%(@4100)
  from x3: 0.08 0.06 0.07 0.07 0.06 0.06 0.06 0.06 0.07 0.06 0.06 0.06 0.06
  per-rule acc: 0.07 0.06
Epoch 4420 | Train: Loss=0.0217 Acc=99.9% | Test: Acc=6.8% | Best=6.8%(@4100)
  from x3: 0.08 0.07 0.07 0.07 0.07 0.07 0.07 0.07 0.07 0.07 0.07 0.07 0.07
  per-rule acc: 0.07 0.07
Epoch 4440 | Train: Loss=0.0112 Acc=99.9% | Test: Acc=6.8% | Best=6.8%(@4440)
  from x3: 0.08 0.07 0.07 0.07 0.07 0.07 0.07 0.07 0.07 0.07 0.07 0.07 0.07
  per-rule acc: 0.07 0.07
Epoch 4460 | Train: Loss=0.0196 Acc=99.9% | Test: Acc=6.6% | Best=6.8%(@4440)
  from x3: 0.08 0.07 0.06 0.07 0.07 0.07 0.06 0.06 0.06 0.06 0.06 0.06 0.06
  per-rule acc: 0.07 0.06
Epoch 4480 | Train: Loss=0.0075 Acc=99.9% | Test: Acc=6.6% | Best=6.8%(@4440)
  from x3: 0.08 0.07 0.06 0.06 0.06 0.06 0.06 0.06 0.06 0.06 0.06 0.06 0.06
  per-rule acc: 0.07 0.06
Epoch 4500 | Train: Loss=0.0091 Acc=99.9% | Test: Acc=6.4% | Best=6.8%(@4440)
  from x3: 0.08 0.06 0.06 0.06 0.06 0.06 0.06 0.06 0.06 0.06 0.06 0.06 0.06
  per-rule acc: 0.07 0.06
Epoch 4520 | Train: Loss=0.0189 Acc=99.9% | Test: Acc=7.0% | Best=7.0%(@4520)
  from x3: 0.08 0.07 0.07 0.07 0.07 0.07 0.07 0.07 0.07 0.07 0.07 0.07 0.07
  per-rule acc: 0.07 0.07
Epoch 4540 | Train: Loss=0.0134 Acc=99.8% | Test: Acc=6.5% | Best=7.0%(@4520)
  from x3: 0.08 0.07 0.06 0.06 0.06 0.06 0.06 0.06 0.06 0.06 0.06 0.06 0.06
  per-rule acc: 0.07 0.06
Epoch 4560 | Train: Loss=0.0079 Acc=99.9% | Test: Acc=6.7% | Best=7.0%(@4520)
  from x3: 0.08 0.07 0.07 0.06 0.07 0.07 0.07 0.06 0.07 0.07 0.06 0.06 0.06
  per-rule acc: 0.07 0.07
Epoch 4580 | Train: Loss=0.0174 Acc=99.9% | Test: Acc=7.2% | Best=7.2%(@4580)
  from x3: 0.09 0.07 0.07 0.07 0.07 0.07 0.07 0.07 0.07 0.07 0.07 0.07 0.07
  per-rule acc: 0.08 0.07
Epoch 4600 | Train: Loss=0.0110 Acc=99.9% | Test: Acc=6.6% | Best=7.2%(@4580)
  from x3: 0.08 0.07 0.07 0.06 0.07 0.07 0.06 0.06 0.06 0.06 0.06 0.06 0.06
  per-rule acc: 0.07 0.06
Epoch 4620 | Train: Loss=0.0222 Acc=100.0% | Test: Acc=6.3% | Best=7.2%(@4580)
  from x3: 0.07 0.06 0.06 0.06 0.06 0.06 0.06 0.06 0.06 0.06 0.06 0.06 0.06
  per-rule acc: 0.07 0.06
Epoch 4640 | Train: Loss=0.0153 Acc=100.0% | Test: Acc=7.1% | Best=7.2%(@4580)
  from x3: 0.08 0.07 0.07 0.07 0.07 0.07 0.07 0.07 0.07 0.07 0.07 0.07 0.07
  per-rule acc: 0.08 0.07
Epoch 4660 | Train: Loss=0.0081 Acc=99.9% | Test: Acc=6.6% | Best=7.2%(@4580)
  from x3: 0.08 0.07 0.07 0.06 0.06 0.06 0.06 0.06 0.06 0.06 0.06 0.06 0.06
  per-rule acc: 0.06 0.07
Epoch 4680 | Train: Loss=0.0088 Acc=99.9% | Test: Acc=6.3% | Best=7.2%(@4580)
  from x3: 0.08 0.06 0.06 0.06 0.06 0.06 0.06 0.06 0.06 0.06 0.06 0.06 0.06
  per-rule acc: 0.06 0.06
Epoch 4700 | Train: Loss=0.0152 Acc=99.9% | Test: Acc=6.6% | Best=7.2%(@4580)
  from x3: 0.08 0.07 0.06 0.06 0.06 0.06 0.06 0.06 0.06 0.06 0.06 0.06 0.06
  per-rule acc: 0.07 0.06
Epoch 4720 | Train: Loss=0.0068 Acc=99.9% | Test: Acc=7.0% | Best=7.2%(@4580)
  from x3: 0.08 0.07 0.07 0.07 0.07 0.07 0.07 0.07 0.07 0.07 0.07 0.07 0.07
  per-rule acc: 0.07 0.07
Epoch 4740 | Train: Loss=0.0059 Acc=99.9% | Test: Acc=6.8% | Best=7.2%(@4580)
  from x3: 0.08 0.07 0.07 0.07 0.07 0.07 0.07 0.07 0.07 0.07 0.07 0.07 0.07
  per-rule acc: 0.07 0.07
Epoch 4760 | Train: Loss=0.0103 Acc=99.9% | Test: Acc=6.5% | Best=7.2%(@4580)
  from x3: 0.08 0.07 0.06 0.06 0.06 0.06 0.06 0.06 0.06 0.06 0.06 0.06 0.06
  per-rule acc: 0.06 0.07
Epoch 4780 | Train: Loss=0.0139 Acc=99.9% | Test: Acc=6.8% | Best=7.2%(@4580)
  from x3: 0.08 0.07 0.07 0.07 0.07 0.07 0.07 0.07 0.07 0.07 0.07 0.07 0.07
  per-rule acc: 0.07 0.07
Epoch 4800 | Train: Loss=0.0066 Acc=99.9% | Test: Acc=6.8% | Best=7.2%(@4580)
  from x3: 0.08 0.07 0.07 0.07 0.07 0.07 0.07 0.07 0.07 0.07 0.07 0.07 0.07
  per-rule acc: 0.07 0.07
Epoch 4820 | Train: Loss=0.0156 Acc=99.9% | Test: Acc=6.8% | Best=7.2%(@4580)
  from x3: 0.08 0.07 0.07 0.07 0.07 0.07 0.07 0.07 0.07 0.07 0.07 0.07 0.07
  per-rule acc: 0.07 0.07
Epoch 4840 | Train: Loss=0.0099 Acc=99.9% | Test: Acc=7.2% | Best=7.2%(@4840)
  from x3: 0.08 0.07 0.07 0.07 0.07 0.07 0.07 0.07 0.07 0.07 0.07 0.07 0.07
  per-rule acc: 0.08 0.06
Epoch 4860 | Train: Loss=0.0066 Acc=99.9% | Test: Acc=6.9% | Best=7.2%(@4840)
  from x3: 0.08 0.07 0.07 0.07 0.07 0.07 0.07 0.07 0.07 0.07 0.07 0.07 0.07
  per-rule acc: 0.07 0.07
Epoch 4880 | Train: Loss=0.0146 Acc=99.9% | Test: Acc=6.8% | Best=7.2%(@4840)
  from x3: 0.08 0.07 0.07 0.07 0.07 0.07 0.07 0.07 0.07 0.07 0.07 0.07 0.07
  per-rule acc: 0.07 0.06
Epoch 4900 | Train: Loss=0.0077 Acc=99.9% | Test: Acc=6.9% | Best=7.2%(@4840)
  from x3: 0.08 0.07 0.07 0.07 0.07 0.07 0.07 0.07 0.07 0.07 0.07 0.07 0.07
  per-rule acc: 0.07 0.06
Epoch 4920 | Train: Loss=0.0102 Acc=99.9% | Test: Acc=7.2% | Best=7.2%(@4840)
  from x3: 0.08 0.07 0.07 0.07 0.07 0.07 0.07 0.07 0.07 0.07 0.07 0.07 0.07
  per-rule acc: 0.07 0.07
Epoch 4940 | Train: Loss=0.0071 Acc=99.9% | Test: Acc=6.9% | Best=7.2%(@4840)
  from x3: 0.08 0.07 0.07 0.07 0.07 0.07 0.07 0.07 0.07 0.07 0.07 0.07 0.07
  per-rule acc: 0.07 0.07
Epoch 4960 | Train: Loss=0.0254 Acc=99.9% | Test: Acc=6.6% | Best=7.2%(@4840)
  from x3: 0.08 0.07 0.07 0.07 0.06 0.06 0.06 0.06 0.06 0.06 0.06 0.06 0.06
  per-rule acc: 0.06 0.07
Epoch 4980 | Train: Loss=0.0060 Acc=99.9% | Test: Acc=7.0% | Best=7.2%(@4840)
  from x3: 0.08 0.07 0.07 0.07 0.07 0.07 0.07 0.07 0.07 0.07 0.07 0.07 0.07
  per-rule acc: 0.07 0.07
Epoch 5000 | Train: Loss=0.0168 Acc=99.9% | Test: Acc=7.0% | Best=7.2%(@4840)
  from x3: 0.09 0.07 0.07 0.07 0.07 0.07 0.07 0.07 0.07 0.07 0.07 0.07 0.07
  per-rule acc: 0.08 0.07
Epoch 5020 | Train: Loss=0.0064 Acc=100.0% | Test: Acc=6.9% | Best=7.2%(@4840)
  from x3: 0.08 0.07 0.07 0.07 0.07 0.07 0.07 0.07 0.07 0.07 0.07 0.07 0.07
  per-rule acc: 0.07 0.07
Epoch 5040 | Train: Loss=0.0194 Acc=99.9% | Test: Acc=6.5% | Best=7.2%(@4840)
  from x3: 0.09 0.07 0.06 0.06 0.06 0.06 0.06 0.06 0.06 0.06 0.06 0.06 0.06
  per-rule acc: 0.06 0.07
Epoch 5060 | Train: Loss=0.0063 Acc=99.9% | Test: Acc=7.1% | Best=7.2%(@4840)
  from x3: 0.08 0.07 0.07 0.07 0.07 0.07 0.07 0.07 0.07 0.07 0.07 0.07 0.07
  per-rule acc: 0.08 0.07
Epoch 5080 | Train: Loss=0.0088 Acc=99.9% | Test: Acc=6.8% | Best=7.2%(@4840)
  from x3: 0.08 0.07 0.07 0.07 0.07 0.07 0.07 0.07 0.07 0.07 0.07 0.07 0.07
  per-rule acc: 0.07 0.06
Epoch 5100 | Train: Loss=0.0080 Acc=99.9% | Test: Acc=6.8% | Best=7.2%(@4840)
  from x3: 0.08 0.07 0.07 0.07 0.07 0.07 0.07 0.07 0.07 0.07 0.07 0.07 0.07
  per-rule acc: 0.07 0.06
Epoch 5120 | Train: Loss=0.0074 Acc=99.9% | Test: Acc=6.8% | Best=7.2%(@4840)
  from x3: 0.08 0.07 0.07 0.07 0.07 0.07 0.07 0.07 0.07 0.07 0.07 0.07 0.07
  per-rule acc: 0.07 0.06
Epoch 5140 | Train: Loss=0.0073 Acc=99.9% | Test: Acc=6.6% | Best=7.2%(@4840)
  from x3: 0.08 0.07 0.07 0.06 0.06 0.06 0.06 0.06 0.06 0.06 0.06 0.06 0.06
  per-rule acc: 0.07 0.06
Epoch 5160 | Train: Loss=0.0120 Acc=99.9% | Test: Acc=6.5% | Best=7.2%(@4840)
  from x3: 0.09 0.07 0.07 0.06 0.06 0.06 0.06 0.06 0.06 0.06 0.06 0.06 0.06
  per-rule acc: 0.07 0.06
Epoch 5180 | Train: Loss=0.0070 Acc=99.9% | Test: Acc=7.1% | Best=7.2%(@4840)
  from x3: 0.08 0.07 0.07 0.07 0.07 0.07 0.07 0.07 0.07 0.07 0.07 0.07 0.07
  per-rule acc: 0.07 0.07
Epoch 5200 | Train: Loss=0.0073 Acc=99.9% | Test: Acc=6.9% | Best=7.2%(@4840)
  from x3: 0.08 0.07 0.07 0.07 0.07 0.07 0.07 0.07 0.07 0.07 0.07 0.07 0.07
  per-rule acc: 0.07 0.07
Epoch 5220 | Train: Loss=0.0149 Acc=99.9% | Test: Acc=6.9% | Best=7.2%(@4840)
  from x3: 0.08 0.07 0.07 0.07 0.07 0.07 0.07 0.07 0.07 0.07 0.07 0.07 0.07
  per-rule acc: 0.07 0.06
Epoch 5240 | Train: Loss=0.0060 Acc=99.9% | Test: Acc=7.0% | Best=7.2%(@4840)
  from x3: 0.08 0.07 0.07 0.07 0.07 0.07 0.07 0.07 0.07 0.07 0.07 0.07 0.07
  per-rule acc: 0.07 0.07
Epoch 5260 | Train: Loss=0.0056 Acc=99.9% | Test: Acc=7.1% | Best=7.2%(@4840)
  from x3: 0.08 0.07 0.07 0.07 0.07 0.07 0.07 0.07 0.07 0.07 0.07 0.07 0.07
  per-rule acc: 0.08 0.07
Epoch 5280 | Train: Loss=0.0112 Acc=99.9% | Test: Acc=6.6% | Best=7.2%(@4840)
  from x3: 0.08 0.07 0.07 0.07 0.06 0.06 0.06 0.06 0.06 0.06 0.06 0.06 0.06
  per-rule acc: 0.07 0.06
Epoch 5300 | Train: Loss=0.0089 Acc=99.9% | Test: Acc=6.9% | Best=7.2%(@4840)
  from x3: 0.08 0.07 0.07 0.07 0.07 0.07 0.07 0.07 0.07 0.07 0.07 0.07 0.07
  per-rule acc: 0.08 0.06
Epoch 5320 | Train: Loss=0.0074 Acc=99.9% | Test: Acc=6.6% | Best=7.2%(@4840)
  from x3: 0.09 0.07 0.06 0.07 0.06 0.06 0.06 0.06 0.06 0.06 0.06 0.06 0.06
  per-rule acc: 0.07 0.06
Epoch 5340 | Train: Loss=0.0095 Acc=99.9% | Test: Acc=6.5% | Best=7.2%(@4840)
  from x3: 0.08 0.07 0.07 0.06 0.06 0.06 0.06 0.06 0.06 0.06 0.06 0.06 0.06
  per-rule acc: 0.07 0.06
Epoch 5360 | Train: Loss=0.0064 Acc=99.9% | Test: Acc=7.1% | Best=7.2%(@4840)
  from x3: 0.08 0.07 0.07 0.07 0.07 0.07 0.07 0.07 0.07 0.07 0.07 0.07 0.07
  per-rule acc: 0.07 0.07
Epoch 5380 | Train: Loss=0.0128 Acc=99.9% | Test: Acc=6.4% | Best=7.2%(@4840)
  from x3: 0.08 0.07 0.06 0.06 0.06 0.06 0.06 0.06 0.06 0.06 0.06 0.06 0.06
  per-rule acc: 0.07 0.06
Epoch 5400 | Train: Loss=0.0054 Acc=99.9% | Test: Acc=7.2% | Best=7.2%(@4840)
  from x3: 0.09 0.07 0.07 0.07 0.07 0.07 0.07 0.07 0.07 0.07 0.07 0.07 0.07
  per-rule acc: 0.08 0.07
Epoch 5420 | Train: Loss=0.0078 Acc=99.9% | Test: Acc=6.9% | Best=7.2%(@4840)
  from x3: 0.08 0.07 0.07 0.07 0.07 0.07 0.07 0.07 0.07 0.07 0.07 0.07 0.07
  per-rule acc: 0.07 0.06
Epoch 5440 | Train: Loss=0.0065 Acc=99.9% | Test: Acc=7.1% | Best=7.2%(@4840)
  from x3: 0.08 0.07 0.07 0.07 0.07 0.07 0.07 0.07 0.07 0.07 0.07 0.07 0.07
  per-rule acc: 0.07 0.07
Epoch 5460 | Train: Loss=0.0121 Acc=99.9% | Test: Acc=7.0% | Best=7.2%(@4840)
  from x3: 0.08 0.07 0.07 0.07 0.07 0.07 0.07 0.07 0.07 0.07 0.07 0.07 0.07
  per-rule acc: 0.08 0.06
Epoch 5480 | Train: Loss=0.0060 Acc=99.9% | Test: Acc=7.2% | Best=7.2%(@4840)
  from x3: 0.08 0.08 0.07 0.07 0.07 0.07 0.07 0.07 0.07 0.07 0.07 0.07 0.07
  per-rule acc: 0.07 0.07
Epoch 5500 | Train: Loss=0.0081 Acc=99.9% | Test: Acc=6.6% | Best=7.2%(@4840)
  from x3: 0.08 0.06 0.07 0.06 0.06 0.06 0.06 0.06 0.07 0.06 0.06 0.06 0.06
  per-rule acc: 0.07 0.07
Epoch 5520 | Train: Loss=0.0058 Acc=99.9% | Test: Acc=7.1% | Best=7.2%(@4840)
  from x3: 0.08 0.07 0.07 0.07 0.07 0.07 0.07 0.07 0.07 0.07 0.07 0.07 0.07
  per-rule acc: 0.07 0.07
Epoch 5540 | Train: Loss=0.0114 Acc=99.9% | Test: Acc=6.8% | Best=7.2%(@4840)
  from x3: 0.08 0.07 0.07 0.07 0.07 0.07 0.07 0.07 0.07 0.07 0.07 0.07 0.07
  per-rule acc: 0.07 0.06
Epoch 5560 | Train: Loss=0.0051 Acc=99.9% | Test: Acc=6.8% | Best=7.2%(@4840)
  from x3: 0.08 0.07 0.07 0.07 0.07 0.07 0.07 0.07 0.07 0.07 0.07 0.07 0.07
  per-rule acc: 0.08 0.06
Epoch 5580 | Train: Loss=0.0166 Acc=99.9% | Test: Acc=6.5% | Best=7.2%(@4840)
  from x3: 0.08 0.07 0.06 0.06 0.06 0.06 0.06 0.06 0.06 0.06 0.06 0.06 0.06
  per-rule acc: 0.07 0.06
Epoch 5600 | Train: Loss=0.0063 Acc=99.9% | Test: Acc=7.0% | Best=7.2%(@4840)
  from x3: 0.09 0.07 0.07 0.07 0.07 0.07 0.07 0.07 0.07 0.07 0.07 0.07 0.07
  per-rule acc: 0.07 0.07
Epoch 5620 | Train: Loss=0.0127 Acc=99.9% | Test: Acc=6.6% | Best=7.2%(@4840)
  from x3: 0.08 0.07 0.07 0.06 0.06 0.06 0.06 0.06 0.06 0.06 0.06 0.06 0.06
  per-rule acc: 0.07 0.06
Epoch 5640 | Train: Loss=0.0058 Acc=99.9% | Test: Acc=7.2% | Best=7.2%(@4840)
  from x3: 0.08 0.08 0.07 0.07 0.07 0.07 0.07 0.07 0.07 0.07 0.07 0.07 0.07
  per-rule acc: 0.08 0.07
Epoch 5660 | Train: Loss=0.0062 Acc=99.9% | Test: Acc=6.7% | Best=7.2%(@4840)
  from x3: 0.09 0.07 0.07 0.07 0.07 0.06 0.06 0.06 0.06 0.06 0.06 0.06 0.06
  per-rule acc: 0.07 0.06
Epoch 5680 | Train: Loss=0.0054 Acc=99.9% | Test: Acc=7.0% | Best=7.2%(@4840)
  from x3: 0.08 0.07 0.07 0.07 0.07 0.07 0.07 0.07 0.07 0.07 0.07 0.07 0.07
  per-rule acc: 0.08 0.06
Epoch 5700 | Train: Loss=0.0064 Acc=99.9% | Test: Acc=7.1% | Best=7.2%(@4840)
  from x3: 0.09 0.08 0.07 0.07 0.07 0.07 0.07 0.07 0.07 0.07 0.07 0.07 0.07
  per-rule acc: 0.07 0.07
Epoch 5720 | Train: Loss=0.0066 Acc=99.9% | Test: Acc=6.7% | Best=7.2%(@4840)
  from x3: 0.08 0.07 0.07 0.07 0.07 0.07 0.07 0.07 0.06 0.06 0.06 0.06 0.06
  per-rule acc: 0.07 0.06
Epoch 5740 | Train: Loss=0.0060 Acc=99.9% | Test: Acc=7.1% | Best=7.2%(@4840)
  from x3: 0.08 0.08 0.07 0.07 0.07 0.07 0.07 0.07 0.07 0.07 0.07 0.07 0.07
  per-rule acc: 0.07 0.07
Epoch 5760 | Train: Loss=0.0161 Acc=99.9% | Test: Acc=6.9% | Best=7.2%(@4840)
  from x3: 0.08 0.07 0.07 0.07 0.07 0.07 0.07 0.07 0.07 0.07 0.07 0.07 0.07
  per-rule acc: 0.07 0.07
Epoch 5780 | Train: Loss=0.0063 Acc=99.9% | Test: Acc=6.9% | Best=7.2%(@4840)
  from x3: 0.08 0.07 0.07 0.07 0.07 0.07 0.07 0.07 0.07 0.07 0.07 0.07 0.07
  per-rule acc: 0.07 0.06
Epoch 5800 | Train: Loss=0.0058 Acc=100.0% | Test: Acc=7.1% | Best=7.2%(@4840)
  from x3: 0.09 0.08 0.07 0.07 0.07 0.07 0.07 0.07 0.07 0.07 0.07 0.07 0.07
  per-rule acc: 0.08 0.07
Epoch 5820 | Train: Loss=0.0139 Acc=99.9% | Test: Acc=6.9% | Best=7.2%(@4840)
  from x3: 0.08 0.07 0.07 0.07 0.07 0.07 0.07 0.07 0.07 0.07 0.07 0.07 0.07
  per-rule acc: 0.07 0.07
Epoch 5840 | Train: Loss=0.0058 Acc=99.9% | Test: Acc=7.3% | Best=7.3%(@5840)
  from x3: 0.08 0.08 0.07 0.07 0.07 0.07 0.07 0.07 0.07 0.07 0.07 0.07 0.07
  per-rule acc: 0.08 0.06
Epoch 5860 | Train: Loss=0.0060 Acc=99.9% | Test: Acc=7.2% | Best=7.3%(@5840)
  from x3: 0.09 0.08 0.07 0.07 0.07 0.07 0.07 0.07 0.07 0.07 0.07 0.07 0.07
  per-rule acc: 0.07 0.07
Epoch 5880 | Train: Loss=0.0113 Acc=99.9% | Test: Acc=7.0% | Best=7.3%(@5840)
  from x3: 0.09 0.07 0.07 0.07 0.07 0.07 0.07 0.07 0.07 0.07 0.07 0.07 0.07
  per-rule acc: 0.08 0.07
Epoch 5900 | Train: Loss=0.0057 Acc=99.9% | Test: Acc=6.9% | Best=7.3%(@5840)
  from x3: 0.08 0.07 0.07 0.07 0.07 0.07 0.07 0.07 0.07 0.07 0.07 0.07 0.07
  per-rule acc: 0.07 0.06
Epoch 5920 | Train: Loss=0.0128 Acc=99.9% | Test: Acc=6.5% | Best=7.3%(@5840)
  from x3: 0.08 0.07 0.06 0.06 0.06 0.06 0.06 0.06 0.06 0.06 0.06 0.06 0.06
  per-rule acc: 0.07 0.06
Epoch 5940 | Train: Loss=0.0134 Acc=99.9% | Test: Acc=7.3% | Best=7.3%(@5840)
  from x3: 0.09 0.08 0.07 0.07 0.07 0.07 0.07 0.07 0.07 0.07 0.07 0.07 0.07
  per-rule acc: 0.07 0.07
Epoch 5960 | Train: Loss=0.0059 Acc=99.9% | Test: Acc=7.0% | Best=7.3%(@5840)
  from x3: 0.08 0.07 0.07 0.07 0.07 0.07 0.07 0.07 0.07 0.07 0.07 0.07 0.07
  per-rule acc: 0.08 0.07
Epoch 5980 | Train: Loss=0.0163 Acc=100.0% | Test: Acc=6.7% | Best=7.3%(@5840)
  from x3: 0.08 0.07 0.07 0.07 0.07 0.07 0.07 0.07 0.06 0.06 0.07 0.06 0.06
  per-rule acc: 0.07 0.06
Epoch 6000 | Train: Loss=0.0060 Acc=99.9% | Test: Acc=7.0% | Best=7.3%(@5840)
  from x3: 0.08 0.07 0.07 0.07 0.07 0.07 0.07 0.07 0.07 0.07 0.07 0.07 0.07
  per-rule acc: 0.07 0.07
Epoch 6020 | Train: Loss=0.0065 Acc=99.9% | Test: Acc=6.9% | Best=7.3%(@5840)
  from x3: 0.08 0.07 0.07 0.07 0.07 0.07 0.07 0.07 0.07 0.07 0.07 0.07 0.07
  per-rule acc: 0.07 0.07
Epoch 6040 | Train: Loss=0.0047 Acc=100.0% | Test: Acc=7.3% | Best=7.3%(@5840)
  from x3: 0.08 0.08 0.07 0.07 0.07 0.07 0.07 0.07 0.07 0.07 0.07 0.07 0.07
  per-rule acc: 0.08 0.07
Epoch 6060 | Train: Loss=0.0144 Acc=99.9% | Test: Acc=6.2% | Best=7.3%(@5840)
  from x3: 0.08 0.07 0.06 0.06 0.06 0.06 0.06 0.06 0.06 0.06 0.06 0.06 0.06
  per-rule acc: 0.06 0.06
Epoch 6080 | Train: Loss=0.0055 Acc=99.9% | Test: Acc=7.3% | Best=7.3%(@5840)
  from x3: 0.09 0.08 0.07 0.07 0.07 0.07 0.07 0.07 0.07 0.07 0.07 0.07 0.07
  per-rule acc: 0.08 0.07
Epoch 6100 | Train: Loss=0.0075 Acc=99.9% | Test: Acc=7.0% | Best=7.3%(@5840)
  from x3: 0.09 0.07 0.07 0.07 0.07 0.07 0.07 0.07 0.07 0.07 0.07 0.07 0.07
  per-rule acc: 0.08 0.06
Epoch 6120 | Train: Loss=0.0058 Acc=99.9% | Test: Acc=7.1% | Best=7.3%(@5840)
  from x3: 0.08 0.08 0.07 0.07 0.07 0.07 0.07 0.07 0.07 0.07 0.07 0.07 0.07
  per-rule acc: 0.07 0.07
Epoch 6140 | Train: Loss=0.0138 Acc=99.9% | Test: Acc=7.1% | Best=7.3%(@5840)
  from x3: 0.08 0.07 0.07 0.07 0.07 0.07 0.07 0.07 0.07 0.07 0.07 0.07 0.07
  per-rule acc: 0.08 0.07
Epoch 6160 | Train: Loss=0.0057 Acc=99.9% | Test: Acc=7.1% | Best=7.3%(@5840)
  from x3: 0.08 0.08 0.07 0.07 0.07 0.07 0.07 0.07 0.07 0.07 0.07 0.07 0.07
  per-rule acc: 0.07 0.07
Epoch 6180 | Train: Loss=0.0204 Acc=99.9% | Test: Acc=6.9% | Best=7.3%(@5840)
  from x3: 0.09 0.07 0.07 0.07 0.07 0.07 0.07 0.07 0.07 0.07 0.07 0.07 0.07
  per-rule acc: 0.07 0.07
Epoch 6200 | Train: Loss=0.0047 Acc=100.0% | Test: Acc=7.1% | Best=7.3%(@5840)
  from x3: 0.08 0.08 0.07 0.07 0.07 0.07 0.07 0.07 0.07 0.07 0.07 0.07 0.07
  per-rule acc: 0.08 0.06
Epoch 6220 | Train: Loss=0.0076 Acc=99.9% | Test: Acc=6.7% | Best=7.3%(@5840)
  from x3: 0.09 0.07 0.07 0.07 0.07 0.06 0.07 0.06 0.06 0.06 0.06 0.06 0.06
  per-rule acc: 0.07 0.07
Epoch 6240 | Train: Loss=0.0051 Acc=99.9% | Test: Acc=7.0% | Best=7.3%(@5840)
  from x3: 0.09 0.08 0.07 0.07 0.07 0.07 0.07 0.07 0.07 0.07 0.07 0.07 0.07
  per-rule acc: 0.08 0.06
Epoch 6260 | Train: Loss=0.0072 Acc=99.9% | Test: Acc=7.1% | Best=7.3%(@5840)
  from x3: 0.09 0.07 0.07 0.07 0.07 0.07 0.07 0.07 0.07 0.07 0.07 0.07 0.07
  per-rule acc: 0.07 0.07
Epoch 6280 | Train: Loss=0.0049 Acc=99.9% | Test: Acc=7.0% | Best=7.3%(@5840)
  from x3: 0.08 0.08 0.07 0.07 0.07 0.07 0.07 0.07 0.07 0.07 0.07 0.07 0.07
  per-rule acc: 0.07 0.06
Epoch 6300 | Train: Loss=0.0056 Acc=99.9% | Test: Acc=7.2% | Best=7.3%(@5840)
  from x3: 0.08 0.08 0.07 0.07 0.07 0.07 0.07 0.07 0.07 0.07 0.07 0.07 0.07
  per-rule acc: 0.07 0.07
Epoch 6320 | Train: Loss=0.0164 Acc=99.9% | Test: Acc=6.7% | Best=7.3%(@5840)
  from x3: 0.08 0.07 0.07 0.06 0.06 0.06 0.06 0.06 0.06 0.06 0.06 0.06 0.06
  per-rule acc: 0.07 0.06
Epoch 6340 | Train: Loss=0.0052 Acc=99.9% | Test: Acc=7.0% | Best=7.3%(@5840)
  from x3: 0.09 0.08 0.07 0.07 0.07 0.07 0.07 0.07 0.07 0.07 0.07 0.07 0.07
  per-rule acc: 0.07 0.07
Epoch 6360 | Train: Loss=0.0079 Acc=99.9% | Test: Acc=7.0% | Best=7.3%(@5840)
  from x3: 0.09 0.08 0.07 0.07 0.07 0.07 0.07 0.07 0.07 0.07 0.07 0.07 0.07
  per-rule acc: 0.07 0.07
Epoch 6380 | Train: Loss=0.0058 Acc=99.9% | Test: Acc=7.4% | Best=7.4%(@6380)
  from x3: 0.09 0.08 0.07 0.07 0.07 0.07 0.07 0.07 0.07 0.07 0.07 0.07 0.07
  per-rule acc: 0.07 0.07
Epoch 6400 | Train: Loss=0.0124 Acc=99.9% | Test: Acc=6.7% | Best=7.4%(@6380)
  from x3: 0.08 0.07 0.07 0.07 0.06 0.06 0.06 0.06 0.06 0.06 0.06 0.06 0.06
  per-rule acc: 0.07 0.06
Epoch 6420 | Train: Loss=0.0051 Acc=99.9% | Test: Acc=7.1% | Best=7.4%(@6380)
  from x3: 0.09 0.07 0.07 0.07 0.07 0.07 0.07 0.07 0.07 0.07 0.07 0.07 0.07
  per-rule acc: 0.07 0.07
Epoch 6440 | Train: Loss=0.0129 Acc=99.9% | Test: Acc=7.1% | Best=7.4%(@6380)
  from x3: 0.09 0.08 0.07 0.07 0.07 0.07 0.07 0.07 0.07 0.07 0.07 0.07 0.07
  per-rule acc: 0.07 0.07
Epoch 6460 | Train: Loss=0.0053 Acc=99.9% | Test: Acc=7.2% | Best=7.4%(@6380)
  from x3: 0.09 0.07 0.07 0.07 0.07 0.07 0.07 0.07 0.07 0.07 0.07 0.07 0.07
  per-rule acc: 0.07 0.07
Epoch 6480 | Train: Loss=0.0050 Acc=99.9% | Test: Acc=7.0% | Best=7.4%(@6380)
  from x3: 0.09 0.07 0.07 0.07 0.07 0.07 0.07 0.07 0.07 0.07 0.07 0.07 0.07
  per-rule acc: 0.08 0.06
Epoch 6500 | Train: Loss=0.0054 Acc=99.9% | Test: Acc=7.2% | Best=7.4%(@6380)
  from x3: 0.09 0.07 0.07 0.07 0.07 0.07 0.07 0.07 0.07 0.07 0.07 0.07 0.07
  per-rule acc: 0.07 0.07
Epoch 6520 | Train: Loss=0.0077 Acc=99.9% | Test: Acc=7.0% | Best=7.4%(@6380)
  from x3: 0.08 0.08 0.07 0.07 0.07 0.07 0.07 0.07 0.07 0.07 0.07 0.07 0.07
  per-rule acc: 0.07 0.07
Epoch 6540 | Train: Loss=0.0051 Acc=99.9% | Test: Acc=6.9% | Best=7.4%(@6380)
  from x3: 0.08 0.07 0.07 0.07 0.07 0.07 0.07 0.07 0.07 0.07 0.07 0.07 0.07
  per-rule acc: 0.07 0.07
Epoch 6560 | Train: Loss=0.0055 Acc=99.9% | Test: Acc=7.1% | Best=7.4%(@6380)
  from x3: 0.08 0.08 0.07 0.07 0.07 0.07 0.07 0.07 0.07 0.07 0.07 0.07 0.07
  per-rule acc: 0.07 0.07
Epoch 6580 | Train: Loss=0.0135 Acc=99.9% | Test: Acc=6.7% | Best=7.4%(@6380)
  from x3: 0.08 0.07 0.07 0.06 0.07 0.07 0.07 0.07 0.06 0.07 0.06 0.06 0.06
  per-rule acc: 0.07 0.07
Epoch 6600 | Train: Loss=0.0051 Acc=99.9% | Test: Acc=7.3% | Best=7.4%(@6380)
  from x3: 0.09 0.08 0.07 0.07 0.07 0.07 0.07 0.07 0.07 0.07 0.07 0.07 0.07
  per-rule acc: 0.07 0.07
Epoch 6620 | Train: Loss=0.0102 Acc=99.9% | Test: Acc=6.6% | Best=7.4%(@6380)
  from x3: 0.08 0.07 0.07 0.06 0.06 0.06 0.06 0.06 0.06 0.06 0.06 0.06 0.06
  per-rule acc: 0.07 0.07
Epoch 6640 | Train: Loss=0.0051 Acc=99.9% | Test: Acc=7.3% | Best=7.4%(@6380)
  from x3: 0.08 0.07 0.07 0.07 0.07 0.07 0.07 0.07 0.07 0.07 0.07 0.07 0.07
  per-rule acc: 0.08 0.07
Epoch 6660 | Train: Loss=0.0138 Acc=99.9% | Test: Acc=7.1% | Best=7.4%(@6380)
  from x3: 0.08 0.08 0.07 0.07 0.07 0.07 0.07 0.07 0.07 0.07 0.07 0.07 0.07
  per-rule acc: 0.07 0.07
Epoch 6680 | Train: Loss=0.0048 Acc=99.9% | Test: Acc=7.2% | Best=7.4%(@6380)
  from x3: 0.09 0.07 0.07 0.07 0.07 0.07 0.07 0.07 0.07 0.07 0.07 0.07 0.07
  per-rule acc: 0.07 0.07
Epoch 6700 | Train: Loss=0.0055 Acc=99.9% | Test: Acc=7.0% | Best=7.4%(@6380)
  from x3: 0.09 0.07 0.07 0.07 0.07 0.07 0.07 0.07 0.07 0.07 0.07 0.07 0.07
  per-rule acc: 0.07 0.07
Epoch 6720 | Train: Loss=0.0053 Acc=99.9% | Test: Acc=6.9% | Best=7.4%(@6380)
  from x3: 0.09 0.07 0.07 0.07 0.07 0.07 0.07 0.07 0.07 0.07 0.07 0.07 0.07
  per-rule acc: 0.07 0.07
Epoch 6740 | Train: Loss=0.0052 Acc=99.9% | Test: Acc=7.2% | Best=7.4%(@6380)
  from x3: 0.09 0.07 0.07 0.07 0.07 0.07 0.07 0.07 0.07 0.07 0.07 0.07 0.07
  per-rule acc: 0.07 0.07
Epoch 6760 | Train: Loss=0.0058 Acc=99.9% | Test: Acc=6.9% | Best=7.4%(@6380)
  from x3: 0.09 0.07 0.07 0.07 0.07 0.07 0.07 0.07 0.07 0.07 0.07 0.07 0.07
  per-rule acc: 0.07 0.06
Epoch 6780 | Train: Loss=0.0053 Acc=99.9% | Test: Acc=7.1% | Best=7.4%(@6380)
  from x3: 0.09 0.07 0.07 0.07 0.07 0.07 0.07 0.07 0.07 0.07 0.07 0.07 0.07
  per-rule acc: 0.07 0.07
Epoch 6800 | Train: Loss=0.0058 Acc=99.9% | Test: Acc=7.0% | Best=7.4%(@6380)
  from x3: 0.08 0.08 0.07 0.07 0.07 0.07 0.07 0.07 0.07 0.07 0.07 0.07 0.07
  per-rule acc: 0.07 0.07
Epoch 6820 | Train: Loss=0.0046 Acc=99.9% | Test: Acc=7.2% | Best=7.4%(@6380)
  from x3: 0.09 0.08 0.07 0.07 0.07 0.07 0.07 0.07 0.07 0.07 0.07 0.07 0.07
  per-rule acc: 0.07 0.07
Epoch 6840 | Train: Loss=0.0052 Acc=99.9% | Test: Acc=7.2% | Best=7.4%(@6380)
  from x3: 0.09 0.07 0.07 0.07 0.07 0.07 0.07 0.07 0.07 0.07 0.07 0.07 0.07
  per-rule acc: 0.07 0.07
Epoch 6860 | Train: Loss=0.0132 Acc=99.9% | Test: Acc=6.8% | Best=7.4%(@6380)
  from x3: 0.09 0.07 0.07 0.06 0.06 0.06 0.06 0.07 0.07 0.07 0.07 0.07 0.07
  per-rule acc: 0.07 0.07
Epoch 6880 | Train: Loss=0.0047 Acc=99.9% | Test: Acc=7.1% | Best=7.4%(@6380)
  from x3: 0.09 0.07 0.07 0.07 0.07 0.07 0.07 0.07 0.07 0.07 0.07 0.07 0.07
  per-rule acc: 0.07 0.07
Epoch 6900 | Train: Loss=0.0050 Acc=99.9% | Test: Acc=7.2% | Best=7.4%(@6380)
  from x3: 0.09 0.07 0.07 0.07 0.07 0.07 0.07 0.07 0.07 0.07 0.07 0.07 0.07
  per-rule acc: 0.07 0.07
Epoch 6920 | Train: Loss=0.0046 Acc=99.9% | Test: Acc=6.8% | Best=7.4%(@6380)
  from x3: 0.09 0.07 0.07 0.07 0.07 0.07 0.07 0.07 0.07 0.07 0.07 0.07 0.07
  per-rule acc: 0.07 0.07
Epoch 6940 | Train: Loss=0.0050 Acc=99.9% | Test: Acc=7.2% | Best=7.4%(@6380)
  from x3: 0.09 0.07 0.07 0.07 0.07 0.07 0.07 0.07 0.07 0.07 0.07 0.07 0.07
  per-rule acc: 0.07 0.07
Epoch 6960 | Train: Loss=0.0052 Acc=99.9% | Test: Acc=7.2% | Best=7.4%(@6380)
  from x3: 0.09 0.08 0.07 0.07 0.07 0.07 0.07 0.07 0.07 0.07 0.07 0.07 0.07
  per-rule acc: 0.07 0.07
Epoch 6980 | Train: Loss=0.0045 Acc=99.9% | Test: Acc=7.0% | Best=7.4%(@6380)
  from x3: 0.09 0.07 0.07 0.07 0.07 0.07 0.07 0.07 0.07 0.07 0.07 0.07 0.07
  per-rule acc: 0.07 0.07
Epoch 7000 | Train: Loss=0.0052 Acc=99.9% | Test: Acc=7.1% | Best=7.4%(@6380)
  from x3: 0.09 0.07 0.07 0.07 0.07 0.07 0.07 0.07 0.07 0.07 0.07 0.07 0.07
  per-rule acc: 0.07 0.07
Epoch 7020 | Train: Loss=0.0044 Acc=100.0% | Test: Acc=7.1% | Best=7.4%(@6380)
  from x3: 0.09 0.07 0.07 0.07 0.07 0.07 0.07 0.07 0.07 0.07 0.07 0.07 0.07
  per-rule acc: 0.07 0.07
Epoch 7040 | Train: Loss=0.0047 Acc=99.9% | Test: Acc=7.2% | Best=7.4%(@6380)
  from x3: 0.09 0.07 0.07 0.07 0.07 0.07 0.07 0.07 0.07 0.07 0.07 0.07 0.07
  per-rule acc: 0.07 0.07
Epoch 7060 | Train: Loss=0.0053 Acc=99.9% | Test: Acc=7.0% | Best=7.4%(@6380)
  from x3: 0.09 0.07 0.07 0.07 0.07 0.07 0.07 0.07 0.07 0.07 0.07 0.07 0.07
  per-rule acc: 0.07 0.07
Epoch 7080 | Train: Loss=0.0103 Acc=99.9% | Test: Acc=6.8% | Best=7.4%(@6380)
  from x3: 0.09 0.08 0.07 0.07 0.07 0.06 0.06 0.07 0.07 0.06 0.06 0.06 0.06
  per-rule acc: 0.07 0.07
Epoch 7100 | Train: Loss=0.0047 Acc=99.9% | Test: Acc=7.1% | Best=7.4%(@6380)
  from x3: 0.09 0.07 0.07 0.07 0.07 0.07 0.07 0.07 0.07 0.07 0.07 0.07 0.07
  per-rule acc: 0.07 0.07
Epoch 7120 | Train: Loss=0.0048 Acc=99.9% | Test: Acc=7.1% | Best=7.4%(@6380)
  from x3: 0.09 0.08 0.07 0.07 0.07 0.07 0.07 0.07 0.07 0.07 0.07 0.07 0.07
  per-rule acc: 0.07 0.07
Epoch 7140 | Train: Loss=0.0151 Acc=99.9% | Test: Acc=7.0% | Best=7.4%(@6380)
  from x3: 0.08 0.07 0.07 0.07 0.07 0.07 0.07 0.07 0.07 0.07 0.07 0.07 0.07
  per-rule acc: 0.07 0.07
Epoch 7160 | Train: Loss=0.0043 Acc=99.9% | Test: Acc=7.3% | Best=7.4%(@6380)
  from x3: 0.09 0.08 0.07 0.07 0.07 0.07 0.07 0.07 0.07 0.07 0.07 0.07 0.07
  per-rule acc: 0.07 0.07
Epoch 7180 | Train: Loss=0.0112 Acc=100.0% | Test: Acc=7.0% | Best=7.4%(@6380)
  from x3: 0.09 0.07 0.07 0.07 0.07 0.07 0.07 0.07 0.07 0.07 0.07 0.07 0.07
  per-rule acc: 0.07 0.07
Epoch 7200 | Train: Loss=0.0047 Acc=99.9% | Test: Acc=7.2% | Best=7.4%(@6380)
  from x3: 0.09 0.08 0.07 0.07 0.07 0.07 0.07 0.07 0.07 0.07 0.07 0.07 0.07
  per-rule acc: 0.07 0.07
Epoch 7220 | Train: Loss=0.0045 Acc=99.9% | Test: Acc=7.2% | Best=7.4%(@6380)
  from x3: 0.09 0.07 0.07 0.07 0.07 0.07 0.07 0.07 0.07 0.07 0.07 0.07 0.07
  per-rule acc: 0.07 0.07
Epoch 7240 | Train: Loss=0.0047 Acc=99.9% | Test: Acc=7.2% | Best=7.4%(@6380)
  from x3: 0.09 0.07 0.07 0.07 0.07 0.07 0.07 0.07 0.07 0.07 0.07 0.07 0.07
  per-rule acc: 0.07 0.07
Epoch 7260 | Train: Loss=0.0043 Acc=99.9% | Test: Acc=7.0% | Best=7.4%(@6380)
  from x3: 0.09 0.07 0.07 0.07 0.07 0.07 0.07 0.07 0.07 0.07 0.07 0.07 0.07
  per-rule acc: 0.07 0.07
Epoch 7280 | Train: Loss=0.0046 Acc=99.9% | Test: Acc=7.1% | Best=7.4%(@6380)
  from x3: 0.09 0.07 0.07 0.07 0.07 0.07 0.07 0.07 0.07 0.07 0.07 0.07 0.07
  per-rule acc: 0.07 0.07
Epoch 7300 | Train: Loss=0.0046 Acc=99.9% | Test: Acc=7.1% | Best=7.4%(@6380)
  from x3: 0.09 0.07 0.07 0.07 0.07 0.07 0.07 0.07 0.07 0.07 0.07 0.07 0.07
  per-rule acc: 0.07 0.07
Epoch 7320 | Train: Loss=0.0079 Acc=99.9% | Test: Acc=6.9% | Best=7.4%(@6380)
  from x3: 0.09 0.07 0.07 0.07 0.07 0.07 0.07 0.07 0.07 0.07 0.07 0.07 0.07
  per-rule acc: 0.07 0.07
Epoch 7340 | Train: Loss=0.0044 Acc=99.9% | Test: Acc=7.1% | Best=7.4%(@6380)
  from x3: 0.09 0.07 0.07 0.07 0.07 0.07 0.07 0.07 0.07 0.07 0.07 0.07 0.07
  per-rule acc: 0.07 0.07
Epoch 7360 | Train: Loss=0.0045 Acc=99.9% | Test: Acc=7.2% | Best=7.4%(@6380)
  from x3: 0.09 0.07 0.07 0.07 0.07 0.07 0.07 0.07 0.07 0.07 0.07 0.07 0.07
  per-rule acc: 0.07 0.07
Epoch 7380 | Train: Loss=0.0045 Acc=99.9% | Test: Acc=7.1% | Best=7.4%(@6380)
  from x3: 0.09 0.08 0.07 0.07 0.07 0.07 0.07 0.07 0.07 0.07 0.07 0.07 0.07
  per-rule acc: 0.07 0.07
Epoch 7400 | Train: Loss=0.0041 Acc=99.9% | Test: Acc=7.1% | Best=7.4%(@6380)
  from x3: 0.09 0.08 0.07 0.07 0.07 0.07 0.07 0.07 0.07 0.07 0.07 0.07 0.07
  per-rule acc: 0.07 0.07
Epoch 7420 | Train: Loss=0.0044 Acc=99.9% | Test: Acc=7.1% | Best=7.4%(@6380)
  from x3: 0.09 0.07 0.07 0.07 0.07 0.07 0.07 0.07 0.07 0.07 0.07 0.07 0.07
  per-rule acc: 0.07 0.07
Epoch 7440 | Train: Loss=0.0045 Acc=99.9% | Test: Acc=7.1% | Best=7.4%(@6380)
  from x3: 0.09 0.07 0.07 0.07 0.07 0.07 0.07 0.07 0.07 0.07 0.07 0.07 0.07
  per-rule acc: 0.07 0.07
Epoch 7460 | Train: Loss=0.0044 Acc=99.9% | Test: Acc=7.2% | Best=7.4%(@6380)
  from x3: 0.09 0.08 0.07 0.07 0.07 0.07 0.07 0.07 0.07 0.07 0.07 0.07 0.07
  per-rule acc: 0.07 0.07
Epoch 7480 | Train: Loss=0.0043 Acc=99.9% | Test: Acc=7.2% | Best=7.4%(@6380)
  from x3: 0.09 0.08 0.07 0.07 0.07 0.07 0.07 0.07 0.07 0.07 0.07 0.07 0.07
  per-rule acc: 0.07 0.08
Epoch 7500 | Train: Loss=0.0039 Acc=100.0% | Test: Acc=7.3% | Best=7.4%(@6380)
  from x3: 0.09 0.07 0.07 0.07 0.07 0.07 0.07 0.07 0.07 0.07 0.07 0.07 0.07
  per-rule acc: 0.07 0.07
Epoch 7520 | Train: Loss=0.0042 Acc=99.9% | Test: Acc=7.2% | Best=7.4%(@6380)
  from x3: 0.09 0.08 0.07 0.07 0.07 0.07 0.07 0.07 0.07 0.07 0.07 0.07 0.07
  per-rule acc: 0.07 0.07
Epoch 7540 | Train: Loss=0.0043 Acc=99.9% | Test: Acc=7.2% | Best=7.4%(@6380)
  from x3: 0.09 0.08 0.07 0.07 0.07 0.07 0.07 0.07 0.07 0.07 0.07 0.07 0.07
  per-rule acc: 0.07 0.07
Epoch 7560 | Train: Loss=0.0095 Acc=100.0% | Test: Acc=6.7% | Best=7.4%(@6380)
  from x3: 0.09 0.07 0.07 0.07 0.06 0.06 0.06 0.06 0.06 0.06 0.06 0.06 0.06
  per-rule acc: 0.07 0.07
Epoch 7580 | Train: Loss=0.0046 Acc=99.9% | Test: Acc=7.1% | Best=7.4%(@6380)
  from x3: 0.09 0.07 0.07 0.07 0.07 0.07 0.07 0.07 0.07 0.07 0.07 0.07 0.07
  per-rule acc: 0.07 0.07
Epoch 7600 | Train: Loss=0.0042 Acc=99.9% | Test: Acc=7.3% | Best=7.4%(@6380)
  from x3: 0.09 0.08 0.07 0.07 0.07 0.07 0.07 0.07 0.07 0.07 0.07 0.07 0.07
  per-rule acc: 0.07 0.08
Epoch 7620 | Train: Loss=0.0042 Acc=99.9% | Test: Acc=7.2% | Best=7.4%(@6380)
  from x3: 0.09 0.08 0.07 0.07 0.07 0.07 0.07 0.07 0.07 0.07 0.07 0.07 0.07
  per-rule acc: 0.07 0.08
Epoch 7640 | Train: Loss=0.0041 Acc=99.9% | Test: Acc=7.3% | Best=7.4%(@6380)
  from x3: 0.09 0.08 0.07 0.07 0.07 0.07 0.07 0.07 0.07 0.07 0.07 0.07 0.07
  per-rule acc: 0.07 0.08
Epoch 7660 | Train: Loss=0.0040 Acc=99.9% | Test: Acc=7.3% | Best=7.4%(@6380)
  from x3: 0.09 0.08 0.07 0.07 0.07 0.07 0.07 0.07 0.07 0.07 0.07 0.07 0.07
  per-rule acc: 0.07 0.08
Epoch 7680 | Train: Loss=0.0040 Acc=99.9% | Test: Acc=7.3% | Best=7.4%(@6380)
  from x3: 0.09 0.08 0.07 0.07 0.07 0.07 0.07 0.07 0.07 0.07 0.07 0.07 0.07
  per-rule acc: 0.07 0.08
Epoch 7700 | Train: Loss=0.0037 Acc=100.0% | Test: Acc=7.2% | Best=7.4%(@6380)
  from x3: 0.09 0.08 0.07 0.07 0.07 0.07 0.07 0.07 0.07 0.07 0.07 0.07 0.07
  per-rule acc: 0.07 0.07
Epoch 7720 | Train: Loss=0.0038 Acc=99.9% | Test: Acc=7.3% | Best=7.4%(@6380)
  from x3: 0.09 0.08 0.07 0.07 0.07 0.07 0.07 0.07 0.07 0.07 0.07 0.07 0.07
  per-rule acc: 0.07 0.08
Epoch 7740 | Train: Loss=0.0039 Acc=99.9% | Test: Acc=7.3% | Best=7.4%(@6380)
  from x3: 0.09 0.08 0.07 0.07 0.07 0.07 0.07 0.07 0.07 0.07 0.07 0.07 0.07
  per-rule acc: 0.07 0.08
Epoch 7760 | Train: Loss=0.0038 Acc=99.9% | Test: Acc=7.4% | Best=7.4%(@6380)
  from x3: 0.09 0.08 0.07 0.07 0.07 0.07 0.07 0.07 0.07 0.07 0.07 0.07 0.07
  per-rule acc: 0.07 0.08
Epoch 7780 | Train: Loss=0.0038 Acc=99.9% | Test: Acc=7.4% | Best=7.4%(@7780)
  from x3: 0.09 0.08 0.07 0.07 0.07 0.07 0.07 0.07 0.07 0.07 0.07 0.07 0.07
  per-rule acc: 0.07 0.08
Epoch 7800 | Train: Loss=0.0036 Acc=100.0% | Test: Acc=7.3% | Best=7.4%(@7780)
  from x3: 0.09 0.08 0.07 0.07 0.07 0.07 0.07 0.07 0.07 0.07 0.07 0.07 0.07
  per-rule acc: 0.07 0.08
Epoch 7820 | Train: Loss=0.0037 Acc=99.9% | Test: Acc=7.4% | Best=7.4%(@7780)
  from x3: 0.09 0.08 0.07 0.07 0.07 0.07 0.07 0.07 0.07 0.07 0.07 0.07 0.07
  per-rule acc: 0.07 0.08
Epoch 7840 | Train: Loss=0.0038 Acc=99.9% | Test: Acc=7.4% | Best=7.4%(@7840)
  from x3: 0.09 0.08 0.07 0.07 0.07 0.07 0.07 0.07 0.07 0.07 0.07 0.07 0.07
  per-rule acc: 0.07 0.08
Epoch 7860 | Train: Loss=0.0038 Acc=99.9% | Test: Acc=7.4% | Best=7.4%(@7860)
  from x3: 0.09 0.08 0.07 0.07 0.07 0.07 0.07 0.07 0.07 0.07 0.07 0.07 0.07
  per-rule acc: 0.07 0.08
Epoch 7880 | Train: Loss=0.0037 Acc=100.0% | Test: Acc=7.1% | Best=7.4%(@7860)
  from x3: 0.09 0.07 0.07 0.07 0.07 0.07 0.07 0.07 0.07 0.07 0.07 0.07 0.07
  per-rule acc: 0.07 0.08
Epoch 7900 | Train: Loss=0.0038 Acc=99.9% | Test: Acc=7.4% | Best=7.4%(@7860)
  from x3: 0.09 0.08 0.07 0.07 0.07 0.07 0.07 0.07 0.07 0.07 0.07 0.07 0.07
  per-rule acc: 0.07 0.08
Epoch 7920 | Train: Loss=0.0038 Acc=99.9% | Test: Acc=7.4% | Best=7.4%(@7860)
  from x3: 0.09 0.08 0.07 0.07 0.07 0.07 0.07 0.07 0.07 0.07 0.07 0.07 0.07
  per-rule acc: 0.07 0.08
Epoch 7940 | Train: Loss=0.0038 Acc=99.9% | Test: Acc=7.4% | Best=7.4%(@7860)
  from x3: 0.09 0.08 0.07 0.07 0.07 0.07 0.07 0.07 0.07 0.07 0.07 0.07 0.07
  per-rule acc: 0.07 0.08
Epoch 7960 | Train: Loss=0.0038 Acc=99.9% | Test: Acc=7.4% | Best=7.4%(@7860)
  from x3: 0.09 0.08 0.07 0.07 0.07 0.07 0.07 0.07 0.07 0.07 0.07 0.07 0.07
  per-rule acc: 0.07 0.08
Epoch 7980 | Train: Loss=0.0037 Acc=99.9% | Test: Acc=7.1% | Best=7.4%(@7860)
  from x3: 0.09 0.07 0.07 0.07 0.07 0.07 0.07 0.07 0.07 0.07 0.07 0.07 0.07
  per-rule acc: 0.06 0.08
Epoch 8000 | Train: Loss=0.0037 Acc=99.9% | Test: Acc=7.4% | Best=7.4%(@7860)
  from x3: 0.09 0.08 0.07 0.07 0.07 0.07 0.07 0.07 0.07 0.07 0.07 0.07 0.07
  per-rule acc: 0.07 0.08
Epoch 8020 | Train: Loss=0.0037 Acc=99.9% | Test: Acc=7.4% | Best=7.4%(@7860)
  from x3: 0.09 0.08 0.07 0.07 0.07 0.07 0.07 0.07 0.07 0.07 0.07 0.07 0.07
  per-rule acc: 0.07 0.08
Epoch 8040 | Train: Loss=0.0037 Acc=99.9% | Test: Acc=7.4% | Best=7.4%(@7860)
  from x3: 0.09 0.08 0.07 0.07 0.07 0.07 0.07 0.07 0.07 0.07 0.07 0.07 0.07
  per-rule acc: 0.07 0.08
Epoch 8060 | Train: Loss=0.0036 Acc=99.9% | Test: Acc=7.4% | Best=7.4%(@7860)
  from x3: 0.09 0.07 0.07 0.07 0.07 0.07 0.07 0.07 0.07 0.07 0.07 0.07 0.07
  per-rule acc: 0.07 0.08
Epoch 8080 | Train: Loss=0.0083 Acc=100.0% | Test: Acc=7.1% | Best=7.4%(@7860)
  from x3: 0.09 0.07 0.07 0.07 0.07 0.07 0.07 0.07 0.07 0.07 0.07 0.07 0.07
  per-rule acc: 0.07 0.08
Epoch 8100 | Train: Loss=0.0035 Acc=100.0% | Test: Acc=7.3% | Best=7.4%(@7860)
  from x3: 0.09 0.08 0.07 0.07 0.07 0.07 0.07 0.07 0.07 0.07 0.07 0.07 0.07
  per-rule acc: 0.07 0.08
Epoch 8120 | Train: Loss=0.0036 Acc=100.0% | Test: Acc=7.4% | Best=7.4%(@7860)
  from x3: 0.09 0.08 0.07 0.07 0.07 0.07 0.07 0.07 0.07 0.07 0.07 0.07 0.07
  per-rule acc: 0.07 0.08
Epoch 8140 | Train: Loss=0.0036 Acc=100.0% | Test: Acc=7.4% | Best=7.4%(@7860)
  from x3: 0.09 0.08 0.07 0.07 0.07 0.07 0.07 0.07 0.07 0.07 0.07 0.07 0.07
  per-rule acc: 0.07 0.08
Epoch 8160 | Train: Loss=0.0035 Acc=100.0% | Test: Acc=7.4% | Best=7.4%(@7860)
  from x3: 0.09 0.08 0.07 0.07 0.07 0.07 0.07 0.07 0.07 0.07 0.07 0.07 0.07
  per-rule acc: 0.07 0.08
Epoch 8180 | Train: Loss=0.0034 Acc=100.0% | Test: Acc=7.2% | Best=7.4%(@7860)
  from x3: 0.09 0.07 0.07 0.07 0.07 0.07 0.07 0.07 0.07 0.07 0.07 0.07 0.07
  per-rule acc: 0.07 0.08
Epoch 8200 | Train: Loss=0.0035 Acc=100.0% | Test: Acc=7.4% | Best=7.4%(@7860)
  from x3: 0.09 0.08 0.07 0.07 0.07 0.07 0.07 0.07 0.07 0.07 0.07 0.07 0.07
  per-rule acc: 0.07 0.08
Epoch 8220 | Train: Loss=0.0035 Acc=100.0% | Test: Acc=7.4% | Best=7.4%(@7860)
  from x3: 0.09 0.08 0.07 0.07 0.07 0.07 0.07 0.07 0.07 0.07 0.07 0.07 0.07
  per-rule acc: 0.07 0.08
Epoch 8240 | Train: Loss=0.0035 Acc=100.0% | Test: Acc=7.3% | Best=7.4%(@7860)
  from x3: 0.09 0.08 0.07 0.07 0.07 0.07 0.07 0.07 0.07 0.07 0.07 0.07 0.07
  per-rule acc: 0.07 0.08
Epoch 8260 | Train: Loss=0.0035 Acc=100.0% | Test: Acc=7.4% | Best=7.4%(@7860)
  from x3: 0.09 0.07 0.07 0.07 0.07 0.07 0.07 0.07 0.07 0.07 0.07 0.07 0.07
  per-rule acc: 0.07 0.08
Epoch 8280 | Train: Loss=0.0055 Acc=99.9% | Test: Acc=7.3% | Best=7.4%(@7860)
  from x3: 0.09 0.08 0.07 0.07 0.07 0.07 0.07 0.07 0.07 0.07 0.07 0.07 0.07
  per-rule acc: 0.06 0.08
Epoch 8300 | Train: Loss=0.0034 Acc=100.0% | Test: Acc=7.3% | Best=7.4%(@7860)
  from x3: 0.09 0.07 0.07 0.07 0.07 0.07 0.07 0.07 0.07 0.07 0.07 0.07 0.07
  per-rule acc: 0.07 0.08
Epoch 8320 | Train: Loss=0.0034 Acc=100.0% | Test: Acc=7.4% | Best=7.4%(@7860)
  from x3: 0.09 0.08 0.07 0.07 0.07 0.07 0.07 0.07 0.07 0.07 0.07 0.07 0.07
  per-rule acc: 0.07 0.08
Epoch 8340 | Train: Loss=0.0034 Acc=100.0% | Test: Acc=7.4% | Best=7.4%(@7860)
  from x3: 0.09 0.08 0.07 0.07 0.07 0.07 0.07 0.07 0.07 0.07 0.07 0.07 0.07
  per-rule acc: 0.07 0.08
Epoch 8360 | Train: Loss=0.0034 Acc=100.0% | Test: Acc=7.4% | Best=7.4%(@7860)
  from x3: 0.09 0.08 0.07 0.07 0.07 0.07 0.07 0.07 0.07 0.07 0.07 0.07 0.07
  per-rule acc: 0.07 0.08
Epoch 8380 | Train: Loss=0.0034 Acc=100.0% | Test: Acc=7.4% | Best=7.4%(@7860)
  from x3: 0.09 0.07 0.07 0.07 0.07 0.07 0.07 0.07 0.07 0.07 0.07 0.07 0.07
  per-rule acc: 0.07 0.08
Epoch 8400 | Train: Loss=0.0033 Acc=100.0% | Test: Acc=7.4% | Best=7.4%(@7860)
  from x3: 0.09 0.08 0.07 0.07 0.07 0.07 0.07 0.07 0.07 0.07 0.07 0.07 0.07
  per-rule acc: 0.07 0.08
Epoch 8420 | Train: Loss=0.0033 Acc=100.0% | Test: Acc=7.3% | Best=7.4%(@7860)
  from x3: 0.09 0.07 0.07 0.07 0.07 0.07 0.07 0.07 0.07 0.07 0.07 0.07 0.07
  per-rule acc: 0.07 0.08
Epoch 8440 | Train: Loss=0.0036 Acc=100.0% | Test: Acc=7.1% | Best=7.4%(@7860)
  from x3: 0.09 0.07 0.07 0.07 0.07 0.07 0.07 0.07 0.07 0.07 0.07 0.07 0.07
  per-rule acc: 0.07 0.08
Epoch 8460 | Train: Loss=0.0033 Acc=100.0% | Test: Acc=7.3% | Best=7.4%(@7860)
  from x3: 0.09 0.07 0.07 0.07 0.07 0.07 0.07 0.07 0.07 0.07 0.07 0.07 0.07
  per-rule acc: 0.07 0.08
Epoch 8480 | Train: Loss=0.0033 Acc=100.0% | Test: Acc=7.3% | Best=7.4%(@7860)
  from x3: 0.09 0.08 0.07 0.07 0.07 0.07 0.07 0.07 0.07 0.07 0.07 0.07 0.07
  per-rule acc: 0.07 0.08
Epoch 8500 | Train: Loss=0.0034 Acc=100.0% | Test: Acc=7.2% | Best=7.4%(@7860)
  from x3: 0.09 0.08 0.07 0.07 0.07 0.07 0.07 0.07 0.07 0.07 0.07 0.07 0.07
  per-rule acc: 0.07 0.08
Epoch 8520 | Train: Loss=0.0033 Acc=100.0% | Test: Acc=7.3% | Best=7.4%(@7860)
  from x3: 0.09 0.07 0.07 0.07 0.07 0.07 0.07 0.07 0.07 0.07 0.07 0.07 0.07
  per-rule acc: 0.07 0.08
Epoch 8540 | Train: Loss=0.0033 Acc=100.0% | Test: Acc=7.4% | Best=7.4%(@7860)
  from x3: 0.09 0.08 0.07 0.07 0.07 0.07 0.07 0.07 0.07 0.07 0.07 0.07 0.07
  per-rule acc: 0.07 0.08
Epoch 8560 | Train: Loss=0.0032 Acc=100.0% | Test: Acc=7.3% | Best=7.4%(@7860)
  from x3: 0.09 0.08 0.07 0.07 0.07 0.07 0.07 0.07 0.07 0.07 0.07 0.07 0.07
  per-rule acc: 0.07 0.08
Epoch 8580 | Train: Loss=0.0032 Acc=100.0% | Test: Acc=7.4% | Best=7.4%(@7860)
  from x3: 0.09 0.08 0.07 0.07 0.07 0.07 0.07 0.07 0.07 0.07 0.07 0.07 0.07
  per-rule acc: 0.07 0.08
Epoch 8600 | Train: Loss=0.0031 Acc=100.0% | Test: Acc=7.3% | Best=7.4%(@7860)
  from x3: 0.09 0.08 0.07 0.07 0.07 0.07 0.07 0.07 0.07 0.07 0.07 0.07 0.07
  per-rule acc: 0.07 0.08
Epoch 8620 | Train: Loss=0.0031 Acc=100.0% | Test: Acc=7.4% | Best=7.4%(@7860)
  from x3: 0.09 0.08 0.07 0.07 0.07 0.07 0.07 0.07 0.07 0.07 0.07 0.07 0.07
  per-rule acc: 0.07 0.08
Epoch 8640 | Train: Loss=0.0031 Acc=100.0% | Test: Acc=7.4% | Best=7.4%(@7860)
  from x3: 0.09 0.08 0.07 0.07 0.07 0.07 0.07 0.07 0.07 0.07 0.07 0.07 0.07
  per-rule acc: 0.07 0.08
Epoch 8660 | Train: Loss=0.0031 Acc=100.0% | Test: Acc=7.4% | Best=7.4%(@7860)
  from x3: 0.09 0.08 0.07 0.07 0.07 0.07 0.07 0.07 0.07 0.07 0.07 0.07 0.07
  per-rule acc: 0.07 0.08
Epoch 8680 | Train: Loss=0.0031 Acc=100.0% | Test: Acc=7.4% | Best=7.4%(@7860)
  from x3: 0.09 0.08 0.07 0.07 0.07 0.07 0.07 0.07 0.07 0.07 0.07 0.07 0.07
  per-rule acc: 0.07 0.08
Epoch 8700 | Train: Loss=0.0031 Acc=100.0% | Test: Acc=7.4% | Best=7.4%(@7860)
  from x3: 0.09 0.08 0.07 0.07 0.07 0.07 0.07 0.07 0.07 0.07 0.07 0.07 0.07
  per-rule acc: 0.07 0.08
Epoch 8720 | Train: Loss=0.0031 Acc=100.0% | Test: Acc=7.4% | Best=7.4%(@7860)
  from x3: 0.09 0.08 0.07 0.07 0.07 0.07 0.07 0.07 0.07 0.07 0.07 0.07 0.07
  per-rule acc: 0.07 0.08
Epoch 8740 | Train: Loss=0.0030 Acc=100.0% | Test: Acc=7.4% | Best=7.4%(@7860)
  from x3: 0.09 0.08 0.07 0.07 0.07 0.07 0.07 0.07 0.07 0.07 0.07 0.07 0.07
  per-rule acc: 0.07 0.08
Epoch 8760 | Train: Loss=0.0030 Acc=100.0% | Test: Acc=7.4% | Best=7.4%(@7860)
  from x3: 0.09 0.08 0.07 0.07 0.07 0.07 0.07 0.07 0.07 0.07 0.07 0.07 0.07
  per-rule acc: 0.07 0.08
Epoch 8780 | Train: Loss=0.0030 Acc=100.0% | Test: Acc=7.4% | Best=7.4%(@7860)
  from x3: 0.09 0.08 0.07 0.07 0.07 0.07 0.07 0.07 0.07 0.07 0.07 0.07 0.07
  per-rule acc: 0.07 0.08
Epoch 8800 | Train: Loss=0.0030 Acc=100.0% | Test: Acc=7.4% | Best=7.4%(@7860)
  from x3: 0.09 0.08 0.07 0.07 0.07 0.07 0.07 0.07 0.07 0.07 0.07 0.07 0.07
  per-rule acc: 0.07 0.08
Epoch 8820 | Train: Loss=0.0030 Acc=100.0% | Test: Acc=7.4% | Best=7.4%(@7860)
  from x3: 0.09 0.08 0.07 0.07 0.07 0.07 0.07 0.07 0.07 0.07 0.07 0.07 0.07
  per-rule acc: 0.07 0.08
Epoch 8840 | Train: Loss=0.0030 Acc=100.0% | Test: Acc=7.4% | Best=7.4%(@7860)
  from x3: 0.09 0.08 0.07 0.07 0.07 0.07 0.07 0.07 0.07 0.07 0.07 0.07 0.07
  per-rule acc: 0.07 0.08
Epoch 8860 | Train: Loss=0.0029 Acc=100.0% | Test: Acc=7.3% | Best=7.4%(@7860)
  from x3: 0.09 0.08 0.07 0.07 0.07 0.07 0.07 0.07 0.07 0.07 0.07 0.07 0.07
  per-rule acc: 0.07 0.08
Epoch 8880 | Train: Loss=0.0029 Acc=100.0% | Test: Acc=7.4% | Best=7.4%(@7860)
  from x3: 0.09 0.08 0.07 0.07 0.07 0.07 0.07 0.07 0.07 0.07 0.07 0.07 0.07
  per-rule acc: 0.07 0.08
Epoch 8900 | Train: Loss=0.0029 Acc=100.0% | Test: Acc=7.4% | Best=7.4%(@7860)
  from x3: 0.09 0.08 0.07 0.07 0.07 0.07 0.07 0.07 0.07 0.07 0.07 0.07 0.07
  per-rule acc: 0.07 0.08
Epoch 8920 | Train: Loss=0.0029 Acc=100.0% | Test: Acc=7.4% | Best=7.4%(@7860)
  from x3: 0.09 0.08 0.08 0.07 0.07 0.07 0.07 0.07 0.07 0.07 0.07 0.07 0.07
  per-rule acc: 0.07 0.08
Epoch 8940 | Train: Loss=0.0029 Acc=100.0% | Test: Acc=7.4% | Best=7.4%(@7860)
  from x3: 0.09 0.08 0.08 0.07 0.07 0.07 0.07 0.07 0.07 0.07 0.07 0.07 0.07
  per-rule acc: 0.07 0.08
Epoch 8960 | Train: Loss=0.0029 Acc=100.0% | Test: Acc=7.4% | Best=7.4%(@7860)
  from x3: 0.09 0.08 0.08 0.07 0.07 0.07 0.07 0.07 0.07 0.07 0.07 0.07 0.07
  per-rule acc: 0.07 0.08
Epoch 8980 | Train: Loss=0.0028 Acc=100.0% | Test: Acc=7.4% | Best=7.4%(@7860)
  from x3: 0.09 0.08 0.07 0.07 0.07 0.07 0.07 0.07 0.07 0.07 0.07 0.07 0.07
  per-rule acc: 0.07 0.08
Epoch 9000 | Train: Loss=0.0028 Acc=100.0% | Test: Acc=7.4% | Best=7.4%(@7860)
  from x3: 0.09 0.08 0.07 0.07 0.07 0.07 0.07 0.07 0.07 0.07 0.07 0.07 0.07
  per-rule acc: 0.07 0.08
Epoch 9020 | Train: Loss=0.0028 Acc=100.0% | Test: Acc=7.4% | Best=7.4%(@7860)
  from x3: 0.09 0.08 0.08 0.07 0.07 0.07 0.07 0.07 0.07 0.07 0.07 0.07 0.07
  per-rule acc: 0.07 0.08
Epoch 9040 | Train: Loss=0.0028 Acc=100.0% | Test: Acc=7.4% | Best=7.4%(@7860)
  from x3: 0.09 0.08 0.08 0.07 0.07 0.07 0.07 0.07 0.07 0.07 0.07 0.07 0.07
  per-rule acc: 0.07 0.08
Epoch 9060 | Train: Loss=0.0028 Acc=100.0% | Test: Acc=7.4% | Best=7.4%(@7860)
  from x3: 0.09 0.07 0.07 0.07 0.07 0.07 0.07 0.07 0.07 0.07 0.07 0.07 0.07
  per-rule acc: 0.07 0.08
Epoch 9080 | Train: Loss=0.0028 Acc=100.0% | Test: Acc=7.4% | Best=7.4%(@7860)
  from x3: 0.09 0.08 0.08 0.07 0.07 0.07 0.07 0.07 0.07 0.07 0.07 0.07 0.07
  per-rule acc: 0.07 0.08
Epoch 9100 | Train: Loss=0.0028 Acc=100.0% | Test: Acc=7.4% | Best=7.4%(@7860)
  from x3: 0.09 0.08 0.08 0.07 0.07 0.07 0.07 0.07 0.07 0.07 0.07 0.07 0.07
  per-rule acc: 0.07 0.08
Epoch 9120 | Train: Loss=0.0028 Acc=100.0% | Test: Acc=7.4% | Best=7.4%(@7860)
  from x3: 0.09 0.08 0.08 0.07 0.07 0.07 0.07 0.07 0.07 0.07 0.07 0.07 0.07
  per-rule acc: 0.07 0.08
Epoch 9140 | Train: Loss=0.0028 Acc=100.0% | Test: Acc=7.5% | Best=7.5%(@9140)
  from x3: 0.09 0.08 0.08 0.07 0.07 0.07 0.07 0.07 0.07 0.07 0.07 0.07 0.07
  per-rule acc: 0.07 0.08
Epoch 9160 | Train: Loss=0.0028 Acc=100.0% | Test: Acc=7.5% | Best=7.5%(@9160)
  from x3: 0.09 0.08 0.08 0.07 0.07 0.07 0.07 0.07 0.07 0.07 0.07 0.07 0.07
  per-rule acc: 0.07 0.08
Epoch 9180 | Train: Loss=0.0028 Acc=100.0% | Test: Acc=7.5% | Best=7.5%(@9160)
  from x3: 0.09 0.08 0.08 0.07 0.07 0.07 0.07 0.07 0.07 0.07 0.07 0.07 0.07
  per-rule acc: 0.07 0.08
Epoch 9200 | Train: Loss=0.0028 Acc=100.0% | Test: Acc=7.5% | Best=7.5%(@9160)
  from x3: 0.09 0.08 0.08 0.07 0.07 0.07 0.07 0.07 0.07 0.07 0.07 0.07 0.07
  per-rule acc: 0.07 0.08
Epoch 9220 | Train: Loss=0.0028 Acc=100.0% | Test: Acc=7.5% | Best=7.5%(@9160)
  from x3: 0.09 0.08 0.08 0.07 0.07 0.07 0.07 0.07 0.07 0.07 0.07 0.07 0.07
  per-rule acc: 0.07 0.08
Epoch 9240 | Train: Loss=0.0027 Acc=100.0% | Test: Acc=7.4% | Best=7.5%(@9160)
  from x3: 0.09 0.08 0.07 0.07 0.07 0.07 0.07 0.07 0.07 0.07 0.07 0.07 0.07
  per-rule acc: 0.07 0.08
Epoch 9260 | Train: Loss=0.0027 Acc=100.0% | Test: Acc=7.5% | Best=7.5%(@9160)
  from x3: 0.09 0.08 0.07 0.07 0.07 0.07 0.07 0.07 0.07 0.07 0.07 0.07 0.07
  per-rule acc: 0.07 0.08
Epoch 9280 | Train: Loss=0.0027 Acc=100.0% | Test: Acc=7.4% | Best=7.5%(@9160)
  from x3: 0.09 0.08 0.07 0.07 0.07 0.07 0.07 0.07 0.07 0.07 0.07 0.07 0.07
  per-rule acc: 0.07 0.08
Epoch 9300 | Train: Loss=0.0027 Acc=100.0% | Test: Acc=7.5% | Best=7.5%(@9160)
  from x3: 0.09 0.08 0.07 0.07 0.07 0.07 0.07 0.07 0.07 0.07 0.07 0.07 0.07
  per-rule acc: 0.07 0.08
Epoch 9320 | Train: Loss=0.0027 Acc=100.0% | Test: Acc=7.5% | Best=7.5%(@9320)
  from x3: 0.09 0.08 0.07 0.07 0.07 0.07 0.07 0.07 0.07 0.07 0.07 0.07 0.07
  per-rule acc: 0.07 0.08
Epoch 9340 | Train: Loss=0.0027 Acc=100.0% | Test: Acc=7.5% | Best=7.5%(@9320)
  from x3: 0.09 0.08 0.07 0.07 0.07 0.07 0.07 0.07 0.07 0.07 0.07 0.07 0.07
  per-rule acc: 0.07 0.08
Epoch 9360 | Train: Loss=0.0027 Acc=100.0% | Test: Acc=7.5% | Best=7.5%(@9320)
  from x3: 0.09 0.08 0.07 0.07 0.07 0.07 0.07 0.07 0.07 0.07 0.07 0.07 0.07
  per-rule acc: 0.07 0.08
Epoch 9380 | Train: Loss=0.0027 Acc=100.0% | Test: Acc=7.5% | Best=7.5%(@9320)
  from x3: 0.09 0.08 0.07 0.07 0.07 0.07 0.07 0.07 0.07 0.07 0.07 0.07 0.07
  per-rule acc: 0.07 0.08
Epoch 9400 | Train: Loss=0.0027 Acc=100.0% | Test: Acc=7.5% | Best=7.5%(@9320)
  from x3: 0.09 0.08 0.07 0.07 0.07 0.07 0.07 0.07 0.07 0.07 0.07 0.07 0.07
  per-rule acc: 0.07 0.08
Epoch 9420 | Train: Loss=0.0027 Acc=100.0% | Test: Acc=7.5% | Best=7.5%(@9320)
  from x3: 0.09 0.08 0.07 0.07 0.07 0.07 0.07 0.07 0.07 0.07 0.07 0.07 0.07
  per-rule acc: 0.07 0.08
Epoch 9440 | Train: Loss=0.0027 Acc=100.0% | Test: Acc=7.4% | Best=7.5%(@9320)
  from x3: 0.09 0.08 0.07 0.07 0.07 0.07 0.07 0.07 0.07 0.07 0.07 0.07 0.07
  per-rule acc: 0.07 0.08
Epoch 9460 | Train: Loss=0.0027 Acc=100.0% | Test: Acc=7.4% | Best=7.5%(@9320)
  from x3: 0.09 0.08 0.07 0.07 0.07 0.07 0.07 0.07 0.07 0.07 0.07 0.07 0.07
  per-rule acc: 0.07 0.08
Epoch 9480 | Train: Loss=0.0027 Acc=100.0% | Test: Acc=7.4% | Best=7.5%(@9320)
  from x3: 0.09 0.08 0.07 0.07 0.07 0.07 0.07 0.07 0.07 0.07 0.07 0.07 0.07
  per-rule acc: 0.07 0.08
Epoch 9500 | Train: Loss=0.0027 Acc=100.0% | Test: Acc=7.4% | Best=7.5%(@9320)
  from x3: 0.09 0.08 0.07 0.07 0.07 0.07 0.07 0.07 0.07 0.07 0.07 0.07 0.07
  per-rule acc: 0.07 0.08
Epoch 9520 | Train: Loss=0.0027 Acc=100.0% | Test: Acc=7.4% | Best=7.5%(@9320)
  from x3: 0.09 0.08 0.07 0.07 0.07 0.07 0.07 0.07 0.07 0.07 0.07 0.07 0.07
  per-rule acc: 0.07 0.08
Epoch 9540 | Train: Loss=0.0027 Acc=100.0% | Test: Acc=7.4% | Best=7.5%(@9320)
  from x3: 0.09 0.08 0.07 0.07 0.07 0.07 0.07 0.07 0.07 0.07 0.07 0.07 0.07
  per-rule acc: 0.07 0.08
Epoch 9560 | Train: Loss=0.0027 Acc=100.0% | Test: Acc=7.4% | Best=7.5%(@9320)
  from x3: 0.09 0.08 0.07 0.07 0.07 0.07 0.07 0.07 0.07 0.07 0.07 0.07 0.07
  per-rule acc: 0.07 0.08
Epoch 9580 | Train: Loss=0.0026 Acc=100.0% | Test: Acc=7.4% | Best=7.5%(@9320)
  from x3: 0.09 0.08 0.07 0.07 0.07 0.07 0.07 0.07 0.07 0.07 0.07 0.07 0.07
  per-rule acc: 0.07 0.08
Epoch 9600 | Train: Loss=0.0026 Acc=100.0% | Test: Acc=7.4% | Best=7.5%(@9320)
  from x3: 0.09 0.08 0.07 0.07 0.07 0.07 0.07 0.07 0.07 0.07 0.07 0.07 0.07
  per-rule acc: 0.07 0.08
Epoch 9620 | Train: Loss=0.0026 Acc=100.0% | Test: Acc=7.4% | Best=7.5%(@9320)
  from x3: 0.09 0.08 0.07 0.07 0.07 0.07 0.07 0.07 0.07 0.07 0.07 0.07 0.07
  per-rule acc: 0.07 0.08
Epoch 9640 | Train: Loss=0.0026 Acc=100.0% | Test: Acc=7.4% | Best=7.5%(@9320)
  from x3: 0.09 0.08 0.07 0.07 0.07 0.07 0.07 0.07 0.07 0.07 0.07 0.07 0.07
  per-rule acc: 0.07 0.08
Epoch 9660 | Train: Loss=0.0026 Acc=100.0% | Test: Acc=7.4% | Best=7.5%(@9320)
  from x3: 0.09 0.08 0.07 0.07 0.07 0.07 0.07 0.07 0.07 0.07 0.07 0.07 0.07
  per-rule acc: 0.07 0.08
Epoch 9680 | Train: Loss=0.0026 Acc=100.0% | Test: Acc=7.4% | Best=7.5%(@9320)
  from x3: 0.09 0.08 0.07 0.07 0.07 0.07 0.07 0.07 0.07 0.07 0.07 0.07 0.07
  per-rule acc: 0.07 0.08
Epoch 9700 | Train: Loss=0.0026 Acc=100.0% | Test: Acc=7.4% | Best=7.5%(@9320)
  from x3: 0.09 0.08 0.07 0.07 0.07 0.07 0.07 0.07 0.07 0.07 0.07 0.07 0.07
  per-rule acc: 0.07 0.08
Epoch 9720 | Train: Loss=0.0026 Acc=100.0% | Test: Acc=7.4% | Best=7.5%(@9320)
  from x3: 0.09 0.08 0.07 0.07 0.07 0.07 0.07 0.07 0.07 0.07 0.07 0.07 0.07
  per-rule acc: 0.07 0.08
Epoch 9740 | Train: Loss=0.0026 Acc=100.0% | Test: Acc=7.4% | Best=7.5%(@9320)
  from x3: 0.09 0.08 0.07 0.07 0.07 0.07 0.07 0.07 0.07 0.07 0.07 0.07 0.07
  per-rule acc: 0.07 0.08
Epoch 9760 | Train: Loss=0.0026 Acc=100.0% | Test: Acc=7.4% | Best=7.5%(@9320)
  from x3: 0.09 0.08 0.07 0.07 0.07 0.07 0.07 0.07 0.07 0.07 0.07 0.07 0.07
  per-rule acc: 0.07 0.08
Epoch 9780 | Train: Loss=0.0026 Acc=100.0% | Test: Acc=7.4% | Best=7.5%(@9320)
  from x3: 0.09 0.08 0.07 0.07 0.07 0.07 0.07 0.07 0.07 0.07 0.07 0.07 0.07
  per-rule acc: 0.07 0.08
Epoch 9800 | Train: Loss=0.0026 Acc=100.0% | Test: Acc=7.4% | Best=7.5%(@9320)
  from x3: 0.09 0.08 0.07 0.07 0.07 0.07 0.07 0.07 0.07 0.07 0.07 0.07 0.07
  per-rule acc: 0.07 0.08
Epoch 9820 | Train: Loss=0.0026 Acc=100.0% | Test: Acc=7.4% | Best=7.5%(@9320)
  from x3: 0.09 0.08 0.07 0.07 0.07 0.07 0.07 0.07 0.07 0.07 0.07 0.07 0.07
  per-rule acc: 0.07 0.08
Epoch 9840 | Train: Loss=0.0026 Acc=100.0% | Test: Acc=7.4% | Best=7.5%(@9320)
  from x3: 0.09 0.08 0.07 0.07 0.07 0.07 0.07 0.07 0.07 0.07 0.07 0.07 0.07
  per-rule acc: 0.07 0.08
Epoch 9860 | Train: Loss=0.0026 Acc=100.0% | Test: Acc=7.4% | Best=7.5%(@9320)
  from x3: 0.09 0.08 0.07 0.07 0.07 0.07 0.07 0.07 0.07 0.07 0.07 0.07 0.07
  per-rule acc: 0.07 0.08
Epoch 9880 | Train: Loss=0.0026 Acc=100.0% | Test: Acc=7.4% | Best=7.5%(@9320)
  from x3: 0.09 0.08 0.07 0.07 0.07 0.07 0.07 0.07 0.07 0.07 0.07 0.07 0.07
  per-rule acc: 0.07 0.08
Epoch 9900 | Train: Loss=0.0026 Acc=100.0% | Test: Acc=7.4% | Best=7.5%(@9320)
  from x3: 0.09 0.08 0.07 0.07 0.07 0.07 0.07 0.07 0.07 0.07 0.07 0.07 0.07
  per-rule acc: 0.07 0.08
Epoch 9920 | Train: Loss=0.0026 Acc=100.0% | Test: Acc=7.4% | Best=7.5%(@9320)
  from x3: 0.09 0.08 0.07 0.07 0.07 0.07 0.07 0.07 0.07 0.07 0.07 0.07 0.07
  per-rule acc: 0.07 0.08
Epoch 9940 | Train: Loss=0.0026 Acc=100.0% | Test: Acc=7.4% | Best=7.5%(@9320)
  from x3: 0.09 0.08 0.07 0.07 0.07 0.07 0.07 0.07 0.07 0.07 0.07 0.07 0.07
  per-rule acc: 0.07 0.08
Epoch 9960 | Train: Loss=0.0026 Acc=100.0% | Test: Acc=7.4% | Best=7.5%(@9320)
  from x3: 0.09 0.08 0.07 0.07 0.07 0.07 0.07 0.07 0.07 0.07 0.07 0.07 0.07
  per-rule acc: 0.07 0.08
Epoch 9980 | Train: Loss=0.0026 Acc=100.0% | Test: Acc=7.4% | Best=7.5%(@9320)
  from x3: 0.09 0.08 0.07 0.07 0.07 0.07 0.07 0.07 0.07 0.07 0.07 0.07 0.07
  per-rule acc: 0.07 0.08
Epoch 9999 | Train: Loss=0.0026 Acc=100.0% | Test: Acc=7.4% | Best=7.5%(@9320)
  from x3: 0.09 0.08 0.07 0.07 0.07 0.07 0.07 0.07 0.07 0.07 0.07 0.07 0.07
  per-rule acc: 0.07 0.08

==================================================
Saving model...
[OK] Model saved to: /home/cxm/ai/test0617-basic/models/mixed_basic_d256l1_r16_t16_c0.5.pth
  File size: 9442.3 KB
  Best test accuracy: 7.47%

==================================================
Final generation test (given first two items, AB generates 3rd as prompt, validate from 4th)
==================================================

--- AB pair 1: (1, 1) ---

--- Statistics for AB=(1,1) ---
Exposed    samples:  1405 | In-dist: 18265/18265 (100.0%) | OOD: 22480/22480 (100.0%)
Unexposed  samples:  1404 | In-dist:  7322/18252 ( 40.1%) | OOD:  9739/22464 ( 43.4%)

--- AB pair 2: (1, 2) ---

--- Statistics for AB=(1,2) ---
Exposed    samples:  1405 | In-dist: 18057/18265 ( 98.9%) | OOD: 22240/22480 ( 98.9%)
Unexposed  samples:  1404 | In-dist:  3750/18252 ( 20.5%) | OOD:  4859/22464 ( 21.6%)

--- Return code: 0 ---

======================================================================
Attention Analysis
======================================================================
Model config: addition (default), p=53
Best test accuracy: 0.07467674775367084
Training epochs: 9999

Random test sequence 1/5 (length 32): [8, 33, 41, 21, 9, 30, 39, 16, 2, 18, 20, 38, 5, 43, 48, 38, 33, 18, 51, 16]...

======================================================================
Attention Layer Training Result Summary
======================================================================
Input sequence: [8, 33, 41, 21, 9, 30, 39, 16, 2, 18, 20, 38, 5, 43, 48, 38, 33, 18, 51, 16, 14, 30, 44, 21, 12, 33, 45, 25, 17, 42, 6, 48]

--- Layer 0 ---
  Head 0: Entropy=0.765
    Attention coefficients from each query position to previous positions:
      i= 0 -> j=0:1.000
      i= 1 -> j=0:0.161, j=1:0.839
      i= 2 -> j=0:0.057, j=1:0.154, j=2:0.789
      i= 3 -> j=0:0.031, j=1:0.048, j=2:0.153, j=3:0.768
      i= 4 -> j=0:0.017, j=1:0.024, j=2:0.061, j=3:0.144, j=4:0.753
      i= 5 -> j=0:0.006, j=1:0.010, j=2:0.031, j=3:0.056, j=4:0.137, j=5:0.761
      i= 6 -> j=0:0.001, j=1:0.002, j=2:0.008, j=3:0.017, j=4:0.048, j=5:0.130, j=6:0.793
      i= 7 -> j=0:0.000, j=1:0.001, j=2:0.004, j=3:0.011, j=4:0.025, j=5:0.052, j=6:0.144, j=7:0.764
      i= 8 -> j=0:0.000, j=1:0.000, j=2:0.001, j=3:0.003, j=4:0.012, j=5:0.020, j=6:0.052, j=7:0.137, j=8:0.776
      i= 9 -> j=0:0.000, j=1:0.000, j=2:0.000, j=3:0.001, j=4:0.003, j=5:0.016, j=6:0.045, j=7:0.063, j=8:0.067, j=9:0.805
      i=10 -> j=0:0.000, j=1:0.000, j=2:0.000, j=3:0.000, j=4:0.001, j=5:0.002, j=6:0.008, j=7:0.016, j=8:0.050, j=9:0.177, j=10:0.745
      i=11 -> j=0:0.000, j=1:0.000, j=2:0.000, j=3:0.000, j=4:0.000, j=5:0.001, j=6:0.003, j=7:0.008, j=8:0.021, j=9:0.053, j=10:0.141, j=11:0.773
      i=12 -> j=0:0.000, j=1:0.000, j=2:0.000, j=3:0.000, j=4:0.000, j=5:0.000, j=6:0.000, j=7:0.002, j=8:0.008, j=9:0.017, j=10:0.046, j=11:0.135, j=12:0.792
      i=13 -> j=0:0.000, j=1:0.000, j=2:0.000, j=3:0.000, j=4:0.000, j=5:0.000, j=6:0.000, j=7:0.000, j=8:0.002, j=9:0.005, j=10:0.017, j=11:0.046, j=12:0.158, j=13:0.772
      i=14 -> j=0:0.000, j=1:0.000, j=2:0.000, j=3:0.000, j=4:0.000, j=5:0.000, j=6:0.000, j=7:0.000, j=8:0.001, j=9:0.006, j=10:0.014, j=11:0.029, j=12:0.065, j=13:0.173, j=14:0.711
      i=15 -> j=0:0.000, j=1:0.000, j=2:0.000, j=3:0.000, j=4:0.000, j=5:0.000, j=6:0.000, j=7:0.000, j=8:0.000, j=9:0.001, j=10:0.002, j=11:0.013, j=12:0.022, j=13:0.048, j=14:0.127, j=15:0.787
      i=16 -> j=0:0.000, j=1:0.000, j=2:0.000, j=3:0.000, j=4:0.000, j=5:0.000, j=6:0.000, j=7:0.000, j=8:0.000, j=9:0.000, j=10:0.000, j=11:0.002, j=12:0.007, j=13:0.018, j=14:0.047, j=15:0.150, j=16:0.775
      i=17 -> j=0:0.000, j=1:0.000, j=2:0.000, j=3:0.000, j=4:0.000, j=5:0.000, j=6:0.000, j=7:0.000, j=8:0.000, j=9:0.001, j=10:0.000, j=11:0.001, j=12:0.002, j=13:0.005, j=14:0.021, j=15:0.060, j=16:0.120, j=17:0.788
      i=18 -> j=0:0.000, j=1:0.000, j=2:0.000, j=3:0.000, j=4:0.000, j=5:0.000, j=6:0.000, j=7:0.000, j=8:0.000, j=9:0.000, j=10:0.000, j=11:0.000, j=12:0.001, j=13:0.002, j=14:0.006, j=15:0.023, j=16:0.045, j=17:0.136, j=18:0.788
      i=19 -> j=0:0.000, j=1:0.000, j=2:0.000, j=3:0.000, j=4:0.000, j=5:0.000, j=6:0.000, j=7:0.000, j=8:0.000, j=9:0.000, j=10:0.000, j=11:0.000, j=12:0.000, j=13:0.001, j=14:0.003, j=15:0.010, j=16:0.019, j=17:0.051, j=18:0.146, j=19:0.769
      i=20 -> j=0:0.000, j=1:0.000, j=2:0.000, j=3:0.000, j=4:0.000, j=5:0.000, j=6:0.000, j=7:0.000, j=8:0.000, j=9:0.000, j=10:0.000, j=11:0.000, j=12:0.000, j=13:0.000, j=14:0.000, j=15:0.002, j=16:0.005, j=17:0.021, j=18:0.035, j=19:0.168, j=20:0.768
      i=21 -> j=0:0.000, j=1:0.000, j=2:0.000, j=3:0.000, j=4:0.000, j=5:0.000, j=6:0.000, j=7:0.000, j=8:0.000, j=9:0.000, j=10:0.000, j=11:0.000, j=12:0.000, j=13:0.000, j=14:0.000, j=15:0.001, j=16:0.003, j=17:0.017, j=18:0.018, j=19:0.048, j=20:0.141, j=21:0.767
      i=22 -> j=0:0.000, j=1:0.000, j=2:0.000, j=3:0.000, j=4:0.000, j=5:0.000, j=6:0.000, j=7:0.000, j=8:0.000, j=9:0.000, j=10:0.000, j=11:0.000, j=12:0.000, j=13:0.000, j=14:0.000, j=15:0.001, j=16:0.001, j=17:0.007, j=18:0.011, j=19:0.030, j=20:0.055, j=21:0.154, j=22:0.738
      i=23 -> j=0:0.000, j=1:0.000, j=2:0.000, j=3:0.000, j=4:0.000, j=5:0.000, j=6:0.000, j=7:0.000, j=8:0.000, j=9:0.000, j=10:0.000, j=11:0.000, j=12:0.000, j=13:0.000, j=14:0.000, j=15:0.000, j=16:0.000, j=17:0.002, j=18:0.004, j=19:0.014, j=20:0.025, j=21:0.056, j=22:0.148, j=23:0.748
      i=24 -> j=0:0.001, j=1:0.001, j=2:0.001, j=3:0.000, j=4:0.000, j=5:0.000, j=6:0.000, j=7:0.000, j=8:0.000, j=9:0.000, j=10:0.000, j=11:0.000, j=12:0.000, j=13:0.000, j=14:0.000, j=15:0.000, j=16:0.000, j=17:0.001, j=18:0.001, j=19:0.006, j=20:0.013, j=21:0.032, j=22:0.059, j=23:0.151, j=24:0.733
      i=25 -> j=0:0.000, j=1:0.000, j=2:0.000, j=3:0.000, j=4:0.000, j=5:0.000, j=6:0.000, j=7:0.000, j=8:0.000, j=9:0.000, j=10:0.000, j=11:0.000, j=12:0.000, j=13:0.000, j=14:0.000, j=15:0.000, j=16:0.000, j=17:0.000, j=18:0.000, j=19:0.000, j=20:0.001, j=21:0.007, j=22:0.019, j=23:0.046, j=24:0.135, j=25:0.790
      i=26 -> j=0:0.000, j=1:0.000, j=2:0.001, j=3:0.001, j=4:0.000, j=5:0.000, j=6:0.000, j=7:0.000, j=8:0.000, j=9:0.000, j=10:0.000, j=11:0.000, j=12:0.000, j=13:0.000, j=14:0.000, j=15:0.000, j=16:0.000, j=17:0.000, j=18:0.000, j=19:0.001, j=20:0.001, j=21:0.006, j=22:0.019, j=23:0.032, j=24:0.064, j=25:0.135, j=26:0.736
      i=27 -> j=0:0.000, j=1:0.000, j=2:0.001, j=3:0.001, j=4:0.000, j=5:0.000, j=6:0.000, j=7:0.000, j=8:0.000, j=9:0.000, j=10:0.000, j=11:0.000, j=12:0.000, j=13:0.000, j=14:0.000, j=15:0.000, j=16:0.000, j=17:0.000, j=18:0.000, j=19:0.000, j=20:0.000, j=21:0.002, j=22:0.007, j=23:0.015, j=24:0.046, j=25:0.048, j=26:0.155, j=27:0.721
      i=28 -> j=0:0.000, j=1:0.000, j=2:0.000, j=3:0.000, j=4:0.000, j=5:0.000, j=6:0.000, j=7:0.000, j=8:0.000, j=9:0.000, j=10:0.000, j=11:0.000, j=12:0.000, j=13:0.000, j=14:0.000, j=15:0.000, j=16:0.000, j=17:0.000, j=18:0.000, j=19:0.000, j=20:0.000, j=21:0.000, j=22:0.000, j=23:0.002, j=24:0.009, j=25:0.011, j=26:0.047, j=27:0.133, j=28:0.796
      i=29 -> j=0:0.001, j=1:0.000, j=2:0.000, j=3:0.000, j=4:0.000, j=5:0.000, j=6:0.000, j=7:0.000, j=8:0.000, j=9:0.000, j=10:0.000, j=11:0.000, j=12:0.000, j=13:0.000, j=14:0.000, j=15:0.000, j=16:0.000, j=17:0.000, j=18:0.000, j=19:0.000, j=20:0.000, j=21:0.000, j=22:0.000, j=23:0.000, j=24:0.002, j=25:0.006, j=26:0.022, j=27:0.047, j=28:0.147, j=29:0.772
      i=30 -> j=0:0.001, j=1:0.000, j=2:0.000, j=3:0.000, j=4:0.000, j=5:0.000, j=6:0.000, j=7:0.000, j=8:0.000, j=9:0.000, j=10:0.000, j=11:0.000, j=12:0.000, j=13:0.000, j=14:0.000, j=15:0.000, j=16:0.000, j=17:0.000, j=18:0.000, j=19:0.000, j=20:0.000, j=21:0.000, j=22:0.000, j=23:0.000, j=24:0.001, j=25:0.001, j=26:0.006, j=27:0.013, j=28:0.052, j=29:0.139, j=30:0.784
      i=31 -> j=0:0.001, j=1:0.001, j=2:0.001, j=3:0.001, j=4:0.000, j=5:0.000, j=6:0.000, j=7:0.000, j=8:0.000, j=9:0.000, j=10:0.000, j=11:0.000, j=12:0.000, j=13:0.000, j=14:0.000, j=15:0.000, j=16:0.000, j=17:0.000, j=18:0.000, j=19:0.000, j=20:0.000, j=21:0.000, j=22:0.000, j=23:0.000, j=24:0.001, j=25:0.001, j=26:0.005, j=27:0.013, j=28:0.034, j=29:0.050, j=30:0.141, j=31:0.744
    Average attention per distance:
      d=0:0.776, d=1:0.143, d=2:0.052, d=3:0.024, d=4:0.010


======================================================================
QK Property Verification (Raw Scores, before Softmax)
======================================================================
Recurrence order init_len=2, num test sequences=1

--- [P1] Long-distance Orthogonality Verification ---
Ideal: raw_score mean ≈ 0 and small std when d > init_len

  Layer 0, Head 0:
    d= 1 (effective): mean=  3.319, std= 0.429, n=31
    d= 2 (effective): mean=  2.287, std= 0.335, n=30
    d>2 (long-distance): mean= -2.646, std= 1.732, n=435

--- [P2] Time-homogeneous Verification ---
Ideal: CV of raw_score across positions i ≈ 0 for fixed distance d
(CV = std / |mean|, smaller = more constant)

  Layer 0, Head 0:
    d= 1: mean=  3.319, std= 0.429, CV=0.129, n=31
    d= 2: mean=  2.287, std= 0.335, CV=0.147, n=30

======================================================================
QK Property Verification Completed
======================================================================
