=== Experiment: mixed_basic_d1024l1_r16_t32_c0.5 ===
Time: 2026-06-17T23:06:19.686270
Task type: mixed_ab
Merged config: {
  "P": 53,
  "TASK": "mixed_ab",
  "NUM_MASK": 2,
  "A": 1,
  "B": 1,
  "AB_PAIRS": [
    [
      1,
      1
    ],
    [
      1,
      2
    ]
  ],
  "D_MODEL": 1024,
  "N_HEAD": 1,
  "N_LAYER": 1,
  "BATCH_SIZE": 128,
  "EPOCHS": 10000,
  "LR": 0.0003,
  "SAVE_PATH": "models/mixed_basic_d1024l1_r16_t32_c0.5.pth",
  "USE_GREEDY_GENERATE": true,
  "USE_LEARNABLE_PE": false,
  "MLP_RATIO": 16,
  "TRAIN_LEN": 32,
  "OOD_LEN": 64,
  "DROPOUT": 0.0,
  "TARGET_INIT_COVERAGE": 0.5,
  "MAX_UNIQUE_RATIO": 0.5,
  "WEIGHT_DECAY": 1,
  "ENTROPY_PENALTY_WEIGHT": 0.0,
  "FIRST_TASK_WEIGHT": 1.0,
  "RANDOM_SEED": 42,
  "EVAL_INTERVAL": 20,
  "EARLY_STOP_NO_IMPROVE": 2000,
  "EARLY_STOP_ACCURACY": 0.99,
  "USE_AB_TAG": false,
  "USE_CONDITIONAL_WTE": false,
  "COND_WTE_SHARED_RATIO": 0.0
}
--- output ---
Using device: cuda

[Dataset] Mixed mode: generated 2810 + 2808 samples, length 32
AB parameter pairs: [(1, 1), (1, 2)]
--------------------------------------------------
[Model config] block_size: 64, train length: 32
[Number theory] AB parameter pairs: [(1, 1), (1, 2)]


Model parameters: 38.36M

Start training...
Epoch   0 | Train: Loss=3.8743 Acc=14.1% | Test: Acc=0.8% | Best=0.8%(@0)
  from x3: 0.01 0.01 0.01 0.01 0.01 0.01 0.01 0.01 0.01 0.01 0.01 0.01 0.01 0.01 0.01 0.01 0.01 0.01 0.01 0.01 0.01 0.01 0.01 0.01 0.01 0.01 0.01 0.00 0.01
  per-rule acc: 0.01 0.01
Epoch  20 | Train: Loss=0.0394 Acc=99.4% | Test: Acc=3.8% | Best=3.8%(@20)
  from x3: 0.05 0.04 0.04 0.04 0.04 0.04 0.04 0.04 0.03 0.03 0.03 0.04 0.04 0.04 0.04 0.04 0.04 0.04 0.04 0.04 0.04 0.04 0.04 0.04 0.04 0.04 0.04 0.04 0.04
  per-rule acc: 0.05 0.03
Epoch  40 | Train: Loss=0.0108 Acc=99.7% | Test: Acc=4.7% | Best=4.7%(@40)
  from x3: 0.07 0.05 0.05 0.05 0.05 0.05 0.05 0.04 0.04 0.05 0.05 0.05 0.05 0.05 0.05 0.05 0.05 0.05 0.05 0.05 0.05 0.05 0.05 0.05 0.05 0.05 0.04 0.04 0.04
  per-rule acc: 0.06 0.03
Epoch  60 | Train: Loss=0.0048 Acc=99.9% | Test: Acc=4.8% | Best=4.8%(@60)
  from x3: 0.07 0.06 0.05 0.05 0.05 0.05 0.05 0.05 0.05 0.05 0.05 0.05 0.05 0.05 0.05 0.05 0.05 0.05 0.05 0.05 0.05 0.05 0.05 0.05 0.05 0.05 0.05 0.05 0.04
  per-rule acc: 0.07 0.02
Epoch  80 | Train: Loss=0.0044 Acc=99.9% | Test: Acc=4.9% | Best=4.9%(@80)
  from x3: 0.06 0.06 0.05 0.05 0.05 0.05 0.05 0.05 0.05 0.05 0.05 0.05 0.05 0.05 0.05 0.05 0.05 0.05 0.05 0.05 0.05 0.05 0.05 0.05 0.05 0.05 0.05 0.05 0.05
  per-rule acc: 0.07 0.02
Epoch 100 | Train: Loss=0.0046 Acc=99.9% | Test: Acc=5.0% | Best=5.0%(@100)
  from x3: 0.07 0.06 0.05 0.05 0.05 0.05 0.05 0.05 0.05 0.05 0.05 0.05 0.05 0.05 0.05 0.05 0.05 0.05 0.05 0.05 0.05 0.05 0.05 0.05 0.05 0.05 0.05 0.05 0.05
  per-rule acc: 0.08 0.02
Epoch 120 | Train: Loss=0.0040 Acc=100.0% | Test: Acc=4.7% | Best=5.0%(@100)
  from x3: 0.07 0.06 0.05 0.05 0.05 0.05 0.05 0.05 0.05 0.04 0.05 0.05 0.05 0.04 0.04 0.04 0.04 0.05 0.05 0.05 0.05 0.05 0.05 0.05 0.05 0.04 0.04 0.04 0.04
  per-rule acc: 0.07 0.02
Epoch 140 | Train: Loss=0.0031 Acc=99.9% | Test: Acc=4.4% | Best=5.0%(@100)
  from x3: 0.06 0.05 0.05 0.05 0.04 0.04 0.04 0.04 0.04 0.04 0.04 0.04 0.04 0.04 0.04 0.04 0.04 0.04 0.04 0.04 0.04 0.04 0.04 0.04 0.04 0.04 0.04 0.04 0.04
  per-rule acc: 0.07 0.02
Epoch 160 | Train: Loss=0.0057 Acc=99.9% | Test: Acc=4.3% | Best=5.0%(@100)
  from x3: 0.06 0.05 0.05 0.05 0.04 0.04 0.04 0.04 0.04 0.04 0.04 0.04 0.04 0.04 0.04 0.04 0.04 0.04 0.04 0.04 0.04 0.04 0.04 0.04 0.04 0.04 0.04 0.04 0.04
  per-rule acc: 0.07 0.02
Epoch 180 | Train: Loss=0.0026 Acc=100.0% | Test: Acc=4.4% | Best=5.0%(@100)
  from x3: 0.07 0.05 0.05 0.05 0.04 0.04 0.04 0.04 0.04 0.04 0.04 0.04 0.04 0.04 0.04 0.04 0.04 0.04 0.04 0.04 0.04 0.04 0.04 0.04 0.04 0.04 0.04 0.04 0.04
  per-rule acc: 0.07 0.02
Epoch 200 | Train: Loss=0.0041 Acc=99.9% | Test: Acc=4.9% | Best=5.0%(@100)
  from x3: 0.07 0.06 0.05 0.05 0.05 0.05 0.05 0.05 0.05 0.05 0.05 0.05 0.05 0.05 0.05 0.05 0.05 0.05 0.05 0.05 0.05 0.05 0.05 0.05 0.05 0.05 0.04 0.04 0.04
  per-rule acc: 0.08 0.02
Epoch 220 | Train: Loss=0.0048 Acc=99.9% | Test: Acc=4.1% | Best=5.0%(@100)
  from x3: 0.06 0.05 0.05 0.05 0.04 0.04 0.04 0.04 0.04 0.04 0.04 0.04 0.04 0.04 0.04 0.04 0.04 0.04 0.04 0.04 0.04 0.04 0.04 0.04 0.04 0.04 0.04 0.04 0.04
  per-rule acc: 0.06 0.02
Epoch 240 | Train: Loss=0.0027 Acc=99.9% | Test: Acc=3.9% | Best=5.0%(@100)
  from x3: 0.07 0.05 0.04 0.04 0.04 0.04 0.04 0.04 0.04 0.04 0.04 0.04 0.04 0.04 0.04 0.04 0.04 0.04 0.04 0.04 0.04 0.03 0.04 0.03 0.03 0.03 0.03 0.03 0.03
  per-rule acc: 0.06 0.02
Epoch 260 | Train: Loss=0.0047 Acc=99.9% | Test: Acc=3.8% | Best=5.0%(@100)
  from x3: 0.06 0.04 0.04 0.04 0.04 0.04 0.04 0.04 0.04 0.04 0.04 0.04 0.04 0.04 0.04 0.04 0.04 0.04 0.04 0.04 0.04 0.04 0.04 0.04 0.04 0.03 0.04 0.04 0.04
  per-rule acc: 0.06 0.02
Epoch 280 | Train: Loss=0.0027 Acc=99.9% | Test: Acc=3.7% | Best=5.0%(@100)
  from x3: 0.06 0.04 0.04 0.04 0.04 0.04 0.04 0.04 0.04 0.04 0.04 0.03 0.04 0.04 0.04 0.04 0.04 0.04 0.04 0.03 0.03 0.03 0.03 0.03 0.03 0.03 0.03 0.03 0.03
  per-rule acc: 0.06 0.02
Epoch 300 | Train: Loss=0.0061 Acc=99.9% | Test: Acc=3.7% | Best=5.0%(@100)
  from x3: 0.06 0.04 0.04 0.04 0.04 0.04 0.04 0.04 0.04 0.04 0.04 0.04 0.04 0.03 0.04 0.04 0.04 0.04 0.04 0.04 0.04 0.04 0.04 0.03 0.03 0.03 0.03 0.03 0.03
  per-rule acc: 0.05 0.02
Epoch 320 | Train: Loss=0.0022 Acc=100.0% | Test: Acc=3.7% | Best=5.0%(@100)
  from x3: 0.06 0.04 0.04 0.04 0.04 0.04 0.04 0.04 0.04 0.04 0.04 0.04 0.04 0.04 0.04 0.04 0.04 0.04 0.04 0.03 0.04 0.03 0.03 0.03 0.03 0.03 0.03 0.03 0.03
  per-rule acc: 0.05 0.02
Epoch 340 | Train: Loss=0.0494 Acc=99.4% | Test: Acc=3.9% | Best=5.0%(@100)
  from x3: 0.06 0.04 0.04 0.04 0.04 0.04 0.04 0.04 0.04 0.04 0.04 0.04 0.04 0.04 0.04 0.04 0.04 0.04 0.04 0.04 0.04 0.04 0.04 0.04 0.04 0.04 0.04 0.04 0.04
  per-rule acc: 0.05 0.03
Epoch 360 | Train: Loss=0.0023 Acc=100.0% | Test: Acc=3.4% | Best=5.0%(@100)
  from x3: 0.05 0.04 0.04 0.04 0.04 0.03 0.03 0.03 0.03 0.03 0.03 0.03 0.03 0.03 0.03 0.03 0.03 0.03 0.03 0.03 0.03 0.03 0.03 0.03 0.03 0.03 0.03 0.03 0.03
  per-rule acc: 0.05 0.02
Epoch 380 | Train: Loss=0.0820 Acc=99.6% | Test: Acc=3.3% | Best=5.0%(@100)
  from x3: 0.05 0.04 0.04 0.03 0.03 0.03 0.03 0.03 0.03 0.03 0.03 0.03 0.03 0.03 0.03 0.03 0.03 0.03 0.03 0.03 0.03 0.03 0.03 0.03 0.03 0.03 0.03 0.03 0.03
  per-rule acc: 0.04 0.02
Epoch 400 | Train: Loss=0.0020 Acc=100.0% | Test: Acc=3.0% | Best=5.0%(@100)
  from x3: 0.05 0.04 0.03 0.03 0.03 0.03 0.03 0.03 0.03 0.03 0.03 0.03 0.03 0.03 0.03 0.03 0.03 0.03 0.03 0.03 0.03 0.03 0.03 0.03 0.03 0.03 0.03 0.03 0.03
  per-rule acc: 0.04 0.02
Epoch 420 | Train: Loss=0.0631 Acc=99.7% | Test: Acc=3.6% | Best=5.0%(@100)
  from x3: 0.06 0.04 0.04 0.04 0.04 0.04 0.04 0.04 0.04 0.04 0.04 0.03 0.03 0.03 0.03 0.03 0.03 0.03 0.03 0.03 0.03 0.03 0.03 0.03 0.03 0.03 0.03 0.03 0.03
  per-rule acc: 0.04 0.03
Epoch 440 | Train: Loss=0.0023 Acc=100.0% | Test: Acc=2.9% | Best=5.0%(@100)
  from x3: 0.05 0.04 0.03 0.03 0.03 0.03 0.03 0.03 0.03 0.03 0.03 0.03 0.03 0.03 0.03 0.03 0.03 0.03 0.03 0.03 0.03 0.03 0.03 0.03 0.03 0.03 0.03 0.03 0.03
  per-rule acc: 0.04 0.02
Epoch 460 | Train: Loss=0.0167 Acc=99.8% | Test: Acc=3.5% | Best=5.0%(@100)
  from x3: 0.05 0.05 0.04 0.04 0.04 0.04 0.04 0.04 0.04 0.03 0.04 0.03 0.03 0.03 0.03 0.03 0.03 0.03 0.03 0.03 0.03 0.03 0.03 0.03 0.03 0.03 0.03 0.03 0.03
  per-rule acc: 0.05 0.02
Epoch 480 | Train: Loss=0.0024 Acc=100.0% | Test: Acc=2.9% | Best=5.0%(@100)
  from x3: 0.05 0.04 0.03 0.03 0.03 0.03 0.03 0.03 0.03 0.03 0.03 0.03 0.03 0.03 0.03 0.03 0.03 0.03 0.03 0.03 0.03 0.03 0.03 0.03 0.03 0.03 0.03 0.03 0.03
  per-rule acc: 0.04 0.02
Epoch 500 | Train: Loss=0.0272 Acc=99.7% | Test: Acc=3.0% | Best=5.0%(@100)
  from x3: 0.05 0.04 0.03 0.03 0.03 0.03 0.03 0.03 0.03 0.03 0.03 0.03 0.03 0.03 0.03 0.03 0.03 0.03 0.03 0.03 0.03 0.03 0.03 0.03 0.03 0.03 0.03 0.03 0.03
  per-rule acc: 0.04 0.02
Epoch 520 | Train: Loss=0.0022 Acc=100.0% | Test: Acc=2.6% | Best=5.0%(@100)
  from x3: 0.04 0.03 0.03 0.03 0.03 0.03 0.03 0.03 0.03 0.03 0.02 0.03 0.03 0.02 0.02 0.02 0.03 0.03 0.03 0.02 0.02 0.02 0.02 0.02 0.02 0.02 0.02 0.02 0.02
  per-rule acc: 0.03 0.02
Epoch 540 | Train: Loss=0.0027 Acc=100.0% | Test: Acc=2.8% | Best=5.0%(@100)
  from x3: 0.05 0.04 0.03 0.03 0.03 0.03 0.03 0.03 0.03 0.03 0.03 0.03 0.03 0.03 0.03 0.03 0.03 0.03 0.03 0.03 0.03 0.03 0.03 0.03 0.03 0.03 0.03 0.03 0.03
  per-rule acc: 0.03 0.02
Epoch 560 | Train: Loss=0.0053 Acc=99.9% | Test: Acc=2.5% | Best=5.0%(@100)
  from x3: 0.05 0.04 0.03 0.03 0.02 0.02 0.02 0.02 0.02 0.02 0.02 0.02 0.02 0.02 0.02 0.02 0.02 0.02 0.02 0.02 0.02 0.02 0.02 0.02 0.02 0.02 0.02 0.02 0.02
  per-rule acc: 0.03 0.02
Epoch 580 | Train: Loss=0.0085 Acc=99.9% | Test: Acc=2.9% | Best=5.0%(@100)
  from x3: 0.05 0.04 0.03 0.03 0.03 0.03 0.03 0.03 0.03 0.03 0.03 0.03 0.03 0.03 0.03 0.03 0.03 0.03 0.03 0.03 0.03 0.03 0.03 0.03 0.03 0.03 0.03 0.03 0.03
  per-rule acc: 0.04 0.02
Epoch 600 | Train: Loss=0.0021 Acc=100.0% | Test: Acc=2.7% | Best=5.0%(@100)
  from x3: 0.04 0.03 0.03 0.03 0.03 0.03 0.03 0.03 0.03 0.03 0.03 0.03 0.03 0.03 0.03 0.03 0.03 0.03 0.03 0.03 0.03 0.03 0.03 0.02 0.03 0.03 0.02 0.02 0.02
  per-rule acc: 0.03 0.02
Epoch 620 | Train: Loss=0.0026 Acc=99.9% | Test: Acc=3.2% | Best=5.0%(@100)
  from x3: 0.04 0.04 0.03 0.03 0.03 0.03 0.03 0.03 0.03 0.03 0.03 0.03 0.03 0.03 0.03 0.03 0.03 0.03 0.03 0.03 0.03 0.03 0.03 0.03 0.03 0.03 0.03 0.03 0.03
  per-rule acc: 0.04 0.03
Epoch 640 | Train: Loss=0.0034 Acc=100.0% | Test: Acc=2.5% | Best=5.0%(@100)
  from x3: 0.04 0.03 0.03 0.03 0.03 0.02 0.02 0.02 0.02 0.02 0.02 0.02 0.02 0.02 0.02 0.02 0.02 0.02 0.02 0.02 0.02 0.02 0.02 0.02 0.02 0.02 0.02 0.02 0.02
  per-rule acc: 0.03 0.02
Epoch 660 | Train: Loss=0.0048 Acc=100.0% | Test: Acc=2.8% | Best=5.0%(@100)
  from x3: 0.04 0.03 0.03 0.03 0.03 0.03 0.03 0.03 0.03 0.03 0.03 0.03 0.03 0.03 0.03 0.03 0.03 0.03 0.03 0.03 0.03 0.03 0.03 0.03 0.03 0.03 0.03 0.03 0.03
  per-rule acc: 0.03 0.02
Epoch 680 | Train: Loss=0.0320 Acc=99.8% | Test: Acc=3.2% | Best=5.0%(@100)
  from x3: 0.05 0.04 0.03 0.03 0.03 0.03 0.03 0.03 0.03 0.03 0.03 0.03 0.03 0.03 0.03 0.03 0.03 0.03 0.03 0.03 0.03 0.03 0.03 0.03 0.03 0.03 0.03 0.03 0.03
  per-rule acc: 0.04 0.02
Epoch 700 | Train: Loss=0.0021 Acc=100.0% | Test: Acc=2.9% | Best=5.0%(@100)
  from x3: 0.04 0.04 0.03 0.03 0.03 0.03 0.03 0.03 0.03 0.03 0.03 0.03 0.03 0.03 0.03 0.03 0.03 0.03 0.03 0.03 0.03 0.03 0.03 0.03 0.03 0.03 0.03 0.03 0.03
  per-rule acc: 0.03 0.03
Epoch 720 | Train: Loss=0.0022 Acc=100.0% | Test: Acc=2.9% | Best=5.0%(@100)
  from x3: 0.04 0.04 0.03 0.03 0.03 0.03 0.03 0.03 0.03 0.03 0.03 0.03 0.03 0.03 0.03 0.03 0.03 0.03 0.03 0.03 0.03 0.03 0.03 0.03 0.03 0.03 0.03 0.03 0.03
  per-rule acc: 0.03 0.03
Epoch 740 | Train: Loss=0.0043 Acc=99.9% | Test: Acc=3.0% | Best=5.0%(@100)
  from x3: 0.04 0.04 0.03 0.03 0.03 0.03 0.03 0.03 0.03 0.03 0.03 0.03 0.03 0.03 0.03 0.03 0.03 0.03 0.03 0.03 0.03 0.03 0.03 0.03 0.03 0.03 0.03 0.03 0.03
  per-rule acc: 0.03 0.03
Epoch 760 | Train: Loss=0.0027 Acc=100.0% | Test: Acc=3.2% | Best=5.0%(@100)
  from x3: 0.05 0.04 0.03 0.03 0.03 0.03 0.03 0.03 0.03 0.03 0.03 0.03 0.03 0.03 0.03 0.03 0.03 0.03 0.03 0.03 0.03 0.03 0.03 0.03 0.03 0.03 0.03 0.03 0.03
  per-rule acc: 0.04 0.03
Epoch 780 | Train: Loss=0.0022 Acc=100.0% | Test: Acc=3.1% | Best=5.0%(@100)
  from x3: 0.05 0.04 0.04 0.03 0.03 0.03 0.03 0.03 0.03 0.03 0.03 0.03 0.03 0.03 0.03 0.03 0.03 0.03 0.03 0.03 0.03 0.03 0.03 0.03 0.03 0.03 0.03 0.03 0.03
  per-rule acc: 0.04 0.03
Epoch 800 | Train: Loss=0.0041 Acc=99.9% | Test: Acc=3.2% | Best=5.0%(@100)
  from x3: 0.04 0.04 0.03 0.03 0.03 0.03 0.03 0.03 0.03 0.03 0.03 0.03 0.03 0.03 0.03 0.03 0.03 0.03 0.03 0.03 0.03 0.03 0.03 0.03 0.03 0.03 0.03 0.03 0.03
  per-rule acc: 0.04 0.03
Epoch 820 | Train: Loss=0.0022 Acc=100.0% | Test: Acc=3.6% | Best=5.0%(@100)
  from x3: 0.05 0.04 0.04 0.04 0.04 0.04 0.04 0.04 0.04 0.04 0.04 0.04 0.04 0.04 0.04 0.04 0.04 0.04 0.04 0.04 0.04 0.04 0.03 0.03 0.04 0.04 0.03 0.03 0.03
  per-rule acc: 0.04 0.03
Epoch 840 | Train: Loss=0.0046 Acc=99.9% | Test: Acc=3.3% | Best=5.0%(@100)
  from x3: 0.04 0.04 0.04 0.04 0.03 0.03 0.03 0.03 0.03 0.03 0.03 0.03 0.03 0.03 0.03 0.03 0.03 0.03 0.03 0.03 0.03 0.03 0.03 0.03 0.03 0.03 0.03 0.03 0.03
  per-rule acc: 0.04 0.03
Epoch 860 | Train: Loss=0.0029 Acc=99.9% | Test: Acc=3.7% | Best=5.0%(@100)
  from x3: 0.05 0.05 0.04 0.04 0.04 0.04 0.04 0.04 0.04 0.04 0.04 0.04 0.04 0.04 0.04 0.04 0.04 0.04 0.04 0.04 0.04 0.04 0.03 0.03 0.03 0.03 0.04 0.03 0.03
  per-rule acc: 0.04 0.03
Epoch 880 | Train: Loss=0.0040 Acc=99.9% | Test: Acc=3.3% | Best=5.0%(@100)
  from x3: 0.05 0.04 0.04 0.03 0.03 0.03 0.03 0.03 0.03 0.03 0.03 0.03 0.03 0.03 0.03 0.03 0.03 0.03 0.03 0.03 0.03 0.03 0.03 0.03 0.03 0.03 0.03 0.03 0.03
  per-rule acc: 0.03 0.03
Epoch 900 | Train: Loss=0.0081 Acc=99.9% | Test: Acc=4.1% | Best=5.0%(@100)
  from x3: 0.05 0.05 0.04 0.04 0.04 0.04 0.04 0.04 0.04 0.04 0.04 0.04 0.04 0.04 0.04 0.04 0.04 0.04 0.04 0.04 0.04 0.04 0.04 0.04 0.04 0.04 0.04 0.04 0.04
  per-rule acc: 0.04 0.04
Epoch 920 | Train: Loss=0.0022 Acc=100.0% | Test: Acc=3.8% | Best=5.0%(@100)
  from x3: 0.05 0.04 0.04 0.04 0.04 0.04 0.04 0.04 0.04 0.04 0.04 0.04 0.04 0.04 0.04 0.04 0.04 0.04 0.04 0.04 0.04 0.04 0.04 0.04 0.04 0.04 0.04 0.04 0.04
  per-rule acc: 0.04 0.03
Epoch 940 | Train: Loss=0.1322 Acc=99.9% | Test: Acc=3.2% | Best=5.0%(@100)
  from x3: 0.05 0.04 0.03 0.03 0.03 0.03 0.03 0.03 0.03 0.03 0.03 0.03 0.03 0.03 0.03 0.03 0.03 0.03 0.03 0.03 0.03 0.03 0.03 0.03 0.03 0.03 0.03 0.03 0.03
  per-rule acc: 0.03 0.03
Epoch 960 | Train: Loss=0.0023 Acc=100.0% | Test: Acc=3.4% | Best=5.0%(@100)
  from x3: 0.05 0.04 0.04 0.03 0.03 0.03 0.03 0.03 0.03 0.03 0.03 0.03 0.03 0.03 0.03 0.03 0.03 0.03 0.03 0.03 0.03 0.03 0.03 0.03 0.03 0.03 0.03 0.03 0.03
  per-rule acc: 0.04 0.03
Epoch 980 | Train: Loss=0.0080 Acc=99.9% | Test: Acc=3.9% | Best=5.0%(@100)
  from x3: 0.05 0.05 0.04 0.04 0.04 0.04 0.04 0.04 0.04 0.04 0.04 0.04 0.04 0.04 0.04 0.04 0.04 0.04 0.04 0.04 0.04 0.04 0.04 0.04 0.04 0.04 0.04 0.04 0.04
  per-rule acc: 0.05 0.03
Epoch 1000 | Train: Loss=0.0025 Acc=100.0% | Test: Acc=4.1% | Best=5.0%(@100)
  from x3: 0.05 0.04 0.04 0.04 0.04 0.04 0.04 0.04 0.04 0.04 0.04 0.04 0.04 0.04 0.04 0.04 0.04 0.04 0.04 0.04 0.04 0.04 0.04 0.04 0.04 0.04 0.04 0.04 0.04
  per-rule acc: 0.05 0.03
Epoch 1020 | Train: Loss=0.0602 Acc=99.9% | Test: Acc=3.1% | Best=5.0%(@100)
  from x3: 0.04 0.04 0.03 0.03 0.03 0.03 0.03 0.03 0.03 0.03 0.03 0.03 0.03 0.03 0.03 0.03 0.03 0.03 0.03 0.03 0.03 0.03 0.03 0.03 0.03 0.03 0.03 0.03 0.03
  per-rule acc: 0.03 0.03
Epoch 1040 | Train: Loss=0.0021 Acc=100.0% | Test: Acc=3.7% | Best=5.0%(@100)
  from x3: 0.05 0.05 0.04 0.04 0.04 0.04 0.04 0.04 0.04 0.04 0.04 0.04 0.04 0.04 0.04 0.04 0.04 0.04 0.04 0.04 0.04 0.04 0.04 0.04 0.04 0.04 0.04 0.04 0.04
  per-rule acc: 0.04 0.03
Epoch 1060 | Train: Loss=0.0045 Acc=99.9% | Test: Acc=3.7% | Best=5.0%(@100)
  from x3: 0.05 0.04 0.04 0.04 0.04 0.04 0.04 0.04 0.04 0.04 0.04 0.04 0.04 0.04 0.04 0.04 0.04 0.04 0.04 0.04 0.04 0.04 0.04 0.04 0.04 0.04 0.04 0.04 0.04
  per-rule acc: 0.04 0.03
Epoch 1080 | Train: Loss=0.0024 Acc=100.0% | Test: Acc=4.4% | Best=5.0%(@100)
  from x3: 0.06 0.05 0.04 0.04 0.04 0.04 0.04 0.04 0.04 0.04 0.04 0.04 0.04 0.04 0.04 0.04 0.04 0.04 0.04 0.04 0.04 0.04 0.04 0.04 0.04 0.04 0.04 0.04 0.04
  per-rule acc: 0.05 0.04
Epoch 1100 | Train: Loss=0.0027 Acc=100.0% | Test: Acc=4.1% | Best=5.0%(@100)
  from x3: 0.05 0.05 0.04 0.04 0.04 0.04 0.04 0.04 0.04 0.04 0.04 0.04 0.04 0.04 0.04 0.04 0.04 0.04 0.04 0.04 0.04 0.04 0.04 0.04 0.04 0.04 0.04 0.04 0.04
  per-rule acc: 0.05 0.04
Epoch 1120 | Train: Loss=0.0029 Acc=100.0% | Test: Acc=3.6% | Best=5.0%(@100)
  from x3: 0.05 0.04 0.04 0.04 0.04 0.04 0.03 0.03 0.03 0.03 0.04 0.04 0.04 0.04 0.04 0.04 0.04 0.04 0.03 0.03 0.03 0.03 0.03 0.03 0.03 0.03 0.03 0.03 0.03
  per-rule acc: 0.04 0.03
Epoch 1140 | Train: Loss=0.0019 Acc=100.0% | Test: Acc=3.8% | Best=5.0%(@100)
  from x3: 0.05 0.05 0.04 0.04 0.04 0.04 0.04 0.04 0.04 0.04 0.04 0.04 0.04 0.04 0.04 0.04 0.04 0.04 0.04 0.04 0.04 0.04 0.04 0.04 0.04 0.04 0.04 0.04 0.04
  per-rule acc: 0.04 0.03
Epoch 1160 | Train: Loss=0.0057 Acc=99.9% | Test: Acc=3.7% | Best=5.0%(@100)
  from x3: 0.05 0.05 0.04 0.04 0.04 0.04 0.04 0.04 0.04 0.04 0.04 0.04 0.04 0.04 0.04 0.04 0.04 0.04 0.04 0.04 0.04 0.04 0.04 0.04 0.04 0.04 0.03 0.04 0.03
  per-rule acc: 0.04 0.03
Epoch 1180 | Train: Loss=0.0021 Acc=100.0% | Test: Acc=4.0% | Best=5.0%(@100)
  from x3: 0.06 0.05 0.04 0.04 0.04 0.04 0.04 0.04 0.04 0.04 0.04 0.04 0.04 0.04 0.04 0.04 0.04 0.04 0.04 0.04 0.04 0.04 0.04 0.04 0.04 0.04 0.04 0.04 0.04
  per-rule acc: 0.04 0.04
Epoch 1200 | Train: Loss=0.0042 Acc=99.9% | Test: Acc=3.9% | Best=5.0%(@100)
  from x3: 0.06 0.05 0.04 0.04 0.04 0.04 0.04 0.04 0.04 0.04 0.04 0.04 0.04 0.04 0.04 0.04 0.04 0.04 0.04 0.04 0.04 0.04 0.04 0.04 0.04 0.04 0.04 0.04 0.04
  per-rule acc: 0.04 0.04
Epoch 1220 | Train: Loss=0.0074 Acc=99.9% | Test: Acc=4.4% | Best=5.0%(@100)
  from x3: 0.06 0.05 0.04 0.04 0.04 0.04 0.04 0.04 0.04 0.04 0.04 0.04 0.04 0.04 0.04 0.04 0.04 0.04 0.04 0.04 0.04 0.04 0.04 0.04 0.04 0.04 0.04 0.04 0.04
  per-rule acc: 0.05 0.04
Epoch 1240 | Train: Loss=0.0022 Acc=100.0% | Test: Acc=3.7% | Best=5.0%(@100)
  from x3: 0.05 0.05 0.04 0.04 0.04 0.04 0.04 0.04 0.04 0.04 0.04 0.04 0.04 0.04 0.04 0.04 0.04 0.04 0.04 0.04 0.04 0.04 0.04 0.04 0.03 0.03 0.04 0.04 0.04
  per-rule acc: 0.04 0.03
Epoch 1260 | Train: Loss=0.0024 Acc=100.0% | Test: Acc=3.7% | Best=5.0%(@100)
  from x3: 0.05 0.04 0.04 0.04 0.04 0.04 0.04 0.04 0.04 0.04 0.04 0.04 0.04 0.04 0.04 0.04 0.04 0.04 0.04 0.04 0.04 0.04 0.04 0.04 0.04 0.04 0.04 0.04 0.04
  per-rule acc: 0.04 0.03
Epoch 1280 | Train: Loss=0.0026 Acc=99.9% | Test: Acc=4.4% | Best=5.0%(@100)
  from x3: 0.06 0.05 0.05 0.05 0.04 0.04 0.04 0.04 0.04 0.04 0.04 0.04 0.04 0.04 0.04 0.04 0.04 0.04 0.04 0.04 0.04 0.04 0.04 0.04 0.04 0.04 0.04 0.04 0.04
  per-rule acc: 0.05 0.04
Epoch 1300 | Train: Loss=0.0030 Acc=99.9% | Test: Acc=4.1% | Best=5.0%(@100)
  from x3: 0.06 0.05 0.04 0.04 0.04 0.04 0.04 0.04 0.04 0.04 0.04 0.04 0.04 0.04 0.04 0.04 0.04 0.04 0.04 0.04 0.04 0.04 0.04 0.04 0.04 0.04 0.04 0.04 0.04
  per-rule acc: 0.05 0.04
Epoch 1320 | Train: Loss=0.0118 Acc=99.9% | Test: Acc=4.8% | Best=5.0%(@100)
  from x3: 0.06 0.06 0.05 0.05 0.05 0.05 0.05 0.05 0.05 0.05 0.05 0.05 0.05 0.05 0.05 0.05 0.05 0.05 0.05 0.05 0.05 0.05 0.05 0.05 0.05 0.05 0.05 0.05 0.05
  per-rule acc: 0.05 0.04
Epoch 1340 | Train: Loss=0.0019 Acc=100.0% | Test: Acc=4.4% | Best=5.0%(@100)
  from x3: 0.06 0.05 0.05 0.04 0.04 0.04 0.04 0.04 0.04 0.04 0.04 0.04 0.04 0.04 0.04 0.04 0.04 0.04 0.04 0.04 0.04 0.04 0.04 0.04 0.04 0.04 0.04 0.04 0.04
  per-rule acc: 0.05 0.04
Epoch 1360 | Train: Loss=0.0033 Acc=99.9% | Test: Acc=4.0% | Best=5.0%(@100)
  from x3: 0.04 0.04 0.04 0.04 0.04 0.04 0.04 0.04 0.04 0.04 0.04 0.04 0.04 0.04 0.04 0.04 0.04 0.04 0.04 0.04 0.04 0.04 0.04 0.04 0.04 0.04 0.04 0.04 0.04
  per-rule acc: 0.04 0.04
Epoch 1380 | Train: Loss=0.0017 Acc=100.0% | Test: Acc=4.7% | Best=5.0%(@100)
  from x3: 0.06 0.05 0.05 0.05 0.05 0.05 0.05 0.05 0.05 0.05 0.05 0.05 0.05 0.05 0.05 0.05 0.05 0.05 0.05 0.05 0.05 0.05 0.05 0.05 0.05 0.05 0.05 0.05 0.05
  per-rule acc: 0.05 0.04
Epoch 1400 | Train: Loss=0.0077 Acc=99.9% | Test: Acc=4.2% | Best=5.0%(@100)
  from x3: 0.05 0.05 0.04 0.04 0.04 0.04 0.04 0.04 0.04 0.04 0.04 0.04 0.04 0.04 0.04 0.04 0.04 0.04 0.04 0.04 0.04 0.04 0.04 0.04 0.04 0.04 0.04 0.04 0.04
  per-rule acc: 0.04 0.04
Epoch 1420 | Train: Loss=0.1678 Acc=99.9% | Test: Acc=2.8% | Best=5.0%(@100)
  from x3: 0.04 0.04 0.03 0.03 0.03 0.03 0.03 0.03 0.03 0.03 0.03 0.03 0.03 0.03 0.03 0.03 0.03 0.03 0.03 0.03 0.03 0.03 0.03 0.03 0.03 0.03 0.03 0.03 0.03
  per-rule acc: 0.02 0.03
Epoch 1440 | Train: Loss=0.0019 Acc=100.0% | Test: Acc=4.4% | Best=5.0%(@100)
  from x3: 0.06 0.05 0.05 0.04 0.04 0.04 0.04 0.04 0.04 0.04 0.04 0.04 0.04 0.04 0.04 0.04 0.04 0.04 0.04 0.04 0.04 0.04 0.04 0.04 0.04 0.04 0.04 0.04 0.04
  per-rule acc: 0.05 0.04
Epoch 1460 | Train: Loss=0.1220 Acc=98.2% | Test: Acc=4.1% | Best=5.0%(@100)
  from x3: 0.05 0.05 0.05 0.04 0.04 0.04 0.04 0.04 0.04 0.04 0.04 0.04 0.04 0.04 0.04 0.04 0.04 0.04 0.04 0.04 0.04 0.04 0.04 0.04 0.04 0.04 0.04 0.04 0.04
  per-rule acc: 0.04 0.04
Epoch 1480 | Train: Loss=0.0021 Acc=100.0% | Test: Acc=4.5% | Best=5.0%(@100)
  from x3: 0.06 0.05 0.04 0.05 0.04 0.04 0.04 0.04 0.04 0.04 0.04 0.04 0.04 0.04 0.04 0.04 0.04 0.04 0.04 0.04 0.04 0.04 0.04 0.04 0.04 0.04 0.04 0.04 0.04
  per-rule acc: 0.05 0.04
Epoch 1500 | Train: Loss=0.0890 Acc=99.8% | Test: Acc=4.2% | Best=5.0%(@100)
  from x3: 0.05 0.05 0.04 0.04 0.04 0.04 0.04 0.04 0.04 0.04 0.04 0.04 0.04 0.04 0.04 0.04 0.04 0.04 0.04 0.04 0.04 0.04 0.04 0.04 0.04 0.04 0.04 0.04 0.04
  per-rule acc: 0.04 0.04
Epoch 1520 | Train: Loss=0.0019 Acc=100.0% | Test: Acc=4.3% | Best=5.0%(@100)
  from x3: 0.06 0.05 0.05 0.05 0.05 0.04 0.04 0.04 0.04 0.04 0.04 0.04 0.04 0.04 0.04 0.04 0.04 0.04 0.04 0.04 0.04 0.04 0.04 0.04 0.04 0.04 0.04 0.04 0.04
  per-rule acc: 0.05 0.04
Epoch 1540 | Train: Loss=0.0037 Acc=99.9% | Test: Acc=4.4% | Best=5.0%(@100)
  from x3: 0.06 0.05 0.05 0.04 0.04 0.04 0.04 0.04 0.04 0.04 0.04 0.04 0.04 0.04 0.04 0.04 0.04 0.04 0.04 0.04 0.04 0.04 0.04 0.04 0.04 0.04 0.04 0.04 0.04
  per-rule acc: 0.05 0.04
Epoch 1560 | Train: Loss=0.0018 Acc=100.0% | Test: Acc=4.4% | Best=5.0%(@100)
  from x3: 0.06 0.05 0.05 0.04 0.05 0.04 0.04 0.04 0.04 0.04 0.04 0.04 0.04 0.04 0.04 0.04 0.04 0.04 0.04 0.04 0.04 0.04 0.04 0.04 0.04 0.04 0.04 0.04 0.04
  per-rule acc: 0.05 0.04
Epoch 1580 | Train: Loss=0.0226 Acc=99.7% | Test: Acc=4.4% | Best=5.0%(@100)
  from x3: 0.05 0.05 0.05 0.05 0.04 0.04 0.04 0.04 0.04 0.04 0.04 0.04 0.04 0.04 0.04 0.04 0.04 0.04 0.04 0.04 0.04 0.04 0.04 0.04 0.04 0.04 0.04 0.04 0.04
  per-rule acc: 0.05 0.04
Epoch 1600 | Train: Loss=0.0021 Acc=100.0% | Test: Acc=4.3% | Best=5.0%(@100)
  from x3: 0.06 0.05 0.05 0.04 0.04 0.04 0.04 0.04 0.04 0.04 0.04 0.04 0.04 0.04 0.04 0.04 0.04 0.04 0.04 0.04 0.04 0.04 0.04 0.04 0.04 0.04 0.04 0.04 0.04
  per-rule acc: 0.05 0.04
Epoch 1620 | Train: Loss=0.0023 Acc=100.0% | Test: Acc=5.0% | Best=5.0%(@100)
  from x3: 0.06 0.05 0.05 0.05 0.05 0.05 0.05 0.05 0.05 0.05 0.05 0.05 0.05 0.05 0.05 0.05 0.05 0.05 0.05 0.05 0.05 0.05 0.05 0.05 0.05 0.05 0.05 0.05 0.05
  per-rule acc: 0.05 0.05
Epoch 1640 | Train: Loss=0.0031 Acc=100.0% | Test: Acc=4.6% | Best=5.0%(@100)
  from x3: 0.05 0.05 0.05 0.05 0.05 0.05 0.05 0.05 0.05 0.05 0.05 0.05 0.05 0.05 0.05 0.05 0.05 0.05 0.05 0.05 0.05 0.05 0.05 0.05 0.05 0.05 0.05 0.04 0.05
  per-rule acc: 0.05 0.04
Epoch 1660 | Train: Loss=0.0049 Acc=99.9% | Test: Acc=4.1% | Best=5.0%(@100)
  from x3: 0.04 0.04 0.04 0.04 0.04 0.04 0.04 0.04 0.04 0.04 0.04 0.04 0.04 0.04 0.04 0.04 0.04 0.04 0.04 0.04 0.04 0.04 0.04 0.04 0.04 0.04 0.04 0.04 0.04
  per-rule acc: 0.04 0.04
Epoch 1680 | Train: Loss=0.0021 Acc=100.0% | Test: Acc=4.4% | Best=5.0%(@100)
  from x3: 0.06 0.05 0.05 0.05 0.04 0.04 0.04 0.04 0.04 0.04 0.04 0.04 0.04 0.04 0.04 0.04 0.04 0.04 0.04 0.04 0.04 0.04 0.04 0.04 0.04 0.04 0.04 0.04 0.04
  per-rule acc: 0.05 0.04
Epoch 1700 | Train: Loss=0.0055 Acc=99.9% | Test: Acc=4.9% | Best=5.0%(@100)
  from x3: 0.06 0.05 0.05 0.05 0.05 0.05 0.05 0.05 0.05 0.05 0.05 0.05 0.05 0.05 0.05 0.05 0.05 0.05 0.05 0.05 0.05 0.05 0.05 0.05 0.05 0.05 0.05 0.05 0.05
  per-rule acc: 0.05 0.05
Epoch 1720 | Train: Loss=0.0021 Acc=100.0% | Test: Acc=4.4% | Best=5.0%(@100)
  from x3: 0.06 0.05 0.05 0.04 0.04 0.04 0.04 0.04 0.04 0.04 0.04 0.04 0.04 0.04 0.04 0.04 0.04 0.04 0.04 0.04 0.04 0.04 0.04 0.04 0.04 0.04 0.04 0.04 0.04
  per-rule acc: 0.04 0.04
Epoch 1740 | Train: Loss=0.0094 Acc=99.8% | Test: Acc=4.2% | Best=5.0%(@100)
  from x3: 0.05 0.05 0.05 0.04 0.04 0.04 0.04 0.04 0.04 0.04 0.04 0.04 0.04 0.04 0.04 0.04 0.04 0.04 0.04 0.04 0.04 0.04 0.04 0.04 0.04 0.04 0.04 0.04 0.04
  per-rule acc: 0.04 0.04
Epoch 1760 | Train: Loss=0.0020 Acc=100.0% | Test: Acc=4.7% | Best=5.0%(@100)
  from x3: 0.06 0.05 0.05 0.05 0.05 0.05 0.05 0.05 0.05 0.05 0.05 0.05 0.05 0.05 0.05 0.05 0.05 0.05 0.05 0.05 0.05 0.05 0.05 0.05 0.05 0.05 0.05 0.05 0.05
  per-rule acc: 0.05 0.04
Epoch 1780 | Train: Loss=0.0036 Acc=99.9% | Test: Acc=4.5% | Best=5.0%(@100)
  from x3: 0.05 0.05 0.05 0.05 0.04 0.04 0.05 0.05 0.05 0.05 0.05 0.04 0.04 0.04 0.04 0.04 0.04 0.04 0.04 0.04 0.04 0.04 0.04 0.04 0.04 0.04 0.04 0.04 0.04
  per-rule acc: 0.04 0.05
Epoch 1800 | Train: Loss=0.0021 Acc=100.0% | Test: Acc=5.0% | Best=5.0%(@100)
  from x3: 0.07 0.06 0.05 0.05 0.05 0.05 0.05 0.05 0.05 0.05 0.05 0.05 0.05 0.05 0.05 0.05 0.05 0.05 0.05 0.05 0.05 0.05 0.05 0.05 0.05 0.05 0.05 0.05 0.05
  per-rule acc: 0.05 0.05
Epoch 1820 | Train: Loss=0.0026 Acc=100.0% | Test: Acc=4.7% | Best=5.0%(@100)
  from x3: 0.05 0.05 0.05 0.05 0.05 0.05 0.05 0.05 0.05 0.05 0.05 0.05 0.05 0.05 0.05 0.05 0.05 0.05 0.05 0.05 0.05 0.05 0.04 0.04 0.05 0.05 0.05 0.05 0.04
  per-rule acc: 0.05 0.04
Epoch 1840 | Train: Loss=0.0026 Acc=100.0% | Test: Acc=4.5% | Best=5.0%(@100)
  from x3: 0.05 0.05 0.05 0.05 0.05 0.05 0.05 0.04 0.05 0.04 0.04 0.04 0.04 0.04 0.04 0.04 0.04 0.04 0.04 0.04 0.04 0.04 0.04 0.04 0.04 0.04 0.04 0.04 0.04
  per-rule acc: 0.05 0.04
Epoch 1860 | Train: Loss=0.0190 Acc=99.9% | Test: Acc=5.3% | Best=5.3%(@1860)
  from x3: 0.07 0.06 0.06 0.06 0.05 0.05 0.05 0.05 0.05 0.05 0.05 0.05 0.05 0.05 0.05 0.05 0.05 0.05 0.05 0.05 0.05 0.05 0.05 0.05 0.05 0.05 0.05 0.05 0.05
  per-rule acc: 0.06 0.05
Epoch 1880 | Train: Loss=0.0018 Acc=100.0% | Test: Acc=4.8% | Best=5.3%(@1860)
  from x3: 0.06 0.05 0.05 0.05 0.05 0.05 0.05 0.05 0.05 0.05 0.05 0.05 0.05 0.05 0.05 0.05 0.05 0.05 0.05 0.05 0.05 0.05 0.05 0.05 0.05 0.05 0.05 0.05 0.05
  per-rule acc: 0.05 0.04
Epoch 1900 | Train: Loss=0.0029 Acc=99.9% | Test: Acc=4.6% | Best=5.3%(@1860)
  from x3: 0.06 0.05 0.05 0.05 0.05 0.05 0.05 0.05 0.05 0.05 0.05 0.05 0.05 0.05 0.05 0.05 0.05 0.05 0.04 0.04 0.04 0.04 0.04 0.04 0.04 0.04 0.04 0.04 0.04
  per-rule acc: 0.05 0.05
Epoch 1920 | Train: Loss=0.0033 Acc=99.9% | Test: Acc=5.2% | Best=5.3%(@1860)
  from x3: 0.06 0.06 0.05 0.05 0.05 0.05 0.05 0.05 0.05 0.05 0.05 0.05 0.05 0.05 0.05 0.05 0.05 0.05 0.05 0.05 0.05 0.05 0.05 0.05 0.05 0.05 0.05 0.05 0.05
  per-rule acc: 0.06 0.05
Epoch 1940 | Train: Loss=0.0020 Acc=100.0% | Test: Acc=5.0% | Best=5.3%(@1860)
  from x3: 0.06 0.06 0.05 0.05 0.05 0.05 0.05 0.05 0.05 0.05 0.05 0.05 0.05 0.05 0.05 0.05 0.05 0.05 0.05 0.05 0.05 0.05 0.05 0.05 0.05 0.05 0.05 0.05 0.05
  per-rule acc: 0.05 0.05
Epoch 1960 | Train: Loss=0.0027 Acc=100.0% | Test: Acc=4.9% | Best=5.3%(@1860)
  from x3: 0.06 0.05 0.05 0.05 0.05 0.05 0.05 0.05 0.05 0.05 0.05 0.05 0.05 0.05 0.05 0.05 0.05 0.05 0.05 0.05 0.05 0.05 0.05 0.05 0.05 0.05 0.05 0.05 0.05
  per-rule acc: 0.05 0.05
Epoch 1980 | Train: Loss=0.0079 Acc=99.9% | Test: Acc=5.3% | Best=5.3%(@1980)
  from x3: 0.07 0.06 0.06 0.05 0.05 0.05 0.05 0.05 0.05 0.05 0.05 0.05 0.05 0.05 0.05 0.05 0.05 0.05 0.05 0.05 0.05 0.05 0.05 0.05 0.05 0.05 0.05 0.05 0.05
  per-rule acc: 0.06 0.05
Epoch 2000 | Train: Loss=0.0021 Acc=100.0% | Test: Acc=5.1% | Best=5.3%(@1980)
  from x3: 0.06 0.06 0.05 0.05 0.05 0.05 0.05 0.05 0.05 0.05 0.05 0.05 0.05 0.05 0.05 0.05 0.05 0.05 0.05 0.05 0.05 0.05 0.05 0.05 0.05 0.05 0.05 0.05 0.05
  per-rule acc: 0.06 0.05
Epoch 2020 | Train: Loss=0.0063 Acc=99.9% | Test: Acc=5.6% | Best=5.6%(@2020)
  from x3: 0.07 0.06 0.06 0.06 0.06 0.06 0.05 0.05 0.05 0.05 0.05 0.05 0.05 0.05 0.05 0.05 0.05 0.05 0.05 0.05 0.05 0.05 0.05 0.05 0.05 0.05 0.05 0.05 0.05
  per-rule acc: 0.05 0.06
Epoch 2040 | Train: Loss=0.0022 Acc=100.0% | Test: Acc=5.1% | Best=5.6%(@2020)
  from x3: 0.06 0.05 0.06 0.05 0.05 0.05 0.05 0.05 0.05 0.05 0.05 0.05 0.05 0.05 0.05 0.05 0.05 0.05 0.05 0.05 0.05 0.05 0.05 0.05 0.05 0.05 0.05 0.05 0.05
  per-rule acc: 0.05 0.05
Epoch 2060 | Train: Loss=0.0036 Acc=99.9% | Test: Acc=5.1% | Best=5.6%(@2020)
  from x3: 0.06 0.05 0.05 0.05 0.05 0.05 0.05 0.05 0.05 0.05 0.05 0.05 0.05 0.05 0.05 0.05 0.05 0.05 0.05 0.05 0.05 0.05 0.05 0.05 0.05 0.05 0.05 0.05 0.05
  per-rule acc: 0.05 0.05
Epoch 2080 | Train: Loss=0.0018 Acc=100.0% | Test: Acc=5.3% | Best=5.6%(@2020)
  from x3: 0.07 0.06 0.06 0.06 0.06 0.05 0.05 0.05 0.05 0.05 0.05 0.05 0.05 0.05 0.05 0.05 0.05 0.05 0.05 0.05 0.05 0.05 0.05 0.05 0.05 0.05 0.05 0.05 0.05
  per-rule acc: 0.06 0.05
Epoch 2100 | Train: Loss=0.0024 Acc=100.0% | Test: Acc=4.9% | Best=5.6%(@2020)
  from x3: 0.06 0.05 0.05 0.05 0.05 0.05 0.05 0.05 0.05 0.05 0.05 0.05 0.05 0.05 0.05 0.05 0.05 0.05 0.05 0.05 0.05 0.05 0.05 0.05 0.05 0.05 0.05 0.05 0.05
  per-rule acc: 0.05 0.05
Epoch 2120 | Train: Loss=0.0019 Acc=100.0% | Test: Acc=5.6% | Best=5.6%(@2120)
  from x3: 0.07 0.06 0.06 0.06 0.06 0.06 0.06 0.05 0.05 0.05 0.05 0.05 0.05 0.05 0.05 0.05 0.05 0.05 0.05 0.05 0.05 0.05 0.05 0.05 0.05 0.05 0.05 0.05 0.05
  per-rule acc: 0.06 0.06
Epoch 2140 | Train: Loss=0.0032 Acc=100.0% | Test: Acc=5.1% | Best=5.6%(@2120)
  from x3: 0.07 0.06 0.06 0.05 0.05 0.05 0.05 0.05 0.05 0.05 0.05 0.05 0.05 0.05 0.05 0.05 0.05 0.05 0.05 0.05 0.05 0.05 0.05 0.05 0.05 0.05 0.05 0.05 0.05
  per-rule acc: 0.05 0.05
Epoch 2160 | Train: Loss=0.0519 Acc=99.8% | Test: Acc=5.0% | Best=5.6%(@2120)
  from x3: 0.05 0.06 0.05 0.05 0.05 0.05 0.05 0.05 0.05 0.05 0.05 0.05 0.05 0.05 0.05 0.05 0.05 0.05 0.05 0.05 0.05 0.05 0.05 0.05 0.05 0.05 0.05 0.05 0.05
  per-rule acc: 0.05 0.05
Epoch 2180 | Train: Loss=0.0017 Acc=100.0% | Test: Acc=5.3% | Best=5.6%(@2120)
  from x3: 0.07 0.06 0.06 0.05 0.05 0.05 0.05 0.05 0.05 0.05 0.05 0.05 0.05 0.05 0.05 0.05 0.05 0.05 0.05 0.05 0.05 0.05 0.05 0.05 0.05 0.05 0.05 0.05 0.05
  per-rule acc: 0.06 0.05
Epoch 2200 | Train: Loss=0.0027 Acc=100.0% | Test: Acc=5.2% | Best=5.6%(@2120)
  from x3: 0.06 0.06 0.05 0.05 0.05 0.05 0.05 0.05 0.05 0.05 0.05 0.05 0.05 0.05 0.05 0.05 0.05 0.05 0.05 0.05 0.05 0.05 0.05 0.05 0.05 0.05 0.05 0.05 0.05
  per-rule acc: 0.05 0.05
Epoch 2220 | Train: Loss=0.0018 Acc=100.0% | Test: Acc=5.6% | Best=5.6%(@2220)
  from x3: 0.07 0.06 0.06 0.06 0.06 0.06 0.06 0.06 0.06 0.06 0.06 0.06 0.05 0.06 0.05 0.05 0.06 0.06 0.06 0.06 0.06 0.06 0.06 0.06 0.06 0.05 0.05 0.05 0.05
  per-rule acc: 0.06 0.05
Epoch 2240 | Train: Loss=0.0030 Acc=100.0% | Test: Acc=5.0% | Best=5.6%(@2220)
  from x3: 0.06 0.05 0.05 0.05 0.05 0.05 0.05 0.05 0.05 0.05 0.05 0.05 0.05 0.05 0.05 0.05 0.05 0.05 0.05 0.05 0.05 0.05 0.05 0.05 0.05 0.05 0.05 0.05 0.05
  per-rule acc: 0.05 0.05
Epoch 2260 | Train: Loss=0.0018 Acc=100.0% | Test: Acc=5.7% | Best=5.7%(@2260)
  from x3: 0.07 0.06 0.06 0.06 0.06 0.06 0.06 0.06 0.06 0.06 0.06 0.06 0.06 0.06 0.06 0.06 0.06 0.06 0.06 0.06 0.06 0.06 0.06 0.05 0.05 0.05 0.05 0.05 0.05
  per-rule acc: 0.06 0.05
Epoch 2280 | Train: Loss=0.0024 Acc=100.0% | Test: Acc=4.8% | Best=5.7%(@2260)
  from x3: 0.06 0.05 0.05 0.05 0.05 0.05 0.05 0.05 0.05 0.05 0.05 0.05 0.05 0.05 0.05 0.05 0.05 0.05 0.05 0.05 0.05 0.05 0.05 0.05 0.05 0.05 0.05 0.05 0.05
  per-rule acc: 0.05 0.05
Epoch 2300 | Train: Loss=0.0025 Acc=100.0% | Test: Acc=5.0% | Best=5.7%(@2260)
  from x3: 0.05 0.05 0.05 0.05 0.05 0.05 0.05 0.05 0.05 0.05 0.05 0.05 0.05 0.05 0.05 0.05 0.05 0.05 0.05 0.05 0.05 0.05 0.05 0.05 0.05 0.05 0.05 0.05 0.05
  per-rule acc: 0.05 0.05
Epoch 2320 | Train: Loss=0.0019 Acc=100.0% | Test: Acc=5.5% | Best=5.7%(@2260)
  from x3: 0.07 0.06 0.06 0.06 0.06 0.06 0.06 0.06 0.05 0.06 0.05 0.05 0.05 0.05 0.05 0.05 0.05 0.05 0.05 0.05 0.05 0.05 0.05 0.05 0.05 0.05 0.05 0.05 0.05
  per-rule acc: 0.06 0.05
Epoch 2340 | Train: Loss=0.0023 Acc=100.0% | Test: Acc=5.0% | Best=5.7%(@2260)
  from x3: 0.06 0.05 0.05 0.05 0.05 0.05 0.05 0.05 0.05 0.05 0.05 0.05 0.05 0.05 0.05 0.05 0.05 0.05 0.05 0.05 0.05 0.05 0.05 0.05 0.05 0.05 0.05 0.05 0.05
  per-rule acc: 0.05 0.05
Epoch 2360 | Train: Loss=0.0027 Acc=99.9% | Test: Acc=5.5% | Best=5.7%(@2260)
  from x3: 0.07 0.06 0.06 0.05 0.06 0.05 0.06 0.05 0.05 0.05 0.05 0.05 0.05 0.05 0.05 0.05 0.05 0.05 0.05 0.05 0.05 0.05 0.05 0.05 0.05 0.05 0.05 0.05 0.05
  per-rule acc: 0.06 0.05
Epoch 2380 | Train: Loss=0.0024 Acc=100.0% | Test: Acc=5.1% | Best=5.7%(@2260)
  from x3: 0.06 0.06 0.06 0.05 0.05 0.05 0.05 0.05 0.05 0.05 0.05 0.05 0.05 0.05 0.05 0.05 0.05 0.05 0.05 0.05 0.05 0.05 0.05 0.05 0.05 0.05 0.05 0.05 0.05
  per-rule acc: 0.05 0.05
Epoch 2400 | Train: Loss=0.0022 Acc=100.0% | Test: Acc=4.9% | Best=5.7%(@2260)
  from x3: 0.05 0.05 0.05 0.05 0.05 0.05 0.05 0.05 0.05 0.05 0.05 0.05 0.05 0.05 0.05 0.05 0.05 0.05 0.05 0.05 0.05 0.05 0.05 0.05 0.05 0.05 0.05 0.05 0.05
  per-rule acc: 0.05 0.05
Epoch 2420 | Train: Loss=0.0020 Acc=100.0% | Test: Acc=5.7% | Best=5.7%(@2420)
  from x3: 0.07 0.07 0.06 0.06 0.06 0.06 0.06 0.06 0.06 0.06 0.06 0.06 0.06 0.06 0.06 0.06 0.06 0.06 0.06 0.06 0.06 0.06 0.06 0.06 0.06 0.06 0.06 0.06 0.06
  per-rule acc: 0.06 0.05
Epoch 2440 | Train: Loss=0.0166 Acc=99.8% | Test: Acc=5.7% | Best=5.7%(@2420)
  from x3: 0.07 0.07 0.06 0.06 0.06 0.06 0.06 0.06 0.06 0.06 0.06 0.06 0.06 0.06 0.06 0.06 0.06 0.06 0.06 0.06 0.06 0.06 0.06 0.06 0.06 0.06 0.06 0.05 0.06
  per-rule acc: 0.06 0.05
Epoch 2460 | Train: Loss=0.0020 Acc=100.0% | Test: Acc=5.8% | Best=5.8%(@2460)
  from x3: 0.07 0.06 0.06 0.06 0.06 0.06 0.06 0.06 0.06 0.06 0.06 0.06 0.06 0.06 0.06 0.06 0.06 0.06 0.06 0.06 0.06 0.06 0.06 0.06 0.06 0.06 0.06 0.06 0.06
  per-rule acc: 0.06 0.05
Epoch 2480 | Train: Loss=0.0027 Acc=100.0% | Test: Acc=5.1% | Best=5.8%(@2460)
  from x3: 0.06 0.06 0.05 0.05 0.05 0.05 0.05 0.05 0.05 0.05 0.05 0.05 0.05 0.05 0.05 0.05 0.05 0.05 0.05 0.05 0.05 0.05 0.05 0.05 0.05 0.05 0.05 0.05 0.05
  per-rule acc: 0.05 0.05
Epoch 2500 | Train: Loss=0.0019 Acc=100.0% | Test: Acc=5.6% | Best=5.8%(@2460)
  from x3: 0.07 0.06 0.06 0.06 0.06 0.05 0.06 0.06 0.05 0.05 0.05 0.05 0.05 0.05 0.05 0.05 0.05 0.05 0.05 0.05 0.05 0.05 0.05 0.05 0.05 0.05 0.05 0.05 0.05
  per-rule acc: 0.06 0.05
Epoch 2520 | Train: Loss=0.0073 Acc=99.9% | Test: Acc=5.4% | Best=5.8%(@2460)
  from x3: 0.06 0.06 0.06 0.06 0.05 0.05 0.05 0.05 0.05 0.05 0.05 0.05 0.05 0.05 0.05 0.05 0.05 0.05 0.05 0.05 0.05 0.05 0.05 0.05 0.05 0.05 0.05 0.05 0.05
  per-rule acc: 0.05 0.05
Epoch 2540 | Train: Loss=0.0021 Acc=100.0% | Test: Acc=5.5% | Best=5.8%(@2460)
  from x3: 0.07 0.06 0.06 0.06 0.06 0.06 0.05 0.05 0.05 0.05 0.05 0.05 0.05 0.05 0.05 0.05 0.05 0.05 0.05 0.05 0.05 0.05 0.05 0.05 0.05 0.05 0.05 0.05 0.05
  per-rule acc: 0.06 0.05
Epoch 2560 | Train: Loss=0.0058 Acc=99.9% | Test: Acc=4.7% | Best=5.8%(@2460)
  from x3: 0.06 0.06 0.05 0.05 0.05 0.05 0.05 0.05 0.05 0.05 0.05 0.05 0.05 0.05 0.05 0.05 0.05 0.05 0.05 0.05 0.05 0.05 0.05 0.05 0.05 0.05 0.05 0.05 0.05
  per-rule acc: 0.05 0.04
Epoch 2580 | Train: Loss=0.0692 Acc=99.9% | Test: Acc=4.6% | Best=5.8%(@2460)
  from x3: 0.05 0.05 0.05 0.05 0.05 0.05 0.05 0.05 0.05 0.05 0.05 0.05 0.05 0.05 0.05 0.05 0.05 0.05 0.05 0.05 0.05 0.05 0.05 0.05 0.05 0.05 0.05 0.05 0.05
  per-rule acc: 0.04 0.05
Epoch 2600 | Train: Loss=0.0016 Acc=100.0% | Test: Acc=5.7% | Best=5.8%(@2460)
  from x3: 0.07 0.06 0.06 0.06 0.06 0.06 0.06 0.06 0.06 0.06 0.06 0.06 0.06 0.06 0.06 0.06 0.06 0.06 0.06 0.06 0.06 0.06 0.06 0.06 0.06 0.06 0.06 0.06 0.06
  per-rule acc: 0.06 0.05
Epoch 2620 | Train: Loss=0.0031 Acc=100.0% | Test: Acc=5.4% | Best=5.8%(@2460)
  from x3: 0.06 0.06 0.06 0.05 0.05 0.05 0.05 0.05 0.05 0.05 0.05 0.05 0.05 0.05 0.05 0.05 0.05 0.05 0.05 0.05 0.05 0.05 0.05 0.05 0.05 0.05 0.05 0.05 0.05
  per-rule acc: 0.06 0.05
Epoch 2640 | Train: Loss=0.0018 Acc=100.0% | Test: Acc=6.0% | Best=6.0%(@2640)
  from x3: 0.07 0.07 0.06 0.06 0.06 0.06 0.06 0.06 0.06 0.06 0.06 0.06 0.06 0.06 0.06 0.06 0.06 0.06 0.06 0.06 0.06 0.06 0.06 0.06 0.06 0.06 0.06 0.06 0.06
  per-rule acc: 0.06 0.06
Epoch 2660 | Train: Loss=0.0037 Acc=100.0% | Test: Acc=5.3% | Best=6.0%(@2640)
  from x3: 0.06 0.06 0.06 0.06 0.05 0.05 0.05 0.05 0.05 0.05 0.05 0.05 0.05 0.05 0.05 0.05 0.05 0.05 0.05 0.05 0.05 0.05 0.05 0.05 0.05 0.05 0.05 0.05 0.05
  per-rule acc: 0.05 0.05
Epoch 2680 | Train: Loss=0.0079 Acc=99.9% | Test: Acc=5.8% | Best=6.0%(@2640)
  from x3: 0.08 0.07 0.06 0.06 0.06 0.06 0.06 0.06 0.06 0.06 0.06 0.06 0.06 0.06 0.06 0.06 0.06 0.06 0.06 0.06 0.06 0.06 0.06 0.06 0.06 0.06 0.06 0.06 0.06
  per-rule acc: 0.06 0.05
Epoch 2700 | Train: Loss=0.0020 Acc=100.0% | Test: Acc=5.6% | Best=6.0%(@2640)
  from x3: 0.07 0.07 0.06 0.06 0.06 0.06 0.06 0.06 0.05 0.05 0.05 0.05 0.05 0.05 0.05 0.05 0.05 0.05 0.05 0.05 0.05 0.05 0.05 0.05 0.05 0.05 0.05 0.05 0.05
  per-rule acc: 0.06 0.05
Epoch 2720 | Train: Loss=0.0036 Acc=99.9% | Test: Acc=5.1% | Best=6.0%(@2640)
  from x3: 0.06 0.05 0.05 0.05 0.05 0.05 0.05 0.05 0.05 0.05 0.05 0.05 0.05 0.05 0.05 0.05 0.05 0.05 0.05 0.05 0.05 0.05 0.05 0.05 0.05 0.05 0.05 0.05 0.05
  per-rule acc: 0.05 0.05
Epoch 2740 | Train: Loss=0.0019 Acc=100.0% | Test: Acc=5.5% | Best=6.0%(@2640)
  from x3: 0.07 0.06 0.06 0.05 0.05 0.05 0.05 0.05 0.05 0.05 0.05 0.05 0.05 0.05 0.05 0.05 0.05 0.05 0.05 0.05 0.05 0.05 0.05 0.05 0.05 0.05 0.05 0.05 0.05
  per-rule acc: 0.06 0.05
Epoch 2760 | Train: Loss=0.0038 Acc=99.9% | Test: Acc=5.0% | Best=6.0%(@2640)
  from x3: 0.06 0.05 0.05 0.05 0.05 0.05 0.05 0.05 0.05 0.05 0.05 0.05 0.05 0.05 0.05 0.05 0.05 0.05 0.05 0.05 0.05 0.05 0.05 0.05 0.05 0.05 0.05 0.05 0.05
  per-rule acc: 0.05 0.05
Epoch 2780 | Train: Loss=0.0884 Acc=99.8% | Test: Acc=5.9% | Best=6.0%(@2640)
  from x3: 0.06 0.07 0.06 0.06 0.06 0.06 0.06 0.06 0.06 0.06 0.06 0.06 0.06 0.06 0.06 0.06 0.06 0.06 0.06 0.06 0.06 0.06 0.06 0.06 0.06 0.06 0.06 0.06 0.06
  per-rule acc: 0.06 0.06
Epoch 2800 | Train: Loss=0.0018 Acc=100.0% | Test: Acc=5.6% | Best=6.0%(@2640)
  from x3: 0.07 0.06 0.06 0.06 0.06 0.06 0.05 0.06 0.06 0.06 0.06 0.06 0.06 0.06 0.06 0.06 0.06 0.06 0.06 0.06 0.06 0.06 0.06 0.05 0.06 0.05 0.05 0.05 0.05
  per-rule acc: 0.06 0.05
Epoch 2820 | Train: Loss=0.0039 Acc=99.9% | Test: Acc=5.0% | Best=6.0%(@2640)
  from x3: 0.06 0.05 0.05 0.05 0.05 0.05 0.05 0.05 0.05 0.05 0.05 0.05 0.05 0.05 0.05 0.05 0.05 0.05 0.05 0.05 0.05 0.05 0.05 0.05 0.05 0.05 0.05 0.05 0.05
  per-rule acc: 0.05 0.05
Epoch 2840 | Train: Loss=0.0027 Acc=100.0% | Test: Acc=6.0% | Best=6.0%(@2640)
  from x3: 0.07 0.07 0.06 0.06 0.06 0.06 0.06 0.06 0.06 0.06 0.06 0.06 0.06 0.06 0.06 0.06 0.06 0.06 0.06 0.06 0.06 0.06 0.06 0.06 0.06 0.06 0.06 0.06 0.06
  per-rule acc: 0.06 0.05
Epoch 2860 | Train: Loss=0.0021 Acc=100.0% | Test: Acc=5.6% | Best=6.0%(@2640)
  from x3: 0.07 0.06 0.06 0.05 0.06 0.06 0.06 0.06 0.06 0.06 0.06 0.06 0.06 0.06 0.06 0.06 0.06 0.06 0.06 0.05 0.05 0.05 0.05 0.05 0.05 0.06 0.06 0.05 0.06
  per-rule acc: 0.06 0.05
Epoch 2880 | Train: Loss=0.0122 Acc=99.9% | Test: Acc=6.1% | Best=6.1%(@2880)
  from x3: 0.07 0.07 0.06 0.06 0.06 0.06 0.06 0.06 0.06 0.06 0.06 0.06 0.06 0.06 0.06 0.06 0.06 0.06 0.06 0.06 0.06 0.06 0.06 0.06 0.06 0.06 0.06 0.06 0.06
  per-rule acc: 0.06 0.06
Epoch 2900 | Train: Loss=0.0020 Acc=100.0% | Test: Acc=5.5% | Best=6.1%(@2880)
  from x3: 0.07 0.06 0.06 0.05 0.05 0.05 0.05 0.05 0.05 0.05 0.05 0.05 0.05 0.05 0.05 0.05 0.05 0.05 0.05 0.05 0.05 0.05 0.05 0.05 0.05 0.05 0.05 0.05 0.05
  per-rule acc: 0.06 0.05
Epoch 2920 | Train: Loss=0.0026 Acc=100.0% | Test: Acc=6.0% | Best=6.1%(@2880)
  from x3: 0.07 0.07 0.07 0.06 0.06 0.06 0.06 0.06 0.06 0.06 0.06 0.06 0.06 0.06 0.06 0.06 0.06 0.06 0.06 0.06 0.06 0.06 0.06 0.06 0.06 0.06 0.06 0.06 0.06
  per-rule acc: 0.06 0.06
Epoch 2940 | Train: Loss=0.0020 Acc=100.0% | Test: Acc=5.6% | Best=6.1%(@2880)
  from x3: 0.06 0.06 0.06 0.06 0.06 0.06 0.06 0.06 0.06 0.06 0.06 0.06 0.06 0.06 0.06 0.06 0.06 0.06 0.06 0.06 0.06 0.06 0.06 0.06 0.06 0.06 0.05 0.06 0.06
  per-rule acc: 0.06 0.05
Epoch 2960 | Train: Loss=0.0023 Acc=100.0% | Test: Acc=6.0% | Best=6.1%(@2880)
  from x3: 0.07 0.06 0.06 0.06 0.06 0.06 0.06 0.06 0.06 0.06 0.06 0.06 0.06 0.06 0.06 0.06 0.06 0.06 0.06 0.06 0.06 0.06 0.06 0.06 0.06 0.06 0.06 0.06 0.06
  per-rule acc: 0.07 0.05
Epoch 2980 | Train: Loss=0.0035 Acc=99.9% | Test: Acc=5.3% | Best=6.1%(@2880)
  from x3: 0.06 0.06 0.06 0.05 0.05 0.05 0.05 0.05 0.05 0.05 0.05 0.05 0.05 0.05 0.05 0.05 0.05 0.05 0.05 0.05 0.05 0.05 0.05 0.05 0.05 0.05 0.05 0.05 0.05
  per-rule acc: 0.05 0.05
Epoch 3000 | Train: Loss=0.0308 Acc=99.4% | Test: Acc=5.5% | Best=6.1%(@2880)
  from x3: 0.06 0.06 0.05 0.06 0.06 0.06 0.06 0.06 0.06 0.06 0.06 0.06 0.06 0.06 0.06 0.06 0.06 0.05 0.05 0.05 0.05 0.05 0.05 0.05 0.05 0.05 0.05 0.05 0.05
  per-rule acc: 0.06 0.05
Epoch 3020 | Train: Loss=0.0018 Acc=100.0% | Test: Acc=5.6% | Best=6.1%(@2880)
  from x3: 0.07 0.06 0.06 0.06 0.06 0.06 0.05 0.05 0.05 0.05 0.05 0.05 0.05 0.05 0.05 0.05 0.06 0.06 0.05 0.05 0.05 0.05 0.05 0.05 0.05 0.05 0.05 0.06 0.06
  per-rule acc: 0.06 0.05
Epoch 3040 | Train: Loss=0.0028 Acc=100.0% | Test: Acc=5.0% | Best=6.1%(@2880)
  from x3: 0.06 0.06 0.05 0.05 0.05 0.05 0.05 0.05 0.05 0.05 0.05 0.05 0.05 0.05 0.05 0.05 0.05 0.05 0.05 0.05 0.05 0.05 0.05 0.05 0.05 0.05 0.05 0.05 0.05
  per-rule acc: 0.05 0.05
Epoch 3060 | Train: Loss=0.0018 Acc=100.0% | Test: Acc=5.5% | Best=6.1%(@2880)
  from x3: 0.07 0.06 0.06 0.06 0.06 0.05 0.05 0.05 0.05 0.05 0.05 0.05 0.05 0.05 0.05 0.05 0.05 0.05 0.05 0.05 0.05 0.05 0.05 0.05 0.05 0.05 0.05 0.05 0.05
  per-rule acc: 0.06 0.05
Epoch 3080 | Train: Loss=0.0024 Acc=100.0% | Test: Acc=5.1% | Best=6.1%(@2880)
  from x3: 0.05 0.05 0.05 0.05 0.05 0.05 0.05 0.05 0.05 0.05 0.05 0.05 0.05 0.05 0.05 0.05 0.05 0.05 0.05 0.05 0.05 0.05 0.05 0.05 0.05 0.05 0.05 0.05 0.05
  per-rule acc: 0.05 0.05
Epoch 3100 | Train: Loss=0.0019 Acc=100.0% | Test: Acc=5.9% | Best=6.1%(@2880)
  from x3: 0.07 0.07 0.06 0.06 0.06 0.06 0.06 0.06 0.06 0.06 0.06 0.06 0.06 0.06 0.06 0.06 0.06 0.06 0.06 0.06 0.06 0.06 0.06 0.06 0.06 0.06 0.06 0.06 0.06
  per-rule acc: 0.07 0.05
Epoch 3120 | Train: Loss=0.0038 Acc=99.9% | Test: Acc=5.3% | Best=6.1%(@2880)
  from x3: 0.06 0.06 0.05 0.05 0.05 0.05 0.05 0.05 0.05 0.05 0.05 0.05 0.05 0.05 0.05 0.05 0.05 0.05 0.05 0.05 0.05 0.05 0.05 0.05 0.05 0.05 0.05 0.05 0.05
  per-rule acc: 0.06 0.05
Epoch 3140 | Train: Loss=0.0091 Acc=99.9% | Test: Acc=6.0% | Best=6.1%(@2880)
  from x3: 0.07 0.07 0.06 0.06 0.06 0.06 0.06 0.06 0.06 0.06 0.06 0.06 0.06 0.06 0.06 0.06 0.06 0.06 0.06 0.06 0.06 0.06 0.06 0.06 0.06 0.06 0.06 0.06 0.06
  per-rule acc: 0.06 0.06
Epoch 3160 | Train: Loss=0.0018 Acc=100.0% | Test: Acc=5.6% | Best=6.1%(@2880)
  from x3: 0.07 0.06 0.06 0.06 0.06 0.06 0.06 0.06 0.06 0.06 0.06 0.06 0.06 0.06 0.06 0.06 0.06 0.06 0.06 0.05 0.05 0.05 0.05 0.06 0.05 0.05 0.05 0.05 0.05
  per-rule acc: 0.06 0.05
Epoch 3180 | Train: Loss=0.0026 Acc=100.0% | Test: Acc=5.1% | Best=6.1%(@2880)
  from x3: 0.06 0.06 0.05 0.05 0.05 0.05 0.05 0.05 0.05 0.05 0.05 0.05 0.05 0.05 0.05 0.05 0.05 0.05 0.05 0.05 0.05 0.05 0.05 0.05 0.05 0.05 0.05 0.05 0.05
  per-rule acc: 0.06 0.05
Epoch 3200 | Train: Loss=0.0017 Acc=100.0% | Test: Acc=6.0% | Best=6.1%(@2880)
  from x3: 0.08 0.07 0.06 0.06 0.06 0.06 0.06 0.06 0.06 0.06 0.06 0.06 0.06 0.06 0.06 0.06 0.06 0.06 0.06 0.06 0.06 0.06 0.06 0.06 0.06 0.06 0.06 0.06 0.06
  per-rule acc: 0.07 0.05
Epoch 3220 | Train: Loss=0.0022 Acc=100.0% | Test: Acc=5.5% | Best=6.1%(@2880)
  from x3: 0.07 0.07 0.06 0.06 0.06 0.05 0.05 0.05 0.05 0.05 0.05 0.05 0.05 0.05 0.05 0.05 0.05 0.05 0.05 0.05 0.05 0.05 0.05 0.05 0.05 0.05 0.05 0.05 0.05
  per-rule acc: 0.06 0.05
Epoch 3240 | Train: Loss=0.0024 Acc=100.0% | Test: Acc=5.2% | Best=6.1%(@2880)
  from x3: 0.06 0.06 0.05 0.05 0.05 0.05 0.05 0.05 0.05 0.05 0.05 0.05 0.05 0.05 0.05 0.05 0.05 0.05 0.05 0.05 0.05 0.05 0.05 0.05 0.05 0.05 0.05 0.05 0.05
  per-rule acc: 0.06 0.05
Epoch 3260 | Train: Loss=0.0018 Acc=100.0% | Test: Acc=5.9% | Best=6.1%(@2880)
  from x3: 0.06 0.06 0.06 0.06 0.06 0.06 0.06 0.06 0.06 0.06 0.06 0.06 0.06 0.06 0.06 0.06 0.06 0.06 0.06 0.06 0.06 0.06 0.06 0.06 0.06 0.06 0.06 0.06 0.06
  per-rule acc: 0.07 0.05
Epoch 3280 | Train: Loss=0.0038 Acc=99.9% | Test: Acc=5.6% | Best=6.1%(@2880)
  from x3: 0.06 0.06 0.06 0.05 0.05 0.06 0.06 0.06 0.06 0.06 0.06 0.06 0.06 0.06 0.06 0.06 0.06 0.06 0.06 0.06 0.06 0.06 0.06 0.06 0.06 0.06 0.06 0.06 0.06
  per-rule acc: 0.06 0.06
Epoch 3300 | Train: Loss=0.0128 Acc=99.9% | Test: Acc=5.6% | Best=6.1%(@2880)
  from x3: 0.07 0.07 0.06 0.06 0.06 0.06 0.06 0.06 0.05 0.05 0.06 0.06 0.06 0.06 0.06 0.05 0.06 0.06 0.06 0.05 0.06 0.06 0.06 0.05 0.05 0.05 0.05 0.05 0.05
  per-rule acc: 0.06 0.05
Epoch 3320 | Train: Loss=0.0017 Acc=100.0% | Test: Acc=5.7% | Best=6.1%(@2880)
  from x3: 0.07 0.06 0.06 0.05 0.05 0.06 0.06 0.06 0.06 0.06 0.06 0.06 0.06 0.06 0.06 0.06 0.06 0.06 0.06 0.06 0.06 0.06 0.06 0.06 0.06 0.06 0.06 0.06 0.06
  per-rule acc: 0.06 0.05
Epoch 3340 | Train: Loss=0.0040 Acc=99.9% | Test: Acc=5.2% | Best=6.1%(@2880)
  from x3: 0.06 0.05 0.06 0.05 0.05 0.05 0.05 0.05 0.05 0.05 0.05 0.05 0.05 0.05 0.05 0.05 0.05 0.05 0.05 0.05 0.05 0.05 0.05 0.05 0.05 0.05 0.05 0.05 0.05
  per-rule acc: 0.06 0.05
Epoch 3360 | Train: Loss=0.0019 Acc=100.0% | Test: Acc=5.9% | Best=6.1%(@2880)
  from x3: 0.07 0.07 0.06 0.06 0.06 0.06 0.06 0.06 0.06 0.06 0.06 0.06 0.06 0.06 0.06 0.06 0.06 0.06 0.06 0.06 0.06 0.06 0.06 0.06 0.06 0.06 0.06 0.06 0.06
  per-rule acc: 0.06 0.06
Epoch 3380 | Train: Loss=0.0020 Acc=100.0% | Test: Acc=5.6% | Best=6.1%(@2880)
  from x3: 0.07 0.06 0.06 0.05 0.05 0.05 0.05 0.05 0.05 0.06 0.06 0.05 0.05 0.06 0.06 0.06 0.06 0.06 0.05 0.05 0.06 0.06 0.06 0.05 0.05 0.05 0.05 0.05 0.05
  per-rule acc: 0.06 0.05
Epoch 3400 | Train: Loss=0.0016 Acc=100.0% | Test: Acc=5.9% | Best=6.1%(@2880)
  from x3: 0.07 0.06 0.06 0.06 0.06 0.06 0.06 0.06 0.06 0.06 0.06 0.06 0.06 0.06 0.06 0.06 0.06 0.06 0.06 0.06 0.06 0.06 0.06 0.06 0.06 0.06 0.06 0.06 0.06
  per-rule acc: 0.07 0.05
Epoch 3420 | Train: Loss=0.0021 Acc=100.0% | Test: Acc=5.4% | Best=6.1%(@2880)
  from x3: 0.06 0.06 0.06 0.05 0.05 0.05 0.05 0.05 0.05 0.05 0.05 0.05 0.05 0.05 0.05 0.05 0.05 0.05 0.05 0.05 0.05 0.05 0.05 0.05 0.05 0.05 0.05 0.05 0.05
  per-rule acc: 0.06 0.05
Epoch 3440 | Train: Loss=0.0023 Acc=100.0% | Test: Acc=5.1% | Best=6.1%(@2880)
  from x3: 0.05 0.06 0.05 0.05 0.05 0.05 0.05 0.05 0.05 0.05 0.05 0.05 0.05 0.05 0.05 0.05 0.05 0.05 0.05 0.05 0.05 0.05 0.05 0.05 0.05 0.05 0.05 0.05 0.05
  per-rule acc: 0.05 0.05
Epoch 3460 | Train: Loss=0.0018 Acc=100.0% | Test: Acc=5.7% | Best=6.1%(@2880)
  from x3: 0.07 0.06 0.06 0.06 0.06 0.06 0.06 0.06 0.06 0.06 0.06 0.06 0.06 0.06 0.06 0.06 0.06 0.06 0.06 0.06 0.06 0.06 0.06 0.06 0.06 0.06 0.06 0.06 0.06
  per-rule acc: 0.06 0.05
Epoch 3480 | Train: Loss=0.0022 Acc=100.0% | Test: Acc=5.1% | Best=6.1%(@2880)
  from x3: 0.06 0.05 0.05 0.05 0.05 0.05 0.05 0.05 0.05 0.05 0.05 0.05 0.05 0.05 0.05 0.05 0.05 0.05 0.05 0.05 0.05 0.05 0.05 0.05 0.05 0.05 0.05 0.05 0.05
  per-rule acc: 0.05 0.05
Epoch 3500 | Train: Loss=0.0016 Acc=100.0% | Test: Acc=6.2% | Best=6.2%(@3500)
  from x3: 0.07 0.07 0.06 0.06 0.06 0.06 0.06 0.06 0.06 0.06 0.06 0.06 0.06 0.06 0.06 0.06 0.06 0.06 0.06 0.06 0.06 0.06 0.06 0.06 0.06 0.06 0.06 0.06 0.06
  per-rule acc: 0.07 0.06
Epoch 3520 | Train: Loss=0.0031 Acc=100.0% | Test: Acc=5.4% | Best=6.2%(@3500)
  from x3: 0.06 0.06 0.06 0.05 0.05 0.05 0.05 0.05 0.05 0.05 0.05 0.05 0.05 0.05 0.05 0.05 0.05 0.05 0.05 0.05 0.05 0.05 0.05 0.05 0.05 0.05 0.05 0.05 0.05
  per-rule acc: 0.06 0.05
Epoch 3540 | Train: Loss=0.0021 Acc=100.0% | Test: Acc=5.1% | Best=6.2%(@3500)
  from x3: 0.05 0.05 0.05 0.05 0.05 0.05 0.05 0.05 0.05 0.05 0.05 0.05 0.05 0.05 0.05 0.05 0.05 0.05 0.05 0.05 0.05 0.05 0.05 0.05 0.05 0.05 0.05 0.05 0.05
  per-rule acc: 0.06 0.05
Epoch 3560 | Train: Loss=0.0017 Acc=100.0% | Test: Acc=6.4% | Best=6.4%(@3560)
  from x3: 0.08 0.08 0.07 0.06 0.06 0.06 0.06 0.06 0.06 0.06 0.06 0.06 0.06 0.06 0.06 0.06 0.06 0.06 0.06 0.06 0.06 0.06 0.06 0.06 0.06 0.06 0.06 0.06 0.06
  per-rule acc: 0.07 0.06
Epoch 3580 | Train: Loss=0.0021 Acc=100.0% | Test: Acc=6.2% | Best=6.4%(@3560)
  from x3: 0.07 0.07 0.07 0.06 0.06 0.06 0.06 0.06 0.06 0.06 0.06 0.06 0.06 0.06 0.06 0.06 0.06 0.06 0.06 0.06 0.06 0.06 0.06 0.06 0.06 0.06 0.06 0.06 0.06
  per-rule acc: 0.07 0.06
Epoch 3600 | Train: Loss=0.0845 Acc=99.7% | Test: Acc=5.0% | Best=6.4%(@3560)
  from x3: 0.06 0.06 0.05 0.05 0.05 0.05 0.05 0.05 0.05 0.05 0.05 0.05 0.05 0.05 0.05 0.05 0.05 0.05 0.05 0.05 0.05 0.05 0.05 0.05 0.05 0.05 0.05 0.05 0.05
  per-rule acc: 0.05 0.05
Epoch 3620 | Train: Loss=0.0020 Acc=100.0% | Test: Acc=6.0% | Best=6.4%(@3560)
  from x3: 0.07 0.07 0.06 0.06 0.06 0.06 0.06 0.06 0.06 0.06 0.06 0.06 0.06 0.06 0.06 0.06 0.06 0.06 0.06 0.06 0.06 0.06 0.06 0.06 0.06 0.06 0.06 0.06 0.06
  per-rule acc: 0.07 0.05
Epoch 3640 | Train: Loss=0.0031 Acc=100.0% | Test: Acc=5.3% | Best=6.4%(@3560)
  from x3: 0.06 0.06 0.05 0.05 0.05 0.05 0.05 0.05 0.05 0.05 0.05 0.05 0.05 0.05 0.05 0.05 0.05 0.05 0.05 0.05 0.05 0.05 0.05 0.05 0.05 0.05 0.05 0.05 0.05
  per-rule acc: 0.06 0.05
Epoch 3660 | Train: Loss=0.1718 Acc=99.0% | Test: Acc=5.2% | Best=6.4%(@3560)
  from x3: 0.06 0.06 0.05 0.05 0.05 0.05 0.05 0.05 0.05 0.05 0.05 0.05 0.05 0.05 0.05 0.05 0.05 0.05 0.05 0.05 0.05 0.05 0.05 0.05 0.05 0.05 0.05 0.05 0.05
  per-rule acc: 0.05 0.06
Epoch 3680 | Train: Loss=0.0018 Acc=100.0% | Test: Acc=6.0% | Best=6.4%(@3560)
  from x3: 0.07 0.07 0.06 0.06 0.06 0.06 0.06 0.06 0.06 0.06 0.06 0.06 0.06 0.06 0.06 0.06 0.06 0.06 0.06 0.06 0.06 0.06 0.06 0.06 0.06 0.06 0.06 0.06 0.06
  per-rule acc: 0.06 0.06
Epoch 3700 | Train: Loss=0.0025 Acc=100.0% | Test: Acc=5.2% | Best=6.4%(@3560)
  from x3: 0.06 0.06 0.05 0.05 0.05 0.05 0.05 0.05 0.05 0.05 0.05 0.05 0.05 0.05 0.05 0.05 0.05 0.05 0.05 0.05 0.05 0.05 0.05 0.05 0.05 0.05 0.05 0.05 0.05
  per-rule acc: 0.05 0.05
Epoch 3720 | Train: Loss=0.0022 Acc=100.0% | Test: Acc=5.4% | Best=6.4%(@3560)
  from x3: 0.05 0.06 0.05 0.05 0.05 0.05 0.05 0.05 0.05 0.05 0.05 0.05 0.05 0.05 0.05 0.05 0.05 0.05 0.05 0.05 0.05 0.05 0.05 0.05 0.05 0.05 0.05 0.05 0.05
  per-rule acc: 0.05 0.05
Epoch 3740 | Train: Loss=0.0017 Acc=100.0% | Test: Acc=5.8% | Best=6.4%(@3560)
  from x3: 0.07 0.06 0.06 0.06 0.06 0.06 0.06 0.06 0.06 0.06 0.06 0.06 0.06 0.06 0.06 0.06 0.06 0.06 0.06 0.06 0.06 0.06 0.06 0.06 0.06 0.06 0.06 0.06 0.06
  per-rule acc: 0.06 0.05
Epoch 3760 | Train: Loss=0.0023 Acc=100.0% | Test: Acc=5.3% | Best=6.4%(@3560)
  from x3: 0.06 0.06 0.05 0.05 0.05 0.05 0.05 0.05 0.05 0.05 0.05 0.05 0.05 0.05 0.05 0.05 0.05 0.05 0.05 0.05 0.05 0.05 0.05 0.05 0.05 0.05 0.05 0.05 0.05
  per-rule acc: 0.06 0.05
Epoch 3780 | Train: Loss=0.0016 Acc=100.0% | Test: Acc=6.3% | Best=6.4%(@3560)
  from x3: 0.07 0.07 0.06 0.06 0.06 0.06 0.06 0.06 0.06 0.06 0.06 0.06 0.06 0.06 0.06 0.06 0.06 0.06 0.06 0.06 0.06 0.06 0.06 0.06 0.06 0.06 0.06 0.06 0.06
  per-rule acc: 0.07 0.06
Epoch 3800 | Train: Loss=0.0036 Acc=99.9% | Test: Acc=5.6% | Best=6.4%(@3560)
  from x3: 0.06 0.06 0.06 0.06 0.06 0.06 0.06 0.06 0.06 0.06 0.06 0.05 0.05 0.05 0.05 0.05 0.05 0.05 0.05 0.05 0.05 0.05 0.05 0.05 0.05 0.05 0.05 0.05 0.05
  per-rule acc: 0.06 0.05
Epoch 3820 | Train: Loss=0.0060 Acc=99.9% | Test: Acc=6.0% | Best=6.4%(@3560)
  from x3: 0.07 0.07 0.06 0.06 0.06 0.06 0.06 0.06 0.06 0.06 0.06 0.06 0.06 0.06 0.06 0.06 0.06 0.06 0.06 0.06 0.06 0.06 0.06 0.06 0.06 0.06 0.06 0.06 0.06
  per-rule acc: 0.07 0.05
Epoch 3840 | Train: Loss=0.0018 Acc=100.0% | Test: Acc=5.9% | Best=6.4%(@3560)
  from x3: 0.07 0.06 0.06 0.06 0.06 0.06 0.06 0.06 0.06 0.06 0.06 0.06 0.06 0.06 0.06 0.06 0.06 0.06 0.06 0.06 0.06 0.06 0.06 0.06 0.06 0.06 0.06 0.06 0.06
  per-rule acc: 0.06 0.05
Epoch 3860 | Train: Loss=0.0459 Acc=99.8% | Test: Acc=5.4% | Best=6.4%(@3560)
  from x3: 0.06 0.06 0.06 0.06 0.05 0.05 0.05 0.05 0.05 0.05 0.05 0.05 0.05 0.05 0.05 0.05 0.05 0.05 0.05 0.05 0.05 0.05 0.05 0.05 0.05 0.05 0.05 0.05 0.05
  per-rule acc: 0.06 0.05
Epoch 3880 | Train: Loss=0.0018 Acc=100.0% | Test: Acc=5.8% | Best=6.4%(@3560)
  from x3: 0.07 0.07 0.06 0.06 0.06 0.06 0.06 0.06 0.06 0.06 0.06 0.06 0.06 0.06 0.06 0.06 0.06 0.06 0.06 0.06 0.06 0.06 0.06 0.06 0.06 0.06 0.06 0.06 0.06
  per-rule acc: 0.06 0.05
Epoch 3900 | Train: Loss=0.0034 Acc=99.9% | Test: Acc=5.8% | Best=6.4%(@3560)
  from x3: 0.06 0.06 0.06 0.06 0.06 0.06 0.06 0.06 0.06 0.06 0.06 0.06 0.06 0.06 0.06 0.06 0.06 0.06 0.06 0.06 0.06 0.06 0.06 0.06 0.06 0.06 0.06 0.06 0.06
  per-rule acc: 0.06 0.06
Epoch 3920 | Train: Loss=0.0024 Acc=100.0% | Test: Acc=6.0% | Best=6.4%(@3560)
  from x3: 0.08 0.07 0.06 0.06 0.06 0.06 0.06 0.06 0.06 0.06 0.06 0.06 0.06 0.06 0.06 0.06 0.06 0.06 0.06 0.06 0.06 0.06 0.06 0.06 0.06 0.06 0.06 0.06 0.06
  per-rule acc: 0.07 0.05
Epoch 3940 | Train: Loss=0.0021 Acc=100.0% | Test: Acc=5.4% | Best=6.4%(@3560)
  from x3: 0.07 0.06 0.06 0.05 0.05 0.05 0.05 0.05 0.05 0.05 0.05 0.05 0.05 0.05 0.05 0.05 0.05 0.05 0.05 0.05 0.05 0.05 0.05 0.05 0.05 0.05 0.05 0.05 0.05
  per-rule acc: 0.06 0.05
Epoch 3960 | Train: Loss=0.0036 Acc=99.9% | Test: Acc=5.1% | Best=6.4%(@3560)
  from x3: 0.06 0.06 0.06 0.05 0.05 0.05 0.05 0.05 0.05 0.05 0.05 0.05 0.05 0.05 0.05 0.05 0.05 0.05 0.05 0.05 0.05 0.05 0.05 0.05 0.05 0.05 0.05 0.05 0.05
  per-rule acc: 0.05 0.05
Epoch 3980 | Train: Loss=0.0017 Acc=100.0% | Test: Acc=6.4% | Best=6.4%(@3980)
  from x3: 0.08 0.07 0.07 0.06 0.06 0.06 0.06 0.06 0.06 0.06 0.06 0.06 0.06 0.06 0.06 0.06 0.06 0.06 0.06 0.06 0.06 0.06 0.06 0.06 0.06 0.06 0.06 0.06 0.06
  per-rule acc: 0.07 0.06
Epoch 4000 | Train: Loss=0.0020 Acc=100.0% | Test: Acc=5.9% | Best=6.4%(@3980)
  from x3: 0.06 0.06 0.06 0.06 0.06 0.06 0.06 0.06 0.06 0.06 0.06 0.06 0.06 0.06 0.06 0.06 0.06 0.06 0.06 0.06 0.06 0.06 0.06 0.06 0.06 0.06 0.06 0.06 0.06
  per-rule acc: 0.06 0.06
Epoch 4020 | Train: Loss=0.0021 Acc=100.0% | Test: Acc=5.6% | Best=6.4%(@3980)
  from x3: 0.06 0.06 0.05 0.05 0.06 0.06 0.06 0.06 0.06 0.06 0.06 0.06 0.06 0.06 0.06 0.06 0.06 0.06 0.06 0.06 0.06 0.06 0.06 0.06 0.06 0.06 0.05 0.05 0.05
  per-rule acc: 0.06 0.05
Epoch 4040 | Train: Loss=0.0034 Acc=99.9% | Test: Acc=6.1% | Best=6.4%(@3980)
  from x3: 0.08 0.07 0.07 0.06 0.06 0.06 0.06 0.06 0.06 0.06 0.06 0.06 0.06 0.06 0.06 0.06 0.06 0.06 0.06 0.06 0.06 0.06 0.06 0.06 0.06 0.06 0.06 0.06 0.06
  per-rule acc: 0.07 0.05
Epoch 4060 | Train: Loss=0.0018 Acc=100.0% | Test: Acc=5.9% | Best=6.4%(@3980)
  from x3: 0.07 0.07 0.06 0.06 0.06 0.06 0.06 0.06 0.06 0.06 0.06 0.06 0.06 0.06 0.06 0.06 0.06 0.06 0.06 0.06 0.06 0.06 0.06 0.06 0.06 0.06 0.06 0.06 0.06
  per-rule acc: 0.06 0.05
Epoch 4080 | Train: Loss=0.0021 Acc=100.0% | Test: Acc=5.4% | Best=6.4%(@3980)
  from x3: 0.06 0.06 0.06 0.05 0.05 0.05 0.05 0.05 0.05 0.05 0.05 0.05 0.05 0.05 0.05 0.05 0.05 0.05 0.05 0.05 0.05 0.05 0.05 0.05 0.05 0.05 0.05 0.05 0.05
  per-rule acc: 0.06 0.05
Epoch 4100 | Train: Loss=0.0669 Acc=99.9% | Test: Acc=5.3% | Best=6.4%(@3980)
  from x3: 0.06 0.06 0.06 0.06 0.05 0.05 0.05 0.05 0.05 0.05 0.05 0.05 0.05 0.05 0.05 0.05 0.05 0.05 0.05 0.05 0.05 0.05 0.05 0.05 0.05 0.05 0.05 0.05 0.05
  per-rule acc: 0.06 0.05
Epoch 4120 | Train: Loss=0.0016 Acc=100.0% | Test: Acc=6.0% | Best=6.4%(@3980)
  from x3: 0.07 0.06 0.06 0.06 0.06 0.06 0.06 0.06 0.06 0.06 0.06 0.06 0.06 0.06 0.06 0.06 0.06 0.06 0.06 0.06 0.06 0.06 0.06 0.06 0.06 0.06 0.06 0.06 0.06
  per-rule acc: 0.06 0.06
Epoch 4140 | Train: Loss=0.0021 Acc=100.0% | Test: Acc=5.4% | Best=6.4%(@3980)
  from x3: 0.06 0.06 0.06 0.06 0.05 0.05 0.05 0.05 0.05 0.05 0.05 0.05 0.05 0.05 0.05 0.05 0.05 0.05 0.05 0.05 0.05 0.05 0.05 0.05 0.05 0.05 0.05 0.05 0.05
  per-rule acc: 0.06 0.05
Epoch 4160 | Train: Loss=0.0021 Acc=100.0% | Test: Acc=6.0% | Best=6.4%(@3980)
  from x3: 0.07 0.07 0.06 0.06 0.06 0.06 0.06 0.06 0.06 0.06 0.06 0.06 0.06 0.06 0.06 0.06 0.06 0.06 0.06 0.06 0.06 0.06 0.06 0.06 0.06 0.06 0.06 0.06 0.06
  per-rule acc: 0.06 0.06
Epoch 4180 | Train: Loss=0.0018 Acc=100.0% | Test: Acc=5.6% | Best=6.4%(@3980)
  from x3: 0.06 0.06 0.06 0.06 0.06 0.06 0.06 0.06 0.06 0.06 0.06 0.05 0.05 0.05 0.05 0.05 0.05 0.05 0.05 0.06 0.06 0.06 0.06 0.06 0.06 0.06 0.06 0.06 0.06
  per-rule acc: 0.06 0.05
Epoch 4200 | Train: Loss=0.0125 Acc=99.9% | Test: Acc=5.8% | Best=6.4%(@3980)
  from x3: 0.07 0.07 0.06 0.06 0.06 0.06 0.06 0.06 0.06 0.06 0.06 0.06 0.06 0.06 0.06 0.06 0.06 0.06 0.06 0.06 0.06 0.06 0.06 0.06 0.06 0.06 0.06 0.06 0.06
  per-rule acc: 0.06 0.06
Epoch 4220 | Train: Loss=0.0018 Acc=100.0% | Test: Acc=5.8% | Best=6.4%(@3980)
  from x3: 0.07 0.06 0.06 0.06 0.06 0.06 0.06 0.06 0.06 0.06 0.06 0.06 0.06 0.06 0.06 0.06 0.06 0.06 0.06 0.06 0.06 0.06 0.06 0.06 0.06 0.06 0.06 0.06 0.06
  per-rule acc: 0.06 0.05
Epoch 4240 | Train: Loss=0.0035 Acc=100.0% | Test: Acc=5.5% | Best=6.4%(@3980)
  from x3: 0.06 0.06 0.06 0.06 0.06 0.06 0.06 0.05 0.05 0.05 0.05 0.05 0.05 0.05 0.05 0.05 0.05 0.05 0.05 0.05 0.05 0.05 0.05 0.05 0.05 0.05 0.05 0.05 0.05
  per-rule acc: 0.06 0.05
Epoch 4260 | Train: Loss=0.0254 Acc=99.9% | Test: Acc=5.5% | Best=6.4%(@3980)
  from x3: 0.07 0.07 0.06 0.06 0.05 0.05 0.05 0.05 0.05 0.05 0.05 0.05 0.05 0.05 0.05 0.05 0.05 0.05 0.05 0.05 0.05 0.05 0.05 0.05 0.05 0.05 0.05 0.05 0.05
  per-rule acc: 0.06 0.05
Epoch 4280 | Train: Loss=0.0018 Acc=100.0% | Test: Acc=5.9% | Best=6.4%(@3980)
  from x3: 0.07 0.07 0.06 0.06 0.06 0.06 0.06 0.06 0.06 0.06 0.06 0.06 0.06 0.06 0.06 0.06 0.06 0.06 0.06 0.06 0.06 0.06 0.06 0.06 0.06 0.06 0.06 0.06 0.06
  per-rule acc: 0.06 0.05
Epoch 4300 | Train: Loss=0.0020 Acc=100.0% | Test: Acc=5.9% | Best=6.4%(@3980)
  from x3: 0.06 0.06 0.06 0.06 0.06 0.06 0.06 0.06 0.06 0.06 0.06 0.06 0.06 0.06 0.06 0.06 0.06 0.06 0.06 0.06 0.06 0.06 0.06 0.06 0.06 0.06 0.06 0.06 0.06
  per-rule acc: 0.06 0.06
Epoch 4320 | Train: Loss=0.0136 Acc=99.9% | Test: Acc=6.1% | Best=6.4%(@3980)
  from x3: 0.07 0.06 0.06 0.06 0.06 0.06 0.06 0.06 0.06 0.06 0.06 0.06 0.06 0.06 0.06 0.06 0.06 0.06 0.06 0.06 0.06 0.06 0.06 0.06 0.06 0.06 0.06 0.06 0.06
  per-rule acc: 0.07 0.06
Epoch 4340 | Train: Loss=0.0018 Acc=100.0% | Test: Acc=5.7% | Best=6.4%(@3980)
  from x3: 0.07 0.06 0.06 0.06 0.06 0.06 0.06 0.06 0.06 0.06 0.06 0.06 0.06 0.06 0.06 0.06 0.06 0.06 0.06 0.06 0.06 0.06 0.06 0.06 0.06 0.06 0.06 0.06 0.06
  per-rule acc: 0.06 0.05
Epoch 4360 | Train: Loss=0.0239 Acc=99.7% | Test: Acc=5.4% | Best=6.4%(@3980)
  from x3: 0.06 0.06 0.06 0.06 0.05 0.05 0.05 0.05 0.05 0.05 0.05 0.05 0.05 0.05 0.05 0.05 0.05 0.05 0.05 0.05 0.05 0.05 0.05 0.05 0.05 0.05 0.05 0.05 0.05
  per-rule acc: 0.06 0.05
Epoch 4380 | Train: Loss=0.0017 Acc=100.0% | Test: Acc=6.1% | Best=6.4%(@3980)
  from x3: 0.07 0.06 0.06 0.06 0.06 0.06 0.06 0.06 0.06 0.06 0.06 0.06 0.06 0.06 0.06 0.06 0.06 0.06 0.06 0.06 0.06 0.06 0.06 0.06 0.06 0.06 0.06 0.06 0.06
  per-rule acc: 0.07 0.05
Epoch 4400 | Train: Loss=0.0024 Acc=100.0% | Test: Acc=5.6% | Best=6.4%(@3980)
  from x3: 0.06 0.06 0.06 0.06 0.06 0.06 0.06 0.06 0.06 0.06 0.06 0.06 0.06 0.06 0.06 0.06 0.06 0.06 0.06 0.06 0.06 0.06 0.06 0.06 0.06 0.06 0.06 0.06 0.05
  per-rule acc: 0.06 0.05
Epoch 4420 | Train: Loss=0.0279 Acc=99.9% | Test: Acc=5.2% | Best=6.4%(@3980)
  from x3: 0.07 0.06 0.06 0.06 0.05 0.05 0.05 0.05 0.05 0.05 0.05 0.05 0.05 0.05 0.05 0.05 0.05 0.05 0.05 0.05 0.05 0.05 0.05 0.05 0.05 0.05 0.05 0.05 0.05
  per-rule acc: 0.05 0.05
Epoch 4440 | Train: Loss=0.0016 Acc=100.0% | Test: Acc=5.9% | Best=6.4%(@3980)
  from x3: 0.07 0.06 0.06 0.06 0.06 0.06 0.06 0.06 0.06 0.06 0.06 0.06 0.06 0.06 0.06 0.06 0.06 0.06 0.06 0.06 0.06 0.06 0.06 0.06 0.06 0.06 0.06 0.06 0.06
  per-rule acc: 0.06 0.06
Epoch 4460 | Train: Loss=0.0021 Acc=100.0% | Test: Acc=5.3% | Best=6.4%(@3980)
  from x3: 0.06 0.06 0.06 0.05 0.05 0.05 0.05 0.05 0.05 0.05 0.05 0.05 0.05 0.05 0.05 0.05 0.05 0.05 0.05 0.05 0.05 0.05 0.05 0.05 0.05 0.05 0.05 0.05 0.05
  per-rule acc: 0.05 0.05
Epoch 4480 | Train: Loss=0.0022 Acc=100.0% | Test: Acc=5.3% | Best=6.4%(@3980)
  from x3: 0.05 0.05 0.06 0.05 0.05 0.05 0.05 0.05 0.05 0.05 0.05 0.05 0.05 0.05 0.05 0.05 0.05 0.05 0.05 0.05 0.05 0.05 0.05 0.05 0.05 0.05 0.05 0.05 0.05
  per-rule acc: 0.06 0.05
Epoch 4500 | Train: Loss=0.0017 Acc=100.0% | Test: Acc=5.9% | Best=6.4%(@3980)
  from x3: 0.07 0.07 0.06 0.06 0.06 0.06 0.06 0.06 0.06 0.06 0.06 0.06 0.06 0.06 0.06 0.06 0.06 0.06 0.06 0.06 0.06 0.06 0.06 0.06 0.06 0.06 0.06 0.06 0.06
  per-rule acc: 0.06 0.06
Epoch 4520 | Train: Loss=0.0021 Acc=100.0% | Test: Acc=5.8% | Best=6.4%(@3980)
  from x3: 0.06 0.06 0.06 0.06 0.06 0.06 0.06 0.06 0.06 0.06 0.06 0.06 0.06 0.06 0.06 0.06 0.06 0.06 0.06 0.06 0.06 0.06 0.06 0.06 0.06 0.06 0.06 0.06 0.06
  per-rule acc: 0.06 0.06
Epoch 4540 | Train: Loss=0.0364 Acc=99.9% | Test: Acc=5.7% | Best=6.4%(@3980)
  from x3: 0.06 0.06 0.06 0.06 0.06 0.06 0.06 0.06 0.06 0.06 0.06 0.06 0.06 0.06 0.06 0.06 0.06 0.06 0.06 0.06 0.06 0.06 0.06 0.06 0.06 0.06 0.06 0.06 0.06
  per-rule acc: 0.06 0.06
Epoch 4560 | Train: Loss=0.0015 Acc=100.0% | Test: Acc=6.2% | Best=6.4%(@3980)
  from x3: 0.07 0.07 0.07 0.06 0.06 0.06 0.06 0.06 0.06 0.06 0.06 0.06 0.06 0.06 0.06 0.06 0.06 0.06 0.06 0.06 0.06 0.06 0.06 0.06 0.06 0.06 0.06 0.06 0.06
  per-rule acc: 0.07 0.06
Epoch 4580 | Train: Loss=0.0021 Acc=100.0% | Test: Acc=5.8% | Best=6.4%(@3980)
  from x3: 0.06 0.06 0.06 0.06 0.06 0.06 0.06 0.06 0.06 0.06 0.06 0.06 0.06 0.06 0.06 0.06 0.06 0.06 0.06 0.06 0.06 0.06 0.06 0.06 0.06 0.06 0.06 0.06 0.06
  per-rule acc: 0.06 0.05
Epoch 4600 | Train: Loss=0.0023 Acc=100.0% | Test: Acc=5.4% | Best=6.4%(@3980)
  from x3: 0.06 0.06 0.05 0.06 0.05 0.05 0.05 0.05 0.05 0.05 0.05 0.05 0.05 0.05 0.05 0.05 0.05 0.05 0.05 0.05 0.05 0.05 0.05 0.05 0.05 0.05 0.05 0.05 0.05
  per-rule acc: 0.06 0.05
Epoch 4620 | Train: Loss=0.0017 Acc=100.0% | Test: Acc=6.2% | Best=6.4%(@3980)
  from x3: 0.07 0.07 0.06 0.06 0.06 0.06 0.06 0.06 0.06 0.06 0.06 0.06 0.06 0.06 0.06 0.06 0.06 0.06 0.06 0.06 0.06 0.06 0.06 0.06 0.06 0.06 0.06 0.06 0.06
  per-rule acc: 0.07 0.06
Epoch 4640 | Train: Loss=0.0019 Acc=100.0% | Test: Acc=6.1% | Best=6.4%(@3980)
  from x3: 0.06 0.06 0.06 0.06 0.06 0.06 0.06 0.06 0.06 0.06 0.06 0.06 0.06 0.06 0.06 0.06 0.06 0.06 0.06 0.06 0.06 0.06 0.06 0.06 0.06 0.06 0.06 0.06 0.06
  per-rule acc: 0.06 0.06
Epoch 4660 | Train: Loss=0.0024 Acc=100.0% | Test: Acc=5.7% | Best=6.4%(@3980)
  from x3: 0.06 0.06 0.06 0.06 0.06 0.06 0.06 0.06 0.06 0.06 0.06 0.06 0.06 0.06 0.06 0.06 0.06 0.06 0.06 0.06 0.06 0.06 0.06 0.06 0.06 0.06 0.06 0.06 0.06
  per-rule acc: 0.06 0.05
Epoch 4680 | Train: Loss=0.0016 Acc=100.0% | Test: Acc=6.1% | Best=6.4%(@3980)
  from x3: 0.07 0.06 0.06 0.06 0.06 0.06 0.06 0.06 0.06 0.06 0.06 0.06 0.06 0.06 0.06 0.06 0.06 0.06 0.06 0.06 0.06 0.06 0.06 0.06 0.06 0.06 0.06 0.06 0.06
  per-rule acc: 0.06 0.06
Epoch 4700 | Train: Loss=0.0018 Acc=100.0% | Test: Acc=5.9% | Best=6.4%(@3980)
  from x3: 0.06 0.06 0.06 0.06 0.06 0.06 0.06 0.06 0.06 0.06 0.06 0.06 0.06 0.06 0.06 0.06 0.06 0.06 0.06 0.06 0.06 0.06 0.06 0.06 0.06 0.06 0.06 0.06 0.06
  per-rule acc: 0.06 0.06
Epoch 4720 | Train: Loss=0.0069 Acc=99.9% | Test: Acc=6.6% | Best=6.6%(@4720)
  from x3: 0.07 0.07 0.07 0.07 0.07 0.07 0.07 0.07 0.07 0.07 0.06 0.06 0.06 0.06 0.07 0.06 0.06 0.06 0.06 0.06 0.06 0.06 0.06 0.06 0.06 0.06 0.06 0.06 0.06
  per-rule acc: 0.07 0.06
Epoch 4740 | Train: Loss=0.0017 Acc=100.0% | Test: Acc=6.2% | Best=6.6%(@4720)
  from x3: 0.07 0.07 0.06 0.06 0.06 0.06 0.06 0.06 0.06 0.06 0.06 0.06 0.06 0.06 0.06 0.06 0.06 0.06 0.06 0.06 0.06 0.06 0.06 0.06 0.06 0.06 0.06 0.06 0.06
  per-rule acc: 0.07 0.06
Epoch 4760 | Train: Loss=0.0339 Acc=99.8% | Test: Acc=5.5% | Best=6.6%(@4720)
  from x3: 0.06 0.06 0.06 0.06 0.05 0.06 0.06 0.05 0.05 0.05 0.05 0.05 0.05 0.05 0.05 0.05 0.05 0.05 0.05 0.05 0.05 0.05 0.05 0.05 0.05 0.05 0.05 0.05 0.05
  per-rule acc: 0.06 0.05
Epoch 4780 | Train: Loss=0.0018 Acc=100.0% | Test: Acc=5.8% | Best=6.6%(@4720)
  from x3: 0.07 0.06 0.06 0.06 0.06 0.06 0.06 0.06 0.06 0.06 0.06 0.06 0.06 0.06 0.06 0.06 0.06 0.06 0.06 0.06 0.06 0.06 0.06 0.06 0.06 0.06 0.06 0.06 0.06
  per-rule acc: 0.06 0.05
Epoch 4800 | Train: Loss=0.0028 Acc=100.0% | Test: Acc=5.3% | Best=6.6%(@4720)
  from x3: 0.06 0.06 0.05 0.05 0.05 0.05 0.05 0.05 0.05 0.05 0.05 0.05 0.05 0.05 0.05 0.05 0.05 0.05 0.05 0.05 0.05 0.05 0.05 0.05 0.05 0.05 0.05 0.05 0.05
  per-rule acc: 0.06 0.05
Epoch 4820 | Train: Loss=0.0620 Acc=99.9% | Test: Acc=5.1% | Best=6.6%(@4720)
  from x3: 0.06 0.06 0.05 0.05 0.05 0.05 0.05 0.05 0.05 0.05 0.05 0.05 0.05 0.05 0.05 0.05 0.05 0.05 0.05 0.05 0.05 0.05 0.05 0.05 0.05 0.05 0.05 0.05 0.05
  per-rule acc: 0.05 0.05
Epoch 4840 | Train: Loss=0.0016 Acc=100.0% | Test: Acc=6.0% | Best=6.6%(@4720)
  from x3: 0.07 0.06 0.06 0.06 0.06 0.06 0.06 0.06 0.06 0.06 0.06 0.06 0.06 0.06 0.06 0.06 0.06 0.06 0.06 0.06 0.06 0.06 0.06 0.06 0.06 0.06 0.06 0.06 0.06
  per-rule acc: 0.06 0.06
Epoch 4860 | Train: Loss=0.0020 Acc=100.0% | Test: Acc=5.7% | Best=6.6%(@4720)
  from x3: 0.06 0.06 0.06 0.06 0.06 0.06 0.06 0.06 0.06 0.06 0.06 0.06 0.06 0.06 0.06 0.06 0.06 0.06 0.06 0.06 0.06 0.06 0.06 0.06 0.06 0.06 0.06 0.06 0.06
  per-rule acc: 0.06 0.06
Epoch 4880 | Train: Loss=0.0694 Acc=99.7% | Test: Acc=5.4% | Best=6.6%(@4720)
  from x3: 0.05 0.06 0.06 0.06 0.05 0.05 0.05 0.05 0.05 0.05 0.05 0.05 0.05 0.05 0.05 0.05 0.05 0.05 0.05 0.05 0.05 0.05 0.05 0.05 0.05 0.05 0.05 0.05 0.05
  per-rule acc: 0.06 0.05
Epoch 4900 | Train: Loss=0.0016 Acc=100.0% | Test: Acc=6.5% | Best=6.6%(@4720)
  from x3: 0.07 0.07 0.07 0.07 0.07 0.07 0.06 0.06 0.06 0.06 0.06 0.06 0.06 0.06 0.06 0.06 0.06 0.06 0.06 0.06 0.06 0.06 0.06 0.06 0.06 0.06 0.06 0.06 0.06
  per-rule acc: 0.07 0.06
Epoch 4920 | Train: Loss=0.0021 Acc=100.0% | Test: Acc=5.9% | Best=6.6%(@4720)
  from x3: 0.06 0.06 0.06 0.06 0.06 0.06 0.06 0.06 0.06 0.06 0.06 0.06 0.06 0.06 0.06 0.06 0.06 0.06 0.06 0.06 0.06 0.06 0.06 0.06 0.06 0.06 0.06 0.06 0.06
  per-rule acc: 0.06 0.06
Epoch 4940 | Train: Loss=0.0021 Acc=100.0% | Test: Acc=5.6% | Best=6.6%(@4720)
  from x3: 0.06 0.06 0.06 0.06 0.06 0.05 0.05 0.06 0.06 0.06 0.06 0.06 0.06 0.06 0.06 0.06 0.06 0.06 0.06 0.06 0.06 0.06 0.06 0.06 0.06 0.06 0.06 0.05 0.05
  per-rule acc: 0.06 0.05
Epoch 4960 | Train: Loss=0.0791 Acc=99.3% | Test: Acc=4.2% | Best=6.6%(@4720)
  from x3: 0.05 0.05 0.04 0.04 0.04 0.04 0.04 0.04 0.04 0.04 0.04 0.04 0.04 0.04 0.04 0.04 0.04 0.04 0.04 0.04 0.04 0.04 0.04 0.04 0.04 0.04 0.04 0.04 0.04
  per-rule acc: 0.05 0.04
Epoch 4980 | Train: Loss=0.0015 Acc=100.0% | Test: Acc=6.0% | Best=6.6%(@4720)
  from x3: 0.07 0.06 0.06 0.06 0.06 0.06 0.06 0.06 0.06 0.06 0.06 0.06 0.06 0.06 0.06 0.06 0.06 0.06 0.06 0.06 0.06 0.06 0.06 0.06 0.06 0.06 0.06 0.06 0.06
  per-rule acc: 0.06 0.06
Epoch 5000 | Train: Loss=0.0024 Acc=100.0% | Test: Acc=5.5% | Best=6.6%(@4720)
  from x3: 0.06 0.06 0.06 0.06 0.05 0.06 0.06 0.06 0.06 0.05 0.05 0.05 0.05 0.05 0.05 0.05 0.05 0.05 0.05 0.05 0.05 0.05 0.05 0.05 0.05 0.05 0.05 0.05 0.05
  per-rule acc: 0.06 0.05
Epoch 5020 | Train: Loss=0.0023 Acc=100.0% | Test: Acc=5.0% | Best=6.6%(@4720)
  from x3: 0.05 0.05 0.05 0.05 0.05 0.05 0.05 0.05 0.05 0.05 0.05 0.05 0.05 0.05 0.05 0.05 0.05 0.05 0.05 0.05 0.05 0.05 0.05 0.05 0.05 0.05 0.05 0.05 0.05
  per-rule acc: 0.05 0.05
Epoch 5040 | Train: Loss=0.0015 Acc=100.0% | Test: Acc=6.1% | Best=6.6%(@4720)
  from x3: 0.07 0.07 0.06 0.06 0.06 0.06 0.06 0.06 0.06 0.06 0.06 0.06 0.06 0.06 0.06 0.06 0.06 0.06 0.06 0.06 0.06 0.06 0.06 0.06 0.06 0.06 0.06 0.06 0.06
  per-rule acc: 0.07 0.06
Epoch 5060 | Train: Loss=0.0017 Acc=100.0% | Test: Acc=5.8% | Best=6.6%(@4720)
  from x3: 0.06 0.06 0.06 0.06 0.06 0.06 0.06 0.06 0.06 0.06 0.06 0.06 0.06 0.06 0.06 0.06 0.06 0.06 0.06 0.06 0.06 0.06 0.06 0.06 0.06 0.06 0.06 0.06 0.06
  per-rule acc: 0.06 0.06
Epoch 5080 | Train: Loss=0.0030 Acc=100.0% | Test: Acc=5.3% | Best=6.6%(@4720)
  from x3: 0.06 0.06 0.05 0.05 0.05 0.05 0.05 0.05 0.05 0.05 0.05 0.05 0.05 0.05 0.05 0.05 0.05 0.05 0.05 0.05 0.05 0.05 0.05 0.05 0.05 0.05 0.05 0.05 0.05
  per-rule acc: 0.06 0.05
Epoch 5100 | Train: Loss=0.0016 Acc=100.0% | Test: Acc=6.0% | Best=6.6%(@4720)
  from x3: 0.07 0.06 0.06 0.06 0.06 0.06 0.06 0.06 0.06 0.06 0.06 0.06 0.06 0.06 0.06 0.06 0.06 0.06 0.06 0.06 0.06 0.06 0.06 0.06 0.06 0.06 0.06 0.06 0.06
  per-rule acc: 0.06 0.06
Epoch 5120 | Train: Loss=0.0020 Acc=100.0% | Test: Acc=5.9% | Best=6.6%(@4720)
  from x3: 0.06 0.06 0.06 0.06 0.06 0.06 0.06 0.06 0.06 0.06 0.06 0.06 0.06 0.06 0.06 0.06 0.06 0.06 0.06 0.06 0.06 0.06 0.06 0.06 0.06 0.06 0.06 0.06 0.06
  per-rule acc: 0.06 0.06
Epoch 5140 | Train: Loss=0.0020 Acc=100.0% | Test: Acc=5.5% | Best=6.6%(@4720)
  from x3: 0.06 0.06 0.05 0.06 0.05 0.05 0.05 0.05 0.05 0.05 0.05 0.05 0.05 0.05 0.05 0.05 0.05 0.05 0.05 0.05 0.05 0.05 0.05 0.05 0.05 0.05 0.05 0.05 0.05
  per-rule acc: 0.06 0.05
Epoch 5160 | Train: Loss=0.0014 Acc=100.0% | Test: Acc=6.6% | Best=6.6%(@4720)
  from x3: 0.07 0.07 0.07 0.06 0.07 0.07 0.07 0.07 0.07 0.06 0.07 0.07 0.07 0.06 0.06 0.07 0.07 0.07 0.07 0.07 0.07 0.07 0.07 0.07 0.07 0.07 0.07 0.07 0.07
  per-rule acc: 0.07 0.06
Epoch 5180 | Train: Loss=0.0020 Acc=100.0% | Test: Acc=5.9% | Best=6.6%(@4720)
  from x3: 0.06 0.06 0.06 0.06 0.06 0.06 0.06 0.06 0.06 0.06 0.06 0.06 0.06 0.06 0.06 0.06 0.06 0.06 0.06 0.06 0.06 0.06 0.06 0.06 0.06 0.06 0.06 0.06 0.06
  per-rule acc: 0.06 0.06
Epoch 5200 | Train: Loss=0.0420 Acc=99.9% | Test: Acc=5.7% | Best=6.6%(@4720)
  from x3: 0.07 0.06 0.06 0.06 0.06 0.06 0.06 0.06 0.06 0.06 0.06 0.06 0.06 0.06 0.06 0.06 0.06 0.06 0.06 0.06 0.06 0.06 0.06 0.06 0.06 0.06 0.06 0.06 0.06
  per-rule acc: 0.06 0.06
Epoch 5220 | Train: Loss=0.0015 Acc=100.0% | Test: Acc=6.7% | Best=6.7%(@5220)
  from x3: 0.07 0.07 0.07 0.07 0.07 0.07 0.07 0.07 0.07 0.07 0.07 0.07 0.07 0.07 0.07 0.07 0.07 0.07 0.07 0.07 0.07 0.07 0.07 0.07 0.07 0.07 0.07 0.07 0.07
  per-rule acc: 0.07 0.06
Epoch 5240 | Train: Loss=0.0019 Acc=100.0% | Test: Acc=5.7% | Best=6.7%(@5220)
  from x3: 0.06 0.06 0.06 0.06 0.06 0.06 0.06 0.06 0.06 0.06 0.06 0.06 0.06 0.06 0.06 0.06 0.06 0.06 0.06 0.06 0.06 0.06 0.06 0.06 0.06 0.06 0.06 0.06 0.06
  per-rule acc: 0.06 0.06
Epoch 5260 | Train: Loss=0.0016 Acc=100.0% | Test: Acc=6.6% | Best=6.7%(@5220)
  from x3: 0.07 0.07 0.07 0.07 0.07 0.07 0.07 0.07 0.07 0.07 0.07 0.07 0.07 0.07 0.07 0.07 0.07 0.07 0.07 0.07 0.07 0.07 0.07 0.07 0.07 0.06 0.07 0.06 0.06
  per-rule acc: 0.07 0.06
Epoch 5280 | Train: Loss=0.0020 Acc=100.0% | Test: Acc=5.8% | Best=6.7%(@5220)
  from x3: 0.06 0.06 0.06 0.06 0.06 0.06 0.06 0.06 0.06 0.06 0.06 0.06 0.06 0.06 0.06 0.06 0.06 0.06 0.06 0.06 0.06 0.06 0.06 0.06 0.06 0.06 0.06 0.06 0.06
  per-rule acc: 0.06 0.06
Epoch 5300 | Train: Loss=0.0021 Acc=100.0% | Test: Acc=5.6% | Best=6.7%(@5220)
  from x3: 0.05 0.06 0.06 0.06 0.06 0.06 0.06 0.06 0.06 0.06 0.06 0.06 0.06 0.06 0.06 0.06 0.06 0.05 0.05 0.05 0.05 0.05 0.05 0.05 0.05 0.05 0.06 0.06 0.06
  per-rule acc: 0.06 0.05
Epoch 5320 | Train: Loss=0.0017 Acc=100.0% | Test: Acc=6.3% | Best=6.7%(@5220)
  from x3: 0.07 0.07 0.07 0.06 0.06 0.06 0.06 0.06 0.06 0.06 0.06 0.06 0.06 0.06 0.06 0.06 0.06 0.06 0.06 0.06 0.06 0.06 0.06 0.06 0.06 0.06 0.06 0.06 0.06
  per-rule acc: 0.06 0.06
Epoch 5340 | Train: Loss=0.0020 Acc=100.0% | Test: Acc=6.2% | Best=6.7%(@5220)
  from x3: 0.06 0.06 0.06 0.06 0.06 0.06 0.06 0.06 0.06 0.06 0.06 0.06 0.06 0.06 0.06 0.06 0.06 0.06 0.06 0.06 0.06 0.06 0.06 0.06 0.06 0.06 0.06 0.06 0.06
  per-rule acc: 0.06 0.06
Epoch 5360 | Train: Loss=0.0438 Acc=99.7% | Test: Acc=5.6% | Best=6.7%(@5220)
  from x3: 0.06 0.06 0.06 0.05 0.06 0.06 0.06 0.06 0.06 0.06 0.06 0.06 0.06 0.06 0.06 0.06 0.06 0.06 0.06 0.06 0.06 0.06 0.06 0.06 0.06 0.06 0.06 0.05 0.06
  per-rule acc: 0.06 0.05
Epoch 5380 | Train: Loss=0.0015 Acc=100.0% | Test: Acc=6.2% | Best=6.7%(@5220)
  from x3: 0.07 0.07 0.06 0.06 0.06 0.06 0.06 0.06 0.06 0.06 0.06 0.06 0.06 0.06 0.06 0.06 0.06 0.06 0.06 0.06 0.06 0.06 0.06 0.06 0.06 0.06 0.06 0.06 0.06
  per-rule acc: 0.06 0.06
Epoch 5400 | Train: Loss=0.0022 Acc=100.0% | Test: Acc=5.7% | Best=6.7%(@5220)
  from x3: 0.06 0.06 0.06 0.06 0.06 0.06 0.06 0.06 0.06 0.06 0.06 0.06 0.06 0.06 0.06 0.06 0.06 0.06 0.06 0.06 0.06 0.06 0.06 0.06 0.06 0.06 0.06 0.06 0.06
  per-rule acc: 0.06 0.05
Epoch 5420 | Train: Loss=0.0019 Acc=100.0% | Test: Acc=5.4% | Best=6.7%(@5220)
  from x3: 0.06 0.06 0.05 0.05 0.05 0.05 0.05 0.05 0.05 0.05 0.05 0.05 0.05 0.05 0.05 0.05 0.05 0.05 0.05 0.05 0.05 0.05 0.05 0.05 0.05 0.05 0.05 0.05 0.05
  per-rule acc: 0.06 0.05
Epoch 5440 | Train: Loss=0.0029 Acc=99.9% | Test: Acc=5.0% | Best=6.7%(@5220)
  from x3: 0.05 0.05 0.05 0.05 0.05 0.05 0.05 0.05 0.05 0.05 0.05 0.05 0.05 0.05 0.05 0.05 0.05 0.05 0.05 0.05 0.05 0.05 0.05 0.05 0.05 0.05 0.05 0.05 0.05
  per-rule acc: 0.05 0.05
Epoch 5460 | Train: Loss=0.0015 Acc=100.0% | Test: Acc=6.5% | Best=6.7%(@5220)
  from x3: 0.07 0.07 0.06 0.07 0.07 0.06 0.06 0.07 0.07 0.06 0.07 0.06 0.06 0.06 0.07 0.06 0.06 0.06 0.06 0.06 0.06 0.06 0.06 0.06 0.07 0.06 0.06 0.06 0.06
  per-rule acc: 0.07 0.06
Epoch 5480 | Train: Loss=0.0017 Acc=100.0% | Test: Acc=6.1% | Best=6.7%(@5220)
  from x3: 0.06 0.06 0.06 0.06 0.06 0.06 0.06 0.06 0.06 0.06 0.06 0.06 0.06 0.06 0.06 0.06 0.06 0.06 0.06 0.06 0.06 0.06 0.06 0.06 0.06 0.06 0.06 0.06 0.06
  per-rule acc: 0.06 0.06
Epoch 5500 | Train: Loss=0.0022 Acc=100.0% | Test: Acc=6.1% | Best=6.7%(@5220)
  from x3: 0.07 0.07 0.06 0.06 0.06 0.06 0.06 0.06 0.06 0.06 0.06 0.06 0.06 0.06 0.06 0.06 0.06 0.06 0.06 0.06 0.06 0.06 0.06 0.06 0.06 0.06 0.06 0.06 0.06
  per-rule acc: 0.06 0.06
Epoch 5520 | Train: Loss=0.0016 Acc=100.0% | Test: Acc=6.0% | Best=6.7%(@5220)
  from x3: 0.06 0.06 0.06 0.06 0.06 0.06 0.06 0.06 0.06 0.06 0.06 0.06 0.06 0.06 0.06 0.06 0.06 0.06 0.06 0.06 0.06 0.06 0.06 0.06 0.06 0.06 0.06 0.06 0.06
  per-rule acc: 0.06 0.06
Epoch 5540 | Train: Loss=0.0022 Acc=100.0% | Test: Acc=5.8% | Best=6.7%(@5220)
  from x3: 0.06 0.06 0.06 0.06 0.06 0.06 0.06 0.06 0.06 0.06 0.06 0.06 0.06 0.06 0.06 0.06 0.06 0.06 0.06 0.06 0.06 0.06 0.06 0.06 0.06 0.06 0.06 0.06 0.06
  per-rule acc: 0.06 0.06
Epoch 5560 | Train: Loss=0.0020 Acc=100.0% | Test: Acc=5.5% | Best=6.7%(@5220)
  from x3: 0.05 0.06 0.06 0.06 0.06 0.06 0.06 0.06 0.06 0.06 0.05 0.05 0.05 0.05 0.05 0.05 0.05 0.05 0.05 0.05 0.05 0.05 0.05 0.05 0.06 0.05 0.06 0.06 0.05
  per-rule acc: 0.06 0.05
Epoch 5580 | Train: Loss=0.0016 Acc=100.0% | Test: Acc=6.3% | Best=6.7%(@5220)
  from x3: 0.06 0.06 0.07 0.06 0.06 0.06 0.06 0.06 0.06 0.06 0.06 0.06 0.06 0.06 0.06 0.06 0.06 0.06 0.06 0.06 0.06 0.06 0.06 0.06 0.06 0.06 0.06 0.06 0.06
  per-rule acc: 0.07 0.06
Epoch 5600 | Train: Loss=0.0017 Acc=100.0% | Test: Acc=6.2% | Best=6.7%(@5220)
  from x3: 0.06 0.06 0.06 0.06 0.06 0.06 0.06 0.06 0.06 0.06 0.06 0.06 0.06 0.06 0.06 0.06 0.06 0.06 0.06 0.06 0.06 0.06 0.06 0.06 0.06 0.06 0.06 0.06 0.06
  per-rule acc: 0.07 0.06
Epoch 5620 | Train: Loss=0.0026 Acc=100.0% | Test: Acc=5.6% | Best=6.7%(@5220)
  from x3: 0.06 0.06 0.06 0.06 0.06 0.06 0.06 0.06 0.06 0.06 0.06 0.06 0.06 0.06 0.06 0.06 0.06 0.06 0.06 0.06 0.06 0.06 0.06 0.06 0.06 0.06 0.06 0.06 0.06
  per-rule acc: 0.06 0.05
Epoch 5640 | Train: Loss=0.0022 Acc=100.0% | Test: Acc=5.5% | Best=6.7%(@5220)
  from x3: 0.05 0.06 0.06 0.06 0.06 0.06 0.06 0.06 0.06 0.06 0.06 0.06 0.06 0.06 0.06 0.06 0.06 0.06 0.06 0.06 0.06 0.06 0.06 0.05 0.05 0.05 0.05 0.05 0.05
  per-rule acc: 0.06 0.06
Epoch 5660 | Train: Loss=0.0015 Acc=100.0% | Test: Acc=6.5% | Best=6.7%(@5220)
  from x3: 0.07 0.07 0.07 0.06 0.06 0.06 0.06 0.06 0.06 0.06 0.06 0.06 0.06 0.06 0.06 0.06 0.06 0.06 0.06 0.06 0.06 0.06 0.06 0.06 0.06 0.06 0.06 0.06 0.06
  per-rule acc: 0.07 0.06
Epoch 5680 | Train: Loss=0.0021 Acc=100.0% | Test: Acc=6.4% | Best=6.7%(@5220)
  from x3: 0.06 0.06 0.06 0.06 0.06 0.06 0.06 0.06 0.06 0.06 0.06 0.06 0.06 0.06 0.06 0.06 0.06 0.06 0.06 0.06 0.06 0.06 0.06 0.06 0.06 0.06 0.06 0.06 0.06
  per-rule acc: 0.07 0.06
Epoch 5700 | Train: Loss=0.0017 Acc=100.0% | Test: Acc=5.8% | Best=6.7%(@5220)
  from x3: 0.06 0.06 0.06 0.06 0.06 0.06 0.06 0.06 0.06 0.06 0.06 0.06 0.06 0.06 0.06 0.06 0.06 0.06 0.06 0.06 0.06 0.06 0.06 0.06 0.06 0.06 0.06 0.06 0.06
  per-rule acc: 0.06 0.06
Epoch 5720 | Train: Loss=0.0269 Acc=99.9% | Test: Acc=5.6% | Best=6.7%(@5220)
  from x3: 0.06 0.06 0.06 0.06 0.06 0.06 0.06 0.06 0.06 0.06 0.06 0.06 0.06 0.06 0.06 0.06 0.06 0.06 0.06 0.06 0.06 0.06 0.06 0.06 0.06 0.06 0.06 0.06 0.06
  per-rule acc: 0.06 0.06
Epoch 5740 | Train: Loss=0.0015 Acc=100.0% | Test: Acc=6.4% | Best=6.7%(@5220)
  from x3: 0.06 0.06 0.07 0.07 0.06 0.06 0.06 0.06 0.06 0.06 0.06 0.06 0.06 0.06 0.06 0.06 0.06 0.06 0.06 0.06 0.06 0.06 0.06 0.06 0.06 0.06 0.06 0.06 0.06
  per-rule acc: 0.07 0.06
Epoch 5760 | Train: Loss=0.0017 Acc=100.0% | Test: Acc=6.2% | Best=6.7%(@5220)
  from x3: 0.06 0.06 0.06 0.06 0.06 0.06 0.06 0.06 0.06 0.06 0.06 0.06 0.06 0.06 0.06 0.06 0.06 0.06 0.06 0.06 0.06 0.06 0.06 0.06 0.06 0.06 0.06 0.06 0.06
  per-rule acc: 0.07 0.06
Epoch 5780 | Train: Loss=0.0141 Acc=100.0% | Test: Acc=5.8% | Best=6.7%(@5220)
  from x3: 0.07 0.06 0.06 0.06 0.06 0.06 0.06 0.06 0.06 0.06 0.06 0.06 0.06 0.06 0.06 0.06 0.06 0.06 0.06 0.06 0.06 0.06 0.06 0.06 0.06 0.06 0.06 0.06 0.06
  per-rule acc: 0.06 0.06
Epoch 5800 | Train: Loss=0.0014 Acc=100.0% | Test: Acc=6.5% | Best=6.7%(@5220)
  from x3: 0.07 0.07 0.07 0.06 0.06 0.06 0.06 0.06 0.06 0.06 0.06 0.06 0.06 0.06 0.06 0.06 0.06 0.06 0.06 0.06 0.06 0.06 0.06 0.06 0.06 0.06 0.06 0.06 0.06
  per-rule acc: 0.07 0.06
Epoch 5820 | Train: Loss=0.0018 Acc=100.0% | Test: Acc=6.1% | Best=6.7%(@5220)
  from x3: 0.06 0.06 0.06 0.06 0.06 0.06 0.06 0.06 0.06 0.06 0.06 0.06 0.06 0.06 0.06 0.06 0.06 0.06 0.06 0.06 0.06 0.06 0.06 0.06 0.06 0.06 0.06 0.06 0.06
  per-rule acc: 0.06 0.06
Epoch 5840 | Train: Loss=0.0031 Acc=100.0% | Test: Acc=6.6% | Best=6.7%(@5220)
  from x3: 0.07 0.07 0.07 0.07 0.07 0.07 0.07 0.07 0.07 0.07 0.07 0.07 0.07 0.07 0.07 0.07 0.07 0.07 0.07 0.07 0.07 0.07 0.07 0.06 0.06 0.06 0.06 0.06 0.07
  per-rule acc: 0.07 0.06
Epoch 5860 | Train: Loss=0.0016 Acc=100.0% | Test: Acc=6.2% | Best=6.7%(@5220)
  from x3: 0.06 0.07 0.06 0.06 0.06 0.06 0.06 0.06 0.06 0.06 0.06 0.06 0.06 0.06 0.06 0.06 0.06 0.06 0.06 0.06 0.06 0.06 0.06 0.06 0.06 0.06 0.06 0.06 0.06
  per-rule acc: 0.07 0.06
Epoch 5880 | Train: Loss=0.0019 Acc=100.0% | Test: Acc=5.8% | Best=6.7%(@5220)
  from x3: 0.05 0.06 0.06 0.06 0.06 0.06 0.06 0.06 0.06 0.06 0.06 0.06 0.06 0.06 0.06 0.06 0.06 0.06 0.06 0.06 0.06 0.06 0.06 0.06 0.06 0.06 0.06 0.06 0.06
  per-rule acc: 0.06 0.06
Epoch 5900 | Train: Loss=0.0021 Acc=100.0% | Test: Acc=6.2% | Best=6.7%(@5220)
  from x3: 0.06 0.07 0.06 0.06 0.06 0.06 0.06 0.06 0.06 0.06 0.06 0.06 0.06 0.06 0.06 0.06 0.06 0.06 0.06 0.06 0.06 0.06 0.06 0.06 0.06 0.06 0.06 0.06 0.06
  per-rule acc: 0.06 0.06
Epoch 5920 | Train: Loss=0.0020 Acc=100.0% | Test: Acc=5.9% | Best=6.7%(@5220)
  from x3: 0.06 0.06 0.06 0.06 0.06 0.06 0.06 0.06 0.06 0.06 0.06 0.06 0.06 0.06 0.06 0.06 0.06 0.06 0.06 0.06 0.06 0.06 0.06 0.06 0.06 0.06 0.06 0.06 0.06
  per-rule acc: 0.06 0.06
Epoch 5940 | Train: Loss=0.0019 Acc=100.0% | Test: Acc=5.8% | Best=6.7%(@5220)
  from x3: 0.05 0.06 0.06 0.06 0.06 0.06 0.06 0.06 0.06 0.06 0.06 0.06 0.06 0.06 0.06 0.06 0.06 0.06 0.06 0.06 0.06 0.06 0.06 0.06 0.06 0.06 0.06 0.06 0.06
  per-rule acc: 0.06 0.06
Epoch 5960 | Train: Loss=0.0019 Acc=100.0% | Test: Acc=5.6% | Best=6.7%(@5220)
  from x3: 0.05 0.06 0.06 0.06 0.06 0.06 0.06 0.06 0.06 0.06 0.06 0.06 0.06 0.06 0.06 0.06 0.06 0.06 0.06 0.06 0.06 0.06 0.06 0.06 0.06 0.06 0.06 0.06 0.06
  per-rule acc: 0.06 0.06
Epoch 5980 | Train: Loss=0.0015 Acc=100.0% | Test: Acc=6.6% | Best=6.7%(@5220)
  from x3: 0.07 0.07 0.07 0.07 0.07 0.07 0.07 0.07 0.07 0.07 0.07 0.07 0.07 0.07 0.07 0.07 0.07 0.07 0.07 0.07 0.07 0.07 0.07 0.07 0.07 0.07 0.07 0.07 0.07
  per-rule acc: 0.07 0.06
Epoch 6000 | Train: Loss=0.0015 Acc=100.0% | Test: Acc=6.3% | Best=6.7%(@5220)
  from x3: 0.06 0.06 0.06 0.06 0.06 0.06 0.06 0.06 0.06 0.06 0.06 0.06 0.06 0.06 0.06 0.06 0.06 0.06 0.06 0.06 0.06 0.06 0.06 0.06 0.06 0.06 0.06 0.06 0.06
  per-rule acc: 0.07 0.06
Epoch 6020 | Train: Loss=0.0017 Acc=100.0% | Test: Acc=5.7% | Best=6.7%(@5220)
  from x3: 0.05 0.06 0.06 0.06 0.06 0.06 0.06 0.06 0.06 0.06 0.06 0.06 0.06 0.06 0.06 0.06 0.06 0.06 0.06 0.06 0.06 0.06 0.06 0.06 0.06 0.06 0.06 0.06 0.06
  per-rule acc: 0.06 0.06
Epoch 6040 | Train: Loss=0.0027 Acc=100.0% | Test: Acc=6.4% | Best=6.7%(@5220)
  from x3: 0.07 0.07 0.07 0.06 0.06 0.06 0.06 0.06 0.06 0.06 0.06 0.06 0.06 0.06 0.06 0.06 0.06 0.06 0.06 0.06 0.06 0.06 0.06 0.06 0.06 0.06 0.06 0.06 0.06
  per-rule acc: 0.07 0.06
Epoch 6060 | Train: Loss=0.0016 Acc=100.0% | Test: Acc=6.4% | Best=6.7%(@5220)
  from x3: 0.06 0.07 0.07 0.06 0.06 0.07 0.06 0.06 0.06 0.06 0.06 0.06 0.06 0.06 0.06 0.06 0.06 0.06 0.06 0.06 0.06 0.06 0.06 0.06 0.06 0.06 0.06 0.06 0.06
  per-rule acc: 0.07 0.06
Epoch 6080 | Train: Loss=0.0016 Acc=100.0% | Test: Acc=6.1% | Best=6.7%(@5220)
  from x3: 0.06 0.06 0.06 0.06 0.06 0.06 0.06 0.06 0.06 0.06 0.06 0.06 0.06 0.06 0.06 0.06 0.06 0.06 0.06 0.06 0.06 0.06 0.06 0.06 0.06 0.06 0.06 0.06 0.06
  per-rule acc: 0.06 0.06
Epoch 6100 | Train: Loss=0.0018 Acc=100.0% | Test: Acc=5.6% | Best=6.7%(@5220)
  from x3: 0.05 0.06 0.06 0.06 0.06 0.06 0.06 0.06 0.06 0.06 0.06 0.06 0.06 0.06 0.06 0.06 0.06 0.06 0.06 0.06 0.06 0.06 0.06 0.06 0.06 0.06 0.06 0.06 0.06
  per-rule acc: 0.06 0.05
Epoch 6120 | Train: Loss=0.0033 Acc=99.9% | Test: Acc=6.0% | Best=6.7%(@5220)
  from x3: 0.07 0.07 0.06 0.06 0.06 0.06 0.06 0.06 0.06 0.06 0.06 0.06 0.06 0.06 0.06 0.06 0.06 0.06 0.06 0.06 0.06 0.06 0.06 0.06 0.06 0.06 0.06 0.06 0.06
  per-rule acc: 0.06 0.06
Epoch 6140 | Train: Loss=0.0014 Acc=100.0% | Test: Acc=6.1% | Best=6.7%(@5220)
  from x3: 0.06 0.06 0.06 0.06 0.06 0.06 0.06 0.06 0.06 0.06 0.06 0.06 0.06 0.06 0.06 0.06 0.06 0.06 0.06 0.06 0.06 0.06 0.06 0.06 0.06 0.06 0.06 0.06 0.06
  per-rule acc: 0.06 0.06
Epoch 6160 | Train: Loss=0.0016 Acc=100.0% | Test: Acc=5.8% | Best=6.7%(@5220)
  from x3: 0.06 0.06 0.06 0.06 0.06 0.06 0.06 0.06 0.06 0.06 0.06 0.06 0.06 0.06 0.06 0.06 0.06 0.06 0.06 0.06 0.06 0.06 0.06 0.06 0.06 0.06 0.06 0.06 0.06
  per-rule acc: 0.06 0.05
Epoch 6180 | Train: Loss=0.0018 Acc=100.0% | Test: Acc=5.5% | Best=6.7%(@5220)
  from x3: 0.05 0.06 0.06 0.06 0.06 0.05 0.05 0.06 0.06 0.06 0.06 0.06 0.06 0.06 0.06 0.06 0.06 0.06 0.06 0.06 0.06 0.06 0.06 0.06 0.06 0.05 0.05 0.05 0.05
  per-rule acc: 0.06 0.05
Epoch 6200 | Train: Loss=0.0015 Acc=100.0% | Test: Acc=6.4% | Best=6.7%(@5220)
  from x3: 0.07 0.07 0.07 0.06 0.06 0.06 0.06 0.06 0.06 0.06 0.06 0.06 0.06 0.06 0.06 0.06 0.06 0.06 0.06 0.06 0.06 0.06 0.06 0.06 0.06 0.06 0.06 0.06 0.06
  per-rule acc: 0.07 0.06
Epoch 6220 | Train: Loss=0.0015 Acc=100.0% | Test: Acc=6.5% | Best=6.7%(@5220)
  from x3: 0.06 0.07 0.06 0.06 0.06 0.06 0.07 0.07 0.07 0.07 0.07 0.07 0.07 0.07 0.07 0.07 0.07 0.07 0.07 0.06 0.06 0.07 0.07 0.06 0.06 0.07 0.07 0.07 0.07
  per-rule acc: 0.07 0.06
Epoch 6240 | Train: Loss=0.0016 Acc=100.0% | Test: Acc=6.0% | Best=6.7%(@5220)
  from x3: 0.06 0.06 0.06 0.06 0.06 0.06 0.06 0.06 0.06 0.06 0.06 0.06 0.06 0.06 0.06 0.06 0.06 0.06 0.06 0.06 0.06 0.06 0.06 0.06 0.06 0.06 0.06 0.06 0.06
  per-rule acc: 0.06 0.06
Epoch 6260 | Train: Loss=0.0018 Acc=100.0% | Test: Acc=5.8% | Best=6.7%(@5220)
  from x3: 0.06 0.06 0.06 0.06 0.06 0.06 0.06 0.06 0.06 0.06 0.06 0.06 0.06 0.06 0.06 0.06 0.06 0.06 0.06 0.06 0.06 0.06 0.06 0.06 0.06 0.06 0.06 0.06 0.06
  per-rule acc: 0.06 0.06
Epoch 6280 | Train: Loss=0.0018 Acc=100.0% | Test: Acc=5.9% | Best=6.7%(@5220)
  from x3: 0.05 0.06 0.06 0.06 0.06 0.06 0.06 0.06 0.06 0.06 0.06 0.06 0.06 0.06 0.06 0.06 0.06 0.06 0.06 0.06 0.06 0.06 0.06 0.06 0.06 0.06 0.06 0.06 0.06
  per-rule acc: 0.06 0.06
Epoch 6300 | Train: Loss=0.0016 Acc=100.0% | Test: Acc=5.8% | Best=6.7%(@5220)
  from x3: 0.05 0.06 0.06 0.06 0.06 0.06 0.06 0.06 0.06 0.06 0.06 0.06 0.06 0.06 0.06 0.06 0.06 0.06 0.06 0.06 0.06 0.06 0.06 0.06 0.06 0.06 0.06 0.06 0.06
  per-rule acc: 0.06 0.06
Epoch 6320 | Train: Loss=0.0014 Acc=100.0% | Test: Acc=6.3% | Best=6.7%(@5220)
  from x3: 0.06 0.06 0.06 0.06 0.06 0.06 0.06 0.06 0.06 0.06 0.06 0.06 0.06 0.06 0.06 0.06 0.06 0.06 0.06 0.06 0.06 0.06 0.06 0.06 0.06 0.06 0.06 0.06 0.06
  per-rule acc: 0.07 0.06
Epoch 6340 | Train: Loss=0.0015 Acc=100.0% | Test: Acc=6.2% | Best=6.7%(@5220)
  from x3: 0.06 0.06 0.06 0.06 0.06 0.06 0.06 0.06 0.06 0.06 0.06 0.06 0.06 0.06 0.06 0.06 0.06 0.06 0.06 0.06 0.06 0.06 0.06 0.06 0.06 0.06 0.06 0.06 0.06
  per-rule acc: 0.07 0.06
Epoch 6360 | Train: Loss=0.0016 Acc=100.0% | Test: Acc=5.9% | Best=6.7%(@5220)
  from x3: 0.05 0.06 0.06 0.06 0.06 0.06 0.06 0.06 0.06 0.06 0.06 0.06 0.06 0.06 0.06 0.06 0.06 0.06 0.06 0.06 0.06 0.06 0.06 0.06 0.06 0.06 0.06 0.06 0.06
  per-rule acc: 0.06 0.06
Epoch 6380 | Train: Loss=0.0310 Acc=99.9% | Test: Acc=5.7% | Best=6.7%(@5220)
  from x3: 0.06 0.06 0.06 0.06 0.06 0.06 0.06 0.06 0.06 0.06 0.06 0.06 0.06 0.06 0.06 0.06 0.06 0.06 0.06 0.06 0.06 0.06 0.06 0.06 0.06 0.06 0.06 0.06 0.06
  per-rule acc: 0.06 0.06
Epoch 6400 | Train: Loss=0.0014 Acc=100.0% | Test: Acc=6.2% | Best=6.7%(@5220)
  from x3: 0.06 0.06 0.06 0.06 0.06 0.06 0.06 0.06 0.06 0.06 0.06 0.06 0.06 0.06 0.06 0.06 0.06 0.06 0.06 0.06 0.06 0.06 0.06 0.06 0.06 0.06 0.06 0.06 0.06
  per-rule acc: 0.07 0.05
Epoch 6420 | Train: Loss=0.0015 Acc=100.0% | Test: Acc=6.1% | Best=6.7%(@5220)
  from x3: 0.06 0.06 0.06 0.06 0.06 0.06 0.06 0.06 0.06 0.06 0.06 0.06 0.06 0.06 0.06 0.06 0.06 0.06 0.06 0.06 0.06 0.06 0.06 0.06 0.06 0.06 0.06 0.06 0.06
  per-rule acc: 0.07 0.05
Epoch 6440 | Train: Loss=0.0062 Acc=99.9% | Test: Acc=5.4% | Best=6.7%(@5220)
  from x3: 0.06 0.06 0.05 0.05 0.05 0.05 0.05 0.05 0.05 0.05 0.05 0.05 0.05 0.05 0.05 0.05 0.05 0.05 0.05 0.05 0.05 0.05 0.05 0.05 0.05 0.05 0.05 0.05 0.05
  per-rule acc: 0.06 0.05
Epoch 6460 | Train: Loss=0.0015 Acc=100.0% | Test: Acc=6.0% | Best=6.7%(@5220)
  from x3: 0.06 0.06 0.06 0.06 0.06 0.06 0.06 0.06 0.06 0.06 0.06 0.06 0.06 0.06 0.06 0.06 0.06 0.06 0.06 0.06 0.06 0.06 0.06 0.06 0.06 0.06 0.06 0.06 0.06
  per-rule acc: 0.06 0.06
Epoch 6480 | Train: Loss=0.0019 Acc=100.0% | Test: Acc=5.8% | Best=6.7%(@5220)
  from x3: 0.05 0.06 0.06 0.06 0.06 0.06 0.06 0.06 0.06 0.06 0.06 0.06 0.06 0.06 0.06 0.06 0.06 0.06 0.06 0.06 0.06 0.06 0.06 0.06 0.06 0.06 0.06 0.06 0.06
  per-rule acc: 0.06 0.06
Epoch 6500 | Train: Loss=0.0312 Acc=99.9% | Test: Acc=5.9% | Best=6.7%(@5220)
  from x3: 0.06 0.06 0.06 0.06 0.06 0.06 0.06 0.06 0.06 0.06 0.06 0.06 0.06 0.06 0.06 0.06 0.06 0.06 0.06 0.06 0.06 0.06 0.06 0.06 0.06 0.06 0.06 0.06 0.06
  per-rule acc: 0.06 0.06
Epoch 6520 | Train: Loss=0.0013 Acc=100.0% | Test: Acc=6.8% | Best=6.8%(@6520)
  from x3: 0.07 0.07 0.07 0.07 0.07 0.07 0.07 0.07 0.07 0.07 0.07 0.07 0.07 0.07 0.07 0.07 0.07 0.07 0.07 0.07 0.07 0.07 0.07 0.07 0.07 0.07 0.07 0.07 0.07
  per-rule acc: 0.07 0.06
Epoch 6540 | Train: Loss=0.0014 Acc=100.0% | Test: Acc=6.5% | Best=6.8%(@6520)
  from x3: 0.06 0.06 0.07 0.06 0.06 0.07 0.07 0.06 0.06 0.07 0.07 0.06 0.07 0.07 0.07 0.07 0.07 0.07 0.07 0.07 0.06 0.06 0.06 0.06 0.06 0.07 0.07 0.07 0.06
  per-rule acc: 0.07 0.06
Epoch 6560 | Train: Loss=0.0016 Acc=100.0% | Test: Acc=6.2% | Best=6.8%(@6520)
  from x3: 0.06 0.06 0.06 0.06 0.06 0.06 0.06 0.06 0.06 0.06 0.06 0.06 0.06 0.06 0.06 0.06 0.06 0.06 0.06 0.06 0.06 0.06 0.06 0.06 0.06 0.06 0.06 0.06 0.06
  per-rule acc: 0.07 0.06
Epoch 6580 | Train: Loss=0.0029 Acc=100.0% | Test: Acc=6.1% | Best=6.8%(@6520)
  from x3: 0.06 0.06 0.06 0.06 0.06 0.06 0.06 0.06 0.06 0.06 0.06 0.06 0.06 0.06 0.06 0.06 0.06 0.06 0.06 0.06 0.06 0.06 0.06 0.06 0.06 0.06 0.06 0.06 0.06
  per-rule acc: 0.06 0.06
Epoch 6600 | Train: Loss=0.0015 Acc=100.0% | Test: Acc=6.1% | Best=6.8%(@6520)
  from x3: 0.05 0.06 0.06 0.06 0.06 0.06 0.06 0.06 0.06 0.06 0.06 0.06 0.06 0.06 0.06 0.06 0.06 0.06 0.06 0.06 0.06 0.06 0.06 0.06 0.06 0.06 0.06 0.06 0.06
  per-rule acc: 0.07 0.06
Epoch 6620 | Train: Loss=0.0028 Acc=99.9% | Test: Acc=5.4% | Best=6.8%(@6520)
  from x3: 0.05 0.06 0.05 0.05 0.05 0.05 0.05 0.05 0.05 0.05 0.05 0.05 0.05 0.05 0.05 0.05 0.05 0.05 0.05 0.05 0.05 0.05 0.05 0.05 0.05 0.05 0.05 0.05 0.05
  per-rule acc: 0.05 0.05
Epoch 6640 | Train: Loss=0.0013 Acc=100.0% | Test: Acc=6.1% | Best=6.8%(@6520)
  from x3: 0.06 0.06 0.06 0.06 0.06 0.06 0.06 0.06 0.06 0.06 0.06 0.06 0.06 0.06 0.06 0.06 0.06 0.06 0.06 0.06 0.06 0.06 0.06 0.06 0.06 0.06 0.06 0.06 0.06
  per-rule acc: 0.07 0.06
Epoch 6660 | Train: Loss=0.0014 Acc=100.0% | Test: Acc=6.1% | Best=6.8%(@6520)
  from x3: 0.06 0.06 0.06 0.06 0.06 0.06 0.06 0.06 0.06 0.06 0.06 0.06 0.06 0.06 0.06 0.06 0.06 0.06 0.06 0.06 0.06 0.06 0.06 0.06 0.06 0.06 0.06 0.06 0.06
  per-rule acc: 0.07 0.06
Epoch 6680 | Train: Loss=0.0017 Acc=100.0% | Test: Acc=6.0% | Best=6.8%(@6520)
  from x3: 0.06 0.06 0.06 0.06 0.06 0.06 0.06 0.06 0.06 0.06 0.06 0.06 0.06 0.06 0.06 0.06 0.06 0.06 0.06 0.06 0.06 0.06 0.06 0.06 0.06 0.06 0.06 0.06 0.06
  per-rule acc: 0.06 0.06
Epoch 6700 | Train: Loss=0.0016 Acc=100.0% | Test: Acc=6.0% | Best=6.8%(@6520)
  from x3: 0.06 0.06 0.06 0.06 0.06 0.06 0.06 0.06 0.06 0.06 0.06 0.06 0.06 0.06 0.06 0.06 0.06 0.06 0.06 0.06 0.06 0.06 0.06 0.06 0.06 0.06 0.06 0.06 0.06
  per-rule acc: 0.06 0.06
Epoch 6720 | Train: Loss=0.0017 Acc=100.0% | Test: Acc=5.8% | Best=6.8%(@6520)
  from x3: 0.06 0.06 0.06 0.06 0.06 0.06 0.06 0.06 0.06 0.06 0.06 0.06 0.06 0.06 0.06 0.06 0.06 0.06 0.06 0.06 0.06 0.06 0.06 0.06 0.06 0.06 0.06 0.06 0.06
  per-rule acc: 0.06 0.06
Epoch 6740 | Train: Loss=0.0014 Acc=100.0% | Test: Acc=6.0% | Best=6.8%(@6520)
  from x3: 0.05 0.06 0.06 0.06 0.06 0.06 0.06 0.06 0.06 0.06 0.06 0.06 0.06 0.06 0.06 0.06 0.06 0.06 0.06 0.06 0.06 0.06 0.06 0.06 0.06 0.06 0.06 0.06 0.06
  per-rule acc: 0.06 0.06
Epoch 6760 | Train: Loss=0.0012 Acc=100.0% | Test: Acc=6.1% | Best=6.8%(@6520)
  from x3: 0.06 0.06 0.06 0.06 0.06 0.06 0.06 0.06 0.06 0.06 0.06 0.06 0.06 0.06 0.06 0.06 0.06 0.06 0.06 0.06 0.06 0.06 0.06 0.06 0.06 0.06 0.06 0.06 0.06
  per-rule acc: 0.07 0.05
Epoch 6780 | Train: Loss=0.0013 Acc=100.0% | Test: Acc=6.5% | Best=6.8%(@6520)
  from x3: 0.06 0.06 0.06 0.06 0.07 0.07 0.07 0.07 0.07 0.07 0.07 0.07 0.07 0.07 0.07 0.07 0.07 0.07 0.07 0.07 0.07 0.07 0.07 0.07 0.07 0.07 0.07 0.07 0.07
  per-rule acc: 0.07 0.06
Epoch 6800 | Train: Loss=0.0015 Acc=100.0% | Test: Acc=6.3% | Best=6.8%(@6520)
  from x3: 0.05 0.06 0.06 0.06 0.06 0.06 0.06 0.06 0.06 0.06 0.06 0.06 0.06 0.06 0.06 0.06 0.06 0.06 0.06 0.06 0.06 0.06 0.06 0.06 0.06 0.06 0.06 0.06 0.06
  per-rule acc: 0.07 0.06
Epoch 6820 | Train: Loss=0.0025 Acc=100.0% | Test: Acc=5.7% | Best=6.8%(@6520)
  from x3: 0.05 0.06 0.06 0.06 0.06 0.06 0.06 0.06 0.06 0.06 0.06 0.06 0.06 0.06 0.06 0.06 0.06 0.06 0.06 0.06 0.06 0.06 0.06 0.06 0.06 0.06 0.06 0.06 0.06
  per-rule acc: 0.06 0.05
Epoch 6840 | Train: Loss=0.0014 Acc=100.0% | Test: Acc=6.0% | Best=6.8%(@6520)
  from x3: 0.05 0.06 0.06 0.06 0.06 0.06 0.06 0.06 0.06 0.06 0.06 0.06 0.06 0.06 0.06 0.06 0.06 0.06 0.06 0.06 0.06 0.06 0.06 0.06 0.06 0.06 0.06 0.06 0.06
  per-rule acc: 0.06 0.06
Epoch 6860 | Train: Loss=0.0014 Acc=100.0% | Test: Acc=5.8% | Best=6.8%(@6520)
  from x3: 0.05 0.06 0.06 0.06 0.06 0.06 0.06 0.06 0.06 0.06 0.06 0.06 0.06 0.06 0.06 0.06 0.06 0.06 0.06 0.06 0.06 0.06 0.06 0.06 0.06 0.06 0.06 0.06 0.06
  per-rule acc: 0.06 0.05
Epoch 6880 | Train: Loss=0.0032 Acc=100.0% | Test: Acc=5.9% | Best=6.8%(@6520)
  from x3: 0.06 0.06 0.06 0.06 0.06 0.06 0.06 0.06 0.06 0.06 0.06 0.06 0.06 0.06 0.06 0.06 0.06 0.06 0.06 0.06 0.06 0.06 0.06 0.06 0.06 0.06 0.06 0.06 0.06
  per-rule acc: 0.06 0.06
Epoch 6900 | Train: Loss=0.0013 Acc=100.0% | Test: Acc=6.2% | Best=6.8%(@6520)
  from x3: 0.06 0.06 0.06 0.06 0.06 0.06 0.06 0.06 0.06 0.06 0.06 0.06 0.06 0.06 0.06 0.06 0.06 0.06 0.06 0.06 0.06 0.06 0.06 0.06 0.06 0.06 0.06 0.06 0.06
  per-rule acc: 0.07 0.06
Epoch 6920 | Train: Loss=0.0014 Acc=100.0% | Test: Acc=6.1% | Best=6.8%(@6520)
  from x3: 0.06 0.06 0.06 0.06 0.06 0.06 0.06 0.06 0.06 0.06 0.06 0.06 0.06 0.06 0.06 0.06 0.06 0.06 0.06 0.06 0.06 0.06 0.06 0.06 0.06 0.06 0.06 0.06 0.06
  per-rule acc: 0.06 0.06
Epoch 6940 | Train: Loss=0.0015 Acc=100.0% | Test: Acc=6.0% | Best=6.8%(@6520)
  from x3: 0.05 0.06 0.06 0.06 0.06 0.06 0.06 0.06 0.06 0.06 0.06 0.06 0.06 0.06 0.06 0.06 0.06 0.06 0.06 0.06 0.06 0.06 0.06 0.06 0.06 0.06 0.06 0.06 0.06
  per-rule acc: 0.06 0.06
Epoch 6960 | Train: Loss=0.0030 Acc=99.9% | Test: Acc=5.4% | Best=6.8%(@6520)
  from x3: 0.05 0.06 0.05 0.05 0.05 0.05 0.05 0.05 0.05 0.05 0.05 0.05 0.05 0.05 0.05 0.05 0.05 0.05 0.05 0.05 0.05 0.05 0.05 0.05 0.05 0.05 0.05 0.05 0.05
  per-rule acc: 0.05 0.06
Epoch 6980 | Train: Loss=0.0015 Acc=100.0% | Test: Acc=6.1% | Best=6.8%(@6520)
  from x3: 0.05 0.06 0.06 0.06 0.06 0.06 0.06 0.06 0.06 0.06 0.06 0.06 0.06 0.06 0.06 0.06 0.06 0.06 0.06 0.06 0.06 0.06 0.06 0.06 0.06 0.06 0.06 0.06 0.06
  per-rule acc: 0.07 0.06
Epoch 7000 | Train: Loss=0.0016 Acc=100.0% | Test: Acc=5.8% | Best=6.8%(@6520)
  from x3: 0.05 0.06 0.06 0.06 0.06 0.06 0.06 0.06 0.06 0.06 0.06 0.06 0.06 0.06 0.06 0.06 0.06 0.06 0.06 0.06 0.06 0.06 0.06 0.06 0.06 0.06 0.06 0.06 0.06
  per-rule acc: 0.06 0.06
Epoch 7020 | Train: Loss=0.0012 Acc=100.0% | Test: Acc=6.3% | Best=6.8%(@6520)
  from x3: 0.06 0.06 0.06 0.06 0.06 0.06 0.06 0.06 0.06 0.06 0.06 0.06 0.06 0.06 0.06 0.06 0.06 0.06 0.06 0.06 0.06 0.06 0.06 0.06 0.06 0.06 0.06 0.06 0.06
  per-rule acc: 0.07 0.06
Epoch 7040 | Train: Loss=0.0013 Acc=100.0% | Test: Acc=6.5% | Best=6.8%(@6520)
  from x3: 0.06 0.06 0.06 0.07 0.07 0.07 0.07 0.07 0.07 0.07 0.07 0.07 0.07 0.07 0.07 0.07 0.07 0.07 0.07 0.07 0.07 0.07 0.07 0.07 0.07 0.07 0.07 0.06 0.06
  per-rule acc: 0.07 0.06
Epoch 7060 | Train: Loss=0.0014 Acc=100.0% | Test: Acc=6.3% | Best=6.8%(@6520)
  from x3: 0.05 0.06 0.06 0.06 0.06 0.06 0.06 0.06 0.06 0.06 0.06 0.06 0.06 0.06 0.06 0.06 0.06 0.06 0.06 0.06 0.06 0.06 0.06 0.06 0.06 0.06 0.06 0.06 0.06
  per-rule acc: 0.07 0.06
Epoch 7080 | Train: Loss=0.0016 Acc=100.0% | Test: Acc=6.1% | Best=6.8%(@6520)
  from x3: 0.05 0.06 0.06 0.06 0.06 0.06 0.06 0.06 0.06 0.06 0.06 0.06 0.06 0.06 0.06 0.06 0.06 0.06 0.06 0.06 0.06 0.06 0.06 0.06 0.06 0.06 0.06 0.06 0.06
  per-rule acc: 0.06 0.06
Epoch 7100 | Train: Loss=0.0012 Acc=100.0% | Test: Acc=6.2% | Best=6.8%(@6520)
  from x3: 0.06 0.06 0.06 0.06 0.06 0.06 0.06 0.06 0.06 0.06 0.06 0.06 0.06 0.06 0.06 0.06 0.06 0.06 0.06 0.06 0.06 0.06 0.06 0.06 0.06 0.06 0.06 0.06 0.06
  per-rule acc: 0.07 0.06
Epoch 7120 | Train: Loss=0.0013 Acc=100.0% | Test: Acc=6.2% | Best=6.8%(@6520)
  from x3: 0.05 0.06 0.06 0.06 0.06 0.06 0.06 0.06 0.06 0.06 0.06 0.06 0.06 0.06 0.06 0.06 0.06 0.06 0.06 0.06 0.06 0.06 0.06 0.06 0.06 0.06 0.06 0.06 0.06
  per-rule acc: 0.06 0.06
Epoch 7140 | Train: Loss=0.0014 Acc=100.0% | Test: Acc=6.2% | Best=6.8%(@6520)
  from x3: 0.05 0.06 0.06 0.06 0.06 0.06 0.06 0.06 0.06 0.06 0.06 0.06 0.06 0.06 0.06 0.06 0.06 0.06 0.06 0.06 0.06 0.06 0.06 0.06 0.06 0.06 0.06 0.06 0.06
  per-rule acc: 0.07 0.06
Epoch 7160 | Train: Loss=0.0047 Acc=99.9% | Test: Acc=5.3% | Best=6.8%(@6520)
  from x3: 0.06 0.06 0.05 0.05 0.05 0.05 0.05 0.05 0.05 0.05 0.05 0.05 0.05 0.05 0.05 0.05 0.05 0.05 0.05 0.05 0.05 0.05 0.05 0.05 0.05 0.05 0.05 0.05 0.05
  per-rule acc: 0.06 0.05
Epoch 7180 | Train: Loss=0.0013 Acc=100.0% | Test: Acc=6.2% | Best=6.8%(@6520)
  from x3: 0.05 0.06 0.06 0.06 0.06 0.06 0.06 0.06 0.06 0.06 0.06 0.06 0.06 0.06 0.06 0.06 0.06 0.06 0.06 0.06 0.06 0.06 0.06 0.06 0.06 0.06 0.06 0.06 0.06
  per-rule acc: 0.06 0.06
Epoch 7200 | Train: Loss=0.0014 Acc=100.0% | Test: Acc=6.3% | Best=6.8%(@6520)
  from x3: 0.05 0.06 0.06 0.06 0.06 0.06 0.06 0.06 0.06 0.06 0.06 0.06 0.06 0.06 0.06 0.06 0.06 0.06 0.06 0.06 0.06 0.06 0.06 0.06 0.06 0.06 0.06 0.06 0.06
  per-rule acc: 0.07 0.06
Epoch 7220 | Train: Loss=0.0014 Acc=100.0% | Test: Acc=6.2% | Best=6.8%(@6520)
  from x3: 0.05 0.06 0.06 0.06 0.06 0.06 0.06 0.06 0.06 0.06 0.06 0.06 0.06 0.06 0.06 0.06 0.06 0.06 0.06 0.06 0.06 0.06 0.06 0.06 0.06 0.06 0.06 0.06 0.06
  per-rule acc: 0.07 0.06
Epoch 7240 | Train: Loss=0.0237 Acc=100.0% | Test: Acc=5.1% | Best=6.8%(@6520)
  from x3: 0.05 0.06 0.05 0.05 0.05 0.05 0.05 0.05 0.05 0.05 0.05 0.05 0.05 0.05 0.05 0.05 0.05 0.05 0.05 0.05 0.05 0.05 0.05 0.05 0.05 0.05 0.05 0.05 0.05
  per-rule acc: 0.05 0.05
Epoch 7260 | Train: Loss=0.0012 Acc=100.0% | Test: Acc=6.5% | Best=6.8%(@6520)
  from x3: 0.06 0.07 0.07 0.06 0.07 0.06 0.06 0.07 0.07 0.07 0.07 0.07 0.07 0.07 0.07 0.06 0.06 0.07 0.06 0.06 0.06 0.06 0.07 0.07 0.07 0.07 0.07 0.07 0.06
  per-rule acc: 0.07 0.06
Epoch 7280 | Train: Loss=0.0013 Acc=100.0% | Test: Acc=6.1% | Best=6.8%(@6520)
  from x3: 0.06 0.06 0.06 0.06 0.06 0.06 0.06 0.06 0.06 0.06 0.06 0.06 0.06 0.06 0.06 0.06 0.06 0.06 0.06 0.06 0.06 0.06 0.06 0.06 0.06 0.06 0.06 0.06 0.06
  per-rule acc: 0.07 0.05
Epoch 7300 | Train: Loss=0.0016 Acc=100.0% | Test: Acc=6.1% | Best=6.8%(@6520)
  from x3: 0.06 0.06 0.06 0.06 0.06 0.06 0.06 0.06 0.06 0.06 0.06 0.06 0.06 0.06 0.06 0.06 0.06 0.06 0.06 0.06 0.06 0.06 0.06 0.06 0.06 0.06 0.06 0.06 0.06
  per-rule acc: 0.07 0.05
Epoch 7320 | Train: Loss=0.0013 Acc=100.0% | Test: Acc=6.1% | Best=6.8%(@6520)
  from x3: 0.05 0.06 0.06 0.06 0.06 0.06 0.06 0.06 0.06 0.06 0.06 0.06 0.06 0.06 0.06 0.06 0.06 0.06 0.06 0.06 0.06 0.06 0.06 0.06 0.06 0.06 0.06 0.06 0.06
  per-rule acc: 0.07 0.06
Epoch 7340 | Train: Loss=0.0013 Acc=100.0% | Test: Acc=6.4% | Best=6.8%(@6520)
  from x3: 0.06 0.06 0.06 0.06 0.06 0.06 0.06 0.06 0.06 0.06 0.06 0.06 0.06 0.06 0.06 0.06 0.06 0.06 0.06 0.06 0.06 0.06 0.06 0.06 0.06 0.06 0.06 0.06 0.06
  per-rule acc: 0.07 0.06
Epoch 7360 | Train: Loss=0.0012 Acc=100.0% | Test: Acc=6.1% | Best=6.8%(@6520)
  from x3: 0.06 0.06 0.06 0.06 0.06 0.06 0.06 0.06 0.06 0.06 0.06 0.06 0.06 0.06 0.06 0.06 0.06 0.06 0.06 0.06 0.06 0.06 0.06 0.06 0.06 0.06 0.06 0.06 0.06
  per-rule acc: 0.07 0.05
Epoch 7380 | Train: Loss=0.0013 Acc=100.0% | Test: Acc=6.2% | Best=6.8%(@6520)
  from x3: 0.06 0.06 0.06 0.06 0.06 0.06 0.06 0.06 0.06 0.06 0.06 0.06 0.06 0.06 0.06 0.06 0.06 0.06 0.06 0.06 0.06 0.06 0.06 0.06 0.06 0.06 0.06 0.06 0.06
  per-rule acc: 0.07 0.06
Epoch 7400 | Train: Loss=0.0014 Acc=100.0% | Test: Acc=6.0% | Best=6.8%(@6520)
  from x3: 0.05 0.06 0.06 0.06 0.06 0.06 0.06 0.06 0.06 0.06 0.06 0.06 0.06 0.06 0.06 0.06 0.06 0.06 0.06 0.06 0.06 0.06 0.06 0.06 0.06 0.06 0.06 0.06 0.06
  per-rule acc: 0.07 0.05
Epoch 7420 | Train: Loss=0.0014 Acc=100.0% | Test: Acc=6.0% | Best=6.8%(@6520)
  from x3: 0.05 0.06 0.06 0.06 0.06 0.06 0.06 0.06 0.06 0.06 0.06 0.06 0.06 0.06 0.06 0.06 0.06 0.06 0.06 0.06 0.06 0.06 0.06 0.06 0.06 0.06 0.06 0.06 0.06
  per-rule acc: 0.06 0.06
Epoch 7440 | Train: Loss=0.0020 Acc=100.0% | Test: Acc=5.8% | Best=6.8%(@6520)
  from x3: 0.05 0.06 0.06 0.06 0.06 0.06 0.06 0.06 0.06 0.06 0.06 0.06 0.06 0.06 0.06 0.06 0.06 0.06 0.06 0.06 0.06 0.06 0.06 0.06 0.06 0.06 0.06 0.06 0.06
  per-rule acc: 0.06 0.05
Epoch 7460 | Train: Loss=0.0012 Acc=100.0% | Test: Acc=6.2% | Best=6.8%(@6520)
  from x3: 0.06 0.06 0.06 0.06 0.06 0.06 0.06 0.06 0.06 0.06 0.06 0.06 0.06 0.06 0.06 0.06 0.06 0.06 0.06 0.06 0.06 0.06 0.06 0.06 0.06 0.06 0.06 0.06 0.06
  per-rule acc: 0.06 0.06
Epoch 7480 | Train: Loss=0.0012 Acc=100.0% | Test: Acc=6.2% | Best=6.8%(@6520)
  from x3: 0.05 0.06 0.06 0.06 0.06 0.06 0.06 0.06 0.06 0.06 0.06 0.06 0.06 0.06 0.06 0.06 0.06 0.06 0.06 0.06 0.06 0.06 0.06 0.06 0.06 0.06 0.06 0.06 0.06
  per-rule acc: 0.06 0.06
Epoch 7500 | Train: Loss=0.0012 Acc=100.0% | Test: Acc=6.2% | Best=6.8%(@6520)
  from x3: 0.05 0.06 0.06 0.06 0.06 0.06 0.06 0.06 0.06 0.06 0.06 0.06 0.06 0.06 0.06 0.06 0.06 0.06 0.06 0.06 0.06 0.06 0.06 0.06 0.06 0.06 0.06 0.06 0.06
  per-rule acc: 0.06 0.06
Epoch 7520 | Train: Loss=0.0012 Acc=100.0% | Test: Acc=6.1% | Best=6.8%(@6520)
  from x3: 0.05 0.06 0.06 0.06 0.06 0.06 0.06 0.06 0.06 0.06 0.06 0.06 0.06 0.06 0.06 0.06 0.06 0.06 0.06 0.06 0.06 0.06 0.06 0.06 0.06 0.06 0.06 0.06 0.06
  per-rule acc: 0.06 0.06
Epoch 7540 | Train: Loss=0.0011 Acc=100.0% | Test: Acc=6.2% | Best=6.8%(@6520)
  from x3: 0.06 0.06 0.07 0.06 0.06 0.06 0.06 0.06 0.06 0.06 0.06 0.06 0.06 0.06 0.06 0.06 0.06 0.06 0.06 0.06 0.06 0.06 0.06 0.06 0.06 0.06 0.06 0.06 0.06
  per-rule acc: 0.07 0.06
Epoch 7560 | Train: Loss=0.0012 Acc=100.0% | Test: Acc=6.3% | Best=6.8%(@6520)
  from x3: 0.06 0.06 0.06 0.06 0.06 0.06 0.06 0.06 0.06 0.06 0.06 0.06 0.06 0.06 0.06 0.06 0.06 0.06 0.06 0.06 0.06 0.06 0.06 0.06 0.06 0.06 0.06 0.06 0.06
  per-rule acc: 0.07 0.06
Epoch 7580 | Train: Loss=0.0012 Acc=100.0% | Test: Acc=6.2% | Best=6.8%(@6520)
  from x3: 0.05 0.06 0.06 0.06 0.06 0.06 0.06 0.06 0.06 0.06 0.06 0.06 0.06 0.06 0.06 0.06 0.06 0.06 0.06 0.06 0.06 0.06 0.06 0.06 0.06 0.06 0.06 0.06 0.06
  per-rule acc: 0.07 0.06
Epoch 7600 | Train: Loss=0.0012 Acc=100.0% | Test: Acc=5.9% | Best=6.8%(@6520)
  from x3: 0.05 0.06 0.06 0.06 0.06 0.06 0.06 0.06 0.06 0.06 0.06 0.06 0.06 0.06 0.06 0.06 0.06 0.06 0.06 0.06 0.06 0.06 0.06 0.06 0.06 0.06 0.06 0.06 0.06
  per-rule acc: 0.06 0.06
Epoch 7620 | Train: Loss=0.0015 Acc=100.0% | Test: Acc=6.0% | Best=6.8%(@6520)
  from x3: 0.05 0.06 0.06 0.06 0.06 0.06 0.06 0.06 0.06 0.06 0.06 0.06 0.06 0.06 0.06 0.06 0.06 0.06 0.06 0.06 0.06 0.06 0.06 0.06 0.06 0.06 0.06 0.06 0.06
  per-rule acc: 0.06 0.06
Epoch 7640 | Train: Loss=0.0012 Acc=100.0% | Test: Acc=6.1% | Best=6.8%(@6520)
  from x3: 0.05 0.06 0.06 0.06 0.06 0.06 0.06 0.06 0.06 0.06 0.06 0.06 0.06 0.06 0.06 0.06 0.06 0.06 0.06 0.06 0.06 0.06 0.06 0.06 0.06 0.06 0.06 0.06 0.06
  per-rule acc: 0.06 0.06
Epoch 7660 | Train: Loss=0.0021 Acc=100.0% | Test: Acc=5.6% | Best=6.8%(@6520)
  from x3: 0.05 0.06 0.06 0.06 0.06 0.06 0.06 0.06 0.06 0.06 0.06 0.06 0.06 0.06 0.06 0.06 0.06 0.06 0.06 0.06 0.06 0.06 0.06 0.06 0.06 0.06 0.06 0.06 0.06
  per-rule acc: 0.06 0.05
Epoch 7680 | Train: Loss=0.0011 Acc=100.0% | Test: Acc=6.3% | Best=6.8%(@6520)
  from x3: 0.05 0.06 0.06 0.06 0.06 0.06 0.06 0.06 0.06 0.06 0.06 0.06 0.06 0.06 0.06 0.06 0.06 0.06 0.06 0.06 0.06 0.06 0.06 0.06 0.06 0.06 0.06 0.06 0.06
  per-rule acc: 0.07 0.06
Epoch 7700 | Train: Loss=0.0011 Acc=100.0% | Test: Acc=6.3% | Best=6.8%(@6520)
  from x3: 0.05 0.07 0.07 0.06 0.06 0.06 0.06 0.06 0.06 0.06 0.06 0.06 0.06 0.06 0.06 0.06 0.06 0.06 0.06 0.06 0.06 0.06 0.06 0.06 0.06 0.06 0.06 0.06 0.06
  per-rule acc: 0.07 0.06
Epoch 7720 | Train: Loss=0.0015 Acc=99.9% | Test: Acc=6.0% | Best=6.8%(@6520)
  from x3: 0.05 0.06 0.06 0.06 0.06 0.06 0.06 0.06 0.06 0.06 0.06 0.06 0.06 0.06 0.06 0.06 0.06 0.06 0.06 0.06 0.06 0.06 0.06 0.06 0.06 0.06 0.06 0.06 0.06
  per-rule acc: 0.07 0.05
Epoch 7740 | Train: Loss=0.0012 Acc=100.0% | Test: Acc=6.0% | Best=6.8%(@6520)
  from x3: 0.05 0.06 0.06 0.06 0.06 0.06 0.06 0.06 0.06 0.06 0.06 0.06 0.06 0.06 0.06 0.06 0.06 0.06 0.06 0.06 0.06 0.06 0.06 0.06 0.06 0.06 0.06 0.06 0.06
  per-rule acc: 0.07 0.05
Epoch 7760 | Train: Loss=0.0012 Acc=100.0% | Test: Acc=6.1% | Best=6.8%(@6520)
  from x3: 0.05 0.06 0.06 0.06 0.06 0.06 0.06 0.06 0.06 0.06 0.06 0.06 0.06 0.06 0.06 0.06 0.06 0.06 0.06 0.06 0.06 0.06 0.06 0.06 0.06 0.06 0.06 0.06 0.06
  per-rule acc: 0.07 0.06
Epoch 7780 | Train: Loss=0.0012 Acc=100.0% | Test: Acc=6.0% | Best=6.8%(@6520)
  from x3: 0.05 0.06 0.06 0.06 0.06 0.06 0.06 0.06 0.06 0.06 0.06 0.06 0.06 0.06 0.06 0.06 0.06 0.06 0.06 0.06 0.06 0.06 0.06 0.06 0.06 0.06 0.06 0.06 0.06
  per-rule acc: 0.06 0.06
Epoch 7800 | Train: Loss=0.0011 Acc=100.0% | Test: Acc=6.0% | Best=6.8%(@6520)
  from x3: 0.05 0.06 0.06 0.06 0.06 0.06 0.06 0.06 0.06 0.06 0.06 0.06 0.06 0.06 0.06 0.06 0.06 0.06 0.06 0.06 0.06 0.06 0.06 0.06 0.06 0.06 0.06 0.06 0.06
  per-rule acc: 0.06 0.06
Epoch 7820 | Train: Loss=0.0011 Acc=100.0% | Test: Acc=6.0% | Best=6.8%(@6520)
  from x3: 0.05 0.06 0.06 0.06 0.06 0.06 0.06 0.06 0.06 0.06 0.06 0.06 0.06 0.06 0.06 0.06 0.06 0.06 0.06 0.06 0.06 0.06 0.06 0.06 0.06 0.06 0.06 0.06 0.06
  per-rule acc: 0.07 0.06
Epoch 7840 | Train: Loss=0.0011 Acc=100.0% | Test: Acc=6.1% | Best=6.8%(@6520)
  from x3: 0.05 0.06 0.06 0.06 0.06 0.06 0.06 0.06 0.06 0.06 0.06 0.06 0.06 0.06 0.06 0.06 0.06 0.06 0.06 0.06 0.06 0.06 0.06 0.06 0.06 0.06 0.06 0.06 0.06
  per-rule acc: 0.07 0.06
Epoch 7860 | Train: Loss=0.0015 Acc=100.0% | Test: Acc=5.7% | Best=6.8%(@6520)
  from x3: 0.06 0.06 0.06 0.06 0.06 0.06 0.06 0.06 0.06 0.06 0.06 0.06 0.06 0.06 0.06 0.06 0.06 0.06 0.06 0.06 0.06 0.06 0.06 0.06 0.06 0.06 0.06 0.06 0.06
  per-rule acc: 0.06 0.06
Epoch 7880 | Train: Loss=0.0011 Acc=100.0% | Test: Acc=6.3% | Best=6.8%(@6520)
  from x3: 0.06 0.06 0.06 0.06 0.06 0.06 0.06 0.06 0.06 0.06 0.06 0.06 0.06 0.06 0.06 0.06 0.06 0.06 0.06 0.06 0.06 0.06 0.06 0.06 0.06 0.06 0.06 0.06 0.06
  per-rule acc: 0.07 0.06
Epoch 7900 | Train: Loss=0.0011 Acc=100.0% | Test: Acc=6.0% | Best=6.8%(@6520)
  from x3: 0.06 0.06 0.06 0.06 0.06 0.06 0.06 0.06 0.06 0.06 0.06 0.06 0.06 0.06 0.06 0.06 0.06 0.06 0.06 0.06 0.06 0.06 0.06 0.06 0.06 0.06 0.06 0.06 0.06
  per-rule acc: 0.06 0.06
Epoch 7920 | Train: Loss=0.0012 Acc=100.0% | Test: Acc=6.0% | Best=6.8%(@6520)
  from x3: 0.06 0.06 0.06 0.06 0.06 0.06 0.06 0.06 0.06 0.06 0.06 0.06 0.06 0.06 0.06 0.06 0.06 0.06 0.06 0.06 0.06 0.06 0.06 0.06 0.06 0.06 0.06 0.06 0.06
  per-rule acc: 0.06 0.06
Epoch 7940 | Train: Loss=0.0012 Acc=100.0% | Test: Acc=6.1% | Best=6.8%(@6520)
  from x3: 0.05 0.06 0.06 0.06 0.06 0.06 0.06 0.06 0.06 0.06 0.06 0.06 0.06 0.06 0.06 0.06 0.06 0.06 0.06 0.06 0.06 0.06 0.06 0.06 0.06 0.06 0.06 0.06 0.06
  per-rule acc: 0.06 0.06
Epoch 7960 | Train: Loss=0.0012 Acc=100.0% | Test: Acc=6.0% | Best=6.8%(@6520)
  from x3: 0.05 0.06 0.06 0.06 0.06 0.06 0.06 0.06 0.06 0.06 0.06 0.06 0.06 0.06 0.06 0.06 0.06 0.06 0.06 0.06 0.06 0.06 0.06 0.06 0.06 0.06 0.06 0.06 0.06
  per-rule acc: 0.06 0.06
Epoch 7980 | Train: Loss=0.0011 Acc=100.0% | Test: Acc=6.2% | Best=6.8%(@6520)
  from x3: 0.05 0.06 0.06 0.06 0.06 0.06 0.06 0.06 0.06 0.06 0.06 0.06 0.06 0.06 0.06 0.06 0.06 0.06 0.06 0.06 0.06 0.06 0.06 0.06 0.06 0.06 0.06 0.06 0.06
  per-rule acc: 0.06 0.06
Epoch 8000 | Train: Loss=0.0018 Acc=100.0% | Test: Acc=6.1% | Best=6.8%(@6520)
  from x3: 0.05 0.06 0.06 0.06 0.06 0.06 0.06 0.06 0.06 0.06 0.06 0.06 0.06 0.06 0.06 0.06 0.06 0.06 0.06 0.06 0.06 0.06 0.06 0.06 0.06 0.06 0.06 0.06 0.06
  per-rule acc: 0.06 0.06
Epoch 8020 | Train: Loss=0.0011 Acc=100.0% | Test: Acc=6.1% | Best=6.8%(@6520)
  from x3: 0.05 0.06 0.06 0.06 0.06 0.06 0.06 0.06 0.06 0.06 0.06 0.06 0.06 0.06 0.06 0.06 0.06 0.06 0.06 0.06 0.06 0.06 0.06 0.06 0.06 0.06 0.06 0.06 0.06
  per-rule acc: 0.06 0.06
Epoch 8040 | Train: Loss=0.0011 Acc=100.0% | Test: Acc=5.9% | Best=6.8%(@6520)
  from x3: 0.05 0.06 0.06 0.06 0.06 0.06 0.06 0.06 0.06 0.06 0.06 0.06 0.06 0.06 0.06 0.06 0.06 0.06 0.06 0.06 0.06 0.06 0.06 0.06 0.06 0.06 0.06 0.06 0.06
  per-rule acc: 0.06 0.06
Epoch 8060 | Train: Loss=0.0012 Acc=100.0% | Test: Acc=5.6% | Best=6.8%(@6520)
  from x3: 0.06 0.06 0.06 0.06 0.06 0.06 0.06 0.06 0.06 0.06 0.06 0.06 0.06 0.06 0.06 0.06 0.06 0.06 0.06 0.06 0.06 0.06 0.06 0.06 0.06 0.06 0.06 0.06 0.06
  per-rule acc: 0.06 0.05
Epoch 8080 | Train: Loss=0.0010 Acc=100.0% | Test: Acc=6.1% | Best=6.8%(@6520)
  from x3: 0.06 0.06 0.06 0.06 0.06 0.06 0.06 0.06 0.06 0.06 0.06 0.06 0.06 0.06 0.06 0.06 0.06 0.06 0.06 0.06 0.06 0.06 0.06 0.06 0.06 0.06 0.06 0.06 0.06
  per-rule acc: 0.07 0.06
Epoch 8100 | Train: Loss=0.0010 Acc=100.0% | Test: Acc=6.1% | Best=6.8%(@6520)
  from x3: 0.05 0.06 0.06 0.06 0.06 0.06 0.06 0.06 0.06 0.06 0.06 0.06 0.06 0.06 0.06 0.06 0.06 0.06 0.06 0.06 0.06 0.06 0.06 0.06 0.06 0.06 0.06 0.06 0.06
  per-rule acc: 0.06 0.06
Epoch 8120 | Train: Loss=0.0011 Acc=100.0% | Test: Acc=6.0% | Best=6.8%(@6520)
  from x3: 0.05 0.06 0.06 0.06 0.06 0.06 0.06 0.06 0.06 0.06 0.06 0.06 0.06 0.06 0.06 0.06 0.06 0.06 0.06 0.06 0.06 0.06 0.06 0.06 0.06 0.06 0.06 0.06 0.06
  per-rule acc: 0.06 0.06
Epoch 8140 | Train: Loss=0.0011 Acc=100.0% | Test: Acc=5.9% | Best=6.8%(@6520)
  from x3: 0.05 0.06 0.06 0.06 0.06 0.06 0.06 0.06 0.06 0.06 0.06 0.06 0.06 0.06 0.06 0.06 0.06 0.06 0.06 0.06 0.06 0.06 0.06 0.06 0.06 0.06 0.06 0.06 0.06
  per-rule acc: 0.06 0.06
Epoch 8160 | Train: Loss=0.0011 Acc=100.0% | Test: Acc=6.0% | Best=6.8%(@6520)
  from x3: 0.05 0.06 0.06 0.06 0.06 0.06 0.06 0.06 0.06 0.06 0.06 0.06 0.06 0.06 0.06 0.06 0.06 0.06 0.06 0.06 0.06 0.06 0.06 0.06 0.06 0.06 0.06 0.06 0.06
  per-rule acc: 0.06 0.06
Epoch 8180 | Train: Loss=0.0011 Acc=100.0% | Test: Acc=6.0% | Best=6.8%(@6520)
  from x3: 0.05 0.06 0.06 0.06 0.06 0.06 0.06 0.06 0.06 0.06 0.06 0.06 0.06 0.06 0.06 0.06 0.06 0.06 0.06 0.06 0.06 0.06 0.06 0.06 0.06 0.06 0.06 0.06 0.06
  per-rule acc: 0.06 0.06
Epoch 8200 | Train: Loss=0.0011 Acc=100.0% | Test: Acc=5.9% | Best=6.8%(@6520)
  from x3: 0.05 0.06 0.06 0.06 0.06 0.06 0.06 0.06 0.06 0.06 0.06 0.06 0.06 0.06 0.06 0.06 0.06 0.06 0.06 0.06 0.06 0.06 0.06 0.06 0.06 0.06 0.06 0.06 0.06
  per-rule acc: 0.06 0.06
Epoch 8220 | Train: Loss=0.0012 Acc=100.0% | Test: Acc=6.3% | Best=6.8%(@6520)
  from x3: 0.05 0.06 0.06 0.06 0.06 0.06 0.06 0.06 0.06 0.06 0.06 0.06 0.06 0.06 0.06 0.06 0.06 0.06 0.06 0.06 0.06 0.06 0.06 0.06 0.06 0.06 0.06 0.06 0.06
  per-rule acc: 0.06 0.06
Epoch 8240 | Train: Loss=0.0010 Acc=100.0% | Test: Acc=5.9% | Best=6.8%(@6520)
  from x3: 0.05 0.06 0.06 0.06 0.06 0.06 0.06 0.06 0.06 0.06 0.06 0.06 0.06 0.06 0.06 0.06 0.06 0.06 0.06 0.06 0.06 0.06 0.06 0.06 0.06 0.06 0.06 0.06 0.06
  per-rule acc: 0.06 0.06
Epoch 8260 | Train: Loss=0.0010 Acc=100.0% | Test: Acc=6.0% | Best=6.8%(@6520)
  from x3: 0.05 0.06 0.06 0.06 0.06 0.06 0.06 0.06 0.06 0.06 0.06 0.06 0.06 0.06 0.06 0.06 0.06 0.06 0.06 0.06 0.06 0.06 0.06 0.06 0.06 0.06 0.06 0.06 0.06
  per-rule acc: 0.06 0.06
Epoch 8280 | Train: Loss=0.0010 Acc=100.0% | Test: Acc=6.0% | Best=6.8%(@6520)
  from x3: 0.05 0.06 0.06 0.06 0.06 0.06 0.06 0.06 0.06 0.06 0.06 0.06 0.06 0.06 0.06 0.06 0.06 0.06 0.06 0.06 0.06 0.06 0.06 0.06 0.06 0.06 0.06 0.06 0.06
  per-rule acc: 0.06 0.06
Epoch 8300 | Train: Loss=0.0010 Acc=100.0% | Test: Acc=6.0% | Best=6.8%(@6520)
  from x3: 0.06 0.06 0.06 0.06 0.06 0.06 0.06 0.06 0.06 0.06 0.06 0.06 0.06 0.06 0.06 0.06 0.06 0.06 0.06 0.06 0.06 0.06 0.06 0.06 0.06 0.06 0.06 0.06 0.06
  per-rule acc: 0.06 0.06
Epoch 8320 | Train: Loss=0.0009 Acc=100.0% | Test: Acc=6.2% | Best=6.8%(@6520)
  from x3: 0.05 0.06 0.06 0.06 0.06 0.06 0.06 0.06 0.06 0.06 0.06 0.06 0.06 0.06 0.06 0.06 0.06 0.06 0.06 0.06 0.06 0.06 0.06 0.06 0.06 0.06 0.06 0.06 0.06
  per-rule acc: 0.06 0.06
Epoch 8340 | Train: Loss=0.0010 Acc=100.0% | Test: Acc=6.2% | Best=6.8%(@6520)
  from x3: 0.05 0.06 0.06 0.06 0.06 0.06 0.06 0.06 0.06 0.06 0.06 0.06 0.06 0.06 0.06 0.06 0.06 0.06 0.06 0.06 0.06 0.06 0.06 0.06 0.06 0.06 0.06 0.06 0.06
  per-rule acc: 0.06 0.06
Epoch 8360 | Train: Loss=0.0010 Acc=100.0% | Test: Acc=6.0% | Best=6.8%(@6520)
  from x3: 0.05 0.06 0.06 0.06 0.06 0.06 0.06 0.06 0.06 0.06 0.06 0.06 0.06 0.06 0.06 0.06 0.06 0.06 0.06 0.06 0.06 0.06 0.06 0.06 0.06 0.06 0.06 0.06 0.06
  per-rule acc: 0.06 0.06
Epoch 8380 | Train: Loss=0.0010 Acc=100.0% | Test: Acc=6.0% | Best=6.8%(@6520)
  from x3: 0.05 0.06 0.06 0.06 0.06 0.06 0.06 0.06 0.06 0.06 0.06 0.06 0.06 0.06 0.06 0.06 0.06 0.06 0.06 0.06 0.06 0.06 0.06 0.06 0.06 0.06 0.06 0.06 0.06
  per-rule acc: 0.06 0.06
Epoch 8400 | Train: Loss=0.0010 Acc=100.0% | Test: Acc=6.1% | Best=6.8%(@6520)
  from x3: 0.05 0.06 0.06 0.06 0.06 0.06 0.06 0.06 0.06 0.06 0.06 0.06 0.06 0.06 0.06 0.06 0.06 0.06 0.06 0.06 0.06 0.06 0.06 0.06 0.06 0.06 0.06 0.06 0.06
  per-rule acc: 0.06 0.06
Epoch 8420 | Train: Loss=0.0011 Acc=100.0% | Test: Acc=6.0% | Best=6.8%(@6520)
  from x3: 0.05 0.06 0.06 0.06 0.06 0.06 0.06 0.06 0.06 0.06 0.06 0.06 0.06 0.06 0.06 0.06 0.06 0.06 0.06 0.06 0.06 0.06 0.06 0.06 0.06 0.06 0.06 0.06 0.06
  per-rule acc: 0.06 0.06
Epoch 8440 | Train: Loss=0.0010 Acc=100.0% | Test: Acc=6.1% | Best=6.8%(@6520)
  from x3: 0.05 0.06 0.06 0.06 0.06 0.06 0.06 0.06 0.06 0.06 0.06 0.06 0.06 0.06 0.06 0.06 0.06 0.06 0.06 0.06 0.06 0.06 0.06 0.06 0.06 0.06 0.06 0.06 0.06
  per-rule acc: 0.06 0.06
Epoch 8460 | Train: Loss=0.0010 Acc=100.0% | Test: Acc=6.1% | Best=6.8%(@6520)
  from x3: 0.05 0.06 0.06 0.06 0.06 0.06 0.06 0.06 0.06 0.06 0.06 0.06 0.06 0.06 0.06 0.06 0.06 0.06 0.06 0.06 0.06 0.06 0.06 0.06 0.06 0.06 0.06 0.06 0.06
  per-rule acc: 0.06 0.06
Epoch 8480 | Train: Loss=0.0010 Acc=100.0% | Test: Acc=6.2% | Best=6.8%(@6520)
  from x3: 0.05 0.06 0.06 0.06 0.06 0.06 0.06 0.06 0.06 0.06 0.06 0.06 0.06 0.06 0.06 0.06 0.06 0.06 0.06 0.06 0.06 0.06 0.06 0.06 0.06 0.06 0.06 0.06 0.06
  per-rule acc: 0.06 0.06
Epoch 8500 | Train: Loss=0.0010 Acc=100.0% | Test: Acc=6.1% | Best=6.8%(@6520)
  from x3: 0.05 0.06 0.06 0.06 0.06 0.06 0.06 0.06 0.06 0.06 0.06 0.06 0.06 0.06 0.06 0.06 0.06 0.06 0.06 0.06 0.06 0.06 0.06 0.06 0.06 0.06 0.06 0.06 0.06
  per-rule acc: 0.06 0.06
Epoch 8520 | Train: Loss=0.0009 Acc=100.0% | Test: Acc=6.2% | Best=6.8%(@6520)
  from x3: 0.05 0.06 0.06 0.06 0.06 0.06 0.06 0.06 0.06 0.06 0.06 0.06 0.06 0.06 0.06 0.06 0.06 0.06 0.06 0.06 0.06 0.06 0.06 0.06 0.06 0.06 0.06 0.06 0.06
  per-rule acc: 0.06 0.06
[Early stop] No improvement for 2000 consecutive epochs

==================================================
Saving model...
[OK] Model saved to: /home/cxm/ai/test0617-basic/models/mixed_basic_d1024l1_r16_t32_c0.5.pth
  File size: 149869.3 KB
  Best test accuracy: 6.81%

==================================================
Final generation test (given first two items, AB generates 3rd as prompt, validate from 4th)
==================================================

--- AB pair 1: (1, 1) ---

--- Statistics for AB=(1,1) ---
Exposed    samples:  1405 | In-dist: 40571/40745 ( 99.6%) | OOD: 44774/44960 ( 99.6%)
Unexposed  samples:  1404 | In-dist: 23555/40716 ( 57.9%) | OOD: 27053/44928 ( 60.2%)

--- AB pair 2: (1, 2) ---

--- Statistics for AB=(1,2) ---
Exposed    samples:  1405 | In-dist: 40465/40745 ( 99.3%) | OOD: 44650/44960 ( 99.3%)
Unexposed  samples:  1404 | In-dist:  9698/40716 ( 23.8%) | OOD: 11205/44928 ( 24.9%)

--- Return code: 0 ---

======================================================================
Attention Analysis
======================================================================
Model config: addition (default), p=53
Best test accuracy: 0.06811818449749485
Training epochs: 8520

Random test sequence 1/5 (length 64): [23, 28, 51, 26, 24, 50, 21, 18, 39, 4, 43, 47, 37, 31, 15, 46, 8, 1, 9, 10]...

======================================================================
Attention Layer Training Result Summary
======================================================================
Input sequence: [23, 28, 51, 26, 24, 50, 21, 18, 39, 4, 43, 47, 37, 31, 15, 46, 8, 1, 9, 10, 19, 29, 48, 24, 19, 43, 9, 52, 8, 7, 15, 22, 37, 6, 43, 49, 39, 35, 21, 3, 24, 27, 51, 25, 23, 48, 18, 13, 31, 44, 22, 13, 35, 48, 30, 25, 2, 27, 29, 3, 32, 35, 14, 49]

--- Layer 0 ---
  Head 0: Entropy=1.599
    Attention coefficients from each query position to previous positions:
      i= 0 -> j=0:1.000
      i= 1 -> j=0:0.640, j=1:0.360
      i= 2 -> j=0:0.288, j=1:0.390, j=2:0.322
      i= 3 -> j=0:0.144, j=1:0.229, j=2:0.347, j=3:0.279
      i= 4 -> j=0:0.034, j=1:0.102, j=2:0.206, j=3:0.415, j=4:0.242
      i= 5 -> j=0:0.007, j=1:0.022, j=2:0.056, j=3:0.229, j=4:0.429, j=5:0.257
      i= 6 -> j=0:0.009, j=1:0.014, j=2:0.036, j=3:0.110, j=4:0.326, j=5:0.345, j=6:0.160
      i= 7 -> j=0:0.001, j=1:0.003, j=2:0.010, j=3:0.018, j=4:0.165, j=5:0.230, j=6:0.354, j=7:0.220
      i= 8 -> j=0:0.000, j=1:0.002, j=2:0.003, j=3:0.009, j=4:0.052, j=5:0.158, j=6:0.200, j=7:0.362, j=8:0.213
      i= 9 -> j=0:0.000, j=1:0.001, j=2:0.001, j=3:0.002, j=4:0.008, j=5:0.022, j=6:0.118, j=7:0.217, j=8:0.351, j=9:0.280
      i=10 -> j=0:0.001, j=1:0.000, j=2:0.001, j=3:0.003, j=4:0.007, j=5:0.014, j=6:0.032, j=7:0.083, j=8:0.261, j=9:0.400, j=10:0.198
      i=11 -> j=0:0.001, j=1:0.000, j=2:0.001, j=3:0.002, j=4:0.003, j=5:0.009, j=6:0.021, j=7:0.045, j=8:0.117, j=9:0.254, j=10:0.414, j=11:0.133
      i=12 -> j=0:0.000, j=1:0.000, j=2:0.000, j=3:0.000, j=4:0.001, j=5:0.001, j=6:0.003, j=7:0.006, j=8:0.088, j=9:0.142, j=10:0.252, j=11:0.357, j=12:0.150
      i=13 -> j=0:0.000, j=1:0.000, j=2:0.000, j=3:0.000, j=4:0.000, j=5:0.000, j=6:0.001, j=7:0.002, j=8:0.006, j=9:0.019, j=10:0.083, j=11:0.211, j=12:0.364, j=13:0.313
      i=14 -> j=0:0.000, j=1:0.000, j=2:0.000, j=3:0.000, j=4:0.000, j=5:0.000, j=6:0.001, j=7:0.001, j=8:0.002, j=9:0.006, j=10:0.021, j=11:0.154, j=12:0.240, j=13:0.352, j=14:0.222
      i=15 -> j=0:0.000, j=1:0.001, j=2:0.001, j=3:0.001, j=4:0.001, j=5:0.002, j=6:0.003, j=7:0.002, j=8:0.004, j=9:0.016, j=10:0.023, j=11:0.070, j=12:0.140, j=13:0.236, j=14:0.375, j=15:0.128
      i=16 -> j=0:0.000, j=1:0.000, j=2:0.000, j=3:0.000, j=4:0.000, j=5:0.000, j=6:0.000, j=7:0.000, j=8:0.001, j=9:0.001, j=10:0.003, j=11:0.008, j=12:0.032, j=13:0.086, j=14:0.211, j=15:0.394, j=16:0.264
      i=17 -> j=0:0.000, j=1:0.000, j=2:0.001, j=3:0.001, j=4:0.001, j=5:0.001, j=6:0.001, j=7:0.001, j=8:0.002, j=9:0.002, j=10:0.005, j=11:0.010, j=12:0.017, j=13:0.053, j=14:0.113, j=15:0.261, j=16:0.389, j=17:0.142
      i=18 -> j=0:0.000, j=1:0.000, j=2:0.000, j=3:0.000, j=4:0.000, j=5:0.000, j=6:0.001, j=7:0.000, j=8:0.001, j=9:0.001, j=10:0.001, j=11:0.004, j=12:0.006, j=13:0.024, j=14:0.027, j=15:0.105, j=16:0.263, j=17:0.429, j=18:0.136
      i=19 -> j=0:0.000, j=1:0.000, j=2:0.000, j=3:0.000, j=4:0.000, j=5:0.000, j=6:0.000, j=7:0.000, j=8:0.000, j=9:0.000, j=10:0.000, j=11:0.001, j=12:0.002, j=13:0.003, j=14:0.007, j=15:0.017, j=16:0.110, j=17:0.196, j=18:0.364, j=19:0.298
      i=20 -> j=0:0.000, j=1:0.000, j=2:0.000, j=3:0.000, j=4:0.000, j=5:0.000, j=6:0.000, j=7:0.000, j=8:0.000, j=9:0.000, j=10:0.001, j=11:0.001, j=12:0.002, j=13:0.003, j=14:0.005, j=15:0.011, j=16:0.037, j=17:0.126, j=18:0.257, j=19:0.398, j=20:0.156
      i=21 -> j=0:0.000, j=1:0.000, j=2:0.000, j=3:0.000, j=4:0.000, j=5:0.000, j=6:0.000, j=7:0.000, j=8:0.000, j=9:0.000, j=10:0.000, j=11:0.000, j=12:0.001, j=13:0.001, j=14:0.002, j=15:0.004, j=16:0.011, j=17:0.034, j=18:0.106, j=19:0.205, j=20:0.311, j=21:0.323
      i=22 -> j=0:0.000, j=1:0.000, j=2:0.000, j=3:0.000, j=4:0.000, j=5:0.000, j=6:0.000, j=7:0.000, j=8:0.000, j=9:0.000, j=10:0.000, j=11:0.001, j=12:0.001, j=13:0.001, j=14:0.001, j=15:0.003, j=16:0.005, j=17:0.015, j=18:0.080, j=19:0.098, j=20:0.320, j=21:0.342, j=22:0.131
      i=23 -> j=0:0.000, j=1:0.000, j=2:0.000, j=3:0.000, j=4:0.000, j=5:0.000, j=6:0.000, j=7:0.000, j=8:0.000, j=9:0.000, j=10:0.000, j=11:0.000, j=12:0.000, j=13:0.000, j=14:0.000, j=15:0.001, j=16:0.001, j=17:0.002, j=18:0.011, j=19:0.022, j=20:0.111, j=21:0.215, j=22:0.371, j=23:0.262
      i=24 -> j=0:0.000, j=1:0.000, j=2:0.000, j=3:0.000, j=4:0.000, j=5:0.000, j=6:0.000, j=7:0.000, j=8:0.000, j=9:0.000, j=10:0.000, j=11:0.000, j=12:0.000, j=13:0.000, j=14:0.001, j=15:0.001, j=16:0.001, j=17:0.003, j=18:0.008, j=19:0.012, j=20:0.084, j=21:0.110, j=22:0.364, j=23:0.242, j=24:0.169
      i=25 -> j=0:0.000, j=1:0.000, j=2:0.000, j=3:0.000, j=4:0.000, j=5:0.000, j=6:0.000, j=7:0.000, j=8:0.000, j=9:0.000, j=10:0.000, j=11:0.000, j=12:0.000, j=13:0.000, j=14:0.000, j=15:0.001, j=16:0.001, j=17:0.001, j=18:0.002, j=19:0.004, j=20:0.013, j=21:0.041, j=22:0.054, j=23:0.247, j=24:0.427, j=25:0.206
      i=26 -> j=0:0.001, j=1:0.001, j=2:0.000, j=3:0.000, j=4:0.000, j=5:0.000, j=6:0.001, j=7:0.000, j=8:0.000, j=9:0.000, j=10:0.000, j=11:0.000, j=12:0.000, j=13:0.001, j=14:0.000, j=15:0.001, j=16:0.001, j=17:0.001, j=18:0.001, j=19:0.003, j=20:0.008, j=21:0.016, j=22:0.044, j=23:0.115, j=24:0.263, j=25:0.364, j=26:0.176
      i=27 -> j=0:0.000, j=1:0.000, j=2:0.000, j=3:0.000, j=4:0.000, j=5:0.000, j=6:0.000, j=7:0.000, j=8:0.000, j=9:0.000, j=10:0.000, j=11:0.000, j=12:0.000, j=13:0.000, j=14:0.000, j=15:0.000, j=16:0.000, j=17:0.000, j=18:0.000, j=19:0.000, j=20:0.001, j=21:0.002, j=22:0.007, j=23:0.049, j=24:0.102, j=25:0.203, j=26:0.415, j=27:0.218
      i=28 -> j=0:0.000, j=1:0.000, j=2:0.000, j=3:0.000, j=4:0.000, j=5:0.000, j=6:0.000, j=7:0.000, j=8:0.000, j=9:0.000, j=10:0.000, j=11:0.000, j=12:0.000, j=13:0.000, j=14:0.000, j=15:0.000, j=16:0.000, j=17:0.000, j=18:0.000, j=19:0.000, j=20:0.000, j=21:0.001, j=22:0.002, j=23:0.007, j=24:0.018, j=25:0.076, j=26:0.208, j=27:0.448, j=28:0.236
      i=29 -> j=0:0.000, j=1:0.000, j=2:0.000, j=3:0.000, j=4:0.000, j=5:0.000, j=6:0.000, j=7:0.000, j=8:0.000, j=9:0.000, j=10:0.000, j=11:0.000, j=12:0.000, j=13:0.000, j=14:0.000, j=15:0.000, j=16:0.000, j=17:0.000, j=18:0.000, j=19:0.000, j=20:0.000, j=21:0.000, j=22:0.001, j=23:0.003, j=24:0.008, j=25:0.034, j=26:0.114, j=27:0.216, j=28:0.370, j=29:0.251
      i=30 -> j=0:0.001, j=1:0.000, j=2:0.000, j=3:0.000, j=4:0.000, j=5:0.000, j=6:0.000, j=7:0.000, j=8:0.000, j=9:0.000, j=10:0.000, j=11:0.000, j=12:0.000, j=13:0.000, j=14:0.000, j=15:0.000, j=16:0.000, j=17:0.000, j=18:0.000, j=19:0.000, j=20:0.000, j=21:0.000, j=22:0.000, j=23:0.001, j=24:0.002, j=25:0.006, j=26:0.020, j=27:0.160, j=28:0.156, j=29:0.410, j=30:0.240
      i=31 -> j=0:0.001, j=1:0.000, j=2:0.000, j=3:0.000, j=4:0.000, j=5:0.000, j=6:0.000, j=7:0.000, j=8:0.000, j=9:0.000, j=10:0.000, j=11:0.000, j=12:0.000, j=13:0.000, j=14:0.000, j=15:0.000, j=16:0.000, j=17:0.000, j=18:0.000, j=19:0.000, j=20:0.000, j=21:0.000, j=22:0.000, j=23:0.000, j=24:0.001, j=25:0.002, j=26:0.007, j=27:0.053, j=28:0.063, j=29:0.240, j=30:0.391, j=31:0.238
      i=32 -> j=0:0.001, j=1:0.001, j=2:0.001, j=3:0.000, j=4:0.000, j=5:0.000, j=6:0.000, j=7:0.000, j=8:0.000, j=9:0.000, j=10:0.000, j=11:0.000, j=12:0.000, j=13:0.000, j=14:0.000, j=15:0.000, j=16:0.000, j=17:0.000, j=18:0.000, j=19:0.000, j=20:0.000, j=21:0.000, j=22:0.000, j=23:0.000, j=24:0.001, j=25:0.001, j=26:0.003, j=27:0.009, j=28:0.032, j=29:0.193, j=30:0.288, j=31:0.305, j=32:0.161
      i=33 -> j=0:0.001, j=1:0.001, j=2:0.001, j=3:0.001, j=4:0.000, j=5:0.000, j=6:0.000, j=7:0.000, j=8:0.000, j=9:0.000, j=10:0.000, j=11:0.000, j=12:0.000, j=13:0.000, j=14:0.000, j=15:0.000, j=16:0.000, j=17:0.000, j=18:0.000, j=19:0.000, j=20:0.000, j=21:0.000, j=22:0.000, j=23:0.000, j=24:0.000, j=25:0.001, j=26:0.001, j=27:0.004, j=28:0.008, j=29:0.049, j=30:0.083, j=31:0.323, j=32:0.314, j=33:0.209
      i=34 -> j=0:0.002, j=1:0.001, j=2:0.001, j=3:0.001, j=4:0.001, j=5:0.001, j=6:0.001, j=7:0.000, j=8:0.000, j=9:0.000, j=10:0.000, j=11:0.000, j=12:0.000, j=13:0.000, j=14:0.000, j=15:0.000, j=16:0.000, j=17:0.000, j=18:0.000, j=19:0.000, j=20:0.000, j=21:0.000, j=22:0.000, j=23:0.000, j=24:0.000, j=25:0.001, j=26:0.001, j=27:0.003, j=28:0.006, j=29:0.016, j=30:0.034, j=31:0.093, j=32:0.254, j=33:0.388, j=34:0.193
      i=35 -> j=0:0.001, j=1:0.001, j=2:0.001, j=3:0.001, j=4:0.001, j=5:0.000, j=6:0.000, j=7:0.000, j=8:0.000, j=9:0.000, j=10:0.000, j=11:0.000, j=12:0.000, j=13:0.000, j=14:0.000, j=15:0.000, j=16:0.000, j=17:0.000, j=18:0.000, j=19:0.000, j=20:0.000, j=21:0.000, j=22:0.000, j=23:0.000, j=24:0.000, j=25:0.000, j=26:0.001, j=27:0.001, j=28:0.002, j=29:0.007, j=30:0.011, j=31:0.057, j=32:0.171, j=33:0.214, j=34:0.322, j=35:0.203
      i=36 -> j=0:0.002, j=1:0.002, j=2:0.002, j=3:0.001, j=4:0.001, j=5:0.001, j=6:0.001, j=7:0.001, j=8:0.001, j=9:0.001, j=10:0.000, j=11:0.000, j=12:0.000, j=13:0.000, j=14:0.000, j=15:0.000, j=16:0.000, j=17:0.000, j=18:0.000, j=19:0.000, j=20:0.000, j=21:0.000, j=22:0.000, j=23:0.000, j=24:0.000, j=25:0.001, j=26:0.001, j=27:0.000, j=28:0.001, j=29:0.002, j=30:0.003, j=31:0.016, j=32:0.050, j=33:0.068, j=34:0.257, j=35:0.385, j=36:0.200
      i=37 -> j=0:0.001, j=1:0.001, j=2:0.001, j=3:0.001, j=4:0.001, j=5:0.001, j=6:0.001, j=7:0.000, j=8:0.000, j=9:0.000, j=10:0.000, j=11:0.000, j=12:0.000, j=13:0.000, j=14:0.000, j=15:0.000, j=16:0.000, j=17:0.000, j=18:0.000, j=19:0.000, j=20:0.000, j=21:0.000, j=22:0.000, j=23:0.000, j=24:0.000, j=25:0.000, j=26:0.000, j=27:0.000, j=28:0.000, j=29:0.001, j=30:0.001, j=31:0.003, j=32:0.008, j=33:0.017, j=34:0.088, j=35:0.309, j=36:0.355, j=37:0.210
      i=38 -> j=0:0.004, j=1:0.002, j=2:0.002, j=3:0.002, j=4:0.002, j=5:0.002, j=6:0.001, j=7:0.001, j=8:0.001, j=9:0.001, j=10:0.001, j=11:0.001, j=12:0.001, j=13:0.000, j=14:0.000, j=15:0.000, j=16:0.000, j=17:0.000, j=18:0.000, j=19:0.000, j=20:0.000, j=21:0.000, j=22:0.000, j=23:0.000, j=24:0.000, j=25:0.000, j=26:0.001, j=27:0.000, j=28:0.001, j=29:0.001, j=30:0.002, j=31:0.002, j=32:0.010, j=33:0.019, j=34:0.040, j=35:0.162, j=36:0.246, j=37:0.359, j=38:0.134
      i=39 -> j=0:0.002, j=1:0.001, j=2:0.002, j=3:0.001, j=4:0.001, j=5:0.001, j=6:0.001, j=7:0.001, j=8:0.001, j=9:0.001, j=10:0.001, j=11:0.000, j=12:0.000, j=13:0.000, j=14:0.000, j=15:0.000, j=16:0.000, j=17:0.000, j=18:0.000, j=19:0.000, j=20:0.000, j=21:0.000, j=22:0.000, j=23:0.000, j=24:0.000, j=25:0.000, j=26:0.000, j=27:0.000, j=28:0.000, j=29:0.000, j=30:0.001, j=31:0.000, j=32:0.001, j=33:0.003, j=34:0.012, j=35:0.077, j=36:0.278, j=37:0.277, j=38:0.167, j=39:0.166
      i=40 -> j=0:0.003, j=1:0.002, j=2:0.002, j=3:0.002, j=4:0.002, j=5:0.001, j=6:0.002, j=7:0.001, j=8:0.001, j=9:0.001, j=10:0.001, j=11:0.001, j=12:0.000, j=13:0.000, j=14:0.000, j=15:0.000, j=16:0.000, j=17:0.000, j=18:0.000, j=19:0.000, j=20:0.000, j=21:0.000, j=22:0.000, j=23:0.000, j=24:0.000, j=25:0.000, j=26:0.000, j=27:0.000, j=28:0.000, j=29:0.000, j=30:0.000, j=31:0.000, j=32:0.001, j=33:0.001, j=34:0.003, j=35:0.009, j=36:0.026, j=37:0.075, j=38:0.251, j=39:0.387, j=40:0.226
      i=41 -> j=0:0.003, j=1:0.003, j=2:0.003, j=3:0.002, j=4:0.002, j=5:0.002, j=6:0.002, j=7:0.001, j=8:0.001, j=9:0.001, j=10:0.001, j=11:0.001, j=12:0.001, j=13:0.001, j=14:0.000, j=15:0.000, j=16:0.000, j=17:0.000, j=18:0.000, j=19:0.000, j=20:0.000, j=21:0.000, j=22:0.000, j=23:0.000, j=24:0.000, j=25:0.000, j=26:0.000, j=27:0.000, j=28:0.000, j=29:0.000, j=30:0.000, j=31:0.000, j=32:0.001, j=33:0.001, j=34:0.002, j=35:0.004, j=36:0.008, j=37:0.017, j=38:0.090, j=39:0.195, j=40:0.405, j=41:0.250
      i=42 -> j=0:0.003, j=1:0.003, j=2:0.001, j=3:0.003, j=4:0.002, j=5:0.001, j=6:0.001, j=7:0.001, j=8:0.001, j=9:0.001, j=10:0.001, j=11:0.001, j=12:0.001, j=13:0.000, j=14:0.000, j=15:0.000, j=16:0.000, j=17:0.000, j=18:0.000, j=19:0.000, j=20:0.000, j=21:0.000, j=22:0.000, j=23:0.000, j=24:0.000, j=25:0.000, j=26:0.000, j=27:0.000, j=28:0.000, j=29:0.000, j=30:0.000, j=31:0.000, j=32:0.000, j=33:0.000, j=34:0.001, j=35:0.001, j=36:0.003, j=37:0.005, j=38:0.025, j=39:0.070, j=40:0.262, j=41:0.364, j=42:0.245
      i=43 -> j=0:0.005, j=1:0.005, j=2:0.004, j=3:0.004, j=4:0.003, j=5:0.002, j=6:0.002, j=7:0.002, j=8:0.002, j=9:0.002, j=10:0.002, j=11:0.001, j=12:0.001, j=13:0.001, j=14:0.001, j=15:0.000, j=16:0.000, j=17:0.000, j=18:0.000, j=19:0.000, j=20:0.000, j=21:0.000, j=22:0.000, j=23:0.000, j=24:0.000, j=25:0.000, j=26:0.000, j=27:0.000, j=28:0.000, j=29:0.000, j=30:0.000, j=31:0.000, j=32:0.000, j=33:0.000, j=34:0.001, j=35:0.001, j=36:0.002, j=37:0.004, j=38:0.011, j=39:0.024, j=40:0.148, j=41:0.250, j=42:0.436, j=43:0.081
      i=44 -> j=0:0.006, j=1:0.007, j=2:0.007, j=3:0.007, j=4:0.006, j=5:0.005, j=6:0.004, j=7:0.004, j=8:0.003, j=9:0.003, j=10:0.003, j=11:0.002, j=12:0.002, j=13:0.002, j=14:0.002, j=15:0.001, j=16:0.001, j=17:0.001, j=18:0.001, j=19:0.001, j=20:0.001, j=21:0.000, j=22:0.000, j=23:0.000, j=24:0.000, j=25:0.000, j=26:0.000, j=27:0.000, j=28:0.000, j=29:0.000, j=30:0.001, j=31:0.001, j=32:0.001, j=33:0.001, j=34:0.001, j=35:0.001, j=36:0.002, j=37:0.003, j=38:0.011, j=39:0.018, j=40:0.071, j=41:0.140, j=42:0.273, j=43:0.270, j=44:0.137
      i=45 -> j=0:0.005, j=1:0.005, j=2:0.005, j=3:0.004, j=4:0.003, j=5:0.003, j=6:0.002, j=7:0.002, j=8:0.002, j=9:0.002, j=10:0.002, j=11:0.002, j=12:0.001, j=13:0.001, j=14:0.001, j=15:0.001, j=16:0.001, j=17:0.000, j=18:0.000, j=19:0.000, j=20:0.000, j=21:0.000, j=22:0.000, j=23:0.000, j=24:0.000, j=25:0.000, j=26:0.000, j=27:0.000, j=28:0.000, j=29:0.000, j=30:0.000, j=31:0.000, j=32:0.000, j=33:0.000, j=34:0.000, j=35:0.000, j=36:0.001, j=37:0.001, j=38:0.002, j=39:0.005, j=40:0.031, j=41:0.079, j=42:0.135, j=43:0.283, j=44:0.296, j=45:0.120
      i=46 -> j=0:0.003, j=1:0.005, j=2:0.006, j=3:0.003, j=4:0.003, j=5:0.003, j=6:0.002, j=7:0.002, j=8:0.001, j=9:0.002, j=10:0.002, j=11:0.001, j=12:0.002, j=13:0.001, j=14:0.001, j=15:0.001, j=16:0.001, j=17:0.001, j=18:0.000, j=19:0.000, j=20:0.000, j=21:0.000, j=22:0.000, j=23:0.000, j=24:0.000, j=25:0.000, j=26:0.000, j=27:0.000, j=28:0.000, j=29:0.000, j=30:0.000, j=31:0.000, j=32:0.000, j=33:0.000, j=34:0.000, j=35:0.000, j=36:0.000, j=37:0.000, j=38:0.001, j=39:0.001, j=40:0.004, j=41:0.012, j=42:0.046, j=43:0.139, j=44:0.289, j=45:0.249, j=46:0.213
      i=47 -> j=0:0.006, j=1:0.005, j=2:0.004, j=3:0.004, j=4:0.004, j=5:0.004, j=6:0.004, j=7:0.002, j=8:0.002, j=9:0.002, j=10:0.001, j=11:0.001, j=12:0.001, j=13:0.001, j=14:0.001, j=15:0.001, j=16:0.001, j=17:0.001, j=18:0.000, j=19:0.000, j=20:0.000, j=21:0.000, j=22:0.000, j=23:0.000, j=24:0.000, j=25:0.000, j=26:0.000, j=27:0.000, j=28:0.000, j=29:0.000, j=30:0.000, j=31:0.000, j=32:0.000, j=33:0.000, j=34:0.000, j=35:0.000, j=36:0.000, j=37:0.000, j=38:0.001, j=39:0.001, j=40:0.002, j=41:0.003, j=42:0.006, j=43:0.024, j=44:0.085, j=45:0.174, j=46:0.368, j=47:0.287
      i=48 -> j=0:0.005, j=1:0.004, j=2:0.004, j=3:0.004, j=4:0.004, j=5:0.003, j=6:0.003, j=7:0.003, j=8:0.002, j=9:0.002, j=10:0.002, j=11:0.002, j=12:0.001, j=13:0.001, j=14:0.001, j=15:0.001, j=16:0.001, j=17:0.001, j=18:0.001, j=19:0.000, j=20:0.000, j=21:0.000, j=22:0.000, j=23:0.000, j=24:0.000, j=25:0.000, j=26:0.000, j=27:0.000, j=28:0.000, j=29:0.000, j=30:0.000, j=31:0.000, j=32:0.000, j=33:0.000, j=34:0.000, j=35:0.000, j=36:0.000, j=37:0.000, j=38:0.000, j=39:0.000, j=40:0.000, j=41:0.001, j=42:0.002, j=43:0.006, j=44:0.029, j=45:0.068, j=46:0.189, j=47:0.361, j=48:0.298
      i=49 -> j=0:0.008, j=1:0.005, j=2:0.006, j=3:0.006, j=4:0.006, j=5:0.005, j=6:0.008, j=7:0.004, j=8:0.005, j=9:0.003, j=10:0.003, j=11:0.002, j=12:0.002, j=13:0.002, j=14:0.002, j=15:0.002, j=16:0.002, j=17:0.001, j=18:0.002, j=19:0.001, j=20:0.001, j=21:0.001, j=22:0.001, j=23:0.000, j=24:0.000, j=25:0.000, j=26:0.000, j=27:0.000, j=28:0.000, j=29:0.000, j=30:0.000, j=31:0.000, j=32:0.000, j=33:0.000, j=34:0.000, j=35:0.000, j=36:0.000, j=37:0.000, j=38:0.001, j=39:0.001, j=40:0.001, j=41:0.002, j=42:0.002, j=43:0.005, j=44:0.020, j=45:0.049, j=46:0.099, j=47:0.297, j=48:0.305, j=49:0.134
      i=50 -> j=0:0.004, j=1:0.003, j=2:0.003, j=3:0.004, j=4:0.005, j=5:0.003, j=6:0.003, j=7:0.003, j=8:0.003, j=9:0.002, j=10:0.002, j=11:0.002, j=12:0.002, j=13:0.001, j=14:0.001, j=15:0.001, j=16:0.001, j=17:0.001, j=18:0.001, j=19:0.001, j=20:0.001, j=21:0.000, j=22:0.000, j=23:0.000, j=24:0.000, j=25:0.000, j=26:0.000, j=27:0.000, j=28:0.000, j=29:0.000, j=30:0.000, j=31:0.000, j=32:0.000, j=33:0.000, j=34:0.000, j=35:0.000, j=36:0.000, j=37:0.000, j=38:0.000, j=39:0.000, j=40:0.000, j=41:0.000, j=42:0.000, j=43:0.000, j=44:0.003, j=45:0.005, j=46:0.024, j=47:0.075, j=48:0.240, j=49:0.365, j=50:0.239
      i=51 -> j=0:0.005, j=1:0.005, j=2:0.004, j=3:0.004, j=4:0.005, j=5:0.005, j=6:0.004, j=7:0.004, j=8:0.003, j=9:0.003, j=10:0.003, j=11:0.003, j=12:0.002, j=13:0.002, j=14:0.001, j=15:0.001, j=16:0.001, j=17:0.001, j=18:0.001, j=19:0.001, j=20:0.001, j=21:0.000, j=22:0.000, j=23:0.000, j=24:0.000, j=25:0.000, j=26:0.000, j=27:0.000, j=28:0.000, j=29:0.000, j=30:0.000, j=31:0.000, j=32:0.000, j=33:0.000, j=34:0.000, j=35:0.000, j=36:0.000, j=37:0.000, j=38:0.000, j=39:0.000, j=40:0.000, j=41:0.000, j=42:0.000, j=43:0.001, j=44:0.001, j=45:0.002, j=46:0.007, j=47:0.020, j=48:0.098, j=49:0.201, j=50:0.353, j=51:0.256
      i=52 -> j=0:0.003, j=1:0.003, j=2:0.002, j=3:0.002, j=4:0.003, j=5:0.003, j=6:0.003, j=7:0.003, j=8:0.002, j=9:0.002, j=10:0.001, j=11:0.001, j=12:0.001, j=13:0.001, j=14:0.001, j=15:0.001, j=16:0.001, j=17:0.001, j=18:0.001, j=19:0.001, j=20:0.000, j=21:0.000, j=22:0.000, j=23:0.000, j=24:0.000, j=25:0.000, j=26:0.000, j=27:0.000, j=28:0.000, j=29:0.000, j=30:0.000, j=31:0.000, j=32:0.000, j=33:0.000, j=34:0.000, j=35:0.000, j=36:0.000, j=37:0.000, j=38:0.000, j=39:0.000, j=40:0.000, j=41:0.000, j=42:0.000, j=43:0.000, j=44:0.000, j=45:0.001, j=46:0.001, j=47:0.006, j=48:0.022, j=49:0.067, j=50:0.325, j=51:0.354, j=52:0.181
      i=53 -> j=0:0.005, j=1:0.005, j=2:0.005, j=3:0.004, j=4:0.004, j=5:0.004, j=6:0.003, j=7:0.005, j=8:0.005, j=9:0.005, j=10:0.005, j=11:0.004, j=12:0.002, j=13:0.002, j=14:0.002, j=15:0.002, j=16:0.001, j=17:0.002, j=18:0.002, j=19:0.002, j=20:0.001, j=21:0.001, j=22:0.001, j=23:0.001, j=24:0.001, j=25:0.001, j=26:0.000, j=27:0.000, j=28:0.000, j=29:0.000, j=30:0.000, j=31:0.000, j=32:0.000, j=33:0.000, j=34:0.000, j=35:0.000, j=36:0.000, j=37:0.000, j=38:0.000, j=39:0.000, j=40:0.000, j=41:0.000, j=42:0.000, j=43:0.000, j=44:0.001, j=45:0.001, j=46:0.002, j=47:0.005, j=48:0.019, j=49:0.070, j=50:0.124, j=51:0.258, j=52:0.325, j=53:0.118
      i=54 -> j=0:0.014, j=1:0.009, j=2:0.010, j=3:0.009, j=4:0.006, j=5:0.007, j=6:0.008, j=7:0.009, j=8:0.008, j=9:0.006, j=10:0.007, j=11:0.006, j=12:0.005, j=13:0.004, j=14:0.005, j=15:0.004, j=16:0.003, j=17:0.003, j=18:0.003, j=19:0.002, j=20:0.002, j=21:0.002, j=22:0.001, j=23:0.001, j=24:0.001, j=25:0.001, j=26:0.001, j=27:0.001, j=28:0.001, j=29:0.000, j=30:0.000, j=31:0.000, j=32:0.000, j=33:0.000, j=34:0.000, j=35:0.000, j=36:0.000, j=37:0.000, j=38:0.000, j=39:0.000, j=40:0.000, j=41:0.000, j=42:0.000, j=43:0.000, j=44:0.000, j=45:0.001, j=46:0.001, j=47:0.003, j=48:0.005, j=49:0.012, j=50:0.057, j=51:0.077, j=52:0.218, j=53:0.383, j=54:0.101
      i=55 -> j=0:0.009, j=1:0.009, j=2:0.011, j=3:0.010, j=4:0.007, j=5:0.006, j=6:0.007, j=7:0.007, j=8:0.008, j=9:0.009, j=10:0.008, j=11:0.006, j=12:0.005, j=13:0.005, j=14:0.005, j=15:0.005, j=16:0.003, j=17:0.003, j=18:0.003, j=19:0.002, j=20:0.002, j=21:0.002, j=22:0.002, j=23:0.001, j=24:0.001, j=25:0.001, j=26:0.001, j=27:0.001, j=28:0.001, j=29:0.001, j=30:0.000, j=31:0.000, j=32:0.000, j=33:0.000, j=34:0.000, j=35:0.000, j=36:0.000, j=37:0.000, j=38:0.000, j=39:0.000, j=40:0.000, j=41:0.000, j=42:0.000, j=43:0.000, j=44:0.000, j=45:0.000, j=46:0.000, j=47:0.001, j=48:0.002, j=49:0.004, j=50:0.014, j=51:0.036, j=52:0.115, j=53:0.225, j=54:0.364, j=55:0.092
      i=56 -> j=0:0.007, j=1:0.005, j=2:0.005, j=3:0.006, j=4:0.005, j=5:0.004, j=6:0.005, j=7:0.005, j=8:0.005, j=9:0.004, j=10:0.004, j=11:0.004, j=12:0.004, j=13:0.003, j=14:0.003, j=15:0.003, j=16:0.003, j=17:0.001, j=18:0.002, j=19:0.001, j=20:0.001, j=21:0.001, j=22:0.001, j=23:0.001, j=24:0.001, j=25:0.001, j=26:0.001, j=27:0.000, j=28:0.000, j=29:0.000, j=30:0.000, j=31:0.000, j=32:0.000, j=33:0.000, j=34:0.000, j=35:0.000, j=36:0.000, j=37:0.000, j=38:0.000, j=39:0.000, j=40:0.000, j=41:0.000, j=42:0.000, j=43:0.000, j=44:0.000, j=45:0.000, j=46:0.000, j=47:0.000, j=48:0.000, j=49:0.001, j=50:0.002, j=51:0.007, j=52:0.021, j=53:0.062, j=54:0.200, j=55:0.404, j=56:0.216
      i=57 -> j=0:0.004, j=1:0.005, j=2:0.005, j=3:0.004, j=4:0.006, j=5:0.006, j=6:0.005, j=7:0.004, j=8:0.004, j=9:0.005, j=10:0.004, j=11:0.005, j=12:0.005, j=13:0.004, j=14:0.003, j=15:0.003, j=16:0.003, j=17:0.003, j=18:0.002, j=19:0.003, j=20:0.002, j=21:0.002, j=22:0.001, j=23:0.001, j=24:0.001, j=25:0.001, j=26:0.001, j=27:0.001, j=28:0.001, j=29:0.000, j=30:0.000, j=31:0.000, j=32:0.000, j=33:0.000, j=34:0.000, j=35:0.000, j=36:0.000, j=37:0.000, j=38:0.000, j=39:0.000, j=40:0.000, j=41:0.000, j=42:0.000, j=43:0.000, j=44:0.000, j=45:0.000, j=46:0.000, j=47:0.000, j=48:0.000, j=49:0.001, j=50:0.001, j=51:0.003, j=52:0.004, j=53:0.017, j=54:0.091, j=55:0.221, j=56:0.347, j=57:0.217
      i=58 -> j=0:0.004, j=1:0.005, j=2:0.005, j=3:0.006, j=4:0.006, j=5:0.007, j=6:0.007, j=7:0.005, j=8:0.004, j=9:0.004, j=10:0.005, j=11:0.005, j=12:0.004, j=13:0.006, j=14:0.004, j=15:0.004, j=16:0.003, j=17:0.003, j=18:0.002, j=19:0.002, j=20:0.002, j=21:0.001, j=22:0.001, j=23:0.001, j=24:0.001, j=25:0.001, j=26:0.001, j=27:0.001, j=28:0.001, j=29:0.000, j=30:0.000, j=31:0.000, j=32:0.000, j=33:0.000, j=34:0.000, j=35:0.000, j=36:0.000, j=37:0.000, j=38:0.000, j=39:0.000, j=40:0.000, j=41:0.000, j=42:0.000, j=43:0.000, j=44:0.000, j=45:0.000, j=46:0.000, j=47:0.000, j=48:0.000, j=49:0.001, j=50:0.001, j=51:0.002, j=52:0.003, j=53:0.009, j=54:0.022, j=55:0.086, j=56:0.205, j=57:0.298, j=58:0.270
      i=59 -> j=0:0.002, j=1:0.002, j=2:0.003, j=3:0.003, j=4:0.003, j=5:0.003, j=6:0.002, j=7:0.003, j=8:0.003, j=9:0.003, j=10:0.003, j=11:0.004, j=12:0.002, j=13:0.002, j=14:0.002, j=15:0.003, j=16:0.003, j=17:0.001, j=18:0.002, j=19:0.002, j=20:0.002, j=21:0.001, j=22:0.001, j=23:0.001, j=24:0.001, j=25:0.001, j=26:0.001, j=27:0.001, j=28:0.001, j=29:0.001, j=30:0.001, j=31:0.000, j=32:0.000, j=33:0.000, j=34:0.000, j=35:0.000, j=36:0.000, j=37:0.000, j=38:0.000, j=39:0.000, j=40:0.000, j=41:0.000, j=42:0.000, j=43:0.000, j=44:0.000, j=45:0.000, j=46:0.000, j=47:0.000, j=48:0.000, j=49:0.000, j=50:0.000, j=51:0.001, j=52:0.001, j=53:0.002, j=54:0.012, j=55:0.031, j=56:0.217, j=57:0.236, j=58:0.304, j=59:0.134
      i=60 -> j=0:0.007, j=1:0.006, j=2:0.005, j=3:0.005, j=4:0.005, j=5:0.006, j=6:0.006, j=7:0.006, j=8:0.006, j=9:0.007, j=10:0.004, j=11:0.005, j=12:0.005, j=13:0.005, j=14:0.004, j=15:0.004, j=16:0.005, j=17:0.004, j=18:0.003, j=19:0.004, j=20:0.003, j=21:0.002, j=22:0.002, j=23:0.002, j=24:0.001, j=25:0.001, j=26:0.001, j=27:0.001, j=28:0.001, j=29:0.001, j=30:0.001, j=31:0.001, j=32:0.000, j=33:0.000, j=34:0.000, j=35:0.000, j=36:0.000, j=37:0.000, j=38:0.000, j=39:0.000, j=40:0.000, j=41:0.000, j=42:0.000, j=43:0.000, j=44:0.000, j=45:0.000, j=46:0.000, j=47:0.000, j=48:0.000, j=49:0.000, j=50:0.000, j=51:0.001, j=52:0.000, j=53:0.001, j=54:0.003, j=55:0.008, j=56:0.019, j=57:0.055, j=58:0.253, j=59:0.360, j=60:0.177
      i=61 -> j=0:0.004, j=1:0.003, j=2:0.004, j=3:0.003, j=4:0.002, j=5:0.003, j=6:0.004, j=7:0.004, j=8:0.005, j=9:0.004, j=10:0.003, j=11:0.002, j=12:0.002, j=13:0.003, j=14:0.003, j=15:0.004, j=16:0.003, j=17:0.003, j=18:0.002, j=19:0.002, j=20:0.002, j=21:0.002, j=22:0.002, j=23:0.001, j=24:0.001, j=25:0.001, j=26:0.001, j=27:0.001, j=28:0.001, j=29:0.001, j=30:0.001, j=31:0.000, j=32:0.000, j=33:0.000, j=34:0.000, j=35:0.000, j=36:0.000, j=37:0.000, j=38:0.000, j=39:0.000, j=40:0.000, j=41:0.000, j=42:0.000, j=43:0.000, j=44:0.000, j=45:0.000, j=46:0.000, j=47:0.000, j=48:0.000, j=49:0.000, j=50:0.000, j=51:0.000, j=52:0.000, j=53:0.000, j=54:0.001, j=55:0.001, j=56:0.007, j=57:0.028, j=58:0.082, j=59:0.247, j=60:0.329, j=61:0.222
      i=62 -> j=0:0.004, j=1:0.005, j=2:0.005, j=3:0.004, j=4:0.004, j=5:0.004, j=6:0.005, j=7:0.004, j=8:0.005, j=9:0.005, j=10:0.005, j=11:0.005, j=12:0.004, j=13:0.004, j=14:0.004, j=15:0.003, j=16:0.003, j=17:0.006, j=18:0.003, j=19:0.003, j=20:0.003, j=21:0.002, j=22:0.002, j=23:0.002, j=24:0.002, j=25:0.001, j=26:0.001, j=27:0.001, j=28:0.001, j=29:0.001, j=30:0.001, j=31:0.001, j=32:0.000, j=33:0.000, j=34:0.000, j=35:0.000, j=36:0.000, j=37:0.000, j=38:0.000, j=39:0.000, j=40:0.000, j=41:0.000, j=42:0.000, j=43:0.000, j=44:0.000, j=45:0.000, j=46:0.000, j=47:0.000, j=48:0.000, j=49:0.000, j=50:0.000, j=51:0.000, j=52:0.000, j=53:0.000, j=54:0.001, j=55:0.001, j=56:0.003, j=57:0.006, j=58:0.020, j=59:0.070, j=60:0.217, j=61:0.321, j=62:0.254
      i=63 -> j=0:0.003, j=1:0.004, j=2:0.002, j=3:0.004, j=4:0.003, j=5:0.003, j=6:0.004, j=7:0.002, j=8:0.004, j=9:0.004, j=10:0.004, j=11:0.003, j=12:0.003, j=13:0.002, j=14:0.002, j=15:0.002, j=16:0.003, j=17:0.004, j=18:0.004, j=19:0.003, j=20:0.002, j=21:0.002, j=22:0.002, j=23:0.002, j=24:0.002, j=25:0.001, j=26:0.001, j=27:0.001, j=28:0.001, j=29:0.001, j=30:0.001, j=31:0.001, j=32:0.001, j=33:0.000, j=34:0.000, j=35:0.000, j=36:0.000, j=37:0.000, j=38:0.000, j=39:0.000, j=40:0.000, j=41:0.000, j=42:0.000, j=43:0.000, j=44:0.000, j=45:0.000, j=46:0.000, j=47:0.000, j=48:0.000, j=49:0.000, j=50:0.000, j=51:0.000, j=52:0.000, j=53:0.000, j=54:0.000, j=55:0.000, j=56:0.002, j=57:0.004, j=58:0.010, j=59:0.035, j=60:0.143, j=61:0.225, j=62:0.324, j=63:0.172
    Average attention per distance:
      d=0:0.219, d=1:0.362, d=2:0.244, d=3:0.111, d=4:0.038, d=5:0.011


======================================================================
QK Property Verification (Raw Scores, before Softmax)
======================================================================
Recurrence order init_len=2, num test sequences=1

--- [P1] Long-distance Orthogonality Verification ---
Ideal: raw_score mean ≈ 0 and small std when d > init_len

  Layer 0, Head 0:
    d= 1 (effective): mean=  5.070, std= 0.361, n=63
    d= 2 (effective): mean=  4.678, std= 0.344, n=62
    d>2 (long-distance): mean= -0.805, std= 1.644, n=1891

--- [P2] Time-homogeneous Verification ---
Ideal: CV of raw_score across positions i ≈ 0 for fixed distance d
(CV = std / |mean|, smaller = more constant)

  Layer 0, Head 0:
    d= 1: mean=  5.070, std= 0.361, CV=0.071, n=63
    d= 2: mean=  4.678, std= 0.344, CV=0.073, n=62

======================================================================
QK Property Verification Completed
======================================================================
