=== Experiment: mixed_basic_d1024l4_r4_t32 ===
Time: 2026-06-25T08:18:28.402523
Task type: mixed_ab
Merged config: {
  "P": 53,
  "TASK": "mixed_ab",
  "NUM_MASK": 2,
  "A": 1,
  "B": 1,
  "AB_PAIRS": [
    [
      1,
      1
    ],
    [
      1,
      2
    ]
  ],
  "D_MODEL": 1024,
  "N_HEAD": 1,
  "N_LAYER": 4,
  "BATCH_SIZE": 128,
  "EPOCHS": 10000,
  "LR": 0.0003,
  "SAVE_PATH": "models/mixed_basic_d1024l4_r4_t32.pth",
  "USE_GREEDY_GENERATE": true,
  "USE_LEARNABLE_PE": false,
  "MLP_RATIO": 4,
  "TRAIN_LEN": 32,
  "OOD_LEN": 64,
  "DROPOUT": 0.0,
  "TARGET_INIT_COVERAGE": 0.5,
  "MAX_UNIQUE_RATIO": 0.5,
  "WEIGHT_DECAY": 1,
  "ENTROPY_PENALTY_WEIGHT": 0.0,
  "FIRST_TASK_WEIGHT": 1.0,
  "RANDOM_SEED": 42,
  "EVAL_INTERVAL": 20,
  "EARLY_STOP_NO_IMPROVE": 2000,
  "EARLY_STOP_ACCURACY": 0.99,
  "USE_AB_TAG": false,
  "USE_CONDITIONAL_WTE": false,
  "COND_WTE_SHARED_RATIO": 0.0
}
--- output ---
Using device: cuda

[Dataset] Mixed mode: generated 2810 + 2808 samples, length 32
AB parameter pairs: [(1, 1), (1, 2)]
--------------------------------------------------
[Model config] block_size: 64, train length: 32
[Number theory] AB parameter pairs: [(1, 1), (1, 2)]


Model parameters: 50.97M

Start training...
Epoch   0 | Train: Loss=4.2390 Acc=6.4% | Test: Acc=0.7% | Best=0.7%(@0)
  from x3: 0.01 0.01 0.01 0.01 0.01 0.01 0.01 0.01 0.01 0.00 0.00 0.00 0.00 0.00 0.01 0.01 0.01 0.01 0.01 0.01 0.00 0.01 0.00 0.01 0.01 0.01 0.01 0.01 0.01
  per-rule acc: 0.01 0.01
Epoch  20 | Train: Loss=0.0070 Acc=99.9% | Test: Acc=1.5% | Best=1.5%(@20)
  from x3: 0.02 0.02 0.02 0.02 0.01 0.02 0.01 0.02 0.02 0.01 0.01 0.02 0.02 0.02 0.01 0.01 0.01 0.01 0.01 0.01 0.01 0.01 0.01 0.02 0.01 0.01 0.02 0.02 0.02
  per-rule acc: 0.02 0.01
Epoch  40 | Train: Loss=0.0119 Acc=99.8% | Test: Acc=1.9% | Best=1.9%(@40)
  from x3: 0.02 0.02 0.02 0.02 0.02 0.02 0.02 0.02 0.02 0.02 0.02 0.02 0.02 0.02 0.02 0.02 0.02 0.02 0.02 0.02 0.02 0.02 0.02 0.02 0.02 0.02 0.02 0.02 0.02
  per-rule acc: 0.03 0.01
Epoch  60 | Train: Loss=0.0014 Acc=100.0% | Test: Acc=2.0% | Best=2.0%(@60)
  from x3: 0.02 0.02 0.02 0.02 0.02 0.02 0.02 0.02 0.02 0.02 0.02 0.02 0.02 0.02 0.02 0.02 0.02 0.02 0.02 0.02 0.02 0.02 0.02 0.02 0.02 0.02 0.02 0.02 0.02
  per-rule acc: 0.03 0.01
Epoch  80 | Train: Loss=0.0019 Acc=100.0% | Test: Acc=1.9% | Best=2.0%(@60)
  from x3: 0.02 0.02 0.02 0.02 0.02 0.02 0.02 0.02 0.02 0.02 0.02 0.02 0.02 0.02 0.02 0.02 0.02 0.02 0.02 0.02 0.02 0.02 0.02 0.02 0.02 0.02 0.02 0.02 0.02
  per-rule acc: 0.02 0.01
Epoch 100 | Train: Loss=0.0016 Acc=100.0% | Test: Acc=2.7% | Best=2.7%(@100)
  from x3: 0.03 0.03 0.02 0.02 0.02 0.03 0.03 0.03 0.03 0.03 0.03 0.03 0.03 0.03 0.03 0.03 0.03 0.03 0.03 0.03 0.03 0.03 0.03 0.03 0.03 0.03 0.03 0.03 0.03
  per-rule acc: 0.04 0.02
Epoch 120 | Train: Loss=0.0021 Acc=100.0% | Test: Acc=2.4% | Best=2.7%(@100)
  from x3: 0.03 0.03 0.02 0.03 0.02 0.02 0.02 0.02 0.02 0.02 0.02 0.03 0.02 0.02 0.03 0.02 0.02 0.02 0.02 0.02 0.02 0.02 0.02 0.02 0.02 0.02 0.02 0.02 0.03
  per-rule acc: 0.03 0.02
Epoch 140 | Train: Loss=1.0912 Acc=80.7% | Test: Acc=2.8% | Best=2.8%(@140)
  from x3: 0.04 0.04 0.03 0.03 0.03 0.03 0.03 0.03 0.03 0.03 0.03 0.03 0.02 0.03 0.03 0.03 0.03 0.03 0.03 0.03 0.03 0.03 0.03 0.03 0.03 0.03 0.03 0.03 0.03
  per-rule acc: 0.05 0.01
Epoch 160 | Train: Loss=0.0021 Acc=100.0% | Test: Acc=3.5% | Best=3.5%(@160)
  from x3: 0.03 0.04 0.03 0.03 0.03 0.04 0.04 0.04 0.04 0.04 0.04 0.04 0.04 0.04 0.04 0.04 0.04 0.04 0.04 0.03 0.03 0.03 0.04 0.03 0.03 0.03 0.03 0.03 0.03
  per-rule acc: 0.05 0.02
Epoch 180 | Train: Loss=0.0022 Acc=100.0% | Test: Acc=3.3% | Best=3.5%(@160)
  from x3: 0.03 0.03 0.03 0.03 0.03 0.03 0.03 0.03 0.03 0.03 0.03 0.03 0.03 0.03 0.03 0.03 0.03 0.03 0.03 0.03 0.03 0.03 0.04 0.03 0.04 0.03 0.03 0.03 0.03
  per-rule acc: 0.05 0.02
Epoch 200 | Train: Loss=0.0077 Acc=99.8% | Test: Acc=4.2% | Best=4.2%(@200)
  from x3: 0.05 0.04 0.04 0.04 0.05 0.04 0.04 0.04 0.04 0.04 0.04 0.04 0.04 0.04 0.04 0.04 0.04 0.04 0.04 0.04 0.04 0.04 0.04 0.04 0.04 0.04 0.04 0.04 0.04
  per-rule acc: 0.07 0.02
Epoch 220 | Train: Loss=0.0019 Acc=100.0% | Test: Acc=3.6% | Best=4.2%(@200)
  from x3: 0.04 0.04 0.03 0.04 0.03 0.03 0.03 0.03 0.03 0.03 0.03 0.03 0.04 0.03 0.04 0.04 0.04 0.04 0.04 0.04 0.04 0.04 0.04 0.04 0.04 0.04 0.04 0.04 0.04
  per-rule acc: 0.06 0.02
Epoch 240 | Train: Loss=0.0021 Acc=100.0% | Test: Acc=3.1% | Best=4.2%(@200)
  from x3: 0.03 0.04 0.03 0.03 0.03 0.03 0.03 0.03 0.03 0.03 0.03 0.03 0.03 0.03 0.03 0.03 0.03 0.03 0.03 0.03 0.03 0.03 0.03 0.03 0.03 0.03 0.03 0.03 0.03
  per-rule acc: 0.05 0.02
Epoch 260 | Train: Loss=0.0015 Acc=100.0% | Test: Acc=4.1% | Best=4.2%(@200)
  from x3: 0.05 0.04 0.04 0.04 0.04 0.04 0.04 0.04 0.04 0.04 0.04 0.04 0.04 0.04 0.04 0.04 0.04 0.04 0.04 0.04 0.04 0.04 0.04 0.04 0.04 0.04 0.04 0.04 0.04
  per-rule acc: 0.07 0.01
Epoch 280 | Train: Loss=0.0021 Acc=100.0% | Test: Acc=3.5% | Best=4.2%(@200)
  from x3: 0.04 0.04 0.03 0.03 0.03 0.03 0.04 0.03 0.03 0.03 0.03 0.03 0.03 0.04 0.04 0.04 0.04 0.04 0.03 0.03 0.03 0.03 0.03 0.03 0.03 0.03 0.03 0.03 0.03
  per-rule acc: 0.05 0.01
Epoch 300 | Train: Loss=0.0020 Acc=100.0% | Test: Acc=4.6% | Best=4.6%(@300)
  from x3: 0.05 0.05 0.05 0.05 0.05 0.05 0.05 0.05 0.05 0.05 0.05 0.05 0.05 0.05 0.05 0.05 0.05 0.05 0.05 0.04 0.04 0.04 0.04 0.04 0.04 0.04 0.04 0.04 0.04
  per-rule acc: 0.08 0.01
Epoch 320 | Train: Loss=0.0021 Acc=100.0% | Test: Acc=3.7% | Best=4.6%(@300)
  from x3: 0.05 0.05 0.04 0.04 0.04 0.04 0.04 0.04 0.04 0.04 0.04 0.04 0.04 0.04 0.04 0.04 0.04 0.04 0.04 0.04 0.03 0.03 0.04 0.04 0.03 0.04 0.03 0.03 0.03
  per-rule acc: 0.06 0.01
Epoch 340 | Train: Loss=0.0024 Acc=100.0% | Test: Acc=5.7% | Best=5.7%(@340)
  from x3: 0.06 0.06 0.06 0.06 0.06 0.06 0.06 0.06 0.06 0.06 0.06 0.06 0.06 0.06 0.06 0.06 0.06 0.06 0.06 0.06 0.06 0.06 0.06 0.06 0.06 0.06 0.06 0.06 0.06
  per-rule acc: 0.10 0.02
Epoch 360 | Train: Loss=0.0019 Acc=100.0% | Test: Acc=4.5% | Best=5.7%(@340)
  from x3: 0.05 0.05 0.05 0.04 0.04 0.05 0.05 0.05 0.04 0.04 0.04 0.04 0.04 0.04 0.04 0.04 0.05 0.05 0.05 0.04 0.04 0.05 0.05 0.04 0.05 0.05 0.04 0.04 0.04
  per-rule acc: 0.07 0.02
Epoch 380 | Train: Loss=0.0073 Acc=99.9% | Test: Acc=6.4% | Best=6.4%(@380)
  from x3: 0.06 0.07 0.06 0.06 0.07 0.07 0.07 0.06 0.06 0.06 0.06 0.06 0.06 0.06 0.06 0.06 0.06 0.07 0.07 0.06 0.06 0.06 0.06 0.06 0.06 0.06 0.06 0.06 0.06
  per-rule acc: 0.11 0.02
Epoch 400 | Train: Loss=0.0018 Acc=100.0% | Test: Acc=5.3% | Best=6.4%(@380)
  from x3: 0.06 0.06 0.06 0.06 0.05 0.05 0.05 0.05 0.05 0.05 0.05 0.05 0.05 0.05 0.05 0.05 0.05 0.05 0.05 0.05 0.05 0.05 0.05 0.05 0.05 0.05 0.05 0.05 0.05
  per-rule acc: 0.09 0.02
Epoch 420 | Train: Loss=0.0014 Acc=100.0% | Test: Acc=5.9% | Best=6.4%(@380)
  from x3: 0.06 0.07 0.06 0.06 0.06 0.06 0.06 0.06 0.06 0.06 0.06 0.06 0.06 0.06 0.06 0.06 0.06 0.06 0.06 0.06 0.06 0.06 0.06 0.06 0.06 0.05 0.05 0.06 0.06
  per-rule acc: 0.10 0.02
Epoch 440 | Train: Loss=0.0019 Acc=100.0% | Test: Acc=5.5% | Best=6.4%(@380)
  from x3: 0.06 0.06 0.05 0.05 0.05 0.05 0.06 0.06 0.05 0.05 0.06 0.06 0.06 0.05 0.05 0.06 0.06 0.06 0.06 0.05 0.05 0.05 0.05 0.05 0.05 0.05 0.05 0.05 0.05
  per-rule acc: 0.09 0.02
Epoch 460 | Train: Loss=0.0149 Acc=99.8% | Test: Acc=7.5% | Best=7.5%(@460)
  from x3: 0.08 0.08 0.07 0.07 0.08 0.08 0.08 0.08 0.08 0.07 0.07 0.07 0.08 0.08 0.08 0.08 0.08 0.07 0.07 0.07 0.07 0.07 0.07 0.08 0.08 0.07 0.07 0.07 0.07
  per-rule acc: 0.12 0.03
Epoch 480 | Train: Loss=0.0019 Acc=100.0% | Test: Acc=7.2% | Best=7.5%(@460)
  from x3: 0.07 0.08 0.07 0.07 0.08 0.07 0.07 0.07 0.07 0.07 0.07 0.07 0.07 0.07 0.07 0.07 0.07 0.07 0.07 0.07 0.07 0.07 0.07 0.07 0.07 0.07 0.07 0.07 0.07
  per-rule acc: 0.12 0.03
Epoch 500 | Train: Loss=0.0021 Acc=100.0% | Test: Acc=7.0% | Best=7.5%(@460)
  from x3: 0.08 0.08 0.07 0.07 0.07 0.07 0.07 0.07 0.07 0.07 0.07 0.07 0.07 0.07 0.07 0.07 0.07 0.07 0.07 0.07 0.07 0.07 0.07 0.07 0.07 0.06 0.07 0.07 0.07
  per-rule acc: 0.11 0.03
Epoch 520 | Train: Loss=0.0097 Acc=99.9% | Test: Acc=8.9% | Best=8.9%(@520)
  from x3: 0.09 0.09 0.09 0.09 0.09 0.09 0.09 0.09 0.09 0.09 0.09 0.09 0.09 0.09 0.09 0.09 0.09 0.09 0.09 0.09 0.09 0.09 0.09 0.09 0.09 0.09 0.09 0.09 0.09
  per-rule acc: 0.15 0.03
Epoch 540 | Train: Loss=0.0018 Acc=100.0% | Test: Acc=8.7% | Best=8.9%(@520)
  from x3: 0.09 0.09 0.08 0.09 0.09 0.09 0.09 0.09 0.09 0.09 0.09 0.09 0.09 0.09 0.09 0.09 0.09 0.09 0.09 0.09 0.09 0.09 0.08 0.08 0.08 0.08 0.08 0.09 0.09
  per-rule acc: 0.14 0.03
Epoch 560 | Train: Loss=0.0022 Acc=100.0% | Test: Acc=9.5% | Best=9.5%(@560)
  from x3: 0.11 0.10 0.10 0.10 0.10 0.10 0.10 0.10 0.09 0.09 0.09 0.09 0.09 0.09 0.09 0.09 0.09 0.09 0.09 0.09 0.09 0.09 0.09 0.09 0.09 0.09 0.09 0.09 0.09
  per-rule acc: 0.16 0.03
Epoch 580 | Train: Loss=0.0019 Acc=100.0% | Test: Acc=9.7% | Best=9.7%(@580)
  from x3: 0.10 0.11 0.10 0.10 0.10 0.10 0.10 0.10 0.10 0.10 0.10 0.09 0.10 0.09 0.10 0.10 0.10 0.10 0.10 0.10 0.10 0.09 0.10 0.10 0.09 0.09 0.09 0.09 0.09
  per-rule acc: 0.15 0.04
Epoch 600 | Train: Loss=0.0014 Acc=100.0% | Test: Acc=10.4% | Best=10.4%(@600)
  from x3: 0.11 0.11 0.10 0.11 0.11 0.10 0.10 0.11 0.10 0.10 0.10 0.10 0.10 0.10 0.10 0.10 0.10 0.10 0.10 0.10 0.10 0.10 0.10 0.10 0.10 0.10 0.10 0.10 0.10
  per-rule acc: 0.17 0.04
Epoch 620 | Train: Loss=0.0019 Acc=100.0% | Test: Acc=10.2% | Best=10.4%(@600)
  from x3: 0.10 0.11 0.11 0.11 0.11 0.11 0.10 0.11 0.11 0.10 0.10 0.10 0.10 0.10 0.10 0.10 0.10 0.10 0.10 0.10 0.10 0.10 0.10 0.10 0.10 0.10 0.10 0.10 0.10
  per-rule acc: 0.16 0.05
Epoch 640 | Train: Loss=0.0014 Acc=100.0% | Test: Acc=11.2% | Best=11.2%(@640)
  from x3: 0.12 0.12 0.11 0.11 0.12 0.11 0.11 0.11 0.11 0.11 0.11 0.11 0.11 0.11 0.11 0.11 0.11 0.11 0.11 0.11 0.11 0.11 0.11 0.11 0.11 0.11 0.11 0.11 0.11
  per-rule acc: 0.17 0.05
Epoch 660 | Train: Loss=0.0018 Acc=100.0% | Test: Acc=11.4% | Best=11.4%(@660)
  from x3: 0.12 0.12 0.12 0.12 0.11 0.12 0.12 0.11 0.12 0.11 0.12 0.11 0.12 0.11 0.12 0.11 0.11 0.11 0.11 0.11 0.11 0.11 0.11 0.11 0.11 0.11 0.11 0.11 0.11
  per-rule acc: 0.17 0.06
Epoch 680 | Train: Loss=0.0292 Acc=99.7% | Test: Acc=12.7% | Best=12.7%(@680)
  from x3: 0.13 0.13 0.13 0.13 0.13 0.13 0.13 0.13 0.13 0.13 0.13 0.13 0.13 0.13 0.13 0.13 0.13 0.13 0.13 0.13 0.13 0.13 0.13 0.13 0.13 0.13 0.12 0.13 0.12
  per-rule acc: 0.20 0.06
Epoch 700 | Train: Loss=0.0015 Acc=100.0% | Test: Acc=13.1% | Best=13.1%(@700)
  from x3: 0.14 0.13 0.13 0.14 0.14 0.13 0.13 0.13 0.13 0.13 0.13 0.13 0.13 0.13 0.13 0.13 0.13 0.13 0.13 0.13 0.13 0.13 0.13 0.13 0.13 0.13 0.12 0.13 0.13
  per-rule acc: 0.20 0.06
Epoch 720 | Train: Loss=0.0384 Acc=99.6% | Test: Acc=13.1% | Best=13.1%(@720)
  from x3: 0.13 0.13 0.13 0.13 0.13 0.13 0.13 0.13 0.13 0.13 0.13 0.13 0.13 0.13 0.13 0.13 0.13 0.13 0.13 0.13 0.13 0.13 0.13 0.13 0.13 0.13 0.13 0.13 0.13
  per-rule acc: 0.20 0.06
Epoch 740 | Train: Loss=0.0014 Acc=100.0% | Test: Acc=13.8% | Best=13.8%(@740)
  from x3: 0.15 0.14 0.14 0.14 0.14 0.14 0.14 0.14 0.14 0.14 0.14 0.14 0.14 0.14 0.14 0.14 0.14 0.14 0.14 0.14 0.14 0.14 0.14 0.14 0.14 0.14 0.14 0.13 0.13
  per-rule acc: 0.21 0.07
Epoch 760 | Train: Loss=0.0017 Acc=100.0% | Test: Acc=15.0% | Best=15.0%(@760)
  from x3: 0.16 0.16 0.15 0.15 0.15 0.15 0.15 0.15 0.15 0.15 0.15 0.15 0.15 0.15 0.15 0.15 0.15 0.15 0.15 0.15 0.15 0.15 0.15 0.15 0.15 0.15 0.15 0.15 0.15
  per-rule acc: 0.21 0.09
Epoch 780 | Train: Loss=0.0012 Acc=100.0% | Test: Acc=16.1% | Best=16.1%(@780)
  from x3: 0.16 0.16 0.16 0.16 0.16 0.16 0.16 0.16 0.16 0.16 0.16 0.16 0.16 0.16 0.16 0.16 0.16 0.16 0.16 0.16 0.16 0.16 0.16 0.16 0.16 0.16 0.16 0.16 0.16
  per-rule acc: 0.24 0.09
Epoch 800 | Train: Loss=0.0016 Acc=100.0% | Test: Acc=16.8% | Best=16.8%(@800)
  from x3: 0.17 0.18 0.17 0.17 0.17 0.17 0.17 0.17 0.17 0.17 0.17 0.17 0.17 0.17 0.17 0.17 0.17 0.17 0.17 0.17 0.17 0.17 0.17 0.16 0.17 0.17 0.17 0.16 0.16
  per-rule acc: 0.24 0.10
Epoch 820 | Train: Loss=0.0011 Acc=100.0% | Test: Acc=18.6% | Best=18.6%(@820)
  from x3: 0.19 0.19 0.19 0.19 0.19 0.19 0.18 0.18 0.19 0.19 0.18 0.19 0.19 0.19 0.18 0.18 0.19 0.18 0.18 0.19 0.18 0.19 0.19 0.18 0.18 0.18 0.18 0.18 0.18
  per-rule acc: 0.27 0.10
Epoch 840 | Train: Loss=0.0015 Acc=100.0% | Test: Acc=18.8% | Best=18.8%(@840)
  from x3: 0.20 0.20 0.20 0.19 0.19 0.19 0.19 0.19 0.19 0.19 0.19 0.18 0.19 0.18 0.19 0.19 0.19 0.19 0.19 0.19 0.19 0.18 0.18 0.18 0.19 0.18 0.18 0.18 0.18
  per-rule acc: 0.27 0.11
Epoch 860 | Train: Loss=0.0619 Acc=99.2% | Test: Acc=18.1% | Best=18.8%(@840)
  from x3: 0.18 0.19 0.18 0.18 0.18 0.18 0.18 0.18 0.18 0.18 0.18 0.18 0.18 0.18 0.18 0.18 0.18 0.18 0.18 0.18 0.18 0.18 0.18 0.18 0.18 0.18 0.18 0.18 0.18
  per-rule acc: 0.27 0.10
Epoch 880 | Train: Loss=0.0013 Acc=100.0% | Test: Acc=21.3% | Best=21.3%(@880)
  from x3: 0.22 0.22 0.21 0.21 0.21 0.21 0.21 0.21 0.21 0.21 0.21 0.21 0.21 0.22 0.21 0.21 0.21 0.21 0.21 0.21 0.21 0.21 0.21 0.21 0.21 0.21 0.21 0.21 0.21
  per-rule acc: 0.30 0.12
Epoch 900 | Train: Loss=0.0015 Acc=100.0% | Test: Acc=23.3% | Best=23.3%(@900)
  from x3: 0.24 0.24 0.24 0.24 0.24 0.24 0.24 0.24 0.24 0.23 0.23 0.23 0.23 0.23 0.23 0.23 0.23 0.23 0.23 0.23 0.23 0.23 0.23 0.23 0.23 0.23 0.23 0.23 0.23
  per-rule acc: 0.32 0.15
Epoch 920 | Train: Loss=0.0011 Acc=100.0% | Test: Acc=24.9% | Best=24.9%(@920)
  from x3: 0.25 0.25 0.25 0.25 0.25 0.25 0.25 0.25 0.25 0.25 0.25 0.25 0.25 0.25 0.25 0.25 0.25 0.25 0.25 0.25 0.25 0.25 0.25 0.25 0.25 0.25 0.24 0.24 0.24
  per-rule acc: 0.37 0.13
Epoch 940 | Train: Loss=0.0015 Acc=100.0% | Test: Acc=25.3% | Best=25.3%(@940)
  from x3: 0.26 0.26 0.26 0.25 0.25 0.26 0.26 0.26 0.26 0.26 0.25 0.25 0.25 0.25 0.25 0.25 0.25 0.25 0.25 0.25 0.25 0.25 0.25 0.25 0.25 0.25 0.25 0.25 0.25
  per-rule acc: 0.35 0.16
Epoch 960 | Train: Loss=0.0015 Acc=100.0% | Test: Acc=27.8% | Best=27.8%(@960)
  from x3: 0.28 0.28 0.28 0.28 0.28 0.28 0.28 0.28 0.28 0.28 0.28 0.28 0.28 0.28 0.28 0.28 0.28 0.28 0.28 0.27 0.27 0.27 0.27 0.28 0.28 0.28 0.27 0.27 0.27
  per-rule acc: 0.36 0.20
Epoch 980 | Train: Loss=0.0011 Acc=100.0% | Test: Acc=26.3% | Best=27.8%(@960)
  from x3: 0.27 0.27 0.26 0.26 0.26 0.27 0.27 0.27 0.26 0.26 0.26 0.26 0.26 0.26 0.26 0.26 0.26 0.26 0.26 0.26 0.26 0.26 0.26 0.26 0.26 0.26 0.26 0.26 0.26
  per-rule acc: 0.37 0.16
Epoch 1000 | Train: Loss=0.0015 Acc=100.0% | Test: Acc=28.3% | Best=28.3%(@1000)
  from x3: 0.28 0.29 0.28 0.29 0.28 0.29 0.29 0.28 0.29 0.28 0.28 0.29 0.29 0.29 0.28 0.29 0.28 0.29 0.28 0.28 0.28 0.28 0.28 0.28 0.28 0.28 0.28 0.27 0.27
  per-rule acc: 0.37 0.19
Epoch 1020 | Train: Loss=0.0018 Acc=100.0% | Test: Acc=28.2% | Best=28.3%(@1000)
  from x3: 0.27 0.28 0.28 0.28 0.28 0.28 0.28 0.28 0.28 0.28 0.28 0.28 0.28 0.28 0.28 0.28 0.28 0.28 0.28 0.28 0.28 0.28 0.28 0.28 0.28 0.28 0.28 0.28 0.28
  per-rule acc: 0.41 0.15
Epoch 1040 | Train: Loss=0.0013 Acc=100.0% | Test: Acc=29.5% | Best=29.5%(@1040)
  from x3: 0.31 0.30 0.30 0.30 0.30 0.30 0.29 0.30 0.30 0.30 0.30 0.29 0.30 0.29 0.29 0.29 0.29 0.29 0.29 0.29 0.29 0.29 0.29 0.29 0.29 0.29 0.29 0.29 0.29
  per-rule acc: 0.40 0.19
Epoch 1060 | Train: Loss=0.0015 Acc=100.0% | Test: Acc=31.8% | Best=31.8%(@1060)
  from x3: 0.32 0.32 0.32 0.32 0.32 0.32 0.32 0.32 0.32 0.32 0.32 0.32 0.32 0.32 0.32 0.32 0.32 0.32 0.32 0.32 0.32 0.31 0.31 0.31 0.31 0.31 0.32 0.31 0.31
  per-rule acc: 0.41 0.23
Epoch 1080 | Train: Loss=0.0011 Acc=100.0% | Test: Acc=32.2% | Best=32.2%(@1080)
  from x3: 0.33 0.33 0.32 0.32 0.33 0.32 0.32 0.32 0.32 0.32 0.32 0.32 0.32 0.32 0.32 0.32 0.32 0.32 0.32 0.32 0.32 0.32 0.32 0.32 0.32 0.32 0.32 0.32 0.32
  per-rule acc: 0.45 0.20
Epoch 1100 | Train: Loss=0.0014 Acc=100.0% | Test: Acc=33.2% | Best=33.2%(@1100)
  from x3: 0.34 0.33 0.34 0.34 0.34 0.34 0.34 0.34 0.34 0.33 0.33 0.33 0.34 0.33 0.33 0.33 0.33 0.33 0.33 0.33 0.33 0.33 0.33 0.33 0.33 0.33 0.32 0.32 0.32
  per-rule acc: 0.42 0.24
Epoch 1120 | Train: Loss=0.0010 Acc=100.0% | Test: Acc=32.9% | Best=33.2%(@1100)
  from x3: 0.32 0.33 0.33 0.33 0.33 0.33 0.33 0.34 0.33 0.33 0.33 0.33 0.33 0.33 0.33 0.33 0.33 0.33 0.33 0.33 0.33 0.33 0.33 0.33 0.33 0.33 0.33 0.33 0.33
  per-rule acc: 0.45 0.21
Epoch 1140 | Train: Loss=0.0014 Acc=100.0% | Test: Acc=33.7% | Best=33.7%(@1140)
  from x3: 0.34 0.34 0.34 0.34 0.34 0.34 0.34 0.34 0.34 0.34 0.34 0.34 0.34 0.34 0.34 0.34 0.34 0.34 0.34 0.34 0.33 0.33 0.33 0.33 0.33 0.33 0.33 0.33 0.33
  per-rule acc: 0.43 0.24
Epoch 1160 | Train: Loss=0.0011 Acc=100.0% | Test: Acc=35.1% | Best=35.1%(@1160)
  from x3: 0.35 0.35 0.35 0.35 0.35 0.35 0.35 0.35 0.35 0.35 0.35 0.35 0.35 0.35 0.35 0.36 0.35 0.35 0.35 0.35 0.35 0.35 0.35 0.35 0.35 0.35 0.35 0.34 0.35
  per-rule acc: 0.46 0.24
Epoch 1180 | Train: Loss=0.0015 Acc=100.0% | Test: Acc=36.4% | Best=36.4%(@1180)
  from x3: 0.37 0.36 0.37 0.37 0.37 0.36 0.37 0.37 0.37 0.37 0.37 0.36 0.37 0.36 0.37 0.37 0.37 0.36 0.36 0.36 0.36 0.36 0.36 0.36 0.36 0.36 0.36 0.36 0.36
  per-rule acc: 0.47 0.26
Epoch 1200 | Train: Loss=0.0025 Acc=100.0% | Test: Acc=36.5% | Best=36.5%(@1200)
  from x3: 0.35 0.37 0.36 0.36 0.36 0.36 0.36 0.36 0.37 0.37 0.37 0.37 0.37 0.37 0.37 0.37 0.37 0.37 0.37 0.36 0.37 0.37 0.37 0.37 0.37 0.37 0.37 0.36 0.36
  per-rule acc: 0.50 0.23
Epoch 1220 | Train: Loss=0.0012 Acc=100.0% | Test: Acc=38.1% | Best=38.1%(@1220)
  from x3: 0.38 0.38 0.38 0.38 0.38 0.38 0.39 0.38 0.38 0.38 0.38 0.38 0.38 0.38 0.38 0.38 0.38 0.38 0.38 0.38 0.38 0.38 0.38 0.38 0.38 0.38 0.38 0.38 0.38
  per-rule acc: 0.49 0.27
Epoch 1240 | Train: Loss=0.0088 Acc=99.8% | Test: Acc=34.0% | Best=38.1%(@1220)
  from x3: 0.33 0.34 0.34 0.34 0.34 0.34 0.34 0.34 0.34 0.34 0.34 0.34 0.34 0.34 0.34 0.34 0.34 0.34 0.34 0.34 0.34 0.34 0.34 0.34 0.34 0.34 0.34 0.34 0.34
  per-rule acc: 0.46 0.22
Epoch 1260 | Train: Loss=0.0013 Acc=100.0% | Test: Acc=39.7% | Best=39.7%(@1260)
  from x3: 0.39 0.40 0.39 0.40 0.39 0.40 0.40 0.40 0.40 0.40 0.40 0.40 0.40 0.40 0.40 0.40 0.40 0.40 0.40 0.40 0.39 0.40 0.40 0.40 0.39 0.39 0.39 0.39 0.39
  per-rule acc: 0.50 0.30
Epoch 1280 | Train: Loss=0.0015 Acc=100.0% | Test: Acc=42.8% | Best=42.8%(@1280)
  from x3: 0.41 0.42 0.43 0.42 0.43 0.43 0.43 0.43 0.43 0.43 0.43 0.43 0.43 0.43 0.43 0.43 0.43 0.43 0.43 0.43 0.43 0.43 0.43 0.43 0.43 0.43 0.42 0.43 0.42
  per-rule acc: 0.51 0.35
Epoch 1300 | Train: Loss=0.0011 Acc=100.0% | Test: Acc=41.3% | Best=42.8%(@1280)
  from x3: 0.41 0.41 0.41 0.42 0.41 0.42 0.42 0.41 0.42 0.42 0.41 0.42 0.42 0.41 0.41 0.41 0.41 0.41 0.41 0.41 0.41 0.41 0.41 0.41 0.41 0.41 0.41 0.41 0.41
  per-rule acc: 0.54 0.29
Epoch 1320 | Train: Loss=0.0014 Acc=100.0% | Test: Acc=42.9% | Best=42.9%(@1320)
  from x3: 0.42 0.43 0.43 0.43 0.44 0.43 0.44 0.44 0.43 0.43 0.43 0.43 0.43 0.43 0.43 0.43 0.43 0.43 0.43 0.43 0.42 0.43 0.43 0.43 0.43 0.43 0.42 0.42 0.42
  per-rule acc: 0.53 0.33
Epoch 1340 | Train: Loss=0.0015 Acc=100.0% | Test: Acc=46.1% | Best=46.1%(@1340)
  from x3: 0.45 0.46 0.46 0.46 0.46 0.46 0.47 0.46 0.46 0.46 0.46 0.46 0.46 0.46 0.46 0.46 0.46 0.46 0.46 0.46 0.46 0.46 0.46 0.46 0.46 0.46 0.46 0.46 0.46
  per-rule acc: 0.56 0.37
Epoch 1360 | Train: Loss=0.0010 Acc=100.0% | Test: Acc=43.4% | Best=46.1%(@1340)
  from x3: 0.44 0.44 0.43 0.43 0.44 0.44 0.43 0.43 0.43 0.43 0.44 0.44 0.44 0.44 0.43 0.43 0.43 0.43 0.43 0.43 0.43 0.43 0.43 0.43 0.43 0.43 0.43 0.43 0.43
  per-rule acc: 0.55 0.32
Epoch 1380 | Train: Loss=0.0014 Acc=100.0% | Test: Acc=45.1% | Best=46.1%(@1340)
  from x3: 0.46 0.45 0.45 0.45 0.45 0.45 0.45 0.45 0.45 0.45 0.45 0.45 0.45 0.45 0.45 0.45 0.45 0.45 0.45 0.45 0.45 0.45 0.45 0.45 0.45 0.45 0.44 0.45 0.44
  per-rule acc: 0.55 0.35
Epoch 1400 | Train: Loss=0.0990 Acc=99.8% | Test: Acc=34.2% | Best=46.1%(@1340)
  from x3: 0.32 0.34 0.33 0.33 0.33 0.34 0.34 0.34 0.34 0.34 0.34 0.34 0.35 0.35 0.35 0.35 0.35 0.35 0.35 0.34 0.34 0.35 0.35 0.35 0.35 0.35 0.35 0.35 0.35
  per-rule acc: 0.44 0.25
Epoch 1420 | Train: Loss=0.0011 Acc=100.0% | Test: Acc=48.3% | Best=48.3%(@1420)
  from x3: 0.47 0.48 0.49 0.48 0.49 0.49 0.49 0.49 0.49 0.49 0.49 0.49 0.49 0.48 0.48 0.48 0.48 0.48 0.48 0.48 0.48 0.48 0.48 0.48 0.48 0.48 0.48 0.48 0.48
  per-rule acc: 0.60 0.37
Epoch 1440 | Train: Loss=0.0014 Acc=100.0% | Test: Acc=49.8% | Best=49.8%(@1440)
  from x3: 0.49 0.50 0.50 0.50 0.50 0.50 0.50 0.50 0.50 0.50 0.50 0.50 0.50 0.50 0.50 0.50 0.50 0.50 0.50 0.50 0.50 0.50 0.50 0.50 0.50 0.50 0.50 0.50 0.50
  per-rule acc: 0.58 0.41
Epoch 1460 | Train: Loss=0.0452 Acc=99.4% | Test: Acc=40.4% | Best=49.8%(@1440)
  from x3: 0.38 0.40 0.40 0.40 0.40 0.40 0.40 0.40 0.40 0.40 0.40 0.40 0.40 0.40 0.40 0.40 0.40 0.40 0.41 0.41 0.41 0.41 0.41 0.41 0.41 0.41 0.41 0.40 0.40
  per-rule acc: 0.53 0.28
Epoch 1480 | Train: Loss=0.0011 Acc=100.0% | Test: Acc=48.9% | Best=49.8%(@1440)
  from x3: 0.49 0.49 0.49 0.49 0.49 0.49 0.49 0.49 0.49 0.49 0.49 0.49 0.49 0.49 0.49 0.49 0.49 0.49 0.49 0.49 0.49 0.49 0.49 0.49 0.49 0.49 0.49 0.49 0.49
  per-rule acc: 0.59 0.39
Epoch 1500 | Train: Loss=0.0014 Acc=100.0% | Test: Acc=52.5% | Best=52.5%(@1500)
  from x3: 0.51 0.52 0.52 0.52 0.52 0.52 0.52 0.52 0.53 0.53 0.53 0.53 0.53 0.53 0.53 0.53 0.53 0.53 0.53 0.53 0.53 0.53 0.53 0.53 0.53 0.52 0.52 0.52 0.52
  per-rule acc: 0.61 0.44
Epoch 1520 | Train: Loss=0.0245 Acc=99.7% | Test: Acc=42.4% | Best=52.5%(@1500)
  from x3: 0.41 0.42 0.42 0.42 0.42 0.42 0.43 0.43 0.42 0.43 0.43 0.43 0.43 0.42 0.43 0.42 0.42 0.42 0.43 0.43 0.42 0.42 0.42 0.42 0.43 0.42 0.42 0.43 0.42
  per-rule acc: 0.55 0.30
Epoch 1540 | Train: Loss=0.0012 Acc=100.0% | Test: Acc=54.5% | Best=54.5%(@1540)
  from x3: 0.53 0.54 0.55 0.54 0.55 0.55 0.55 0.55 0.55 0.55 0.55 0.55 0.55 0.55 0.55 0.55 0.55 0.55 0.55 0.55 0.55 0.55 0.55 0.55 0.55 0.54 0.54 0.54 0.54
  per-rule acc: 0.64 0.45
Epoch 1560 | Train: Loss=0.0187 Acc=99.8% | Test: Acc=46.6% | Best=54.5%(@1540)
  from x3: 0.44 0.46 0.47 0.46 0.47 0.46 0.46 0.46 0.47 0.47 0.47 0.47 0.47 0.47 0.47 0.47 0.47 0.47 0.47 0.47 0.47 0.47 0.47 0.47 0.47 0.47 0.47 0.47 0.47
  per-rule acc: 0.58 0.35
Epoch 1580 | Train: Loss=0.0012 Acc=100.0% | Test: Acc=55.7% | Best=55.7%(@1580)
  from x3: 0.55 0.55 0.56 0.56 0.56 0.56 0.56 0.56 0.56 0.56 0.56 0.56 0.56 0.56 0.56 0.56 0.56 0.56 0.56 0.56 0.56 0.56 0.56 0.56 0.55 0.56 0.56 0.55 0.55
  per-rule acc: 0.66 0.45
Epoch 1600 | Train: Loss=0.0014 Acc=100.0% | Test: Acc=58.5% | Best=58.5%(@1600)
  from x3: 0.58 0.59 0.58 0.58 0.58 0.59 0.59 0.59 0.59 0.59 0.59 0.59 0.59 0.59 0.59 0.59 0.59 0.59 0.59 0.59 0.59 0.59 0.58 0.59 0.58 0.59 0.59 0.58 0.58
  per-rule acc: 0.66 0.51
Epoch 1620 | Train: Loss=0.0085 Acc=99.9% | Test: Acc=50.4% | Best=58.5%(@1600)
  from x3: 0.49 0.50 0.50 0.50 0.50 0.50 0.50 0.50 0.50 0.50 0.50 0.50 0.50 0.50 0.50 0.51 0.51 0.51 0.51 0.51 0.51 0.51 0.51 0.51 0.51 0.51 0.51 0.51 0.51
  per-rule acc: 0.62 0.39
Epoch 1640 | Train: Loss=0.0012 Acc=100.0% | Test: Acc=57.7% | Best=58.5%(@1600)
  from x3: 0.56 0.57 0.57 0.57 0.58 0.58 0.57 0.58 0.58 0.58 0.58 0.58 0.58 0.58 0.58 0.58 0.58 0.58 0.58 0.58 0.58 0.58 0.58 0.58 0.58 0.58 0.58 0.58 0.57
  per-rule acc: 0.67 0.49
Epoch 1660 | Train: Loss=0.0014 Acc=100.0% | Test: Acc=61.4% | Best=61.4%(@1660)
  from x3: 0.59 0.61 0.61 0.61 0.62 0.62 0.61 0.62 0.62 0.62 0.62 0.62 0.62 0.62 0.62 0.62 0.61 0.62 0.62 0.62 0.62 0.61 0.61 0.61 0.61 0.61 0.61 0.61 0.61
  per-rule acc: 0.68 0.54
Epoch 1680 | Train: Loss=0.0011 Acc=100.0% | Test: Acc=58.7% | Best=61.4%(@1660)
  from x3: 0.57 0.59 0.58 0.59 0.58 0.59 0.58 0.59 0.59 0.59 0.59 0.59 0.59 0.59 0.59 0.59 0.59 0.59 0.59 0.59 0.59 0.59 0.59 0.59 0.59 0.59 0.59 0.59 0.59
  per-rule acc: 0.69 0.48
Epoch 1700 | Train: Loss=0.0013 Acc=100.0% | Test: Acc=61.4% | Best=61.4%(@1660)
  from x3: 0.61 0.62 0.61 0.61 0.62 0.62 0.61 0.62 0.61 0.62 0.62 0.62 0.61 0.61 0.61 0.61 0.61 0.61 0.61 0.61 0.61 0.61 0.61 0.61 0.61 0.62 0.61 0.62 0.61
  per-rule acc: 0.70 0.53
Epoch 1720 | Train: Loss=0.0010 Acc=100.0% | Test: Acc=60.2% | Best=61.4%(@1660)
  from x3: 0.58 0.60 0.60 0.60 0.60 0.60 0.60 0.60 0.60 0.60 0.60 0.60 0.60 0.60 0.60 0.60 0.60 0.60 0.60 0.60 0.60 0.60 0.61 0.60 0.60 0.60 0.60 0.61 0.60
  per-rule acc: 0.72 0.49
Epoch 1740 | Train: Loss=0.0012 Acc=100.0% | Test: Acc=62.0% | Best=62.0%(@1740)
  from x3: 0.62 0.62 0.62 0.62 0.62 0.62 0.62 0.62 0.62 0.62 0.63 0.62 0.62 0.62 0.62 0.62 0.62 0.62 0.62 0.62 0.62 0.62 0.62 0.62 0.62 0.62 0.62 0.62 0.62
  per-rule acc: 0.70 0.54
Epoch 1760 | Train: Loss=0.0014 Acc=100.0% | Test: Acc=65.3% | Best=65.3%(@1760)
  from x3: 0.63 0.65 0.65 0.65 0.65 0.65 0.65 0.65 0.65 0.65 0.66 0.66 0.66 0.66 0.65 0.66 0.66 0.65 0.66 0.66 0.66 0.66 0.65 0.66 0.65 0.65 0.66 0.65 0.65
  per-rule acc: 0.72 0.59
Epoch 1780 | Train: Loss=0.0010 Acc=100.0% | Test: Acc=62.8% | Best=65.3%(@1760)
  from x3: 0.62 0.62 0.62 0.63 0.63 0.63 0.63 0.63 0.63 0.63 0.63 0.63 0.63 0.63 0.63 0.63 0.63 0.63 0.63 0.63 0.63 0.63 0.63 0.63 0.63 0.63 0.63 0.63 0.63
  per-rule acc: 0.72 0.53
Epoch 1800 | Train: Loss=0.0013 Acc=100.0% | Test: Acc=66.5% | Best=66.5%(@1800)
  from x3: 0.65 0.66 0.66 0.66 0.67 0.67 0.66 0.66 0.67 0.67 0.67 0.67 0.67 0.67 0.67 0.67 0.67 0.67 0.67 0.67 0.67 0.67 0.66 0.67 0.66 0.67 0.66 0.66 0.66
  per-rule acc: 0.74 0.59
Epoch 1820 | Train: Loss=0.0014 Acc=100.0% | Test: Acc=69.0% | Best=69.0%(@1820)
  from x3: 0.67 0.69 0.68 0.68 0.68 0.69 0.69 0.69 0.69 0.69 0.69 0.69 0.69 0.69 0.69 0.69 0.69 0.69 0.69 0.69 0.69 0.69 0.69 0.69 0.69 0.69 0.69 0.69 0.69
  per-rule acc: 0.75 0.63
Epoch 1840 | Train: Loss=0.0010 Acc=100.0% | Test: Acc=64.9% | Best=69.0%(@1820)
  from x3: 0.65 0.64 0.65 0.65 0.65 0.65 0.65 0.65 0.65 0.65 0.65 0.65 0.65 0.65 0.65 0.65 0.65 0.65 0.65 0.65 0.65 0.65 0.65 0.65 0.65 0.65 0.65 0.65 0.65
  per-rule acc: 0.75 0.55
Epoch 1860 | Train: Loss=0.0013 Acc=100.0% | Test: Acc=68.6% | Best=69.0%(@1820)
  from x3: 0.68 0.68 0.68 0.68 0.68 0.68 0.69 0.69 0.69 0.69 0.69 0.69 0.69 0.69 0.69 0.69 0.69 0.69 0.69 0.69 0.69 0.69 0.69 0.69 0.69 0.69 0.69 0.69 0.68
  per-rule acc: 0.76 0.61
Epoch 1880 | Train: Loss=0.0021 Acc=100.0% | Test: Acc=61.6% | Best=69.0%(@1820)
  from x3: 0.60 0.62 0.62 0.62 0.62 0.62 0.62 0.62 0.62 0.62 0.62 0.62 0.62 0.62 0.62 0.62 0.62 0.62 0.62 0.62 0.61 0.62 0.61 0.61 0.61 0.61 0.62 0.61 0.62
  per-rule acc: 0.72 0.51
Epoch 1900 | Train: Loss=0.0012 Acc=100.0% | Test: Acc=67.0% | Best=69.0%(@1820)
  from x3: 0.66 0.67 0.67 0.67 0.67 0.67 0.67 0.67 0.67 0.67 0.67 0.67 0.67 0.67 0.67 0.67 0.67 0.67 0.67 0.67 0.67 0.67 0.67 0.67 0.67 0.67 0.67 0.67 0.67
  per-rule acc: 0.75 0.58
Epoch 1920 | Train: Loss=0.0013 Acc=100.0% | Test: Acc=70.4% | Best=70.4%(@1920)
  from x3: 0.70 0.70 0.70 0.70 0.70 0.70 0.71 0.71 0.70 0.71 0.71 0.70 0.71 0.70 0.71 0.70 0.70 0.70 0.70 0.70 0.71 0.70 0.71 0.70 0.71 0.70 0.70 0.70 0.70
  per-rule acc: 0.77 0.64
Epoch 1940 | Train: Loss=0.0010 Acc=100.0% | Test: Acc=66.2% | Best=70.4%(@1920)
  from x3: 0.64 0.66 0.65 0.66 0.66 0.66 0.66 0.66 0.66 0.66 0.67 0.66 0.67 0.66 0.66 0.66 0.66 0.66 0.66 0.66 0.66 0.66 0.66 0.66 0.66 0.66 0.67 0.67 0.67
  per-rule acc: 0.75 0.57
Epoch 1960 | Train: Loss=0.0013 Acc=100.0% | Test: Acc=69.4% | Best=70.4%(@1920)
  from x3: 0.68 0.69 0.69 0.69 0.69 0.69 0.69 0.70 0.70 0.70 0.70 0.69 0.69 0.70 0.70 0.69 0.69 0.70 0.69 0.69 0.69 0.69 0.69 0.69 0.69 0.69 0.69 0.69 0.69
  per-rule acc: 0.76 0.62
Epoch 1980 | Train: Loss=0.0014 Acc=100.0% | Test: Acc=72.8% | Best=72.8%(@1980)
  from x3: 0.71 0.72 0.72 0.72 0.73 0.72 0.73 0.73 0.73 0.73 0.73 0.73 0.73 0.73 0.73 0.73 0.73 0.73 0.73 0.73 0.73 0.73 0.73 0.73 0.73 0.73 0.73 0.73 0.73
  per-rule acc: 0.78 0.68
Epoch 2000 | Train: Loss=0.0010 Acc=100.0% | Test: Acc=68.2% | Best=72.8%(@1980)
  from x3: 0.68 0.68 0.68 0.69 0.69 0.69 0.69 0.68 0.68 0.68 0.68 0.68 0.68 0.68 0.68 0.68 0.68 0.68 0.68 0.68 0.68 0.68 0.68 0.68 0.68 0.68 0.68 0.68 0.68
  per-rule acc: 0.79 0.58
Epoch 2020 | Train: Loss=0.0013 Acc=100.0% | Test: Acc=72.6% | Best=72.8%(@1980)
  from x3: 0.71 0.72 0.72 0.72 0.72 0.73 0.73 0.73 0.73 0.73 0.73 0.73 0.73 0.73 0.73 0.73 0.73 0.73 0.73 0.73 0.73 0.73 0.73 0.73 0.73 0.73 0.73 0.72 0.72
  per-rule acc: 0.80 0.65
Epoch 2040 | Train: Loss=0.0026 Acc=100.0% | Test: Acc=66.4% | Best=72.8%(@1980)
  from x3: 0.64 0.66 0.66 0.66 0.66 0.66 0.66 0.66 0.66 0.66 0.66 0.67 0.66 0.66 0.67 0.67 0.67 0.67 0.67 0.67 0.67 0.67 0.67 0.67 0.67 0.67 0.67 0.67 0.67
  per-rule acc: 0.77 0.56
Epoch 2060 | Train: Loss=0.0011 Acc=100.0% | Test: Acc=70.7% | Best=72.8%(@1980)
  from x3: 0.70 0.70 0.71 0.71 0.71 0.71 0.71 0.71 0.71 0.71 0.71 0.71 0.71 0.71 0.71 0.71 0.71 0.71 0.71 0.71 0.71 0.71 0.71 0.71 0.71 0.71 0.71 0.71 0.71
  per-rule acc: 0.80 0.62
Epoch 2080 | Train: Loss=0.0013 Acc=100.0% | Test: Acc=74.6% | Best=74.6%(@2080)
  from x3: 0.72 0.74 0.74 0.74 0.75 0.75 0.75 0.75 0.75 0.75 0.75 0.75 0.75 0.75 0.75 0.75 0.75 0.75 0.75 0.75 0.75 0.75 0.75 0.75 0.75 0.75 0.75 0.75 0.75
  per-rule acc: 0.80 0.69
Epoch 2100 | Train: Loss=0.0361 Acc=99.6% | Test: Acc=57.9% | Best=74.6%(@2080)
  from x3: 0.57 0.58 0.58 0.58 0.58 0.58 0.58 0.58 0.58 0.58 0.58 0.58 0.58 0.58 0.58 0.58 0.58 0.58 0.58 0.58 0.58 0.58 0.58 0.58 0.58 0.58 0.58 0.58 0.58
  per-rule acc: 0.66 0.50
Epoch 2120 | Train: Loss=0.0011 Acc=100.0% | Test: Acc=71.8% | Best=74.6%(@2080)
  from x3: 0.70 0.71 0.72 0.72 0.72 0.72 0.72 0.72 0.72 0.72 0.72 0.72 0.72 0.72 0.72 0.72 0.72 0.72 0.72 0.72 0.72 0.72 0.72 0.72 0.72 0.72 0.72 0.72 0.72
  per-rule acc: 0.78 0.65
Epoch 2140 | Train: Loss=0.0013 Acc=100.0% | Test: Acc=74.7% | Best=74.7%(@2140)
  from x3: 0.74 0.75 0.75 0.75 0.75 0.75 0.75 0.75 0.75 0.75 0.75 0.75 0.75 0.75 0.75 0.75 0.75 0.75 0.75 0.75 0.74 0.75 0.75 0.75 0.75 0.75 0.75 0.75 0.75
  per-rule acc: 0.79 0.70
Epoch 2160 | Train: Loss=0.0117 Acc=99.9% | Test: Acc=65.0% | Best=74.7%(@2140)
  from x3: 0.62 0.64 0.65 0.65 0.65 0.65 0.65 0.65 0.65 0.65 0.65 0.65 0.65 0.65 0.65 0.65 0.65 0.65 0.65 0.65 0.65 0.65 0.65 0.65 0.65 0.65 0.65 0.65 0.65
  per-rule acc: 0.75 0.55
Epoch 2180 | Train: Loss=0.0011 Acc=100.0% | Test: Acc=74.6% | Best=74.7%(@2140)
  from x3: 0.73 0.74 0.74 0.74 0.74 0.75 0.74 0.74 0.75 0.75 0.75 0.75 0.75 0.75 0.75 0.75 0.74 0.75 0.75 0.75 0.75 0.75 0.75 0.75 0.75 0.75 0.75 0.75 0.75
  per-rule acc: 0.82 0.67
Epoch 2200 | Train: Loss=0.0013 Acc=100.0% | Test: Acc=77.5% | Best=77.5%(@2200)
  from x3: 0.76 0.78 0.77 0.77 0.78 0.78 0.78 0.78 0.78 0.78 0.78 0.78 0.78 0.77 0.78 0.77 0.77 0.77 0.77 0.78 0.78 0.78 0.77 0.77 0.77 0.77 0.78 0.77 0.78
  per-rule acc: 0.83 0.72
Epoch 2220 | Train: Loss=0.0020 Acc=100.0% | Test: Acc=70.6% | Best=77.5%(@2200)
  from x3: 0.69 0.71 0.70 0.70 0.71 0.71 0.70 0.71 0.71 0.71 0.71 0.71 0.71 0.71 0.71 0.71 0.71 0.71 0.71 0.71 0.71 0.70 0.71 0.71 0.71 0.71 0.71 0.71 0.71
  per-rule acc: 0.80 0.61
Epoch 2240 | Train: Loss=0.0012 Acc=100.0% | Test: Acc=75.3% | Best=77.5%(@2200)
  from x3: 0.74 0.74 0.74 0.75 0.75 0.75 0.75 0.75 0.75 0.75 0.76 0.76 0.76 0.75 0.76 0.76 0.75 0.76 0.76 0.75 0.75 0.76 0.76 0.75 0.76 0.75 0.76 0.75 0.75
  per-rule acc: 0.81 0.69
Epoch 2260 | Train: Loss=0.0014 Acc=100.0% | Test: Acc=78.3% | Best=78.3%(@2260)
  from x3: 0.76 0.77 0.78 0.78 0.78 0.78 0.78 0.78 0.78 0.78 0.78 0.78 0.78 0.78 0.78 0.78 0.79 0.79 0.79 0.79 0.79 0.79 0.79 0.79 0.79 0.79 0.78 0.79 0.79
  per-rule acc: 0.82 0.75
Epoch 2280 | Train: Loss=0.0377 Acc=99.6% | Test: Acc=59.7% | Best=78.3%(@2260)
  from x3: 0.58 0.60 0.60 0.59 0.60 0.60 0.60 0.59 0.59 0.60 0.59 0.60 0.60 0.60 0.60 0.60 0.60 0.60 0.60 0.60 0.60 0.60 0.60 0.60 0.60 0.60 0.60 0.60 0.60
  per-rule acc: 0.69 0.51
Epoch 2300 | Train: Loss=0.0010 Acc=100.0% | Test: Acc=76.2% | Best=78.3%(@2260)
  from x3: 0.75 0.76 0.76 0.76 0.76 0.76 0.76 0.76 0.76 0.76 0.76 0.76 0.76 0.76 0.76 0.76 0.76 0.76 0.76 0.76 0.76 0.76 0.76 0.76 0.76 0.76 0.76 0.76 0.76
  per-rule acc: 0.82 0.71
Epoch 2320 | Train: Loss=0.0013 Acc=100.0% | Test: Acc=79.2% | Best=79.2%(@2320)
  from x3: 0.78 0.79 0.79 0.79 0.79 0.79 0.79 0.79 0.79 0.79 0.79 0.80 0.80 0.79 0.80 0.79 0.79 0.79 0.79 0.79 0.79 0.79 0.79 0.79 0.79 0.79 0.79 0.79 0.79
  per-rule acc: 0.82 0.76
Epoch 2340 | Train: Loss=0.0010 Acc=100.0% | Test: Acc=75.4% | Best=79.2%(@2320)
  from x3: 0.75 0.75 0.75 0.76 0.75 0.75 0.76 0.75 0.76 0.75 0.75 0.75 0.75 0.75 0.75 0.76 0.76 0.75 0.75 0.75 0.75 0.75 0.75 0.75 0.75 0.75 0.76 0.76 0.76
  per-rule acc: 0.82 0.69
Epoch 2360 | Train: Loss=0.0013 Acc=100.0% | Test: Acc=78.0% | Best=79.2%(@2320)
  from x3: 0.78 0.78 0.78 0.78 0.78 0.78 0.78 0.78 0.78 0.78 0.78 0.78 0.78 0.78 0.78 0.78 0.78 0.78 0.78 0.78 0.78 0.78 0.78 0.78 0.78 0.78 0.78 0.78 0.78
  per-rule acc: 0.82 0.74
Epoch 2380 | Train: Loss=0.1250 Acc=99.6% | Test: Acc=58.8% | Best=79.2%(@2320)
  from x3: 0.55 0.58 0.59 0.58 0.58 0.58 0.59 0.59 0.59 0.59 0.59 0.59 0.59 0.59 0.59 0.59 0.59 0.59 0.59 0.59 0.59 0.59 0.59 0.59 0.59 0.59 0.59 0.59 0.59
  per-rule acc: 0.64 0.53
Epoch 2400 | Train: Loss=0.0011 Acc=100.0% | Test: Acc=78.5% | Best=79.2%(@2320)
  from x3: 0.77 0.78 0.78 0.78 0.78 0.78 0.78 0.78 0.79 0.79 0.79 0.79 0.79 0.79 0.79 0.79 0.79 0.79 0.79 0.79 0.79 0.79 0.79 0.79 0.79 0.79 0.79 0.79 0.79
  per-rule acc: 0.83 0.74
Epoch 2420 | Train: Loss=0.0013 Acc=100.0% | Test: Acc=81.5% | Best=81.5%(@2420)
  from x3: 0.80 0.81 0.81 0.81 0.81 0.81 0.81 0.81 0.81 0.81 0.81 0.81 0.81 0.81 0.82 0.82 0.82 0.82 0.82 0.82 0.82 0.82 0.82 0.82 0.82 0.82 0.82 0.82 0.82
  per-rule acc: 0.85 0.78
Epoch 2440 | Train: Loss=0.0013 Acc=100.0% | Test: Acc=75.6% | Best=81.5%(@2420)
  from x3: 0.75 0.75 0.75 0.75 0.75 0.75 0.75 0.75 0.75 0.75 0.75 0.75 0.75 0.75 0.76 0.76 0.76 0.76 0.76 0.76 0.76 0.76 0.76 0.76 0.76 0.76 0.76 0.76 0.76
  per-rule acc: 0.83 0.69
Epoch 2460 | Train: Loss=0.0011 Acc=100.0% | Test: Acc=78.6% | Best=81.5%(@2420)
  from x3: 0.78 0.78 0.78 0.78 0.78 0.79 0.79 0.78 0.79 0.79 0.79 0.79 0.79 0.78 0.78 0.79 0.79 0.79 0.79 0.78 0.79 0.79 0.79 0.79 0.78 0.78 0.78 0.78 0.79
  per-rule acc: 0.83 0.74
Epoch 2480 | Train: Loss=0.0099 Acc=99.9% | Test: Acc=69.8% | Best=81.5%(@2420)
  from x3: 0.67 0.70 0.70 0.70 0.70 0.70 0.70 0.70 0.70 0.70 0.70 0.70 0.70 0.70 0.70 0.70 0.70 0.70 0.70 0.70 0.70 0.70 0.70 0.70 0.70 0.70 0.70 0.70 0.70
  per-rule acc: 0.78 0.62
Epoch 2500 | Train: Loss=0.0011 Acc=100.0% | Test: Acc=80.0% | Best=81.5%(@2420)
  from x3: 0.80 0.80 0.80 0.80 0.80 0.80 0.80 0.80 0.80 0.80 0.80 0.80 0.80 0.80 0.80 0.80 0.80 0.80 0.80 0.80 0.80 0.80 0.80 0.80 0.80 0.80 0.80 0.80 0.80
  per-rule acc: 0.84 0.76
Epoch 2520 | Train: Loss=0.0014 Acc=100.0% | Test: Acc=82.2% | Best=82.2%(@2520)
  from x3: 0.81 0.81 0.81 0.82 0.82 0.82 0.82 0.82 0.82 0.82 0.82 0.82 0.83 0.82 0.82 0.83 0.82 0.82 0.82 0.82 0.82 0.82 0.82 0.82 0.82 0.82 0.82 0.82 0.82
  per-rule acc: 0.85 0.79
Epoch 2540 | Train: Loss=0.0090 Acc=99.9% | Test: Acc=71.5% | Best=82.2%(@2520)
  from x3: 0.71 0.71 0.71 0.71 0.71 0.71 0.71 0.71 0.71 0.71 0.71 0.72 0.72 0.71 0.72 0.72 0.72 0.72 0.72 0.72 0.72 0.72 0.72 0.72 0.72 0.72 0.72 0.72 0.72
  per-rule acc: 0.79 0.64
Epoch 2560 | Train: Loss=0.0011 Acc=100.0% | Test: Acc=79.8% | Best=82.2%(@2520)
  from x3: 0.80 0.80 0.80 0.79 0.80 0.80 0.80 0.80 0.79 0.80 0.80 0.80 0.80 0.80 0.80 0.80 0.80 0.80 0.80 0.80 0.80 0.80 0.80 0.80 0.80 0.80 0.80 0.80 0.80
  per-rule acc: 0.85 0.75
Epoch 2580 | Train: Loss=0.0013 Acc=100.0% | Test: Acc=82.6% | Best=82.6%(@2580)
  from x3: 0.82 0.82 0.82 0.82 0.82 0.83 0.83 0.83 0.83 0.83 0.83 0.83 0.83 0.83 0.83 0.83 0.83 0.83 0.83 0.83 0.83 0.83 0.83 0.83 0.83 0.83 0.83 0.83 0.83
  per-rule acc: 0.85 0.80
Epoch 2600 | Train: Loss=0.0044 Acc=100.0% | Test: Acc=76.2% | Best=82.6%(@2580)
  from x3: 0.74 0.76 0.76 0.76 0.76 0.76 0.76 0.76 0.76 0.76 0.76 0.76 0.76 0.76 0.76 0.76 0.76 0.76 0.76 0.76 0.76 0.77 0.77 0.76 0.76 0.76 0.76 0.76 0.76
  per-rule acc: 0.80 0.72
Epoch 2620 | Train: Loss=0.0010 Acc=100.0% | Test: Acc=82.8% | Best=82.8%(@2620)
  from x3: 0.82 0.82 0.82 0.83 0.83 0.83 0.83 0.83 0.83 0.83 0.83 0.83 0.83 0.83 0.83 0.83 0.83 0.83 0.83 0.83 0.83 0.83 0.83 0.83 0.83 0.83 0.83 0.83 0.83
  per-rule acc: 0.86 0.79
Epoch 2640 | Train: Loss=0.0013 Acc=100.0% | Test: Acc=85.2% | Best=85.2%(@2640)
  from x3: 0.84 0.85 0.85 0.85 0.85 0.85 0.85 0.85 0.85 0.85 0.85 0.85 0.85 0.85 0.85 0.85 0.85 0.85 0.85 0.85 0.85 0.85 0.85 0.85 0.85 0.85 0.85 0.85 0.85
  per-rule acc: 0.87 0.83
Epoch 2660 | Train: Loss=0.0014 Acc=100.0% | Test: Acc=86.1% | Best=86.1%(@2660)
  from x3: 0.84 0.85 0.85 0.86 0.86 0.86 0.86 0.86 0.86 0.86 0.86 0.86 0.86 0.86 0.86 0.86 0.86 0.87 0.86 0.86 0.86 0.86 0.86 0.86 0.86 0.86 0.86 0.86 0.86
  per-rule acc: 0.88 0.84
Epoch 2680 | Train: Loss=0.0010 Acc=100.0% | Test: Acc=81.3% | Best=86.1%(@2660)
  from x3: 0.81 0.81 0.81 0.81 0.81 0.81 0.81 0.81 0.81 0.81 0.82 0.81 0.81 0.81 0.81 0.81 0.82 0.82 0.81 0.81 0.81 0.81 0.81 0.81 0.81 0.81 0.81 0.81 0.81
  per-rule acc: 0.86 0.77
Epoch 2700 | Train: Loss=0.0012 Acc=100.0% | Test: Acc=84.5% | Best=86.1%(@2660)
  from x3: 0.84 0.84 0.84 0.84 0.84 0.85 0.85 0.85 0.85 0.85 0.85 0.85 0.85 0.85 0.85 0.85 0.85 0.85 0.85 0.85 0.84 0.85 0.84 0.85 0.85 0.85 0.85 0.84 0.84
  per-rule acc: 0.87 0.82
Epoch 2720 | Train: Loss=0.0360 Acc=99.6% | Test: Acc=67.2% | Best=86.1%(@2660)
  from x3: 0.65 0.68 0.67 0.67 0.67 0.67 0.67 0.67 0.67 0.67 0.67 0.67 0.67 0.67 0.67 0.67 0.67 0.67 0.67 0.67 0.67 0.67 0.67 0.68 0.68 0.68 0.68 0.68 0.68
  per-rule acc: 0.75 0.59
Epoch 2740 | Train: Loss=0.0009 Acc=100.0% | Test: Acc=80.9% | Best=86.1%(@2660)
  from x3: 0.80 0.81 0.81 0.81 0.81 0.81 0.81 0.81 0.81 0.81 0.81 0.81 0.81 0.81 0.81 0.81 0.81 0.81 0.81 0.81 0.81 0.81 0.81 0.81 0.81 0.81 0.81 0.81 0.81
  per-rule acc: 0.85 0.77
Epoch 2760 | Train: Loss=0.0012 Acc=100.0% | Test: Acc=83.6% | Best=86.1%(@2660)
  from x3: 0.81 0.83 0.83 0.84 0.84 0.83 0.84 0.83 0.84 0.84 0.84 0.84 0.84 0.84 0.84 0.84 0.84 0.84 0.84 0.84 0.84 0.84 0.84 0.84 0.84 0.84 0.84 0.84 0.84
  per-rule acc: 0.86 0.81
Epoch 2780 | Train: Loss=0.0014 Acc=100.0% | Test: Acc=85.9% | Best=86.1%(@2660)
  from x3: 0.84 0.85 0.85 0.86 0.86 0.86 0.86 0.86 0.86 0.86 0.86 0.86 0.86 0.86 0.86 0.86 0.86 0.86 0.86 0.86 0.86 0.86 0.86 0.86 0.86 0.86 0.86 0.86 0.86
  per-rule acc: 0.88 0.84
Epoch 2800 | Train: Loss=0.0010 Acc=100.0% | Test: Acc=83.8% | Best=86.1%(@2660)
  from x3: 0.83 0.83 0.83 0.84 0.84 0.84 0.84 0.84 0.84 0.84 0.84 0.84 0.84 0.84 0.84 0.84 0.84 0.84 0.84 0.84 0.84 0.84 0.84 0.84 0.84 0.84 0.84 0.84 0.84
  per-rule acc: 0.88 0.79
Epoch 2820 | Train: Loss=0.0012 Acc=100.0% | Test: Acc=86.0% | Best=86.1%(@2660)
  from x3: 0.85 0.86 0.86 0.86 0.86 0.86 0.86 0.86 0.86 0.86 0.86 0.86 0.86 0.86 0.86 0.86 0.86 0.86 0.86 0.86 0.86 0.86 0.86 0.86 0.86 0.86 0.86 0.86 0.86
  per-rule acc: 0.89 0.83
Epoch 2840 | Train: Loss=0.0251 Acc=99.7% | Test: Acc=72.0% | Best=86.1%(@2660)
  from x3: 0.70 0.72 0.72 0.72 0.72 0.72 0.72 0.72 0.72 0.72 0.72 0.72 0.72 0.72 0.72 0.72 0.72 0.72 0.72 0.72 0.72 0.72 0.72 0.72 0.72 0.72 0.72 0.72 0.72
  per-rule acc: 0.77 0.67
Epoch 2860 | Train: Loss=0.0011 Acc=100.0% | Test: Acc=85.2% | Best=86.1%(@2660)
  from x3: 0.84 0.85 0.85 0.85 0.85 0.85 0.85 0.85 0.85 0.85 0.85 0.85 0.85 0.85 0.85 0.85 0.85 0.85 0.85 0.85 0.85 0.85 0.85 0.85 0.85 0.85 0.85 0.85 0.85
  per-rule acc: 0.89 0.81
Epoch 2880 | Train: Loss=0.0013 Acc=100.0% | Test: Acc=86.9% | Best=86.9%(@2880)
  from x3: 0.85 0.86 0.87 0.87 0.87 0.87 0.87 0.87 0.87 0.87 0.87 0.87 0.87 0.87 0.87 0.87 0.87 0.87 0.87 0.87 0.87 0.87 0.87 0.87 0.87 0.87 0.87 0.87 0.87
  per-rule acc: 0.89 0.84
Epoch 2900 | Train: Loss=0.0128 Acc=99.8% | Test: Acc=75.4% | Best=86.9%(@2880)
  from x3: 0.73 0.75 0.76 0.75 0.75 0.76 0.75 0.75 0.76 0.75 0.75 0.75 0.76 0.76 0.76 0.76 0.76 0.76 0.76 0.76 0.76 0.76 0.76 0.76 0.76 0.76 0.76 0.76 0.76
  per-rule acc: 0.79 0.72
Epoch 2920 | Train: Loss=0.0011 Acc=100.0% | Test: Acc=84.4% | Best=86.9%(@2880)
  from x3: 0.84 0.85 0.85 0.85 0.85 0.85 0.84 0.85 0.84 0.84 0.84 0.84 0.84 0.85 0.84 0.84 0.84 0.84 0.84 0.84 0.84 0.84 0.84 0.84 0.84 0.85 0.84 0.85 0.84
  per-rule acc: 0.88 0.81
Epoch 2940 | Train: Loss=0.0013 Acc=100.0% | Test: Acc=86.6% | Best=86.9%(@2880)
  from x3: 0.85 0.86 0.86 0.87 0.87 0.87 0.86 0.86 0.87 0.87 0.87 0.87 0.87 0.87 0.87 0.87 0.87 0.87 0.87 0.87 0.87 0.87 0.87 0.87 0.87 0.87 0.87 0.87 0.87
  per-rule acc: 0.89 0.84
Epoch 2960 | Train: Loss=0.0013 Acc=100.0% | Test: Acc=88.4% | Best=88.4%(@2960)
  from x3: 0.86 0.88 0.88 0.88 0.88 0.89 0.88 0.88 0.88 0.89 0.89 0.88 0.89 0.89 0.89 0.89 0.89 0.88 0.89 0.89 0.89 0.89 0.89 0.89 0.89 0.89 0.89 0.89 0.89
  per-rule acc: 0.90 0.86
Epoch 2980 | Train: Loss=0.0010 Acc=100.0% | Test: Acc=85.9% | Best=88.4%(@2960)
  from x3: 0.86 0.85 0.86 0.86 0.86 0.86 0.86 0.86 0.86 0.86 0.86 0.86 0.86 0.86 0.86 0.86 0.86 0.86 0.86 0.86 0.86 0.86 0.86 0.86 0.86 0.86 0.86 0.86 0.86
  per-rule acc: 0.90 0.82
Epoch 3000 | Train: Loss=0.0012 Acc=100.0% | Test: Acc=88.0% | Best=88.4%(@2960)
  from x3: 0.87 0.87 0.88 0.88 0.88 0.88 0.88 0.88 0.88 0.88 0.88 0.88 0.88 0.88 0.88 0.88 0.88 0.88 0.88 0.88 0.88 0.88 0.88 0.88 0.88 0.88 0.88 0.88 0.88
  per-rule acc: 0.91 0.86
Epoch 3020 | Train: Loss=0.0023 Acc=100.0% | Test: Acc=81.8% | Best=88.4%(@2960)
  from x3: 0.81 0.81 0.81 0.82 0.82 0.82 0.82 0.82 0.82 0.82 0.82 0.82 0.82 0.82 0.82 0.82 0.82 0.82 0.82 0.82 0.82 0.82 0.82 0.82 0.82 0.82 0.82 0.82 0.82
  per-rule acc: 0.87 0.76
Epoch 3040 | Train: Loss=0.0011 Acc=100.0% | Test: Acc=86.6% | Best=88.4%(@2960)
  from x3: 0.86 0.86 0.86 0.87 0.86 0.86 0.86 0.87 0.87 0.87 0.86 0.87 0.87 0.87 0.87 0.87 0.87 0.87 0.87 0.87 0.87 0.87 0.87 0.87 0.87 0.87 0.87 0.87 0.87
  per-rule acc: 0.90 0.83
Epoch 3060 | Train: Loss=0.0013 Acc=100.0% | Test: Acc=88.2% | Best=88.4%(@2960)
  from x3: 0.87 0.88 0.88 0.88 0.88 0.88 0.88 0.88 0.88 0.88 0.88 0.88 0.88 0.88 0.88 0.88 0.88 0.88 0.88 0.88 0.88 0.88 0.88 0.88 0.88 0.88 0.88 0.88 0.88
  per-rule acc: 0.90 0.86
Epoch 3080 | Train: Loss=0.0390 Acc=99.6% | Test: Acc=73.7% | Best=88.4%(@2960)
  from x3: 0.72 0.73 0.74 0.74 0.73 0.73 0.74 0.74 0.74 0.74 0.74 0.74 0.74 0.74 0.73 0.74 0.74 0.74 0.74 0.74 0.74 0.74 0.74 0.74 0.74 0.74 0.74 0.74 0.74
  per-rule acc: 0.79 0.68
Epoch 3100 | Train: Loss=0.0010 Acc=100.0% | Test: Acc=85.3% | Best=88.4%(@2960)
  from x3: 0.85 0.85 0.84 0.85 0.85 0.85 0.86 0.85 0.85 0.86 0.86 0.85 0.86 0.86 0.86 0.86 0.85 0.86 0.86 0.85 0.85 0.85 0.85 0.85 0.85 0.85 0.85 0.85 0.85
  per-rule acc: 0.89 0.82
Epoch 3120 | Train: Loss=0.0012 Acc=100.0% | Test: Acc=87.6% | Best=88.4%(@2960)
  from x3: 0.87 0.87 0.87 0.87 0.88 0.87 0.87 0.88 0.88 0.88 0.88 0.88 0.88 0.88 0.88 0.88 0.88 0.88 0.88 0.88 0.88 0.88 0.88 0.88 0.88 0.88 0.88 0.88 0.88
  per-rule acc: 0.90 0.85
Epoch 3140 | Train: Loss=0.0056 Acc=100.0% | Test: Acc=81.3% | Best=88.4%(@2960)
  from x3: 0.79 0.81 0.82 0.81 0.81 0.81 0.82 0.81 0.81 0.81 0.81 0.81 0.81 0.81 0.81 0.81 0.81 0.81 0.81 0.81 0.81 0.81 0.81 0.81 0.81 0.82 0.82 0.82 0.82
  per-rule acc: 0.87 0.76
Epoch 3160 | Train: Loss=0.0011 Acc=100.0% | Test: Acc=88.3% | Best=88.4%(@2960)
  from x3: 0.88 0.88 0.88 0.88 0.88 0.88 0.88 0.88 0.88 0.88 0.88 0.88 0.88 0.88 0.88 0.88 0.88 0.88 0.88 0.88 0.88 0.88 0.88 0.88 0.88 0.88 0.88 0.88 0.88
  per-rule acc: 0.91 0.85
Epoch 3180 | Train: Loss=0.0013 Acc=100.0% | Test: Acc=90.1% | Best=90.1%(@3180)
  from x3: 0.88 0.89 0.90 0.90 0.90 0.90 0.90 0.90 0.90 0.90 0.90 0.90 0.90 0.90 0.90 0.91 0.90 0.90 0.90 0.91 0.90 0.90 0.91 0.90 0.90 0.90 0.90 0.90 0.90
  per-rule acc: 0.92 0.88
Epoch 3200 | Train: Loss=0.0519 Acc=99.3% | Test: Acc=73.5% | Best=90.1%(@3180)
  from x3: 0.70 0.73 0.73 0.73 0.73 0.73 0.73 0.74 0.73 0.74 0.73 0.74 0.74 0.74 0.74 0.74 0.74 0.74 0.74 0.74 0.74 0.74 0.74 0.74 0.74 0.74 0.74 0.74 0.74
  per-rule acc: 0.80 0.67
Epoch 3220 | Train: Loss=0.0010 Acc=100.0% | Test: Acc=88.9% | Best=90.1%(@3180)
  from x3: 0.88 0.89 0.89 0.89 0.89 0.89 0.89 0.89 0.89 0.89 0.89 0.89 0.89 0.89 0.89 0.89 0.89 0.89 0.89 0.89 0.89 0.89 0.89 0.89 0.89 0.89 0.89 0.89 0.89
  per-rule acc: 0.92 0.86
Epoch 3240 | Train: Loss=0.0012 Acc=100.0% | Test: Acc=90.5% | Best=90.5%(@3240)
  from x3: 0.89 0.90 0.91 0.90 0.90 0.90 0.91 0.91 0.91 0.91 0.90 0.91 0.90 0.91 0.91 0.91 0.91 0.91 0.90 0.91 0.91 0.91 0.91 0.91 0.91 0.91 0.91 0.91 0.90
  per-rule acc: 0.93 0.88
Epoch 3260 | Train: Loss=0.0013 Acc=100.0% | Test: Acc=91.6% | Best=91.6%(@3260)
  from x3: 0.89 0.91 0.91 0.92 0.91 0.92 0.91 0.92 0.92 0.92 0.92 0.92 0.92 0.92 0.92 0.92 0.92 0.92 0.92 0.92 0.92 0.92 0.92 0.92 0.92 0.92 0.92 0.92 0.92
  per-rule acc: 0.93 0.90
Epoch 3280 | Train: Loss=0.0010 Acc=100.0% | Test: Acc=88.0% | Best=91.6%(@3260)
  from x3: 0.87 0.87 0.88 0.88 0.88 0.88 0.88 0.88 0.88 0.88 0.88 0.88 0.88 0.88 0.88 0.88 0.88 0.88 0.88 0.88 0.88 0.88 0.88 0.88 0.88 0.88 0.88 0.88 0.88
  per-rule acc: 0.92 0.84
Epoch 3300 | Train: Loss=0.0012 Acc=100.0% | Test: Acc=89.8% | Best=91.6%(@3260)
  from x3: 0.89 0.89 0.89 0.89 0.90 0.90 0.89 0.90 0.90 0.90 0.90 0.90 0.90 0.90 0.90 0.90 0.90 0.90 0.90 0.90 0.90 0.90 0.90 0.90 0.90 0.90 0.90 0.90 0.90
  per-rule acc: 0.93 0.87
Epoch 3320 | Train: Loss=0.0402 Acc=99.3% | Test: Acc=75.6% | Best=91.6%(@3260)
  from x3: 0.74 0.75 0.75 0.75 0.76 0.76 0.76 0.75 0.75 0.76 0.75 0.76 0.76 0.76 0.76 0.76 0.76 0.76 0.76 0.76 0.76 0.76 0.76 0.76 0.76 0.76 0.76 0.76 0.76
  per-rule acc: 0.82 0.69
Epoch 3340 | Train: Loss=0.0009 Acc=100.0% | Test: Acc=88.4% | Best=91.6%(@3260)
  from x3: 0.88 0.87 0.88 0.88 0.88 0.88 0.88 0.88 0.88 0.88 0.88 0.88 0.88 0.88 0.88 0.89 0.89 0.89 0.89 0.89 0.89 0.89 0.89 0.89 0.88 0.89 0.89 0.88 0.89
  per-rule acc: 0.92 0.85
Epoch 3360 | Train: Loss=0.0012 Acc=100.0% | Test: Acc=89.8% | Best=91.6%(@3260)
  from x3: 0.89 0.89 0.89 0.89 0.90 0.90 0.90 0.90 0.90 0.90 0.90 0.90 0.90 0.90 0.90 0.90 0.90 0.90 0.90 0.90 0.90 0.90 0.90 0.90 0.90 0.90 0.90 0.90 0.90
  per-rule acc: 0.93 0.87
Epoch 3380 | Train: Loss=0.0013 Acc=100.0% | Test: Acc=91.0% | Best=91.6%(@3260)
  from x3: 0.89 0.90 0.90 0.91 0.91 0.91 0.91 0.91 0.91 0.91 0.92 0.91 0.91 0.91 0.91 0.91 0.91 0.91 0.91 0.91 0.91 0.91 0.91 0.91 0.91 0.91 0.91 0.91 0.91
  per-rule acc: 0.93 0.89
Epoch 3400 | Train: Loss=0.0081 Acc=99.9% | Test: Acc=80.9% | Best=91.6%(@3260)
  from x3: 0.79 0.80 0.81 0.81 0.81 0.81 0.81 0.81 0.81 0.81 0.81 0.81 0.81 0.81 0.81 0.81 0.81 0.81 0.81 0.81 0.81 0.81 0.81 0.81 0.81 0.81 0.81 0.81 0.81
  per-rule acc: 0.86 0.75
Epoch 3420 | Train: Loss=0.0010 Acc=100.0% | Test: Acc=88.6% | Best=91.6%(@3260)
  from x3: 0.88 0.88 0.88 0.88 0.88 0.88 0.88 0.88 0.89 0.89 0.89 0.89 0.88 0.89 0.89 0.89 0.89 0.89 0.89 0.89 0.89 0.89 0.89 0.89 0.89 0.89 0.89 0.89 0.89
  per-rule acc: 0.92 0.85
Epoch 3440 | Train: Loss=0.0012 Acc=100.0% | Test: Acc=90.9% | Best=91.6%(@3260)
  from x3: 0.90 0.90 0.90 0.90 0.91 0.91 0.91 0.91 0.91 0.91 0.91 0.91 0.91 0.91 0.91 0.91 0.91 0.91 0.91 0.91 0.91 0.91 0.91 0.91 0.91 0.91 0.91 0.91 0.91
  per-rule acc: 0.93 0.89
Epoch 3460 | Train: Loss=0.0086 Acc=99.9% | Test: Acc=83.2% | Best=91.6%(@3260)
  from x3: 0.81 0.83 0.83 0.83 0.83 0.83 0.83 0.83 0.83 0.83 0.83 0.84 0.84 0.83 0.83 0.83 0.84 0.83 0.84 0.83 0.83 0.83 0.84 0.84 0.84 0.84 0.84 0.84 0.84
  per-rule acc: 0.89 0.77
Epoch 3480 | Train: Loss=0.0011 Acc=100.0% | Test: Acc=89.4% | Best=91.6%(@3260)
  from x3: 0.88 0.89 0.89 0.89 0.89 0.89 0.89 0.90 0.89 0.90 0.90 0.90 0.89 0.89 0.90 0.90 0.89 0.90 0.90 0.90 0.89 0.89 0.89 0.89 0.90 0.89 0.89 0.90 0.90
  per-rule acc: 0.93 0.86
Epoch 3500 | Train: Loss=0.0012 Acc=100.0% | Test: Acc=91.0% | Best=91.6%(@3260)
  from x3: 0.89 0.90 0.91 0.91 0.91 0.91 0.91 0.91 0.91 0.91 0.91 0.91 0.91 0.91 0.91 0.91 0.91 0.91 0.91 0.91 0.91 0.91 0.91 0.91 0.91 0.91 0.91 0.91 0.91
  per-rule acc: 0.93 0.89
Epoch 3520 | Train: Loss=0.0014 Acc=100.0% | Test: Acc=86.5% | Best=91.6%(@3260)
  from x3: 0.86 0.86 0.86 0.86 0.86 0.86 0.86 0.86 0.87 0.86 0.87 0.87 0.87 0.87 0.87 0.87 0.87 0.87 0.87 0.87 0.87 0.87 0.87 0.87 0.87 0.87 0.87 0.87 0.87
  per-rule acc: 0.90 0.83
Epoch 3540 | Train: Loss=0.0011 Acc=100.0% | Test: Acc=89.6% | Best=91.6%(@3260)
  from x3: 0.88 0.89 0.89 0.89 0.90 0.90 0.90 0.90 0.89 0.90 0.90 0.90 0.90 0.90 0.90 0.90 0.90 0.90 0.90 0.90 0.90 0.90 0.90 0.90 0.90 0.90 0.90 0.90 0.90
  per-rule acc: 0.92 0.87
Epoch 3560 | Train: Loss=0.0012 Acc=100.0% | Test: Acc=90.9% | Best=91.6%(@3260)
  from x3: 0.89 0.90 0.90 0.91 0.91 0.91 0.91 0.91 0.91 0.91 0.91 0.91 0.91 0.91 0.91 0.91 0.91 0.91 0.91 0.91 0.91 0.91 0.91 0.91 0.91 0.91 0.91 0.91 0.91
  per-rule acc: 0.93 0.89
Epoch 3580 | Train: Loss=0.0088 Acc=99.9% | Test: Acc=81.6% | Best=91.6%(@3260)
  from x3: 0.79 0.81 0.81 0.81 0.81 0.82 0.81 0.82 0.82 0.82 0.82 0.82 0.82 0.82 0.82 0.82 0.82 0.82 0.82 0.82 0.82 0.82 0.82 0.82 0.82 0.82 0.82 0.82 0.82
  per-rule acc: 0.87 0.76
Epoch 3600 | Train: Loss=0.0010 Acc=100.0% | Test: Acc=90.5% | Best=91.6%(@3260)
  from x3: 0.89 0.90 0.90 0.90 0.90 0.91 0.90 0.90 0.90 0.90 0.91 0.91 0.91 0.91 0.91 0.91 0.91 0.91 0.91 0.91 0.91 0.91 0.91 0.91 0.91 0.91 0.91 0.91 0.91
  per-rule acc: 0.94 0.87
Epoch 3620 | Train: Loss=0.0012 Acc=100.0% | Test: Acc=91.7% | Best=91.7%(@3620)
  from x3: 0.90 0.91 0.91 0.92 0.92 0.92 0.92 0.92 0.92 0.92 0.92 0.92 0.92 0.92 0.92 0.92 0.92 0.92 0.92 0.92 0.92 0.92 0.92 0.92 0.92 0.92 0.92 0.92 0.92
  per-rule acc: 0.94 0.90
Epoch 3640 | Train: Loss=0.0346 Acc=99.5% | Test: Acc=75.3% | Best=91.7%(@3620)
  from x3: 0.74 0.75 0.75 0.75 0.75 0.75 0.76 0.75 0.75 0.75 0.75 0.75 0.75 0.75 0.75 0.75 0.75 0.75 0.75 0.75 0.75 0.75 0.75 0.75 0.75 0.75 0.75 0.75 0.75
  per-rule acc: 0.81 0.70
Epoch 3660 | Train: Loss=0.0010 Acc=100.0% | Test: Acc=89.6% | Best=91.7%(@3620)
  from x3: 0.89 0.89 0.90 0.90 0.90 0.90 0.90 0.90 0.90 0.90 0.90 0.90 0.90 0.90 0.90 0.90 0.90 0.90 0.90 0.90 0.90 0.90 0.90 0.90 0.90 0.90 0.90 0.90 0.90
  per-rule acc: 0.93 0.87
Epoch 3680 | Train: Loss=0.0012 Acc=100.0% | Test: Acc=90.8% | Best=91.7%(@3620)
  from x3: 0.90 0.90 0.90 0.91 0.91 0.91 0.91 0.91 0.91 0.91 0.91 0.91 0.91 0.91 0.91 0.91 0.91 0.91 0.91 0.91 0.91 0.91 0.91 0.91 0.91 0.91 0.91 0.91 0.91
  per-rule acc: 0.93 0.89
Epoch 3700 | Train: Loss=0.0051 Acc=100.0% | Test: Acc=84.3% | Best=91.7%(@3620)
  from x3: 0.82 0.84 0.84 0.84 0.84 0.84 0.84 0.84 0.84 0.84 0.84 0.84 0.85 0.84 0.85 0.85 0.85 0.85 0.85 0.85 0.85 0.85 0.85 0.85 0.85 0.85 0.85 0.85 0.85
  per-rule acc: 0.87 0.81
Epoch 3720 | Train: Loss=0.0011 Acc=100.0% | Test: Acc=90.4% | Best=91.7%(@3620)
  from x3: 0.89 0.90 0.90 0.90 0.90 0.91 0.90 0.90 0.90 0.90 0.90 0.90 0.90 0.91 0.90 0.91 0.90 0.91 0.90 0.90 0.91 0.90 0.90 0.90 0.90 0.90 0.90 0.90 0.90
  per-rule acc: 0.93 0.88
Epoch 3740 | Train: Loss=0.0013 Acc=100.0% | Test: Acc=91.0% | Best=91.7%(@3620)
  from x3: 0.89 0.90 0.90 0.91 0.91 0.91 0.91 0.91 0.91 0.91 0.91 0.91 0.91 0.91 0.91 0.91 0.91 0.91 0.91 0.91 0.91 0.91 0.91 0.91 0.91 0.91 0.91 0.91 0.91
  per-rule acc: 0.93 0.89
Epoch 3760 | Train: Loss=0.0010 Acc=100.0% | Test: Acc=90.6% | Best=91.7%(@3620)
  from x3: 0.89 0.90 0.91 0.91 0.91 0.91 0.91 0.90 0.90 0.91 0.91 0.90 0.90 0.91 0.91 0.91 0.91 0.91 0.91 0.91 0.91 0.91 0.91 0.91 0.91 0.91 0.91 0.91 0.91
  per-rule acc: 0.94 0.87
Epoch 3780 | Train: Loss=0.0012 Acc=100.0% | Test: Acc=91.4% | Best=91.7%(@3620)
  from x3: 0.90 0.91 0.91 0.91 0.91 0.91 0.91 0.92 0.91 0.92 0.92 0.92 0.92 0.92 0.92 0.92 0.92 0.92 0.92 0.91 0.91 0.91 0.91 0.91 0.91 0.92 0.91 0.92 0.92
  per-rule acc: 0.94 0.89
Epoch 3800 | Train: Loss=0.0012 Acc=100.0% | Test: Acc=91.7% | Best=91.7%(@3620)
  from x3: 0.90 0.91 0.91 0.92 0.92 0.92 0.92 0.92 0.92 0.92 0.92 0.92 0.92 0.92 0.92 0.92 0.92 0.92 0.92 0.92 0.92 0.92 0.92 0.92 0.92 0.92 0.92 0.92 0.92
  per-rule acc: 0.94 0.90
Epoch 3820 | Train: Loss=0.0032 Acc=100.0% | Test: Acc=86.1% | Best=91.7%(@3620)
  from x3: 0.85 0.86 0.86 0.86 0.86 0.86 0.86 0.86 0.86 0.86 0.86 0.86 0.86 0.86 0.86 0.86 0.86 0.86 0.86 0.86 0.86 0.86 0.86 0.86 0.86 0.86 0.86 0.86 0.86
  per-rule acc: 0.91 0.82
Epoch 3840 | Train: Loss=0.0010 Acc=100.0% | Test: Acc=90.8% | Best=91.7%(@3620)
  from x3: 0.90 0.90 0.90 0.90 0.91 0.91 0.91 0.91 0.90 0.91 0.91 0.91 0.91 0.91 0.91 0.91 0.91 0.91 0.91 0.91 0.91 0.91 0.91 0.91 0.91 0.91 0.91 0.91 0.91
  per-rule acc: 0.93 0.88
Epoch 3860 | Train: Loss=0.0012 Acc=100.0% | Test: Acc=91.9% | Best=91.9%(@3860)
  from x3: 0.90 0.91 0.92 0.92 0.92 0.92 0.92 0.92 0.92 0.92 0.92 0.92 0.92 0.92 0.92 0.92 0.92 0.92 0.92 0.92 0.92 0.92 0.92 0.92 0.92 0.92 0.92 0.92 0.92
  per-rule acc: 0.94 0.90
Epoch 3880 | Train: Loss=0.0013 Acc=100.0% | Test: Acc=92.1% | Best=92.1%(@3880)
  from x3: 0.91 0.92 0.92 0.92 0.92 0.92 0.92 0.92 0.92 0.92 0.92 0.92 0.92 0.92 0.92 0.92 0.92 0.92 0.92 0.92 0.92 0.92 0.92 0.92 0.92 0.92 0.92 0.92 0.92
  per-rule acc: 0.94 0.90
Epoch 3900 | Train: Loss=0.0010 Acc=100.0% | Test: Acc=90.3% | Best=92.1%(@3880)
  from x3: 0.89 0.90 0.90 0.90 0.90 0.90 0.90 0.90 0.90 0.90 0.90 0.90 0.90 0.90 0.90 0.90 0.90 0.91 0.90 0.91 0.91 0.90 0.91 0.91 0.91 0.91 0.91 0.91 0.91
  per-rule acc: 0.93 0.88
Epoch 3920 | Train: Loss=0.0012 Acc=100.0% | Test: Acc=90.8% | Best=92.1%(@3880)
  from x3: 0.90 0.90 0.91 0.91 0.91 0.91 0.91 0.91 0.91 0.91 0.91 0.91 0.91 0.91 0.91 0.91 0.91 0.91 0.91 0.91 0.91 0.91 0.91 0.91 0.91 0.91 0.91 0.91 0.91
  per-rule acc: 0.93 0.89
Epoch 3940 | Train: Loss=0.0012 Acc=100.0% | Test: Acc=92.0% | Best=92.1%(@3880)
  from x3: 0.91 0.91 0.92 0.92 0.92 0.92 0.92 0.92 0.92 0.92 0.92 0.92 0.92 0.92 0.92 0.92 0.92 0.92 0.92 0.92 0.92 0.92 0.92 0.92 0.92 0.92 0.92 0.92 0.92
  per-rule acc: 0.94 0.90
Epoch 3960 | Train: Loss=0.0022 Acc=100.0% | Test: Acc=86.1% | Best=92.1%(@3880)
  from x3: 0.85 0.85 0.86 0.86 0.86 0.86 0.86 0.86 0.86 0.86 0.86 0.86 0.86 0.86 0.86 0.86 0.86 0.86 0.86 0.86 0.86 0.86 0.86 0.86 0.86 0.86 0.86 0.86 0.86
  per-rule acc: 0.90 0.82
Epoch 3980 | Train: Loss=0.0010 Acc=100.0% | Test: Acc=90.2% | Best=92.1%(@3880)
  from x3: 0.90 0.90 0.90 0.90 0.90 0.90 0.90 0.90 0.90 0.90 0.90 0.90 0.90 0.90 0.90 0.90 0.90 0.90 0.90 0.90 0.90 0.90 0.90 0.90 0.90 0.90 0.91 0.90 0.91
  per-rule acc: 0.93 0.87
Epoch 4000 | Train: Loss=0.0012 Acc=100.0% | Test: Acc=91.2% | Best=92.1%(@3880)
  from x3: 0.90 0.91 0.91 0.91 0.91 0.91 0.91 0.91 0.91 0.91 0.91 0.91 0.91 0.92 0.92 0.91 0.91 0.91 0.91 0.91 0.92 0.91 0.91 0.91 0.91 0.91 0.91 0.91 0.91
  per-rule acc: 0.93 0.89
Epoch 4020 | Train: Loss=0.0647 Acc=98.8% | Test: Acc=77.8% | Best=92.1%(@3880)
  from x3: 0.75 0.78 0.77 0.78 0.78 0.78 0.78 0.78 0.78 0.78 0.78 0.78 0.78 0.78 0.78 0.78 0.78 0.78 0.78 0.78 0.78 0.78 0.78 0.78 0.78 0.78 0.78 0.78 0.78
  per-rule acc: 0.82 0.74
Epoch 4040 | Train: Loss=0.0010 Acc=100.0% | Test: Acc=90.4% | Best=92.1%(@3880)
  from x3: 0.89 0.90 0.90 0.90 0.90 0.90 0.90 0.90 0.91 0.91 0.91 0.91 0.90 0.91 0.91 0.91 0.91 0.91 0.91 0.91 0.90 0.91 0.90 0.91 0.90 0.90 0.90 0.90 0.91
  per-rule acc: 0.93 0.88
Epoch 4060 | Train: Loss=0.0011 Acc=100.0% | Test: Acc=91.2% | Best=92.1%(@3880)
  from x3: 0.90 0.91 0.91 0.91 0.91 0.91 0.91 0.91 0.91 0.91 0.91 0.91 0.91 0.91 0.91 0.91 0.91 0.91 0.91 0.91 0.91 0.91 0.91 0.91 0.91 0.91 0.91 0.91 0.91
  per-rule acc: 0.93 0.90
Epoch 4080 | Train: Loss=0.0076 Acc=99.9% | Test: Acc=81.2% | Best=92.1%(@3880)
  from x3: 0.79 0.80 0.81 0.81 0.81 0.81 0.81 0.81 0.81 0.81 0.81 0.81 0.81 0.81 0.81 0.81 0.82 0.82 0.81 0.82 0.82 0.82 0.82 0.82 0.81 0.82 0.81 0.81 0.81
  per-rule acc: 0.87 0.75
Epoch 4100 | Train: Loss=0.0010 Acc=100.0% | Test: Acc=90.5% | Best=92.1%(@3880)
  from x3: 0.89 0.90 0.90 0.90 0.90 0.90 0.90 0.91 0.91 0.91 0.91 0.91 0.91 0.91 0.91 0.91 0.91 0.91 0.91 0.91 0.91 0.91 0.91 0.91 0.91 0.91 0.91 0.91 0.91
  per-rule acc: 0.93 0.88
Epoch 4120 | Train: Loss=0.0012 Acc=100.0% | Test: Acc=91.5% | Best=92.1%(@3880)
  from x3: 0.90 0.91 0.91 0.91 0.91 0.91 0.91 0.92 0.91 0.92 0.92 0.92 0.92 0.92 0.92 0.92 0.92 0.92 0.92 0.92 0.92 0.92 0.92 0.92 0.92 0.92 0.92 0.92 0.92
  per-rule acc: 0.93 0.90
Epoch 4140 | Train: Loss=0.0019 Acc=100.0% | Test: Acc=88.1% | Best=92.1%(@3880)
  from x3: 0.87 0.88 0.88 0.88 0.88 0.88 0.88 0.88 0.88 0.88 0.88 0.88 0.88 0.88 0.88 0.88 0.88 0.88 0.88 0.88 0.88 0.88 0.88 0.88 0.88 0.88 0.88 0.88 0.88
  per-rule acc: 0.92 0.85
Epoch 4160 | Train: Loss=0.0011 Acc=100.0% | Test: Acc=90.8% | Best=92.1%(@3880)
  from x3: 0.90 0.90 0.91 0.91 0.91 0.91 0.91 0.91 0.91 0.91 0.91 0.91 0.91 0.91 0.91 0.91 0.91 0.91 0.91 0.91 0.91 0.91 0.91 0.91 0.91 0.91 0.91 0.91 0.91
  per-rule acc: 0.93 0.89
Epoch 4180 | Train: Loss=0.0012 Acc=100.0% | Test: Acc=91.5% | Best=92.1%(@3880)
  from x3: 0.90 0.91 0.91 0.92 0.91 0.91 0.92 0.91 0.92 0.92 0.92 0.92 0.92 0.92 0.92 0.92 0.92 0.92 0.92 0.92 0.92 0.92 0.92 0.92 0.91 0.92 0.92 0.92 0.92
  per-rule acc: 0.93 0.90
Epoch 4200 | Train: Loss=0.0012 Acc=100.0% | Test: Acc=92.6% | Best=92.6%(@4200)
  from x3: 0.90 0.92 0.92 0.93 0.92 0.92 0.93 0.93 0.93 0.93 0.93 0.93 0.93 0.93 0.93 0.93 0.93 0.93 0.93 0.93 0.93 0.93 0.93 0.93 0.93 0.93 0.93 0.93 0.93
  per-rule acc: 0.94 0.91
Epoch 4220 | Train: Loss=0.0009 Acc=100.0% | Test: Acc=89.9% | Best=92.6%(@4200)
  from x3: 0.88 0.89 0.89 0.89 0.90 0.90 0.90 0.90 0.90 0.90 0.90 0.90 0.90 0.90 0.90 0.90 0.90 0.90 0.90 0.90 0.90 0.90 0.90 0.90 0.90 0.90 0.90 0.90 0.90
  per-rule acc: 0.93 0.86
Epoch 4240 | Train: Loss=0.0010 Acc=100.0% | Test: Acc=91.1% | Best=92.6%(@4200)
  from x3: 0.90 0.90 0.91 0.91 0.91 0.91 0.91 0.91 0.91 0.91 0.91 0.91 0.91 0.91 0.91 0.91 0.91 0.91 0.91 0.91 0.91 0.91 0.91 0.91 0.91 0.91 0.91 0.91 0.91
  per-rule acc: 0.94 0.89
Epoch 4260 | Train: Loss=0.0012 Acc=100.0% | Test: Acc=92.1% | Best=92.6%(@4200)
  from x3: 0.91 0.91 0.92 0.92 0.92 0.92 0.92 0.92 0.92 0.92 0.92 0.92 0.92 0.92 0.92 0.92 0.92 0.92 0.92 0.92 0.92 0.92 0.92 0.92 0.92 0.92 0.92 0.92 0.92
  per-rule acc: 0.94 0.90
Epoch 4280 | Train: Loss=0.0014 Acc=100.0% | Test: Acc=88.0% | Best=92.6%(@4200)
  from x3: 0.87 0.88 0.88 0.88 0.88 0.88 0.88 0.88 0.88 0.88 0.88 0.88 0.88 0.88 0.88 0.88 0.88 0.88 0.88 0.88 0.88 0.88 0.88 0.88 0.88 0.88 0.88 0.88 0.88
  per-rule acc: 0.92 0.84
Epoch 4300 | Train: Loss=0.0010 Acc=100.0% | Test: Acc=90.8% | Best=92.6%(@4200)
  from x3: 0.89 0.90 0.90 0.91 0.90 0.91 0.91 0.91 0.91 0.91 0.91 0.91 0.91 0.91 0.91 0.91 0.91 0.91 0.91 0.91 0.91 0.91 0.91 0.91 0.91 0.91 0.91 0.91 0.91
  per-rule acc: 0.93 0.89
Epoch 4320 | Train: Loss=0.0012 Acc=100.0% | Test: Acc=91.5% | Best=92.6%(@4200)
  from x3: 0.90 0.91 0.91 0.91 0.91 0.92 0.92 0.91 0.92 0.92 0.92 0.92 0.92 0.92 0.92 0.92 0.92 0.92 0.92 0.92 0.92 0.92 0.92 0.92 0.92 0.92 0.92 0.92 0.92
  per-rule acc: 0.93 0.90
Epoch 4340 | Train: Loss=0.0012 Acc=100.0% | Test: Acc=92.3% | Best=92.6%(@4200)
  from x3: 0.91 0.92 0.92 0.92 0.92 0.92 0.93 0.92 0.92 0.92 0.92 0.92 0.92 0.92 0.92 0.92 0.92 0.92 0.92 0.92 0.92 0.92 0.92 0.92 0.92 0.92 0.92 0.93 0.92
  per-rule acc: 0.94 0.91
Epoch 4360 | Train: Loss=0.0009 Acc=100.0% | Test: Acc=90.9% | Best=92.6%(@4200)
  from x3: 0.90 0.90 0.91 0.91 0.91 0.91 0.91 0.91 0.91 0.91 0.91 0.91 0.91 0.91 0.91 0.91 0.91 0.91 0.91 0.91 0.91 0.91 0.91 0.91 0.91 0.91 0.91 0.91 0.91
  per-rule acc: 0.94 0.88
Epoch 4380 | Train: Loss=0.0011 Acc=100.0% | Test: Acc=91.9% | Best=92.6%(@4200)
  from x3: 0.90 0.91 0.91 0.91 0.91 0.92 0.92 0.92 0.92 0.92 0.92 0.92 0.92 0.92 0.92 0.92 0.92 0.92 0.92 0.92 0.92 0.92 0.92 0.92 0.92 0.92 0.92 0.92 0.92
  per-rule acc: 0.94 0.89
Epoch 4400 | Train: Loss=0.0524 Acc=99.0% | Test: Acc=77.6% | Best=92.6%(@4200)
  from x3: 0.74 0.76 0.77 0.77 0.77 0.78 0.78 0.78 0.78 0.78 0.78 0.78 0.78 0.78 0.78 0.78 0.78 0.78 0.78 0.78 0.78 0.78 0.78 0.78 0.78 0.78 0.78 0.78 0.78
  per-rule acc: 0.82 0.74
Epoch 4420 | Train: Loss=0.0010 Acc=100.0% | Test: Acc=91.2% | Best=92.6%(@4200)
  from x3: 0.90 0.91 0.91 0.91 0.91 0.91 0.91 0.91 0.91 0.91 0.91 0.91 0.91 0.91 0.91 0.91 0.91 0.91 0.91 0.91 0.91 0.91 0.91 0.91 0.91 0.91 0.91 0.91 0.91
  per-rule acc: 0.94 0.88
Epoch 4440 | Train: Loss=0.0011 Acc=100.0% | Test: Acc=91.5% | Best=92.6%(@4200)
  from x3: 0.91 0.91 0.91 0.91 0.91 0.91 0.92 0.92 0.91 0.91 0.92 0.92 0.92 0.92 0.92 0.92 0.92 0.92 0.92 0.92 0.92 0.92 0.92 0.92 0.92 0.92 0.92 0.92 0.92
  per-rule acc: 0.94 0.89
Epoch 4460 | Train: Loss=0.0191 Acc=99.7% | Test: Acc=75.8% | Best=92.6%(@4200)
  from x3: 0.74 0.75 0.75 0.75 0.75 0.75 0.76 0.76 0.76 0.76 0.76 0.76 0.76 0.76 0.76 0.76 0.76 0.76 0.76 0.76 0.76 0.76 0.76 0.76 0.76 0.76 0.76 0.76 0.76
  per-rule acc: 0.80 0.71
Epoch 4480 | Train: Loss=0.0010 Acc=100.0% | Test: Acc=90.7% | Best=92.6%(@4200)
  from x3: 0.89 0.90 0.90 0.90 0.90 0.90 0.91 0.90 0.91 0.91 0.91 0.91 0.91 0.91 0.91 0.91 0.91 0.91 0.91 0.91 0.91 0.91 0.91 0.91 0.91 0.91 0.91 0.91 0.91
  per-rule acc: 0.93 0.88
Epoch 4500 | Train: Loss=0.0011 Acc=100.0% | Test: Acc=91.2% | Best=92.6%(@4200)
  from x3: 0.90 0.90 0.91 0.91 0.91 0.91 0.91 0.91 0.91 0.91 0.92 0.91 0.91 0.91 0.92 0.91 0.91 0.91 0.91 0.91 0.92 0.91 0.91 0.91 0.91 0.91 0.91 0.91 0.91
  per-rule acc: 0.93 0.89
Epoch 4520 | Train: Loss=0.0012 Acc=100.0% | Test: Acc=92.0% | Best=92.6%(@4200)
  from x3: 0.90 0.91 0.92 0.92 0.92 0.92 0.92 0.92 0.92 0.92 0.92 0.92 0.92 0.92 0.92 0.92 0.92 0.92 0.92 0.92 0.92 0.92 0.92 0.92 0.92 0.92 0.92 0.92 0.92
  per-rule acc: 0.94 0.90
Epoch 4540 | Train: Loss=0.0103 Acc=99.9% | Test: Acc=81.7% | Best=92.6%(@4200)
  from x3: 0.80 0.81 0.81 0.81 0.81 0.81 0.82 0.82 0.82 0.82 0.82 0.82 0.82 0.82 0.82 0.82 0.82 0.82 0.82 0.82 0.82 0.82 0.82 0.82 0.82 0.82 0.82 0.82 0.82
  per-rule acc: 0.85 0.78
Epoch 4560 | Train: Loss=0.0010 Acc=100.0% | Test: Acc=90.9% | Best=92.6%(@4200)
  from x3: 0.90 0.90 0.90 0.90 0.90 0.91 0.91 0.91 0.91 0.91 0.91 0.91 0.91 0.91 0.91 0.91 0.91 0.91 0.91 0.91 0.91 0.91 0.91 0.91 0.91 0.91 0.91 0.91 0.91
  per-rule acc: 0.93 0.89
Epoch 4580 | Train: Loss=0.0011 Acc=100.0% | Test: Acc=91.6% | Best=92.6%(@4200)
  from x3: 0.91 0.91 0.91 0.91 0.91 0.92 0.92 0.91 0.91 0.92 0.92 0.91 0.91 0.92 0.92 0.92 0.92 0.92 0.92 0.92 0.92 0.92 0.92 0.92 0.92 0.92 0.92 0.92 0.92
  per-rule acc: 0.93 0.90
Epoch 4600 | Train: Loss=0.0010 Acc=100.0% | Test: Acc=90.1% | Best=92.6%(@4200)
  from x3: 0.89 0.90 0.89 0.90 0.90 0.90 0.90 0.90 0.90 0.90 0.90 0.90 0.90 0.90 0.90 0.90 0.90 0.90 0.90 0.90 0.90 0.90 0.90 0.90 0.90 0.90 0.91 0.90 0.90
  per-rule acc: 0.93 0.87
Epoch 4620 | Train: Loss=0.0011 Acc=100.0% | Test: Acc=91.1% | Best=92.6%(@4200)
  from x3: 0.90 0.91 0.91 0.91 0.91 0.91 0.91 0.91 0.91 0.91 0.91 0.91 0.91 0.91 0.91 0.91 0.91 0.91 0.91 0.91 0.91 0.91 0.91 0.91 0.91 0.91 0.91 0.91 0.91
  per-rule acc: 0.94 0.88
Epoch 4640 | Train: Loss=0.0012 Acc=100.0% | Test: Acc=92.0% | Best=92.6%(@4200)
  from x3: 0.91 0.91 0.91 0.92 0.92 0.92 0.92 0.92 0.92 0.92 0.92 0.92 0.92 0.92 0.92 0.92 0.92 0.92 0.92 0.92 0.92 0.92 0.92 0.92 0.92 0.92 0.92 0.92 0.92
  per-rule acc: 0.94 0.90
Epoch 4660 | Train: Loss=0.0012 Acc=100.0% | Test: Acc=92.7% | Best=92.7%(@4660)
  from x3: 0.91 0.92 0.92 0.93 0.93 0.93 0.93 0.93 0.93 0.93 0.93 0.93 0.93 0.93 0.93 0.93 0.93 0.93 0.93 0.93 0.93 0.93 0.93 0.93 0.93 0.93 0.93 0.93 0.93
  per-rule acc: 0.94 0.91
Epoch 4680 | Train: Loss=0.0108 Acc=99.9% | Test: Acc=82.2% | Best=92.7%(@4660)
  from x3: 0.79 0.81 0.82 0.81 0.81 0.82 0.82 0.82 0.82 0.82 0.82 0.82 0.82 0.82 0.82 0.83 0.83 0.83 0.83 0.83 0.83 0.83 0.83 0.83 0.83 0.83 0.83 0.83 0.83
  per-rule acc: 0.86 0.79
Epoch 4700 | Train: Loss=0.0009 Acc=100.0% | Test: Acc=90.1% | Best=92.7%(@4660)
  from x3: 0.89 0.89 0.90 0.90 0.90 0.90 0.90 0.90 0.90 0.90 0.90 0.90 0.90 0.90 0.90 0.90 0.90 0.90 0.90 0.90 0.90 0.90 0.90 0.90 0.90 0.90 0.90 0.90 0.90
  per-rule acc: 0.93 0.87
Epoch 4720 | Train: Loss=0.0011 Acc=100.0% | Test: Acc=91.4% | Best=92.7%(@4660)
  from x3: 0.90 0.90 0.91 0.91 0.91 0.91 0.91 0.91 0.91 0.91 0.92 0.92 0.92 0.92 0.92 0.92 0.92 0.92 0.92 0.92 0.92 0.92 0.92 0.91 0.92 0.92 0.91 0.92 0.92
  per-rule acc: 0.93 0.89
Epoch 4740 | Train: Loss=0.0409 Acc=99.3% | Test: Acc=74.7% | Best=92.7%(@4660)
  from x3: 0.72 0.74 0.74 0.74 0.74 0.75 0.74 0.75 0.75 0.75 0.75 0.75 0.75 0.75 0.75 0.75 0.75 0.75 0.75 0.75 0.75 0.75 0.75 0.75 0.75 0.75 0.75 0.75 0.75
  per-rule acc: 0.79 0.70
Epoch 4760 | Train: Loss=0.0010 Acc=100.0% | Test: Acc=90.6% | Best=92.7%(@4660)
  from x3: 0.90 0.90 0.90 0.91 0.90 0.91 0.91 0.90 0.91 0.91 0.91 0.90 0.91 0.91 0.91 0.90 0.91 0.91 0.91 0.91 0.91 0.91 0.91 0.91 0.91 0.91 0.91 0.91 0.91
  per-rule acc: 0.93 0.88
Epoch 4780 | Train: Loss=0.0011 Acc=100.0% | Test: Acc=91.5% | Best=92.7%(@4660)
  from x3: 0.90 0.90 0.91 0.91 0.91 0.92 0.92 0.92 0.92 0.92 0.91 0.92 0.92 0.92 0.92 0.92 0.92 0.92 0.92 0.92 0.92 0.92 0.92 0.92 0.92 0.92 0.92 0.92 0.92
  per-rule acc: 0.93 0.90
Epoch 4800 | Train: Loss=0.0011 Acc=100.0% | Test: Acc=92.2% | Best=92.7%(@4660)
  from x3: 0.91 0.91 0.91 0.92 0.92 0.92 0.92 0.92 0.92 0.92 0.92 0.92 0.92 0.92 0.92 0.92 0.92 0.92 0.93 0.92 0.92 0.92 0.92 0.92 0.92 0.93 0.93 0.92 0.92
  per-rule acc: 0.93 0.91
Epoch 4820 | Train: Loss=0.0012 Acc=100.0% | Test: Acc=89.9% | Best=92.7%(@4660)
  from x3: 0.88 0.89 0.89 0.89 0.90 0.90 0.90 0.90 0.90 0.90 0.90 0.90 0.90 0.90 0.90 0.90 0.90 0.90 0.90 0.90 0.90 0.90 0.90 0.90 0.90 0.90 0.90 0.90 0.90
  per-rule acc: 0.94 0.86
Epoch 4840 | Train: Loss=0.0010 Acc=100.0% | Test: Acc=91.3% | Best=92.7%(@4660)
  from x3: 0.90 0.91 0.91 0.91 0.91 0.92 0.92 0.91 0.91 0.91 0.92 0.91 0.91 0.91 0.91 0.91 0.91 0.91 0.91 0.91 0.91 0.91 0.91 0.91 0.91 0.91 0.92 0.91 0.92
  per-rule acc: 0.94 0.89
Epoch 4860 | Train: Loss=0.0011 Acc=100.0% | Test: Acc=92.2% | Best=92.7%(@4660)
  from x3: 0.91 0.92 0.92 0.92 0.92 0.92 0.92 0.92 0.92 0.92 0.92 0.92 0.92 0.92 0.92 0.92 0.92 0.92 0.92 0.92 0.92 0.92 0.92 0.92 0.92 0.92 0.92 0.92 0.92
  per-rule acc: 0.94 0.90
Epoch 4880 | Train: Loss=0.0392 Acc=99.4% | Test: Acc=77.1% | Best=92.7%(@4660)
  from x3: 0.75 0.76 0.77 0.76 0.77 0.77 0.77 0.77 0.77 0.77 0.77 0.77 0.77 0.77 0.77 0.77 0.77 0.77 0.77 0.77 0.77 0.77 0.77 0.77 0.78 0.78 0.78 0.78 0.78
  per-rule acc: 0.82 0.72
Epoch 4900 | Train: Loss=0.0009 Acc=100.0% | Test: Acc=91.0% | Best=92.7%(@4660)
  from x3: 0.90 0.91 0.91 0.91 0.91 0.91 0.91 0.91 0.91 0.91 0.91 0.91 0.91 0.91 0.91 0.91 0.91 0.91 0.91 0.91 0.91 0.91 0.91 0.91 0.91 0.91 0.91 0.91 0.91
  per-rule acc: 0.94 0.88
Epoch 4920 | Train: Loss=0.0281 Acc=99.6% | Test: Acc=74.9% | Best=92.7%(@4660)
  from x3: 0.71 0.74 0.74 0.75 0.75 0.75 0.75 0.75 0.75 0.75 0.75 0.75 0.75 0.75 0.75 0.75 0.75 0.75 0.75 0.75 0.75 0.75 0.75 0.75 0.75 0.75 0.75 0.75 0.75
  per-rule acc: 0.78 0.71
Epoch 4940 | Train: Loss=0.0010 Acc=100.0% | Test: Acc=90.9% | Best=92.7%(@4660)
  from x3: 0.90 0.91 0.91 0.91 0.91 0.91 0.91 0.91 0.91 0.91 0.91 0.91 0.91 0.91 0.91 0.91 0.91 0.91 0.91 0.91 0.91 0.91 0.91 0.91 0.91 0.91 0.91 0.91 0.91
  per-rule acc: 0.93 0.89
Epoch 4960 | Train: Loss=0.0011 Acc=100.0% | Test: Acc=91.5% | Best=92.7%(@4660)
  from x3: 0.90 0.91 0.91 0.91 0.91 0.92 0.91 0.91 0.92 0.92 0.92 0.92 0.91 0.92 0.92 0.92 0.92 0.92 0.92 0.92 0.92 0.92 0.92 0.92 0.91 0.92 0.91 0.92 0.92
  per-rule acc: 0.93 0.90
Epoch 4980 | Train: Loss=0.0011 Acc=100.0% | Test: Acc=92.1% | Best=92.7%(@4660)
  from x3: 0.91 0.92 0.92 0.92 0.92 0.92 0.92 0.92 0.92 0.92 0.92 0.92 0.92 0.92 0.92 0.92 0.92 0.92 0.92 0.92 0.92 0.92 0.92 0.92 0.92 0.92 0.92 0.92 0.93
  per-rule acc: 0.93 0.91
Epoch 5000 | Train: Loss=0.0009 Acc=100.0% | Test: Acc=90.6% | Best=92.7%(@4660)
  from x3: 0.89 0.90 0.90 0.90 0.90 0.90 0.91 0.90 0.91 0.90 0.91 0.91 0.91 0.91 0.91 0.91 0.91 0.91 0.91 0.91 0.91 0.91 0.91 0.91 0.91 0.91 0.91 0.91 0.91
  per-rule acc: 0.93 0.88
Epoch 5020 | Train: Loss=0.0010 Acc=100.0% | Test: Acc=91.6% | Best=92.7%(@4660)
  from x3: 0.90 0.91 0.91 0.91 0.91 0.91 0.91 0.91 0.92 0.92 0.92 0.92 0.92 0.92 0.92 0.92 0.92 0.92 0.92 0.92 0.92 0.92 0.92 0.92 0.92 0.92 0.92 0.92 0.92
  per-rule acc: 0.93 0.90
Epoch 5040 | Train: Loss=0.0011 Acc=100.0% | Test: Acc=92.3% | Best=92.7%(@4660)
  from x3: 0.90 0.91 0.92 0.92 0.92 0.92 0.92 0.92 0.92 0.92 0.92 0.92 0.93 0.92 0.93 0.93 0.93 0.93 0.92 0.92 0.92 0.92 0.93 0.93 0.92 0.92 0.92 0.92 0.92
  per-rule acc: 0.94 0.91
Epoch 5060 | Train: Loss=0.0013 Acc=100.0% | Test: Acc=88.8% | Best=92.7%(@4660)
  from x3: 0.87 0.89 0.88 0.89 0.89 0.89 0.89 0.89 0.89 0.89 0.89 0.89 0.89 0.89 0.89 0.89 0.89 0.89 0.89 0.89 0.89 0.89 0.89 0.89 0.89 0.89 0.89 0.89 0.89
  per-rule acc: 0.93 0.85
Epoch 5080 | Train: Loss=0.0010 Acc=100.0% | Test: Acc=91.2% | Best=92.7%(@4660)
  from x3: 0.90 0.91 0.91 0.91 0.91 0.91 0.91 0.91 0.91 0.91 0.91 0.91 0.92 0.91 0.91 0.91 0.91 0.91 0.91 0.91 0.91 0.91 0.91 0.91 0.91 0.91 0.91 0.91 0.91
  per-rule acc: 0.94 0.88
Epoch 5100 | Train: Loss=0.0011 Acc=100.0% | Test: Acc=91.5% | Best=92.7%(@4660)
  from x3: 0.90 0.91 0.91 0.92 0.92 0.92 0.91 0.92 0.92 0.92 0.92 0.92 0.92 0.91 0.92 0.91 0.92 0.91 0.92 0.92 0.92 0.92 0.92 0.91 0.92 0.92 0.92 0.92 0.92
  per-rule acc: 0.94 0.89
Epoch 5120 | Train: Loss=0.0012 Acc=100.0% | Test: Acc=92.3% | Best=92.7%(@4660)
  from x3: 0.91 0.92 0.92 0.92 0.92 0.92 0.92 0.92 0.92 0.92 0.92 0.92 0.92 0.92 0.92 0.93 0.93 0.92 0.92 0.92 0.92 0.92 0.92 0.92 0.92 0.92 0.92 0.92 0.92
  per-rule acc: 0.94 0.91
Epoch 5140 | Train: Loss=0.0012 Acc=100.0% | Test: Acc=89.8% | Best=92.7%(@4660)
  from x3: 0.89 0.90 0.90 0.90 0.90 0.90 0.90 0.90 0.90 0.90 0.90 0.90 0.90 0.90 0.90 0.90 0.90 0.90 0.90 0.90 0.90 0.90 0.90 0.90 0.90 0.90 0.90 0.90 0.90
  per-rule acc: 0.93 0.87
Epoch 5160 | Train: Loss=0.0010 Acc=100.0% | Test: Acc=91.8% | Best=92.7%(@4660)
  from x3: 0.90 0.91 0.91 0.91 0.92 0.92 0.92 0.92 0.92 0.92 0.92 0.92 0.92 0.92 0.92 0.92 0.92 0.92 0.92 0.92 0.92 0.92 0.92 0.92 0.92 0.92 0.92 0.92 0.92
  per-rule acc: 0.94 0.90
Epoch 5180 | Train: Loss=0.0011 Acc=100.0% | Test: Acc=92.1% | Best=92.7%(@4660)
  from x3: 0.90 0.92 0.92 0.92 0.92 0.92 0.92 0.92 0.92 0.92 0.92 0.92 0.92 0.92 0.92 0.92 0.92 0.92 0.92 0.92 0.92 0.92 0.92 0.92 0.92 0.92 0.92 0.92 0.92
  per-rule acc: 0.94 0.90
Epoch 5200 | Train: Loss=0.0011 Acc=100.0% | Test: Acc=92.8% | Best=92.8%(@5200)
  from x3: 0.91 0.92 0.92 0.93 0.93 0.93 0.93 0.93 0.93 0.93 0.93 0.93 0.93 0.93 0.93 0.93 0.93 0.93 0.93 0.93 0.93 0.93 0.93 0.93 0.93 0.93 0.93 0.93 0.93
  per-rule acc: 0.94 0.91
Epoch 5220 | Train: Loss=0.0009 Acc=100.0% | Test: Acc=91.2% | Best=92.8%(@5200)
  from x3: 0.90 0.91 0.91 0.91 0.91 0.91 0.91 0.91 0.91 0.91 0.91 0.91 0.91 0.92 0.91 0.91 0.91 0.91 0.91 0.91 0.91 0.91 0.91 0.91 0.92 0.92 0.91 0.92 0.92
  per-rule acc: 0.93 0.89
Epoch 5240 | Train: Loss=0.0010 Acc=100.0% | Test: Acc=91.5% | Best=92.8%(@5200)
  from x3: 0.90 0.91 0.92 0.91 0.91 0.92 0.92 0.91 0.91 0.92 0.92 0.92 0.92 0.92 0.92 0.92 0.92 0.92 0.92 0.92 0.92 0.92 0.92 0.92 0.92 0.92 0.92 0.92 0.92
  per-rule acc: 0.94 0.90
Epoch 5260 | Train: Loss=0.0016 Acc=100.0% | Test: Acc=91.0% | Best=92.8%(@5200)
  from x3: 0.89 0.90 0.91 0.91 0.91 0.91 0.91 0.91 0.91 0.91 0.91 0.91 0.91 0.91 0.91 0.91 0.91 0.91 0.91 0.91 0.91 0.91 0.91 0.91 0.91 0.91 0.91 0.91 0.91
  per-rule acc: 0.92 0.90
Epoch 5280 | Train: Loss=0.0009 Acc=100.0% | Test: Acc=90.6% | Best=92.8%(@5200)
  from x3: 0.89 0.90 0.90 0.90 0.90 0.91 0.90 0.91 0.91 0.90 0.91 0.91 0.91 0.91 0.91 0.91 0.91 0.91 0.91 0.91 0.91 0.91 0.91 0.91 0.91 0.91 0.91 0.91 0.91
  per-rule acc: 0.93 0.89
Epoch 5300 | Train: Loss=0.0011 Acc=100.0% | Test: Acc=91.1% | Best=92.8%(@5200)
  from x3: 0.90 0.91 0.91 0.91 0.91 0.91 0.91 0.91 0.91 0.91 0.91 0.91 0.91 0.91 0.91 0.91 0.91 0.91 0.91 0.91 0.91 0.91 0.91 0.91 0.91 0.91 0.91 0.91 0.91
  per-rule acc: 0.93 0.89
Epoch 5320 | Train: Loss=0.0043 Acc=100.0% | Test: Acc=85.7% | Best=92.8%(@5200)
  from x3: 0.84 0.86 0.86 0.86 0.86 0.86 0.85 0.85 0.86 0.86 0.86 0.86 0.86 0.86 0.86 0.86 0.86 0.86 0.86 0.86 0.86 0.86 0.86 0.86 0.86 0.86 0.86 0.86 0.86
  per-rule acc: 0.90 0.81
Epoch 5340 | Train: Loss=0.0010 Acc=100.0% | Test: Acc=91.1% | Best=92.8%(@5200)
  from x3: 0.90 0.91 0.91 0.91 0.91 0.91 0.91 0.91 0.91 0.91 0.91 0.91 0.91 0.91 0.91 0.91 0.91 0.91 0.91 0.91 0.91 0.91 0.91 0.91 0.91 0.91 0.91 0.91 0.91
  per-rule acc: 0.93 0.89
Epoch 5360 | Train: Loss=0.0011 Acc=100.0% | Test: Acc=91.6% | Best=92.8%(@5200)
  from x3: 0.90 0.91 0.92 0.92 0.92 0.92 0.92 0.92 0.92 0.92 0.92 0.92 0.92 0.92 0.92 0.92 0.92 0.92 0.92 0.92 0.92 0.92 0.92 0.92 0.91 0.92 0.92 0.92 0.92
  per-rule acc: 0.93 0.90
Epoch 5380 | Train: Loss=0.0011 Acc=100.0% | Test: Acc=92.3% | Best=92.8%(@5200)
  from x3: 0.90 0.92 0.92 0.92 0.92 0.92 0.92 0.92 0.93 0.92 0.92 0.92 0.92 0.93 0.92 0.92 0.92 0.93 0.92 0.92 0.92 0.92 0.93 0.92 0.92 0.93 0.92 0.92 0.93
  per-rule acc: 0.94 0.91
Epoch 5400 | Train: Loss=0.0011 Acc=100.0% | Test: Acc=93.1% | Best=93.1%(@5400)
  from x3: 0.91 0.93 0.93 0.93 0.93 0.93 0.93 0.93 0.93 0.93 0.93 0.93 0.93 0.93 0.93 0.93 0.93 0.93 0.93 0.93 0.93 0.93 0.93 0.93 0.93 0.93 0.93 0.93 0.93
  per-rule acc: 0.94 0.92
Epoch 5420 | Train: Loss=0.0009 Acc=100.0% | Test: Acc=90.7% | Best=93.1%(@5400)
  from x3: 0.90 0.90 0.90 0.90 0.91 0.91 0.90 0.91 0.91 0.91 0.91 0.91 0.91 0.91 0.91 0.91 0.91 0.91 0.91 0.91 0.91 0.91 0.91 0.91 0.91 0.91 0.91 0.91 0.91
  per-rule acc: 0.94 0.87
Epoch 5440 | Train: Loss=0.0010 Acc=100.0% | Test: Acc=91.5% | Best=93.1%(@5400)
  from x3: 0.90 0.91 0.91 0.91 0.91 0.91 0.92 0.92 0.92 0.92 0.91 0.92 0.92 0.91 0.92 0.92 0.92 0.92 0.92 0.92 0.92 0.92 0.92 0.92 0.92 0.92 0.92 0.92 0.92
  per-rule acc: 0.93 0.90
Epoch 5460 | Train: Loss=0.0011 Acc=100.0% | Test: Acc=91.8% | Best=93.1%(@5400)
  from x3: 0.90 0.91 0.92 0.92 0.92 0.92 0.92 0.92 0.92 0.92 0.92 0.92 0.92 0.92 0.92 0.92 0.92 0.92 0.92 0.92 0.92 0.92 0.92 0.92 0.92 0.92 0.92 0.92 0.92
  per-rule acc: 0.93 0.90
Epoch 5480 | Train: Loss=0.0010 Acc=100.0% | Test: Acc=90.1% | Best=93.1%(@5400)
  from x3: 0.88 0.89 0.90 0.90 0.90 0.90 0.90 0.90 0.90 0.90 0.90 0.90 0.90 0.90 0.90 0.90 0.90 0.90 0.90 0.90 0.90 0.90 0.90 0.90 0.90 0.90 0.90 0.90 0.90
  per-rule acc: 0.93 0.87
Epoch 5500 | Train: Loss=0.0010 Acc=100.0% | Test: Acc=91.2% | Best=93.1%(@5400)
  from x3: 0.89 0.91 0.91 0.91 0.91 0.91 0.91 0.91 0.91 0.91 0.91 0.91 0.91 0.91 0.91 0.91 0.91 0.91 0.91 0.91 0.91 0.91 0.91 0.91 0.91 0.91 0.91 0.91 0.91
  per-rule acc: 0.94 0.89
Epoch 5520 | Train: Loss=0.0011 Acc=100.0% | Test: Acc=91.5% | Best=93.1%(@5400)
  from x3: 0.90 0.91 0.91 0.91 0.91 0.91 0.91 0.91 0.92 0.92 0.92 0.91 0.92 0.92 0.92 0.92 0.92 0.92 0.92 0.92 0.92 0.92 0.92 0.92 0.92 0.92 0.92 0.92 0.92
  per-rule acc: 0.93 0.90
Epoch 5540 | Train: Loss=0.0011 Acc=100.0% | Test: Acc=92.0% | Best=93.1%(@5400)
  from x3: 0.90 0.91 0.92 0.92 0.92 0.92 0.92 0.92 0.92 0.92 0.92 0.92 0.92 0.92 0.92 0.92 0.92 0.92 0.92 0.92 0.92 0.92 0.92 0.92 0.92 0.92 0.92 0.92 0.92
  per-rule acc: 0.93 0.91
Epoch 5560 | Train: Loss=0.0011 Acc=100.0% | Test: Acc=92.5% | Best=93.1%(@5400)
  from x3: 0.91 0.92 0.92 0.92 0.93 0.92 0.92 0.93 0.93 0.93 0.93 0.93 0.92 0.93 0.93 0.93 0.93 0.93 0.93 0.93 0.93 0.93 0.93 0.93 0.93 0.93 0.93 0.93 0.93
  per-rule acc: 0.94 0.91
Epoch 5580 | Train: Loss=0.0010 Acc=100.0% | Test: Acc=89.7% | Best=93.1%(@5400)
  from x3: 0.88 0.89 0.89 0.90 0.90 0.89 0.90 0.90 0.89 0.90 0.90 0.90 0.90 0.90 0.90 0.90 0.90 0.90 0.90 0.90 0.90 0.90 0.90 0.90 0.90 0.90 0.90 0.90 0.90
  per-rule acc: 0.93 0.86
Epoch 5600 | Train: Loss=0.0010 Acc=100.0% | Test: Acc=91.0% | Best=93.1%(@5400)
  from x3: 0.90 0.91 0.91 0.90 0.91 0.91 0.91 0.91 0.91 0.91 0.91 0.91 0.91 0.91 0.91 0.91 0.91 0.91 0.91 0.91 0.91 0.91 0.91 0.91 0.91 0.91 0.91 0.91 0.91
  per-rule acc: 0.93 0.89
Epoch 5620 | Train: Loss=0.0010 Acc=100.0% | Test: Acc=91.3% | Best=93.1%(@5400)
  from x3: 0.90 0.91 0.91 0.91 0.91 0.91 0.91 0.91 0.91 0.91 0.91 0.91 0.91 0.91 0.91 0.91 0.91 0.91 0.91 0.91 0.91 0.92 0.91 0.91 0.91 0.91 0.92 0.91 0.91
  per-rule acc: 0.93 0.90
Epoch 5640 | Train: Loss=0.0010 Acc=100.0% | Test: Acc=92.0% | Best=93.1%(@5400)
  from x3: 0.90 0.92 0.92 0.92 0.92 0.92 0.92 0.92 0.92 0.92 0.92 0.92 0.92 0.92 0.92 0.92 0.92 0.92 0.92 0.92 0.92 0.92 0.92 0.92 0.92 0.92 0.92 0.92 0.92
  per-rule acc: 0.93 0.91
Epoch 5660 | Train: Loss=0.0425 Acc=99.2% | Test: Acc=73.7% | Best=93.1%(@5400)
  from x3: 0.70 0.74 0.73 0.73 0.73 0.74 0.74 0.74 0.74 0.74 0.74 0.74 0.74 0.74 0.74 0.74 0.74 0.74 0.74 0.74 0.74 0.74 0.74 0.74 0.74 0.74 0.74 0.74 0.74
  per-rule acc: 0.77 0.70
Epoch 5680 | Train: Loss=0.0009 Acc=100.0% | Test: Acc=90.6% | Best=93.1%(@5400)
  from x3: 0.89 0.90 0.90 0.90 0.90 0.91 0.90 0.90 0.91 0.90 0.91 0.91 0.91 0.91 0.91 0.91 0.91 0.91 0.91 0.91 0.91 0.91 0.91 0.91 0.91 0.91 0.91 0.91 0.91
  per-rule acc: 0.93 0.88
Epoch 5700 | Train: Loss=0.0010 Acc=100.0% | Test: Acc=90.7% | Best=93.1%(@5400)
  from x3: 0.90 0.90 0.90 0.91 0.91 0.91 0.91 0.91 0.91 0.91 0.91 0.91 0.91 0.91 0.91 0.91 0.91 0.91 0.91 0.91 0.91 0.91 0.91 0.91 0.91 0.91 0.91 0.91 0.91
  per-rule acc: 0.93 0.89
Epoch 5720 | Train: Loss=0.0010 Acc=100.0% | Test: Acc=91.4% | Best=93.1%(@5400)
  from x3: 0.90 0.91 0.91 0.91 0.91 0.91 0.91 0.91 0.92 0.91 0.91 0.92 0.92 0.92 0.92 0.92 0.92 0.92 0.92 0.92 0.92 0.92 0.91 0.91 0.92 0.91 0.92 0.92 0.92
  per-rule acc: 0.93 0.90
Epoch 5740 | Train: Loss=0.0053 Acc=100.0% | Test: Acc=85.5% | Best=93.1%(@5400)
  from x3: 0.84 0.85 0.85 0.85 0.86 0.85 0.85 0.85 0.85 0.86 0.86 0.86 0.86 0.86 0.86 0.86 0.86 0.86 0.86 0.86 0.86 0.86 0.86 0.86 0.86 0.86 0.86 0.86 0.86
  per-rule acc: 0.89 0.82
Epoch 5760 | Train: Loss=0.0009 Acc=100.0% | Test: Acc=91.7% | Best=93.1%(@5400)
  from x3: 0.90 0.91 0.92 0.91 0.92 0.92 0.91 0.91 0.92 0.92 0.92 0.92 0.92 0.92 0.92 0.92 0.92 0.92 0.92 0.92 0.92 0.92 0.92 0.92 0.92 0.92 0.92 0.92 0.92
  per-rule acc: 0.94 0.90
Epoch 5780 | Train: Loss=0.0010 Acc=100.0% | Test: Acc=91.9% | Best=93.1%(@5400)
  from x3: 0.90 0.91 0.92 0.92 0.92 0.92 0.92 0.92 0.92 0.92 0.92 0.92 0.92 0.92 0.92 0.92 0.92 0.92 0.92 0.92 0.92 0.92 0.92 0.92 0.92 0.92 0.92 0.92 0.92
  per-rule acc: 0.94 0.90
Epoch 5800 | Train: Loss=0.0023 Acc=100.0% | Test: Acc=87.8% | Best=93.1%(@5400)
  from x3: 0.85 0.87 0.87 0.88 0.88 0.88 0.88 0.88 0.88 0.88 0.88 0.88 0.88 0.88 0.88 0.88 0.88 0.88 0.88 0.88 0.88 0.88 0.88 0.88 0.88 0.88 0.88 0.88 0.88
  per-rule acc: 0.91 0.85
Epoch 5820 | Train: Loss=0.0009 Acc=100.0% | Test: Acc=91.2% | Best=93.1%(@5400)
  from x3: 0.89 0.90 0.90 0.91 0.91 0.91 0.91 0.91 0.91 0.91 0.91 0.91 0.91 0.91 0.91 0.91 0.91 0.91 0.91 0.92 0.91 0.91 0.91 0.91 0.91 0.92 0.91 0.91 0.92
  per-rule acc: 0.94 0.89
Epoch 5840 | Train: Loss=0.0010 Acc=100.0% | Test: Acc=91.5% | Best=93.1%(@5400)
  from x3: 0.89 0.90 0.91 0.91 0.91 0.92 0.91 0.91 0.91 0.91 0.92 0.92 0.92 0.92 0.92 0.92 0.92 0.92 0.92 0.92 0.92 0.92 0.92 0.92 0.92 0.92 0.92 0.92 0.92
  per-rule acc: 0.94 0.89
Epoch 5860 | Train: Loss=0.0010 Acc=100.0% | Test: Acc=91.7% | Best=93.1%(@5400)
  from x3: 0.90 0.91 0.91 0.91 0.91 0.91 0.91 0.92 0.92 0.92 0.92 0.92 0.92 0.92 0.92 0.92 0.92 0.92 0.92 0.92 0.92 0.92 0.92 0.92 0.92 0.92 0.92 0.92 0.92
  per-rule acc: 0.93 0.90
Epoch 5880 | Train: Loss=0.0023 Acc=100.0% | Test: Acc=86.8% | Best=93.1%(@5400)
  from x3: 0.84 0.86 0.86 0.87 0.87 0.87 0.87 0.87 0.87 0.87 0.87 0.87 0.87 0.87 0.87 0.87 0.87 0.87 0.87 0.87 0.87 0.87 0.87 0.87 0.87 0.87 0.87 0.87 0.87
  per-rule acc: 0.91 0.83
Epoch 5900 | Train: Loss=0.0010 Acc=100.0% | Test: Acc=90.9% | Best=93.1%(@5400)
  from x3: 0.89 0.90 0.91 0.91 0.91 0.91 0.91 0.91 0.91 0.91 0.91 0.91 0.91 0.91 0.91 0.91 0.91 0.91 0.91 0.91 0.91 0.91 0.91 0.91 0.91 0.91 0.91 0.91 0.91
  per-rule acc: 0.93 0.89
Epoch 5920 | Train: Loss=0.0010 Acc=100.0% | Test: Acc=91.5% | Best=93.1%(@5400)
  from x3: 0.89 0.91 0.91 0.91 0.91 0.92 0.92 0.91 0.91 0.91 0.92 0.92 0.92 0.92 0.92 0.92 0.92 0.92 0.92 0.92 0.92 0.92 0.92 0.92 0.92 0.92 0.92 0.92 0.92
  per-rule acc: 0.93 0.90
Epoch 5940 | Train: Loss=0.0010 Acc=100.0% | Test: Acc=91.7% | Best=93.1%(@5400)
  from x3: 0.90 0.91 0.92 0.91 0.91 0.92 0.92 0.92 0.92 0.92 0.92 0.92 0.92 0.92 0.92 0.92 0.92 0.92 0.92 0.92 0.92 0.92 0.92 0.92 0.92 0.92 0.92 0.92 0.92
  per-rule acc: 0.93 0.91
Epoch 5960 | Train: Loss=0.0129 Acc=99.8% | Test: Acc=79.8% | Best=93.1%(@5400)
  from x3: 0.76 0.79 0.79 0.79 0.79 0.80 0.80 0.80 0.80 0.80 0.80 0.80 0.80 0.80 0.80 0.80 0.80 0.80 0.80 0.80 0.80 0.80 0.80 0.80 0.80 0.80 0.80 0.80 0.80
  per-rule acc: 0.83 0.76
Epoch 5980 | Train: Loss=0.0009 Acc=100.0% | Test: Acc=90.5% | Best=93.1%(@5400)
  from x3: 0.89 0.90 0.90 0.91 0.90 0.90 0.90 0.90 0.91 0.91 0.91 0.91 0.91 0.91 0.91 0.91 0.91 0.91 0.91 0.91 0.91 0.91 0.91 0.91 0.90 0.91 0.90 0.91 0.91
  per-rule acc: 0.93 0.88
Epoch 6000 | Train: Loss=0.0010 Acc=100.0% | Test: Acc=90.9% | Best=93.1%(@5400)
  from x3: 0.89 0.90 0.90 0.91 0.91 0.91 0.91 0.91 0.91 0.91 0.91 0.91 0.91 0.91 0.91 0.91 0.91 0.91 0.91 0.91 0.91 0.91 0.91 0.91 0.91 0.91 0.91 0.91 0.91
  per-rule acc: 0.93 0.88
Epoch 6020 | Train: Loss=0.0010 Acc=100.0% | Test: Acc=91.2% | Best=93.1%(@5400)
  from x3: 0.89 0.91 0.90 0.91 0.91 0.91 0.91 0.91 0.92 0.91 0.91 0.92 0.91 0.91 0.91 0.91 0.91 0.91 0.91 0.91 0.91 0.91 0.91 0.91 0.91 0.91 0.92 0.91 0.91
  per-rule acc: 0.93 0.89
Epoch 6040 | Train: Loss=0.0011 Acc=100.0% | Test: Acc=89.5% | Best=93.1%(@5400)
  from x3: 0.88 0.89 0.89 0.89 0.89 0.89 0.89 0.89 0.89 0.90 0.90 0.90 0.89 0.90 0.90 0.90 0.90 0.90 0.90 0.90 0.90 0.90 0.90 0.90 0.90 0.90 0.90 0.90 0.90
  per-rule acc: 0.92 0.87
Epoch 6060 | Train: Loss=0.0010 Acc=100.0% | Test: Acc=91.0% | Best=93.1%(@5400)
  from x3: 0.89 0.91 0.91 0.91 0.91 0.91 0.91 0.91 0.91 0.91 0.91 0.91 0.91 0.91 0.91 0.91 0.91 0.91 0.91 0.91 0.91 0.91 0.91 0.91 0.91 0.91 0.91 0.91 0.91
  per-rule acc: 0.93 0.89
Epoch 6080 | Train: Loss=0.0010 Acc=100.0% | Test: Acc=91.3% | Best=93.1%(@5400)
  from x3: 0.90 0.91 0.91 0.91 0.91 0.91 0.91 0.91 0.92 0.92 0.91 0.91 0.91 0.91 0.91 0.92 0.91 0.91 0.91 0.91 0.91 0.91 0.91 0.92 0.91 0.91 0.91 0.91 0.92
  per-rule acc: 0.93 0.90
Epoch 6100 | Train: Loss=0.0010 Acc=100.0% | Test: Acc=91.8% | Best=93.1%(@5400)
  from x3: 0.90 0.92 0.91 0.91 0.92 0.92 0.92 0.92 0.92 0.92 0.92 0.92 0.92 0.92 0.92 0.92 0.92 0.92 0.92 0.92 0.92 0.92 0.92 0.92 0.92 0.92 0.92 0.92 0.92
  per-rule acc: 0.93 0.91
Epoch 6120 | Train: Loss=0.0010 Acc=100.0% | Test: Acc=90.4% | Best=93.1%(@5400)
  from x3: 0.88 0.90 0.90 0.90 0.90 0.90 0.90 0.90 0.90 0.90 0.90 0.90 0.90 0.91 0.90 0.91 0.91 0.90 0.91 0.91 0.91 0.91 0.91 0.91 0.91 0.91 0.91 0.91 0.91
  per-rule acc: 0.93 0.88
Epoch 6140 | Train: Loss=0.0009 Acc=100.0% | Test: Acc=91.5% | Best=93.1%(@5400)
  from x3: 0.90 0.91 0.91 0.91 0.91 0.92 0.91 0.92 0.91 0.92 0.92 0.92 0.92 0.92 0.91 0.91 0.92 0.91 0.91 0.92 0.91 0.92 0.92 0.92 0.92 0.92 0.92 0.92 0.92
  per-rule acc: 0.94 0.89
Epoch 6160 | Train: Loss=0.0010 Acc=100.0% | Test: Acc=92.0% | Best=93.1%(@5400)
  from x3: 0.90 0.91 0.92 0.91 0.92 0.92 0.92 0.92 0.92 0.92 0.92 0.92 0.92 0.92 0.92 0.92 0.92 0.92 0.92 0.92 0.92 0.92 0.92 0.92 0.92 0.92 0.92 0.92 0.92
  per-rule acc: 0.94 0.90
Epoch 6180 | Train: Loss=0.0232 Acc=99.6% | Test: Acc=77.5% | Best=93.1%(@5400)
  from x3: 0.73 0.77 0.77 0.77 0.77 0.78 0.78 0.78 0.78 0.78 0.78 0.78 0.78 0.78 0.78 0.78 0.78 0.78 0.78 0.78 0.78 0.78 0.78 0.78 0.78 0.78 0.78 0.78 0.78
  per-rule acc: 0.80 0.75
Epoch 6200 | Train: Loss=0.0009 Acc=100.0% | Test: Acc=90.6% | Best=93.1%(@5400)
  from x3: 0.89 0.90 0.90 0.90 0.90 0.90 0.90 0.90 0.90 0.91 0.91 0.91 0.91 0.91 0.91 0.91 0.91 0.91 0.91 0.91 0.91 0.91 0.91 0.91 0.91 0.91 0.91 0.91 0.91
  per-rule acc: 0.93 0.88
Epoch 6220 | Train: Loss=0.0010 Acc=100.0% | Test: Acc=91.0% | Best=93.1%(@5400)
  from x3: 0.89 0.91 0.90 0.90 0.91 0.91 0.91 0.91 0.91 0.91 0.91 0.91 0.91 0.91 0.91 0.91 0.91 0.91 0.91 0.91 0.91 0.91 0.91 0.91 0.91 0.91 0.91 0.91 0.91
  per-rule acc: 0.93 0.89
Epoch 6240 | Train: Loss=0.0010 Acc=100.0% | Test: Acc=91.3% | Best=93.1%(@5400)
  from x3: 0.89 0.91 0.91 0.91 0.91 0.92 0.91 0.91 0.91 0.91 0.91 0.91 0.91 0.91 0.91 0.92 0.91 0.91 0.91 0.92 0.91 0.91 0.91 0.91 0.91 0.91 0.91 0.91 0.91
  per-rule acc: 0.93 0.89
Epoch 6260 | Train: Loss=0.0042 Acc=99.9% | Test: Acc=83.6% | Best=93.1%(@5400)
  from x3: 0.80 0.83 0.83 0.83 0.84 0.84 0.83 0.83 0.84 0.84 0.84 0.84 0.84 0.84 0.84 0.84 0.84 0.84 0.84 0.84 0.84 0.84 0.84 0.84 0.84 0.84 0.84 0.84 0.84
  per-rule acc: 0.87 0.80
Epoch 6280 | Train: Loss=0.0009 Acc=100.0% | Test: Acc=90.7% | Best=93.1%(@5400)
  from x3: 0.90 0.90 0.90 0.90 0.91 0.91 0.91 0.91 0.91 0.91 0.91 0.91 0.91 0.91 0.91 0.91 0.91 0.91 0.91 0.91 0.91 0.91 0.91 0.91 0.91 0.91 0.91 0.91 0.91
  per-rule acc: 0.93 0.88
Epoch 6300 | Train: Loss=0.0010 Acc=100.0% | Test: Acc=90.9% | Best=93.1%(@5400)
  from x3: 0.90 0.90 0.90 0.91 0.90 0.91 0.91 0.91 0.91 0.91 0.91 0.91 0.91 0.91 0.91 0.91 0.91 0.91 0.91 0.91 0.91 0.91 0.91 0.91 0.91 0.91 0.91 0.91 0.91
  per-rule acc: 0.93 0.89
Epoch 6320 | Train: Loss=0.0010 Acc=100.0% | Test: Acc=91.1% | Best=93.1%(@5400)
  from x3: 0.89 0.90 0.90 0.91 0.91 0.91 0.91 0.91 0.91 0.91 0.91 0.91 0.91 0.91 0.91 0.91 0.91 0.91 0.91 0.91 0.91 0.91 0.91 0.91 0.91 0.91 0.91 0.91 0.91
  per-rule acc: 0.93 0.89
Epoch 6340 | Train: Loss=0.0010 Acc=100.0% | Test: Acc=91.6% | Best=93.1%(@5400)
  from x3: 0.90 0.91 0.91 0.91 0.92 0.92 0.92 0.92 0.92 0.92 0.92 0.92 0.92 0.92 0.92 0.92 0.92 0.92 0.92 0.92 0.92 0.92 0.92 0.92 0.92 0.92 0.92 0.92 0.92
  per-rule acc: 0.93 0.90
Epoch 6360 | Train: Loss=0.0010 Acc=100.0% | Test: Acc=92.2% | Best=93.1%(@5400)
  from x3: 0.90 0.92 0.92 0.92 0.92 0.92 0.93 0.92 0.92 0.92 0.92 0.92 0.92 0.92 0.92 0.92 0.92 0.92 0.92 0.92 0.92 0.92 0.92 0.92 0.92 0.92 0.92 0.92 0.92
  per-rule acc: 0.93 0.91
Epoch 6380 | Train: Loss=0.0009 Acc=100.0% | Test: Acc=92.2% | Best=93.1%(@5400)
  from x3: 0.90 0.92 0.92 0.92 0.92 0.92 0.92 0.92 0.92 0.92 0.92 0.92 0.92 0.92 0.92 0.92 0.92 0.92 0.92 0.92 0.92 0.92 0.93 0.92 0.92 0.92 0.92 0.92 0.92
  per-rule acc: 0.93 0.91
Epoch 6400 | Train: Loss=0.0009 Acc=100.0% | Test: Acc=91.1% | Best=93.1%(@5400)
  from x3: 0.89 0.90 0.90 0.91 0.91 0.91 0.91 0.91 0.91 0.91 0.91 0.91 0.91 0.91 0.91 0.91 0.91 0.91 0.91 0.91 0.91 0.91 0.91 0.91 0.91 0.91 0.91 0.91 0.91
  per-rule acc: 0.93 0.90
Epoch 6420 | Train: Loss=0.0009 Acc=100.0% | Test: Acc=91.6% | Best=93.1%(@5400)
  from x3: 0.90 0.91 0.91 0.91 0.91 0.92 0.92 0.91 0.92 0.92 0.92 0.92 0.92 0.92 0.92 0.92 0.92 0.92 0.92 0.92 0.92 0.92 0.92 0.92 0.92 0.92 0.92 0.92 0.92
  per-rule acc: 0.93 0.90
Epoch 6440 | Train: Loss=0.0009 Acc=100.0% | Test: Acc=91.5% | Best=93.1%(@5400)
  from x3: 0.89 0.91 0.91 0.91 0.91 0.92 0.92 0.91 0.91 0.92 0.92 0.92 0.91 0.92 0.92 0.92 0.92 0.92 0.92 0.92 0.92 0.92 0.92 0.92 0.92 0.92 0.92 0.92 0.92
  per-rule acc: 0.93 0.90
Epoch 6460 | Train: Loss=0.0009 Acc=100.0% | Test: Acc=91.4% | Best=93.1%(@5400)
  from x3: 0.89 0.91 0.91 0.91 0.91 0.91 0.92 0.92 0.92 0.92 0.92 0.91 0.92 0.92 0.91 0.92 0.92 0.91 0.91 0.92 0.92 0.92 0.92 0.92 0.92 0.92 0.92 0.92 0.92
  per-rule acc: 0.93 0.90
Epoch 6480 | Train: Loss=0.0032 Acc=100.0% | Test: Acc=85.0% | Best=93.1%(@5400)
  from x3: 0.83 0.85 0.85 0.85 0.85 0.85 0.85 0.85 0.85 0.85 0.85 0.85 0.85 0.85 0.85 0.85 0.85 0.85 0.85 0.85 0.85 0.85 0.85 0.85 0.85 0.85 0.85 0.85 0.85
  per-rule acc: 0.90 0.80
Epoch 6500 | Train: Loss=0.0009 Acc=100.0% | Test: Acc=91.0% | Best=93.1%(@5400)
  from x3: 0.89 0.90 0.91 0.91 0.91 0.91 0.91 0.91 0.91 0.91 0.91 0.91 0.91 0.91 0.91 0.91 0.91 0.91 0.91 0.91 0.91 0.91 0.91 0.91 0.91 0.91 0.91 0.91 0.91
  per-rule acc: 0.93 0.89
Epoch 6520 | Train: Loss=0.0009 Acc=100.0% | Test: Acc=91.1% | Best=93.1%(@5400)
  from x3: 0.89 0.90 0.91 0.91 0.91 0.91 0.91 0.91 0.91 0.91 0.91 0.91 0.91 0.91 0.91 0.91 0.91 0.91 0.91 0.91 0.91 0.91 0.91 0.91 0.91 0.91 0.91 0.91 0.91
  per-rule acc: 0.93 0.89
Epoch 6540 | Train: Loss=0.0010 Acc=100.0% | Test: Acc=90.9% | Best=93.1%(@5400)
  from x3: 0.89 0.91 0.91 0.91 0.91 0.91 0.91 0.91 0.91 0.91 0.91 0.91 0.91 0.91 0.91 0.91 0.91 0.91 0.91 0.91 0.91 0.91 0.91 0.91 0.91 0.91 0.91 0.91 0.91
  per-rule acc: 0.93 0.89
Epoch 6560 | Train: Loss=0.0009 Acc=100.0% | Test: Acc=91.5% | Best=93.1%(@5400)
  from x3: 0.89 0.91 0.91 0.91 0.91 0.92 0.92 0.92 0.92 0.92 0.92 0.91 0.92 0.92 0.92 0.92 0.92 0.92 0.91 0.92 0.92 0.92 0.92 0.92 0.92 0.92 0.92 0.92 0.92
  per-rule acc: 0.93 0.90
Epoch 6580 | Train: Loss=0.0117 Acc=99.9% | Test: Acc=78.0% | Best=93.1%(@5400)
  from x3: 0.75 0.78 0.77 0.78 0.78 0.78 0.78 0.78 0.78 0.78 0.78 0.78 0.78 0.78 0.78 0.78 0.78 0.78 0.78 0.78 0.78 0.78 0.78 0.78 0.79 0.79 0.79 0.78 0.78
  per-rule acc: 0.82 0.74
Epoch 6600 | Train: Loss=0.0009 Acc=100.0% | Test: Acc=90.4% | Best=93.1%(@5400)
  from x3: 0.89 0.90 0.90 0.90 0.90 0.90 0.90 0.90 0.90 0.90 0.90 0.90 0.90 0.91 0.91 0.91 0.91 0.91 0.91 0.91 0.91 0.91 0.91 0.91 0.91 0.91 0.91 0.91 0.90
  per-rule acc: 0.93 0.88
Epoch 6620 | Train: Loss=0.0009 Acc=100.0% | Test: Acc=90.8% | Best=93.1%(@5400)
  from x3: 0.89 0.90 0.90 0.90 0.91 0.91 0.91 0.91 0.91 0.91 0.91 0.91 0.91 0.91 0.91 0.91 0.91 0.91 0.91 0.91 0.91 0.91 0.91 0.91 0.91 0.91 0.91 0.91 0.91
  per-rule acc: 0.93 0.89
Epoch 6640 | Train: Loss=0.0009 Acc=100.0% | Test: Acc=91.1% | Best=93.1%(@5400)
  from x3: 0.89 0.90 0.90 0.91 0.91 0.91 0.91 0.91 0.91 0.91 0.91 0.91 0.91 0.91 0.91 0.91 0.91 0.91 0.91 0.91 0.91 0.91 0.91 0.91 0.91 0.91 0.92 0.91 0.91
  per-rule acc: 0.93 0.90
Epoch 6660 | Train: Loss=0.0009 Acc=100.0% | Test: Acc=91.5% | Best=93.1%(@5400)
  from x3: 0.89 0.91 0.91 0.91 0.91 0.92 0.92 0.92 0.92 0.92 0.92 0.92 0.92 0.92 0.92 0.92 0.92 0.92 0.92 0.92 0.92 0.92 0.92 0.92 0.92 0.92 0.92 0.92 0.92
  per-rule acc: 0.92 0.91
Epoch 6680 | Train: Loss=0.0009 Acc=100.0% | Test: Acc=91.8% | Best=93.1%(@5400)
  from x3: 0.90 0.91 0.92 0.92 0.92 0.92 0.92 0.92 0.92 0.92 0.92 0.92 0.92 0.92 0.92 0.92 0.92 0.92 0.92 0.92 0.92 0.92 0.92 0.92 0.92 0.92 0.92 0.92 0.92
  per-rule acc: 0.93 0.91
Epoch 6700 | Train: Loss=0.0011 Acc=100.0% | Test: Acc=86.6% | Best=93.1%(@5400)
  from x3: 0.85 0.86 0.86 0.86 0.86 0.87 0.87 0.86 0.87 0.86 0.87 0.87 0.87 0.87 0.87 0.87 0.87 0.87 0.87 0.87 0.87 0.87 0.87 0.87 0.87 0.87 0.87 0.87 0.87
  per-rule acc: 0.89 0.84
Epoch 6720 | Train: Loss=0.0009 Acc=100.0% | Test: Acc=89.2% | Best=93.1%(@5400)
  from x3: 0.87 0.88 0.88 0.88 0.89 0.89 0.89 0.89 0.89 0.89 0.89 0.89 0.89 0.89 0.90 0.89 0.90 0.89 0.89 0.89 0.90 0.90 0.90 0.90 0.90 0.90 0.90 0.90 0.90
  per-rule acc: 0.92 0.87
Epoch 6740 | Train: Loss=0.0009 Acc=100.0% | Test: Acc=89.3% | Best=93.1%(@5400)
  from x3: 0.87 0.88 0.89 0.89 0.89 0.89 0.89 0.89 0.89 0.89 0.89 0.89 0.90 0.89 0.89 0.89 0.89 0.90 0.89 0.89 0.90 0.90 0.89 0.90 0.90 0.90 0.90 0.90 0.90
  per-rule acc: 0.92 0.87
Epoch 6760 | Train: Loss=0.0009 Acc=100.0% | Test: Acc=89.8% | Best=93.1%(@5400)
  from x3: 0.88 0.88 0.89 0.89 0.89 0.90 0.90 0.90 0.90 0.90 0.90 0.90 0.90 0.90 0.90 0.90 0.90 0.90 0.90 0.90 0.90 0.90 0.90 0.90 0.90 0.90 0.90 0.90 0.90
  per-rule acc: 0.92 0.87
Epoch 6780 | Train: Loss=0.0009 Acc=100.0% | Test: Acc=90.4% | Best=93.1%(@5400)
  from x3: 0.88 0.89 0.90 0.90 0.90 0.90 0.90 0.90 0.91 0.90 0.91 0.91 0.91 0.91 0.91 0.91 0.90 0.91 0.91 0.91 0.91 0.91 0.91 0.91 0.91 0.91 0.91 0.91 0.91
  per-rule acc: 0.92 0.89
Epoch 6800 | Train: Loss=0.0019 Acc=100.0% | Test: Acc=89.1% | Best=93.1%(@5400)
  from x3: 0.87 0.88 0.88 0.89 0.89 0.89 0.89 0.89 0.89 0.89 0.89 0.89 0.89 0.89 0.89 0.89 0.89 0.89 0.89 0.89 0.89 0.89 0.89 0.89 0.89 0.89 0.89 0.89 0.89
  per-rule acc: 0.91 0.87
Epoch 6820 | Train: Loss=0.0009 Acc=100.0% | Test: Acc=90.4% | Best=93.1%(@5400)
  from x3: 0.89 0.90 0.90 0.90 0.90 0.90 0.90 0.90 0.90 0.91 0.90 0.91 0.91 0.91 0.91 0.91 0.91 0.91 0.91 0.91 0.91 0.91 0.91 0.91 0.91 0.91 0.91 0.91 0.90
  per-rule acc: 0.93 0.88
Epoch 6840 | Train: Loss=0.0009 Acc=100.0% | Test: Acc=90.7% | Best=93.1%(@5400)
  from x3: 0.89 0.90 0.90 0.90 0.90 0.91 0.91 0.91 0.91 0.91 0.91 0.91 0.91 0.91 0.91 0.91 0.91 0.91 0.91 0.91 0.91 0.91 0.91 0.91 0.91 0.91 0.91 0.91 0.91
  per-rule acc: 0.93 0.88
Epoch 6860 | Train: Loss=0.0009 Acc=100.0% | Test: Acc=90.7% | Best=93.1%(@5400)
  from x3: 0.89 0.90 0.90 0.90 0.90 0.91 0.91 0.91 0.91 0.91 0.91 0.91 0.91 0.91 0.91 0.91 0.91 0.91 0.91 0.91 0.91 0.91 0.91 0.91 0.91 0.91 0.91 0.91 0.91
  per-rule acc: 0.93 0.89
Epoch 6880 | Train: Loss=0.0009 Acc=100.0% | Test: Acc=90.8% | Best=93.1%(@5400)
  from x3: 0.89 0.90 0.90 0.90 0.91 0.91 0.91 0.91 0.91 0.91 0.91 0.91 0.91 0.91 0.91 0.91 0.91 0.91 0.91 0.91 0.91 0.91 0.91 0.91 0.91 0.91 0.91 0.91 0.91
  per-rule acc: 0.93 0.89
Epoch 6900 | Train: Loss=0.0009 Acc=100.0% | Test: Acc=91.3% | Best=93.1%(@5400)
  from x3: 0.90 0.91 0.91 0.91 0.91 0.91 0.91 0.91 0.91 0.92 0.91 0.91 0.91 0.91 0.92 0.91 0.91 0.91 0.91 0.91 0.91 0.91 0.91 0.91 0.91 0.92 0.92 0.92 0.92
  per-rule acc: 0.93 0.90
Epoch 6920 | Train: Loss=0.0028 Acc=100.0% | Test: Acc=83.9% | Best=93.1%(@5400)
  from x3: 0.82 0.84 0.83 0.84 0.83 0.84 0.84 0.84 0.84 0.84 0.84 0.84 0.84 0.84 0.84 0.84 0.84 0.84 0.84 0.84 0.84 0.84 0.84 0.84 0.84 0.84 0.84 0.84 0.85
  per-rule acc: 0.87 0.80
Epoch 6940 | Train: Loss=0.0009 Acc=100.0% | Test: Acc=90.2% | Best=93.1%(@5400)
  from x3: 0.88 0.89 0.90 0.90 0.90 0.90 0.90 0.90 0.90 0.90 0.90 0.91 0.90 0.90 0.91 0.90 0.90 0.90 0.90 0.90 0.90 0.90 0.90 0.91 0.91 0.91 0.91 0.91 0.91
  per-rule acc: 0.93 0.88
Epoch 6960 | Train: Loss=0.0009 Acc=100.0% | Test: Acc=90.3% | Best=93.1%(@5400)
  from x3: 0.88 0.90 0.90 0.90 0.90 0.90 0.90 0.90 0.91 0.90 0.91 0.90 0.90 0.90 0.90 0.91 0.90 0.90 0.90 0.91 0.90 0.90 0.91 0.90 0.91 0.91 0.90 0.91 0.91
  per-rule acc: 0.93 0.88
Epoch 6980 | Train: Loss=0.0009 Acc=100.0% | Test: Acc=90.6% | Best=93.1%(@5400)
  from x3: 0.88 0.90 0.90 0.90 0.91 0.90 0.91 0.91 0.91 0.91 0.91 0.91 0.91 0.91 0.91 0.91 0.91 0.91 0.91 0.91 0.91 0.91 0.91 0.91 0.91 0.91 0.91 0.91 0.91
  per-rule acc: 0.93 0.88
Epoch 7000 | Train: Loss=0.0009 Acc=100.0% | Test: Acc=90.8% | Best=93.1%(@5400)
  from x3: 0.89 0.90 0.90 0.91 0.91 0.91 0.91 0.91 0.91 0.91 0.91 0.91 0.91 0.91 0.91 0.91 0.91 0.91 0.91 0.91 0.91 0.91 0.91 0.91 0.91 0.91 0.91 0.91 0.91
  per-rule acc: 0.93 0.89
Epoch 7020 | Train: Loss=0.0009 Acc=100.0% | Test: Acc=91.0% | Best=93.1%(@5400)
  from x3: 0.89 0.91 0.91 0.91 0.91 0.91 0.91 0.91 0.91 0.91 0.91 0.91 0.91 0.91 0.91 0.91 0.91 0.91 0.91 0.91 0.91 0.91 0.91 0.91 0.91 0.91 0.91 0.91 0.91
  per-rule acc: 0.92 0.90
Epoch 7040 | Train: Loss=0.0009 Acc=100.0% | Test: Acc=88.0% | Best=93.1%(@5400)
  from x3: 0.86 0.87 0.87 0.87 0.88 0.88 0.88 0.88 0.88 0.88 0.88 0.88 0.88 0.88 0.88 0.88 0.88 0.88 0.88 0.88 0.88 0.88 0.88 0.88 0.88 0.88 0.88 0.88 0.88
  per-rule acc: 0.90 0.85
Epoch 7060 | Train: Loss=0.0009 Acc=100.0% | Test: Acc=89.9% | Best=93.1%(@5400)
  from x3: 0.88 0.89 0.90 0.90 0.90 0.90 0.90 0.90 0.90 0.90 0.90 0.90 0.90 0.90 0.90 0.90 0.90 0.90 0.90 0.90 0.90 0.90 0.90 0.90 0.90 0.90 0.90 0.90 0.90
  per-rule acc: 0.92 0.87
Epoch 7080 | Train: Loss=0.0009 Acc=100.0% | Test: Acc=90.1% | Best=93.1%(@5400)
  from x3: 0.87 0.89 0.90 0.90 0.90 0.90 0.90 0.90 0.90 0.90 0.90 0.90 0.90 0.90 0.90 0.90 0.90 0.90 0.90 0.90 0.90 0.90 0.90 0.90 0.90 0.90 0.90 0.90 0.90
  per-rule acc: 0.93 0.88
Epoch 7100 | Train: Loss=0.0009 Acc=100.0% | Test: Acc=90.5% | Best=93.1%(@5400)
  from x3: 0.88 0.90 0.90 0.90 0.90 0.91 0.91 0.91 0.91 0.91 0.91 0.91 0.91 0.91 0.91 0.91 0.91 0.91 0.91 0.91 0.91 0.91 0.91 0.91 0.91 0.91 0.91 0.91 0.91
  per-rule acc: 0.93 0.88
Epoch 7120 | Train: Loss=0.0009 Acc=100.0% | Test: Acc=90.9% | Best=93.1%(@5400)
  from x3: 0.88 0.90 0.90 0.90 0.91 0.91 0.91 0.91 0.91 0.91 0.91 0.91 0.91 0.91 0.91 0.91 0.91 0.91 0.91 0.91 0.91 0.91 0.91 0.91 0.91 0.91 0.91 0.91 0.91
  per-rule acc: 0.93 0.89
Epoch 7140 | Train: Loss=0.0009 Acc=100.0% | Test: Acc=91.3% | Best=93.1%(@5400)
  from x3: 0.89 0.91 0.91 0.91 0.91 0.92 0.92 0.92 0.92 0.91 0.91 0.92 0.91 0.91 0.91 0.91 0.91 0.91 0.91 0.91 0.91 0.91 0.92 0.91 0.91 0.92 0.91 0.91 0.91
  per-rule acc: 0.93 0.90
Epoch 7160 | Train: Loss=0.0009 Acc=100.0% | Test: Acc=89.0% | Best=93.1%(@5400)
  from x3: 0.87 0.88 0.88 0.89 0.89 0.89 0.89 0.89 0.89 0.89 0.89 0.89 0.89 0.89 0.89 0.89 0.89 0.89 0.89 0.89 0.89 0.89 0.89 0.89 0.89 0.89 0.89 0.89 0.89
  per-rule acc: 0.92 0.86
Epoch 7180 | Train: Loss=0.0009 Acc=100.0% | Test: Acc=89.9% | Best=93.1%(@5400)
  from x3: 0.88 0.89 0.89 0.89 0.89 0.90 0.90 0.90 0.90 0.90 0.90 0.90 0.90 0.90 0.90 0.90 0.90 0.90 0.90 0.90 0.90 0.90 0.90 0.90 0.90 0.90 0.90 0.91 0.90
  per-rule acc: 0.93 0.87
Epoch 7200 | Train: Loss=0.0009 Acc=100.0% | Test: Acc=90.1% | Best=93.1%(@5400)
  from x3: 0.88 0.89 0.90 0.89 0.90 0.90 0.90 0.90 0.90 0.90 0.90 0.90 0.90 0.90 0.90 0.90 0.90 0.90 0.90 0.90 0.90 0.91 0.90 0.90 0.90 0.90 0.91 0.90 0.91
  per-rule acc: 0.92 0.88
Epoch 7220 | Train: Loss=0.0009 Acc=100.0% | Test: Acc=90.2% | Best=93.1%(@5400)
  from x3: 0.88 0.89 0.90 0.90 0.90 0.90 0.90 0.91 0.90 0.91 0.90 0.90 0.90 0.90 0.90 0.90 0.90 0.90 0.90 0.90 0.90 0.90 0.90 0.90 0.90 0.90 0.90 0.90 0.90
  per-rule acc: 0.92 0.88
Epoch 7240 | Train: Loss=0.0009 Acc=100.0% | Test: Acc=90.5% | Best=93.1%(@5400)
  from x3: 0.88 0.89 0.90 0.90 0.91 0.91 0.91 0.91 0.91 0.91 0.91 0.91 0.91 0.91 0.91 0.91 0.91 0.91 0.91 0.91 0.91 0.91 0.91 0.91 0.91 0.91 0.91 0.91 0.91
  per-rule acc: 0.92 0.89
Epoch 7260 | Train: Loss=0.0020 Acc=100.0% | Test: Acc=83.8% | Best=93.1%(@5400)
  from x3: 0.81 0.83 0.83 0.84 0.83 0.84 0.84 0.84 0.84 0.84 0.84 0.84 0.84 0.84 0.84 0.84 0.84 0.84 0.84 0.84 0.84 0.84 0.84 0.84 0.84 0.84 0.84 0.84 0.84
  per-rule acc: 0.88 0.80
Epoch 7280 | Train: Loss=0.0009 Acc=100.0% | Test: Acc=88.8% | Best=93.1%(@5400)
  from x3: 0.87 0.88 0.88 0.89 0.89 0.89 0.89 0.89 0.89 0.89 0.89 0.89 0.89 0.89 0.89 0.89 0.89 0.89 0.89 0.89 0.89 0.89 0.89 0.89 0.89 0.89 0.89 0.89 0.89
  per-rule acc: 0.92 0.86
Epoch 7300 | Train: Loss=0.0009 Acc=100.0% | Test: Acc=89.1% | Best=93.1%(@5400)
  from x3: 0.87 0.89 0.89 0.89 0.89 0.89 0.89 0.89 0.89 0.89 0.89 0.89 0.89 0.89 0.89 0.89 0.89 0.89 0.89 0.89 0.89 0.89 0.89 0.89 0.89 0.89 0.89 0.89 0.89
  per-rule acc: 0.92 0.86
Epoch 7320 | Train: Loss=0.0009 Acc=100.0% | Test: Acc=89.2% | Best=93.1%(@5400)
  from x3: 0.87 0.89 0.89 0.89 0.89 0.89 0.89 0.90 0.90 0.89 0.89 0.89 0.89 0.90 0.89 0.89 0.89 0.89 0.89 0.89 0.89 0.89 0.89 0.89 0.89 0.89 0.89 0.89 0.89
  per-rule acc: 0.92 0.86
Epoch 7340 | Train: Loss=0.0009 Acc=100.0% | Test: Acc=89.7% | Best=93.1%(@5400)
  from x3: 0.88 0.89 0.89 0.89 0.89 0.90 0.90 0.90 0.90 0.90 0.90 0.90 0.90 0.90 0.90 0.90 0.90 0.90 0.90 0.90 0.90 0.90 0.90 0.90 0.90 0.90 0.90 0.90 0.90
  per-rule acc: 0.92 0.87
Epoch 7360 | Train: Loss=0.0009 Acc=100.0% | Test: Acc=90.4% | Best=93.1%(@5400)
  from x3: 0.88 0.90 0.90 0.90 0.90 0.90 0.90 0.91 0.91 0.91 0.90 0.91 0.90 0.90 0.90 0.90 0.90 0.90 0.91 0.91 0.91 0.90 0.91 0.91 0.91 0.91 0.91 0.91 0.90
  per-rule acc: 0.92 0.89
Epoch 7380 | Train: Loss=0.0008 Acc=100.0% | Test: Acc=90.8% | Best=93.1%(@5400)
  from x3: 0.88 0.90 0.90 0.91 0.91 0.91 0.91 0.91 0.91 0.91 0.91 0.91 0.91 0.91 0.91 0.91 0.91 0.91 0.91 0.91 0.91 0.91 0.91 0.91 0.91 0.91 0.91 0.91 0.91
  per-rule acc: 0.92 0.89
Epoch 7400 | Train: Loss=0.0008 Acc=100.0% | Test: Acc=88.8% | Best=93.1%(@5400)
  from x3: 0.86 0.88 0.88 0.88 0.89 0.89 0.89 0.89 0.89 0.89 0.89 0.89 0.89 0.89 0.89 0.89 0.89 0.89 0.89 0.89 0.89 0.89 0.89 0.89 0.89 0.89 0.89 0.89 0.89
  per-rule acc: 0.91 0.87
[Early stop] No improvement for 2000 consecutive epochs

==================================================
Saving model...
[OK] Model saved to: /home/cxm/ai/test0625-basic2/models/mixed_basic_d1024l4_r4_t32.pth
  File size: 199192.4 KB
  Best test accuracy: 93.13%

==================================================
Final generation test (given first two items, AB generates 3rd as prompt, validate from 4th)
==================================================

--- AB pair 1: (1, 1) ---

--- Statistics for AB=(1,1) ---
Exposed    samples:  1405 | In-dist: 40454/40745 ( 99.3%) | OOD: 44664/44960 ( 99.3%)
Unexposed  samples:  1404 | In-dist: 19019/40716 ( 46.7%) | OOD: 11928/44928 ( 26.5%)

--- AB pair 2: (1, 2) ---

--- Statistics for AB=(1,2) ---
Exposed    samples:  1405 | In-dist: 40571/40745 ( 99.6%) | OOD: 44435/44960 ( 98.8%)
Unexposed  samples:  1404 | In-dist: 17287/40716 ( 42.5%) | OOD: 13309/44928 ( 29.6%)

--- Return code: 0 ---

======================================================================
Attention Analysis
======================================================================
Model config: addition (default), p=53
Best test accuracy: 0.9313169270065822
Training epochs: 7400

Random test sequence 1/5 (length 64): [2, 11, 13, 24, 37, 8, 45, 0, 45, 45, 37, 29, 13, 42, 2, 44, 46, 37, 30, 14]...

======================================================================
Attention Layer Training Result Summary
======================================================================
Input sequence: [2, 11, 13, 24, 37, 8, 45, 0, 45, 45, 37, 29, 13, 42, 2, 44, 46, 37, 30, 14, 44, 5, 49, 1, 50, 51, 48, 46, 41, 34, 22, 3, 25, 28, 0, 28, 28, 3, 31, 34, 12, 46, 5, 51, 3, 1, 4, 5, 9, 14, 23, 37, 7, 44, 51, 42, 40, 29, 16, 45, 8, 0, 8, 8]

--- Layer 0 ---
  Head 0: Entropy=0.575
    Attention coefficients from each query position to previous positions:
      i= 0 -> j=0:1.000
      i= 1 -> j=0:0.904, j=1:0.096
      i= 2 -> j=0:0.081, j=1:0.846, j=2:0.073
      i= 3 -> j=0:0.000, j=1:0.105, j=2:0.821, j=3:0.074
      i= 4 -> j=0:0.000, j=1:0.000, j=2:0.083, j=3:0.844, j=4:0.072
      i= 5 -> j=0:0.000, j=1:0.000, j=2:0.000, j=3:0.108, j=4:0.828, j=5:0.064
      i= 6 -> j=0:0.000, j=1:0.000, j=2:0.000, j=3:0.000, j=4:0.106, j=5:0.809, j=6:0.085
      i= 7 -> j=0:0.000, j=1:0.000, j=2:0.000, j=3:0.000, j=4:0.000, j=5:0.068, j=6:0.874, j=7:0.058
      i= 8 -> j=0:0.000, j=1:0.000, j=2:0.000, j=3:0.000, j=4:0.000, j=5:0.000, j=6:0.072, j=7:0.858, j=8:0.070
      i= 9 -> j=0:0.000, j=1:0.000, j=2:0.000, j=3:0.000, j=4:0.000, j=5:0.000, j=6:0.000, j=7:0.101, j=8:0.816, j=9:0.083
      i=10 -> j=0:0.000, j=1:0.000, j=2:0.000, j=3:0.000, j=4:0.000, j=5:0.000, j=6:0.000, j=7:0.000, j=8:0.089, j=9:0.831, j=10:0.079
      i=11 -> j=0:0.000, j=1:0.000, j=2:0.000, j=3:0.000, j=4:0.000, j=5:0.000, j=6:0.000, j=7:0.000, j=8:0.000, j=9:0.089, j=10:0.842, j=11:0.069
      i=12 -> j=0:0.000, j=1:0.000, j=2:0.000, j=3:0.000, j=4:0.000, j=5:0.000, j=6:0.000, j=7:0.000, j=8:0.000, j=9:0.000, j=10:0.100, j=11:0.829, j=12:0.071
      i=13 -> j=0:0.000, j=1:0.000, j=2:0.000, j=3:0.000, j=4:0.000, j=5:0.000, j=6:0.000, j=7:0.000, j=8:0.000, j=9:0.000, j=10:0.001, j=11:0.100, j=12:0.826, j=13:0.073
      i=14 -> j=0:0.000, j=1:0.000, j=2:0.000, j=3:0.000, j=4:0.000, j=5:0.000, j=6:0.000, j=7:0.000, j=8:0.000, j=9:0.000, j=10:0.000, j=11:0.000, j=12:0.109, j=13:0.797, j=14:0.094
      i=15 -> j=0:0.000, j=1:0.000, j=2:0.000, j=3:0.000, j=4:0.000, j=5:0.000, j=6:0.000, j=7:0.000, j=8:0.000, j=9:0.000, j=10:0.000, j=11:0.000, j=12:0.001, j=13:0.104, j=14:0.812, j=15:0.083
      i=16 -> j=0:0.000, j=1:0.000, j=2:0.000, j=3:0.000, j=4:0.000, j=5:0.000, j=6:0.000, j=7:0.000, j=8:0.000, j=9:0.000, j=10:0.000, j=11:0.000, j=12:0.000, j=13:0.000, j=14:0.087, j=15:0.836, j=16:0.076
      i=17 -> j=0:0.000, j=1:0.000, j=2:0.000, j=3:0.000, j=4:0.000, j=5:0.000, j=6:0.000, j=7:0.000, j=8:0.000, j=9:0.000, j=10:0.000, j=11:0.000, j=12:0.000, j=13:0.000, j=14:0.000, j=15:0.094, j=16:0.825, j=17:0.080
      i=18 -> j=0:0.000, j=1:0.000, j=2:0.000, j=3:0.000, j=4:0.000, j=5:0.000, j=6:0.000, j=7:0.000, j=8:0.000, j=9:0.000, j=10:0.000, j=11:0.000, j=12:0.000, j=13:0.000, j=14:0.000, j=15:0.000, j=16:0.084, j=17:0.843, j=18:0.072
      i=19 -> j=0:0.000, j=1:0.000, j=2:0.000, j=3:0.000, j=4:0.000, j=5:0.000, j=6:0.000, j=7:0.000, j=8:0.000, j=9:0.000, j=10:0.000, j=11:0.000, j=12:0.000, j=13:0.000, j=14:0.000, j=15:0.000, j=16:0.000, j=17:0.101, j=18:0.811, j=19:0.088
      i=20 -> j=0:0.000, j=1:0.000, j=2:0.000, j=3:0.000, j=4:0.000, j=5:0.000, j=6:0.000, j=7:0.000, j=8:0.000, j=9:0.000, j=10:0.000, j=11:0.000, j=12:0.000, j=13:0.000, j=14:0.000, j=15:0.000, j=16:0.000, j=17:0.001, j=18:0.091, j=19:0.834, j=20:0.074
      i=21 -> j=0:0.000, j=1:0.000, j=2:0.000, j=3:0.000, j=4:0.000, j=5:0.000, j=6:0.000, j=7:0.000, j=8:0.000, j=9:0.000, j=10:0.000, j=11:0.000, j=12:0.000, j=13:0.000, j=14:0.000, j=15:0.000, j=16:0.000, j=17:0.000, j=18:0.000, j=19:0.102, j=20:0.815, j=21:0.082
      i=22 -> j=0:0.000, j=1:0.000, j=2:0.000, j=3:0.000, j=4:0.000, j=5:0.000, j=6:0.000, j=7:0.000, j=8:0.000, j=9:0.000, j=10:0.000, j=11:0.000, j=12:0.000, j=13:0.000, j=14:0.000, j=15:0.000, j=16:0.000, j=17:0.000, j=18:0.000, j=19:0.000, j=20:0.071, j=21:0.843, j=22:0.086
      i=23 -> j=0:0.000, j=1:0.000, j=2:0.000, j=3:0.000, j=4:0.000, j=5:0.000, j=6:0.000, j=7:0.000, j=8:0.000, j=9:0.000, j=10:0.000, j=11:0.000, j=12:0.000, j=13:0.000, j=14:0.000, j=15:0.000, j=16:0.000, j=17:0.000, j=18:0.000, j=19:0.000, j=20:0.000, j=21:0.098, j=22:0.811, j=23:0.090
      i=24 -> j=0:0.000, j=1:0.000, j=2:0.000, j=3:0.000, j=4:0.000, j=5:0.000, j=6:0.000, j=7:0.000, j=8:0.000, j=9:0.000, j=10:0.000, j=11:0.000, j=12:0.000, j=13:0.000, j=14:0.000, j=15:0.000, j=16:0.000, j=17:0.000, j=18:0.000, j=19:0.000, j=20:0.000, j=21:0.000, j=22:0.083, j=23:0.852, j=24:0.064
      i=25 -> j=0:0.000, j=1:0.000, j=2:0.000, j=3:0.000, j=4:0.000, j=5:0.000, j=6:0.000, j=7:0.000, j=8:0.000, j=9:0.000, j=10:0.000, j=11:0.000, j=12:0.000, j=13:0.000, j=14:0.000, j=15:0.000, j=16:0.000, j=17:0.000, j=18:0.000, j=19:0.000, j=20:0.000, j=21:0.000, j=22:0.000, j=23:0.105, j=24:0.802, j=25:0.092
      i=26 -> j=0:0.000, j=1:0.000, j=2:0.000, j=3:0.000, j=4:0.000, j=5:0.000, j=6:0.000, j=7:0.000, j=8:0.000, j=9:0.000, j=10:0.000, j=11:0.000, j=12:0.000, j=13:0.000, j=14:0.000, j=15:0.000, j=16:0.000, j=17:0.000, j=18:0.000, j=19:0.000, j=20:0.000, j=21:0.000, j=22:0.000, j=23:0.000, j=24:0.098, j=25:0.823, j=26:0.077
      i=27 -> j=0:0.000, j=1:0.000, j=2:0.000, j=3:0.000, j=4:0.000, j=5:0.000, j=6:0.000, j=7:0.000, j=8:0.000, j=9:0.000, j=10:0.000, j=11:0.000, j=12:0.000, j=13:0.000, j=14:0.000, j=15:0.000, j=16:0.000, j=17:0.000, j=18:0.000, j=19:0.000, j=20:0.000, j=21:0.000, j=22:0.000, j=23:0.000, j=24:0.000, j=25:0.088, j=26:0.841, j=27:0.070
      i=28 -> j=0:0.000, j=1:0.000, j=2:0.000, j=3:0.000, j=4:0.000, j=5:0.000, j=6:0.000, j=7:0.000, j=8:0.000, j=9:0.000, j=10:0.000, j=11:0.000, j=12:0.000, j=13:0.000, j=14:0.000, j=15:0.000, j=16:0.000, j=17:0.000, j=18:0.000, j=19:0.000, j=20:0.000, j=21:0.000, j=22:0.000, j=23:0.000, j=24:0.000, j=25:0.000, j=26:0.098, j=27:0.817, j=28:0.084
      i=29 -> j=0:0.000, j=1:0.000, j=2:0.000, j=3:0.000, j=4:0.000, j=5:0.000, j=6:0.000, j=7:0.000, j=8:0.000, j=9:0.000, j=10:0.000, j=11:0.000, j=12:0.000, j=13:0.000, j=14:0.000, j=15:0.000, j=16:0.000, j=17:0.000, j=18:0.000, j=19:0.000, j=20:0.000, j=21:0.000, j=22:0.000, j=23:0.000, j=24:0.000, j=25:0.000, j=26:0.000, j=27:0.108, j=28:0.801, j=29:0.090
      i=30 -> j=0:0.000, j=1:0.000, j=2:0.000, j=3:0.000, j=4:0.000, j=5:0.000, j=6:0.000, j=7:0.000, j=8:0.000, j=9:0.000, j=10:0.000, j=11:0.000, j=12:0.000, j=13:0.000, j=14:0.000, j=15:0.000, j=16:0.000, j=17:0.000, j=18:0.000, j=19:0.000, j=20:0.000, j=21:0.000, j=22:0.000, j=23:0.000, j=24:0.000, j=25:0.000, j=26:0.000, j=27:0.000, j=28:0.086, j=29:0.825, j=30:0.087
      i=31 -> j=0:0.000, j=1:0.000, j=2:0.000, j=3:0.000, j=4:0.000, j=5:0.000, j=6:0.000, j=7:0.000, j=8:0.000, j=9:0.000, j=10:0.000, j=11:0.000, j=12:0.000, j=13:0.000, j=14:0.000, j=15:0.000, j=16:0.000, j=17:0.000, j=18:0.000, j=19:0.000, j=20:0.000, j=21:0.000, j=22:0.000, j=23:0.000, j=24:0.000, j=25:0.000, j=26:0.000, j=27:0.000, j=28:0.000, j=29:0.101, j=30:0.825, j=31:0.073
      i=32 -> j=0:0.000, j=1:0.000, j=2:0.000, j=3:0.000, j=4:0.000, j=5:0.000, j=6:0.000, j=7:0.000, j=8:0.000, j=9:0.000, j=10:0.000, j=11:0.000, j=12:0.000, j=13:0.000, j=14:0.000, j=15:0.000, j=16:0.000, j=17:0.000, j=18:0.000, j=19:0.000, j=20:0.000, j=21:0.000, j=22:0.000, j=23:0.000, j=24:0.000, j=25:0.000, j=26:0.000, j=27:0.000, j=28:0.000, j=29:0.000, j=30:0.080, j=31:0.843, j=32:0.076
      i=33 -> j=0:0.000, j=1:0.000, j=2:0.000, j=3:0.000, j=4:0.000, j=5:0.000, j=6:0.000, j=7:0.000, j=8:0.000, j=9:0.000, j=10:0.000, j=11:0.000, j=12:0.000, j=13:0.000, j=14:0.000, j=15:0.000, j=16:0.000, j=17:0.000, j=18:0.000, j=19:0.000, j=20:0.000, j=21:0.000, j=22:0.000, j=23:0.000, j=24:0.000, j=25:0.000, j=26:0.000, j=27:0.000, j=28:0.000, j=29:0.000, j=30:0.000, j=31:0.115, j=32:0.805, j=33:0.078
      i=34 -> j=0:0.000, j=1:0.000, j=2:0.000, j=3:0.000, j=4:0.000, j=5:0.000, j=6:0.000, j=7:0.000, j=8:0.000, j=9:0.000, j=10:0.000, j=11:0.000, j=12:0.000, j=13:0.000, j=14:0.000, j=15:0.000, j=16:0.000, j=17:0.000, j=18:0.000, j=19:0.000, j=20:0.000, j=21:0.000, j=22:0.000, j=23:0.000, j=24:0.000, j=25:0.000, j=26:0.000, j=27:0.000, j=28:0.000, j=29:0.000, j=30:0.000, j=31:0.000, j=32:0.094, j=33:0.834, j=34:0.071
      i=35 -> j=0:0.000, j=1:0.000, j=2:0.000, j=3:0.000, j=4:0.000, j=5:0.000, j=6:0.000, j=7:0.000, j=8:0.000, j=9:0.000, j=10:0.000, j=11:0.000, j=12:0.000, j=13:0.000, j=14:0.000, j=15:0.000, j=16:0.000, j=17:0.000, j=18:0.000, j=19:0.000, j=20:0.000, j=21:0.000, j=22:0.000, j=23:0.000, j=24:0.000, j=25:0.000, j=26:0.000, j=27:0.000, j=28:0.000, j=29:0.000, j=30:0.000, j=31:0.000, j=32:0.000, j=33:0.070, j=34:0.863, j=35:0.065
      i=36 -> j=0:0.000, j=1:0.000, j=2:0.000, j=3:0.000, j=4:0.000, j=5:0.000, j=6:0.000, j=7:0.000, j=8:0.000, j=9:0.000, j=10:0.000, j=11:0.000, j=12:0.000, j=13:0.000, j=14:0.000, j=15:0.000, j=16:0.000, j=17:0.000, j=18:0.000, j=19:0.000, j=20:0.000, j=21:0.000, j=22:0.000, j=23:0.000, j=24:0.000, j=25:0.000, j=26:0.000, j=27:0.000, j=28:0.000, j=29:0.000, j=30:0.000, j=31:0.000, j=32:0.000, j=33:0.000, j=34:0.125, j=35:0.788, j=36:0.086
      i=37 -> j=0:0.000, j=1:0.000, j=2:0.000, j=3:0.000, j=4:0.000, j=5:0.000, j=6:0.000, j=7:0.000, j=8:0.000, j=9:0.000, j=10:0.000, j=11:0.000, j=12:0.000, j=13:0.000, j=14:0.000, j=15:0.000, j=16:0.000, j=17:0.000, j=18:0.000, j=19:0.000, j=20:0.000, j=21:0.000, j=22:0.000, j=23:0.000, j=24:0.000, j=25:0.000, j=26:0.000, j=27:0.000, j=28:0.000, j=29:0.000, j=30:0.000, j=31:0.000, j=32:0.000, j=33:0.000, j=34:0.000, j=35:0.095, j=36:0.821, j=37:0.082
      i=38 -> j=0:0.000, j=1:0.000, j=2:0.000, j=3:0.000, j=4:0.000, j=5:0.000, j=6:0.000, j=7:0.000, j=8:0.000, j=9:0.000, j=10:0.000, j=11:0.000, j=12:0.000, j=13:0.000, j=14:0.000, j=15:0.000, j=16:0.000, j=17:0.000, j=18:0.000, j=19:0.000, j=20:0.000, j=21:0.000, j=22:0.000, j=23:0.000, j=24:0.000, j=25:0.000, j=26:0.000, j=27:0.000, j=28:0.000, j=29:0.000, j=30:0.000, j=31:0.000, j=32:0.000, j=33:0.000, j=34:0.000, j=35:0.000, j=36:0.082, j=37:0.845, j=38:0.071
      i=39 -> j=0:0.000, j=1:0.000, j=2:0.000, j=3:0.000, j=4:0.000, j=5:0.000, j=6:0.000, j=7:0.000, j=8:0.000, j=9:0.000, j=10:0.000, j=11:0.000, j=12:0.000, j=13:0.000, j=14:0.000, j=15:0.000, j=16:0.000, j=17:0.000, j=18:0.000, j=19:0.000, j=20:0.000, j=21:0.000, j=22:0.000, j=23:0.000, j=24:0.000, j=25:0.000, j=26:0.000, j=27:0.000, j=28:0.000, j=29:0.000, j=30:0.000, j=31:0.000, j=32:0.000, j=33:0.000, j=34:0.000, j=35:0.000, j=36:0.000, j=37:0.126, j=38:0.774, j=39:0.098
      i=40 -> j=0:0.000, j=1:0.000, j=2:0.000, j=3:0.000, j=4:0.000, j=5:0.000, j=6:0.000, j=7:0.000, j=8:0.000, j=9:0.000, j=10:0.000, j=11:0.000, j=12:0.000, j=13:0.000, j=14:0.000, j=15:0.000, j=16:0.000, j=17:0.000, j=18:0.000, j=19:0.000, j=20:0.000, j=21:0.000, j=22:0.000, j=23:0.000, j=24:0.000, j=25:0.000, j=26:0.000, j=27:0.000, j=28:0.000, j=29:0.000, j=30:0.000, j=31:0.000, j=32:0.000, j=33:0.000, j=34:0.000, j=35:0.000, j=36:0.000, j=37:0.000, j=38:0.078, j=39:0.846, j=40:0.074
      i=41 -> j=0:0.000, j=1:0.000, j=2:0.000, j=3:0.000, j=4:0.000, j=5:0.000, j=6:0.000, j=7:0.000, j=8:0.000, j=9:0.000, j=10:0.000, j=11:0.000, j=12:0.000, j=13:0.000, j=14:0.000, j=15:0.000, j=16:0.000, j=17:0.000, j=18:0.000, j=19:0.000, j=20:0.000, j=21:0.000, j=22:0.000, j=23:0.000, j=24:0.000, j=25:0.000, j=26:0.000, j=27:0.000, j=28:0.000, j=29:0.000, j=30:0.000, j=31:0.000, j=32:0.000, j=33:0.000, j=34:0.000, j=35:0.000, j=36:0.000, j=37:0.000, j=38:0.000, j=39:0.103, j=40:0.818, j=41:0.078
      i=42 -> j=0:0.000, j=1:0.000, j=2:0.000, j=3:0.000, j=4:0.000, j=5:0.000, j=6:0.000, j=7:0.000, j=8:0.000, j=9:0.000, j=10:0.000, j=11:0.000, j=12:0.000, j=13:0.000, j=14:0.000, j=15:0.000, j=16:0.000, j=17:0.000, j=18:0.000, j=19:0.000, j=20:0.000, j=21:0.000, j=22:0.000, j=23:0.000, j=24:0.000, j=25:0.000, j=26:0.000, j=27:0.000, j=28:0.000, j=29:0.000, j=30:0.000, j=31:0.000, j=32:0.000, j=33:0.000, j=34:0.000, j=35:0.000, j=36:0.000, j=37:0.000, j=38:0.000, j=39:0.000, j=40:0.095, j=41:0.822, j=42:0.082
      i=43 -> j=0:0.000, j=1:0.000, j=2:0.000, j=3:0.000, j=4:0.000, j=5:0.000, j=6:0.000, j=7:0.000, j=8:0.000, j=9:0.000, j=10:0.000, j=11:0.000, j=12:0.000, j=13:0.000, j=14:0.000, j=15:0.000, j=16:0.000, j=17:0.000, j=18:0.000, j=19:0.000, j=20:0.000, j=21:0.000, j=22:0.000, j=23:0.000, j=24:0.000, j=25:0.000, j=26:0.000, j=27:0.000, j=28:0.000, j=29:0.000, j=30:0.000, j=31:0.000, j=32:0.000, j=33:0.000, j=34:0.000, j=35:0.000, j=36:0.000, j=37:0.000, j=38:0.000, j=39:0.000, j=40:0.000, j=41:0.084, j=42:0.839, j=43:0.076
      i=44 -> j=0:0.000, j=1:0.000, j=2:0.000, j=3:0.000, j=4:0.000, j=5:0.000, j=6:0.000, j=7:0.000, j=8:0.000, j=9:0.000, j=10:0.000, j=11:0.000, j=12:0.000, j=13:0.000, j=14:0.000, j=15:0.000, j=16:0.000, j=17:0.000, j=18:0.000, j=19:0.000, j=20:0.000, j=21:0.000, j=22:0.000, j=23:0.000, j=24:0.000, j=25:0.000, j=26:0.000, j=27:0.000, j=28:0.000, j=29:0.000, j=30:0.000, j=31:0.000, j=32:0.000, j=33:0.000, j=34:0.000, j=35:0.000, j=36:0.000, j=37:0.000, j=38:0.000, j=39:0.000, j=40:0.000, j=41:0.000, j=42:0.114, j=43:0.808, j=44:0.076
      i=45 -> j=0:0.000, j=1:0.000, j=2:0.000, j=3:0.000, j=4:0.000, j=5:0.000, j=6:0.000, j=7:0.000, j=8:0.000, j=9:0.000, j=10:0.000, j=11:0.000, j=12:0.000, j=13:0.000, j=14:0.000, j=15:0.000, j=16:0.000, j=17:0.000, j=18:0.000, j=19:0.000, j=20:0.000, j=21:0.000, j=22:0.000, j=23:0.000, j=24:0.000, j=25:0.000, j=26:0.000, j=27:0.000, j=28:0.000, j=29:0.000, j=30:0.000, j=31:0.000, j=32:0.000, j=33:0.000, j=34:0.000, j=35:0.000, j=36:0.000, j=37:0.000, j=38:0.000, j=39:0.000, j=40:0.000, j=41:0.000, j=42:0.000, j=43:0.076, j=44:0.844, j=45:0.078
      i=46 -> j=0:0.000, j=1:0.000, j=2:0.000, j=3:0.000, j=4:0.000, j=5:0.000, j=6:0.000, j=7:0.000, j=8:0.000, j=9:0.000, j=10:0.000, j=11:0.000, j=12:0.000, j=13:0.000, j=14:0.000, j=15:0.000, j=16:0.000, j=17:0.000, j=18:0.000, j=19:0.000, j=20:0.000, j=21:0.000, j=22:0.000, j=23:0.000, j=24:0.000, j=25:0.000, j=26:0.000, j=27:0.000, j=28:0.000, j=29:0.000, j=30:0.000, j=31:0.000, j=32:0.000, j=33:0.000, j=34:0.000, j=35:0.000, j=36:0.000, j=37:0.000, j=38:0.000, j=39:0.000, j=40:0.000, j=41:0.000, j=42:0.000, j=43:0.000, j=44:0.082, j=45:0.829, j=46:0.087
      i=47 -> j=0:0.000, j=1:0.000, j=2:0.000, j=3:0.000, j=4:0.000, j=5:0.000, j=6:0.000, j=7:0.000, j=8:0.000, j=9:0.000, j=10:0.000, j=11:0.000, j=12:0.000, j=13:0.000, j=14:0.000, j=15:0.000, j=16:0.000, j=17:0.000, j=18:0.000, j=19:0.000, j=20:0.000, j=21:0.000, j=22:0.000, j=23:0.000, j=24:0.000, j=25:0.000, j=26:0.000, j=27:0.000, j=28:0.000, j=29:0.000, j=30:0.000, j=31:0.000, j=32:0.000, j=33:0.000, j=34:0.000, j=35:0.000, j=36:0.000, j=37:0.000, j=38:0.000, j=39:0.000, j=40:0.000, j=41:0.000, j=42:0.000, j=43:0.000, j=44:0.001, j=45:0.118, j=46:0.792, j=47:0.088
      i=48 -> j=0:0.000, j=1:0.000, j=2:0.000, j=3:0.000, j=4:0.000, j=5:0.000, j=6:0.000, j=7:0.000, j=8:0.000, j=9:0.000, j=10:0.000, j=11:0.000, j=12:0.000, j=13:0.000, j=14:0.000, j=15:0.000, j=16:0.000, j=17:0.000, j=18:0.000, j=19:0.000, j=20:0.000, j=21:0.000, j=22:0.000, j=23:0.000, j=24:0.000, j=25:0.000, j=26:0.000, j=27:0.000, j=28:0.000, j=29:0.000, j=30:0.000, j=31:0.000, j=32:0.000, j=33:0.000, j=34:0.000, j=35:0.000, j=36:0.000, j=37:0.000, j=38:0.000, j=39:0.000, j=40:0.000, j=41:0.000, j=42:0.000, j=43:0.000, j=44:0.000, j=45:0.000, j=46:0.071, j=47:0.844, j=48:0.083
      i=49 -> j=0:0.000, j=1:0.000, j=2:0.000, j=3:0.000, j=4:0.000, j=5:0.000, j=6:0.000, j=7:0.000, j=8:0.000, j=9:0.000, j=10:0.000, j=11:0.000, j=12:0.000, j=13:0.000, j=14:0.000, j=15:0.000, j=16:0.000, j=17:0.000, j=18:0.000, j=19:0.000, j=20:0.000, j=21:0.000, j=22:0.000, j=23:0.000, j=24:0.000, j=25:0.000, j=26:0.000, j=27:0.000, j=28:0.000, j=29:0.000, j=30:0.000, j=31:0.000, j=32:0.000, j=33:0.000, j=34:0.000, j=35:0.000, j=36:0.000, j=37:0.000, j=38:0.000, j=39:0.000, j=40:0.000, j=41:0.000, j=42:0.000, j=43:0.000, j=44:0.000, j=45:0.000, j=46:0.000, j=47:0.101, j=48:0.806, j=49:0.091
      i=50 -> j=0:0.000, j=1:0.000, j=2:0.000, j=3:0.000, j=4:0.000, j=5:0.000, j=6:0.000, j=7:0.000, j=8:0.000, j=9:0.000, j=10:0.000, j=11:0.000, j=12:0.000, j=13:0.000, j=14:0.000, j=15:0.000, j=16:0.000, j=17:0.000, j=18:0.000, j=19:0.000, j=20:0.000, j=21:0.000, j=22:0.000, j=23:0.000, j=24:0.000, j=25:0.000, j=26:0.000, j=27:0.000, j=28:0.000, j=29:0.000, j=30:0.000, j=31:0.000, j=32:0.000, j=33:0.000, j=34:0.000, j=35:0.000, j=36:0.000, j=37:0.000, j=38:0.000, j=39:0.000, j=40:0.000, j=41:0.000, j=42:0.000, j=43:0.000, j=44:0.000, j=45:0.000, j=46:0.000, j=47:0.000, j=48:0.081, j=49:0.845, j=50:0.072
      i=51 -> j=0:0.000, j=1:0.000, j=2:0.000, j=3:0.000, j=4:0.000, j=5:0.000, j=6:0.000, j=7:0.000, j=8:0.000, j=9:0.000, j=10:0.000, j=11:0.000, j=12:0.000, j=13:0.000, j=14:0.000, j=15:0.000, j=16:0.000, j=17:0.000, j=18:0.000, j=19:0.000, j=20:0.000, j=21:0.000, j=22:0.000, j=23:0.000, j=24:0.000, j=25:0.000, j=26:0.000, j=27:0.000, j=28:0.000, j=29:0.000, j=30:0.000, j=31:0.000, j=32:0.000, j=33:0.000, j=34:0.000, j=35:0.000, j=36:0.000, j=37:0.000, j=38:0.000, j=39:0.000, j=40:0.000, j=41:0.000, j=42:0.000, j=43:0.000, j=44:0.000, j=45:0.000, j=46:0.000, j=47:0.000, j=48:0.000, j=49:0.098, j=50:0.819, j=51:0.081
      i=52 -> j=0:0.000, j=1:0.000, j=2:0.000, j=3:0.000, j=4:0.000, j=5:0.000, j=6:0.000, j=7:0.000, j=8:0.000, j=9:0.000, j=10:0.000, j=11:0.000, j=12:0.000, j=13:0.000, j=14:0.000, j=15:0.000, j=16:0.000, j=17:0.000, j=18:0.000, j=19:0.000, j=20:0.000, j=21:0.000, j=22:0.000, j=23:0.000, j=24:0.000, j=25:0.000, j=26:0.000, j=27:0.000, j=28:0.000, j=29:0.000, j=30:0.000, j=31:0.000, j=32:0.000, j=33:0.000, j=34:0.000, j=35:0.000, j=36:0.000, j=37:0.000, j=38:0.000, j=39:0.000, j=40:0.000, j=41:0.000, j=42:0.000, j=43:0.000, j=44:0.000, j=45:0.000, j=46:0.000, j=47:0.000, j=48:0.000, j=49:0.000, j=50:0.088, j=51:0.841, j=52:0.069
      i=53 -> j=0:0.000, j=1:0.000, j=2:0.000, j=3:0.000, j=4:0.000, j=5:0.000, j=6:0.000, j=7:0.000, j=8:0.000, j=9:0.000, j=10:0.000, j=11:0.000, j=12:0.000, j=13:0.000, j=14:0.000, j=15:0.000, j=16:0.000, j=17:0.000, j=18:0.000, j=19:0.000, j=20:0.000, j=21:0.000, j=22:0.000, j=23:0.000, j=24:0.000, j=25:0.000, j=26:0.000, j=27:0.000, j=28:0.000, j=29:0.000, j=30:0.000, j=31:0.000, j=32:0.000, j=33:0.000, j=34:0.000, j=35:0.000, j=36:0.000, j=37:0.000, j=38:0.000, j=39:0.000, j=40:0.000, j=41:0.000, j=42:0.000, j=43:0.000, j=44:0.000, j=45:0.000, j=46:0.000, j=47:0.000, j=48:0.000, j=49:0.000, j=50:0.000, j=51:0.108, j=52:0.819, j=53:0.071
      i=54 -> j=0:0.000, j=1:0.000, j=2:0.000, j=3:0.000, j=4:0.000, j=5:0.000, j=6:0.000, j=7:0.000, j=8:0.000, j=9:0.000, j=10:0.000, j=11:0.000, j=12:0.000, j=13:0.000, j=14:0.000, j=15:0.000, j=16:0.000, j=17:0.000, j=18:0.000, j=19:0.000, j=20:0.000, j=21:0.000, j=22:0.000, j=23:0.000, j=24:0.000, j=25:0.000, j=26:0.000, j=27:0.000, j=28:0.000, j=29:0.000, j=30:0.000, j=31:0.000, j=32:0.000, j=33:0.000, j=34:0.000, j=35:0.000, j=36:0.000, j=37:0.000, j=38:0.000, j=39:0.000, j=40:0.000, j=41:0.000, j=42:0.000, j=43:0.000, j=44:0.000, j=45:0.000, j=46:0.000, j=47:0.000, j=48:0.000, j=49:0.000, j=50:0.000, j=51:0.000, j=52:0.094, j=53:0.821, j=54:0.083
      i=55 -> j=0:0.000, j=1:0.000, j=2:0.000, j=3:0.000, j=4:0.000, j=5:0.000, j=6:0.000, j=7:0.000, j=8:0.000, j=9:0.000, j=10:0.000, j=11:0.000, j=12:0.000, j=13:0.000, j=14:0.000, j=15:0.000, j=16:0.000, j=17:0.000, j=18:0.000, j=19:0.000, j=20:0.000, j=21:0.000, j=22:0.000, j=23:0.000, j=24:0.000, j=25:0.000, j=26:0.000, j=27:0.000, j=28:0.000, j=29:0.000, j=30:0.000, j=31:0.000, j=32:0.000, j=33:0.000, j=34:0.000, j=35:0.000, j=36:0.000, j=37:0.000, j=38:0.000, j=39:0.000, j=40:0.000, j=41:0.000, j=42:0.000, j=43:0.000, j=44:0.000, j=45:0.000, j=46:0.000, j=47:0.000, j=48:0.000, j=49:0.000, j=50:0.000, j=51:0.000, j=52:0.000, j=53:0.094, j=54:0.832, j=55:0.072
      i=56 -> j=0:0.000, j=1:0.000, j=2:0.000, j=3:0.000, j=4:0.000, j=5:0.000, j=6:0.000, j=7:0.000, j=8:0.000, j=9:0.000, j=10:0.000, j=11:0.000, j=12:0.000, j=13:0.000, j=14:0.000, j=15:0.000, j=16:0.000, j=17:0.000, j=18:0.000, j=19:0.000, j=20:0.000, j=21:0.000, j=22:0.000, j=23:0.000, j=24:0.000, j=25:0.000, j=26:0.000, j=27:0.000, j=28:0.000, j=29:0.000, j=30:0.000, j=31:0.000, j=32:0.000, j=33:0.000, j=34:0.000, j=35:0.000, j=36:0.000, j=37:0.000, j=38:0.000, j=39:0.000, j=40:0.000, j=41:0.000, j=42:0.000, j=43:0.000, j=44:0.000, j=45:0.000, j=46:0.000, j=47:0.000, j=48:0.000, j=49:0.000, j=50:0.000, j=51:0.000, j=52:0.000, j=53:0.000, j=54:0.111, j=55:0.807, j=56:0.079
      i=57 -> j=0:0.000, j=1:0.000, j=2:0.000, j=3:0.000, j=4:0.000, j=5:0.000, j=6:0.000, j=7:0.000, j=8:0.000, j=9:0.000, j=10:0.000, j=11:0.000, j=12:0.000, j=13:0.000, j=14:0.000, j=15:0.000, j=16:0.000, j=17:0.000, j=18:0.000, j=19:0.000, j=20:0.000, j=21:0.000, j=22:0.000, j=23:0.000, j=24:0.000, j=25:0.000, j=26:0.000, j=27:0.000, j=28:0.000, j=29:0.000, j=30:0.000, j=31:0.000, j=32:0.000, j=33:0.000, j=34:0.000, j=35:0.000, j=36:0.000, j=37:0.000, j=38:0.000, j=39:0.000, j=40:0.000, j=41:0.000, j=42:0.000, j=43:0.000, j=44:0.000, j=45:0.000, j=46:0.000, j=47:0.000, j=48:0.000, j=49:0.000, j=50:0.000, j=51:0.000, j=52:0.000, j=53:0.000, j=54:0.000, j=55:0.085, j=56:0.835, j=57:0.078
      i=58 -> j=0:0.000, j=1:0.000, j=2:0.000, j=3:0.000, j=4:0.000, j=5:0.000, j=6:0.000, j=7:0.000, j=8:0.000, j=9:0.000, j=10:0.000, j=11:0.000, j=12:0.000, j=13:0.000, j=14:0.000, j=15:0.000, j=16:0.000, j=17:0.000, j=18:0.000, j=19:0.000, j=20:0.000, j=21:0.000, j=22:0.000, j=23:0.000, j=24:0.000, j=25:0.000, j=26:0.000, j=27:0.000, j=28:0.000, j=29:0.000, j=30:0.000, j=31:0.000, j=32:0.000, j=33:0.000, j=34:0.000, j=35:0.000, j=36:0.000, j=37:0.000, j=38:0.000, j=39:0.000, j=40:0.000, j=41:0.000, j=42:0.000, j=43:0.000, j=44:0.000, j=45:0.000, j=46:0.000, j=47:0.000, j=48:0.000, j=49:0.000, j=50:0.000, j=51:0.000, j=52:0.000, j=53:0.000, j=54:0.000, j=55:0.000, j=56:0.095, j=57:0.839, j=58:0.064
      i=59 -> j=0:0.000, j=1:0.000, j=2:0.000, j=3:0.000, j=4:0.000, j=5:0.000, j=6:0.000, j=7:0.000, j=8:0.000, j=9:0.000, j=10:0.000, j=11:0.000, j=12:0.000, j=13:0.000, j=14:0.000, j=15:0.000, j=16:0.000, j=17:0.000, j=18:0.000, j=19:0.000, j=20:0.000, j=21:0.000, j=22:0.000, j=23:0.000, j=24:0.000, j=25:0.000, j=26:0.000, j=27:0.000, j=28:0.000, j=29:0.000, j=30:0.000, j=31:0.000, j=32:0.000, j=33:0.000, j=34:0.000, j=35:0.000, j=36:0.000, j=37:0.000, j=38:0.000, j=39:0.000, j=40:0.000, j=41:0.000, j=42:0.000, j=43:0.000, j=44:0.000, j=45:0.000, j=46:0.000, j=47:0.000, j=48:0.000, j=49:0.000, j=50:0.000, j=51:0.000, j=52:0.000, j=53:0.000, j=54:0.000, j=55:0.000, j=56:0.000, j=57:0.110, j=58:0.800, j=59:0.088
      i=60 -> j=0:0.000, j=1:0.000, j=2:0.000, j=3:0.000, j=4:0.000, j=5:0.000, j=6:0.000, j=7:0.000, j=8:0.000, j=9:0.000, j=10:0.000, j=11:0.000, j=12:0.000, j=13:0.000, j=14:0.000, j=15:0.000, j=16:0.000, j=17:0.000, j=18:0.000, j=19:0.000, j=20:0.000, j=21:0.000, j=22:0.000, j=23:0.000, j=24:0.000, j=25:0.000, j=26:0.000, j=27:0.000, j=28:0.000, j=29:0.000, j=30:0.000, j=31:0.000, j=32:0.000, j=33:0.000, j=34:0.000, j=35:0.000, j=36:0.000, j=37:0.000, j=38:0.000, j=39:0.000, j=40:0.000, j=41:0.000, j=42:0.000, j=43:0.000, j=44:0.000, j=45:0.000, j=46:0.000, j=47:0.000, j=48:0.000, j=49:0.000, j=50:0.000, j=51:0.000, j=52:0.000, j=53:0.000, j=54:0.000, j=55:0.000, j=56:0.000, j=57:0.000, j=58:0.096, j=59:0.832, j=60:0.070
      i=61 -> j=0:0.000, j=1:0.000, j=2:0.000, j=3:0.000, j=4:0.000, j=5:0.000, j=6:0.000, j=7:0.000, j=8:0.000, j=9:0.000, j=10:0.000, j=11:0.000, j=12:0.000, j=13:0.000, j=14:0.000, j=15:0.000, j=16:0.000, j=17:0.000, j=18:0.000, j=19:0.000, j=20:0.000, j=21:0.000, j=22:0.000, j=23:0.000, j=24:0.000, j=25:0.000, j=26:0.000, j=27:0.000, j=28:0.000, j=29:0.000, j=30:0.000, j=31:0.000, j=32:0.000, j=33:0.000, j=34:0.000, j=35:0.000, j=36:0.000, j=37:0.000, j=38:0.000, j=39:0.000, j=40:0.000, j=41:0.000, j=42:0.000, j=43:0.000, j=44:0.000, j=45:0.000, j=46:0.000, j=47:0.000, j=48:0.000, j=49:0.000, j=50:0.000, j=51:0.000, j=52:0.000, j=53:0.000, j=54:0.000, j=55:0.000, j=56:0.000, j=57:0.000, j=58:0.000, j=59:0.083, j=60:0.849, j=61:0.067
      i=62 -> j=0:0.000, j=1:0.000, j=2:0.000, j=3:0.000, j=4:0.000, j=5:0.000, j=6:0.000, j=7:0.000, j=8:0.000, j=9:0.000, j=10:0.000, j=11:0.000, j=12:0.000, j=13:0.000, j=14:0.000, j=15:0.000, j=16:0.000, j=17:0.000, j=18:0.000, j=19:0.000, j=20:0.000, j=21:0.000, j=22:0.000, j=23:0.000, j=24:0.000, j=25:0.000, j=26:0.000, j=27:0.000, j=28:0.000, j=29:0.000, j=30:0.000, j=31:0.000, j=32:0.000, j=33:0.000, j=34:0.000, j=35:0.000, j=36:0.000, j=37:0.000, j=38:0.000, j=39:0.000, j=40:0.000, j=41:0.000, j=42:0.000, j=43:0.000, j=44:0.000, j=45:0.000, j=46:0.000, j=47:0.000, j=48:0.000, j=49:0.000, j=50:0.000, j=51:0.000, j=52:0.000, j=53:0.000, j=54:0.000, j=55:0.000, j=56:0.000, j=57:0.000, j=58:0.000, j=59:0.000, j=60:0.089, j=61:0.846, j=62:0.063
      i=63 -> j=0:0.000, j=1:0.000, j=2:0.000, j=3:0.000, j=4:0.000, j=5:0.000, j=6:0.000, j=7:0.000, j=8:0.000, j=9:0.000, j=10:0.000, j=11:0.000, j=12:0.000, j=13:0.000, j=14:0.000, j=15:0.000, j=16:0.000, j=17:0.000, j=18:0.000, j=19:0.000, j=20:0.000, j=21:0.000, j=22:0.000, j=23:0.000, j=24:0.000, j=25:0.000, j=26:0.000, j=27:0.000, j=28:0.000, j=29:0.000, j=30:0.000, j=31:0.000, j=32:0.000, j=33:0.000, j=34:0.000, j=35:0.000, j=36:0.000, j=37:0.000, j=38:0.000, j=39:0.000, j=40:0.000, j=41:0.000, j=42:0.000, j=43:0.000, j=44:0.000, j=45:0.000, j=46:0.000, j=47:0.000, j=48:0.000, j=49:0.000, j=50:0.000, j=51:0.000, j=52:0.000, j=53:0.000, j=54:0.000, j=55:0.000, j=56:0.000, j=57:0.000, j=58:0.000, j=59:0.000, j=60:0.000, j=61:0.106, j=62:0.818, j=63:0.073
    Average attention per distance:
      d=0:0.092, d=1:0.828, d=2:0.094

--- Layer 1 ---
  Head 0: Entropy=0.889
    Attention coefficients from each query position to previous positions:
      i= 0 -> j=0:1.000
      i= 1 -> j=0:0.811, j=1:0.189
      i= 2 -> j=0:0.147, j=1:0.716, j=2:0.138
      i= 3 -> j=0:0.002, j=1:0.212, j=2:0.722, j=3:0.064
      i= 4 -> j=0:0.000, j=1:0.008, j=2:0.349, j=3:0.512, j=4:0.132
      i= 5 -> j=0:0.000, j=1:0.000, j=2:0.007, j=3:0.093, j=4:0.783, j=5:0.117
      i= 6 -> j=0:0.000, j=1:0.000, j=2:0.000, j=3:0.003, j=4:0.186, j=5:0.710, j=6:0.102
      i= 7 -> j=0:0.000, j=1:0.000, j=2:0.000, j=3:0.000, j=4:0.003, j=5:0.174, j=6:0.706, j=7:0.117
      i= 8 -> j=0:0.008, j=1:0.004, j=2:0.001, j=3:0.001, j=4:0.002, j=5:0.022, j=6:0.204, j=7:0.692, j=8:0.066
      i= 9 -> j=0:0.001, j=1:0.001, j=2:0.000, j=3:0.000, j=4:0.000, j=5:0.000, j=6:0.003, j=7:0.900, j=8:0.056, j=9:0.040
      i=10 -> j=0:0.000, j=1:0.002, j=2:0.001, j=3:0.000, j=4:0.000, j=5:0.000, j=6:0.000, j=7:0.051, j=8:0.045, j=9:0.749, j=10:0.152
      i=11 -> j=0:0.000, j=1:0.001, j=2:0.001, j=3:0.000, j=4:0.000, j=5:0.000, j=6:0.000, j=7:0.001, j=8:0.003, j=9:0.125, j=10:0.751, j=11:0.117
      i=12 -> j=0:0.000, j=1:0.000, j=2:0.001, j=3:0.001, j=4:0.000, j=5:0.000, j=6:0.000, j=7:0.000, j=8:0.000, j=9:0.003, j=10:0.161, j=11:0.687, j=12:0.148
      i=13 -> j=0:0.000, j=1:0.000, j=2:0.000, j=3:0.000, j=4:0.000, j=5:0.000, j=6:0.000, j=7:0.000, j=8:0.000, j=9:0.000, j=10:0.001, j=11:0.093, j=12:0.771, j=13:0.134
      i=14 -> j=0:0.000, j=1:0.000, j=2:0.000, j=3:0.000, j=4:0.000, j=5:0.000, j=6:0.000, j=7:0.000, j=8:0.000, j=9:0.000, j=10:0.000, j=11:0.001, j=12:0.089, j=13:0.840, j=14:0.069
      i=15 -> j=0:0.001, j=1:0.001, j=2:0.000, j=3:0.000, j=4:0.000, j=5:0.000, j=6:0.001, j=7:0.001, j=8:0.000, j=9:0.000, j=10:0.000, j=11:0.000, j=12:0.004, j=13:0.214, j=14:0.725, j=15:0.053
      i=16 -> j=0:0.001, j=1:0.001, j=2:0.000, j=3:0.000, j=4:0.000, j=5:0.000, j=6:0.000, j=7:0.003, j=8:0.001, j=9:0.000, j=10:0.000, j=11:0.000, j=12:0.000, j=13:0.005, j=14:0.198, j=15:0.686, j=16:0.106
      i=17 -> j=0:0.000, j=1:0.000, j=2:0.000, j=3:0.000, j=4:0.000, j=5:0.000, j=6:0.000, j=7:0.001, j=8:0.000, j=9:0.000, j=10:0.000, j=11:0.000, j=12:0.000, j=13:0.000, j=14:0.001, j=15:0.253, j=16:0.641, j=17:0.103
      i=18 -> j=0:0.000, j=1:0.000, j=2:0.000, j=3:0.000, j=4:0.000, j=5:0.000, j=6:0.000, j=7:0.000, j=8:0.000, j=9:0.000, j=10:0.000, j=11:0.000, j=12:0.000, j=13:0.000, j=14:0.000, j=15:0.008, j=16:0.156, j=17:0.734, j=18:0.099
      i=19 -> j=0:0.000, j=1:0.000, j=2:0.000, j=3:0.000, j=4:0.000, j=5:0.000, j=6:0.000, j=7:0.000, j=8:0.000, j=9:0.000, j=10:0.000, j=11:0.000, j=12:0.000, j=13:0.000, j=14:0.000, j=15:0.000, j=16:0.003, j=17:0.131, j=18:0.745, j=19:0.119
      i=20 -> j=0:0.000, j=1:0.000, j=2:0.000, j=3:0.000, j=4:0.000, j=5:0.001, j=6:0.000, j=7:0.000, j=8:0.000, j=9:0.000, j=10:0.000, j=11:0.001, j=12:0.001, j=13:0.000, j=14:0.000, j=15:0.000, j=16:0.000, j=17:0.003, j=18:0.146, j=19:0.781, j=20:0.066
      i=21 -> j=0:0.001, j=1:0.001, j=2:0.000, j=3:0.000, j=4:0.000, j=5:0.000, j=6:0.000, j=7:0.001, j=8:0.000, j=9:0.000, j=10:0.000, j=11:0.000, j=12:0.001, j=13:0.000, j=14:0.000, j=15:0.000, j=16:0.000, j=17:0.000, j=18:0.002, j=19:0.143, j=20:0.760, j=21:0.090
      i=22 -> j=0:0.001, j=1:0.001, j=2:0.001, j=3:0.000, j=4:0.000, j=5:0.000, j=6:0.000, j=7:0.001, j=8:0.000, j=9:0.000, j=10:0.000, j=11:0.000, j=12:0.000, j=13:0.001, j=14:0.000, j=15:0.000, j=16:0.000, j=17:0.000, j=18:0.000, j=19:0.002, j=20:0.308, j=21:0.594, j=22:0.090
      i=23 -> j=0:0.001, j=1:0.002, j=2:0.001, j=3:0.001, j=4:0.000, j=5:0.000, j=6:0.000, j=7:0.002, j=8:0.001, j=9:0.000, j=10:0.000, j=11:0.000, j=12:0.000, j=13:0.000, j=14:0.001, j=15:0.001, j=16:0.000, j=17:0.000, j=18:0.000, j=19:0.000, j=20:0.016, j=21:0.237, j=22:0.627, j=23:0.109
      i=24 -> j=0:0.000, j=1:0.001, j=2:0.001, j=3:0.000, j=4:0.000, j=5:0.000, j=6:0.000, j=7:0.001, j=8:0.001, j=9:0.000, j=10:0.000, j=11:0.000, j=12:0.000, j=13:0.000, j=14:0.000, j=15:0.002, j=16:0.000, j=17:0.000, j=18:0.000, j=19:0.000, j=20:0.000, j=21:0.005, j=22:0.138, j=23:0.694, j=24:0.156
      i=25 -> j=0:0.000, j=1:0.000, j=2:0.000, j=3:0.000, j=4:0.000, j=5:0.000, j=6:0.000, j=7:0.000, j=8:0.000, j=9:0.000, j=10:0.000, j=11:0.000, j=12:0.000, j=13:0.000, j=14:0.000, j=15:0.000, j=16:0.000, j=17:0.000, j=18:0.000, j=19:0.000, j=20:0.000, j=21:0.000, j=22:0.001, j=23:0.106, j=24:0.834, j=25:0.056
      i=26 -> j=0:0.001, j=1:0.001, j=2:0.001, j=3:0.001, j=4:0.002, j=5:0.002, j=6:0.001, j=7:0.001, j=8:0.001, j=9:0.001, j=10:0.001, j=11:0.002, j=12:0.001, j=13:0.000, j=14:0.000, j=15:0.001, j=16:0.001, j=17:0.002, j=18:0.002, j=19:0.000, j=20:0.000, j=21:0.000, j=22:0.000, j=23:0.008, j=24:0.211, j=25:0.675, j=26:0.080
      i=27 -> j=0:0.002, j=1:0.002, j=2:0.001, j=3:0.001, j=4:0.001, j=5:0.002, j=6:0.002, j=7:0.002, j=8:0.001, j=9:0.001, j=10:0.001, j=11:0.001, j=12:0.001, j=13:0.001, j=14:0.000, j=15:0.000, j=16:0.000, j=17:0.001, j=18:0.002, j=19:0.001, j=20:0.000, j=21:0.000, j=22:0.000, j=23:0.000, j=24:0.008, j=25:0.248, j=26:0.582, j=27:0.138
      i=28 -> j=0:0.001, j=1:0.001, j=2:0.001, j=3:0.000, j=4:0.000, j=5:0.000, j=6:0.001, j=7:0.002, j=8:0.001, j=9:0.000, j=10:0.000, j=11:0.000, j=12:0.000, j=13:0.001, j=14:0.000, j=15:0.000, j=16:0.000, j=17:0.000, j=18:0.000, j=19:0.001, j=20:0.001, j=21:0.000, j=22:0.000, j=23:0.000, j=24:0.000, j=25:0.002, j=26:0.213, j=27:0.651, j=28:0.121
      i=29 -> j=0:0.000, j=1:0.001, j=2:0.001, j=3:0.000, j=4:0.000, j=5:0.000, j=6:0.000, j=7:0.002, j=8:0.001, j=9:0.000, j=10:0.000, j=11:0.000, j=12:0.000, j=13:0.000, j=14:0.000, j=15:0.000, j=16:0.000, j=17:0.000, j=18:0.000, j=19:0.000, j=20:0.001, j=21:0.000, j=22:0.000, j=23:0.000, j=24:0.000, j=25:0.000, j=26:0.007, j=27:0.159, j=28:0.711, j=29:0.116
      i=30 -> j=0:0.000, j=1:0.001, j=2:0.001, j=3:0.000, j=4:0.000, j=5:0.000, j=6:0.000, j=7:0.001, j=8:0.000, j=9:0.000, j=10:0.000, j=11:0.000, j=12:0.000, j=13:0.000, j=14:0.000, j=15:0.001, j=16:0.000, j=17:0.000, j=18:0.000, j=19:0.000, j=20:0.001, j=21:0.001, j=22:0.000, j=23:0.000, j=24:0.000, j=25:0.000, j=26:0.000, j=27:0.003, j=28:0.127, j=29:0.762, j=30:0.101
      i=31 -> j=0:0.000, j=1:0.001, j=2:0.001, j=3:0.001, j=4:0.001, j=5:0.001, j=6:0.000, j=7:0.001, j=8:0.001, j=9:0.001, j=10:0.001, j=11:0.001, j=12:0.000, j=13:0.000, j=14:0.000, j=15:0.001, j=16:0.001, j=17:0.000, j=18:0.000, j=19:0.000, j=20:0.000, j=21:0.001, j=22:0.001, j=23:0.001, j=24:0.000, j=25:0.000, j=26:0.000, j=27:0.000, j=28:0.004, j=29:0.177, j=30:0.714, j=31:0.090
      i=32 -> j=0:0.001, j=1:0.001, j=2:0.001, j=3:0.001, j=4:0.001, j=5:0.001, j=6:0.001, j=7:0.001, j=8:0.001, j=9:0.001, j=10:0.001, j=11:0.001, j=12:0.001, j=13:0.000, j=14:0.000, j=15:0.001, j=16:0.001, j=17:0.001, j=18:0.000, j=19:0.000, j=20:0.000, j=21:0.000, j=22:0.000, j=23:0.001, j=24:0.001, j=25:0.000, j=26:0.000, j=27:0.000, j=28:0.000, j=29:0.003, j=30:0.182, j=31:0.694, j=32:0.108
      i=33 -> j=0:0.001, j=1:0.001, j=2:0.000, j=3:0.000, j=4:0.000, j=5:0.000, j=6:0.001, j=7:0.001, j=8:0.000, j=9:0.000, j=10:0.000, j=11:0.000, j=12:0.001, j=13:0.000, j=14:0.000, j=15:0.000, j=16:0.000, j=17:0.000, j=18:0.000, j=19:0.000, j=20:0.000, j=21:0.000, j=22:0.000, j=23:0.000, j=24:0.001, j=25:0.000, j=26:0.000, j=27:0.000, j=28:0.000, j=29:0.000, j=30:0.002, j=31:0.254, j=32:0.648, j=33:0.087
      i=34 -> j=0:0.001, j=1:0.001, j=2:0.000, j=3:0.000, j=4:0.000, j=5:0.000, j=6:0.001, j=7:0.001, j=8:0.000, j=9:0.000, j=10:0.000, j=11:0.000, j=12:0.001, j=13:0.001, j=14:0.000, j=15:0.000, j=16:0.000, j=17:0.000, j=18:0.000, j=19:0.000, j=20:0.000, j=21:0.000, j=22:0.000, j=23:0.000, j=24:0.000, j=25:0.001, j=26:0.001, j=27:0.000, j=28:0.000, j=29:0.000, j=30:0.000, j=31:0.004, j=32:0.144, j=33:0.730, j=34:0.112
      i=35 -> j=0:0.009, j=1:0.011, j=2:0.011, j=3:0.008, j=4:0.007, j=5:0.007, j=6:0.009, j=7:0.013, j=8:0.011, j=9:0.009, j=10:0.007, j=11:0.007, j=12:0.009, j=13:0.011, j=14:0.011, j=15:0.010, j=16:0.007, j=17:0.005, j=18:0.006, j=19:0.008, j=20:0.011, j=21:0.008, j=22:0.005, j=23:0.004, j=24:0.004, j=25:0.007, j=26:0.014, j=27:0.010, j=28:0.004, j=29:0.001, j=30:0.001, j=31:0.005, j=32:0.029, j=33:0.178, j=34:0.483, j=35:0.064
      i=36 -> j=0:0.000, j=1:0.001, j=2:0.001, j=3:0.001, j=4:0.000, j=5:0.000, j=6:0.000, j=7:0.001, j=8:0.001, j=9:0.001, j=10:0.000, j=11:0.000, j=12:0.000, j=13:0.000, j=14:0.000, j=15:0.001, j=16:0.001, j=17:0.000, j=18:0.000, j=19:0.000, j=20:0.001, j=21:0.001, j=22:0.000, j=23:0.000, j=24:0.000, j=25:0.000, j=26:0.001, j=27:0.001, j=28:0.000, j=29:0.000, j=30:0.000, j=31:0.000, j=32:0.000, j=33:0.002, j=34:0.843, j=35:0.069, j=36:0.072
      i=37 -> j=0:0.000, j=1:0.001, j=2:0.001, j=3:0.000, j=4:0.000, j=5:0.000, j=6:0.000, j=7:0.001, j=8:0.001, j=9:0.001, j=10:0.000, j=11:0.000, j=12:0.000, j=13:0.000, j=14:0.000, j=15:0.001, j=16:0.001, j=17:0.000, j=18:0.000, j=19:0.000, j=20:0.000, j=21:0.000, j=22:0.000, j=23:0.000, j=24:0.000, j=25:0.000, j=26:0.000, j=27:0.000, j=28:0.001, j=29:0.000, j=30:0.000, j=31:0.000, j=32:0.000, j=33:0.000, j=34:0.031, j=35:0.035, j=36:0.712, j=37:0.209
      i=38 -> j=0:0.000, j=1:0.000, j=2:0.000, j=3:0.000, j=4:0.000, j=5:0.000, j=6:0.000, j=7:0.001, j=8:0.000, j=9:0.000, j=10:0.000, j=11:0.000, j=12:0.000, j=13:0.000, j=14:0.000, j=15:0.000, j=16:0.000, j=17:0.000, j=18:0.000, j=19:0.000, j=20:0.000, j=21:0.000, j=22:0.000, j=23:0.000, j=24:0.000, j=25:0.000, j=26:0.000, j=27:0.000, j=28:0.000, j=29:0.000, j=30:0.000, j=31:0.000, j=32:0.000, j=33:0.000, j=34:0.000, j=35:0.002, j=36:0.078, j=37:0.801, j=38:0.113
      i=39 -> j=0:0.000, j=1:0.000, j=2:0.000, j=3:0.000, j=4:0.000, j=5:0.000, j=6:0.000, j=7:0.000, j=8:0.000, j=9:0.000, j=10:0.000, j=11:0.000, j=12:0.000, j=13:0.000, j=14:0.000, j=15:0.000, j=16:0.000, j=17:0.000, j=18:0.000, j=19:0.000, j=20:0.000, j=21:0.000, j=22:0.000, j=23:0.000, j=24:0.000, j=25:0.000, j=26:0.000, j=27:0.000, j=28:0.000, j=29:0.000, j=30:0.000, j=31:0.000, j=32:0.000, j=33:0.000, j=34:0.000, j=35:0.000, j=36:0.001, j=37:0.112, j=38:0.779, j=39:0.102
      i=40 -> j=0:0.001, j=1:0.001, j=2:0.001, j=3:0.001, j=4:0.001, j=5:0.001, j=6:0.001, j=7:0.002, j=8:0.001, j=9:0.001, j=10:0.001, j=11:0.001, j=12:0.001, j=13:0.001, j=14:0.001, j=15:0.001, j=16:0.001, j=17:0.001, j=18:0.001, j=19:0.001, j=20:0.001, j=21:0.001, j=22:0.000, j=23:0.001, j=24:0.001, j=25:0.001, j=26:0.001, j=27:0.000, j=28:0.000, j=29:0.000, j=30:0.001, j=31:0.002, j=32:0.001, j=33:0.000, j=34:0.000, j=35:0.000, j=36:0.000, j=37:0.005, j=38:0.176, j=39:0.724, j=40:0.065
      i=41 -> j=0:0.001, j=1:0.001, j=2:0.001, j=3:0.001, j=4:0.000, j=5:0.001, j=6:0.001, j=7:0.002, j=8:0.001, j=9:0.001, j=10:0.001, j=11:0.001, j=12:0.001, j=13:0.001, j=14:0.001, j=15:0.001, j=16:0.001, j=17:0.000, j=18:0.001, j=19:0.001, j=20:0.002, j=21:0.001, j=22:0.000, j=23:0.000, j=24:0.000, j=25:0.000, j=26:0.001, j=27:0.001, j=28:0.000, j=29:0.000, j=30:0.000, j=31:0.001, j=32:0.002, j=33:0.001, j=34:0.000, j=35:0.000, j=36:0.000, j=37:0.000, j=38:0.004, j=39:0.341, j=40:0.512, j=41:0.113
      i=42 -> j=0:0.000, j=1:0.001, j=2:0.001, j=3:0.000, j=4:0.000, j=5:0.000, j=6:0.000, j=7:0.001, j=8:0.001, j=9:0.001, j=10:0.000, j=11:0.000, j=12:0.000, j=13:0.000, j=14:0.000, j=15:0.001, j=16:0.000, j=17:0.000, j=18:0.000, j=19:0.000, j=20:0.001, j=21:0.001, j=22:0.000, j=23:0.000, j=24:0.000, j=25:0.000, j=26:0.001, j=27:0.001, j=28:0.000, j=29:0.000, j=30:0.000, j=31:0.000, j=32:0.000, j=33:0.000, j=34:0.001, j=35:0.000, j=36:0.000, j=37:0.000, j=38:0.000, j=39:0.004, j=40:0.214, j=41:0.625, j=42:0.140
      i=43 -> j=0:0.000, j=1:0.001, j=2:0.000, j=3:0.000, j=4:0.000, j=5:0.000, j=6:0.000, j=7:0.001, j=8:0.000, j=9:0.000, j=10:0.000, j=11:0.000, j=12:0.000, j=13:0.000, j=14:0.000, j=15:0.001, j=16:0.001, j=17:0.000, j=18:0.000, j=19:0.000, j=20:0.001, j=21:0.001, j=22:0.000, j=23:0.000, j=24:0.000, j=25:0.000, j=26:0.000, j=27:0.000, j=28:0.000, j=29:0.000, j=30:0.000, j=31:0.000, j=32:0.000, j=33:0.000, j=34:0.003, j=35:0.000, j=36:0.000, j=37:0.000, j=38:0.000, j=39:0.000, j=40:0.005, j=41:0.115, j=42:0.811, j=43:0.056
      i=44 -> j=0:0.001, j=1:0.001, j=2:0.001, j=3:0.001, j=4:0.001, j=5:0.001, j=6:0.001, j=7:0.001, j=8:0.001, j=9:0.001, j=10:0.001, j=11:0.001, j=12:0.001, j=13:0.001, j=14:0.001, j=15:0.001, j=16:0.001, j=17:0.001, j=18:0.001, j=19:0.001, j=20:0.001, j=21:0.001, j=22:0.001, j=23:0.001, j=24:0.001, j=25:0.000, j=26:0.001, j=27:0.001, j=28:0.001, j=29:0.001, j=30:0.001, j=31:0.000, j=32:0.000, j=33:0.000, j=34:0.001, j=35:0.001, j=36:0.001, j=37:0.000, j=38:0.000, j=39:0.000, j=40:0.000, j=41:0.006, j=42:0.184, j=43:0.710, j=44:0.066
      i=45 -> j=0:0.001, j=1:0.001, j=2:0.001, j=3:0.001, j=4:0.001, j=5:0.001, j=6:0.001, j=7:0.001, j=8:0.001, j=9:0.001, j=10:0.001, j=11:0.002, j=12:0.002, j=13:0.001, j=14:0.001, j=15:0.001, j=16:0.001, j=17:0.002, j=18:0.002, j=19:0.001, j=20:0.001, j=21:0.001, j=22:0.001, j=23:0.002, j=24:0.002, j=25:0.001, j=26:0.001, j=27:0.001, j=28:0.001, j=29:0.001, j=30:0.001, j=31:0.001, j=32:0.000, j=33:0.000, j=34:0.001, j=35:0.001, j=36:0.002, j=37:0.001, j=38:0.000, j=39:0.000, j=40:0.000, j=41:0.000, j=42:0.008, j=43:0.212, j=44:0.603, j=45:0.133
      i=46 -> j=0:0.000, j=1:0.001, j=2:0.000, j=3:0.000, j=4:0.000, j=5:0.000, j=6:0.000, j=7:0.001, j=8:0.000, j=9:0.000, j=10:0.000, j=11:0.000, j=12:0.001, j=13:0.001, j=14:0.000, j=15:0.001, j=16:0.000, j=17:0.000, j=18:0.001, j=19:0.000, j=20:0.001, j=21:0.000, j=22:0.000, j=23:0.000, j=24:0.001, j=25:0.000, j=26:0.001, j=27:0.000, j=28:0.000, j=29:0.000, j=30:0.000, j=31:0.001, j=32:0.000, j=33:0.000, j=34:0.000, j=35:0.000, j=36:0.000, j=37:0.001, j=38:0.000, j=39:0.000, j=40:0.000, j=41:0.000, j=42:0.000, j=43:0.001, j=44:0.209, j=45:0.599, j=46:0.175
      i=47 -> j=0:0.000, j=1:0.001, j=2:0.000, j=3:0.000, j=4:0.000, j=5:0.000, j=6:0.000, j=7:0.001, j=8:0.001, j=9:0.000, j=10:0.000, j=11:0.000, j=12:0.000, j=13:0.001, j=14:0.000, j=15:0.001, j=16:0.000, j=17:0.000, j=18:0.000, j=19:0.000, j=20:0.001, j=21:0.000, j=22:0.000, j=23:0.000, j=24:0.000, j=25:0.000, j=26:0.001, j=27:0.000, j=28:0.000, j=29:0.000, j=30:0.000, j=31:0.001, j=32:0.000, j=33:0.000, j=34:0.000, j=35:0.000, j=36:0.000, j=37:0.000, j=38:0.000, j=39:0.000, j=40:0.000, j=41:0.000, j=42:0.000, j=43:0.000, j=44:0.005, j=45:0.112, j=46:0.785, j=47:0.082
      i=48 -> j=0:0.001, j=1:0.001, j=2:0.001, j=3:0.001, j=4:0.000, j=5:0.000, j=6:0.001, j=7:0.002, j=8:0.001, j=9:0.001, j=10:0.000, j=11:0.000, j=12:0.000, j=13:0.001, j=14:0.001, j=15:0.002, j=16:0.001, j=17:0.000, j=18:0.000, j=19:0.001, j=20:0.002, j=21:0.001, j=22:0.001, j=23:0.000, j=24:0.000, j=25:0.000, j=26:0.002, j=27:0.001, j=28:0.001, j=29:0.000, j=30:0.000, j=31:0.001, j=32:0.001, j=33:0.000, j=34:0.001, j=35:0.000, j=36:0.000, j=37:0.000, j=38:0.000, j=39:0.001, j=40:0.001, j=41:0.000, j=42:0.000, j=43:0.000, j=44:0.000, j=45:0.005, j=46:0.246, j=47:0.590, j=48:0.129
      i=49 -> j=0:0.000, j=1:0.000, j=2:0.000, j=3:0.000, j=4:0.000, j=5:0.000, j=6:0.000, j=7:0.000, j=8:0.000, j=9:0.000, j=10:0.000, j=11:0.000, j=12:0.000, j=13:0.000, j=14:0.000, j=15:0.000, j=16:0.000, j=17:0.000, j=18:0.000, j=19:0.000, j=20:0.000, j=21:0.000, j=22:0.000, j=23:0.000, j=24:0.000, j=25:0.000, j=26:0.000, j=27:0.000, j=28:0.000, j=29:0.000, j=30:0.000, j=31:0.000, j=32:0.000, j=33:0.000, j=34:0.001, j=35:0.000, j=36:0.000, j=37:0.000, j=38:0.000, j=39:0.000, j=40:0.000, j=41:0.000, j=42:0.000, j=43:0.000, j=44:0.000, j=45:0.000, j=46:0.001, j=47:0.097, j=48:0.794, j=49:0.100
      i=50 -> j=0:0.000, j=1:0.000, j=2:0.000, j=3:0.000, j=4:0.000, j=5:0.000, j=6:0.000, j=7:0.000, j=8:0.000, j=9:0.000, j=10:0.000, j=11:0.000, j=12:0.000, j=13:0.000, j=14:0.000, j=15:0.000, j=16:0.000, j=17:0.000, j=18:0.000, j=19:0.000, j=20:0.000, j=21:0.000, j=22:0.000, j=23:0.000, j=24:0.000, j=25:0.000, j=26:0.000, j=27:0.000, j=28:0.000, j=29:0.000, j=30:0.000, j=31:0.000, j=32:0.000, j=33:0.000, j=34:0.001, j=35:0.000, j=36:0.000, j=37:0.000, j=38:0.000, j=39:0.000, j=40:0.000, j=41:0.001, j=42:0.000, j=43:0.000, j=44:0.000, j=45:0.000, j=46:0.000, j=47:0.002, j=48:0.105, j=49:0.817, j=50:0.063
      i=51 -> j=0:0.000, j=1:0.000, j=2:0.000, j=3:0.000, j=4:0.000, j=5:0.000, j=6:0.000, j=7:0.000, j=8:0.000, j=9:0.000, j=10:0.000, j=11:0.000, j=12:0.000, j=13:0.000, j=14:0.000, j=15:0.000, j=16:0.000, j=17:0.000, j=18:0.000, j=19:0.000, j=20:0.000, j=21:0.000, j=22:0.000, j=23:0.000, j=24:0.000, j=25:0.000, j=26:0.000, j=27:0.000, j=28:0.000, j=29:0.000, j=30:0.000, j=31:0.000, j=32:0.000, j=33:0.000, j=34:0.000, j=35:0.000, j=36:0.000, j=37:0.000, j=38:0.000, j=39:0.000, j=40:0.000, j=41:0.000, j=42:0.000, j=43:0.000, j=44:0.000, j=45:0.000, j=46:0.000, j=47:0.000, j=48:0.002, j=49:0.151, j=50:0.743, j=51:0.098
      i=52 -> j=0:0.000, j=1:0.001, j=2:0.000, j=3:0.000, j=4:0.000, j=5:0.000, j=6:0.000, j=7:0.001, j=8:0.000, j=9:0.000, j=10:0.000, j=11:0.000, j=12:0.000, j=13:0.000, j=14:0.000, j=15:0.000, j=16:0.000, j=17:0.000, j=18:0.000, j=19:0.000, j=20:0.001, j=21:0.000, j=22:0.000, j=23:0.000, j=24:0.001, j=25:0.000, j=26:0.001, j=27:0.000, j=28:0.000, j=29:0.000, j=30:0.000, j=31:0.001, j=32:0.000, j=33:0.000, j=34:0.000, j=35:0.000, j=36:0.000, j=37:0.000, j=38:0.000, j=39:0.000, j=40:0.000, j=41:0.000, j=42:0.000, j=43:0.000, j=44:0.001, j=45:0.000, j=46:0.000, j=47:0.000, j=48:0.000, j=49:0.001, j=50:0.202, j=51:0.705, j=52:0.075
      i=53 -> j=0:0.000, j=1:0.001, j=2:0.000, j=3:0.000, j=4:0.000, j=5:0.000, j=6:0.000, j=7:0.001, j=8:0.001, j=9:0.000, j=10:0.000, j=11:0.000, j=12:0.000, j=13:0.000, j=14:0.000, j=15:0.001, j=16:0.000, j=17:0.000, j=18:0.000, j=19:0.000, j=20:0.001, j=21:0.000, j=22:0.000, j=23:0.000, j=24:0.000, j=25:0.000, j=26:0.001, j=27:0.000, j=28:0.000, j=29:0.000, j=30:0.000, j=31:0.001, j=32:0.001, j=33:0.000, j=34:0.000, j=35:0.000, j=36:0.000, j=37:0.000, j=38:0.000, j=39:0.000, j=40:0.000, j=41:0.000, j=42:0.000, j=43:0.000, j=44:0.001, j=45:0.000, j=46:0.000, j=47:0.000, j=48:0.000, j=49:0.000, j=50:0.007, j=51:0.207, j=52:0.623, j=53:0.145
      i=54 -> j=0:0.000, j=1:0.000, j=2:0.000, j=3:0.000, j=4:0.000, j=5:0.000, j=6:0.000, j=7:0.000, j=8:0.000, j=9:0.000, j=10:0.000, j=11:0.000, j=12:0.000, j=13:0.000, j=14:0.000, j=15:0.000, j=16:0.000, j=17:0.000, j=18:0.000, j=19:0.000, j=20:0.000, j=21:0.000, j=22:0.000, j=23:0.000, j=24:0.000, j=25:0.000, j=26:0.000, j=27:0.000, j=28:0.000, j=29:0.000, j=30:0.000, j=31:0.000, j=32:0.000, j=33:0.000, j=34:0.000, j=35:0.000, j=36:0.000, j=37:0.000, j=38:0.000, j=39:0.000, j=40:0.000, j=41:0.000, j=42:0.000, j=43:0.000, j=44:0.000, j=45:0.000, j=46:0.000, j=47:0.000, j=48:0.000, j=49:0.000, j=50:0.000, j=51:0.001, j=52:0.064, j=53:0.869, j=54:0.060
      i=55 -> j=0:0.000, j=1:0.000, j=2:0.000, j=3:0.000, j=4:0.000, j=5:0.000, j=6:0.000, j=7:0.000, j=8:0.000, j=9:0.000, j=10:0.000, j=11:0.000, j=12:0.000, j=13:0.000, j=14:0.000, j=15:0.001, j=16:0.000, j=17:0.000, j=18:0.000, j=19:0.000, j=20:0.001, j=21:0.001, j=22:0.000, j=23:0.000, j=24:0.000, j=25:0.000, j=26:0.001, j=27:0.001, j=28:0.001, j=29:0.000, j=30:0.000, j=31:0.000, j=32:0.000, j=33:0.000, j=34:0.001, j=35:0.000, j=36:0.000, j=37:0.000, j=38:0.000, j=39:0.000, j=40:0.000, j=41:0.000, j=42:0.000, j=43:0.000, j=44:0.000, j=45:0.000, j=46:0.001, j=47:0.000, j=48:0.000, j=49:0.000, j=50:0.000, j=51:0.000, j=52:0.002, j=53:0.180, j=54:0.728, j=55:0.073
      i=56 -> j=0:0.000, j=1:0.001, j=2:0.001, j=3:0.000, j=4:0.000, j=5:0.000, j=6:0.000, j=7:0.001, j=8:0.001, j=9:0.000, j=10:0.000, j=11:0.000, j=12:0.000, j=13:0.000, j=14:0.000, j=15:0.001, j=16:0.001, j=17:0.000, j=18:0.000, j=19:0.000, j=20:0.001, j=21:0.001, j=22:0.001, j=23:0.001, j=24:0.000, j=25:0.000, j=26:0.001, j=27:0.001, j=28:0.001, j=29:0.001, j=30:0.000, j=31:0.000, j=32:0.000, j=33:0.000, j=34:0.001, j=35:0.001, j=36:0.000, j=37:0.000, j=38:0.000, j=39:0.000, j=40:0.001, j=41:0.001, j=42:0.000, j=43:0.000, j=44:0.000, j=45:0.000, j=46:0.000, j=47:0.001, j=48:0.001, j=49:0.000, j=50:0.000, j=51:0.000, j=52:0.000, j=53:0.004, j=54:0.146, j=55:0.755, j=56:0.073
      i=57 -> j=0:0.001, j=1:0.001, j=2:0.001, j=3:0.000, j=4:0.001, j=5:0.001, j=6:0.000, j=7:0.001, j=8:0.001, j=9:0.000, j=10:0.000, j=11:0.001, j=12:0.001, j=13:0.000, j=14:0.000, j=15:0.001, j=16:0.001, j=17:0.001, j=18:0.001, j=19:0.000, j=20:0.001, j=21:0.000, j=22:0.001, j=23:0.001, j=24:0.001, j=25:0.000, j=26:0.001, j=27:0.000, j=28:0.001, j=29:0.001, j=30:0.001, j=31:0.001, j=32:0.000, j=33:0.000, j=34:0.001, j=35:0.001, j=36:0.001, j=37:0.000, j=38:0.000, j=39:0.000, j=40:0.000, j=41:0.000, j=42:0.001, j=43:0.000, j=44:0.000, j=45:0.000, j=46:0.000, j=47:0.000, j=48:0.001, j=49:0.000, j=50:0.000, j=51:0.000, j=52:0.000, j=53:0.000, j=54:0.001, j=55:0.294, j=56:0.598, j=57:0.082
      i=58 -> j=0:0.001, j=1:0.001, j=2:0.001, j=3:0.000, j=4:0.000, j=5:0.001, j=6:0.001, j=7:0.002, j=8:0.001, j=9:0.000, j=10:0.000, j=11:0.001, j=12:0.001, j=13:0.001, j=14:0.000, j=15:0.001, j=16:0.001, j=17:0.001, j=18:0.001, j=19:0.001, j=20:0.001, j=21:0.001, j=22:0.000, j=23:0.001, j=24:0.001, j=25:0.000, j=26:0.001, j=27:0.001, j=28:0.000, j=29:0.000, j=30:0.001, j=31:0.001, j=32:0.001, j=33:0.000, j=34:0.001, j=35:0.001, j=36:0.001, j=37:0.001, j=38:0.000, j=39:0.000, j=40:0.000, j=41:0.000, j=42:0.000, j=43:0.000, j=44:0.001, j=45:0.000, j=46:0.000, j=47:0.000, j=48:0.000, j=49:0.000, j=50:0.001, j=51:0.000, j=52:0.000, j=53:0.000, j=54:0.000, j=55:0.012, j=56:0.288, j=57:0.544, j=58:0.125
      i=59 -> j=0:0.001, j=1:0.001, j=2:0.001, j=3:0.000, j=4:0.000, j=5:0.000, j=6:0.001, j=7:0.001, j=8:0.001, j=9:0.000, j=10:0.000, j=11:0.000, j=12:0.001, j=13:0.001, j=14:0.000, j=15:0.001, j=16:0.000, j=17:0.000, j=18:0.000, j=19:0.000, j=20:0.001, j=21:0.000, j=22:0.000, j=23:0.000, j=24:0.000, j=25:0.000, j=26:0.001, j=27:0.001, j=28:0.000, j=29:0.000, j=30:0.000, j=31:0.001, j=32:0.001, j=33:0.000, j=34:0.001, j=35:0.001, j=36:0.000, j=37:0.001, j=38:0.001, j=39:0.000, j=40:0.000, j=41:0.000, j=42:0.000, j=43:0.000, j=44:0.001, j=45:0.000, j=46:0.000, j=47:0.000, j=48:0.000, j=49:0.000, j=50:0.001, j=51:0.000, j=52:0.000, j=53:0.000, j=54:0.000, j=55:0.000, j=56:0.006, j=57:0.122, j=58:0.733, j=59:0.112
      i=60 -> j=0:0.000, j=1:0.001, j=2:0.001, j=3:0.000, j=4:0.000, j=5:0.000, j=6:0.000, j=7:0.002, j=8:0.001, j=9:0.000, j=10:0.000, j=11:0.000, j=12:0.000, j=13:0.000, j=14:0.000, j=15:0.001, j=16:0.000, j=17:0.000, j=18:0.000, j=19:0.000, j=20:0.001, j=21:0.001, j=22:0.000, j=23:0.000, j=24:0.000, j=25:0.000, j=26:0.001, j=27:0.001, j=28:0.000, j=29:0.000, j=30:0.000, j=31:0.001, j=32:0.001, j=33:0.000, j=34:0.001, j=35:0.001, j=36:0.000, j=37:0.000, j=38:0.000, j=39:0.001, j=40:0.001, j=41:0.000, j=42:0.000, j=43:0.000, j=44:0.001, j=45:0.000, j=46:0.000, j=47:0.000, j=48:0.000, j=49:0.000, j=50:0.001, j=51:0.000, j=52:0.000, j=53:0.000, j=54:0.000, j=55:0.000, j=56:0.000, j=57:0.002, j=58:0.126, j=59:0.764, j=60:0.083
      i=61 -> j=0:0.000, j=1:0.001, j=2:0.001, j=3:0.001, j=4:0.001, j=5:0.000, j=6:0.000, j=7:0.001, j=8:0.001, j=9:0.001, j=10:0.001, j=11:0.000, j=12:0.000, j=13:0.000, j=14:0.001, j=15:0.001, j=16:0.001, j=17:0.000, j=18:0.000, j=19:0.000, j=20:0.001, j=21:0.001, j=22:0.001, j=23:0.000, j=24:0.000, j=25:0.000, j=26:0.001, j=27:0.001, j=28:0.001, j=29:0.001, j=30:0.000, j=31:0.000, j=32:0.001, j=33:0.001, j=34:0.001, j=35:0.001, j=36:0.000, j=37:0.000, j=38:0.000, j=39:0.001, j=40:0.001, j=41:0.001, j=42:0.000, j=43:0.000, j=44:0.000, j=45:0.001, j=46:0.001, j=47:0.000, j=48:0.000, j=49:0.000, j=50:0.000, j=51:0.001, j=52:0.001, j=53:0.001, j=54:0.000, j=55:0.000, j=56:0.000, j=57:0.000, j=58:0.004, j=59:0.177, j=60:0.740, j=61:0.052
      i=62 -> j=0:0.006, j=1:0.007, j=2:0.007, j=3:0.007, j=4:0.006, j=5:0.006, j=6:0.006, j=7:0.007, j=8:0.007, j=9:0.007, j=10:0.006, j=11:0.006, j=12:0.005, j=13:0.005, j=14:0.005, j=15:0.008, j=16:0.007, j=17:0.006, j=18:0.005, j=19:0.005, j=20:0.007, j=21:0.007, j=22:0.007, j=23:0.007, j=24:0.005, j=25:0.004, j=26:0.007, j=27:0.007, j=28:0.007, j=29:0.007, j=30:0.006, j=31:0.006, j=32:0.006, j=33:0.006, j=34:0.010, j=35:0.008, j=36:0.006, j=37:0.005, j=38:0.004, j=39:0.006, j=40:0.009, j=41:0.008, j=42:0.006, j=43:0.003, j=44:0.005, j=45:0.005, j=46:0.006, j=47:0.006, j=48:0.005, j=49:0.002, j=50:0.003, j=51:0.003, j=52:0.005, j=53:0.009, j=54:0.005, j=55:0.003, j=56:0.001, j=57:0.001, j=58:0.002, j=59:0.019, j=60:0.145, j=61:0.447, j=62:0.054
      i=63 -> j=0:0.001, j=1:0.001, j=2:0.001, j=3:0.001, j=4:0.001, j=5:0.001, j=6:0.001, j=7:0.001, j=8:0.001, j=9:0.001, j=10:0.001, j=11:0.001, j=12:0.001, j=13:0.000, j=14:0.000, j=15:0.001, j=16:0.001, j=17:0.001, j=18:0.001, j=19:0.000, j=20:0.001, j=21:0.001, j=22:0.001, j=23:0.001, j=24:0.001, j=25:0.000, j=26:0.001, j=27:0.001, j=28:0.001, j=29:0.001, j=30:0.001, j=31:0.001, j=32:0.001, j=33:0.000, j=34:0.001, j=35:0.001, j=36:0.001, j=37:0.001, j=38:0.000, j=39:0.000, j=40:0.001, j=41:0.001, j=42:0.001, j=43:0.000, j=44:0.001, j=45:0.000, j=46:0.000, j=47:0.001, j=48:0.001, j=49:0.000, j=50:0.000, j=51:0.000, j=52:0.000, j=53:0.000, j=54:0.001, j=55:0.001, j=56:0.000, j=57:0.000, j=58:0.000, j=59:0.000, j=60:0.002, j=61:0.814, j=62:0.074, j=63:0.076
    Average attention per distance:
      d=0:0.115, d=1:0.670, d=2:0.205

--- Layer 2 ---
  Head 0: Entropy=2.291
    Attention coefficients from each query position to previous positions:
      i= 0 -> j=0:1.000
      i= 1 -> j=0:0.522, j=1:0.478
      i= 2 -> j=0:0.143, j=1:0.168, j=2:0.690
      i= 3 -> j=0:0.016, j=1:0.025, j=2:0.180, j=3:0.779
      i= 4 -> j=0:0.008, j=1:0.014, j=2:0.108, j=3:0.672, j=4:0.198
      i= 5 -> j=0:0.009, j=1:0.014, j=2:0.082, j=3:0.521, j=4:0.292, j=5:0.081
      i= 6 -> j=0:0.016, j=1:0.021, j=2:0.075, j=3:0.350, j=4:0.326, j=5:0.158, j=6:0.056
      i= 7 -> j=0:0.018, j=1:0.021, j=2:0.059, j=3:0.206, j=4:0.214, j=5:0.152, j=6:0.078, j=7:0.251
      i= 8 -> j=0:0.017, j=1:0.019, j=2:0.046, j=3:0.112, j=4:0.096, j=5:0.079, j=6:0.059, j=7:0.240, j=8:0.333
      i= 9 -> j=0:0.013, j=1:0.015, j=2:0.036, j=3:0.075, j=4:0.050, j=5:0.039, j=6:0.036, j=7:0.186, j=8:0.366, j=9:0.184
      i=10 -> j=0:0.009, j=1:0.012, j=2:0.031, j=3:0.063, j=4:0.034, j=5:0.021, j=6:0.018, j=7:0.097, j=8:0.259, j=9:0.200, j=10:0.255
      i=11 -> j=0:0.007, j=1:0.010, j=2:0.026, j=3:0.057, j=4:0.030, j=5:0.015, j=6:0.011, j=7:0.046, j=8:0.132, j=9:0.146, j=10:0.282, j=11:0.238
      i=12 -> j=0:0.009, j=1:0.011, j=2:0.025, j=3:0.055, j=4:0.034, j=5:0.019, j=6:0.012, j=7:0.034, j=8:0.078, j=9:0.095, j=10:0.233, j=11:0.292, j=12:0.104
      i=13 -> j=0:0.009, j=1:0.010, j=2:0.022, j=3:0.046, j=4:0.034, j=5:0.020, j=6:0.013, j=7:0.030, j=8:0.054, j=9:0.057, j=10:0.150, j=11:0.267, j=12:0.147, j=13:0.141
      i=14 -> j=0:0.013, j=1:0.013, j=2:0.024, j=3:0.040, j=4:0.032, j=5:0.023, j=6:0.017, j=7:0.035, j=8:0.049, j=9:0.041, j=10:0.086, j=11:0.168, j=12:0.152, j=13:0.214, j=14:0.094
      i=15 -> j=0:0.019, j=1:0.021, j=2:0.033, j=3:0.047, j=4:0.035, j=5:0.028, j=6:0.023, j=7:0.045, j=8:0.059, j=9:0.043, j=10:0.061, j=11:0.089, j=12:0.093, j=13:0.159, j=14:0.112, j=15:0.132
      i=16 -> j=0:0.009, j=1:0.010, j=2:0.020, j=3:0.031, j=4:0.018, j=5:0.012, j=6:0.010, j=7:0.023, j=8:0.034, j=9:0.022, j=10:0.027, j=11:0.031, j=12:0.027, j=13:0.050, j=14:0.047, j=15:0.079, j=16:0.551
      i=17 -> j=0:0.002, j=1:0.003, j=2:0.006, j=3:0.011, j=4:0.006, j=5:0.003, j=6:0.002, j=7:0.006, j=8:0.011, j=9:0.007, j=10:0.009, j=11:0.009, j=12:0.006, j=13:0.011, j=14:0.012, j=15:0.031, j=16:0.385, j=17:0.478
      i=18 -> j=0:0.003, j=1:0.004, j=2:0.007, j=3:0.012, j=4:0.007, j=5:0.004, j=6:0.003, j=7:0.006, j=8:0.010, j=9:0.008, j=10:0.011, j=11:0.010, j=12:0.006, j=13:0.009, j=14:0.009, j=15:0.023, j=16:0.229, j=17:0.445, j=18:0.192
      i=19 -> j=0:0.003, j=1:0.004, j=2:0.007, j=3:0.011, j=4:0.007, j=5:0.004, j=6:0.003, j=7:0.006, j=8:0.009, j=9:0.007, j=10:0.010, j=11:0.011, j=12:0.007, j=13:0.007, j=14:0.007, j=15:0.016, j=16:0.141, j=17:0.386, j=18:0.262, j=19:0.093
      i=20 -> j=0:0.007, j=1:0.007, j=2:0.012, j=3:0.017, j=4:0.012, j=5:0.008, j=6:0.006, j=7:0.010, j=8:0.014, j=9:0.011, j=10:0.015, j=11:0.017, j=12:0.012, j=13:0.013, j=14:0.010, j=15:0.019, j=16:0.097, j=17:0.234, j=18:0.242, j=19:0.152, j=20:0.084
      i=21 -> j=0:0.003, j=1:0.004, j=2:0.007, j=3:0.011, j=4:0.007, j=5:0.004, j=6:0.003, j=7:0.006, j=8:0.008, j=9:0.005, j=10:0.007, j=11:0.008, j=12:0.006, j=13:0.007, j=14:0.005, j=15:0.008, j=16:0.037, j=17:0.062, j=18:0.067, j=19:0.059, j=20:0.049, j=21:0.626
      i=22 -> j=0:0.002, j=1:0.002, j=2:0.004, j=3:0.006, j=4:0.003, j=5:0.002, j=6:0.001, j=7:0.003, j=8:0.004, j=9:0.003, j=10:0.003, j=11:0.003, j=12:0.003, j=13:0.003, j=14:0.003, j=15:0.004, j=16:0.017, j=17:0.022, j=18:0.022, j=19:0.023, j=20:0.026, j=21:0.518, j=22:0.322
      i=23 -> j=0:0.003, j=1:0.003, j=2:0.005, j=3:0.008, j=4:0.004, j=5:0.003, j=6:0.002, j=7:0.004, j=8:0.006, j=9:0.004, j=10:0.004, j=11:0.004, j=12:0.003, j=13:0.004, j=14:0.004, j=15:0.006, j=16:0.021, j=17:0.021, j=18:0.017, j=19:0.015, j=20:0.021, j=21:0.330, j=22:0.347, j=23:0.161
      i=24 -> j=0:0.003, j=1:0.003, j=2:0.006, j=3:0.009, j=4:0.005, j=5:0.003, j=6:0.002, j=7:0.004, j=8:0.006, j=9:0.004, j=10:0.005, j=11:0.004, j=12:0.003, j=13:0.004, j=14:0.003, j=15:0.006, j=16:0.022, j=17:0.023, j=18:0.015, j=19:0.011, j=20:0.014, j=21:0.189, j=22:0.285, j=23:0.207, j=24:0.161
      i=25 -> j=0:0.005, j=1:0.005, j=2:0.009, j=3:0.013, j=4:0.008, j=5:0.005, j=6:0.004, j=7:0.006, j=8:0.008, j=9:0.006, j=10:0.007, j=11:0.007, j=12:0.005, j=13:0.005, j=14:0.005, j=15:0.009, j=16:0.026, j=17:0.028, j=18:0.020, j=19:0.013, j=20:0.014, j=21:0.107, j=22:0.185, j=23:0.209, j=24:0.252, j=25:0.035
      i=26 -> j=0:0.013, j=1:0.013, j=2:0.019, j=3:0.024, j=4:0.018, j=5:0.013, j=6:0.010, j=7:0.014, j=8:0.017, j=9:0.014, j=10:0.015, j=11:0.015, j=12:0.012, j=13:0.012, j=14:0.011, j=15:0.016, j=16:0.034, j=17:0.040, j=18:0.034, j=19:0.025, j=20:0.023, j=21:0.078, j=22:0.104, j=23:0.129, j=24:0.195, j=25:0.063, j=26:0.038
      i=27 -> j=0:0.011, j=1:0.011, j=2:0.018, j=3:0.024, j=4:0.016, j=5:0.011, j=6:0.008, j=7:0.013, j=8:0.016, j=9:0.011, j=10:0.013, j=11:0.013, j=12:0.010, j=13:0.011, j=14:0.009, j=15:0.013, j=16:0.032, j=17:0.037, j=18:0.033, j=19:0.024, j=20:0.020, j=21:0.078, j=22:0.075, j=23:0.077, j=24:0.123, j=25:0.050, j=26:0.037, j=27:0.206
      i=28 -> j=0:0.005, j=1:0.005, j=2:0.009, j=3:0.013, j=4:0.007, j=5:0.005, j=6:0.003, j=7:0.006, j=8:0.008, j=9:0.005, j=10:0.006, j=11:0.006, j=12:0.004, j=13:0.005, j=14:0.004, j=15:0.006, j=16:0.016, j=17:0.017, j=18:0.015, j=19:0.011, j=20:0.010, j=21:0.052, j=22:0.040, j=23:0.033, j=24:0.047, j=25:0.020, j=26:0.019, j=27:0.193, j=28:0.431
      i=29 -> j=0:0.005, j=1:0.005, j=2:0.009, j=3:0.013, j=4:0.008, j=5:0.005, j=6:0.003, j=7:0.006, j=8:0.008, j=9:0.005, j=10:0.006, j=11:0.005, j=12:0.004, j=13:0.005, j=14:0.004, j=15:0.006, j=16:0.015, j=17:0.013, j=18:0.011, j=19:0.009, j=20:0.009, j=21:0.041, j=22:0.032, j=23:0.022, j=24:0.024, j=25:0.011, j=26:0.013, j=27:0.101, j=28:0.302, j=29:0.301
      i=30 -> j=0:0.006, j=1:0.006, j=2:0.010, j=3:0.014, j=4:0.009, j=5:0.006, j=6:0.004, j=7:0.007, j=8:0.009, j=9:0.006, j=10:0.007, j=11:0.006, j=12:0.004, j=13:0.005, j=14:0.004, j=15:0.007, j=16:0.014, j=17:0.012, j=18:0.010, j=19:0.008, j=20:0.009, j=21:0.033, j=22:0.030, j=23:0.022, j=24:0.020, j=25:0.009, j=26:0.011, j=27:0.070, j=28:0.243, j=29:0.346, j=30:0.052
      i=31 -> j=0:0.008, j=1:0.009, j=2:0.014, j=3:0.019, j=4:0.012, j=5:0.008, j=6:0.006, j=7:0.009, j=8:0.012, j=9:0.009, j=10:0.009, j=11:0.009, j=12:0.006, j=13:0.006, j=14:0.006, j=15:0.009, j=16:0.019, j=17:0.017, j=18:0.013, j=19:0.009, j=20:0.010, j=21:0.033, j=22:0.034, j=23:0.028, j=24:0.025, j=25:0.011, j=26:0.011, j=27:0.049, j=28:0.152, j=29:0.289, j=30:0.075, j=31:0.074
      i=32 -> j=0:0.005, j=1:0.005, j=2:0.009, j=3:0.014, j=4:0.009, j=5:0.005, j=6:0.003, j=7:0.006, j=8:0.008, j=9:0.005, j=10:0.006, j=11:0.006, j=12:0.004, j=13:0.004, j=14:0.003, j=15:0.005, j=16:0.014, j=17:0.013, j=18:0.010, j=19:0.006, j=20:0.006, j=21:0.023, j=22:0.023, j=23:0.020, j=24:0.019, j=25:0.006, j=26:0.006, j=27:0.025, j=28:0.063, j=29:0.136, j=30:0.045, j=31:0.064, j=32:0.424
      i=33 -> j=0:0.003, j=1:0.003, j=2:0.005, j=3:0.008, j=4:0.005, j=5:0.003, j=6:0.002, j=7:0.003, j=8:0.004, j=9:0.003, j=10:0.003, j=11:0.003, j=12:0.002, j=13:0.002, j=14:0.002, j=15:0.003, j=16:0.007, j=17:0.007, j=18:0.005, j=19:0.003, j=20:0.003, j=21:0.012, j=22:0.010, j=23:0.009, j=24:0.010, j=25:0.003, j=26:0.003, j=27:0.012, j=28:0.022, j=29:0.041, j=30:0.016, j=31:0.030, j=32:0.293, j=33:0.459
      i=34 -> j=0:0.003, j=1:0.003, j=2:0.005, j=3:0.007, j=4:0.004, j=5:0.003, j=6:0.002, j=7:0.003, j=8:0.004, j=9:0.003, j=10:0.003, j=11:0.003, j=12:0.002, j=13:0.002, j=14:0.002, j=15:0.002, j=16:0.006, j=17:0.005, j=18:0.005, j=19:0.003, j=20:0.003, j=21:0.010, j=22:0.007, j=23:0.006, j=24:0.007, j=25:0.003, j=26:0.003, j=27:0.010, j=28:0.015, j=29:0.022, j=30:0.010, j=31:0.019, j=32:0.198, j=33:0.475, j=34:0.141
      i=35 -> j=0:0.007, j=1:0.007, j=2:0.012, j=3:0.016, j=4:0.010, j=5:0.007, j=6:0.005, j=7:0.008, j=8:0.010, j=9:0.007, j=10:0.007, j=11:0.007, j=12:0.005, j=13:0.006, j=14:0.005, j=15:0.006, j=16:0.013, j=17:0.011, j=18:0.009, j=19:0.007, j=20:0.007, j=21:0.019, j=22:0.015, j=23:0.012, j=24:0.012, j=25:0.007, j=26:0.007, j=27:0.019, j=28:0.026, j=29:0.029, j=30:0.013, j=31:0.020, j=32:0.109, j=33:0.276, j=34:0.166, j=35:0.101
      i=36 -> j=0:0.006, j=1:0.006, j=2:0.011, j=3:0.016, j=4:0.010, j=5:0.006, j=6:0.004, j=7:0.008, j=8:0.010, j=9:0.007, j=10:0.007, j=11:0.006, j=12:0.004, j=13:0.005, j=14:0.004, j=15:0.006, j=16:0.013, j=17:0.011, j=18:0.008, j=19:0.006, j=20:0.006, j=21:0.018, j=22:0.015, j=23:0.011, j=24:0.010, j=25:0.005, j=26:0.006, j=27:0.017, j=28:0.026, j=29:0.029, j=30:0.010, j=31:0.014, j=32:0.068, j=33:0.193, j=34:0.163, j=35:0.135, j=36:0.125
      i=37 -> j=0:0.008, j=1:0.008, j=2:0.014, j=3:0.020, j=4:0.013, j=5:0.008, j=6:0.006, j=7:0.009, j=8:0.012, j=9:0.008, j=10:0.009, j=11:0.008, j=12:0.006, j=13:0.006, j=14:0.005, j=15:0.007, j=16:0.015, j=17:0.013, j=18:0.010, j=19:0.007, j=20:0.006, j=21:0.019, j=22:0.016, j=23:0.013, j=24:0.011, j=25:0.005, j=26:0.006, j=27:0.017, j=28:0.026, j=29:0.032, j=30:0.012, j=31:0.014, j=32:0.048, j=33:0.109, j=34:0.112, j=35:0.135, j=36:0.177, j=37:0.051
      i=38 -> j=0:0.011, j=1:0.012, j=2:0.018, j=3:0.025, j=4:0.018, j=5:0.012, j=6:0.009, j=7:0.013, j=8:0.015, j=9:0.012, j=10:0.013, j=11:0.012, j=12:0.008, j=13:0.008, j=14:0.007, j=15:0.010, j=16:0.019, j=17:0.017, j=18:0.013, j=19:0.009, j=20:0.009, j=21:0.021, j=22:0.019, j=23:0.016, j=24:0.014, j=25:0.007, j=26:0.008, j=27:0.017, j=28:0.025, j=29:0.033, j=30:0.016, j=31:0.017, j=32:0.042, j=33:0.066, j=34:0.064, j=35:0.096, j=36:0.162, j=37:0.076, j=38:0.029
      i=39 -> j=0:0.014, j=1:0.014, j=2:0.021, j=3:0.029, j=4:0.021, j=5:0.015, j=6:0.011, j=7:0.016, j=8:0.019, j=9:0.014, j=10:0.015, j=11:0.015, j=12:0.011, j=13:0.011, j=14:0.009, j=15:0.012, j=16:0.022, j=17:0.021, j=18:0.017, j=19:0.012, j=20:0.011, j=21:0.024, j=22:0.021, j=23:0.018, j=24:0.017, j=25:0.010, j=26:0.010, j=27:0.019, j=28:0.023, j=29:0.031, j=30:0.018, j=31:0.020, j=32:0.044, j=33:0.054, j=34:0.040, j=35:0.056, j=36:0.093, j=37:0.066, j=38:0.038, j=39:0.067
      i=40 -> j=0:0.009, j=1:0.010, j=2:0.016, j=3:0.023, j=4:0.015, j=5:0.010, j=6:0.007, j=7:0.012, j=8:0.014, j=9:0.010, j=10:0.010, j=11:0.010, j=12:0.007, j=13:0.007, j=14:0.006, j=15:0.008, j=16:0.017, j=17:0.016, j=18:0.013, j=19:0.009, j=20:0.008, j=21:0.021, j=22:0.016, j=23:0.013, j=24:0.012, j=25:0.006, j=26:0.006, j=27:0.014, j=28:0.017, j=29:0.021, j=30:0.011, j=31:0.014, j=32:0.039, j=33:0.050, j=34:0.027, j=35:0.032, j=36:0.044, j=37:0.033, j=38:0.024, j=39:0.061, j=40:0.304
      i=41 -> j=0:0.005, j=1:0.005, j=2:0.009, j=3:0.014, j=4:0.008, j=5:0.005, j=6:0.004, j=7:0.006, j=8:0.008, j=9:0.005, j=10:0.006, j=11:0.005, j=12:0.004, j=13:0.004, j=14:0.003, j=15:0.004, j=16:0.010, j=17:0.009, j=18:0.007, j=19:0.005, j=20:0.004, j=21:0.013, j=22:0.010, j=23:0.007, j=24:0.006, j=25:0.003, j=26:0.003, j=27:0.008, j=28:0.010, j=29:0.012, j=30:0.005, j=31:0.006, j=32:0.021, j=33:0.031, j=34:0.016, j=35:0.015, j=36:0.017, j=37:0.010, j=38:0.009, j=39:0.028, j=40:0.194, j=41:0.446
      i=42 -> j=0:0.004, j=1:0.004, j=2:0.007, j=3:0.011, j=4:0.006, j=5:0.004, j=6:0.003, j=7:0.005, j=8:0.006, j=9:0.004, j=10:0.004, j=11:0.004, j=12:0.003, j=13:0.003, j=14:0.002, j=15:0.003, j=16:0.008, j=17:0.007, j=18:0.005, j=19:0.003, j=20:0.003, j=21:0.010, j=22:0.007, j=23:0.005, j=24:0.004, j=25:0.002, j=26:0.002, j=27:0.006, j=28:0.007, j=29:0.008, j=30:0.003, j=31:0.004, j=32:0.013, j=33:0.020, j=34:0.011, j=35:0.011, j=36:0.010, j=37:0.006, j=38:0.005, j=39:0.016, j=40:0.128, j=41:0.413, j=42:0.209
      i=43 -> j=0:0.006, j=1:0.006, j=2:0.010, j=3:0.015, j=4:0.010, j=5:0.006, j=6:0.005, j=7:0.007, j=8:0.009, j=9:0.007, j=10:0.007, j=11:0.006, j=12:0.005, j=13:0.005, j=14:0.004, j=15:0.005, j=16:0.011, j=17:0.009, j=18:0.007, j=19:0.005, j=20:0.005, j=21:0.012, j=22:0.009, j=23:0.007, j=24:0.006, j=25:0.003, j=26:0.003, j=27:0.007, j=28:0.009, j=29:0.010, j=30:0.005, j=31:0.005, j=32:0.012, j=33:0.017, j=34:0.013, j=35:0.014, j=36:0.013, j=37:0.007, j=38:0.006, j=39:0.015, j=40:0.086, j=41:0.302, j=42:0.263, j=43:0.028
      i=44 -> j=0:0.010, j=1:0.010, j=2:0.016, j=3:0.022, j=4:0.015, j=5:0.011, j=6:0.008, j=7:0.012, j=8:0.014, j=9:0.011, j=10:0.012, j=11:0.011, j=12:0.008, j=13:0.008, j=14:0.007, j=15:0.009, j=16:0.017, j=17:0.015, j=18:0.012, j=19:0.008, j=20:0.008, j=21:0.017, j=22:0.015, j=23:0.012, j=24:0.010, j=25:0.006, j=26:0.006, j=27:0.011, j=28:0.013, j=29:0.015, j=30:0.008, j=31:0.008, j=32:0.015, j=33:0.020, j=34:0.016, j=35:0.019, j=36:0.019, j=37:0.011, j=38:0.008, j=39:0.016, j=40:0.057, j=41:0.164, j=42:0.206, j=43:0.045, j=44:0.043
      i=45 -> j=0:0.008, j=1:0.008, j=2:0.014, j=3:0.021, j=4:0.014, j=5:0.009, j=6:0.006, j=7:0.010, j=8:0.012, j=9:0.009, j=10:0.010, j=11:0.009, j=12:0.007, j=13:0.007, j=14:0.005, j=15:0.007, j=16:0.016, j=17:0.015, j=18:0.011, j=19:0.007, j=20:0.006, j=21:0.017, j=22:0.014, j=23:0.011, j=24:0.010, j=25:0.004, j=26:0.004, j=27:0.010, j=28:0.012, j=29:0.014, j=30:0.007, j=31:0.007, j=32:0.016, j=33:0.019, j=34:0.012, j=35:0.016, j=36:0.017, j=37:0.009, j=38:0.006, j=39:0.012, j=40:0.039, j=41:0.095, j=42:0.122, j=43:0.035, j=44:0.046, j=45:0.235
      i=46 -> j=0:0.003, j=1:0.003, j=2:0.006, j=3:0.009, j=4:0.005, j=5:0.003, j=6:0.002, j=7:0.004, j=8:0.005, j=9:0.003, j=10:0.004, j=11:0.003, j=12:0.002, j=13:0.002, j=14:0.002, j=15:0.003, j=16:0.006, j=17:0.006, j=18:0.004, j=19:0.003, j=20:0.002, j=21:0.007, j=22:0.005, j=23:0.004, j=24:0.004, j=25:0.001, j=26:0.001, j=27:0.004, j=28:0.004, j=29:0.005, j=30:0.002, j=31:0.003, j=32:0.007, j=33:0.008, j=34:0.004, j=35:0.005, j=36:0.005, j=37:0.003, j=38:0.002, j=39:0.004, j=40:0.014, j=41:0.029, j=42:0.030, j=43:0.010, j=44:0.017, j=45:0.146, j=46:0.594
      i=47 -> j=0:0.004, j=1:0.004, j=2:0.008, j=3:0.011, j=4:0.007, j=5:0.004, j=6:0.003, j=7:0.005, j=8:0.007, j=9:0.005, j=10:0.005, j=11:0.005, j=12:0.003, j=13:0.004, j=14:0.003, j=15:0.004, j=16:0.008, j=17:0.007, j=18:0.006, j=19:0.004, j=20:0.003, j=21:0.010, j=22:0.007, j=23:0.005, j=24:0.005, j=25:0.002, j=26:0.002, j=27:0.005, j=28:0.006, j=29:0.006, j=30:0.003, j=31:0.003, j=32:0.008, j=33:0.010, j=34:0.005, j=35:0.006, j=36:0.006, j=37:0.004, j=38:0.003, j=39:0.006, j=40:0.016, j=41:0.025, j=42:0.020, j=43:0.008, j=44:0.014, j=45:0.098, j=46:0.476, j=47:0.135
      i=48 -> j=0:0.005, j=1:0.005, j=2:0.009, j=3:0.013, j=4:0.008, j=5:0.005, j=6:0.004, j=7:0.006, j=8:0.008, j=9:0.005, j=10:0.006, j=11:0.005, j=12:0.004, j=13:0.004, j=14:0.003, j=15:0.004, j=16:0.009, j=17:0.008, j=18:0.006, j=19:0.004, j=20:0.004, j=21:0.011, j=22:0.008, j=23:0.006, j=24:0.005, j=25:0.003, j=26:0.003, j=27:0.006, j=28:0.007, j=29:0.007, j=30:0.003, j=31:0.004, j=32:0.008, j=33:0.010, j=34:0.006, j=35:0.006, j=36:0.006, j=37:0.003, j=38:0.003, j=39:0.006, j=40:0.017, j=41:0.025, j=42:0.017, j=43:0.006, j=44:0.010, j=45:0.063, j=46:0.360, j=47:0.167, j=48:0.100
      i=49 -> j=0:0.006, j=1:0.006, j=2:0.010, j=3:0.016, j=4:0.010, j=5:0.006, j=6:0.004, j=7:0.007, j=8:0.009, j=9:0.007, j=10:0.007, j=11:0.007, j=12:0.005, j=13:0.005, j=14:0.004, j=15:0.005, j=16:0.011, j=17:0.010, j=18:0.007, j=19:0.005, j=20:0.005, j=21:0.012, j=22:0.010, j=23:0.007, j=24:0.006, j=25:0.003, j=26:0.003, j=27:0.007, j=28:0.008, j=29:0.008, j=30:0.003, j=31:0.004, j=32:0.008, j=33:0.010, j=34:0.006, j=35:0.007, j=36:0.006, j=37:0.003, j=38:0.003, j=39:0.006, j=40:0.016, j=41:0.027, j=42:0.018, j=43:0.006, j=44:0.008, j=45:0.040, j=46:0.226, j=47:0.169, j=48:0.152, j=49:0.067
      i=50 -> j=0:0.009, j=1:0.009, j=2:0.015, j=3:0.021, j=4:0.014, j=5:0.010, j=6:0.007, j=7:0.011, j=8:0.013, j=9:0.010, j=10:0.011, j=11:0.010, j=12:0.007, j=13:0.007, j=14:0.006, j=15:0.008, j=16:0.016, j=17:0.015, j=18:0.011, j=19:0.008, j=20:0.007, j=21:0.016, j=22:0.014, j=23:0.011, j=24:0.009, j=25:0.005, j=26:0.005, j=27:0.009, j=28:0.010, j=29:0.011, j=30:0.006, j=31:0.006, j=32:0.010, j=33:0.012, j=34:0.008, j=35:0.010, j=36:0.009, j=37:0.005, j=38:0.004, j=39:0.007, j=40:0.017, j=41:0.029, j=42:0.023, j=43:0.008, j=44:0.010, j=45:0.031, j=46:0.110, j=47:0.109, j=48:0.139, j=49:0.099, j=50:0.036
      i=51 -> j=0:0.004, j=1:0.004, j=2:0.007, j=3:0.012, j=4:0.007, j=5:0.004, j=6:0.003, j=7:0.005, j=8:0.007, j=9:0.004, j=10:0.005, j=11:0.005, j=12:0.003, j=13:0.003, j=14:0.002, j=15:0.004, j=16:0.009, j=17:0.008, j=18:0.006, j=19:0.004, j=20:0.003, j=21:0.010, j=22:0.008, j=23:0.006, j=24:0.005, j=25:0.002, j=26:0.002, j=27:0.005, j=28:0.006, j=29:0.007, j=30:0.003, j=31:0.003, j=32:0.006, j=33:0.007, j=34:0.004, j=35:0.005, j=36:0.005, j=37:0.002, j=38:0.002, j=39:0.003, j=40:0.009, j=41:0.016, j=42:0.013, j=43:0.004, j=44:0.005, j=45:0.016, j=46:0.045, j=47:0.034, j=48:0.046, j=49:0.045, j=50:0.022, j=51:0.549
      i=52 -> j=0:0.004, j=1:0.004, j=2:0.007, j=3:0.011, j=4:0.007, j=5:0.004, j=6:0.003, j=7:0.005, j=8:0.006, j=9:0.004, j=10:0.005, j=11:0.005, j=12:0.003, j=13:0.003, j=14:0.002, j=15:0.003, j=16:0.008, j=17:0.008, j=18:0.006, j=19:0.004, j=20:0.003, j=21:0.009, j=22:0.007, j=23:0.005, j=24:0.005, j=25:0.002, j=26:0.002, j=27:0.004, j=28:0.005, j=29:0.006, j=30:0.002, j=31:0.003, j=32:0.006, j=33:0.006, j=34:0.003, j=35:0.004, j=36:0.004, j=37:0.002, j=38:0.002, j=39:0.003, j=40:0.007, j=41:0.010, j=42:0.009, j=43:0.003, j=44:0.004, j=45:0.013, j=46:0.029, j=47:0.018, j=48:0.021, j=49:0.024, j=50:0.018, j=51:0.506, j=52:0.155
      i=53 -> j=0:0.007, j=1:0.007, j=2:0.012, j=3:0.016, j=4:0.011, j=5:0.008, j=6:0.006, j=7:0.009, j=8:0.011, j=9:0.008, j=10:0.008, j=11:0.008, j=12:0.006, j=13:0.006, j=14:0.005, j=15:0.007, j=16:0.012, j=17:0.012, j=18:0.009, j=19:0.007, j=20:0.006, j=21:0.014, j=22:0.011, j=23:0.008, j=24:0.008, j=25:0.004, j=26:0.004, j=27:0.008, j=28:0.008, j=29:0.009, j=30:0.005, j=31:0.005, j=32:0.009, j=33:0.010, j=34:0.006, j=35:0.007, j=36:0.006, j=37:0.004, j=38:0.003, j=39:0.005, j=40:0.010, j=41:0.012, j=42:0.010, j=43:0.005, j=44:0.007, j=45:0.018, j=46:0.032, j=47:0.019, j=48:0.018, j=49:0.020, j=50:0.020, j=51:0.310, j=52:0.177, j=53:0.029
      i=54 -> j=0:0.008, j=1:0.008, j=2:0.013, j=3:0.019, j=4:0.012, j=5:0.008, j=6:0.006, j=7:0.010, j=8:0.012, j=9:0.009, j=10:0.009, j=11:0.009, j=12:0.007, j=13:0.007, j=14:0.006, j=15:0.007, j=16:0.014, j=17:0.013, j=18:0.010, j=19:0.007, j=20:0.007, j=21:0.016, j=22:0.013, j=23:0.009, j=24:0.008, j=25:0.004, j=26:0.004, j=27:0.009, j=28:0.009, j=29:0.010, j=30:0.005, j=31:0.005, j=32:0.010, j=33:0.011, j=34:0.007, j=35:0.007, j=36:0.006, j=37:0.004, j=38:0.003, j=39:0.005, j=40:0.011, j=41:0.013, j=42:0.009, j=43:0.005, j=44:0.007, j=45:0.018, j=46:0.036, j=47:0.020, j=48:0.016, j=49:0.014, j=50:0.013, j=51:0.209, j=52:0.186, j=53:0.043, j=54:0.051
      i=55 -> j=0:0.011, j=1:0.012, j=2:0.018, j=3:0.024, j=4:0.017, j=5:0.012, j=6:0.009, j=7:0.014, j=8:0.017, j=9:0.013, j=10:0.014, j=11:0.013, j=12:0.010, j=13:0.010, j=14:0.009, j=15:0.011, j=16:0.019, j=17:0.018, j=18:0.014, j=19:0.011, j=20:0.010, j=21:0.021, j=22:0.018, j=23:0.014, j=24:0.012, j=25:0.007, j=26:0.007, j=27:0.013, j=28:0.014, j=29:0.014, j=30:0.008, j=31:0.008, j=32:0.013, j=33:0.015, j=34:0.010, j=35:0.011, j=36:0.009, j=37:0.006, j=38:0.005, j=39:0.008, j=40:0.014, j=41:0.018, j=42:0.013, j=43:0.007, j=44:0.009, j=45:0.019, j=46:0.035, j=47:0.024, j=48:0.020, j=49:0.015, j=50:0.013, j=51:0.085, j=52:0.090, j=53:0.042, j=54:0.063, j=55:0.038
      i=56 -> j=0:0.009, j=1:0.010, j=2:0.016, j=3:0.024, j=4:0.016, j=5:0.011, j=6:0.008, j=7:0.012, j=8:0.015, j=9:0.011, j=10:0.012, j=11:0.012, j=12:0.008, j=13:0.009, j=14:0.007, j=15:0.009, j=16:0.019, j=17:0.018, j=18:0.013, j=19:0.009, j=20:0.008, j=21:0.021, j=22:0.017, j=23:0.013, j=24:0.012, j=25:0.006, j=26:0.006, j=27:0.011, j=28:0.013, j=29:0.014, j=30:0.007, j=31:0.007, j=32:0.013, j=33:0.015, j=34:0.010, j=35:0.010, j=36:0.009, j=37:0.005, j=38:0.004, j=39:0.007, j=40:0.014, j=41:0.019, j=42:0.013, j=43:0.006, j=44:0.007, j=45:0.016, j=46:0.031, j=47:0.022, j=48:0.020, j=49:0.014, j=50:0.009, j=51:0.055, j=52:0.047, j=53:0.026, j=54:0.049, j=55:0.039, j=56:0.158
      i=57 -> j=0:0.004, j=1:0.004, j=2:0.008, j=3:0.013, j=4:0.008, j=5:0.005, j=6:0.004, j=7:0.006, j=8:0.007, j=9:0.005, j=10:0.006, j=11:0.006, j=12:0.004, j=13:0.004, j=14:0.003, j=15:0.004, j=16:0.010, j=17:0.010, j=18:0.007, j=19:0.005, j=20:0.004, j=21:0.011, j=22:0.009, j=23:0.007, j=24:0.006, j=25:0.003, j=26:0.003, j=27:0.006, j=28:0.007, j=29:0.008, j=30:0.003, j=31:0.003, j=32:0.007, j=33:0.008, j=34:0.005, j=35:0.005, j=36:0.005, j=37:0.002, j=38:0.002, j=39:0.003, j=40:0.007, j=41:0.010, j=42:0.007, j=43:0.003, j=44:0.003, j=45:0.008, j=46:0.015, j=47:0.010, j=48:0.009, j=49:0.007, j=50:0.004, j=51:0.027, j=52:0.017, j=53:0.008, j=54:0.017, j=55:0.018, j=56:0.107, j=57:0.494
      i=58 -> j=0:0.003, j=1:0.003, j=2:0.005, j=3:0.008, j=4:0.005, j=5:0.003, j=6:0.002, j=7:0.004, j=8:0.005, j=9:0.003, j=10:0.004, j=11:0.003, j=12:0.002, j=13:0.002, j=14:0.002, j=15:0.002, j=16:0.006, j=17:0.006, j=18:0.004, j=19:0.003, j=20:0.002, j=21:0.007, j=22:0.005, j=23:0.004, j=24:0.004, j=25:0.002, j=26:0.001, j=27:0.003, j=28:0.004, j=29:0.004, j=30:0.002, j=31:0.002, j=32:0.004, j=33:0.005, j=34:0.002, j=35:0.003, j=36:0.002, j=37:0.001, j=38:0.001, j=39:0.002, j=40:0.004, j=41:0.005, j=42:0.004, j=43:0.001, j=44:0.002, j=45:0.004, j=46:0.007, j=47:0.005, j=48:0.004, j=49:0.004, j=50:0.002, j=51:0.016, j=52:0.008, j=53:0.003, j=54:0.007, j=55:0.009, j=56:0.070, j=57:0.525, j=58:0.184
      i=59 -> j=0:0.005, j=1:0.006, j=2:0.009, j=3:0.013, j=4:0.009, j=5:0.006, j=6:0.005, j=7:0.007, j=8:0.008, j=9:0.006, j=10:0.007, j=11:0.007, j=12:0.005, j=13:0.005, j=14:0.004, j=15:0.005, j=16:0.010, j=17:0.010, j=18:0.008, j=19:0.006, j=20:0.005, j=21:0.012, j=22:0.009, j=23:0.007, j=24:0.007, j=25:0.003, j=26:0.003, j=27:0.006, j=28:0.007, j=29:0.007, j=30:0.004, j=31:0.004, j=32:0.007, j=33:0.008, j=34:0.005, j=35:0.005, j=36:0.005, j=37:0.003, j=38:0.002, j=39:0.003, j=40:0.006, j=41:0.007, j=42:0.006, j=43:0.003, j=44:0.003, j=45:0.007, j=46:0.010, j=47:0.007, j=48:0.006, j=49:0.005, j=50:0.005, j=51:0.021, j=52:0.012, j=53:0.005, j=54:0.008, j=55:0.010, j=56:0.053, j=57:0.324, j=58:0.216, j=59:0.032
      i=60 -> j=0:0.006, j=1:0.007, j=2:0.011, j=3:0.016, j=4:0.011, j=5:0.007, j=6:0.005, j=7:0.009, j=8:0.010, j=9:0.008, j=10:0.008, j=11:0.008, j=12:0.006, j=13:0.006, j=14:0.005, j=15:0.006, j=16:0.013, j=17:0.012, j=18:0.009, j=19:0.007, j=20:0.006, j=21:0.015, j=22:0.012, j=23:0.009, j=24:0.008, j=25:0.004, j=26:0.004, j=27:0.008, j=28:0.009, j=29:0.009, j=30:0.004, j=31:0.005, j=32:0.009, j=33:0.010, j=34:0.006, j=35:0.006, j=36:0.005, j=37:0.003, j=38:0.003, j=39:0.004, j=40:0.008, j=41:0.009, j=42:0.006, j=43:0.003, j=44:0.004, j=45:0.008, j=46:0.013, j=47:0.008, j=48:0.006, j=49:0.005, j=50:0.005, j=51:0.023, j=52:0.015, j=53:0.006, j=54:0.008, j=55:0.008, j=56:0.036, j=57:0.208, j=58:0.206, j=59:0.048, j=60:0.057
      i=61 -> j=0:0.008, j=1:0.009, j=2:0.015, j=3:0.021, j=4:0.014, j=5:0.009, j=6:0.007, j=7:0.011, j=8:0.013, j=9:0.010, j=10:0.011, j=11:0.010, j=12:0.008, j=13:0.008, j=14:0.007, j=15:0.009, j=16:0.017, j=17:0.015, j=18:0.012, j=19:0.009, j=20:0.008, j=21:0.019, j=22:0.015, j=23:0.012, j=24:0.010, j=25:0.005, j=26:0.005, j=27:0.011, j=28:0.012, j=29:0.012, j=30:0.006, j=31:0.006, j=32:0.012, j=33:0.013, j=34:0.008, j=35:0.009, j=36:0.007, j=37:0.004, j=38:0.004, j=39:0.006, j=40:0.010, j=41:0.013, j=42:0.008, j=43:0.004, j=44:0.005, j=45:0.010, j=46:0.016, j=47:0.010, j=48:0.008, j=49:0.006, j=50:0.005, j=51:0.022, j=52:0.016, j=53:0.008, j=54:0.009, j=55:0.009, j=56:0.028, j=57:0.106, j=58:0.114, j=59:0.047, j=60:0.075, j=61:0.063
      i=62 -> j=0:0.008, j=1:0.008, j=2:0.014, j=3:0.021, j=4:0.013, j=5:0.009, j=6:0.006, j=7:0.010, j=8:0.013, j=9:0.010, j=10:0.010, j=11:0.010, j=12:0.007, j=13:0.007, j=14:0.006, j=15:0.008, j=16:0.017, j=17:0.016, j=18:0.012, j=19:0.008, j=20:0.007, j=21:0.019, j=22:0.016, j=23:0.012, j=24:0.010, j=25:0.005, j=26:0.005, j=27:0.010, j=28:0.012, j=29:0.013, j=30:0.006, j=31:0.006, j=32:0.012, j=33:0.013, j=34:0.008, j=35:0.009, j=36:0.007, j=37:0.004, j=38:0.003, j=39:0.005, j=40:0.010, j=41:0.014, j=42:0.009, j=43:0.004, j=44:0.004, j=45:0.010, j=46:0.016, j=47:0.011, j=48:0.009, j=49:0.006, j=50:0.004, j=51:0.019, j=52:0.013, j=53:0.007, j=54:0.009, j=55:0.008, j=56:0.023, j=57:0.068, j=58:0.055, j=59:0.028, j=60:0.056, j=61:0.066, j=62:0.156
      i=63 -> j=0:0.005, j=1:0.005, j=2:0.010, j=3:0.017, j=4:0.010, j=5:0.006, j=6:0.004, j=7:0.007, j=8:0.009, j=9:0.007, j=10:0.007, j=11:0.007, j=12:0.005, j=13:0.005, j=14:0.004, j=15:0.005, j=16:0.013, j=17:0.012, j=18:0.009, j=19:0.005, j=20:0.005, j=21:0.015, j=22:0.012, j=23:0.009, j=24:0.007, j=25:0.003, j=26:0.003, j=27:0.007, j=28:0.009, j=29:0.009, j=30:0.004, j=31:0.004, j=32:0.008, j=33:0.010, j=34:0.005, j=35:0.006, j=36:0.005, j=37:0.002, j=38:0.002, j=39:0.003, j=40:0.007, j=41:0.010, j=42:0.006, j=43:0.002, j=44:0.003, j=45:0.006, j=46:0.010, j=47:0.007, j=48:0.006, j=49:0.004, j=50:0.002, j=51:0.012, j=52:0.007, j=53:0.004, j=54:0.006, j=55:0.006, j=56:0.018, j=57:0.052, j=58:0.030, j=59:0.014, j=60:0.033, j=61:0.055, j=62:0.212, j=63:0.210
    Average attention per distance:
      d=0:0.228, d=1:0.210, d=2:0.153, d=3:0.090, d=4:0.047, d=5:0.028, d=6:0.021, d=7:0.019
      d=8:0.019, d=9:0.017, d=10:0.014, d=11:0.011, d=53:0.010, d=59:0.011, d=60:0.011

--- Layer 3 ---
  Head 0: Entropy=2.983
    Attention coefficients from each query position to previous positions:
      i= 0 -> j=0:1.000
      i= 1 -> j=0:0.524, j=1:0.476
      i= 2 -> j=0:0.327, j=1:0.360, j=2:0.313
      i= 3 -> j=0:0.218, j=1:0.270, j=2:0.280, j=3:0.232
      i= 4 -> j=0:0.150, j=1:0.195, j=2:0.226, j=3:0.224, j=4:0.204
      i= 5 -> j=0:0.106, j=1:0.129, j=2:0.147, j=3:0.170, j=4:0.183, j=5:0.265
      i= 6 -> j=0:0.085, j=1:0.090, j=2:0.088, j=3:0.106, j=4:0.125, j=5:0.206, j=6:0.300
      i= 7 -> j=0:0.063, j=1:0.062, j=2:0.054, j=3:0.062, j=4:0.075, j=5:0.142, j=6:0.256, j=7:0.286
      i= 8 -> j=0:0.059, j=1:0.059, j=2:0.048, j=3:0.050, j=4:0.055, j=5:0.097, j=6:0.189, j=7:0.256, j=8:0.188
      i= 9 -> j=0:0.053, j=1:0.058, j=2:0.047, j=3:0.046, j=4:0.045, j=5:0.072, j=6:0.142, j=7:0.222, j=8:0.202, j=9:0.112
      i=10 -> j=0:0.045, j=1:0.053, j=2:0.047, j=3:0.046, j=4:0.041, j=5:0.056, j=6:0.104, j=7:0.163, j=8:0.182, j=9:0.123, j=10:0.141
      i=11 -> j=0:0.043, j=1:0.052, j=2:0.050, j=3:0.053, j=4:0.048, j=5:0.058, j=6:0.087, j=7:0.112, j=8:0.129, j=9:0.110, j=10:0.151, j=11:0.108
      i=12 -> j=0:0.035, j=1:0.041, j=2:0.038, j=3:0.045, j=4:0.044, j=5:0.054, j=6:0.076, j=7:0.082, j=8:0.085, j=9:0.073, j=10:0.118, j=11:0.104, j=12:0.205
      i=13 -> j=0:0.034, j=1:0.037, j=2:0.033, j=3:0.040, j=4:0.042, j=5:0.055, j=6:0.075, j=7:0.073, j=8:0.066, j=9:0.054, j=10:0.084, j=11:0.091, j=12:0.208, j=13:0.112
      i=14 -> j=0:0.029, j=1:0.030, j=2:0.025, j=3:0.029, j=4:0.032, j=5:0.046, j=6:0.071, j=7:0.070, j=8:0.056, j=9:0.038, j=10:0.053, j=11:0.062, j=12:0.170, j=13:0.112, j=14:0.179
      i=15 -> j=0:0.028, j=1:0.030, j=2:0.024, j=3:0.026, j=4:0.027, j=5:0.038, j=6:0.062, j=7:0.068, j=8:0.056, j=9:0.035, j=10:0.040, j=11:0.043, j=12:0.107, j=13:0.090, j=14:0.172, j=15:0.154
      i=16 -> j=0:0.028, j=1:0.030, j=2:0.025, j=3:0.027, j=4:0.026, j=5:0.033, j=6:0.052, j=7:0.061, j=8:0.056, j=9:0.037, j=10:0.038, j=11:0.037, j=12:0.072, j=13:0.066, j=14:0.134, j=15:0.151, j=16:0.128
      i=17 -> j=0:0.029, j=1:0.032, j=2:0.027, j=3:0.030, j=4:0.028, j=5:0.032, j=6:0.047, j=7:0.054, j=8:0.055, j=9:0.042, j=10:0.043, j=11:0.038, j=12:0.058, j=13:0.053, j=14:0.097, j=15:0.129, j=16:0.136, j=17:0.069
      i=18 -> j=0:0.029, j=1:0.032, j=2:0.027, j=3:0.031, j=4:0.029, j=5:0.032, j=6:0.044, j=7:0.047, j=8:0.050, j=9:0.042, j=10:0.047, j=11:0.041, j=12:0.057, j=13:0.046, j=14:0.073, j=15:0.104, j=16:0.133, j=17:0.083, j=18:0.051
      i=19 -> j=0:0.031, j=1:0.033, j=2:0.027, j=3:0.031, j=4:0.030, j=5:0.034, j=6:0.046, j=7:0.045, j=8:0.045, j=9:0.038, j=10:0.046, j=11:0.044, j=12:0.061, j=13:0.045, j=14:0.058, j=15:0.073, j=16:0.095, j=17:0.075, j=18:0.055, j=19:0.085
      i=20 -> j=0:0.024, j=1:0.025, j=2:0.020, j=3:0.022, j=4:0.022, j=5:0.027, j=6:0.037, j=7:0.036, j=8:0.033, j=9:0.025, j=10:0.031, j=11:0.032, j=12:0.051, j=13:0.036, j=14:0.043, j=15:0.045, j=16:0.052, j=17:0.044, j=18:0.037, j=19:0.069, j=20:0.289
      i=21 -> j=0:0.025, j=1:0.026, j=2:0.020, j=3:0.022, j=4:0.021, j=5:0.025, j=6:0.035, j=7:0.034, j=8:0.030, j=9:0.023, j=10:0.026, j=11:0.029, j=12:0.045, j=13:0.036, j=14:0.042, j=15:0.041, j=16:0.042, j=17:0.036, j=18:0.033, j=19:0.065, j=20:0.274, j=21:0.069
      i=22 -> j=0:0.026, j=1:0.027, j=2:0.021, j=3:0.022, j=4:0.021, j=5:0.024, j=6:0.034, j=7:0.034, j=8:0.031, j=9:0.022, j=10:0.024, j=11:0.026, j=12:0.040, j=13:0.036, j=14:0.045, j=15:0.043, j=16:0.041, j=17:0.032, j=18:0.028, j=19:0.055, j=20:0.244, j=21:0.080, j=22:0.045
      i=23 -> j=0:0.028, j=1:0.030, j=2:0.024, j=3:0.026, j=4:0.023, j=5:0.026, j=6:0.035, j=7:0.035, j=8:0.034, j=9:0.025, j=10:0.025, j=11:0.026, j=12:0.037, j=13:0.034, j=14:0.046, j=15:0.048, j=16:0.046, j=17:0.033, j=18:0.026, j=19:0.045, j=20:0.163, j=21:0.073, j=22:0.051, j=23:0.061
      i=24 -> j=0:0.028, j=1:0.030, j=2:0.025, j=3:0.027, j=4:0.024, j=5:0.026, j=6:0.035, j=7:0.034, j=8:0.033, j=9:0.026, j=10:0.026, j=11:0.025, j=12:0.034, j=13:0.030, j=14:0.040, j=15:0.047, j=16:0.049, j=17:0.035, j=18:0.025, j=19:0.037, j=20:0.110, j=21:0.058, j=22:0.048, j=23:0.068, j=24:0.080
      i=25 -> j=0:0.026, j=1:0.027, j=2:0.022, j=3:0.024, j=4:0.022, j=5:0.025, j=6:0.032, j=7:0.030, j=8:0.029, j=9:0.022, j=10:0.024, j=11:0.023, j=12:0.030, j=13:0.025, j=14:0.030, j=15:0.035, j=16:0.038, j=17:0.030, j=18:0.023, j=19:0.030, j=20:0.067, j=21:0.035, j=22:0.030, j=23:0.045, j=24:0.059, j=25:0.217
      i=26 -> j=0:0.020, j=1:0.020, j=2:0.016, j=3:0.017, j=4:0.016, j=5:0.019, j=6:0.025, j=7:0.023, j=8:0.020, j=9:0.015, j=10:0.016, j=11:0.017, j=12:0.022, j=13:0.017, j=14:0.020, j=15:0.023, j=16:0.027, j=17:0.023, j=18:0.017, j=19:0.024, j=20:0.056, j=21:0.024, j=22:0.020, j=23:0.032, j=24:0.049, j=25:0.264, j=26:0.158
      i=27 -> j=0:0.018, j=1:0.018, j=2:0.013, j=3:0.014, j=4:0.013, j=5:0.016, j=6:0.022, j=7:0.020, j=8:0.017, j=9:0.012, j=10:0.013, j=11:0.013, j=12:0.019, j=13:0.015, j=14:0.016, j=15:0.017, j=16:0.020, j=17:0.018, j=18:0.014, j=19:0.022, j=20:0.053, j=21:0.020, j=22:0.015, j=23:0.023, j=24:0.036, j=25:0.237, j=26:0.180, j=27:0.106
      i=28 -> j=0:0.022, j=1:0.022, j=2:0.017, j=3:0.017, j=4:0.016, j=5:0.018, j=6:0.024, j=7:0.023, j=8:0.020, j=9:0.014, j=10:0.014, j=11:0.015, j=12:0.020, j=13:0.017, j=14:0.018, j=15:0.019, j=16:0.020, j=17:0.018, j=18:0.016, j=19:0.024, j=20:0.056, j=21:0.024, j=22:0.017, j=23:0.022, j=24:0.032, j=25:0.160, j=26:0.155, j=27:0.122, j=28:0.036
      i=29 -> j=0:0.026, j=1:0.027, j=2:0.022, j=3:0.022, j=4:0.020, j=5:0.022, j=6:0.028, j=7:0.027, j=8:0.025, j=9:0.019, j=10:0.018, j=11:0.018, j=12:0.023, j=13:0.021, j=14:0.023, j=15:0.023, j=16:0.023, j=17:0.020, j=18:0.018, j=19:0.026, j=20:0.054, j=21:0.029, j=22:0.022, j=23:0.025, j=24:0.029, j=25:0.095, j=26:0.093, j=27:0.091, j=28:0.042, j=29:0.065
      i=30 -> j=0:0.027, j=1:0.028, j=2:0.023, j=3:0.024, j=4:0.021, j=5:0.023, j=6:0.028, j=7:0.027, j=8:0.026, j=9:0.019, j=10:0.019, j=11:0.018, j=12:0.022, j=13:0.020, j=14:0.022, j=15:0.023, j=16:0.024, j=17:0.020, j=18:0.016, j=19:0.023, j=20:0.047, j=21:0.029, j=22:0.023, j=23:0.026, j=24:0.028, j=25:0.078, j=26:0.069, j=27:0.069, j=28:0.040, j=29:0.071, j=30:0.068
      i=31 -> j=0:0.022, j=1:0.022, j=2:0.018, j=3:0.019, j=4:0.017, j=5:0.019, j=6:0.024, j=7:0.022, j=8:0.020, j=9:0.015, j=10:0.015, j=11:0.014, j=12:0.018, j=13:0.014, j=14:0.016, j=15:0.018, j=16:0.019, j=17:0.015, j=18:0.012, j=19:0.016, j=20:0.036, j=21:0.020, j=22:0.017, j=23:0.021, j=24:0.024, j=25:0.072, j=26:0.050, j=27:0.042, j=28:0.025, j=29:0.056, j=30:0.065, j=31:0.215
      i=32 -> j=0:0.023, j=1:0.023, j=2:0.019, j=3:0.020, j=4:0.018, j=5:0.020, j=6:0.024, j=7:0.022, j=8:0.020, j=9:0.015, j=10:0.015, j=11:0.015, j=12:0.018, j=13:0.014, j=14:0.015, j=15:0.016, j=16:0.018, j=17:0.016, j=18:0.012, j=19:0.016, j=20:0.029, j=21:0.018, j=22:0.016, j=23:0.021, j=24:0.025, j=25:0.065, j=26:0.043, j=27:0.034, j=28:0.022, j=29:0.047, j=30:0.062, j=31:0.218, j=32:0.040
      i=33 -> j=0:0.024, j=1:0.024, j=2:0.019, j=3:0.020, j=4:0.018, j=5:0.021, j=6:0.026, j=7:0.024, j=8:0.021, j=9:0.015, j=10:0.015, j=11:0.015, j=12:0.019, j=13:0.015, j=14:0.016, j=15:0.016, j=16:0.017, j=17:0.015, j=18:0.012, j=19:0.016, j=20:0.029, j=21:0.016, j=22:0.014, j=23:0.019, j=24:0.023, j=25:0.065, j=26:0.044, j=27:0.031, j=28:0.018, j=29:0.034, j=30:0.044, j=31:0.154, j=32:0.040, j=33:0.100
      i=34 -> j=0:0.026, j=1:0.026, j=2:0.021, j=3:0.022, j=4:0.020, j=5:0.022, j=6:0.027, j=7:0.026, j=8:0.023, j=9:0.017, j=10:0.017, j=11:0.017, j=12:0.021, j=13:0.018, j=14:0.018, j=15:0.018, j=16:0.018, j=17:0.017, j=18:0.014, j=19:0.018, j=20:0.029, j=21:0.018, j=22:0.015, j=23:0.019, j=24:0.022, j=25:0.053, j=26:0.042, j=27:0.032, j=28:0.019, j=29:0.029, j=30:0.033, j=31:0.082, j=32:0.035, j=33:0.080, j=34:0.086
      i=35 -> j=0:0.024, j=1:0.024, j=2:0.020, j=3:0.020, j=4:0.018, j=5:0.020, j=6:0.025, j=7:0.024, j=8:0.021, j=9:0.016, j=10:0.015, j=11:0.015, j=12:0.018, j=13:0.015, j=14:0.016, j=15:0.016, j=16:0.016, j=17:0.014, j=18:0.012, j=19:0.015, j=20:0.027, j=21:0.016, j=22:0.013, j=23:0.015, j=24:0.018, j=25:0.045, j=26:0.037, j=27:0.030, j=28:0.017, j=29:0.025, j=30:0.027, j=31:0.060, j=32:0.027, j=33:0.069, j=34:0.088, j=35:0.124
      i=36 -> j=0:0.024, j=1:0.024, j=2:0.020, j=3:0.021, j=4:0.019, j=5:0.020, j=6:0.025, j=7:0.024, j=8:0.022, j=9:0.016, j=10:0.016, j=11:0.015, j=12:0.018, j=13:0.015, j=14:0.016, j=15:0.016, j=16:0.016, j=17:0.014, j=18:0.011, j=19:0.014, j=20:0.024, j=21:0.015, j=22:0.013, j=23:0.015, j=24:0.016, j=25:0.037, j=26:0.031, j=27:0.027, j=28:0.018, j=29:0.026, j=30:0.025, j=31:0.046, j=32:0.023, j=33:0.053, j=34:0.079, j=35:0.123, j=36:0.063
      i=37 -> j=0:0.023, j=1:0.023, j=2:0.019, j=3:0.020, j=4:0.018, j=5:0.019, j=6:0.024, j=7:0.022, j=8:0.020, j=9:0.015, j=10:0.015, j=11:0.014, j=12:0.016, j=13:0.013, j=14:0.014, j=15:0.015, j=16:0.015, j=17:0.012, j=18:0.009, j=19:0.012, j=20:0.021, j=21:0.013, j=22:0.011, j=23:0.013, j=24:0.014, j=25:0.033, j=26:0.026, j=27:0.023, j=28:0.015, j=29:0.025, j=30:0.024, j=31:0.044, j=32:0.018, j=33:0.041, j=34:0.069, j=35:0.128, j=36:0.074, j=37:0.072
      i=38 -> j=0:0.023, j=1:0.023, j=2:0.020, j=3:0.020, j=4:0.019, j=5:0.020, j=6:0.025, j=7:0.023, j=8:0.021, j=9:0.016, j=10:0.016, j=11:0.015, j=12:0.018, j=13:0.015, j=14:0.015, j=15:0.016, j=16:0.016, j=17:0.014, j=18:0.011, j=19:0.013, j=20:0.022, j=21:0.014, j=22:0.012, j=23:0.014, j=24:0.015, j=25:0.032, j=26:0.024, j=27:0.020, j=28:0.015, j=29:0.024, j=30:0.024, j=31:0.042, j=32:0.017, j=33:0.032, j=34:0.045, j=35:0.073, j=36:0.053, j=37:0.060, j=38:0.105
      i=39 -> j=0:0.021, j=1:0.021, j=2:0.017, j=3:0.017, j=4:0.016, j=5:0.018, j=6:0.023, j=7:0.021, j=8:0.018, j=9:0.013, j=10:0.013, j=11:0.013, j=12:0.015, j=13:0.012, j=14:0.012, j=15:0.012, j=16:0.012, j=17:0.011, j=18:0.008, j=19:0.010, j=20:0.018, j=21:0.010, j=22:0.008, j=23:0.010, j=24:0.012, j=25:0.029, j=26:0.019, j=27:0.014, j=28:0.010, j=29:0.018, j=30:0.021, j=31:0.041, j=32:0.015, j=33:0.028, j=34:0.038, j=35:0.060, j=36:0.044, j=37:0.059, j=38:0.140, j=39:0.103
      i=40 -> j=0:0.022, j=1:0.022, j=2:0.018, j=3:0.018, j=4:0.016, j=5:0.019, j=6:0.024, j=7:0.022, j=8:0.019, j=9:0.013, j=10:0.013, j=11:0.013, j=12:0.016, j=13:0.012, j=14:0.012, j=15:0.012, j=16:0.012, j=17:0.010, j=18:0.008, j=19:0.010, j=20:0.017, j=21:0.010, j=22:0.008, j=23:0.010, j=24:0.011, j=25:0.027, j=26:0.018, j=27:0.013, j=28:0.009, j=29:0.016, j=30:0.018, j=31:0.038, j=32:0.015, j=33:0.029, j=34:0.035, j=35:0.049, j=36:0.035, j=37:0.047, j=38:0.130, j=39:0.120, j=40:0.036
      i=41 -> j=0:0.024, j=1:0.024, j=2:0.020, j=3:0.020, j=4:0.019, j=5:0.021, j=6:0.025, j=7:0.024, j=8:0.021, j=9:0.016, j=10:0.015, j=11:0.015, j=12:0.018, j=13:0.015, j=14:0.015, j=15:0.015, j=16:0.014, j=17:0.012, j=18:0.010, j=19:0.012, j=20:0.020, j=21:0.012, j=22:0.010, j=23:0.011, j=24:0.012, j=25:0.027, j=26:0.020, j=27:0.015, j=28:0.010, j=29:0.016, j=30:0.018, j=31:0.032, j=32:0.017, j=33:0.031, j=34:0.035, j=35:0.043, j=36:0.029, j=37:0.033, j=38:0.079, j=39:0.085, j=40:0.039, j=41:0.051
      i=42 -> j=0:0.025, j=1:0.025, j=2:0.022, j=3:0.022, j=4:0.020, j=5:0.022, j=6:0.026, j=7:0.026, j=8:0.023, j=9:0.017, j=10:0.017, j=11:0.016, j=12:0.019, j=13:0.016, j=14:0.016, j=15:0.016, j=16:0.015, j=17:0.013, j=18:0.010, j=19:0.013, j=20:0.020, j=21:0.013, j=22:0.010, j=23:0.011, j=24:0.012, j=25:0.025, j=26:0.020, j=27:0.016, j=28:0.011, j=29:0.016, j=30:0.017, j=31:0.027, j=32:0.016, j=33:0.029, j=34:0.036, j=35:0.043, j=36:0.028, j=37:0.028, j=38:0.059, j=39:0.065, j=40:0.038, j=41:0.056, j=42:0.027
      i=43 -> j=0:0.023, j=1:0.023, j=2:0.020, j=3:0.020, j=4:0.019, j=5:0.021, j=6:0.025, j=7:0.024, j=8:0.022, j=9:0.017, j=10:0.016, j=11:0.015, j=12:0.018, j=13:0.015, j=14:0.016, j=15:0.016, j=16:0.016, j=17:0.013, j=18:0.010, j=19:0.012, j=20:0.020, j=21:0.013, j=22:0.010, j=23:0.012, j=24:0.012, j=25:0.025, j=26:0.019, j=27:0.015, j=28:0.011, j=29:0.016, j=30:0.016, j=31:0.024, j=32:0.013, j=33:0.025, j=34:0.032, j=35:0.041, j=36:0.027, j=37:0.024, j=38:0.043, j=39:0.039, j=40:0.025, j=41:0.039, j=42:0.024, j=43:0.115
      i=44 -> j=0:0.021, j=1:0.021, j=2:0.017, j=3:0.018, j=4:0.017, j=5:0.019, j=6:0.023, j=7:0.022, j=8:0.019, j=9:0.014, j=10:0.014, j=11:0.013, j=12:0.016, j=13:0.013, j=14:0.013, j=15:0.013, j=16:0.013, j=17:0.011, j=18:0.008, j=19:0.010, j=20:0.016, j=21:0.010, j=22:0.008, j=23:0.009, j=24:0.010, j=25:0.022, j=26:0.015, j=27:0.011, j=28:0.008, j=29:0.013, j=30:0.013, j=31:0.020, j=32:0.010, j=33:0.019, j=34:0.027, j=35:0.038, j=36:0.025, j=37:0.022, j=38:0.041, j=39:0.031, j=40:0.018, j=41:0.033, j=42:0.022, j=43:0.159, j=44:0.088
      i=45 -> j=0:0.021, j=1:0.021, j=2:0.017, j=3:0.018, j=4:0.016, j=5:0.018, j=6:0.023, j=7:0.022, j=8:0.019, j=9:0.014, j=10:0.014, j=11:0.013, j=12:0.016, j=13:0.013, j=14:0.013, j=15:0.013, j=16:0.013, j=17:0.011, j=18:0.008, j=19:0.010, j=20:0.016, j=21:0.009, j=22:0.007, j=23:0.009, j=24:0.009, j=25:0.021, j=26:0.014, j=27:0.010, j=28:0.007, j=29:0.012, j=30:0.012, j=31:0.019, j=32:0.009, j=33:0.016, j=34:0.022, j=35:0.032, j=36:0.023, j=37:0.022, j=38:0.040, j=39:0.028, j=40:0.014, j=41:0.025, j=42:0.018, j=43:0.136, j=44:0.096, j=45:0.061
      i=46 -> j=0:0.022, j=1:0.022, j=2:0.018, j=3:0.018, j=4:0.017, j=5:0.019, j=6:0.024, j=7:0.023, j=8:0.020, j=9:0.015, j=10:0.015, j=11:0.014, j=12:0.018, j=13:0.014, j=14:0.014, j=15:0.014, j=16:0.014, j=17:0.012, j=18:0.009, j=19:0.011, j=20:0.017, j=21:0.010, j=22:0.008, j=23:0.009, j=24:0.010, j=25:0.022, j=26:0.015, j=27:0.011, j=28:0.007, j=29:0.012, j=30:0.012, j=31:0.019, j=32:0.009, j=33:0.016, j=34:0.020, j=35:0.027, j=36:0.021, j=37:0.021, j=38:0.040, j=39:0.028, j=40:0.014, j=41:0.021, j=42:0.016, j=43:0.088, j=44:0.077, j=45:0.062, j=46:0.052
      i=47 -> j=0:0.022, j=1:0.022, j=2:0.019, j=3:0.019, j=4:0.018, j=5:0.020, j=6:0.024, j=7:0.023, j=8:0.021, j=9:0.016, j=10:0.016, j=11:0.015, j=12:0.018, j=13:0.015, j=14:0.016, j=15:0.015, j=16:0.015, j=17:0.013, j=18:0.010, j=19:0.012, j=20:0.019, j=21:0.011, j=22:0.009, j=23:0.010, j=24:0.011, j=25:0.023, j=26:0.016, j=27:0.012, j=28:0.008, j=29:0.013, j=30:0.013, j=31:0.019, j=32:0.010, j=33:0.017, j=34:0.020, j=35:0.024, j=36:0.018, j=37:0.019, j=38:0.035, j=39:0.028, j=40:0.015, j=41:0.020, j=42:0.014, j=43:0.054, j=44:0.048, j=45:0.047, j=46:0.047, j=47:0.068
      i=48 -> j=0:0.023, j=1:0.023, j=2:0.020, j=3:0.020, j=4:0.019, j=5:0.020, j=6:0.024, j=7:0.024, j=8:0.022, j=9:0.017, j=10:0.017, j=11:0.016, j=12:0.019, j=13:0.016, j=14:0.017, j=15:0.016, j=16:0.015, j=17:0.013, j=18:0.011, j=19:0.013, j=20:0.019, j=21:0.012, j=22:0.010, j=23:0.011, j=24:0.011, j=25:0.021, j=26:0.016, j=27:0.012, j=28:0.009, j=29:0.012, j=30:0.012, j=31:0.017, j=32:0.010, j=33:0.016, j=34:0.019, j=35:0.022, j=36:0.017, j=37:0.016, j=38:0.030, j=39:0.026, j=40:0.016, j=41:0.021, j=42:0.014, j=43:0.044, j=44:0.037, j=45:0.039, j=46:0.045, j=47:0.074, j=48:0.025
      i=49 -> j=0:0.023, j=1:0.023, j=2:0.020, j=3:0.020, j=4:0.019, j=5:0.021, j=6:0.025, j=7:0.024, j=8:0.022, j=9:0.017, j=10:0.017, j=11:0.016, j=12:0.019, j=13:0.015, j=14:0.016, j=15:0.016, j=16:0.016, j=17:0.013, j=18:0.010, j=19:0.012, j=20:0.019, j=21:0.012, j=22:0.009, j=23:0.010, j=24:0.010, j=25:0.021, j=26:0.015, j=27:0.012, j=28:0.008, j=29:0.012, j=30:0.012, j=31:0.016, j=32:0.009, j=33:0.016, j=34:0.019, j=35:0.023, j=36:0.016, j=37:0.015, j=38:0.027, j=39:0.023, j=40:0.015, j=41:0.021, j=42:0.014, j=43:0.044, j=44:0.031, j=45:0.029, j=46:0.035, j=47:0.069, j=48:0.026, j=49:0.048
      i=50 -> j=0:0.021, j=1:0.021, j=2:0.017, j=3:0.018, j=4:0.017, j=5:0.019, j=6:0.023, j=7:0.022, j=8:0.020, j=9:0.014, j=10:0.015, j=11:0.014, j=12:0.017, j=13:0.013, j=14:0.014, j=15:0.014, j=16:0.014, j=17:0.011, j=18:0.008, j=19:0.010, j=20:0.017, j=21:0.010, j=22:0.008, j=23:0.009, j=24:0.009, j=25:0.020, j=26:0.013, j=27:0.010, j=28:0.007, j=29:0.011, j=30:0.010, j=31:0.015, j=32:0.007, j=33:0.013, j=34:0.017, j=35:0.021, j=36:0.014, j=37:0.012, j=38:0.023, j=39:0.018, j=40:0.011, j=41:0.018, j=42:0.012, j=43:0.045, j=44:0.027, j=45:0.022, j=46:0.024, j=47:0.050, j=48:0.022, j=49:0.047, j=50:0.136
      i=51 -> j=0:0.021, j=1:0.021, j=2:0.018, j=3:0.018, j=4:0.017, j=5:0.019, j=6:0.024, j=7:0.022, j=8:0.020, j=9:0.015, j=10:0.015, j=11:0.014, j=12:0.018, j=13:0.014, j=14:0.015, j=15:0.015, j=16:0.014, j=17:0.012, j=18:0.009, j=19:0.011, j=20:0.017, j=21:0.010, j=22:0.008, j=23:0.009, j=24:0.010, j=25:0.020, j=26:0.013, j=27:0.010, j=28:0.007, j=29:0.011, j=30:0.010, j=31:0.015, j=32:0.007, j=33:0.012, j=34:0.015, j=35:0.019, j=36:0.014, j=37:0.012, j=38:0.021, j=39:0.015, j=40:0.010, j=41:0.016, j=42:0.012, j=43:0.041, j=44:0.026, j=45:0.020, j=46:0.020, j=47:0.036, j=48:0.020, j=49:0.043, j=50:0.133, j=51:0.034
      i=52 -> j=0:0.022, j=1:0.022, j=2:0.018, j=3:0.018, j=4:0.017, j=5:0.020, j=6:0.024, j=7:0.023, j=8:0.021, j=9:0.016, j=10:0.016, j=11:0.015, j=12:0.018, j=13:0.015, j=14:0.016, j=15:0.015, j=16:0.015, j=17:0.013, j=18:0.010, j=19:0.012, j=20:0.018, j=21:0.011, j=22:0.009, j=23:0.010, j=24:0.011, j=25:0.021, j=26:0.014, j=27:0.010, j=28:0.007, j=29:0.011, j=30:0.011, j=31:0.015, j=32:0.008, j=33:0.012, j=34:0.015, j=35:0.018, j=36:0.014, j=37:0.012, j=38:0.021, j=39:0.015, j=40:0.010, j=41:0.014, j=42:0.011, j=43:0.037, j=44:0.026, j=45:0.021, j=46:0.019, j=47:0.029, j=48:0.017, j=49:0.032, j=50:0.099, j=51:0.035, j=52:0.040
      i=53 -> j=0:0.022, j=1:0.022, j=2:0.019, j=3:0.018, j=4:0.017, j=5:0.019, j=6:0.024, j=7:0.024, j=8:0.021, j=9:0.016, j=10:0.016, j=11:0.015, j=12:0.018, j=13:0.015, j=14:0.016, j=15:0.015, j=16:0.015, j=17:0.012, j=18:0.010, j=19:0.012, j=20:0.019, j=21:0.011, j=22:0.009, j=23:0.010, j=24:0.010, j=25:0.022, j=26:0.015, j=27:0.010, j=28:0.007, j=29:0.011, j=30:0.010, j=31:0.015, j=32:0.008, j=33:0.013, j=34:0.015, j=35:0.017, j=36:0.013, j=37:0.012, j=38:0.021, j=39:0.015, j=40:0.009, j=41:0.013, j=42:0.010, j=43:0.033, j=44:0.025, j=45:0.021, j=46:0.019, j=47:0.028, j=48:0.014, j=49:0.024, j=50:0.069, j=51:0.032, j=52:0.043, j=53:0.056
      i=54 -> j=0:0.017, j=1:0.017, j=2:0.014, j=3:0.014, j=4:0.013, j=5:0.015, j=6:0.019, j=7:0.019, j=8:0.017, j=9:0.012, j=10:0.012, j=11:0.011, j=12:0.014, j=13:0.011, j=14:0.012, j=15:0.012, j=16:0.012, j=17:0.009, j=18:0.007, j=19:0.009, j=20:0.016, j=21:0.009, j=22:0.007, j=23:0.008, j=24:0.008, j=25:0.018, j=26:0.012, j=27:0.009, j=28:0.006, j=29:0.009, j=30:0.008, j=31:0.013, j=32:0.006, j=33:0.011, j=34:0.013, j=35:0.015, j=36:0.010, j=37:0.009, j=38:0.017, j=39:0.013, j=40:0.007, j=41:0.010, j=42:0.007, j=43:0.025, j=44:0.018, j=45:0.016, j=46:0.016, j=47:0.023, j=48:0.011, j=49:0.016, j=50:0.036, j=51:0.018, j=52:0.027, j=53:0.040, j=54:0.247
      i=55 -> j=0:0.017, j=1:0.017, j=2:0.015, j=3:0.015, j=4:0.014, j=5:0.016, j=6:0.019, j=7:0.018, j=8:0.017, j=9:0.013, j=10:0.013, j=11:0.012, j=12:0.015, j=13:0.012, j=14:0.013, j=15:0.013, j=16:0.012, j=17:0.010, j=18:0.008, j=19:0.010, j=20:0.016, j=21:0.010, j=22:0.008, j=23:0.008, j=24:0.009, j=25:0.017, j=26:0.012, j=27:0.009, j=28:0.006, j=29:0.009, j=30:0.008, j=31:0.012, j=32:0.006, j=33:0.010, j=34:0.012, j=35:0.014, j=36:0.010, j=37:0.009, j=38:0.015, j=39:0.011, j=40:0.007, j=41:0.010, j=42:0.007, j=43:0.020, j=44:0.014, j=45:0.014, j=46:0.015, j=47:0.022, j=48:0.011, j=49:0.015, j=50:0.028, j=51:0.015, j=52:0.023, j=53:0.037, j=54:0.229, j=55:0.043
      i=56 -> j=0:0.015, j=1:0.015, j=2:0.013, j=3:0.013, j=4:0.012, j=5:0.014, j=6:0.017, j=7:0.017, j=8:0.015, j=9:0.011, j=10:0.011, j=11:0.010, j=12:0.013, j=13:0.010, j=14:0.011, j=15:0.011, j=16:0.010, j=17:0.008, j=18:0.006, j=19:0.008, j=20:0.014, j=21:0.007, j=22:0.006, j=23:0.007, j=24:0.007, j=25:0.016, j=26:0.010, j=27:0.007, j=28:0.005, j=29:0.007, j=30:0.007, j=31:0.010, j=32:0.004, j=33:0.008, j=34:0.010, j=35:0.013, j=36:0.008, j=37:0.007, j=38:0.012, j=39:0.009, j=40:0.005, j=41:0.008, j=42:0.005, j=43:0.018, j=44:0.011, j=45:0.010, j=46:0.011, j=47:0.019, j=48:0.009, j=49:0.013, j=50:0.025, j=51:0.011, j=52:0.016, j=53:0.027, j=54:0.241, j=55:0.046, j=56:0.111
      i=57 -> j=0:0.017, j=1:0.017, j=2:0.014, j=3:0.014, j=4:0.014, j=5:0.016, j=6:0.019, j=7:0.018, j=8:0.016, j=9:0.012, j=10:0.012, j=11:0.012, j=12:0.015, j=13:0.011, j=14:0.012, j=15:0.012, j=16:0.012, j=17:0.010, j=18:0.007, j=19:0.009, j=20:0.015, j=21:0.009, j=22:0.007, j=23:0.008, j=24:0.008, j=25:0.017, j=26:0.012, j=27:0.008, j=28:0.006, j=29:0.008, j=30:0.008, j=31:0.011, j=32:0.005, j=33:0.009, j=34:0.011, j=35:0.013, j=36:0.009, j=37:0.007, j=38:0.013, j=39:0.009, j=40:0.006, j=41:0.008, j=42:0.006, j=43:0.018, j=44:0.011, j=45:0.010, j=46:0.010, j=47:0.018, j=48:0.010, j=49:0.014, j=50:0.027, j=51:0.011, j=52:0.014, j=53:0.021, j=54:0.140, j=55:0.042, j=56:0.115, j=57:0.055
      i=58 -> j=0:0.018, j=1:0.018, j=2:0.015, j=3:0.015, j=4:0.015, j=5:0.017, j=6:0.020, j=7:0.020, j=8:0.017, j=9:0.013, j=10:0.014, j=11:0.013, j=12:0.016, j=13:0.013, j=14:0.014, j=15:0.013, j=16:0.013, j=17:0.011, j=18:0.009, j=19:0.011, j=20:0.017, j=21:0.010, j=22:0.008, j=23:0.009, j=24:0.010, j=25:0.019, j=26:0.013, j=27:0.010, j=28:0.007, j=29:0.010, j=30:0.010, j=31:0.013, j=32:0.007, j=33:0.010, j=34:0.012, j=35:0.014, j=36:0.010, j=37:0.009, j=38:0.015, j=39:0.011, j=40:0.007, j=41:0.009, j=42:0.007, j=43:0.019, j=44:0.013, j=45:0.011, j=46:0.011, j=47:0.016, j=48:0.010, j=49:0.015, j=50:0.027, j=51:0.013, j=52:0.015, j=53:0.018, j=54:0.071, j=55:0.030, j=56:0.072, j=57:0.048, j=58:0.070
      i=59 -> j=0:0.018, j=1:0.018, j=2:0.015, j=3:0.015, j=4:0.015, j=5:0.017, j=6:0.020, j=7:0.020, j=8:0.018, j=9:0.013, j=10:0.014, j=11:0.013, j=12:0.016, j=13:0.013, j=14:0.014, j=15:0.014, j=16:0.013, j=17:0.011, j=18:0.009, j=19:0.011, j=20:0.017, j=21:0.010, j=22:0.008, j=23:0.009, j=24:0.010, j=25:0.019, j=26:0.014, j=27:0.010, j=28:0.007, j=29:0.010, j=30:0.010, j=31:0.014, j=32:0.007, j=33:0.011, j=34:0.012, j=35:0.014, j=36:0.010, j=37:0.009, j=38:0.015, j=39:0.011, j=40:0.006, j=41:0.009, j=42:0.007, j=43:0.018, j=44:0.012, j=45:0.010, j=46:0.010, j=47:0.015, j=48:0.009, j=49:0.013, j=50:0.024, j=51:0.013, j=52:0.015, j=53:0.017, j=54:0.054, j=55:0.023, j=56:0.050, j=57:0.041, j=58:0.070, j=59:0.059
      i=60 -> j=0:0.017, j=1:0.017, j=2:0.015, j=3:0.015, j=4:0.014, j=5:0.015, j=6:0.019, j=7:0.019, j=8:0.017, j=9:0.013, j=10:0.013, j=11:0.012, j=12:0.015, j=13:0.012, j=14:0.013, j=15:0.013, j=16:0.012, j=17:0.010, j=18:0.008, j=19:0.010, j=20:0.017, j=21:0.010, j=22:0.007, j=23:0.008, j=24:0.009, j=25:0.019, j=26:0.013, j=27:0.010, j=28:0.006, j=29:0.009, j=30:0.009, j=31:0.013, j=32:0.006, j=33:0.010, j=34:0.012, j=35:0.014, j=36:0.009, j=37:0.008, j=38:0.014, j=39:0.010, j=40:0.006, j=41:0.008, j=42:0.006, j=43:0.017, j=44:0.011, j=45:0.010, j=46:0.009, j=47:0.014, j=48:0.008, j=49:0.011, j=50:0.021, j=51:0.012, j=52:0.014, j=53:0.016, j=54:0.052, j=55:0.018, j=56:0.035, j=57:0.029, j=58:0.057, j=59:0.059, j=60:0.095
      i=61 -> j=0:0.016, j=1:0.016, j=2:0.014, j=3:0.014, j=4:0.013, j=5:0.015, j=6:0.018, j=7:0.018, j=8:0.016, j=9:0.013, j=10:0.013, j=11:0.012, j=12:0.014, j=13:0.012, j=14:0.013, j=15:0.013, j=16:0.012, j=17:0.010, j=18:0.008, j=19:0.010, j=20:0.016, j=21:0.010, j=22:0.008, j=23:0.008, j=24:0.009, j=25:0.018, j=26:0.013, j=27:0.010, j=28:0.007, j=29:0.009, j=30:0.009, j=31:0.012, j=32:0.007, j=33:0.010, j=34:0.012, j=35:0.013, j=36:0.009, j=37:0.008, j=38:0.013, j=39:0.010, j=40:0.006, j=41:0.008, j=42:0.006, j=43:0.015, j=44:0.010, j=45:0.009, j=46:0.009, j=47:0.013, j=48:0.008, j=49:0.010, j=50:0.017, j=51:0.010, j=52:0.013, j=53:0.016, j=54:0.048, j=55:0.017, j=56:0.026, j=57:0.020, j=58:0.040, j=59:0.046, j=60:0.086, j=61:0.086
      i=62 -> j=0:0.016, j=1:0.016, j=2:0.014, j=3:0.014, j=4:0.013, j=5:0.015, j=6:0.018, j=7:0.017, j=8:0.016, j=9:0.012, j=10:0.013, j=11:0.012, j=12:0.014, j=13:0.011, j=14:0.013, j=15:0.013, j=16:0.012, j=17:0.010, j=18:0.008, j=19:0.010, j=20:0.016, j=21:0.009, j=22:0.008, j=23:0.008, j=24:0.009, j=25:0.018, j=26:0.013, j=27:0.010, j=28:0.007, j=29:0.009, j=30:0.009, j=31:0.012, j=32:0.006, j=33:0.010, j=34:0.012, j=35:0.013, j=36:0.009, j=37:0.008, j=38:0.012, j=39:0.009, j=40:0.006, j=41:0.008, j=42:0.006, j=43:0.015, j=44:0.009, j=45:0.008, j=46:0.008, j=47:0.012, j=48:0.007, j=49:0.009, j=50:0.014, j=51:0.009, j=52:0.011, j=53:0.014, j=54:0.045, j=55:0.016, j=56:0.023, j=57:0.016, j=58:0.029, j=59:0.035, j=60:0.071, j=61:0.085, j=62:0.069
      i=63 -> j=0:0.016, j=1:0.016, j=2:0.014, j=3:0.014, j=4:0.013, j=5:0.015, j=6:0.018, j=7:0.018, j=8:0.016, j=9:0.012, j=10:0.013, j=11:0.012, j=12:0.015, j=13:0.012, j=14:0.013, j=15:0.013, j=16:0.012, j=17:0.010, j=18:0.008, j=19:0.010, j=20:0.016, j=21:0.009, j=22:0.008, j=23:0.009, j=24:0.009, j=25:0.018, j=26:0.013, j=27:0.010, j=28:0.007, j=29:0.009, j=30:0.009, j=31:0.012, j=32:0.006, j=33:0.010, j=34:0.012, j=35:0.013, j=36:0.009, j=37:0.008, j=38:0.012, j=39:0.009, j=40:0.005, j=41:0.007, j=42:0.005, j=43:0.014, j=44:0.009, j=45:0.007, j=46:0.007, j=47:0.011, j=48:0.007, j=49:0.008, j=50:0.013, j=51:0.008, j=52:0.009, j=53:0.012, j=54:0.041, j=55:0.016, j=56:0.023, j=57:0.015, j=58:0.024, j=59:0.027, j=60:0.057, j=61:0.081, j=62:0.080, j=63:0.035
    Average attention per distance:
      d=0:0.132, d=1:0.123, d=2:0.101, d=3:0.070, d=4:0.049, d=5:0.038, d=6:0.035, d=7:0.034
      d=8:0.034, d=9:0.031, d=10:0.027, d=11:0.023, d=12:0.020, d=13:0.019, d=14:0.019, d=15:0.018
      d=16:0.017, d=17:0.016, d=18:0.015, d=19:0.015, d=20:0.015, d=21:0.015, d=22:0.015, d=23:0.014
      d=24:0.014, d=25:0.014, d=26:0.014, d=27:0.014, d=28:0.015, d=29:0.015, d=30:0.014, d=31:0.014
      d=32:0.015, d=33:0.015, d=34:0.015, d=35:0.015, d=36:0.015, d=37:0.015, d=38:0.016, d=39:0.015
      d=40:0.016, d=41:0.016, d=42:0.016, d=43:0.016, d=44:0.016, d=45:0.016, d=46:0.017, d=47:0.017
      d=48:0.016, d=49:0.016, d=50:0.016, d=51:0.016, d=52:0.016, d=53:0.016, d=54:0.016, d=55:0.016
      d=56:0.016, d=57:0.016, d=58:0.015, d=59:0.015, d=60:0.015, d=61:0.016, d=62:0.016, d=63:0.016


======================================================================
QK Property Verification (Raw Scores, before Softmax)
======================================================================
Recurrence order init_len=2, num test sequences=1

--- [P1] Long-distance Orthogonality Verification ---
Ideal: raw_score mean ≈ 0 and small std when d > init_len

  Layer 0, Head 0:
    d= 1 (effective): mean= 10.397, std= 0.208, n=63
    d= 2 (effective): mean=  8.221, std= 0.166, n=62
    d>2 (long-distance): mean= -0.462, std= 1.765, n=1891

  Layer 1, Head 0:
    d= 1 (effective): mean=  6.424, std= 0.920, n=63
    d= 2 (effective): mean=  5.151, std= 0.774, n=62
    d>2 (long-distance): mean= -1.162, std= 1.400, n=1891

  Layer 2, Head 0:
    d= 1 (effective): mean=  2.891, std= 1.177, n=63
    d= 2 (effective): mean=  2.557, std= 0.953, n=62
    d>2 (long-distance): mean=  0.174, std= 0.680, n=1891

  Layer 3, Head 0:
    d= 1 (effective): mean=  0.975, std= 0.565, n=63
    d= 2 (effective): mean=  0.815, std= 0.555, n=62
    d>2 (long-distance): mean= -0.457, std= 0.422, n=1891

--- [P2] Time-homogeneous Verification ---
Ideal: CV of raw_score across positions i ≈ 0 for fixed distance d
(CV = std / |mean|, smaller = more constant)

  Layer 0, Head 0:
    d= 1: mean= 10.397, std= 0.208, CV=0.020, n=63
    d= 2: mean=  8.221, std= 0.166, CV=0.020, n=62

  Layer 1, Head 0:
    d= 1: mean=  6.424, std= 0.920, CV=0.143, n=63
    d= 2: mean=  5.151, std= 0.774, CV=0.150, n=62

  Layer 2, Head 0:
    d= 1: mean=  2.891, std= 1.177, CV=0.407, n=63
    d= 2: mean=  2.557, std= 0.953, CV=0.373, n=62

  Layer 3, Head 0:
    d= 1: mean=  0.975, std= 0.565, CV=0.579, n=63
    d= 2: mean=  0.815, std= 0.555, CV=0.681, n=62

======================================================================
QK Property Verification Completed
======================================================================
