=== Experiment: mixed_basic_d512l4_r16_t32_c0.5 ===
Time: 2026-06-17T21:07:34.972160
Task type: mixed_ab
Merged config: {
  "P": 53,
  "TASK": "mixed_ab",
  "NUM_MASK": 2,
  "A": 1,
  "B": 1,
  "AB_PAIRS": [
    [
      1,
      1
    ],
    [
      1,
      2
    ]
  ],
  "D_MODEL": 512,
  "N_HEAD": 1,
  "N_LAYER": 4,
  "BATCH_SIZE": 128,
  "EPOCHS": 10000,
  "LR": 0.0003,
  "SAVE_PATH": "models/mixed_basic_d512l4_r16_t32_c0.5.pth",
  "USE_GREEDY_GENERATE": true,
  "USE_LEARNABLE_PE": false,
  "MLP_RATIO": 16,
  "TRAIN_LEN": 32,
  "OOD_LEN": 64,
  "DROPOUT": 0.0,
  "TARGET_INIT_COVERAGE": 0.5,
  "MAX_UNIQUE_RATIO": 0.5,
  "WEIGHT_DECAY": 1,
  "ENTROPY_PENALTY_WEIGHT": 0.0,
  "FIRST_TASK_WEIGHT": 1.0,
  "RANDOM_SEED": 42,
  "EVAL_INTERVAL": 20,
  "EARLY_STOP_NO_IMPROVE": 2000,
  "EARLY_STOP_ACCURACY": 0.99,
  "USE_AB_TAG": false,
  "USE_CONDITIONAL_WTE": false,
  "COND_WTE_SHARED_RATIO": 0.0
}
--- output ---
Using device: cuda

[Dataset] Mixed mode: generated 2810 + 2808 samples, length 32
AB parameter pairs: [(1, 1), (1, 2)]
--------------------------------------------------
[Model config] block_size: 64, train length: 32
[Number theory] AB parameter pairs: [(1, 1), (1, 2)]


Model parameters: 37.96M

Start training...
Epoch   0 | Train: Loss=3.9362 Acc=11.7% | Test: Acc=0.6% | Best=0.6%(@0)
  from x3: 0.01 0.01 0.01 0.00 0.00 0.00 0.00 0.01 0.00 0.00 0.00 0.00 0.00 0.01 0.01 0.00 0.01 0.01 0.01 0.01 0.01 0.01 0.01 0.01 0.01 0.01 0.01 0.00 0.01
  per-rule acc: 0.01 0.01
Epoch  20 | Train: Loss=0.0033 Acc=100.0% | Test: Acc=1.5% | Best=1.5%(@20)
  from x3: 0.02 0.02 0.02 0.01 0.01 0.02 0.02 0.01 0.02 0.02 0.02 0.01 0.01 0.01 0.01 0.01 0.01 0.01 0.01 0.01 0.01 0.01 0.01 0.01 0.01 0.01 0.01 0.01 0.01
  per-rule acc: 0.02 0.01
Epoch  40 | Train: Loss=0.0038 Acc=100.0% | Test: Acc=1.5% | Best=1.5%(@20)
  from x3: 0.01 0.02 0.02 0.02 0.02 0.02 0.02 0.02 0.02 0.02 0.01 0.01 0.01 0.01 0.01 0.01 0.01 0.01 0.01 0.01 0.01 0.01 0.01 0.01 0.01 0.01 0.01 0.01 0.01
  per-rule acc: 0.01 0.02
Epoch  60 | Train: Loss=0.0037 Acc=99.9% | Test: Acc=1.6% | Best=1.6%(@60)
  from x3: 0.02 0.02 0.01 0.02 0.02 0.01 0.02 0.02 0.01 0.01 0.02 0.02 0.02 0.02 0.02 0.01 0.02 0.02 0.02 0.02 0.02 0.02 0.02 0.02 0.02 0.02 0.02 0.02 0.02
  per-rule acc: 0.01 0.02
Epoch  80 | Train: Loss=0.0036 Acc=100.0% | Test: Acc=1.4% | Best=1.6%(@60)
  from x3: 0.02 0.01 0.01 0.01 0.01 0.02 0.02 0.01 0.01 0.02 0.02 0.02 0.01 0.01 0.01 0.01 0.01 0.01 0.01 0.01 0.01 0.01 0.01 0.01 0.01 0.01 0.01 0.01 0.01
  per-rule acc: 0.01 0.02
Epoch 100 | Train: Loss=0.0026 Acc=100.0% | Test: Acc=1.5% | Best=1.6%(@60)
  from x3: 0.02 0.02 0.02 0.02 0.02 0.02 0.02 0.02 0.02 0.02 0.02 0.01 0.01 0.01 0.01 0.01 0.02 0.02 0.02 0.02 0.01 0.01 0.01 0.01 0.01 0.01 0.01 0.01 0.01
  per-rule acc: 0.01 0.02
Epoch 120 | Train: Loss=0.0034 Acc=100.0% | Test: Acc=1.6% | Best=1.6%(@120)
  from x3: 0.02 0.02 0.02 0.02 0.01 0.02 0.02 0.02 0.02 0.02 0.02 0.02 0.02 0.02 0.02 0.02 0.02 0.02 0.02 0.02 0.02 0.02 0.01 0.02 0.02 0.02 0.02 0.02 0.02
  per-rule acc: 0.01 0.02
Epoch 140 | Train: Loss=0.0025 Acc=100.0% | Test: Acc=1.8% | Best=1.8%(@140)
  from x3: 0.02 0.02 0.02 0.02 0.02 0.02 0.02 0.02 0.02 0.02 0.02 0.02 0.02 0.02 0.02 0.02 0.02 0.02 0.02 0.02 0.02 0.02 0.02 0.02 0.02 0.02 0.02 0.02 0.02
  per-rule acc: 0.02 0.02
Epoch 160 | Train: Loss=0.0032 Acc=100.0% | Test: Acc=1.8% | Best=1.8%(@160)
  from x3: 0.02 0.02 0.02 0.02 0.02 0.02 0.02 0.02 0.02 0.02 0.02 0.02 0.02 0.02 0.02 0.02 0.02 0.02 0.02 0.02 0.02 0.02 0.02 0.02 0.02 0.02 0.02 0.02 0.02
  per-rule acc: 0.02 0.02
Epoch 180 | Train: Loss=0.0025 Acc=100.0% | Test: Acc=1.8% | Best=1.8%(@160)
  from x3: 0.02 0.02 0.02 0.02 0.02 0.02 0.02 0.02 0.02 0.02 0.02 0.02 0.02 0.02 0.02 0.02 0.02 0.02 0.02 0.02 0.02 0.02 0.02 0.02 0.02 0.02 0.02 0.02 0.02
  per-rule acc: 0.01 0.02
Epoch 200 | Train: Loss=0.0030 Acc=100.0% | Test: Acc=1.8% | Best=1.8%(@160)
  from x3: 0.02 0.02 0.02 0.02 0.02 0.02 0.02 0.02 0.02 0.02 0.02 0.02 0.02 0.02 0.02 0.02 0.02 0.02 0.02 0.02 0.02 0.02 0.02 0.02 0.02 0.02 0.02 0.02 0.02
  per-rule acc: 0.01 0.02
Epoch 220 | Train: Loss=0.0024 Acc=100.0% | Test: Acc=1.9% | Best=1.9%(@220)
  from x3: 0.02 0.02 0.02 0.02 0.02 0.02 0.02 0.02 0.02 0.02 0.02 0.02 0.02 0.02 0.02 0.02 0.02 0.02 0.02 0.02 0.02 0.02 0.02 0.02 0.02 0.02 0.02 0.02 0.02
  per-rule acc: 0.02 0.02
Epoch 240 | Train: Loss=0.1509 Acc=99.1% | Test: Acc=2.0% | Best=2.0%(@240)
  from x3: 0.03 0.02 0.02 0.02 0.02 0.02 0.02 0.02 0.02 0.02 0.02 0.02 0.02 0.02 0.02 0.02 0.02 0.02 0.02 0.02 0.02 0.02 0.02 0.02 0.02 0.02 0.02 0.02 0.02
  per-rule acc: 0.02 0.02
Epoch 260 | Train: Loss=0.0024 Acc=100.0% | Test: Acc=2.0% | Best=2.0%(@260)
  from x3: 0.03 0.02 0.02 0.02 0.02 0.02 0.02 0.02 0.02 0.02 0.02 0.02 0.02 0.02 0.02 0.02 0.02 0.02 0.02 0.02 0.02 0.02 0.02 0.02 0.02 0.02 0.02 0.02 0.02
  per-rule acc: 0.02 0.02
Epoch 280 | Train: Loss=0.0029 Acc=100.0% | Test: Acc=2.2% | Best=2.2%(@280)
  from x3: 0.03 0.02 0.02 0.02 0.02 0.02 0.02 0.02 0.02 0.02 0.02 0.02 0.02 0.02 0.02 0.02 0.02 0.02 0.02 0.02 0.02 0.02 0.02 0.02 0.02 0.02 0.02 0.02 0.02
  per-rule acc: 0.02 0.02
Epoch 300 | Train: Loss=0.0022 Acc=100.0% | Test: Acc=2.2% | Best=2.2%(@300)
  from x3: 0.03 0.02 0.02 0.02 0.02 0.02 0.02 0.02 0.02 0.02 0.02 0.02 0.02 0.02 0.02 0.02 0.02 0.02 0.02 0.02 0.02 0.02 0.02 0.02 0.02 0.02 0.02 0.02 0.02
  per-rule acc: 0.02 0.02
Epoch 320 | Train: Loss=0.0026 Acc=100.0% | Test: Acc=2.3% | Best=2.3%(@320)
  from x3: 0.03 0.02 0.02 0.02 0.02 0.02 0.02 0.02 0.02 0.02 0.02 0.02 0.02 0.02 0.02 0.02 0.02 0.02 0.02 0.02 0.02 0.02 0.02 0.02 0.02 0.02 0.02 0.02 0.02
  per-rule acc: 0.02 0.02
Epoch 340 | Train: Loss=0.0033 Acc=100.0% | Test: Acc=2.5% | Best=2.5%(@340)
  from x3: 0.04 0.03 0.02 0.02 0.02 0.02 0.02 0.03 0.02 0.02 0.02 0.02 0.02 0.02 0.02 0.02 0.02 0.02 0.02 0.02 0.02 0.02 0.02 0.02 0.02 0.03 0.03 0.03 0.03
  per-rule acc: 0.03 0.02
Epoch 360 | Train: Loss=0.0026 Acc=100.0% | Test: Acc=2.8% | Best=2.8%(@360)
  from x3: 0.03 0.03 0.03 0.03 0.03 0.03 0.03 0.03 0.03 0.03 0.03 0.03 0.03 0.03 0.03 0.03 0.03 0.03 0.03 0.03 0.03 0.03 0.03 0.03 0.03 0.03 0.03 0.03 0.03
  per-rule acc: 0.03 0.03
Epoch 380 | Train: Loss=0.5991 Acc=92.8% | Test: Acc=3.4% | Best=3.4%(@380)
  from x3: 0.04 0.03 0.03 0.03 0.03 0.03 0.03 0.03 0.03 0.03 0.03 0.03 0.03 0.03 0.03 0.03 0.03 0.03 0.03 0.03 0.03 0.03 0.03 0.03 0.03 0.03 0.03 0.03 0.03
  per-rule acc: 0.04 0.03
Epoch 400 | Train: Loss=0.0022 Acc=100.0% | Test: Acc=2.9% | Best=3.4%(@380)
  from x3: 0.05 0.03 0.03 0.03 0.03 0.03 0.03 0.03 0.03 0.03 0.03 0.03 0.03 0.03 0.03 0.03 0.03 0.03 0.03 0.03 0.03 0.03 0.03 0.03 0.03 0.03 0.03 0.03 0.03
  per-rule acc: 0.03 0.03
Epoch 420 | Train: Loss=0.0026 Acc=100.0% | Test: Acc=2.9% | Best=3.4%(@380)
  from x3: 0.04 0.03 0.03 0.03 0.03 0.03 0.03 0.03 0.03 0.03 0.03 0.03 0.03 0.03 0.03 0.03 0.03 0.03 0.03 0.03 0.03 0.03 0.03 0.03 0.03 0.03 0.03 0.03 0.03
  per-rule acc: 0.03 0.03
Epoch 440 | Train: Loss=0.0020 Acc=100.0% | Test: Acc=3.3% | Best=3.4%(@380)
  from x3: 0.05 0.03 0.03 0.03 0.03 0.03 0.03 0.03 0.03 0.03 0.03 0.03 0.03 0.03 0.03 0.03 0.03 0.03 0.03 0.03 0.03 0.03 0.03 0.03 0.03 0.03 0.03 0.03 0.03
  per-rule acc: 0.04 0.03
Epoch 460 | Train: Loss=0.0026 Acc=100.0% | Test: Acc=3.7% | Best=3.7%(@460)
  from x3: 0.05 0.04 0.03 0.03 0.03 0.03 0.03 0.03 0.04 0.04 0.04 0.04 0.04 0.04 0.04 0.04 0.04 0.04 0.04 0.04 0.04 0.04 0.04 0.04 0.04 0.04 0.04 0.04 0.04
  per-rule acc: 0.04 0.03
Epoch 480 | Train: Loss=0.0484 Acc=99.4% | Test: Acc=4.0% | Best=4.0%(@480)
  from x3: 0.05 0.04 0.04 0.04 0.04 0.04 0.04 0.04 0.04 0.04 0.04 0.04 0.04 0.04 0.04 0.04 0.04 0.04 0.04 0.04 0.04 0.04 0.04 0.04 0.04 0.04 0.04 0.04 0.04
  per-rule acc: 0.06 0.02
Epoch 500 | Train: Loss=0.0022 Acc=100.0% | Test: Acc=4.0% | Best=4.0%(@480)
  from x3: 0.05 0.04 0.04 0.04 0.04 0.04 0.04 0.04 0.04 0.04 0.04 0.04 0.04 0.04 0.04 0.04 0.04 0.04 0.04 0.04 0.04 0.04 0.04 0.04 0.04 0.04 0.04 0.04 0.04
  per-rule acc: 0.05 0.03
Epoch 520 | Train: Loss=0.0025 Acc=100.0% | Test: Acc=3.8% | Best=4.0%(@480)
  from x3: 0.05 0.04 0.03 0.04 0.04 0.04 0.04 0.04 0.04 0.04 0.04 0.04 0.04 0.04 0.04 0.04 0.04 0.04 0.04 0.04 0.04 0.04 0.04 0.04 0.04 0.04 0.04 0.04 0.03
  per-rule acc: 0.05 0.03
Epoch 540 | Train: Loss=0.0019 Acc=100.0% | Test: Acc=4.8% | Best=4.8%(@540)
  from x3: 0.07 0.05 0.05 0.05 0.05 0.05 0.05 0.05 0.05 0.05 0.05 0.05 0.05 0.05 0.05 0.05 0.05 0.05 0.05 0.05 0.05 0.05 0.05 0.05 0.04 0.05 0.05 0.05 0.04
  per-rule acc: 0.06 0.03
Epoch 560 | Train: Loss=0.0025 Acc=100.0% | Test: Acc=4.8% | Best=4.8%(@560)
  from x3: 0.06 0.05 0.04 0.05 0.05 0.05 0.05 0.05 0.05 0.05 0.05 0.05 0.05 0.05 0.05 0.05 0.05 0.05 0.05 0.05 0.05 0.05 0.05 0.05 0.05 0.05 0.05 0.05 0.05
  per-rule acc: 0.06 0.03
Epoch 580 | Train: Loss=0.0762 Acc=98.8% | Test: Acc=4.9% | Best=4.9%(@580)
  from x3: 0.06 0.05 0.05 0.05 0.05 0.05 0.05 0.05 0.05 0.05 0.05 0.05 0.05 0.05 0.05 0.05 0.05 0.05 0.05 0.05 0.05 0.05 0.05 0.05 0.05 0.05 0.05 0.05 0.05
  per-rule acc: 0.06 0.04
Epoch 600 | Train: Loss=0.0020 Acc=100.0% | Test: Acc=4.7% | Best=4.9%(@580)
  from x3: 0.07 0.05 0.05 0.05 0.05 0.05 0.05 0.05 0.05 0.05 0.05 0.05 0.05 0.05 0.05 0.05 0.05 0.05 0.05 0.05 0.04 0.05 0.05 0.04 0.05 0.05 0.05 0.05 0.05
  per-rule acc: 0.06 0.03
Epoch 620 | Train: Loss=0.0024 Acc=100.0% | Test: Acc=4.9% | Best=4.9%(@580)
  from x3: 0.06 0.06 0.05 0.05 0.05 0.05 0.05 0.05 0.05 0.05 0.05 0.05 0.05 0.05 0.05 0.05 0.05 0.05 0.05 0.05 0.05 0.05 0.05 0.05 0.05 0.05 0.05 0.05 0.05
  per-rule acc: 0.06 0.04
Epoch 640 | Train: Loss=0.0028 Acc=100.0% | Test: Acc=5.5% | Best=5.5%(@640)
  from x3: 0.08 0.06 0.05 0.05 0.05 0.05 0.05 0.05 0.05 0.05 0.05 0.05 0.05 0.05 0.05 0.05 0.05 0.05 0.05 0.05 0.05 0.05 0.05 0.05 0.05 0.05 0.06 0.05 0.05
  per-rule acc: 0.07 0.04
Epoch 660 | Train: Loss=0.0022 Acc=100.0% | Test: Acc=6.1% | Best=6.1%(@660)
  from x3: 0.08 0.06 0.06 0.06 0.06 0.06 0.06 0.06 0.06 0.06 0.06 0.06 0.06 0.06 0.06 0.06 0.06 0.06 0.06 0.06 0.06 0.06 0.06 0.06 0.06 0.06 0.06 0.06 0.06
  per-rule acc: 0.08 0.05
Epoch 680 | Train: Loss=0.0857 Acc=98.9% | Test: Acc=6.7% | Best=6.7%(@680)
  from x3: 0.08 0.07 0.07 0.07 0.07 0.06 0.06 0.06 0.06 0.07 0.07 0.07 0.07 0.06 0.07 0.07 0.07 0.07 0.07 0.07 0.07 0.07 0.07 0.07 0.07 0.07 0.07 0.07 0.07
  per-rule acc: 0.09 0.05
Epoch 700 | Train: Loss=0.0020 Acc=100.0% | Test: Acc=6.8% | Best=6.8%(@700)
  from x3: 0.09 0.07 0.07 0.07 0.07 0.07 0.07 0.07 0.07 0.07 0.07 0.07 0.07 0.07 0.07 0.07 0.07 0.07 0.07 0.07 0.07 0.07 0.07 0.07 0.07 0.07 0.07 0.07 0.07
  per-rule acc: 0.09 0.05
Epoch 720 | Train: Loss=0.0023 Acc=100.0% | Test: Acc=7.0% | Best=7.0%(@720)
  from x3: 0.09 0.07 0.07 0.07 0.07 0.07 0.07 0.07 0.07 0.07 0.07 0.07 0.07 0.07 0.07 0.07 0.07 0.07 0.07 0.07 0.07 0.07 0.07 0.07 0.07 0.07 0.07 0.07 0.07
  per-rule acc: 0.09 0.05
Epoch 740 | Train: Loss=0.0017 Acc=100.0% | Test: Acc=7.5% | Best=7.5%(@740)
  from x3: 0.10 0.08 0.07 0.07 0.07 0.07 0.07 0.07 0.07 0.07 0.07 0.07 0.07 0.07 0.07 0.07 0.07 0.07 0.07 0.07 0.07 0.07 0.07 0.07 0.07 0.08 0.08 0.08 0.08
  per-rule acc: 0.10 0.05
Epoch 760 | Train: Loss=0.0022 Acc=100.0% | Test: Acc=7.7% | Best=7.7%(@760)
  from x3: 0.10 0.08 0.08 0.07 0.07 0.08 0.08 0.07 0.08 0.08 0.08 0.08 0.08 0.08 0.08 0.08 0.08 0.08 0.08 0.08 0.08 0.08 0.08 0.08 0.08 0.08 0.08 0.08 0.08
  per-rule acc: 0.10 0.05
Epoch 780 | Train: Loss=0.0148 Acc=99.9% | Test: Acc=8.0% | Best=8.0%(@780)
  from x3: 0.10 0.08 0.08 0.08 0.08 0.08 0.08 0.08 0.08 0.08 0.08 0.08 0.08 0.08 0.08 0.08 0.08 0.08 0.08 0.08 0.08 0.08 0.08 0.08 0.08 0.08 0.08 0.08 0.08
  per-rule acc: 0.11 0.05
Epoch 800 | Train: Loss=0.0020 Acc=100.0% | Test: Acc=8.7% | Best=8.7%(@800)
  from x3: 0.11 0.09 0.09 0.09 0.08 0.08 0.09 0.09 0.09 0.09 0.09 0.09 0.08 0.09 0.09 0.08 0.09 0.09 0.09 0.09 0.09 0.09 0.09 0.09 0.09 0.09 0.09 0.09 0.09
  per-rule acc: 0.11 0.06
Epoch 820 | Train: Loss=0.0022 Acc=100.0% | Test: Acc=8.9% | Best=8.9%(@820)
  from x3: 0.10 0.09 0.09 0.08 0.09 0.09 0.09 0.09 0.09 0.09 0.09 0.09 0.09 0.09 0.09 0.09 0.09 0.09 0.09 0.09 0.09 0.09 0.09 0.09 0.09 0.09 0.09 0.09 0.09
  per-rule acc: 0.11 0.07
Epoch 840 | Train: Loss=0.0017 Acc=100.0% | Test: Acc=9.2% | Best=9.2%(@840)
  from x3: 0.12 0.10 0.09 0.09 0.09 0.09 0.09 0.09 0.09 0.09 0.09 0.09 0.09 0.09 0.09 0.09 0.09 0.09 0.09 0.09 0.09 0.09 0.09 0.09 0.09 0.09 0.09 0.09 0.09
  per-rule acc: 0.13 0.06
Epoch 860 | Train: Loss=0.0021 Acc=100.0% | Test: Acc=9.7% | Best=9.7%(@860)
  from x3: 0.11 0.10 0.10 0.09 0.09 0.09 0.10 0.09 0.10 0.10 0.10 0.10 0.10 0.10 0.10 0.10 0.10 0.10 0.10 0.10 0.10 0.10 0.10 0.10 0.10 0.10 0.10 0.10 0.10
  per-rule acc: 0.12 0.07
Epoch 880 | Train: Loss=0.0114 Acc=99.9% | Test: Acc=11.2% | Best=11.2%(@880)
  from x3: 0.13 0.12 0.11 0.11 0.11 0.11 0.11 0.11 0.11 0.11 0.11 0.11 0.11 0.11 0.11 0.11 0.11 0.11 0.11 0.11 0.11 0.11 0.11 0.11 0.11 0.11 0.11 0.11 0.11
  per-rule acc: 0.15 0.07
Epoch 900 | Train: Loss=0.0018 Acc=100.0% | Test: Acc=11.0% | Best=11.2%(@880)
  from x3: 0.13 0.12 0.11 0.11 0.11 0.11 0.11 0.11 0.11 0.11 0.11 0.11 0.11 0.11 0.11 0.11 0.11 0.11 0.11 0.11 0.11 0.11 0.11 0.11 0.11 0.11 0.11 0.11 0.11
  per-rule acc: 0.14 0.07
Epoch 920 | Train: Loss=0.0021 Acc=100.0% | Test: Acc=11.6% | Best=11.6%(@920)
  from x3: 0.13 0.12 0.12 0.11 0.11 0.12 0.11 0.12 0.11 0.11 0.12 0.11 0.12 0.12 0.11 0.12 0.11 0.12 0.11 0.12 0.12 0.11 0.12 0.12 0.12 0.12 0.12 0.11 0.12
  per-rule acc: 0.16 0.08
Epoch 940 | Train: Loss=0.0024 Acc=100.0% | Test: Acc=13.3% | Best=13.3%(@940)
  from x3: 0.14 0.13 0.13 0.13 0.13 0.13 0.13 0.13 0.13 0.13 0.13 0.13 0.13 0.13 0.13 0.13 0.13 0.13 0.13 0.13 0.13 0.13 0.13 0.13 0.13 0.13 0.13 0.13 0.13
  per-rule acc: 0.18 0.08
Epoch 960 | Train: Loss=0.0018 Acc=100.0% | Test: Acc=13.2% | Best=13.3%(@940)
  from x3: 0.14 0.13 0.13 0.13 0.13 0.13 0.13 0.13 0.13 0.13 0.13 0.13 0.13 0.13 0.13 0.13 0.13 0.13 0.13 0.13 0.13 0.13 0.13 0.13 0.13 0.13 0.13 0.13 0.13
  per-rule acc: 0.17 0.09
Epoch 980 | Train: Loss=0.0021 Acc=100.0% | Test: Acc=13.2% | Best=13.3%(@940)
  from x3: 0.13 0.13 0.13 0.13 0.13 0.13 0.13 0.13 0.13 0.13 0.13 0.13 0.13 0.13 0.13 0.13 0.13 0.13 0.13 0.13 0.13 0.13 0.13 0.13 0.13 0.13 0.13 0.13 0.13
  per-rule acc: 0.17 0.09
Epoch 1000 | Train: Loss=0.0022 Acc=100.0% | Test: Acc=15.2% | Best=15.2%(@1000)
  from x3: 0.17 0.15 0.15 0.15 0.15 0.15 0.15 0.15 0.15 0.15 0.15 0.15 0.15 0.15 0.15 0.15 0.15 0.15 0.15 0.15 0.15 0.15 0.15 0.15 0.15 0.15 0.15 0.15 0.15
  per-rule acc: 0.21 0.10
Epoch 1020 | Train: Loss=0.0021 Acc=100.0% | Test: Acc=16.1% | Best=16.1%(@1020)
  from x3: 0.18 0.16 0.16 0.16 0.16 0.16 0.16 0.16 0.16 0.16 0.16 0.16 0.16 0.16 0.16 0.16 0.16 0.16 0.16 0.16 0.16 0.16 0.16 0.16 0.16 0.16 0.16 0.16 0.16
  per-rule acc: 0.22 0.10
Epoch 1040 | Train: Loss=0.0019 Acc=100.0% | Test: Acc=16.2% | Best=16.2%(@1040)
  from x3: 0.18 0.16 0.17 0.16 0.17 0.16 0.16 0.16 0.16 0.16 0.16 0.16 0.16 0.16 0.16 0.16 0.16 0.16 0.16 0.16 0.16 0.16 0.16 0.16 0.16 0.16 0.16 0.16 0.16
  per-rule acc: 0.22 0.11
Epoch 1060 | Train: Loss=0.0021 Acc=100.0% | Test: Acc=16.5% | Best=16.5%(@1060)
  from x3: 0.18 0.17 0.16 0.16 0.16 0.17 0.16 0.16 0.17 0.17 0.17 0.17 0.16 0.16 0.17 0.17 0.17 0.17 0.17 0.17 0.17 0.16 0.16 0.16 0.16 0.16 0.16 0.16 0.16
  per-rule acc: 0.22 0.11
Epoch 1080 | Train: Loss=0.0016 Acc=100.0% | Test: Acc=17.6% | Best=17.6%(@1080)
  from x3: 0.19 0.17 0.17 0.18 0.18 0.17 0.17 0.18 0.18 0.18 0.18 0.18 0.18 0.18 0.18 0.18 0.17 0.18 0.18 0.18 0.18 0.18 0.18 0.18 0.18 0.18 0.18 0.18 0.18
  per-rule acc: 0.24 0.11
Epoch 1100 | Train: Loss=0.0020 Acc=100.0% | Test: Acc=17.8% | Best=17.8%(@1100)
  from x3: 0.18 0.18 0.17 0.17 0.18 0.18 0.18 0.18 0.18 0.18 0.18 0.18 0.18 0.18 0.18 0.18 0.18 0.18 0.18 0.18 0.18 0.18 0.18 0.18 0.18 0.18 0.18 0.18 0.18
  per-rule acc: 0.23 0.12
Epoch 1120 | Train: Loss=0.0110 Acc=99.9% | Test: Acc=17.9% | Best=17.9%(@1120)
  from x3: 0.19 0.18 0.18 0.18 0.18 0.17 0.17 0.18 0.18 0.18 0.18 0.18 0.18 0.18 0.18 0.18 0.18 0.18 0.18 0.18 0.18 0.18 0.18 0.18 0.18 0.18 0.18 0.18 0.18
  per-rule acc: 0.26 0.10
Epoch 1140 | Train: Loss=0.0017 Acc=100.0% | Test: Acc=19.3% | Best=19.3%(@1140)
  from x3: 0.21 0.19 0.19 0.19 0.19 0.19 0.19 0.19 0.19 0.19 0.19 0.19 0.19 0.19 0.19 0.19 0.19 0.19 0.19 0.19 0.19 0.19 0.19 0.19 0.19 0.19 0.19 0.19 0.19
  per-rule acc: 0.26 0.13
Epoch 1160 | Train: Loss=0.0020 Acc=100.0% | Test: Acc=19.2% | Best=19.3%(@1140)
  from x3: 0.20 0.19 0.19 0.19 0.19 0.19 0.19 0.19 0.19 0.19 0.19 0.19 0.19 0.19 0.19 0.19 0.19 0.19 0.19 0.19 0.19 0.19 0.19 0.19 0.19 0.19 0.19 0.19 0.19
  per-rule acc: 0.25 0.13
Epoch 1180 | Train: Loss=0.0014 Acc=100.0% | Test: Acc=21.4% | Best=21.4%(@1180)
  from x3: 0.23 0.22 0.22 0.22 0.21 0.21 0.21 0.21 0.21 0.21 0.21 0.21 0.21 0.21 0.21 0.21 0.21 0.21 0.21 0.21 0.21 0.21 0.21 0.21 0.21 0.21 0.21 0.21 0.21
  per-rule acc: 0.29 0.14
Epoch 1200 | Train: Loss=0.0019 Acc=100.0% | Test: Acc=22.0% | Best=22.0%(@1200)
  from x3: 0.23 0.22 0.22 0.22 0.22 0.22 0.22 0.22 0.22 0.22 0.22 0.22 0.22 0.22 0.22 0.22 0.22 0.22 0.22 0.22 0.22 0.22 0.22 0.22 0.22 0.22 0.22 0.22 0.22
  per-rule acc: 0.28 0.16
Epoch 1220 | Train: Loss=0.0304 Acc=99.6% | Test: Acc=20.2% | Best=22.0%(@1200)
  from x3: 0.20 0.20 0.20 0.20 0.20 0.20 0.20 0.20 0.20 0.20 0.20 0.20 0.20 0.20 0.20 0.20 0.20 0.20 0.20 0.20 0.20 0.20 0.20 0.20 0.20 0.20 0.20 0.20 0.20
  per-rule acc: 0.29 0.12
Epoch 1240 | Train: Loss=0.0015 Acc=100.0% | Test: Acc=22.9% | Best=22.9%(@1240)
  from x3: 0.24 0.22 0.23 0.23 0.23 0.23 0.23 0.23 0.23 0.23 0.23 0.23 0.23 0.23 0.23 0.23 0.23 0.23 0.23 0.23 0.23 0.23 0.23 0.23 0.23 0.23 0.23 0.23 0.23
  per-rule acc: 0.30 0.15
Epoch 1260 | Train: Loss=0.0019 Acc=100.0% | Test: Acc=23.7% | Best=23.7%(@1260)
  from x3: 0.24 0.24 0.24 0.24 0.24 0.24 0.23 0.24 0.24 0.24 0.24 0.23 0.23 0.24 0.24 0.24 0.24 0.24 0.24 0.24 0.24 0.24 0.24 0.24 0.24 0.23 0.24 0.24 0.24
  per-rule acc: 0.30 0.17
Epoch 1280 | Train: Loss=0.0016 Acc=100.0% | Test: Acc=26.2% | Best=26.2%(@1280)
  from x3: 0.27 0.26 0.26 0.26 0.26 0.26 0.26 0.26 0.27 0.26 0.26 0.26 0.26 0.26 0.26 0.26 0.26 0.26 0.26 0.26 0.26 0.26 0.26 0.26 0.26 0.26 0.26 0.26 0.26
  per-rule acc: 0.35 0.17
Epoch 1300 | Train: Loss=0.0017 Acc=100.0% | Test: Acc=26.6% | Best=26.6%(@1300)
  from x3: 0.27 0.26 0.26 0.26 0.26 0.26 0.27 0.26 0.27 0.27 0.27 0.27 0.27 0.27 0.27 0.27 0.27 0.27 0.27 0.27 0.27 0.27 0.27 0.27 0.26 0.26 0.26 0.27 0.27
  per-rule acc: 0.34 0.19
Epoch 1320 | Train: Loss=0.0020 Acc=100.0% | Test: Acc=26.3% | Best=26.6%(@1300)
  from x3: 0.27 0.26 0.26 0.26 0.27 0.27 0.27 0.27 0.26 0.26 0.26 0.26 0.26 0.26 0.26 0.26 0.26 0.26 0.26 0.26 0.26 0.26 0.26 0.26 0.26 0.26 0.26 0.26 0.26
  per-rule acc: 0.33 0.20
Epoch 1340 | Train: Loss=0.0015 Acc=100.0% | Test: Acc=28.5% | Best=28.5%(@1340)
  from x3: 0.28 0.28 0.28 0.29 0.29 0.29 0.28 0.28 0.28 0.29 0.28 0.28 0.28 0.28 0.28 0.28 0.28 0.29 0.28 0.29 0.29 0.29 0.29 0.29 0.29 0.29 0.29 0.29 0.29
  per-rule acc: 0.38 0.19
Epoch 1360 | Train: Loss=0.0019 Acc=100.0% | Test: Acc=28.1% | Best=28.5%(@1340)
  from x3: 0.28 0.29 0.28 0.28 0.28 0.28 0.28 0.28 0.28 0.28 0.28 0.28 0.28 0.28 0.28 0.28 0.28 0.28 0.28 0.28 0.28 0.28 0.28 0.28 0.28 0.28 0.28 0.28 0.28
  per-rule acc: 0.36 0.20
Epoch 1380 | Train: Loss=0.0013 Acc=100.0% | Test: Acc=32.0% | Best=32.0%(@1380)
  from x3: 0.32 0.31 0.31 0.31 0.32 0.32 0.32 0.32 0.32 0.32 0.32 0.32 0.32 0.32 0.32 0.32 0.32 0.32 0.32 0.32 0.32 0.32 0.32 0.32 0.32 0.32 0.32 0.32 0.32
  per-rule acc: 0.44 0.20
Epoch 1400 | Train: Loss=0.0341 Acc=99.6% | Test: Acc=25.0% | Best=32.0%(@1380)
  from x3: 0.24 0.25 0.25 0.25 0.25 0.25 0.25 0.25 0.25 0.25 0.25 0.25 0.25 0.25 0.25 0.25 0.25 0.25 0.25 0.25 0.25 0.25 0.25 0.25 0.25 0.25 0.25 0.25 0.25
  per-rule acc: 0.33 0.17
Epoch 1420 | Train: Loss=0.0015 Acc=100.0% | Test: Acc=32.1% | Best=32.1%(@1420)
  from x3: 0.33 0.33 0.32 0.32 0.32 0.32 0.32 0.32 0.32 0.32 0.32 0.32 0.32 0.32 0.32 0.32 0.32 0.32 0.32 0.32 0.32 0.32 0.32 0.32 0.32 0.32 0.32 0.32 0.32
  per-rule acc: 0.41 0.23
Epoch 1440 | Train: Loss=0.0020 Acc=100.0% | Test: Acc=32.4% | Best=32.4%(@1440)
  from x3: 0.32 0.33 0.32 0.32 0.32 0.32 0.32 0.32 0.33 0.32 0.32 0.32 0.32 0.32 0.32 0.32 0.32 0.32 0.32 0.32 0.32 0.33 0.33 0.33 0.33 0.33 0.33 0.33 0.32
  per-rule acc: 0.41 0.24
Epoch 1460 | Train: Loss=0.0039 Acc=100.0% | Test: Acc=35.0% | Best=35.0%(@1460)
  from x3: 0.33 0.35 0.35 0.35 0.35 0.35 0.35 0.35 0.35 0.35 0.35 0.35 0.35 0.35 0.35 0.35 0.35 0.35 0.35 0.35 0.35 0.35 0.35 0.35 0.35 0.35 0.35 0.35 0.35
  per-rule acc: 0.47 0.22
Epoch 1480 | Train: Loss=0.0016 Acc=100.0% | Test: Acc=33.9% | Best=35.0%(@1460)
  from x3: 0.34 0.34 0.35 0.34 0.34 0.34 0.35 0.34 0.34 0.34 0.34 0.34 0.34 0.34 0.34 0.34 0.34 0.34 0.34 0.34 0.33 0.34 0.34 0.33 0.34 0.34 0.34 0.34 0.34
  per-rule acc: 0.44 0.24
Epoch 1500 | Train: Loss=0.0019 Acc=100.0% | Test: Acc=34.7% | Best=35.0%(@1460)
  from x3: 0.34 0.35 0.35 0.34 0.34 0.34 0.35 0.34 0.35 0.35 0.35 0.35 0.35 0.35 0.35 0.35 0.35 0.35 0.35 0.35 0.35 0.35 0.35 0.35 0.35 0.35 0.35 0.35 0.35
  per-rule acc: 0.43 0.26
Epoch 1520 | Train: Loss=0.0013 Acc=100.0% | Test: Acc=39.3% | Best=39.3%(@1520)
  from x3: 0.40 0.39 0.39 0.39 0.39 0.39 0.39 0.40 0.39 0.39 0.39 0.39 0.39 0.39 0.39 0.39 0.39 0.39 0.39 0.39 0.39 0.39 0.39 0.39 0.39 0.40 0.40 0.40 0.39
  per-rule acc: 0.50 0.28
Epoch 1540 | Train: Loss=0.0017 Acc=100.0% | Test: Acc=38.8% | Best=39.3%(@1520)
  from x3: 0.38 0.38 0.38 0.39 0.39 0.39 0.39 0.39 0.39 0.39 0.39 0.39 0.39 0.39 0.39 0.39 0.39 0.39 0.39 0.39 0.39 0.39 0.39 0.39 0.39 0.39 0.39 0.39 0.39
  per-rule acc: 0.48 0.29
Epoch 1560 | Train: Loss=0.0088 Acc=99.9% | Test: Acc=38.5% | Best=39.3%(@1520)
  from x3: 0.37 0.38 0.39 0.38 0.38 0.39 0.38 0.39 0.39 0.39 0.39 0.39 0.39 0.39 0.39 0.39 0.39 0.39 0.39 0.39 0.39 0.39 0.39 0.39 0.39 0.39 0.39 0.39 0.38
  per-rule acc: 0.51 0.26
Epoch 1580 | Train: Loss=0.0014 Acc=100.0% | Test: Acc=41.9% | Best=41.9%(@1580)
  from x3: 0.40 0.41 0.42 0.42 0.42 0.42 0.42 0.42 0.42 0.42 0.42 0.42 0.42 0.42 0.42 0.42 0.42 0.42 0.42 0.42 0.42 0.42 0.42 0.42 0.42 0.42 0.42 0.42 0.42
  per-rule acc: 0.53 0.31
Epoch 1600 | Train: Loss=0.0019 Acc=100.0% | Test: Acc=41.0% | Best=41.9%(@1580)
  from x3: 0.40 0.41 0.41 0.41 0.40 0.41 0.41 0.41 0.41 0.41 0.41 0.41 0.41 0.41 0.41 0.41 0.41 0.41 0.41 0.41 0.41 0.41 0.41 0.41 0.41 0.41 0.41 0.41 0.41
  per-rule acc: 0.49 0.33
Epoch 1620 | Train: Loss=0.0041 Acc=100.0% | Test: Acc=39.6% | Best=41.9%(@1580)
  from x3: 0.39 0.39 0.39 0.39 0.40 0.40 0.40 0.40 0.40 0.40 0.40 0.39 0.40 0.39 0.40 0.40 0.40 0.40 0.40 0.40 0.40 0.40 0.40 0.40 0.40 0.40 0.40 0.39 0.40
  per-rule acc: 0.52 0.27
Epoch 1640 | Train: Loss=0.0017 Acc=100.0% | Test: Acc=43.4% | Best=43.4%(@1640)
  from x3: 0.42 0.43 0.43 0.43 0.43 0.43 0.43 0.43 0.43 0.43 0.44 0.44 0.43 0.44 0.44 0.43 0.43 0.43 0.43 0.44 0.43 0.43 0.43 0.44 0.44 0.44 0.43 0.44 0.44
  per-rule acc: 0.52 0.34
Epoch 1660 | Train: Loss=0.0019 Acc=100.0% | Test: Acc=44.5% | Best=44.5%(@1660)
  from x3: 0.43 0.43 0.44 0.44 0.44 0.44 0.44 0.45 0.45 0.45 0.45 0.45 0.45 0.45 0.45 0.45 0.45 0.45 0.45 0.45 0.45 0.45 0.45 0.45 0.45 0.45 0.45 0.45 0.45
  per-rule acc: 0.52 0.37
Epoch 1680 | Train: Loss=0.0012 Acc=100.0% | Test: Acc=48.1% | Best=48.1%(@1680)
  from x3: 0.46 0.47 0.48 0.48 0.48 0.48 0.48 0.48 0.48 0.48 0.48 0.48 0.48 0.48 0.48 0.48 0.49 0.48 0.48 0.49 0.48 0.48 0.48 0.48 0.48 0.48 0.48 0.48 0.48
  per-rule acc: 0.60 0.36
Epoch 1700 | Train: Loss=0.0025 Acc=100.0% | Test: Acc=46.5% | Best=48.1%(@1680)
  from x3: 0.45 0.45 0.46 0.46 0.46 0.46 0.46 0.46 0.47 0.47 0.47 0.47 0.47 0.46 0.47 0.47 0.47 0.47 0.47 0.47 0.47 0.47 0.47 0.47 0.47 0.47 0.47 0.47 0.47
  per-rule acc: 0.55 0.38
Epoch 1720 | Train: Loss=0.0014 Acc=100.0% | Test: Acc=49.0% | Best=49.0%(@1720)
  from x3: 0.46 0.48 0.48 0.49 0.49 0.49 0.49 0.49 0.49 0.49 0.49 0.49 0.49 0.49 0.49 0.49 0.49 0.49 0.49 0.49 0.49 0.49 0.49 0.49 0.49 0.49 0.49 0.49 0.49
  per-rule acc: 0.62 0.36
Epoch 1740 | Train: Loss=0.0018 Acc=100.0% | Test: Acc=49.6% | Best=49.6%(@1740)
  from x3: 0.47 0.48 0.49 0.49 0.49 0.49 0.49 0.50 0.50 0.49 0.50 0.50 0.50 0.50 0.50 0.50 0.50 0.50 0.50 0.50 0.50 0.50 0.50 0.50 0.50 0.50 0.50 0.50 0.50
  per-rule acc: 0.59 0.40
Epoch 1760 | Train: Loss=0.0470 Acc=99.4% | Test: Acc=40.1% | Best=49.6%(@1740)
  from x3: 0.38 0.39 0.40 0.40 0.40 0.40 0.40 0.40 0.40 0.40 0.40 0.40 0.40 0.40 0.41 0.40 0.40 0.40 0.40 0.40 0.40 0.40 0.40 0.40 0.40 0.40 0.40 0.40 0.40
  per-rule acc: 0.51 0.29
Epoch 1780 | Train: Loss=0.0014 Acc=100.0% | Test: Acc=52.9% | Best=52.9%(@1780)
  from x3: 0.51 0.52 0.52 0.53 0.53 0.53 0.53 0.53 0.53 0.53 0.53 0.53 0.53 0.53 0.53 0.53 0.53 0.53 0.53 0.53 0.53 0.53 0.53 0.53 0.53 0.53 0.53 0.53 0.53
  per-rule acc: 0.63 0.43
Epoch 1800 | Train: Loss=0.0018 Acc=100.0% | Test: Acc=52.4% | Best=52.9%(@1780)
  from x3: 0.51 0.52 0.52 0.52 0.52 0.52 0.52 0.52 0.52 0.52 0.52 0.52 0.53 0.52 0.53 0.53 0.53 0.53 0.52 0.53 0.53 0.53 0.53 0.53 0.53 0.53 0.53 0.53 0.53
  per-rule acc: 0.60 0.45
Epoch 1820 | Train: Loss=0.0013 Acc=100.0% | Test: Acc=54.1% | Best=54.1%(@1820)
  from x3: 0.54 0.54 0.54 0.53 0.54 0.54 0.54 0.54 0.54 0.54 0.54 0.54 0.54 0.54 0.54 0.54 0.54 0.54 0.54 0.54 0.54 0.54 0.54 0.54 0.54 0.54 0.54 0.54 0.54
  per-rule acc: 0.67 0.41
Epoch 1840 | Train: Loss=0.0018 Acc=100.0% | Test: Acc=55.3% | Best=55.3%(@1840)
  from x3: 0.52 0.55 0.55 0.54 0.55 0.55 0.55 0.55 0.56 0.56 0.56 0.56 0.56 0.56 0.55 0.55 0.56 0.56 0.56 0.56 0.56 0.56 0.56 0.56 0.56 0.56 0.56 0.56 0.56
  per-rule acc: 0.64 0.47
Epoch 1860 | Train: Loss=0.0114 Acc=99.8% | Test: Acc=47.8% | Best=55.3%(@1840)
  from x3: 0.45 0.47 0.47 0.47 0.48 0.48 0.48 0.48 0.48 0.48 0.48 0.48 0.48 0.48 0.48 0.48 0.48 0.48 0.48 0.48 0.48 0.48 0.48 0.48 0.48 0.48 0.48 0.48 0.48
  per-rule acc: 0.60 0.35
Epoch 1880 | Train: Loss=0.0014 Acc=100.0% | Test: Acc=57.0% | Best=57.0%(@1880)
  from x3: 0.55 0.56 0.57 0.57 0.57 0.57 0.57 0.57 0.57 0.57 0.57 0.57 0.57 0.58 0.57 0.57 0.57 0.57 0.57 0.57 0.57 0.57 0.57 0.57 0.57 0.57 0.57 0.57 0.57
  per-rule acc: 0.67 0.47
Epoch 1900 | Train: Loss=0.0018 Acc=100.0% | Test: Acc=57.9% | Best=57.9%(@1900)
  from x3: 0.55 0.57 0.57 0.57 0.57 0.58 0.58 0.58 0.58 0.58 0.58 0.58 0.58 0.58 0.58 0.58 0.58 0.58 0.58 0.58 0.58 0.58 0.58 0.58 0.58 0.58 0.58 0.58 0.58
  per-rule acc: 0.66 0.50
Epoch 1920 | Train: Loss=0.0013 Acc=100.0% | Test: Acc=60.2% | Best=60.2%(@1920)
  from x3: 0.58 0.59 0.60 0.60 0.60 0.60 0.60 0.60 0.60 0.61 0.60 0.60 0.60 0.60 0.61 0.61 0.60 0.60 0.60 0.60 0.60 0.60 0.60 0.61 0.60 0.60 0.60 0.60 0.60
  per-rule acc: 0.71 0.49
Epoch 1940 | Train: Loss=0.0016 Acc=100.0% | Test: Acc=60.4% | Best=60.4%(@1940)
  from x3: 0.57 0.60 0.60 0.60 0.60 0.60 0.61 0.60 0.61 0.61 0.61 0.61 0.61 0.61 0.61 0.61 0.61 0.61 0.61 0.61 0.61 0.61 0.61 0.61 0.61 0.61 0.60 0.61 0.60
  per-rule acc: 0.69 0.52
Epoch 1960 | Train: Loss=0.0163 Acc=99.9% | Test: Acc=54.2% | Best=60.4%(@1940)
  from x3: 0.50 0.54 0.53 0.53 0.54 0.54 0.54 0.54 0.54 0.55 0.55 0.54 0.55 0.55 0.55 0.55 0.55 0.54 0.54 0.54 0.54 0.54 0.55 0.55 0.55 0.55 0.55 0.54 0.55
  per-rule acc: 0.64 0.44
Epoch 1980 | Train: Loss=0.0015 Acc=100.0% | Test: Acc=63.1% | Best=63.1%(@1980)
  from x3: 0.61 0.62 0.62 0.63 0.63 0.63 0.63 0.63 0.63 0.63 0.63 0.63 0.63 0.63 0.63 0.63 0.63 0.64 0.63 0.63 0.63 0.63 0.63 0.63 0.63 0.63 0.64 0.63 0.63
  per-rule acc: 0.73 0.54
Epoch 2000 | Train: Loss=0.0019 Acc=100.0% | Test: Acc=63.5% | Best=63.5%(@2000)
  from x3: 0.60 0.62 0.62 0.62 0.63 0.63 0.63 0.63 0.64 0.63 0.63 0.64 0.64 0.64 0.64 0.64 0.64 0.64 0.64 0.64 0.64 0.64 0.64 0.64 0.64 0.64 0.64 0.64 0.64
  per-rule acc: 0.70 0.57
Epoch 2020 | Train: Loss=0.0039 Acc=100.0% | Test: Acc=61.7% | Best=63.5%(@2000)
  from x3: 0.59 0.61 0.61 0.61 0.62 0.62 0.62 0.62 0.62 0.62 0.62 0.62 0.62 0.62 0.62 0.62 0.62 0.62 0.62 0.62 0.62 0.62 0.62 0.62 0.62 0.62 0.62 0.62 0.62
  per-rule acc: 0.74 0.49
Epoch 2040 | Train: Loss=0.0015 Acc=100.0% | Test: Acc=65.8% | Best=65.8%(@2040)
  from x3: 0.63 0.65 0.65 0.66 0.65 0.66 0.66 0.66 0.66 0.66 0.66 0.66 0.66 0.66 0.66 0.66 0.66 0.66 0.66 0.66 0.66 0.66 0.66 0.66 0.66 0.66 0.66 0.66 0.66
  per-rule acc: 0.74 0.57
Epoch 2060 | Train: Loss=0.0019 Acc=100.0% | Test: Acc=65.5% | Best=65.8%(@2040)
  from x3: 0.63 0.64 0.65 0.65 0.65 0.66 0.65 0.65 0.66 0.65 0.65 0.65 0.66 0.66 0.66 0.66 0.66 0.66 0.66 0.66 0.66 0.66 0.66 0.66 0.66 0.66 0.66 0.66 0.66
  per-rule acc: 0.73 0.58
Epoch 2080 | Train: Loss=0.0014 Acc=100.0% | Test: Acc=68.8% | Best=68.8%(@2080)
  from x3: 0.65 0.68 0.69 0.69 0.69 0.69 0.69 0.69 0.69 0.69 0.69 0.69 0.69 0.69 0.69 0.69 0.69 0.69 0.69 0.69 0.69 0.69 0.69 0.69 0.69 0.69 0.69 0.69 0.69
  per-rule acc: 0.78 0.60
Epoch 2100 | Train: Loss=0.0018 Acc=100.0% | Test: Acc=68.7% | Best=68.8%(@2080)
  from x3: 0.66 0.68 0.68 0.68 0.68 0.68 0.68 0.68 0.69 0.69 0.69 0.69 0.69 0.69 0.69 0.69 0.69 0.69 0.69 0.69 0.69 0.69 0.69 0.69 0.69 0.69 0.69 0.69 0.69
  per-rule acc: 0.75 0.62
Epoch 2120 | Train: Loss=0.0050 Acc=100.0% | Test: Acc=65.9% | Best=68.8%(@2080)
  from x3: 0.63 0.65 0.65 0.66 0.66 0.66 0.66 0.66 0.66 0.66 0.66 0.66 0.66 0.66 0.66 0.66 0.66 0.66 0.66 0.66 0.66 0.66 0.66 0.66 0.66 0.66 0.66 0.66 0.66
  per-rule acc: 0.77 0.55
Epoch 2140 | Train: Loss=0.0015 Acc=100.0% | Test: Acc=71.2% | Best=71.2%(@2140)
  from x3: 0.68 0.70 0.71 0.71 0.71 0.71 0.71 0.72 0.71 0.71 0.72 0.72 0.71 0.72 0.72 0.72 0.72 0.72 0.71 0.71 0.71 0.71 0.71 0.71 0.71 0.71 0.71 0.71 0.71
  per-rule acc: 0.79 0.64
Epoch 2160 | Train: Loss=0.0102 Acc=100.0% | Test: Acc=64.3% | Best=71.2%(@2140)
  from x3: 0.61 0.64 0.64 0.64 0.64 0.64 0.64 0.64 0.64 0.65 0.64 0.65 0.65 0.65 0.64 0.65 0.65 0.65 0.65 0.65 0.65 0.65 0.64 0.65 0.64 0.64 0.65 0.65 0.65
  per-rule acc: 0.77 0.51
Epoch 2180 | Train: Loss=0.0015 Acc=100.0% | Test: Acc=72.3% | Best=72.3%(@2180)
  from x3: 0.70 0.71 0.71 0.72 0.72 0.72 0.72 0.72 0.72 0.72 0.72 0.73 0.72 0.73 0.73 0.73 0.73 0.73 0.73 0.73 0.73 0.73 0.73 0.73 0.73 0.73 0.73 0.73 0.73
  per-rule acc: 0.80 0.65
Epoch 2200 | Train: Loss=0.0019 Acc=100.0% | Test: Acc=72.9% | Best=72.9%(@2200)
  from x3: 0.69 0.72 0.72 0.73 0.73 0.73 0.73 0.73 0.73 0.73 0.73 0.73 0.73 0.73 0.73 0.73 0.73 0.73 0.73 0.73 0.73 0.73 0.73 0.73 0.74 0.73 0.73 0.73 0.73
  per-rule acc: 0.79 0.67
Epoch 2220 | Train: Loss=0.0013 Acc=100.0% | Test: Acc=74.8% | Best=74.8%(@2220)
  from x3: 0.72 0.73 0.74 0.75 0.75 0.75 0.75 0.75 0.75 0.75 0.75 0.75 0.75 0.75 0.75 0.75 0.75 0.75 0.75 0.75 0.75 0.75 0.75 0.75 0.75 0.75 0.75 0.75 0.75
  per-rule acc: 0.83 0.66
Epoch 2240 | Train: Loss=0.0018 Acc=100.0% | Test: Acc=74.8% | Best=74.8%(@2240)
  from x3: 0.72 0.73 0.74 0.74 0.75 0.75 0.75 0.75 0.75 0.75 0.75 0.75 0.75 0.75 0.75 0.75 0.75 0.75 0.75 0.75 0.75 0.75 0.75 0.75 0.75 0.75 0.75 0.75 0.75
  per-rule acc: 0.81 0.68
Epoch 2260 | Train: Loss=0.0441 Acc=99.5% | Test: Acc=63.6% | Best=74.8%(@2240)
  from x3: 0.59 0.61 0.63 0.63 0.63 0.63 0.64 0.64 0.64 0.64 0.64 0.64 0.64 0.64 0.64 0.64 0.64 0.64 0.64 0.64 0.64 0.64 0.64 0.64 0.64 0.64 0.64 0.64 0.64
  per-rule acc: 0.74 0.54
Epoch 2280 | Train: Loss=0.0015 Acc=100.0% | Test: Acc=76.5% | Best=76.5%(@2280)
  from x3: 0.74 0.75 0.76 0.76 0.76 0.76 0.76 0.77 0.77 0.77 0.77 0.77 0.77 0.77 0.77 0.76 0.77 0.77 0.77 0.77 0.77 0.77 0.77 0.77 0.77 0.77 0.77 0.77 0.77
  per-rule acc: 0.84 0.69
Epoch 2300 | Train: Loss=0.0018 Acc=100.0% | Test: Acc=77.3% | Best=77.3%(@2300)
  from x3: 0.74 0.76 0.77 0.77 0.77 0.77 0.77 0.77 0.78 0.78 0.78 0.78 0.78 0.77 0.78 0.78 0.78 0.78 0.78 0.77 0.78 0.78 0.78 0.78 0.78 0.78 0.78 0.78 0.78
  per-rule acc: 0.83 0.71
Epoch 2320 | Train: Loss=0.0013 Acc=100.0% | Test: Acc=78.3% | Best=78.3%(@2320)
  from x3: 0.74 0.77 0.78 0.78 0.78 0.78 0.78 0.79 0.78 0.79 0.79 0.79 0.79 0.79 0.79 0.79 0.79 0.79 0.78 0.79 0.79 0.79 0.79 0.79 0.78 0.79 0.79 0.79 0.79
  per-rule acc: 0.86 0.70
Epoch 2340 | Train: Loss=0.0017 Acc=100.0% | Test: Acc=78.5% | Best=78.5%(@2340)
  from x3: 0.74 0.77 0.77 0.78 0.78 0.78 0.79 0.79 0.79 0.79 0.79 0.79 0.79 0.79 0.79 0.79 0.79 0.79 0.79 0.79 0.79 0.79 0.79 0.79 0.79 0.79 0.79 0.79 0.79
  per-rule acc: 0.85 0.72
Epoch 2360 | Train: Loss=0.0193 Acc=99.8% | Test: Acc=69.6% | Best=78.5%(@2340)
  from x3: 0.65 0.68 0.68 0.69 0.69 0.70 0.69 0.69 0.70 0.70 0.70 0.70 0.70 0.70 0.70 0.70 0.70 0.70 0.70 0.70 0.70 0.70 0.70 0.70 0.70 0.70 0.70 0.70 0.70
  per-rule acc: 0.78 0.61
Epoch 2380 | Train: Loss=0.0018 Acc=100.0% | Test: Acc=78.0% | Best=78.5%(@2340)
  from x3: 0.76 0.77 0.77 0.78 0.78 0.78 0.78 0.78 0.78 0.78 0.78 0.78 0.78 0.78 0.78 0.78 0.78 0.78 0.78 0.78 0.78 0.78 0.78 0.78 0.78 0.78 0.78 0.78 0.78
  per-rule acc: 0.87 0.69
Epoch 2400 | Train: Loss=0.0016 Acc=100.0% | Test: Acc=79.7% | Best=79.7%(@2400)
  from x3: 0.78 0.78 0.79 0.80 0.80 0.80 0.80 0.80 0.80 0.80 0.80 0.80 0.80 0.80 0.80 0.80 0.80 0.80 0.80 0.80 0.80 0.80 0.80 0.80 0.80 0.80 0.80 0.80 0.80
  per-rule acc: 0.86 0.74
Epoch 2420 | Train: Loss=0.0018 Acc=100.0% | Test: Acc=80.7% | Best=80.7%(@2420)
  from x3: 0.78 0.80 0.80 0.80 0.80 0.81 0.81 0.81 0.81 0.81 0.81 0.81 0.81 0.81 0.81 0.81 0.81 0.81 0.81 0.81 0.81 0.81 0.81 0.81 0.81 0.81 0.81 0.81 0.81
  per-rule acc: 0.86 0.76
Epoch 2440 | Train: Loss=0.0019 Acc=100.0% | Test: Acc=78.8% | Best=80.7%(@2420)
  from x3: 0.75 0.78 0.78 0.78 0.79 0.79 0.79 0.79 0.79 0.79 0.79 0.79 0.79 0.79 0.79 0.79 0.79 0.79 0.79 0.79 0.79 0.79 0.79 0.79 0.79 0.79 0.79 0.79 0.79
  per-rule acc: 0.88 0.70
Epoch 2460 | Train: Loss=0.0016 Acc=100.0% | Test: Acc=82.1% | Best=82.1%(@2460)
  from x3: 0.79 0.81 0.82 0.82 0.82 0.82 0.82 0.82 0.82 0.82 0.82 0.82 0.82 0.82 0.82 0.82 0.82 0.82 0.82 0.82 0.82 0.82 0.82 0.83 0.82 0.83 0.82 0.82 0.83
  per-rule acc: 0.87 0.77
Epoch 2480 | Train: Loss=0.0189 Acc=99.9% | Test: Acc=70.2% | Best=82.1%(@2460)
  from x3: 0.65 0.70 0.70 0.70 0.70 0.70 0.70 0.70 0.70 0.70 0.70 0.70 0.70 0.70 0.70 0.70 0.70 0.71 0.71 0.71 0.71 0.71 0.71 0.71 0.71 0.71 0.71 0.71 0.71
  per-rule acc: 0.80 0.61
Epoch 2500 | Train: Loss=0.0078 Acc=99.9% | Test: Acc=71.9% | Best=82.1%(@2460)
  from x3: 0.67 0.71 0.72 0.72 0.72 0.72 0.72 0.72 0.72 0.72 0.72 0.72 0.72 0.72 0.72 0.72 0.72 0.72 0.72 0.72 0.72 0.72 0.72 0.72 0.72 0.72 0.72 0.72 0.72
  per-rule acc: 0.81 0.63
Epoch 2520 | Train: Loss=0.0013 Acc=100.0% | Test: Acc=84.1% | Best=84.1%(@2520)
  from x3: 0.81 0.84 0.83 0.84 0.84 0.84 0.84 0.84 0.84 0.84 0.84 0.84 0.84 0.84 0.84 0.84 0.84 0.84 0.84 0.84 0.84 0.84 0.84 0.84 0.84 0.84 0.84 0.84 0.84
  per-rule acc: 0.90 0.78
Epoch 2540 | Train: Loss=0.0017 Acc=100.0% | Test: Acc=83.1% | Best=84.1%(@2520)
  from x3: 0.80 0.82 0.82 0.83 0.83 0.83 0.83 0.83 0.83 0.83 0.83 0.83 0.83 0.83 0.83 0.83 0.83 0.83 0.83 0.83 0.83 0.83 0.83 0.83 0.83 0.84 0.84 0.83 0.83
  per-rule acc: 0.88 0.78
Epoch 2560 | Train: Loss=0.0503 Acc=99.5% | Test: Acc=68.3% | Best=84.1%(@2520)
  from x3: 0.61 0.67 0.67 0.68 0.68 0.69 0.69 0.69 0.69 0.68 0.69 0.69 0.69 0.68 0.69 0.69 0.69 0.69 0.69 0.69 0.69 0.69 0.69 0.69 0.69 0.69 0.69 0.69 0.69
  per-rule acc: 0.76 0.61
Epoch 2580 | Train: Loss=0.0013 Acc=100.0% | Test: Acc=85.4% | Best=85.4%(@2580)
  from x3: 0.82 0.84 0.84 0.85 0.85 0.85 0.85 0.86 0.86 0.86 0.86 0.86 0.86 0.86 0.86 0.86 0.86 0.86 0.86 0.86 0.86 0.86 0.85 0.86 0.86 0.86 0.86 0.86 0.86
  per-rule acc: 0.90 0.81
Epoch 2600 | Train: Loss=0.0017 Acc=100.0% | Test: Acc=85.2% | Best=85.4%(@2580)
  from x3: 0.82 0.84 0.84 0.85 0.85 0.85 0.85 0.85 0.85 0.85 0.85 0.85 0.85 0.85 0.86 0.86 0.85 0.86 0.86 0.86 0.86 0.86 0.86 0.86 0.86 0.86 0.86 0.86 0.86
  per-rule acc: 0.90 0.81
Epoch 2620 | Train: Loss=0.0015 Acc=100.0% | Test: Acc=83.8% | Best=85.4%(@2580)
  from x3: 0.81 0.83 0.83 0.84 0.84 0.84 0.84 0.84 0.84 0.84 0.84 0.84 0.84 0.84 0.84 0.84 0.84 0.84 0.84 0.84 0.84 0.84 0.84 0.84 0.84 0.84 0.84 0.84 0.84
  per-rule acc: 0.90 0.78
Epoch 2640 | Train: Loss=0.0013 Acc=100.0% | Test: Acc=85.5% | Best=85.5%(@2640)
  from x3: 0.83 0.84 0.85 0.85 0.85 0.86 0.86 0.86 0.86 0.86 0.86 0.86 0.86 0.86 0.86 0.86 0.86 0.86 0.86 0.86 0.86 0.86 0.86 0.86 0.86 0.86 0.86 0.86 0.86
  per-rule acc: 0.92 0.80
Epoch 2660 | Train: Loss=0.0017 Acc=100.0% | Test: Acc=85.5% | Best=85.5%(@2640)
  from x3: 0.83 0.84 0.85 0.85 0.85 0.85 0.85 0.86 0.86 0.86 0.86 0.86 0.86 0.86 0.86 0.86 0.86 0.86 0.86 0.86 0.86 0.86 0.86 0.86 0.86 0.86 0.86 0.86 0.86
  per-rule acc: 0.90 0.81
Epoch 2680 | Train: Loss=0.0036 Acc=100.0% | Test: Acc=83.4% | Best=85.5%(@2640)
  from x3: 0.79 0.82 0.83 0.83 0.83 0.83 0.83 0.84 0.84 0.84 0.84 0.84 0.84 0.84 0.84 0.84 0.84 0.84 0.84 0.84 0.84 0.84 0.84 0.84 0.84 0.84 0.84 0.84 0.84
  per-rule acc: 0.90 0.77
Epoch 2700 | Train: Loss=0.0015 Acc=100.0% | Test: Acc=86.5% | Best=86.5%(@2700)
  from x3: 0.84 0.86 0.86 0.86 0.86 0.86 0.86 0.87 0.86 0.87 0.87 0.87 0.87 0.87 0.87 0.87 0.87 0.87 0.87 0.87 0.87 0.87 0.87 0.87 0.87 0.87 0.87 0.87 0.87
  per-rule acc: 0.92 0.81
Epoch 2720 | Train: Loss=0.0017 Acc=100.0% | Test: Acc=86.6% | Best=86.6%(@2720)
  from x3: 0.84 0.86 0.86 0.86 0.86 0.87 0.87 0.87 0.87 0.87 0.87 0.87 0.87 0.87 0.87 0.87 0.87 0.87 0.87 0.87 0.87 0.87 0.87 0.87 0.87 0.87 0.87 0.87 0.87
  per-rule acc: 0.92 0.82
Epoch 2740 | Train: Loss=0.0016 Acc=100.0% | Test: Acc=84.2% | Best=86.6%(@2720)
  from x3: 0.82 0.83 0.84 0.84 0.84 0.84 0.84 0.84 0.84 0.84 0.84 0.84 0.84 0.84 0.84 0.84 0.84 0.84 0.84 0.84 0.84 0.84 0.84 0.84 0.84 0.84 0.84 0.84 0.84
  per-rule acc: 0.90 0.79
Epoch 2760 | Train: Loss=0.0014 Acc=100.0% | Test: Acc=85.5% | Best=86.6%(@2720)
  from x3: 0.83 0.85 0.85 0.85 0.85 0.86 0.85 0.85 0.86 0.86 0.86 0.86 0.86 0.85 0.86 0.86 0.86 0.86 0.86 0.86 0.86 0.86 0.86 0.86 0.86 0.86 0.86 0.86 0.86
  per-rule acc: 0.90 0.81
Epoch 2780 | Train: Loss=0.0017 Acc=100.0% | Test: Acc=86.3% | Best=86.6%(@2720)
  from x3: 0.84 0.85 0.86 0.86 0.86 0.86 0.86 0.86 0.86 0.86 0.87 0.87 0.87 0.87 0.87 0.87 0.87 0.87 0.87 0.87 0.87 0.87 0.87 0.87 0.87 0.87 0.87 0.87 0.87
  per-rule acc: 0.91 0.82
Epoch 2800 | Train: Loss=0.0049 Acc=100.0% | Test: Acc=81.4% | Best=86.6%(@2720)
  from x3: 0.79 0.80 0.80 0.81 0.81 0.81 0.81 0.82 0.81 0.81 0.82 0.82 0.82 0.82 0.82 0.82 0.82 0.82 0.82 0.82 0.82 0.82 0.82 0.82 0.82 0.82 0.82 0.82 0.82
  per-rule acc: 0.88 0.74
Epoch 2820 | Train: Loss=0.0014 Acc=100.0% | Test: Acc=87.3% | Best=87.3%(@2820)
  from x3: 0.85 0.86 0.86 0.87 0.87 0.88 0.88 0.88 0.87 0.87 0.88 0.88 0.87 0.87 0.87 0.87 0.88 0.88 0.88 0.88 0.88 0.88 0.88 0.88 0.88 0.88 0.88 0.88 0.88
  per-rule acc: 0.92 0.83
Epoch 2840 | Train: Loss=0.0017 Acc=100.0% | Test: Acc=87.6% | Best=87.6%(@2840)
  from x3: 0.85 0.87 0.87 0.87 0.87 0.88 0.88 0.88 0.88 0.88 0.88 0.88 0.88 0.88 0.88 0.88 0.88 0.88 0.88 0.88 0.88 0.88 0.88 0.88 0.88 0.88 0.88 0.88 0.88
  per-rule acc: 0.92 0.84
Epoch 2860 | Train: Loss=0.0050 Acc=100.0% | Test: Acc=82.6% | Best=87.6%(@2840)
  from x3: 0.79 0.81 0.82 0.82 0.82 0.82 0.83 0.83 0.83 0.83 0.83 0.83 0.83 0.83 0.83 0.83 0.83 0.83 0.83 0.83 0.83 0.83 0.83 0.83 0.83 0.83 0.83 0.83 0.83
  per-rule acc: 0.90 0.76
Epoch 2880 | Train: Loss=0.0015 Acc=100.0% | Test: Acc=88.3% | Best=88.3%(@2880)
  from x3: 0.86 0.87 0.88 0.88 0.88 0.88 0.88 0.88 0.88 0.88 0.88 0.88 0.88 0.88 0.89 0.89 0.88 0.89 0.89 0.89 0.89 0.88 0.88 0.89 0.89 0.88 0.88 0.88 0.88
  per-rule acc: 0.93 0.84
Epoch 2900 | Train: Loss=0.0017 Acc=100.0% | Test: Acc=88.4% | Best=88.4%(@2900)
  from x3: 0.86 0.88 0.88 0.89 0.88 0.89 0.89 0.89 0.89 0.89 0.89 0.89 0.89 0.89 0.89 0.89 0.89 0.89 0.89 0.89 0.88 0.88 0.88 0.88 0.88 0.88 0.88 0.88 0.88
  per-rule acc: 0.93 0.84
Epoch 2920 | Train: Loss=0.0045 Acc=100.0% | Test: Acc=83.3% | Best=88.4%(@2900)
  from x3: 0.79 0.82 0.83 0.83 0.83 0.84 0.83 0.84 0.83 0.84 0.84 0.84 0.83 0.83 0.83 0.84 0.84 0.83 0.84 0.84 0.84 0.84 0.84 0.84 0.84 0.84 0.84 0.84 0.84
  per-rule acc: 0.90 0.77
Epoch 2940 | Train: Loss=0.0046 Acc=100.0% | Test: Acc=86.0% | Best=88.4%(@2900)
  from x3: 0.82 0.85 0.85 0.86 0.86 0.86 0.86 0.86 0.86 0.86 0.86 0.86 0.86 0.86 0.86 0.86 0.86 0.86 0.86 0.86 0.86 0.86 0.86 0.86 0.86 0.86 0.86 0.86 0.86
  per-rule acc: 0.91 0.81
Epoch 2960 | Train: Loss=0.0015 Acc=100.0% | Test: Acc=89.5% | Best=89.5%(@2960)
  from x3: 0.87 0.89 0.89 0.89 0.89 0.90 0.90 0.89 0.90 0.90 0.90 0.90 0.90 0.90 0.90 0.90 0.89 0.89 0.89 0.90 0.90 0.90 0.90 0.90 0.90 0.90 0.90 0.90 0.90
  per-rule acc: 0.93 0.86
Epoch 2980 | Train: Loss=0.0017 Acc=100.0% | Test: Acc=89.6% | Best=89.6%(@2980)
  from x3: 0.87 0.88 0.89 0.89 0.89 0.90 0.89 0.90 0.90 0.90 0.90 0.90 0.90 0.90 0.90 0.90 0.90 0.90 0.90 0.90 0.90 0.90 0.90 0.90 0.90 0.90 0.90 0.90 0.90
  per-rule acc: 0.93 0.86
Epoch 3000 | Train: Loss=0.0023 Acc=100.0% | Test: Acc=86.3% | Best=89.6%(@2980)
  from x3: 0.83 0.85 0.85 0.86 0.86 0.86 0.86 0.86 0.87 0.86 0.87 0.86 0.86 0.87 0.87 0.87 0.87 0.87 0.87 0.87 0.87 0.87 0.87 0.87 0.87 0.87 0.87 0.87 0.87
  per-rule acc: 0.92 0.81
Epoch 3020 | Train: Loss=0.0014 Acc=100.0% | Test: Acc=88.4% | Best=89.6%(@2980)
  from x3: 0.86 0.87 0.88 0.89 0.88 0.88 0.88 0.88 0.89 0.89 0.89 0.88 0.89 0.89 0.89 0.89 0.89 0.89 0.89 0.89 0.89 0.89 0.89 0.88 0.89 0.89 0.89 0.89 0.89
  per-rule acc: 0.93 0.84
Epoch 3040 | Train: Loss=0.0017 Acc=100.0% | Test: Acc=89.2% | Best=89.6%(@2980)
  from x3: 0.87 0.88 0.89 0.89 0.89 0.89 0.89 0.89 0.89 0.89 0.89 0.89 0.89 0.89 0.89 0.89 0.89 0.89 0.90 0.89 0.89 0.89 0.89 0.89 0.90 0.90 0.89 0.89 0.90
  per-rule acc: 0.93 0.85
Epoch 3060 | Train: Loss=0.0229 Acc=99.8% | Test: Acc=77.6% | Best=89.6%(@2980)
  from x3: 0.72 0.75 0.76 0.77 0.77 0.77 0.77 0.78 0.78 0.78 0.78 0.78 0.78 0.78 0.78 0.78 0.78 0.78 0.78 0.78 0.78 0.78 0.78 0.78 0.78 0.78 0.78 0.78 0.78
  per-rule acc: 0.84 0.71
Epoch 3080 | Train: Loss=0.0013 Acc=100.0% | Test: Acc=90.6% | Best=90.6%(@3080)
  from x3: 0.88 0.90 0.90 0.91 0.91 0.91 0.91 0.91 0.91 0.91 0.91 0.91 0.91 0.91 0.91 0.91 0.91 0.91 0.91 0.91 0.91 0.91 0.91 0.91 0.91 0.91 0.91 0.91 0.91
  per-rule acc: 0.95 0.87
Epoch 3100 | Train: Loss=0.0017 Acc=100.0% | Test: Acc=90.4% | Best=90.6%(@3080)
  from x3: 0.88 0.90 0.90 0.90 0.90 0.90 0.90 0.90 0.90 0.91 0.91 0.91 0.91 0.91 0.91 0.91 0.91 0.91 0.91 0.91 0.91 0.91 0.91 0.91 0.90 0.91 0.91 0.90 0.90
  per-rule acc: 0.95 0.86
Epoch 3120 | Train: Loss=0.0214 Acc=99.8% | Test: Acc=80.5% | Best=90.6%(@3080)
  from x3: 0.76 0.79 0.80 0.80 0.80 0.80 0.80 0.81 0.81 0.81 0.81 0.81 0.81 0.81 0.81 0.81 0.81 0.81 0.81 0.81 0.81 0.81 0.81 0.81 0.81 0.81 0.81 0.81 0.81
  per-rule acc: 0.87 0.74
Epoch 3140 | Train: Loss=0.0013 Acc=100.0% | Test: Acc=90.1% | Best=90.6%(@3080)
  from x3: 0.88 0.89 0.90 0.90 0.90 0.90 0.90 0.90 0.90 0.90 0.90 0.90 0.90 0.90 0.90 0.90 0.90 0.90 0.90 0.90 0.90 0.90 0.90 0.90 0.90 0.90 0.90 0.90 0.90
  per-rule acc: 0.95 0.86
Epoch 3160 | Train: Loss=0.0016 Acc=100.0% | Test: Acc=90.3% | Best=90.6%(@3080)
  from x3: 0.88 0.89 0.90 0.90 0.90 0.90 0.90 0.90 0.90 0.90 0.90 0.91 0.90 0.90 0.90 0.90 0.91 0.91 0.91 0.91 0.91 0.91 0.91 0.91 0.90 0.90 0.90 0.90 0.90
  per-rule acc: 0.94 0.86
Epoch 3180 | Train: Loss=0.0023 Acc=100.0% | Test: Acc=88.7% | Best=90.6%(@3080)
  from x3: 0.86 0.87 0.88 0.88 0.88 0.88 0.89 0.89 0.89 0.89 0.89 0.89 0.89 0.89 0.89 0.89 0.89 0.89 0.89 0.89 0.89 0.89 0.89 0.89 0.89 0.89 0.89 0.89 0.89
  per-rule acc: 0.93 0.84
Epoch 3200 | Train: Loss=0.0014 Acc=100.0% | Test: Acc=90.7% | Best=90.7%(@3200)
  from x3: 0.88 0.90 0.90 0.91 0.90 0.91 0.91 0.91 0.91 0.91 0.91 0.91 0.91 0.91 0.91 0.91 0.91 0.91 0.91 0.91 0.91 0.91 0.91 0.91 0.91 0.91 0.91 0.91 0.91
  per-rule acc: 0.94 0.87
Epoch 3220 | Train: Loss=0.0017 Acc=100.0% | Test: Acc=90.7% | Best=90.7%(@3220)
  from x3: 0.88 0.90 0.91 0.91 0.91 0.91 0.91 0.91 0.91 0.91 0.91 0.91 0.91 0.91 0.91 0.91 0.91 0.91 0.91 0.91 0.91 0.91 0.91 0.91 0.91 0.91 0.91 0.91 0.91
  per-rule acc: 0.94 0.87
Epoch 3240 | Train: Loss=0.0067 Acc=99.9% | Test: Acc=85.0% | Best=90.7%(@3220)
  from x3: 0.81 0.84 0.84 0.85 0.85 0.85 0.85 0.85 0.85 0.85 0.85 0.85 0.85 0.85 0.85 0.85 0.85 0.85 0.85 0.85 0.85 0.85 0.86 0.85 0.85 0.85 0.85 0.85 0.85
  per-rule acc: 0.91 0.79
Epoch 3260 | Train: Loss=0.0013 Acc=100.0% | Test: Acc=91.2% | Best=91.2%(@3260)
  from x3: 0.88 0.90 0.91 0.91 0.91 0.91 0.91 0.91 0.91 0.91 0.91 0.91 0.91 0.91 0.91 0.91 0.91 0.91 0.91 0.91 0.91 0.91 0.91 0.91 0.91 0.91 0.91 0.91 0.91
  per-rule acc: 0.95 0.88
Epoch 3280 | Train: Loss=0.0016 Acc=100.0% | Test: Acc=90.7% | Best=91.2%(@3260)
  from x3: 0.88 0.90 0.90 0.91 0.91 0.91 0.91 0.91 0.91 0.91 0.91 0.91 0.91 0.91 0.91 0.91 0.91 0.91 0.91 0.91 0.91 0.91 0.91 0.91 0.91 0.91 0.91 0.91 0.91
  per-rule acc: 0.94 0.87
Epoch 3300 | Train: Loss=0.0074 Acc=99.9% | Test: Acc=86.2% | Best=91.2%(@3260)
  from x3: 0.80 0.85 0.86 0.86 0.86 0.86 0.86 0.86 0.86 0.86 0.86 0.86 0.86 0.87 0.87 0.87 0.87 0.87 0.87 0.87 0.87 0.87 0.87 0.87 0.87 0.87 0.87 0.87 0.87
  per-rule acc: 0.93 0.80
Epoch 3320 | Train: Loss=0.0013 Acc=100.0% | Test: Acc=91.7% | Best=91.7%(@3320)
  from x3: 0.88 0.91 0.91 0.91 0.92 0.92 0.92 0.92 0.92 0.92 0.92 0.92 0.92 0.92 0.92 0.92 0.92 0.92 0.92 0.92 0.92 0.92 0.92 0.92 0.92 0.92 0.92 0.92 0.92
  per-rule acc: 0.95 0.88
Epoch 3340 | Train: Loss=0.0016 Acc=100.0% | Test: Acc=91.1% | Best=91.7%(@3320)
  from x3: 0.89 0.90 0.91 0.91 0.91 0.91 0.91 0.91 0.91 0.91 0.91 0.91 0.91 0.91 0.91 0.91 0.91 0.91 0.91 0.91 0.91 0.91 0.91 0.91 0.91 0.91 0.91 0.91 0.91
  per-rule acc: 0.94 0.88
Epoch 3360 | Train: Loss=0.0023 Acc=100.0% | Test: Acc=89.8% | Best=91.7%(@3320)
  from x3: 0.86 0.89 0.89 0.89 0.90 0.90 0.90 0.90 0.90 0.90 0.90 0.90 0.90 0.90 0.90 0.90 0.90 0.90 0.90 0.90 0.90 0.90 0.90 0.90 0.90 0.90 0.90 0.90 0.90
  per-rule acc: 0.94 0.85
Epoch 3380 | Train: Loss=0.0015 Acc=100.0% | Test: Acc=91.6% | Best=91.7%(@3320)
  from x3: 0.89 0.91 0.92 0.91 0.92 0.92 0.92 0.92 0.92 0.92 0.92 0.92 0.92 0.92 0.92 0.92 0.92 0.92 0.92 0.92 0.92 0.92 0.92 0.92 0.92 0.92 0.92 0.92 0.92
  per-rule acc: 0.95 0.88
Epoch 3400 | Train: Loss=0.0363 Acc=99.6% | Test: Acc=82.1% | Best=91.7%(@3320)
  from x3: 0.76 0.80 0.81 0.82 0.82 0.82 0.82 0.82 0.82 0.82 0.82 0.83 0.82 0.82 0.82 0.83 0.82 0.83 0.83 0.83 0.83 0.83 0.83 0.83 0.83 0.83 0.83 0.83 0.83
  per-rule acc: 0.88 0.76
Epoch 3420 | Train: Loss=0.0012 Acc=100.0% | Test: Acc=91.5% | Best=91.7%(@3320)
  from x3: 0.90 0.90 0.91 0.91 0.91 0.91 0.91 0.92 0.92 0.92 0.92 0.92 0.92 0.92 0.92 0.92 0.92 0.92 0.92 0.92 0.92 0.92 0.92 0.92 0.92 0.92 0.92 0.92 0.92
  per-rule acc: 0.95 0.88
Epoch 3440 | Train: Loss=0.0016 Acc=100.0% | Test: Acc=91.2% | Best=91.7%(@3320)
  from x3: 0.88 0.91 0.91 0.91 0.91 0.91 0.91 0.92 0.92 0.91 0.91 0.91 0.91 0.91 0.91 0.91 0.91 0.91 0.91 0.91 0.91 0.91 0.91 0.91 0.91 0.91 0.91 0.91 0.91
  per-rule acc: 0.95 0.87
Epoch 3460 | Train: Loss=0.0296 Acc=99.7% | Test: Acc=79.9% | Best=91.7%(@3320)
  from x3: 0.74 0.78 0.78 0.79 0.80 0.80 0.80 0.80 0.80 0.80 0.80 0.80 0.80 0.80 0.80 0.80 0.80 0.81 0.81 0.81 0.81 0.81 0.81 0.81 0.81 0.81 0.81 0.81 0.81
  per-rule acc: 0.88 0.72
Epoch 3480 | Train: Loss=0.0016 Acc=100.0% | Test: Acc=89.4% | Best=91.7%(@3320)
  from x3: 0.86 0.89 0.89 0.89 0.89 0.89 0.89 0.90 0.89 0.89 0.90 0.90 0.90 0.90 0.90 0.90 0.90 0.90 0.90 0.90 0.90 0.90 0.90 0.90 0.90 0.90 0.90 0.90 0.90
  per-rule acc: 0.95 0.84
Epoch 3500 | Train: Loss=0.0016 Acc=100.0% | Test: Acc=91.4% | Best=91.7%(@3320)
  from x3: 0.89 0.91 0.92 0.92 0.92 0.92 0.92 0.92 0.92 0.92 0.92 0.91 0.92 0.91 0.91 0.91 0.91 0.92 0.92 0.92 0.92 0.92 0.92 0.91 0.91 0.92 0.91 0.92 0.92
  per-rule acc: 0.95 0.88
Epoch 3520 | Train: Loss=0.0017 Acc=100.0% | Test: Acc=91.1% | Best=91.7%(@3320)
  from x3: 0.89 0.90 0.91 0.91 0.91 0.91 0.91 0.91 0.91 0.91 0.91 0.91 0.91 0.91 0.91 0.91 0.91 0.91 0.91 0.91 0.91 0.91 0.91 0.91 0.91 0.91 0.91 0.91 0.91
  per-rule acc: 0.95 0.87
Epoch 3540 | Train: Loss=0.0011 Acc=100.0% | Test: Acc=92.2% | Best=92.2%(@3540)
  from x3: 0.89 0.91 0.92 0.92 0.92 0.92 0.92 0.92 0.92 0.92 0.92 0.92 0.92 0.92 0.92 0.92 0.92 0.92 0.93 0.93 0.92 0.92 0.93 0.92 0.92 0.93 0.92 0.92 0.92
  per-rule acc: 0.96 0.88
Epoch 3560 | Train: Loss=0.0014 Acc=100.0% | Test: Acc=91.9% | Best=92.2%(@3540)
  from x3: 0.89 0.91 0.92 0.92 0.92 0.92 0.92 0.92 0.92 0.92 0.92 0.92 0.92 0.92 0.92 0.92 0.92 0.92 0.92 0.92 0.92 0.92 0.92 0.92 0.92 0.92 0.92 0.92 0.92
  per-rule acc: 0.96 0.88
Epoch 3580 | Train: Loss=0.0016 Acc=100.0% | Test: Acc=91.5% | Best=92.2%(@3540)
  from x3: 0.89 0.91 0.91 0.92 0.92 0.92 0.92 0.92 0.92 0.92 0.92 0.92 0.92 0.92 0.92 0.92 0.92 0.92 0.92 0.91 0.92 0.92 0.91 0.91 0.91 0.91 0.91 0.91 0.91
  per-rule acc: 0.95 0.88
Epoch 3600 | Train: Loss=0.0019 Acc=100.0% | Test: Acc=90.8% | Best=92.2%(@3540)
  from x3: 0.87 0.90 0.90 0.91 0.91 0.91 0.91 0.91 0.91 0.91 0.91 0.91 0.91 0.91 0.91 0.91 0.91 0.91 0.91 0.91 0.91 0.91 0.91 0.91 0.91 0.91 0.91 0.91 0.91
  per-rule acc: 0.96 0.85
Epoch 3620 | Train: Loss=0.0014 Acc=100.0% | Test: Acc=91.8% | Best=92.2%(@3540)
  from x3: 0.90 0.91 0.92 0.92 0.92 0.92 0.92 0.92 0.92 0.92 0.92 0.92 0.92 0.92 0.92 0.92 0.92 0.92 0.92 0.92 0.92 0.92 0.92 0.92 0.92 0.92 0.92 0.92 0.92
  per-rule acc: 0.96 0.88
Epoch 3640 | Train: Loss=0.0015 Acc=100.0% | Test: Acc=91.6% | Best=92.2%(@3540)
  from x3: 0.89 0.91 0.91 0.91 0.92 0.92 0.92 0.92 0.92 0.92 0.92 0.92 0.92 0.92 0.92 0.92 0.92 0.92 0.92 0.92 0.92 0.92 0.92 0.92 0.92 0.92 0.92 0.92 0.92
  per-rule acc: 0.95 0.88
Epoch 3660 | Train: Loss=0.0011 Acc=100.0% | Test: Acc=92.1% | Best=92.2%(@3540)
  from x3: 0.90 0.91 0.92 0.92 0.92 0.92 0.92 0.92 0.92 0.92 0.92 0.92 0.92 0.92 0.92 0.92 0.92 0.92 0.92 0.92 0.92 0.92 0.92 0.92 0.92 0.92 0.92 0.92 0.92
  per-rule acc: 0.96 0.88
Epoch 3680 | Train: Loss=0.0014 Acc=100.0% | Test: Acc=92.3% | Best=92.3%(@3680)
  from x3: 0.89 0.92 0.92 0.92 0.92 0.92 0.92 0.92 0.92 0.92 0.92 0.93 0.92 0.93 0.92 0.92 0.93 0.93 0.93 0.92 0.92 0.93 0.92 0.92 0.92 0.93 0.92 0.92 0.92
  per-rule acc: 0.96 0.89
Epoch 3700 | Train: Loss=0.0375 Acc=99.5% | Test: Acc=80.8% | Best=92.3%(@3680)
  from x3: 0.75 0.79 0.79 0.80 0.81 0.81 0.81 0.81 0.81 0.81 0.81 0.81 0.81 0.81 0.81 0.81 0.81 0.81 0.81 0.81 0.81 0.81 0.81 0.81 0.81 0.81 0.81 0.81 0.81
  per-rule acc: 0.87 0.75
Epoch 3720 | Train: Loss=0.0011 Acc=100.0% | Test: Acc=92.5% | Best=92.5%(@3720)
  from x3: 0.90 0.91 0.92 0.92 0.92 0.93 0.92 0.93 0.93 0.93 0.93 0.93 0.93 0.93 0.93 0.93 0.93 0.93 0.93 0.93 0.93 0.93 0.93 0.93 0.93 0.93 0.93 0.93 0.93
  per-rule acc: 0.96 0.89
Epoch 3740 | Train: Loss=0.0015 Acc=100.0% | Test: Acc=92.1% | Best=92.5%(@3720)
  from x3: 0.90 0.91 0.92 0.92 0.92 0.92 0.92 0.92 0.92 0.92 0.92 0.92 0.92 0.92 0.92 0.92 0.92 0.92 0.92 0.92 0.92 0.92 0.92 0.92 0.92 0.92 0.92 0.92 0.92
  per-rule acc: 0.96 0.89
Epoch 3760 | Train: Loss=0.0016 Acc=100.0% | Test: Acc=91.8% | Best=92.5%(@3720)
  from x3: 0.89 0.91 0.91 0.92 0.92 0.92 0.92 0.92 0.92 0.92 0.92 0.92 0.92 0.92 0.92 0.92 0.92 0.92 0.92 0.92 0.92 0.92 0.92 0.92 0.92 0.92 0.92 0.92 0.92
  per-rule acc: 0.96 0.88
Epoch 3780 | Train: Loss=0.0015 Acc=100.0% | Test: Acc=91.3% | Best=92.5%(@3720)
  from x3: 0.88 0.90 0.91 0.91 0.91 0.91 0.91 0.91 0.91 0.91 0.91 0.91 0.92 0.92 0.92 0.92 0.92 0.92 0.91 0.92 0.92 0.92 0.91 0.91 0.91 0.91 0.91 0.91 0.91
  per-rule acc: 0.96 0.86
Epoch 3800 | Train: Loss=0.0014 Acc=100.0% | Test: Acc=92.2% | Best=92.5%(@3720)
  from x3: 0.90 0.91 0.92 0.92 0.92 0.93 0.93 0.93 0.93 0.93 0.92 0.92 0.92 0.92 0.92 0.92 0.92 0.92 0.92 0.92 0.92 0.92 0.92 0.92 0.92 0.92 0.92 0.92 0.92
  per-rule acc: 0.96 0.88
Epoch 3820 | Train: Loss=0.0016 Acc=100.0% | Test: Acc=92.1% | Best=92.5%(@3720)
  from x3: 0.90 0.91 0.92 0.92 0.92 0.92 0.92 0.92 0.92 0.92 0.92 0.92 0.92 0.92 0.92 0.92 0.92 0.92 0.92 0.92 0.92 0.92 0.92 0.92 0.92 0.92 0.92 0.92 0.92
  per-rule acc: 0.96 0.88
Epoch 3840 | Train: Loss=0.0012 Acc=100.0% | Test: Acc=91.4% | Best=92.5%(@3720)
  from x3: 0.88 0.90 0.91 0.91 0.91 0.91 0.92 0.91 0.91 0.91 0.92 0.92 0.92 0.92 0.91 0.91 0.92 0.92 0.92 0.92 0.92 0.92 0.92 0.92 0.92 0.92 0.92 0.92 0.92
  per-rule acc: 0.96 0.87
Epoch 3860 | Train: Loss=0.0014 Acc=100.0% | Test: Acc=91.6% | Best=92.5%(@3720)
  from x3: 0.89 0.91 0.91 0.92 0.92 0.92 0.92 0.92 0.92 0.92 0.92 0.92 0.92 0.92 0.92 0.92 0.92 0.92 0.92 0.92 0.92 0.92 0.92 0.92 0.92 0.92 0.92 0.92 0.92
  per-rule acc: 0.96 0.87
Epoch 3880 | Train: Loss=0.0365 Acc=99.4% | Test: Acc=78.5% | Best=92.5%(@3720)
  from x3: 0.71 0.77 0.77 0.78 0.78 0.78 0.78 0.79 0.79 0.79 0.79 0.79 0.79 0.79 0.79 0.79 0.79 0.79 0.79 0.79 0.79 0.79 0.79 0.79 0.79 0.79 0.79 0.79 0.79
  per-rule acc: 0.86 0.71
Epoch 3900 | Train: Loss=0.0012 Acc=100.0% | Test: Acc=93.0% | Best=93.0%(@3900)
  from x3: 0.91 0.92 0.93 0.93 0.93 0.93 0.93 0.93 0.93 0.93 0.93 0.93 0.93 0.93 0.93 0.93 0.93 0.93 0.93 0.93 0.93 0.93 0.93 0.93 0.93 0.93 0.93 0.93 0.93
  per-rule acc: 0.97 0.89
Epoch 3920 | Train: Loss=0.0016 Acc=100.0% | Test: Acc=91.8% | Best=93.0%(@3900)
  from x3: 0.90 0.92 0.92 0.92 0.92 0.92 0.92 0.92 0.92 0.92 0.92 0.92 0.92 0.92 0.92 0.92 0.92 0.92 0.92 0.92 0.92 0.92 0.92 0.92 0.92 0.92 0.92 0.92 0.92
  per-rule acc: 0.96 0.88
Epoch 3940 | Train: Loss=0.0013 Acc=100.0% | Test: Acc=92.4% | Best=93.0%(@3900)
  from x3: 0.89 0.91 0.92 0.92 0.92 0.93 0.92 0.93 0.93 0.93 0.93 0.93 0.93 0.93 0.93 0.93 0.93 0.93 0.93 0.93 0.93 0.93 0.93 0.93 0.93 0.93 0.93 0.93 0.93
  per-rule acc: 0.96 0.88
Epoch 3960 | Train: Loss=0.0014 Acc=100.0% | Test: Acc=92.2% | Best=93.0%(@3900)
  from x3: 0.90 0.91 0.92 0.92 0.92 0.92 0.92 0.92 0.92 0.92 0.92 0.92 0.92 0.92 0.92 0.92 0.92 0.92 0.92 0.92 0.92 0.92 0.92 0.92 0.92 0.92 0.92 0.92 0.92
  per-rule acc: 0.96 0.88
Epoch 3980 | Train: Loss=0.0016 Acc=100.0% | Test: Acc=92.1% | Best=93.0%(@3900)
  from x3: 0.90 0.91 0.92 0.92 0.92 0.92 0.92 0.92 0.92 0.92 0.92 0.92 0.92 0.92 0.92 0.92 0.92 0.92 0.92 0.92 0.92 0.92 0.92 0.92 0.92 0.92 0.92 0.92 0.92
  per-rule acc: 0.96 0.89
Epoch 4000 | Train: Loss=0.0026 Acc=100.0% | Test: Acc=89.6% | Best=93.0%(@3900)
  from x3: 0.86 0.88 0.89 0.89 0.90 0.90 0.90 0.90 0.90 0.90 0.90 0.90 0.90 0.90 0.90 0.90 0.90 0.90 0.90 0.90 0.90 0.90 0.90 0.90 0.90 0.90 0.90 0.90 0.90
  per-rule acc: 0.96 0.83
Epoch 4020 | Train: Loss=0.0013 Acc=100.0% | Test: Acc=92.4% | Best=93.0%(@3900)
  from x3: 0.91 0.92 0.92 0.92 0.92 0.92 0.92 0.92 0.93 0.93 0.92 0.93 0.92 0.92 0.93 0.93 0.93 0.93 0.93 0.93 0.93 0.93 0.92 0.93 0.92 0.92 0.92 0.92 0.92
  per-rule acc: 0.96 0.89
Epoch 4040 | Train: Loss=0.0015 Acc=100.0% | Test: Acc=92.2% | Best=93.0%(@3900)
  from x3: 0.90 0.91 0.92 0.92 0.93 0.93 0.93 0.93 0.92 0.92 0.92 0.92 0.92 0.92 0.92 0.92 0.92 0.92 0.92 0.92 0.92 0.92 0.92 0.92 0.92 0.92 0.92 0.92 0.92
  per-rule acc: 0.96 0.88
Epoch 4060 | Train: Loss=0.0012 Acc=100.0% | Test: Acc=93.8% | Best=93.8%(@4060)
  from x3: 0.91 0.93 0.94 0.94 0.94 0.94 0.94 0.94 0.94 0.94 0.94 0.94 0.94 0.94 0.94 0.94 0.94 0.94 0.94 0.94 0.94 0.94 0.94 0.94 0.94 0.94 0.94 0.94 0.94
  per-rule acc: 0.97 0.91
Epoch 4080 | Train: Loss=0.0014 Acc=100.0% | Test: Acc=92.7% | Best=93.8%(@4060)
  from x3: 0.90 0.92 0.93 0.93 0.93 0.93 0.93 0.93 0.93 0.93 0.93 0.93 0.93 0.93 0.93 0.93 0.93 0.93 0.93 0.93 0.93 0.93 0.93 0.93 0.93 0.93 0.92 0.93 0.92
  per-rule acc: 0.96 0.89
Epoch 4100 | Train: Loss=0.0163 Acc=99.8% | Test: Acc=85.6% | Best=93.8%(@4060)
  from x3: 0.80 0.83 0.83 0.85 0.86 0.86 0.86 0.86 0.86 0.86 0.86 0.86 0.86 0.86 0.86 0.86 0.86 0.86 0.86 0.86 0.86 0.86 0.86 0.86 0.86 0.86 0.86 0.86 0.86
  per-rule acc: 0.91 0.80
Epoch 4120 | Train: Loss=0.0012 Acc=100.0% | Test: Acc=93.3% | Best=93.8%(@4060)
  from x3: 0.90 0.92 0.93 0.93 0.93 0.94 0.94 0.94 0.94 0.93 0.94 0.94 0.94 0.93 0.93 0.93 0.93 0.93 0.93 0.93 0.93 0.93 0.93 0.93 0.93 0.93 0.93 0.93 0.93
  per-rule acc: 0.97 0.90
Epoch 4140 | Train: Loss=0.0015 Acc=100.0% | Test: Acc=92.5% | Best=93.8%(@4060)
  from x3: 0.90 0.91 0.92 0.93 0.93 0.93 0.93 0.93 0.93 0.93 0.93 0.93 0.93 0.93 0.93 0.93 0.93 0.93 0.93 0.92 0.93 0.93 0.92 0.92 0.92 0.92 0.92 0.92 0.92
  per-rule acc: 0.96 0.89
Epoch 4160 | Train: Loss=0.0117 Acc=99.9% | Test: Acc=86.0% | Best=93.8%(@4060)
  from x3: 0.80 0.84 0.84 0.85 0.85 0.86 0.86 0.86 0.86 0.86 0.86 0.86 0.86 0.86 0.86 0.87 0.87 0.87 0.87 0.87 0.87 0.87 0.87 0.87 0.87 0.87 0.87 0.87 0.87
  per-rule acc: 0.92 0.80
Epoch 4180 | Train: Loss=0.0013 Acc=100.0% | Test: Acc=92.9% | Best=93.8%(@4060)
  from x3: 0.90 0.92 0.93 0.93 0.93 0.93 0.93 0.93 0.93 0.93 0.93 0.93 0.93 0.93 0.93 0.93 0.93 0.93 0.93 0.93 0.93 0.93 0.93 0.93 0.93 0.93 0.93 0.93 0.93
  per-rule acc: 0.97 0.89
Epoch 4200 | Train: Loss=0.0015 Acc=100.0% | Test: Acc=92.4% | Best=93.8%(@4060)
  from x3: 0.90 0.92 0.92 0.93 0.93 0.93 0.93 0.93 0.93 0.93 0.93 0.93 0.93 0.93 0.93 0.92 0.92 0.92 0.92 0.92 0.92 0.93 0.92 0.92 0.93 0.93 0.92 0.92 0.92
  per-rule acc: 0.96 0.89
Epoch 4220 | Train: Loss=0.0017 Acc=100.0% | Test: Acc=91.4% | Best=93.8%(@4060)
  from x3: 0.88 0.90 0.91 0.92 0.92 0.92 0.92 0.91 0.92 0.92 0.91 0.92 0.92 0.91 0.92 0.91 0.92 0.92 0.92 0.92 0.92 0.91 0.92 0.92 0.92 0.92 0.92 0.92 0.92
  per-rule acc: 0.96 0.87
Epoch 4240 | Train: Loss=0.0013 Acc=100.0% | Test: Acc=92.6% | Best=93.8%(@4060)
  from x3: 0.90 0.91 0.93 0.93 0.93 0.93 0.93 0.93 0.93 0.93 0.93 0.93 0.93 0.93 0.93 0.93 0.93 0.92 0.93 0.93 0.93 0.93 0.93 0.93 0.93 0.93 0.93 0.92 0.93
  per-rule acc: 0.96 0.89
Epoch 4260 | Train: Loss=0.0016 Acc=100.0% | Test: Acc=92.1% | Best=93.8%(@4060)
  from x3: 0.90 0.91 0.92 0.93 0.92 0.93 0.92 0.92 0.92 0.92 0.92 0.92 0.92 0.92 0.92 0.92 0.92 0.92 0.92 0.92 0.92 0.92 0.92 0.92 0.92 0.92 0.92 0.92 0.92
  per-rule acc: 0.96 0.88
Epoch 4280 | Train: Loss=0.0057 Acc=99.9% | Test: Acc=88.7% | Best=93.8%(@4060)
  from x3: 0.83 0.87 0.88 0.88 0.89 0.89 0.89 0.89 0.89 0.89 0.89 0.89 0.89 0.89 0.89 0.89 0.89 0.89 0.89 0.89 0.89 0.89 0.89 0.89 0.89 0.89 0.89 0.89 0.89
  per-rule acc: 0.95 0.82
Epoch 4300 | Train: Loss=0.0013 Acc=100.0% | Test: Acc=93.1% | Best=93.8%(@4060)
  from x3: 0.91 0.92 0.93 0.93 0.93 0.93 0.93 0.93 0.93 0.93 0.93 0.93 0.93 0.93 0.93 0.93 0.93 0.93 0.93 0.93 0.93 0.93 0.93 0.93 0.93 0.93 0.93 0.93 0.93
  per-rule acc: 0.97 0.90
Epoch 4320 | Train: Loss=0.0016 Acc=100.0% | Test: Acc=92.6% | Best=93.8%(@4060)
  from x3: 0.90 0.92 0.92 0.93 0.93 0.93 0.93 0.93 0.93 0.93 0.93 0.93 0.93 0.93 0.93 0.93 0.93 0.93 0.93 0.93 0.93 0.93 0.93 0.93 0.93 0.93 0.93 0.92 0.92
  per-rule acc: 0.96 0.89
Epoch 4340 | Train: Loss=0.0012 Acc=100.0% | Test: Acc=93.5% | Best=93.8%(@4060)
  from x3: 0.91 0.92 0.93 0.93 0.94 0.94 0.94 0.93 0.94 0.93 0.93 0.94 0.94 0.94 0.94 0.94 0.94 0.94 0.94 0.94 0.94 0.94 0.94 0.94 0.94 0.94 0.94 0.94 0.94
  per-rule acc: 0.97 0.90
Epoch 4360 | Train: Loss=0.0015 Acc=100.0% | Test: Acc=92.7% | Best=93.8%(@4060)
  from x3: 0.90 0.92 0.92 0.93 0.93 0.93 0.93 0.93 0.93 0.93 0.93 0.93 0.93 0.93 0.93 0.93 0.93 0.93 0.93 0.93 0.93 0.93 0.93 0.93 0.93 0.93 0.93 0.93 0.93
  per-rule acc: 0.96 0.89
Epoch 4380 | Train: Loss=0.0015 Acc=100.0% | Test: Acc=92.5% | Best=93.8%(@4060)
  from x3: 0.90 0.92 0.92 0.93 0.93 0.93 0.93 0.93 0.93 0.93 0.93 0.93 0.93 0.93 0.93 0.93 0.93 0.93 0.93 0.93 0.93 0.93 0.93 0.92 0.92 0.92 0.92 0.92 0.92
  per-rule acc: 0.96 0.89
Epoch 4400 | Train: Loss=0.0018 Acc=100.0% | Test: Acc=91.0% | Best=93.8%(@4060)
  from x3: 0.88 0.90 0.91 0.91 0.91 0.91 0.91 0.91 0.91 0.91 0.91 0.91 0.91 0.91 0.91 0.91 0.91 0.91 0.91 0.91 0.91 0.91 0.91 0.91 0.91 0.91 0.91 0.91 0.91
  per-rule acc: 0.96 0.86
Epoch 4420 | Train: Loss=0.0013 Acc=100.0% | Test: Acc=92.9% | Best=93.8%(@4060)
  from x3: 0.91 0.92 0.93 0.93 0.93 0.93 0.93 0.93 0.93 0.93 0.93 0.93 0.93 0.93 0.93 0.93 0.93 0.93 0.93 0.93 0.93 0.93 0.93 0.93 0.93 0.93 0.93 0.93 0.93
  per-rule acc: 0.97 0.89
Epoch 4440 | Train: Loss=0.0017 Acc=100.0% | Test: Acc=91.6% | Best=93.8%(@4060)
  from x3: 0.89 0.91 0.91 0.92 0.92 0.92 0.92 0.92 0.92 0.92 0.92 0.92 0.92 0.92 0.92 0.92 0.92 0.92 0.92 0.92 0.92 0.92 0.92 0.92 0.92 0.92 0.92 0.92 0.92
  per-rule acc: 0.95 0.88
Epoch 4460 | Train: Loss=0.0012 Acc=100.0% | Test: Acc=93.3% | Best=93.8%(@4060)
  from x3: 0.90 0.92 0.93 0.93 0.93 0.94 0.93 0.93 0.94 0.93 0.93 0.93 0.93 0.93 0.93 0.93 0.93 0.94 0.93 0.93 0.93 0.93 0.93 0.93 0.93 0.93 0.93 0.93 0.93
  per-rule acc: 0.97 0.90
Epoch 4480 | Train: Loss=0.0014 Acc=100.0% | Test: Acc=92.9% | Best=93.8%(@4060)
  from x3: 0.91 0.92 0.93 0.93 0.93 0.93 0.93 0.93 0.93 0.93 0.93 0.93 0.93 0.93 0.93 0.93 0.93 0.93 0.93 0.93 0.93 0.93 0.93 0.93 0.93 0.93 0.93 0.93 0.93
  per-rule acc: 0.96 0.89
Epoch 4500 | Train: Loss=0.0015 Acc=100.0% | Test: Acc=92.5% | Best=93.8%(@4060)
  from x3: 0.90 0.92 0.92 0.93 0.93 0.93 0.93 0.93 0.93 0.93 0.93 0.93 0.93 0.93 0.93 0.93 0.93 0.93 0.93 0.93 0.93 0.93 0.93 0.93 0.93 0.93 0.92 0.92 0.92
  per-rule acc: 0.96 0.89
Epoch 4520 | Train: Loss=0.0164 Acc=99.8% | Test: Acc=84.4% | Best=93.8%(@4060)
  from x3: 0.77 0.83 0.84 0.84 0.84 0.84 0.84 0.85 0.85 0.85 0.85 0.85 0.85 0.85 0.85 0.85 0.85 0.85 0.85 0.85 0.85 0.85 0.85 0.85 0.85 0.85 0.85 0.85 0.85
  per-rule acc: 0.90 0.79
Epoch 4540 | Train: Loss=0.0011 Acc=100.0% | Test: Acc=93.4% | Best=93.8%(@4060)
  from x3: 0.91 0.93 0.94 0.94 0.94 0.94 0.94 0.94 0.94 0.94 0.94 0.94 0.94 0.94 0.93 0.93 0.93 0.94 0.93 0.93 0.94 0.93 0.94 0.94 0.94 0.94 0.94 0.94 0.94
  per-rule acc: 0.97 0.90
Epoch 4560 | Train: Loss=0.0014 Acc=100.0% | Test: Acc=92.6% | Best=93.8%(@4060)
  from x3: 0.90 0.92 0.92 0.93 0.93 0.93 0.93 0.93 0.93 0.93 0.93 0.93 0.93 0.93 0.93 0.93 0.93 0.93 0.93 0.93 0.93 0.93 0.93 0.93 0.93 0.92 0.92 0.92 0.92
  per-rule acc: 0.96 0.89
Epoch 4580 | Train: Loss=0.0015 Acc=100.0% | Test: Acc=92.2% | Best=93.8%(@4060)
  from x3: 0.90 0.92 0.92 0.93 0.93 0.93 0.93 0.93 0.93 0.93 0.92 0.92 0.92 0.92 0.92 0.92 0.92 0.92 0.92 0.92 0.92 0.92 0.92 0.92 0.92 0.92 0.92 0.92 0.92
  per-rule acc: 0.96 0.89
Epoch 4600 | Train: Loss=0.0031 Acc=100.0% | Test: Acc=90.3% | Best=93.8%(@4060)
  from x3: 0.87 0.90 0.90 0.90 0.90 0.90 0.90 0.90 0.90 0.91 0.90 0.90 0.90 0.91 0.90 0.90 0.90 0.90 0.90 0.90 0.90 0.91 0.91 0.91 0.91 0.91 0.91 0.91 0.91
  per-rule acc: 0.96 0.85
Epoch 4620 | Train: Loss=0.0012 Acc=100.0% | Test: Acc=92.7% | Best=93.8%(@4060)
  from x3: 0.91 0.92 0.92 0.93 0.93 0.93 0.93 0.93 0.93 0.93 0.93 0.93 0.93 0.93 0.93 0.93 0.93 0.93 0.93 0.93 0.93 0.93 0.93 0.93 0.93 0.93 0.93 0.93 0.93
  per-rule acc: 0.96 0.89
Epoch 4640 | Train: Loss=0.0014 Acc=100.0% | Test: Acc=92.3% | Best=93.8%(@4060)
  from x3: 0.90 0.92 0.92 0.93 0.93 0.93 0.93 0.93 0.92 0.93 0.93 0.92 0.92 0.92 0.92 0.92 0.92 0.92 0.92 0.93 0.93 0.92 0.92 0.92 0.92 0.92 0.92 0.92 0.92
  per-rule acc: 0.96 0.89
Epoch 4660 | Train: Loss=0.0030 Acc=100.0% | Test: Acc=91.6% | Best=93.8%(@4060)
  from x3: 0.88 0.90 0.91 0.91 0.91 0.92 0.92 0.92 0.92 0.92 0.92 0.92 0.92 0.92 0.92 0.92 0.92 0.92 0.92 0.92 0.92 0.92 0.92 0.92 0.92 0.92 0.92 0.92 0.92
  per-rule acc: 0.96 0.88
Epoch 4680 | Train: Loss=0.0012 Acc=100.0% | Test: Acc=93.6% | Best=93.8%(@4060)
  from x3: 0.91 0.93 0.93 0.94 0.93 0.94 0.94 0.94 0.94 0.94 0.94 0.94 0.94 0.94 0.94 0.94 0.94 0.94 0.94 0.94 0.94 0.94 0.94 0.94 0.94 0.94 0.94 0.94 0.94
  per-rule acc: 0.97 0.90
Epoch 4700 | Train: Loss=0.0014 Acc=100.0% | Test: Acc=92.6% | Best=93.8%(@4060)
  from x3: 0.90 0.92 0.93 0.93 0.93 0.93 0.93 0.93 0.93 0.93 0.93 0.93 0.93 0.93 0.93 0.93 0.93 0.93 0.93 0.93 0.93 0.93 0.92 0.93 0.93 0.92 0.93 0.92 0.92
  per-rule acc: 0.96 0.89
Epoch 4720 | Train: Loss=0.0030 Acc=100.0% | Test: Acc=90.3% | Best=93.8%(@4060)
  from x3: 0.86 0.89 0.90 0.90 0.90 0.90 0.90 0.90 0.91 0.90 0.91 0.90 0.91 0.91 0.91 0.91 0.90 0.91 0.91 0.91 0.91 0.91 0.91 0.91 0.91 0.91 0.90 0.91 0.91
  per-rule acc: 0.95 0.85
Epoch 4740 | Train: Loss=0.0013 Acc=100.0% | Test: Acc=92.9% | Best=93.8%(@4060)
  from x3: 0.90 0.92 0.93 0.93 0.93 0.93 0.93 0.93 0.93 0.93 0.93 0.93 0.93 0.93 0.93 0.93 0.93 0.93 0.93 0.93 0.93 0.93 0.93 0.93 0.93 0.93 0.93 0.93 0.93
  per-rule acc: 0.97 0.89
Epoch 4760 | Train: Loss=0.0015 Acc=100.0% | Test: Acc=92.4% | Best=93.8%(@4060)
  from x3: 0.90 0.92 0.92 0.93 0.93 0.93 0.93 0.93 0.93 0.93 0.93 0.93 0.93 0.93 0.93 0.93 0.93 0.93 0.93 0.92 0.92 0.92 0.92 0.92 0.92 0.92 0.92 0.92 0.92
  per-rule acc: 0.96 0.89
Epoch 4780 | Train: Loss=0.0015 Acc=100.0% | Test: Acc=92.2% | Best=93.8%(@4060)
  from x3: 0.90 0.92 0.92 0.93 0.93 0.93 0.93 0.93 0.92 0.93 0.92 0.92 0.92 0.92 0.92 0.92 0.92 0.92 0.92 0.92 0.92 0.92 0.92 0.92 0.92 0.92 0.92 0.92 0.92
  per-rule acc: 0.96 0.88
Epoch 4800 | Train: Loss=0.0042 Acc=99.9% | Test: Acc=87.8% | Best=93.8%(@4060)
  from x3: 0.84 0.87 0.87 0.88 0.88 0.88 0.88 0.88 0.88 0.88 0.88 0.88 0.88 0.88 0.88 0.88 0.88 0.88 0.88 0.88 0.88 0.88 0.88 0.88 0.88 0.88 0.88 0.88 0.88
  per-rule acc: 0.93 0.82
Epoch 4820 | Train: Loss=0.0012 Acc=100.0% | Test: Acc=92.1% | Best=93.8%(@4060)
  from x3: 0.91 0.92 0.92 0.92 0.92 0.92 0.92 0.92 0.92 0.92 0.92 0.92 0.92 0.92 0.92 0.92 0.92 0.92 0.92 0.92 0.92 0.92 0.92 0.92 0.92 0.92 0.92 0.92 0.92
  per-rule acc: 0.96 0.88
Epoch 4840 | Train: Loss=0.0014 Acc=100.0% | Test: Acc=92.0% | Best=93.8%(@4060)
  from x3: 0.90 0.91 0.92 0.92 0.92 0.92 0.92 0.92 0.92 0.92 0.92 0.92 0.92 0.92 0.92 0.92 0.92 0.92 0.92 0.92 0.92 0.92 0.92 0.92 0.92 0.92 0.92 0.92 0.92
  per-rule acc: 0.96 0.88
Epoch 4860 | Train: Loss=0.0014 Acc=100.0% | Test: Acc=91.9% | Best=93.8%(@4060)
  from x3: 0.90 0.92 0.92 0.92 0.92 0.93 0.92 0.92 0.92 0.92 0.92 0.92 0.92 0.92 0.92 0.92 0.92 0.92 0.92 0.92 0.92 0.92 0.92 0.92 0.92 0.92 0.92 0.92 0.92
  per-rule acc: 0.96 0.88
Epoch 4880 | Train: Loss=0.0056 Acc=99.9% | Test: Acc=88.6% | Best=93.8%(@4060)
  from x3: 0.84 0.87 0.88 0.88 0.89 0.89 0.89 0.89 0.89 0.89 0.89 0.89 0.89 0.89 0.89 0.89 0.89 0.89 0.89 0.89 0.89 0.89 0.89 0.89 0.89 0.89 0.89 0.89 0.89
  per-rule acc: 0.95 0.82
Epoch 4900 | Train: Loss=0.0012 Acc=100.0% | Test: Acc=92.6% | Best=93.8%(@4060)
  from x3: 0.91 0.92 0.92 0.93 0.93 0.93 0.93 0.93 0.93 0.93 0.93 0.93 0.93 0.93 0.93 0.93 0.93 0.93 0.93 0.93 0.93 0.93 0.93 0.93 0.93 0.93 0.93 0.93 0.93
  per-rule acc: 0.96 0.89
Epoch 4920 | Train: Loss=0.0014 Acc=100.0% | Test: Acc=92.3% | Best=93.8%(@4060)
  from x3: 0.90 0.92 0.92 0.92 0.93 0.93 0.92 0.92 0.92 0.93 0.93 0.93 0.92 0.92 0.92 0.92 0.92 0.92 0.92 0.92 0.92 0.92 0.92 0.92 0.92 0.92 0.92 0.92 0.92
  per-rule acc: 0.96 0.89
Epoch 4940 | Train: Loss=0.0014 Acc=100.0% | Test: Acc=91.9% | Best=93.8%(@4060)
  from x3: 0.90 0.91 0.92 0.92 0.92 0.92 0.93 0.92 0.92 0.92 0.92 0.92 0.92 0.92 0.92 0.92 0.92 0.92 0.92 0.92 0.92 0.92 0.92 0.92 0.92 0.92 0.92 0.92 0.92
  per-rule acc: 0.96 0.88
Epoch 4960 | Train: Loss=0.0015 Acc=100.0% | Test: Acc=91.3% | Best=93.8%(@4060)
  from x3: 0.87 0.90 0.91 0.91 0.92 0.92 0.91 0.92 0.91 0.92 0.92 0.92 0.92 0.92 0.92 0.92 0.92 0.92 0.92 0.92 0.92 0.91 0.92 0.92 0.92 0.92 0.92 0.92 0.92
  per-rule acc: 0.96 0.86
Epoch 4980 | Train: Loss=0.0012 Acc=100.0% | Test: Acc=92.0% | Best=93.8%(@4060)
  from x3: 0.89 0.91 0.92 0.92 0.92 0.92 0.92 0.92 0.92 0.92 0.92 0.92 0.92 0.92 0.92 0.92 0.92 0.92 0.92 0.92 0.92 0.92 0.92 0.92 0.92 0.92 0.92 0.92 0.92
  per-rule acc: 0.96 0.88
Epoch 5000 | Train: Loss=0.0014 Acc=100.0% | Test: Acc=91.9% | Best=93.8%(@4060)
  from x3: 0.89 0.91 0.92 0.92 0.92 0.92 0.92 0.92 0.92 0.92 0.92 0.92 0.92 0.92 0.92 0.92 0.92 0.92 0.92 0.92 0.92 0.92 0.92 0.92 0.92 0.92 0.92 0.92 0.92
  per-rule acc: 0.96 0.88
Epoch 5020 | Train: Loss=0.0014 Acc=100.0% | Test: Acc=91.9% | Best=93.8%(@4060)
  from x3: 0.89 0.92 0.92 0.93 0.92 0.92 0.92 0.92 0.92 0.92 0.92 0.92 0.92 0.92 0.92 0.92 0.92 0.92 0.92 0.92 0.92 0.92 0.92 0.92 0.92 0.92 0.92 0.91 0.92
  per-rule acc: 0.96 0.87
Epoch 5040 | Train: Loss=0.0026 Acc=100.0% | Test: Acc=88.8% | Best=93.8%(@4060)
  from x3: 0.85 0.88 0.88 0.89 0.89 0.89 0.89 0.89 0.89 0.89 0.89 0.89 0.89 0.89 0.89 0.89 0.89 0.89 0.89 0.89 0.89 0.89 0.89 0.89 0.89 0.89 0.89 0.89 0.89
  per-rule acc: 0.95 0.83
Epoch 5060 | Train: Loss=0.0012 Acc=100.0% | Test: Acc=92.7% | Best=93.8%(@4060)
  from x3: 0.90 0.92 0.93 0.93 0.93 0.93 0.93 0.93 0.93 0.93 0.93 0.93 0.93 0.93 0.93 0.93 0.93 0.93 0.93 0.93 0.93 0.93 0.93 0.93 0.93 0.93 0.93 0.92 0.93
  per-rule acc: 0.96 0.89
Epoch 5080 | Train: Loss=0.0014 Acc=100.0% | Test: Acc=92.2% | Best=93.8%(@4060)
  from x3: 0.90 0.91 0.92 0.92 0.92 0.92 0.92 0.92 0.92 0.92 0.92 0.92 0.92 0.93 0.92 0.92 0.92 0.92 0.92 0.92 0.92 0.92 0.92 0.92 0.92 0.92 0.92 0.92 0.92
  per-rule acc: 0.96 0.88
Epoch 5100 | Train: Loss=0.0014 Acc=100.0% | Test: Acc=91.8% | Best=93.8%(@4060)
  from x3: 0.89 0.92 0.92 0.92 0.92 0.92 0.92 0.92 0.92 0.92 0.92 0.92 0.92 0.92 0.92 0.92 0.92 0.92 0.92 0.92 0.92 0.92 0.92 0.92 0.92 0.92 0.92 0.92 0.92
  per-rule acc: 0.96 0.88
Epoch 5120 | Train: Loss=0.0027 Acc=100.0% | Test: Acc=89.9% | Best=93.8%(@4060)
  from x3: 0.86 0.89 0.89 0.90 0.90 0.90 0.90 0.90 0.90 0.90 0.90 0.90 0.90 0.90 0.90 0.90 0.90 0.90 0.90 0.90 0.90 0.90 0.90 0.90 0.90 0.90 0.90 0.90 0.90
  per-rule acc: 0.95 0.85
Epoch 5140 | Train: Loss=0.0012 Acc=100.0% | Test: Acc=92.8% | Best=93.8%(@4060)
  from x3: 0.90 0.92 0.93 0.93 0.93 0.93 0.93 0.93 0.93 0.93 0.93 0.93 0.93 0.93 0.93 0.93 0.93 0.93 0.93 0.93 0.93 0.93 0.93 0.93 0.93 0.93 0.93 0.93 0.93
  per-rule acc: 0.96 0.89
Epoch 5160 | Train: Loss=0.0013 Acc=100.0% | Test: Acc=92.5% | Best=93.8%(@4060)
  from x3: 0.90 0.92 0.92 0.93 0.93 0.93 0.93 0.93 0.93 0.93 0.93 0.93 0.93 0.93 0.93 0.93 0.93 0.93 0.93 0.92 0.93 0.92 0.92 0.92 0.92 0.92 0.92 0.92 0.92
  per-rule acc: 0.96 0.89
Epoch 5180 | Train: Loss=0.0013 Acc=100.0% | Test: Acc=92.3% | Best=93.8%(@4060)
  from x3: 0.90 0.92 0.92 0.93 0.93 0.93 0.93 0.93 0.92 0.93 0.93 0.92 0.92 0.93 0.92 0.92 0.93 0.92 0.92 0.92 0.92 0.92 0.92 0.92 0.92 0.92 0.92 0.92 0.92
  per-rule acc: 0.96 0.88
Epoch 5200 | Train: Loss=0.0010 Acc=100.0% | Test: Acc=93.1% | Best=93.8%(@4060)
  from x3: 0.90 0.92 0.93 0.93 0.93 0.93 0.93 0.93 0.93 0.93 0.93 0.93 0.93 0.93 0.93 0.93 0.93 0.93 0.93 0.93 0.93 0.93 0.93 0.93 0.93 0.93 0.93 0.93 0.93
  per-rule acc: 0.97 0.89
Epoch 5220 | Train: Loss=0.0012 Acc=100.0% | Test: Acc=92.6% | Best=93.8%(@4060)
  from x3: 0.90 0.92 0.92 0.93 0.93 0.93 0.93 0.93 0.93 0.93 0.93 0.93 0.93 0.93 0.93 0.93 0.93 0.93 0.93 0.93 0.93 0.93 0.93 0.93 0.93 0.92 0.92 0.92 0.92
  per-rule acc: 0.97 0.89
Epoch 5240 | Train: Loss=0.0136 Acc=99.9% | Test: Acc=84.5% | Best=93.8%(@4060)
  from x3: 0.77 0.83 0.84 0.84 0.84 0.85 0.85 0.85 0.85 0.85 0.85 0.85 0.85 0.85 0.85 0.85 0.85 0.85 0.85 0.85 0.85 0.85 0.85 0.85 0.85 0.85 0.85 0.85 0.85
  per-rule acc: 0.90 0.79
Epoch 5260 | Train: Loss=0.0013 Acc=100.0% | Test: Acc=92.7% | Best=93.8%(@4060)
  from x3: 0.89 0.92 0.92 0.93 0.93 0.93 0.93 0.93 0.93 0.93 0.93 0.93 0.93 0.93 0.93 0.93 0.93 0.93 0.93 0.93 0.93 0.93 0.93 0.93 0.93 0.93 0.93 0.93 0.93
  per-rule acc: 0.97 0.89
Epoch 5280 | Train: Loss=0.0013 Acc=100.0% | Test: Acc=92.2% | Best=93.8%(@4060)
  from x3: 0.90 0.92 0.93 0.93 0.93 0.92 0.93 0.93 0.92 0.92 0.92 0.92 0.92 0.92 0.92 0.92 0.92 0.92 0.92 0.92 0.92 0.92 0.92 0.92 0.92 0.92 0.92 0.92 0.92
  per-rule acc: 0.96 0.88
Epoch 5300 | Train: Loss=0.0014 Acc=100.0% | Test: Acc=91.7% | Best=93.8%(@4060)
  from x3: 0.89 0.92 0.92 0.92 0.92 0.92 0.92 0.92 0.92 0.92 0.92 0.92 0.92 0.92 0.92 0.92 0.92 0.92 0.92 0.92 0.92 0.92 0.92 0.91 0.91 0.91 0.92 0.92 0.92
  per-rule acc: 0.96 0.87
Epoch 5320 | Train: Loss=0.0025 Acc=100.0% | Test: Acc=89.9% | Best=93.8%(@4060)
  from x3: 0.86 0.89 0.89 0.90 0.90 0.90 0.90 0.90 0.90 0.90 0.90 0.90 0.90 0.90 0.90 0.90 0.90 0.90 0.90 0.90 0.90 0.90 0.90 0.90 0.90 0.90 0.90 0.90 0.90
  per-rule acc: 0.96 0.83
Epoch 5340 | Train: Loss=0.0012 Acc=100.0% | Test: Acc=93.0% | Best=93.8%(@4060)
  from x3: 0.90 0.93 0.93 0.93 0.93 0.93 0.93 0.93 0.93 0.93 0.93 0.93 0.93 0.93 0.93 0.93 0.93 0.93 0.93 0.93 0.93 0.93 0.93 0.93 0.93 0.93 0.93 0.93 0.93
  per-rule acc: 0.97 0.89
Epoch 5360 | Train: Loss=0.0013 Acc=100.0% | Test: Acc=92.3% | Best=93.8%(@4060)
  from x3: 0.90 0.92 0.92 0.93 0.93 0.93 0.93 0.93 0.92 0.92 0.92 0.92 0.92 0.92 0.92 0.92 0.92 0.92 0.92 0.92 0.92 0.92 0.93 0.92 0.92 0.92 0.92 0.92 0.92
  per-rule acc: 0.96 0.88
Epoch 5380 | Train: Loss=0.0014 Acc=100.0% | Test: Acc=91.9% | Best=93.8%(@4060)
  from x3: 0.90 0.91 0.92 0.92 0.92 0.92 0.92 0.92 0.92 0.92 0.92 0.92 0.92 0.92 0.92 0.92 0.92 0.92 0.92 0.92 0.92 0.92 0.92 0.92 0.92 0.92 0.92 0.92 0.92
  per-rule acc: 0.96 0.88
Epoch 5400 | Train: Loss=0.0031 Acc=100.0% | Test: Acc=88.6% | Best=93.8%(@4060)
  from x3: 0.84 0.88 0.88 0.89 0.89 0.89 0.89 0.89 0.89 0.89 0.89 0.89 0.89 0.89 0.89 0.89 0.89 0.89 0.89 0.89 0.89 0.89 0.89 0.89 0.89 0.89 0.89 0.89 0.89
  per-rule acc: 0.94 0.83
Epoch 5420 | Train: Loss=0.0011 Acc=100.0% | Test: Acc=92.8% | Best=93.8%(@4060)
  from x3: 0.90 0.92 0.93 0.93 0.93 0.93 0.93 0.93 0.93 0.93 0.93 0.93 0.93 0.93 0.93 0.93 0.93 0.93 0.93 0.93 0.93 0.93 0.93 0.93 0.93 0.93 0.93 0.93 0.93
  per-rule acc: 0.97 0.89
Epoch 5440 | Train: Loss=0.0013 Acc=100.0% | Test: Acc=92.7% | Best=93.8%(@4060)
  from x3: 0.90 0.92 0.92 0.93 0.93 0.93 0.93 0.93 0.93 0.93 0.93 0.93 0.93 0.93 0.93 0.93 0.93 0.93 0.93 0.93 0.93 0.93 0.93 0.93 0.93 0.93 0.93 0.93 0.93
  per-rule acc: 0.96 0.89
Epoch 5460 | Train: Loss=0.0014 Acc=100.0% | Test: Acc=92.1% | Best=93.8%(@4060)
  from x3: 0.89 0.92 0.92 0.92 0.92 0.92 0.92 0.92 0.92 0.92 0.92 0.92 0.92 0.92 0.92 0.92 0.92 0.92 0.92 0.92 0.92 0.92 0.92 0.92 0.92 0.92 0.92 0.92 0.92
  per-rule acc: 0.96 0.88
Epoch 5480 | Train: Loss=0.0013 Acc=100.0% | Test: Acc=91.6% | Best=93.8%(@4060)
  from x3: 0.89 0.91 0.91 0.92 0.92 0.92 0.92 0.92 0.92 0.92 0.92 0.92 0.92 0.92 0.92 0.92 0.92 0.92 0.92 0.92 0.92 0.92 0.92 0.92 0.91 0.91 0.91 0.91 0.91
  per-rule acc: 0.96 0.87
Epoch 5500 | Train: Loss=0.0033 Acc=100.0% | Test: Acc=87.8% | Best=93.8%(@4060)
  from x3: 0.84 0.87 0.88 0.88 0.88 0.88 0.88 0.88 0.88 0.88 0.88 0.88 0.88 0.88 0.88 0.88 0.88 0.88 0.88 0.88 0.88 0.88 0.88 0.88 0.88 0.88 0.88 0.88 0.88
  per-rule acc: 0.93 0.82
Epoch 5520 | Train: Loss=0.0012 Acc=100.0% | Test: Acc=92.6% | Best=93.8%(@4060)
  from x3: 0.90 0.92 0.92 0.92 0.93 0.93 0.93 0.93 0.93 0.93 0.93 0.93 0.93 0.93 0.93 0.93 0.93 0.93 0.93 0.93 0.93 0.93 0.93 0.93 0.93 0.93 0.93 0.93 0.93
  per-rule acc: 0.96 0.89
Epoch 5540 | Train: Loss=0.0013 Acc=100.0% | Test: Acc=91.9% | Best=93.8%(@4060)
  from x3: 0.90 0.92 0.92 0.92 0.92 0.92 0.92 0.92 0.92 0.92 0.92 0.92 0.92 0.92 0.92 0.92 0.92 0.92 0.92 0.92 0.92 0.92 0.92 0.92 0.92 0.92 0.92 0.92 0.92
  per-rule acc: 0.96 0.88
Epoch 5560 | Train: Loss=0.0013 Acc=100.0% | Test: Acc=91.4% | Best=93.8%(@4060)
  from x3: 0.89 0.91 0.92 0.92 0.92 0.92 0.92 0.92 0.92 0.92 0.92 0.92 0.92 0.91 0.91 0.91 0.91 0.91 0.91 0.91 0.91 0.91 0.91 0.91 0.91 0.91 0.91 0.91 0.91
  per-rule acc: 0.96 0.87
Epoch 5580 | Train: Loss=0.0032 Acc=100.0% | Test: Acc=89.1% | Best=93.8%(@4060)
  from x3: 0.86 0.89 0.89 0.89 0.89 0.89 0.90 0.89 0.89 0.89 0.89 0.89 0.89 0.89 0.89 0.89 0.89 0.89 0.89 0.89 0.89 0.89 0.89 0.89 0.89 0.89 0.89 0.89 0.89
  per-rule acc: 0.95 0.83
Epoch 5600 | Train: Loss=0.0011 Acc=100.0% | Test: Acc=92.6% | Best=93.8%(@4060)
  from x3: 0.90 0.92 0.92 0.93 0.93 0.93 0.93 0.93 0.93 0.93 0.93 0.93 0.93 0.93 0.93 0.93 0.93 0.93 0.93 0.93 0.93 0.93 0.93 0.93 0.93 0.93 0.93 0.93 0.93
  per-rule acc: 0.96 0.89
Epoch 5620 | Train: Loss=0.0013 Acc=100.0% | Test: Acc=92.0% | Best=93.8%(@4060)
  from x3: 0.89 0.92 0.92 0.92 0.92 0.92 0.92 0.92 0.92 0.92 0.92 0.92 0.92 0.92 0.92 0.92 0.92 0.92 0.92 0.92 0.92 0.92 0.92 0.92 0.92 0.92 0.92 0.92 0.92
  per-rule acc: 0.96 0.88
Epoch 5640 | Train: Loss=0.0013 Acc=100.0% | Test: Acc=91.4% | Best=93.8%(@4060)
  from x3: 0.90 0.91 0.91 0.91 0.92 0.92 0.92 0.92 0.92 0.92 0.92 0.92 0.91 0.91 0.92 0.92 0.91 0.91 0.92 0.91 0.91 0.91 0.91 0.91 0.91 0.91 0.91 0.91 0.91
  per-rule acc: 0.96 0.87
Epoch 5660 | Train: Loss=0.0058 Acc=100.0% | Test: Acc=88.3% | Best=93.8%(@4060)
  from x3: 0.84 0.87 0.88 0.88 0.88 0.88 0.88 0.88 0.88 0.89 0.88 0.88 0.88 0.88 0.88 0.88 0.89 0.89 0.89 0.89 0.89 0.89 0.89 0.89 0.89 0.89 0.89 0.89 0.89
  per-rule acc: 0.94 0.82
Epoch 5680 | Train: Loss=0.0011 Acc=100.0% | Test: Acc=92.8% | Best=93.8%(@4060)
  from x3: 0.91 0.92 0.93 0.93 0.93 0.93 0.93 0.93 0.93 0.93 0.93 0.93 0.93 0.93 0.93 0.93 0.93 0.93 0.93 0.93 0.93 0.93 0.93 0.93 0.93 0.93 0.93 0.93 0.93
  per-rule acc: 0.97 0.89
Epoch 5700 | Train: Loss=0.0013 Acc=100.0% | Test: Acc=92.2% | Best=93.8%(@4060)
  from x3: 0.90 0.92 0.92 0.92 0.92 0.92 0.92 0.93 0.92 0.92 0.92 0.92 0.92 0.92 0.92 0.92 0.92 0.92 0.92 0.92 0.92 0.92 0.92 0.92 0.92 0.92 0.92 0.92 0.92
  per-rule acc: 0.96 0.88
Epoch 5720 | Train: Loss=0.0013 Acc=100.0% | Test: Acc=91.8% | Best=93.8%(@4060)
  from x3: 0.89 0.91 0.92 0.92 0.92 0.92 0.92 0.92 0.92 0.92 0.92 0.92 0.92 0.92 0.92 0.92 0.92 0.92 0.92 0.92 0.92 0.92 0.92 0.92 0.92 0.92 0.92 0.92 0.92
  per-rule acc: 0.96 0.88
Epoch 5740 | Train: Loss=0.0027 Acc=100.0% | Test: Acc=88.1% | Best=93.8%(@4060)
  from x3: 0.85 0.87 0.88 0.88 0.88 0.88 0.88 0.88 0.88 0.88 0.88 0.88 0.88 0.88 0.88 0.88 0.88 0.88 0.88 0.88 0.88 0.88 0.88 0.88 0.88 0.88 0.88 0.88 0.88
  per-rule acc: 0.94 0.82
Epoch 5760 | Train: Loss=0.0011 Acc=100.0% | Test: Acc=92.3% | Best=93.8%(@4060)
  from x3: 0.89 0.92 0.92 0.92 0.92 0.93 0.93 0.92 0.92 0.92 0.92 0.92 0.92 0.93 0.92 0.92 0.92 0.92 0.93 0.93 0.92 0.92 0.93 0.93 0.92 0.92 0.92 0.92 0.92
  per-rule acc: 0.96 0.88
Epoch 5780 | Train: Loss=0.0012 Acc=100.0% | Test: Acc=91.9% | Best=93.8%(@4060)
  from x3: 0.89 0.92 0.92 0.92 0.92 0.92 0.92 0.92 0.92 0.92 0.92 0.92 0.92 0.92 0.92 0.92 0.92 0.92 0.92 0.92 0.92 0.92 0.92 0.92 0.92 0.92 0.92 0.92 0.92
  per-rule acc: 0.96 0.88
Epoch 5800 | Train: Loss=0.0013 Acc=100.0% | Test: Acc=91.6% | Best=93.8%(@4060)
  from x3: 0.89 0.91 0.92 0.92 0.92 0.92 0.92 0.92 0.92 0.92 0.92 0.92 0.92 0.92 0.92 0.92 0.92 0.92 0.92 0.92 0.92 0.92 0.92 0.92 0.91 0.91 0.91 0.91 0.91
  per-rule acc: 0.95 0.88
Epoch 5820 | Train: Loss=0.0013 Acc=100.0% | Test: Acc=91.0% | Best=93.8%(@4060)
  from x3: 0.88 0.91 0.91 0.92 0.92 0.92 0.92 0.92 0.91 0.91 0.91 0.91 0.91 0.91 0.91 0.91 0.91 0.91 0.91 0.91 0.91 0.91 0.91 0.91 0.91 0.90 0.90 0.90 0.90
  per-rule acc: 0.95 0.87
Epoch 5840 | Train: Loss=0.0082 Acc=99.9% | Test: Acc=83.4% | Best=93.8%(@4060)
  from x3: 0.79 0.82 0.83 0.83 0.83 0.83 0.84 0.84 0.84 0.84 0.84 0.84 0.84 0.84 0.84 0.84 0.84 0.84 0.84 0.84 0.84 0.84 0.84 0.84 0.84 0.84 0.84 0.84 0.84
  per-rule acc: 0.91 0.76
Epoch 5860 | Train: Loss=0.0011 Acc=100.0% | Test: Acc=91.9% | Best=93.8%(@4060)
  from x3: 0.89 0.91 0.92 0.92 0.92 0.92 0.92 0.92 0.92 0.92 0.92 0.92 0.92 0.92 0.92 0.92 0.92 0.92 0.92 0.92 0.92 0.92 0.92 0.92 0.92 0.92 0.92 0.92 0.92
  per-rule acc: 0.96 0.88
Epoch 5880 | Train: Loss=0.0012 Acc=100.0% | Test: Acc=91.5% | Best=93.8%(@4060)
  from x3: 0.89 0.91 0.92 0.92 0.92 0.92 0.92 0.92 0.92 0.92 0.92 0.92 0.92 0.92 0.92 0.92 0.92 0.92 0.92 0.91 0.91 0.91 0.91 0.91 0.91 0.91 0.91 0.91 0.91
  per-rule acc: 0.95 0.88
Epoch 5900 | Train: Loss=0.0013 Acc=100.0% | Test: Acc=91.4% | Best=93.8%(@4060)
  from x3: 0.89 0.91 0.91 0.92 0.92 0.92 0.92 0.92 0.92 0.92 0.92 0.92 0.92 0.92 0.91 0.91 0.91 0.91 0.91 0.91 0.91 0.91 0.91 0.91 0.91 0.91 0.91 0.91 0.91
  per-rule acc: 0.95 0.87
Epoch 5920 | Train: Loss=0.0266 Acc=99.7% | Test: Acc=76.3% | Best=93.8%(@4060)
  from x3: 0.70 0.75 0.75 0.76 0.76 0.76 0.76 0.76 0.77 0.77 0.77 0.77 0.77 0.77 0.77 0.77 0.76 0.77 0.77 0.77 0.77 0.77 0.77 0.77 0.77 0.77 0.77 0.77 0.77
  per-rule acc: 0.83 0.70
Epoch 5940 | Train: Loss=0.0010 Acc=100.0% | Test: Acc=92.3% | Best=93.8%(@4060)
  from x3: 0.89 0.92 0.92 0.92 0.92 0.92 0.92 0.93 0.93 0.93 0.93 0.93 0.93 0.93 0.93 0.92 0.92 0.92 0.92 0.92 0.92 0.92 0.92 0.92 0.92 0.92 0.92 0.92 0.92
  per-rule acc: 0.96 0.88
Epoch 5960 | Train: Loss=0.0012 Acc=100.0% | Test: Acc=91.6% | Best=93.8%(@4060)
  from x3: 0.89 0.91 0.91 0.92 0.91 0.92 0.92 0.92 0.92 0.92 0.92 0.92 0.92 0.92 0.92 0.92 0.92 0.92 0.92 0.92 0.92 0.92 0.92 0.92 0.92 0.92 0.92 0.92 0.92
  per-rule acc: 0.96 0.88
Epoch 5980 | Train: Loss=0.0012 Acc=100.0% | Test: Acc=91.4% | Best=93.8%(@4060)
  from x3: 0.89 0.91 0.91 0.92 0.92 0.92 0.92 0.92 0.92 0.92 0.92 0.92 0.92 0.91 0.91 0.91 0.91 0.92 0.91 0.91 0.91 0.91 0.91 0.91 0.91 0.91 0.91 0.91 0.91
  per-rule acc: 0.95 0.87
Epoch 6000 | Train: Loss=0.0012 Acc=100.0% | Test: Acc=91.3% | Best=93.8%(@4060)
  from x3: 0.88 0.91 0.92 0.92 0.91 0.92 0.92 0.92 0.92 0.92 0.92 0.92 0.92 0.92 0.92 0.91 0.91 0.91 0.91 0.91 0.91 0.91 0.91 0.91 0.91 0.91 0.91 0.91 0.91
  per-rule acc: 0.95 0.87
Epoch 6020 | Train: Loss=0.0025 Acc=100.0% | Test: Acc=87.2% | Best=93.8%(@4060)
  from x3: 0.84 0.87 0.87 0.87 0.87 0.87 0.87 0.87 0.87 0.87 0.87 0.87 0.87 0.87 0.87 0.87 0.87 0.87 0.87 0.87 0.88 0.87 0.87 0.87 0.87 0.87 0.88 0.87 0.87
  per-rule acc: 0.93 0.81
Epoch 6040 | Train: Loss=0.0011 Acc=100.0% | Test: Acc=91.7% | Best=93.8%(@4060)
  from x3: 0.90 0.91 0.91 0.92 0.92 0.92 0.92 0.92 0.92 0.92 0.92 0.92 0.92 0.92 0.92 0.92 0.92 0.92 0.92 0.92 0.92 0.92 0.92 0.92 0.92 0.92 0.92 0.92 0.92
  per-rule acc: 0.96 0.87
Epoch 6060 | Train: Loss=0.0012 Acc=100.0% | Test: Acc=91.3% | Best=93.8%(@4060)
  from x3: 0.89 0.91 0.91 0.92 0.92 0.92 0.91 0.91 0.91 0.92 0.92 0.91 0.91 0.91 0.91 0.91 0.91 0.91 0.91 0.91 0.91 0.91 0.91 0.91 0.91 0.91 0.91 0.91 0.91
  per-rule acc: 0.95 0.87
[Early stop] No improvement for 2000 consecutive epochs

==================================================
Saving model...
[OK] Model saved to: /home/cxm/ai/test0617-basic/models/mixed_basic_d512l4_r16_t32_c0.5.pth
  File size: 148376.7 KB
  Best test accuracy: 93.82%

==================================================
Final generation test (given first two items, AB generates 3rd as prompt, validate from 4th)
==================================================

--- AB pair 1: (1, 1) ---

--- Statistics for AB=(1,1) ---
Exposed    samples:  1405 | In-dist: 40397/40745 ( 99.1%) | OOD: 44588/44960 ( 99.2%)
Unexposed  samples:  1404 | In-dist: 23797/40716 ( 58.4%) | OOD: 14475/44928 ( 32.2%)

--- AB pair 2: (1, 2) ---

--- Statistics for AB=(1,2) ---
Exposed    samples:  1405 | In-dist: 40633/40745 ( 99.7%) | OOD: 44836/44960 ( 99.7%)
Unexposed  samples:  1404 | In-dist: 17691/40716 ( 43.4%) | OOD: 11213/44928 ( 25.0%)

--- Return code: 0 ---

======================================================================
Attention Analysis
======================================================================
Model config: addition (default), p=53
Best test accuracy: 0.9381938304352098
Training epochs: 6060

Random test sequence 1/5 (length 64): [12, 2, 14, 16, 30, 46, 23, 16, 39, 2, 41, 43, 31, 21, 52, 20, 19, 39, 5, 44]...

======================================================================
Attention Layer Training Result Summary
======================================================================
Input sequence: [12, 2, 14, 16, 30, 46, 23, 16, 39, 2, 41, 43, 31, 21, 52, 20, 19, 39, 5, 44, 49, 40, 36, 23, 6, 29, 35, 11, 46, 4, 50, 1, 51, 52, 50, 49, 46, 42, 35, 24, 6, 30, 36, 13, 49, 9, 5, 14, 19, 33, 52, 32, 31, 10, 41, 51, 39, 37, 23, 7, 30, 37, 14, 51]

--- Layer 0 ---
  Head 0: Entropy=0.645
    Attention coefficients from each query position to previous positions:
      i= 0 -> j=0:1.000
      i= 1 -> j=0:0.859, j=1:0.141
      i= 2 -> j=0:0.091, j=1:0.766, j=2:0.143
      i= 3 -> j=0:0.001, j=1:0.072, j=2:0.809, j=3:0.119
      i= 4 -> j=0:0.000, j=1:0.001, j=2:0.104, j=3:0.797, j=4:0.098
      i= 5 -> j=0:0.000, j=1:0.000, j=2:0.001, j=3:0.107, j=4:0.728, j=5:0.165
      i= 6 -> j=0:0.000, j=1:0.000, j=2:0.000, j=3:0.001, j=4:0.099, j=5:0.805, j=6:0.094
      i= 7 -> j=0:0.000, j=1:0.000, j=2:0.000, j=3:0.000, j=4:0.001, j=5:0.081, j=6:0.799, j=7:0.120
      i= 8 -> j=0:0.000, j=1:0.000, j=2:0.000, j=3:0.000, j=4:0.000, j=5:0.001, j=6:0.082, j=7:0.823, j=8:0.094
      i= 9 -> j=0:0.000, j=1:0.000, j=2:0.000, j=3:0.000, j=4:0.000, j=5:0.000, j=6:0.001, j=7:0.099, j=8:0.745, j=9:0.156
      i=10 -> j=0:0.000, j=1:0.000, j=2:0.000, j=3:0.000, j=4:0.000, j=5:0.000, j=6:0.000, j=7:0.001, j=8:0.098, j=9:0.805, j=10:0.097
      i=11 -> j=0:0.000, j=1:0.000, j=2:0.000, j=3:0.000, j=4:0.000, j=5:0.000, j=6:0.000, j=7:0.000, j=8:0.000, j=9:0.071, j=10:0.846, j=11:0.082
      i=12 -> j=0:0.000, j=1:0.000, j=2:0.000, j=3:0.000, j=4:0.000, j=5:0.000, j=6:0.000, j=7:0.000, j=8:0.000, j=9:0.000, j=10:0.083, j=11:0.779, j=12:0.138
      i=13 -> j=0:0.000, j=1:0.000, j=2:0.000, j=3:0.000, j=4:0.000, j=5:0.000, j=6:0.000, j=7:0.000, j=8:0.000, j=9:0.000, j=10:0.001, j=11:0.115, j=12:0.763, j=13:0.121
      i=14 -> j=0:0.000, j=1:0.000, j=2:0.000, j=3:0.000, j=4:0.000, j=5:0.000, j=6:0.000, j=7:0.000, j=8:0.000, j=9:0.000, j=10:0.000, j=11:0.001, j=12:0.062, j=13:0.837, j=14:0.101
      i=15 -> j=0:0.000, j=1:0.000, j=2:0.000, j=3:0.000, j=4:0.000, j=5:0.000, j=6:0.000, j=7:0.000, j=8:0.000, j=9:0.000, j=10:0.000, j=11:0.000, j=12:0.001, j=13:0.105, j=14:0.781, j=15:0.113
      i=16 -> j=0:0.000, j=1:0.000, j=2:0.000, j=3:0.000, j=4:0.000, j=5:0.000, j=6:0.000, j=7:0.000, j=8:0.000, j=9:0.000, j=10:0.000, j=11:0.000, j=12:0.000, j=13:0.001, j=14:0.132, j=15:0.795, j=16:0.073
      i=17 -> j=0:0.000, j=1:0.000, j=2:0.000, j=3:0.000, j=4:0.000, j=5:0.000, j=6:0.000, j=7:0.000, j=8:0.000, j=9:0.000, j=10:0.000, j=11:0.000, j=12:0.000, j=13:0.000, j=14:0.001, j=15:0.104, j=16:0.759, j=17:0.136
      i=18 -> j=0:0.000, j=1:0.000, j=2:0.000, j=3:0.000, j=4:0.000, j=5:0.000, j=6:0.000, j=7:0.000, j=8:0.000, j=9:0.000, j=10:0.000, j=11:0.000, j=12:0.000, j=13:0.000, j=14:0.000, j=15:0.000, j=16:0.075, j=17:0.773, j=18:0.151
      i=19 -> j=0:0.000, j=1:0.000, j=2:0.000, j=3:0.000, j=4:0.000, j=5:0.000, j=6:0.000, j=7:0.000, j=8:0.000, j=9:0.000, j=10:0.000, j=11:0.000, j=12:0.000, j=13:0.000, j=14:0.000, j=15:0.000, j=16:0.000, j=17:0.072, j=18:0.838, j=19:0.089
      i=20 -> j=0:0.000, j=1:0.000, j=2:0.000, j=3:0.000, j=4:0.000, j=5:0.000, j=6:0.000, j=7:0.000, j=8:0.000, j=9:0.000, j=10:0.000, j=11:0.000, j=12:0.000, j=13:0.000, j=14:0.000, j=15:0.000, j=16:0.000, j=17:0.000, j=18:0.083, j=19:0.793, j=20:0.124
      i=21 -> j=0:0.000, j=1:0.000, j=2:0.000, j=3:0.000, j=4:0.000, j=5:0.000, j=6:0.000, j=7:0.000, j=8:0.000, j=9:0.000, j=10:0.000, j=11:0.000, j=12:0.000, j=13:0.000, j=14:0.000, j=15:0.000, j=16:0.000, j=17:0.000, j=18:0.000, j=19:0.079, j=20:0.821, j=21:0.100
      i=22 -> j=0:0.000, j=1:0.000, j=2:0.000, j=3:0.000, j=4:0.000, j=5:0.000, j=6:0.000, j=7:0.000, j=8:0.000, j=9:0.000, j=10:0.000, j=11:0.000, j=12:0.000, j=13:0.000, j=14:0.000, j=15:0.000, j=16:0.000, j=17:0.000, j=18:0.000, j=19:0.001, j=20:0.131, j=21:0.773, j=22:0.096
      i=23 -> j=0:0.000, j=1:0.000, j=2:0.000, j=3:0.000, j=4:0.000, j=5:0.000, j=6:0.000, j=7:0.000, j=8:0.000, j=9:0.000, j=10:0.000, j=11:0.000, j=12:0.000, j=13:0.000, j=14:0.000, j=15:0.000, j=16:0.000, j=17:0.000, j=18:0.000, j=19:0.000, j=20:0.001, j=21:0.118, j=22:0.770, j=23:0.110
      i=24 -> j=0:0.000, j=1:0.000, j=2:0.000, j=3:0.000, j=4:0.000, j=5:0.000, j=6:0.000, j=7:0.000, j=8:0.000, j=9:0.000, j=10:0.000, j=11:0.000, j=12:0.000, j=13:0.000, j=14:0.000, j=15:0.000, j=16:0.000, j=17:0.000, j=18:0.000, j=19:0.000, j=20:0.000, j=21:0.001, j=22:0.111, j=23:0.756, j=24:0.132
      i=25 -> j=0:0.000, j=1:0.000, j=2:0.000, j=3:0.000, j=4:0.000, j=5:0.000, j=6:0.000, j=7:0.000, j=8:0.000, j=9:0.000, j=10:0.000, j=11:0.000, j=12:0.000, j=13:0.000, j=14:0.000, j=15:0.000, j=16:0.000, j=17:0.000, j=18:0.000, j=19:0.000, j=20:0.000, j=21:0.000, j=22:0.001, j=23:0.096, j=24:0.767, j=25:0.136
      i=26 -> j=0:0.000, j=1:0.000, j=2:0.000, j=3:0.000, j=4:0.000, j=5:0.000, j=6:0.000, j=7:0.000, j=8:0.000, j=9:0.000, j=10:0.000, j=11:0.000, j=12:0.000, j=13:0.000, j=14:0.000, j=15:0.000, j=16:0.000, j=17:0.000, j=18:0.000, j=19:0.000, j=20:0.000, j=21:0.000, j=22:0.000, j=23:0.000, j=24:0.083, j=25:0.824, j=26:0.093
      i=27 -> j=0:0.000, j=1:0.000, j=2:0.000, j=3:0.000, j=4:0.000, j=5:0.000, j=6:0.000, j=7:0.000, j=8:0.000, j=9:0.000, j=10:0.000, j=11:0.000, j=12:0.000, j=13:0.000, j=14:0.000, j=15:0.000, j=16:0.000, j=17:0.000, j=18:0.000, j=19:0.000, j=20:0.000, j=21:0.000, j=22:0.000, j=23:0.000, j=24:0.000, j=25:0.076, j=26:0.777, j=27:0.146
      i=28 -> j=0:0.000, j=1:0.000, j=2:0.000, j=3:0.000, j=4:0.000, j=5:0.000, j=6:0.000, j=7:0.000, j=8:0.000, j=9:0.000, j=10:0.000, j=11:0.000, j=12:0.000, j=13:0.000, j=14:0.000, j=15:0.000, j=16:0.000, j=17:0.000, j=18:0.000, j=19:0.000, j=20:0.000, j=21:0.000, j=22:0.000, j=23:0.000, j=24:0.000, j=25:0.000, j=26:0.080, j=27:0.744, j=28:0.175
      i=29 -> j=0:0.000, j=1:0.000, j=2:0.000, j=3:0.000, j=4:0.000, j=5:0.000, j=6:0.000, j=7:0.000, j=8:0.000, j=9:0.000, j=10:0.000, j=11:0.000, j=12:0.000, j=13:0.000, j=14:0.000, j=15:0.000, j=16:0.000, j=17:0.000, j=18:0.000, j=19:0.000, j=20:0.000, j=21:0.000, j=22:0.000, j=23:0.000, j=24:0.000, j=25:0.000, j=26:0.001, j=27:0.086, j=28:0.799, j=29:0.115
      i=30 -> j=0:0.000, j=1:0.000, j=2:0.000, j=3:0.000, j=4:0.000, j=5:0.000, j=6:0.000, j=7:0.000, j=8:0.000, j=9:0.000, j=10:0.000, j=11:0.000, j=12:0.000, j=13:0.000, j=14:0.000, j=15:0.000, j=16:0.000, j=17:0.000, j=18:0.000, j=19:0.000, j=20:0.000, j=21:0.000, j=22:0.000, j=23:0.000, j=24:0.000, j=25:0.000, j=26:0.000, j=27:0.001, j=28:0.081, j=29:0.814, j=30:0.104
      i=31 -> j=0:0.000, j=1:0.000, j=2:0.000, j=3:0.000, j=4:0.000, j=5:0.000, j=6:0.000, j=7:0.000, j=8:0.000, j=9:0.000, j=10:0.000, j=11:0.000, j=12:0.000, j=13:0.000, j=14:0.000, j=15:0.000, j=16:0.000, j=17:0.000, j=18:0.000, j=19:0.000, j=20:0.000, j=21:0.000, j=22:0.000, j=23:0.000, j=24:0.000, j=25:0.000, j=26:0.000, j=27:0.000, j=28:0.000, j=29:0.100, j=30:0.786, j=31:0.114
      i=32 -> j=0:0.000, j=1:0.000, j=2:0.000, j=3:0.000, j=4:0.000, j=5:0.000, j=6:0.000, j=7:0.000, j=8:0.000, j=9:0.000, j=10:0.000, j=11:0.000, j=12:0.000, j=13:0.000, j=14:0.000, j=15:0.000, j=16:0.000, j=17:0.000, j=18:0.000, j=19:0.000, j=20:0.000, j=21:0.000, j=22:0.000, j=23:0.000, j=24:0.000, j=25:0.000, j=26:0.000, j=27:0.000, j=28:0.000, j=29:0.001, j=30:0.081, j=31:0.805, j=32:0.113
      i=33 -> j=0:0.000, j=1:0.000, j=2:0.000, j=3:0.000, j=4:0.000, j=5:0.000, j=6:0.000, j=7:0.000, j=8:0.000, j=9:0.000, j=10:0.000, j=11:0.000, j=12:0.000, j=13:0.000, j=14:0.000, j=15:0.000, j=16:0.000, j=17:0.000, j=18:0.000, j=19:0.000, j=20:0.000, j=21:0.000, j=22:0.000, j=23:0.000, j=24:0.000, j=25:0.000, j=26:0.000, j=27:0.000, j=28:0.000, j=29:0.000, j=30:0.001, j=31:0.090, j=32:0.810, j=33:0.099
      i=34 -> j=0:0.000, j=1:0.000, j=2:0.000, j=3:0.000, j=4:0.000, j=5:0.000, j=6:0.000, j=7:0.000, j=8:0.000, j=9:0.000, j=10:0.000, j=11:0.000, j=12:0.000, j=13:0.000, j=14:0.000, j=15:0.000, j=16:0.000, j=17:0.000, j=18:0.000, j=19:0.000, j=20:0.000, j=21:0.000, j=22:0.000, j=23:0.000, j=24:0.000, j=25:0.000, j=26:0.000, j=27:0.000, j=28:0.000, j=29:0.000, j=30:0.000, j=31:0.001, j=32:0.094, j=33:0.788, j=34:0.117
      i=35 -> j=0:0.000, j=1:0.000, j=2:0.000, j=3:0.000, j=4:0.000, j=5:0.000, j=6:0.000, j=7:0.000, j=8:0.000, j=9:0.000, j=10:0.000, j=11:0.000, j=12:0.000, j=13:0.000, j=14:0.000, j=15:0.000, j=16:0.000, j=17:0.000, j=18:0.000, j=19:0.000, j=20:0.000, j=21:0.000, j=22:0.000, j=23:0.000, j=24:0.000, j=25:0.000, j=26:0.000, j=27:0.000, j=28:0.000, j=29:0.000, j=30:0.000, j=31:0.000, j=32:0.000, j=33:0.085, j=34:0.789, j=35:0.126
      i=36 -> j=0:0.000, j=1:0.000, j=2:0.000, j=3:0.000, j=4:0.000, j=5:0.000, j=6:0.000, j=7:0.000, j=8:0.000, j=9:0.000, j=10:0.000, j=11:0.000, j=12:0.000, j=13:0.000, j=14:0.000, j=15:0.000, j=16:0.000, j=17:0.000, j=18:0.000, j=19:0.000, j=20:0.000, j=21:0.000, j=22:0.000, j=23:0.000, j=24:0.000, j=25:0.000, j=26:0.000, j=27:0.000, j=28:0.000, j=29:0.000, j=30:0.000, j=31:0.000, j=32:0.000, j=33:0.001, j=34:0.073, j=35:0.788, j=36:0.139
      i=37 -> j=0:0.000, j=1:0.000, j=2:0.000, j=3:0.000, j=4:0.000, j=5:0.000, j=6:0.000, j=7:0.000, j=8:0.000, j=9:0.000, j=10:0.000, j=11:0.000, j=12:0.000, j=13:0.000, j=14:0.000, j=15:0.000, j=16:0.000, j=17:0.000, j=18:0.000, j=19:0.000, j=20:0.000, j=21:0.000, j=22:0.000, j=23:0.000, j=24:0.000, j=25:0.000, j=26:0.000, j=27:0.000, j=28:0.000, j=29:0.000, j=30:0.000, j=31:0.000, j=32:0.000, j=33:0.000, j=34:0.001, j=35:0.110, j=36:0.786, j=37:0.104
      i=38 -> j=0:0.000, j=1:0.000, j=2:0.000, j=3:0.000, j=4:0.000, j=5:0.000, j=6:0.000, j=7:0.000, j=8:0.000, j=9:0.000, j=10:0.000, j=11:0.000, j=12:0.000, j=13:0.000, j=14:0.000, j=15:0.000, j=16:0.000, j=17:0.000, j=18:0.000, j=19:0.000, j=20:0.000, j=21:0.000, j=22:0.000, j=23:0.000, j=24:0.000, j=25:0.000, j=26:0.000, j=27:0.000, j=28:0.000, j=29:0.000, j=30:0.000, j=31:0.000, j=32:0.000, j=33:0.000, j=34:0.000, j=35:0.000, j=36:0.065, j=37:0.849, j=38:0.085
      i=39 -> j=0:0.000, j=1:0.000, j=2:0.000, j=3:0.000, j=4:0.000, j=5:0.000, j=6:0.000, j=7:0.000, j=8:0.000, j=9:0.000, j=10:0.000, j=11:0.000, j=12:0.000, j=13:0.000, j=14:0.000, j=15:0.000, j=16:0.000, j=17:0.000, j=18:0.000, j=19:0.000, j=20:0.000, j=21:0.000, j=22:0.000, j=23:0.000, j=24:0.000, j=25:0.000, j=26:0.000, j=27:0.000, j=28:0.000, j=29:0.000, j=30:0.000, j=31:0.000, j=32:0.000, j=33:0.000, j=34:0.000, j=35:0.000, j=36:0.000, j=37:0.059, j=38:0.814, j=39:0.127
      i=40 -> j=0:0.000, j=1:0.000, j=2:0.000, j=3:0.000, j=4:0.000, j=5:0.000, j=6:0.000, j=7:0.000, j=8:0.000, j=9:0.000, j=10:0.000, j=11:0.000, j=12:0.000, j=13:0.000, j=14:0.000, j=15:0.000, j=16:0.000, j=17:0.000, j=18:0.000, j=19:0.000, j=20:0.000, j=21:0.000, j=22:0.000, j=23:0.000, j=24:0.000, j=25:0.000, j=26:0.000, j=27:0.000, j=28:0.000, j=29:0.000, j=30:0.000, j=31:0.000, j=32:0.000, j=33:0.000, j=34:0.000, j=35:0.000, j=36:0.000, j=37:0.001, j=38:0.111, j=39:0.746, j=40:0.143
      i=41 -> j=0:0.000, j=1:0.000, j=2:0.000, j=3:0.000, j=4:0.000, j=5:0.000, j=6:0.000, j=7:0.000, j=8:0.000, j=9:0.000, j=10:0.000, j=11:0.000, j=12:0.000, j=13:0.000, j=14:0.000, j=15:0.000, j=16:0.000, j=17:0.000, j=18:0.000, j=19:0.000, j=20:0.000, j=21:0.000, j=22:0.000, j=23:0.000, j=24:0.000, j=25:0.000, j=26:0.000, j=27:0.000, j=28:0.000, j=29:0.000, j=30:0.000, j=31:0.000, j=32:0.000, j=33:0.000, j=34:0.000, j=35:0.000, j=36:0.000, j=37:0.000, j=38:0.001, j=39:0.102, j=40:0.781, j=41:0.116
      i=42 -> j=0:0.000, j=1:0.000, j=2:0.000, j=3:0.000, j=4:0.000, j=5:0.000, j=6:0.000, j=7:0.000, j=8:0.000, j=9:0.000, j=10:0.000, j=11:0.000, j=12:0.000, j=13:0.000, j=14:0.000, j=15:0.000, j=16:0.000, j=17:0.000, j=18:0.000, j=19:0.000, j=20:0.000, j=21:0.000, j=22:0.000, j=23:0.000, j=24:0.000, j=25:0.000, j=26:0.000, j=27:0.000, j=28:0.000, j=29:0.000, j=30:0.000, j=31:0.000, j=32:0.000, j=33:0.000, j=34:0.000, j=35:0.000, j=36:0.000, j=37:0.000, j=38:0.000, j=39:0.001, j=40:0.112, j=41:0.783, j=42:0.104
      i=43 -> j=0:0.000, j=1:0.000, j=2:0.000, j=3:0.000, j=4:0.000, j=5:0.000, j=6:0.000, j=7:0.000, j=8:0.000, j=9:0.000, j=10:0.000, j=11:0.000, j=12:0.000, j=13:0.000, j=14:0.000, j=15:0.000, j=16:0.000, j=17:0.000, j=18:0.000, j=19:0.000, j=20:0.000, j=21:0.000, j=22:0.000, j=23:0.000, j=24:0.000, j=25:0.000, j=26:0.000, j=27:0.000, j=28:0.000, j=29:0.000, j=30:0.000, j=31:0.000, j=32:0.000, j=33:0.000, j=34:0.000, j=35:0.000, j=36:0.000, j=37:0.000, j=38:0.000, j=39:0.000, j=40:0.001, j=41:0.083, j=42:0.819, j=43:0.098
      i=44 -> j=0:0.000, j=1:0.000, j=2:0.000, j=3:0.000, j=4:0.000, j=5:0.000, j=6:0.000, j=7:0.000, j=8:0.000, j=9:0.000, j=10:0.000, j=11:0.000, j=12:0.000, j=13:0.000, j=14:0.000, j=15:0.000, j=16:0.000, j=17:0.000, j=18:0.000, j=19:0.000, j=20:0.000, j=21:0.000, j=22:0.000, j=23:0.000, j=24:0.000, j=25:0.000, j=26:0.000, j=27:0.000, j=28:0.000, j=29:0.000, j=30:0.000, j=31:0.000, j=32:0.000, j=33:0.000, j=34:0.000, j=35:0.000, j=36:0.000, j=37:0.000, j=38:0.000, j=39:0.000, j=40:0.000, j=41:0.001, j=42:0.099, j=43:0.747, j=44:0.153
      i=45 -> j=0:0.000, j=1:0.000, j=2:0.000, j=3:0.000, j=4:0.000, j=5:0.000, j=6:0.000, j=7:0.000, j=8:0.000, j=9:0.000, j=10:0.000, j=11:0.000, j=12:0.000, j=13:0.000, j=14:0.000, j=15:0.000, j=16:0.000, j=17:0.000, j=18:0.000, j=19:0.000, j=20:0.000, j=21:0.000, j=22:0.000, j=23:0.000, j=24:0.000, j=25:0.000, j=26:0.000, j=27:0.000, j=28:0.000, j=29:0.000, j=30:0.000, j=31:0.000, j=32:0.000, j=33:0.000, j=34:0.000, j=35:0.000, j=36:0.000, j=37:0.000, j=38:0.000, j=39:0.000, j=40:0.000, j=41:0.000, j=42:0.000, j=43:0.047, j=44:0.859, j=45:0.093
      i=46 -> j=0:0.000, j=1:0.000, j=2:0.000, j=3:0.000, j=4:0.000, j=5:0.000, j=6:0.000, j=7:0.000, j=8:0.000, j=9:0.000, j=10:0.000, j=11:0.000, j=12:0.000, j=13:0.000, j=14:0.000, j=15:0.000, j=16:0.000, j=17:0.000, j=18:0.000, j=19:0.000, j=20:0.000, j=21:0.000, j=22:0.000, j=23:0.000, j=24:0.000, j=25:0.000, j=26:0.000, j=27:0.000, j=28:0.000, j=29:0.000, j=30:0.000, j=31:0.000, j=32:0.000, j=33:0.000, j=34:0.000, j=35:0.000, j=36:0.000, j=37:0.000, j=38:0.000, j=39:0.000, j=40:0.000, j=41:0.000, j=42:0.000, j=43:0.000, j=44:0.081, j=45:0.801, j=46:0.118
      i=47 -> j=0:0.000, j=1:0.000, j=2:0.000, j=3:0.000, j=4:0.000, j=5:0.000, j=6:0.000, j=7:0.000, j=8:0.000, j=9:0.000, j=10:0.000, j=11:0.000, j=12:0.000, j=13:0.000, j=14:0.000, j=15:0.000, j=16:0.000, j=17:0.000, j=18:0.000, j=19:0.000, j=20:0.000, j=21:0.000, j=22:0.000, j=23:0.000, j=24:0.000, j=25:0.000, j=26:0.000, j=27:0.000, j=28:0.000, j=29:0.000, j=30:0.000, j=31:0.000, j=32:0.000, j=33:0.000, j=34:0.000, j=35:0.000, j=36:0.000, j=37:0.000, j=38:0.000, j=39:0.000, j=40:0.000, j=41:0.000, j=42:0.000, j=43:0.000, j=44:0.001, j=45:0.098, j=46:0.754, j=47:0.146
      i=48 -> j=0:0.000, j=1:0.000, j=2:0.000, j=3:0.000, j=4:0.000, j=5:0.000, j=6:0.000, j=7:0.000, j=8:0.000, j=9:0.000, j=10:0.000, j=11:0.000, j=12:0.000, j=13:0.000, j=14:0.000, j=15:0.000, j=16:0.000, j=17:0.000, j=18:0.000, j=19:0.000, j=20:0.000, j=21:0.000, j=22:0.000, j=23:0.000, j=24:0.000, j=25:0.000, j=26:0.000, j=27:0.000, j=28:0.000, j=29:0.000, j=30:0.000, j=31:0.000, j=32:0.000, j=33:0.000, j=34:0.000, j=35:0.000, j=36:0.000, j=37:0.000, j=38:0.000, j=39:0.000, j=40:0.000, j=41:0.000, j=42:0.000, j=43:0.000, j=44:0.000, j=45:0.001, j=46:0.129, j=47:0.798, j=48:0.072
      i=49 -> j=0:0.000, j=1:0.000, j=2:0.000, j=3:0.000, j=4:0.000, j=5:0.000, j=6:0.000, j=7:0.000, j=8:0.000, j=9:0.000, j=10:0.000, j=11:0.000, j=12:0.000, j=13:0.000, j=14:0.000, j=15:0.000, j=16:0.000, j=17:0.000, j=18:0.000, j=19:0.000, j=20:0.000, j=21:0.000, j=22:0.000, j=23:0.000, j=24:0.000, j=25:0.000, j=26:0.000, j=27:0.000, j=28:0.000, j=29:0.000, j=30:0.000, j=31:0.000, j=32:0.000, j=33:0.000, j=34:0.000, j=35:0.000, j=36:0.000, j=37:0.000, j=38:0.000, j=39:0.000, j=40:0.000, j=41:0.000, j=42:0.000, j=43:0.000, j=44:0.000, j=45:0.000, j=46:0.001, j=47:0.088, j=48:0.744, j=49:0.167
      i=50 -> j=0:0.000, j=1:0.000, j=2:0.000, j=3:0.000, j=4:0.000, j=5:0.000, j=6:0.000, j=7:0.000, j=8:0.000, j=9:0.000, j=10:0.000, j=11:0.000, j=12:0.000, j=13:0.000, j=14:0.000, j=15:0.000, j=16:0.000, j=17:0.000, j=18:0.000, j=19:0.000, j=20:0.000, j=21:0.000, j=22:0.000, j=23:0.000, j=24:0.000, j=25:0.000, j=26:0.000, j=27:0.000, j=28:0.000, j=29:0.000, j=30:0.000, j=31:0.000, j=32:0.000, j=33:0.000, j=34:0.000, j=35:0.000, j=36:0.000, j=37:0.000, j=38:0.000, j=39:0.000, j=40:0.000, j=41:0.000, j=42:0.000, j=43:0.000, j=44:0.000, j=45:0.000, j=46:0.000, j=47:0.001, j=48:0.088, j=49:0.796, j=50:0.116
      i=51 -> j=0:0.000, j=1:0.000, j=2:0.000, j=3:0.000, j=4:0.000, j=5:0.000, j=6:0.000, j=7:0.000, j=8:0.000, j=9:0.000, j=10:0.000, j=11:0.000, j=12:0.000, j=13:0.000, j=14:0.000, j=15:0.000, j=16:0.000, j=17:0.000, j=18:0.000, j=19:0.000, j=20:0.000, j=21:0.000, j=22:0.000, j=23:0.000, j=24:0.000, j=25:0.000, j=26:0.000, j=27:0.000, j=28:0.000, j=29:0.000, j=30:0.000, j=31:0.000, j=32:0.000, j=33:0.000, j=34:0.000, j=35:0.000, j=36:0.000, j=37:0.000, j=38:0.000, j=39:0.000, j=40:0.000, j=41:0.000, j=42:0.000, j=43:0.000, j=44:0.000, j=45:0.000, j=46:0.000, j=47:0.000, j=48:0.000, j=49:0.060, j=50:0.825, j=51:0.115
      i=52 -> j=0:0.000, j=1:0.000, j=2:0.000, j=3:0.000, j=4:0.000, j=5:0.000, j=6:0.000, j=7:0.000, j=8:0.000, j=9:0.000, j=10:0.000, j=11:0.000, j=12:0.000, j=13:0.000, j=14:0.000, j=15:0.000, j=16:0.000, j=17:0.000, j=18:0.000, j=19:0.000, j=20:0.000, j=21:0.000, j=22:0.000, j=23:0.000, j=24:0.000, j=25:0.000, j=26:0.000, j=27:0.000, j=28:0.000, j=29:0.000, j=30:0.000, j=31:0.000, j=32:0.000, j=33:0.000, j=34:0.000, j=35:0.000, j=36:0.000, j=37:0.000, j=38:0.000, j=39:0.000, j=40:0.000, j=41:0.000, j=42:0.000, j=43:0.000, j=44:0.000, j=45:0.000, j=46:0.000, j=47:0.000, j=48:0.000, j=49:0.000, j=50:0.077, j=51:0.793, j=52:0.129
      i=53 -> j=0:0.000, j=1:0.000, j=2:0.000, j=3:0.000, j=4:0.000, j=5:0.000, j=6:0.000, j=7:0.000, j=8:0.000, j=9:0.000, j=10:0.000, j=11:0.000, j=12:0.000, j=13:0.000, j=14:0.000, j=15:0.000, j=16:0.000, j=17:0.000, j=18:0.000, j=19:0.000, j=20:0.000, j=21:0.000, j=22:0.000, j=23:0.000, j=24:0.000, j=25:0.000, j=26:0.000, j=27:0.000, j=28:0.000, j=29:0.000, j=30:0.000, j=31:0.000, j=32:0.000, j=33:0.000, j=34:0.000, j=35:0.000, j=36:0.000, j=37:0.000, j=38:0.000, j=39:0.000, j=40:0.000, j=41:0.000, j=42:0.000, j=43:0.000, j=44:0.000, j=45:0.000, j=46:0.000, j=47:0.000, j=48:0.000, j=49:0.000, j=50:0.001, j=51:0.116, j=52:0.776, j=53:0.107
      i=54 -> j=0:0.000, j=1:0.000, j=2:0.000, j=3:0.000, j=4:0.000, j=5:0.000, j=6:0.000, j=7:0.000, j=8:0.000, j=9:0.000, j=10:0.000, j=11:0.000, j=12:0.000, j=13:0.000, j=14:0.000, j=15:0.000, j=16:0.000, j=17:0.000, j=18:0.000, j=19:0.000, j=20:0.000, j=21:0.000, j=22:0.000, j=23:0.000, j=24:0.000, j=25:0.000, j=26:0.000, j=27:0.000, j=28:0.000, j=29:0.000, j=30:0.000, j=31:0.000, j=32:0.000, j=33:0.000, j=34:0.000, j=35:0.000, j=36:0.000, j=37:0.000, j=38:0.000, j=39:0.000, j=40:0.000, j=41:0.000, j=42:0.000, j=43:0.000, j=44:0.000, j=45:0.000, j=46:0.000, j=47:0.000, j=48:0.000, j=49:0.000, j=50:0.000, j=51:0.001, j=52:0.120, j=53:0.770, j=54:0.109
      i=55 -> j=0:0.000, j=1:0.000, j=2:0.000, j=3:0.000, j=4:0.000, j=5:0.000, j=6:0.000, j=7:0.000, j=8:0.000, j=9:0.000, j=10:0.000, j=11:0.000, j=12:0.000, j=13:0.000, j=14:0.000, j=15:0.000, j=16:0.000, j=17:0.000, j=18:0.000, j=19:0.000, j=20:0.000, j=21:0.000, j=22:0.000, j=23:0.000, j=24:0.000, j=25:0.000, j=26:0.000, j=27:0.000, j=28:0.000, j=29:0.000, j=30:0.000, j=31:0.000, j=32:0.000, j=33:0.000, j=34:0.000, j=35:0.000, j=36:0.000, j=37:0.000, j=38:0.000, j=39:0.000, j=40:0.000, j=41:0.000, j=42:0.000, j=43:0.000, j=44:0.000, j=45:0.000, j=46:0.000, j=47:0.000, j=48:0.000, j=49:0.000, j=50:0.000, j=51:0.000, j=52:0.000, j=53:0.095, j=54:0.780, j=55:0.124
      i=56 -> j=0:0.000, j=1:0.000, j=2:0.000, j=3:0.000, j=4:0.000, j=5:0.000, j=6:0.000, j=7:0.000, j=8:0.000, j=9:0.000, j=10:0.000, j=11:0.000, j=12:0.000, j=13:0.000, j=14:0.000, j=15:0.000, j=16:0.000, j=17:0.000, j=18:0.000, j=19:0.000, j=20:0.000, j=21:0.000, j=22:0.000, j=23:0.000, j=24:0.000, j=25:0.000, j=26:0.000, j=27:0.000, j=28:0.000, j=29:0.000, j=30:0.000, j=31:0.000, j=32:0.000, j=33:0.000, j=34:0.000, j=35:0.000, j=36:0.000, j=37:0.000, j=38:0.000, j=39:0.000, j=40:0.000, j=41:0.000, j=42:0.000, j=43:0.000, j=44:0.000, j=45:0.000, j=46:0.000, j=47:0.000, j=48:0.000, j=49:0.000, j=50:0.000, j=51:0.000, j=52:0.000, j=53:0.001, j=54:0.101, j=55:0.793, j=56:0.105
      i=57 -> j=0:0.000, j=1:0.000, j=2:0.000, j=3:0.000, j=4:0.000, j=5:0.000, j=6:0.000, j=7:0.000, j=8:0.000, j=9:0.000, j=10:0.000, j=11:0.000, j=12:0.000, j=13:0.000, j=14:0.000, j=15:0.000, j=16:0.000, j=17:0.000, j=18:0.000, j=19:0.000, j=20:0.000, j=21:0.000, j=22:0.000, j=23:0.000, j=24:0.000, j=25:0.000, j=26:0.000, j=27:0.000, j=28:0.000, j=29:0.000, j=30:0.000, j=31:0.000, j=32:0.000, j=33:0.000, j=34:0.000, j=35:0.000, j=36:0.000, j=37:0.000, j=38:0.000, j=39:0.000, j=40:0.000, j=41:0.000, j=42:0.000, j=43:0.000, j=44:0.000, j=45:0.000, j=46:0.000, j=47:0.000, j=48:0.000, j=49:0.000, j=50:0.000, j=51:0.000, j=52:0.000, j=53:0.000, j=54:0.001, j=55:0.093, j=56:0.765, j=57:0.141
      i=58 -> j=0:0.000, j=1:0.000, j=2:0.000, j=3:0.000, j=4:0.000, j=5:0.000, j=6:0.000, j=7:0.000, j=8:0.000, j=9:0.000, j=10:0.000, j=11:0.000, j=12:0.000, j=13:0.000, j=14:0.000, j=15:0.000, j=16:0.000, j=17:0.000, j=18:0.000, j=19:0.000, j=20:0.000, j=21:0.000, j=22:0.000, j=23:0.000, j=24:0.000, j=25:0.000, j=26:0.000, j=27:0.000, j=28:0.000, j=29:0.000, j=30:0.000, j=31:0.000, j=32:0.000, j=33:0.000, j=34:0.000, j=35:0.000, j=36:0.000, j=37:0.000, j=38:0.000, j=39:0.000, j=40:0.000, j=41:0.000, j=42:0.000, j=43:0.000, j=44:0.000, j=45:0.000, j=46:0.000, j=47:0.000, j=48:0.000, j=49:0.000, j=50:0.000, j=51:0.000, j=52:0.000, j=53:0.000, j=54:0.000, j=55:0.001, j=56:0.082, j=57:0.833, j=58:0.085
      i=59 -> j=0:0.000, j=1:0.000, j=2:0.000, j=3:0.000, j=4:0.000, j=5:0.000, j=6:0.000, j=7:0.000, j=8:0.000, j=9:0.000, j=10:0.000, j=11:0.000, j=12:0.000, j=13:0.000, j=14:0.000, j=15:0.000, j=16:0.000, j=17:0.000, j=18:0.000, j=19:0.000, j=20:0.000, j=21:0.000, j=22:0.000, j=23:0.000, j=24:0.000, j=25:0.000, j=26:0.000, j=27:0.000, j=28:0.000, j=29:0.000, j=30:0.000, j=31:0.000, j=32:0.000, j=33:0.000, j=34:0.000, j=35:0.000, j=36:0.000, j=37:0.000, j=38:0.000, j=39:0.000, j=40:0.000, j=41:0.000, j=42:0.000, j=43:0.000, j=44:0.000, j=45:0.000, j=46:0.000, j=47:0.000, j=48:0.000, j=49:0.000, j=50:0.000, j=51:0.000, j=52:0.000, j=53:0.000, j=54:0.000, j=55:0.000, j=56:0.001, j=57:0.129, j=58:0.733, j=59:0.137
      i=60 -> j=0:0.000, j=1:0.000, j=2:0.000, j=3:0.000, j=4:0.000, j=5:0.000, j=6:0.000, j=7:0.000, j=8:0.000, j=9:0.000, j=10:0.000, j=11:0.000, j=12:0.000, j=13:0.000, j=14:0.000, j=15:0.000, j=16:0.000, j=17:0.000, j=18:0.000, j=19:0.000, j=20:0.000, j=21:0.000, j=22:0.000, j=23:0.000, j=24:0.000, j=25:0.000, j=26:0.000, j=27:0.000, j=28:0.000, j=29:0.000, j=30:0.000, j=31:0.000, j=32:0.000, j=33:0.000, j=34:0.000, j=35:0.000, j=36:0.000, j=37:0.000, j=38:0.000, j=39:0.000, j=40:0.000, j=41:0.000, j=42:0.000, j=43:0.000, j=44:0.000, j=45:0.000, j=46:0.000, j=47:0.000, j=48:0.000, j=49:0.000, j=50:0.000, j=51:0.000, j=52:0.000, j=53:0.000, j=54:0.000, j=55:0.000, j=56:0.000, j=57:0.001, j=58:0.115, j=59:0.776, j=60:0.108
      i=61 -> j=0:0.000, j=1:0.000, j=2:0.000, j=3:0.000, j=4:0.000, j=5:0.000, j=6:0.000, j=7:0.000, j=8:0.000, j=9:0.000, j=10:0.000, j=11:0.000, j=12:0.000, j=13:0.000, j=14:0.000, j=15:0.000, j=16:0.000, j=17:0.000, j=18:0.000, j=19:0.000, j=20:0.000, j=21:0.000, j=22:0.000, j=23:0.000, j=24:0.000, j=25:0.000, j=26:0.000, j=27:0.000, j=28:0.000, j=29:0.000, j=30:0.000, j=31:0.000, j=32:0.000, j=33:0.000, j=34:0.000, j=35:0.000, j=36:0.000, j=37:0.000, j=38:0.000, j=39:0.000, j=40:0.000, j=41:0.000, j=42:0.000, j=43:0.000, j=44:0.000, j=45:0.000, j=46:0.000, j=47:0.000, j=48:0.000, j=49:0.000, j=50:0.000, j=51:0.000, j=52:0.000, j=53:0.000, j=54:0.000, j=55:0.000, j=56:0.000, j=57:0.000, j=58:0.001, j=59:0.086, j=60:0.790, j=61:0.123
      i=62 -> j=0:0.000, j=1:0.000, j=2:0.000, j=3:0.000, j=4:0.000, j=5:0.000, j=6:0.000, j=7:0.000, j=8:0.000, j=9:0.000, j=10:0.000, j=11:0.000, j=12:0.000, j=13:0.000, j=14:0.000, j=15:0.000, j=16:0.000, j=17:0.000, j=18:0.000, j=19:0.000, j=20:0.000, j=21:0.000, j=22:0.000, j=23:0.000, j=24:0.000, j=25:0.000, j=26:0.000, j=27:0.000, j=28:0.000, j=29:0.000, j=30:0.000, j=31:0.000, j=32:0.000, j=33:0.000, j=34:0.000, j=35:0.000, j=36:0.000, j=37:0.000, j=38:0.000, j=39:0.000, j=40:0.000, j=41:0.000, j=42:0.000, j=43:0.000, j=44:0.000, j=45:0.000, j=46:0.000, j=47:0.000, j=48:0.000, j=49:0.000, j=50:0.000, j=51:0.000, j=52:0.000, j=53:0.000, j=54:0.000, j=55:0.000, j=56:0.000, j=57:0.000, j=58:0.000, j=59:0.000, j=60:0.069, j=61:0.802, j=62:0.128
      i=63 -> j=0:0.000, j=1:0.000, j=2:0.000, j=3:0.000, j=4:0.000, j=5:0.000, j=6:0.000, j=7:0.000, j=8:0.000, j=9:0.000, j=10:0.000, j=11:0.000, j=12:0.000, j=13:0.000, j=14:0.000, j=15:0.000, j=16:0.000, j=17:0.000, j=18:0.000, j=19:0.000, j=20:0.000, j=21:0.000, j=22:0.000, j=23:0.000, j=24:0.000, j=25:0.000, j=26:0.000, j=27:0.000, j=28:0.000, j=29:0.000, j=30:0.000, j=31:0.000, j=32:0.000, j=33:0.000, j=34:0.000, j=35:0.000, j=36:0.000, j=37:0.000, j=38:0.000, j=39:0.000, j=40:0.000, j=41:0.000, j=42:0.000, j=43:0.000, j=44:0.000, j=45:0.000, j=46:0.000, j=47:0.000, j=48:0.000, j=49:0.000, j=50:0.000, j=51:0.000, j=52:0.000, j=53:0.000, j=54:0.000, j=55:0.000, j=56:0.000, j=57:0.000, j=58:0.000, j=59:0.000, j=60:0.001, j=61:0.092, j=62:0.782, j=63:0.125
    Average attention per distance:
      d=0:0.132, d=1:0.791, d=2:0.092

--- Layer 1 ---
  Head 0: Entropy=1.584
    Attention coefficients from each query position to previous positions:
      i= 0 -> j=0:1.000
      i= 1 -> j=0:0.532, j=1:0.468
      i= 2 -> j=0:0.173, j=1:0.257, j=2:0.570
      i= 3 -> j=0:0.021, j=1:0.050, j=2:0.295, j=3:0.634
      i= 4 -> j=0:0.003, j=1:0.007, j=2:0.082, j=3:0.302, j=4:0.605
      i= 5 -> j=0:0.003, j=1:0.005, j=2:0.038, j=3:0.145, j=4:0.656, j=5:0.153
      i= 6 -> j=0:0.002, j=1:0.002, j=2:0.014, j=3:0.049, j=4:0.364, j=5:0.121, j=6:0.449
      i= 7 -> j=0:0.005, j=1:0.002, j=2:0.010, j=3:0.018, j=4:0.104, j=5:0.093, j=6:0.585, j=7:0.183
      i= 8 -> j=0:0.003, j=1:0.001, j=2:0.006, j=3:0.008, j=4:0.022, j=5:0.016, j=6:0.153, j=7:0.074, j=8:0.718
      i= 9 -> j=0:0.001, j=1:0.001, j=2:0.004, j=3:0.004, j=4:0.006, j=5:0.003, j=6:0.035, j=7:0.031, j=8:0.633, j=9:0.282
      i=10 -> j=0:0.003, j=1:0.003, j=2:0.009, j=3:0.010, j=4:0.010, j=5:0.005, j=6:0.022, j=7:0.023, j=8:0.426, j=9:0.405, j=10:0.084
      i=11 -> j=0:0.003, j=1:0.003, j=2:0.014, j=3:0.022, j=4:0.027, j=5:0.008, j=6:0.024, j=7:0.015, j=8:0.297, j=9:0.334, j=10:0.126, j=11:0.127
      i=12 -> j=0:0.001, j=1:0.000, j=2:0.002, j=3:0.005, j=4:0.008, j=5:0.002, j=6:0.006, j=7:0.002, j=8:0.043, j=9:0.035, j=10:0.017, j=11:0.029, j=12:0.849
      i=13 -> j=0:0.001, j=1:0.000, j=2:0.002, j=3:0.004, j=4:0.007, j=5:0.002, j=6:0.007, j=7:0.002, j=8:0.024, j=9:0.015, j=10:0.009, j=11:0.023, j=12:0.776, j=13:0.128
      i=14 -> j=0:0.002, j=1:0.001, j=2:0.003, j=3:0.004, j=4:0.007, j=5:0.004, j=6:0.012, j=7:0.005, j=8:0.026, j=9:0.011, j=10:0.007, j=11:0.018, j=12:0.507, j=13:0.216, j=14:0.175
      i=15 -> j=0:0.007, j=1:0.005, j=2:0.009, j=3:0.010, j=4:0.011, j=5:0.008, j=6:0.022, j=7:0.015, j=8:0.048, j=9:0.022, j=10:0.011, j=11:0.019, j=12:0.218, j=13:0.186, j=14:0.283, j=15:0.128
      i=16 -> j=0:0.004, j=1:0.003, j=2:0.008, j=3:0.008, j=4:0.007, j=5:0.004, j=6:0.012, j=7:0.010, j=8:0.051, j=9:0.022, j=10:0.007, j=11:0.009, j=12:0.100, j=13:0.093, j=14:0.279, j=15:0.239, j=16:0.144
      i=17 -> j=0:0.003, j=1:0.002, j=2:0.007, j=3:0.010, j=4:0.009, j=5:0.003, j=6:0.009, j=7:0.005, j=8:0.046, j=9:0.023, j=10:0.006, j=11:0.006, j=12:0.081, j=13:0.027, j=14:0.056, j=15:0.064, j=16:0.057, j=17:0.586
      i=18 -> j=0:0.001, j=1:0.000, j=2:0.002, j=3:0.003, j=4:0.004, j=5:0.001, j=6:0.003, j=7:0.001, j=8:0.013, j=9:0.006, j=10:0.002, j=11:0.002, j=12:0.031, j=13:0.005, j=14:0.007, j=15:0.007, j=16:0.006, j=17:0.133, j=18:0.773
      i=19 -> j=0:0.001, j=1:0.000, j=2:0.002, j=3:0.003, j=4:0.004, j=5:0.001, j=6:0.003, j=7:0.001, j=8:0.010, j=9:0.004, j=10:0.001, j=11:0.002, j=12:0.034, j=13:0.005, j=14:0.004, j=15:0.003, j=16:0.003, j=17:0.074, j=18:0.626, j=19:0.218
      i=20 -> j=0:0.001, j=1:0.001, j=2:0.002, j=3:0.003, j=4:0.004, j=5:0.002, j=6:0.004, j=7:0.002, j=8:0.009, j=9:0.004, j=10:0.001, j=11:0.002, j=12:0.032, j=13:0.006, j=14:0.004, j=15:0.003, j=16:0.002, j=17:0.041, j=18:0.398, j=19:0.240, j=20:0.240
      i=21 -> j=0:0.002, j=1:0.001, j=2:0.004, j=3:0.006, j=4:0.007, j=5:0.003, j=6:0.007, j=7:0.003, j=8:0.018, j=9:0.007, j=10:0.002, j=11:0.003, j=12:0.045, j=13:0.011, j=14:0.009, j=15:0.004, j=16:0.002, j=17:0.030, j=18:0.242, j=19:0.178, j=20:0.270, j=21:0.144
      i=22 -> j=0:0.003, j=1:0.002, j=2:0.006, j=3:0.008, j=4:0.007, j=5:0.004, j=6:0.008, j=7:0.005, j=8:0.022, j=9:0.009, j=10:0.003, j=11:0.004, j=12:0.034, j=13:0.012, j=14:0.012, j=15:0.007, j=16:0.003, j=17:0.024, j=18:0.128, j=19:0.110, j=20:0.236, j=21:0.203, j=22:0.151
      i=23 -> j=0:0.002, j=1:0.002, j=2:0.005, j=3:0.007, j=4:0.006, j=5:0.002, j=6:0.006, j=7:0.003, j=8:0.019, j=9:0.008, j=10:0.002, j=11:0.002, j=12:0.023, j=13:0.007, j=14:0.009, j=15:0.006, j=16:0.002, j=17:0.019, j=18:0.094, j=19:0.058, j=20:0.126, j=21:0.157, j=22:0.200, j=23:0.233
      i=24 -> j=0:0.004, j=1:0.003, j=2:0.006, j=3:0.008, j=4:0.007, j=5:0.004, j=6:0.005, j=7:0.004, j=8:0.013, j=9:0.009, j=10:0.004, j=11:0.004, j=12:0.013, j=13:0.006, j=14:0.008, j=15:0.008, j=16:0.005, j=17:0.020, j=18:0.048, j=19:0.026, j=20:0.038, j=21:0.062, j=22:0.146, j=23:0.358, j=24:0.191
      i=25 -> j=0:0.010, j=1:0.008, j=2:0.011, j=3:0.013, j=4:0.012, j=5:0.010, j=6:0.010, j=7:0.009, j=8:0.013, j=9:0.012, j=10:0.011, j=11:0.011, j=12:0.016, j=13:0.010, j=14:0.010, j=15:0.013, j=16:0.013, j=17:0.028, j=18:0.043, j=19:0.026, j=20:0.024, j=21:0.030, j=22:0.058, j=23:0.173, j=24:0.250, j=25:0.173
      i=26 -> j=0:0.000, j=1:0.000, j=2:0.001, j=3:0.001, j=4:0.001, j=5:0.001, j=6:0.001, j=7:0.000, j=8:0.002, j=9:0.001, j=10:0.000, j=11:0.000, j=12:0.004, j=13:0.001, j=14:0.001, j=15:0.000, j=16:0.000, j=17:0.002, j=18:0.011, j=19:0.005, j=20:0.004, j=21:0.002, j=22:0.002, j=23:0.006, j=24:0.011, j=25:0.016, j=26:0.926
      i=27 -> j=0:0.000, j=1:0.000, j=2:0.000, j=3:0.001, j=4:0.001, j=5:0.000, j=6:0.001, j=7:0.000, j=8:0.001, j=9:0.000, j=10:0.000, j=11:0.000, j=12:0.002, j=13:0.001, j=14:0.000, j=15:0.000, j=16:0.000, j=17:0.001, j=18:0.004, j=19:0.003, j=20:0.002, j=21:0.001, j=22:0.001, j=23:0.001, j=24:0.002, j=25:0.006, j=26:0.487, j=27:0.484
      i=28 -> j=0:0.001, j=1:0.001, j=2:0.002, j=3:0.001, j=4:0.001, j=5:0.001, j=6:0.001, j=7:0.001, j=8:0.002, j=9:0.001, j=10:0.001, j=11:0.001, j=12:0.002, j=13:0.002, j=14:0.001, j=15:0.001, j=16:0.001, j=17:0.002, j=18:0.004, j=19:0.004, j=20:0.005, j=21:0.004, j=22:0.002, j=23:0.002, j=24:0.003, j=25:0.011, j=26:0.247, j=27:0.603, j=28:0.090
      i=29 -> j=0:0.001, j=1:0.001, j=2:0.002, j=3:0.002, j=4:0.002, j=5:0.001, j=6:0.002, j=7:0.001, j=8:0.004, j=9:0.002, j=10:0.001, j=11:0.001, j=12:0.005, j=13:0.002, j=14:0.002, j=15:0.001, j=16:0.000, j=17:0.002, j=18:0.007, j=19:0.005, j=20:0.006, j=21:0.005, j=22:0.003, j=23:0.002, j=24:0.002, j=25:0.003, j=26:0.161, j=27:0.479, j=28:0.082, j=29:0.213
      i=30 -> j=0:0.000, j=1:0.000, j=2:0.000, j=3:0.000, j=4:0.000, j=5:0.000, j=6:0.000, j=7:0.000, j=8:0.001, j=9:0.000, j=10:0.000, j=11:0.000, j=12:0.001, j=13:0.000, j=14:0.000, j=15:0.000, j=16:0.000, j=17:0.000, j=18:0.002, j=19:0.001, j=20:0.001, j=21:0.001, j=22:0.000, j=23:0.000, j=24:0.000, j=25:0.000, j=26:0.016, j=27:0.041, j=28:0.009, j=29:0.047, j=30:0.876
      i=31 -> j=0:0.000, j=1:0.000, j=2:0.001, j=3:0.001, j=4:0.001, j=5:0.000, j=6:0.001, j=7:0.000, j=8:0.001, j=9:0.001, j=10:0.000, j=11:0.000, j=12:0.002, j=13:0.000, j=14:0.000, j=15:0.000, j=16:0.000, j=17:0.001, j=18:0.003, j=19:0.001, j=20:0.001, j=21:0.001, j=22:0.001, j=23:0.001, j=24:0.000, j=25:0.001, j=26:0.011, j=27:0.017, j=28:0.006, j=29:0.036, j=30:0.852, j=31:0.060
      i=32 -> j=0:0.004, j=1:0.003, j=2:0.004, j=3:0.005, j=4:0.005, j=5:0.004, j=6:0.004, j=7:0.003, j=8:0.005, j=9:0.004, j=10:0.003, j=11:0.003, j=12:0.007, j=13:0.003, j=14:0.003, j=15:0.003, j=16:0.002, j=17:0.005, j=18:0.009, j=19:0.006, j=20:0.004, j=21:0.004, j=22:0.004, j=23:0.005, j=24:0.005, j=25:0.005, j=26:0.019, j=27:0.018, j=28:0.010, j=29:0.044, j=30:0.512, j=31:0.226, j=32:0.059
      i=33 -> j=0:0.004, j=1:0.003, j=2:0.005, j=3:0.006, j=4:0.006, j=5:0.004, j=6:0.006, j=7:0.004, j=8:0.007, j=9:0.004, j=10:0.003, j=11:0.003, j=12:0.009, j=13:0.004, j=14:0.003, j=15:0.002, j=16:0.001, j=17:0.005, j=18:0.012, j=19:0.008, j=20:0.006, j=21:0.004, j=22:0.003, j=23:0.004, j=24:0.004, j=25:0.005, j=26:0.034, j=27:0.025, j=28:0.006, j=29:0.021, j=30:0.284, j=31:0.172, j=32:0.080, j=33:0.253
      i=34 -> j=0:0.002, j=1:0.002, j=2:0.003, j=3:0.004, j=4:0.004, j=5:0.002, j=6:0.004, j=7:0.002, j=8:0.006, j=9:0.003, j=10:0.001, j=11:0.002, j=12:0.007, j=13:0.003, j=14:0.002, j=15:0.001, j=16:0.001, j=17:0.003, j=18:0.009, j=19:0.006, j=20:0.005, j=21:0.003, j=22:0.002, j=23:0.002, j=24:0.002, j=25:0.003, j=26:0.038, j=27:0.031, j=28:0.003, j=29:0.010, j=30:0.123, j=31:0.051, j=32:0.035, j=33:0.266, j=34:0.359
      i=35 -> j=0:0.000, j=1:0.000, j=2:0.001, j=3:0.001, j=4:0.001, j=5:0.000, j=6:0.001, j=7:0.001, j=8:0.002, j=9:0.001, j=10:0.000, j=11:0.000, j=12:0.002, j=13:0.001, j=14:0.001, j=15:0.000, j=16:0.000, j=17:0.001, j=18:0.003, j=19:0.002, j=20:0.001, j=21:0.001, j=22:0.000, j=23:0.000, j=24:0.000, j=25:0.000, j=26:0.012, j=27:0.013, j=28:0.001, j=29:0.003, j=30:0.037, j=31:0.005, j=32:0.002, j=33:0.030, j=34:0.074, j=35:0.800
      i=36 -> j=0:0.001, j=1:0.001, j=2:0.002, j=3:0.002, j=4:0.002, j=5:0.001, j=6:0.001, j=7:0.001, j=8:0.002, j=9:0.001, j=10:0.001, j=11:0.001, j=12:0.002, j=13:0.001, j=14:0.001, j=15:0.001, j=16:0.000, j=17:0.001, j=18:0.002, j=19:0.002, j=20:0.001, j=21:0.001, j=22:0.001, j=23:0.001, j=24:0.000, j=25:0.001, j=26:0.005, j=27:0.007, j=28:0.002, j=29:0.003, j=30:0.015, j=31:0.003, j=32:0.002, j=33:0.017, j=34:0.060, j=35:0.608, j=36:0.246
      i=37 -> j=0:0.004, j=1:0.004, j=2:0.005, j=3:0.006, j=4:0.005, j=5:0.004, j=6:0.004, j=7:0.004, j=8:0.005, j=9:0.004, j=10:0.004, j=11:0.003, j=12:0.004, j=13:0.003, j=14:0.003, j=15:0.003, j=16:0.002, j=17:0.004, j=18:0.005, j=19:0.004, j=20:0.003, j=21:0.004, j=22:0.004, j=23:0.003, j=24:0.002, j=25:0.002, j=26:0.005, j=27:0.008, j=28:0.006, j=29:0.010, j=30:0.021, j=31:0.007, j=32:0.004, j=33:0.014, j=34:0.043, j=35:0.300, j=36:0.393, j=37:0.091
      i=38 -> j=0:0.002, j=1:0.001, j=2:0.003, j=3:0.004, j=4:0.004, j=5:0.002, j=6:0.003, j=7:0.002, j=8:0.005, j=9:0.003, j=10:0.002, j=11:0.002, j=12:0.006, j=13:0.002, j=14:0.002, j=15:0.001, j=16:0.001, j=17:0.003, j=18:0.006, j=19:0.003, j=20:0.003, j=21:0.002, j=22:0.002, j=23:0.002, j=24:0.001, j=25:0.001, j=26:0.008, j=27:0.008, j=28:0.002, j=29:0.006, j=30:0.043, j=31:0.007, j=32:0.002, j=33:0.006, j=34:0.013, j=35:0.148, j=36:0.201, j=37:0.060, j=38:0.430
      i=39 -> j=0:0.000, j=1:0.000, j=2:0.000, j=3:0.000, j=4:0.000, j=5:0.000, j=6:0.000, j=7:0.000, j=8:0.000, j=9:0.000, j=10:0.000, j=11:0.000, j=12:0.001, j=13:0.000, j=14:0.000, j=15:0.000, j=16:0.000, j=17:0.000, j=18:0.001, j=19:0.000, j=20:0.000, j=21:0.000, j=22:0.000, j=23:0.000, j=24:0.000, j=25:0.000, j=26:0.001, j=27:0.001, j=28:0.000, j=29:0.000, j=30:0.004, j=31:0.001, j=32:0.000, j=33:0.000, j=34:0.001, j=35:0.007, j=36:0.008, j=37:0.004, j=38:0.074, j=39:0.895
      i=40 -> j=0:0.000, j=1:0.000, j=2:0.001, j=3:0.001, j=4:0.001, j=5:0.000, j=6:0.001, j=7:0.000, j=8:0.001, j=9:0.000, j=10:0.000, j=11:0.000, j=12:0.001, j=13:0.000, j=14:0.000, j=15:0.000, j=16:0.000, j=17:0.000, j=18:0.001, j=19:0.001, j=20:0.000, j=21:0.000, j=22:0.000, j=23:0.000, j=24:0.000, j=25:0.000, j=26:0.001, j=27:0.001, j=28:0.000, j=29:0.000, j=30:0.002, j=31:0.001, j=32:0.000, j=33:0.001, j=34:0.001, j=35:0.004, j=36:0.004, j=37:0.004, j=38:0.058, j=39:0.805, j=40:0.105
      i=41 -> j=0:0.002, j=1:0.001, j=2:0.002, j=3:0.003, j=4:0.002, j=5:0.002, j=6:0.002, j=7:0.002, j=8:0.003, j=9:0.002, j=10:0.001, j=11:0.001, j=12:0.003, j=13:0.002, j=14:0.001, j=15:0.001, j=16:0.001, j=17:0.001, j=18:0.003, j=19:0.002, j=20:0.002, j=21:0.001, j=22:0.001, j=23:0.001, j=24:0.001, j=25:0.001, j=26:0.004, j=27:0.004, j=28:0.001, j=29:0.001, j=30:0.005, j=31:0.002, j=32:0.001, j=33:0.004, j=34:0.004, j=35:0.011, j=36:0.006, j=37:0.004, j=38:0.040, j=39:0.564, j=40:0.250, j=41:0.055
      i=42 -> j=0:0.000, j=1:0.000, j=2:0.000, j=3:0.001, j=4:0.001, j=5:0.000, j=6:0.001, j=7:0.000, j=8:0.001, j=9:0.001, j=10:0.000, j=11:0.000, j=12:0.001, j=13:0.000, j=14:0.000, j=15:0.000, j=16:0.000, j=17:0.000, j=18:0.001, j=19:0.001, j=20:0.000, j=21:0.000, j=22:0.000, j=23:0.000, j=24:0.000, j=25:0.000, j=26:0.002, j=27:0.002, j=28:0.000, j=29:0.001, j=30:0.004, j=31:0.000, j=32:0.000, j=33:0.001, j=34:0.001, j=35:0.010, j=36:0.003, j=37:0.000, j=38:0.007, j=39:0.119, j=40:0.036, j=41:0.010, j=42:0.791
      i=43 -> j=0:0.000, j=1:0.000, j=2:0.001, j=3:0.001, j=4:0.001, j=5:0.000, j=6:0.001, j=7:0.000, j=8:0.001, j=9:0.001, j=10:0.000, j=11:0.000, j=12:0.002, j=13:0.000, j=14:0.000, j=15:0.000, j=16:0.000, j=17:0.001, j=18:0.002, j=19:0.001, j=20:0.001, j=21:0.000, j=22:0.000, j=23:0.000, j=24:0.000, j=25:0.000, j=26:0.003, j=27:0.002, j=28:0.000, j=29:0.001, j=30:0.006, j=31:0.001, j=32:0.000, j=33:0.001, j=34:0.001, j=35:0.011, j=36:0.003, j=37:0.000, j=38:0.004, j=39:0.044, j=40:0.012, j=41:0.005, j=42:0.539, j=43:0.350
      i=44 -> j=0:0.000, j=1:0.000, j=2:0.001, j=3:0.001, j=4:0.001, j=5:0.000, j=6:0.001, j=7:0.000, j=8:0.002, j=9:0.001, j=10:0.000, j=11:0.000, j=12:0.002, j=13:0.001, j=14:0.000, j=15:0.000, j=16:0.000, j=17:0.001, j=18:0.002, j=19:0.001, j=20:0.001, j=21:0.001, j=22:0.000, j=23:0.000, j=24:0.000, j=25:0.000, j=26:0.003, j=27:0.002, j=28:0.000, j=29:0.001, j=30:0.007, j=31:0.001, j=32:0.000, j=33:0.001, j=34:0.001, j=35:0.009, j=36:0.004, j=37:0.001, j=38:0.004, j=39:0.027, j=40:0.006, j=41:0.003, j=42:0.334, j=43:0.352, j=44:0.226
      i=45 -> j=0:0.001, j=1:0.001, j=2:0.001, j=3:0.002, j=4:0.002, j=5:0.001, j=6:0.002, j=7:0.001, j=8:0.003, j=9:0.002, j=10:0.001, j=11:0.001, j=12:0.004, j=13:0.001, j=14:0.001, j=15:0.001, j=16:0.000, j=17:0.001, j=18:0.004, j=19:0.002, j=20:0.001, j=21:0.001, j=22:0.001, j=23:0.001, j=24:0.000, j=25:0.000, j=26:0.004, j=27:0.003, j=28:0.001, j=29:0.001, j=30:0.010, j=31:0.001, j=32:0.000, j=33:0.001, j=34:0.001, j=35:0.010, j=36:0.006, j=37:0.001, j=38:0.008, j=39:0.033, j=40:0.005, j=41:0.003, j=42:0.182, j=43:0.281, j=44:0.314, j=45:0.097
      i=46 -> j=0:0.002, j=1:0.001, j=2:0.003, j=3:0.004, j=4:0.004, j=5:0.002, j=6:0.004, j=7:0.002, j=8:0.006, j=9:0.003, j=10:0.001, j=11:0.001, j=12:0.007, j=13:0.002, j=14:0.002, j=15:0.001, j=16:0.001, j=17:0.002, j=18:0.007, j=19:0.004, j=20:0.003, j=21:0.002, j=22:0.001, j=23:0.001, j=24:0.001, j=25:0.001, j=26:0.008, j=27:0.006, j=28:0.001, j=29:0.002, j=30:0.014, j=31:0.003, j=32:0.001, j=33:0.002, j=34:0.002, j=35:0.012, j=36:0.006, j=37:0.002, j=38:0.013, j=39:0.052, j=40:0.007, j=41:0.003, j=42:0.104, j=43:0.169, j=44:0.250, j=45:0.150, j=46:0.125
      i=47 -> j=0:0.003, j=1:0.002, j=2:0.005, j=3:0.006, j=4:0.006, j=5:0.003, j=6:0.006, j=7:0.004, j=8:0.010, j=9:0.005, j=10:0.002, j=11:0.002, j=12:0.011, j=13:0.004, j=14:0.003, j=15:0.002, j=16:0.001, j=17:0.004, j=18:0.010, j=19:0.006, j=20:0.005, j=21:0.004, j=22:0.002, j=23:0.002, j=24:0.001, j=25:0.002, j=26:0.013, j=27:0.010, j=28:0.002, j=29:0.003, j=30:0.018, j=31:0.004, j=32:0.002, j=33:0.004, j=34:0.004, j=35:0.016, j=36:0.008, j=37:0.003, j=38:0.015, j=39:0.070, j=40:0.012, j=41:0.003, j=42:0.081, j=43:0.098, j=44:0.119, j=45:0.103, j=46:0.138, j=47:0.161
      i=48 -> j=0:0.003, j=1:0.002, j=2:0.005, j=3:0.006, j=4:0.006, j=5:0.003, j=6:0.005, j=7:0.003, j=8:0.009, j=9:0.005, j=10:0.002, j=11:0.002, j=12:0.009, j=13:0.003, j=14:0.003, j=15:0.002, j=16:0.001, j=17:0.003, j=18:0.008, j=19:0.005, j=20:0.004, j=21:0.003, j=22:0.002, j=23:0.001, j=24:0.001, j=25:0.001, j=26:0.009, j=27:0.008, j=28:0.001, j=29:0.003, j=30:0.012, j=31:0.002, j=32:0.001, j=33:0.003, j=34:0.004, j=35:0.013, j=36:0.005, j=37:0.001, j=38:0.008, j=39:0.049, j=40:0.011, j=41:0.003, j=42:0.066, j=43:0.060, j=44:0.055, j=45:0.060, j=46:0.138, j=47:0.288, j=48:0.103
      i=49 -> j=0:0.009, j=1:0.008, j=2:0.011, j=3:0.013, j=4:0.012, j=5:0.009, j=6:0.010, j=7:0.009, j=8:0.013, j=9:0.011, j=10:0.009, j=11:0.008, j=12:0.011, j=13:0.008, j=14:0.008, j=15:0.008, j=16:0.006, j=17:0.008, j=18:0.010, j=19:0.008, j=20:0.007, j=21:0.008, j=22:0.007, j=23:0.005, j=24:0.004, j=25:0.005, j=26:0.008, j=27:0.008, j=28:0.005, j=29:0.006, j=30:0.009, j=31:0.005, j=32:0.004, j=33:0.006, j=34:0.007, j=35:0.013, j=36:0.007, j=37:0.004, j=38:0.007, j=39:0.017, j=40:0.013, j=41:0.009, j=42:0.039, j=43:0.031, j=44:0.023, j=45:0.026, j=46:0.061, j=47:0.165, j=48:0.218, j=49:0.081
      i=50 -> j=0:0.008, j=1:0.006, j=2:0.010, j=3:0.012, j=4:0.012, j=5:0.009, j=6:0.010, j=7:0.008, j=8:0.013, j=9:0.010, j=10:0.008, j=11:0.007, j=12:0.014, j=13:0.008, j=14:0.007, j=15:0.006, j=16:0.005, j=17:0.009, j=18:0.013, j=19:0.009, j=20:0.007, j=21:0.007, j=22:0.006, j=23:0.005, j=24:0.004, j=25:0.004, j=26:0.009, j=27:0.008, j=28:0.004, j=29:0.006, j=30:0.014, j=31:0.005, j=32:0.003, j=33:0.005, j=34:0.006, j=35:0.016, j=36:0.009, j=37:0.004, j=38:0.007, j=39:0.014, j=40:0.009, j=41:0.007, j=42:0.055, j=43:0.049, j=44:0.027, j=45:0.016, j=46:0.024, j=47:0.066, j=48:0.117, j=49:0.092, j=50:0.211
      i=51 -> j=0:0.002, j=1:0.001, j=2:0.003, j=3:0.004, j=4:0.004, j=5:0.002, j=6:0.004, j=7:0.002, j=8:0.006, j=9:0.003, j=10:0.002, j=11:0.002, j=12:0.008, j=13:0.002, j=14:0.002, j=15:0.001, j=16:0.001, j=17:0.003, j=18:0.008, j=19:0.004, j=20:0.003, j=21:0.002, j=22:0.001, j=23:0.001, j=24:0.001, j=25:0.001, j=26:0.007, j=27:0.005, j=28:0.001, j=29:0.002, j=30:0.013, j=31:0.002, j=32:0.001, j=33:0.002, j=34:0.002, j=35:0.010, j=36:0.005, j=37:0.001, j=38:0.005, j=39:0.015, j=40:0.003, j=41:0.001, j=42:0.043, j=43:0.048, j=44:0.027, j=45:0.009, j=46:0.007, j=47:0.014, j=48:0.010, j=49:0.010, j=50:0.062, j=51:0.621
      i=52 -> j=0:0.001, j=1:0.001, j=2:0.001, j=3:0.002, j=4:0.002, j=5:0.001, j=6:0.002, j=7:0.001, j=8:0.003, j=9:0.002, j=10:0.001, j=11:0.001, j=12:0.004, j=13:0.001, j=14:0.001, j=15:0.001, j=16:0.000, j=17:0.001, j=18:0.004, j=19:0.002, j=20:0.002, j=21:0.001, j=22:0.001, j=23:0.001, j=24:0.000, j=25:0.000, j=26:0.005, j=27:0.003, j=28:0.000, j=29:0.001, j=30:0.007, j=31:0.001, j=32:0.000, j=33:0.001, j=34:0.001, j=35:0.005, j=36:0.002, j=37:0.001, j=38:0.003, j=39:0.010, j=40:0.001, j=41:0.000, j=42:0.016, j=43:0.019, j=44:0.013, j=45:0.004, j=46:0.003, j=47:0.004, j=48:0.002, j=49:0.001, j=50:0.011, j=51:0.180, j=52:0.668
      i=53 -> j=0:0.002, j=1:0.001, j=2:0.003, j=3:0.003, j=4:0.003, j=5:0.002, j=6:0.003, j=7:0.002, j=8:0.005, j=9:0.003, j=10:0.002, j=11:0.002, j=12:0.005, j=13:0.002, j=14:0.002, j=15:0.001, j=16:0.001, j=17:0.002, j=18:0.005, j=19:0.003, j=20:0.003, j=21:0.002, j=22:0.001, j=23:0.001, j=24:0.001, j=25:0.001, j=26:0.005, j=27:0.004, j=28:0.001, j=29:0.002, j=30:0.006, j=31:0.002, j=32:0.001, j=33:0.002, j=34:0.002, j=35:0.004, j=36:0.002, j=37:0.001, j=38:0.003, j=39:0.009, j=40:0.002, j=41:0.001, j=42:0.008, j=43:0.011, j=44:0.010, j=45:0.006, j=46:0.005, j=47:0.005, j=48:0.002, j=49:0.002, j=50:0.009, j=51:0.127, j=52:0.619, j=53:0.090
      i=54 -> j=0:0.003, j=1:0.002, j=2:0.005, j=3:0.006, j=4:0.006, j=5:0.003, j=6:0.005, j=7:0.003, j=8:0.008, j=9:0.005, j=10:0.003, j=11:0.002, j=12:0.008, j=13:0.004, j=14:0.003, j=15:0.003, j=16:0.001, j=17:0.004, j=18:0.007, j=19:0.005, j=20:0.004, j=21:0.004, j=22:0.002, j=23:0.002, j=24:0.001, j=25:0.002, j=26:0.008, j=27:0.007, j=28:0.002, j=29:0.003, j=30:0.009, j=31:0.002, j=32:0.001, j=33:0.003, j=34:0.003, j=35:0.008, j=36:0.004, j=37:0.001, j=38:0.005, j=39:0.015, j=40:0.004, j=41:0.001, j=42:0.013, j=43:0.013, j=44:0.011, j=45:0.007, j=46:0.008, j=47:0.008, j=48:0.002, j=49:0.001, j=50:0.006, j=51:0.070, j=52:0.478, j=53:0.132, j=54:0.072
      i=55 -> j=0:0.008, j=1:0.007, j=2:0.011, j=3:0.013, j=4:0.012, j=5:0.009, j=6:0.010, j=7:0.008, j=8:0.014, j=9:0.011, j=10:0.008, j=11:0.007, j=12:0.013, j=13:0.008, j=14:0.008, j=15:0.008, j=16:0.006, j=17:0.009, j=18:0.012, j=19:0.009, j=20:0.009, j=21:0.008, j=22:0.007, j=23:0.006, j=24:0.005, j=25:0.005, j=26:0.011, j=27:0.010, j=28:0.005, j=29:0.006, j=30:0.011, j=31:0.005, j=32:0.004, j=33:0.006, j=34:0.006, j=35:0.011, j=36:0.007, j=37:0.004, j=38:0.007, j=39:0.013, j=40:0.008, j=41:0.004, j=42:0.015, j=43:0.013, j=44:0.010, j=45:0.009, j=46:0.012, j=47:0.015, j=48:0.007, j=49:0.004, j=50:0.006, j=51:0.030, j=52:0.144, j=53:0.126, j=54:0.160, j=55:0.098
      i=56 -> j=0:0.006, j=1:0.004, j=2:0.008, j=3:0.010, j=4:0.010, j=5:0.006, j=6:0.009, j=7:0.006, j=8:0.012, j=9:0.008, j=10:0.005, j=11:0.005, j=12:0.013, j=13:0.006, j=14:0.006, j=15:0.005, j=16:0.003, j=17:0.007, j=18:0.012, j=19:0.008, j=20:0.007, j=21:0.006, j=22:0.005, j=23:0.004, j=24:0.003, j=25:0.003, j=26:0.011, j=27:0.010, j=28:0.004, j=29:0.006, j=30:0.015, j=31:0.005, j=32:0.002, j=33:0.004, j=34:0.005, j=35:0.013, j=36:0.007, j=37:0.003, j=38:0.006, j=39:0.014, j=40:0.006, j=41:0.003, j=42:0.022, j=43:0.019, j=44:0.011, j=45:0.007, j=46:0.008, j=47:0.012, j=48:0.006, j=49:0.003, j=50:0.005, j=51:0.020, j=52:0.074, j=53:0.038, j=54:0.064, j=55:0.065, j=56:0.351
      i=57 -> j=0:0.002, j=1:0.001, j=2:0.003, j=3:0.003, j=4:0.003, j=5:0.002, j=6:0.003, j=7:0.002, j=8:0.005, j=9:0.003, j=10:0.001, j=11:0.002, j=12:0.006, j=13:0.002, j=14:0.002, j=15:0.001, j=16:0.001, j=17:0.002, j=18:0.005, j=19:0.003, j=20:0.002, j=21:0.002, j=22:0.001, j=23:0.001, j=24:0.001, j=25:0.001, j=26:0.005, j=27:0.004, j=28:0.001, j=29:0.002, j=30:0.008, j=31:0.002, j=32:0.001, j=33:0.001, j=34:0.002, j=35:0.005, j=36:0.003, j=37:0.001, j=38:0.003, j=39:0.006, j=40:0.002, j=41:0.001, j=42:0.011, j=43:0.010, j=44:0.005, j=45:0.002, j=46:0.002, j=47:0.003, j=48:0.001, j=49:0.001, j=50:0.002, j=51:0.007, j=52:0.023, j=53:0.005, j=54:0.009, j=55:0.015, j=56:0.216, j=57:0.580
      i=58 -> j=0:0.001, j=1:0.001, j=2:0.002, j=3:0.002, j=4:0.002, j=5:0.001, j=6:0.002, j=7:0.001, j=8:0.003, j=9:0.002, j=10:0.001, j=11:0.001, j=12:0.004, j=13:0.002, j=14:0.001, j=15:0.001, j=16:0.001, j=17:0.002, j=18:0.004, j=19:0.002, j=20:0.002, j=21:0.001, j=22:0.001, j=23:0.001, j=24:0.001, j=25:0.001, j=26:0.004, j=27:0.003, j=28:0.001, j=29:0.001, j=30:0.005, j=31:0.001, j=32:0.001, j=33:0.001, j=34:0.001, j=35:0.003, j=36:0.002, j=37:0.001, j=38:0.002, j=39:0.004, j=40:0.001, j=41:0.000, j=42:0.006, j=43:0.006, j=44:0.004, j=45:0.002, j=46:0.001, j=47:0.001, j=48:0.001, j=49:0.001, j=50:0.001, j=51:0.006, j=52:0.014, j=53:0.002, j=54:0.003, j=55:0.005, j=56:0.096, j=57:0.362, j=58:0.416
      i=59 -> j=0:0.002, j=1:0.001, j=2:0.003, j=3:0.003, j=4:0.003, j=5:0.002, j=6:0.003, j=7:0.002, j=8:0.004, j=9:0.003, j=10:0.001, j=11:0.002, j=12:0.004, j=13:0.002, j=14:0.002, j=15:0.001, j=16:0.001, j=17:0.002, j=18:0.004, j=19:0.003, j=20:0.002, j=21:0.002, j=22:0.001, j=23:0.001, j=24:0.001, j=25:0.001, j=26:0.004, j=27:0.003, j=28:0.001, j=29:0.002, j=30:0.004, j=31:0.002, j=32:0.001, j=33:0.001, j=34:0.001, j=35:0.003, j=36:0.002, j=37:0.001, j=38:0.002, j=39:0.004, j=40:0.001, j=41:0.001, j=42:0.004, j=43:0.005, j=44:0.004, j=45:0.002, j=46:0.002, j=47:0.002, j=48:0.001, j=49:0.001, j=50:0.001, j=51:0.006, j=52:0.014, j=53:0.002, j=54:0.002, j=55:0.003, j=56:0.039, j=57:0.173, j=58:0.479, j=59:0.169
      i=60 -> j=0:0.002, j=1:0.001, j=2:0.003, j=3:0.003, j=4:0.003, j=5:0.002, j=6:0.003, j=7:0.002, j=8:0.005, j=9:0.003, j=10:0.001, j=11:0.001, j=12:0.004, j=13:0.002, j=14:0.002, j=15:0.001, j=16:0.001, j=17:0.002, j=18:0.004, j=19:0.003, j=20:0.002, j=21:0.002, j=22:0.001, j=23:0.001, j=24:0.001, j=25:0.001, j=26:0.004, j=27:0.004, j=28:0.001, j=29:0.002, j=30:0.005, j=31:0.001, j=32:0.001, j=33:0.001, j=34:0.001, j=35:0.003, j=36:0.002, j=37:0.001, j=38:0.002, j=39:0.005, j=40:0.001, j=41:0.001, j=42:0.004, j=43:0.004, j=44:0.003, j=45:0.002, j=46:0.002, j=47:0.002, j=48:0.000, j=49:0.000, j=50:0.001, j=51:0.005, j=52:0.016, j=53:0.003, j=54:0.002, j=55:0.001, j=56:0.016, j=57:0.068, j=58:0.300, j=59:0.186, j=60:0.294
      i=61 -> j=0:0.004, j=1:0.003, j=2:0.006, j=3:0.007, j=4:0.007, j=5:0.004, j=6:0.006, j=7:0.004, j=8:0.009, j=9:0.006, j=10:0.004, j=11:0.003, j=12:0.009, j=13:0.004, j=14:0.004, j=15:0.003, j=16:0.002, j=17:0.005, j=18:0.008, j=19:0.006, j=20:0.005, j=21:0.005, j=22:0.004, j=23:0.003, j=24:0.002, j=25:0.002, j=26:0.008, j=27:0.008, j=28:0.003, j=29:0.004, j=30:0.010, j=31:0.003, j=32:0.002, j=33:0.003, j=34:0.004, j=35:0.008, j=36:0.004, j=37:0.002, j=38:0.004, j=39:0.009, j=40:0.004, j=41:0.002, j=42:0.009, j=43:0.008, j=44:0.006, j=45:0.004, j=46:0.004, j=47:0.004, j=48:0.002, j=49:0.001, j=50:0.002, j=51:0.006, j=52:0.020, j=53:0.006, j=54:0.004, j=55:0.003, j=56:0.014, j=57:0.031, j=58:0.095, j=59:0.096, j=60:0.308, j=61:0.177
      i=62 -> j=0:0.001, j=1:0.001, j=2:0.002, j=3:0.002, j=4:0.002, j=5:0.001, j=6:0.002, j=7:0.001, j=8:0.003, j=9:0.002, j=10:0.001, j=11:0.001, j=12:0.003, j=13:0.001, j=14:0.001, j=15:0.001, j=16:0.001, j=17:0.002, j=18:0.003, j=19:0.002, j=20:0.002, j=21:0.001, j=22:0.001, j=23:0.001, j=24:0.001, j=25:0.001, j=26:0.003, j=27:0.003, j=28:0.001, j=29:0.001, j=30:0.005, j=31:0.001, j=32:0.001, j=33:0.001, j=34:0.001, j=35:0.003, j=36:0.002, j=37:0.001, j=38:0.001, j=39:0.004, j=40:0.001, j=41:0.001, j=42:0.004, j=43:0.004, j=44:0.002, j=45:0.001, j=46:0.001, j=47:0.001, j=48:0.001, j=49:0.000, j=50:0.000, j=51:0.002, j=52:0.006, j=53:0.002, j=54:0.001, j=55:0.001, j=56:0.005, j=57:0.010, j=58:0.018, j=59:0.014, j=60:0.071, j=61:0.065, j=62:0.718
      i=63 -> j=0:0.001, j=1:0.001, j=2:0.002, j=3:0.002, j=4:0.003, j=5:0.002, j=6:0.002, j=7:0.001, j=8:0.003, j=9:0.002, j=10:0.001, j=11:0.001, j=12:0.003, j=13:0.002, j=14:0.001, j=15:0.001, j=16:0.001, j=17:0.002, j=18:0.003, j=19:0.002, j=20:0.002, j=21:0.001, j=22:0.001, j=23:0.001, j=24:0.001, j=25:0.001, j=26:0.003, j=27:0.002, j=28:0.001, j=29:0.001, j=30:0.004, j=31:0.001, j=32:0.001, j=33:0.001, j=34:0.001, j=35:0.003, j=36:0.002, j=37:0.001, j=38:0.001, j=39:0.003, j=40:0.001, j=41:0.001, j=42:0.003, j=43:0.003, j=44:0.002, j=45:0.001, j=46:0.001, j=47:0.001, j=48:0.001, j=49:0.000, j=50:0.001, j=51:0.001, j=52:0.003, j=53:0.001, j=54:0.001, j=55:0.001, j=56:0.005, j=57:0.007, j=58:0.007, j=59:0.005, j=60:0.024, j=61:0.039, j=62:0.663, j=63:0.157
    Average attention per distance:
      d=0:0.342, d=1:0.292, d=2:0.162, d=3:0.063, d=4:0.024, d=5:0.014, d=6:0.010, d=7:0.011
      d=8:0.012

--- Layer 2 ---
  Head 0: Entropy=1.485
    Attention coefficients from each query position to previous positions:
      i= 0 -> j=0:1.000
      i= 1 -> j=0:0.791, j=1:0.209
      i= 2 -> j=0:0.178, j=1:0.698, j=2:0.125
      i= 3 -> j=0:0.003, j=1:0.232, j=2:0.674, j=3:0.091
      i= 4 -> j=0:0.002, j=1:0.015, j=2:0.270, j=3:0.531, j=4:0.182
      i= 5 -> j=0:0.001, j=1:0.002, j=2:0.029, j=3:0.194, j=4:0.611, j=5:0.164
      i= 6 -> j=0:0.000, j=1:0.000, j=2:0.001, j=3:0.007, j=4:0.303, j=5:0.528, j=6:0.161
      i= 7 -> j=0:0.000, j=1:0.000, j=2:0.000, j=3:0.000, j=4:0.004, j=5:0.187, j=6:0.715, j=7:0.094
      i= 8 -> j=0:0.002, j=1:0.000, j=2:0.000, j=3:0.000, j=4:0.001, j=5:0.020, j=6:0.248, j=7:0.623, j=8:0.106
      i= 9 -> j=0:0.006, j=1:0.004, j=2:0.001, j=3:0.000, j=4:0.000, j=5:0.001, j=6:0.015, j=7:0.199, j=8:0.638, j=9:0.135
      i=10 -> j=0:0.002, j=1:0.004, j=2:0.003, j=3:0.000, j=4:0.000, j=5:0.000, j=6:0.001, j=7:0.008, j=8:0.283, j=9:0.522, j=10:0.175
      i=11 -> j=0:0.000, j=1:0.001, j=2:0.002, j=3:0.001, j=4:0.000, j=5:0.000, j=6:0.000, j=7:0.000, j=8:0.004, j=9:0.137, j=10:0.757, j=11:0.097
      i=12 -> j=0:0.001, j=1:0.001, j=2:0.004, j=3:0.004, j=4:0.007, j=5:0.003, j=6:0.001, j=7:0.000, j=8:0.001, j=9:0.016, j=10:0.337, j=11:0.487, j=12:0.138
      i=13 -> j=0:0.002, j=1:0.001, j=2:0.002, j=3:0.002, j=4:0.010, j=5:0.007, j=6:0.002, j=7:0.000, j=8:0.000, j=9:0.001, j=10:0.027, j=11:0.230, j=12:0.606, j=13:0.110
      i=14 -> j=0:0.007, j=1:0.003, j=2:0.003, j=3:0.002, j=4:0.011, j=5:0.018, j=6:0.013, j=7:0.002, j=8:0.001, j=9:0.001, j=10:0.004, j=11:0.027, j=12:0.364, j=13:0.386, j=14:0.157
      i=15 -> j=0:0.007, j=1:0.005, j=2:0.002, j=3:0.001, j=4:0.004, j=5:0.009, j=6:0.014, j=7:0.006, j=8:0.002, j=9:0.000, j=10:0.000, j=11:0.001, j=12:0.028, j=13:0.216, j=14:0.545, j=15:0.161
      i=16 -> j=0:0.005, j=1:0.006, j=2:0.005, j=3:0.002, j=4:0.003, j=5:0.005, j=6:0.010, j=7:0.011, j=8:0.010, j=9:0.002, j=10:0.001, j=11:0.000, j=12:0.003, j=13:0.021, j=14:0.237, j=15:0.515, j=16:0.161
      i=17 -> j=0:0.000, j=1:0.001, j=2:0.001, j=3:0.000, j=4:0.001, j=5:0.001, j=6:0.001, j=7:0.001, j=8:0.002, j=9:0.002, j=10:0.000, j=11:0.000, j=12:0.000, j=13:0.000, j=14:0.008, j=15:0.217, j=16:0.608, j=17:0.157
      i=18 -> j=0:0.001, j=1:0.001, j=2:0.001, j=3:0.001, j=4:0.002, j=5:0.001, j=6:0.001, j=7:0.000, j=8:0.002, j=9:0.003, j=10:0.003, j=11:0.000, j=12:0.000, j=13:0.000, j=14:0.001, j=15:0.013, j=16:0.239, j=17:0.636, j=18:0.094
      i=19 -> j=0:0.001, j=1:0.001, j=2:0.001, j=3:0.001, j=4:0.004, j=5:0.004, j=6:0.002, j=7:0.001, j=8:0.001, j=9:0.003, j=10:0.007, j=11:0.003, j=12:0.001, j=13:0.000, j=14:0.000, j=15:0.002, j=16:0.049, j=17:0.270, j=18:0.537, j=19:0.110
      i=20 -> j=0:0.008, j=1:0.005, j=2:0.005, j=3:0.004, j=4:0.011, j=5:0.014, j=6:0.011, j=7:0.005, j=8:0.006, j=9:0.007, j=10:0.014, j=11:0.016, j=12:0.016, j=13:0.005, j=14:0.004, j=15:0.004, j=16:0.021, j=17:0.047, j=18:0.296, j=19:0.380, j=20:0.122
      i=21 -> j=0:0.017, j=1:0.014, j=2:0.011, j=3:0.007, j=4:0.013, j=5:0.020, j=6:0.022, j=7:0.016, j=8:0.012, j=9:0.010, j=10:0.014, j=11:0.020, j=12:0.032, j=13:0.021, j=14:0.011, j=15:0.005, j=16:0.008, j=17:0.007, j=18:0.062, j=19:0.287, j=20:0.299, j=21:0.091
      i=22 -> j=0:0.009, j=1:0.009, j=2:0.008, j=3:0.003, j=4:0.006, j=5:0.009, j=6:0.012, j=7:0.010, j=8:0.010, j=9:0.006, j=10:0.005, j=11:0.005, j=12:0.014, j=13:0.019, j=14:0.018, j=15:0.006, j=16:0.004, j=17:0.001, j=18:0.003, j=19:0.038, j=20:0.320, j=21:0.307, j=22:0.179
      i=23 -> j=0:0.003, j=1:0.004, j=2:0.005, j=3:0.002, j=4:0.004, j=5:0.005, j=6:0.004, j=7:0.003, j=8:0.006, j=9:0.006, j=10:0.004, j=11:0.001, j=12:0.004, j=13:0.007, j=14:0.016, j=15:0.010, j=16:0.005, j=17:0.000, j=18:0.000, j=19:0.001, j=20:0.039, j=21:0.209, j=22:0.424, j=23:0.238
      i=24 -> j=0:0.001, j=1:0.002, j=2:0.002, j=3:0.001, j=4:0.003, j=5:0.003, j=6:0.002, j=7:0.001, j=8:0.002, j=9:0.004, j=10:0.004, j=11:0.001, j=12:0.001, j=13:0.002, j=14:0.006, j=15:0.008, j=16:0.006, j=17:0.001, j=18:0.000, j=19:0.000, j=20:0.002, j=21:0.025, j=22:0.139, j=23:0.576, j=24:0.208
      i=25 -> j=0:0.004, j=1:0.003, j=2:0.003, j=3:0.003, j=4:0.006, j=5:0.007, j=6:0.004, j=7:0.002, j=8:0.003, j=9:0.006, j=10:0.008, j=11:0.005, j=12:0.004, j=13:0.003, j=14:0.006, j=15:0.009, j=16:0.014, j=17:0.006, j=18:0.002, j=19:0.001, j=20:0.002, j=21:0.007, j=22:0.022, j=23:0.188, j=24:0.594, j=25:0.090
      i=26 -> j=0:0.001, j=1:0.000, j=2:0.000, j=3:0.000, j=4:0.001, j=5:0.001, j=6:0.001, j=7:0.000, j=8:0.000, j=9:0.000, j=10:0.001, j=11:0.001, j=12:0.001, j=13:0.001, j=14:0.001, j=15:0.001, j=16:0.002, j=17:0.001, j=18:0.001, j=19:0.000, j=20:0.000, j=21:0.000, j=22:0.000, j=23:0.006, j=24:0.355, j=25:0.499, j=26:0.125
      i=27 -> j=0:0.002, j=1:0.001, j=2:0.001, j=3:0.000, j=4:0.001, j=5:0.003, j=6:0.003, j=7:0.001, j=8:0.001, j=9:0.001, j=10:0.001, j=11:0.001, j=12:0.003, j=13:0.003, j=14:0.002, j=15:0.001, j=16:0.002, j=17:0.001, j=18:0.003, j=19:0.003, j=20:0.002, j=21:0.001, j=22:0.000, j=23:0.000, j=24:0.009, j=25:0.346, j=26:0.521, j=27:0.089
      i=28 -> j=0:0.003, j=1:0.002, j=2:0.002, j=3:0.001, j=4:0.002, j=5:0.003, j=6:0.003, j=7:0.002, j=8:0.002, j=9:0.002, j=10:0.002, j=11:0.001, j=12:0.003, j=13:0.004, j=14:0.005, j=15:0.003, j=16:0.003, j=17:0.001, j=18:0.003, j=19:0.006, j=20:0.008, j=21:0.004, j=22:0.001, j=23:0.000, j=24:0.003, j=25:0.061, j=26:0.370, j=27:0.361, j=28:0.142
      i=29 -> j=0:0.001, j=1:0.001, j=2:0.001, j=3:0.000, j=4:0.001, j=5:0.001, j=6:0.001, j=7:0.000, j=8:0.001, j=9:0.001, j=10:0.000, j=11:0.000, j=12:0.001, j=13:0.001, j=14:0.002, j=15:0.002, j=16:0.001, j=17:0.000, j=18:0.000, j=19:0.001, j=20:0.004, j=21:0.004, j=22:0.001, j=23:0.000, j=24:0.000, j=25:0.001, j=26:0.005, j=27:0.107, j=28:0.691, j=29:0.172
      i=30 -> j=0:0.002, j=1:0.002, j=2:0.002, j=3:0.001, j=4:0.003, j=5:0.003, j=6:0.002, j=7:0.001, j=8:0.002, j=9:0.003, j=10:0.003, j=11:0.001, j=12:0.001, j=13:0.002, j=14:0.006, j=15:0.006, j=16:0.006, j=17:0.001, j=18:0.001, j=19:0.001, j=20:0.009, j=21:0.021, j=22:0.008, j=23:0.001, j=24:0.000, j=25:0.000, j=26:0.000, j=27:0.002, j=28:0.217, j=29:0.582, j=30:0.112
      i=31 -> j=0:0.001, j=1:0.001, j=2:0.001, j=3:0.000, j=4:0.001, j=5:0.002, j=6:0.001, j=7:0.000, j=8:0.000, j=9:0.001, j=10:0.001, j=11:0.001, j=12:0.001, j=13:0.001, j=14:0.001, j=15:0.002, j=16:0.004, j=17:0.001, j=18:0.000, j=19:0.000, j=20:0.002, j=21:0.006, j=22:0.005, j=23:0.003, j=24:0.000, j=25:0.000, j=26:0.000, j=27:0.000, j=28:0.019, j=29:0.242, j=30:0.580, j=31:0.123
      i=32 -> j=0:0.004, j=1:0.003, j=2:0.003, j=3:0.002, j=4:0.005, j=5:0.006, j=6:0.004, j=7:0.002, j=8:0.002, j=9:0.003, j=10:0.004, j=11:0.004, j=12:0.004, j=13:0.003, j=14:0.004, j=15:0.004, j=16:0.006, j=17:0.005, j=18:0.004, j=19:0.003, j=20:0.004, j=21:0.007, j=22:0.007, j=23:0.010, j=24:0.007, j=25:0.003, j=26:0.000, j=27:0.000, j=28:0.004, j=29:0.021, j=30:0.160, j=31:0.622, j=32:0.079
      i=33 -> j=0:0.002, j=1:0.001, j=2:0.001, j=3:0.000, j=4:0.002, j=5:0.003, j=6:0.002, j=7:0.001, j=8:0.001, j=9:0.001, j=10:0.001, j=11:0.001, j=12:0.002, j=13:0.001, j=14:0.001, j=15:0.001, j=16:0.002, j=17:0.001, j=18:0.002, j=19:0.002, j=20:0.002, j=21:0.002, j=22:0.002, j=23:0.003, j=24:0.006, j=25:0.004, j=26:0.001, j=27:0.000, j=28:0.000, j=29:0.000, j=30:0.006, j=31:0.373, j=32:0.403, j=33:0.170
      i=34 -> j=0:0.002, j=1:0.002, j=2:0.001, j=3:0.000, j=4:0.001, j=5:0.002, j=6:0.002, j=7:0.001, j=8:0.001, j=9:0.001, j=10:0.001, j=11:0.000, j=12:0.002, j=13:0.002, j=14:0.003, j=15:0.001, j=16:0.002, j=17:0.000, j=18:0.001, j=19:0.003, j=20:0.005, j=21:0.005, j=22:0.001, j=23:0.001, j=24:0.002, j=25:0.006, j=26:0.001, j=27:0.000, j=28:0.000, j=29:0.000, j=30:0.000, j=31:0.002, j=32:0.304, j=33:0.513, j=34:0.133
      i=35 -> j=0:0.001, j=1:0.001, j=2:0.001, j=3:0.000, j=4:0.001, j=5:0.001, j=6:0.001, j=7:0.000, j=8:0.001, j=9:0.001, j=10:0.000, j=11:0.000, j=12:0.001, j=13:0.001, j=14:0.002, j=15:0.001, j=16:0.001, j=17:0.000, j=18:0.000, j=19:0.001, j=20:0.003, j=21:0.004, j=22:0.001, j=23:0.000, j=24:0.001, j=25:0.002, j=26:0.002, j=27:0.001, j=28:0.000, j=29:0.000, j=30:0.000, j=31:0.000, j=32:0.019, j=33:0.210, j=34:0.645, j=35:0.097
      i=36 -> j=0:0.006, j=1:0.006, j=2:0.007, j=3:0.004, j=4:0.008, j=5:0.008, j=6:0.006, j=7:0.003, j=8:0.005, j=9:0.006, j=10:0.005, j=11:0.002, j=12:0.004, j=13:0.004, j=14:0.009, j=15:0.008, j=16:0.009, j=17:0.002, j=18:0.002, j=19:0.004, j=20:0.012, j=21:0.019, j=22:0.010, j=23:0.005, j=24:0.004, j=25:0.008, j=26:0.005, j=27:0.006, j=28:0.011, j=29:0.002, j=30:0.000, j=31:0.000, j=32:0.010, j=33:0.034, j=34:0.189, j=35:0.443, j=36:0.133
      i=37 -> j=0:0.004, j=1:0.003, j=2:0.004, j=3:0.003, j=4:0.006, j=5:0.005, j=6:0.004, j=7:0.002, j=8:0.003, j=9:0.003, j=10:0.004, j=11:0.002, j=12:0.002, j=13:0.002, j=14:0.003, j=15:0.004, j=16:0.005, j=17:0.002, j=18:0.002, j=19:0.002, j=20:0.004, j=21:0.007, j=22:0.006, j=23:0.005, j=24:0.003, j=25:0.003, j=26:0.002, j=27:0.003, j=28:0.012, j=29:0.006, j=30:0.001, j=31:0.000, j=32:0.002, j=33:0.003, j=34:0.016, j=35:0.323, j=36:0.436, j=37:0.102
      i=38 -> j=0:0.001, j=1:0.001, j=2:0.001, j=3:0.000, j=4:0.001, j=5:0.002, j=6:0.001, j=7:0.000, j=8:0.000, j=9:0.000, j=10:0.001, j=11:0.000, j=12:0.001, j=13:0.000, j=14:0.001, j=15:0.001, j=16:0.001, j=17:0.000, j=18:0.000, j=19:0.000, j=20:0.001, j=21:0.002, j=22:0.001, j=23:0.001, j=24:0.001, j=25:0.001, j=26:0.000, j=27:0.000, j=28:0.002, j=29:0.002, j=30:0.001, j=31:0.000, j=32:0.000, j=33:0.000, j=34:0.000, j=35:0.003, j=36:0.298, j=37:0.568, j=38:0.105
      i=39 -> j=0:0.003, j=1:0.002, j=2:0.001, j=3:0.000, j=4:0.002, j=5:0.004, j=6:0.003, j=7:0.001, j=8:0.001, j=9:0.001, j=10:0.001, j=11:0.001, j=12:0.002, j=13:0.002, j=14:0.002, j=15:0.001, j=16:0.003, j=17:0.001, j=18:0.001, j=19:0.002, j=20:0.004, j=21:0.006, j=22:0.003, j=23:0.003, j=24:0.004, j=25:0.005, j=26:0.000, j=27:0.000, j=28:0.002, j=29:0.001, j=30:0.003, j=31:0.001, j=32:0.002, j=33:0.000, j=34:0.000, j=35:0.000, j=36:0.019, j=37:0.355, j=38:0.483, j=39:0.074
      i=40 -> j=0:0.003, j=1:0.003, j=2:0.002, j=3:0.001, j=4:0.003, j=5:0.004, j=6:0.004, j=7:0.002, j=8:0.002, j=9:0.002, j=10:0.002, j=11:0.001, j=12:0.002, j=13:0.002, j=14:0.003, j=15:0.002, j=16:0.002, j=17:0.001, j=18:0.001, j=19:0.002, j=20:0.004, j=21:0.004, j=22:0.002, j=23:0.002, j=24:0.003, j=25:0.006, j=26:0.002, j=27:0.001, j=28:0.002, j=29:0.001, j=30:0.002, j=31:0.004, j=32:0.007, j=33:0.001, j=34:0.000, j=35:0.000, j=36:0.003, j=37:0.047, j=38:0.272, j=39:0.423, j=40:0.171
      i=41 -> j=0:0.005, j=1:0.006, j=2:0.005, j=3:0.003, j=4:0.004, j=5:0.006, j=6:0.006, j=7:0.004, j=8:0.005, j=9:0.004, j=10:0.004, j=11:0.002, j=12:0.004, j=13:0.005, j=14:0.007, j=15:0.005, j=16:0.004, j=17:0.001, j=18:0.002, j=19:0.004, j=20:0.008, j=21:0.009, j=22:0.004, j=23:0.003, j=24:0.003, j=25:0.008, j=26:0.004, j=27:0.003, j=28:0.004, j=29:0.001, j=30:0.002, j=31:0.003, j=32:0.015, j=33:0.006, j=34:0.001, j=35:0.000, j=36:0.001, j=37:0.004, j=38:0.014, j=39:0.154, j=40:0.558, j=41:0.107
      i=42 -> j=0:0.001, j=1:0.001, j=2:0.001, j=3:0.001, j=4:0.001, j=5:0.001, j=6:0.001, j=7:0.001, j=8:0.001, j=9:0.001, j=10:0.001, j=11:0.000, j=12:0.001, j=13:0.001, j=14:0.001, j=15:0.001, j=16:0.001, j=17:0.000, j=18:0.000, j=19:0.000, j=20:0.002, j=21:0.002, j=22:0.001, j=23:0.001, j=24:0.000, j=25:0.001, j=26:0.000, j=27:0.001, j=28:0.001, j=29:0.000, j=30:0.000, j=31:0.000, j=32:0.003, j=33:0.003, j=34:0.001, j=35:0.000, j=36:0.000, j=37:0.000, j=38:0.000, j=39:0.003, j=40:0.368, j=41:0.484, j=42:0.112
      i=43 -> j=0:0.001, j=1:0.001, j=2:0.001, j=3:0.001, j=4:0.002, j=5:0.002, j=6:0.001, j=7:0.001, j=8:0.001, j=9:0.002, j=10:0.002, j=11:0.001, j=12:0.001, j=13:0.001, j=14:0.002, j=15:0.002, j=16:0.002, j=17:0.001, j=18:0.000, j=19:0.001, j=20:0.002, j=21:0.003, j=22:0.002, j=23:0.001, j=24:0.001, j=25:0.001, j=26:0.000, j=27:0.001, j=28:0.003, j=29:0.001, j=30:0.001, j=31:0.000, j=32:0.002, j=33:0.002, j=34:0.002, j=35:0.002, j=36:0.001, j=37:0.000, j=38:0.000, j=39:0.000, j=40:0.012, j=41:0.196, j=42:0.656, j=43:0.087
      i=44 -> j=0:0.004, j=1:0.003, j=2:0.003, j=3:0.002, j=4:0.006, j=5:0.007, j=6:0.005, j=7:0.002, j=8:0.003, j=9:0.004, j=10:0.005, j=11:0.003, j=12:0.004, j=13:0.003, j=14:0.004, j=15:0.004, j=16:0.006, j=17:0.002, j=18:0.002, j=19:0.002, j=20:0.004, j=21:0.005, j=22:0.004, j=23:0.004, j=24:0.004, j=25:0.004, j=26:0.001, j=27:0.001, j=28:0.005, j=29:0.003, j=30:0.003, j=31:0.001, j=32:0.004, j=33:0.002, j=34:0.003, j=35:0.006, j=36:0.008, j=37:0.003, j=38:0.000, j=39:0.000, j=40:0.002, j=41:0.036, j=42:0.285, j=43:0.440, j=44:0.100
      i=45 -> j=0:0.007, j=1:0.004, j=2:0.005, j=3:0.003, j=4:0.008, j=5:0.009, j=6:0.008, j=7:0.005, j=8:0.005, j=9:0.004, j=10:0.006, j=11:0.005, j=12:0.007, j=13:0.004, j=14:0.005, j=15:0.004, j=16:0.006, j=17:0.003, j=18:0.004, j=19:0.003, j=20:0.004, j=21:0.005, j=22:0.004, j=23:0.004, j=24:0.006, j=25:0.006, j=26:0.002, j=27:0.001, j=28:0.004, j=29:0.004, j=30:0.005, j=31:0.004, j=32:0.005, j=33:0.003, j=34:0.002, j=35:0.005, j=36:0.014, j=37:0.011, j=38:0.002, j=39:0.000, j=40:0.001, j=41:0.005, j=42:0.031, j=43:0.248, j=44:0.415, j=45:0.104
      i=46 -> j=0:0.005, j=1:0.003, j=2:0.004, j=3:0.002, j=4:0.004, j=5:0.006, j=6:0.006, j=7:0.003, j=8:0.004, j=9:0.003, j=10:0.003, j=11:0.002, j=12:0.005, j=13:0.004, j=14:0.004, j=15:0.003, j=16:0.004, j=17:0.001, j=18:0.002, j=19:0.003, j=20:0.004, j=21:0.004, j=22:0.002, j=23:0.002, j=24:0.004, j=25:0.005, j=26:0.002, j=27:0.001, j=28:0.002, j=29:0.001, j=30:0.002, j=31:0.003, j=32:0.006, j=33:0.002, j=34:0.001, j=35:0.001, j=36:0.007, j=37:0.013, j=38:0.005, j=39:0.001, j=40:0.001, j=41:0.001, j=42:0.001, j=43:0.011, j=44:0.216, j=45:0.439, j=46:0.193
      i=47 -> j=0:0.005, j=1:0.005, j=2:0.004, j=3:0.002, j=4:0.004, j=5:0.005, j=6:0.005, j=7:0.003, j=8:0.004, j=9:0.004, j=10:0.003, j=11:0.002, j=12:0.004, j=13:0.005, j=14:0.007, j=15:0.005, j=16:0.005, j=17:0.001, j=18:0.002, j=19:0.004, j=20:0.007, j=21:0.008, j=22:0.004, j=23:0.002, j=24:0.003, j=25:0.006, j=26:0.002, j=27:0.002, j=28:0.003, j=29:0.001, j=30:0.001, j=31:0.002, j=32:0.011, j=33:0.004, j=34:0.002, j=35:0.001, j=36:0.003, j=37:0.007, j=38:0.005, j=39:0.003, j=40:0.002, j=41:0.001, j=42:0.000, j=43:0.000, j=44:0.012, j=45:0.177, j=46:0.523, j=47:0.130
      i=48 -> j=0:0.006, j=1:0.006, j=2:0.007, j=3:0.004, j=4:0.007, j=5:0.007, j=6:0.007, j=7:0.004, j=8:0.007, j=9:0.007, j=10:0.006, j=11:0.003, j=12:0.005, j=13:0.006, j=14:0.010, j=15:0.008, j=16:0.008, j=17:0.003, j=18:0.003, j=19:0.004, j=20:0.009, j=21:0.012, j=22:0.006, j=23:0.004, j=24:0.003, j=25:0.007, j=26:0.003, j=27:0.003, j=28:0.006, j=29:0.002, j=30:0.002, j=31:0.002, j=32:0.012, j=33:0.007, j=34:0.004, j=35:0.002, j=36:0.004, j=37:0.006, j=38:0.004, j=39:0.007, j=40:0.009, j=41:0.003, j=42:0.000, j=43:0.000, j=44:0.002, j=45:0.027, j=46:0.209, j=47:0.386, j=48:0.137
      i=49 -> j=0:0.004, j=1:0.003, j=2:0.005, j=3:0.004, j=4:0.006, j=5:0.006, j=6:0.005, j=7:0.003, j=8:0.004, j=9:0.005, j=10:0.005, j=11:0.003, j=12:0.004, j=13:0.003, j=14:0.005, j=15:0.006, j=16:0.007, j=17:0.002, j=18:0.002, j=19:0.002, j=20:0.005, j=21:0.006, j=22:0.004, j=23:0.003, j=24:0.002, j=25:0.003, j=26:0.002, j=27:0.002, j=28:0.005, j=29:0.002, j=30:0.001, j=31:0.001, j=32:0.004, j=33:0.004, j=34:0.004, j=35:0.003, j=36:0.003, j=37:0.003, j=38:0.002, j=39:0.003, j=40:0.010, j=41:0.007, j=42:0.001, j=43:0.000, j=44:0.000, j=45:0.002, j=46:0.019, j=47:0.140, j=48:0.522, j=49:0.153
      i=50 -> j=0:0.005, j=1:0.004, j=2:0.005, j=3:0.005, j=4:0.008, j=5:0.008, j=6:0.006, j=7:0.004, j=8:0.005, j=9:0.005, j=10:0.007, j=11:0.004, j=12:0.005, j=13:0.004, j=14:0.005, j=15:0.006, j=16:0.008, j=17:0.004, j=18:0.004, j=19:0.003, j=20:0.005, j=21:0.005, j=22:0.004, j=23:0.004, j=24:0.004, j=25:0.004, j=26:0.002, j=27:0.002, j=28:0.005, j=29:0.003, j=30:0.003, j=31:0.002, j=32:0.003, j=33:0.003, j=34:0.003, j=35:0.004, j=36:0.005, j=37:0.004, j=38:0.002, j=39:0.002, j=40:0.008, j=41:0.009, j=42:0.006, j=43:0.002, j=44:0.001, j=45:0.001, j=46:0.003, j=47:0.017, j=48:0.271, j=49:0.408, j=50:0.103
      i=51 -> j=0:0.001, j=1:0.001, j=2:0.001, j=3:0.000, j=4:0.001, j=5:0.002, j=6:0.001, j=7:0.000, j=8:0.001, j=9:0.001, j=10:0.001, j=11:0.001, j=12:0.001, j=13:0.001, j=14:0.001, j=15:0.001, j=16:0.002, j=17:0.001, j=18:0.001, j=19:0.001, j=20:0.001, j=21:0.002, j=22:0.001, j=23:0.001, j=24:0.001, j=25:0.001, j=26:0.000, j=27:0.000, j=28:0.001, j=29:0.000, j=30:0.001, j=31:0.000, j=32:0.001, j=33:0.000, j=34:0.000, j=35:0.000, j=36:0.002, j=37:0.002, j=38:0.000, j=39:0.000, j=40:0.000, j=41:0.002, j=42:0.001, j=43:0.001, j=44:0.000, j=45:0.000, j=46:0.000, j=47:0.000, j=48:0.007, j=49:0.247, j=50:0.600, j=51:0.106
      i=52 -> j=0:0.003, j=1:0.003, j=2:0.002, j=3:0.001, j=4:0.003, j=5:0.004, j=6:0.004, j=7:0.002, j=8:0.002, j=9:0.002, j=10:0.002, j=11:0.002, j=12:0.003, j=13:0.003, j=14:0.003, j=15:0.002, j=16:0.003, j=17:0.001, j=18:0.002, j=19:0.003, j=20:0.004, j=21:0.004, j=22:0.002, j=23:0.002, j=24:0.003, j=25:0.004, j=26:0.001, j=27:0.000, j=28:0.002, j=29:0.001, j=30:0.001, j=31:0.001, j=32:0.004, j=33:0.001, j=34:0.000, j=35:0.000, j=36:0.003, j=37:0.005, j=38:0.001, j=39:0.001, j=40:0.001, j=41:0.002, j=42:0.002, j=43:0.003, j=44:0.004, j=45:0.001, j=46:0.000, j=47:0.000, j=48:0.001, j=49:0.019, j=50:0.263, j=51:0.508, j=52:0.103
      i=53 -> j=0:0.009, j=1:0.008, j=2:0.009, j=3:0.006, j=4:0.008, j=5:0.009, j=6:0.010, j=7:0.008, j=8:0.009, j=9:0.006, j=10:0.007, j=11:0.005, j=12:0.008, j=13:0.007, j=14:0.009, j=15:0.008, j=16:0.009, j=17:0.005, j=18:0.006, j=19:0.007, j=20:0.010, j=21:0.008, j=22:0.006, j=23:0.005, j=24:0.007, j=25:0.009, j=26:0.006, j=27:0.003, j=28:0.006, j=29:0.003, j=30:0.003, j=31:0.004, j=32:0.009, j=33:0.005, j=34:0.003, j=35:0.002, j=36:0.006, j=37:0.008, j=38:0.006, j=39:0.005, j=40:0.005, j=41:0.004, j=42:0.003, j=43:0.007, j=44:0.011, j=45:0.009, j=46:0.003, j=47:0.001, j=48:0.002, j=49:0.007, j=50:0.064, j=51:0.228, j=52:0.322, j=53:0.065
      i=54 -> j=0:0.006, j=1:0.006, j=2:0.007, j=3:0.004, j=4:0.007, j=5:0.008, j=6:0.007, j=7:0.005, j=8:0.007, j=9:0.006, j=10:0.006, j=11:0.003, j=12:0.005, j=13:0.005, j=14:0.009, j=15:0.008, j=16:0.008, j=17:0.003, j=18:0.003, j=19:0.005, j=20:0.010, j=21:0.010, j=22:0.006, j=23:0.004, j=24:0.004, j=25:0.007, j=26:0.004, j=27:0.003, j=28:0.005, j=29:0.002, j=30:0.001, j=31:0.002, j=32:0.008, j=33:0.005, j=34:0.002, j=35:0.001, j=36:0.004, j=37:0.006, j=38:0.003, j=39:0.004, j=40:0.006, j=41:0.004, j=42:0.001, j=43:0.002, j=44:0.006, j=45:0.013, j=46:0.008, j=47:0.002, j=48:0.001, j=49:0.001, j=50:0.008, j=51:0.011, j=52:0.206, j=53:0.291, j=54:0.231
      i=55 -> j=0:0.006, j=1:0.005, j=2:0.007, j=3:0.006, j=4:0.008, j=5:0.007, j=6:0.006, j=7:0.005, j=8:0.006, j=9:0.007, j=10:0.007, j=11:0.004, j=12:0.005, j=13:0.005, j=14:0.007, j=15:0.008, j=16:0.009, j=17:0.004, j=18:0.004, j=19:0.005, j=20:0.008, j=21:0.009, j=22:0.007, j=23:0.006, j=24:0.005, j=25:0.006, j=26:0.004, j=27:0.003, j=28:0.007, j=29:0.003, j=30:0.002, j=31:0.002, j=32:0.006, j=33:0.005, j=34:0.004, j=35:0.003, j=36:0.004, j=37:0.004, j=38:0.002, j=39:0.003, j=40:0.007, j=41:0.007, j=42:0.003, j=43:0.002, j=44:0.004, j=45:0.008, j=46:0.011, j=47:0.007, j=48:0.003, j=49:0.001, j=50:0.002, j=51:0.001, j=52:0.017, j=53:0.116, j=54:0.483, j=55:0.112
      i=56 -> j=0:0.003, j=1:0.002, j=2:0.003, j=3:0.002, j=4:0.005, j=5:0.005, j=6:0.004, j=7:0.002, j=8:0.003, j=9:0.003, j=10:0.004, j=11:0.002, j=12:0.003, j=13:0.002, j=14:0.003, j=15:0.003, j=16:0.005, j=17:0.002, j=18:0.002, j=19:0.002, j=20:0.004, j=21:0.004, j=22:0.003, j=23:0.003, j=24:0.003, j=25:0.003, j=26:0.001, j=27:0.001, j=28:0.003, j=29:0.002, j=30:0.001, j=31:0.001, j=32:0.002, j=33:0.001, j=34:0.001, j=35:0.001, j=36:0.003, j=37:0.002, j=38:0.001, j=39:0.001, j=40:0.003, j=41:0.004, j=42:0.002, j=43:0.001, j=44:0.001, j=45:0.002, j=46:0.003, j=47:0.005, j=48:0.005, j=49:0.002, j=50:0.001, j=51:0.000, j=52:0.000, j=53:0.014, j=54:0.263, j=55:0.453, j=56:0.143
      i=57 -> j=0:0.002, j=1:0.002, j=2:0.001, j=3:0.001, j=4:0.003, j=5:0.004, j=6:0.003, j=7:0.001, j=8:0.001, j=9:0.002, j=10:0.002, j=11:0.001, j=12:0.002, j=13:0.002, j=14:0.003, j=15:0.002, j=16:0.003, j=17:0.001, j=18:0.001, j=19:0.002, j=20:0.004, j=21:0.006, j=22:0.003, j=23:0.003, j=24:0.003, j=25:0.003, j=26:0.000, j=27:0.000, j=28:0.002, j=29:0.001, j=30:0.001, j=31:0.000, j=32:0.003, j=33:0.001, j=34:0.000, j=35:0.000, j=36:0.004, j=37:0.004, j=38:0.000, j=39:0.000, j=40:0.001, j=41:0.004, j=42:0.001, j=43:0.001, j=44:0.001, j=45:0.001, j=46:0.001, j=47:0.003, j=48:0.005, j=49:0.004, j=50:0.001, j=51:0.000, j=52:0.000, j=53:0.001, j=54:0.007, j=55:0.365, j=56:0.457, j=57:0.070
      i=58 -> j=0:0.005, j=1:0.004, j=2:0.004, j=3:0.002, j=4:0.005, j=5:0.007, j=6:0.007, j=7:0.003, j=8:0.003, j=9:0.003, j=10:0.004, j=11:0.003, j=12:0.005, j=13:0.004, j=14:0.005, j=15:0.004, j=16:0.006, j=17:0.002, j=18:0.003, j=19:0.004, j=20:0.007, j=21:0.007, j=22:0.004, j=23:0.004, j=24:0.006, j=25:0.007, j=26:0.002, j=27:0.001, j=28:0.004, j=29:0.002, j=30:0.002, j=31:0.002, j=32:0.006, j=33:0.002, j=34:0.001, j=35:0.001, j=36:0.005, j=37:0.007, j=38:0.002, j=39:0.001, j=40:0.002, j=41:0.003, j=42:0.002, j=43:0.003, j=44:0.004, j=45:0.004, j=46:0.002, j=47:0.002, j=48:0.006, j=49:0.012, j=50:0.012, j=51:0.000, j=52:0.000, j=53:0.001, j=54:0.002, j=55:0.038, j=56:0.232, j=57:0.372, j=58:0.147
      i=59 -> j=0:0.004, j=1:0.004, j=2:0.003, j=3:0.001, j=4:0.003, j=5:0.004, j=6:0.005, j=7:0.003, j=8:0.003, j=9:0.003, j=10:0.003, j=11:0.002, j=12:0.004, j=13:0.004, j=14:0.005, j=15:0.004, j=16:0.004, j=17:0.001, j=18:0.002, j=19:0.004, j=20:0.006, j=21:0.007, j=22:0.004, j=23:0.003, j=24:0.003, j=25:0.006, j=26:0.002, j=27:0.001, j=28:0.003, j=29:0.001, j=30:0.001, j=31:0.001, j=32:0.007, j=33:0.002, j=34:0.001, j=35:0.000, j=36:0.003, j=37:0.005, j=38:0.002, j=39:0.001, j=40:0.002, j=41:0.002, j=42:0.001, j=43:0.002, j=44:0.004, j=45:0.005, j=46:0.002, j=47:0.001, j=48:0.002, j=49:0.005, j=50:0.012, j=51:0.002, j=52:0.001, j=53:0.001, j=54:0.000, j=55:0.002, j=56:0.010, j=57:0.114, j=58:0.576, j=59:0.130
      i=60 -> j=0:0.003, j=1:0.003, j=2:0.004, j=3:0.002, j=4:0.004, j=5:0.005, j=6:0.004, j=7:0.003, j=8:0.004, j=9:0.003, j=10:0.003, j=11:0.002, j=12:0.003, j=13:0.003, j=14:0.005, j=15:0.004, j=16:0.005, j=17:0.002, j=18:0.002, j=19:0.003, j=20:0.006, j=21:0.006, j=22:0.004, j=23:0.003, j=24:0.003, j=25:0.005, j=26:0.003, j=27:0.002, j=28:0.004, j=29:0.001, j=30:0.001, j=31:0.001, j=32:0.005, j=33:0.003, j=34:0.001, j=35:0.001, j=36:0.002, j=37:0.003, j=38:0.002, j=39:0.001, j=40:0.003, j=41:0.002, j=42:0.001, j=43:0.001, j=44:0.003, j=45:0.004, j=46:0.003, j=47:0.002, j=48:0.002, j=49:0.003, j=50:0.008, j=51:0.003, j=52:0.004, j=53:0.002, j=54:0.001, j=55:0.001, j=56:0.002, j=57:0.007, j=58:0.203, j=59:0.482, j=60:0.136
      i=61 -> j=0:0.002, j=1:0.002, j=2:0.002, j=3:0.001, j=4:0.003, j=5:0.003, j=6:0.002, j=7:0.001, j=8:0.002, j=9:0.003, j=10:0.002, j=11:0.001, j=12:0.002, j=13:0.002, j=14:0.004, j=15:0.003, j=16:0.004, j=17:0.001, j=18:0.001, j=19:0.002, j=20:0.004, j=21:0.007, j=22:0.004, j=23:0.002, j=24:0.002, j=25:0.003, j=26:0.001, j=27:0.001, j=28:0.003, j=29:0.001, j=30:0.001, j=31:0.000, j=32:0.004, j=33:0.001, j=34:0.001, j=35:0.000, j=36:0.002, j=37:0.002, j=38:0.000, j=39:0.000, j=40:0.002, j=41:0.003, j=42:0.000, j=43:0.000, j=44:0.001, j=45:0.004, j=46:0.003, j=47:0.003, j=48:0.001, j=49:0.001, j=50:0.003, j=51:0.001, j=52:0.003, j=53:0.007, j=54:0.001, j=55:0.000, j=56:0.000, j=57:0.000, j=58:0.004, j=59:0.232, j=60:0.570, j=61:0.080
      i=62 -> j=0:0.004, j=1:0.003, j=2:0.004, j=3:0.003, j=4:0.006, j=5:0.007, j=6:0.005, j=7:0.003, j=8:0.004, j=9:0.004, j=10:0.006, j=11:0.003, j=12:0.004, j=13:0.003, j=14:0.005, j=15:0.006, j=16:0.008, j=17:0.003, j=18:0.003, j=19:0.003, j=20:0.006, j=21:0.008, j=22:0.006, j=23:0.005, j=24:0.005, j=25:0.005, j=26:0.002, j=27:0.002, j=28:0.006, j=29:0.003, j=30:0.002, j=31:0.001, j=32:0.005, j=33:0.003, j=34:0.002, j=35:0.002, j=36:0.004, j=37:0.004, j=38:0.001, j=39:0.001, j=40:0.004, j=41:0.005, j=42:0.002, j=43:0.001, j=44:0.002, j=45:0.003, j=46:0.003, j=47:0.005, j=48:0.005, j=49:0.004, j=50:0.004, j=51:0.001, j=52:0.003, j=53:0.011, j=54:0.007, j=55:0.003, j=56:0.001, j=57:0.000, j=58:0.001, j=59:0.022, j=60:0.293, j=61:0.363, j=62:0.097
      i=63 -> j=0:0.007, j=1:0.006, j=2:0.005, j=3:0.004, j=4:0.008, j=5:0.010, j=6:0.008, j=7:0.004, j=8:0.005, j=9:0.007, j=10:0.008, j=11:0.007, j=12:0.008, j=13:0.007, j=14:0.008, j=15:0.007, j=16:0.010, j=17:0.006, j=18:0.006, j=19:0.006, j=20:0.009, j=21:0.012, j=22:0.009, j=23:0.009, j=24:0.008, j=25:0.009, j=26:0.003, j=27:0.003, j=28:0.008, j=29:0.005, j=30:0.005, j=31:0.003, j=32:0.008, j=33:0.004, j=34:0.003, j=35:0.003, j=36:0.008, j=37:0.008, j=38:0.002, j=39:0.002, j=40:0.004, j=41:0.008, j=42:0.004, j=43:0.004, j=44:0.004, j=45:0.005, j=46:0.004, j=47:0.007, j=48:0.009, j=49:0.009, j=50:0.008, j=51:0.001, j=52:0.003, j=53:0.014, j=54:0.014, j=55:0.012, j=56:0.002, j=57:0.000, j=58:0.000, j=59:0.001, j=60:0.027, j=61:0.166, j=62:0.309, j=63:0.123
    Average attention per distance:
      d=0:0.143, d=1:0.514, d=2:0.243, d=3:0.020

--- Layer 3 ---
  Head 0: Entropy=2.308
    Attention coefficients from each query position to previous positions:
      i= 0 -> j=0:1.000
      i= 1 -> j=0:0.484, j=1:0.516
      i= 2 -> j=0:0.320, j=1:0.507, j=2:0.173
      i= 3 -> j=0:0.132, j=1:0.286, j=2:0.146, j=3:0.436
      i= 4 -> j=0:0.077, j=1:0.164, j=2:0.117, j=3:0.405, j=4:0.238
      i= 5 -> j=0:0.030, j=1:0.056, j=2:0.043, j=3:0.207, j=4:0.176, j=5:0.488
      i= 6 -> j=0:0.030, j=1:0.041, j=2:0.030, j=3:0.126, j=4:0.145, j=5:0.499, j=6:0.129
      i= 7 -> j=0:0.018, j=1:0.021, j=2:0.011, j=3:0.039, j=4:0.049, j=5:0.236, j=6:0.087, j=7:0.540
      i= 8 -> j=0:0.020, j=1:0.021, j=2:0.010, j=3:0.026, j=4:0.029, j=5:0.130, j=6:0.069, j=7:0.480, j=8:0.214
      i= 9 -> j=0:0.010, j=1:0.012, j=2:0.005, j=3:0.012, j=4:0.010, j=5:0.041, j=6:0.024, j=7:0.234, j=8:0.155, j=9:0.498
      i=10 -> j=0:0.008, j=1:0.011, j=2:0.005, j=3:0.011, j=4:0.008, j=5:0.023, j=6:0.013, j=7:0.108, j=8:0.103, j=9:0.486, j=10:0.225
      i=11 -> j=0:0.008, j=1:0.010, j=2:0.005, j=3:0.013, j=4:0.009, j=5:0.020, j=6:0.009, j=7:0.047, j=8:0.047, j=9:0.233, j=10:0.174, j=11:0.425
      i=12 -> j=0:0.007, j=1:0.009, j=2:0.005, j=3:0.012, j=4:0.009, j=5:0.019, j=6:0.008, j=7:0.031, j=8:0.026, j=9:0.128, j=10:0.124, j=11:0.440, j=12:0.182
      i=13 -> j=0:0.007, j=1:0.008, j=2:0.004, j=3:0.010, j=4:0.009, j=5:0.021, j=6:0.008, j=7:0.027, j=8:0.017, j=9:0.065, j=10:0.064, j=11:0.306, j=12:0.194, j=13:0.261
      i=14 -> j=0:0.008, j=1:0.009, j=2:0.004, j=3:0.009, j=4:0.008, j=5:0.021, j=6:0.009, j=7:0.030, j=8:0.016, j=9:0.045, j=10:0.037, j=11:0.187, j=12:0.166, j=13:0.310, j=14:0.141
      i=15 -> j=0:0.009, j=1:0.009, j=2:0.004, j=3:0.008, j=4:0.007, j=5:0.018, j=6:0.009, j=7:0.032, j=8:0.016, j=9:0.036, j=10:0.021, j=11:0.095, j=12:0.095, j=13:0.235, j=14:0.176, j=15:0.230
      i=16 -> j=0:0.006, j=1:0.007, j=2:0.003, j=3:0.006, j=4:0.004, j=5:0.011, j=6:0.005, j=7:0.022, j=8:0.012, j=9:0.027, j=10:0.012, j=11:0.043, j=12:0.034, j=13:0.083, j=14:0.089, j=15:0.174, j=16:0.461
      i=17 -> j=0:0.006, j=1:0.007, j=2:0.003, j=3:0.006, j=4:0.005, j=5:0.010, j=6:0.005, j=7:0.018, j=8:0.011, j=9:0.027, j=10:0.013, j=11:0.034, j=12:0.020, j=13:0.036, j=14:0.043, j=15:0.108, j=16:0.390, j=17:0.260
      i=18 -> j=0:0.007, j=1:0.008, j=2:0.004, j=3:0.008, j=4:0.006, j=5:0.011, j=6:0.005, j=7:0.017, j=8:0.011, j=9:0.028, j=10:0.015, j=11:0.038, j=12:0.019, j=13:0.025, j=14:0.026, j=15:0.069, j=16:0.298, j=17:0.322, j=18:0.083
      i=19 -> j=0:0.012, j=1:0.012, j=2:0.006, j=3:0.012, j=4:0.010, j=5:0.018, j=6:0.008, j=7:0.022, j=8:0.014, j=9:0.033, j=10:0.021, j=11:0.053, j=12:0.027, j=13:0.029, j=14:0.023, j=15:0.046, j=16:0.165, j=17:0.248, j=18:0.106, j=19:0.135
      i=20 -> j=0:0.014, j=1:0.014, j=2:0.007, j=3:0.013, j=4:0.011, j=5:0.021, j=6:0.010, j=7:0.025, j=8:0.014, j=9:0.030, j=10:0.020, j=11:0.057, j=12:0.031, j=13:0.033, j=14:0.021, j=15:0.033, j=16:0.094, j=17:0.159, j=18:0.098, j=19:0.173, j=20:0.122
      i=21 -> j=0:0.012, j=1:0.012, j=2:0.006, j=3:0.011, j=4:0.009, j=5:0.017, j=6:0.008, j=7:0.022, j=8:0.012, j=9:0.023, j=10:0.013, j=11:0.039, j=12:0.024, j=13:0.028, j=14:0.017, j=15:0.022, j=16:0.044, j=17:0.060, j=18:0.043, j=19:0.096, j=20:0.092, j=21:0.390
      i=22 -> j=0:0.011, j=1:0.011, j=2:0.006, j=3:0.010, j=4:0.008, j=5:0.014, j=6:0.007, j=7:0.019, j=8:0.011, j=9:0.019, j=10:0.010, j=11:0.029, j=12:0.018, j=13:0.023, j=14:0.015, j=15:0.019, j=16:0.032, j=17:0.033, j=18:0.022, j=19:0.053, j=20:0.065, j=21:0.357, j=22:0.210
      i=23 -> j=0:0.011, j=1:0.012, j=2:0.006, j=3:0.011, j=4:0.008, j=5:0.014, j=6:0.007, j=7:0.019, j=8:0.011, j=9:0.020, j=10:0.011, j=11:0.026, j=12:0.015, j=13:0.020, j=14:0.015, j=15:0.019, j=16:0.032, j=17:0.027, j=18:0.015, j=19:0.032, j=20:0.043, j=21:0.269, j=22:0.220, j=23:0.136
      i=24 -> j=0:0.008, j=1:0.009, j=2:0.004, j=3:0.008, j=4:0.006, j=5:0.011, j=6:0.005, j=7:0.014, j=8:0.008, j=9:0.016, j=10:0.008, j=11:0.021, j=12:0.010, j=13:0.012, j=14:0.009, j=15:0.013, j=16:0.026, j=17:0.021, j=18:0.008, j=19:0.016, j=20:0.020, j=21:0.149, j=22:0.161, j=23:0.143, j=24:0.294
      i=25 -> j=0:0.007, j=1:0.007, j=2:0.004, j=3:0.007, j=4:0.005, j=5:0.009, j=6:0.004, j=7:0.011, j=8:0.006, j=9:0.012, j=10:0.007, j=11:0.017, j=12:0.008, j=13:0.008, j=14:0.006, j=15:0.009, j=16:0.018, j=17:0.016, j=18:0.006, j=19:0.010, j=20:0.010, j=21:0.054, j=22:0.061, j=23:0.073, j=24:0.202, j=25:0.424
      i=26 -> j=0:0.009, j=1:0.009, j=2:0.005, j=3:0.008, j=4:0.006, j=5:0.011, j=6:0.006, j=7:0.012, j=8:0.007, j=9:0.013, j=10:0.008, j=11:0.018, j=12:0.009, j=13:0.010, j=14:0.006, j=15:0.009, j=16:0.017, j=17:0.017, j=18:0.008, j=19:0.012, j=20:0.009, j=21:0.036, j=22:0.036, j=23:0.047, j=24:0.142, j=25:0.395, j=26:0.137
      i=27 -> j=0:0.008, j=1:0.008, j=2:0.004, j=3:0.006, j=4:0.005, j=5:0.009, j=6:0.004, j=7:0.011, j=8:0.006, j=9:0.010, j=10:0.006, j=11:0.015, j=12:0.008, j=13:0.008, j=14:0.005, j=15:0.006, j=16:0.011, j=17:0.012, j=18:0.006, j=19:0.010, j=20:0.007, j=21:0.028, j=22:0.021, j=23:0.024, j=24:0.082, j=25:0.371, j=26:0.174, j=27:0.135
      i=28 -> j=0:0.012, j=1:0.011, j=2:0.006, j=3:0.009, j=4:0.007, j=5:0.012, j=6:0.006, j=7:0.015, j=8:0.008, j=9:0.014, j=10:0.007, j=11:0.019, j=12:0.010, j=13:0.011, j=14:0.007, j=15:0.008, j=16:0.013, j=17:0.013, j=18:0.007, j=19:0.012, j=20:0.010, j=21:0.034, j=22:0.021, j=23:0.020, j=24:0.048, j=25:0.226, j=26:0.166, j=27:0.190, j=28:0.078
      i=29 -> j=0:0.011, j=1:0.012, j=2:0.006, j=3:0.010, j=4:0.007, j=5:0.012, j=6:0.006, j=7:0.015, j=8:0.009, j=9:0.015, j=10:0.008, j=11:0.018, j=12:0.010, j=13:0.011, j=14:0.007, j=15:0.009, j=16:0.013, j=17:0.011, j=18:0.006, j=19:0.010, j=20:0.009, j=21:0.032, j=22:0.019, j=23:0.014, j=24:0.024, j=25:0.082, j=26:0.067, j=27:0.101, j=28:0.065, j=29:0.382
      i=30 -> j=0:0.010, j=1:0.011, j=2:0.006, j=3:0.009, j=4:0.007, j=5:0.011, j=6:0.006, j=7:0.013, j=8:0.008, j=9:0.013, j=10:0.007, j=11:0.015, j=12:0.008, j=13:0.008, j=14:0.006, j=15:0.007, j=16:0.011, j=17:0.009, j=18:0.004, j=19:0.007, j=20:0.007, j=21:0.026, j=22:0.017, j=23:0.012, j=24:0.017, j=25:0.048, j=26:0.038, j=27:0.067, j=28:0.062, j=29:0.476, j=30:0.054
      i=31 -> j=0:0.015, j=1:0.014, j=2:0.008, j=3:0.013, j=4:0.010, j=5:0.016, j=6:0.008, j=7:0.017, j=8:0.010, j=9:0.017, j=10:0.010, j=11:0.021, j=12:0.011, j=13:0.011, j=14:0.007, j=15:0.010, j=16:0.015, j=17:0.013, j=18:0.006, j=19:0.009, j=20:0.008, j=21:0.028, j=22:0.021, j=23:0.017, j=24:0.022, j=25:0.047, j=26:0.029, j=27:0.042, j=28:0.047, j=29:0.355, j=30:0.072, j=31:0.071
      i=32 -> j=0:0.012, j=1:0.011, j=2:0.006, j=3:0.010, j=4:0.008, j=5:0.012, j=6:0.006, j=7:0.013, j=8:0.008, j=9:0.013, j=10:0.007, j=11:0.017, j=12:0.009, j=13:0.009, j=14:0.005, j=15:0.007, j=16:0.011, j=17:0.010, j=18:0.004, j=19:0.006, j=20:0.005, j=21:0.017, j=22:0.013, j=23:0.011, j=24:0.016, j=25:0.033, j=26:0.016, j=27:0.016, j=28:0.017, j=29:0.114, j=30:0.036, j=31:0.049, j=32:0.473
      i=33 -> j=0:0.013, j=1:0.013, j=2:0.007, j=3:0.010, j=4:0.008, j=5:0.013, j=6:0.007, j=7:0.015, j=8:0.008, j=9:0.013, j=10:0.008, j=11:0.017, j=12:0.009, j=13:0.009, j=14:0.006, j=15:0.007, j=16:0.011, j=17:0.010, j=18:0.005, j=19:0.007, j=20:0.006, j=21:0.016, j=22:0.011, j=23:0.010, j=24:0.016, j=25:0.034, j=26:0.016, j=27:0.014, j=28:0.012, j=29:0.060, j=30:0.024, j=31:0.040, j=32:0.411, j=33:0.133
      i=34 -> j=0:0.008, j=1:0.008, j=2:0.004, j=3:0.006, j=4:0.005, j=5:0.008, j=6:0.004, j=7:0.009, j=8:0.005, j=9:0.008, j=10:0.004, j=11:0.010, j=12:0.005, j=13:0.006, j=14:0.003, j=15:0.004, j=16:0.006, j=17:0.005, j=18:0.003, j=19:0.004, j=20:0.003, j=21:0.009, j=22:0.006, j=23:0.005, j=24:0.008, j=25:0.019, j=26:0.009, j=27:0.007, j=28:0.005, j=29:0.023, j=30:0.008, j=31:0.015, j=32:0.195, j=33:0.085, j=34:0.485
      i=35 -> j=0:0.010, j=1:0.010, j=2:0.006, j=3:0.008, j=4:0.007, j=5:0.010, j=6:0.006, j=7:0.011, j=8:0.007, j=9:0.010, j=10:0.006, j=11:0.011, j=12:0.007, j=13:0.007, j=14:0.005, j=15:0.005, j=16:0.007, j=17:0.006, j=18:0.003, j=19:0.005, j=20:0.004, j=21:0.011, j=22:0.007, j=23:0.006, j=24:0.008, j=25:0.018, j=26:0.011, j=27:0.009, j=28:0.006, j=29:0.021, j=30:0.007, j=31:0.012, j=32:0.117, j=33:0.074, j=34:0.463, j=35:0.081
      i=36 -> j=0:0.012, j=1:0.012, j=2:0.007, j=3:0.011, j=4:0.008, j=5:0.012, j=6:0.007, j=7:0.013, j=8:0.008, j=9:0.013, j=10:0.007, j=11:0.014, j=12:0.008, j=13:0.008, j=14:0.006, j=15:0.007, j=16:0.009, j=17:0.008, j=18:0.004, j=19:0.006, j=20:0.005, j=21:0.013, j=22:0.008, j=23:0.006, j=24:0.008, j=25:0.017, j=26:0.010, j=27:0.010, j=28:0.007, j=29:0.024, j=30:0.006, j=31:0.009, j=32:0.066, j=33:0.046, j=34:0.332, j=35:0.096, j=36:0.157
      i=37 -> j=0:0.011, j=1:0.011, j=2:0.006, j=3:0.010, j=4:0.008, j=5:0.012, j=6:0.006, j=7:0.012, j=8:0.007, j=9:0.012, j=10:0.007, j=11:0.014, j=12:0.007, j=13:0.007, j=14:0.004, j=15:0.005, j=16:0.008, j=17:0.007, j=18:0.003, j=19:0.005, j=20:0.004, j=21:0.011, j=22:0.007, j=23:0.005, j=24:0.006, j=25:0.013, j=26:0.007, j=27:0.007, j=28:0.005, j=29:0.023, j=30:0.005, j=31:0.006, j=32:0.044, j=33:0.026, j=34:0.233, j=35:0.093, j=36:0.222, j=37:0.118
      i=38 -> j=0:0.013, j=1:0.013, j=2:0.007, j=3:0.012, j=4:0.010, j=5:0.015, j=6:0.008, j=7:0.015, j=8:0.009, j=9:0.014, j=10:0.008, j=11:0.016, j=12:0.009, j=13:0.008, j=14:0.005, j=15:0.006, j=16:0.009, j=17:0.008, j=18:0.004, j=19:0.006, j=20:0.004, j=21:0.012, j=22:0.008, j=23:0.007, j=24:0.008, j=25:0.015, j=26:0.008, j=27:0.007, j=28:0.006, j=29:0.024, j=30:0.006, j=31:0.007, j=32:0.038, j=33:0.018, j=34:0.104, j=35:0.053, j=36:0.156, j=37:0.122, j=38:0.202
      i=39 -> j=0:0.014, j=1:0.014, j=2:0.007, j=3:0.012, j=4:0.010, j=5:0.015, j=6:0.008, j=7:0.016, j=8:0.009, j=9:0.014, j=10:0.008, j=11:0.016, j=12:0.009, j=13:0.008, j=14:0.005, j=15:0.006, j=16:0.009, j=17:0.008, j=18:0.004, j=19:0.005, j=20:0.004, j=21:0.011, j=22:0.007, j=23:0.006, j=24:0.007, j=25:0.014, j=26:0.007, j=27:0.005, j=28:0.004, j=29:0.019, j=30:0.005, j=31:0.006, j=32:0.035, j=33:0.013, j=34:0.062, j=35:0.029, j=36:0.100, j=37:0.108, j=38:0.248, j=39:0.113
      i=40 -> j=0:0.015, j=1:0.015, j=2:0.008, j=3:0.012, j=4:0.010, j=5:0.016, j=6:0.008, j=7:0.018, j=8:0.010, j=9:0.015, j=10:0.008, j=11:0.017, j=12:0.009, j=13:0.009, j=14:0.005, j=15:0.006, j=16:0.008, j=17:0.007, j=18:0.004, j=19:0.005, j=20:0.004, j=21:0.011, j=22:0.007, j=23:0.005, j=24:0.007, j=25:0.015, j=26:0.007, j=27:0.005, j=28:0.003, j=29:0.015, j=30:0.004, j=31:0.005, j=32:0.038, j=33:0.013, j=34:0.052, j=35:0.018, j=36:0.058, j=37:0.072, j=38:0.219, j=39:0.147, j=40:0.090
      i=41 -> j=0:0.014, j=1:0.014, j=2:0.008, j=3:0.012, j=4:0.010, j=5:0.014, j=6:0.008, j=7:0.016, j=8:0.010, j=9:0.015, j=10:0.009, j=11:0.016, j=12:0.010, j=13:0.010, j=14:0.006, j=15:0.007, j=16:0.009, j=17:0.008, j=18:0.004, j=19:0.006, j=20:0.005, j=21:0.011, j=22:0.008, j=23:0.006, j=24:0.007, j=25:0.014, j=26:0.008, j=27:0.006, j=28:0.004, j=29:0.013, j=30:0.004, j=31:0.005, j=32:0.027, j=33:0.013, j=34:0.038, j=35:0.013, j=36:0.025, j=37:0.024, j=38:0.055, j=39:0.052, j=40:0.050, j=41:0.403
      i=42 -> j=0:0.011, j=1:0.012, j=2:0.007, j=3:0.010, j=4:0.008, j=5:0.012, j=6:0.007, j=7:0.013, j=8:0.008, j=9:0.013, j=10:0.007, j=11:0.013, j=12:0.007, j=13:0.007, j=14:0.005, j=15:0.006, j=16:0.007, j=17:0.006, j=18:0.003, j=19:0.004, j=20:0.004, j=21:0.008, j=22:0.006, j=23:0.004, j=24:0.005, j=25:0.009, j=26:0.005, j=27:0.004, j=28:0.003, j=29:0.009, j=30:0.002, j=31:0.003, j=32:0.018, j=33:0.009, j=34:0.030, j=35:0.009, j=36:0.017, j=37:0.013, j=38:0.028, j=39:0.033, j=40:0.043, j=41:0.535, j=42:0.035
      i=43 -> j=0:0.014, j=1:0.014, j=2:0.009, j=3:0.013, j=4:0.011, j=5:0.015, j=6:0.009, j=7:0.016, j=8:0.011, j=9:0.016, j=10:0.010, j=11:0.017, j=12:0.010, j=13:0.009, j=14:0.006, j=15:0.007, j=16:0.010, j=17:0.008, j=18:0.004, j=19:0.006, j=20:0.004, j=21:0.011, j=22:0.007, j=23:0.006, j=24:0.006, j=25:0.011, j=26:0.006, j=27:0.005, j=28:0.004, j=29:0.011, j=30:0.003, j=31:0.004, j=32:0.017, j=33:0.009, j=34:0.033, j=35:0.011, j=36:0.019, j=37:0.012, j=38:0.020, j=39:0.020, j=40:0.029, j=41:0.421, j=42:0.045, j=43:0.071
      i=44 -> j=0:0.018, j=1:0.018, j=2:0.011, j=3:0.017, j=4:0.014, j=5:0.020, j=6:0.011, j=7:0.021, j=8:0.013, j=9:0.020, j=10:0.013, j=11:0.023, j=12:0.013, j=13:0.012, j=14:0.008, j=15:0.009, j=16:0.012, j=17:0.011, j=18:0.005, j=19:0.007, j=20:0.006, j=21:0.013, j=22:0.009, j=23:0.007, j=24:0.008, j=25:0.014, j=26:0.008, j=27:0.006, j=28:0.005, j=29:0.014, j=30:0.004, j=31:0.004, j=32:0.019, j=33:0.009, j=34:0.032, j=35:0.013, j=36:0.023, j=37:0.014, j=38:0.019, j=39:0.015, j=40:0.017, j=41:0.241, j=42:0.042, j=43:0.086, j=44:0.098
      i=45 -> j=0:0.018, j=1:0.018, j=2:0.010, j=3:0.016, j=4:0.013, j=5:0.019, j=6:0.011, j=7:0.021, j=8:0.013, j=9:0.019, j=10:0.012, j=11:0.022, j=12:0.013, j=13:0.012, j=14:0.008, j=15:0.009, j=16:0.012, j=17:0.010, j=18:0.005, j=19:0.007, j=20:0.006, j=21:0.012, j=22:0.008, j=23:0.007, j=24:0.008, j=25:0.014, j=26:0.007, j=27:0.006, j=28:0.004, j=29:0.013, j=30:0.004, j=31:0.004, j=32:0.018, j=33:0.008, j=34:0.025, j=35:0.010, j=36:0.021, j=37:0.013, j=38:0.017, j=39:0.011, j=40:0.010, j=41:0.115, j=42:0.025, j=43:0.060, j=44:0.088, j=45:0.218
      i=46 -> j=0:0.017, j=1:0.017, j=2:0.010, j=3:0.015, j=4:0.012, j=5:0.019, j=6:0.010, j=7:0.020, j=8:0.012, j=9:0.018, j=10:0.011, j=11:0.021, j=12:0.012, j=13:0.012, j=14:0.007, j=15:0.008, j=16:0.011, j=17:0.009, j=18:0.005, j=19:0.007, j=20:0.005, j=21:0.011, j=22:0.007, j=23:0.006, j=24:0.007, j=25:0.012, j=26:0.006, j=27:0.005, j=28:0.003, j=29:0.011, j=30:0.003, j=31:0.004, j=32:0.016, j=33:0.006, j=34:0.020, j=35:0.007, j=36:0.016, j=37:0.011, j=38:0.016, j=39:0.009, j=40:0.006, j=41:0.074, j=42:0.014, j=43:0.040, j=44:0.077, j=45:0.273, j=46:0.079
      i=47 -> j=0:0.013, j=1:0.013, j=2:0.007, j=3:0.011, j=4:0.009, j=5:0.014, j=6:0.007, j=7:0.016, j=8:0.010, j=9:0.015, j=10:0.008, j=11:0.016, j=12:0.009, j=13:0.009, j=14:0.006, j=15:0.007, j=16:0.009, j=17:0.007, j=18:0.004, j=19:0.005, j=20:0.004, j=21:0.009, j=22:0.006, j=23:0.004, j=24:0.005, j=25:0.010, j=26:0.005, j=27:0.004, j=28:0.003, j=29:0.008, j=30:0.002, j=31:0.003, j=32:0.013, j=33:0.005, j=34:0.016, j=35:0.005, j=36:0.010, j=37:0.007, j=38:0.011, j=39:0.007, j=40:0.004, j=41:0.047, j=42:0.006, j=43:0.016, j=44:0.031, j=45:0.135, j=46:0.058, j=47:0.373
      i=48 -> j=0:0.011, j=1:0.011, j=2:0.006, j=3:0.010, j=4:0.008, j=5:0.012, j=6:0.007, j=7:0.013, j=8:0.008, j=9:0.013, j=10:0.008, j=11:0.014, j=12:0.008, j=13:0.008, j=14:0.005, j=15:0.006, j=16:0.008, j=17:0.006, j=18:0.003, j=19:0.004, j=20:0.004, j=21:0.008, j=22:0.005, j=23:0.004, j=24:0.004, j=25:0.008, j=26:0.004, j=27:0.003, j=28:0.002, j=29:0.007, j=30:0.002, j=31:0.002, j=32:0.010, j=33:0.005, j=34:0.013, j=35:0.004, j=36:0.008, j=37:0.005, j=38:0.008, j=39:0.005, j=40:0.004, j=41:0.037, j=42:0.004, j=43:0.009, j=44:0.014, j=45:0.056, j=46:0.034, j=47:0.259, j=48:0.299
      i=49 -> j=0:0.010, j=1:0.011, j=2:0.006, j=3:0.010, j=4:0.008, j=5:0.012, j=6:0.006, j=7:0.013, j=8:0.008, j=9:0.013, j=10:0.008, j=11:0.014, j=12:0.008, j=13:0.008, j=14:0.005, j=15:0.006, j=16:0.008, j=17:0.006, j=18:0.003, j=19:0.004, j=20:0.003, j=21:0.008, j=22:0.005, j=23:0.004, j=24:0.004, j=25:0.007, j=26:0.004, j=27:0.003, j=28:0.002, j=29:0.006, j=30:0.002, j=31:0.002, j=32:0.008, j=33:0.004, j=34:0.012, j=35:0.004, j=36:0.007, j=37:0.004, j=38:0.005, j=39:0.004, j=40:0.003, j=41:0.034, j=42:0.004, j=43:0.006, j=44:0.008, j=45:0.028, j=46:0.020, j=47:0.180, j=48:0.322, j=49:0.132
      i=50 -> j=0:0.010, j=1:0.010, j=2:0.006, j=3:0.009, j=4:0.007, j=5:0.011, j=6:0.006, j=7:0.012, j=8:0.007, j=9:0.012, j=10:0.007, j=11:0.013, j=12:0.007, j=13:0.007, j=14:0.005, j=15:0.005, j=16:0.008, j=17:0.006, j=18:0.003, j=19:0.004, j=20:0.003, j=21:0.007, j=22:0.005, j=23:0.004, j=24:0.004, j=25:0.007, j=26:0.004, j=27:0.003, j=28:0.002, j=29:0.006, j=30:0.002, j=31:0.002, j=32:0.007, j=33:0.003, j=34:0.010, j=35:0.003, j=36:0.006, j=37:0.003, j=38:0.004, j=39:0.003, j=40:0.002, j=41:0.030, j=42:0.003, j=43:0.005, j=44:0.006, j=45:0.016, j=46:0.009, j=47:0.081, j=48:0.203, j=49:0.128, j=50:0.271
      i=51 -> j=0:0.011, j=1:0.011, j=2:0.006, j=3:0.010, j=4:0.008, j=5:0.013, j=6:0.007, j=7:0.014, j=8:0.009, j=9:0.013, j=10:0.008, j=11:0.015, j=12:0.009, j=13:0.009, j=14:0.006, j=15:0.006, j=16:0.009, j=17:0.007, j=18:0.004, j=19:0.005, j=20:0.004, j=21:0.008, j=22:0.005, j=23:0.004, j=24:0.005, j=25:0.008, j=26:0.004, j=27:0.003, j=28:0.002, j=29:0.007, j=30:0.002, j=31:0.002, j=32:0.008, j=33:0.004, j=34:0.010, j=35:0.004, j=36:0.007, j=37:0.004, j=38:0.005, j=39:0.003, j=40:0.002, j=41:0.024, j=42:0.003, j=43:0.006, j=44:0.006, j=45:0.013, j=46:0.006, j=47:0.035, j=48:0.088, j=49:0.084, j=50:0.245, j=51:0.205
      i=52 -> j=0:0.013, j=1:0.013, j=2:0.008, j=3:0.012, j=4:0.009, j=5:0.014, j=6:0.008, j=7:0.016, j=8:0.010, j=9:0.015, j=10:0.009, j=11:0.017, j=12:0.010, j=13:0.010, j=14:0.007, j=15:0.007, j=16:0.010, j=17:0.009, j=18:0.005, j=19:0.006, j=20:0.005, j=21:0.010, j=22:0.006, j=23:0.005, j=24:0.006, j=25:0.010, j=26:0.005, j=27:0.004, j=28:0.003, j=29:0.008, j=30:0.002, j=31:0.003, j=32:0.010, j=33:0.004, j=34:0.011, j=35:0.004, j=36:0.008, j=37:0.005, j=38:0.006, j=39:0.004, j=40:0.002, j=41:0.022, j=42:0.004, j=43:0.006, j=44:0.008, j=45:0.015, j=46:0.006, j=47:0.023, j=48:0.045, j=49:0.048, j=50:0.156, j=51:0.189, j=52:0.151
      i=53 -> j=0:0.010, j=1:0.010, j=2:0.006, j=3:0.009, j=4:0.007, j=5:0.011, j=6:0.006, j=7:0.013, j=8:0.008, j=9:0.012, j=10:0.007, j=11:0.013, j=12:0.008, j=13:0.008, j=14:0.005, j=15:0.006, j=16:0.008, j=17:0.006, j=18:0.003, j=19:0.004, j=20:0.003, j=21:0.008, j=22:0.005, j=23:0.004, j=24:0.004, j=25:0.007, j=26:0.004, j=27:0.003, j=28:0.002, j=29:0.005, j=30:0.002, j=31:0.002, j=32:0.008, j=33:0.003, j=34:0.009, j=35:0.003, j=36:0.005, j=37:0.003, j=38:0.004, j=39:0.002, j=40:0.002, j=41:0.016, j=42:0.002, j=43:0.004, j=44:0.005, j=45:0.011, j=46:0.004, j=47:0.014, j=48:0.022, j=49:0.020, j=50:0.067, j=51:0.116, j=52:0.135, j=53:0.339
      i=54 -> j=0:0.009, j=1:0.009, j=2:0.005, j=3:0.008, j=4:0.006, j=5:0.010, j=6:0.005, j=7:0.012, j=8:0.007, j=9:0.011, j=10:0.007, j=11:0.012, j=12:0.007, j=13:0.007, j=14:0.005, j=15:0.005, j=16:0.007, j=17:0.006, j=18:0.003, j=19:0.004, j=20:0.003, j=21:0.007, j=22:0.005, j=23:0.003, j=24:0.004, j=25:0.006, j=26:0.004, j=27:0.003, j=28:0.002, j=29:0.005, j=30:0.001, j=31:0.002, j=32:0.006, j=33:0.003, j=34:0.007, j=35:0.002, j=36:0.004, j=37:0.003, j=38:0.003, j=39:0.002, j=40:0.001, j=41:0.013, j=42:0.002, j=43:0.003, j=44:0.004, j=45:0.009, j=46:0.003, j=47:0.012, j=48:0.016, j=49:0.011, j=50:0.030, j=51:0.061, j=52:0.097, j=53:0.350, j=54:0.168
      i=55 -> j=0:0.008, j=1:0.008, j=2:0.004, j=3:0.007, j=4:0.006, j=5:0.009, j=6:0.004, j=7:0.010, j=8:0.006, j=9:0.010, j=10:0.006, j=11:0.011, j=12:0.006, j=13:0.006, j=14:0.004, j=15:0.005, j=16:0.006, j=17:0.005, j=18:0.002, j=19:0.003, j=20:0.003, j=21:0.006, j=22:0.004, j=23:0.003, j=24:0.003, j=25:0.005, j=26:0.003, j=27:0.002, j=28:0.001, j=29:0.004, j=30:0.001, j=31:0.001, j=32:0.005, j=33:0.002, j=34:0.006, j=35:0.002, j=36:0.003, j=37:0.002, j=38:0.002, j=39:0.001, j=40:0.001, j=41:0.011, j=42:0.001, j=43:0.002, j=44:0.002, j=45:0.006, j=46:0.002, j=47:0.010, j=48:0.013, j=49:0.007, j=50:0.013, j=51:0.026, j=52:0.048, j=53:0.234, j=54:0.182, j=55:0.256
      i=56 -> j=0:0.012, j=1:0.012, j=2:0.007, j=3:0.011, j=4:0.009, j=5:0.014, j=6:0.008, j=7:0.015, j=8:0.010, j=9:0.015, j=10:0.009, j=11:0.016, j=12:0.010, j=13:0.010, j=14:0.007, j=15:0.008, j=16:0.010, j=17:0.009, j=18:0.005, j=19:0.006, j=20:0.005, j=21:0.010, j=22:0.007, j=23:0.005, j=24:0.006, j=25:0.009, j=26:0.005, j=27:0.004, j=28:0.003, j=29:0.007, j=30:0.002, j=31:0.003, j=32:0.008, j=33:0.004, j=34:0.010, j=35:0.004, j=36:0.006, j=37:0.004, j=38:0.004, j=39:0.003, j=40:0.002, j=41:0.016, j=42:0.002, j=43:0.003, j=44:0.004, j=45:0.008, j=46:0.004, j=47:0.013, j=48:0.018, j=49:0.010, j=50:0.015, j=51:0.020, j=52:0.028, j=53:0.093, j=54:0.105, j=55:0.207, j=56:0.143
      i=57 -> j=0:0.009, j=1:0.009, j=2:0.005, j=3:0.008, j=4:0.007, j=5:0.011, j=6:0.005, j=7:0.011, j=8:0.007, j=9:0.011, j=10:0.007, j=11:0.013, j=12:0.007, j=13:0.007, j=14:0.005, j=15:0.005, j=16:0.007, j=17:0.006, j=18:0.003, j=19:0.004, j=20:0.003, j=21:0.007, j=22:0.005, j=23:0.004, j=24:0.004, j=25:0.007, j=26:0.004, j=27:0.003, j=28:0.002, j=29:0.005, j=30:0.001, j=31:0.002, j=32:0.006, j=33:0.002, j=34:0.007, j=35:0.002, j=36:0.004, j=37:0.002, j=38:0.003, j=39:0.002, j=40:0.001, j=41:0.011, j=42:0.001, j=43:0.002, j=44:0.002, j=45:0.005, j=46:0.002, j=47:0.007, j=48:0.012, j=49:0.007, j=50:0.010, j=51:0.012, j=52:0.013, j=53:0.033, j=54:0.041, j=55:0.126, j=56:0.132, j=57:0.361
      i=58 -> j=0:0.014, j=1:0.014, j=2:0.009, j=3:0.013, j=4:0.011, j=5:0.015, j=6:0.009, j=7:0.017, j=8:0.011, j=9:0.016, j=10:0.011, j=11:0.018, j=12:0.012, j=13:0.012, j=14:0.008, j=15:0.009, j=16:0.012, j=17:0.010, j=18:0.006, j=19:0.008, j=20:0.006, j=21:0.011, j=22:0.008, j=23:0.007, j=24:0.008, j=25:0.011, j=26:0.007, j=27:0.005, j=28:0.004, j=29:0.008, j=30:0.003, j=31:0.004, j=32:0.009, j=33:0.005, j=34:0.010, j=35:0.005, j=36:0.007, j=37:0.005, j=38:0.005, j=39:0.003, j=40:0.002, j=41:0.014, j=42:0.003, j=43:0.004, j=44:0.004, j=45:0.007, j=46:0.003, j=47:0.009, j=48:0.014, j=49:0.010, j=50:0.015, j=51:0.016, j=52:0.015, j=53:0.024, j=54:0.025, j=55:0.065, j=56:0.090, j=57:0.267, j=58:0.050
      i=59 -> j=0:0.007, j=1:0.007, j=2:0.004, j=3:0.007, j=4:0.005, j=5:0.008, j=6:0.004, j=7:0.010, j=8:0.006, j=9:0.009, j=10:0.005, j=11:0.010, j=12:0.006, j=13:0.006, j=14:0.004, j=15:0.004, j=16:0.006, j=17:0.005, j=18:0.002, j=19:0.003, j=20:0.003, j=21:0.006, j=22:0.004, j=23:0.003, j=24:0.003, j=25:0.006, j=26:0.003, j=27:0.002, j=28:0.001, j=29:0.004, j=30:0.001, j=31:0.001, j=32:0.005, j=33:0.002, j=34:0.005, j=35:0.002, j=36:0.003, j=37:0.002, j=38:0.002, j=39:0.001, j=40:0.001, j=41:0.007, j=42:0.001, j=43:0.001, j=44:0.002, j=45:0.003, j=46:0.001, j=47:0.004, j=48:0.006, j=49:0.004, j=50:0.007, j=51:0.009, j=52:0.007, j=53:0.011, j=54:0.008, j=55:0.021, j=56:0.036, j=57:0.200, j=58:0.038, j=59:0.457
      i=60 -> j=0:0.012, j=1:0.013, j=2:0.008, j=3:0.012, j=4:0.009, j=5:0.014, j=6:0.008, j=7:0.015, j=8:0.010, j=9:0.015, j=10:0.010, j=11:0.016, j=12:0.010, j=13:0.010, j=14:0.008, j=15:0.008, j=16:0.011, j=17:0.009, j=18:0.005, j=19:0.007, j=20:0.006, j=21:0.011, j=22:0.007, j=23:0.006, j=24:0.007, j=25:0.010, j=26:0.006, j=27:0.005, j=28:0.004, j=29:0.008, j=30:0.003, j=31:0.003, j=32:0.009, j=33:0.005, j=34:0.009, j=35:0.004, j=36:0.006, j=37:0.004, j=38:0.005, j=39:0.003, j=40:0.002, j=41:0.011, j=42:0.002, j=43:0.003, j=44:0.004, j=45:0.006, j=46:0.003, j=47:0.007, j=48:0.008, j=49:0.006, j=50:0.010, j=51:0.013, j=52:0.012, j=53:0.017, j=54:0.010, j=55:0.017, j=56:0.024, j=57:0.088, j=58:0.036, j=59:0.327, j=60:0.065
      i=61 -> j=0:0.012, j=1:0.012, j=2:0.008, j=3:0.012, j=4:0.010, j=5:0.014, j=6:0.008, j=7:0.015, j=8:0.010, j=9:0.016, j=10:0.010, j=11:0.017, j=12:0.010, j=13:0.011, j=14:0.008, j=15:0.009, j=16:0.011, j=17:0.009, j=18:0.005, j=19:0.007, j=20:0.006, j=21:0.011, j=22:0.008, j=23:0.006, j=24:0.007, j=25:0.011, j=26:0.007, j=27:0.005, j=28:0.004, j=29:0.008, j=30:0.003, j=31:0.003, j=32:0.009, j=33:0.005, j=34:0.010, j=35:0.004, j=36:0.006, j=37:0.004, j=38:0.005, j=39:0.003, j=40:0.002, j=41:0.013, j=42:0.002, j=43:0.003, j=44:0.004, j=45:0.006, j=46:0.003, j=47:0.007, j=48:0.009, j=49:0.005, j=50:0.008, j=51:0.010, j=52:0.011, j=53:0.017, j=54:0.010, j=55:0.013, j=56:0.014, j=57:0.037, j=58:0.020, j=59:0.190, j=60:0.061, j=61:0.215
      i=62 -> j=0:0.013, j=1:0.013, j=2:0.009, j=3:0.013, j=4:0.010, j=5:0.015, j=6:0.009, j=7:0.016, j=8:0.011, j=9:0.017, j=10:0.011, j=11:0.018, j=12:0.011, j=13:0.011, j=14:0.008, j=15:0.009, j=16:0.012, j=17:0.010, j=18:0.006, j=19:0.007, j=20:0.006, j=21:0.012, j=22:0.009, j=23:0.007, j=24:0.008, j=25:0.011, j=26:0.007, j=27:0.006, j=28:0.004, j=29:0.009, j=30:0.003, j=31:0.004, j=32:0.009, j=33:0.005, j=34:0.011, j=35:0.005, j=36:0.007, j=37:0.004, j=38:0.005, j=39:0.003, j=40:0.002, j=41:0.013, j=42:0.003, j=43:0.003, j=44:0.004, j=45:0.006, j=46:0.003, j=47:0.007, j=48:0.009, j=49:0.005, j=50:0.007, j=51:0.009, j=52:0.010, j=53:0.016, j=54:0.010, j=55:0.013, j=56:0.012, j=57:0.024, j=58:0.013, j=59:0.105, j=60:0.051, j=61:0.223, j=62:0.087
      i=63 -> j=0:0.010, j=1:0.010, j=2:0.006, j=3:0.010, j=4:0.008, j=5:0.012, j=6:0.006, j=7:0.013, j=8:0.008, j=9:0.013, j=10:0.008, j=11:0.015, j=12:0.009, j=13:0.009, j=14:0.006, j=15:0.007, j=16:0.009, j=17:0.008, j=18:0.004, j=19:0.005, j=20:0.004, j=21:0.009, j=22:0.006, j=23:0.005, j=24:0.006, j=25:0.009, j=26:0.005, j=27:0.004, j=28:0.003, j=29:0.007, j=30:0.002, j=31:0.002, j=32:0.007, j=33:0.003, j=34:0.008, j=35:0.003, j=36:0.005, j=37:0.003, j=38:0.003, j=39:0.002, j=40:0.001, j=41:0.010, j=42:0.002, j=43:0.002, j=44:0.002, j=45:0.004, j=46:0.002, j=47:0.005, j=48:0.006, j=49:0.004, j=50:0.005, j=51:0.006, j=52:0.006, j=53:0.010, j=54:0.007, j=55:0.009, j=56:0.009, j=57:0.015, j=58:0.006, j=59:0.047, j=60:0.026, j=61:0.175, j=62:0.088, j=63:0.282
    Average attention per distance:
      d=0:0.245, d=1:0.228, d=2:0.156, d=3:0.080, d=4:0.038, d=5:0.022, d=6:0.017, d=7:0.016
      d=8:0.016, d=9:0.014, d=10:0.012, d=45:0.010, d=46:0.010, d=51:0.011, d=52:0.011, d=53:0.010
      d=56:0.010, d=58:0.011, d=60:0.011, d=61:0.010, d=62:0.012, d=63:0.010


======================================================================
QK Property Verification (Raw Scores, before Softmax)
======================================================================
Recurrence order init_len=2, num test sequences=1

--- [P1] Long-distance Orthogonality Verification ---
Ideal: raw_score mean ≈ 0 and small std when d > init_len

  Layer 0, Head 0:
    d= 1 (effective): mean= 12.501, std= 0.351, n=63
    d= 2 (effective): mean= 10.325, std= 0.273, n=62
    d>2 (long-distance): mean= -0.573, std= 1.777, n=1891

  Layer 1, Head 0:
    d= 1 (effective): mean=  4.968, std= 1.378, n=63
    d= 2 (effective): mean=  4.171, std= 1.118, n=62
    d>2 (long-distance): mean=  0.725, std= 1.064, n=1891

  Layer 2, Head 0:
    d= 1 (effective): mean=  4.236, std= 0.661, n=63
    d= 2 (effective): mean=  3.477, std= 0.620, n=62
    d>2 (long-distance): mean= -1.210, std= 1.098, n=1891

  Layer 3, Head 0:
    d= 1 (effective): mean=  1.815, std= 0.747, n=63
    d= 2 (effective): mean=  1.468, std= 0.706, n=62
    d>2 (long-distance): mean= -1.108, std= 0.709, n=1891

--- [P2] Time-homogeneous Verification ---
Ideal: CV of raw_score across positions i ≈ 0 for fixed distance d
(CV = std / |mean|, smaller = more constant)

  Layer 0, Head 0:
    d= 1: mean= 12.501, std= 0.351, CV=0.028, n=63
    d= 2: mean= 10.325, std= 0.273, CV=0.026, n=62

  Layer 1, Head 0:
    d= 1: mean=  4.968, std= 1.378, CV=0.277, n=63
    d= 2: mean=  4.171, std= 1.118, CV=0.268, n=62

  Layer 2, Head 0:
    d= 1: mean=  4.236, std= 0.661, CV=0.156, n=63
    d= 2: mean=  3.477, std= 0.620, CV=0.178, n=62

  Layer 3, Head 0:
    d= 1: mean=  1.815, std= 0.747, CV=0.411, n=63
    d= 2: mean=  1.468, std= 0.706, CV=0.481, n=62

======================================================================
QK Property Verification Completed
======================================================================
