=== Experiment: mixed_basic_d256l2_r32_t16_c0.5 ===
Time: 2026-06-17T16:47:05.445482
Task type: mixed_ab
Merged config: {
  "P": 53,
  "TASK": "mixed_ab",
  "NUM_MASK": 2,
  "A": 1,
  "B": 1,
  "AB_PAIRS": [
    [
      1,
      1
    ],
    [
      1,
      2
    ]
  ],
  "D_MODEL": 256,
  "N_HEAD": 1,
  "N_LAYER": 2,
  "BATCH_SIZE": 128,
  "EPOCHS": 10000,
  "LR": 0.0003,
  "SAVE_PATH": "models/mixed_basic_d256l2_r32_t16_c0.5.pth",
  "USE_GREEDY_GENERATE": true,
  "USE_LEARNABLE_PE": false,
  "MLP_RATIO": 32,
  "TRAIN_LEN": 16,
  "OOD_LEN": 32,
  "DROPOUT": 0.0,
  "TARGET_INIT_COVERAGE": 0.5,
  "MAX_UNIQUE_RATIO": 0.5,
  "WEIGHT_DECAY": 1,
  "ENTROPY_PENALTY_WEIGHT": 0.0,
  "FIRST_TASK_WEIGHT": 1.0,
  "RANDOM_SEED": 42,
  "EVAL_INTERVAL": 20,
  "EARLY_STOP_NO_IMPROVE": 2000,
  "EARLY_STOP_ACCURACY": 0.99,
  "USE_AB_TAG": false,
  "USE_CONDITIONAL_WTE": false,
  "COND_WTE_SHARED_RATIO": 0.0
}
--- output ---
Using device: cuda

[Dataset] Mixed mode: generated 2810 + 2808 samples, length 16
AB parameter pairs: [(1, 1), (1, 2)]
--------------------------------------------------
[Model config] block_size: 32, train length: 16
[Number theory] AB parameter pairs: [(1, 1), (1, 2)]


Model parameters: 8.98M

Start training...
Epoch   0 | Train: Loss=4.1439 Acc=7.1% | Test: Acc=0.3% | Best=0.3%(@0)
  from x3: 0.01 0.01 0.00 0.00 0.00 0.00 0.00 0.00 0.00 0.00 0.00 0.00 0.00
  per-rule acc: 0.00 0.00
Epoch  20 | Train: Loss=0.0717 Acc=99.5% | Test: Acc=1.5% | Best=1.5%(@20)
  from x3: 0.02 0.02 0.01 0.01 0.01 0.01 0.01 0.01 0.01 0.01 0.01 0.01 0.01
  per-rule acc: 0.01 0.02
Epoch  40 | Train: Loss=0.0085 Acc=99.9% | Test: Acc=1.4% | Best=1.5%(@20)
  from x3: 0.01 0.01 0.01 0.01 0.01 0.01 0.01 0.01 0.01 0.01 0.01 0.01 0.01
  per-rule acc: 0.01 0.02
Epoch  60 | Train: Loss=0.0989 Acc=99.5% | Test: Acc=1.6% | Best=1.6%(@60)
  from x3: 0.02 0.02 0.02 0.01 0.01 0.02 0.02 0.01 0.02 0.01 0.01 0.02 0.01
  per-rule acc: 0.01 0.02
Epoch  80 | Train: Loss=0.0202 Acc=99.8% | Test: Acc=1.4% | Best=1.6%(@60)
  from x3: 0.02 0.01 0.01 0.01 0.01 0.01 0.01 0.01 0.01 0.01 0.01 0.01 0.01
  per-rule acc: 0.01 0.02
Epoch 100 | Train: Loss=0.0263 Acc=99.7% | Test: Acc=1.6% | Best=1.6%(@100)
  from x3: 0.02 0.02 0.02 0.01 0.02 0.02 0.02 0.01 0.02 0.02 0.02 0.02 0.02
  per-rule acc: 0.01 0.02
Epoch 120 | Train: Loss=0.0214 Acc=99.7% | Test: Acc=1.6% | Best=1.6%(@100)
  from x3: 0.02 0.02 0.02 0.02 0.02 0.02 0.01 0.01 0.02 0.02 0.02 0.02 0.02
  per-rule acc: 0.01 0.02
Epoch 140 | Train: Loss=0.0197 Acc=99.8% | Test: Acc=1.6% | Best=1.6%(@140)
  from x3: 0.02 0.02 0.02 0.02 0.01 0.02 0.02 0.02 0.02 0.01 0.01 0.01 0.01
  per-rule acc: 0.01 0.02
Epoch 160 | Train: Loss=0.0067 Acc=99.9% | Test: Acc=1.6% | Best=1.6%(@140)
  from x3: 0.02 0.02 0.02 0.02 0.02 0.02 0.01 0.02 0.02 0.02 0.02 0.02 0.02
  per-rule acc: 0.01 0.02
Epoch 180 | Train: Loss=0.0456 Acc=99.5% | Test: Acc=2.2% | Best=2.2%(@180)
  from x3: 0.02 0.02 0.02 0.02 0.02 0.02 0.02 0.02 0.02 0.02 0.02 0.02 0.02
  per-rule acc: 0.02 0.02
Epoch 200 | Train: Loss=0.0051 Acc=99.9% | Test: Acc=2.1% | Best=2.2%(@180)
  from x3: 0.02 0.02 0.02 0.02 0.02 0.02 0.02 0.02 0.02 0.02 0.02 0.02 0.02
  per-rule acc: 0.02 0.02
Epoch 220 | Train: Loss=0.0062 Acc=99.9% | Test: Acc=1.9% | Best=2.2%(@180)
  from x3: 0.02 0.02 0.02 0.02 0.02 0.02 0.02 0.02 0.02 0.02 0.02 0.02 0.02
  per-rule acc: 0.01 0.02
Epoch 240 | Train: Loss=0.0192 Acc=99.9% | Test: Acc=2.7% | Best=2.7%(@240)
  from x3: 0.03 0.03 0.03 0.03 0.03 0.03 0.03 0.03 0.03 0.03 0.03 0.03 0.03
  per-rule acc: 0.03 0.03
Epoch 260 | Train: Loss=0.0053 Acc=99.9% | Test: Acc=2.2% | Best=2.7%(@240)
  from x3: 0.02 0.02 0.02 0.02 0.02 0.02 0.02 0.02 0.02 0.02 0.02 0.02 0.02
  per-rule acc: 0.02 0.03
Epoch 280 | Train: Loss=0.0632 Acc=99.3% | Test: Acc=2.4% | Best=2.7%(@240)
  from x3: 0.03 0.02 0.02 0.02 0.02 0.02 0.02 0.02 0.02 0.02 0.02 0.02 0.02
  per-rule acc: 0.02 0.02
Epoch 300 | Train: Loss=0.0090 Acc=99.9% | Test: Acc=3.0% | Best=3.0%(@300)
  from x3: 0.03 0.03 0.03 0.03 0.03 0.03 0.03 0.03 0.03 0.03 0.03 0.03 0.03
  per-rule acc: 0.04 0.02
Epoch 320 | Train: Loss=0.0054 Acc=99.9% | Test: Acc=2.9% | Best=3.0%(@300)
  from x3: 0.03 0.03 0.03 0.03 0.03 0.03 0.03 0.03 0.03 0.03 0.03 0.03 0.03
  per-rule acc: 0.03 0.03
Epoch 340 | Train: Loss=0.0568 Acc=99.2% | Test: Acc=4.2% | Best=4.2%(@340)
  from x3: 0.04 0.04 0.04 0.04 0.04 0.04 0.04 0.04 0.04 0.04 0.04 0.04 0.04
  per-rule acc: 0.05 0.04
Epoch 360 | Train: Loss=0.0117 Acc=99.9% | Test: Acc=3.7% | Best=4.2%(@340)
  from x3: 0.04 0.04 0.03 0.04 0.04 0.04 0.04 0.04 0.04 0.04 0.04 0.04 0.03
  per-rule acc: 0.03 0.04
Epoch 380 | Train: Loss=0.0050 Acc=99.9% | Test: Acc=3.6% | Best=4.2%(@340)
  from x3: 0.04 0.04 0.03 0.04 0.03 0.04 0.04 0.04 0.04 0.04 0.04 0.03 0.03
  per-rule acc: 0.03 0.04
Epoch 400 | Train: Loss=0.0573 Acc=99.2% | Test: Acc=3.9% | Best=4.2%(@340)
  from x3: 0.04 0.03 0.04 0.04 0.04 0.04 0.04 0.04 0.04 0.04 0.04 0.04 0.04
  per-rule acc: 0.04 0.04
Epoch 420 | Train: Loss=0.0143 Acc=99.8% | Test: Acc=4.4% | Best=4.4%(@420)
  from x3: 0.05 0.04 0.04 0.04 0.04 0.04 0.04 0.04 0.04 0.04 0.04 0.04 0.04
  per-rule acc: 0.04 0.04
Epoch 440 | Train: Loss=0.0127 Acc=99.9% | Test: Acc=4.7% | Best=4.7%(@440)
  from x3: 0.05 0.05 0.05 0.05 0.05 0.05 0.05 0.05 0.05 0.04 0.05 0.05 0.05
  per-rule acc: 0.05 0.04
Epoch 460 | Train: Loss=0.0171 Acc=99.9% | Test: Acc=4.2% | Best=4.7%(@440)
  from x3: 0.05 0.05 0.04 0.04 0.04 0.04 0.04 0.04 0.04 0.04 0.04 0.04 0.04
  per-rule acc: 0.04 0.04
Epoch 480 | Train: Loss=0.0159 Acc=99.9% | Test: Acc=4.6% | Best=4.7%(@440)
  from x3: 0.05 0.05 0.04 0.04 0.05 0.05 0.04 0.04 0.05 0.05 0.05 0.04 0.05
  per-rule acc: 0.05 0.04
Epoch 500 | Train: Loss=0.0048 Acc=99.9% | Test: Acc=4.6% | Best=4.7%(@440)
  from x3: 0.05 0.04 0.04 0.05 0.05 0.05 0.05 0.05 0.05 0.05 0.05 0.04 0.05
  per-rule acc: 0.05 0.04
Epoch 520 | Train: Loss=0.0532 Acc=99.7% | Test: Acc=5.4% | Best=5.4%(@520)
  from x3: 0.05 0.05 0.05 0.05 0.05 0.06 0.06 0.05 0.05 0.05 0.05 0.05 0.05
  per-rule acc: 0.06 0.05
Epoch 540 | Train: Loss=0.0145 Acc=99.9% | Test: Acc=5.2% | Best=5.4%(@520)
  from x3: 0.05 0.05 0.05 0.05 0.05 0.05 0.05 0.05 0.05 0.05 0.05 0.05 0.05
  per-rule acc: 0.06 0.04
Epoch 560 | Train: Loss=0.0170 Acc=99.8% | Test: Acc=5.3% | Best=5.4%(@520)
  from x3: 0.06 0.05 0.06 0.05 0.05 0.05 0.05 0.05 0.05 0.05 0.05 0.05 0.05
  per-rule acc: 0.06 0.05
Epoch 580 | Train: Loss=0.0050 Acc=99.9% | Test: Acc=5.2% | Best=5.4%(@520)
  from x3: 0.06 0.05 0.05 0.05 0.05 0.05 0.05 0.05 0.05 0.05 0.05 0.05 0.05
  per-rule acc: 0.06 0.05
Epoch 600 | Train: Loss=0.0712 Acc=99.7% | Test: Acc=5.3% | Best=5.4%(@520)
  from x3: 0.05 0.05 0.05 0.05 0.05 0.05 0.05 0.05 0.05 0.05 0.05 0.05 0.05
  per-rule acc: 0.06 0.04
Epoch 620 | Train: Loss=0.0263 Acc=99.8% | Test: Acc=6.1% | Best=6.1%(@620)
  from x3: 0.06 0.06 0.06 0.06 0.06 0.06 0.06 0.06 0.06 0.06 0.06 0.06 0.06
  per-rule acc: 0.07 0.05
Epoch 640 | Train: Loss=0.0162 Acc=99.7% | Test: Acc=5.9% | Best=6.1%(@620)
  from x3: 0.06 0.06 0.06 0.06 0.06 0.06 0.06 0.06 0.06 0.06 0.06 0.06 0.06
  per-rule acc: 0.06 0.05
Epoch 660 | Train: Loss=0.0197 Acc=99.9% | Test: Acc=6.2% | Best=6.2%(@660)
  from x3: 0.06 0.06 0.06 0.06 0.06 0.06 0.06 0.06 0.06 0.06 0.06 0.06 0.06
  per-rule acc: 0.07 0.05
Epoch 680 | Train: Loss=0.0043 Acc=99.9% | Test: Acc=5.9% | Best=6.2%(@660)
  from x3: 0.06 0.06 0.06 0.06 0.06 0.06 0.06 0.06 0.06 0.06 0.06 0.06 0.06
  per-rule acc: 0.07 0.05
Epoch 700 | Train: Loss=0.0058 Acc=99.9% | Test: Acc=5.7% | Best=6.2%(@660)
  from x3: 0.06 0.06 0.06 0.06 0.06 0.06 0.06 0.05 0.06 0.06 0.06 0.06 0.06
  per-rule acc: 0.07 0.05
Epoch 720 | Train: Loss=0.0357 Acc=99.6% | Test: Acc=6.6% | Best=6.6%(@720)
  from x3: 0.07 0.06 0.07 0.07 0.07 0.07 0.07 0.07 0.07 0.07 0.07 0.07 0.07
  per-rule acc: 0.08 0.05
Epoch 740 | Train: Loss=0.0191 Acc=99.7% | Test: Acc=6.7% | Best=6.7%(@740)
  from x3: 0.07 0.07 0.07 0.07 0.07 0.07 0.07 0.07 0.07 0.07 0.07 0.07 0.07
  per-rule acc: 0.08 0.06
Epoch 760 | Train: Loss=0.0135 Acc=99.8% | Test: Acc=6.9% | Best=6.9%(@760)
  from x3: 0.06 0.06 0.07 0.07 0.07 0.07 0.07 0.07 0.07 0.07 0.07 0.07 0.07
  per-rule acc: 0.08 0.06
Epoch 780 | Train: Loss=0.0159 Acc=99.9% | Test: Acc=6.5% | Best=6.9%(@760)
  from x3: 0.06 0.06 0.06 0.07 0.07 0.07 0.06 0.07 0.07 0.07 0.07 0.06 0.06
  per-rule acc: 0.07 0.06
Epoch 800 | Train: Loss=0.0040 Acc=99.9% | Test: Acc=7.1% | Best=7.1%(@800)
  from x3: 0.07 0.07 0.07 0.07 0.07 0.07 0.07 0.07 0.07 0.07 0.07 0.07 0.07
  per-rule acc: 0.08 0.06
Epoch 820 | Train: Loss=0.0058 Acc=99.9% | Test: Acc=6.9% | Best=7.1%(@800)
  from x3: 0.07 0.07 0.07 0.07 0.07 0.07 0.07 0.07 0.07 0.07 0.07 0.07 0.07
  per-rule acc: 0.08 0.06
Epoch 840 | Train: Loss=0.0288 Acc=99.9% | Test: Acc=7.1% | Best=7.1%(@840)
  from x3: 0.07 0.07 0.07 0.07 0.07 0.07 0.07 0.07 0.07 0.07 0.07 0.07 0.07
  per-rule acc: 0.08 0.06
Epoch 860 | Train: Loss=0.0205 Acc=99.7% | Test: Acc=7.8% | Best=7.8%(@860)
  from x3: 0.07 0.08 0.08 0.08 0.08 0.08 0.08 0.08 0.08 0.08 0.08 0.08 0.08
  per-rule acc: 0.08 0.07
Epoch 880 | Train: Loss=0.0163 Acc=99.8% | Test: Acc=7.9% | Best=7.9%(@880)
  from x3: 0.08 0.08 0.08 0.08 0.08 0.08 0.08 0.08 0.08 0.08 0.08 0.08 0.08
  per-rule acc: 0.09 0.07
Epoch 900 | Train: Loss=0.0178 Acc=99.8% | Test: Acc=8.3% | Best=8.3%(@900)
  from x3: 0.08 0.08 0.09 0.09 0.08 0.08 0.08 0.08 0.08 0.08 0.08 0.08 0.08
  per-rule acc: 0.09 0.07
Epoch 920 | Train: Loss=0.0076 Acc=99.9% | Test: Acc=8.1% | Best=8.3%(@900)
  from x3: 0.08 0.08 0.08 0.08 0.08 0.08 0.08 0.08 0.08 0.08 0.08 0.08 0.08
  per-rule acc: 0.10 0.07
Epoch 940 | Train: Loss=0.0056 Acc=99.9% | Test: Acc=7.9% | Best=8.3%(@900)
  from x3: 0.07 0.08 0.08 0.08 0.08 0.08 0.08 0.08 0.08 0.08 0.08 0.08 0.08
  per-rule acc: 0.08 0.08
Epoch 960 | Train: Loss=0.0387 Acc=99.5% | Test: Acc=7.9% | Best=8.3%(@900)
  from x3: 0.08 0.08 0.08 0.08 0.08 0.08 0.08 0.08 0.08 0.08 0.08 0.08 0.08
  per-rule acc: 0.09 0.07
Epoch 980 | Train: Loss=0.0184 Acc=99.9% | Test: Acc=7.5% | Best=8.3%(@900)
  from x3: 0.07 0.08 0.08 0.08 0.08 0.08 0.08 0.08 0.08 0.07 0.08 0.07 0.08
  per-rule acc: 0.08 0.07
Epoch 1000 | Train: Loss=0.0145 Acc=99.9% | Test: Acc=7.8% | Best=8.3%(@900)
  from x3: 0.08 0.08 0.08 0.08 0.08 0.08 0.08 0.08 0.08 0.08 0.08 0.08 0.08
  per-rule acc: 0.09 0.07
Epoch 1020 | Train: Loss=0.0044 Acc=99.9% | Test: Acc=8.3% | Best=8.3%(@1020)
  from x3: 0.07 0.08 0.08 0.08 0.08 0.08 0.08 0.09 0.09 0.09 0.09 0.08 0.08
  per-rule acc: 0.09 0.07
Epoch 1040 | Train: Loss=0.0438 Acc=99.7% | Test: Acc=7.6% | Best=8.3%(@1020)
  from x3: 0.07 0.08 0.08 0.08 0.08 0.08 0.08 0.08 0.08 0.08 0.08 0.08 0.08
  per-rule acc: 0.09 0.06
Epoch 1060 | Train: Loss=0.0171 Acc=99.9% | Test: Acc=8.3% | Best=8.3%(@1020)
  from x3: 0.08 0.08 0.08 0.08 0.08 0.08 0.08 0.08 0.08 0.08 0.08 0.08 0.08
  per-rule acc: 0.09 0.07
Epoch 1080 | Train: Loss=0.0125 Acc=99.9% | Test: Acc=8.7% | Best=8.7%(@1080)
  from x3: 0.08 0.09 0.09 0.09 0.09 0.09 0.09 0.09 0.09 0.09 0.09 0.09 0.09
  per-rule acc: 0.10 0.08
Epoch 1100 | Train: Loss=0.0175 Acc=99.9% | Test: Acc=8.6% | Best=8.7%(@1080)
  from x3: 0.08 0.09 0.09 0.09 0.09 0.09 0.09 0.09 0.09 0.09 0.09 0.09 0.08
  per-rule acc: 0.09 0.08
Epoch 1120 | Train: Loss=0.0187 Acc=99.9% | Test: Acc=8.8% | Best=8.8%(@1120)
  from x3: 0.08 0.09 0.09 0.09 0.09 0.09 0.09 0.09 0.09 0.09 0.09 0.09 0.09
  per-rule acc: 0.10 0.08
Epoch 1140 | Train: Loss=0.0207 Acc=99.8% | Test: Acc=9.7% | Best=9.7%(@1140)
  from x3: 0.09 0.10 0.10 0.10 0.10 0.10 0.10 0.10 0.10 0.10 0.10 0.10 0.10
  per-rule acc: 0.10 0.09
Epoch 1160 | Train: Loss=0.0068 Acc=99.9% | Test: Acc=9.9% | Best=9.9%(@1160)
  from x3: 0.10 0.10 0.10 0.10 0.10 0.10 0.10 0.10 0.10 0.10 0.10 0.10 0.10
  per-rule acc: 0.11 0.09
Epoch 1180 | Train: Loss=0.0224 Acc=99.7% | Test: Acc=9.5% | Best=9.9%(@1160)
  from x3: 0.09 0.09 0.09 0.09 0.10 0.10 0.10 0.10 0.10 0.10 0.10 0.10 0.10
  per-rule acc: 0.11 0.08
Epoch 1200 | Train: Loss=0.0132 Acc=99.9% | Test: Acc=8.4% | Best=9.9%(@1160)
  from x3: 0.09 0.09 0.08 0.08 0.08 0.08 0.08 0.08 0.08 0.09 0.09 0.08 0.09
  per-rule acc: 0.09 0.08
Epoch 1220 | Train: Loss=0.0143 Acc=99.9% | Test: Acc=8.7% | Best=9.9%(@1160)
  from x3: 0.08 0.09 0.09 0.09 0.09 0.09 0.09 0.08 0.09 0.09 0.09 0.09 0.09
  per-rule acc: 0.09 0.08
Epoch 1240 | Train: Loss=0.0172 Acc=99.7% | Test: Acc=9.7% | Best=9.9%(@1160)
  from x3: 0.09 0.10 0.10 0.10 0.10 0.10 0.10 0.10 0.10 0.10 0.10 0.10 0.10
  per-rule acc: 0.11 0.08
Epoch 1260 | Train: Loss=0.0143 Acc=99.9% | Test: Acc=9.1% | Best=9.9%(@1160)
  from x3: 0.08 0.10 0.09 0.09 0.09 0.09 0.09 0.09 0.09 0.09 0.09 0.09 0.09
  per-rule acc: 0.10 0.09
Epoch 1280 | Train: Loss=0.0171 Acc=99.8% | Test: Acc=9.6% | Best=9.9%(@1160)
  from x3: 0.09 0.09 0.10 0.10 0.10 0.10 0.10 0.10 0.10 0.10 0.10 0.10 0.09
  per-rule acc: 0.10 0.09
Epoch 1300 | Train: Loss=0.0194 Acc=99.7% | Test: Acc=9.9% | Best=9.9%(@1300)
  from x3: 0.09 0.10 0.10 0.10 0.10 0.10 0.10 0.10 0.10 0.10 0.10 0.10 0.10
  per-rule acc: 0.11 0.09
Epoch 1320 | Train: Loss=0.0136 Acc=99.9% | Test: Acc=9.6% | Best=9.9%(@1300)
  from x3: 0.09 0.10 0.10 0.10 0.10 0.10 0.10 0.09 0.10 0.10 0.10 0.09 0.10
  per-rule acc: 0.11 0.08
Epoch 1340 | Train: Loss=0.0221 Acc=99.7% | Test: Acc=10.3% | Best=10.3%(@1340)
  from x3: 0.10 0.10 0.10 0.10 0.10 0.10 0.10 0.10 0.10 0.10 0.10 0.10 0.10
  per-rule acc: 0.11 0.09
Epoch 1360 | Train: Loss=0.0236 Acc=99.7% | Test: Acc=9.5% | Best=10.3%(@1340)
  from x3: 0.10 0.10 0.10 0.10 0.09 0.09 0.09 0.09 0.09 0.09 0.09 0.09 0.09
  per-rule acc: 0.10 0.09
Epoch 1380 | Train: Loss=0.0196 Acc=99.8% | Test: Acc=9.5% | Best=10.3%(@1340)
  from x3: 0.09 0.10 0.10 0.09 0.09 0.09 0.09 0.09 0.10 0.10 0.09 0.10 0.10
  per-rule acc: 0.10 0.09
Epoch 1400 | Train: Loss=0.0125 Acc=99.9% | Test: Acc=9.7% | Best=10.3%(@1340)
  from x3: 0.09 0.10 0.10 0.10 0.10 0.10 0.10 0.10 0.10 0.10 0.10 0.10 0.10
  per-rule acc: 0.11 0.08
Epoch 1420 | Train: Loss=0.0170 Acc=99.9% | Test: Acc=9.1% | Best=10.3%(@1340)
  from x3: 0.09 0.09 0.09 0.09 0.09 0.09 0.09 0.09 0.09 0.09 0.09 0.09 0.09
  per-rule acc: 0.09 0.09
Epoch 1440 | Train: Loss=0.0195 Acc=99.9% | Test: Acc=9.1% | Best=10.3%(@1340)
  from x3: 0.09 0.10 0.10 0.09 0.09 0.09 0.09 0.09 0.09 0.09 0.09 0.09 0.09
  per-rule acc: 0.10 0.09
Epoch 1460 | Train: Loss=0.0143 Acc=99.9% | Test: Acc=9.3% | Best=10.3%(@1340)
  from x3: 0.09 0.10 0.09 0.09 0.09 0.09 0.09 0.09 0.09 0.09 0.09 0.09 0.09
  per-rule acc: 0.10 0.09
Epoch 1480 | Train: Loss=0.0176 Acc=99.9% | Test: Acc=9.8% | Best=10.3%(@1340)
  from x3: 0.09 0.10 0.10 0.10 0.10 0.10 0.10 0.10 0.10 0.10 0.10 0.10 0.10
  per-rule acc: 0.11 0.09
Epoch 1500 | Train: Loss=0.0159 Acc=99.9% | Test: Acc=9.5% | Best=10.3%(@1340)
  from x3: 0.09 0.10 0.10 0.10 0.10 0.10 0.10 0.09 0.10 0.09 0.09 0.10 0.10
  per-rule acc: 0.11 0.09
Epoch 1520 | Train: Loss=0.0228 Acc=99.7% | Test: Acc=10.2% | Best=10.3%(@1340)
  from x3: 0.10 0.10 0.10 0.10 0.10 0.10 0.10 0.10 0.10 0.10 0.10 0.10 0.10
  per-rule acc: 0.10 0.10
Epoch 1540 | Train: Loss=0.0147 Acc=99.9% | Test: Acc=9.6% | Best=10.3%(@1340)
  from x3: 0.09 0.10 0.10 0.10 0.10 0.10 0.10 0.10 0.10 0.10 0.10 0.10 0.10
  per-rule acc: 0.10 0.09
Epoch 1560 | Train: Loss=0.0199 Acc=99.9% | Test: Acc=9.7% | Best=10.3%(@1340)
  from x3: 0.09 0.10 0.10 0.10 0.10 0.10 0.10 0.10 0.10 0.10 0.10 0.10 0.10
  per-rule acc: 0.10 0.09
Epoch 1580 | Train: Loss=0.0155 Acc=99.9% | Test: Acc=9.4% | Best=10.3%(@1340)
  from x3: 0.09 0.10 0.09 0.10 0.10 0.10 0.09 0.09 0.09 0.09 0.09 0.09 0.09
  per-rule acc: 0.10 0.09
Epoch 1600 | Train: Loss=0.0148 Acc=99.9% | Test: Acc=10.1% | Best=10.3%(@1340)
  from x3: 0.10 0.11 0.10 0.10 0.10 0.10 0.10 0.10 0.10 0.10 0.10 0.10 0.10
  per-rule acc: 0.11 0.09
Epoch 1620 | Train: Loss=0.0200 Acc=99.8% | Test: Acc=10.6% | Best=10.6%(@1620)
  from x3: 0.10 0.11 0.11 0.11 0.11 0.11 0.11 0.10 0.10 0.10 0.10 0.11 0.11
  per-rule acc: 0.12 0.10
Epoch 1640 | Train: Loss=0.0136 Acc=99.8% | Test: Acc=10.4% | Best=10.6%(@1620)
  from x3: 0.10 0.11 0.11 0.11 0.11 0.10 0.11 0.10 0.10 0.10 0.10 0.10 0.10
  per-rule acc: 0.12 0.09
Epoch 1660 | Train: Loss=0.0214 Acc=99.9% | Test: Acc=10.5% | Best=10.6%(@1620)
  from x3: 0.10 0.11 0.11 0.11 0.11 0.10 0.10 0.11 0.11 0.10 0.10 0.10 0.10
  per-rule acc: 0.11 0.10
Epoch 1680 | Train: Loss=0.0109 Acc=99.9% | Test: Acc=10.3% | Best=10.6%(@1620)
  from x3: 0.10 0.11 0.11 0.10 0.10 0.10 0.10 0.10 0.10 0.10 0.10 0.10 0.10
  per-rule acc: 0.11 0.09
Epoch 1700 | Train: Loss=0.0156 Acc=99.9% | Test: Acc=9.7% | Best=10.6%(@1620)
  from x3: 0.10 0.10 0.10 0.10 0.10 0.10 0.10 0.10 0.10 0.10 0.10 0.10 0.09
  per-rule acc: 0.10 0.10
Epoch 1720 | Train: Loss=0.0121 Acc=99.9% | Test: Acc=10.3% | Best=10.6%(@1620)
  from x3: 0.10 0.11 0.11 0.10 0.10 0.10 0.10 0.10 0.10 0.10 0.10 0.10 0.10
  per-rule acc: 0.11 0.10
Epoch 1740 | Train: Loss=0.0108 Acc=99.9% | Test: Acc=11.6% | Best=11.6%(@1740)
  from x3: 0.10 0.12 0.12 0.12 0.12 0.12 0.12 0.12 0.12 0.12 0.12 0.12 0.12
  per-rule acc: 0.13 0.10
Epoch 1760 | Train: Loss=0.0144 Acc=99.9% | Test: Acc=11.0% | Best=11.6%(@1740)
  from x3: 0.11 0.11 0.11 0.11 0.11 0.11 0.11 0.11 0.11 0.11 0.11 0.11 0.11
  per-rule acc: 0.12 0.10
Epoch 1780 | Train: Loss=0.0119 Acc=99.9% | Test: Acc=11.1% | Best=11.6%(@1740)
  from x3: 0.11 0.12 0.11 0.11 0.11 0.11 0.11 0.11 0.11 0.11 0.11 0.11 0.11
  per-rule acc: 0.11 0.11
Epoch 1800 | Train: Loss=0.0188 Acc=99.7% | Test: Acc=10.9% | Best=11.6%(@1740)
  from x3: 0.10 0.11 0.11 0.11 0.11 0.11 0.11 0.11 0.11 0.11 0.11 0.11 0.11
  per-rule acc: 0.12 0.10
Epoch 1820 | Train: Loss=0.0168 Acc=99.8% | Test: Acc=10.6% | Best=11.6%(@1740)
  from x3: 0.10 0.11 0.11 0.11 0.11 0.11 0.11 0.11 0.10 0.11 0.10 0.10 0.10
  per-rule acc: 0.11 0.10
Epoch 1840 | Train: Loss=0.0197 Acc=99.9% | Test: Acc=10.8% | Best=11.6%(@1740)
  from x3: 0.10 0.11 0.11 0.11 0.11 0.11 0.11 0.11 0.11 0.11 0.11 0.11 0.11
  per-rule acc: 0.11 0.10
Epoch 1860 | Train: Loss=0.0200 Acc=99.7% | Test: Acc=12.0% | Best=12.0%(@1860)
  from x3: 0.11 0.13 0.12 0.12 0.12 0.12 0.12 0.12 0.12 0.12 0.12 0.12 0.12
  per-rule acc: 0.13 0.11
Epoch 1880 | Train: Loss=0.0148 Acc=99.8% | Test: Acc=10.4% | Best=12.0%(@1860)
  from x3: 0.10 0.11 0.10 0.11 0.11 0.10 0.10 0.10 0.11 0.10 0.10 0.10 0.10
  per-rule acc: 0.11 0.10
Epoch 1900 | Train: Loss=0.0191 Acc=99.9% | Test: Acc=10.9% | Best=12.0%(@1860)
  from x3: 0.10 0.11 0.11 0.11 0.11 0.11 0.11 0.11 0.11 0.11 0.11 0.11 0.11
  per-rule acc: 0.11 0.11
Epoch 1920 | Train: Loss=0.0165 Acc=99.9% | Test: Acc=11.1% | Best=12.0%(@1860)
  from x3: 0.11 0.11 0.11 0.11 0.11 0.11 0.11 0.11 0.11 0.11 0.11 0.11 0.11
  per-rule acc: 0.12 0.10
Epoch 1940 | Train: Loss=0.0160 Acc=99.8% | Test: Acc=11.2% | Best=12.0%(@1860)
  from x3: 0.11 0.12 0.11 0.11 0.11 0.11 0.11 0.11 0.11 0.11 0.11 0.11 0.11
  per-rule acc: 0.12 0.10
Epoch 1960 | Train: Loss=0.0205 Acc=99.8% | Test: Acc=10.6% | Best=12.0%(@1860)
  from x3: 0.10 0.11 0.11 0.11 0.11 0.11 0.11 0.11 0.11 0.11 0.11 0.11 0.10
  per-rule acc: 0.11 0.11
Epoch 1980 | Train: Loss=0.0156 Acc=99.9% | Test: Acc=11.1% | Best=12.0%(@1860)
  from x3: 0.10 0.11 0.11 0.11 0.11 0.11 0.11 0.11 0.11 0.11 0.11 0.11 0.11
  per-rule acc: 0.11 0.11
Epoch 2000 | Train: Loss=0.0151 Acc=99.9% | Test: Acc=10.9% | Best=12.0%(@1860)
  from x3: 0.09 0.11 0.11 0.11 0.11 0.11 0.11 0.11 0.11 0.11 0.11 0.11 0.11
  per-rule acc: 0.11 0.11
Epoch 2020 | Train: Loss=0.0171 Acc=99.8% | Test: Acc=12.5% | Best=12.5%(@2020)
  from x3: 0.11 0.12 0.13 0.13 0.13 0.13 0.13 0.13 0.13 0.13 0.13 0.13 0.13
  per-rule acc: 0.13 0.11
Epoch 2040 | Train: Loss=0.0184 Acc=99.8% | Test: Acc=11.1% | Best=12.5%(@2020)
  from x3: 0.11 0.11 0.11 0.11 0.11 0.11 0.11 0.11 0.11 0.11 0.11 0.11 0.11
  per-rule acc: 0.11 0.11
Epoch 2060 | Train: Loss=0.0194 Acc=99.8% | Test: Acc=11.2% | Best=12.5%(@2020)
  from x3: 0.11 0.11 0.11 0.11 0.11 0.11 0.11 0.11 0.11 0.11 0.11 0.11 0.11
  per-rule acc: 0.12 0.11
Epoch 2080 | Train: Loss=0.0191 Acc=99.9% | Test: Acc=11.1% | Best=12.5%(@2020)
  from x3: 0.11 0.11 0.11 0.11 0.11 0.11 0.11 0.11 0.11 0.11 0.11 0.11 0.11
  per-rule acc: 0.11 0.11
Epoch 2100 | Train: Loss=0.0165 Acc=99.9% | Test: Acc=10.7% | Best=12.5%(@2020)
  from x3: 0.11 0.11 0.11 0.11 0.11 0.11 0.11 0.11 0.11 0.11 0.10 0.10 0.10
  per-rule acc: 0.11 0.10
Epoch 2120 | Train: Loss=0.0147 Acc=99.9% | Test: Acc=12.3% | Best=12.5%(@2020)
  from x3: 0.12 0.12 0.12 0.12 0.12 0.12 0.12 0.12 0.12 0.12 0.12 0.12 0.12
  per-rule acc: 0.13 0.11
Epoch 2140 | Train: Loss=0.0185 Acc=99.8% | Test: Acc=12.8% | Best=12.8%(@2140)
  from x3: 0.12 0.13 0.13 0.13 0.13 0.13 0.13 0.13 0.13 0.13 0.13 0.13 0.13
  per-rule acc: 0.13 0.13
Epoch 2160 | Train: Loss=0.0099 Acc=99.9% | Test: Acc=12.6% | Best=12.8%(@2140)
  from x3: 0.12 0.12 0.12 0.13 0.13 0.13 0.13 0.13 0.13 0.13 0.13 0.13 0.13
  per-rule acc: 0.13 0.12
Epoch 2180 | Train: Loss=0.0166 Acc=99.9% | Test: Acc=11.0% | Best=12.8%(@2140)
  from x3: 0.10 0.11 0.11 0.11 0.11 0.11 0.11 0.11 0.11 0.11 0.11 0.11 0.11
  per-rule acc: 0.11 0.11
Epoch 2200 | Train: Loss=0.0205 Acc=99.9% | Test: Acc=11.3% | Best=12.8%(@2140)
  from x3: 0.11 0.12 0.12 0.11 0.11 0.11 0.11 0.11 0.11 0.11 0.11 0.11 0.11
  per-rule acc: 0.12 0.11
Epoch 2220 | Train: Loss=0.0174 Acc=99.8% | Test: Acc=12.2% | Best=12.8%(@2140)
  from x3: 0.12 0.12 0.12 0.12 0.12 0.12 0.12 0.12 0.12 0.12 0.12 0.12 0.12
  per-rule acc: 0.14 0.11
Epoch 2240 | Train: Loss=0.0125 Acc=99.9% | Test: Acc=12.8% | Best=12.8%(@2240)
  from x3: 0.13 0.13 0.13 0.13 0.13 0.13 0.13 0.13 0.13 0.13 0.13 0.13 0.13
  per-rule acc: 0.13 0.12
Epoch 2260 | Train: Loss=0.0151 Acc=99.9% | Test: Acc=11.5% | Best=12.8%(@2240)
  from x3: 0.11 0.12 0.12 0.12 0.12 0.12 0.11 0.11 0.11 0.11 0.11 0.11 0.11
  per-rule acc: 0.11 0.12
Epoch 2280 | Train: Loss=0.0169 Acc=99.9% | Test: Acc=11.9% | Best=12.8%(@2240)
  from x3: 0.11 0.12 0.12 0.12 0.12 0.12 0.12 0.12 0.12 0.12 0.12 0.12 0.12
  per-rule acc: 0.13 0.11
Epoch 2300 | Train: Loss=0.0205 Acc=99.8% | Test: Acc=11.6% | Best=12.8%(@2240)
  from x3: 0.12 0.12 0.12 0.12 0.12 0.12 0.12 0.12 0.12 0.12 0.12 0.12 0.12
  per-rule acc: 0.12 0.12
Epoch 2320 | Train: Loss=0.0152 Acc=99.8% | Test: Acc=12.4% | Best=12.8%(@2240)
  from x3: 0.12 0.13 0.13 0.12 0.12 0.12 0.12 0.13 0.13 0.12 0.13 0.12 0.12
  per-rule acc: 0.13 0.12
Epoch 2340 | Train: Loss=0.0105 Acc=99.9% | Test: Acc=11.3% | Best=12.8%(@2240)
  from x3: 0.11 0.11 0.12 0.12 0.11 0.11 0.11 0.11 0.11 0.11 0.11 0.11 0.11
  per-rule acc: 0.12 0.11
Epoch 2360 | Train: Loss=0.0209 Acc=99.8% | Test: Acc=12.2% | Best=12.8%(@2240)
  from x3: 0.12 0.13 0.13 0.12 0.12 0.12 0.12 0.12 0.12 0.12 0.12 0.12 0.12
  per-rule acc: 0.13 0.11
Epoch 2380 | Train: Loss=0.0136 Acc=99.9% | Test: Acc=12.3% | Best=12.8%(@2240)
  from x3: 0.12 0.13 0.12 0.12 0.12 0.12 0.12 0.12 0.12 0.12 0.12 0.12 0.12
  per-rule acc: 0.13 0.11
Epoch 2400 | Train: Loss=0.0166 Acc=99.9% | Test: Acc=11.9% | Best=12.8%(@2240)
  from x3: 0.11 0.12 0.12 0.12 0.12 0.12 0.12 0.12 0.12 0.12 0.12 0.12 0.12
  per-rule acc: 0.11 0.12
Epoch 2420 | Train: Loss=0.0150 Acc=99.8% | Test: Acc=13.6% | Best=13.6%(@2420)
  from x3: 0.13 0.13 0.13 0.14 0.14 0.14 0.14 0.14 0.14 0.14 0.14 0.14 0.14
  per-rule acc: 0.14 0.13
Epoch 2440 | Train: Loss=0.0186 Acc=99.8% | Test: Acc=12.0% | Best=13.6%(@2420)
  from x3: 0.11 0.12 0.12 0.12 0.12 0.12 0.12 0.12 0.12 0.12 0.12 0.12 0.12
  per-rule acc: 0.13 0.11
Epoch 2460 | Train: Loss=0.0180 Acc=99.8% | Test: Acc=12.5% | Best=13.6%(@2420)
  from x3: 0.12 0.12 0.12 0.13 0.13 0.13 0.12 0.13 0.12 0.12 0.12 0.13 0.12
  per-rule acc: 0.14 0.11
Epoch 2480 | Train: Loss=0.0156 Acc=99.9% | Test: Acc=11.8% | Best=13.6%(@2420)
  from x3: 0.12 0.13 0.12 0.12 0.12 0.12 0.12 0.12 0.12 0.12 0.12 0.12 0.12
  per-rule acc: 0.13 0.11
Epoch 2500 | Train: Loss=0.0142 Acc=99.8% | Test: Acc=13.4% | Best=13.6%(@2420)
  from x3: 0.12 0.13 0.13 0.14 0.14 0.14 0.14 0.14 0.14 0.14 0.14 0.13 0.13
  per-rule acc: 0.15 0.12
Epoch 2520 | Train: Loss=0.0181 Acc=99.8% | Test: Acc=12.1% | Best=13.6%(@2420)
  from x3: 0.11 0.12 0.13 0.12 0.12 0.12 0.12 0.12 0.12 0.12 0.12 0.12 0.12
  per-rule acc: 0.14 0.11
Epoch 2540 | Train: Loss=0.0159 Acc=99.8% | Test: Acc=12.3% | Best=13.6%(@2420)
  from x3: 0.11 0.13 0.12 0.13 0.12 0.12 0.13 0.12 0.12 0.12 0.12 0.12 0.12
  per-rule acc: 0.13 0.12
Epoch 2560 | Train: Loss=0.0143 Acc=99.9% | Test: Acc=12.3% | Best=13.6%(@2420)
  from x3: 0.11 0.12 0.13 0.12 0.12 0.12 0.12 0.12 0.12 0.12 0.12 0.12 0.12
  per-rule acc: 0.13 0.12
Epoch 2580 | Train: Loss=0.0120 Acc=99.9% | Test: Acc=12.9% | Best=13.6%(@2420)
  from x3: 0.12 0.13 0.13 0.13 0.13 0.13 0.13 0.13 0.13 0.13 0.13 0.13 0.13
  per-rule acc: 0.15 0.11
Epoch 2600 | Train: Loss=0.0197 Acc=99.8% | Test: Acc=12.7% | Best=13.6%(@2420)
  from x3: 0.12 0.13 0.12 0.13 0.13 0.13 0.13 0.13 0.13 0.13 0.13 0.13 0.13
  per-rule acc: 0.13 0.12
Epoch 2620 | Train: Loss=0.0186 Acc=99.8% | Test: Acc=12.1% | Best=13.6%(@2420)
  from x3: 0.10 0.12 0.12 0.12 0.13 0.12 0.12 0.12 0.12 0.12 0.12 0.12 0.12
  per-rule acc: 0.13 0.11
Epoch 2640 | Train: Loss=0.0188 Acc=99.8% | Test: Acc=11.6% | Best=13.6%(@2420)
  from x3: 0.11 0.11 0.12 0.12 0.12 0.12 0.12 0.12 0.12 0.12 0.12 0.12 0.12
  per-rule acc: 0.13 0.10
Epoch 2660 | Train: Loss=0.0186 Acc=99.9% | Test: Acc=11.9% | Best=13.6%(@2420)
  from x3: 0.11 0.12 0.12 0.12 0.12 0.12 0.12 0.12 0.12 0.12 0.12 0.12 0.12
  per-rule acc: 0.12 0.11
Epoch 2680 | Train: Loss=0.0199 Acc=99.8% | Test: Acc=12.1% | Best=13.6%(@2420)
  from x3: 0.11 0.12 0.12 0.12 0.12 0.12 0.12 0.12 0.12 0.12 0.12 0.12 0.12
  per-rule acc: 0.12 0.12
Epoch 2700 | Train: Loss=0.0178 Acc=99.9% | Test: Acc=11.9% | Best=13.6%(@2420)
  from x3: 0.11 0.12 0.12 0.12 0.12 0.12 0.12 0.12 0.12 0.12 0.12 0.12 0.12
  per-rule acc: 0.12 0.12
Epoch 2720 | Train: Loss=0.0171 Acc=99.9% | Test: Acc=11.3% | Best=13.6%(@2420)
  from x3: 0.11 0.12 0.12 0.11 0.11 0.11 0.11 0.11 0.11 0.11 0.11 0.11 0.11
  per-rule acc: 0.12 0.11
Epoch 2740 | Train: Loss=0.0189 Acc=99.9% | Test: Acc=11.4% | Best=13.6%(@2420)
  from x3: 0.11 0.12 0.12 0.11 0.12 0.11 0.12 0.12 0.11 0.12 0.12 0.12 0.12
  per-rule acc: 0.13 0.10
Epoch 2760 | Train: Loss=0.0239 Acc=99.9% | Test: Acc=11.8% | Best=13.6%(@2420)
  from x3: 0.11 0.12 0.12 0.12 0.12 0.12 0.12 0.12 0.12 0.12 0.12 0.12 0.12
  per-rule acc: 0.13 0.10
Epoch 2780 | Train: Loss=0.0196 Acc=99.8% | Test: Acc=11.9% | Best=13.6%(@2420)
  from x3: 0.11 0.12 0.12 0.12 0.12 0.12 0.12 0.12 0.12 0.12 0.12 0.12 0.12
  per-rule acc: 0.13 0.10
Epoch 2800 | Train: Loss=0.0171 Acc=99.9% | Test: Acc=11.5% | Best=13.6%(@2420)
  from x3: 0.11 0.12 0.12 0.11 0.11 0.11 0.11 0.11 0.11 0.12 0.12 0.12 0.12
  per-rule acc: 0.12 0.11
Epoch 2820 | Train: Loss=0.0197 Acc=99.8% | Test: Acc=12.4% | Best=13.6%(@2420)
  from x3: 0.11 0.12 0.13 0.13 0.13 0.13 0.13 0.12 0.13 0.12 0.12 0.12 0.12
  per-rule acc: 0.14 0.11
Epoch 2840 | Train: Loss=0.0175 Acc=99.8% | Test: Acc=13.0% | Best=13.6%(@2420)
  from x3: 0.12 0.13 0.13 0.13 0.13 0.13 0.13 0.13 0.13 0.13 0.13 0.13 0.13
  per-rule acc: 0.14 0.12
Epoch 2860 | Train: Loss=0.0167 Acc=99.8% | Test: Acc=12.7% | Best=13.6%(@2420)
  from x3: 0.11 0.12 0.13 0.13 0.13 0.13 0.13 0.13 0.13 0.13 0.13 0.13 0.13
  per-rule acc: 0.14 0.12
Epoch 2880 | Train: Loss=0.0164 Acc=99.8% | Test: Acc=12.3% | Best=13.6%(@2420)
  from x3: 0.12 0.13 0.12 0.12 0.12 0.12 0.12 0.12 0.12 0.12 0.12 0.12 0.12
  per-rule acc: 0.13 0.12
Epoch 2900 | Train: Loss=0.0137 Acc=99.9% | Test: Acc=12.6% | Best=13.6%(@2420)
  from x3: 0.13 0.13 0.13 0.13 0.13 0.13 0.13 0.12 0.13 0.12 0.12 0.12 0.12
  per-rule acc: 0.14 0.11
Epoch 2920 | Train: Loss=0.0147 Acc=99.9% | Test: Acc=12.7% | Best=13.6%(@2420)
  from x3: 0.12 0.12 0.13 0.13 0.13 0.13 0.13 0.13 0.13 0.13 0.13 0.13 0.13
  per-rule acc: 0.14 0.11
Epoch 2940 | Train: Loss=0.0165 Acc=99.8% | Test: Acc=12.9% | Best=13.6%(@2420)
  from x3: 0.12 0.13 0.13 0.13 0.13 0.13 0.13 0.13 0.13 0.13 0.13 0.13 0.13
  per-rule acc: 0.15 0.11
Epoch 2960 | Train: Loss=0.0147 Acc=99.8% | Test: Acc=13.6% | Best=13.6%(@2420)
  from x3: 0.13 0.14 0.14 0.14 0.14 0.14 0.14 0.14 0.14 0.13 0.14 0.13 0.14
  per-rule acc: 0.16 0.11
Epoch 2980 | Train: Loss=0.0147 Acc=99.9% | Test: Acc=12.4% | Best=13.6%(@2420)
  from x3: 0.11 0.12 0.12 0.13 0.13 0.13 0.13 0.13 0.12 0.13 0.13 0.12 0.12
  per-rule acc: 0.13 0.11
Epoch 3000 | Train: Loss=0.0178 Acc=99.9% | Test: Acc=12.1% | Best=13.6%(@2420)
  from x3: 0.11 0.12 0.12 0.12 0.12 0.12 0.12 0.12 0.12 0.12 0.12 0.12 0.12
  per-rule acc: 0.13 0.11
Epoch 3020 | Train: Loss=0.0217 Acc=99.9% | Test: Acc=12.3% | Best=13.6%(@2420)
  from x3: 0.11 0.13 0.12 0.12 0.12 0.12 0.12 0.12 0.12 0.12 0.12 0.12 0.12
  per-rule acc: 0.14 0.11
Epoch 3040 | Train: Loss=0.0247 Acc=99.7% | Test: Acc=13.0% | Best=13.6%(@2420)
  from x3: 0.11 0.13 0.13 0.13 0.13 0.13 0.13 0.13 0.13 0.13 0.13 0.13 0.13
  per-rule acc: 0.15 0.11
Epoch 3060 | Train: Loss=0.0175 Acc=99.8% | Test: Acc=12.4% | Best=13.6%(@2420)
  from x3: 0.12 0.12 0.12 0.12 0.12 0.12 0.12 0.12 0.12 0.12 0.13 0.13 0.13
  per-rule acc: 0.14 0.11
Epoch 3080 | Train: Loss=0.0173 Acc=99.8% | Test: Acc=12.5% | Best=13.6%(@2420)
  from x3: 0.11 0.12 0.12 0.12 0.13 0.13 0.13 0.13 0.13 0.13 0.13 0.13 0.13
  per-rule acc: 0.14 0.11
Epoch 3100 | Train: Loss=0.0163 Acc=99.9% | Test: Acc=12.4% | Best=13.6%(@2420)
  from x3: 0.11 0.12 0.12 0.13 0.13 0.13 0.13 0.13 0.13 0.13 0.13 0.13 0.13
  per-rule acc: 0.14 0.11
Epoch 3120 | Train: Loss=0.0136 Acc=99.9% | Test: Acc=13.4% | Best=13.6%(@2420)
  from x3: 0.12 0.13 0.13 0.14 0.14 0.13 0.13 0.13 0.14 0.14 0.14 0.14 0.14
  per-rule acc: 0.16 0.11
Epoch 3140 | Train: Loss=0.0152 Acc=99.8% | Test: Acc=13.4% | Best=13.6%(@2420)
  from x3: 0.13 0.13 0.13 0.13 0.13 0.13 0.13 0.13 0.13 0.13 0.13 0.13 0.13
  per-rule acc: 0.15 0.11
Epoch 3160 | Train: Loss=0.0150 Acc=99.9% | Test: Acc=12.1% | Best=13.6%(@2420)
  from x3: 0.11 0.12 0.13 0.12 0.12 0.12 0.12 0.12 0.12 0.12 0.12 0.12 0.12
  per-rule acc: 0.13 0.12
Epoch 3180 | Train: Loss=0.0209 Acc=99.9% | Test: Acc=12.5% | Best=13.6%(@2420)
  from x3: 0.11 0.13 0.13 0.13 0.13 0.13 0.12 0.13 0.13 0.13 0.13 0.13 0.13
  per-rule acc: 0.13 0.12
Epoch 3200 | Train: Loss=0.0159 Acc=99.9% | Test: Acc=12.5% | Best=13.6%(@2420)
  from x3: 0.11 0.13 0.13 0.13 0.13 0.13 0.12 0.13 0.12 0.12 0.12 0.12 0.12
  per-rule acc: 0.14 0.11
Epoch 3220 | Train: Loss=0.0210 Acc=99.9% | Test: Acc=11.4% | Best=13.6%(@2420)
  from x3: 0.11 0.12 0.12 0.11 0.11 0.11 0.11 0.11 0.12 0.12 0.12 0.11 0.11
  per-rule acc: 0.13 0.10
Epoch 3240 | Train: Loss=0.0149 Acc=99.8% | Test: Acc=12.4% | Best=13.6%(@2420)
  from x3: 0.11 0.13 0.12 0.12 0.13 0.12 0.12 0.12 0.13 0.12 0.13 0.13 0.12
  per-rule acc: 0.13 0.11
Epoch 3260 | Train: Loss=0.0149 Acc=99.9% | Test: Acc=12.2% | Best=13.6%(@2420)
  from x3: 0.11 0.13 0.12 0.12 0.12 0.12 0.12 0.12 0.12 0.12 0.12 0.12 0.12
  per-rule acc: 0.14 0.11
Epoch 3280 | Train: Loss=0.0219 Acc=99.8% | Test: Acc=12.0% | Best=13.6%(@2420)
  from x3: 0.11 0.12 0.12 0.12 0.12 0.12 0.12 0.12 0.12 0.12 0.12 0.12 0.12
  per-rule acc: 0.13 0.11
Epoch 3300 | Train: Loss=0.0162 Acc=99.8% | Test: Acc=12.0% | Best=13.6%(@2420)
  from x3: 0.11 0.12 0.12 0.12 0.12 0.12 0.12 0.12 0.12 0.12 0.12 0.12 0.12
  per-rule acc: 0.14 0.10
Epoch 3320 | Train: Loss=0.0199 Acc=99.8% | Test: Acc=12.8% | Best=13.6%(@2420)
  from x3: 0.11 0.13 0.13 0.13 0.13 0.13 0.13 0.13 0.13 0.13 0.13 0.13 0.13
  per-rule acc: 0.14 0.11
Epoch 3340 | Train: Loss=0.0159 Acc=99.8% | Test: Acc=13.7% | Best=13.7%(@3340)
  from x3: 0.12 0.14 0.14 0.14 0.14 0.14 0.14 0.14 0.14 0.14 0.14 0.14 0.14
  per-rule acc: 0.15 0.13
Epoch 3360 | Train: Loss=0.0188 Acc=99.9% | Test: Acc=12.1% | Best=13.7%(@3340)
  from x3: 0.11 0.12 0.12 0.12 0.12 0.12 0.12 0.12 0.12 0.12 0.12 0.12 0.12
  per-rule acc: 0.13 0.11
Epoch 3380 | Train: Loss=0.0186 Acc=99.9% | Test: Acc=12.8% | Best=13.7%(@3340)
  from x3: 0.11 0.13 0.13 0.13 0.13 0.13 0.13 0.13 0.13 0.13 0.13 0.13 0.13
  per-rule acc: 0.14 0.11
Epoch 3400 | Train: Loss=0.0176 Acc=99.8% | Test: Acc=12.1% | Best=13.7%(@3340)
  from x3: 0.11 0.12 0.12 0.12 0.12 0.12 0.12 0.12 0.12 0.12 0.12 0.12 0.12
  per-rule acc: 0.14 0.11
Epoch 3420 | Train: Loss=0.0144 Acc=99.9% | Test: Acc=11.4% | Best=13.7%(@3340)
  from x3: 0.11 0.12 0.12 0.11 0.12 0.11 0.12 0.12 0.11 0.11 0.11 0.11 0.11
  per-rule acc: 0.13 0.10
Epoch 3440 | Train: Loss=0.0217 Acc=99.9% | Test: Acc=12.6% | Best=13.7%(@3340)
  from x3: 0.11 0.13 0.13 0.13 0.13 0.13 0.13 0.13 0.13 0.13 0.13 0.13 0.13
  per-rule acc: 0.14 0.12
Epoch 3460 | Train: Loss=0.0148 Acc=99.9% | Test: Acc=11.9% | Best=13.7%(@3340)
  from x3: 0.12 0.12 0.12 0.12 0.12 0.12 0.12 0.12 0.12 0.12 0.12 0.12 0.12
  per-rule acc: 0.13 0.11
Epoch 3480 | Train: Loss=0.0146 Acc=99.9% | Test: Acc=12.4% | Best=13.7%(@3340)
  from x3: 0.12 0.13 0.13 0.13 0.12 0.12 0.12 0.13 0.13 0.12 0.12 0.12 0.12
  per-rule acc: 0.13 0.11
Epoch 3500 | Train: Loss=0.0147 Acc=99.9% | Test: Acc=12.5% | Best=13.7%(@3340)
  from x3: 0.11 0.12 0.13 0.13 0.13 0.13 0.13 0.13 0.13 0.13 0.13 0.13 0.13
  per-rule acc: 0.14 0.11
Epoch 3520 | Train: Loss=0.0100 Acc=99.9% | Test: Acc=12.7% | Best=13.7%(@3340)
  from x3: 0.12 0.13 0.13 0.13 0.13 0.13 0.13 0.13 0.13 0.13 0.13 0.13 0.13
  per-rule acc: 0.15 0.11
Epoch 3540 | Train: Loss=0.0149 Acc=99.8% | Test: Acc=13.1% | Best=13.7%(@3340)
  from x3: 0.12 0.13 0.13 0.13 0.13 0.13 0.13 0.13 0.13 0.13 0.13 0.13 0.13
  per-rule acc: 0.14 0.12
Epoch 3560 | Train: Loss=0.0174 Acc=99.9% | Test: Acc=11.6% | Best=13.7%(@3340)
  from x3: 0.11 0.12 0.12 0.12 0.12 0.12 0.12 0.12 0.12 0.12 0.12 0.12 0.11
  per-rule acc: 0.13 0.10
Epoch 3580 | Train: Loss=0.0139 Acc=99.9% | Test: Acc=12.7% | Best=13.7%(@3340)
  from x3: 0.12 0.13 0.13 0.13 0.13 0.13 0.13 0.13 0.13 0.13 0.13 0.13 0.13
  per-rule acc: 0.14 0.12
Epoch 3600 | Train: Loss=0.0136 Acc=99.9% | Test: Acc=12.7% | Best=13.7%(@3340)
  from x3: 0.12 0.13 0.13 0.13 0.13 0.13 0.13 0.13 0.13 0.13 0.13 0.13 0.13
  per-rule acc: 0.14 0.11
Epoch 3620 | Train: Loss=0.0172 Acc=99.9% | Test: Acc=12.8% | Best=13.7%(@3340)
  from x3: 0.11 0.13 0.13 0.13 0.13 0.13 0.13 0.13 0.13 0.13 0.13 0.13 0.13
  per-rule acc: 0.15 0.11
Epoch 3640 | Train: Loss=0.0155 Acc=99.8% | Test: Acc=12.8% | Best=13.7%(@3340)
  from x3: 0.12 0.13 0.13 0.13 0.13 0.13 0.13 0.13 0.13 0.13 0.13 0.13 0.13
  per-rule acc: 0.14 0.11
Epoch 3660 | Train: Loss=0.0163 Acc=99.9% | Test: Acc=12.0% | Best=13.7%(@3340)
  from x3: 0.11 0.12 0.12 0.12 0.12 0.12 0.12 0.12 0.12 0.12 0.12 0.12 0.12
  per-rule acc: 0.13 0.11
Epoch 3680 | Train: Loss=0.0120 Acc=99.9% | Test: Acc=13.9% | Best=13.9%(@3680)
  from x3: 0.13 0.14 0.14 0.14 0.14 0.14 0.14 0.14 0.14 0.14 0.14 0.14 0.14
  per-rule acc: 0.16 0.12
Epoch 3700 | Train: Loss=0.0133 Acc=99.9% | Test: Acc=12.4% | Best=13.9%(@3680)
  from x3: 0.11 0.13 0.12 0.13 0.13 0.12 0.12 0.12 0.12 0.12 0.12 0.12 0.13
  per-rule acc: 0.13 0.12
Epoch 3720 | Train: Loss=0.0159 Acc=99.9% | Test: Acc=12.9% | Best=13.9%(@3680)
  from x3: 0.11 0.13 0.13 0.13 0.13 0.13 0.13 0.13 0.13 0.13 0.13 0.13 0.13
  per-rule acc: 0.14 0.12
Epoch 3740 | Train: Loss=0.0108 Acc=99.9% | Test: Acc=13.8% | Best=13.9%(@3680)
  from x3: 0.13 0.14 0.14 0.14 0.14 0.14 0.14 0.14 0.14 0.14 0.14 0.14 0.14
  per-rule acc: 0.15 0.13
Epoch 3760 | Train: Loss=0.0158 Acc=99.9% | Test: Acc=12.3% | Best=13.9%(@3680)
  from x3: 0.12 0.12 0.12 0.12 0.12 0.12 0.12 0.12 0.12 0.12 0.12 0.12 0.12
  per-rule acc: 0.13 0.12
Epoch 3780 | Train: Loss=0.0169 Acc=99.9% | Test: Acc=12.7% | Best=13.9%(@3680)
  from x3: 0.11 0.13 0.13 0.13 0.13 0.13 0.13 0.13 0.13 0.13 0.13 0.13 0.13
  per-rule acc: 0.14 0.11
Epoch 3800 | Train: Loss=0.0062 Acc=99.9% | Test: Acc=14.0% | Best=14.0%(@3800)
  from x3: 0.12 0.14 0.14 0.14 0.14 0.14 0.14 0.14 0.14 0.14 0.14 0.14 0.14
  per-rule acc: 0.15 0.13
Epoch 3820 | Train: Loss=0.0189 Acc=99.9% | Test: Acc=12.1% | Best=14.0%(@3800)
  from x3: 0.11 0.12 0.12 0.12 0.12 0.12 0.12 0.12 0.12 0.12 0.12 0.12 0.12
  per-rule acc: 0.13 0.11
Epoch 3840 | Train: Loss=0.0174 Acc=99.9% | Test: Acc=12.3% | Best=14.0%(@3800)
  from x3: 0.10 0.12 0.13 0.12 0.12 0.12 0.12 0.12 0.12 0.12 0.12 0.12 0.12
  per-rule acc: 0.14 0.11
Epoch 3860 | Train: Loss=0.0164 Acc=99.9% | Test: Acc=12.4% | Best=14.0%(@3800)
  from x3: 0.11 0.12 0.12 0.13 0.13 0.13 0.13 0.13 0.13 0.12 0.12 0.12 0.12
  per-rule acc: 0.14 0.10
Epoch 3880 | Train: Loss=0.0214 Acc=99.8% | Test: Acc=12.3% | Best=14.0%(@3800)
  from x3: 0.11 0.12 0.12 0.12 0.13 0.13 0.12 0.12 0.12 0.12 0.12 0.12 0.12
  per-rule acc: 0.13 0.11
Epoch 3900 | Train: Loss=0.0134 Acc=99.9% | Test: Acc=12.6% | Best=14.0%(@3800)
  from x3: 0.11 0.13 0.13 0.13 0.13 0.13 0.13 0.13 0.13 0.13 0.13 0.13 0.13
  per-rule acc: 0.14 0.12
Epoch 3920 | Train: Loss=0.0134 Acc=99.9% | Test: Acc=12.7% | Best=14.0%(@3800)
  from x3: 0.11 0.12 0.13 0.13 0.13 0.13 0.13 0.13 0.13 0.13 0.13 0.13 0.13
  per-rule acc: 0.14 0.12
Epoch 3940 | Train: Loss=0.0150 Acc=99.9% | Test: Acc=12.2% | Best=14.0%(@3800)
  from x3: 0.11 0.12 0.12 0.12 0.12 0.12 0.12 0.12 0.12 0.12 0.12 0.12 0.12
  per-rule acc: 0.13 0.11
Epoch 3960 | Train: Loss=0.0211 Acc=99.8% | Test: Acc=13.5% | Best=14.0%(@3800)
  from x3: 0.11 0.13 0.14 0.14 0.14 0.14 0.14 0.14 0.14 0.14 0.14 0.14 0.14
  per-rule acc: 0.14 0.13
Epoch 3980 | Train: Loss=0.0184 Acc=99.9% | Test: Acc=12.4% | Best=14.0%(@3800)
  from x3: 0.11 0.12 0.13 0.13 0.12 0.12 0.12 0.12 0.12 0.12 0.12 0.12 0.12
  per-rule acc: 0.13 0.12
Epoch 4000 | Train: Loss=0.0165 Acc=99.9% | Test: Acc=13.5% | Best=14.0%(@3800)
  from x3: 0.12 0.13 0.13 0.13 0.13 0.13 0.14 0.14 0.14 0.14 0.14 0.14 0.14
  per-rule acc: 0.14 0.13
Epoch 4020 | Train: Loss=0.0166 Acc=99.9% | Test: Acc=13.1% | Best=14.0%(@3800)
  from x3: 0.11 0.13 0.13 0.13 0.13 0.13 0.13 0.13 0.13 0.13 0.13 0.13 0.13
  per-rule acc: 0.14 0.13
Epoch 4040 | Train: Loss=0.0171 Acc=99.8% | Test: Acc=12.3% | Best=14.0%(@3800)
  from x3: 0.12 0.12 0.12 0.12 0.12 0.12 0.12 0.12 0.12 0.12 0.12 0.12 0.12
  per-rule acc: 0.13 0.11
Epoch 4060 | Train: Loss=0.0144 Acc=99.9% | Test: Acc=12.5% | Best=14.0%(@3800)
  from x3: 0.11 0.12 0.13 0.13 0.13 0.13 0.13 0.13 0.13 0.13 0.13 0.13 0.13
  per-rule acc: 0.14 0.11
Epoch 4080 | Train: Loss=0.0188 Acc=99.9% | Test: Acc=12.4% | Best=14.0%(@3800)
  from x3: 0.11 0.12 0.12 0.13 0.13 0.13 0.13 0.13 0.12 0.13 0.12 0.13 0.13
  per-rule acc: 0.13 0.11
Epoch 4100 | Train: Loss=0.0156 Acc=99.9% | Test: Acc=12.3% | Best=14.0%(@3800)
  from x3: 0.11 0.13 0.12 0.13 0.13 0.13 0.12 0.12 0.12 0.12 0.12 0.12 0.13
  per-rule acc: 0.14 0.11
Epoch 4120 | Train: Loss=0.0169 Acc=99.8% | Test: Acc=12.2% | Best=14.0%(@3800)
  from x3: 0.12 0.12 0.12 0.12 0.12 0.12 0.12 0.12 0.12 0.12 0.12 0.12 0.12
  per-rule acc: 0.13 0.11
Epoch 4140 | Train: Loss=0.0200 Acc=99.9% | Test: Acc=12.2% | Best=14.0%(@3800)
  from x3: 0.11 0.13 0.12 0.12 0.12 0.12 0.12 0.12 0.12 0.12 0.12 0.12 0.12
  per-rule acc: 0.14 0.11
Epoch 4160 | Train: Loss=0.0169 Acc=99.9% | Test: Acc=12.2% | Best=14.0%(@3800)
  from x3: 0.11 0.12 0.12 0.12 0.12 0.12 0.12 0.12 0.12 0.12 0.12 0.12 0.12
  per-rule acc: 0.13 0.11
Epoch 4180 | Train: Loss=0.0169 Acc=99.9% | Test: Acc=12.3% | Best=14.0%(@3800)
  from x3: 0.11 0.12 0.12 0.13 0.12 0.12 0.12 0.12 0.12 0.12 0.12 0.13 0.13
  per-rule acc: 0.13 0.11
Epoch 4200 | Train: Loss=0.0205 Acc=99.7% | Test: Acc=13.0% | Best=14.0%(@3800)
  from x3: 0.12 0.13 0.13 0.13 0.13 0.13 0.13 0.13 0.13 0.13 0.13 0.13 0.13
  per-rule acc: 0.13 0.13
Epoch 4220 | Train: Loss=0.0169 Acc=99.9% | Test: Acc=12.3% | Best=14.0%(@3800)
  from x3: 0.11 0.12 0.13 0.13 0.12 0.12 0.12 0.12 0.12 0.12 0.12 0.12 0.12
  per-rule acc: 0.13 0.11
Epoch 4240 | Train: Loss=0.0165 Acc=99.8% | Test: Acc=12.6% | Best=14.0%(@3800)
  from x3: 0.11 0.13 0.13 0.13 0.13 0.13 0.13 0.13 0.13 0.13 0.13 0.13 0.13
  per-rule acc: 0.14 0.11
Epoch 4260 | Train: Loss=0.0146 Acc=99.9% | Test: Acc=13.0% | Best=14.0%(@3800)
  from x3: 0.11 0.13 0.13 0.13 0.13 0.13 0.13 0.13 0.13 0.13 0.13 0.13 0.13
  per-rule acc: 0.13 0.13
Epoch 4280 | Train: Loss=0.0136 Acc=99.9% | Test: Acc=12.6% | Best=14.0%(@3800)
  from x3: 0.12 0.13 0.13 0.13 0.13 0.13 0.13 0.13 0.13 0.13 0.13 0.13 0.13
  per-rule acc: 0.13 0.12
Epoch 4300 | Train: Loss=0.0151 Acc=99.9% | Test: Acc=12.0% | Best=14.0%(@3800)
  from x3: 0.11 0.12 0.12 0.12 0.12 0.12 0.12 0.12 0.12 0.12 0.12 0.12 0.12
  per-rule acc: 0.13 0.12
Epoch 4320 | Train: Loss=0.0139 Acc=99.9% | Test: Acc=13.1% | Best=14.0%(@3800)
  from x3: 0.12 0.13 0.13 0.13 0.13 0.13 0.13 0.13 0.13 0.13 0.13 0.13 0.13
  per-rule acc: 0.14 0.12
Epoch 4340 | Train: Loss=0.0135 Acc=99.9% | Test: Acc=12.8% | Best=14.0%(@3800)
  from x3: 0.12 0.13 0.13 0.13 0.13 0.13 0.13 0.13 0.13 0.13 0.13 0.13 0.13
  per-rule acc: 0.14 0.12
Epoch 4360 | Train: Loss=0.0187 Acc=99.8% | Test: Acc=12.4% | Best=14.0%(@3800)
  from x3: 0.12 0.13 0.13 0.12 0.12 0.12 0.12 0.12 0.12 0.12 0.12 0.12 0.12
  per-rule acc: 0.13 0.11
Epoch 4380 | Train: Loss=0.0174 Acc=99.9% | Test: Acc=11.4% | Best=14.0%(@3800)
  from x3: 0.11 0.12 0.11 0.12 0.12 0.12 0.12 0.12 0.11 0.11 0.11 0.11 0.11
  per-rule acc: 0.12 0.11
Epoch 4400 | Train: Loss=0.0149 Acc=99.9% | Test: Acc=12.9% | Best=14.0%(@3800)
  from x3: 0.12 0.13 0.13 0.13 0.13 0.13 0.13 0.13 0.13 0.13 0.13 0.13 0.13
  per-rule acc: 0.14 0.12
Epoch 4420 | Train: Loss=0.0158 Acc=99.9% | Test: Acc=12.6% | Best=14.0%(@3800)
  from x3: 0.11 0.13 0.13 0.13 0.13 0.13 0.13 0.13 0.13 0.13 0.13 0.13 0.13
  per-rule acc: 0.14 0.12
Epoch 4440 | Train: Loss=0.0164 Acc=99.8% | Test: Acc=12.6% | Best=14.0%(@3800)
  from x3: 0.11 0.13 0.13 0.13 0.13 0.13 0.13 0.13 0.13 0.13 0.13 0.13 0.13
  per-rule acc: 0.13 0.12
Epoch 4460 | Train: Loss=0.0135 Acc=99.9% | Test: Acc=12.8% | Best=14.0%(@3800)
  from x3: 0.11 0.13 0.13 0.13 0.13 0.13 0.13 0.13 0.13 0.13 0.13 0.13 0.13
  per-rule acc: 0.13 0.13
Epoch 4480 | Train: Loss=0.0158 Acc=99.8% | Test: Acc=12.9% | Best=14.0%(@3800)
  from x3: 0.12 0.13 0.13 0.13 0.13 0.13 0.13 0.13 0.13 0.13 0.13 0.13 0.13
  per-rule acc: 0.13 0.13
Epoch 4500 | Train: Loss=0.0159 Acc=99.8% | Test: Acc=12.3% | Best=14.0%(@3800)
  from x3: 0.11 0.12 0.12 0.12 0.12 0.12 0.12 0.12 0.13 0.12 0.12 0.12 0.13
  per-rule acc: 0.13 0.12
Epoch 4520 | Train: Loss=0.0185 Acc=99.8% | Test: Acc=12.8% | Best=14.0%(@3800)
  from x3: 0.12 0.13 0.13 0.13 0.13 0.13 0.13 0.13 0.13 0.13 0.13 0.13 0.13
  per-rule acc: 0.13 0.12
Epoch 4540 | Train: Loss=0.0181 Acc=99.8% | Test: Acc=13.0% | Best=14.0%(@3800)
  from x3: 0.12 0.13 0.13 0.13 0.13 0.13 0.13 0.13 0.13 0.13 0.13 0.13 0.13
  per-rule acc: 0.14 0.12
Epoch 4560 | Train: Loss=0.0116 Acc=99.9% | Test: Acc=12.9% | Best=14.0%(@3800)
  from x3: 0.12 0.12 0.13 0.13 0.13 0.13 0.13 0.13 0.13 0.13 0.13 0.13 0.13
  per-rule acc: 0.13 0.12
Epoch 4580 | Train: Loss=0.0084 Acc=99.9% | Test: Acc=13.4% | Best=14.0%(@3800)
  from x3: 0.12 0.13 0.13 0.14 0.14 0.14 0.14 0.14 0.14 0.14 0.14 0.14 0.14
  per-rule acc: 0.14 0.13
Epoch 4600 | Train: Loss=0.0167 Acc=99.9% | Test: Acc=12.1% | Best=14.0%(@3800)
  from x3: 0.12 0.12 0.12 0.12 0.12 0.12 0.12 0.12 0.12 0.12 0.12 0.12 0.12
  per-rule acc: 0.12 0.12
Epoch 4620 | Train: Loss=0.0122 Acc=99.9% | Test: Acc=13.8% | Best=14.0%(@3800)
  from x3: 0.12 0.14 0.14 0.14 0.14 0.14 0.14 0.14 0.14 0.14 0.14 0.14 0.14
  per-rule acc: 0.15 0.12
Epoch 4640 | Train: Loss=0.0125 Acc=99.9% | Test: Acc=12.6% | Best=14.0%(@3800)
  from x3: 0.11 0.12 0.12 0.13 0.13 0.13 0.13 0.13 0.13 0.13 0.13 0.13 0.13
  per-rule acc: 0.13 0.12
Epoch 4660 | Train: Loss=0.0203 Acc=99.9% | Test: Acc=12.4% | Best=14.0%(@3800)
  from x3: 0.11 0.12 0.13 0.13 0.13 0.13 0.13 0.13 0.13 0.13 0.13 0.13 0.12
  per-rule acc: 0.13 0.12
Epoch 4680 | Train: Loss=0.0135 Acc=99.9% | Test: Acc=13.0% | Best=14.0%(@3800)
  from x3: 0.12 0.13 0.13 0.13 0.13 0.13 0.13 0.13 0.13 0.13 0.13 0.13 0.13
  per-rule acc: 0.14 0.12
Epoch 4700 | Train: Loss=0.0187 Acc=99.9% | Test: Acc=12.4% | Best=14.0%(@3800)
  from x3: 0.11 0.13 0.12 0.13 0.12 0.12 0.13 0.13 0.13 0.13 0.12 0.12 0.12
  per-rule acc: 0.13 0.12
Epoch 4720 | Train: Loss=0.0153 Acc=99.9% | Test: Acc=12.3% | Best=14.0%(@3800)
  from x3: 0.12 0.13 0.12 0.12 0.12 0.12 0.12 0.12 0.12 0.12 0.12 0.12 0.12
  per-rule acc: 0.13 0.11
Epoch 4740 | Train: Loss=0.0115 Acc=99.9% | Test: Acc=13.2% | Best=14.0%(@3800)
  from x3: 0.12 0.13 0.13 0.13 0.13 0.13 0.13 0.13 0.13 0.13 0.13 0.13 0.13
  per-rule acc: 0.13 0.14
Epoch 4760 | Train: Loss=0.0190 Acc=99.9% | Test: Acc=12.6% | Best=14.0%(@3800)
  from x3: 0.11 0.12 0.13 0.13 0.13 0.13 0.13 0.13 0.13 0.13 0.13 0.13 0.13
  per-rule acc: 0.13 0.12
Epoch 4780 | Train: Loss=0.0136 Acc=99.9% | Test: Acc=13.5% | Best=14.0%(@3800)
  from x3: 0.12 0.13 0.14 0.14 0.14 0.14 0.14 0.14 0.14 0.14 0.14 0.14 0.14
  per-rule acc: 0.13 0.14
Epoch 4800 | Train: Loss=0.0193 Acc=99.9% | Test: Acc=12.3% | Best=14.0%(@3800)
  from x3: 0.11 0.12 0.12 0.12 0.12 0.12 0.12 0.12 0.12 0.12 0.12 0.12 0.12
  per-rule acc: 0.12 0.12
Epoch 4820 | Train: Loss=0.0127 Acc=99.9% | Test: Acc=12.9% | Best=14.0%(@3800)
  from x3: 0.11 0.13 0.13 0.13 0.13 0.13 0.13 0.13 0.13 0.13 0.13 0.13 0.13
  per-rule acc: 0.13 0.12
Epoch 4840 | Train: Loss=0.0202 Acc=99.8% | Test: Acc=12.8% | Best=14.0%(@3800)
  from x3: 0.11 0.13 0.13 0.13 0.13 0.13 0.13 0.13 0.13 0.13 0.13 0.13 0.13
  per-rule acc: 0.12 0.13
Epoch 4860 | Train: Loss=0.0149 Acc=99.9% | Test: Acc=12.5% | Best=14.0%(@3800)
  from x3: 0.11 0.12 0.13 0.13 0.13 0.13 0.13 0.13 0.12 0.13 0.13 0.13 0.13
  per-rule acc: 0.13 0.12
Epoch 4880 | Train: Loss=0.0150 Acc=99.9% | Test: Acc=12.7% | Best=14.0%(@3800)
  from x3: 0.11 0.13 0.13 0.13 0.13 0.13 0.13 0.13 0.13 0.13 0.13 0.13 0.13
  per-rule acc: 0.12 0.13
Epoch 4900 | Train: Loss=0.0138 Acc=99.9% | Test: Acc=11.7% | Best=14.0%(@3800)
  from x3: 0.11 0.12 0.12 0.12 0.12 0.12 0.12 0.12 0.12 0.12 0.12 0.12 0.12
  per-rule acc: 0.12 0.11
Epoch 4920 | Train: Loss=0.0131 Acc=99.9% | Test: Acc=12.5% | Best=14.0%(@3800)
  from x3: 0.11 0.13 0.13 0.13 0.13 0.13 0.13 0.13 0.12 0.12 0.12 0.12 0.12
  per-rule acc: 0.12 0.13
Epoch 4940 | Train: Loss=0.0141 Acc=99.9% | Test: Acc=13.2% | Best=14.0%(@3800)
  from x3: 0.12 0.13 0.13 0.13 0.13 0.13 0.13 0.13 0.13 0.13 0.13 0.13 0.13
  per-rule acc: 0.13 0.13
Epoch 4960 | Train: Loss=0.0133 Acc=99.9% | Test: Acc=12.3% | Best=14.0%(@3800)
  from x3: 0.11 0.12 0.13 0.13 0.13 0.13 0.12 0.12 0.12 0.12 0.12 0.12 0.12
  per-rule acc: 0.12 0.13
Epoch 4980 | Train: Loss=0.0136 Acc=99.9% | Test: Acc=12.9% | Best=14.0%(@3800)
  from x3: 0.11 0.13 0.13 0.13 0.13 0.13 0.13 0.13 0.13 0.13 0.13 0.13 0.13
  per-rule acc: 0.13 0.13
Epoch 5000 | Train: Loss=0.0083 Acc=99.9% | Test: Acc=14.3% | Best=14.3%(@5000)
  from x3: 0.13 0.14 0.14 0.14 0.15 0.14 0.14 0.14 0.14 0.14 0.14 0.14 0.14
  per-rule acc: 0.14 0.15
Epoch 5020 | Train: Loss=0.0156 Acc=99.9% | Test: Acc=11.8% | Best=14.3%(@5000)
  from x3: 0.10 0.12 0.12 0.12 0.12 0.12 0.12 0.12 0.12 0.12 0.12 0.12 0.12
  per-rule acc: 0.12 0.12
Epoch 5040 | Train: Loss=0.0188 Acc=99.8% | Test: Acc=12.2% | Best=14.3%(@5000)
  from x3: 0.11 0.12 0.12 0.12 0.12 0.12 0.12 0.12 0.12 0.12 0.12 0.12 0.12
  per-rule acc: 0.12 0.13
Epoch 5060 | Train: Loss=0.0164 Acc=99.9% | Test: Acc=11.6% | Best=14.3%(@5000)
  from x3: 0.10 0.11 0.12 0.12 0.12 0.12 0.12 0.12 0.12 0.12 0.12 0.12 0.12
  per-rule acc: 0.12 0.11
Epoch 5080 | Train: Loss=0.0161 Acc=99.9% | Test: Acc=13.1% | Best=14.3%(@5000)
  from x3: 0.12 0.13 0.13 0.13 0.13 0.13 0.13 0.13 0.13 0.13 0.13 0.13 0.13
  per-rule acc: 0.13 0.13
Epoch 5100 | Train: Loss=0.0198 Acc=99.9% | Test: Acc=13.0% | Best=14.3%(@5000)
  from x3: 0.11 0.13 0.13 0.13 0.13 0.13 0.13 0.13 0.13 0.13 0.13 0.13 0.13
  per-rule acc: 0.13 0.13
Epoch 5120 | Train: Loss=0.0156 Acc=99.9% | Test: Acc=12.7% | Best=14.3%(@5000)
  from x3: 0.11 0.13 0.13 0.13 0.13 0.13 0.13 0.13 0.13 0.13 0.13 0.13 0.13
  per-rule acc: 0.12 0.13
Epoch 5140 | Train: Loss=0.0139 Acc=99.9% | Test: Acc=12.9% | Best=14.3%(@5000)
  from x3: 0.11 0.12 0.13 0.13 0.13 0.13 0.13 0.13 0.13 0.13 0.13 0.13 0.13
  per-rule acc: 0.12 0.14
Epoch 5160 | Train: Loss=0.0167 Acc=99.8% | Test: Acc=12.6% | Best=14.3%(@5000)
  from x3: 0.11 0.13 0.13 0.13 0.13 0.13 0.13 0.13 0.12 0.13 0.13 0.13 0.13
  per-rule acc: 0.12 0.13
Epoch 5180 | Train: Loss=0.0164 Acc=99.9% | Test: Acc=12.7% | Best=14.3%(@5000)
  from x3: 0.11 0.13 0.13 0.13 0.13 0.13 0.13 0.13 0.13 0.13 0.13 0.13 0.13
  per-rule acc: 0.12 0.13
Epoch 5200 | Train: Loss=0.0207 Acc=99.9% | Test: Acc=12.6% | Best=14.3%(@5000)
  from x3: 0.12 0.13 0.13 0.13 0.13 0.13 0.13 0.13 0.13 0.13 0.13 0.13 0.13
  per-rule acc: 0.12 0.13
Epoch 5220 | Train: Loss=0.0118 Acc=99.9% | Test: Acc=12.8% | Best=14.3%(@5000)
  from x3: 0.12 0.13 0.13 0.13 0.13 0.13 0.13 0.13 0.13 0.13 0.13 0.13 0.13
  per-rule acc: 0.13 0.13
Epoch 5240 | Train: Loss=0.0138 Acc=99.9% | Test: Acc=12.2% | Best=14.3%(@5000)
  from x3: 0.11 0.13 0.12 0.12 0.12 0.12 0.12 0.12 0.12 0.12 0.12 0.12 0.12
  per-rule acc: 0.12 0.13
Epoch 5260 | Train: Loss=0.0145 Acc=99.9% | Test: Acc=12.9% | Best=14.3%(@5000)
  from x3: 0.11 0.13 0.13 0.13 0.13 0.13 0.13 0.13 0.13 0.13 0.13 0.13 0.13
  per-rule acc: 0.12 0.14
Epoch 5280 | Train: Loss=0.0140 Acc=99.9% | Test: Acc=13.2% | Best=14.3%(@5000)
  from x3: 0.12 0.13 0.13 0.13 0.13 0.13 0.13 0.13 0.13 0.13 0.13 0.13 0.13
  per-rule acc: 0.12 0.14
Epoch 5300 | Train: Loss=0.0172 Acc=99.9% | Test: Acc=12.1% | Best=14.3%(@5000)
  from x3: 0.11 0.12 0.12 0.12 0.12 0.12 0.12 0.12 0.12 0.12 0.12 0.12 0.12
  per-rule acc: 0.11 0.13
Epoch 5320 | Train: Loss=0.0137 Acc=99.9% | Test: Acc=13.3% | Best=14.3%(@5000)
  from x3: 0.12 0.13 0.13 0.14 0.13 0.13 0.13 0.13 0.14 0.13 0.14 0.14 0.13
  per-rule acc: 0.13 0.14
Epoch 5340 | Train: Loss=0.0148 Acc=99.9% | Test: Acc=12.6% | Best=14.3%(@5000)
  from x3: 0.11 0.13 0.13 0.13 0.13 0.13 0.13 0.13 0.13 0.13 0.13 0.13 0.12
  per-rule acc: 0.12 0.13
Epoch 5360 | Train: Loss=0.0168 Acc=99.8% | Test: Acc=13.3% | Best=14.3%(@5000)
  from x3: 0.12 0.13 0.13 0.13 0.13 0.13 0.13 0.13 0.13 0.14 0.13 0.13 0.13
  per-rule acc: 0.12 0.14
Epoch 5380 | Train: Loss=0.0192 Acc=99.9% | Test: Acc=12.5% | Best=14.3%(@5000)
  from x3: 0.11 0.13 0.12 0.13 0.13 0.13 0.13 0.13 0.13 0.13 0.13 0.13 0.13
  per-rule acc: 0.12 0.13
Epoch 5400 | Train: Loss=0.0183 Acc=99.8% | Test: Acc=12.9% | Best=14.3%(@5000)
  from x3: 0.11 0.13 0.13 0.13 0.13 0.13 0.13 0.13 0.13 0.13 0.13 0.13 0.13
  per-rule acc: 0.13 0.13
Epoch 5420 | Train: Loss=0.0160 Acc=99.9% | Test: Acc=12.5% | Best=14.3%(@5000)
  from x3: 0.12 0.13 0.13 0.13 0.13 0.12 0.12 0.12 0.12 0.12 0.12 0.12 0.12
  per-rule acc: 0.11 0.14
Epoch 5440 | Train: Loss=0.0205 Acc=99.9% | Test: Acc=12.6% | Best=14.3%(@5000)
  from x3: 0.12 0.13 0.13 0.13 0.13 0.13 0.13 0.13 0.13 0.13 0.12 0.13 0.13
  per-rule acc: 0.12 0.13
Epoch 5460 | Train: Loss=0.0182 Acc=99.9% | Test: Acc=12.9% | Best=14.3%(@5000)
  from x3: 0.12 0.13 0.13 0.13 0.13 0.13 0.13 0.13 0.13 0.13 0.13 0.13 0.13
  per-rule acc: 0.12 0.14
Epoch 5480 | Train: Loss=0.0181 Acc=99.8% | Test: Acc=12.3% | Best=14.3%(@5000)
  from x3: 0.11 0.12 0.12 0.12 0.12 0.12 0.12 0.12 0.12 0.12 0.12 0.12 0.12
  per-rule acc: 0.11 0.14
Epoch 5500 | Train: Loss=0.0217 Acc=99.9% | Test: Acc=12.3% | Best=14.3%(@5000)
  from x3: 0.11 0.13 0.12 0.13 0.12 0.12 0.12 0.12 0.12 0.12 0.12 0.12 0.12
  per-rule acc: 0.11 0.13
Epoch 5520 | Train: Loss=0.0130 Acc=99.9% | Test: Acc=13.9% | Best=14.3%(@5000)
  from x3: 0.12 0.14 0.14 0.14 0.14 0.14 0.14 0.14 0.14 0.14 0.14 0.14 0.14
  per-rule acc: 0.13 0.14
Epoch 5540 | Train: Loss=0.0180 Acc=99.9% | Test: Acc=12.8% | Best=14.3%(@5000)
  from x3: 0.11 0.13 0.13 0.13 0.13 0.13 0.13 0.13 0.13 0.13 0.13 0.13 0.13
  per-rule acc: 0.12 0.14
Epoch 5560 | Train: Loss=0.0135 Acc=99.9% | Test: Acc=13.3% | Best=14.3%(@5000)
  from x3: 0.12 0.13 0.13 0.13 0.13 0.13 0.13 0.13 0.13 0.13 0.14 0.14 0.14
  per-rule acc: 0.12 0.15
Epoch 5580 | Train: Loss=0.0161 Acc=99.9% | Test: Acc=13.1% | Best=14.3%(@5000)
  from x3: 0.12 0.13 0.13 0.13 0.13 0.13 0.13 0.13 0.13 0.13 0.13 0.13 0.13
  per-rule acc: 0.12 0.14
Epoch 5600 | Train: Loss=0.0154 Acc=99.8% | Test: Acc=13.4% | Best=14.3%(@5000)
  from x3: 0.12 0.14 0.13 0.13 0.14 0.14 0.14 0.14 0.13 0.13 0.13 0.14 0.13
  per-rule acc: 0.13 0.14
Epoch 5620 | Train: Loss=0.0177 Acc=99.9% | Test: Acc=11.8% | Best=14.3%(@5000)
  from x3: 0.11 0.13 0.12 0.12 0.12 0.12 0.12 0.12 0.12 0.12 0.12 0.12 0.12
  per-rule acc: 0.11 0.13
Epoch 5640 | Train: Loss=0.0174 Acc=99.9% | Test: Acc=13.1% | Best=14.3%(@5000)
  from x3: 0.11 0.13 0.13 0.13 0.13 0.13 0.13 0.13 0.13 0.13 0.13 0.13 0.13
  per-rule acc: 0.13 0.13
Epoch 5660 | Train: Loss=0.0134 Acc=99.9% | Test: Acc=13.4% | Best=14.3%(@5000)
  from x3: 0.12 0.13 0.13 0.14 0.14 0.14 0.13 0.14 0.14 0.14 0.13 0.13 0.13
  per-rule acc: 0.12 0.14
Epoch 5680 | Train: Loss=0.0172 Acc=99.9% | Test: Acc=13.5% | Best=14.3%(@5000)
  from x3: 0.12 0.14 0.13 0.13 0.14 0.14 0.14 0.14 0.14 0.14 0.14 0.14 0.14
  per-rule acc: 0.12 0.15
Epoch 5700 | Train: Loss=0.0164 Acc=99.8% | Test: Acc=12.2% | Best=14.3%(@5000)
  from x3: 0.12 0.12 0.12 0.12 0.12 0.12 0.12 0.12 0.12 0.12 0.12 0.12 0.12
  per-rule acc: 0.10 0.14
Epoch 5720 | Train: Loss=0.0148 Acc=99.9% | Test: Acc=12.7% | Best=14.3%(@5000)
  from x3: 0.12 0.13 0.13 0.13 0.13 0.13 0.13 0.13 0.13 0.13 0.13 0.13 0.13
  per-rule acc: 0.11 0.14
Epoch 5740 | Train: Loss=0.0201 Acc=99.8% | Test: Acc=12.3% | Best=14.3%(@5000)
  from x3: 0.12 0.13 0.13 0.12 0.12 0.12 0.12 0.12 0.12 0.12 0.12 0.12 0.12
  per-rule acc: 0.11 0.14
Epoch 5760 | Train: Loss=0.0204 Acc=99.9% | Test: Acc=13.1% | Best=14.3%(@5000)
  from x3: 0.12 0.13 0.13 0.13 0.13 0.13 0.13 0.13 0.13 0.13 0.13 0.13 0.13
  per-rule acc: 0.12 0.14
Epoch 5780 | Train: Loss=0.0170 Acc=99.9% | Test: Acc=12.9% | Best=14.3%(@5000)
  from x3: 0.12 0.13 0.13 0.13 0.13 0.13 0.13 0.13 0.13 0.13 0.13 0.13 0.13
  per-rule acc: 0.12 0.14
Epoch 5800 | Train: Loss=0.0162 Acc=99.9% | Test: Acc=13.9% | Best=14.3%(@5000)
  from x3: 0.13 0.14 0.14 0.14 0.14 0.14 0.14 0.14 0.14 0.14 0.14 0.14 0.14
  per-rule acc: 0.13 0.15
Epoch 5820 | Train: Loss=0.0169 Acc=99.9% | Test: Acc=13.2% | Best=14.3%(@5000)
  from x3: 0.13 0.13 0.13 0.13 0.13 0.13 0.13 0.13 0.13 0.13 0.13 0.13 0.13
  per-rule acc: 0.11 0.15
Epoch 5840 | Train: Loss=0.0205 Acc=99.9% | Test: Acc=13.9% | Best=14.3%(@5000)
  from x3: 0.13 0.14 0.14 0.14 0.14 0.14 0.14 0.14 0.14 0.14 0.14 0.14 0.14
  per-rule acc: 0.13 0.15
Epoch 5860 | Train: Loss=0.0161 Acc=99.9% | Test: Acc=13.6% | Best=14.3%(@5000)
  from x3: 0.12 0.13 0.14 0.14 0.14 0.14 0.14 0.14 0.14 0.14 0.14 0.14 0.14
  per-rule acc: 0.12 0.15
Epoch 5880 | Train: Loss=0.0164 Acc=99.9% | Test: Acc=13.3% | Best=14.3%(@5000)
  from x3: 0.12 0.14 0.14 0.13 0.13 0.13 0.13 0.13 0.13 0.13 0.13 0.13 0.13
  per-rule acc: 0.12 0.15
Epoch 5900 | Train: Loss=0.0214 Acc=99.8% | Test: Acc=13.6% | Best=14.3%(@5000)
  from x3: 0.13 0.14 0.14 0.14 0.14 0.14 0.14 0.14 0.14 0.14 0.13 0.13 0.14
  per-rule acc: 0.12 0.15
Epoch 5920 | Train: Loss=0.0216 Acc=99.9% | Test: Acc=13.2% | Best=14.3%(@5000)
  from x3: 0.12 0.14 0.13 0.13 0.13 0.13 0.13 0.13 0.13 0.13 0.13 0.13 0.13
  per-rule acc: 0.13 0.14
Epoch 5940 | Train: Loss=0.0194 Acc=99.9% | Test: Acc=13.8% | Best=14.3%(@5000)
  from x3: 0.13 0.14 0.14 0.14 0.14 0.14 0.14 0.14 0.14 0.14 0.14 0.14 0.14
  per-rule acc: 0.12 0.15
Epoch 5960 | Train: Loss=0.0164 Acc=99.9% | Test: Acc=14.4% | Best=14.4%(@5960)
  from x3: 0.14 0.15 0.15 0.14 0.14 0.14 0.14 0.14 0.14 0.14 0.14 0.14 0.14
  per-rule acc: 0.13 0.16
Epoch 5980 | Train: Loss=0.0165 Acc=99.8% | Test: Acc=12.9% | Best=14.4%(@5960)
  from x3: 0.12 0.13 0.13 0.13 0.13 0.13 0.13 0.13 0.13 0.13 0.13 0.13 0.13
  per-rule acc: 0.12 0.14
Epoch 6000 | Train: Loss=0.0166 Acc=99.9% | Test: Acc=13.9% | Best=14.4%(@5960)
  from x3: 0.13 0.14 0.14 0.14 0.14 0.14 0.14 0.14 0.14 0.14 0.14 0.14 0.14
  per-rule acc: 0.12 0.16
Epoch 6020 | Train: Loss=0.0181 Acc=99.9% | Test: Acc=13.9% | Best=14.4%(@5960)
  from x3: 0.12 0.14 0.14 0.14 0.14 0.14 0.14 0.14 0.14 0.14 0.14 0.14 0.14
  per-rule acc: 0.11 0.16
Epoch 6040 | Train: Loss=0.0140 Acc=99.9% | Test: Acc=14.2% | Best=14.4%(@5960)
  from x3: 0.13 0.15 0.14 0.14 0.14 0.14 0.14 0.14 0.14 0.14 0.14 0.14 0.14
  per-rule acc: 0.12 0.16
Epoch 6060 | Train: Loss=0.0185 Acc=99.9% | Test: Acc=13.3% | Best=14.4%(@5960)
  from x3: 0.12 0.14 0.13 0.13 0.13 0.13 0.13 0.13 0.13 0.13 0.13 0.13 0.13
  per-rule acc: 0.12 0.15
Epoch 6080 | Train: Loss=0.0186 Acc=99.9% | Test: Acc=13.6% | Best=14.4%(@5960)
  from x3: 0.13 0.13 0.14 0.14 0.14 0.14 0.14 0.14 0.14 0.14 0.14 0.14 0.14
  per-rule acc: 0.12 0.16
Epoch 6100 | Train: Loss=0.0206 Acc=99.9% | Test: Acc=13.8% | Best=14.4%(@5960)
  from x3: 0.13 0.14 0.14 0.14 0.14 0.14 0.14 0.14 0.14 0.14 0.14 0.14 0.14
  per-rule acc: 0.13 0.15
Epoch 6120 | Train: Loss=0.0133 Acc=99.9% | Test: Acc=14.2% | Best=14.4%(@5960)
  from x3: 0.14 0.15 0.15 0.14 0.14 0.14 0.14 0.14 0.14 0.14 0.14 0.14 0.14
  per-rule acc: 0.12 0.16
Epoch 6140 | Train: Loss=0.0177 Acc=99.9% | Test: Acc=13.8% | Best=14.4%(@5960)
  from x3: 0.13 0.14 0.14 0.14 0.14 0.14 0.14 0.14 0.14 0.14 0.14 0.14 0.14
  per-rule acc: 0.13 0.15
Epoch 6160 | Train: Loss=0.0143 Acc=99.9% | Test: Acc=15.2% | Best=15.2%(@6160)
  from x3: 0.14 0.15 0.15 0.15 0.15 0.15 0.15 0.15 0.15 0.15 0.15 0.15 0.15
  per-rule acc: 0.13 0.17
Epoch 6180 | Train: Loss=0.0240 Acc=99.9% | Test: Acc=12.9% | Best=15.2%(@6160)
  from x3: 0.12 0.13 0.13 0.13 0.13 0.13 0.13 0.13 0.13 0.13 0.13 0.13 0.13
  per-rule acc: 0.12 0.14
Epoch 6200 | Train: Loss=0.0140 Acc=99.9% | Test: Acc=14.5% | Best=15.2%(@6160)
  from x3: 0.14 0.15 0.15 0.15 0.15 0.15 0.15 0.14 0.14 0.14 0.14 0.14 0.14
  per-rule acc: 0.13 0.16
Epoch 6220 | Train: Loss=0.0145 Acc=99.9% | Test: Acc=14.6% | Best=15.2%(@6160)
  from x3: 0.14 0.15 0.15 0.15 0.15 0.15 0.15 0.15 0.15 0.15 0.14 0.14 0.14
  per-rule acc: 0.12 0.17
Epoch 6240 | Train: Loss=0.0112 Acc=99.9% | Test: Acc=15.4% | Best=15.4%(@6240)
  from x3: 0.15 0.16 0.15 0.16 0.15 0.15 0.15 0.15 0.15 0.15 0.15 0.15 0.15
  per-rule acc: 0.13 0.18
Epoch 6260 | Train: Loss=0.0201 Acc=99.9% | Test: Acc=13.5% | Best=15.4%(@6240)
  from x3: 0.13 0.14 0.14 0.14 0.14 0.14 0.14 0.13 0.14 0.13 0.13 0.13 0.13
  per-rule acc: 0.13 0.14
Epoch 6280 | Train: Loss=0.0136 Acc=99.9% | Test: Acc=14.1% | Best=15.4%(@6240)
  from x3: 0.14 0.14 0.14 0.14 0.14 0.14 0.14 0.14 0.14 0.14 0.14 0.14 0.14
  per-rule acc: 0.12 0.16
Epoch 6300 | Train: Loss=0.0139 Acc=99.9% | Test: Acc=14.8% | Best=15.4%(@6240)
  from x3: 0.14 0.15 0.15 0.15 0.15 0.15 0.15 0.15 0.15 0.15 0.15 0.15 0.15
  per-rule acc: 0.13 0.17
Epoch 6320 | Train: Loss=0.0166 Acc=99.9% | Test: Acc=14.6% | Best=15.4%(@6240)
  from x3: 0.13 0.15 0.15 0.15 0.15 0.15 0.15 0.15 0.15 0.14 0.15 0.15 0.15
  per-rule acc: 0.13 0.17
Epoch 6340 | Train: Loss=0.0166 Acc=99.9% | Test: Acc=13.7% | Best=15.4%(@6240)
  from x3: 0.14 0.14 0.14 0.14 0.14 0.14 0.14 0.14 0.14 0.14 0.13 0.14 0.14
  per-rule acc: 0.11 0.16
Epoch 6360 | Train: Loss=0.0181 Acc=99.9% | Test: Acc=15.2% | Best=15.4%(@6240)
  from x3: 0.14 0.15 0.15 0.15 0.15 0.15 0.15 0.15 0.15 0.15 0.15 0.15 0.15
  per-rule acc: 0.14 0.17
Epoch 6380 | Train: Loss=0.0145 Acc=99.9% | Test: Acc=14.8% | Best=15.4%(@6240)
  from x3: 0.14 0.15 0.15 0.15 0.15 0.15 0.15 0.15 0.15 0.15 0.15 0.15 0.15
  per-rule acc: 0.13 0.17
Epoch 6400 | Train: Loss=0.0123 Acc=99.9% | Test: Acc=15.5% | Best=15.5%(@6400)
  from x3: 0.15 0.16 0.16 0.16 0.16 0.16 0.16 0.16 0.16 0.15 0.15 0.15 0.16
  per-rule acc: 0.13 0.18
Epoch 6420 | Train: Loss=0.0177 Acc=99.9% | Test: Acc=15.3% | Best=15.5%(@6400)
  from x3: 0.14 0.16 0.15 0.15 0.15 0.15 0.15 0.15 0.15 0.15 0.15 0.15 0.15
  per-rule acc: 0.14 0.17
Epoch 6440 | Train: Loss=0.0157 Acc=99.9% | Test: Acc=14.8% | Best=15.5%(@6400)
  from x3: 0.14 0.15 0.15 0.15 0.15 0.15 0.15 0.15 0.15 0.15 0.15 0.15 0.14
  per-rule acc: 0.13 0.16
Epoch 6460 | Train: Loss=0.0149 Acc=99.9% | Test: Acc=15.4% | Best=15.5%(@6400)
  from x3: 0.14 0.16 0.16 0.16 0.16 0.16 0.16 0.15 0.15 0.15 0.15 0.15 0.15
  per-rule acc: 0.13 0.18
Epoch 6480 | Train: Loss=0.0171 Acc=99.9% | Test: Acc=15.7% | Best=15.7%(@6480)
  from x3: 0.15 0.16 0.16 0.16 0.16 0.16 0.16 0.16 0.16 0.16 0.16 0.16 0.16
  per-rule acc: 0.14 0.18
Epoch 6500 | Train: Loss=0.0146 Acc=99.9% | Test: Acc=15.1% | Best=15.7%(@6480)
  from x3: 0.15 0.15 0.15 0.15 0.15 0.15 0.15 0.15 0.15 0.15 0.15 0.15 0.15
  per-rule acc: 0.13 0.17
Epoch 6520 | Train: Loss=0.0159 Acc=99.9% | Test: Acc=16.4% | Best=16.4%(@6520)
  from x3: 0.15 0.16 0.16 0.17 0.17 0.17 0.17 0.17 0.17 0.17 0.17 0.17 0.17
  per-rule acc: 0.14 0.19
Epoch 6540 | Train: Loss=0.0157 Acc=99.9% | Test: Acc=15.7% | Best=16.4%(@6520)
  from x3: 0.15 0.16 0.16 0.16 0.16 0.16 0.16 0.16 0.16 0.16 0.16 0.16 0.15
  per-rule acc: 0.14 0.17
Epoch 6560 | Train: Loss=0.0156 Acc=99.9% | Test: Acc=15.5% | Best=16.4%(@6520)
  from x3: 0.14 0.16 0.16 0.16 0.16 0.16 0.16 0.16 0.16 0.16 0.16 0.15 0.15
  per-rule acc: 0.13 0.18
Epoch 6580 | Train: Loss=0.0128 Acc=99.9% | Test: Acc=16.7% | Best=16.7%(@6580)
  from x3: 0.16 0.17 0.17 0.17 0.17 0.17 0.17 0.17 0.17 0.17 0.17 0.16 0.16
  per-rule acc: 0.14 0.19
Epoch 6600 | Train: Loss=0.0124 Acc=99.9% | Test: Acc=16.5% | Best=16.7%(@6580)
  from x3: 0.16 0.17 0.17 0.17 0.17 0.17 0.17 0.16 0.16 0.16 0.16 0.16 0.16
  per-rule acc: 0.14 0.19
Epoch 6620 | Train: Loss=0.0196 Acc=99.8% | Test: Acc=15.9% | Best=16.7%(@6580)
  from x3: 0.15 0.16 0.16 0.16 0.16 0.16 0.16 0.16 0.16 0.16 0.16 0.16 0.16
  per-rule acc: 0.14 0.18
Epoch 6640 | Train: Loss=0.0197 Acc=99.9% | Test: Acc=16.0% | Best=16.7%(@6580)
  from x3: 0.15 0.16 0.16 0.16 0.16 0.16 0.16 0.16 0.16 0.16 0.16 0.16 0.16
  per-rule acc: 0.14 0.18
Epoch 6660 | Train: Loss=0.0144 Acc=99.9% | Test: Acc=16.4% | Best=16.7%(@6580)
  from x3: 0.16 0.17 0.17 0.16 0.17 0.16 0.16 0.16 0.16 0.16 0.16 0.16 0.16
  per-rule acc: 0.14 0.19
Epoch 6680 | Train: Loss=0.0156 Acc=99.9% | Test: Acc=16.4% | Best=16.7%(@6580)
  from x3: 0.16 0.17 0.17 0.16 0.16 0.16 0.16 0.16 0.16 0.16 0.16 0.16 0.16
  per-rule acc: 0.14 0.19
Epoch 6700 | Train: Loss=0.0148 Acc=99.9% | Test: Acc=16.4% | Best=16.7%(@6580)
  from x3: 0.16 0.16 0.17 0.16 0.17 0.16 0.16 0.16 0.17 0.16 0.16 0.16 0.16
  per-rule acc: 0.14 0.18
Epoch 6720 | Train: Loss=0.0146 Acc=99.9% | Test: Acc=17.1% | Best=17.1%(@6720)
  from x3: 0.16 0.17 0.18 0.18 0.17 0.17 0.17 0.17 0.17 0.17 0.17 0.17 0.17
  per-rule acc: 0.14 0.20
Epoch 6740 | Train: Loss=0.0137 Acc=99.9% | Test: Acc=15.6% | Best=17.1%(@6720)
  from x3: 0.15 0.16 0.16 0.16 0.16 0.16 0.16 0.16 0.16 0.16 0.16 0.16 0.16
  per-rule acc: 0.14 0.18
Epoch 6760 | Train: Loss=0.0156 Acc=99.9% | Test: Acc=17.2% | Best=17.2%(@6760)
  from x3: 0.16 0.17 0.17 0.18 0.17 0.17 0.17 0.17 0.17 0.17 0.17 0.17 0.17
  per-rule acc: 0.14 0.20
Epoch 6780 | Train: Loss=0.0141 Acc=99.9% | Test: Acc=17.0% | Best=17.2%(@6760)
  from x3: 0.16 0.18 0.17 0.17 0.17 0.17 0.17 0.17 0.17 0.17 0.17 0.17 0.17
  per-rule acc: 0.14 0.20
Epoch 6800 | Train: Loss=0.0153 Acc=99.9% | Test: Acc=16.2% | Best=17.2%(@6760)
  from x3: 0.16 0.17 0.16 0.16 0.16 0.16 0.16 0.16 0.16 0.16 0.16 0.16 0.16
  per-rule acc: 0.15 0.18
Epoch 6820 | Train: Loss=0.0185 Acc=99.8% | Test: Acc=16.6% | Best=17.2%(@6760)
  from x3: 0.16 0.17 0.17 0.17 0.17 0.17 0.17 0.17 0.17 0.17 0.17 0.16 0.16
  per-rule acc: 0.14 0.19
Epoch 6840 | Train: Loss=0.0064 Acc=99.9% | Test: Acc=19.4% | Best=19.4%(@6840)
  from x3: 0.18 0.20 0.20 0.20 0.20 0.20 0.19 0.19 0.19 0.19 0.19 0.19 0.19
  per-rule acc: 0.15 0.24
Epoch 6860 | Train: Loss=0.0241 Acc=99.9% | Test: Acc=16.0% | Best=19.4%(@6840)
  from x3: 0.15 0.16 0.16 0.16 0.16 0.16 0.16 0.16 0.16 0.16 0.16 0.16 0.16
  per-rule acc: 0.14 0.18
Epoch 6880 | Train: Loss=0.0140 Acc=99.9% | Test: Acc=16.5% | Best=19.4%(@6840)
  from x3: 0.17 0.17 0.17 0.16 0.16 0.17 0.17 0.16 0.16 0.16 0.16 0.16 0.16
  per-rule acc: 0.14 0.19
Epoch 6900 | Train: Loss=0.0109 Acc=99.9% | Test: Acc=17.8% | Best=19.4%(@6840)
  from x3: 0.17 0.18 0.18 0.18 0.18 0.18 0.18 0.18 0.18 0.18 0.18 0.18 0.17
  per-rule acc: 0.15 0.21
Epoch 6920 | Train: Loss=0.0148 Acc=99.9% | Test: Acc=17.4% | Best=19.4%(@6840)
  from x3: 0.17 0.18 0.18 0.18 0.18 0.17 0.17 0.17 0.17 0.18 0.17 0.17 0.17
  per-rule acc: 0.16 0.19
Epoch 6940 | Train: Loss=0.0064 Acc=99.9% | Test: Acc=19.7% | Best=19.7%(@6940)
  from x3: 0.19 0.20 0.20 0.20 0.20 0.20 0.20 0.20 0.20 0.20 0.20 0.20 0.20
  per-rule acc: 0.16 0.24
Epoch 6960 | Train: Loss=0.0162 Acc=99.9% | Test: Acc=16.7% | Best=19.7%(@6940)
  from x3: 0.15 0.17 0.17 0.17 0.17 0.17 0.17 0.17 0.17 0.17 0.17 0.17 0.17
  per-rule acc: 0.15 0.19
Epoch 6980 | Train: Loss=0.0151 Acc=99.9% | Test: Acc=18.1% | Best=19.7%(@6940)
  from x3: 0.16 0.18 0.18 0.19 0.19 0.19 0.18 0.18 0.18 0.18 0.18 0.18 0.18
  per-rule acc: 0.15 0.21
Epoch 7000 | Train: Loss=0.0141 Acc=99.9% | Test: Acc=17.3% | Best=19.7%(@6940)
  from x3: 0.17 0.17 0.17 0.18 0.18 0.17 0.17 0.17 0.17 0.17 0.17 0.17 0.17
  per-rule acc: 0.15 0.20
Epoch 7020 | Train: Loss=0.0109 Acc=99.9% | Test: Acc=18.2% | Best=19.7%(@6940)
  from x3: 0.17 0.18 0.18 0.18 0.18 0.18 0.18 0.18 0.18 0.18 0.18 0.18 0.18
  per-rule acc: 0.15 0.21
Epoch 7040 | Train: Loss=0.0097 Acc=99.9% | Test: Acc=18.8% | Best=19.7%(@6940)
  from x3: 0.17 0.19 0.19 0.19 0.19 0.19 0.19 0.19 0.19 0.19 0.19 0.19 0.19
  per-rule acc: 0.16 0.21
Epoch 7060 | Train: Loss=0.0086 Acc=99.9% | Test: Acc=20.1% | Best=20.1%(@7060)
  from x3: 0.19 0.20 0.20 0.20 0.20 0.20 0.20 0.20 0.20 0.20 0.20 0.20 0.20
  per-rule acc: 0.17 0.24
Epoch 7080 | Train: Loss=0.0166 Acc=99.9% | Test: Acc=18.0% | Best=20.1%(@7060)
  from x3: 0.16 0.19 0.18 0.18 0.18 0.18 0.18 0.18 0.18 0.18 0.18 0.18 0.18
  per-rule acc: 0.16 0.20
Epoch 7100 | Train: Loss=0.0103 Acc=99.9% | Test: Acc=19.2% | Best=20.1%(@7060)
  from x3: 0.18 0.19 0.19 0.19 0.19 0.19 0.19 0.19 0.19 0.19 0.19 0.19 0.19
  per-rule acc: 0.16 0.22
Epoch 7120 | Train: Loss=0.0099 Acc=99.9% | Test: Acc=19.0% | Best=20.1%(@7060)
  from x3: 0.17 0.20 0.19 0.19 0.19 0.19 0.19 0.19 0.19 0.19 0.19 0.19 0.19
  per-rule acc: 0.15 0.23
Epoch 7140 | Train: Loss=0.0123 Acc=99.9% | Test: Acc=18.2% | Best=20.1%(@7060)
  from x3: 0.18 0.19 0.18 0.18 0.18 0.18 0.18 0.18 0.18 0.18 0.18 0.18 0.18
  per-rule acc: 0.15 0.21
Epoch 7160 | Train: Loss=0.0068 Acc=99.9% | Test: Acc=20.4% | Best=20.4%(@7160)
  from x3: 0.19 0.21 0.21 0.21 0.21 0.21 0.21 0.21 0.20 0.20 0.20 0.20 0.20
  per-rule acc: 0.17 0.24
Epoch 7180 | Train: Loss=0.0138 Acc=99.9% | Test: Acc=16.4% | Best=20.4%(@7160)
  from x3: 0.15 0.17 0.17 0.17 0.16 0.16 0.16 0.16 0.16 0.16 0.16 0.16 0.16
  per-rule acc: 0.14 0.19
Epoch 7200 | Train: Loss=0.0117 Acc=99.9% | Test: Acc=17.3% | Best=20.4%(@7160)
  from x3: 0.16 0.18 0.18 0.18 0.18 0.17 0.17 0.17 0.17 0.17 0.17 0.17 0.17
  per-rule acc: 0.14 0.20
Epoch 7220 | Train: Loss=0.0098 Acc=99.9% | Test: Acc=19.5% | Best=20.4%(@7160)
  from x3: 0.18 0.20 0.20 0.20 0.20 0.20 0.20 0.20 0.20 0.20 0.20 0.19 0.20
  per-rule acc: 0.17 0.22
Epoch 7240 | Train: Loss=0.0059 Acc=99.9% | Test: Acc=20.7% | Best=20.7%(@7240)
  from x3: 0.19 0.21 0.21 0.21 0.21 0.21 0.21 0.21 0.21 0.21 0.21 0.21 0.21
  per-rule acc: 0.16 0.25
Epoch 7260 | Train: Loss=0.0121 Acc=99.9% | Test: Acc=18.2% | Best=20.7%(@7240)
  from x3: 0.16 0.19 0.19 0.18 0.18 0.18 0.18 0.18 0.18 0.18 0.18 0.18 0.18
  per-rule acc: 0.16 0.20
Epoch 7280 | Train: Loss=0.0116 Acc=99.9% | Test: Acc=18.7% | Best=20.7%(@7240)
  from x3: 0.18 0.19 0.19 0.19 0.19 0.19 0.19 0.19 0.19 0.19 0.19 0.19 0.19
  per-rule acc: 0.17 0.21
Epoch 7300 | Train: Loss=0.0104 Acc=99.9% | Test: Acc=19.2% | Best=20.7%(@7240)
  from x3: 0.17 0.19 0.19 0.19 0.20 0.20 0.19 0.19 0.19 0.19 0.19 0.19 0.19
  per-rule acc: 0.16 0.22
Epoch 7320 | Train: Loss=0.0109 Acc=99.9% | Test: Acc=18.9% | Best=20.7%(@7240)
  from x3: 0.18 0.19 0.19 0.19 0.19 0.19 0.19 0.19 0.19 0.19 0.19 0.19 0.19
  per-rule acc: 0.16 0.22
Epoch 7340 | Train: Loss=0.0071 Acc=99.9% | Test: Acc=20.8% | Best=20.8%(@7340)
  from x3: 0.19 0.21 0.21 0.21 0.21 0.21 0.21 0.21 0.21 0.21 0.21 0.21 0.21
  per-rule acc: 0.17 0.24
Epoch 7360 | Train: Loss=0.0098 Acc=99.9% | Test: Acc=19.4% | Best=20.8%(@7340)
  from x3: 0.18 0.20 0.20 0.20 0.20 0.19 0.19 0.19 0.19 0.19 0.19 0.19 0.19
  per-rule acc: 0.17 0.22
Epoch 7380 | Train: Loss=0.0060 Acc=99.9% | Test: Acc=21.7% | Best=21.7%(@7380)
  from x3: 0.21 0.22 0.22 0.22 0.22 0.22 0.22 0.22 0.22 0.22 0.22 0.22 0.21
  per-rule acc: 0.18 0.26
Epoch 7400 | Train: Loss=0.0053 Acc=99.9% | Test: Acc=21.5% | Best=21.7%(@7380)
  from x3: 0.20 0.22 0.22 0.22 0.22 0.21 0.21 0.22 0.22 0.22 0.22 0.21 0.21
  per-rule acc: 0.17 0.26
Epoch 7420 | Train: Loss=0.0152 Acc=99.9% | Test: Acc=18.3% | Best=21.7%(@7380)
  from x3: 0.17 0.19 0.18 0.19 0.19 0.19 0.19 0.18 0.18 0.18 0.18 0.18 0.18
  per-rule acc: 0.15 0.21
Epoch 7440 | Train: Loss=0.0148 Acc=99.9% | Test: Acc=17.8% | Best=21.7%(@7380)
  from x3: 0.16 0.18 0.18 0.18 0.18 0.18 0.18 0.18 0.18 0.18 0.18 0.18 0.18
  per-rule acc: 0.16 0.20
Epoch 7460 | Train: Loss=0.0060 Acc=99.9% | Test: Acc=22.0% | Best=22.0%(@7460)
  from x3: 0.20 0.23 0.22 0.22 0.22 0.22 0.22 0.22 0.22 0.22 0.22 0.22 0.22
  per-rule acc: 0.18 0.26
Epoch 7480 | Train: Loss=0.0104 Acc=99.9% | Test: Acc=18.8% | Best=22.0%(@7460)
  from x3: 0.18 0.19 0.19 0.19 0.19 0.19 0.19 0.19 0.19 0.19 0.19 0.19 0.19
  per-rule acc: 0.17 0.21
Epoch 7500 | Train: Loss=0.0075 Acc=99.9% | Test: Acc=20.7% | Best=22.0%(@7460)
  from x3: 0.20 0.21 0.21 0.21 0.21 0.21 0.21 0.21 0.21 0.21 0.21 0.20 0.21
  per-rule acc: 0.17 0.24
Epoch 7520 | Train: Loss=0.0078 Acc=99.9% | Test: Acc=20.8% | Best=22.0%(@7460)
  from x3: 0.19 0.21 0.21 0.21 0.21 0.21 0.21 0.21 0.21 0.21 0.21 0.21 0.21
  per-rule acc: 0.18 0.24
Epoch 7540 | Train: Loss=0.0062 Acc=99.9% | Test: Acc=21.9% | Best=22.0%(@7460)
  from x3: 0.21 0.22 0.22 0.22 0.22 0.22 0.22 0.22 0.22 0.22 0.22 0.22 0.22
  per-rule acc: 0.18 0.26
Epoch 7560 | Train: Loss=0.0093 Acc=99.9% | Test: Acc=19.7% | Best=22.0%(@7460)
  from x3: 0.18 0.21 0.20 0.20 0.20 0.20 0.20 0.20 0.20 0.20 0.20 0.20 0.19
  per-rule acc: 0.17 0.23
Epoch 7580 | Train: Loss=0.0144 Acc=99.9% | Test: Acc=18.5% | Best=22.0%(@7460)
  from x3: 0.17 0.19 0.19 0.19 0.19 0.19 0.19 0.19 0.19 0.18 0.18 0.18 0.18
  per-rule acc: 0.16 0.21
Epoch 7600 | Train: Loss=0.0056 Acc=99.9% | Test: Acc=22.1% | Best=22.1%(@7600)
  from x3: 0.20 0.23 0.22 0.22 0.23 0.22 0.22 0.22 0.22 0.22 0.22 0.22 0.22
  per-rule acc: 0.18 0.26
Epoch 7620 | Train: Loss=0.0060 Acc=99.9% | Test: Acc=21.7% | Best=22.1%(@7600)
  from x3: 0.20 0.22 0.22 0.22 0.22 0.22 0.22 0.22 0.22 0.22 0.22 0.22 0.22
  per-rule acc: 0.18 0.26
Epoch 7640 | Train: Loss=0.0106 Acc=99.9% | Test: Acc=19.2% | Best=22.1%(@7600)
  from x3: 0.18 0.20 0.20 0.19 0.19 0.19 0.19 0.19 0.19 0.19 0.19 0.19 0.19
  per-rule acc: 0.17 0.21
Epoch 7660 | Train: Loss=0.0078 Acc=99.9% | Test: Acc=19.8% | Best=22.1%(@7600)
  from x3: 0.19 0.21 0.20 0.20 0.20 0.20 0.20 0.20 0.20 0.20 0.20 0.20 0.19
  per-rule acc: 0.17 0.23
Epoch 7680 | Train: Loss=0.0055 Acc=99.9% | Test: Acc=22.7% | Best=22.7%(@7680)
  from x3: 0.21 0.23 0.23 0.23 0.23 0.23 0.23 0.23 0.23 0.23 0.23 0.23 0.23
  per-rule acc: 0.19 0.26
Epoch 7700 | Train: Loss=0.0049 Acc=99.9% | Test: Acc=23.0% | Best=23.0%(@7700)
  from x3: 0.21 0.23 0.23 0.23 0.23 0.23 0.23 0.23 0.23 0.23 0.23 0.23 0.23
  per-rule acc: 0.19 0.27
Epoch 7720 | Train: Loss=0.0125 Acc=99.9% | Test: Acc=19.8% | Best=23.0%(@7700)
  from x3: 0.18 0.21 0.20 0.20 0.20 0.20 0.20 0.20 0.20 0.20 0.20 0.20 0.19
  per-rule acc: 0.17 0.23
Epoch 7740 | Train: Loss=0.0076 Acc=99.9% | Test: Acc=20.0% | Best=23.0%(@7700)
  from x3: 0.19 0.21 0.20 0.20 0.20 0.20 0.20 0.20 0.20 0.20 0.20 0.20 0.20
  per-rule acc: 0.17 0.23
Epoch 7760 | Train: Loss=0.0049 Acc=99.9% | Test: Acc=23.0% | Best=23.0%(@7700)
  from x3: 0.21 0.24 0.24 0.23 0.23 0.23 0.23 0.23 0.23 0.23 0.23 0.23 0.23
  per-rule acc: 0.19 0.27
Epoch 7780 | Train: Loss=0.0094 Acc=100.0% | Test: Acc=21.6% | Best=23.0%(@7700)
  from x3: 0.19 0.22 0.22 0.22 0.22 0.22 0.22 0.22 0.22 0.22 0.22 0.22 0.22
  per-rule acc: 0.18 0.25
Epoch 7800 | Train: Loss=0.0104 Acc=99.9% | Test: Acc=18.6% | Best=23.0%(@7700)
  from x3: 0.17 0.19 0.19 0.18 0.19 0.19 0.19 0.19 0.19 0.19 0.19 0.19 0.19
  per-rule acc: 0.16 0.21
Epoch 7820 | Train: Loss=0.0053 Acc=99.9% | Test: Acc=22.9% | Best=23.0%(@7700)
  from x3: 0.21 0.23 0.23 0.23 0.23 0.23 0.23 0.23 0.23 0.23 0.23 0.23 0.23
  per-rule acc: 0.19 0.27
Epoch 7840 | Train: Loss=0.0047 Acc=99.9% | Test: Acc=23.1% | Best=23.1%(@7840)
  from x3: 0.21 0.23 0.23 0.24 0.24 0.23 0.23 0.23 0.23 0.23 0.23 0.23 0.23
  per-rule acc: 0.19 0.27
Epoch 7860 | Train: Loss=0.0043 Acc=99.9% | Test: Acc=23.3% | Best=23.3%(@7860)
  from x3: 0.21 0.23 0.24 0.24 0.24 0.24 0.24 0.24 0.24 0.24 0.23 0.23 0.23
  per-rule acc: 0.19 0.28
Epoch 7880 | Train: Loss=0.0135 Acc=99.9% | Test: Acc=19.9% | Best=23.3%(@7860)
  from x3: 0.18 0.20 0.20 0.20 0.20 0.20 0.20 0.20 0.20 0.20 0.20 0.20 0.20
  per-rule acc: 0.17 0.23
Epoch 7900 | Train: Loss=0.0113 Acc=99.9% | Test: Acc=18.5% | Best=23.3%(@7860)
  from x3: 0.17 0.19 0.19 0.19 0.19 0.19 0.19 0.19 0.19 0.19 0.18 0.18 0.18
  per-rule acc: 0.16 0.21
Epoch 7920 | Train: Loss=0.0057 Acc=99.9% | Test: Acc=22.0% | Best=23.3%(@7860)
  from x3: 0.19 0.22 0.22 0.22 0.23 0.22 0.22 0.22 0.22 0.22 0.22 0.22 0.22
  per-rule acc: 0.19 0.25
Epoch 7940 | Train: Loss=0.0077 Acc=99.9% | Test: Acc=20.4% | Best=23.3%(@7860)
  from x3: 0.19 0.21 0.21 0.21 0.21 0.21 0.21 0.20 0.20 0.20 0.20 0.20 0.20
  per-rule acc: 0.17 0.24
Epoch 7960 | Train: Loss=0.0048 Acc=99.9% | Test: Acc=22.6% | Best=23.3%(@7860)
  from x3: 0.20 0.23 0.23 0.23 0.23 0.23 0.23 0.23 0.23 0.23 0.23 0.23 0.23
  per-rule acc: 0.19 0.26
Epoch 7980 | Train: Loss=0.0043 Acc=99.9% | Test: Acc=23.4% | Best=23.4%(@7980)
  from x3: 0.21 0.24 0.23 0.24 0.24 0.24 0.24 0.24 0.24 0.24 0.24 0.24 0.23
  per-rule acc: 0.19 0.28
Epoch 8000 | Train: Loss=0.0041 Acc=99.9% | Test: Acc=23.3% | Best=23.4%(@7980)
  from x3: 0.21 0.24 0.24 0.24 0.24 0.24 0.24 0.23 0.23 0.23 0.23 0.23 0.23
  per-rule acc: 0.19 0.28
Epoch 8020 | Train: Loss=0.0159 Acc=99.9% | Test: Acc=19.8% | Best=23.4%(@7980)
  from x3: 0.18 0.20 0.20 0.20 0.20 0.20 0.20 0.20 0.20 0.20 0.20 0.20 0.20
  per-rule acc: 0.16 0.23
Epoch 8040 | Train: Loss=0.0074 Acc=99.9% | Test: Acc=19.6% | Best=23.4%(@7980)
  from x3: 0.18 0.20 0.20 0.20 0.20 0.20 0.20 0.20 0.20 0.20 0.20 0.19 0.19
  per-rule acc: 0.17 0.22
Epoch 8060 | Train: Loss=0.0042 Acc=99.9% | Test: Acc=23.3% | Best=23.4%(@7980)
  from x3: 0.21 0.23 0.24 0.24 0.24 0.24 0.24 0.24 0.24 0.24 0.24 0.23 0.23
  per-rule acc: 0.19 0.27
Epoch 8080 | Train: Loss=0.0039 Acc=99.9% | Test: Acc=23.6% | Best=23.6%(@8080)
  from x3: 0.21 0.24 0.24 0.24 0.24 0.24 0.24 0.24 0.24 0.24 0.24 0.24 0.24
  per-rule acc: 0.19 0.28
Epoch 8100 | Train: Loss=0.0096 Acc=99.9% | Test: Acc=19.3% | Best=23.6%(@8080)
  from x3: 0.17 0.20 0.20 0.20 0.20 0.20 0.19 0.19 0.19 0.19 0.19 0.19 0.19
  per-rule acc: 0.17 0.22
Epoch 8120 | Train: Loss=0.0042 Acc=99.9% | Test: Acc=22.9% | Best=23.6%(@8080)
  from x3: 0.21 0.23 0.23 0.23 0.23 0.23 0.23 0.23 0.23 0.23 0.23 0.23 0.23
  per-rule acc: 0.19 0.27
Epoch 8140 | Train: Loss=0.0063 Acc=99.9% | Test: Acc=21.1% | Best=23.6%(@8080)
  from x3: 0.19 0.22 0.22 0.22 0.21 0.21 0.21 0.21 0.21 0.21 0.21 0.21 0.21
  per-rule acc: 0.18 0.25
Epoch 8160 | Train: Loss=0.0041 Acc=99.9% | Test: Acc=23.4% | Best=23.6%(@8080)
  from x3: 0.21 0.24 0.24 0.24 0.24 0.24 0.24 0.24 0.24 0.24 0.24 0.23 0.24
  per-rule acc: 0.19 0.27
Epoch 8180 | Train: Loss=0.0039 Acc=99.9% | Test: Acc=24.0% | Best=24.0%(@8180)
  from x3: 0.21 0.24 0.24 0.24 0.24 0.24 0.24 0.24 0.24 0.24 0.24 0.24 0.24
  per-rule acc: 0.19 0.29
Epoch 8200 | Train: Loss=0.0037 Acc=99.9% | Test: Acc=24.0% | Best=24.0%(@8200)
  from x3: 0.21 0.24 0.24 0.24 0.24 0.24 0.24 0.24 0.24 0.24 0.24 0.24 0.24
  per-rule acc: 0.19 0.29
Epoch 8220 | Train: Loss=0.0076 Acc=100.0% | Test: Acc=20.1% | Best=24.0%(@8200)
  from x3: 0.19 0.20 0.20 0.20 0.20 0.20 0.20 0.20 0.20 0.20 0.20 0.20 0.20
  per-rule acc: 0.17 0.23
Epoch 8240 | Train: Loss=0.0040 Acc=99.9% | Test: Acc=23.6% | Best=24.0%(@8200)
  from x3: 0.21 0.24 0.24 0.24 0.24 0.24 0.24 0.24 0.24 0.24 0.24 0.24 0.23
  per-rule acc: 0.20 0.28
Epoch 8260 | Train: Loss=0.0038 Acc=99.9% | Test: Acc=23.9% | Best=24.0%(@8200)
  from x3: 0.21 0.25 0.24 0.24 0.24 0.24 0.24 0.24 0.24 0.24 0.24 0.24 0.24
  per-rule acc: 0.20 0.28
Epoch 8280 | Train: Loss=0.0090 Acc=99.9% | Test: Acc=21.0% | Best=24.0%(@8200)
  from x3: 0.19 0.21 0.21 0.21 0.21 0.21 0.21 0.21 0.21 0.21 0.21 0.21 0.21
  per-rule acc: 0.18 0.24
Epoch 8300 | Train: Loss=0.0038 Acc=99.9% | Test: Acc=23.7% | Best=24.0%(@8200)
  from x3: 0.21 0.24 0.24 0.24 0.24 0.24 0.24 0.24 0.24 0.24 0.24 0.24 0.24
  per-rule acc: 0.19 0.28
Epoch 8320 | Train: Loss=0.0039 Acc=99.9% | Test: Acc=24.0% | Best=24.0%(@8200)
  from x3: 0.22 0.24 0.24 0.24 0.24 0.24 0.24 0.24 0.24 0.24 0.24 0.24 0.24
  per-rule acc: 0.19 0.28
Epoch 8340 | Train: Loss=0.0038 Acc=99.9% | Test: Acc=23.7% | Best=24.0%(@8200)
  from x3: 0.21 0.24 0.24 0.24 0.24 0.24 0.24 0.24 0.24 0.24 0.24 0.24 0.24
  per-rule acc: 0.20 0.28
Epoch 8360 | Train: Loss=0.0036 Acc=99.9% | Test: Acc=24.0% | Best=24.0%(@8200)
  from x3: 0.21 0.25 0.24 0.24 0.24 0.24 0.24 0.24 0.24 0.24 0.24 0.24 0.24
  per-rule acc: 0.20 0.28
Epoch 8380 | Train: Loss=0.0035 Acc=99.9% | Test: Acc=24.1% | Best=24.1%(@8380)
  from x3: 0.21 0.24 0.25 0.25 0.25 0.24 0.24 0.24 0.24 0.24 0.24 0.24 0.24
  per-rule acc: 0.19 0.29
Epoch 8400 | Train: Loss=0.0044 Acc=99.9% | Test: Acc=22.4% | Best=24.1%(@8380)
  from x3: 0.20 0.23 0.22 0.23 0.23 0.23 0.23 0.23 0.23 0.23 0.22 0.22 0.22
  per-rule acc: 0.19 0.26
Epoch 8420 | Train: Loss=0.0035 Acc=99.9% | Test: Acc=24.1% | Best=24.1%(@8420)
  from x3: 0.21 0.24 0.25 0.24 0.24 0.24 0.24 0.24 0.24 0.24 0.24 0.24 0.24
  per-rule acc: 0.20 0.28
Epoch 8440 | Train: Loss=0.0034 Acc=99.9% | Test: Acc=24.1% | Best=24.1%(@8440)
  from x3: 0.21 0.24 0.25 0.25 0.24 0.24 0.24 0.24 0.24 0.24 0.24 0.24 0.24
  per-rule acc: 0.20 0.28
Epoch 8460 | Train: Loss=0.0057 Acc=99.9% | Test: Acc=20.4% | Best=24.1%(@8440)
  from x3: 0.18 0.21 0.21 0.21 0.21 0.21 0.20 0.20 0.20 0.21 0.21 0.20 0.20
  per-rule acc: 0.17 0.23
Epoch 8480 | Train: Loss=0.0033 Acc=99.9% | Test: Acc=23.9% | Best=24.1%(@8440)
  from x3: 0.21 0.24 0.24 0.24 0.24 0.24 0.24 0.24 0.24 0.24 0.24 0.24 0.24
  per-rule acc: 0.19 0.29
Epoch 8500 | Train: Loss=0.0033 Acc=99.9% | Test: Acc=24.0% | Best=24.1%(@8440)
  from x3: 0.21 0.24 0.24 0.24 0.24 0.24 0.24 0.24 0.24 0.24 0.24 0.24 0.24
  per-rule acc: 0.19 0.29
Epoch 8520 | Train: Loss=0.0033 Acc=99.9% | Test: Acc=23.6% | Best=24.1%(@8440)
  from x3: 0.21 0.24 0.24 0.24 0.24 0.24 0.24 0.24 0.24 0.24 0.24 0.24 0.24
  per-rule acc: 0.20 0.28
Epoch 8540 | Train: Loss=0.0033 Acc=99.9% | Test: Acc=23.8% | Best=24.1%(@8440)
  from x3: 0.21 0.24 0.24 0.24 0.24 0.24 0.24 0.24 0.24 0.24 0.24 0.24 0.24
  per-rule acc: 0.19 0.29
Epoch 8560 | Train: Loss=0.0031 Acc=99.9% | Test: Acc=24.0% | Best=24.1%(@8440)
  from x3: 0.21 0.24 0.24 0.24 0.24 0.24 0.24 0.24 0.24 0.24 0.24 0.24 0.24
  per-rule acc: 0.19 0.29
Epoch 8580 | Train: Loss=0.0031 Acc=99.9% | Test: Acc=24.0% | Best=24.1%(@8440)
  from x3: 0.21 0.24 0.24 0.24 0.24 0.24 0.24 0.24 0.24 0.24 0.24 0.24 0.24
  per-rule acc: 0.19 0.29
Epoch 8600 | Train: Loss=0.0051 Acc=99.9% | Test: Acc=21.0% | Best=24.1%(@8440)
  from x3: 0.18 0.21 0.21 0.21 0.21 0.21 0.21 0.22 0.21 0.21 0.21 0.21 0.21
  per-rule acc: 0.18 0.24
Epoch 8620 | Train: Loss=0.0031 Acc=99.9% | Test: Acc=23.8% | Best=24.1%(@8440)
  from x3: 0.21 0.24 0.24 0.24 0.24 0.24 0.24 0.24 0.24 0.24 0.24 0.24 0.24
  per-rule acc: 0.20 0.28
Epoch 8640 | Train: Loss=0.0030 Acc=99.9% | Test: Acc=24.0% | Best=24.1%(@8440)
  from x3: 0.21 0.24 0.24 0.24 0.24 0.24 0.24 0.24 0.24 0.24 0.24 0.24 0.24
  per-rule acc: 0.20 0.29
Epoch 8660 | Train: Loss=0.0030 Acc=99.9% | Test: Acc=24.1% | Best=24.1%(@8440)
  from x3: 0.21 0.24 0.24 0.24 0.24 0.24 0.24 0.24 0.24 0.24 0.24 0.24 0.24
  per-rule acc: 0.19 0.29
Epoch 8680 | Train: Loss=0.0030 Acc=99.9% | Test: Acc=23.7% | Best=24.1%(@8440)
  from x3: 0.21 0.24 0.24 0.24 0.24 0.24 0.24 0.24 0.24 0.24 0.24 0.24 0.24
  per-rule acc: 0.19 0.28
Epoch 8700 | Train: Loss=0.0029 Acc=99.9% | Test: Acc=24.1% | Best=24.1%(@8700)
  from x3: 0.21 0.24 0.24 0.25 0.24 0.24 0.24 0.24 0.24 0.24 0.24 0.24 0.24
  per-rule acc: 0.19 0.29
Epoch 8720 | Train: Loss=0.0029 Acc=99.9% | Test: Acc=24.1% | Best=24.1%(@8720)
  from x3: 0.21 0.24 0.24 0.24 0.24 0.24 0.24 0.25 0.25 0.24 0.25 0.24 0.24
  per-rule acc: 0.19 0.29
Epoch 8740 | Train: Loss=0.0030 Acc=99.9% | Test: Acc=23.4% | Best=24.1%(@8720)
  from x3: 0.21 0.24 0.24 0.24 0.24 0.24 0.24 0.24 0.24 0.24 0.23 0.24 0.24
  per-rule acc: 0.19 0.28
Epoch 8760 | Train: Loss=0.0029 Acc=99.9% | Test: Acc=23.5% | Best=24.1%(@8720)
  from x3: 0.20 0.24 0.24 0.24 0.24 0.24 0.24 0.24 0.24 0.24 0.24 0.24 0.24
  per-rule acc: 0.19 0.28
Epoch 8780 | Train: Loss=0.0028 Acc=99.9% | Test: Acc=23.9% | Best=24.1%(@8720)
  from x3: 0.21 0.24 0.24 0.24 0.24 0.24 0.24 0.24 0.24 0.24 0.24 0.24 0.24
  per-rule acc: 0.19 0.29
Epoch 8800 | Train: Loss=0.0028 Acc=99.9% | Test: Acc=24.0% | Best=24.1%(@8720)
  from x3: 0.21 0.24 0.24 0.24 0.24 0.24 0.24 0.24 0.24 0.24 0.24 0.24 0.24
  per-rule acc: 0.19 0.29
Epoch 8820 | Train: Loss=0.0028 Acc=99.9% | Test: Acc=24.0% | Best=24.1%(@8720)
  from x3: 0.21 0.24 0.24 0.24 0.24 0.24 0.24 0.24 0.24 0.24 0.24 0.24 0.24
  per-rule acc: 0.19 0.29
Epoch 8840 | Train: Loss=0.0028 Acc=99.9% | Test: Acc=23.4% | Best=24.1%(@8720)
  from x3: 0.20 0.24 0.24 0.24 0.24 0.24 0.24 0.24 0.24 0.24 0.24 0.24 0.24
  per-rule acc: 0.19 0.28
Epoch 8860 | Train: Loss=0.0028 Acc=99.9% | Test: Acc=23.8% | Best=24.1%(@8720)
  from x3: 0.21 0.24 0.24 0.24 0.24 0.24 0.24 0.24 0.24 0.24 0.24 0.24 0.24
  per-rule acc: 0.19 0.29
Epoch 8880 | Train: Loss=0.0027 Acc=99.9% | Test: Acc=23.7% | Best=24.1%(@8720)
  from x3: 0.21 0.24 0.24 0.24 0.24 0.24 0.24 0.24 0.24 0.24 0.24 0.24 0.24
  per-rule acc: 0.19 0.29
Epoch 8900 | Train: Loss=0.0027 Acc=99.9% | Test: Acc=23.8% | Best=24.1%(@8720)
  from x3: 0.21 0.24 0.24 0.24 0.24 0.24 0.24 0.24 0.24 0.24 0.24 0.24 0.24
  per-rule acc: 0.19 0.29
Epoch 8920 | Train: Loss=0.0027 Acc=99.9% | Test: Acc=23.7% | Best=24.1%(@8720)
  from x3: 0.21 0.24 0.24 0.24 0.24 0.24 0.24 0.24 0.24 0.24 0.24 0.24 0.24
  per-rule acc: 0.19 0.29
Epoch 8940 | Train: Loss=0.0026 Acc=99.9% | Test: Acc=23.7% | Best=24.1%(@8720)
  from x3: 0.21 0.24 0.24 0.24 0.24 0.24 0.24 0.24 0.24 0.24 0.24 0.24 0.24
  per-rule acc: 0.19 0.29
Epoch 8960 | Train: Loss=0.0026 Acc=99.9% | Test: Acc=23.3% | Best=24.1%(@8720)
  from x3: 0.21 0.23 0.24 0.24 0.24 0.24 0.24 0.24 0.24 0.24 0.24 0.24 0.24
  per-rule acc: 0.19 0.28
Epoch 8980 | Train: Loss=0.0026 Acc=99.9% | Test: Acc=23.5% | Best=24.1%(@8720)
  from x3: 0.21 0.23 0.24 0.24 0.24 0.24 0.24 0.24 0.24 0.24 0.24 0.24 0.24
  per-rule acc: 0.19 0.28
Epoch 9000 | Train: Loss=0.0026 Acc=99.9% | Test: Acc=23.5% | Best=24.1%(@8720)
  from x3: 0.21 0.24 0.24 0.24 0.24 0.24 0.24 0.24 0.24 0.24 0.24 0.24 0.24
  per-rule acc: 0.19 0.28
Epoch 9020 | Train: Loss=0.0025 Acc=99.9% | Test: Acc=23.5% | Best=24.1%(@8720)
  from x3: 0.21 0.24 0.24 0.24 0.24 0.24 0.24 0.24 0.24 0.24 0.24 0.24 0.24
  per-rule acc: 0.19 0.28
Epoch 9040 | Train: Loss=0.0025 Acc=99.9% | Test: Acc=23.5% | Best=24.1%(@8720)
  from x3: 0.21 0.24 0.24 0.24 0.24 0.24 0.24 0.24 0.24 0.24 0.24 0.24 0.24
  per-rule acc: 0.19 0.28
Epoch 9060 | Train: Loss=0.0025 Acc=99.9% | Test: Acc=23.2% | Best=24.1%(@8720)
  from x3: 0.21 0.23 0.23 0.23 0.23 0.23 0.23 0.23 0.23 0.24 0.23 0.24 0.23
  per-rule acc: 0.19 0.28
Epoch 9080 | Train: Loss=0.0025 Acc=99.9% | Test: Acc=23.4% | Best=24.1%(@8720)
  from x3: 0.21 0.24 0.24 0.24 0.24 0.24 0.23 0.24 0.24 0.24 0.24 0.24 0.24
  per-rule acc: 0.19 0.28
Epoch 9100 | Train: Loss=0.0025 Acc=99.9% | Test: Acc=23.5% | Best=24.1%(@8720)
  from x3: 0.21 0.24 0.24 0.24 0.24 0.24 0.24 0.24 0.24 0.24 0.24 0.24 0.24
  per-rule acc: 0.19 0.28
Epoch 9120 | Train: Loss=0.0024 Acc=99.9% | Test: Acc=23.4% | Best=24.1%(@8720)
  from x3: 0.21 0.24 0.24 0.24 0.24 0.24 0.24 0.24 0.24 0.24 0.24 0.24 0.24
  per-rule acc: 0.19 0.28
Epoch 9140 | Train: Loss=0.0024 Acc=99.9% | Test: Acc=23.4% | Best=24.1%(@8720)
  from x3: 0.21 0.24 0.24 0.24 0.24 0.24 0.24 0.24 0.24 0.24 0.23 0.24 0.24
  per-rule acc: 0.19 0.28
Epoch 9160 | Train: Loss=0.0024 Acc=99.9% | Test: Acc=23.5% | Best=24.1%(@8720)
  from x3: 0.21 0.24 0.24 0.24 0.24 0.24 0.24 0.24 0.24 0.24 0.24 0.24 0.24
  per-rule acc: 0.19 0.28
Epoch 9180 | Train: Loss=0.0024 Acc=99.9% | Test: Acc=23.3% | Best=24.1%(@8720)
  from x3: 0.21 0.24 0.24 0.24 0.24 0.24 0.24 0.24 0.24 0.24 0.23 0.23 0.23
  per-rule acc: 0.19 0.28
Epoch 9200 | Train: Loss=0.0024 Acc=99.9% | Test: Acc=23.4% | Best=24.1%(@8720)
  from x3: 0.21 0.24 0.24 0.24 0.24 0.24 0.24 0.24 0.24 0.24 0.23 0.24 0.24
  per-rule acc: 0.19 0.28
Epoch 9220 | Train: Loss=0.0024 Acc=99.9% | Test: Acc=23.4% | Best=24.1%(@8720)
  from x3: 0.21 0.24 0.24 0.24 0.24 0.24 0.24 0.24 0.24 0.24 0.24 0.24 0.24
  per-rule acc: 0.19 0.28
Epoch 9240 | Train: Loss=0.0023 Acc=99.9% | Test: Acc=23.4% | Best=24.1%(@8720)
  from x3: 0.21 0.24 0.24 0.24 0.24 0.24 0.24 0.24 0.24 0.24 0.24 0.24 0.24
  per-rule acc: 0.19 0.28
Epoch 9260 | Train: Loss=0.0023 Acc=99.9% | Test: Acc=23.3% | Best=24.1%(@8720)
  from x3: 0.21 0.24 0.24 0.24 0.24 0.23 0.23 0.24 0.24 0.24 0.24 0.23 0.24
  per-rule acc: 0.19 0.28
Epoch 9280 | Train: Loss=0.0023 Acc=99.9% | Test: Acc=23.4% | Best=24.1%(@8720)
  from x3: 0.20 0.24 0.24 0.24 0.24 0.24 0.24 0.24 0.24 0.24 0.24 0.24 0.24
  per-rule acc: 0.19 0.28
Epoch 9300 | Train: Loss=0.0023 Acc=99.9% | Test: Acc=23.4% | Best=24.1%(@8720)
  from x3: 0.20 0.23 0.24 0.24 0.24 0.24 0.24 0.24 0.24 0.24 0.24 0.24 0.24
  per-rule acc: 0.19 0.28
Epoch 9320 | Train: Loss=0.0023 Acc=99.9% | Test: Acc=23.4% | Best=24.1%(@8720)
  from x3: 0.20 0.24 0.24 0.24 0.24 0.24 0.24 0.24 0.24 0.24 0.24 0.24 0.24
  per-rule acc: 0.19 0.28
Epoch 9340 | Train: Loss=0.0023 Acc=99.9% | Test: Acc=23.4% | Best=24.1%(@8720)
  from x3: 0.20 0.24 0.24 0.24 0.24 0.24 0.24 0.24 0.24 0.24 0.24 0.24 0.24
  per-rule acc: 0.19 0.28
Epoch 9360 | Train: Loss=0.0022 Acc=99.9% | Test: Acc=23.4% | Best=24.1%(@8720)
  from x3: 0.20 0.24 0.24 0.24 0.24 0.24 0.24 0.24 0.24 0.24 0.24 0.24 0.24
  per-rule acc: 0.19 0.28
Epoch 9380 | Train: Loss=0.0024 Acc=99.9% | Test: Acc=23.5% | Best=24.1%(@8720)
  from x3: 0.21 0.24 0.24 0.24 0.24 0.24 0.24 0.24 0.24 0.24 0.24 0.24 0.24
  per-rule acc: 0.19 0.28
Epoch 9400 | Train: Loss=0.0022 Acc=99.9% | Test: Acc=23.4% | Best=24.1%(@8720)
  from x3: 0.21 0.24 0.24 0.24 0.23 0.24 0.24 0.24 0.24 0.24 0.24 0.24 0.24
  per-rule acc: 0.19 0.28
Epoch 9420 | Train: Loss=0.0022 Acc=99.9% | Test: Acc=23.4% | Best=24.1%(@8720)
  from x3: 0.20 0.24 0.24 0.24 0.24 0.24 0.24 0.24 0.24 0.24 0.24 0.24 0.24
  per-rule acc: 0.19 0.28
Epoch 9440 | Train: Loss=0.0022 Acc=99.9% | Test: Acc=23.4% | Best=24.1%(@8720)
  from x3: 0.20 0.24 0.24 0.24 0.24 0.24 0.24 0.24 0.24 0.24 0.24 0.24 0.24
  per-rule acc: 0.19 0.28
Epoch 9460 | Train: Loss=0.0022 Acc=99.9% | Test: Acc=23.4% | Best=24.1%(@8720)
  from x3: 0.20 0.24 0.24 0.24 0.24 0.24 0.24 0.24 0.24 0.24 0.24 0.24 0.24
  per-rule acc: 0.19 0.28
Epoch 9480 | Train: Loss=0.0022 Acc=99.9% | Test: Acc=23.4% | Best=24.1%(@8720)
  from x3: 0.20 0.24 0.24 0.24 0.24 0.24 0.24 0.24 0.24 0.24 0.24 0.24 0.24
  per-rule acc: 0.19 0.28
Epoch 9500 | Train: Loss=0.0022 Acc=99.9% | Test: Acc=23.4% | Best=24.1%(@8720)
  from x3: 0.20 0.24 0.24 0.24 0.23 0.24 0.24 0.24 0.24 0.24 0.24 0.24 0.24
  per-rule acc: 0.19 0.28
Epoch 9520 | Train: Loss=0.0022 Acc=99.9% | Test: Acc=23.4% | Best=24.1%(@8720)
  from x3: 0.20 0.24 0.23 0.24 0.24 0.24 0.24 0.24 0.24 0.24 0.24 0.24 0.24
  per-rule acc: 0.19 0.28
Epoch 9540 | Train: Loss=0.0022 Acc=99.9% | Test: Acc=23.4% | Best=24.1%(@8720)
  from x3: 0.20 0.24 0.23 0.24 0.24 0.24 0.24 0.24 0.24 0.24 0.24 0.24 0.24
  per-rule acc: 0.19 0.28
Epoch 9560 | Train: Loss=0.0021 Acc=99.9% | Test: Acc=23.3% | Best=24.1%(@8720)
  from x3: 0.20 0.24 0.23 0.24 0.24 0.24 0.24 0.24 0.24 0.24 0.24 0.24 0.23
  per-rule acc: 0.19 0.28
Epoch 9580 | Train: Loss=0.0021 Acc=99.9% | Test: Acc=23.4% | Best=24.1%(@8720)
  from x3: 0.20 0.24 0.24 0.24 0.24 0.24 0.24 0.24 0.24 0.24 0.24 0.24 0.24
  per-rule acc: 0.19 0.28
Epoch 9600 | Train: Loss=0.0021 Acc=99.9% | Test: Acc=23.4% | Best=24.1%(@8720)
  from x3: 0.20 0.24 0.24 0.24 0.24 0.24 0.24 0.24 0.24 0.24 0.24 0.24 0.24
  per-rule acc: 0.19 0.28
Epoch 9620 | Train: Loss=0.0021 Acc=99.9% | Test: Acc=23.4% | Best=24.1%(@8720)
  from x3: 0.20 0.24 0.24 0.24 0.24 0.24 0.24 0.24 0.24 0.24 0.24 0.24 0.24
  per-rule acc: 0.19 0.28
Epoch 9640 | Train: Loss=0.0021 Acc=99.9% | Test: Acc=23.4% | Best=24.1%(@8720)
  from x3: 0.20 0.24 0.24 0.24 0.24 0.24 0.24 0.24 0.24 0.24 0.24 0.24 0.24
  per-rule acc: 0.19 0.28
Epoch 9660 | Train: Loss=0.0021 Acc=99.9% | Test: Acc=23.4% | Best=24.1%(@8720)
  from x3: 0.20 0.24 0.24 0.24 0.24 0.24 0.24 0.24 0.24 0.24 0.24 0.24 0.24
  per-rule acc: 0.19 0.28
Epoch 9680 | Train: Loss=0.0021 Acc=99.9% | Test: Acc=23.4% | Best=24.1%(@8720)
  from x3: 0.20 0.24 0.24 0.24 0.24 0.24 0.24 0.24 0.24 0.24 0.24 0.24 0.24
  per-rule acc: 0.19 0.28
Epoch 9700 | Train: Loss=0.0021 Acc=99.9% | Test: Acc=23.4% | Best=24.1%(@8720)
  from x3: 0.20 0.24 0.24 0.24 0.24 0.24 0.24 0.24 0.24 0.24 0.24 0.24 0.24
  per-rule acc: 0.19 0.28
Epoch 9720 | Train: Loss=0.0021 Acc=99.9% | Test: Acc=23.4% | Best=24.1%(@8720)
  from x3: 0.20 0.24 0.24 0.24 0.24 0.24 0.24 0.24 0.24 0.24 0.24 0.24 0.24
  per-rule acc: 0.19 0.28
Epoch 9740 | Train: Loss=0.0021 Acc=99.9% | Test: Acc=23.4% | Best=24.1%(@8720)
  from x3: 0.20 0.24 0.24 0.24 0.24 0.24 0.24 0.24 0.24 0.24 0.24 0.24 0.24
  per-rule acc: 0.19 0.28
Epoch 9760 | Train: Loss=0.0021 Acc=99.9% | Test: Acc=23.4% | Best=24.1%(@8720)
  from x3: 0.20 0.24 0.24 0.24 0.24 0.24 0.24 0.24 0.24 0.24 0.24 0.24 0.24
  per-rule acc: 0.19 0.28
Epoch 9780 | Train: Loss=0.0021 Acc=99.9% | Test: Acc=23.4% | Best=24.1%(@8720)
  from x3: 0.20 0.24 0.24 0.24 0.24 0.24 0.24 0.24 0.24 0.24 0.24 0.24 0.24
  per-rule acc: 0.19 0.28
Epoch 9800 | Train: Loss=0.0021 Acc=99.9% | Test: Acc=23.4% | Best=24.1%(@8720)
  from x3: 0.20 0.24 0.24 0.24 0.24 0.24 0.24 0.24 0.24 0.24 0.24 0.24 0.24
  per-rule acc: 0.19 0.28
Epoch 9820 | Train: Loss=0.0021 Acc=99.9% | Test: Acc=23.4% | Best=24.1%(@8720)
  from x3: 0.20 0.24 0.24 0.24 0.24 0.24 0.24 0.24 0.24 0.24 0.24 0.24 0.24
  per-rule acc: 0.19 0.28
Epoch 9840 | Train: Loss=0.0021 Acc=99.9% | Test: Acc=23.4% | Best=24.1%(@8720)
  from x3: 0.20 0.24 0.24 0.24 0.24 0.24 0.24 0.24 0.24 0.24 0.24 0.24 0.24
  per-rule acc: 0.19 0.28
Epoch 9860 | Train: Loss=0.0021 Acc=99.9% | Test: Acc=23.4% | Best=24.1%(@8720)
  from x3: 0.20 0.24 0.24 0.24 0.24 0.24 0.24 0.24 0.24 0.24 0.24 0.24 0.24
  per-rule acc: 0.19 0.28
Epoch 9880 | Train: Loss=0.0021 Acc=99.9% | Test: Acc=23.4% | Best=24.1%(@8720)
  from x3: 0.20 0.24 0.24 0.24 0.24 0.24 0.24 0.24 0.24 0.24 0.24 0.24 0.24
  per-rule acc: 0.19 0.28
Epoch 9900 | Train: Loss=0.0021 Acc=99.9% | Test: Acc=23.4% | Best=24.1%(@8720)
  from x3: 0.20 0.24 0.24 0.24 0.24 0.24 0.24 0.24 0.24 0.24 0.24 0.24 0.24
  per-rule acc: 0.19 0.28
Epoch 9920 | Train: Loss=0.0021 Acc=99.9% | Test: Acc=23.4% | Best=24.1%(@8720)
  from x3: 0.20 0.24 0.24 0.24 0.24 0.24 0.24 0.24 0.24 0.24 0.24 0.24 0.24
  per-rule acc: 0.19 0.28
Epoch 9940 | Train: Loss=0.0021 Acc=99.9% | Test: Acc=23.4% | Best=24.1%(@8720)
  from x3: 0.20 0.24 0.24 0.24 0.24 0.24 0.24 0.24 0.24 0.24 0.24 0.24 0.24
  per-rule acc: 0.19 0.28
Epoch 9960 | Train: Loss=0.0021 Acc=100.0% | Test: Acc=23.4% | Best=24.1%(@8720)
  from x3: 0.20 0.24 0.24 0.24 0.24 0.24 0.24 0.24 0.24 0.24 0.24 0.24 0.24
  per-rule acc: 0.19 0.28
Epoch 9980 | Train: Loss=0.0021 Acc=100.0% | Test: Acc=23.4% | Best=24.1%(@8720)
  from x3: 0.20 0.24 0.24 0.24 0.24 0.24 0.24 0.24 0.24 0.24 0.24 0.24 0.24
  per-rule acc: 0.19 0.28
Epoch 9999 | Train: Loss=0.0021 Acc=100.0% | Test: Acc=23.4% | Best=24.1%(@8720)
  from x3: 0.20 0.24 0.24 0.24 0.24 0.24 0.24 0.24 0.24 0.24 0.24 0.24 0.24
  per-rule acc: 0.19 0.28

==================================================
Saving model...
[OK] Model saved to: /home/cxm/ai/test0617-basic/models/mixed_basic_d256l2_r32_t16_c0.5.pth
  File size: 35108.5 KB
  Best test accuracy: 24.14%

==================================================
Final generation test (given first two items, AB generates 3rd as prompt, validate from 4th)
==================================================

--- AB pair 1: (1, 1) ---

--- Statistics for AB=(1,1) ---
Exposed    samples:  1405 | In-dist: 18148/18265 ( 99.4%) | OOD: 22325/22480 ( 99.3%)
Unexposed  samples:  1404 | In-dist:  6696/18252 ( 36.7%) | OOD:  9264/22464 ( 41.2%)

--- AB pair 2: (1, 2) ---

--- Statistics for AB=(1,2) ---
Exposed    samples:  1405 | In-dist: 18174/18265 ( 99.5%) | OOD: 22347/22480 ( 99.4%)
Unexposed  samples:  1404 | In-dist:  7403/18252 ( 40.6%) | OOD:  9983/22464 ( 44.4%)

--- Return code: 0 ---

======================================================================
Attention Analysis
======================================================================
Model config: addition (default), p=53
Best test accuracy: 0.24139820293666447
Training epochs: 9999

Random test sequence 1/5 (length 32): [46, 31, 24, 2, 26, 28, 1, 29, 30, 6, 36, 42, 25, 14, 39, 0, 39, 39, 25, 11]...

======================================================================
Attention Layer Training Result Summary
======================================================================
Input sequence: [46, 31, 24, 2, 26, 28, 1, 29, 30, 6, 36, 42, 25, 14, 39, 0, 39, 39, 25, 11, 36, 47, 30, 24, 1, 25, 26, 51, 24, 22, 46, 15]

--- Layer 0 ---
  Head 0: Entropy=0.503
    Attention coefficients from each query position to previous positions:
      i= 0 -> j=0:1.000
      i= 1 -> j=0:0.099, j=1:0.901
      i= 2 -> j=0:0.012, j=1:0.113, j=2:0.875
      i= 3 -> j=0:0.002, j=1:0.013, j=2:0.114, j=3:0.872
      i= 4 -> j=0:0.001, j=1:0.003, j=2:0.012, j=3:0.100, j=4:0.884
      i= 5 -> j=0:0.000, j=1:0.001, j=2:0.002, j=3:0.014, j=4:0.096, j=5:0.886
      i= 6 -> j=0:0.000, j=1:0.000, j=2:0.001, j=3:0.002, j=4:0.016, j=5:0.113, j=6:0.867
      i= 7 -> j=0:0.000, j=1:0.000, j=2:0.000, j=3:0.001, j=4:0.002, j=5:0.014, j=6:0.125, j=7:0.858
      i= 8 -> j=0:0.000, j=1:0.000, j=2:0.000, j=3:0.000, j=4:0.001, j=5:0.002, j=6:0.016, j=7:0.110, j=8:0.870
      i= 9 -> j=0:0.000, j=1:0.000, j=2:0.000, j=3:0.000, j=4:0.000, j=5:0.000, j=6:0.002, j=7:0.011, j=8:0.102, j=9:0.884
      i=10 -> j=0:0.000, j=1:0.000, j=2:0.000, j=3:0.000, j=4:0.000, j=5:0.000, j=6:0.001, j=7:0.002, j=8:0.013, j=9:0.106, j=10:0.878
      i=11 -> j=0:0.000, j=1:0.000, j=2:0.000, j=3:0.000, j=4:0.000, j=5:0.000, j=6:0.000, j=7:0.001, j=8:0.002, j=9:0.014, j=10:0.114, j=11:0.867
      i=12 -> j=0:0.000, j=1:0.000, j=2:0.000, j=3:0.000, j=4:0.000, j=5:0.000, j=6:0.000, j=7:0.000, j=8:0.001, j=9:0.003, j=10:0.017, j=11:0.102, j=12:0.874
      i=13 -> j=0:0.000, j=1:0.000, j=2:0.000, j=3:0.000, j=4:0.000, j=5:0.000, j=6:0.000, j=7:0.000, j=8:0.000, j=9:0.001, j=10:0.002, j=11:0.013, j=12:0.117, j=13:0.864
      i=14 -> j=0:0.000, j=1:0.000, j=2:0.000, j=3:0.000, j=4:0.000, j=5:0.000, j=6:0.000, j=7:0.000, j=8:0.000, j=9:0.000, j=10:0.001, j=11:0.003, j=12:0.014, j=13:0.125, j=14:0.855
      i=15 -> j=0:0.001, j=1:0.001, j=2:0.001, j=3:0.001, j=4:0.001, j=5:0.001, j=6:0.001, j=7:0.001, j=8:0.001, j=9:0.001, j=10:0.001, j=11:0.002, j=12:0.007, j=13:0.035, j=14:0.153, j=15:0.793
      i=16 -> j=0:0.001, j=1:0.000, j=2:0.000, j=3:0.000, j=4:0.000, j=5:0.000, j=6:0.000, j=7:0.000, j=8:0.000, j=9:0.000, j=10:0.000, j=11:0.000, j=12:0.001, j=13:0.003, j=14:0.018, j=15:0.157, j=16:0.818
      i=17 -> j=0:0.001, j=1:0.001, j=2:0.000, j=3:0.000, j=4:0.000, j=5:0.000, j=6:0.000, j=7:0.000, j=8:0.000, j=9:0.000, j=10:0.000, j=11:0.000, j=12:0.000, j=13:0.001, j=14:0.003, j=15:0.021, j=16:0.132, j=17:0.838
      i=18 -> j=0:0.001, j=1:0.001, j=2:0.001, j=3:0.000, j=4:0.000, j=5:0.000, j=6:0.000, j=7:0.000, j=8:0.000, j=9:0.000, j=10:0.000, j=11:0.000, j=12:0.000, j=13:0.000, j=14:0.001, j=15:0.005, j=16:0.016, j=17:0.115, j=18:0.857
      i=19 -> j=0:0.001, j=1:0.001, j=2:0.001, j=3:0.000, j=4:0.000, j=5:0.000, j=6:0.000, j=7:0.000, j=8:0.000, j=9:0.000, j=10:0.000, j=11:0.000, j=12:0.000, j=13:0.000, j=14:0.000, j=15:0.001, j=16:0.002, j=17:0.012, j=18:0.106, j=19:0.874
      i=20 -> j=0:0.001, j=1:0.001, j=2:0.001, j=3:0.001, j=4:0.001, j=5:0.000, j=6:0.000, j=7:0.000, j=8:0.000, j=9:0.000, j=10:0.000, j=11:0.000, j=12:0.000, j=13:0.000, j=14:0.000, j=15:0.000, j=16:0.001, j=17:0.002, j=18:0.013, j=19:0.099, j=20:0.878
      i=21 -> j=0:0.001, j=1:0.001, j=2:0.001, j=3:0.001, j=4:0.001, j=5:0.000, j=6:0.000, j=7:0.000, j=8:0.000, j=9:0.000, j=10:0.000, j=11:0.000, j=12:0.000, j=13:0.000, j=14:0.000, j=15:0.000, j=16:0.000, j=17:0.001, j=18:0.002, j=19:0.014, j=20:0.120, j=21:0.855
      i=22 -> j=0:0.002, j=1:0.001, j=2:0.001, j=3:0.001, j=4:0.001, j=5:0.001, j=6:0.001, j=7:0.000, j=8:0.000, j=9:0.000, j=10:0.000, j=11:0.000, j=12:0.000, j=13:0.000, j=14:0.000, j=15:0.000, j=16:0.000, j=17:0.000, j=18:0.001, j=19:0.002, j=20:0.013, j=21:0.111, j=22:0.864
      i=23 -> j=0:0.002, j=1:0.002, j=2:0.002, j=3:0.001, j=4:0.001, j=5:0.001, j=6:0.001, j=7:0.000, j=8:0.000, j=9:0.000, j=10:0.000, j=11:0.000, j=12:0.000, j=13:0.000, j=14:0.000, j=15:0.000, j=16:0.000, j=17:0.000, j=18:0.000, j=19:0.000, j=20:0.002, j=21:0.014, j=22:0.105, j=23:0.867
      i=24 -> j=0:0.003, j=1:0.002, j=2:0.002, j=3:0.002, j=4:0.002, j=5:0.001, j=6:0.001, j=7:0.001, j=8:0.001, j=9:0.000, j=10:0.000, j=11:0.000, j=12:0.000, j=13:0.000, j=14:0.000, j=15:0.000, j=16:0.000, j=17:0.000, j=18:0.000, j=19:0.000, j=20:0.001, j=21:0.003, j=22:0.013, j=23:0.117, j=24:0.850
      i=25 -> j=0:0.003, j=1:0.003, j=2:0.002, j=3:0.002, j=4:0.002, j=5:0.001, j=6:0.001, j=7:0.001, j=8:0.001, j=9:0.001, j=10:0.001, j=11:0.000, j=12:0.000, j=13:0.000, j=14:0.000, j=15:0.000, j=16:0.000, j=17:0.000, j=18:0.000, j=19:0.000, j=20:0.000, j=21:0.001, j=22:0.003, j=23:0.015, j=24:0.119, j=25:0.842
      i=26 -> j=0:0.003, j=1:0.003, j=2:0.002, j=3:0.002, j=4:0.002, j=5:0.002, j=6:0.001, j=7:0.001, j=8:0.001, j=9:0.001, j=10:0.001, j=11:0.000, j=12:0.000, j=13:0.000, j=14:0.000, j=15:0.000, j=16:0.000, j=17:0.000, j=18:0.000, j=19:0.000, j=20:0.000, j=21:0.000, j=22:0.001, j=23:0.002, j=24:0.015, j=25:0.113, j=26:0.847
      i=27 -> j=0:0.003, j=1:0.002, j=2:0.002, j=3:0.002, j=4:0.002, j=5:0.001, j=6:0.001, j=7:0.001, j=8:0.001, j=9:0.001, j=10:0.000, j=11:0.000, j=12:0.000, j=13:0.000, j=14:0.000, j=15:0.000, j=16:0.000, j=17:0.000, j=18:0.000, j=19:0.000, j=20:0.000, j=21:0.000, j=22:0.000, j=23:0.000, j=24:0.002, j=25:0.011, j=26:0.115, j=27:0.853
      i=28 -> j=0:0.004, j=1:0.004, j=2:0.004, j=3:0.003, j=4:0.003, j=5:0.002, j=6:0.002, j=7:0.001, j=8:0.001, j=9:0.001, j=10:0.001, j=11:0.001, j=12:0.000, j=13:0.000, j=14:0.000, j=15:0.000, j=16:0.000, j=17:0.000, j=18:0.000, j=19:0.000, j=20:0.000, j=21:0.000, j=22:0.000, j=23:0.000, j=24:0.001, j=25:0.002, j=26:0.014, j=27:0.109, j=28:0.846
      i=29 -> j=0:0.005, j=1:0.005, j=2:0.004, j=3:0.004, j=4:0.004, j=5:0.003, j=6:0.002, j=7:0.002, j=8:0.002, j=9:0.002, j=10:0.001, j=11:0.001, j=12:0.001, j=13:0.000, j=14:0.000, j=15:0.000, j=16:0.000, j=17:0.000, j=18:0.000, j=19:0.000, j=20:0.000, j=21:0.000, j=22:0.000, j=23:0.000, j=24:0.000, j=25:0.001, j=26:0.003, j=27:0.013, j=28:0.101, j=29:0.844
      i=30 -> j=0:0.006, j=1:0.004, j=2:0.004, j=3:0.003, j=4:0.003, j=5:0.003, j=6:0.003, j=7:0.002, j=8:0.002, j=9:0.001, j=10:0.001, j=11:0.001, j=12:0.001, j=13:0.001, j=14:0.001, j=15:0.000, j=16:0.000, j=17:0.000, j=18:0.000, j=19:0.000, j=20:0.000, j=21:0.000, j=22:0.000, j=23:0.000, j=24:0.000, j=25:0.000, j=26:0.001, j=27:0.002, j=28:0.013, j=29:0.101, j=30:0.844
      i=31 -> j=0:0.006, j=1:0.005, j=2:0.004, j=3:0.004, j=4:0.004, j=5:0.003, j=6:0.003, j=7:0.003, j=8:0.002, j=9:0.002, j=10:0.002, j=11:0.001, j=12:0.001, j=13:0.001, j=14:0.001, j=15:0.001, j=16:0.000, j=17:0.000, j=18:0.000, j=19:0.000, j=20:0.000, j=21:0.000, j=22:0.000, j=23:0.000, j=24:0.000, j=25:0.000, j=26:0.000, j=27:0.001, j=28:0.002, j=29:0.012, j=30:0.112, j=31:0.831
    Average attention per distance:
      d=0:0.864, d=1:0.114, d=2:0.015

--- Layer 1 ---
  Head 0: Entropy=0.832
    Attention coefficients from each query position to previous positions:
      i= 0 -> j=0:1.000
      i= 1 -> j=0:0.619, j=1:0.381
      i= 2 -> j=0:0.078, j=1:0.752, j=2:0.169
      i= 3 -> j=0:0.002, j=1:0.182, j=2:0.733, j=3:0.082
      i= 4 -> j=0:0.000, j=1:0.008, j=2:0.279, j=3:0.529, j=4:0.184
      i= 5 -> j=0:0.000, j=1:0.000, j=2:0.007, j=3:0.116, j=4:0.674, j=5:0.203
      i= 6 -> j=0:0.000, j=1:0.000, j=2:0.000, j=3:0.003, j=4:0.201, j=5:0.751, j=6:0.045
      i= 7 -> j=0:0.000, j=1:0.000, j=2:0.000, j=3:0.000, j=4:0.009, j=5:0.247, j=6:0.434, j=7:0.310
      i= 8 -> j=0:0.000, j=1:0.000, j=2:0.000, j=3:0.000, j=4:0.000, j=5:0.003, j=6:0.038, j=7:0.892, j=8:0.067
      i= 9 -> j=0:0.000, j=1:0.000, j=2:0.000, j=3:0.000, j=4:0.000, j=5:0.000, j=6:0.002, j=7:0.347, j=8:0.539, j=9:0.111
      i=10 -> j=0:0.000, j=1:0.000, j=2:0.000, j=3:0.000, j=4:0.000, j=5:0.000, j=6:0.000, j=7:0.018, j=8:0.174, j=9:0.669, j=10:0.138
      i=11 -> j=0:0.000, j=1:0.000, j=2:0.000, j=3:0.000, j=4:0.000, j=5:0.000, j=6:0.000, j=7:0.000, j=8:0.003, j=9:0.166, j=10:0.575, j=11:0.255
      i=12 -> j=0:0.000, j=1:0.000, j=2:0.000, j=3:0.000, j=4:0.000, j=5:0.000, j=6:0.000, j=7:0.000, j=8:0.000, j=9:0.006, j=10:0.156, j=11:0.809, j=12:0.028
      i=13 -> j=0:0.000, j=1:0.000, j=2:0.000, j=3:0.000, j=4:0.001, j=5:0.001, j=6:0.000, j=7:0.000, j=8:0.000, j=9:0.000, j=10:0.012, j=11:0.395, j=12:0.326, j=13:0.265
      i=14 -> j=0:0.000, j=1:0.000, j=2:0.000, j=3:0.000, j=4:0.001, j=5:0.001, j=6:0.000, j=7:0.000, j=8:0.000, j=9:0.000, j=10:0.000, j=11:0.011, j=12:0.082, j=13:0.841, j=14:0.062
      i=15 -> j=0:0.001, j=1:0.001, j=2:0.000, j=3:0.000, j=4:0.000, j=5:0.001, j=6:0.000, j=7:0.001, j=8:0.000, j=9:0.000, j=10:0.000, j=11:0.000, j=12:0.004, j=13:0.222, j=14:0.290, j=15:0.479
      i=16 -> j=0:0.001, j=1:0.002, j=2:0.001, j=3:0.001, j=4:0.001, j=5:0.001, j=6:0.001, j=7:0.003, j=8:0.001, j=9:0.001, j=10:0.000, j=11:0.000, j=12:0.000, j=13:0.012, j=14:0.074, j=15:0.882, j=16:0.021
      i=17 -> j=0:0.000, j=1:0.000, j=2:0.001, j=3:0.000, j=4:0.000, j=5:0.000, j=6:0.000, j=7:0.001, j=8:0.000, j=9:0.000, j=10:0.000, j=11:0.000, j=12:0.000, j=13:0.000, j=14:0.003, j=15:0.828, j=16:0.080, j=17:0.085
      i=18 -> j=0:0.000, j=1:0.000, j=2:0.001, j=3:0.001, j=4:0.001, j=5:0.000, j=6:0.000, j=7:0.000, j=8:0.000, j=9:0.001, j=10:0.001, j=11:0.000, j=12:0.000, j=13:0.000, j=14:0.000, j=15:0.053, j=16:0.079, j=17:0.598, j=18:0.264
      i=19 -> j=0:0.000, j=1:0.000, j=2:0.000, j=3:0.000, j=4:0.000, j=5:0.000, j=6:0.000, j=7:0.000, j=8:0.000, j=9:0.000, j=10:0.000, j=11:0.000, j=12:0.000, j=13:0.000, j=14:0.000, j=15:0.000, j=16:0.003, j=17:0.068, j=18:0.817, j=19:0.111
      i=20 -> j=0:0.000, j=1:0.000, j=2:0.000, j=3:0.000, j=4:0.001, j=5:0.001, j=6:0.000, j=7:0.000, j=8:0.000, j=9:0.000, j=10:0.000, j=11:0.001, j=12:0.000, j=13:0.000, j=14:0.000, j=15:0.000, j=16:0.000, j=17:0.004, j=18:0.280, j=19:0.658, j=20:0.053
      i=21 -> j=0:0.000, j=1:0.001, j=2:0.000, j=3:0.000, j=4:0.000, j=5:0.001, j=6:0.000, j=7:0.001, j=8:0.000, j=9:0.000, j=10:0.000, j=11:0.000, j=12:0.000, j=13:0.000, j=14:0.000, j=15:0.000, j=16:0.000, j=17:0.000, j=18:0.020, j=19:0.390, j=20:0.416, j=21:0.169
      i=22 -> j=0:0.000, j=1:0.001, j=2:0.001, j=3:0.000, j=4:0.000, j=5:0.000, j=6:0.000, j=7:0.001, j=8:0.000, j=9:0.000, j=10:0.000, j=11:0.000, j=12:0.000, j=13:0.000, j=14:0.000, j=15:0.000, j=16:0.000, j=17:0.000, j=18:0.000, j=19:0.007, j=20:0.090, j=21:0.694, j=22:0.204
      i=23 -> j=0:0.000, j=1:0.000, j=2:0.000, j=3:0.000, j=4:0.000, j=5:0.000, j=6:0.000, j=7:0.000, j=8:0.000, j=9:0.000, j=10:0.000, j=11:0.000, j=12:0.000, j=13:0.000, j=14:0.000, j=15:0.001, j=16:0.000, j=17:0.000, j=18:0.000, j=19:0.000, j=20:0.002, j=21:0.124, j=22:0.763, j=23:0.106
      i=24 -> j=0:0.000, j=1:0.000, j=2:0.000, j=3:0.000, j=4:0.001, j=5:0.000, j=6:0.000, j=7:0.000, j=8:0.000, j=9:0.000, j=10:0.000, j=11:0.000, j=12:0.000, j=13:0.000, j=14:0.000, j=15:0.002, j=16:0.000, j=17:0.000, j=18:0.000, j=19:0.000, j=20:0.000, j=21:0.006, j=22:0.311, j=23:0.652, j=24:0.026
      i=25 -> j=0:0.000, j=1:0.000, j=2:0.000, j=3:0.000, j=4:0.001, j=5:0.001, j=6:0.000, j=7:0.000, j=8:0.000, j=9:0.000, j=10:0.001, j=11:0.000, j=12:0.000, j=13:0.000, j=14:0.000, j=15:0.001, j=16:0.000, j=17:0.000, j=18:0.000, j=19:0.000, j=20:0.000, j=21:0.000, j=22:0.014, j=23:0.411, j=24:0.296, j=25:0.273
      i=26 -> j=0:0.000, j=1:0.000, j=2:0.000, j=3:0.000, j=4:0.000, j=5:0.001, j=6:0.000, j=7:0.000, j=8:0.000, j=9:0.000, j=10:0.000, j=11:0.000, j=12:0.000, j=13:0.000, j=14:0.000, j=15:0.000, j=16:0.000, j=17:0.000, j=18:0.000, j=19:0.000, j=20:0.000, j=21:0.000, j=22:0.000, j=23:0.007, j=24:0.049, j=25:0.863, j=26:0.076
      i=27 -> j=0:0.001, j=1:0.001, j=2:0.001, j=3:0.000, j=4:0.001, j=5:0.001, j=6:0.001, j=7:0.002, j=8:0.000, j=9:0.000, j=10:0.001, j=11:0.001, j=12:0.000, j=13:0.001, j=14:0.000, j=15:0.001, j=16:0.000, j=17:0.000, j=18:0.001, j=19:0.001, j=20:0.000, j=21:0.000, j=22:0.000, j=23:0.000, j=24:0.004, j=25:0.370, j=26:0.444, j=27:0.168
      i=28 -> j=0:0.000, j=1:0.001, j=2:0.001, j=3:0.000, j=4:0.000, j=5:0.001, j=6:0.000, j=7:0.001, j=8:0.001, j=9:0.001, j=10:0.000, j=11:0.000, j=12:0.000, j=13:0.001, j=14:0.000, j=15:0.001, j=16:0.000, j=17:0.000, j=18:0.000, j=19:0.001, j=20:0.000, j=21:0.000, j=22:0.000, j=23:0.000, j=24:0.000, j=25:0.012, j=26:0.134, j=27:0.665, j=28:0.178
      i=29 -> j=0:0.001, j=1:0.002, j=2:0.002, j=3:0.001, j=4:0.001, j=5:0.001, j=6:0.001, j=7:0.002, j=8:0.001, j=9:0.002, j=10:0.001, j=11:0.001, j=12:0.000, j=13:0.001, j=14:0.001, j=15:0.004, j=16:0.001, j=17:0.000, j=18:0.001, j=19:0.001, j=20:0.001, j=21:0.001, j=22:0.000, j=23:0.000, j=24:0.000, j=25:0.001, j=26:0.009, j=27:0.222, j=28:0.690, j=29:0.051
      i=30 -> j=0:0.000, j=1:0.001, j=2:0.001, j=3:0.001, j=4:0.001, j=5:0.001, j=6:0.000, j=7:0.001, j=8:0.001, j=9:0.001, j=10:0.001, j=11:0.001, j=12:0.000, j=13:0.000, j=14:0.000, j=15:0.004, j=16:0.001, j=17:0.000, j=18:0.000, j=19:0.000, j=20:0.000, j=21:0.001, j=22:0.001, j=23:0.000, j=24:0.000, j=25:0.000, j=26:0.000, j=27:0.015, j=28:0.394, j=29:0.216, j=30:0.355
      i=31 -> j=0:0.000, j=1:0.000, j=2:0.000, j=3:0.000, j=4:0.001, j=5:0.000, j=6:0.000, j=7:0.000, j=8:0.000, j=9:0.000, j=10:0.000, j=11:0.000, j=12:0.000, j=13:0.000, j=14:0.000, j=15:0.001, j=16:0.000, j=17:0.000, j=18:0.000, j=19:0.000, j=20:0.000, j=21:0.000, j=22:0.000, j=23:0.000, j=24:0.000, j=25:0.000, j=26:0.000, j=27:0.000, j=28:0.004, j=29:0.026, j=30:0.802, j=31:0.162
    Average attention per distance:
      d=0:0.190, d=1:0.612, d=2:0.218


======================================================================
QK Property Verification (Raw Scores, before Softmax)
======================================================================
Recurrence order init_len=2, num test sequences=1

--- [P1] Long-distance Orthogonality Verification ---
Ideal: raw_score mean ≈ 0 and small std when d > init_len

  Layer 0, Head 0:
    d= 1 (effective): mean=  2.264, std= 0.172, n=31
    d= 2 (effective): mean=  0.198, std= 0.202, n=30
    d>2 (long-distance): mean= -3.131, std= 1.048, n=435

  Layer 1, Head 0:
    d= 1 (effective): mean=  7.636, std= 0.901, n=31
    d= 2 (effective): mean=  6.422, std= 0.838, n=30
    d>2 (long-distance): mean= -0.174, std= 1.393, n=435

--- [P2] Time-homogeneous Verification ---
Ideal: CV of raw_score across positions i ≈ 0 for fixed distance d
(CV = std / |mean|, smaller = more constant)

  Layer 0, Head 0:
    d= 1: mean=  2.264, std= 0.172, CV=0.076, n=31
    d= 2: mean=  0.198, std= 0.202, CV=1.021, n=30

  Layer 1, Head 0:
    d= 1: mean=  7.636, std= 0.901, CV=0.118, n=31
    d= 2: mean=  6.422, std= 0.838, CV=0.130, n=30

======================================================================
QK Property Verification Completed
======================================================================
