=== Experiment: mixed_basic_d512l4_r8_t32 ===
Time: 2026-06-25T07:17:33.564113
Task type: mixed_ab
Merged config: {
  "P": 53,
  "TASK": "mixed_ab",
  "NUM_MASK": 2,
  "A": 1,
  "B": 1,
  "AB_PAIRS": [
    [
      1,
      1
    ],
    [
      1,
      2
    ]
  ],
  "D_MODEL": 512,
  "N_HEAD": 1,
  "N_LAYER": 4,
  "BATCH_SIZE": 128,
  "EPOCHS": 10000,
  "LR": 0.0003,
  "SAVE_PATH": "models/mixed_basic_d512l4_r8_t32.pth",
  "USE_GREEDY_GENERATE": true,
  "USE_LEARNABLE_PE": false,
  "MLP_RATIO": 8,
  "TRAIN_LEN": 32,
  "OOD_LEN": 64,
  "DROPOUT": 0.0,
  "TARGET_INIT_COVERAGE": 0.5,
  "MAX_UNIQUE_RATIO": 0.5,
  "WEIGHT_DECAY": 1,
  "ENTROPY_PENALTY_WEIGHT": 0.0,
  "FIRST_TASK_WEIGHT": 1.0,
  "RANDOM_SEED": 42,
  "EVAL_INTERVAL": 20,
  "EARLY_STOP_NO_IMPROVE": 2000,
  "EARLY_STOP_ACCURACY": 0.99,
  "USE_AB_TAG": false,
  "USE_CONDITIONAL_WTE": false,
  "COND_WTE_SHARED_RATIO": 0.0
}
--- output ---
Using device: cuda

[Dataset] Mixed mode: generated 2810 + 2808 samples, length 32
AB parameter pairs: [(1, 1), (1, 2)]
--------------------------------------------------
[Model config] block_size: 64, train length: 32
[Number theory] AB parameter pairs: [(1, 1), (1, 2)]


Model parameters: 21.17M

Start training...
Epoch   0 | Train: Loss=3.9599 Acc=11.3% | Test: Acc=0.5% | Best=0.5%(@0)
  from x3: 0.01 0.01 0.01 0.01 0.01 0.01 0.01 0.01 0.01 0.00 0.00 0.00 0.00 0.00 0.00 0.00 0.00 0.00 0.00 0.00 0.00 0.00 0.00 0.00 0.00 0.01 0.00 0.00 0.01
  per-rule acc: 0.00 0.00
Epoch  20 | Train: Loss=0.0077 Acc=99.9% | Test: Acc=1.5% | Best=1.5%(@20)
  from x3: 0.02 0.02 0.01 0.02 0.01 0.02 0.02 0.02 0.02 0.02 0.02 0.01 0.01 0.02 0.01 0.01 0.01 0.02 0.02 0.01 0.01 0.02 0.01 0.02 0.02 0.02 0.02 0.01 0.01
  per-rule acc: 0.02 0.01
Epoch  40 | Train: Loss=0.0035 Acc=100.0% | Test: Acc=1.4% | Best=1.5%(@20)
  from x3: 0.02 0.02 0.01 0.02 0.01 0.02 0.02 0.01 0.01 0.01 0.01 0.01 0.01 0.01 0.01 0.01 0.01 0.01 0.01 0.01 0.01 0.01 0.01 0.01 0.01 0.01 0.01 0.01 0.01
  per-rule acc: 0.01 0.01
Epoch  60 | Train: Loss=0.0651 Acc=98.9% | Test: Acc=1.6% | Best=1.6%(@60)
  from x3: 0.02 0.02 0.02 0.02 0.02 0.02 0.01 0.02 0.01 0.01 0.02 0.02 0.02 0.02 0.02 0.02 0.02 0.02 0.02 0.02 0.02 0.02 0.02 0.02 0.02 0.01 0.02 0.02 0.02
  per-rule acc: 0.02 0.01
Epoch  80 | Train: Loss=0.0027 Acc=100.0% | Test: Acc=1.5% | Best=1.6%(@60)
  from x3: 0.01 0.01 0.02 0.01 0.02 0.01 0.01 0.01 0.01 0.02 0.02 0.02 0.01 0.02 0.02 0.02 0.02 0.02 0.02 0.02 0.01 0.01 0.02 0.02 0.01 0.01 0.01 0.01 0.01
  per-rule acc: 0.01 0.02
Epoch 100 | Train: Loss=0.0564 Acc=99.2% | Test: Acc=1.5% | Best=1.6%(@60)
  from x3: 0.02 0.02 0.02 0.02 0.01 0.01 0.01 0.01 0.02 0.02 0.02 0.01 0.01 0.01 0.01 0.01 0.01 0.01 0.01 0.01 0.01 0.01 0.02 0.02 0.01 0.01 0.01 0.01 0.01
  per-rule acc: 0.02 0.01
Epoch 120 | Train: Loss=0.0029 Acc=100.0% | Test: Acc=1.5% | Best=1.6%(@60)
  from x3: 0.02 0.02 0.01 0.02 0.01 0.01 0.01 0.01 0.02 0.02 0.02 0.02 0.02 0.02 0.02 0.02 0.02 0.02 0.02 0.02 0.02 0.02 0.02 0.01 0.01 0.01 0.01 0.01 0.01
  per-rule acc: 0.02 0.02
Epoch 140 | Train: Loss=0.0509 Acc=99.3% | Test: Acc=1.8% | Best=1.8%(@140)
  from x3: 0.03 0.02 0.02 0.02 0.02 0.02 0.02 0.02 0.02 0.02 0.02 0.02 0.02 0.02 0.02 0.02 0.02 0.02 0.02 0.02 0.02 0.02 0.02 0.02 0.02 0.02 0.02 0.02 0.02
  per-rule acc: 0.02 0.01
Epoch 160 | Train: Loss=0.0027 Acc=100.0% | Test: Acc=1.7% | Best=1.8%(@140)
  from x3: 0.02 0.02 0.02 0.02 0.02 0.02 0.02 0.02 0.02 0.02 0.02 0.02 0.02 0.02 0.02 0.02 0.02 0.02 0.02 0.02 0.02 0.02 0.02 0.02 0.02 0.02 0.02 0.02 0.02
  per-rule acc: 0.02 0.02
Epoch 180 | Train: Loss=0.0962 Acc=98.9% | Test: Acc=2.0% | Best=2.0%(@180)
  from x3: 0.02 0.02 0.02 0.02 0.02 0.02 0.02 0.02 0.02 0.02 0.02 0.02 0.02 0.02 0.02 0.02 0.02 0.02 0.02 0.02 0.02 0.02 0.02 0.02 0.02 0.02 0.02 0.02 0.02
  per-rule acc: 0.02 0.02
Epoch 200 | Train: Loss=0.0025 Acc=100.0% | Test: Acc=2.0% | Best=2.0%(@200)
  from x3: 0.02 0.02 0.02 0.02 0.02 0.02 0.02 0.02 0.02 0.02 0.02 0.02 0.02 0.02 0.02 0.02 0.02 0.02 0.02 0.02 0.02 0.02 0.02 0.02 0.02 0.02 0.02 0.02 0.02
  per-rule acc: 0.02 0.02
Epoch 220 | Train: Loss=0.0028 Acc=100.0% | Test: Acc=2.1% | Best=2.1%(@220)
  from x3: 0.03 0.02 0.02 0.02 0.02 0.02 0.02 0.02 0.02 0.02 0.02 0.02 0.02 0.02 0.02 0.02 0.02 0.02 0.02 0.02 0.02 0.02 0.02 0.02 0.02 0.02 0.02 0.02 0.02
  per-rule acc: 0.02 0.02
Epoch 240 | Train: Loss=0.0019 Acc=100.0% | Test: Acc=2.4% | Best=2.4%(@240)
  from x3: 0.03 0.02 0.02 0.02 0.03 0.02 0.02 0.02 0.03 0.02 0.02 0.02 0.02 0.02 0.02 0.02 0.02 0.02 0.02 0.02 0.02 0.02 0.02 0.02 0.02 0.02 0.02 0.02 0.02
  per-rule acc: 0.03 0.02
Epoch 260 | Train: Loss=0.0027 Acc=100.0% | Test: Acc=2.3% | Best=2.4%(@240)
  from x3: 0.03 0.02 0.02 0.03 0.02 0.02 0.02 0.02 0.02 0.02 0.02 0.02 0.02 0.02 0.02 0.02 0.02 0.02 0.02 0.02 0.02 0.02 0.02 0.02 0.02 0.02 0.02 0.02 0.02
  per-rule acc: 0.03 0.02
Epoch 280 | Train: Loss=0.0326 Acc=99.5% | Test: Acc=2.8% | Best=2.8%(@280)
  from x3: 0.04 0.03 0.03 0.03 0.03 0.03 0.03 0.03 0.03 0.03 0.03 0.03 0.03 0.03 0.03 0.03 0.03 0.03 0.03 0.03 0.03 0.03 0.03 0.03 0.03 0.03 0.03 0.03 0.03
  per-rule acc: 0.04 0.02
Epoch 300 | Train: Loss=0.0024 Acc=100.0% | Test: Acc=3.1% | Best=3.1%(@300)
  from x3: 0.04 0.03 0.03 0.03 0.03 0.03 0.03 0.03 0.03 0.03 0.03 0.03 0.03 0.03 0.03 0.03 0.03 0.03 0.03 0.03 0.03 0.03 0.03 0.03 0.03 0.03 0.03 0.03 0.03
  per-rule acc: 0.04 0.03
Epoch 320 | Train: Loss=0.0025 Acc=100.0% | Test: Acc=3.2% | Best=3.2%(@320)
  from x3: 0.04 0.03 0.03 0.03 0.03 0.03 0.03 0.03 0.03 0.03 0.03 0.03 0.03 0.03 0.03 0.03 0.03 0.03 0.03 0.03 0.03 0.03 0.03 0.03 0.03 0.03 0.03 0.03 0.03
  per-rule acc: 0.04 0.03
Epoch 340 | Train: Loss=0.0018 Acc=100.0% | Test: Acc=3.3% | Best=3.3%(@340)
  from x3: 0.05 0.04 0.03 0.03 0.03 0.03 0.03 0.03 0.03 0.03 0.03 0.03 0.03 0.03 0.03 0.03 0.03 0.03 0.03 0.03 0.03 0.03 0.03 0.03 0.03 0.03 0.03 0.03 0.03
  per-rule acc: 0.04 0.03
Epoch 360 | Train: Loss=0.0025 Acc=100.0% | Test: Acc=3.4% | Best=3.4%(@360)
  from x3: 0.04 0.04 0.03 0.04 0.03 0.03 0.03 0.03 0.03 0.03 0.03 0.03 0.03 0.03 0.03 0.03 0.03 0.03 0.03 0.03 0.03 0.03 0.03 0.03 0.03 0.03 0.03 0.03 0.03
  per-rule acc: 0.04 0.03
Epoch 380 | Train: Loss=0.0025 Acc=100.0% | Test: Acc=3.5% | Best=3.5%(@380)
  from x3: 0.04 0.04 0.04 0.04 0.03 0.03 0.03 0.03 0.03 0.03 0.03 0.03 0.04 0.04 0.03 0.03 0.03 0.03 0.03 0.03 0.03 0.03 0.03 0.03 0.03 0.03 0.03 0.03 0.03
  per-rule acc: 0.04 0.03
Epoch 400 | Train: Loss=0.0018 Acc=100.0% | Test: Acc=4.1% | Best=4.1%(@400)
  from x3: 0.05 0.04 0.04 0.04 0.04 0.04 0.04 0.04 0.04 0.04 0.04 0.04 0.04 0.04 0.04 0.04 0.04 0.04 0.04 0.04 0.04 0.04 0.04 0.04 0.04 0.04 0.04 0.04 0.04
  per-rule acc: 0.05 0.03
Epoch 420 | Train: Loss=0.0024 Acc=100.0% | Test: Acc=3.9% | Best=4.1%(@400)
  from x3: 0.05 0.04 0.04 0.04 0.04 0.04 0.04 0.04 0.04 0.04 0.04 0.04 0.04 0.04 0.04 0.04 0.04 0.04 0.04 0.04 0.04 0.04 0.04 0.04 0.04 0.04 0.04 0.04 0.04
  per-rule acc: 0.05 0.03
Epoch 440 | Train: Loss=0.6775 Acc=96.1% | Test: Acc=3.5% | Best=4.1%(@400)
  from x3: 0.04 0.03 0.03 0.03 0.04 0.03 0.03 0.03 0.03 0.03 0.03 0.03 0.03 0.03 0.03 0.03 0.04 0.04 0.04 0.04 0.04 0.04 0.04 0.04 0.04 0.04 0.04 0.03 0.04
  per-rule acc: 0.04 0.03
Epoch 460 | Train: Loss=0.0019 Acc=100.0% | Test: Acc=5.1% | Best=5.1%(@460)
  from x3: 0.07 0.05 0.05 0.06 0.05 0.05 0.05 0.05 0.05 0.05 0.05 0.05 0.05 0.05 0.05 0.05 0.05 0.05 0.05 0.05 0.05 0.05 0.05 0.05 0.05 0.05 0.05 0.05 0.05
  per-rule acc: 0.06 0.04
Epoch 480 | Train: Loss=0.0024 Acc=100.0% | Test: Acc=5.2% | Best=5.2%(@480)
  from x3: 0.06 0.05 0.05 0.05 0.05 0.05 0.05 0.05 0.05 0.05 0.05 0.05 0.05 0.05 0.05 0.05 0.05 0.05 0.05 0.05 0.05 0.05 0.05 0.05 0.05 0.05 0.05 0.05 0.05
  per-rule acc: 0.07 0.04
Epoch 500 | Train: Loss=0.0081 Acc=99.9% | Test: Acc=6.5% | Best=6.5%(@500)
  from x3: 0.08 0.06 0.06 0.06 0.06 0.06 0.06 0.07 0.07 0.07 0.07 0.07 0.07 0.07 0.07 0.07 0.07 0.06 0.06 0.06 0.06 0.06 0.07 0.06 0.06 0.06 0.06 0.06 0.06
  per-rule acc: 0.08 0.05
Epoch 520 | Train: Loss=0.0022 Acc=100.0% | Test: Acc=5.9% | Best=6.5%(@500)
  from x3: 0.07 0.06 0.06 0.06 0.06 0.06 0.06 0.06 0.06 0.06 0.06 0.06 0.06 0.06 0.06 0.06 0.06 0.06 0.06 0.06 0.06 0.06 0.06 0.06 0.06 0.06 0.06 0.06 0.06
  per-rule acc: 0.07 0.05
Epoch 540 | Train: Loss=0.0024 Acc=100.0% | Test: Acc=6.4% | Best=6.5%(@500)
  from x3: 0.07 0.06 0.06 0.06 0.06 0.06 0.06 0.06 0.06 0.06 0.06 0.06 0.06 0.06 0.06 0.06 0.06 0.07 0.06 0.07 0.07 0.06 0.06 0.06 0.06 0.06 0.06 0.06 0.06
  per-rule acc: 0.08 0.05
Epoch 560 | Train: Loss=0.0033 Acc=100.0% | Test: Acc=7.1% | Best=7.1%(@560)
  from x3: 0.09 0.07 0.07 0.07 0.07 0.07 0.07 0.07 0.07 0.07 0.07 0.07 0.07 0.07 0.07 0.07 0.07 0.07 0.07 0.07 0.07 0.07 0.07 0.07 0.07 0.07 0.07 0.07 0.07
  per-rule acc: 0.10 0.04
Epoch 580 | Train: Loss=0.0022 Acc=100.0% | Test: Acc=7.3% | Best=7.3%(@580)
  from x3: 0.08 0.07 0.07 0.07 0.07 0.07 0.07 0.07 0.07 0.07 0.07 0.07 0.07 0.07 0.07 0.07 0.07 0.07 0.07 0.07 0.07 0.07 0.07 0.07 0.07 0.07 0.07 0.07 0.07
  per-rule acc: 0.09 0.05
Epoch 600 | Train: Loss=0.1514 Acc=98.9% | Test: Acc=7.5% | Best=7.5%(@600)
  from x3: 0.07 0.07 0.08 0.08 0.08 0.08 0.08 0.08 0.08 0.07 0.07 0.07 0.07 0.07 0.07 0.07 0.07 0.07 0.07 0.07 0.07 0.07 0.07 0.08 0.07 0.07 0.07 0.07 0.07
  per-rule acc: 0.09 0.06
Epoch 620 | Train: Loss=0.0018 Acc=100.0% | Test: Acc=9.2% | Best=9.2%(@620)
  from x3: 0.10 0.09 0.09 0.09 0.09 0.09 0.09 0.09 0.09 0.09 0.09 0.09 0.09 0.09 0.09 0.09 0.09 0.09 0.09 0.09 0.09 0.09 0.09 0.09 0.09 0.09 0.09 0.09 0.09
  per-rule acc: 0.11 0.07
Epoch 640 | Train: Loss=0.0022 Acc=100.0% | Test: Acc=9.8% | Best=9.8%(@640)
  from x3: 0.10 0.09 0.10 0.10 0.10 0.10 0.10 0.10 0.10 0.10 0.10 0.10 0.10 0.10 0.10 0.10 0.10 0.10 0.10 0.10 0.10 0.10 0.10 0.10 0.10 0.10 0.10 0.10 0.10
  per-rule acc: 0.12 0.07
Epoch 660 | Train: Loss=0.0020 Acc=100.0% | Test: Acc=10.1% | Best=10.1%(@660)
  from x3: 0.11 0.10 0.10 0.10 0.10 0.10 0.10 0.10 0.10 0.10 0.10 0.10 0.10 0.10 0.10 0.10 0.10 0.10 0.10 0.10 0.10 0.10 0.10 0.10 0.10 0.10 0.10 0.10 0.10
  per-rule acc: 0.13 0.07
Epoch 680 | Train: Loss=0.0021 Acc=100.0% | Test: Acc=11.0% | Best=11.0%(@680)
  from x3: 0.12 0.11 0.11 0.11 0.11 0.11 0.11 0.11 0.11 0.11 0.11 0.11 0.11 0.11 0.11 0.11 0.11 0.11 0.11 0.11 0.11 0.11 0.11 0.11 0.11 0.11 0.11 0.11 0.11
  per-rule acc: 0.14 0.08
Epoch 700 | Train: Loss=0.0065 Acc=100.0% | Test: Acc=11.3% | Best=11.3%(@700)
  from x3: 0.13 0.11 0.11 0.11 0.11 0.11 0.11 0.11 0.11 0.11 0.11 0.11 0.11 0.11 0.11 0.11 0.11 0.11 0.11 0.11 0.11 0.11 0.11 0.11 0.11 0.11 0.11 0.11 0.11
  per-rule acc: 0.15 0.08
Epoch 720 | Train: Loss=0.0133 Acc=99.9% | Test: Acc=10.1% | Best=11.3%(@700)
  from x3: 0.11 0.10 0.10 0.10 0.10 0.10 0.10 0.10 0.10 0.10 0.10 0.10 0.10 0.10 0.10 0.10 0.10 0.10 0.10 0.10 0.10 0.10 0.10 0.10 0.10 0.10 0.10 0.10 0.10
  per-rule acc: 0.13 0.07
Epoch 740 | Train: Loss=0.0018 Acc=100.0% | Test: Acc=11.8% | Best=11.8%(@740)
  from x3: 0.14 0.12 0.12 0.12 0.12 0.12 0.12 0.12 0.12 0.12 0.12 0.12 0.12 0.12 0.12 0.12 0.12 0.12 0.12 0.12 0.12 0.12 0.11 0.11 0.12 0.11 0.11 0.11 0.12
  per-rule acc: 0.15 0.09
Epoch 760 | Train: Loss=0.0022 Acc=100.0% | Test: Acc=12.3% | Best=12.3%(@760)
  from x3: 0.13 0.13 0.12 0.13 0.12 0.12 0.12 0.12 0.12 0.12 0.12 0.12 0.12 0.12 0.12 0.12 0.12 0.12 0.12 0.12 0.12 0.12 0.12 0.12 0.12 0.12 0.12 0.12 0.12
  per-rule acc: 0.15 0.09
Epoch 780 | Train: Loss=0.0096 Acc=99.9% | Test: Acc=15.0% | Best=15.0%(@780)
  from x3: 0.17 0.15 0.15 0.15 0.15 0.15 0.15 0.15 0.15 0.15 0.15 0.15 0.15 0.15 0.15 0.15 0.15 0.15 0.15 0.15 0.15 0.15 0.15 0.15 0.15 0.15 0.15 0.15 0.15
  per-rule acc: 0.19 0.11
Epoch 800 | Train: Loss=0.0019 Acc=100.0% | Test: Acc=14.8% | Best=15.0%(@780)
  from x3: 0.16 0.15 0.15 0.15 0.15 0.15 0.15 0.15 0.15 0.15 0.15 0.14 0.15 0.15 0.15 0.15 0.15 0.15 0.15 0.15 0.15 0.15 0.15 0.15 0.15 0.15 0.15 0.15 0.15
  per-rule acc: 0.19 0.11
Epoch 820 | Train: Loss=0.0022 Acc=100.0% | Test: Acc=15.5% | Best=15.5%(@820)
  from x3: 0.16 0.15 0.15 0.15 0.15 0.15 0.15 0.16 0.15 0.15 0.16 0.15 0.16 0.16 0.16 0.16 0.15 0.15 0.15 0.15 0.15 0.15 0.15 0.16 0.15 0.15 0.16 0.16 0.16
  per-rule acc: 0.19 0.12
Epoch 840 | Train: Loss=0.0027 Acc=100.0% | Test: Acc=16.3% | Best=16.3%(@840)
  from x3: 0.19 0.16 0.16 0.16 0.16 0.16 0.16 0.16 0.16 0.16 0.16 0.16 0.16 0.16 0.16 0.16 0.16 0.16 0.16 0.16 0.16 0.16 0.16 0.16 0.16 0.16 0.16 0.16 0.16
  per-rule acc: 0.22 0.11
Epoch 860 | Train: Loss=0.0019 Acc=100.0% | Test: Acc=17.2% | Best=17.2%(@860)
  from x3: 0.17 0.17 0.17 0.17 0.18 0.17 0.17 0.18 0.17 0.17 0.17 0.17 0.17 0.17 0.17 0.17 0.17 0.17 0.17 0.17 0.17 0.17 0.17 0.17 0.17 0.17 0.17 0.17 0.17
  per-rule acc: 0.21 0.13
Epoch 880 | Train: Loss=0.0021 Acc=100.0% | Test: Acc=17.1% | Best=17.2%(@860)
  from x3: 0.17 0.17 0.17 0.17 0.17 0.17 0.17 0.17 0.17 0.17 0.17 0.17 0.17 0.17 0.17 0.17 0.17 0.17 0.17 0.17 0.17 0.17 0.17 0.17 0.17 0.17 0.17 0.17 0.17
  per-rule acc: 0.21 0.13
Epoch 900 | Train: Loss=0.0015 Acc=100.0% | Test: Acc=19.2% | Best=19.2%(@900)
  from x3: 0.20 0.19 0.19 0.19 0.19 0.19 0.19 0.19 0.19 0.19 0.20 0.19 0.19 0.19 0.19 0.19 0.19 0.19 0.19 0.19 0.19 0.19 0.19 0.19 0.19 0.19 0.19 0.19 0.19
  per-rule acc: 0.24 0.14
Epoch 920 | Train: Loss=0.0020 Acc=100.0% | Test: Acc=19.6% | Best=19.6%(@920)
  from x3: 0.20 0.20 0.20 0.19 0.19 0.19 0.19 0.19 0.19 0.20 0.19 0.19 0.20 0.19 0.20 0.19 0.20 0.20 0.20 0.20 0.20 0.20 0.20 0.20 0.20 0.20 0.20 0.20 0.20
  per-rule acc: 0.24 0.15
Epoch 940 | Train: Loss=0.0017 Acc=100.0% | Test: Acc=22.4% | Best=22.4%(@940)
  from x3: 0.24 0.22 0.22 0.22 0.22 0.22 0.22 0.23 0.23 0.22 0.23 0.22 0.22 0.22 0.22 0.22 0.22 0.22 0.22 0.22 0.22 0.22 0.22 0.22 0.22 0.22 0.23 0.23 0.23
  per-rule acc: 0.28 0.16
Epoch 960 | Train: Loss=0.0018 Acc=100.0% | Test: Acc=21.8% | Best=22.4%(@940)
  from x3: 0.22 0.22 0.22 0.22 0.22 0.22 0.22 0.22 0.22 0.22 0.22 0.22 0.22 0.22 0.22 0.22 0.22 0.22 0.22 0.22 0.22 0.22 0.22 0.22 0.22 0.22 0.22 0.22 0.22
  per-rule acc: 0.26 0.17
Epoch 980 | Train: Loss=0.0557 Acc=99.3% | Test: Acc=19.6% | Best=22.4%(@940)
  from x3: 0.20 0.19 0.20 0.20 0.19 0.20 0.19 0.19 0.19 0.19 0.20 0.20 0.19 0.20 0.20 0.20 0.20 0.20 0.20 0.20 0.20 0.20 0.20 0.20 0.20 0.20 0.20 0.20 0.20
  per-rule acc: 0.26 0.13
Epoch 1000 | Train: Loss=0.0016 Acc=100.0% | Test: Acc=23.8% | Best=23.8%(@1000)
  from x3: 0.25 0.23 0.23 0.24 0.23 0.24 0.24 0.24 0.24 0.24 0.24 0.24 0.24 0.24 0.24 0.24 0.24 0.24 0.24 0.24 0.24 0.24 0.24 0.24 0.24 0.24 0.24 0.24 0.24
  per-rule acc: 0.29 0.19
Epoch 1020 | Train: Loss=0.0020 Acc=100.0% | Test: Acc=23.6% | Best=23.8%(@1000)
  from x3: 0.24 0.23 0.23 0.23 0.24 0.23 0.23 0.24 0.23 0.24 0.24 0.24 0.24 0.24 0.24 0.24 0.24 0.24 0.24 0.24 0.24 0.24 0.24 0.24 0.24 0.24 0.24 0.24 0.24
  per-rule acc: 0.28 0.19
Epoch 1040 | Train: Loss=0.0046 Acc=100.0% | Test: Acc=23.6% | Best=23.8%(@1000)
  from x3: 0.25 0.23 0.23 0.23 0.24 0.24 0.23 0.23 0.24 0.24 0.23 0.24 0.24 0.24 0.24 0.24 0.24 0.24 0.24 0.24 0.24 0.24 0.24 0.24 0.24 0.24 0.24 0.24 0.24
  per-rule acc: 0.30 0.17
Epoch 1060 | Train: Loss=0.0017 Acc=100.0% | Test: Acc=26.2% | Best=26.2%(@1060)
  from x3: 0.27 0.26 0.27 0.26 0.26 0.26 0.26 0.26 0.26 0.26 0.26 0.26 0.26 0.26 0.26 0.26 0.26 0.26 0.26 0.26 0.26 0.26 0.26 0.26 0.26 0.26 0.26 0.26 0.26
  per-rule acc: 0.32 0.21
Epoch 1080 | Train: Loss=0.0020 Acc=100.0% | Test: Acc=27.4% | Best=27.4%(@1080)
  from x3: 0.26 0.27 0.27 0.27 0.27 0.27 0.27 0.27 0.27 0.27 0.27 0.27 0.27 0.28 0.28 0.28 0.28 0.28 0.27 0.28 0.28 0.28 0.28 0.28 0.28 0.28 0.28 0.28 0.28
  per-rule acc: 0.32 0.23
Epoch 1100 | Train: Loss=0.0013 Acc=100.0% | Test: Acc=28.7% | Best=28.7%(@1100)
  from x3: 0.30 0.28 0.29 0.29 0.29 0.29 0.29 0.29 0.29 0.29 0.29 0.29 0.29 0.29 0.29 0.29 0.29 0.29 0.29 0.29 0.28 0.28 0.29 0.29 0.29 0.28 0.29 0.28 0.28
  per-rule acc: 0.36 0.21
Epoch 1120 | Train: Loss=0.0018 Acc=100.0% | Test: Acc=29.6% | Best=29.6%(@1120)
  from x3: 0.31 0.30 0.29 0.29 0.29 0.29 0.29 0.29 0.30 0.30 0.30 0.30 0.30 0.30 0.30 0.30 0.30 0.30 0.30 0.30 0.30 0.30 0.30 0.30 0.30 0.30 0.30 0.29 0.30
  per-rule acc: 0.35 0.24
Epoch 1140 | Train: Loss=0.0198 Acc=99.9% | Test: Acc=27.8% | Best=29.6%(@1120)
  from x3: 0.28 0.26 0.28 0.28 0.28 0.28 0.28 0.28 0.28 0.28 0.28 0.28 0.28 0.28 0.28 0.28 0.28 0.28 0.28 0.28 0.28 0.28 0.28 0.28 0.28 0.28 0.28 0.28 0.28
  per-rule acc: 0.37 0.19
Epoch 1160 | Train: Loss=0.0015 Acc=100.0% | Test: Acc=30.5% | Best=30.5%(@1160)
  from x3: 0.31 0.30 0.30 0.30 0.30 0.30 0.30 0.30 0.30 0.31 0.31 0.31 0.31 0.31 0.31 0.31 0.31 0.31 0.31 0.31 0.30 0.31 0.31 0.31 0.30 0.31 0.31 0.31 0.31
  per-rule acc: 0.38 0.23
Epoch 1180 | Train: Loss=0.0019 Acc=100.0% | Test: Acc=31.2% | Best=31.2%(@1180)
  from x3: 0.30 0.31 0.31 0.31 0.31 0.31 0.31 0.31 0.31 0.31 0.31 0.31 0.31 0.31 0.31 0.31 0.31 0.31 0.32 0.31 0.31 0.31 0.32 0.31 0.31 0.32 0.31 0.32 0.32
  per-rule acc: 0.36 0.26
Epoch 1200 | Train: Loss=0.0028 Acc=100.0% | Test: Acc=31.7% | Best=31.7%(@1200)
  from x3: 0.32 0.31 0.31 0.31 0.32 0.32 0.32 0.32 0.32 0.32 0.32 0.32 0.32 0.32 0.31 0.32 0.32 0.32 0.32 0.32 0.32 0.32 0.32 0.32 0.32 0.32 0.32 0.32 0.32
  per-rule acc: 0.40 0.24
Epoch 1220 | Train: Loss=0.0016 Acc=100.0% | Test: Acc=34.6% | Best=34.6%(@1220)
  from x3: 0.34 0.35 0.35 0.35 0.35 0.35 0.35 0.35 0.35 0.35 0.35 0.35 0.35 0.35 0.34 0.35 0.35 0.35 0.35 0.34 0.35 0.35 0.34 0.34 0.34 0.35 0.34 0.34 0.35
  per-rule acc: 0.41 0.28
Epoch 1240 | Train: Loss=0.0929 Acc=99.1% | Test: Acc=27.8% | Best=34.6%(@1220)
  from x3: 0.27 0.28 0.28 0.28 0.28 0.28 0.28 0.28 0.28 0.28 0.28 0.28 0.28 0.27 0.28 0.28 0.28 0.28 0.28 0.28 0.28 0.28 0.28 0.28 0.28 0.28 0.28 0.28 0.28
  per-rule acc: 0.35 0.21
Epoch 1260 | Train: Loss=0.0014 Acc=100.0% | Test: Acc=37.7% | Best=37.7%(@1260)
  from x3: 0.37 0.37 0.38 0.38 0.38 0.38 0.38 0.38 0.38 0.38 0.38 0.38 0.38 0.38 0.37 0.38 0.38 0.38 0.38 0.38 0.38 0.38 0.38 0.38 0.38 0.38 0.38 0.38 0.38
  per-rule acc: 0.46 0.30
Epoch 1280 | Train: Loss=0.0019 Acc=100.0% | Test: Acc=38.7% | Best=38.7%(@1280)
  from x3: 0.38 0.38 0.38 0.38 0.38 0.39 0.39 0.39 0.39 0.39 0.39 0.39 0.39 0.39 0.39 0.39 0.39 0.39 0.39 0.39 0.39 0.39 0.39 0.39 0.39 0.39 0.39 0.39 0.39
  per-rule acc: 0.44 0.33
Epoch 1300 | Train: Loss=0.0046 Acc=100.0% | Test: Acc=39.8% | Best=39.8%(@1300)
  from x3: 0.39 0.40 0.39 0.40 0.40 0.40 0.40 0.40 0.40 0.40 0.40 0.40 0.40 0.40 0.40 0.40 0.40 0.40 0.40 0.40 0.40 0.40 0.40 0.40 0.40 0.40 0.40 0.39 0.39
  per-rule acc: 0.50 0.29
Epoch 1320 | Train: Loss=0.0016 Acc=100.0% | Test: Acc=39.9% | Best=39.9%(@1320)
  from x3: 0.40 0.39 0.40 0.40 0.40 0.40 0.40 0.40 0.40 0.40 0.40 0.40 0.40 0.40 0.40 0.40 0.40 0.40 0.40 0.40 0.40 0.40 0.40 0.40 0.40 0.40 0.40 0.40 0.40
  per-rule acc: 0.47 0.33
Epoch 1340 | Train: Loss=0.0856 Acc=99.8% | Test: Acc=32.0% | Best=39.9%(@1320)
  from x3: 0.31 0.32 0.31 0.31 0.32 0.32 0.32 0.32 0.32 0.32 0.32 0.32 0.32 0.32 0.32 0.32 0.32 0.32 0.32 0.32 0.32 0.32 0.32 0.32 0.32 0.32 0.32 0.32 0.32
  per-rule acc: 0.39 0.25
Epoch 1360 | Train: Loss=0.0015 Acc=100.0% | Test: Acc=44.0% | Best=44.0%(@1360)
  from x3: 0.42 0.43 0.43 0.44 0.44 0.44 0.44 0.44 0.44 0.44 0.44 0.44 0.44 0.44 0.44 0.44 0.44 0.44 0.44 0.44 0.44 0.44 0.44 0.44 0.44 0.44 0.44 0.44 0.44
  per-rule acc: 0.52 0.36
Epoch 1380 | Train: Loss=0.0019 Acc=100.0% | Test: Acc=44.5% | Best=44.5%(@1380)
  from x3: 0.43 0.44 0.44 0.45 0.44 0.45 0.44 0.45 0.45 0.44 0.45 0.45 0.44 0.44 0.45 0.44 0.45 0.45 0.45 0.45 0.45 0.45 0.45 0.45 0.45 0.45 0.44 0.44 0.45
  per-rule acc: 0.49 0.40
Epoch 1400 | Train: Loss=0.0013 Acc=100.0% | Test: Acc=46.3% | Best=46.3%(@1400)
  from x3: 0.45 0.46 0.46 0.46 0.46 0.46 0.46 0.46 0.46 0.47 0.47 0.46 0.46 0.46 0.47 0.46 0.47 0.46 0.46 0.46 0.46 0.46 0.46 0.46 0.46 0.46 0.46 0.46 0.46
  per-rule acc: 0.56 0.37
Epoch 1420 | Train: Loss=0.0018 Acc=100.0% | Test: Acc=46.8% | Best=46.8%(@1420)
  from x3: 0.46 0.46 0.47 0.47 0.47 0.47 0.47 0.47 0.47 0.47 0.47 0.47 0.47 0.47 0.47 0.47 0.47 0.47 0.47 0.47 0.47 0.47 0.47 0.47 0.46 0.47 0.47 0.47 0.47
  per-rule acc: 0.52 0.41
Epoch 1440 | Train: Loss=0.0216 Acc=99.8% | Test: Acc=42.8% | Best=46.8%(@1420)
  from x3: 0.42 0.42 0.43 0.42 0.43 0.43 0.43 0.43 0.43 0.43 0.43 0.43 0.43 0.43 0.43 0.43 0.43 0.43 0.43 0.43 0.43 0.43 0.43 0.43 0.43 0.43 0.43 0.43 0.43
  per-rule acc: 0.54 0.32
Epoch 1460 | Train: Loss=0.0015 Acc=100.0% | Test: Acc=49.0% | Best=49.0%(@1460)
  from x3: 0.49 0.48 0.49 0.49 0.49 0.49 0.49 0.49 0.49 0.49 0.49 0.49 0.49 0.49 0.49 0.49 0.49 0.49 0.49 0.49 0.49 0.49 0.49 0.49 0.49 0.49 0.49 0.49 0.49
  per-rule acc: 0.57 0.41
Epoch 1480 | Train: Loss=0.0019 Acc=100.0% | Test: Acc=50.7% | Best=50.7%(@1480)
  from x3: 0.48 0.50 0.50 0.51 0.51 0.51 0.51 0.51 0.51 0.51 0.51 0.51 0.51 0.51 0.51 0.51 0.51 0.51 0.51 0.51 0.51 0.51 0.51 0.50 0.51 0.51 0.51 0.51 0.51
  per-rule acc: 0.55 0.47
Epoch 1500 | Train: Loss=0.0019 Acc=100.0% | Test: Acc=49.8% | Best=50.7%(@1480)
  from x3: 0.50 0.48 0.49 0.50 0.50 0.50 0.50 0.50 0.50 0.50 0.50 0.50 0.50 0.50 0.50 0.50 0.50 0.50 0.50 0.50 0.50 0.50 0.50 0.50 0.50 0.50 0.50 0.50 0.50
  per-rule acc: 0.61 0.39
Epoch 1520 | Train: Loss=0.0017 Acc=100.0% | Test: Acc=52.8% | Best=52.8%(@1520)
  from x3: 0.51 0.52 0.53 0.53 0.53 0.52 0.53 0.53 0.53 0.53 0.53 0.53 0.53 0.53 0.53 0.53 0.53 0.53 0.53 0.53 0.53 0.53 0.53 0.53 0.53 0.53 0.53 0.53 0.53
  per-rule acc: 0.59 0.47
Epoch 1540 | Train: Loss=0.0019 Acc=100.0% | Test: Acc=53.1% | Best=53.1%(@1540)
  from x3: 0.51 0.53 0.53 0.53 0.53 0.54 0.53 0.53 0.53 0.53 0.53 0.53 0.53 0.53 0.53 0.53 0.53 0.53 0.53 0.53 0.53 0.53 0.53 0.53 0.53 0.53 0.53 0.53 0.53
  per-rule acc: 0.57 0.50
Epoch 1560 | Train: Loss=0.0013 Acc=100.0% | Test: Acc=57.2% | Best=57.2%(@1560)
  from x3: 0.56 0.56 0.57 0.57 0.57 0.57 0.57 0.57 0.57 0.57 0.57 0.57 0.57 0.57 0.57 0.57 0.57 0.57 0.57 0.57 0.57 0.57 0.57 0.57 0.57 0.57 0.57 0.57 0.57
  per-rule acc: 0.66 0.49
Epoch 1580 | Train: Loss=0.0018 Acc=100.0% | Test: Acc=57.8% | Best=57.8%(@1580)
  from x3: 0.55 0.57 0.57 0.58 0.58 0.58 0.58 0.58 0.58 0.58 0.59 0.58 0.58 0.58 0.58 0.58 0.58 0.58 0.58 0.58 0.58 0.58 0.58 0.58 0.58 0.58 0.58 0.58 0.58
  per-rule acc: 0.63 0.53
Epoch 1600 | Train: Loss=0.0109 Acc=99.9% | Test: Acc=53.1% | Best=57.8%(@1580)
  from x3: 0.51 0.51 0.52 0.52 0.52 0.53 0.53 0.53 0.53 0.53 0.53 0.53 0.53 0.53 0.53 0.53 0.53 0.53 0.53 0.53 0.53 0.54 0.54 0.54 0.54 0.54 0.54 0.54 0.54
  per-rule acc: 0.64 0.43
Epoch 1620 | Train: Loss=0.0036 Acc=100.0% | Test: Acc=55.7% | Best=57.8%(@1580)
  from x3: 0.54 0.54 0.55 0.55 0.55 0.56 0.55 0.56 0.56 0.56 0.56 0.56 0.56 0.56 0.56 0.56 0.56 0.56 0.56 0.56 0.56 0.56 0.56 0.56 0.56 0.56 0.56 0.56 0.56
  per-rule acc: 0.65 0.47
Epoch 1640 | Train: Loss=0.0017 Acc=100.0% | Test: Acc=60.6% | Best=60.6%(@1640)
  from x3: 0.59 0.60 0.60 0.61 0.60 0.60 0.60 0.60 0.61 0.61 0.61 0.61 0.60 0.61 0.61 0.61 0.61 0.61 0.61 0.61 0.61 0.61 0.61 0.61 0.61 0.61 0.61 0.61 0.61
  per-rule acc: 0.66 0.56
Epoch 1660 | Train: Loss=0.0019 Acc=100.0% | Test: Acc=62.2% | Best=62.2%(@1660)
  from x3: 0.59 0.62 0.61 0.62 0.62 0.62 0.62 0.62 0.62 0.62 0.62 0.62 0.62 0.62 0.62 0.62 0.62 0.62 0.62 0.63 0.63 0.63 0.62 0.62 0.63 0.62 0.62 0.62 0.62
  per-rule acc: 0.65 0.60
Epoch 1680 | Train: Loss=0.0012 Acc=100.0% | Test: Acc=62.4% | Best=62.4%(@1680)
  from x3: 0.60 0.61 0.62 0.61 0.62 0.62 0.62 0.62 0.63 0.63 0.63 0.63 0.63 0.63 0.63 0.63 0.63 0.63 0.63 0.63 0.63 0.63 0.62 0.63 0.63 0.63 0.63 0.62 0.63
  per-rule acc: 0.71 0.54
Epoch 1700 | Train: Loss=0.0017 Acc=100.0% | Test: Acc=64.5% | Best=64.5%(@1700)
  from x3: 0.61 0.63 0.64 0.64 0.64 0.64 0.64 0.65 0.65 0.65 0.64 0.65 0.64 0.65 0.65 0.65 0.65 0.65 0.65 0.65 0.65 0.65 0.65 0.65 0.65 0.65 0.65 0.65 0.65
  per-rule acc: 0.69 0.60
Epoch 1720 | Train: Loss=0.0118 Acc=99.9% | Test: Acc=57.7% | Best=64.5%(@1700)
  from x3: 0.54 0.57 0.57 0.58 0.58 0.58 0.57 0.58 0.58 0.58 0.58 0.58 0.58 0.58 0.58 0.58 0.58 0.58 0.58 0.58 0.58 0.58 0.58 0.58 0.58 0.58 0.58 0.58 0.58
  per-rule acc: 0.68 0.47
Epoch 1740 | Train: Loss=0.0015 Acc=100.0% | Test: Acc=65.4% | Best=65.4%(@1740)
  from x3: 0.62 0.65 0.65 0.66 0.66 0.66 0.66 0.66 0.65 0.65 0.65 0.65 0.65 0.65 0.65 0.65 0.65 0.65 0.65 0.66 0.66 0.66 0.66 0.65 0.65 0.66 0.66 0.66 0.66
  per-rule acc: 0.72 0.59
Epoch 1760 | Train: Loss=0.0018 Acc=100.0% | Test: Acc=67.6% | Best=67.6%(@1760)
  from x3: 0.63 0.67 0.67 0.67 0.68 0.68 0.68 0.68 0.68 0.67 0.68 0.68 0.68 0.68 0.68 0.68 0.68 0.68 0.68 0.68 0.68 0.68 0.68 0.68 0.68 0.68 0.68 0.68 0.68
  per-rule acc: 0.71 0.64
Epoch 1780 | Train: Loss=0.0022 Acc=100.0% | Test: Acc=66.1% | Best=67.6%(@1760)
  from x3: 0.64 0.65 0.65 0.66 0.66 0.66 0.66 0.66 0.66 0.66 0.66 0.66 0.66 0.66 0.66 0.66 0.66 0.66 0.66 0.67 0.66 0.67 0.67 0.67 0.67 0.66 0.67 0.66 0.66
  per-rule acc: 0.77 0.55
Epoch 1800 | Train: Loss=0.0015 Acc=100.0% | Test: Acc=69.7% | Best=69.7%(@1800)
  from x3: 0.66 0.69 0.69 0.70 0.70 0.70 0.70 0.70 0.70 0.70 0.70 0.70 0.70 0.70 0.70 0.70 0.70 0.70 0.70 0.70 0.70 0.70 0.70 0.70 0.70 0.70 0.70 0.70 0.70
  per-rule acc: 0.75 0.64
Epoch 1820 | Train: Loss=0.0018 Acc=100.0% | Test: Acc=70.2% | Best=70.2%(@1820)
  from x3: 0.67 0.70 0.69 0.70 0.70 0.70 0.70 0.70 0.70 0.70 0.70 0.70 0.70 0.70 0.70 0.71 0.70 0.70 0.70 0.71 0.71 0.71 0.71 0.71 0.71 0.71 0.71 0.71 0.71
  per-rule acc: 0.73 0.68
Epoch 1840 | Train: Loss=0.0061 Acc=99.9% | Test: Acc=65.2% | Best=70.2%(@1820)
  from x3: 0.63 0.64 0.64 0.64 0.65 0.65 0.65 0.65 0.65 0.65 0.65 0.65 0.65 0.66 0.65 0.65 0.65 0.66 0.65 0.66 0.66 0.66 0.66 0.66 0.66 0.66 0.66 0.66 0.65
  per-rule acc: 0.74 0.56
Epoch 1860 | Train: Loss=0.0015 Acc=100.0% | Test: Acc=73.1% | Best=73.1%(@1860)
  from x3: 0.69 0.72 0.73 0.73 0.73 0.73 0.73 0.73 0.73 0.73 0.73 0.73 0.73 0.73 0.73 0.73 0.73 0.73 0.73 0.74 0.73 0.74 0.74 0.73 0.73 0.73 0.73 0.73 0.73
  per-rule acc: 0.77 0.69
Epoch 1880 | Train: Loss=0.0018 Acc=100.0% | Test: Acc=74.3% | Best=74.3%(@1880)
  from x3: 0.71 0.73 0.73 0.74 0.74 0.74 0.74 0.74 0.74 0.75 0.75 0.75 0.75 0.75 0.75 0.75 0.75 0.75 0.75 0.75 0.75 0.75 0.74 0.75 0.75 0.75 0.74 0.74 0.74
  per-rule acc: 0.77 0.72
Epoch 1900 | Train: Loss=0.0015 Acc=100.0% | Test: Acc=71.9% | Best=74.3%(@1880)
  from x3: 0.69 0.71 0.71 0.71 0.71 0.72 0.72 0.72 0.72 0.72 0.72 0.72 0.72 0.72 0.72 0.72 0.72 0.72 0.72 0.72 0.72 0.72 0.72 0.72 0.73 0.72 0.72 0.72 0.72
  per-rule acc: 0.80 0.64
Epoch 1920 | Train: Loss=0.0016 Acc=100.0% | Test: Acc=74.0% | Best=74.3%(@1880)
  from x3: 0.71 0.73 0.74 0.74 0.74 0.74 0.74 0.74 0.74 0.74 0.74 0.74 0.74 0.74 0.74 0.74 0.74 0.74 0.74 0.74 0.74 0.74 0.74 0.74 0.74 0.74 0.74 0.74 0.74
  per-rule acc: 0.78 0.70
Epoch 1940 | Train: Loss=0.0018 Acc=100.0% | Test: Acc=75.7% | Best=75.7%(@1940)
  from x3: 0.73 0.75 0.75 0.75 0.75 0.76 0.76 0.76 0.76 0.76 0.76 0.76 0.76 0.76 0.76 0.76 0.76 0.76 0.76 0.76 0.76 0.76 0.76 0.76 0.76 0.76 0.76 0.76 0.76
  per-rule acc: 0.79 0.73
Epoch 1960 | Train: Loss=0.0017 Acc=100.0% | Test: Acc=75.3% | Best=75.7%(@1940)
  from x3: 0.72 0.73 0.75 0.75 0.75 0.75 0.75 0.75 0.75 0.76 0.75 0.76 0.76 0.76 0.76 0.76 0.76 0.76 0.76 0.76 0.76 0.76 0.76 0.76 0.76 0.76 0.76 0.76 0.76
  per-rule acc: 0.83 0.67
Epoch 1980 | Train: Loss=0.0015 Acc=100.0% | Test: Acc=76.4% | Best=76.4%(@1980)
  from x3: 0.74 0.76 0.76 0.76 0.76 0.77 0.77 0.77 0.76 0.76 0.77 0.76 0.76 0.76 0.76 0.76 0.76 0.76 0.76 0.76 0.76 0.76 0.76 0.77 0.77 0.77 0.77 0.77 0.77
  per-rule acc: 0.81 0.72
Epoch 2000 | Train: Loss=0.0017 Acc=100.0% | Test: Acc=78.1% | Best=78.1%(@2000)
  from x3: 0.74 0.77 0.77 0.77 0.77 0.78 0.78 0.78 0.78 0.78 0.78 0.78 0.78 0.78 0.78 0.78 0.78 0.78 0.78 0.79 0.79 0.79 0.79 0.78 0.79 0.79 0.79 0.79 0.79
  per-rule acc: 0.81 0.76
Epoch 2020 | Train: Loss=0.0023 Acc=100.0% | Test: Acc=75.0% | Best=78.1%(@2000)
  from x3: 0.73 0.74 0.74 0.75 0.75 0.75 0.75 0.75 0.75 0.75 0.75 0.75 0.75 0.75 0.75 0.75 0.75 0.75 0.75 0.75 0.75 0.75 0.75 0.75 0.75 0.75 0.75 0.75 0.75
  per-rule acc: 0.83 0.67
Epoch 2040 | Train: Loss=0.0012 Acc=100.0% | Test: Acc=78.4% | Best=78.4%(@2040)
  from x3: 0.76 0.78 0.78 0.78 0.79 0.79 0.79 0.79 0.79 0.78 0.79 0.79 0.79 0.79 0.79 0.79 0.79 0.79 0.78 0.79 0.78 0.79 0.78 0.79 0.78 0.78 0.78 0.78 0.78
  per-rule acc: 0.84 0.73
Epoch 2060 | Train: Loss=0.0017 Acc=100.0% | Test: Acc=79.2% | Best=79.2%(@2060)
  from x3: 0.76 0.78 0.79 0.79 0.79 0.79 0.79 0.79 0.79 0.79 0.79 0.79 0.79 0.79 0.79 0.79 0.79 0.79 0.80 0.80 0.80 0.80 0.80 0.80 0.80 0.80 0.80 0.79 0.79
  per-rule acc: 0.82 0.76
Epoch 2080 | Train: Loss=0.0365 Acc=99.6% | Test: Acc=66.7% | Best=79.2%(@2060)
  from x3: 0.64 0.66 0.65 0.66 0.67 0.67 0.67 0.67 0.67 0.67 0.67 0.67 0.67 0.67 0.67 0.67 0.67 0.67 0.67 0.67 0.67 0.67 0.67 0.67 0.67 0.67 0.67 0.67 0.67
  per-rule acc: 0.73 0.60
Epoch 2100 | Train: Loss=0.0014 Acc=100.0% | Test: Acc=81.3% | Best=81.3%(@2100)
  from x3: 0.79 0.80 0.80 0.81 0.81 0.81 0.81 0.81 0.81 0.81 0.81 0.82 0.82 0.82 0.82 0.82 0.81 0.81 0.81 0.82 0.82 0.82 0.81 0.81 0.82 0.82 0.82 0.82 0.82
  per-rule acc: 0.86 0.77
Epoch 2120 | Train: Loss=0.0017 Acc=100.0% | Test: Acc=81.6% | Best=81.6%(@2120)
  from x3: 0.78 0.81 0.81 0.81 0.81 0.81 0.81 0.81 0.82 0.81 0.82 0.82 0.82 0.82 0.82 0.82 0.82 0.82 0.82 0.82 0.82 0.82 0.82 0.82 0.82 0.82 0.82 0.82 0.82
  per-rule acc: 0.84 0.79
Epoch 2140 | Train: Loss=0.0023 Acc=100.0% | Test: Acc=77.3% | Best=81.6%(@2120)
  from x3: 0.75 0.77 0.76 0.77 0.77 0.77 0.77 0.77 0.77 0.77 0.77 0.77 0.77 0.77 0.77 0.78 0.78 0.77 0.78 0.78 0.78 0.78 0.78 0.78 0.78 0.78 0.78 0.78 0.78
  per-rule acc: 0.85 0.70
Epoch 2160 | Train: Loss=0.0015 Acc=100.0% | Test: Acc=81.7% | Best=81.7%(@2160)
  from x3: 0.81 0.81 0.81 0.82 0.82 0.82 0.82 0.82 0.82 0.81 0.82 0.82 0.82 0.82 0.82 0.82 0.82 0.82 0.82 0.82 0.82 0.82 0.82 0.82 0.82 0.82 0.82 0.82 0.82
  per-rule acc: 0.85 0.78
Epoch 2180 | Train: Loss=0.0017 Acc=100.0% | Test: Acc=82.7% | Best=82.7%(@2180)
  from x3: 0.80 0.82 0.83 0.82 0.83 0.83 0.83 0.83 0.83 0.83 0.83 0.83 0.83 0.83 0.83 0.83 0.83 0.83 0.83 0.83 0.83 0.83 0.83 0.83 0.83 0.83 0.83 0.83 0.83
  per-rule acc: 0.85 0.80
Epoch 2200 | Train: Loss=0.0015 Acc=100.0% | Test: Acc=81.4% | Best=82.7%(@2180)
  from x3: 0.80 0.80 0.80 0.81 0.81 0.81 0.81 0.81 0.81 0.82 0.82 0.82 0.82 0.82 0.82 0.82 0.82 0.81 0.82 0.82 0.81 0.82 0.81 0.82 0.81 0.82 0.81 0.82 0.82
  per-rule acc: 0.87 0.76
Epoch 2220 | Train: Loss=0.0016 Acc=100.0% | Test: Acc=83.3% | Best=83.3%(@2220)
  from x3: 0.81 0.82 0.83 0.83 0.83 0.83 0.83 0.83 0.83 0.83 0.83 0.83 0.84 0.83 0.84 0.83 0.84 0.84 0.84 0.84 0.84 0.84 0.83 0.83 0.84 0.84 0.84 0.84 0.84
  per-rule acc: 0.87 0.80
Epoch 2240 | Train: Loss=0.0017 Acc=100.0% | Test: Acc=84.5% | Best=84.5%(@2240)
  from x3: 0.82 0.84 0.84 0.84 0.84 0.84 0.84 0.84 0.84 0.85 0.85 0.85 0.85 0.85 0.85 0.85 0.85 0.85 0.85 0.85 0.85 0.85 0.85 0.85 0.85 0.85 0.85 0.85 0.85
  per-rule acc: 0.87 0.82
Epoch 2260 | Train: Loss=0.0012 Acc=100.0% | Test: Acc=84.7% | Best=84.7%(@2260)
  from x3: 0.82 0.84 0.84 0.84 0.85 0.85 0.84 0.85 0.85 0.85 0.85 0.85 0.85 0.85 0.85 0.85 0.85 0.85 0.85 0.85 0.85 0.85 0.85 0.85 0.85 0.85 0.85 0.85 0.85
  per-rule acc: 0.89 0.80
Epoch 2280 | Train: Loss=0.0016 Acc=100.0% | Test: Acc=85.6% | Best=85.6%(@2280)
  from x3: 0.83 0.85 0.85 0.85 0.85 0.85 0.85 0.85 0.85 0.86 0.86 0.85 0.86 0.86 0.86 0.86 0.86 0.86 0.86 0.86 0.86 0.86 0.86 0.86 0.86 0.86 0.86 0.86 0.86
  per-rule acc: 0.88 0.83
Epoch 2300 | Train: Loss=0.0017 Acc=100.0% | Test: Acc=85.9% | Best=85.9%(@2300)
  from x3: 0.84 0.86 0.86 0.86 0.86 0.86 0.86 0.86 0.86 0.86 0.86 0.86 0.86 0.86 0.86 0.86 0.86 0.86 0.86 0.86 0.86 0.86 0.86 0.86 0.86 0.86 0.86 0.86 0.86
  per-rule acc: 0.88 0.83
Epoch 2320 | Train: Loss=0.0060 Acc=99.9% | Test: Acc=78.4% | Best=85.9%(@2300)
  from x3: 0.75 0.77 0.78 0.78 0.78 0.78 0.78 0.78 0.79 0.78 0.78 0.78 0.79 0.78 0.79 0.79 0.79 0.79 0.79 0.79 0.79 0.79 0.79 0.79 0.79 0.79 0.79 0.79 0.79
  per-rule acc: 0.83 0.74
Epoch 2340 | Train: Loss=0.0014 Acc=100.0% | Test: Acc=84.4% | Best=85.9%(@2300)
  from x3: 0.83 0.84 0.84 0.84 0.84 0.84 0.84 0.84 0.84 0.85 0.84 0.85 0.85 0.85 0.85 0.85 0.85 0.84 0.84 0.84 0.84 0.85 0.85 0.85 0.85 0.85 0.85 0.85 0.85
  per-rule acc: 0.88 0.81
Epoch 2360 | Train: Loss=0.0017 Acc=100.0% | Test: Acc=85.6% | Best=85.9%(@2300)
  from x3: 0.84 0.85 0.85 0.85 0.85 0.85 0.86 0.85 0.86 0.86 0.86 0.86 0.86 0.86 0.86 0.86 0.86 0.86 0.86 0.86 0.86 0.86 0.86 0.86 0.86 0.86 0.86 0.86 0.86
  per-rule acc: 0.88 0.83
Epoch 2380 | Train: Loss=0.0027 Acc=100.0% | Test: Acc=83.0% | Best=85.9%(@2300)
  from x3: 0.81 0.82 0.83 0.83 0.83 0.83 0.83 0.83 0.83 0.83 0.83 0.83 0.83 0.83 0.83 0.83 0.83 0.83 0.83 0.83 0.83 0.83 0.83 0.83 0.83 0.83 0.83 0.83 0.83
  per-rule acc: 0.87 0.79
Epoch 2400 | Train: Loss=0.0014 Acc=100.0% | Test: Acc=86.5% | Best=86.5%(@2400)
  from x3: 0.85 0.86 0.86 0.87 0.86 0.87 0.86 0.87 0.87 0.87 0.87 0.87 0.87 0.87 0.86 0.87 0.87 0.87 0.87 0.86 0.86 0.86 0.86 0.86 0.86 0.87 0.87 0.86 0.86
  per-rule acc: 0.89 0.84
Epoch 2420 | Train: Loss=0.0139 Acc=99.9% | Test: Acc=78.2% | Best=86.5%(@2400)
  from x3: 0.75 0.78 0.78 0.78 0.78 0.78 0.78 0.78 0.78 0.78 0.78 0.78 0.79 0.78 0.78 0.78 0.78 0.78 0.78 0.79 0.78 0.78 0.78 0.78 0.79 0.79 0.78 0.78 0.79
  per-rule acc: 0.83 0.74
Epoch 2440 | Train: Loss=0.0014 Acc=100.0% | Test: Acc=86.8% | Best=86.8%(@2440)
  from x3: 0.85 0.87 0.87 0.87 0.87 0.87 0.87 0.87 0.87 0.87 0.87 0.87 0.87 0.87 0.87 0.87 0.87 0.87 0.87 0.87 0.87 0.87 0.87 0.87 0.87 0.87 0.87 0.87 0.87
  per-rule acc: 0.89 0.84
Epoch 2460 | Train: Loss=0.0016 Acc=100.0% | Test: Acc=87.8% | Best=87.8%(@2460)
  from x3: 0.86 0.88 0.87 0.88 0.88 0.88 0.88 0.88 0.88 0.88 0.88 0.88 0.88 0.88 0.88 0.88 0.88 0.88 0.88 0.88 0.88 0.88 0.88 0.88 0.88 0.88 0.88 0.88 0.88
  per-rule acc: 0.90 0.86
Epoch 2480 | Train: Loss=0.0022 Acc=100.0% | Test: Acc=85.0% | Best=87.8%(@2460)
  from x3: 0.83 0.85 0.85 0.85 0.85 0.85 0.85 0.85 0.85 0.85 0.85 0.85 0.85 0.85 0.85 0.85 0.85 0.85 0.85 0.85 0.85 0.85 0.85 0.85 0.85 0.85 0.85 0.85 0.85
  per-rule acc: 0.91 0.79
Epoch 2500 | Train: Loss=0.0015 Acc=100.0% | Test: Acc=87.2% | Best=87.8%(@2460)
  from x3: 0.86 0.87 0.87 0.87 0.87 0.87 0.87 0.87 0.87 0.88 0.87 0.87 0.87 0.87 0.87 0.87 0.87 0.87 0.87 0.87 0.87 0.87 0.87 0.87 0.87 0.87 0.87 0.87 0.87
  per-rule acc: 0.90 0.84
Epoch 2520 | Train: Loss=0.0017 Acc=100.0% | Test: Acc=88.0% | Best=88.0%(@2520)
  from x3: 0.86 0.88 0.88 0.88 0.88 0.88 0.88 0.88 0.88 0.88 0.88 0.88 0.88 0.88 0.88 0.88 0.88 0.88 0.88 0.88 0.88 0.88 0.88 0.88 0.88 0.88 0.88 0.88 0.88
  per-rule acc: 0.90 0.86
Epoch 2540 | Train: Loss=0.0011 Acc=100.0% | Test: Acc=87.2% | Best=88.0%(@2520)
  from x3: 0.86 0.87 0.87 0.87 0.87 0.87 0.87 0.87 0.87 0.87 0.87 0.87 0.87 0.87 0.87 0.87 0.87 0.88 0.87 0.87 0.87 0.87 0.87 0.87 0.87 0.87 0.87 0.87 0.88
  per-rule acc: 0.90 0.84
Epoch 2560 | Train: Loss=0.0016 Acc=100.0% | Test: Acc=87.5% | Best=88.0%(@2520)
  from x3: 0.86 0.86 0.87 0.87 0.87 0.87 0.87 0.87 0.87 0.88 0.87 0.88 0.88 0.88 0.88 0.88 0.88 0.88 0.88 0.88 0.88 0.88 0.88 0.88 0.88 0.88 0.88 0.88 0.88
  per-rule acc: 0.89 0.86
Epoch 2580 | Train: Loss=0.1311 Acc=98.8% | Test: Acc=68.1% | Best=88.0%(@2520)
  from x3: 0.65 0.67 0.68 0.68 0.68 0.68 0.68 0.68 0.68 0.68 0.68 0.69 0.68 0.68 0.69 0.68 0.68 0.68 0.68 0.68 0.68 0.68 0.68 0.68 0.68 0.68 0.68 0.68 0.68
  per-rule acc: 0.76 0.60
Epoch 2600 | Train: Loss=0.0028 Acc=100.0% | Test: Acc=86.7% | Best=88.0%(@2520)
  from x3: 0.84 0.86 0.86 0.87 0.87 0.87 0.87 0.87 0.87 0.87 0.87 0.87 0.87 0.87 0.87 0.87 0.87 0.87 0.87 0.87 0.87 0.87 0.87 0.87 0.87 0.87 0.87 0.87 0.87
  per-rule acc: 0.90 0.84
Epoch 2620 | Train: Loss=0.0015 Acc=100.0% | Test: Acc=88.4% | Best=88.4%(@2620)
  from x3: 0.87 0.88 0.88 0.89 0.88 0.88 0.89 0.89 0.89 0.89 0.89 0.89 0.88 0.89 0.88 0.88 0.88 0.88 0.88 0.89 0.88 0.88 0.88 0.88 0.88 0.88 0.88 0.89 0.89
  per-rule acc: 0.91 0.86
Epoch 2640 | Train: Loss=0.0017 Acc=100.0% | Test: Acc=89.4% | Best=89.4%(@2640)
  from x3: 0.88 0.88 0.89 0.89 0.89 0.89 0.90 0.89 0.89 0.89 0.89 0.89 0.89 0.89 0.89 0.90 0.90 0.90 0.90 0.89 0.90 0.90 0.90 0.90 0.90 0.90 0.90 0.90 0.90
  per-rule acc: 0.91 0.88
Epoch 2660 | Train: Loss=0.0011 Acc=100.0% | Test: Acc=88.9% | Best=89.4%(@2640)
  from x3: 0.86 0.88 0.88 0.89 0.89 0.89 0.89 0.89 0.89 0.89 0.89 0.89 0.89 0.89 0.89 0.89 0.89 0.89 0.89 0.89 0.89 0.89 0.89 0.89 0.89 0.89 0.89 0.89 0.89
  per-rule acc: 0.92 0.86
Epoch 2680 | Train: Loss=0.0016 Acc=100.0% | Test: Acc=88.9% | Best=89.4%(@2640)
  from x3: 0.87 0.88 0.89 0.89 0.89 0.89 0.89 0.89 0.89 0.89 0.89 0.89 0.89 0.89 0.89 0.89 0.89 0.89 0.89 0.89 0.89 0.89 0.89 0.89 0.89 0.89 0.89 0.89 0.89
  per-rule acc: 0.91 0.87
Epoch 2700 | Train: Loss=0.0017 Acc=100.0% | Test: Acc=89.2% | Best=89.4%(@2640)
  from x3: 0.87 0.89 0.89 0.89 0.89 0.89 0.89 0.89 0.89 0.89 0.90 0.89 0.89 0.89 0.89 0.89 0.89 0.89 0.89 0.89 0.89 0.89 0.89 0.89 0.89 0.89 0.89 0.89 0.89
  per-rule acc: 0.91 0.88
Epoch 2720 | Train: Loss=0.0062 Acc=99.9% | Test: Acc=82.0% | Best=89.4%(@2640)
  from x3: 0.79 0.81 0.81 0.82 0.82 0.82 0.82 0.82 0.82 0.82 0.82 0.82 0.82 0.82 0.82 0.82 0.82 0.83 0.82 0.82 0.82 0.82 0.82 0.82 0.82 0.82 0.82 0.82 0.82
  per-rule acc: 0.86 0.78
Epoch 2740 | Train: Loss=0.0012 Acc=100.0% | Test: Acc=89.8% | Best=89.8%(@2740)
  from x3: 0.88 0.89 0.89 0.89 0.90 0.90 0.90 0.90 0.90 0.90 0.90 0.90 0.90 0.90 0.90 0.90 0.90 0.90 0.90 0.90 0.90 0.90 0.90 0.90 0.90 0.90 0.90 0.90 0.90
  per-rule acc: 0.92 0.88
Epoch 2760 | Train: Loss=0.0016 Acc=100.0% | Test: Acc=90.2% | Best=90.2%(@2760)
  from x3: 0.89 0.90 0.90 0.90 0.90 0.91 0.90 0.90 0.90 0.90 0.90 0.90 0.90 0.90 0.90 0.90 0.90 0.90 0.90 0.90 0.90 0.90 0.90 0.90 0.90 0.90 0.90 0.90 0.90
  per-rule acc: 0.92 0.89
Epoch 2780 | Train: Loss=0.0013 Acc=100.0% | Test: Acc=90.8% | Best=90.8%(@2780)
  from x3: 0.89 0.90 0.91 0.91 0.91 0.91 0.91 0.91 0.91 0.91 0.91 0.91 0.91 0.91 0.91 0.91 0.91 0.91 0.91 0.91 0.91 0.91 0.91 0.91 0.91 0.91 0.91 0.91 0.91
  per-rule acc: 0.93 0.88
Epoch 2800 | Train: Loss=0.0016 Acc=100.0% | Test: Acc=90.7% | Best=90.8%(@2780)
  from x3: 0.90 0.91 0.91 0.91 0.91 0.91 0.91 0.91 0.91 0.91 0.91 0.91 0.91 0.91 0.91 0.91 0.91 0.91 0.91 0.91 0.91 0.91 0.91 0.91 0.91 0.91 0.91 0.91 0.91
  per-rule acc: 0.92 0.89
Epoch 2820 | Train: Loss=0.0017 Acc=100.0% | Test: Acc=90.9% | Best=90.9%(@2820)
  from x3: 0.89 0.91 0.91 0.91 0.91 0.91 0.91 0.91 0.91 0.91 0.91 0.91 0.91 0.91 0.91 0.91 0.91 0.91 0.91 0.91 0.91 0.91 0.91 0.91 0.91 0.91 0.91 0.91 0.91
  per-rule acc: 0.92 0.89
Epoch 2840 | Train: Loss=0.0011 Acc=100.0% | Test: Acc=91.1% | Best=91.1%(@2840)
  from x3: 0.89 0.91 0.91 0.91 0.91 0.91 0.91 0.91 0.91 0.91 0.91 0.91 0.91 0.91 0.91 0.91 0.91 0.91 0.91 0.91 0.91 0.91 0.91 0.91 0.91 0.91 0.91 0.91 0.91
  per-rule acc: 0.94 0.88
Epoch 2860 | Train: Loss=0.0015 Acc=100.0% | Test: Acc=90.6% | Best=91.1%(@2840)
  from x3: 0.88 0.90 0.90 0.91 0.91 0.91 0.91 0.91 0.91 0.91 0.91 0.91 0.91 0.91 0.91 0.91 0.91 0.91 0.91 0.91 0.91 0.91 0.91 0.91 0.91 0.91 0.91 0.91 0.91
  per-rule acc: 0.93 0.89
Epoch 2880 | Train: Loss=0.0011 Acc=100.0% | Test: Acc=91.2% | Best=91.2%(@2880)
  from x3: 0.90 0.90 0.91 0.91 0.91 0.91 0.91 0.91 0.91 0.91 0.91 0.91 0.91 0.91 0.91 0.91 0.91 0.91 0.92 0.91 0.91 0.91 0.91 0.91 0.91 0.91 0.91 0.91 0.91
  per-rule acc: 0.93 0.89
Epoch 2900 | Train: Loss=0.0016 Acc=100.0% | Test: Acc=90.7% | Best=91.2%(@2880)
  from x3: 0.89 0.91 0.90 0.91 0.91 0.91 0.91 0.91 0.91 0.91 0.91 0.91 0.91 0.91 0.91 0.91 0.91 0.91 0.91 0.91 0.91 0.91 0.91 0.91 0.91 0.91 0.91 0.91 0.91
  per-rule acc: 0.93 0.89
Epoch 2920 | Train: Loss=0.0012 Acc=100.0% | Test: Acc=91.7% | Best=91.7%(@2920)
  from x3: 0.89 0.91 0.92 0.92 0.92 0.92 0.92 0.92 0.92 0.92 0.92 0.92 0.92 0.92 0.92 0.92 0.92 0.92 0.92 0.92 0.92 0.92 0.92 0.92 0.92 0.92 0.92 0.92 0.92
  per-rule acc: 0.93 0.90
Epoch 2940 | Train: Loss=0.0016 Acc=100.0% | Test: Acc=90.5% | Best=91.7%(@2920)
  from x3: 0.89 0.90 0.90 0.90 0.91 0.91 0.91 0.91 0.91 0.91 0.91 0.91 0.91 0.91 0.90 0.90 0.91 0.91 0.91 0.91 0.91 0.91 0.90 0.91 0.91 0.91 0.91 0.91 0.91
  per-rule acc: 0.92 0.89
Epoch 2960 | Train: Loss=0.0110 Acc=99.9% | Test: Acc=84.3% | Best=91.7%(@2920)
  from x3: 0.81 0.84 0.84 0.84 0.84 0.84 0.84 0.84 0.84 0.84 0.85 0.84 0.84 0.84 0.85 0.85 0.84 0.85 0.85 0.84 0.85 0.85 0.85 0.85 0.85 0.85 0.85 0.85 0.85
  per-rule acc: 0.86 0.82
Epoch 2980 | Train: Loss=0.0014 Acc=100.0% | Test: Acc=90.4% | Best=91.7%(@2920)
  from x3: 0.89 0.90 0.91 0.90 0.90 0.90 0.90 0.90 0.90 0.90 0.90 0.90 0.90 0.90 0.90 0.91 0.90 0.91 0.90 0.91 0.91 0.91 0.90 0.91 0.91 0.90 0.91 0.91 0.91
  per-rule acc: 0.93 0.88
Epoch 3000 | Train: Loss=0.0017 Acc=100.0% | Test: Acc=90.9% | Best=91.7%(@2920)
  from x3: 0.89 0.91 0.91 0.91 0.91 0.91 0.91 0.91 0.91 0.91 0.91 0.91 0.91 0.91 0.91 0.91 0.91 0.91 0.91 0.91 0.91 0.91 0.91 0.91 0.91 0.91 0.91 0.91 0.91
  per-rule acc: 0.92 0.90
Epoch 3020 | Train: Loss=0.0017 Acc=100.0% | Test: Acc=89.9% | Best=91.7%(@2920)
  from x3: 0.88 0.89 0.90 0.90 0.90 0.90 0.90 0.90 0.90 0.90 0.90 0.90 0.90 0.90 0.90 0.90 0.90 0.90 0.90 0.90 0.90 0.90 0.90 0.90 0.90 0.90 0.90 0.90 0.90
  per-rule acc: 0.93 0.87
Epoch 3040 | Train: Loss=0.0015 Acc=100.0% | Test: Acc=91.4% | Best=91.7%(@2920)
  from x3: 0.89 0.91 0.91 0.91 0.91 0.92 0.91 0.91 0.91 0.91 0.92 0.91 0.92 0.92 0.91 0.92 0.91 0.92 0.91 0.91 0.91 0.91 0.91 0.91 0.91 0.91 0.91 0.91 0.91
  per-rule acc: 0.93 0.90
Epoch 3060 | Train: Loss=0.0017 Acc=100.0% | Test: Acc=91.5% | Best=91.7%(@2920)
  from x3: 0.90 0.91 0.91 0.91 0.91 0.92 0.92 0.92 0.92 0.92 0.92 0.92 0.92 0.92 0.92 0.92 0.91 0.91 0.92 0.92 0.91 0.92 0.91 0.91 0.91 0.91 0.91 0.91 0.91
  per-rule acc: 0.93 0.90
Epoch 3080 | Train: Loss=0.0027 Acc=100.0% | Test: Acc=89.4% | Best=91.7%(@2920)
  from x3: 0.87 0.88 0.89 0.89 0.89 0.89 0.89 0.89 0.89 0.90 0.89 0.90 0.90 0.90 0.90 0.90 0.89 0.89 0.89 0.89 0.89 0.90 0.90 0.90 0.90 0.90 0.90 0.90 0.90
  per-rule acc: 0.92 0.86
Epoch 3100 | Train: Loss=0.0014 Acc=100.0% | Test: Acc=91.6% | Best=91.7%(@2920)
  from x3: 0.89 0.92 0.92 0.92 0.91 0.92 0.92 0.92 0.92 0.92 0.92 0.92 0.92 0.92 0.92 0.92 0.92 0.92 0.92 0.92 0.92 0.92 0.92 0.92 0.92 0.92 0.92 0.92 0.92
  per-rule acc: 0.93 0.90
Epoch 3120 | Train: Loss=0.0016 Acc=100.0% | Test: Acc=91.6% | Best=91.7%(@2920)
  from x3: 0.90 0.91 0.91 0.92 0.92 0.92 0.92 0.92 0.92 0.92 0.92 0.92 0.92 0.92 0.92 0.92 0.92 0.92 0.92 0.92 0.92 0.92 0.92 0.92 0.92 0.92 0.92 0.92 0.92
  per-rule acc: 0.93 0.90
Epoch 3140 | Train: Loss=0.0011 Acc=100.0% | Test: Acc=92.8% | Best=92.8%(@3140)
  from x3: 0.91 0.92 0.92 0.92 0.93 0.93 0.93 0.93 0.93 0.93 0.93 0.93 0.93 0.93 0.93 0.93 0.93 0.93 0.93 0.93 0.93 0.93 0.93 0.93 0.93 0.93 0.93 0.93 0.93
  per-rule acc: 0.95 0.91
Epoch 3160 | Train: Loss=0.0014 Acc=100.0% | Test: Acc=91.4% | Best=92.8%(@3140)
  from x3: 0.90 0.91 0.92 0.91 0.91 0.91 0.91 0.91 0.92 0.92 0.91 0.92 0.92 0.92 0.92 0.92 0.92 0.92 0.92 0.92 0.92 0.91 0.91 0.91 0.91 0.91 0.91 0.91 0.91
  per-rule acc: 0.93 0.90
Epoch 3180 | Train: Loss=0.0016 Acc=100.0% | Test: Acc=91.4% | Best=92.8%(@3140)
  from x3: 0.90 0.91 0.92 0.91 0.91 0.91 0.91 0.91 0.92 0.92 0.91 0.91 0.91 0.91 0.91 0.91 0.91 0.91 0.92 0.92 0.91 0.91 0.91 0.91 0.91 0.91 0.91 0.91 0.91
  per-rule acc: 0.92 0.90
Epoch 3200 | Train: Loss=0.0024 Acc=100.0% | Test: Acc=87.7% | Best=92.8%(@3140)
  from x3: 0.86 0.87 0.88 0.88 0.88 0.88 0.88 0.88 0.88 0.88 0.88 0.88 0.88 0.88 0.88 0.88 0.88 0.88 0.88 0.88 0.88 0.88 0.88 0.88 0.88 0.88 0.88 0.88 0.88
  per-rule acc: 0.92 0.84
Epoch 3220 | Train: Loss=0.0013 Acc=100.0% | Test: Acc=91.0% | Best=92.8%(@3140)
  from x3: 0.90 0.90 0.91 0.91 0.91 0.91 0.91 0.91 0.91 0.91 0.91 0.91 0.91 0.91 0.91 0.91 0.91 0.91 0.91 0.91 0.91 0.91 0.91 0.91 0.91 0.91 0.91 0.91 0.91
  per-rule acc: 0.92 0.90
Epoch 3240 | Train: Loss=0.0016 Acc=100.0% | Test: Acc=91.4% | Best=92.8%(@3140)
  from x3: 0.89 0.91 0.91 0.91 0.91 0.92 0.91 0.91 0.92 0.92 0.92 0.92 0.92 0.91 0.92 0.92 0.92 0.92 0.91 0.91 0.92 0.91 0.91 0.91 0.91 0.91 0.91 0.91 0.91
  per-rule acc: 0.92 0.90
Epoch 3260 | Train: Loss=0.0117 Acc=99.9% | Test: Acc=81.0% | Best=92.8%(@3140)
  from x3: 0.80 0.80 0.81 0.81 0.81 0.81 0.81 0.81 0.81 0.81 0.81 0.81 0.81 0.81 0.81 0.81 0.81 0.81 0.81 0.81 0.81 0.81 0.81 0.81 0.81 0.81 0.81 0.81 0.81
  per-rule acc: 0.87 0.75
Epoch 3280 | Train: Loss=0.0012 Acc=100.0% | Test: Acc=92.0% | Best=92.8%(@3140)
  from x3: 0.90 0.91 0.92 0.92 0.92 0.92 0.92 0.92 0.92 0.92 0.92 0.92 0.92 0.92 0.92 0.92 0.92 0.92 0.92 0.92 0.92 0.92 0.92 0.92 0.92 0.92 0.92 0.92 0.92
  per-rule acc: 0.93 0.91
Epoch 3300 | Train: Loss=0.0016 Acc=100.0% | Test: Acc=92.0% | Best=92.8%(@3140)
  from x3: 0.89 0.91 0.91 0.91 0.92 0.92 0.92 0.92 0.92 0.92 0.92 0.92 0.92 0.92 0.92 0.92 0.92 0.92 0.92 0.92 0.92 0.92 0.92 0.92 0.92 0.92 0.92 0.92 0.92
  per-rule acc: 0.93 0.91
Epoch 3320 | Train: Loss=0.0060 Acc=100.0% | Test: Acc=88.8% | Best=92.8%(@3140)
  from x3: 0.87 0.89 0.88 0.88 0.89 0.89 0.89 0.89 0.89 0.89 0.89 0.89 0.89 0.89 0.89 0.89 0.89 0.89 0.89 0.89 0.89 0.89 0.89 0.89 0.89 0.89 0.89 0.89 0.89
  per-rule acc: 0.91 0.87
Epoch 3340 | Train: Loss=0.0012 Acc=100.0% | Test: Acc=92.4% | Best=92.8%(@3140)
  from x3: 0.90 0.92 0.92 0.92 0.92 0.92 0.93 0.93 0.92 0.92 0.93 0.92 0.93 0.92 0.92 0.93 0.92 0.92 0.92 0.92 0.92 0.92 0.92 0.93 0.93 0.93 0.92 0.92 0.92
  per-rule acc: 0.95 0.90
Epoch 3360 | Train: Loss=0.0014 Acc=100.0% | Test: Acc=92.0% | Best=92.8%(@3140)
  from x3: 0.91 0.92 0.92 0.92 0.92 0.92 0.92 0.92 0.92 0.92 0.92 0.92 0.92 0.92 0.92 0.92 0.92 0.92 0.92 0.92 0.92 0.92 0.92 0.92 0.92 0.92 0.92 0.92 0.92
  per-rule acc: 0.93 0.91
Epoch 3380 | Train: Loss=0.0015 Acc=100.0% | Test: Acc=92.1% | Best=92.8%(@3140)
  from x3: 0.90 0.92 0.92 0.92 0.92 0.92 0.92 0.92 0.92 0.92 0.92 0.92 0.92 0.92 0.92 0.92 0.92 0.92 0.92 0.92 0.92 0.92 0.92 0.92 0.92 0.92 0.92 0.92 0.92
  per-rule acc: 0.93 0.91
Epoch 3400 | Train: Loss=0.0014 Acc=100.0% | Test: Acc=91.1% | Best=92.8%(@3140)
  from x3: 0.89 0.91 0.91 0.91 0.91 0.91 0.91 0.91 0.91 0.91 0.91 0.91 0.91 0.91 0.91 0.91 0.91 0.91 0.91 0.91 0.91 0.91 0.91 0.91 0.91 0.91 0.91 0.91 0.91
  per-rule acc: 0.93 0.89
Epoch 3420 | Train: Loss=0.0014 Acc=100.0% | Test: Acc=91.3% | Best=92.8%(@3140)
  from x3: 0.90 0.91 0.91 0.91 0.92 0.92 0.91 0.91 0.91 0.91 0.92 0.92 0.91 0.91 0.91 0.91 0.91 0.91 0.92 0.92 0.91 0.91 0.91 0.91 0.91 0.91 0.91 0.91 0.91
  per-rule acc: 0.93 0.90
Epoch 3440 | Train: Loss=0.0011 Acc=100.0% | Test: Acc=92.0% | Best=92.8%(@3140)
  from x3: 0.90 0.91 0.91 0.92 0.92 0.92 0.92 0.92 0.92 0.92 0.92 0.92 0.92 0.92 0.92 0.92 0.92 0.92 0.92 0.92 0.92 0.92 0.92 0.92 0.92 0.92 0.92 0.92 0.92
  per-rule acc: 0.94 0.90
Epoch 3460 | Train: Loss=0.0014 Acc=100.0% | Test: Acc=91.6% | Best=92.8%(@3140)
  from x3: 0.90 0.91 0.91 0.92 0.92 0.92 0.92 0.92 0.92 0.92 0.92 0.92 0.92 0.92 0.92 0.92 0.92 0.92 0.92 0.92 0.92 0.92 0.92 0.92 0.92 0.92 0.92 0.92 0.92
  per-rule acc: 0.93 0.90
Epoch 3480 | Train: Loss=0.0016 Acc=100.0% | Test: Acc=91.7% | Best=92.8%(@3140)
  from x3: 0.90 0.91 0.91 0.91 0.91 0.92 0.92 0.92 0.92 0.92 0.92 0.92 0.92 0.92 0.92 0.92 0.92 0.92 0.92 0.92 0.92 0.92 0.92 0.92 0.92 0.92 0.92 0.92 0.92
  per-rule acc: 0.93 0.90
Epoch 3500 | Train: Loss=0.0085 Acc=99.9% | Test: Acc=84.9% | Best=92.8%(@3140)
  from x3: 0.83 0.85 0.84 0.85 0.85 0.85 0.85 0.85 0.85 0.85 0.85 0.85 0.85 0.85 0.85 0.85 0.85 0.85 0.85 0.85 0.85 0.85 0.85 0.85 0.85 0.85 0.85 0.85 0.85
  per-rule acc: 0.87 0.82
Epoch 3520 | Train: Loss=0.0012 Acc=100.0% | Test: Acc=92.2% | Best=92.8%(@3140)
  from x3: 0.91 0.92 0.92 0.92 0.92 0.92 0.92 0.92 0.92 0.92 0.92 0.92 0.92 0.92 0.92 0.92 0.92 0.92 0.92 0.92 0.92 0.92 0.92 0.92 0.92 0.92 0.92 0.92 0.92
  per-rule acc: 0.94 0.90
Epoch 3540 | Train: Loss=0.0015 Acc=100.0% | Test: Acc=91.8% | Best=92.8%(@3140)
  from x3: 0.91 0.91 0.92 0.92 0.92 0.92 0.92 0.92 0.92 0.92 0.92 0.92 0.92 0.92 0.92 0.92 0.92 0.92 0.92 0.92 0.92 0.92 0.92 0.92 0.92 0.92 0.92 0.92 0.92
  per-rule acc: 0.93 0.90
Epoch 3560 | Train: Loss=0.0111 Acc=99.9% | Test: Acc=84.4% | Best=92.8%(@3140)
  from x3: 0.82 0.84 0.84 0.84 0.84 0.84 0.84 0.84 0.84 0.84 0.84 0.84 0.85 0.85 0.85 0.85 0.85 0.85 0.85 0.85 0.85 0.85 0.85 0.85 0.85 0.85 0.85 0.85 0.85
  per-rule acc: 0.87 0.81
Epoch 3580 | Train: Loss=0.0012 Acc=100.0% | Test: Acc=92.1% | Best=92.8%(@3140)
  from x3: 0.91 0.92 0.92 0.92 0.92 0.92 0.92 0.92 0.92 0.92 0.92 0.92 0.92 0.92 0.92 0.92 0.92 0.92 0.92 0.92 0.92 0.92 0.92 0.92 0.92 0.92 0.92 0.92 0.92
  per-rule acc: 0.94 0.90
Epoch 3600 | Train: Loss=0.0020 Acc=100.0% | Test: Acc=90.5% | Best=92.8%(@3140)
  from x3: 0.88 0.90 0.90 0.90 0.91 0.91 0.91 0.91 0.91 0.90 0.91 0.90 0.91 0.91 0.91 0.91 0.91 0.91 0.91 0.91 0.91 0.91 0.91 0.91 0.91 0.91 0.91 0.91 0.91
  per-rule acc: 0.93 0.88
Epoch 3620 | Train: Loss=0.0014 Acc=100.0% | Test: Acc=92.0% | Best=92.8%(@3140)
  from x3: 0.90 0.91 0.92 0.92 0.92 0.92 0.92 0.92 0.92 0.92 0.92 0.92 0.92 0.92 0.92 0.92 0.92 0.92 0.92 0.92 0.92 0.92 0.92 0.92 0.92 0.92 0.92 0.92 0.92
  per-rule acc: 0.94 0.90
Epoch 3640 | Train: Loss=0.0016 Acc=100.0% | Test: Acc=91.7% | Best=92.8%(@3140)
  from x3: 0.90 0.91 0.92 0.92 0.92 0.92 0.92 0.92 0.92 0.92 0.92 0.92 0.92 0.92 0.92 0.92 0.92 0.92 0.92 0.92 0.92 0.92 0.92 0.92 0.92 0.92 0.92 0.92 0.92
  per-rule acc: 0.93 0.90
Epoch 3660 | Train: Loss=0.0061 Acc=100.0% | Test: Acc=87.1% | Best=92.8%(@3140)
  from x3: 0.85 0.86 0.87 0.87 0.87 0.87 0.87 0.87 0.87 0.87 0.87 0.87 0.87 0.87 0.87 0.87 0.87 0.87 0.87 0.87 0.87 0.87 0.87 0.87 0.87 0.87 0.87 0.87 0.87
  per-rule acc: 0.90 0.84
Epoch 3680 | Train: Loss=0.0012 Acc=100.0% | Test: Acc=92.0% | Best=92.8%(@3140)
  from x3: 0.90 0.92 0.92 0.92 0.92 0.92 0.92 0.92 0.92 0.92 0.92 0.92 0.92 0.92 0.92 0.92 0.92 0.92 0.92 0.92 0.92 0.92 0.92 0.92 0.92 0.92 0.92 0.92 0.92
  per-rule acc: 0.94 0.90
Epoch 3700 | Train: Loss=0.0015 Acc=100.0% | Test: Acc=91.9% | Best=92.8%(@3140)
  from x3: 0.90 0.91 0.92 0.92 0.92 0.92 0.92 0.92 0.92 0.92 0.92 0.92 0.92 0.92 0.92 0.92 0.92 0.92 0.92 0.92 0.92 0.92 0.92 0.92 0.92 0.92 0.92 0.92 0.92
  per-rule acc: 0.93 0.91
Epoch 3720 | Train: Loss=0.0025 Acc=100.0% | Test: Acc=89.8% | Best=92.8%(@3140)
  from x3: 0.88 0.90 0.90 0.89 0.90 0.90 0.89 0.90 0.90 0.90 0.90 0.90 0.90 0.90 0.90 0.90 0.90 0.90 0.90 0.90 0.90 0.90 0.90 0.90 0.90 0.90 0.90 0.90 0.90
  per-rule acc: 0.94 0.86
Epoch 3740 | Train: Loss=0.0013 Acc=100.0% | Test: Acc=91.5% | Best=92.8%(@3140)
  from x3: 0.90 0.91 0.92 0.92 0.92 0.92 0.92 0.92 0.92 0.92 0.92 0.92 0.92 0.91 0.92 0.92 0.92 0.92 0.92 0.92 0.92 0.92 0.92 0.92 0.92 0.92 0.92 0.92 0.92
  per-rule acc: 0.93 0.90
Epoch 3760 | Train: Loss=0.0016 Acc=100.0% | Test: Acc=91.8% | Best=92.8%(@3140)
  from x3: 0.90 0.91 0.92 0.92 0.92 0.92 0.92 0.92 0.92 0.92 0.92 0.92 0.92 0.92 0.92 0.92 0.92 0.92 0.92 0.92 0.92 0.92 0.92 0.92 0.92 0.92 0.92 0.92 0.92
  per-rule acc: 0.93 0.91
Epoch 3780 | Train: Loss=0.0128 Acc=99.9% | Test: Acc=80.4% | Best=92.8%(@3140)
  from x3: 0.77 0.80 0.80 0.80 0.80 0.81 0.81 0.81 0.80 0.81 0.80 0.80 0.81 0.80 0.81 0.81 0.81 0.81 0.81 0.81 0.81 0.81 0.81 0.81 0.81 0.81 0.81 0.81 0.81
  per-rule acc: 0.82 0.79
Epoch 3800 | Train: Loss=0.0012 Acc=100.0% | Test: Acc=92.3% | Best=92.8%(@3140)
  from x3: 0.90 0.92 0.92 0.92 0.92 0.92 0.92 0.92 0.92 0.92 0.92 0.92 0.92 0.92 0.92 0.92 0.92 0.92 0.92 0.92 0.92 0.92 0.92 0.92 0.92 0.92 0.92 0.92 0.92
  per-rule acc: 0.94 0.90
Epoch 3820 | Train: Loss=0.0015 Acc=100.0% | Test: Acc=91.7% | Best=92.8%(@3140)
  from x3: 0.90 0.91 0.92 0.92 0.92 0.92 0.92 0.92 0.92 0.92 0.92 0.92 0.92 0.92 0.92 0.92 0.92 0.92 0.92 0.92 0.92 0.92 0.92 0.92 0.92 0.92 0.92 0.92 0.92
  per-rule acc: 0.93 0.91
Epoch 3840 | Train: Loss=0.0015 Acc=100.0% | Test: Acc=91.8% | Best=92.8%(@3140)
  from x3: 0.90 0.91 0.92 0.92 0.92 0.92 0.92 0.92 0.92 0.92 0.92 0.92 0.92 0.92 0.92 0.92 0.92 0.92 0.92 0.92 0.92 0.92 0.92 0.92 0.92 0.92 0.92 0.92 0.92
  per-rule acc: 0.93 0.90
Epoch 3860 | Train: Loss=0.0141 Acc=99.9% | Test: Acc=82.6% | Best=92.8%(@3140)
  from x3: 0.79 0.82 0.82 0.82 0.82 0.82 0.83 0.83 0.83 0.83 0.83 0.83 0.83 0.83 0.83 0.83 0.83 0.83 0.83 0.83 0.83 0.83 0.83 0.83 0.83 0.83 0.83 0.83 0.83
  per-rule acc: 0.86 0.79
Epoch 3880 | Train: Loss=0.0011 Acc=100.0% | Test: Acc=92.5% | Best=92.8%(@3140)
  from x3: 0.90 0.92 0.92 0.92 0.92 0.92 0.93 0.93 0.93 0.93 0.93 0.93 0.93 0.93 0.93 0.93 0.93 0.93 0.93 0.93 0.93 0.93 0.93 0.93 0.93 0.93 0.93 0.93 0.92
  per-rule acc: 0.95 0.90
Epoch 3900 | Train: Loss=0.0014 Acc=100.0% | Test: Acc=91.5% | Best=92.8%(@3140)
  from x3: 0.89 0.91 0.91 0.91 0.91 0.91 0.91 0.91 0.91 0.92 0.91 0.91 0.92 0.92 0.92 0.92 0.92 0.92 0.92 0.92 0.92 0.92 0.92 0.92 0.92 0.92 0.92 0.92 0.92
  per-rule acc: 0.93 0.90
Epoch 3920 | Train: Loss=0.0015 Acc=100.0% | Test: Acc=91.7% | Best=92.8%(@3140)
  from x3: 0.90 0.91 0.91 0.92 0.92 0.92 0.92 0.92 0.92 0.92 0.92 0.92 0.92 0.92 0.92 0.92 0.92 0.92 0.92 0.92 0.92 0.92 0.92 0.92 0.92 0.92 0.92 0.92 0.92
  per-rule acc: 0.92 0.91
Epoch 3940 | Train: Loss=0.0035 Acc=100.0% | Test: Acc=88.3% | Best=92.8%(@3140)
  from x3: 0.86 0.88 0.88 0.88 0.88 0.88 0.88 0.88 0.88 0.88 0.88 0.88 0.88 0.88 0.88 0.88 0.88 0.88 0.88 0.88 0.88 0.88 0.88 0.88 0.88 0.88 0.89 0.89 0.89
  per-rule acc: 0.92 0.84
Epoch 3960 | Train: Loss=0.0012 Acc=100.0% | Test: Acc=92.1% | Best=92.8%(@3140)
  from x3: 0.91 0.92 0.92 0.92 0.92 0.92 0.92 0.92 0.92 0.92 0.92 0.92 0.92 0.92 0.92 0.92 0.92 0.92 0.92 0.92 0.92 0.92 0.92 0.92 0.92 0.92 0.92 0.92 0.92
  per-rule acc: 0.94 0.90
Epoch 3980 | Train: Loss=0.0014 Acc=100.0% | Test: Acc=91.7% | Best=92.8%(@3140)
  from x3: 0.90 0.91 0.92 0.92 0.92 0.92 0.92 0.92 0.92 0.92 0.92 0.92 0.92 0.92 0.92 0.92 0.92 0.92 0.92 0.92 0.92 0.92 0.92 0.92 0.92 0.92 0.92 0.92 0.92
  per-rule acc: 0.93 0.90
Epoch 4000 | Train: Loss=0.0014 Acc=100.0% | Test: Acc=91.7% | Best=92.8%(@3140)
  from x3: 0.90 0.91 0.92 0.92 0.92 0.92 0.92 0.92 0.92 0.92 0.92 0.92 0.92 0.92 0.92 0.92 0.92 0.92 0.92 0.92 0.92 0.92 0.92 0.92 0.92 0.92 0.92 0.92 0.92
  per-rule acc: 0.93 0.90
Epoch 4020 | Train: Loss=0.0010 Acc=100.0% | Test: Acc=92.8% | Best=92.8%(@4020)
  from x3: 0.91 0.92 0.93 0.93 0.93 0.93 0.93 0.93 0.93 0.93 0.93 0.93 0.93 0.93 0.93 0.93 0.93 0.93 0.93 0.93 0.93 0.93 0.93 0.93 0.93 0.93 0.93 0.93 0.93
  per-rule acc: 0.94 0.91
Epoch 4040 | Train: Loss=0.0013 Acc=100.0% | Test: Acc=92.2% | Best=92.8%(@4020)
  from x3: 0.90 0.92 0.92 0.92 0.92 0.92 0.92 0.92 0.92 0.92 0.92 0.92 0.92 0.92 0.92 0.92 0.92 0.92 0.92 0.92 0.92 0.92 0.92 0.92 0.92 0.92 0.92 0.92 0.92
  per-rule acc: 0.93 0.91
Epoch 4060 | Train: Loss=0.0014 Acc=100.0% | Test: Acc=92.3% | Best=92.8%(@4020)
  from x3: 0.90 0.92 0.92 0.92 0.92 0.92 0.92 0.92 0.92 0.92 0.92 0.92 0.93 0.93 0.92 0.92 0.92 0.92 0.92 0.92 0.92 0.92 0.92 0.92 0.92 0.92 0.92 0.92 0.92
  per-rule acc: 0.93 0.91
Epoch 4080 | Train: Loss=0.0023 Acc=100.0% | Test: Acc=90.2% | Best=92.8%(@4020)
  from x3: 0.88 0.89 0.90 0.90 0.90 0.91 0.90 0.90 0.90 0.90 0.90 0.90 0.90 0.90 0.90 0.90 0.90 0.90 0.90 0.90 0.90 0.90 0.90 0.90 0.90 0.90 0.90 0.90 0.90
  per-rule acc: 0.94 0.86
Epoch 4100 | Train: Loss=0.0013 Acc=100.0% | Test: Acc=92.2% | Best=92.8%(@4020)
  from x3: 0.90 0.92 0.92 0.92 0.92 0.92 0.92 0.92 0.92 0.92 0.92 0.92 0.92 0.92 0.92 0.92 0.92 0.92 0.92 0.92 0.92 0.93 0.92 0.92 0.92 0.93 0.92 0.92 0.92
  per-rule acc: 0.94 0.91
Epoch 4120 | Train: Loss=0.0015 Acc=100.0% | Test: Acc=92.2% | Best=92.8%(@4020)
  from x3: 0.90 0.92 0.92 0.92 0.92 0.92 0.92 0.92 0.92 0.92 0.92 0.92 0.92 0.92 0.92 0.92 0.92 0.92 0.92 0.92 0.92 0.92 0.92 0.92 0.92 0.92 0.92 0.92 0.92
  per-rule acc: 0.93 0.91
Epoch 4140 | Train: Loss=0.0015 Acc=100.0% | Test: Acc=91.6% | Best=92.8%(@4020)
  from x3: 0.90 0.91 0.92 0.92 0.92 0.92 0.92 0.92 0.92 0.92 0.92 0.92 0.92 0.92 0.92 0.92 0.92 0.92 0.92 0.92 0.92 0.92 0.92 0.92 0.92 0.92 0.92 0.92 0.92
  per-rule acc: 0.93 0.90
Epoch 4160 | Train: Loss=0.0011 Acc=100.0% | Test: Acc=92.8% | Best=92.8%(@4160)
  from x3: 0.91 0.92 0.93 0.93 0.93 0.93 0.93 0.93 0.93 0.93 0.93 0.93 0.93 0.93 0.93 0.93 0.93 0.93 0.93 0.93 0.93 0.93 0.93 0.93 0.93 0.93 0.93 0.93 0.93
  per-rule acc: 0.95 0.91
Epoch 4180 | Train: Loss=0.0014 Acc=100.0% | Test: Acc=92.0% | Best=92.8%(@4160)
  from x3: 0.90 0.92 0.92 0.92 0.92 0.92 0.92 0.92 0.92 0.92 0.92 0.92 0.92 0.92 0.92 0.92 0.92 0.92 0.92 0.92 0.92 0.92 0.92 0.92 0.92 0.92 0.92 0.92 0.92
  per-rule acc: 0.94 0.90
Epoch 4200 | Train: Loss=0.0015 Acc=100.0% | Test: Acc=91.8% | Best=92.8%(@4160)
  from x3: 0.90 0.92 0.92 0.92 0.92 0.92 0.92 0.92 0.92 0.92 0.92 0.92 0.92 0.92 0.92 0.92 0.92 0.92 0.92 0.92 0.92 0.92 0.92 0.92 0.92 0.92 0.92 0.92 0.92
  per-rule acc: 0.93 0.90
Epoch 4220 | Train: Loss=0.0047 Acc=100.0% | Test: Acc=87.2% | Best=92.8%(@4160)
  from x3: 0.85 0.86 0.87 0.87 0.87 0.87 0.87 0.87 0.87 0.87 0.87 0.87 0.87 0.87 0.87 0.87 0.87 0.87 0.87 0.87 0.88 0.88 0.88 0.88 0.88 0.88 0.88 0.88 0.87
  per-rule acc: 0.91 0.84
Epoch 4240 | Train: Loss=0.0012 Acc=100.0% | Test: Acc=91.8% | Best=92.8%(@4160)
  from x3: 0.90 0.91 0.92 0.92 0.92 0.92 0.92 0.92 0.92 0.92 0.92 0.92 0.92 0.92 0.92 0.92 0.92 0.92 0.92 0.92 0.92 0.92 0.92 0.92 0.92 0.92 0.92 0.92 0.92
  per-rule acc: 0.94 0.90
Epoch 4260 | Train: Loss=0.0014 Acc=100.0% | Test: Acc=91.7% | Best=92.8%(@4160)
  from x3: 0.89 0.91 0.92 0.92 0.92 0.92 0.92 0.92 0.92 0.92 0.92 0.92 0.92 0.92 0.92 0.92 0.92 0.92 0.92 0.92 0.92 0.92 0.92 0.92 0.92 0.92 0.92 0.92 0.92
  per-rule acc: 0.93 0.90
Epoch 4280 | Train: Loss=0.0132 Acc=99.9% | Test: Acc=80.8% | Best=92.8%(@4160)
  from x3: 0.76 0.80 0.80 0.80 0.80 0.80 0.81 0.81 0.81 0.81 0.81 0.81 0.81 0.81 0.81 0.81 0.81 0.81 0.81 0.81 0.81 0.81 0.81 0.81 0.81 0.81 0.81 0.81 0.81
  per-rule acc: 0.86 0.76
Epoch 4300 | Train: Loss=0.0012 Acc=100.0% | Test: Acc=91.8% | Best=92.8%(@4160)
  from x3: 0.91 0.91 0.92 0.92 0.92 0.92 0.92 0.92 0.92 0.92 0.92 0.92 0.92 0.92 0.92 0.92 0.92 0.92 0.92 0.92 0.92 0.92 0.92 0.92 0.92 0.92 0.92 0.92 0.92
  per-rule acc: 0.94 0.89
Epoch 4320 | Train: Loss=0.0014 Acc=100.0% | Test: Acc=91.7% | Best=92.8%(@4160)
  from x3: 0.90 0.91 0.91 0.92 0.91 0.92 0.92 0.92 0.92 0.92 0.92 0.92 0.92 0.92 0.92 0.92 0.92 0.92 0.92 0.92 0.92 0.92 0.92 0.92 0.92 0.92 0.92 0.92 0.92
  per-rule acc: 0.93 0.90
Epoch 4340 | Train: Loss=0.0015 Acc=100.0% | Test: Acc=91.8% | Best=92.8%(@4160)
  from x3: 0.90 0.91 0.92 0.92 0.92 0.92 0.92 0.92 0.92 0.92 0.92 0.92 0.92 0.92 0.92 0.92 0.92 0.92 0.92 0.92 0.92 0.92 0.92 0.92 0.92 0.92 0.92 0.92 0.92
  per-rule acc: 0.93 0.90
Epoch 4360 | Train: Loss=0.0016 Acc=100.0% | Test: Acc=90.6% | Best=92.8%(@4160)
  from x3: 0.89 0.90 0.90 0.90 0.91 0.91 0.91 0.90 0.91 0.91 0.91 0.91 0.91 0.91 0.91 0.91 0.91 0.91 0.91 0.91 0.91 0.91 0.91 0.91 0.91 0.91 0.91 0.91 0.91
  per-rule acc: 0.93 0.88
Epoch 4380 | Train: Loss=0.0013 Acc=100.0% | Test: Acc=91.7% | Best=92.8%(@4160)
  from x3: 0.90 0.91 0.92 0.92 0.92 0.92 0.92 0.92 0.92 0.92 0.92 0.92 0.92 0.92 0.92 0.92 0.92 0.92 0.92 0.92 0.92 0.92 0.92 0.92 0.92 0.92 0.92 0.92 0.92
  per-rule acc: 0.93 0.90
Epoch 4400 | Train: Loss=0.0015 Acc=100.0% | Test: Acc=91.5% | Best=92.8%(@4160)
  from x3: 0.89 0.91 0.91 0.92 0.92 0.92 0.92 0.92 0.92 0.92 0.92 0.92 0.92 0.92 0.92 0.92 0.92 0.92 0.92 0.92 0.91 0.91 0.91 0.91 0.91 0.92 0.92 0.91 0.91
  per-rule acc: 0.93 0.90
Epoch 4420 | Train: Loss=0.1271 Acc=97.9% | Test: Acc=74.9% | Best=92.8%(@4160)
  from x3: 0.70 0.75 0.75 0.75 0.75 0.75 0.75 0.75 0.75 0.75 0.75 0.75 0.75 0.75 0.75 0.75 0.75 0.75 0.75 0.75 0.75 0.75 0.75 0.75 0.75 0.75 0.75 0.75 0.75
  per-rule acc: 0.77 0.73
Epoch 4440 | Train: Loss=0.0099 Acc=99.9% | Test: Acc=80.4% | Best=92.8%(@4160)
  from x3: 0.77 0.79 0.80 0.80 0.80 0.80 0.80 0.80 0.81 0.80 0.81 0.81 0.81 0.81 0.81 0.81 0.81 0.81 0.81 0.81 0.81 0.81 0.81 0.81 0.81 0.81 0.81 0.81 0.81
  per-rule acc: 0.82 0.78
Epoch 4460 | Train: Loss=0.0014 Acc=100.0% | Test: Acc=91.1% | Best=92.8%(@4160)
  from x3: 0.90 0.91 0.91 0.91 0.91 0.91 0.91 0.91 0.91 0.91 0.91 0.91 0.91 0.91 0.91 0.91 0.91 0.91 0.91 0.91 0.91 0.91 0.91 0.91 0.91 0.91 0.91 0.91 0.91
  per-rule acc: 0.94 0.89
Epoch 4480 | Train: Loss=0.0014 Acc=100.0% | Test: Acc=91.6% | Best=92.8%(@4160)
  from x3: 0.90 0.91 0.91 0.91 0.92 0.92 0.92 0.92 0.92 0.92 0.92 0.92 0.92 0.92 0.92 0.92 0.92 0.92 0.92 0.92 0.92 0.92 0.92 0.92 0.92 0.92 0.92 0.92 0.92
  per-rule acc: 0.93 0.90
Epoch 4500 | Train: Loss=0.0015 Acc=100.0% | Test: Acc=91.8% | Best=92.8%(@4160)
  from x3: 0.89 0.91 0.92 0.92 0.92 0.92 0.92 0.92 0.92 0.92 0.92 0.92 0.92 0.92 0.92 0.92 0.92 0.92 0.92 0.92 0.92 0.92 0.92 0.92 0.92 0.92 0.92 0.92 0.92
  per-rule acc: 0.93 0.91
Epoch 4520 | Train: Loss=0.0015 Acc=100.0% | Test: Acc=91.5% | Best=92.8%(@4160)
  from x3: 0.88 0.90 0.91 0.91 0.91 0.92 0.92 0.92 0.92 0.92 0.91 0.92 0.92 0.92 0.92 0.92 0.91 0.92 0.92 0.92 0.92 0.92 0.92 0.92 0.92 0.92 0.92 0.92 0.92
  per-rule acc: 0.93 0.90
Epoch 4540 | Train: Loss=0.0024 Acc=100.0% | Test: Acc=90.7% | Best=92.8%(@4160)
  from x3: 0.88 0.90 0.90 0.90 0.90 0.91 0.91 0.91 0.91 0.91 0.91 0.91 0.91 0.91 0.91 0.91 0.91 0.91 0.91 0.91 0.91 0.91 0.91 0.91 0.91 0.91 0.91 0.91 0.91
  per-rule acc: 0.94 0.87
Epoch 4560 | Train: Loss=0.0012 Acc=100.0% | Test: Acc=92.2% | Best=92.8%(@4160)
  from x3: 0.90 0.92 0.92 0.92 0.92 0.92 0.92 0.92 0.92 0.92 0.92 0.92 0.92 0.92 0.92 0.92 0.92 0.92 0.92 0.92 0.92 0.92 0.92 0.92 0.92 0.92 0.92 0.92 0.92
  per-rule acc: 0.94 0.91
Epoch 4580 | Train: Loss=0.0014 Acc=100.0% | Test: Acc=91.5% | Best=92.8%(@4160)
  from x3: 0.90 0.91 0.92 0.92 0.92 0.92 0.92 0.92 0.92 0.92 0.92 0.92 0.92 0.92 0.92 0.92 0.92 0.92 0.92 0.92 0.92 0.92 0.92 0.91 0.92 0.91 0.91 0.91 0.91
  per-rule acc: 0.93 0.90
Epoch 4600 | Train: Loss=0.0014 Acc=100.0% | Test: Acc=91.4% | Best=92.8%(@4160)
  from x3: 0.89 0.91 0.91 0.91 0.91 0.92 0.91 0.91 0.91 0.92 0.92 0.92 0.92 0.92 0.92 0.91 0.91 0.92 0.91 0.92 0.92 0.92 0.92 0.92 0.92 0.92 0.92 0.91 0.92
  per-rule acc: 0.93 0.90
Epoch 4620 | Train: Loss=0.0027 Acc=100.0% | Test: Acc=88.0% | Best=92.8%(@4160)
  from x3: 0.86 0.88 0.88 0.88 0.88 0.88 0.88 0.88 0.88 0.88 0.88 0.88 0.88 0.88 0.88 0.88 0.88 0.88 0.88 0.88 0.88 0.88 0.88 0.88 0.88 0.88 0.88 0.88 0.88
  per-rule acc: 0.91 0.85
Epoch 4640 | Train: Loss=0.0012 Acc=100.0% | Test: Acc=92.1% | Best=92.8%(@4160)
  from x3: 0.90 0.91 0.92 0.92 0.92 0.92 0.92 0.92 0.92 0.92 0.92 0.92 0.92 0.92 0.92 0.92 0.92 0.92 0.92 0.92 0.92 0.92 0.92 0.92 0.92 0.92 0.92 0.92 0.92
  per-rule acc: 0.94 0.90
Epoch 4660 | Train: Loss=0.0014 Acc=100.0% | Test: Acc=91.5% | Best=92.8%(@4160)
  from x3: 0.90 0.91 0.91 0.92 0.92 0.92 0.92 0.92 0.92 0.92 0.92 0.92 0.92 0.91 0.91 0.91 0.92 0.91 0.91 0.91 0.91 0.91 0.92 0.92 0.92 0.92 0.91 0.91 0.91
  per-rule acc: 0.93 0.90
Epoch 4680 | Train: Loss=0.0014 Acc=100.0% | Test: Acc=91.2% | Best=92.8%(@4160)
  from x3: 0.89 0.91 0.91 0.91 0.91 0.91 0.91 0.91 0.92 0.92 0.91 0.92 0.91 0.91 0.91 0.91 0.91 0.91 0.91 0.91 0.91 0.91 0.91 0.91 0.91 0.91 0.91 0.91 0.91
  per-rule acc: 0.93 0.89
Epoch 4700 | Train: Loss=0.0102 Acc=99.9% | Test: Acc=83.4% | Best=92.8%(@4160)
  from x3: 0.80 0.82 0.82 0.83 0.83 0.84 0.83 0.84 0.84 0.83 0.84 0.84 0.84 0.83 0.84 0.84 0.84 0.84 0.84 0.84 0.84 0.84 0.84 0.84 0.84 0.84 0.84 0.84 0.84
  per-rule acc: 0.87 0.79
Epoch 4720 | Train: Loss=0.0011 Acc=100.0% | Test: Acc=91.6% | Best=92.8%(@4160)
  from x3: 0.89 0.91 0.91 0.92 0.92 0.92 0.91 0.91 0.92 0.92 0.92 0.92 0.92 0.92 0.92 0.92 0.92 0.92 0.92 0.92 0.92 0.92 0.92 0.92 0.92 0.92 0.92 0.92 0.92
  per-rule acc: 0.94 0.89
Epoch 4740 | Train: Loss=0.0013 Acc=100.0% | Test: Acc=90.9% | Best=92.8%(@4160)
  from x3: 0.89 0.91 0.91 0.91 0.91 0.91 0.91 0.91 0.91 0.91 0.91 0.91 0.91 0.91 0.91 0.91 0.91 0.91 0.91 0.91 0.91 0.91 0.91 0.91 0.91 0.91 0.91 0.91 0.91
  per-rule acc: 0.93 0.89
Epoch 4760 | Train: Loss=0.0025 Acc=100.0% | Test: Acc=87.4% | Best=92.8%(@4160)
  from x3: 0.85 0.87 0.87 0.87 0.87 0.88 0.87 0.88 0.87 0.87 0.88 0.88 0.88 0.88 0.88 0.88 0.88 0.88 0.88 0.88 0.88 0.88 0.88 0.88 0.88 0.88 0.88 0.88 0.88
  per-rule acc: 0.91 0.84
Epoch 4780 | Train: Loss=0.0011 Acc=100.0% | Test: Acc=91.9% | Best=92.8%(@4160)
  from x3: 0.89 0.91 0.92 0.92 0.92 0.92 0.92 0.92 0.92 0.92 0.92 0.92 0.92 0.92 0.92 0.92 0.92 0.92 0.92 0.92 0.92 0.92 0.92 0.92 0.92 0.92 0.92 0.92 0.92
  per-rule acc: 0.93 0.90
Epoch 4800 | Train: Loss=0.0014 Acc=100.0% | Test: Acc=91.3% | Best=92.8%(@4160)
  from x3: 0.89 0.91 0.91 0.91 0.91 0.91 0.92 0.91 0.92 0.91 0.92 0.92 0.91 0.91 0.92 0.91 0.91 0.91 0.91 0.91 0.91 0.91 0.91 0.91 0.91 0.91 0.91 0.91 0.91
  per-rule acc: 0.93 0.90
Epoch 4820 | Train: Loss=0.0015 Acc=100.0% | Test: Acc=91.2% | Best=92.8%(@4160)
  from x3: 0.89 0.91 0.91 0.91 0.91 0.91 0.91 0.91 0.91 0.91 0.91 0.91 0.91 0.91 0.91 0.91 0.91 0.91 0.91 0.91 0.91 0.91 0.91 0.91 0.91 0.91 0.91 0.91 0.91
  per-rule acc: 0.93 0.90
Epoch 4840 | Train: Loss=0.0014 Acc=100.0% | Test: Acc=90.3% | Best=92.8%(@4160)
  from x3: 0.88 0.90 0.90 0.91 0.90 0.90 0.90 0.91 0.91 0.91 0.90 0.90 0.90 0.91 0.91 0.91 0.90 0.91 0.90 0.90 0.90 0.90 0.90 0.90 0.90 0.90 0.90 0.90 0.90
  per-rule acc: 0.92 0.88
Epoch 4860 | Train: Loss=0.0011 Acc=100.0% | Test: Acc=92.1% | Best=92.8%(@4160)
  from x3: 0.89 0.92 0.92 0.92 0.92 0.92 0.92 0.92 0.92 0.92 0.92 0.92 0.92 0.92 0.92 0.92 0.92 0.92 0.92 0.92 0.92 0.92 0.92 0.92 0.92 0.92 0.92 0.92 0.92
  per-rule acc: 0.95 0.90
Epoch 4880 | Train: Loss=0.0013 Acc=100.0% | Test: Acc=91.0% | Best=92.8%(@4160)
  from x3: 0.89 0.91 0.91 0.91 0.91 0.91 0.91 0.91 0.91 0.91 0.91 0.91 0.91 0.91 0.91 0.91 0.91 0.91 0.91 0.91 0.91 0.91 0.91 0.91 0.91 0.91 0.91 0.91 0.91
  per-rule acc: 0.93 0.89
Epoch 4900 | Train: Loss=0.0014 Acc=100.0% | Test: Acc=90.7% | Best=92.8%(@4160)
  from x3: 0.89 0.91 0.91 0.91 0.91 0.91 0.91 0.91 0.91 0.91 0.91 0.91 0.91 0.91 0.91 0.91 0.91 0.91 0.91 0.91 0.91 0.91 0.91 0.91 0.91 0.91 0.91 0.91 0.91
  per-rule acc: 0.92 0.89
Epoch 4920 | Train: Loss=0.0014 Acc=100.0% | Test: Acc=90.8% | Best=92.8%(@4160)
  from x3: 0.89 0.90 0.90 0.91 0.91 0.91 0.91 0.91 0.91 0.91 0.91 0.91 0.91 0.91 0.91 0.91 0.91 0.91 0.91 0.91 0.91 0.91 0.91 0.91 0.91 0.91 0.91 0.91 0.91
  per-rule acc: 0.92 0.89
Epoch 4940 | Train: Loss=0.0022 Acc=100.0% | Test: Acc=89.7% | Best=92.8%(@4160)
  from x3: 0.87 0.89 0.89 0.90 0.90 0.90 0.89 0.90 0.90 0.90 0.90 0.90 0.90 0.90 0.90 0.90 0.90 0.90 0.90 0.90 0.90 0.90 0.90 0.90 0.90 0.90 0.90 0.90 0.90
  per-rule acc: 0.94 0.86
Epoch 4960 | Train: Loss=0.0012 Acc=100.0% | Test: Acc=91.9% | Best=92.8%(@4160)
  from x3: 0.90 0.91 0.92 0.92 0.92 0.92 0.92 0.92 0.92 0.92 0.92 0.92 0.92 0.92 0.92 0.92 0.92 0.92 0.92 0.92 0.92 0.92 0.92 0.92 0.92 0.92 0.92 0.92 0.92
  per-rule acc: 0.94 0.90
Epoch 4980 | Train: Loss=0.0014 Acc=100.0% | Test: Acc=91.6% | Best=92.8%(@4160)
  from x3: 0.89 0.91 0.92 0.92 0.92 0.92 0.92 0.92 0.92 0.92 0.92 0.92 0.92 0.92 0.92 0.92 0.92 0.92 0.92 0.92 0.92 0.92 0.92 0.92 0.92 0.92 0.92 0.92 0.92
  per-rule acc: 0.93 0.90
Epoch 5000 | Train: Loss=0.0014 Acc=100.0% | Test: Acc=90.8% | Best=92.8%(@4160)
  from x3: 0.89 0.90 0.91 0.91 0.91 0.91 0.91 0.91 0.91 0.91 0.91 0.91 0.91 0.91 0.91 0.91 0.91 0.91 0.91 0.91 0.91 0.91 0.91 0.91 0.91 0.91 0.91 0.91 0.91
  per-rule acc: 0.93 0.89
Epoch 5020 | Train: Loss=0.0235 Acc=99.8% | Test: Acc=79.5% | Best=92.8%(@4160)
  from x3: 0.76 0.79 0.79 0.80 0.79 0.80 0.79 0.79 0.80 0.79 0.79 0.80 0.80 0.80 0.80 0.80 0.80 0.80 0.80 0.80 0.80 0.80 0.80 0.80 0.80 0.80 0.80 0.80 0.80
  per-rule acc: 0.84 0.75
Epoch 5040 | Train: Loss=0.0099 Acc=99.8% | Test: Acc=80.9% | Best=92.8%(@4160)
  from x3: 0.77 0.80 0.80 0.81 0.81 0.81 0.81 0.81 0.81 0.81 0.81 0.81 0.81 0.81 0.81 0.81 0.81 0.81 0.81 0.81 0.81 0.81 0.81 0.81 0.81 0.81 0.81 0.81 0.81
  per-rule acc: 0.84 0.78
Epoch 5060 | Train: Loss=0.0012 Acc=100.0% | Test: Acc=91.4% | Best=92.8%(@4160)
  from x3: 0.90 0.91 0.92 0.91 0.91 0.91 0.91 0.91 0.91 0.91 0.92 0.92 0.92 0.92 0.92 0.92 0.92 0.91 0.91 0.92 0.92 0.91 0.91 0.91 0.91 0.91 0.91 0.91 0.92
  per-rule acc: 0.93 0.90
Epoch 5080 | Train: Loss=0.0014 Acc=100.0% | Test: Acc=90.9% | Best=92.8%(@4160)
  from x3: 0.89 0.91 0.91 0.91 0.91 0.91 0.91 0.91 0.91 0.91 0.91 0.91 0.91 0.91 0.91 0.91 0.91 0.91 0.91 0.91 0.91 0.91 0.91 0.91 0.91 0.91 0.91 0.91 0.91
  per-rule acc: 0.93 0.89
Epoch 5100 | Train: Loss=0.0014 Acc=100.0% | Test: Acc=90.6% | Best=92.8%(@4160)
  from x3: 0.89 0.90 0.90 0.91 0.91 0.91 0.91 0.91 0.91 0.91 0.91 0.91 0.91 0.91 0.91 0.91 0.91 0.91 0.91 0.91 0.91 0.91 0.91 0.91 0.91 0.91 0.91 0.91 0.91
  per-rule acc: 0.93 0.89
Epoch 5120 | Train: Loss=0.0054 Acc=100.0% | Test: Acc=86.0% | Best=92.8%(@4160)
  from x3: 0.83 0.86 0.85 0.86 0.86 0.86 0.86 0.86 0.86 0.86 0.86 0.86 0.86 0.86 0.86 0.86 0.86 0.86 0.86 0.86 0.86 0.86 0.86 0.86 0.86 0.86 0.86 0.86 0.86
  per-rule acc: 0.90 0.82
Epoch 5140 | Train: Loss=0.0011 Acc=100.0% | Test: Acc=91.4% | Best=92.8%(@4160)
  from x3: 0.90 0.91 0.92 0.91 0.91 0.91 0.91 0.91 0.91 0.91 0.91 0.91 0.91 0.91 0.91 0.92 0.92 0.91 0.92 0.91 0.91 0.91 0.92 0.92 0.92 0.92 0.92 0.92 0.92
  per-rule acc: 0.93 0.90
Epoch 5160 | Train: Loss=0.0013 Acc=100.0% | Test: Acc=90.9% | Best=92.8%(@4160)
  from x3: 0.90 0.91 0.91 0.91 0.91 0.91 0.91 0.91 0.91 0.91 0.91 0.91 0.91 0.91 0.91 0.91 0.91 0.91 0.91 0.91 0.91 0.91 0.91 0.91 0.91 0.91 0.91 0.91 0.91
  per-rule acc: 0.92 0.89
Epoch 5180 | Train: Loss=0.0013 Acc=100.0% | Test: Acc=90.9% | Best=92.8%(@4160)
  from x3: 0.89 0.90 0.91 0.91 0.91 0.91 0.91 0.91 0.91 0.91 0.91 0.91 0.91 0.91 0.91 0.91 0.91 0.91 0.91 0.91 0.91 0.91 0.91 0.91 0.91 0.91 0.91 0.91 0.91
  per-rule acc: 0.93 0.89
Epoch 5200 | Train: Loss=0.0440 Acc=99.5% | Test: Acc=75.0% | Best=92.8%(@4160)
  from x3: 0.71 0.75 0.75 0.75 0.75 0.75 0.75 0.75 0.75 0.75 0.75 0.75 0.75 0.75 0.75 0.75 0.75 0.75 0.75 0.75 0.75 0.75 0.75 0.75 0.75 0.75 0.75 0.75 0.75
  per-rule acc: 0.79 0.71
Epoch 5220 | Train: Loss=0.0013 Acc=100.0% | Test: Acc=89.6% | Best=92.8%(@4160)
  from x3: 0.88 0.89 0.90 0.90 0.90 0.90 0.90 0.90 0.90 0.90 0.90 0.90 0.90 0.90 0.90 0.90 0.90 0.90 0.90 0.90 0.90 0.90 0.90 0.90 0.90 0.90 0.90 0.90 0.90
  per-rule acc: 0.93 0.86
Epoch 5240 | Train: Loss=0.0011 Acc=100.0% | Test: Acc=90.8% | Best=92.8%(@4160)
  from x3: 0.89 0.91 0.91 0.91 0.91 0.91 0.91 0.91 0.91 0.91 0.91 0.91 0.91 0.91 0.91 0.91 0.91 0.91 0.91 0.91 0.91 0.91 0.91 0.91 0.91 0.91 0.91 0.91 0.91
  per-rule acc: 0.93 0.89
Epoch 5260 | Train: Loss=0.0013 Acc=100.0% | Test: Acc=90.8% | Best=92.8%(@4160)
  from x3: 0.89 0.91 0.91 0.91 0.91 0.91 0.91 0.91 0.91 0.91 0.91 0.91 0.91 0.91 0.91 0.91 0.91 0.91 0.91 0.91 0.91 0.91 0.91 0.91 0.91 0.91 0.91 0.91 0.91
  per-rule acc: 0.92 0.89
Epoch 5280 | Train: Loss=0.0128 Acc=99.9% | Test: Acc=79.6% | Best=92.8%(@4160)
  from x3: 0.76 0.80 0.80 0.79 0.79 0.79 0.80 0.80 0.80 0.80 0.80 0.80 0.80 0.80 0.80 0.80 0.80 0.80 0.80 0.80 0.80 0.80 0.80 0.80 0.80 0.80 0.80 0.80 0.80
  per-rule acc: 0.84 0.75
Epoch 5300 | Train: Loss=0.0050 Acc=99.9% | Test: Acc=84.6% | Best=92.8%(@4160)
  from x3: 0.82 0.84 0.85 0.85 0.85 0.85 0.84 0.85 0.85 0.85 0.85 0.85 0.85 0.85 0.85 0.85 0.85 0.85 0.85 0.85 0.85 0.85 0.85 0.85 0.85 0.85 0.85 0.85 0.85
  per-rule acc: 0.90 0.79
Epoch 5320 | Train: Loss=0.0012 Acc=100.0% | Test: Acc=90.3% | Best=92.8%(@4160)
  from x3: 0.89 0.90 0.90 0.90 0.90 0.90 0.90 0.90 0.90 0.90 0.90 0.90 0.90 0.90 0.90 0.90 0.90 0.90 0.90 0.90 0.90 0.91 0.90 0.91 0.91 0.91 0.91 0.91 0.91
  per-rule acc: 0.93 0.88
Epoch 5340 | Train: Loss=0.0014 Acc=100.0% | Test: Acc=90.4% | Best=92.8%(@4160)
  from x3: 0.89 0.90 0.90 0.90 0.90 0.90 0.90 0.90 0.91 0.91 0.91 0.91 0.91 0.91 0.91 0.91 0.91 0.91 0.91 0.91 0.91 0.91 0.90 0.90 0.90 0.90 0.90 0.90 0.90
  per-rule acc: 0.92 0.88
Epoch 5360 | Train: Loss=0.0014 Acc=100.0% | Test: Acc=89.8% | Best=92.8%(@4160)
  from x3: 0.88 0.90 0.90 0.90 0.90 0.90 0.90 0.90 0.90 0.90 0.90 0.90 0.90 0.90 0.90 0.90 0.90 0.90 0.90 0.90 0.90 0.90 0.90 0.90 0.90 0.90 0.90 0.90 0.90
  per-rule acc: 0.92 0.88
Epoch 5380 | Train: Loss=0.0013 Acc=100.0% | Test: Acc=89.4% | Best=92.8%(@4160)
  from x3: 0.87 0.89 0.89 0.89 0.89 0.89 0.89 0.89 0.89 0.90 0.90 0.90 0.89 0.90 0.89 0.90 0.90 0.90 0.89 0.90 0.89 0.90 0.90 0.90 0.90 0.89 0.89 0.90 0.90
  per-rule acc: 0.92 0.87
Epoch 5400 | Train: Loss=0.0016 Acc=100.0% | Test: Acc=89.1% | Best=92.8%(@4160)
  from x3: 0.88 0.89 0.89 0.89 0.89 0.89 0.89 0.89 0.89 0.89 0.89 0.89 0.89 0.89 0.89 0.89 0.89 0.89 0.89 0.89 0.89 0.89 0.89 0.89 0.89 0.89 0.89 0.89 0.89
  per-rule acc: 0.93 0.85
Epoch 5420 | Train: Loss=0.0029 Acc=100.0% | Test: Acc=89.1% | Best=92.8%(@4160)
  from x3: 0.87 0.88 0.89 0.89 0.89 0.89 0.89 0.89 0.89 0.89 0.89 0.89 0.89 0.89 0.89 0.89 0.89 0.89 0.89 0.89 0.89 0.89 0.89 0.89 0.89 0.89 0.89 0.89 0.89
  per-rule acc: 0.92 0.86
Epoch 5440 | Train: Loss=0.0012 Acc=100.0% | Test: Acc=90.9% | Best=92.8%(@4160)
  from x3: 0.89 0.91 0.91 0.91 0.91 0.91 0.91 0.91 0.91 0.91 0.91 0.91 0.91 0.91 0.91 0.91 0.91 0.91 0.91 0.91 0.91 0.91 0.91 0.91 0.91 0.91 0.91 0.91 0.91
  per-rule acc: 0.93 0.89
Epoch 5460 | Train: Loss=0.0013 Acc=100.0% | Test: Acc=90.5% | Best=92.8%(@4160)
  from x3: 0.89 0.90 0.91 0.90 0.91 0.91 0.91 0.91 0.91 0.91 0.91 0.91 0.91 0.91 0.91 0.91 0.91 0.91 0.91 0.91 0.91 0.91 0.91 0.91 0.91 0.91 0.90 0.90 0.91
  per-rule acc: 0.93 0.88
Epoch 5480 | Train: Loss=0.0013 Acc=100.0% | Test: Acc=89.8% | Best=92.8%(@4160)
  from x3: 0.88 0.90 0.90 0.90 0.90 0.90 0.90 0.90 0.90 0.90 0.90 0.90 0.90 0.90 0.90 0.90 0.90 0.90 0.90 0.90 0.90 0.90 0.90 0.90 0.90 0.90 0.90 0.90 0.90
  per-rule acc: 0.92 0.87
Epoch 5500 | Train: Loss=0.0013 Acc=100.0% | Test: Acc=88.9% | Best=92.8%(@4160)
  from x3: 0.87 0.89 0.89 0.89 0.89 0.89 0.89 0.89 0.89 0.89 0.89 0.89 0.89 0.89 0.89 0.89 0.89 0.89 0.89 0.89 0.89 0.89 0.89 0.89 0.89 0.89 0.89 0.89 0.89
  per-rule acc: 0.92 0.86
Epoch 5520 | Train: Loss=0.0011 Acc=100.0% | Test: Acc=90.0% | Best=92.8%(@4160)
  from x3: 0.88 0.90 0.90 0.90 0.90 0.90 0.90 0.90 0.90 0.90 0.90 0.90 0.90 0.90 0.90 0.90 0.90 0.90 0.90 0.90 0.90 0.90 0.90 0.90 0.90 0.90 0.90 0.90 0.90
  per-rule acc: 0.94 0.86
Epoch 5540 | Train: Loss=0.0012 Acc=100.0% | Test: Acc=90.1% | Best=92.8%(@4160)
  from x3: 0.88 0.90 0.90 0.90 0.90 0.90 0.90 0.90 0.90 0.90 0.90 0.90 0.90 0.90 0.90 0.90 0.90 0.90 0.90 0.90 0.90 0.90 0.90 0.90 0.90 0.90 0.90 0.90 0.90
  per-rule acc: 0.93 0.87
Epoch 5560 | Train: Loss=0.0013 Acc=100.0% | Test: Acc=90.4% | Best=92.8%(@4160)
  from x3: 0.89 0.90 0.90 0.90 0.90 0.90 0.91 0.90 0.91 0.91 0.91 0.91 0.91 0.91 0.91 0.91 0.91 0.91 0.90 0.90 0.90 0.90 0.90 0.91 0.90 0.90 0.90 0.90 0.90
  per-rule acc: 0.93 0.88
Epoch 5580 | Train: Loss=0.0013 Acc=100.0% | Test: Acc=90.1% | Best=92.8%(@4160)
  from x3: 0.89 0.90 0.90 0.90 0.90 0.90 0.90 0.90 0.90 0.90 0.90 0.90 0.90 0.90 0.90 0.90 0.90 0.90 0.90 0.90 0.90 0.90 0.90 0.90 0.90 0.90 0.90 0.90 0.90
  per-rule acc: 0.93 0.88
Epoch 5600 | Train: Loss=0.0012 Acc=100.0% | Test: Acc=89.0% | Best=92.8%(@4160)
  from x3: 0.87 0.89 0.89 0.89 0.89 0.89 0.89 0.89 0.89 0.89 0.89 0.89 0.89 0.89 0.89 0.89 0.89 0.89 0.89 0.89 0.89 0.89 0.89 0.89 0.89 0.89 0.89 0.89 0.89
  per-rule acc: 0.92 0.86
Epoch 5620 | Train: Loss=0.0037 Acc=100.0% | Test: Acc=85.6% | Best=92.8%(@4160)
  from x3: 0.83 0.86 0.85 0.86 0.86 0.86 0.86 0.86 0.86 0.86 0.86 0.86 0.86 0.86 0.86 0.86 0.86 0.86 0.86 0.86 0.86 0.86 0.86 0.86 0.86 0.86 0.86 0.86 0.86
  per-rule acc: 0.92 0.80
Epoch 5640 | Train: Loss=0.0011 Acc=100.0% | Test: Acc=90.5% | Best=92.8%(@4160)
  from x3: 0.88 0.90 0.90 0.90 0.90 0.90 0.90 0.90 0.90 0.90 0.90 0.90 0.91 0.91 0.91 0.91 0.91 0.91 0.91 0.91 0.91 0.91 0.91 0.91 0.91 0.91 0.91 0.91 0.91
  per-rule acc: 0.93 0.88
Epoch 5660 | Train: Loss=0.0012 Acc=100.0% | Test: Acc=90.0% | Best=92.8%(@4160)
  from x3: 0.88 0.90 0.90 0.90 0.90 0.90 0.90 0.90 0.90 0.90 0.90 0.90 0.90 0.90 0.90 0.90 0.90 0.90 0.90 0.90 0.90 0.90 0.90 0.90 0.90 0.90 0.90 0.90 0.90
  per-rule acc: 0.92 0.88
Epoch 5680 | Train: Loss=0.0013 Acc=100.0% | Test: Acc=90.2% | Best=92.8%(@4160)
  from x3: 0.88 0.90 0.90 0.90 0.90 0.90 0.90 0.90 0.90 0.90 0.90 0.90 0.90 0.90 0.90 0.90 0.90 0.90 0.90 0.90 0.90 0.90 0.90 0.90 0.90 0.90 0.90 0.90 0.90
  per-rule acc: 0.92 0.88
Epoch 5700 | Train: Loss=0.0261 Acc=99.7% | Test: Acc=73.9% | Best=92.8%(@4160)
  from x3: 0.69 0.74 0.74 0.74 0.74 0.74 0.74 0.74 0.74 0.74 0.74 0.74 0.74 0.74 0.74 0.74 0.74 0.74 0.74 0.74 0.74 0.74 0.74 0.74 0.74 0.74 0.74 0.74 0.74
  per-rule acc: 0.79 0.69
Epoch 5720 | Train: Loss=0.0019 Acc=100.0% | Test: Acc=87.9% | Best=92.8%(@4160)
  from x3: 0.85 0.88 0.88 0.88 0.88 0.88 0.88 0.88 0.88 0.88 0.88 0.88 0.88 0.88 0.88 0.88 0.88 0.88 0.88 0.88 0.88 0.88 0.88 0.88 0.88 0.88 0.88 0.88 0.88
  per-rule acc: 0.92 0.84
Epoch 5740 | Train: Loss=0.0012 Acc=100.0% | Test: Acc=90.4% | Best=92.8%(@4160)
  from x3: 0.89 0.90 0.90 0.91 0.90 0.91 0.90 0.91 0.90 0.90 0.91 0.91 0.90 0.90 0.90 0.91 0.91 0.90 0.90 0.90 0.91 0.90 0.91 0.91 0.90 0.90 0.90 0.90 0.90
  per-rule acc: 0.93 0.88
Epoch 5760 | Train: Loss=0.0013 Acc=100.0% | Test: Acc=90.2% | Best=92.8%(@4160)
  from x3: 0.88 0.90 0.90 0.90 0.90 0.90 0.90 0.90 0.90 0.90 0.90 0.90 0.90 0.90 0.90 0.90 0.90 0.90 0.90 0.90 0.90 0.90 0.90 0.90 0.90 0.90 0.90 0.90 0.90
  per-rule acc: 0.92 0.88
Epoch 5780 | Train: Loss=0.0013 Acc=100.0% | Test: Acc=90.0% | Best=92.8%(@4160)
  from x3: 0.88 0.89 0.90 0.90 0.90 0.90 0.90 0.90 0.90 0.90 0.90 0.90 0.90 0.90 0.90 0.90 0.90 0.90 0.90 0.90 0.90 0.90 0.90 0.90 0.90 0.90 0.90 0.90 0.90
  per-rule acc: 0.92 0.88
Epoch 5800 | Train: Loss=0.0013 Acc=100.0% | Test: Acc=89.3% | Best=92.8%(@4160)
  from x3: 0.87 0.88 0.88 0.89 0.89 0.89 0.89 0.89 0.89 0.89 0.89 0.89 0.89 0.89 0.89 0.90 0.89 0.89 0.89 0.90 0.89 0.90 0.90 0.89 0.89 0.89 0.89 0.89 0.89
  per-rule acc: 0.92 0.86
Epoch 5820 | Train: Loss=0.0039 Acc=100.0% | Test: Acc=84.9% | Best=92.8%(@4160)
  from x3: 0.82 0.84 0.84 0.85 0.85 0.85 0.85 0.85 0.85 0.85 0.85 0.85 0.85 0.85 0.85 0.85 0.85 0.85 0.85 0.85 0.85 0.85 0.85 0.85 0.85 0.85 0.85 0.85 0.85
  per-rule acc: 0.90 0.80
Epoch 5840 | Train: Loss=0.0011 Acc=100.0% | Test: Acc=89.8% | Best=92.8%(@4160)
  from x3: 0.88 0.89 0.90 0.90 0.90 0.90 0.90 0.90 0.90 0.90 0.90 0.90 0.90 0.90 0.90 0.90 0.90 0.90 0.90 0.90 0.90 0.90 0.90 0.90 0.90 0.90 0.90 0.90 0.90
  per-rule acc: 0.93 0.87
Epoch 5860 | Train: Loss=0.0012 Acc=100.0% | Test: Acc=89.1% | Best=92.8%(@4160)
  from x3: 0.88 0.89 0.89 0.89 0.89 0.89 0.89 0.89 0.89 0.89 0.89 0.89 0.89 0.89 0.89 0.89 0.89 0.89 0.89 0.89 0.89 0.89 0.89 0.89 0.89 0.89 0.89 0.89 0.89
  per-rule acc: 0.92 0.86
Epoch 5880 | Train: Loss=0.0012 Acc=100.0% | Test: Acc=89.0% | Best=92.8%(@4160)
  from x3: 0.87 0.89 0.88 0.89 0.89 0.89 0.89 0.89 0.89 0.89 0.89 0.89 0.89 0.89 0.89 0.89 0.89 0.89 0.89 0.89 0.89 0.89 0.89 0.89 0.89 0.89 0.89 0.89 0.89
  per-rule acc: 0.92 0.86
Epoch 5900 | Train: Loss=0.0012 Acc=100.0% | Test: Acc=88.6% | Best=92.8%(@4160)
  from x3: 0.87 0.89 0.88 0.88 0.88 0.89 0.89 0.89 0.89 0.89 0.89 0.89 0.89 0.89 0.89 0.89 0.89 0.89 0.89 0.89 0.89 0.89 0.89 0.89 0.89 0.89 0.89 0.89 0.89
  per-rule acc: 0.92 0.85
Epoch 5920 | Train: Loss=0.0222 Acc=99.8% | Test: Acc=75.4% | Best=92.8%(@4160)
  from x3: 0.71 0.76 0.75 0.75 0.75 0.76 0.75 0.75 0.75 0.75 0.75 0.76 0.76 0.75 0.75 0.76 0.75 0.75 0.76 0.75 0.76 0.75 0.75 0.75 0.75 0.76 0.76 0.76 0.75
  per-rule acc: 0.80 0.70
Epoch 5940 | Train: Loss=0.0020 Acc=100.0% | Test: Acc=84.9% | Best=92.8%(@4160)
  from x3: 0.83 0.85 0.84 0.85 0.85 0.85 0.85 0.85 0.85 0.85 0.85 0.85 0.85 0.85 0.85 0.85 0.85 0.85 0.85 0.85 0.85 0.85 0.85 0.85 0.85 0.85 0.85 0.85 0.85
  per-rule acc: 0.89 0.80
Epoch 5960 | Train: Loss=0.0011 Acc=100.0% | Test: Acc=89.1% | Best=92.8%(@4160)
  from x3: 0.87 0.89 0.89 0.89 0.89 0.89 0.89 0.89 0.89 0.89 0.89 0.89 0.89 0.89 0.89 0.89 0.89 0.89 0.89 0.89 0.89 0.89 0.89 0.89 0.89 0.89 0.89 0.89 0.89
  per-rule acc: 0.93 0.86
Epoch 5980 | Train: Loss=0.0012 Acc=100.0% | Test: Acc=88.9% | Best=92.8%(@4160)
  from x3: 0.87 0.89 0.89 0.89 0.89 0.89 0.89 0.89 0.89 0.89 0.89 0.89 0.89 0.89 0.89 0.89 0.89 0.89 0.89 0.89 0.89 0.89 0.89 0.89 0.89 0.89 0.89 0.89 0.89
  per-rule acc: 0.92 0.86
Epoch 6000 | Train: Loss=0.0012 Acc=100.0% | Test: Acc=88.7% | Best=92.8%(@4160)
  from x3: 0.87 0.88 0.88 0.89 0.89 0.89 0.89 0.89 0.89 0.89 0.89 0.89 0.89 0.89 0.89 0.89 0.89 0.89 0.89 0.89 0.89 0.89 0.89 0.89 0.89 0.89 0.89 0.89 0.89
  per-rule acc: 0.92 0.85
Epoch 6020 | Train: Loss=0.0012 Acc=100.0% | Test: Acc=87.9% | Best=92.8%(@4160)
  from x3: 0.86 0.88 0.88 0.88 0.88 0.88 0.88 0.88 0.88 0.88 0.88 0.88 0.88 0.88 0.88 0.88 0.88 0.88 0.88 0.88 0.88 0.88 0.88 0.88 0.88 0.88 0.88 0.88 0.88
  per-rule acc: 0.92 0.84
Epoch 6040 | Train: Loss=0.0104 Acc=99.9% | Test: Acc=79.3% | Best=92.8%(@4160)
  from x3: 0.76 0.79 0.80 0.79 0.80 0.80 0.80 0.79 0.79 0.79 0.79 0.79 0.79 0.79 0.79 0.79 0.79 0.79 0.79 0.79 0.79 0.79 0.79 0.79 0.79 0.79 0.79 0.79 0.79
  per-rule acc: 0.84 0.74
Epoch 6060 | Train: Loss=0.0010 Acc=100.0% | Test: Acc=89.2% | Best=92.8%(@4160)
  from x3: 0.86 0.89 0.89 0.89 0.89 0.89 0.89 0.89 0.89 0.89 0.89 0.89 0.89 0.89 0.89 0.89 0.89 0.89 0.89 0.89 0.89 0.89 0.89 0.89 0.89 0.89 0.89 0.89 0.89
  per-rule acc: 0.91 0.87
Epoch 6080 | Train: Loss=0.0011 Acc=100.0% | Test: Acc=88.7% | Best=92.8%(@4160)
  from x3: 0.86 0.89 0.89 0.89 0.89 0.89 0.89 0.89 0.89 0.89 0.89 0.89 0.89 0.89 0.89 0.89 0.89 0.89 0.89 0.89 0.89 0.89 0.89 0.89 0.89 0.89 0.89 0.89 0.89
  per-rule acc: 0.92 0.86
Epoch 6100 | Train: Loss=0.0012 Acc=100.0% | Test: Acc=88.3% | Best=92.8%(@4160)
  from x3: 0.86 0.88 0.88 0.88 0.88 0.89 0.88 0.88 0.88 0.88 0.88 0.88 0.88 0.88 0.88 0.88 0.88 0.88 0.88 0.88 0.88 0.88 0.88 0.88 0.88 0.88 0.88 0.88 0.88
  per-rule acc: 0.91 0.85
Epoch 6120 | Train: Loss=0.0012 Acc=100.0% | Test: Acc=88.0% | Best=92.8%(@4160)
  from x3: 0.86 0.88 0.88 0.88 0.88 0.88 0.88 0.88 0.88 0.88 0.88 0.88 0.88 0.88 0.88 0.88 0.88 0.88 0.88 0.88 0.88 0.88 0.88 0.88 0.88 0.88 0.88 0.88 0.88
  per-rule acc: 0.91 0.85
Epoch 6140 | Train: Loss=0.0064 Acc=99.9% | Test: Acc=82.4% | Best=92.8%(@4160)
  from x3: 0.80 0.82 0.82 0.82 0.82 0.82 0.82 0.82 0.82 0.82 0.82 0.83 0.83 0.82 0.83 0.83 0.83 0.83 0.83 0.83 0.83 0.83 0.83 0.83 0.83 0.83 0.83 0.83 0.83
  per-rule acc: 0.88 0.77
Epoch 6160 | Train: Loss=0.0012 Acc=100.0% | Test: Acc=89.0% | Best=92.8%(@4160)
  from x3: 0.87 0.88 0.89 0.89 0.89 0.89 0.89 0.89 0.89 0.89 0.89 0.89 0.89 0.89 0.89 0.89 0.89 0.89 0.89 0.89 0.89 0.89 0.89 0.89 0.89 0.89 0.89 0.89 0.89
  per-rule acc: 0.92 0.86
[Early stop] No improvement for 2000 consecutive epochs

==================================================
Saving model...
[OK] Model saved to: /home/cxm/ai/test0625-basic2/models/mixed_basic_d512l4_r8_t32.pth
  File size: 82776.3 KB
  Best test accuracy: 92.81%

==================================================
Final generation test (given first two items, AB generates 3rd as prompt, validate from 4th)
==================================================

--- AB pair 1: (1, 1) ---

--- Statistics for AB=(1,1) ---
Exposed    samples:  1405 | In-dist: 40513/40745 ( 99.4%) | OOD: 44712/44960 ( 99.4%)
Unexposed  samples:  1404 | In-dist: 20760/40716 ( 51.0%) | OOD: 12301/44928 ( 27.4%)

--- AB pair 2: (1, 2) ---

--- Statistics for AB=(1,2) ---
Exposed    samples:  1405 | In-dist: 40521/40745 ( 99.5%) | OOD: 44712/44960 ( 99.4%)
Unexposed  samples:  1404 | In-dist: 17317/40716 ( 42.5%) | OOD: 13772/44928 ( 30.7%)

--- Return code: 0 ---

======================================================================
Attention Analysis
======================================================================
Model config: addition (default), p=53
Best test accuracy: 0.928111798801454
Training epochs: 6160

Random test sequence 1/5 (length 64): [48, 20, 15, 35, 50, 32, 29, 8, 37, 45, 29, 21, 50, 18, 15, 33, 48, 28, 23, 51]...

======================================================================
Attention Layer Training Result Summary
======================================================================
Input sequence: [48, 20, 15, 35, 50, 32, 29, 8, 37, 45, 29, 21, 50, 18, 15, 33, 48, 28, 23, 51, 21, 19, 40, 6, 46, 52, 45, 44, 36, 27, 10, 37, 47, 31, 25, 3, 28, 31, 6, 37, 43, 27, 17, 44, 8, 52, 7, 6, 13, 19, 32, 51, 30, 28, 5, 33, 38, 18, 3, 21, 24, 45, 16, 8]

--- Layer 0 ---
  Head 0: Entropy=0.478
    Attention coefficients from each query position to previous positions:
      i= 0 -> j=0:1.000
      i= 1 -> j=0:0.962, j=1:0.038
      i= 2 -> j=0:0.082, j=1:0.865, j=2:0.052
      i= 3 -> j=0:0.000, j=1:0.047, j=2:0.906, j=3:0.046
      i= 4 -> j=0:0.000, j=1:0.000, j=2:0.129, j=3:0.795, j=4:0.076
      i= 5 -> j=0:0.000, j=1:0.000, j=2:0.000, j=3:0.060, j=4:0.875, j=5:0.065
      i= 6 -> j=0:0.000, j=1:0.000, j=2:0.000, j=3:0.000, j=4:0.105, j=5:0.854, j=6:0.041
      i= 7 -> j=0:0.000, j=1:0.000, j=2:0.000, j=3:0.000, j=4:0.000, j=5:0.065, j=6:0.869, j=7:0.065
      i= 8 -> j=0:0.000, j=1:0.000, j=2:0.000, j=3:0.000, j=4:0.000, j=5:0.000, j=6:0.076, j=7:0.879, j=8:0.045
      i= 9 -> j=0:0.000, j=1:0.000, j=2:0.000, j=3:0.000, j=4:0.000, j=5:0.000, j=6:0.000, j=7:0.081, j=8:0.849, j=9:0.070
      i=10 -> j=0:0.000, j=1:0.000, j=2:0.000, j=3:0.000, j=4:0.000, j=5:0.000, j=6:0.000, j=7:0.000, j=8:0.106, j=9:0.859, j=10:0.035
      i=11 -> j=0:0.000, j=1:0.000, j=2:0.000, j=3:0.000, j=4:0.000, j=5:0.000, j=6:0.000, j=7:0.000, j=8:0.000, j=9:0.091, j=10:0.861, j=11:0.048
      i=12 -> j=0:0.000, j=1:0.000, j=2:0.000, j=3:0.000, j=4:0.000, j=5:0.000, j=6:0.000, j=7:0.000, j=8:0.000, j=9:0.000, j=10:0.133, j=11:0.781, j=12:0.086
      i=13 -> j=0:0.000, j=1:0.000, j=2:0.000, j=3:0.000, j=4:0.000, j=5:0.000, j=6:0.000, j=7:0.000, j=8:0.000, j=9:0.000, j=10:0.000, j=11:0.057, j=12:0.891, j=13:0.052
      i=14 -> j=0:0.000, j=1:0.000, j=2:0.000, j=3:0.000, j=4:0.000, j=5:0.000, j=6:0.000, j=7:0.000, j=8:0.000, j=9:0.000, j=10:0.000, j=11:0.000, j=12:0.059, j=13:0.889, j=14:0.052
      i=15 -> j=0:0.000, j=1:0.000, j=2:0.000, j=3:0.000, j=4:0.000, j=5:0.000, j=6:0.000, j=7:0.000, j=8:0.000, j=9:0.000, j=10:0.000, j=11:0.000, j=12:0.000, j=13:0.064, j=14:0.879, j=15:0.057
      i=16 -> j=0:0.000, j=1:0.000, j=2:0.000, j=3:0.000, j=4:0.000, j=5:0.000, j=6:0.000, j=7:0.000, j=8:0.000, j=9:0.000, j=10:0.000, j=11:0.000, j=12:0.000, j=13:0.000, j=14:0.094, j=15:0.863, j=16:0.043
      i=17 -> j=0:0.000, j=1:0.000, j=2:0.000, j=3:0.000, j=4:0.000, j=5:0.000, j=6:0.000, j=7:0.000, j=8:0.000, j=9:0.000, j=10:0.000, j=11:0.000, j=12:0.000, j=13:0.000, j=14:0.000, j=15:0.076, j=16:0.868, j=17:0.056
      i=18 -> j=0:0.000, j=1:0.000, j=2:0.000, j=3:0.000, j=4:0.000, j=5:0.000, j=6:0.000, j=7:0.000, j=8:0.000, j=9:0.000, j=10:0.000, j=11:0.000, j=12:0.000, j=13:0.000, j=14:0.000, j=15:0.000, j=16:0.088, j=17:0.875, j=18:0.037
      i=19 -> j=0:0.000, j=1:0.000, j=2:0.000, j=3:0.000, j=4:0.000, j=5:0.000, j=6:0.000, j=7:0.000, j=8:0.000, j=9:0.000, j=10:0.000, j=11:0.000, j=12:0.000, j=13:0.000, j=14:0.000, j=15:0.000, j=16:0.000, j=17:0.075, j=18:0.876, j=19:0.049
      i=20 -> j=0:0.000, j=1:0.000, j=2:0.000, j=3:0.000, j=4:0.000, j=5:0.000, j=6:0.000, j=7:0.000, j=8:0.000, j=9:0.000, j=10:0.000, j=11:0.000, j=12:0.000, j=13:0.000, j=14:0.000, j=15:0.000, j=16:0.000, j=17:0.000, j=18:0.110, j=19:0.838, j=20:0.051
      i=21 -> j=0:0.000, j=1:0.000, j=2:0.000, j=3:0.000, j=4:0.000, j=5:0.000, j=6:0.000, j=7:0.000, j=8:0.000, j=9:0.000, j=10:0.000, j=11:0.000, j=12:0.000, j=13:0.000, j=14:0.000, j=15:0.000, j=16:0.000, j=17:0.000, j=18:0.000, j=19:0.082, j=20:0.855, j=21:0.063
      i=22 -> j=0:0.000, j=1:0.000, j=2:0.000, j=3:0.000, j=4:0.000, j=5:0.000, j=6:0.000, j=7:0.000, j=8:0.000, j=9:0.000, j=10:0.000, j=11:0.000, j=12:0.000, j=13:0.000, j=14:0.000, j=15:0.000, j=16:0.000, j=17:0.000, j=18:0.000, j=19:0.000, j=20:0.061, j=21:0.877, j=22:0.062
      i=23 -> j=0:0.000, j=1:0.000, j=2:0.000, j=3:0.000, j=4:0.000, j=5:0.000, j=6:0.000, j=7:0.000, j=8:0.000, j=9:0.000, j=10:0.000, j=11:0.000, j=12:0.000, j=13:0.000, j=14:0.000, j=15:0.000, j=16:0.000, j=17:0.000, j=18:0.000, j=19:0.000, j=20:0.000, j=21:0.101, j=22:0.845, j=23:0.054
      i=24 -> j=0:0.000, j=1:0.000, j=2:0.000, j=3:0.000, j=4:0.000, j=5:0.000, j=6:0.000, j=7:0.000, j=8:0.000, j=9:0.000, j=10:0.000, j=11:0.000, j=12:0.000, j=13:0.000, j=14:0.000, j=15:0.000, j=16:0.000, j=17:0.000, j=18:0.000, j=19:0.000, j=20:0.000, j=21:0.000, j=22:0.080, j=23:0.888, j=24:0.032
      i=25 -> j=0:0.000, j=1:0.000, j=2:0.000, j=3:0.000, j=4:0.000, j=5:0.000, j=6:0.000, j=7:0.000, j=8:0.000, j=9:0.000, j=10:0.000, j=11:0.000, j=12:0.000, j=13:0.000, j=14:0.000, j=15:0.000, j=16:0.000, j=17:0.000, j=18:0.000, j=19:0.000, j=20:0.000, j=21:0.000, j=22:0.000, j=23:0.044, j=24:0.910, j=25:0.046
      i=26 -> j=0:0.000, j=1:0.000, j=2:0.000, j=3:0.000, j=4:0.000, j=5:0.000, j=6:0.000, j=7:0.000, j=8:0.000, j=9:0.000, j=10:0.000, j=11:0.000, j=12:0.000, j=13:0.000, j=14:0.000, j=15:0.000, j=16:0.000, j=17:0.000, j=18:0.000, j=19:0.000, j=20:0.000, j=21:0.000, j=22:0.000, j=23:0.000, j=24:0.117, j=25:0.816, j=26:0.067
      i=27 -> j=0:0.000, j=1:0.000, j=2:0.000, j=3:0.000, j=4:0.000, j=5:0.000, j=6:0.000, j=7:0.000, j=8:0.000, j=9:0.000, j=10:0.000, j=11:0.000, j=12:0.000, j=13:0.000, j=14:0.000, j=15:0.000, j=16:0.000, j=17:0.000, j=18:0.000, j=19:0.000, j=20:0.000, j=21:0.000, j=22:0.000, j=23:0.000, j=24:0.000, j=25:0.071, j=26:0.878, j=27:0.050
      i=28 -> j=0:0.000, j=1:0.000, j=2:0.000, j=3:0.000, j=4:0.000, j=5:0.000, j=6:0.000, j=7:0.000, j=8:0.000, j=9:0.000, j=10:0.000, j=11:0.000, j=12:0.000, j=13:0.000, j=14:0.000, j=15:0.000, j=16:0.000, j=17:0.000, j=18:0.000, j=19:0.000, j=20:0.000, j=21:0.000, j=22:0.000, j=23:0.000, j=24:0.000, j=25:0.000, j=26:0.071, j=27:0.887, j=28:0.042
      i=29 -> j=0:0.000, j=1:0.000, j=2:0.000, j=3:0.000, j=4:0.000, j=5:0.000, j=6:0.000, j=7:0.000, j=8:0.000, j=9:0.000, j=10:0.000, j=11:0.000, j=12:0.000, j=13:0.000, j=14:0.000, j=15:0.000, j=16:0.000, j=17:0.000, j=18:0.000, j=19:0.000, j=20:0.000, j=21:0.000, j=22:0.000, j=23:0.000, j=24:0.000, j=25:0.000, j=26:0.000, j=27:0.088, j=28:0.830, j=29:0.082
      i=30 -> j=0:0.000, j=1:0.000, j=2:0.000, j=3:0.000, j=4:0.000, j=5:0.000, j=6:0.000, j=7:0.000, j=8:0.000, j=9:0.000, j=10:0.000, j=11:0.000, j=12:0.000, j=13:0.000, j=14:0.000, j=15:0.000, j=16:0.000, j=17:0.000, j=18:0.000, j=19:0.000, j=20:0.000, j=21:0.000, j=22:0.000, j=23:0.000, j=24:0.000, j=25:0.000, j=26:0.000, j=27:0.000, j=28:0.099, j=29:0.859, j=30:0.042
      i=31 -> j=0:0.000, j=1:0.000, j=2:0.000, j=3:0.000, j=4:0.000, j=5:0.000, j=6:0.000, j=7:0.000, j=8:0.000, j=9:0.000, j=10:0.000, j=11:0.000, j=12:0.000, j=13:0.000, j=14:0.000, j=15:0.000, j=16:0.000, j=17:0.000, j=18:0.000, j=19:0.000, j=20:0.000, j=21:0.000, j=22:0.000, j=23:0.000, j=24:0.000, j=25:0.000, j=26:0.000, j=27:0.000, j=28:0.000, j=29:0.086, j=30:0.860, j=31:0.054
      i=32 -> j=0:0.000, j=1:0.000, j=2:0.000, j=3:0.000, j=4:0.000, j=5:0.000, j=6:0.000, j=7:0.000, j=8:0.000, j=9:0.000, j=10:0.000, j=11:0.000, j=12:0.000, j=13:0.000, j=14:0.000, j=15:0.000, j=16:0.000, j=17:0.000, j=18:0.000, j=19:0.000, j=20:0.000, j=21:0.000, j=22:0.000, j=23:0.000, j=24:0.000, j=25:0.000, j=26:0.000, j=27:0.000, j=28:0.000, j=29:0.000, j=30:0.106, j=31:0.847, j=32:0.046
      i=33 -> j=0:0.000, j=1:0.000, j=2:0.000, j=3:0.000, j=4:0.000, j=5:0.000, j=6:0.000, j=7:0.000, j=8:0.000, j=9:0.000, j=10:0.000, j=11:0.000, j=12:0.000, j=13:0.000, j=14:0.000, j=15:0.000, j=16:0.000, j=17:0.000, j=18:0.000, j=19:0.000, j=20:0.000, j=21:0.000, j=22:0.000, j=23:0.000, j=24:0.000, j=25:0.000, j=26:0.000, j=27:0.000, j=28:0.000, j=29:0.000, j=30:0.000, j=31:0.085, j=32:0.855, j=33:0.059
      i=34 -> j=0:0.000, j=1:0.000, j=2:0.000, j=3:0.000, j=4:0.000, j=5:0.000, j=6:0.000, j=7:0.000, j=8:0.000, j=9:0.000, j=10:0.000, j=11:0.000, j=12:0.000, j=13:0.000, j=14:0.000, j=15:0.000, j=16:0.000, j=17:0.000, j=18:0.000, j=19:0.000, j=20:0.000, j=21:0.000, j=22:0.000, j=23:0.000, j=24:0.000, j=25:0.000, j=26:0.000, j=27:0.000, j=28:0.000, j=29:0.000, j=30:0.000, j=31:0.000, j=32:0.078, j=33:0.872, j=34:0.049
      i=35 -> j=0:0.000, j=1:0.000, j=2:0.000, j=3:0.000, j=4:0.000, j=5:0.000, j=6:0.000, j=7:0.000, j=8:0.000, j=9:0.000, j=10:0.000, j=11:0.000, j=12:0.000, j=13:0.000, j=14:0.000, j=15:0.000, j=16:0.000, j=17:0.000, j=18:0.000, j=19:0.000, j=20:0.000, j=21:0.000, j=22:0.000, j=23:0.000, j=24:0.000, j=25:0.000, j=26:0.000, j=27:0.000, j=28:0.000, j=29:0.000, j=30:0.000, j=31:0.000, j=32:0.000, j=33:0.096, j=34:0.843, j=35:0.061
      i=36 -> j=0:0.000, j=1:0.000, j=2:0.000, j=3:0.000, j=4:0.000, j=5:0.000, j=6:0.000, j=7:0.000, j=8:0.000, j=9:0.000, j=10:0.000, j=11:0.000, j=12:0.000, j=13:0.000, j=14:0.000, j=15:0.000, j=16:0.000, j=17:0.000, j=18:0.000, j=19:0.000, j=20:0.000, j=21:0.000, j=22:0.000, j=23:0.000, j=24:0.000, j=25:0.000, j=26:0.000, j=27:0.000, j=28:0.000, j=29:0.000, j=30:0.000, j=31:0.000, j=32:0.000, j=33:0.000, j=34:0.096, j=35:0.850, j=36:0.053
      i=37 -> j=0:0.000, j=1:0.000, j=2:0.000, j=3:0.000, j=4:0.000, j=5:0.000, j=6:0.000, j=7:0.000, j=8:0.000, j=9:0.000, j=10:0.000, j=11:0.000, j=12:0.000, j=13:0.000, j=14:0.000, j=15:0.000, j=16:0.000, j=17:0.000, j=18:0.000, j=19:0.000, j=20:0.000, j=21:0.000, j=22:0.000, j=23:0.000, j=24:0.000, j=25:0.000, j=26:0.000, j=27:0.000, j=28:0.000, j=29:0.000, j=30:0.000, j=31:0.000, j=32:0.000, j=33:0.000, j=34:0.000, j=35:0.082, j=36:0.864, j=37:0.054
      i=38 -> j=0:0.000, j=1:0.000, j=2:0.000, j=3:0.000, j=4:0.000, j=5:0.000, j=6:0.000, j=7:0.000, j=8:0.000, j=9:0.000, j=10:0.000, j=11:0.000, j=12:0.000, j=13:0.000, j=14:0.000, j=15:0.000, j=16:0.000, j=17:0.000, j=18:0.000, j=19:0.000, j=20:0.000, j=21:0.000, j=22:0.000, j=23:0.000, j=24:0.000, j=25:0.000, j=26:0.000, j=27:0.000, j=28:0.000, j=29:0.000, j=30:0.000, j=31:0.000, j=32:0.000, j=33:0.000, j=34:0.000, j=35:0.000, j=36:0.099, j=37:0.852, j=38:0.049
      i=39 -> j=0:0.000, j=1:0.000, j=2:0.000, j=3:0.000, j=4:0.000, j=5:0.000, j=6:0.000, j=7:0.000, j=8:0.000, j=9:0.000, j=10:0.000, j=11:0.000, j=12:0.000, j=13:0.000, j=14:0.000, j=15:0.000, j=16:0.000, j=17:0.000, j=18:0.000, j=19:0.000, j=20:0.000, j=21:0.000, j=22:0.000, j=23:0.000, j=24:0.000, j=25:0.000, j=26:0.000, j=27:0.000, j=28:0.000, j=29:0.000, j=30:0.000, j=31:0.000, j=32:0.000, j=33:0.000, j=34:0.000, j=35:0.000, j=36:0.000, j=37:0.109, j=38:0.820, j=39:0.071
      i=40 -> j=0:0.000, j=1:0.000, j=2:0.000, j=3:0.000, j=4:0.000, j=5:0.000, j=6:0.000, j=7:0.000, j=8:0.000, j=9:0.000, j=10:0.000, j=11:0.000, j=12:0.000, j=13:0.000, j=14:0.000, j=15:0.000, j=16:0.000, j=17:0.000, j=18:0.000, j=19:0.000, j=20:0.000, j=21:0.000, j=22:0.000, j=23:0.000, j=24:0.000, j=25:0.000, j=26:0.000, j=27:0.000, j=28:0.000, j=29:0.000, j=30:0.000, j=31:0.000, j=32:0.000, j=33:0.000, j=34:0.000, j=35:0.000, j=36:0.000, j=37:0.000, j=38:0.062, j=39:0.895, j=40:0.043
      i=41 -> j=0:0.000, j=1:0.000, j=2:0.000, j=3:0.000, j=4:0.000, j=5:0.000, j=6:0.000, j=7:0.000, j=8:0.000, j=9:0.000, j=10:0.000, j=11:0.000, j=12:0.000, j=13:0.000, j=14:0.000, j=15:0.000, j=16:0.000, j=17:0.000, j=18:0.000, j=19:0.000, j=20:0.000, j=21:0.000, j=22:0.000, j=23:0.000, j=24:0.000, j=25:0.000, j=26:0.000, j=27:0.000, j=28:0.000, j=29:0.000, j=30:0.000, j=31:0.000, j=32:0.000, j=33:0.000, j=34:0.000, j=35:0.000, j=36:0.000, j=37:0.000, j=38:0.000, j=39:0.057, j=40:0.878, j=41:0.064
      i=42 -> j=0:0.000, j=1:0.000, j=2:0.000, j=3:0.000, j=4:0.000, j=5:0.000, j=6:0.000, j=7:0.000, j=8:0.000, j=9:0.000, j=10:0.000, j=11:0.000, j=12:0.000, j=13:0.000, j=14:0.000, j=15:0.000, j=16:0.000, j=17:0.000, j=18:0.000, j=19:0.000, j=20:0.000, j=21:0.000, j=22:0.000, j=23:0.000, j=24:0.000, j=25:0.000, j=26:0.000, j=27:0.000, j=28:0.000, j=29:0.000, j=30:0.000, j=31:0.000, j=32:0.000, j=33:0.000, j=34:0.000, j=35:0.000, j=36:0.000, j=37:0.000, j=38:0.000, j=39:0.000, j=40:0.071, j=41:0.869, j=42:0.059
      i=43 -> j=0:0.000, j=1:0.000, j=2:0.000, j=3:0.000, j=4:0.000, j=5:0.000, j=6:0.000, j=7:0.000, j=8:0.000, j=9:0.000, j=10:0.000, j=11:0.000, j=12:0.000, j=13:0.000, j=14:0.000, j=15:0.000, j=16:0.000, j=17:0.000, j=18:0.000, j=19:0.000, j=20:0.000, j=21:0.000, j=22:0.000, j=23:0.000, j=24:0.000, j=25:0.000, j=26:0.000, j=27:0.000, j=28:0.000, j=29:0.000, j=30:0.000, j=31:0.000, j=32:0.000, j=33:0.000, j=34:0.000, j=35:0.000, j=36:0.000, j=37:0.000, j=38:0.000, j=39:0.000, j=40:0.000, j=41:0.099, j=42:0.826, j=43:0.073
      i=44 -> j=0:0.000, j=1:0.000, j=2:0.000, j=3:0.000, j=4:0.000, j=5:0.000, j=6:0.000, j=7:0.000, j=8:0.000, j=9:0.000, j=10:0.000, j=11:0.000, j=12:0.000, j=13:0.000, j=14:0.000, j=15:0.000, j=16:0.000, j=17:0.000, j=18:0.000, j=19:0.000, j=20:0.000, j=21:0.000, j=22:0.000, j=23:0.000, j=24:0.000, j=25:0.000, j=26:0.000, j=27:0.000, j=28:0.000, j=29:0.000, j=30:0.000, j=31:0.000, j=32:0.000, j=33:0.000, j=34:0.000, j=35:0.000, j=36:0.000, j=37:0.000, j=38:0.000, j=39:0.000, j=40:0.000, j=41:0.000, j=42:0.043, j=43:0.904, j=44:0.053
      i=45 -> j=0:0.000, j=1:0.000, j=2:0.000, j=3:0.000, j=4:0.000, j=5:0.000, j=6:0.000, j=7:0.000, j=8:0.000, j=9:0.000, j=10:0.000, j=11:0.000, j=12:0.000, j=13:0.000, j=14:0.000, j=15:0.000, j=16:0.000, j=17:0.000, j=18:0.000, j=19:0.000, j=20:0.000, j=21:0.000, j=22:0.000, j=23:0.000, j=24:0.000, j=25:0.000, j=26:0.000, j=27:0.000, j=28:0.000, j=29:0.000, j=30:0.000, j=31:0.000, j=32:0.000, j=33:0.000, j=34:0.000, j=35:0.000, j=36:0.000, j=37:0.000, j=38:0.000, j=39:0.000, j=40:0.000, j=41:0.000, j=42:0.000, j=43:0.071, j=44:0.884, j=45:0.044
      i=46 -> j=0:0.000, j=1:0.000, j=2:0.000, j=3:0.000, j=4:0.000, j=5:0.000, j=6:0.000, j=7:0.000, j=8:0.000, j=9:0.000, j=10:0.000, j=11:0.000, j=12:0.000, j=13:0.000, j=14:0.000, j=15:0.000, j=16:0.000, j=17:0.000, j=18:0.000, j=19:0.000, j=20:0.000, j=21:0.000, j=22:0.000, j=23:0.000, j=24:0.000, j=25:0.000, j=26:0.000, j=27:0.000, j=28:0.000, j=29:0.000, j=30:0.000, j=31:0.000, j=32:0.000, j=33:0.000, j=34:0.000, j=35:0.000, j=36:0.000, j=37:0.000, j=38:0.000, j=39:0.000, j=40:0.000, j=41:0.000, j=42:0.000, j=43:0.000, j=44:0.137, j=45:0.832, j=46:0.031
      i=47 -> j=0:0.000, j=1:0.000, j=2:0.000, j=3:0.000, j=4:0.000, j=5:0.000, j=6:0.000, j=7:0.000, j=8:0.000, j=9:0.000, j=10:0.000, j=11:0.000, j=12:0.000, j=13:0.000, j=14:0.000, j=15:0.000, j=16:0.000, j=17:0.000, j=18:0.000, j=19:0.000, j=20:0.000, j=21:0.000, j=22:0.000, j=23:0.000, j=24:0.000, j=25:0.000, j=26:0.000, j=27:0.000, j=28:0.000, j=29:0.000, j=30:0.000, j=31:0.000, j=32:0.000, j=33:0.000, j=34:0.000, j=35:0.000, j=36:0.000, j=37:0.000, j=38:0.000, j=39:0.000, j=40:0.000, j=41:0.000, j=42:0.000, j=43:0.000, j=44:0.000, j=45:0.068, j=46:0.893, j=47:0.039
      i=48 -> j=0:0.000, j=1:0.000, j=2:0.000, j=3:0.000, j=4:0.000, j=5:0.000, j=6:0.000, j=7:0.000, j=8:0.000, j=9:0.000, j=10:0.000, j=11:0.000, j=12:0.000, j=13:0.000, j=14:0.000, j=15:0.000, j=16:0.000, j=17:0.000, j=18:0.000, j=19:0.000, j=20:0.000, j=21:0.000, j=22:0.000, j=23:0.000, j=24:0.000, j=25:0.000, j=26:0.000, j=27:0.000, j=28:0.000, j=29:0.000, j=30:0.000, j=31:0.000, j=32:0.000, j=33:0.000, j=34:0.000, j=35:0.000, j=36:0.000, j=37:0.000, j=38:0.000, j=39:0.000, j=40:0.000, j=41:0.000, j=42:0.000, j=43:0.000, j=44:0.000, j=45:0.000, j=46:0.151, j=47:0.763, j=48:0.085
      i=49 -> j=0:0.000, j=1:0.000, j=2:0.000, j=3:0.000, j=4:0.000, j=5:0.000, j=6:0.000, j=7:0.000, j=8:0.000, j=9:0.000, j=10:0.000, j=11:0.000, j=12:0.000, j=13:0.000, j=14:0.000, j=15:0.000, j=16:0.000, j=17:0.000, j=18:0.000, j=19:0.000, j=20:0.000, j=21:0.000, j=22:0.000, j=23:0.000, j=24:0.000, j=25:0.000, j=26:0.000, j=27:0.000, j=28:0.000, j=29:0.000, j=30:0.000, j=31:0.000, j=32:0.000, j=33:0.000, j=34:0.000, j=35:0.000, j=36:0.000, j=37:0.000, j=38:0.000, j=39:0.000, j=40:0.000, j=41:0.000, j=42:0.000, j=43:0.000, j=44:0.000, j=45:0.000, j=46:0.000, j=47:0.051, j=48:0.894, j=49:0.054
      i=50 -> j=0:0.000, j=1:0.000, j=2:0.000, j=3:0.000, j=4:0.000, j=5:0.000, j=6:0.000, j=7:0.000, j=8:0.000, j=9:0.000, j=10:0.000, j=11:0.000, j=12:0.000, j=13:0.000, j=14:0.000, j=15:0.000, j=16:0.000, j=17:0.000, j=18:0.000, j=19:0.000, j=20:0.000, j=21:0.000, j=22:0.000, j=23:0.000, j=24:0.000, j=25:0.000, j=26:0.000, j=27:0.000, j=28:0.000, j=29:0.000, j=30:0.000, j=31:0.000, j=32:0.000, j=33:0.000, j=34:0.000, j=35:0.000, j=36:0.000, j=37:0.000, j=38:0.000, j=39:0.000, j=40:0.000, j=41:0.000, j=42:0.000, j=43:0.000, j=44:0.000, j=45:0.000, j=46:0.000, j=47:0.000, j=48:0.052, j=49:0.885, j=50:0.062
      i=51 -> j=0:0.000, j=1:0.000, j=2:0.000, j=3:0.000, j=4:0.000, j=5:0.000, j=6:0.000, j=7:0.000, j=8:0.000, j=9:0.000, j=10:0.000, j=11:0.000, j=12:0.000, j=13:0.000, j=14:0.000, j=15:0.000, j=16:0.000, j=17:0.000, j=18:0.000, j=19:0.000, j=20:0.000, j=21:0.000, j=22:0.000, j=23:0.000, j=24:0.000, j=25:0.000, j=26:0.000, j=27:0.000, j=28:0.000, j=29:0.000, j=30:0.000, j=31:0.000, j=32:0.000, j=33:0.000, j=34:0.000, j=35:0.000, j=36:0.000, j=37:0.000, j=38:0.000, j=39:0.000, j=40:0.000, j=41:0.000, j=42:0.000, j=43:0.000, j=44:0.000, j=45:0.000, j=46:0.000, j=47:0.000, j=48:0.000, j=49:0.094, j=50:0.841, j=51:0.065
      i=52 -> j=0:0.000, j=1:0.000, j=2:0.000, j=3:0.000, j=4:0.000, j=5:0.000, j=6:0.000, j=7:0.000, j=8:0.000, j=9:0.000, j=10:0.000, j=11:0.000, j=12:0.000, j=13:0.000, j=14:0.000, j=15:0.000, j=16:0.000, j=17:0.000, j=18:0.000, j=19:0.000, j=20:0.000, j=21:0.000, j=22:0.000, j=23:0.000, j=24:0.000, j=25:0.000, j=26:0.000, j=27:0.000, j=28:0.000, j=29:0.000, j=30:0.000, j=31:0.000, j=32:0.000, j=33:0.000, j=34:0.000, j=35:0.000, j=36:0.000, j=37:0.000, j=38:0.000, j=39:0.000, j=40:0.000, j=41:0.000, j=42:0.000, j=43:0.000, j=44:0.000, j=45:0.000, j=46:0.000, j=47:0.000, j=48:0.000, j=49:0.000, j=50:0.054, j=51:0.888, j=52:0.057
      i=53 -> j=0:0.000, j=1:0.000, j=2:0.000, j=3:0.000, j=4:0.000, j=5:0.000, j=6:0.000, j=7:0.000, j=8:0.000, j=9:0.000, j=10:0.000, j=11:0.000, j=12:0.000, j=13:0.000, j=14:0.000, j=15:0.000, j=16:0.000, j=17:0.000, j=18:0.000, j=19:0.000, j=20:0.000, j=21:0.000, j=22:0.000, j=23:0.000, j=24:0.000, j=25:0.000, j=26:0.000, j=27:0.000, j=28:0.000, j=29:0.000, j=30:0.000, j=31:0.000, j=32:0.000, j=33:0.000, j=34:0.000, j=35:0.000, j=36:0.000, j=37:0.000, j=38:0.000, j=39:0.000, j=40:0.000, j=41:0.000, j=42:0.000, j=43:0.000, j=44:0.000, j=45:0.000, j=46:0.000, j=47:0.000, j=48:0.000, j=49:0.000, j=50:0.000, j=51:0.080, j=52:0.861, j=53:0.058
      i=54 -> j=0:0.000, j=1:0.000, j=2:0.000, j=3:0.000, j=4:0.000, j=5:0.000, j=6:0.000, j=7:0.000, j=8:0.000, j=9:0.000, j=10:0.000, j=11:0.000, j=12:0.000, j=13:0.000, j=14:0.000, j=15:0.000, j=16:0.000, j=17:0.000, j=18:0.000, j=19:0.000, j=20:0.000, j=21:0.000, j=22:0.000, j=23:0.000, j=24:0.000, j=25:0.000, j=26:0.000, j=27:0.000, j=28:0.000, j=29:0.000, j=30:0.000, j=31:0.000, j=32:0.000, j=33:0.000, j=34:0.000, j=35:0.000, j=36:0.000, j=37:0.000, j=38:0.000, j=39:0.000, j=40:0.000, j=41:0.000, j=42:0.000, j=43:0.000, j=44:0.000, j=45:0.000, j=46:0.000, j=47:0.000, j=48:0.000, j=49:0.000, j=50:0.000, j=51:0.000, j=52:0.136, j=53:0.830, j=54:0.033
      i=55 -> j=0:0.000, j=1:0.000, j=2:0.000, j=3:0.000, j=4:0.000, j=5:0.000, j=6:0.000, j=7:0.000, j=8:0.000, j=9:0.000, j=10:0.000, j=11:0.000, j=12:0.000, j=13:0.000, j=14:0.000, j=15:0.000, j=16:0.000, j=17:0.000, j=18:0.000, j=19:0.000, j=20:0.000, j=21:0.000, j=22:0.000, j=23:0.000, j=24:0.000, j=25:0.000, j=26:0.000, j=27:0.000, j=28:0.000, j=29:0.000, j=30:0.000, j=31:0.000, j=32:0.000, j=33:0.000, j=34:0.000, j=35:0.000, j=36:0.000, j=37:0.000, j=38:0.000, j=39:0.000, j=40:0.000, j=41:0.000, j=42:0.000, j=43:0.000, j=44:0.000, j=45:0.000, j=46:0.000, j=47:0.000, j=48:0.000, j=49:0.000, j=50:0.000, j=51:0.000, j=52:0.000, j=53:0.075, j=54:0.883, j=55:0.042
      i=56 -> j=0:0.000, j=1:0.000, j=2:0.000, j=3:0.000, j=4:0.000, j=5:0.000, j=6:0.000, j=7:0.000, j=8:0.000, j=9:0.000, j=10:0.000, j=11:0.000, j=12:0.000, j=13:0.000, j=14:0.000, j=15:0.000, j=16:0.000, j=17:0.000, j=18:0.000, j=19:0.000, j=20:0.000, j=21:0.000, j=22:0.000, j=23:0.000, j=24:0.000, j=25:0.000, j=26:0.000, j=27:0.000, j=28:0.000, j=29:0.000, j=30:0.000, j=31:0.000, j=32:0.000, j=33:0.000, j=34:0.000, j=35:0.000, j=36:0.000, j=37:0.000, j=38:0.000, j=39:0.000, j=40:0.000, j=41:0.000, j=42:0.000, j=43:0.000, j=44:0.000, j=45:0.000, j=46:0.000, j=47:0.000, j=48:0.000, j=49:0.000, j=50:0.000, j=51:0.000, j=52:0.000, j=53:0.000, j=54:0.072, j=55:0.868, j=56:0.059
      i=57 -> j=0:0.000, j=1:0.000, j=2:0.000, j=3:0.000, j=4:0.000, j=5:0.000, j=6:0.000, j=7:0.000, j=8:0.000, j=9:0.000, j=10:0.000, j=11:0.000, j=12:0.000, j=13:0.000, j=14:0.000, j=15:0.000, j=16:0.000, j=17:0.000, j=18:0.000, j=19:0.000, j=20:0.000, j=21:0.000, j=22:0.000, j=23:0.000, j=24:0.000, j=25:0.000, j=26:0.000, j=27:0.000, j=28:0.000, j=29:0.000, j=30:0.000, j=31:0.000, j=32:0.000, j=33:0.000, j=34:0.000, j=35:0.000, j=36:0.000, j=37:0.000, j=38:0.000, j=39:0.000, j=40:0.000, j=41:0.000, j=42:0.000, j=43:0.000, j=44:0.000, j=45:0.000, j=46:0.000, j=47:0.000, j=48:0.000, j=49:0.000, j=50:0.000, j=51:0.000, j=52:0.000, j=53:0.000, j=54:0.000, j=55:0.038, j=56:0.927, j=57:0.035
      i=58 -> j=0:0.000, j=1:0.000, j=2:0.000, j=3:0.000, j=4:0.000, j=5:0.000, j=6:0.000, j=7:0.000, j=8:0.000, j=9:0.000, j=10:0.000, j=11:0.000, j=12:0.000, j=13:0.000, j=14:0.000, j=15:0.000, j=16:0.000, j=17:0.000, j=18:0.000, j=19:0.000, j=20:0.000, j=21:0.000, j=22:0.000, j=23:0.000, j=24:0.000, j=25:0.000, j=26:0.000, j=27:0.000, j=28:0.000, j=29:0.000, j=30:0.000, j=31:0.000, j=32:0.000, j=33:0.000, j=34:0.000, j=35:0.000, j=36:0.000, j=37:0.000, j=38:0.000, j=39:0.000, j=40:0.000, j=41:0.000, j=42:0.000, j=43:0.000, j=44:0.000, j=45:0.000, j=46:0.000, j=47:0.000, j=48:0.000, j=49:0.000, j=50:0.000, j=51:0.000, j=52:0.000, j=53:0.000, j=54:0.000, j=55:0.000, j=56:0.157, j=57:0.768, j=58:0.074
      i=59 -> j=0:0.000, j=1:0.000, j=2:0.000, j=3:0.000, j=4:0.000, j=5:0.000, j=6:0.000, j=7:0.000, j=8:0.000, j=9:0.000, j=10:0.000, j=11:0.000, j=12:0.000, j=13:0.000, j=14:0.000, j=15:0.000, j=16:0.000, j=17:0.000, j=18:0.000, j=19:0.000, j=20:0.000, j=21:0.000, j=22:0.000, j=23:0.000, j=24:0.000, j=25:0.000, j=26:0.000, j=27:0.000, j=28:0.000, j=29:0.000, j=30:0.000, j=31:0.000, j=32:0.000, j=33:0.000, j=34:0.000, j=35:0.000, j=36:0.000, j=37:0.000, j=38:0.000, j=39:0.000, j=40:0.000, j=41:0.000, j=42:0.000, j=43:0.000, j=44:0.000, j=45:0.000, j=46:0.000, j=47:0.000, j=48:0.000, j=49:0.000, j=50:0.000, j=51:0.000, j=52:0.000, j=53:0.000, j=54:0.000, j=55:0.000, j=56:0.000, j=57:0.073, j=58:0.879, j=59:0.047
      i=60 -> j=0:0.000, j=1:0.000, j=2:0.000, j=3:0.000, j=4:0.000, j=5:0.000, j=6:0.000, j=7:0.000, j=8:0.000, j=9:0.000, j=10:0.000, j=11:0.000, j=12:0.000, j=13:0.000, j=14:0.000, j=15:0.000, j=16:0.000, j=17:0.000, j=18:0.000, j=19:0.000, j=20:0.000, j=21:0.000, j=22:0.000, j=23:0.000, j=24:0.000, j=25:0.000, j=26:0.000, j=27:0.000, j=28:0.000, j=29:0.000, j=30:0.000, j=31:0.000, j=32:0.000, j=33:0.000, j=34:0.000, j=35:0.000, j=36:0.000, j=37:0.000, j=38:0.000, j=39:0.000, j=40:0.000, j=41:0.000, j=42:0.000, j=43:0.000, j=44:0.000, j=45:0.000, j=46:0.000, j=47:0.000, j=48:0.000, j=49:0.000, j=50:0.000, j=51:0.000, j=52:0.000, j=53:0.000, j=54:0.000, j=55:0.000, j=56:0.000, j=57:0.000, j=58:0.119, j=59:0.839, j=60:0.040
      i=61 -> j=0:0.000, j=1:0.000, j=2:0.000, j=3:0.000, j=4:0.000, j=5:0.000, j=6:0.000, j=7:0.000, j=8:0.000, j=9:0.000, j=10:0.000, j=11:0.000, j=12:0.000, j=13:0.000, j=14:0.000, j=15:0.000, j=16:0.000, j=17:0.000, j=18:0.000, j=19:0.000, j=20:0.000, j=21:0.000, j=22:0.000, j=23:0.000, j=24:0.000, j=25:0.000, j=26:0.000, j=27:0.000, j=28:0.000, j=29:0.000, j=30:0.000, j=31:0.000, j=32:0.000, j=33:0.000, j=34:0.000, j=35:0.000, j=36:0.000, j=37:0.000, j=38:0.000, j=39:0.000, j=40:0.000, j=41:0.000, j=42:0.000, j=43:0.000, j=44:0.000, j=45:0.000, j=46:0.000, j=47:0.000, j=48:0.000, j=49:0.000, j=50:0.000, j=51:0.000, j=52:0.000, j=53:0.000, j=54:0.000, j=55:0.000, j=56:0.000, j=57:0.000, j=58:0.000, j=59:0.049, j=60:0.885, j=61:0.066
      i=62 -> j=0:0.000, j=1:0.000, j=2:0.000, j=3:0.000, j=4:0.000, j=5:0.000, j=6:0.000, j=7:0.000, j=8:0.000, j=9:0.000, j=10:0.000, j=11:0.000, j=12:0.000, j=13:0.000, j=14:0.000, j=15:0.000, j=16:0.000, j=17:0.000, j=18:0.000, j=19:0.000, j=20:0.000, j=21:0.000, j=22:0.000, j=23:0.000, j=24:0.000, j=25:0.000, j=26:0.000, j=27:0.000, j=28:0.000, j=29:0.000, j=30:0.000, j=31:0.000, j=32:0.000, j=33:0.000, j=34:0.000, j=35:0.000, j=36:0.000, j=37:0.000, j=38:0.000, j=39:0.000, j=40:0.000, j=41:0.000, j=42:0.000, j=43:0.000, j=44:0.000, j=45:0.000, j=46:0.000, j=47:0.000, j=48:0.000, j=49:0.000, j=50:0.000, j=51:0.000, j=52:0.000, j=53:0.000, j=54:0.000, j=55:0.000, j=56:0.000, j=57:0.000, j=58:0.000, j=59:0.000, j=60:0.089, j=61:0.876, j=62:0.035
      i=63 -> j=0:0.000, j=1:0.000, j=2:0.000, j=3:0.000, j=4:0.000, j=5:0.000, j=6:0.000, j=7:0.000, j=8:0.000, j=9:0.000, j=10:0.000, j=11:0.000, j=12:0.000, j=13:0.000, j=14:0.000, j=15:0.000, j=16:0.000, j=17:0.000, j=18:0.000, j=19:0.000, j=20:0.000, j=21:0.000, j=22:0.000, j=23:0.000, j=24:0.000, j=25:0.000, j=26:0.000, j=27:0.000, j=28:0.000, j=29:0.000, j=30:0.000, j=31:0.000, j=32:0.000, j=33:0.000, j=34:0.000, j=35:0.000, j=36:0.000, j=37:0.000, j=38:0.000, j=39:0.000, j=40:0.000, j=41:0.000, j=42:0.000, j=43:0.000, j=44:0.000, j=45:0.000, j=46:0.000, j=47:0.000, j=48:0.000, j=49:0.000, j=50:0.000, j=51:0.000, j=52:0.000, j=53:0.000, j=54:0.000, j=55:0.000, j=56:0.000, j=57:0.000, j=58:0.000, j=59:0.000, j=60:0.000, j=61:0.049, j=62:0.908, j=63:0.043
    Average attention per distance:
      d=0:0.068, d=1:0.864, d=2:0.084

--- Layer 1 ---
  Head 0: Entropy=1.713
    Attention coefficients from each query position to previous positions:
      i= 0 -> j=0:1.000
      i= 1 -> j=0:0.218, j=1:0.782
      i= 2 -> j=0:0.066, j=1:0.913, j=2:0.022
      i= 3 -> j=0:0.057, j=1:0.560, j=2:0.048, j=3:0.335
      i= 4 -> j=0:0.037, j=1:0.224, j=2:0.041, j=3:0.299, j=4:0.399
      i= 5 -> j=0:0.006, j=1:0.080, j=2:0.007, j=3:0.193, j=4:0.462, j=5:0.251
      i= 6 -> j=0:0.011, j=1:0.063, j=2:0.007, j=3:0.094, j=4:0.272, j=5:0.284, j=6:0.269
      i= 7 -> j=0:0.025, j=1:0.074, j=2:0.013, j=3:0.063, j=4:0.142, j=5:0.185, j=6:0.246, j=7:0.252
      i= 8 -> j=0:0.020, j=1:0.051, j=2:0.010, j=3:0.026, j=4:0.036, j=5:0.034, j=6:0.045, j=7:0.071, j=8:0.706
      i= 9 -> j=0:0.002, j=1:0.007, j=2:0.001, j=3:0.003, j=4:0.005, j=5:0.005, j=6:0.009, j=7:0.023, j=8:0.909, j=9:0.036
      i=10 -> j=0:0.007, j=1:0.020, j=2:0.004, j=3:0.011, j=4:0.014, j=5:0.009, j=6:0.011, j=7:0.021, j=8:0.338, j=9:0.043, j=10:0.521
      i=11 -> j=0:0.001, j=1:0.004, j=2:0.001, j=3:0.002, j=4:0.003, j=5:0.001, j=6:0.002, j=7:0.005, j=8:0.168, j=9:0.021, j=10:0.781, j=11:0.012
      i=12 -> j=0:0.001, j=1:0.005, j=2:0.001, j=3:0.003, j=4:0.004, j=5:0.002, j=6:0.002, j=7:0.004, j=8:0.098, j=9:0.012, j=10:0.677, j=11:0.015, j=12:0.177
      i=13 -> j=0:0.007, j=1:0.015, j=2:0.003, j=3:0.008, j=4:0.012, j=5:0.008, j=6:0.008, j=7:0.011, j=8:0.092, j=9:0.017, j=10:0.287, j=11:0.024, j=12:0.205, j=13:0.303
      i=14 -> j=0:0.001, j=1:0.004, j=2:0.000, j=3:0.001, j=4:0.002, j=5:0.001, j=6:0.001, j=7:0.002, j=8:0.038, j=9:0.003, j=10:0.122, j=11:0.006, j=12:0.147, j=13:0.469, j=14:0.201
      i=15 -> j=0:0.002, j=1:0.007, j=2:0.001, j=3:0.002, j=4:0.003, j=5:0.002, j=6:0.002, j=7:0.003, j=8:0.038, j=9:0.004, j=10:0.052, j=11:0.003, j=12:0.038, j=13:0.135, j=14:0.101, j=15:0.608
      i=16 -> j=0:0.003, j=1:0.009, j=2:0.001, j=3:0.004, j=4:0.004, j=5:0.002, j=6:0.003, j=7:0.005, j=8:0.039, j=9:0.005, j=10:0.042, j=11:0.003, j=12:0.021, j=13:0.068, j=14:0.071, j=15:0.544, j=16:0.174
      i=17 -> j=0:0.005, j=1:0.012, j=2:0.003, j=3:0.006, j=4:0.007, j=5:0.004, j=6:0.004, j=7:0.006, j=8:0.041, j=9:0.008, j=10:0.049, j=11:0.005, j=12:0.017, j=13:0.042, j=14:0.044, j=15:0.332, j=16:0.184, j=17:0.231
      i=18 -> j=0:0.004, j=1:0.009, j=2:0.002, j=3:0.005, j=4:0.006, j=5:0.003, j=6:0.003, j=7:0.004, j=8:0.027, j=9:0.005, j=10:0.037, j=11:0.003, j=12:0.011, j=13:0.021, j=14:0.017, j=15:0.106, j=16:0.081, j=17:0.154, j=18:0.501
      i=19 -> j=0:0.001, j=1:0.003, j=2:0.000, j=3:0.001, j=4:0.002, j=5:0.001, j=6:0.001, j=7:0.001, j=8:0.007, j=9:0.001, j=10:0.011, j=11:0.001, j=12:0.003, j=13:0.005, j=14:0.003, j=15:0.025, j=16:0.024, j=17:0.093, j=18:0.785, j=19:0.032
      i=20 -> j=0:0.003, j=1:0.006, j=2:0.001, j=3:0.002, j=4:0.003, j=5:0.002, j=6:0.002, j=7:0.002, j=8:0.012, j=9:0.002, j=10:0.014, j=11:0.002, j=12:0.006, j=13:0.009, j=14:0.005, j=15:0.018, j=16:0.016, j=17:0.066, j=18:0.729, j=19:0.063, j=20:0.038
      i=21 -> j=0:0.003, j=1:0.008, j=2:0.001, j=3:0.002, j=4:0.003, j=5:0.001, j=6:0.001, j=7:0.002, j=8:0.016, j=9:0.002, j=10:0.014, j=11:0.001, j=12:0.005, j=13:0.011, j=14:0.005, j=15:0.016, j=16:0.010, j=17:0.043, j=18:0.692, j=19:0.069, j=20:0.063, j=21:0.031
      i=22 -> j=0:0.011, j=1:0.029, j=2:0.004, j=3:0.009, j=4:0.010, j=5:0.005, j=6:0.005, j=7:0.008, j=8:0.050, j=9:0.007, j=10:0.038, j=11:0.004, j=12:0.013, j=13:0.028, j=14:0.015, j=15:0.041, j=16:0.021, j=17:0.050, j=18:0.341, j=19:0.063, j=20:0.083, j=21:0.070, j=22:0.097
      i=23 -> j=0:0.015, j=1:0.036, j=2:0.007, j=3:0.014, j=4:0.016, j=5:0.008, j=6:0.008, j=7:0.011, j=8:0.057, j=9:0.011, j=10:0.047, j=11:0.006, j=12:0.015, j=13:0.027, j=14:0.017, j=15:0.045, j=16:0.025, j=17:0.041, j=18:0.123, j=19:0.028, j=20:0.038, j=21:0.042, j=22:0.082, j=23:0.281
      i=24 -> j=0:0.003, j=1:0.008, j=2:0.001, j=3:0.003, j=4:0.003, j=5:0.002, j=6:0.001, j=7:0.002, j=8:0.014, j=9:0.002, j=10:0.013, j=11:0.001, j=12:0.003, j=13:0.005, j=14:0.003, j=15:0.009, j=16:0.005, j=17:0.009, j=18:0.023, j=19:0.003, j=20:0.003, j=21:0.004, j=22:0.011, j=23:0.078, j=24:0.790
      i=25 -> j=0:0.012, j=1:0.020, j=2:0.006, j=3:0.011, j=4:0.013, j=5:0.008, j=6:0.007, j=7:0.009, j=8:0.027, j=9:0.009, j=10:0.029, j=11:0.006, j=12:0.012, j=13:0.015, j=14:0.010, j=15:0.019, j=16:0.014, j=17:0.021, j=18:0.035, j=19:0.010, j=20:0.008, j=21:0.007, j=22:0.012, j=23:0.037, j=24:0.158, j=25:0.484
      i=26 -> j=0:0.003, j=1:0.005, j=2:0.001, j=3:0.002, j=4:0.003, j=5:0.002, j=6:0.001, j=7:0.002, j=8:0.006, j=9:0.001, j=10:0.006, j=11:0.001, j=12:0.002, j=13:0.003, j=14:0.002, j=15:0.003, j=16:0.002, j=17:0.004, j=18:0.009, j=19:0.002, j=20:0.001, j=21:0.001, j=22:0.002, j=23:0.009, j=24:0.091, j=25:0.689, j=26:0.147
      i=27 -> j=0:0.009, j=1:0.016, j=2:0.005, j=3:0.008, j=4:0.009, j=5:0.006, j=6:0.006, j=7:0.007, j=8:0.020, j=9:0.006, j=10:0.017, j=11:0.004, j=12:0.009, j=13:0.011, j=14:0.007, j=15:0.011, j=16:0.008, j=17:0.012, j=18:0.021, j=19:0.007, j=20:0.006, j=21:0.004, j=22:0.005, j=23:0.013, j=24:0.051, j=25:0.241, j=26:0.110, j=27:0.370
      i=28 -> j=0:0.001, j=1:0.002, j=2:0.000, j=3:0.001, j=4:0.001, j=5:0.000, j=6:0.000, j=7:0.001, j=8:0.003, j=9:0.000, j=10:0.002, j=11:0.000, j=12:0.001, j=13:0.001, j=14:0.000, j=15:0.001, j=16:0.001, j=17:0.001, j=18:0.002, j=19:0.000, j=20:0.000, j=21:0.000, j=22:0.000, j=23:0.001, j=24:0.007, j=25:0.123, j=26:0.056, j=27:0.786, j=28:0.008
      i=29 -> j=0:0.002, j=1:0.004, j=2:0.001, j=3:0.001, j=4:0.001, j=5:0.001, j=6:0.001, j=7:0.001, j=8:0.005, j=9:0.001, j=10:0.003, j=11:0.000, j=12:0.001, j=13:0.001, j=14:0.001, j=15:0.002, j=16:0.001, j=17:0.001, j=18:0.002, j=19:0.000, j=20:0.000, j=21:0.000, j=22:0.000, j=23:0.001, j=24:0.005, j=25:0.076, j=26:0.035, j=27:0.765, j=28:0.012, j=29:0.074
      i=30 -> j=0:0.006, j=1:0.013, j=2:0.003, j=3:0.006, j=4:0.007, j=5:0.004, j=6:0.003, j=7:0.004, j=8:0.016, j=9:0.004, j=10:0.013, j=11:0.002, j=12:0.004, j=13:0.006, j=14:0.003, j=15:0.007, j=16:0.004, j=17:0.006, j=18:0.009, j=19:0.002, j=20:0.002, j=21:0.002, j=22:0.002, j=23:0.005, j=24:0.012, j=25:0.060, j=26:0.027, j=27:0.226, j=28:0.016, j=29:0.080, j=30:0.446
      i=31 -> j=0:0.005, j=1:0.008, j=2:0.002, j=3:0.004, j=4:0.005, j=5:0.003, j=6:0.003, j=7:0.003, j=8:0.010, j=9:0.003, j=10:0.009, j=11:0.002, j=12:0.003, j=13:0.004, j=14:0.003, j=15:0.005, j=16:0.004, j=17:0.005, j=18:0.007, j=19:0.002, j=20:0.002, j=21:0.001, j=22:0.002, j=23:0.004, j=24:0.008, j=25:0.027, j=26:0.010, j=27:0.039, j=28:0.005, j=29:0.017, j=30:0.098, j=31:0.698
      i=32 -> j=0:0.002, j=1:0.003, j=2:0.001, j=3:0.002, j=4:0.002, j=5:0.001, j=6:0.001, j=7:0.001, j=8:0.003, j=9:0.001, j=10:0.003, j=11:0.001, j=12:0.001, j=13:0.001, j=14:0.001, j=15:0.001, j=16:0.001, j=17:0.001, j=18:0.002, j=19:0.001, j=20:0.000, j=21:0.000, j=22:0.000, j=23:0.001, j=24:0.002, j=25:0.008, j=26:0.003, j=27:0.011, j=28:0.001, j=29:0.005, j=30:0.057, j=31:0.836, j=32:0.043
      i=33 -> j=0:0.002, j=1:0.004, j=2:0.001, j=3:0.002, j=4:0.002, j=5:0.001, j=6:0.001, j=7:0.001, j=8:0.005, j=9:0.001, j=10:0.004, j=11:0.001, j=12:0.001, j=13:0.002, j=14:0.001, j=15:0.002, j=16:0.001, j=17:0.002, j=18:0.003, j=19:0.001, j=20:0.001, j=21:0.000, j=22:0.000, j=23:0.001, j=24:0.002, j=25:0.010, j=26:0.004, j=27:0.012, j=28:0.001, j=29:0.003, j=30:0.024, j=31:0.361, j=32:0.033, j=33:0.510
      i=34 -> j=0:0.004, j=1:0.007, j=2:0.002, j=3:0.003, j=4:0.004, j=5:0.002, j=6:0.002, j=7:0.003, j=8:0.007, j=9:0.002, j=10:0.006, j=11:0.001, j=12:0.003, j=13:0.003, j=14:0.002, j=15:0.003, j=16:0.002, j=17:0.003, j=18:0.004, j=19:0.001, j=20:0.001, j=21:0.001, j=22:0.001, j=23:0.002, j=24:0.003, j=25:0.011, j=26:0.005, j=27:0.013, j=28:0.002, j=29:0.003, j=30:0.019, j=31:0.209, j=32:0.038, j=33:0.566, j=34:0.063
      i=35 -> j=0:0.008, j=1:0.014, j=2:0.004, j=3:0.007, j=4:0.008, j=5:0.005, j=6:0.005, j=7:0.005, j=8:0.015, j=9:0.005, j=10:0.012, j=11:0.003, j=12:0.005, j=13:0.007, j=14:0.004, j=15:0.007, j=16:0.005, j=17:0.006, j=18:0.008, j=19:0.003, j=20:0.002, j=21:0.002, j=22:0.002, j=23:0.004, j=24:0.006, j=25:0.019, j=26:0.009, j=27:0.025, j=28:0.003, j=29:0.006, j=30:0.021, j=31:0.108, j=32:0.026, j=33:0.233, j=34:0.060, j=35:0.337
      i=36 -> j=0:0.003, j=1:0.006, j=2:0.002, j=3:0.003, j=4:0.003, j=5:0.002, j=6:0.002, j=7:0.002, j=8:0.007, j=9:0.002, j=10:0.005, j=11:0.001, j=12:0.002, j=13:0.003, j=14:0.002, j=15:0.003, j=16:0.002, j=17:0.002, j=18:0.003, j=19:0.001, j=20:0.001, j=21:0.001, j=22:0.001, j=23:0.001, j=24:0.002, j=25:0.006, j=26:0.003, j=27:0.010, j=28:0.001, j=29:0.002, j=30:0.008, j=31:0.049, j=32:0.010, j=33:0.170, j=34:0.048, j=35:0.587, j=36:0.045
      i=37 -> j=0:0.004, j=1:0.007, j=2:0.002, j=3:0.004, j=4:0.004, j=5:0.002, j=6:0.002, j=7:0.002, j=8:0.008, j=9:0.002, j=10:0.007, j=11:0.001, j=12:0.002, j=13:0.003, j=14:0.002, j=15:0.003, j=16:0.002, j=17:0.003, j=18:0.003, j=19:0.001, j=20:0.001, j=21:0.001, j=22:0.001, j=23:0.001, j=24:0.003, j=25:0.008, j=26:0.003, j=27:0.009, j=28:0.001, j=29:0.002, j=30:0.009, j=31:0.039, j=32:0.007, j=33:0.046, j=34:0.016, j=35:0.138, j=36:0.024, j=37:0.629
      i=38 -> j=0:0.008, j=1:0.012, j=2:0.005, j=3:0.008, j=4:0.008, j=5:0.006, j=6:0.006, j=7:0.006, j=8:0.013, j=9:0.005, j=10:0.012, j=11:0.004, j=12:0.006, j=13:0.007, j=14:0.005, j=15:0.006, j=16:0.005, j=17:0.006, j=18:0.007, j=19:0.003, j=20:0.003, j=21:0.002, j=22:0.002, j=23:0.004, j=24:0.005, j=25:0.012, j=26:0.006, j=27:0.012, j=28:0.003, j=29:0.005, j=30:0.013, j=31:0.037, j=32:0.010, j=33:0.037, j=34:0.019, j=35:0.100, j=36:0.033, j=37:0.506, j=38:0.053
      i=39 -> j=0:0.003, j=1:0.005, j=2:0.001, j=3:0.003, j=4:0.003, j=5:0.002, j=6:0.002, j=7:0.002, j=8:0.006, j=9:0.002, j=10:0.005, j=11:0.001, j=12:0.002, j=13:0.002, j=14:0.001, j=15:0.002, j=16:0.001, j=17:0.002, j=18:0.003, j=19:0.001, j=20:0.001, j=21:0.000, j=22:0.000, j=23:0.001, j=24:0.002, j=25:0.005, j=26:0.002, j=27:0.005, j=28:0.001, j=29:0.001, j=30:0.004, j=31:0.023, j=32:0.004, j=33:0.019, j=34:0.005, j=35:0.034, j=36:0.008, j=37:0.326, j=38:0.030, j=39:0.482
      i=40 -> j=0:0.005, j=1:0.008, j=2:0.002, j=3:0.004, j=4:0.004, j=5:0.003, j=6:0.003, j=7:0.003, j=8:0.008, j=9:0.003, j=10:0.007, j=11:0.002, j=12:0.003, j=13:0.004, j=14:0.002, j=15:0.003, j=16:0.002, j=17:0.003, j=18:0.004, j=19:0.001, j=20:0.001, j=21:0.001, j=22:0.001, j=23:0.001, j=24:0.002, j=25:0.006, j=26:0.003, j=27:0.006, j=28:0.001, j=29:0.001, j=30:0.005, j=31:0.020, j=32:0.005, j=33:0.018, j=34:0.006, j=35:0.024, j=36:0.008, j=37:0.183, j=38:0.034, j=39:0.552, j=40:0.047
      i=41 -> j=0:0.009, j=1:0.015, j=2:0.005, j=3:0.008, j=4:0.009, j=5:0.006, j=6:0.006, j=7:0.007, j=8:0.017, j=9:0.006, j=10:0.014, j=11:0.004, j=12:0.006, j=13:0.008, j=14:0.005, j=15:0.007, j=16:0.005, j=17:0.006, j=18:0.008, j=19:0.003, j=20:0.003, j=21:0.002, j=22:0.002, j=23:0.003, j=24:0.005, j=25:0.012, j=26:0.006, j=27:0.013, j=28:0.003, j=29:0.004, j=30:0.009, j=31:0.028, j=32:0.009, j=33:0.031, j=34:0.012, j=35:0.034, j=36:0.010, j=37:0.087, j=38:0.026, j=39:0.203, j=40:0.044, j=41:0.300
      i=42 -> j=0:0.002, j=1:0.004, j=2:0.001, j=3:0.002, j=4:0.002, j=5:0.001, j=6:0.001, j=7:0.001, j=8:0.005, j=9:0.001, j=10:0.003, j=11:0.001, j=12:0.001, j=13:0.001, j=14:0.001, j=15:0.001, j=16:0.001, j=17:0.001, j=18:0.001, j=19:0.000, j=20:0.000, j=21:0.000, j=22:0.000, j=23:0.000, j=24:0.001, j=25:0.002, j=26:0.001, j=27:0.002, j=28:0.000, j=29:0.000, j=30:0.001, j=31:0.005, j=32:0.001, j=33:0.006, j=34:0.002, j=35:0.008, j=36:0.002, j=37:0.026, j=38:0.006, j=39:0.137, j=40:0.022, j=41:0.733, j=42:0.009
      i=43 -> j=0:0.004, j=1:0.007, j=2:0.002, j=3:0.004, j=4:0.004, j=5:0.002, j=6:0.002, j=7:0.002, j=8:0.008, j=9:0.002, j=10:0.007, j=11:0.001, j=12:0.002, j=13:0.003, j=14:0.002, j=15:0.003, j=16:0.002, j=17:0.002, j=18:0.003, j=19:0.001, j=20:0.001, j=21:0.000, j=22:0.000, j=23:0.001, j=24:0.001, j=25:0.004, j=26:0.001, j=27:0.004, j=28:0.000, j=29:0.001, j=30:0.002, j=31:0.009, j=32:0.002, j=33:0.008, j=34:0.003, j=35:0.014, j=36:0.003, j=37:0.035, j=38:0.007, j=39:0.081, j=40:0.018, j=41:0.672, j=42:0.015, j=43:0.056
      i=44 -> j=0:0.007, j=1:0.013, j=2:0.003, j=3:0.007, j=4:0.007, j=5:0.005, j=6:0.004, j=7:0.005, j=8:0.015, j=9:0.004, j=10:0.013, j=11:0.003, j=12:0.005, j=13:0.006, j=14:0.003, j=15:0.005, j=16:0.003, j=17:0.004, j=18:0.006, j=19:0.002, j=20:0.001, j=21:0.001, j=22:0.001, j=23:0.002, j=24:0.003, j=25:0.008, j=26:0.003, j=27:0.007, j=28:0.001, j=29:0.002, j=30:0.005, j=31:0.018, j=32:0.004, j=33:0.013, j=34:0.005, j=35:0.022, j=36:0.005, j=37:0.053, j=38:0.010, j=39:0.057, j=40:0.015, j=41:0.290, j=42:0.015, j=43:0.066, j=44:0.272
      i=45 -> j=0:0.009, j=1:0.015, j=2:0.005, j=3:0.008, j=4:0.009, j=5:0.007, j=6:0.006, j=7:0.007, j=8:0.017, j=9:0.006, j=10:0.014, j=11:0.004, j=12:0.007, j=13:0.008, j=14:0.005, j=15:0.007, j=16:0.005, j=17:0.006, j=18:0.008, j=19:0.003, j=20:0.003, j=21:0.002, j=22:0.002, j=23:0.003, j=24:0.005, j=25:0.011, j=26:0.005, j=27:0.010, j=28:0.002, j=29:0.003, j=30:0.008, j=31:0.023, j=32:0.006, j=33:0.016, j=34:0.007, j=35:0.019, j=36:0.007, j=37:0.040, j=38:0.011, j=39:0.036, j=40:0.011, j=41:0.054, j=42:0.008, j=43:0.022, j=44:0.079, j=45:0.444
      i=46 -> j=0:0.004, j=1:0.007, j=2:0.002, j=3:0.004, j=4:0.004, j=5:0.003, j=6:0.002, j=7:0.003, j=8:0.008, j=9:0.002, j=10:0.006, j=11:0.002, j=12:0.003, j=13:0.003, j=14:0.002, j=15:0.003, j=16:0.002, j=17:0.002, j=18:0.003, j=19:0.001, j=20:0.001, j=21:0.001, j=22:0.001, j=23:0.001, j=24:0.002, j=25:0.004, j=26:0.002, j=27:0.004, j=28:0.001, j=29:0.001, j=30:0.003, j=31:0.008, j=32:0.002, j=33:0.006, j=34:0.002, j=35:0.006, j=36:0.002, j=37:0.014, j=38:0.004, j=39:0.015, j=40:0.004, j=41:0.022, j=42:0.002, j=43:0.008, j=44:0.051, j=45:0.672, j=46:0.096
      i=47 -> j=0:0.010, j=1:0.016, j=2:0.006, j=3:0.009, j=4:0.010, j=5:0.007, j=6:0.007, j=7:0.008, j=8:0.018, j=9:0.007, j=10:0.015, j=11:0.005, j=12:0.008, j=13:0.009, j=14:0.006, j=15:0.009, j=16:0.006, j=17:0.007, j=18:0.009, j=19:0.004, j=20:0.003, j=21:0.002, j=22:0.003, j=23:0.004, j=24:0.005, j=25:0.011, j=26:0.006, j=27:0.011, j=28:0.002, j=29:0.003, j=30:0.007, j=31:0.018, j=32:0.006, j=33:0.015, j=34:0.007, j=35:0.015, j=36:0.006, j=37:0.025, j=38:0.010, j=39:0.028, j=40:0.009, j=41:0.035, j=42:0.006, j=43:0.012, j=44:0.041, j=45:0.295, j=46:0.085, j=47:0.152
      i=48 -> j=0:0.003, j=1:0.005, j=2:0.001, j=3:0.002, j=4:0.003, j=5:0.002, j=6:0.001, j=7:0.002, j=8:0.007, j=9:0.002, j=10:0.005, j=11:0.001, j=12:0.002, j=13:0.002, j=14:0.001, j=15:0.002, j=16:0.001, j=17:0.001, j=18:0.002, j=19:0.001, j=20:0.000, j=21:0.000, j=22:0.000, j=23:0.000, j=24:0.001, j=25:0.003, j=26:0.001, j=27:0.003, j=28:0.000, j=29:0.000, j=30:0.001, j=31:0.004, j=32:0.001, j=33:0.003, j=34:0.001, j=35:0.004, j=36:0.001, j=37:0.006, j=38:0.002, j=39:0.008, j=40:0.002, j=41:0.012, j=42:0.001, j=43:0.002, j=44:0.012, j=45:0.363, j=46:0.071, j=47:0.370, j=48:0.083
      i=49 -> j=0:0.003, j=1:0.007, j=2:0.001, j=3:0.003, j=4:0.004, j=5:0.002, j=6:0.002, j=7:0.002, j=8:0.009, j=9:0.002, j=10:0.007, j=11:0.001, j=12:0.002, j=13:0.003, j=14:0.001, j=15:0.003, j=16:0.001, j=17:0.002, j=18:0.002, j=19:0.001, j=20:0.000, j=21:0.000, j=22:0.000, j=23:0.001, j=24:0.001, j=25:0.003, j=26:0.001, j=27:0.003, j=28:0.000, j=29:0.000, j=30:0.001, j=31:0.004, j=32:0.001, j=33:0.003, j=34:0.001, j=35:0.004, j=36:0.001, j=37:0.006, j=38:0.001, j=39:0.006, j=40:0.001, j=41:0.013, j=42:0.001, j=43:0.001, j=44:0.006, j=45:0.182, j=46:0.042, j=47:0.465, j=48:0.158, j=49:0.034
      i=50 -> j=0:0.007, j=1:0.015, j=2:0.003, j=3:0.007, j=4:0.008, j=5:0.005, j=6:0.004, j=7:0.004, j=8:0.018, j=9:0.004, j=10:0.015, j=11:0.002, j=12:0.004, j=13:0.005, j=14:0.003, j=15:0.005, j=16:0.003, j=17:0.004, j=18:0.005, j=19:0.001, j=20:0.001, j=21:0.001, j=22:0.001, j=23:0.001, j=24:0.002, j=25:0.006, j=26:0.002, j=27:0.005, j=28:0.001, j=29:0.001, j=30:0.003, j=31:0.010, j=32:0.002, j=33:0.006, j=34:0.002, j=35:0.008, j=36:0.002, j=37:0.012, j=38:0.002, j=39:0.009, j=40:0.002, j=41:0.021, j=42:0.001, j=43:0.002, j=44:0.009, j=45:0.137, j=46:0.029, j=47:0.336, j=48:0.167, j=49:0.062, j=50:0.036
      i=51 -> j=0:0.013, j=1:0.028, j=2:0.005, j=3:0.011, j=4:0.013, j=5:0.008, j=6:0.007, j=7:0.008, j=8:0.032, j=9:0.006, j=10:0.026, j=11:0.004, j=12:0.008, j=13:0.010, j=14:0.005, j=15:0.009, j=16:0.005, j=17:0.007, j=18:0.010, j=19:0.002, j=20:0.002, j=21:0.001, j=22:0.001, j=23:0.002, j=24:0.004, j=25:0.012, j=26:0.004, j=27:0.009, j=28:0.001, j=29:0.001, j=30:0.005, j=31:0.019, j=32:0.003, j=33:0.009, j=34:0.003, j=35:0.012, j=36:0.003, j=37:0.022, j=38:0.004, j=39:0.013, j=40:0.003, j=41:0.024, j=42:0.002, j=43:0.004, j=44:0.012, j=45:0.128, j=46:0.021, j=47:0.166, j=48:0.084, j=49:0.051, j=50:0.050, j=51:0.105
      i=52 -> j=0:0.013, j=1:0.026, j=2:0.005, j=3:0.011, j=4:0.012, j=5:0.008, j=6:0.007, j=7:0.008, j=8:0.031, j=9:0.006, j=10:0.024, j=11:0.004, j=12:0.008, j=13:0.011, j=14:0.006, j=15:0.009, j=16:0.006, j=17:0.007, j=18:0.011, j=19:0.003, j=20:0.002, j=21:0.001, j=22:0.001, j=23:0.002, j=24:0.004, j=25:0.013, j=26:0.004, j=27:0.010, j=28:0.001, j=29:0.002, j=30:0.005, j=31:0.020, j=32:0.004, j=33:0.010, j=34:0.003, j=35:0.011, j=36:0.003, j=37:0.021, j=38:0.005, j=39:0.014, j=40:0.003, j=41:0.018, j=42:0.002, j=43:0.004, j=44:0.011, j=45:0.089, j=46:0.014, j=47:0.057, j=48:0.022, j=49:0.016, j=50:0.022, j=51:0.064, j=52:0.327
      i=53 -> j=0:0.011, j=1:0.022, j=2:0.006, j=3:0.011, j=4:0.011, j=5:0.008, j=6:0.007, j=7:0.008, j=8:0.027, j=9:0.007, j=10:0.021, j=11:0.004, j=12:0.008, j=13:0.010, j=14:0.006, j=15:0.010, j=16:0.006, j=17:0.007, j=18:0.010, j=19:0.003, j=20:0.002, j=21:0.002, j=22:0.002, j=23:0.003, j=24:0.005, j=25:0.012, j=26:0.005, j=27:0.011, j=28:0.001, j=29:0.002, j=30:0.006, j=31:0.018, j=32:0.004, j=33:0.012, j=34:0.004, j=35:0.010, j=36:0.003, j=37:0.017, j=38:0.005, j=39:0.014, j=40:0.004, j=41:0.015, j=42:0.002, j=43:0.003, j=44:0.010, j=45:0.060, j=46:0.013, j=47:0.032, j=48:0.010, j=49:0.007, j=50:0.009, j=51:0.026, j=52:0.152, j=53:0.317
      i=54 -> j=0:0.002, j=1:0.005, j=2:0.001, j=3:0.002, j=4:0.003, j=5:0.002, j=6:0.002, j=7:0.002, j=8:0.006, j=9:0.002, j=10:0.005, j=11:0.001, j=12:0.002, j=13:0.002, j=14:0.001, j=15:0.002, j=16:0.001, j=17:0.002, j=18:0.002, j=19:0.001, j=20:0.001, j=21:0.000, j=22:0.000, j=23:0.001, j=24:0.001, j=25:0.003, j=26:0.001, j=27:0.003, j=28:0.000, j=29:0.001, j=30:0.002, j=31:0.005, j=32:0.001, j=33:0.003, j=34:0.001, j=35:0.003, j=36:0.001, j=37:0.005, j=38:0.001, j=39:0.004, j=40:0.001, j=41:0.005, j=42:0.001, j=43:0.001, j=44:0.002, j=45:0.013, j=46:0.003, j=47:0.007, j=48:0.002, j=49:0.001, j=50:0.001, j=51:0.002, j=52:0.010, j=53:0.028, j=54:0.837
      i=55 -> j=0:0.007, j=1:0.011, j=2:0.004, j=3:0.007, j=4:0.007, j=5:0.005, j=6:0.005, j=7:0.005, j=8:0.013, j=9:0.005, j=10:0.011, j=11:0.003, j=12:0.006, j=13:0.006, j=14:0.005, j=15:0.007, j=16:0.005, j=17:0.005, j=18:0.007, j=19:0.003, j=20:0.002, j=21:0.002, j=22:0.002, j=23:0.003, j=24:0.004, j=25:0.008, j=26:0.004, j=27:0.007, j=28:0.002, j=29:0.003, j=30:0.005, j=31:0.010, j=32:0.004, j=33:0.008, j=34:0.004, j=35:0.008, j=36:0.003, j=37:0.010, j=38:0.004, j=39:0.009, j=40:0.004, j=41:0.010, j=42:0.002, j=43:0.003, j=44:0.005, j=45:0.017, j=46:0.007, j=47:0.014, j=48:0.006, j=49:0.004, j=50:0.003, j=51:0.004, j=52:0.012, j=53:0.030, j=54:0.501, j=55:0.148
      i=56 -> j=0:0.001, j=1:0.002, j=2:0.000, j=3:0.001, j=4:0.001, j=5:0.001, j=6:0.001, j=7:0.001, j=8:0.002, j=9:0.001, j=10:0.002, j=11:0.000, j=12:0.001, j=13:0.001, j=14:0.001, j=15:0.001, j=16:0.001, j=17:0.001, j=18:0.001, j=19:0.000, j=20:0.000, j=21:0.000, j=22:0.000, j=23:0.000, j=24:0.000, j=25:0.001, j=26:0.000, j=27:0.001, j=28:0.000, j=29:0.000, j=30:0.001, j=31:0.001, j=32:0.000, j=33:0.001, j=34:0.000, j=35:0.001, j=36:0.000, j=37:0.001, j=38:0.000, j=39:0.001, j=40:0.000, j=41:0.001, j=42:0.000, j=43:0.000, j=44:0.000, j=45:0.002, j=46:0.001, j=47:0.001, j=48:0.000, j=49:0.000, j=50:0.000, j=51:0.000, j=52:0.001, j=53:0.007, j=54:0.768, j=55:0.180, j=56:0.010
      i=57 -> j=0:0.005, j=1:0.008, j=2:0.002, j=3:0.004, j=4:0.005, j=5:0.003, j=6:0.003, j=7:0.003, j=8:0.010, j=9:0.003, j=10:0.008, j=11:0.002, j=12:0.004, j=13:0.004, j=14:0.003, j=15:0.004, j=16:0.003, j=17:0.003, j=18:0.005, j=19:0.002, j=20:0.001, j=21:0.001, j=22:0.001, j=23:0.002, j=24:0.002, j=25:0.005, j=26:0.002, j=27:0.004, j=28:0.001, j=29:0.001, j=30:0.003, j=31:0.007, j=32:0.002, j=33:0.004, j=34:0.002, j=35:0.005, j=36:0.002, j=37:0.006, j=38:0.002, j=39:0.004, j=40:0.001, j=41:0.005, j=42:0.001, j=43:0.001, j=44:0.002, j=45:0.008, j=46:0.003, j=47:0.006, j=48:0.002, j=49:0.001, j=50:0.001, j=51:0.001, j=52:0.003, j=53:0.011, j=54:0.434, j=55:0.209, j=56:0.026, j=57:0.141
      i=58 -> j=0:0.009, j=1:0.015, j=2:0.005, j=3:0.008, j=4:0.009, j=5:0.007, j=6:0.006, j=7:0.007, j=8:0.018, j=9:0.006, j=10:0.015, j=11:0.004, j=12:0.007, j=13:0.008, j=14:0.006, j=15:0.008, j=16:0.006, j=17:0.007, j=18:0.009, j=19:0.003, j=20:0.003, j=21:0.002, j=22:0.002, j=23:0.003, j=24:0.005, j=25:0.011, j=26:0.005, j=27:0.009, j=28:0.002, j=29:0.003, j=30:0.006, j=31:0.014, j=32:0.004, j=33:0.009, j=34:0.004, j=35:0.009, j=36:0.003, j=37:0.012, j=38:0.004, j=39:0.008, j=40:0.003, j=41:0.009, j=42:0.002, j=43:0.003, j=44:0.005, j=45:0.016, j=46:0.005, j=47:0.009, j=48:0.004, j=49:0.003, j=50:0.002, j=51:0.003, j=52:0.006, j=53:0.012, j=54:0.180, j=55:0.114, j=56:0.025, j=57:0.142, j=58:0.175
      i=59 -> j=0:0.004, j=1:0.008, j=2:0.002, j=3:0.003, j=4:0.004, j=5:0.002, j=6:0.002, j=7:0.002, j=8:0.009, j=9:0.002, j=10:0.007, j=11:0.001, j=12:0.003, j=13:0.003, j=14:0.002, j=15:0.003, j=16:0.002, j=17:0.002, j=18:0.003, j=19:0.001, j=20:0.001, j=21:0.000, j=22:0.001, j=23:0.001, j=24:0.002, j=25:0.004, j=26:0.002, j=27:0.004, j=28:0.000, j=29:0.001, j=30:0.002, j=31:0.006, j=32:0.001, j=33:0.003, j=34:0.001, j=35:0.003, j=36:0.001, j=37:0.005, j=38:0.001, j=39:0.003, j=40:0.001, j=41:0.003, j=42:0.000, j=43:0.001, j=44:0.001, j=45:0.006, j=46:0.001, j=47:0.003, j=48:0.001, j=49:0.000, j=50:0.000, j=51:0.001, j=52:0.001, j=53:0.003, j=54:0.099, j=55:0.056, j=56:0.008, j=57:0.112, j=58:0.231, j=59:0.366
      i=60 -> j=0:0.006, j=1:0.012, j=2:0.003, j=3:0.006, j=4:0.006, j=5:0.004, j=6:0.004, j=7:0.004, j=8:0.015, j=9:0.004, j=10:0.012, j=11:0.002, j=12:0.005, j=13:0.006, j=14:0.004, j=15:0.006, j=16:0.004, j=17:0.004, j=18:0.006, j=19:0.002, j=20:0.002, j=21:0.001, j=22:0.001, j=23:0.002, j=24:0.003, j=25:0.008, j=26:0.003, j=27:0.007, j=28:0.001, j=29:0.001, j=30:0.004, j=31:0.010, j=32:0.003, j=33:0.007, j=34:0.003, j=35:0.006, j=36:0.002, j=37:0.008, j=38:0.002, j=39:0.006, j=40:0.002, j=41:0.006, j=42:0.001, j=43:0.001, j=44:0.002, j=45:0.011, j=46:0.003, j=47:0.005, j=48:0.002, j=49:0.001, j=50:0.001, j=51:0.001, j=52:0.003, j=53:0.006, j=54:0.078, j=55:0.037, j=56:0.006, j=57:0.046, j=58:0.104, j=59:0.227, j=60:0.265
      i=61 -> j=0:0.010, j=1:0.017, j=2:0.006, j=3:0.011, j=4:0.011, j=5:0.008, j=6:0.007, j=7:0.008, j=8:0.020, j=9:0.008, j=10:0.018, j=11:0.005, j=12:0.008, j=13:0.010, j=14:0.007, j=15:0.010, j=16:0.007, j=17:0.008, j=18:0.010, j=19:0.004, j=20:0.004, j=21:0.003, j=22:0.003, j=23:0.005, j=24:0.006, j=25:0.012, j=26:0.007, j=27:0.012, j=28:0.003, j=29:0.004, j=30:0.007, j=31:0.015, j=32:0.006, j=33:0.011, j=34:0.006, j=35:0.011, j=36:0.004, j=37:0.012, j=38:0.005, j=39:0.010, j=40:0.004, j=41:0.010, j=42:0.002, j=43:0.003, j=44:0.005, j=45:0.014, j=46:0.006, j=47:0.010, j=48:0.004, j=49:0.002, j=50:0.002, j=51:0.003, j=52:0.005, j=53:0.009, j=54:0.061, j=55:0.032, j=56:0.008, j=57:0.027, j=58:0.051, j=59:0.108, j=60:0.165, j=61:0.127
      i=62 -> j=0:0.011, j=1:0.016, j=2:0.007, j=3:0.011, j=4:0.011, j=5:0.009, j=6:0.008, j=7:0.009, j=8:0.019, j=9:0.008, j=10:0.017, j=11:0.006, j=12:0.009, j=13:0.010, j=14:0.008, j=15:0.011, j=16:0.008, j=17:0.009, j=18:0.011, j=19:0.005, j=20:0.005, j=21:0.004, j=22:0.004, j=23:0.006, j=24:0.008, j=25:0.014, j=26:0.008, j=27:0.013, j=28:0.004, j=29:0.005, j=30:0.009, j=31:0.017, j=32:0.007, j=33:0.013, j=34:0.007, j=35:0.013, j=36:0.006, j=37:0.015, j=38:0.007, j=39:0.012, j=40:0.006, j=41:0.013, j=42:0.004, j=43:0.005, j=44:0.007, j=45:0.017, j=46:0.008, j=47:0.013, j=48:0.006, j=49:0.004, j=50:0.003, j=51:0.004, j=52:0.007, j=53:0.011, j=54:0.055, j=55:0.031, j=56:0.009, j=57:0.018, j=58:0.022, j=59:0.030, j=60:0.043, j=61:0.050, j=62:0.256
      i=63 -> j=0:0.003, j=1:0.006, j=2:0.002, j=3:0.003, j=4:0.004, j=5:0.003, j=6:0.002, j=7:0.002, j=8:0.007, j=9:0.002, j=10:0.006, j=11:0.002, j=12:0.003, j=13:0.003, j=14:0.002, j=15:0.003, j=16:0.002, j=17:0.003, j=18:0.003, j=19:0.001, j=20:0.001, j=21:0.001, j=22:0.001, j=23:0.001, j=24:0.002, j=25:0.004, j=26:0.002, j=27:0.004, j=28:0.001, j=29:0.001, j=30:0.002, j=31:0.006, j=32:0.002, j=33:0.004, j=34:0.002, j=35:0.003, j=36:0.001, j=37:0.004, j=38:0.001, j=39:0.003, j=40:0.001, j=41:0.003, j=42:0.001, j=43:0.001, j=44:0.001, j=45:0.004, j=46:0.001, j=47:0.003, j=48:0.001, j=49:0.001, j=50:0.000, j=51:0.000, j=52:0.001, j=53:0.002, j=54:0.016, j=55:0.009, j=56:0.002, j=57:0.004, j=58:0.006, j=59:0.009, j=60:0.020, j=61:0.039, j=62:0.706, j=63:0.059
    Average attention per distance:
      d=0:0.267, d=1:0.270, d=2:0.165, d=3:0.090, d=4:0.041, d=5:0.023, d=6:0.017, d=7:0.014
      d=8:0.012

--- Layer 2 ---
  Head 0: Entropy=0.801
    Attention coefficients from each query position to previous positions:
      i= 0 -> j=0:1.000
      i= 1 -> j=0:0.795, j=1:0.205
      i= 2 -> j=0:0.091, j=1:0.792, j=2:0.118
      i= 3 -> j=0:0.001, j=1:0.083, j=2:0.883, j=3:0.033
      i= 4 -> j=0:0.000, j=1:0.004, j=2:0.333, j=3:0.517, j=4:0.147
      i= 5 -> j=0:0.000, j=1:0.000, j=2:0.001, j=3:0.052, j=4:0.634, j=5:0.312
      i= 6 -> j=0:0.000, j=1:0.000, j=2:0.000, j=3:0.000, j=4:0.082, j=5:0.880, j=6:0.037
      i= 7 -> j=0:0.000, j=1:0.000, j=2:0.000, j=3:0.000, j=4:0.003, j=5:0.376, j=6:0.464, j=7:0.157
      i= 8 -> j=0:0.000, j=1:0.000, j=2:0.000, j=3:0.000, j=4:0.000, j=5:0.001, j=6:0.035, j=7:0.927, j=8:0.037
      i= 9 -> j=0:0.000, j=1:0.000, j=2:0.000, j=3:0.000, j=4:0.000, j=5:0.000, j=6:0.001, j=7:0.252, j=8:0.624, j=9:0.121
      i=10 -> j=0:0.000, j=1:0.000, j=2:0.000, j=3:0.000, j=4:0.000, j=5:0.000, j=6:0.000, j=7:0.001, j=8:0.037, j=9:0.897, j=10:0.064
      i=11 -> j=0:0.000, j=1:0.000, j=2:0.000, j=3:0.000, j=4:0.000, j=5:0.000, j=6:0.000, j=7:0.000, j=8:0.001, j=9:0.256, j=10:0.572, j=11:0.171
      i=12 -> j=0:0.000, j=1:0.000, j=2:0.000, j=3:0.000, j=4:0.000, j=5:0.000, j=6:0.000, j=7:0.000, j=8:0.000, j=9:0.002, j=10:0.047, j=11:0.894, j=12:0.056
      i=13 -> j=0:0.000, j=1:0.000, j=2:0.000, j=3:0.000, j=4:0.000, j=5:0.000, j=6:0.000, j=7:0.000, j=8:0.000, j=9:0.000, j=10:0.001, j=11:0.142, j=12:0.753, j=13:0.104
      i=14 -> j=0:0.000, j=1:0.000, j=2:0.000, j=3:0.000, j=4:0.000, j=5:0.000, j=6:0.000, j=7:0.000, j=8:0.000, j=9:0.000, j=10:0.000, j=11:0.002, j=12:0.181, j=13:0.728, j=14:0.088
      i=15 -> j=0:0.000, j=1:0.000, j=2:0.000, j=3:0.000, j=4:0.000, j=5:0.000, j=6:0.000, j=7:0.000, j=8:0.000, j=9:0.000, j=10:0.000, j=11:0.000, j=12:0.000, j=13:0.053, j=14:0.888, j=15:0.058
      i=16 -> j=0:0.000, j=1:0.000, j=2:0.000, j=3:0.000, j=4:0.000, j=5:0.000, j=6:0.000, j=7:0.000, j=8:0.000, j=9:0.000, j=10:0.000, j=11:0.000, j=12:0.000, j=13:0.002, j=14:0.237, j=15:0.664, j=16:0.096
      i=17 -> j=0:0.000, j=1:0.000, j=2:0.000, j=3:0.000, j=4:0.000, j=5:0.000, j=6:0.000, j=7:0.000, j=8:0.000, j=9:0.000, j=10:0.000, j=11:0.000, j=12:0.000, j=13:0.000, j=14:0.004, j=15:0.184, j=16:0.690, j=17:0.119
      i=18 -> j=0:0.000, j=1:0.000, j=2:0.000, j=3:0.000, j=4:0.000, j=5:0.000, j=6:0.000, j=7:0.000, j=8:0.000, j=9:0.000, j=10:0.000, j=11:0.000, j=12:0.000, j=13:0.000, j=14:0.000, j=15:0.001, j=16:0.126, j=17:0.729, j=18:0.143
      i=19 -> j=0:0.000, j=1:0.000, j=2:0.000, j=3:0.000, j=4:0.001, j=5:0.000, j=6:0.000, j=7:0.000, j=8:0.000, j=9:0.000, j=10:0.000, j=11:0.000, j=12:0.000, j=13:0.000, j=14:0.000, j=15:0.000, j=16:0.009, j=17:0.266, j=18:0.633, j=19:0.087
      i=20 -> j=0:0.002, j=1:0.001, j=2:0.001, j=3:0.001, j=4:0.003, j=5:0.003, j=6:0.002, j=7:0.001, j=8:0.000, j=9:0.001, j=10:0.001, j=11:0.003, j=12:0.002, j=13:0.001, j=14:0.000, j=15:0.000, j=16:0.001, j=17:0.023, j=18:0.298, j=19:0.530, j=20:0.123
      i=21 -> j=0:0.003, j=1:0.002, j=2:0.002, j=3:0.001, j=4:0.002, j=5:0.003, j=6:0.003, j=7:0.002, j=8:0.001, j=9:0.001, j=10:0.001, j=11:0.002, j=12:0.003, j=13:0.002, j=14:0.001, j=15:0.000, j=16:0.000, j=17:0.001, j=18:0.018, j=19:0.269, j=20:0.501, j=21:0.180
      i=22 -> j=0:0.001, j=1:0.001, j=2:0.001, j=3:0.000, j=4:0.001, j=5:0.000, j=6:0.001, j=7:0.001, j=8:0.000, j=9:0.000, j=10:0.000, j=11:0.000, j=12:0.000, j=13:0.001, j=14:0.001, j=15:0.000, j=16:0.000, j=17:0.000, j=18:0.000, j=19:0.010, j=20:0.224, j=21:0.585, j=22:0.173
      i=23 -> j=0:0.000, j=1:0.000, j=2:0.000, j=3:0.000, j=4:0.000, j=5:0.000, j=6:0.000, j=7:0.000, j=8:0.000, j=9:0.000, j=10:0.000, j=11:0.000, j=12:0.000, j=13:0.000, j=14:0.001, j=15:0.000, j=16:0.000, j=17:0.000, j=18:0.000, j=19:0.000, j=20:0.007, j=21:0.130, j=22:0.627, j=23:0.233
      i=24 -> j=0:0.000, j=1:0.000, j=2:0.000, j=3:0.000, j=4:0.000, j=5:0.000, j=6:0.000, j=7:0.000, j=8:0.000, j=9:0.000, j=10:0.000, j=11:0.000, j=12:0.000, j=13:0.000, j=14:0.000, j=15:0.000, j=16:0.000, j=17:0.000, j=18:0.000, j=19:0.000, j=20:0.000, j=21:0.002, j=22:0.098, j=23:0.876, j=24:0.023
      i=25 -> j=0:0.000, j=1:0.000, j=2:0.000, j=3:0.000, j=4:0.000, j=5:0.000, j=6:0.000, j=7:0.000, j=8:0.000, j=9:0.000, j=10:0.000, j=11:0.000, j=12:0.000, j=13:0.000, j=14:0.000, j=15:0.000, j=16:0.000, j=17:0.000, j=18:0.000, j=19:0.000, j=20:0.000, j=21:0.000, j=22:0.002, j=23:0.116, j=24:0.815, j=25:0.065
      i=26 -> j=0:0.000, j=1:0.000, j=2:0.000, j=3:0.000, j=4:0.000, j=5:0.000, j=6:0.000, j=7:0.000, j=8:0.000, j=9:0.000, j=10:0.000, j=11:0.000, j=12:0.000, j=13:0.000, j=14:0.000, j=15:0.000, j=16:0.000, j=17:0.000, j=18:0.000, j=19:0.000, j=20:0.000, j=21:0.000, j=22:0.000, j=23:0.001, j=24:0.280, j=25:0.656, j=26:0.062
      i=27 -> j=0:0.000, j=1:0.000, j=2:0.000, j=3:0.000, j=4:0.000, j=5:0.000, j=6:0.000, j=7:0.000, j=8:0.000, j=9:0.000, j=10:0.000, j=11:0.000, j=12:0.000, j=13:0.000, j=14:0.000, j=15:0.000, j=16:0.000, j=17:0.000, j=18:0.000, j=19:0.000, j=20:0.000, j=21:0.000, j=22:0.000, j=23:0.000, j=24:0.001, j=25:0.071, j=26:0.858, j=27:0.068
      i=28 -> j=0:0.001, j=1:0.001, j=2:0.001, j=3:0.000, j=4:0.001, j=5:0.000, j=6:0.001, j=7:0.001, j=8:0.000, j=9:0.000, j=10:0.000, j=11:0.000, j=12:0.000, j=13:0.001, j=14:0.001, j=15:0.000, j=16:0.000, j=17:0.000, j=18:0.001, j=19:0.001, j=20:0.001, j=21:0.000, j=22:0.000, j=23:0.000, j=24:0.000, j=25:0.004, j=26:0.299, j=27:0.538, j=28:0.147
      i=29 -> j=0:0.001, j=1:0.001, j=2:0.001, j=3:0.001, j=4:0.001, j=5:0.001, j=6:0.001, j=7:0.001, j=8:0.001, j=9:0.001, j=10:0.000, j=11:0.000, j=12:0.000, j=13:0.001, j=14:0.001, j=15:0.001, j=16:0.000, j=17:0.000, j=18:0.000, j=19:0.001, j=20:0.002, j=21:0.001, j=22:0.000, j=23:0.000, j=24:0.000, j=25:0.000, j=26:0.013, j=27:0.232, j=28:0.553, j=29:0.183
      i=30 -> j=0:0.000, j=1:0.000, j=2:0.000, j=3:0.000, j=4:0.000, j=5:0.000, j=6:0.000, j=7:0.000, j=8:0.000, j=9:0.000, j=10:0.000, j=11:0.000, j=12:0.000, j=13:0.000, j=14:0.000, j=15:0.000, j=16:0.000, j=17:0.000, j=18:0.000, j=19:0.000, j=20:0.000, j=21:0.000, j=22:0.000, j=23:0.000, j=24:0.000, j=25:0.000, j=26:0.000, j=27:0.001, j=28:0.107, j=29:0.746, j=30:0.144
      i=31 -> j=0:0.000, j=1:0.000, j=2:0.000, j=3:0.000, j=4:0.000, j=5:0.000, j=6:0.000, j=7:0.000, j=8:0.000, j=9:0.000, j=10:0.000, j=11:0.000, j=12:0.000, j=13:0.000, j=14:0.000, j=15:0.000, j=16:0.000, j=17:0.000, j=18:0.000, j=19:0.000, j=20:0.000, j=21:0.000, j=22:0.000, j=23:0.000, j=24:0.000, j=25:0.000, j=26:0.000, j=27:0.000, j=28:0.001, j=29:0.070, j=30:0.882, j=31:0.046
      i=32 -> j=0:0.001, j=1:0.000, j=2:0.000, j=3:0.000, j=4:0.001, j=5:0.001, j=6:0.000, j=7:0.000, j=8:0.000, j=9:0.000, j=10:0.000, j=11:0.001, j=12:0.000, j=13:0.000, j=14:0.000, j=15:0.000, j=16:0.000, j=17:0.001, j=18:0.000, j=19:0.000, j=20:0.000, j=21:0.000, j=22:0.000, j=23:0.001, j=24:0.000, j=25:0.000, j=26:0.000, j=27:0.000, j=28:0.000, j=29:0.007, j=30:0.336, j=31:0.573, j=32:0.073
      i=33 -> j=0:0.000, j=1:0.000, j=2:0.000, j=3:0.000, j=4:0.000, j=5:0.000, j=6:0.000, j=7:0.000, j=8:0.000, j=9:0.000, j=10:0.000, j=11:0.000, j=12:0.000, j=13:0.000, j=14:0.000, j=15:0.000, j=16:0.000, j=17:0.000, j=18:0.000, j=19:0.000, j=20:0.000, j=21:0.000, j=22:0.000, j=23:0.000, j=24:0.000, j=25:0.000, j=26:0.000, j=27:0.000, j=28:0.000, j=29:0.000, j=30:0.001, j=31:0.058, j=32:0.876, j=33:0.063
      i=34 -> j=0:0.000, j=1:0.000, j=2:0.000, j=3:0.000, j=4:0.000, j=5:0.000, j=6:0.000, j=7:0.000, j=8:0.000, j=9:0.000, j=10:0.000, j=11:0.000, j=12:0.000, j=13:0.000, j=14:0.000, j=15:0.000, j=16:0.000, j=17:0.000, j=18:0.000, j=19:0.000, j=20:0.000, j=21:0.000, j=22:0.000, j=23:0.000, j=24:0.000, j=25:0.000, j=26:0.000, j=27:0.000, j=28:0.000, j=29:0.000, j=30:0.000, j=31:0.003, j=32:0.216, j=33:0.653, j=34:0.122
      i=35 -> j=0:0.000, j=1:0.000, j=2:0.000, j=3:0.000, j=4:0.000, j=5:0.000, j=6:0.000, j=7:0.000, j=8:0.000, j=9:0.000, j=10:0.000, j=11:0.000, j=12:0.000, j=13:0.000, j=14:0.000, j=15:0.000, j=16:0.000, j=17:0.000, j=18:0.000, j=19:0.000, j=20:0.000, j=21:0.000, j=22:0.000, j=23:0.000, j=24:0.000, j=25:0.000, j=26:0.000, j=27:0.000, j=28:0.000, j=29:0.000, j=30:0.000, j=31:0.000, j=32:0.003, j=33:0.032, j=34:0.891, j=35:0.072
      i=36 -> j=0:0.000, j=1:0.000, j=2:0.000, j=3:0.000, j=4:0.000, j=5:0.000, j=6:0.000, j=7:0.000, j=8:0.000, j=9:0.000, j=10:0.000, j=11:0.000, j=12:0.000, j=13:0.000, j=14:0.000, j=15:0.000, j=16:0.000, j=17:0.000, j=18:0.000, j=19:0.000, j=20:0.000, j=21:0.000, j=22:0.000, j=23:0.000, j=24:0.000, j=25:0.000, j=26:0.000, j=27:0.000, j=28:0.000, j=29:0.000, j=30:0.000, j=31:0.000, j=32:0.000, j=33:0.001, j=34:0.202, j=35:0.680, j=36:0.112
      i=37 -> j=0:0.000, j=1:0.000, j=2:0.000, j=3:0.000, j=4:0.000, j=5:0.000, j=6:0.000, j=7:0.000, j=8:0.000, j=9:0.000, j=10:0.000, j=11:0.000, j=12:0.000, j=13:0.000, j=14:0.000, j=15:0.000, j=16:0.000, j=17:0.000, j=18:0.000, j=19:0.000, j=20:0.000, j=21:0.000, j=22:0.000, j=23:0.000, j=24:0.000, j=25:0.000, j=26:0.000, j=27:0.000, j=28:0.000, j=29:0.000, j=30:0.000, j=31:0.000, j=32:0.000, j=33:0.000, j=34:0.001, j=35:0.057, j=36:0.852, j=37:0.087
      i=38 -> j=0:0.000, j=1:0.000, j=2:0.000, j=3:0.000, j=4:0.001, j=5:0.001, j=6:0.000, j=7:0.000, j=8:0.000, j=9:0.000, j=10:0.000, j=11:0.000, j=12:0.000, j=13:0.000, j=14:0.000, j=15:0.000, j=16:0.000, j=17:0.001, j=18:0.000, j=19:0.000, j=20:0.000, j=21:0.000, j=22:0.000, j=23:0.001, j=24:0.000, j=25:0.000, j=26:0.000, j=27:0.000, j=28:0.000, j=29:0.001, j=30:0.000, j=31:0.000, j=32:0.000, j=33:0.000, j=34:0.000, j=35:0.003, j=36:0.265, j=37:0.621, j=38:0.102
      i=39 -> j=0:0.000, j=1:0.000, j=2:0.000, j=3:0.000, j=4:0.000, j=5:0.000, j=6:0.000, j=7:0.000, j=8:0.000, j=9:0.000, j=10:0.000, j=11:0.000, j=12:0.000, j=13:0.000, j=14:0.000, j=15:0.000, j=16:0.000, j=17:0.000, j=18:0.000, j=19:0.000, j=20:0.000, j=21:0.000, j=22:0.000, j=23:0.000, j=24:0.000, j=25:0.000, j=26:0.000, j=27:0.000, j=28:0.000, j=29:0.000, j=30:0.000, j=31:0.000, j=32:0.000, j=33:0.000, j=34:0.000, j=35:0.000, j=36:0.001, j=37:0.019, j=38:0.926, j=39:0.053
      i=40 -> j=0:0.001, j=1:0.001, j=2:0.000, j=3:0.000, j=4:0.000, j=5:0.000, j=6:0.001, j=7:0.001, j=8:0.000, j=9:0.000, j=10:0.000, j=11:0.000, j=12:0.001, j=13:0.001, j=14:0.000, j=15:0.000, j=16:0.000, j=17:0.000, j=18:0.000, j=19:0.000, j=20:0.000, j=21:0.000, j=22:0.000, j=23:0.000, j=24:0.000, j=25:0.000, j=26:0.000, j=27:0.000, j=28:0.000, j=29:0.000, j=30:0.000, j=31:0.001, j=32:0.000, j=33:0.000, j=34:0.000, j=35:0.000, j=36:0.000, j=37:0.002, j=38:0.223, j=39:0.691, j=40:0.072
      i=41 -> j=0:0.000, j=1:0.000, j=2:0.000, j=3:0.000, j=4:0.000, j=5:0.000, j=6:0.000, j=7:0.000, j=8:0.000, j=9:0.000, j=10:0.000, j=11:0.000, j=12:0.000, j=13:0.000, j=14:0.000, j=15:0.000, j=16:0.000, j=17:0.000, j=18:0.000, j=19:0.000, j=20:0.000, j=21:0.000, j=22:0.000, j=23:0.000, j=24:0.000, j=25:0.000, j=26:0.000, j=27:0.000, j=28:0.000, j=29:0.000, j=30:0.000, j=31:0.000, j=32:0.000, j=33:0.000, j=34:0.000, j=35:0.000, j=36:0.000, j=37:0.000, j=38:0.004, j=39:0.128, j=40:0.682, j=41:0.179
      i=42 -> j=0:0.000, j=1:0.001, j=2:0.001, j=3:0.001, j=4:0.000, j=5:0.000, j=6:0.000, j=7:0.001, j=8:0.001, j=9:0.001, j=10:0.001, j=11:0.000, j=12:0.000, j=13:0.000, j=14:0.001, j=15:0.001, j=16:0.000, j=17:0.000, j=18:0.000, j=19:0.000, j=20:0.000, j=21:0.001, j=22:0.000, j=23:0.000, j=24:0.000, j=25:0.000, j=26:0.000, j=27:0.000, j=28:0.000, j=29:0.000, j=30:0.000, j=31:0.000, j=32:0.000, j=33:0.001, j=34:0.000, j=35:0.000, j=36:0.000, j=37:0.000, j=38:0.000, j=39:0.003, j=40:0.183, j=41:0.658, j=42:0.141
      i=43 -> j=0:0.001, j=1:0.001, j=2:0.001, j=3:0.001, j=4:0.001, j=5:0.001, j=6:0.001, j=7:0.001, j=8:0.001, j=9:0.001, j=10:0.001, j=11:0.001, j=12:0.000, j=13:0.000, j=14:0.001, j=15:0.001, j=16:0.001, j=17:0.002, j=18:0.001, j=19:0.001, j=20:0.001, j=21:0.001, j=22:0.001, j=23:0.001, j=24:0.000, j=25:0.000, j=26:0.001, j=27:0.001, j=28:0.001, j=29:0.001, j=30:0.000, j=31:0.000, j=32:0.000, j=33:0.000, j=34:0.001, j=35:0.000, j=36:0.000, j=37:0.000, j=38:0.000, j=39:0.000, j=40:0.016, j=41:0.179, j=42:0.725, j=43:0.051
      i=44 -> j=0:0.000, j=1:0.000, j=2:0.000, j=3:0.000, j=4:0.001, j=5:0.001, j=6:0.000, j=7:0.000, j=8:0.000, j=9:0.000, j=10:0.000, j=11:0.001, j=12:0.000, j=13:0.000, j=14:0.000, j=15:0.000, j=16:0.001, j=17:0.001, j=18:0.000, j=19:0.000, j=20:0.000, j=21:0.000, j=22:0.000, j=23:0.001, j=24:0.000, j=25:0.000, j=26:0.000, j=27:0.000, j=28:0.001, j=29:0.000, j=30:0.000, j=31:0.000, j=32:0.000, j=33:0.000, j=34:0.000, j=35:0.000, j=36:0.000, j=37:0.000, j=38:0.000, j=39:0.000, j=40:0.000, j=41:0.004, j=42:0.407, j=43:0.478, j=44:0.099
      i=45 -> j=0:0.000, j=1:0.000, j=2:0.000, j=3:0.000, j=4:0.000, j=5:0.000, j=6:0.000, j=7:0.000, j=8:0.000, j=9:0.000, j=10:0.000, j=11:0.000, j=12:0.000, j=13:0.000, j=14:0.000, j=15:0.000, j=16:0.000, j=17:0.001, j=18:0.000, j=19:0.000, j=20:0.000, j=21:0.000, j=22:0.000, j=23:0.000, j=24:0.000, j=25:0.000, j=26:0.000, j=27:0.000, j=28:0.000, j=29:0.000, j=30:0.000, j=31:0.000, j=32:0.000, j=33:0.000, j=34:0.000, j=35:0.000, j=36:0.000, j=37:0.000, j=38:0.000, j=39:0.000, j=40:0.000, j=41:0.000, j=42:0.003, j=43:0.129, j=44:0.814, j=45:0.048
      i=46 -> j=0:0.001, j=1:0.001, j=2:0.000, j=3:0.001, j=4:0.000, j=5:0.001, j=6:0.001, j=7:0.001, j=8:0.001, j=9:0.000, j=10:0.001, j=11:0.001, j=12:0.001, j=13:0.001, j=14:0.001, j=15:0.000, j=16:0.000, j=17:0.000, j=18:0.000, j=19:0.000, j=20:0.000, j=21:0.000, j=22:0.000, j=23:0.000, j=24:0.001, j=25:0.001, j=26:0.000, j=27:0.000, j=28:0.000, j=29:0.000, j=30:0.000, j=31:0.001, j=32:0.000, j=33:0.000, j=34:0.000, j=35:0.000, j=36:0.000, j=37:0.001, j=38:0.000, j=39:0.000, j=40:0.000, j=41:0.000, j=42:0.000, j=43:0.004, j=44:0.199, j=45:0.734, j=46:0.043
      i=47 -> j=0:0.000, j=1:0.000, j=2:0.000, j=3:0.000, j=4:0.000, j=5:0.000, j=6:0.000, j=7:0.000, j=8:0.000, j=9:0.000, j=10:0.000, j=11:0.000, j=12:0.000, j=13:0.000, j=14:0.000, j=15:0.000, j=16:0.000, j=17:0.000, j=18:0.000, j=19:0.000, j=20:0.000, j=21:0.000, j=22:0.000, j=23:0.000, j=24:0.000, j=25:0.000, j=26:0.000, j=27:0.000, j=28:0.000, j=29:0.000, j=30:0.000, j=31:0.000, j=32:0.000, j=33:0.000, j=34:0.000, j=35:0.000, j=36:0.000, j=37:0.000, j=38:0.000, j=39:0.000, j=40:0.000, j=41:0.000, j=42:0.000, j=43:0.000, j=44:0.003, j=45:0.138, j=46:0.477, j=47:0.372
      i=48 -> j=0:0.000, j=1:0.000, j=2:0.000, j=3:0.000, j=4:0.000, j=5:0.000, j=6:0.000, j=7:0.000, j=8:0.000, j=9:0.000, j=10:0.000, j=11:0.000, j=12:0.000, j=13:0.000, j=14:0.000, j=15:0.000, j=16:0.000, j=17:0.000, j=18:0.000, j=19:0.000, j=20:0.000, j=21:0.000, j=22:0.000, j=23:0.000, j=24:0.000, j=25:0.000, j=26:0.000, j=27:0.000, j=28:0.000, j=29:0.000, j=30:0.000, j=31:0.000, j=32:0.000, j=33:0.000, j=34:0.000, j=35:0.000, j=36:0.000, j=37:0.000, j=38:0.000, j=39:0.000, j=40:0.000, j=41:0.000, j=42:0.000, j=43:0.000, j=44:0.000, j=45:0.000, j=46:0.065, j=47:0.866, j=48:0.067
      i=49 -> j=0:0.000, j=1:0.000, j=2:0.001, j=3:0.001, j=4:0.001, j=5:0.000, j=6:0.000, j=7:0.000, j=8:0.000, j=9:0.001, j=10:0.001, j=11:0.001, j=12:0.000, j=13:0.000, j=14:0.001, j=15:0.001, j=16:0.001, j=17:0.001, j=18:0.000, j=19:0.000, j=20:0.001, j=21:0.001, j=22:0.001, j=23:0.001, j=24:0.000, j=25:0.000, j=26:0.000, j=27:0.000, j=28:0.001, j=29:0.000, j=30:0.000, j=31:0.000, j=32:0.000, j=33:0.000, j=34:0.001, j=35:0.000, j=36:0.000, j=37:0.000, j=38:0.000, j=39:0.000, j=40:0.001, j=41:0.000, j=42:0.000, j=43:0.000, j=44:0.000, j=45:0.000, j=46:0.007, j=47:0.191, j=48:0.705, j=49:0.078
      i=50 -> j=0:0.000, j=1:0.000, j=2:0.001, j=3:0.001, j=4:0.001, j=5:0.001, j=6:0.001, j=7:0.001, j=8:0.001, j=9:0.001, j=10:0.001, j=11:0.001, j=12:0.001, j=13:0.001, j=14:0.001, j=15:0.001, j=16:0.001, j=17:0.001, j=18:0.001, j=19:0.001, j=20:0.001, j=21:0.001, j=22:0.001, j=23:0.001, j=24:0.001, j=25:0.000, j=26:0.000, j=27:0.000, j=28:0.001, j=29:0.001, j=30:0.000, j=31:0.000, j=32:0.000, j=33:0.000, j=34:0.001, j=35:0.001, j=36:0.000, j=37:0.000, j=38:0.000, j=39:0.000, j=40:0.001, j=41:0.001, j=42:0.001, j=43:0.000, j=44:0.000, j=45:0.000, j=46:0.000, j=47:0.006, j=48:0.319, j=49:0.568, j=50:0.083
      i=51 -> j=0:0.001, j=1:0.000, j=2:0.001, j=3:0.001, j=4:0.001, j=5:0.001, j=6:0.001, j=7:0.001, j=8:0.000, j=9:0.001, j=10:0.001, j=11:0.001, j=12:0.001, j=13:0.001, j=14:0.001, j=15:0.001, j=16:0.001, j=17:0.002, j=18:0.001, j=19:0.001, j=20:0.001, j=21:0.001, j=22:0.001, j=23:0.001, j=24:0.001, j=25:0.000, j=26:0.001, j=27:0.000, j=28:0.001, j=29:0.001, j=30:0.001, j=31:0.000, j=32:0.000, j=33:0.000, j=34:0.000, j=35:0.000, j=36:0.001, j=37:0.000, j=38:0.000, j=39:0.000, j=40:0.000, j=41:0.001, j=42:0.002, j=43:0.001, j=44:0.000, j=45:0.000, j=46:0.000, j=47:0.000, j=48:0.005, j=49:0.234, j=50:0.560, j=51:0.169
      i=52 -> j=0:0.001, j=1:0.001, j=2:0.001, j=3:0.001, j=4:0.001, j=5:0.001, j=6:0.001, j=7:0.001, j=8:0.001, j=9:0.001, j=10:0.001, j=11:0.001, j=12:0.001, j=13:0.001, j=14:0.001, j=15:0.001, j=16:0.001, j=17:0.001, j=18:0.001, j=19:0.001, j=20:0.001, j=21:0.001, j=22:0.001, j=23:0.001, j=24:0.001, j=25:0.001, j=26:0.001, j=27:0.000, j=28:0.000, j=29:0.000, j=30:0.001, j=31:0.001, j=32:0.001, j=33:0.000, j=34:0.000, j=35:0.000, j=36:0.001, j=37:0.001, j=38:0.001, j=39:0.000, j=40:0.000, j=41:0.000, j=42:0.001, j=43:0.001, j=44:0.001, j=45:0.000, j=46:0.000, j=47:0.000, j=48:0.000, j=49:0.007, j=50:0.191, j=51:0.576, j=52:0.197
      i=53 -> j=0:0.000, j=1:0.000, j=2:0.000, j=3:0.000, j=4:0.000, j=5:0.000, j=6:0.000, j=7:0.000, j=8:0.000, j=9:0.000, j=10:0.000, j=11:0.000, j=12:0.000, j=13:0.000, j=14:0.000, j=15:0.000, j=16:0.000, j=17:0.000, j=18:0.000, j=19:0.000, j=20:0.000, j=21:0.000, j=22:0.000, j=23:0.000, j=24:0.000, j=25:0.000, j=26:0.000, j=27:0.000, j=28:0.000, j=29:0.000, j=30:0.000, j=31:0.000, j=32:0.000, j=33:0.000, j=34:0.000, j=35:0.000, j=36:0.000, j=37:0.000, j=38:0.000, j=39:0.000, j=40:0.000, j=41:0.000, j=42:0.000, j=43:0.000, j=44:0.000, j=45:0.000, j=46:0.000, j=47:0.000, j=48:0.000, j=49:0.000, j=50:0.002, j=51:0.075, j=52:0.795, j=53:0.122
      i=54 -> j=0:0.000, j=1:0.000, j=2:0.000, j=3:0.000, j=4:0.000, j=5:0.000, j=6:0.000, j=7:0.000, j=8:0.000, j=9:0.000, j=10:0.000, j=11:0.000, j=12:0.000, j=13:0.000, j=14:0.000, j=15:0.000, j=16:0.000, j=17:0.000, j=18:0.000, j=19:0.000, j=20:0.000, j=21:0.000, j=22:0.000, j=23:0.000, j=24:0.000, j=25:0.000, j=26:0.000, j=27:0.000, j=28:0.000, j=29:0.000, j=30:0.000, j=31:0.000, j=32:0.000, j=33:0.000, j=34:0.000, j=35:0.000, j=36:0.000, j=37:0.000, j=38:0.000, j=39:0.000, j=40:0.000, j=41:0.000, j=42:0.000, j=43:0.000, j=44:0.000, j=45:0.000, j=46:0.001, j=47:0.000, j=48:0.000, j=49:0.000, j=50:0.000, j=51:0.001, j=52:0.189, j=53:0.759, j=54:0.044
      i=55 -> j=0:0.000, j=1:0.000, j=2:0.000, j=3:0.000, j=4:0.000, j=5:0.000, j=6:0.000, j=7:0.000, j=8:0.000, j=9:0.000, j=10:0.000, j=11:0.000, j=12:0.000, j=13:0.000, j=14:0.000, j=15:0.000, j=16:0.000, j=17:0.000, j=18:0.000, j=19:0.000, j=20:0.000, j=21:0.001, j=22:0.000, j=23:0.000, j=24:0.000, j=25:0.000, j=26:0.000, j=27:0.000, j=28:0.000, j=29:0.000, j=30:0.000, j=31:0.000, j=32:0.000, j=33:0.000, j=34:0.000, j=35:0.000, j=36:0.000, j=37:0.000, j=38:0.000, j=39:0.000, j=40:0.000, j=41:0.000, j=42:0.000, j=43:0.000, j=44:0.000, j=45:0.000, j=46:0.001, j=47:0.000, j=48:0.000, j=49:0.000, j=50:0.000, j=51:0.000, j=52:0.004, j=53:0.137, j=54:0.748, j=55:0.099
      i=56 -> j=0:0.001, j=1:0.001, j=2:0.001, j=3:0.001, j=4:0.001, j=5:0.001, j=6:0.001, j=7:0.001, j=8:0.001, j=9:0.001, j=10:0.001, j=11:0.001, j=12:0.001, j=13:0.001, j=14:0.001, j=15:0.001, j=16:0.001, j=17:0.000, j=18:0.000, j=19:0.000, j=20:0.000, j=21:0.001, j=22:0.001, j=23:0.000, j=24:0.001, j=25:0.001, j=26:0.000, j=27:0.001, j=28:0.000, j=29:0.001, j=30:0.001, j=31:0.001, j=32:0.000, j=33:0.001, j=34:0.001, j=35:0.001, j=36:0.001, j=37:0.001, j=38:0.000, j=39:0.000, j=40:0.000, j=41:0.001, j=42:0.000, j=43:0.000, j=44:0.000, j=45:0.000, j=46:0.000, j=47:0.001, j=48:0.001, j=49:0.000, j=50:0.000, j=51:0.000, j=52:0.000, j=53:0.004, j=54:0.384, j=55:0.549, j=56:0.035
      i=57 -> j=0:0.000, j=1:0.000, j=2:0.000, j=3:0.000, j=4:0.000, j=5:0.000, j=6:0.000, j=7:0.000, j=8:0.000, j=9:0.000, j=10:0.000, j=11:0.000, j=12:0.000, j=13:0.000, j=14:0.000, j=15:0.000, j=16:0.000, j=17:0.001, j=18:0.001, j=19:0.000, j=20:0.000, j=21:0.000, j=22:0.000, j=23:0.001, j=24:0.000, j=25:0.000, j=26:0.000, j=27:0.000, j=28:0.000, j=29:0.000, j=30:0.000, j=31:0.000, j=32:0.000, j=33:0.000, j=34:0.000, j=35:0.000, j=36:0.000, j=37:0.000, j=38:0.000, j=39:0.000, j=40:0.000, j=41:0.000, j=42:0.001, j=43:0.000, j=44:0.000, j=45:0.000, j=46:0.000, j=47:0.000, j=48:0.000, j=49:0.000, j=50:0.000, j=51:0.000, j=52:0.000, j=53:0.000, j=54:0.002, j=55:0.137, j=56:0.811, j=57:0.034
      i=58 -> j=0:0.001, j=1:0.001, j=2:0.001, j=3:0.001, j=4:0.001, j=5:0.001, j=6:0.001, j=7:0.001, j=8:0.001, j=9:0.001, j=10:0.001, j=11:0.001, j=12:0.001, j=13:0.001, j=14:0.001, j=15:0.001, j=16:0.001, j=17:0.001, j=18:0.001, j=19:0.001, j=20:0.001, j=21:0.001, j=22:0.001, j=23:0.001, j=24:0.002, j=25:0.002, j=26:0.001, j=27:0.001, j=28:0.000, j=29:0.001, j=30:0.001, j=31:0.001, j=32:0.001, j=33:0.001, j=34:0.000, j=35:0.001, j=36:0.001, j=37:0.001, j=38:0.001, j=39:0.001, j=40:0.000, j=41:0.000, j=42:0.001, j=43:0.001, j=44:0.001, j=45:0.000, j=46:0.000, j=47:0.000, j=48:0.001, j=49:0.001, j=50:0.001, j=51:0.000, j=52:0.000, j=53:0.000, j=54:0.000, j=55:0.015, j=56:0.225, j=57:0.663, j=58:0.056
      i=59 -> j=0:0.000, j=1:0.000, j=2:0.000, j=3:0.000, j=4:0.000, j=5:0.000, j=6:0.000, j=7:0.000, j=8:0.000, j=9:0.000, j=10:0.000, j=11:0.000, j=12:0.000, j=13:0.000, j=14:0.000, j=15:0.000, j=16:0.000, j=17:0.000, j=18:0.000, j=19:0.000, j=20:0.000, j=21:0.000, j=22:0.000, j=23:0.000, j=24:0.000, j=25:0.000, j=26:0.000, j=27:0.000, j=28:0.000, j=29:0.000, j=30:0.000, j=31:0.000, j=32:0.000, j=33:0.000, j=34:0.000, j=35:0.000, j=36:0.000, j=37:0.000, j=38:0.000, j=39:0.000, j=40:0.000, j=41:0.000, j=42:0.000, j=43:0.000, j=44:0.000, j=45:0.000, j=46:0.000, j=47:0.000, j=48:0.000, j=49:0.000, j=50:0.000, j=51:0.000, j=52:0.000, j=53:0.000, j=54:0.000, j=55:0.000, j=56:0.007, j=57:0.148, j=58:0.494, j=59:0.341
      i=60 -> j=0:0.000, j=1:0.000, j=2:0.000, j=3:0.000, j=4:0.000, j=5:0.000, j=6:0.000, j=7:0.000, j=8:0.000, j=9:0.000, j=10:0.000, j=11:0.000, j=12:0.000, j=13:0.000, j=14:0.000, j=15:0.000, j=16:0.000, j=17:0.000, j=18:0.000, j=19:0.000, j=20:0.000, j=21:0.000, j=22:0.000, j=23:0.000, j=24:0.000, j=25:0.000, j=26:0.000, j=27:0.000, j=28:0.000, j=29:0.000, j=30:0.000, j=31:0.000, j=32:0.000, j=33:0.000, j=34:0.000, j=35:0.000, j=36:0.000, j=37:0.000, j=38:0.000, j=39:0.000, j=40:0.000, j=41:0.000, j=42:0.000, j=43:0.000, j=44:0.000, j=45:0.000, j=46:0.000, j=47:0.000, j=48:0.000, j=49:0.000, j=50:0.000, j=51:0.000, j=52:0.000, j=53:0.000, j=54:0.000, j=55:0.000, j=56:0.000, j=57:0.000, j=58:0.116, j=59:0.826, j=60:0.053
      i=61 -> j=0:0.000, j=1:0.000, j=2:0.000, j=3:0.000, j=4:0.000, j=5:0.000, j=6:0.000, j=7:0.000, j=8:0.000, j=9:0.000, j=10:0.000, j=11:0.000, j=12:0.000, j=13:0.000, j=14:0.000, j=15:0.000, j=16:0.000, j=17:0.000, j=18:0.000, j=19:0.000, j=20:0.000, j=21:0.000, j=22:0.000, j=23:0.000, j=24:0.000, j=25:0.000, j=26:0.000, j=27:0.000, j=28:0.000, j=29:0.000, j=30:0.000, j=31:0.000, j=32:0.000, j=33:0.000, j=34:0.000, j=35:0.000, j=36:0.000, j=37:0.000, j=38:0.000, j=39:0.000, j=40:0.000, j=41:0.000, j=42:0.000, j=43:0.000, j=44:0.000, j=45:0.000, j=46:0.001, j=47:0.000, j=48:0.000, j=49:0.000, j=50:0.000, j=51:0.000, j=52:0.000, j=53:0.000, j=54:0.000, j=55:0.000, j=56:0.000, j=57:0.000, j=58:0.007, j=59:0.259, j=60:0.602, j=61:0.123
      i=62 -> j=0:0.000, j=1:0.000, j=2:0.000, j=3:0.000, j=4:0.000, j=5:0.000, j=6:0.000, j=7:0.000, j=8:0.000, j=9:0.000, j=10:0.000, j=11:0.000, j=12:0.000, j=13:0.000, j=14:0.000, j=15:0.000, j=16:0.000, j=17:0.001, j=18:0.000, j=19:0.000, j=20:0.000, j=21:0.000, j=22:0.000, j=23:0.001, j=24:0.000, j=25:0.000, j=26:0.000, j=27:0.000, j=28:0.001, j=29:0.000, j=30:0.000, j=31:0.000, j=32:0.000, j=33:0.000, j=34:0.000, j=35:0.000, j=36:0.000, j=37:0.000, j=38:0.000, j=39:0.000, j=40:0.000, j=41:0.000, j=42:0.001, j=43:0.000, j=44:0.000, j=45:0.000, j=46:0.001, j=47:0.001, j=48:0.000, j=49:0.000, j=50:0.000, j=51:0.000, j=52:0.000, j=53:0.000, j=54:0.000, j=55:0.000, j=56:0.000, j=57:0.000, j=58:0.000, j=59:0.002, j=60:0.093, j=61:0.868, j=62:0.025
      i=63 -> j=0:0.001, j=1:0.001, j=2:0.000, j=3:0.001, j=4:0.001, j=5:0.001, j=6:0.001, j=7:0.001, j=8:0.001, j=9:0.001, j=10:0.001, j=11:0.001, j=12:0.001, j=13:0.001, j=14:0.000, j=15:0.001, j=16:0.001, j=17:0.001, j=18:0.001, j=19:0.001, j=20:0.001, j=21:0.001, j=22:0.001, j=23:0.001, j=24:0.001, j=25:0.001, j=26:0.000, j=27:0.001, j=28:0.001, j=29:0.001, j=30:0.001, j=31:0.001, j=32:0.000, j=33:0.001, j=34:0.001, j=35:0.001, j=36:0.001, j=37:0.001, j=38:0.000, j=39:0.000, j=40:0.000, j=41:0.001, j=42:0.001, j=43:0.001, j=44:0.000, j=45:0.000, j=46:0.000, j=47:0.000, j=48:0.001, j=49:0.001, j=50:0.000, j=51:0.000, j=52:0.000, j=53:0.000, j=54:0.001, j=55:0.001, j=56:0.000, j=57:0.000, j=58:0.000, j=59:0.000, j=60:0.004, j=61:0.240, j=62:0.625, j=63:0.099
    Average attention per distance:
      d=0:0.124, d=1:0.706, d=2:0.174

--- Layer 3 ---
  Head 0: Entropy=2.038
    Attention coefficients from each query position to previous positions:
      i= 0 -> j=0:1.000
      i= 1 -> j=0:0.673, j=1:0.327
      i= 2 -> j=0:0.437, j=1:0.310, j=2:0.254
      i= 3 -> j=0:0.030, j=1:0.029, j=2:0.038, j=3:0.902
      i= 4 -> j=0:0.025, j=1:0.031, j=2:0.052, j=3:0.862, j=4:0.029
      i= 5 -> j=0:0.028, j=1:0.035, j=2:0.066, j=3:0.755, j=4:0.080, j=5:0.035
      i= 6 -> j=0:0.007, j=1:0.006, j=2:0.010, j=3:0.273, j=4:0.022, j=5:0.012, j=6:0.669
      i= 7 -> j=0:0.013, j=1:0.010, j=2:0.015, j=3:0.138, j=4:0.034, j=5:0.029, j=6:0.710, j=7:0.050
      i= 8 -> j=0:0.003, j=1:0.002, j=2:0.002, j=3:0.034, j=4:0.003, j=5:0.003, j=6:0.246, j=7:0.013, j=8:0.696
      i= 9 -> j=0:0.005, j=1:0.004, j=2:0.004, j=3:0.033, j=4:0.004, j=5:0.005, j=6:0.147, j=7:0.024, j=8:0.737, j=9:0.039
      i=10 -> j=0:0.005, j=1:0.004, j=2:0.004, j=3:0.045, j=4:0.003, j=5:0.003, j=6:0.065, j=7:0.014, j=8:0.492, j=9:0.049, j=10:0.316
      i=11 -> j=0:0.005, j=1:0.004, j=2:0.006, j=3:0.050, j=4:0.004, j=5:0.003, j=6:0.047, j=7:0.012, j=8:0.276, j=9:0.058, j=10:0.461, j=11:0.072
      i=12 -> j=0:0.004, j=1:0.003, j=2:0.004, j=3:0.057, j=4:0.004, j=5:0.003, j=6:0.045, j=7:0.007, j=8:0.140, j=9:0.033, j=10:0.432, j=11:0.099, j=12:0.170
      i=13 -> j=0:0.009, j=1:0.007, j=2:0.008, j=3:0.057, j=4:0.008, j=5:0.006, j=6:0.058, j=7:0.011, j=8:0.092, j=9:0.029, j=10:0.245, j=11:0.114, j=12:0.258, j=13:0.099
      i=14 -> j=0:0.013, j=1:0.010, j=2:0.011, j=3:0.050, j=4:0.011, j=5:0.009, j=6:0.065, j=7:0.015, j=8:0.079, j=9:0.026, j=10:0.140, j=11:0.096, j=12:0.259, j=13:0.157, j=14:0.058
      i=15 -> j=0:0.001, j=1:0.001, j=2:0.001, j=3:0.012, j=4:0.001, j=5:0.001, j=6:0.015, j=7:0.001, j=8:0.024, j=9:0.002, j=10:0.015, j=11:0.005, j=12:0.018, j=13:0.017, j=14:0.008, j=15:0.878
      i=16 -> j=0:0.003, j=1:0.002, j=2:0.002, j=3:0.014, j=4:0.002, j=5:0.001, j=6:0.014, j=7:0.003, j=8:0.026, j=9:0.004, j=10:0.017, j=11:0.007, j=12:0.017, j=13:0.021, j=14:0.016, j=15:0.818, j=16:0.032
      i=17 -> j=0:0.003, j=1:0.003, j=2:0.003, j=3:0.017, j=4:0.002, j=5:0.002, j=6:0.013, j=7:0.003, j=8:0.028, j=9:0.005, j=10:0.019, j=11:0.006, j=12:0.012, j=13:0.015, j=14:0.016, j=15:0.769, j=16:0.063, j=17:0.020
      i=18 -> j=0:0.013, j=1:0.011, j=2:0.012, j=3:0.041, j=4:0.010, j=5:0.008, j=6:0.031, j=7:0.012, j=8:0.049, j=9:0.018, j=10:0.048, j=11:0.022, j=12:0.028, j=13:0.029, j=14:0.032, j=15:0.393, j=16:0.127, j=17:0.077, j=18:0.039
      i=19 -> j=0:0.013, j=1:0.011, j=2:0.012, j=3:0.054, j=4:0.010, j=5:0.008, j=6:0.041, j=7:0.011, j=8:0.055, j=9:0.016, j=10:0.060, j=11:0.024, j=12:0.031, j=13:0.025, j=14:0.021, j=15:0.277, j=16:0.101, j=17:0.086, j=18:0.059, j=19:0.086
      i=20 -> j=0:0.013, j=1:0.010, j=2:0.010, j=3:0.053, j=4:0.009, j=5:0.007, j=6:0.047, j=7:0.010, j=8:0.053, j=9:0.013, j=10:0.052, j=11:0.021, j=12:0.032, j=13:0.023, j=14:0.015, j=15:0.181, j=16:0.055, j=17:0.056, j=18:0.060, j=19:0.112, j=20:0.169
      i=21 -> j=0:0.012, j=1:0.010, j=2:0.009, j=3:0.045, j=4:0.008, j=5:0.006, j=6:0.042, j=7:0.009, j=8:0.049, j=9:0.011, j=10:0.038, j=11:0.016, j=12:0.026, j=13:0.021, j=14:0.012, j=15:0.134, j=16:0.029, j=17:0.027, j=18:0.041, j=19:0.090, j=20:0.184, j=21:0.178
      i=22 -> j=0:0.012, j=1:0.010, j=2:0.010, j=3:0.041, j=4:0.007, j=5:0.006, j=6:0.037, j=7:0.009, j=8:0.047, j=9:0.010, j=10:0.032, j=11:0.013, j=12:0.020, j=13:0.019, j=14:0.012, j=15:0.123, j=16:0.021, j=17:0.016, j=18:0.027, j=19:0.061, j=20:0.156, j=21:0.213, j=22:0.100
      i=23 -> j=0:0.007, j=1:0.005, j=2:0.005, j=3:0.038, j=4:0.003, j=5:0.002, j=6:0.027, j=7:0.005, j=8:0.043, j=9:0.006, j=10:0.026, j=11:0.007, j=12:0.011, j=13:0.010, j=14:0.006, j=15:0.145, j=16:0.012, j=17:0.006, j=18:0.010, j=19:0.023, j=20:0.075, j=21:0.162, j=22:0.103, j=23:0.263
      i=24 -> j=0:0.011, j=1:0.009, j=2:0.009, j=3:0.034, j=4:0.007, j=5:0.005, j=6:0.024, j=7:0.008, j=8:0.033, j=9:0.010, j=10:0.026, j=11:0.010, j=12:0.012, j=13:0.012, j=14:0.009, j=15:0.084, j=16:0.017, j=17:0.010, j=18:0.013, j=19:0.022, j=20:0.051, j=21:0.112, j=22:0.115, j=23:0.322, j=24:0.035
      i=25 -> j=0:0.003, j=1:0.002, j=2:0.002, j=3:0.018, j=4:0.001, j=5:0.001, j=6:0.012, j=7:0.001, j=8:0.016, j=9:0.002, j=10:0.013, j=11:0.003, j=12:0.004, j=13:0.003, j=14:0.001, j=15:0.050, j=16:0.004, j=17:0.002, j=18:0.002, j=19:0.004, j=20:0.008, j=21:0.016, j=22:0.018, j=23:0.095, j=24:0.010, j=25:0.710
      i=26 -> j=0:0.007, j=1:0.006, j=2:0.006, j=3:0.022, j=4:0.004, j=5:0.003, j=6:0.017, j=7:0.004, j=8:0.019, j=9:0.005, j=10:0.017, j=11:0.007, j=12:0.008, j=13:0.007, j=14:0.004, j=15:0.036, j=16:0.008, j=17:0.005, j=18:0.006, j=19:0.008, j=20:0.013, j=21:0.019, j=22:0.023, j=23:0.080, j=24:0.025, j=25:0.595, j=26:0.045
      i=27 -> j=0:0.008, j=1:0.006, j=2:0.006, j=3:0.024, j=4:0.004, j=5:0.003, j=6:0.020, j=7:0.005, j=8:0.021, j=9:0.005, j=10:0.017, j=11:0.007, j=12:0.009, j=13:0.007, j=14:0.004, j=15:0.036, j=16:0.007, j=17:0.005, j=18:0.006, j=19:0.008, j=20:0.012, j=21:0.014, j=22:0.014, j=23:0.040, j=24:0.019, j=25:0.546, j=26:0.072, j=27:0.074
      i=28 -> j=0:0.005, j=1:0.004, j=2:0.003, j=3:0.025, j=4:0.002, j=5:0.001, j=6:0.017, j=7:0.003, j=8:0.022, j=9:0.003, j=10:0.013, j=11:0.004, j=12:0.006, j=13:0.004, j=14:0.002, j=15:0.044, j=16:0.004, j=17:0.002, j=18:0.003, j=19:0.005, j=20:0.008, j=21:0.010, j=22:0.006, j=23:0.015, j=24:0.005, j=25:0.267, j=26:0.048, j=27:0.087, j=28:0.384
      i=29 -> j=0:0.010, j=1:0.008, j=2:0.008, j=3:0.030, j=4:0.005, j=5:0.004, j=6:0.020, j=7:0.006, j=8:0.025, j=9:0.006, j=10:0.017, j=11:0.007, j=12:0.009, j=13:0.008, j=14:0.005, j=15:0.041, j=16:0.007, j=17:0.004, j=18:0.005, j=19:0.008, j=20:0.012, j=21:0.015, j=22:0.011, j=23:0.017, j=24:0.007, j=25:0.105, j=26:0.048, j=27:0.102, j=28:0.417, j=29:0.035
      i=30 -> j=0:0.010, j=1:0.007, j=2:0.008, j=3:0.036, j=4:0.005, j=5:0.004, j=6:0.022, j=7:0.005, j=8:0.027, j=9:0.006, j=10:0.019, j=11:0.006, j=12:0.008, j=13:0.007, j=14:0.004, j=15:0.050, j=16:0.007, j=17:0.003, j=18:0.004, j=19:0.006, j=20:0.010, j=21:0.014, j=22:0.010, j=23:0.016, j=24:0.005, j=25:0.065, j=26:0.027, j=27:0.072, j=28:0.419, j=29:0.050, j=30:0.070
      i=31 -> j=0:0.010, j=1:0.008, j=2:0.008, j=3:0.042, j=4:0.006, j=5:0.004, j=6:0.027, j=7:0.005, j=8:0.031, j=9:0.007, j=10:0.023, j=11:0.007, j=12:0.009, j=13:0.007, j=14:0.004, j=15:0.056, j=16:0.008, j=17:0.004, j=18:0.004, j=19:0.006, j=20:0.009, j=21:0.013, j=22:0.010, j=23:0.018, j=24:0.004, j=25:0.053, j=26:0.013, j=27:0.029, j=28:0.147, j=29:0.037, j=30:0.074, j=31:0.315
      i=32 -> j=0:0.011, j=1:0.008, j=2:0.008, j=3:0.036, j=4:0.006, j=5:0.005, j=6:0.026, j=7:0.006, j=8:0.026, j=9:0.006, j=10:0.020, j=11:0.008, j=12:0.009, j=13:0.007, j=14:0.004, j=15:0.040, j=16:0.007, j=17:0.004, j=18:0.005, j=19:0.006, j=20:0.008, j=21:0.010, j=22:0.008, j=23:0.014, j=24:0.004, j=25:0.045, j=26:0.010, j=27:0.017, j=28:0.064, j=29:0.026, j=30:0.068, j=31:0.362, j=32:0.114
      i=33 -> j=0:0.008, j=1:0.006, j=2:0.006, j=3:0.027, j=4:0.004, j=5:0.003, j=6:0.021, j=7:0.004, j=8:0.022, j=9:0.004, j=10:0.015, j=11:0.005, j=12:0.007, j=13:0.005, j=14:0.003, j=15:0.031, j=16:0.005, j=17:0.003, j=18:0.003, j=19:0.004, j=20:0.006, j=21:0.007, j=22:0.005, j=23:0.009, j=24:0.003, j=25:0.037, j=26:0.007, j=27:0.008, j=28:0.021, j=29:0.008, j=30:0.021, j=31:0.157, j=32:0.081, j=33:0.442
      i=34 -> j=0:0.009, j=1:0.007, j=2:0.006, j=3:0.024, j=4:0.004, j=5:0.003, j=6:0.018, j=7:0.005, j=8:0.019, j=9:0.005, j=10:0.012, j=11:0.005, j=12:0.006, j=13:0.005, j=14:0.003, j=15:0.023, j=16:0.004, j=17:0.003, j=18:0.003, j=19:0.004, j=20:0.006, j=21:0.006, j=22:0.004, j=23:0.006, j=24:0.002, j=25:0.025, j=26:0.006, j=27:0.007, j=28:0.015, j=29:0.006, j=30:0.014, j=31:0.097, j=32:0.076, j=33:0.504, j=34:0.056
      i=35 -> j=0:0.003, j=1:0.002, j=2:0.002, j=3:0.013, j=4:0.001, j=5:0.001, j=6:0.008, j=7:0.001, j=8:0.010, j=9:0.001, j=10:0.006, j=11:0.002, j=12:0.002, j=13:0.002, j=14:0.001, j=15:0.015, j=16:0.001, j=17:0.001, j=18:0.001, j=19:0.001, j=20:0.002, j=21:0.002, j=22:0.001, j=23:0.002, j=24:0.000, j=25:0.010, j=26:0.002, j=27:0.002, j=28:0.006, j=29:0.001, j=30:0.002, j=31:0.017, j=32:0.013, j=33:0.179, j=34:0.023, j=35:0.663
      i=36 -> j=0:0.008, j=1:0.007, j=2:0.007, j=3:0.021, j=4:0.005, j=5:0.004, j=6:0.014, j=7:0.005, j=8:0.016, j=9:0.005, j=10:0.012, j=11:0.005, j=12:0.006, j=13:0.005, j=14:0.003, j=15:0.019, j=16:0.004, j=17:0.003, j=18:0.003, j=19:0.004, j=20:0.005, j=21:0.006, j=22:0.004, j=23:0.005, j=24:0.002, j=25:0.012, j=26:0.005, j=27:0.006, j=28:0.012, j=29:0.004, j=30:0.006, j=31:0.020, j=32:0.018, j=33:0.115, j=34:0.045, j=35:0.548, j=36:0.028
      i=37 -> j=0:0.005, j=1:0.004, j=2:0.004, j=3:0.021, j=4:0.003, j=5:0.002, j=6:0.014, j=7:0.003, j=8:0.016, j=9:0.003, j=10:0.011, j=11:0.004, j=12:0.004, j=13:0.003, j=14:0.002, j=15:0.021, j=16:0.003, j=17:0.002, j=18:0.002, j=19:0.002, j=20:0.003, j=21:0.004, j=22:0.003, j=23:0.004, j=24:0.001, j=25:0.011, j=26:0.003, j=27:0.004, j=28:0.010, j=29:0.002, j=30:0.003, j=31:0.014, j=32:0.007, j=33:0.051, j=34:0.016, j=35:0.376, j=36:0.022, j=37:0.335
      i=38 -> j=0:0.006, j=1:0.005, j=2:0.005, j=3:0.021, j=4:0.004, j=5:0.003, j=6:0.015, j=7:0.003, j=8:0.016, j=9:0.004, j=10:0.011, j=11:0.004, j=12:0.005, j=13:0.004, j=14:0.002, j=15:0.018, j=16:0.003, j=17:0.002, j=18:0.002, j=19:0.002, j=20:0.003, j=21:0.004, j=22:0.003, j=23:0.004, j=24:0.001, j=25:0.011, j=26:0.002, j=27:0.003, j=28:0.007, j=29:0.002, j=30:0.003, j=31:0.014, j=32:0.006, j=33:0.035, j=34:0.011, j=35:0.207, j=36:0.023, j=37:0.414, j=38:0.111
      i=39 -> j=0:0.002, j=1:0.002, j=2:0.002, j=3:0.012, j=4:0.001, j=5:0.001, j=6:0.008, j=7:0.001, j=8:0.009, j=9:0.001, j=10:0.005, j=11:0.002, j=12:0.002, j=13:0.001, j=14:0.001, j=15:0.011, j=16:0.001, j=17:0.001, j=18:0.001, j=19:0.001, j=20:0.001, j=21:0.001, j=22:0.001, j=23:0.002, j=24:0.000, j=25:0.006, j=26:0.001, j=27:0.001, j=28:0.003, j=29:0.001, j=30:0.001, j=31:0.007, j=32:0.003, j=33:0.016, j=34:0.002, j=35:0.062, j=36:0.006, j=37:0.231, j=38:0.078, j=39:0.513
      i=40 -> j=0:0.009, j=1:0.007, j=2:0.007, j=3:0.020, j=4:0.006, j=5:0.005, j=6:0.017, j=7:0.006, j=8:0.017, j=9:0.006, j=10:0.012, j=11:0.006, j=12:0.007, j=13:0.006, j=14:0.004, j=15:0.017, j=16:0.005, j=17:0.003, j=18:0.003, j=19:0.004, j=20:0.005, j=21:0.005, j=22:0.004, j=23:0.005, j=24:0.002, j=25:0.012, j=26:0.004, j=27:0.004, j=28:0.006, j=29:0.003, j=30:0.004, j=31:0.014, j=32:0.008, j=33:0.024, j=34:0.007, j=35:0.042, j=36:0.013, j=37:0.129, j=38:0.092, j=39:0.430, j=40:0.021
      i=41 -> j=0:0.007, j=1:0.005, j=2:0.005, j=3:0.022, j=4:0.004, j=5:0.003, j=6:0.016, j=7:0.004, j=8:0.019, j=9:0.004, j=10:0.011, j=11:0.004, j=12:0.005, j=13:0.004, j=14:0.002, j=15:0.020, j=16:0.003, j=17:0.002, j=18:0.002, j=19:0.003, j=20:0.004, j=21:0.004, j=22:0.002, j=23:0.003, j=24:0.001, j=25:0.010, j=26:0.003, j=27:0.003, j=28:0.005, j=29:0.001, j=30:0.002, j=31:0.010, j=32:0.005, j=33:0.026, j=34:0.004, j=35:0.038, j=36:0.006, j=37:0.075, j=38:0.053, j=39:0.479, j=40:0.024, j=41:0.095
      i=42 -> j=0:0.007, j=1:0.006, j=2:0.006, j=3:0.028, j=4:0.004, j=5:0.003, j=6:0.019, j=7:0.004, j=8:0.023, j=9:0.005, j=10:0.014, j=11:0.005, j=12:0.006, j=13:0.004, j=14:0.003, j=15:0.025, j=16:0.003, j=17:0.002, j=18:0.002, j=19:0.003, j=20:0.004, j=21:0.004, j=22:0.003, j=23:0.003, j=24:0.001, j=25:0.010, j=26:0.002, j=27:0.003, j=28:0.006, j=29:0.001, j=30:0.002, j=31:0.009, j=32:0.005, j=33:0.027, j=34:0.004, j=35:0.046, j=36:0.004, j=37:0.052, j=38:0.030, j=39:0.285, j=40:0.027, j=41:0.168, j=42:0.134
      i=43 -> j=0:0.012, j=1:0.010, j=2:0.011, j=3:0.035, j=4:0.008, j=5:0.007, j=6:0.025, j=7:0.008, j=8:0.028, j=9:0.009, j=10:0.021, j=11:0.009, j=12:0.010, j=13:0.008, j=14:0.005, j=15:0.030, j=16:0.007, j=17:0.004, j=18:0.004, j=19:0.005, j=20:0.007, j=21:0.007, j=22:0.005, j=23:0.006, j=24:0.002, j=25:0.013, j=26:0.004, j=27:0.005, j=28:0.009, j=29:0.003, j=30:0.004, j=31:0.012, j=32:0.007, j=33:0.026, j=34:0.007, j=35:0.049, j=36:0.008, j=37:0.045, j=38:0.024, j=39:0.107, j=40:0.028, j=41:0.143, j=42:0.178, j=43:0.042
      i=44 -> j=0:0.013, j=1:0.010, j=2:0.011, j=3:0.037, j=4:0.009, j=5:0.007, j=6:0.029, j=7:0.009, j=8:0.030, j=9:0.010, j=10:0.023, j=11:0.010, j=12:0.011, j=13:0.009, j=14:0.005, j=15:0.031, j=16:0.007, j=17:0.004, j=18:0.004, j=19:0.005, j=20:0.006, j=21:0.007, j=22:0.005, j=23:0.006, j=24:0.002, j=25:0.013, j=26:0.004, j=27:0.005, j=28:0.008, j=29:0.003, j=30:0.004, j=31:0.011, j=32:0.006, j=33:0.022, j=34:0.006, j=35:0.048, j=36:0.007, j=37:0.048, j=38:0.020, j=39:0.067, j=40:0.019, j=41:0.108, j=42:0.197, j=43:0.063, j=44:0.039
      i=45 -> j=0:0.004, j=1:0.003, j=2:0.003, j=3:0.021, j=4:0.002, j=5:0.002, j=6:0.015, j=7:0.003, j=8:0.017, j=9:0.003, j=10:0.011, j=11:0.003, j=12:0.004, j=13:0.003, j=14:0.001, j=15:0.020, j=16:0.002, j=17:0.001, j=18:0.001, j=19:0.002, j=20:0.002, j=21:0.002, j=22:0.002, j=23:0.002, j=24:0.001, j=25:0.007, j=26:0.001, j=27:0.001, j=28:0.003, j=29:0.001, j=30:0.001, j=31:0.006, j=32:0.002, j=33:0.012, j=34:0.002, j=35:0.026, j=36:0.002, j=37:0.032, j=38:0.009, j=39:0.030, j=40:0.003, j=41:0.017, j=42:0.033, j=43:0.017, j=44:0.015, j=45:0.648
      i=46 -> j=0:0.005, j=1:0.004, j=2:0.004, j=3:0.019, j=4:0.003, j=5:0.002, j=6:0.015, j=7:0.003, j=8:0.016, j=9:0.004, j=10:0.011, j=11:0.004, j=12:0.005, j=13:0.004, j=14:0.002, j=15:0.017, j=16:0.003, j=17:0.002, j=18:0.002, j=19:0.002, j=20:0.003, j=21:0.003, j=22:0.002, j=23:0.002, j=24:0.001, j=25:0.007, j=26:0.001, j=27:0.002, j=28:0.003, j=29:0.001, j=30:0.001, j=31:0.006, j=32:0.002, j=33:0.010, j=34:0.002, j=35:0.016, j=36:0.002, j=37:0.023, j=38:0.008, j=39:0.024, j=40:0.003, j=41:0.010, j=42:0.016, j=43:0.012, j=44:0.016, j=45:0.618, j=46:0.080
      i=47 -> j=0:0.010, j=1:0.008, j=2:0.008, j=3:0.025, j=4:0.006, j=5:0.005, j=6:0.020, j=7:0.007, j=8:0.023, j=9:0.007, j=10:0.016, j=11:0.008, j=12:0.009, j=13:0.007, j=14:0.005, j=15:0.023, j=16:0.006, j=17:0.004, j=18:0.004, j=19:0.005, j=20:0.006, j=21:0.005, j=22:0.004, j=23:0.004, j=24:0.002, j=25:0.010, j=26:0.003, j=27:0.003, j=28:0.005, j=29:0.002, j=30:0.002, j=31:0.008, j=32:0.004, j=33:0.014, j=34:0.003, j=35:0.016, j=36:0.003, j=37:0.022, j=38:0.011, j=39:0.029, j=40:0.005, j=41:0.011, j=42:0.013, j=43:0.012, j=44:0.019, j=45:0.415, j=46:0.139, j=47:0.024
      i=48 -> j=0:0.014, j=1:0.012, j=2:0.012, j=3:0.033, j=4:0.010, j=5:0.008, j=6:0.026, j=7:0.010, j=8:0.030, j=9:0.011, j=10:0.022, j=11:0.011, j=12:0.013, j=13:0.011, j=14:0.008, j=15:0.032, j=16:0.009, j=17:0.006, j=18:0.006, j=19:0.007, j=20:0.009, j=21:0.009, j=22:0.006, j=23:0.007, j=24:0.003, j=25:0.013, j=26:0.005, j=27:0.005, j=28:0.008, j=29:0.003, j=30:0.004, j=31:0.010, j=32:0.006, j=33:0.018, j=34:0.005, j=35:0.021, j=36:0.005, j=37:0.023, j=38:0.013, j=39:0.033, j=40:0.007, j=41:0.014, j=42:0.013, j=43:0.011, j=44:0.015, j=45:0.228, j=46:0.149, j=47:0.047, j=48:0.019
      i=49 -> j=0:0.016, j=1:0.013, j=2:0.014, j=3:0.043, j=4:0.011, j=5:0.009, j=6:0.033, j=7:0.012, j=8:0.038, j=9:0.013, j=10:0.029, j=11:0.014, j=12:0.016, j=13:0.013, j=14:0.009, j=15:0.043, j=16:0.011, j=17:0.007, j=18:0.007, j=19:0.008, j=20:0.010, j=21:0.011, j=22:0.008, j=23:0.009, j=24:0.004, j=25:0.017, j=26:0.006, j=27:0.007, j=28:0.011, j=29:0.004, j=30:0.005, j=31:0.013, j=32:0.007, j=33:0.023, j=34:0.006, j=35:0.032, j=36:0.006, j=37:0.028, j=38:0.013, j=39:0.035, j=40:0.008, j=41:0.018, j=42:0.015, j=43:0.010, j=44:0.009, j=45:0.104, j=46:0.078, j=47:0.044, j=48:0.027, j=49:0.070
      i=50 -> j=0:0.017, j=1:0.014, j=2:0.014, j=3:0.043, j=4:0.012, j=5:0.010, j=6:0.034, j=7:0.012, j=8:0.037, j=9:0.014, j=10:0.030, j=11:0.015, j=12:0.017, j=13:0.014, j=14:0.009, j=15:0.042, j=16:0.012, j=17:0.008, j=18:0.008, j=19:0.009, j=20:0.011, j=21:0.011, j=22:0.009, j=23:0.010, j=24:0.004, j=25:0.018, j=26:0.006, j=27:0.007, j=28:0.011, j=29:0.004, j=30:0.005, j=31:0.013, j=32:0.007, j=33:0.021, j=34:0.006, j=35:0.032, j=36:0.006, j=37:0.028, j=38:0.012, j=39:0.027, j=40:0.008, j=41:0.017, j=42:0.015, j=43:0.009, j=44:0.008, j=45:0.060, j=46:0.040, j=47:0.032, j=48:0.029, j=49:0.089, j=50:0.071
      i=51 -> j=0:0.014, j=1:0.011, j=2:0.011, j=3:0.045, j=4:0.009, j=5:0.007, j=6:0.036, j=7:0.009, j=8:0.039, j=9:0.011, j=10:0.029, j=11:0.012, j=12:0.015, j=13:0.011, j=14:0.007, j=15:0.046, j=16:0.010, j=17:0.006, j=18:0.006, j=19:0.007, j=20:0.009, j=21:0.009, j=22:0.006, j=23:0.008, j=24:0.003, j=25:0.017, j=26:0.004, j=27:0.005, j=28:0.008, j=29:0.003, j=30:0.003, j=31:0.011, j=32:0.005, j=33:0.019, j=34:0.004, j=35:0.030, j=36:0.004, j=37:0.029, j=38:0.010, j=39:0.024, j=40:0.004, j=41:0.011, j=42:0.011, j=43:0.006, j=44:0.005, j=45:0.051, j=46:0.019, j=47:0.013, j=48:0.016, j=49:0.082, j=50:0.097, j=51:0.132
      i=52 -> j=0:0.015, j=1:0.012, j=2:0.011, j=3:0.039, j=4:0.009, j=5:0.007, j=6:0.033, j=7:0.010, j=8:0.036, j=9:0.011, j=10:0.026, j=11:0.012, j=12:0.015, j=13:0.012, j=14:0.008, j=15:0.040, j=16:0.010, j=17:0.006, j=18:0.007, j=19:0.008, j=20:0.010, j=21:0.010, j=22:0.007, j=23:0.009, j=24:0.003, j=25:0.018, j=26:0.005, j=27:0.006, j=28:0.008, j=29:0.003, j=30:0.004, j=31:0.012, j=32:0.006, j=33:0.018, j=34:0.004, j=35:0.024, j=36:0.005, j=37:0.026, j=38:0.010, j=39:0.022, j=40:0.004, j=41:0.009, j=42:0.009, j=43:0.006, j=44:0.005, j=45:0.044, j=46:0.014, j=47:0.008, j=48:0.010, j=49:0.045, j=50:0.072, j=51:0.126, j=52:0.111
      i=53 -> j=0:0.011, j=1:0.009, j=2:0.009, j=3:0.039, j=4:0.006, j=5:0.005, j=6:0.030, j=7:0.007, j=8:0.036, j=9:0.008, j=10:0.023, j=11:0.009, j=12:0.011, j=13:0.009, j=14:0.005, j=15:0.042, j=16:0.007, j=17:0.004, j=18:0.004, j=19:0.006, j=20:0.007, j=21:0.007, j=22:0.005, j=23:0.006, j=24:0.002, j=25:0.014, j=26:0.003, j=27:0.004, j=28:0.006, j=29:0.002, j=30:0.002, j=31:0.008, j=32:0.004, j=33:0.015, j=34:0.002, j=35:0.019, j=36:0.003, j=37:0.021, j=38:0.007, j=39:0.019, j=40:0.003, j=41:0.005, j=42:0.005, j=43:0.003, j=44:0.003, j=45:0.044, j=46:0.010, j=47:0.004, j=48:0.004, j=49:0.022, j=50:0.046, j=51:0.117, j=52:0.172, j=53:0.127
      i=54 -> j=0:0.014, j=1:0.011, j=2:0.012, j=3:0.038, j=4:0.009, j=5:0.007, j=6:0.029, j=7:0.010, j=8:0.035, j=9:0.011, j=10:0.025, j=11:0.012, j=12:0.014, j=13:0.012, j=14:0.008, j=15:0.040, j=16:0.010, j=17:0.006, j=18:0.007, j=19:0.008, j=20:0.010, j=21:0.010, j=22:0.008, j=23:0.009, j=24:0.003, j=25:0.016, j=26:0.006, j=27:0.006, j=28:0.009, j=29:0.003, j=30:0.004, j=31:0.010, j=32:0.006, j=33:0.017, j=34:0.004, j=35:0.020, j=36:0.004, j=37:0.020, j=38:0.009, j=39:0.021, j=40:0.004, j=41:0.008, j=42:0.006, j=43:0.004, j=44:0.004, j=45:0.036, j=46:0.013, j=47:0.005, j=48:0.004, j=49:0.015, j=50:0.025, j=51:0.052, j=52:0.104, j=53:0.124, j=54:0.081
      i=55 -> j=0:0.003, j=1:0.002, j=2:0.002, j=3:0.015, j=4:0.002, j=5:0.001, j=6:0.010, j=7:0.002, j=8:0.012, j=9:0.002, j=10:0.008, j=11:0.002, j=12:0.003, j=13:0.002, j=14:0.001, j=15:0.017, j=16:0.002, j=17:0.001, j=18:0.001, j=19:0.001, j=20:0.002, j=21:0.002, j=22:0.001, j=23:0.002, j=24:0.000, j=25:0.005, j=26:0.001, j=27:0.001, j=28:0.002, j=29:0.000, j=30:0.001, j=31:0.003, j=32:0.001, j=33:0.005, j=34:0.001, j=35:0.008, j=36:0.001, j=37:0.006, j=38:0.002, j=39:0.007, j=40:0.001, j=41:0.002, j=42:0.001, j=43:0.001, j=44:0.000, j=45:0.011, j=46:0.003, j=47:0.001, j=48:0.000, j=49:0.002, j=50:0.003, j=51:0.006, j=52:0.016, j=53:0.025, j=54:0.029, j=55:0.759
      i=56 -> j=0:0.007, j=1:0.005, j=2:0.006, j=3:0.020, j=4:0.005, j=5:0.004, j=6:0.015, j=7:0.005, j=8:0.017, j=9:0.005, j=10:0.013, j=11:0.006, j=12:0.007, j=13:0.006, j=14:0.004, j=15:0.021, j=16:0.005, j=17:0.003, j=18:0.003, j=19:0.004, j=20:0.005, j=21:0.005, j=22:0.004, j=23:0.005, j=24:0.002, j=25:0.009, j=26:0.003, j=27:0.003, j=28:0.005, j=29:0.002, j=30:0.002, j=31:0.005, j=32:0.003, j=33:0.008, j=34:0.002, j=35:0.011, j=36:0.002, j=37:0.010, j=38:0.004, j=39:0.009, j=40:0.002, j=41:0.004, j=42:0.003, j=43:0.002, j=44:0.001, j=45:0.011, j=46:0.005, j=47:0.002, j=48:0.002, j=49:0.005, j=50:0.006, j=51:0.008, j=52:0.016, j=53:0.024, j=54:0.037, j=55:0.545, j=56:0.067
      i=57 -> j=0:0.003, j=1:0.002, j=2:0.002, j=3:0.013, j=4:0.002, j=5:0.001, j=6:0.010, j=7:0.002, j=8:0.011, j=9:0.002, j=10:0.008, j=11:0.003, j=12:0.004, j=13:0.003, j=14:0.001, j=15:0.015, j=16:0.002, j=17:0.001, j=18:0.001, j=19:0.002, j=20:0.002, j=21:0.002, j=22:0.002, j=23:0.002, j=24:0.001, j=25:0.006, j=26:0.001, j=27:0.001, j=28:0.002, j=29:0.001, j=30:0.001, j=31:0.003, j=32:0.001, j=33:0.005, j=34:0.001, j=35:0.008, j=36:0.001, j=37:0.007, j=38:0.002, j=39:0.005, j=40:0.001, j=41:0.002, j=42:0.002, j=43:0.001, j=44:0.001, j=45:0.007, j=46:0.002, j=47:0.001, j=48:0.001, j=49:0.002, j=50:0.002, j=51:0.003, j=52:0.005, j=53:0.005, j=54:0.010, j=55:0.262, j=56:0.048, j=57:0.501
      i=58 -> j=0:0.004, j=1:0.003, j=2:0.003, j=3:0.014, j=4:0.003, j=5:0.002, j=6:0.011, j=7:0.003, j=8:0.012, j=9:0.003, j=10:0.008, j=11:0.004, j=12:0.005, j=13:0.003, j=14:0.002, j=15:0.014, j=16:0.003, j=17:0.002, j=18:0.002, j=19:0.002, j=20:0.003, j=21:0.003, j=22:0.002, j=23:0.003, j=24:0.001, j=25:0.007, j=26:0.002, j=27:0.002, j=28:0.003, j=29:0.001, j=30:0.001, j=31:0.004, j=32:0.002, j=33:0.005, j=34:0.001, j=35:0.007, j=36:0.001, j=37:0.007, j=38:0.002, j=39:0.005, j=40:0.001, j=41:0.002, j=42:0.002, j=43:0.001, j=44:0.001, j=45:0.007, j=46:0.002, j=47:0.001, j=48:0.001, j=49:0.003, j=50:0.003, j=51:0.003, j=52:0.004, j=53:0.004, j=54:0.008, j=55:0.136, j=56:0.051, j=57:0.578, j=58:0.030
      i=59 -> j=0:0.010, j=1:0.008, j=2:0.009, j=3:0.022, j=4:0.007, j=5:0.006, j=6:0.019, j=7:0.008, j=8:0.021, j=9:0.008, j=10:0.016, j=11:0.009, j=12:0.010, j=13:0.009, j=14:0.006, j=15:0.022, j=16:0.008, j=17:0.006, j=18:0.006, j=19:0.007, j=20:0.008, j=21:0.008, j=22:0.006, j=23:0.008, j=24:0.004, j=25:0.013, j=26:0.005, j=27:0.005, j=28:0.007, j=29:0.003, j=30:0.004, j=31:0.008, j=32:0.005, j=33:0.010, j=34:0.004, j=35:0.011, j=36:0.003, j=37:0.011, j=38:0.006, j=39:0.009, j=40:0.003, j=41:0.004, j=42:0.004, j=43:0.003, j=44:0.002, j=45:0.011, j=46:0.004, j=47:0.002, j=48:0.002, j=49:0.005, j=50:0.006, j=51:0.007, j=52:0.008, j=53:0.006, j=54:0.010, j=55:0.064, j=56:0.048, j=57:0.363, j=58:0.071, j=59:0.016
      i=60 -> j=0:0.003, j=1:0.002, j=2:0.002, j=3:0.015, j=4:0.002, j=5:0.001, j=6:0.011, j=7:0.002, j=8:0.014, j=9:0.002, j=10:0.008, j=11:0.003, j=12:0.003, j=13:0.003, j=14:0.001, j=15:0.017, j=16:0.002, j=17:0.001, j=18:0.001, j=19:0.002, j=20:0.002, j=21:0.003, j=22:0.002, j=23:0.002, j=24:0.001, j=25:0.006, j=26:0.001, j=27:0.001, j=28:0.003, j=29:0.001, j=30:0.001, j=31:0.003, j=32:0.001, j=33:0.006, j=34:0.001, j=35:0.007, j=36:0.001, j=37:0.006, j=38:0.002, j=39:0.005, j=40:0.001, j=41:0.001, j=42:0.001, j=43:0.001, j=44:0.000, j=45:0.007, j=46:0.001, j=47:0.000, j=48:0.000, j=49:0.001, j=50:0.002, j=51:0.002, j=52:0.003, j=53:0.002, j=54:0.003, j=55:0.026, j=56:0.010, j=57:0.189, j=58:0.031, j=59:0.007, j=60:0.560
      i=61 -> j=0:0.010, j=1:0.008, j=2:0.008, j=3:0.023, j=4:0.007, j=5:0.006, j=6:0.018, j=7:0.008, j=8:0.021, j=9:0.009, j=10:0.016, j=11:0.009, j=12:0.010, j=13:0.008, j=14:0.006, j=15:0.024, j=16:0.008, j=17:0.006, j=18:0.006, j=19:0.007, j=20:0.008, j=21:0.009, j=22:0.007, j=23:0.008, j=24:0.004, j=25:0.013, j=26:0.006, j=27:0.006, j=28:0.008, j=29:0.004, j=30:0.004, j=31:0.008, j=32:0.005, j=33:0.011, j=34:0.004, j=35:0.013, j=36:0.004, j=37:0.011, j=38:0.006, j=39:0.010, j=40:0.003, j=41:0.005, j=42:0.004, j=43:0.003, j=44:0.002, j=45:0.011, j=46:0.005, j=47:0.002, j=48:0.002, j=49:0.004, j=50:0.005, j=51:0.006, j=52:0.008, j=53:0.006, j=54:0.007, j=55:0.024, j=56:0.014, j=57:0.070, j=58:0.036, j=59:0.020, j=60:0.382, j=61:0.018
      i=62 -> j=0:0.004, j=1:0.003, j=2:0.003, j=3:0.017, j=4:0.003, j=5:0.002, j=6:0.012, j=7:0.003, j=8:0.015, j=9:0.003, j=10:0.010, j=11:0.004, j=12:0.005, j=13:0.003, j=14:0.002, j=15:0.019, j=16:0.003, j=17:0.002, j=18:0.002, j=19:0.002, j=20:0.003, j=21:0.004, j=22:0.003, j=23:0.004, j=24:0.001, j=25:0.008, j=26:0.002, j=27:0.002, j=28:0.004, j=29:0.001, j=30:0.001, j=31:0.004, j=32:0.002, j=33:0.007, j=34:0.001, j=35:0.010, j=36:0.001, j=37:0.008, j=38:0.003, j=39:0.007, j=40:0.001, j=41:0.002, j=42:0.002, j=43:0.001, j=44:0.001, j=45:0.007, j=46:0.002, j=47:0.001, j=48:0.001, j=49:0.002, j=50:0.002, j=51:0.002, j=52:0.003, j=53:0.002, j=54:0.004, j=55:0.023, j=56:0.005, j=57:0.035, j=58:0.007, j=59:0.004, j=60:0.215, j=61:0.009, j=62:0.476
      i=63 -> j=0:0.006, j=1:0.005, j=2:0.005, j=3:0.017, j=4:0.004, j=5:0.003, j=6:0.014, j=7:0.004, j=8:0.015, j=9:0.005, j=10:0.012, j=11:0.005, j=12:0.006, j=13:0.005, j=14:0.003, j=15:0.018, j=16:0.005, j=17:0.003, j=18:0.003, j=19:0.004, j=20:0.005, j=21:0.005, j=22:0.004, j=23:0.005, j=24:0.002, j=25:0.009, j=26:0.003, j=27:0.003, j=28:0.005, j=29:0.002, j=30:0.002, j=31:0.006, j=32:0.003, j=33:0.008, j=34:0.002, j=35:0.010, j=36:0.002, j=37:0.008, j=38:0.003, j=39:0.006, j=40:0.002, j=41:0.003, j=42:0.002, j=43:0.001, j=44:0.001, j=45:0.006, j=46:0.002, j=47:0.001, j=48:0.001, j=49:0.002, j=50:0.002, j=51:0.002, j=52:0.003, j=53:0.002, j=54:0.004, j=55:0.020, j=56:0.006, j=57:0.026, j=58:0.006, j=59:0.004, j=60:0.117, j=61:0.013, j=62:0.507, j=63:0.033
    Average attention per distance:
      d=0:0.228, d=1:0.226, d=2:0.161, d=3:0.083, d=4:0.039, d=5:0.022, d=6:0.017, d=7:0.016
      d=8:0.017, d=9:0.014, d=10:0.012, d=38:0.010, d=39:0.010, d=40:0.011, d=41:0.011, d=42:0.011
      d=43:0.011, d=44:0.011, d=45:0.012, d=46:0.012, d=47:0.012, d=48:0.012, d=49:0.010, d=50:0.011
      d=51:0.011


======================================================================
QK Property Verification (Raw Scores, before Softmax)
======================================================================
Recurrence order init_len=2, num test sequences=1

--- [P1] Long-distance Orthogonality Verification ---
Ideal: raw_score mean ≈ 0 and small std when d > init_len

  Layer 0, Head 0:
    d= 1 (effective): mean= 11.474, std= 0.345, n=63
    d= 2 (effective): mean=  9.092, std= 0.273, n=62
    d>2 (long-distance): mean= -0.630, std= 1.990, n=1891

  Layer 1, Head 0:
    d= 1 (effective): mean=  3.338, std= 1.567, n=63
    d= 2 (effective): mean=  2.795, std= 1.494, n=62
    d>2 (long-distance): mean= -0.270, std= 1.010, n=1891

  Layer 2, Head 0:
    d= 1 (effective): mean=  7.563, std= 0.993, n=63
    d= 2 (effective): mean=  5.992, std= 0.741, n=62
    d>2 (long-distance): mean= -0.908, std= 1.354, n=1891

  Layer 3, Head 0:
    d= 1 (effective): mean=  1.468, std= 1.265, n=63
    d= 2 (effective): mean=  1.269, std= 1.119, n=62
    d>2 (long-distance): mean= -1.197, std= 0.918, n=1891

--- [P2] Time-homogeneous Verification ---
Ideal: CV of raw_score across positions i ≈ 0 for fixed distance d
(CV = std / |mean|, smaller = more constant)

  Layer 0, Head 0:
    d= 1: mean= 11.474, std= 0.345, CV=0.030, n=63
    d= 2: mean=  9.092, std= 0.273, CV=0.030, n=62

  Layer 1, Head 0:
    d= 1: mean=  3.338, std= 1.567, CV=0.469, n=63
    d= 2: mean=  2.795, std= 1.494, CV=0.534, n=62

  Layer 2, Head 0:
    d= 1: mean=  7.563, std= 0.993, CV=0.131, n=63
    d= 2: mean=  5.992, std= 0.741, CV=0.124, n=62

  Layer 3, Head 0:
    d= 1: mean=  1.468, std= 1.265, CV=0.861, n=63
    d= 2: mean=  1.269, std= 1.119, CV=0.882, n=62

======================================================================
QK Property Verification Completed
======================================================================
