=== Experiment: mixed_basic_d1024l1_r32_t32_c0.5 ===
Time: 2026-06-17T23:52:53.355934
Task type: mixed_ab
Merged config: {
  "P": 53,
  "TASK": "mixed_ab",
  "NUM_MASK": 2,
  "A": 1,
  "B": 1,
  "AB_PAIRS": [
    [
      1,
      1
    ],
    [
      1,
      2
    ]
  ],
  "D_MODEL": 1024,
  "N_HEAD": 1,
  "N_LAYER": 1,
  "BATCH_SIZE": 128,
  "EPOCHS": 10000,
  "LR": 0.0003,
  "SAVE_PATH": "models/mixed_basic_d1024l1_r32_t32_c0.5.pth",
  "USE_GREEDY_GENERATE": true,
  "USE_LEARNABLE_PE": false,
  "MLP_RATIO": 32,
  "TRAIN_LEN": 32,
  "OOD_LEN": 64,
  "DROPOUT": 0.0,
  "TARGET_INIT_COVERAGE": 0.5,
  "MAX_UNIQUE_RATIO": 0.5,
  "WEIGHT_DECAY": 1,
  "ENTROPY_PENALTY_WEIGHT": 0.0,
  "FIRST_TASK_WEIGHT": 1.0,
  "RANDOM_SEED": 42,
  "EVAL_INTERVAL": 20,
  "EARLY_STOP_NO_IMPROVE": 2000,
  "EARLY_STOP_ACCURACY": 0.99,
  "USE_AB_TAG": false,
  "USE_CONDITIONAL_WTE": false,
  "COND_WTE_SHARED_RATIO": 0.0
}
--- output ---
Using device: cuda

[Dataset] Mixed mode: generated 2810 + 2808 samples, length 32
AB parameter pairs: [(1, 1), (1, 2)]
--------------------------------------------------
[Model config] block_size: 64, train length: 32
[Number theory] AB parameter pairs: [(1, 1), (1, 2)]


Model parameters: 71.93M

Start training...
Epoch   0 | Train: Loss=3.9681 Acc=12.4% | Test: Acc=0.9% | Best=0.9%(@0)
  from x3: 0.01 0.01 0.01 0.01 0.01 0.01 0.01 0.01 0.01 0.01 0.01 0.01 0.01 0.01 0.01 0.01 0.01 0.01 0.01 0.01 0.01 0.01 0.01 0.01 0.01 0.01 0.01 0.01 0.01
  per-rule acc: 0.01 0.01
Epoch  20 | Train: Loss=0.0360 Acc=99.3% | Test: Acc=4.2% | Best=4.2%(@20)
  from x3: 0.06 0.05 0.04 0.04 0.04 0.04 0.04 0.04 0.04 0.04 0.04 0.04 0.04 0.04 0.04 0.04 0.04 0.04 0.04 0.04 0.04 0.04 0.04 0.04 0.04 0.04 0.04 0.04 0.04
  per-rule acc: 0.06 0.03
Epoch  40 | Train: Loss=0.0065 Acc=99.9% | Test: Acc=4.5% | Best=4.5%(@40)
  from x3: 0.07 0.05 0.04 0.05 0.04 0.04 0.04 0.04 0.04 0.04 0.04 0.04 0.04 0.04 0.04 0.04 0.04 0.04 0.04 0.04 0.04 0.04 0.04 0.04 0.04 0.05 0.04 0.05 0.05
  per-rule acc: 0.07 0.02
Epoch  60 | Train: Loss=0.0058 Acc=99.9% | Test: Acc=4.9% | Best=4.9%(@60)
  from x3: 0.07 0.06 0.05 0.05 0.05 0.05 0.05 0.05 0.05 0.05 0.05 0.05 0.05 0.05 0.05 0.05 0.05 0.05 0.05 0.05 0.05 0.05 0.05 0.05 0.05 0.05 0.05 0.05 0.05
  per-rule acc: 0.07 0.02
Epoch  80 | Train: Loss=0.0041 Acc=100.0% | Test: Acc=4.8% | Best=4.9%(@60)
  from x3: 0.07 0.06 0.05 0.05 0.05 0.05 0.05 0.05 0.05 0.05 0.05 0.05 0.05 0.05 0.05 0.05 0.05 0.05 0.05 0.05 0.05 0.05 0.05 0.04 0.04 0.05 0.04 0.04 0.04
  per-rule acc: 0.08 0.02
Epoch 100 | Train: Loss=0.0030 Acc=100.0% | Test: Acc=4.9% | Best=4.9%(@100)
  from x3: 0.07 0.06 0.05 0.05 0.05 0.05 0.05 0.05 0.05 0.05 0.05 0.05 0.05 0.05 0.05 0.05 0.05 0.05 0.05 0.05 0.05 0.05 0.05 0.05 0.05 0.05 0.05 0.05 0.04
  per-rule acc: 0.08 0.02
Epoch 120 | Train: Loss=0.7715 Acc=98.2% | Test: Acc=4.1% | Best=4.9%(@100)
  from x3: 0.06 0.05 0.04 0.04 0.04 0.04 0.04 0.04 0.04 0.04 0.04 0.04 0.04 0.04 0.04 0.04 0.04 0.04 0.04 0.04 0.04 0.04 0.04 0.04 0.04 0.04 0.04 0.04 0.04
  per-rule acc: 0.07 0.01
Epoch 140 | Train: Loss=0.0026 Acc=100.0% | Test: Acc=4.7% | Best=4.9%(@100)
  from x3: 0.07 0.06 0.05 0.05 0.05 0.05 0.05 0.05 0.05 0.05 0.05 0.04 0.05 0.04 0.05 0.05 0.05 0.05 0.04 0.04 0.05 0.05 0.04 0.05 0.04 0.04 0.04 0.04 0.04
  per-rule acc: 0.08 0.02
Epoch 160 | Train: Loss=0.0033 Acc=99.9% | Test: Acc=4.9% | Best=4.9%(@100)
  from x3: 0.07 0.06 0.06 0.05 0.05 0.05 0.05 0.05 0.05 0.05 0.05 0.05 0.05 0.05 0.05 0.05 0.05 0.05 0.05 0.05 0.05 0.05 0.05 0.05 0.04 0.04 0.04 0.04 0.04
  per-rule acc: 0.08 0.02
Epoch 180 | Train: Loss=0.0324 Acc=99.6% | Test: Acc=4.7% | Best=4.9%(@100)
  from x3: 0.06 0.05 0.04 0.04 0.04 0.05 0.05 0.05 0.05 0.05 0.05 0.05 0.04 0.04 0.05 0.05 0.05 0.05 0.05 0.05 0.05 0.05 0.05 0.05 0.05 0.05 0.04 0.05 0.05
  per-rule acc: 0.07 0.02
Epoch 200 | Train: Loss=0.0029 Acc=100.0% | Test: Acc=4.0% | Best=4.9%(@100)
  from x3: 0.07 0.05 0.05 0.04 0.04 0.04 0.04 0.04 0.04 0.04 0.04 0.04 0.04 0.04 0.04 0.04 0.04 0.04 0.04 0.04 0.04 0.04 0.04 0.04 0.04 0.04 0.04 0.04 0.04
  per-rule acc: 0.06 0.02
Epoch 220 | Train: Loss=0.0025 Acc=99.9% | Test: Acc=4.2% | Best=4.9%(@100)
  from x3: 0.07 0.05 0.05 0.05 0.04 0.04 0.04 0.04 0.04 0.04 0.04 0.04 0.04 0.04 0.04 0.04 0.04 0.04 0.04 0.04 0.04 0.04 0.04 0.04 0.04 0.04 0.04 0.04 0.04
  per-rule acc: 0.07 0.02
Epoch 240 | Train: Loss=0.0034 Acc=100.0% | Test: Acc=4.1% | Best=4.9%(@100)
  from x3: 0.07 0.05 0.05 0.04 0.05 0.04 0.04 0.04 0.04 0.04 0.04 0.04 0.04 0.04 0.04 0.04 0.04 0.04 0.04 0.04 0.04 0.04 0.04 0.04 0.04 0.04 0.04 0.04 0.04
  per-rule acc: 0.06 0.02
Epoch 260 | Train: Loss=0.0024 Acc=100.0% | Test: Acc=4.1% | Best=4.9%(@100)
  from x3: 0.06 0.05 0.04 0.04 0.04 0.04 0.04 0.04 0.04 0.04 0.04 0.04 0.04 0.04 0.04 0.04 0.04 0.04 0.04 0.04 0.04 0.04 0.04 0.04 0.04 0.04 0.04 0.04 0.04
  per-rule acc: 0.06 0.02
Epoch 280 | Train: Loss=0.0027 Acc=99.9% | Test: Acc=4.1% | Best=4.9%(@100)
  from x3: 0.06 0.06 0.05 0.04 0.04 0.04 0.04 0.04 0.04 0.04 0.04 0.04 0.04 0.04 0.04 0.04 0.04 0.04 0.04 0.04 0.04 0.04 0.04 0.04 0.04 0.04 0.04 0.04 0.04
  per-rule acc: 0.06 0.02
Epoch 300 | Train: Loss=0.0048 Acc=99.9% | Test: Acc=3.7% | Best=4.9%(@100)
  from x3: 0.06 0.04 0.04 0.04 0.04 0.04 0.04 0.04 0.04 0.04 0.04 0.04 0.04 0.03 0.04 0.04 0.03 0.03 0.03 0.04 0.04 0.04 0.04 0.04 0.03 0.03 0.03 0.03 0.03
  per-rule acc: 0.06 0.02
Epoch 320 | Train: Loss=0.0062 Acc=99.9% | Test: Acc=3.5% | Best=4.9%(@100)
  from x3: 0.06 0.04 0.04 0.04 0.04 0.03 0.03 0.03 0.03 0.03 0.03 0.03 0.03 0.03 0.03 0.03 0.03 0.03 0.03 0.03 0.03 0.03 0.03 0.03 0.03 0.03 0.03 0.03 0.03
  per-rule acc: 0.05 0.02
Epoch 340 | Train: Loss=0.0025 Acc=100.0% | Test: Acc=3.2% | Best=4.9%(@100)
  from x3: 0.05 0.04 0.03 0.03 0.03 0.03 0.03 0.03 0.03 0.03 0.03 0.03 0.03 0.03 0.03 0.03 0.03 0.03 0.03 0.03 0.03 0.03 0.03 0.03 0.03 0.03 0.03 0.03 0.03
  per-rule acc: 0.05 0.02
Epoch 360 | Train: Loss=0.0021 Acc=100.0% | Test: Acc=3.4% | Best=4.9%(@100)
  from x3: 0.06 0.04 0.04 0.04 0.04 0.03 0.03 0.03 0.03 0.03 0.03 0.03 0.03 0.03 0.03 0.03 0.03 0.03 0.03 0.03 0.03 0.03 0.03 0.03 0.03 0.03 0.03 0.03 0.03
  per-rule acc: 0.05 0.02
Epoch 380 | Train: Loss=0.0071 Acc=99.9% | Test: Acc=3.5% | Best=4.9%(@100)
  from x3: 0.06 0.04 0.04 0.04 0.04 0.03 0.03 0.03 0.03 0.03 0.03 0.03 0.03 0.03 0.03 0.03 0.03 0.03 0.03 0.03 0.03 0.03 0.03 0.03 0.03 0.03 0.03 0.03 0.03
  per-rule acc: 0.05 0.02
Epoch 400 | Train: Loss=0.0026 Acc=100.0% | Test: Acc=3.1% | Best=4.9%(@100)
  from x3: 0.05 0.03 0.03 0.03 0.03 0.03 0.03 0.03 0.03 0.03 0.03 0.03 0.03 0.03 0.03 0.03 0.03 0.03 0.03 0.03 0.03 0.03 0.03 0.03 0.03 0.03 0.03 0.03 0.03
  per-rule acc: 0.04 0.02
Epoch 420 | Train: Loss=0.0022 Acc=100.0% | Test: Acc=3.3% | Best=4.9%(@100)
  from x3: 0.05 0.04 0.04 0.03 0.03 0.03 0.03 0.03 0.03 0.03 0.03 0.03 0.03 0.03 0.03 0.03 0.03 0.03 0.03 0.03 0.03 0.03 0.03 0.03 0.03 0.03 0.03 0.03 0.03
  per-rule acc: 0.05 0.02
Epoch 440 | Train: Loss=0.0050 Acc=99.9% | Test: Acc=3.1% | Best=4.9%(@100)
  from x3: 0.05 0.04 0.03 0.03 0.03 0.03 0.03 0.03 0.03 0.03 0.03 0.03 0.03 0.03 0.03 0.03 0.03 0.03 0.03 0.03 0.03 0.03 0.03 0.03 0.03 0.03 0.03 0.03 0.03
  per-rule acc: 0.05 0.02
Epoch 460 | Train: Loss=0.0665 Acc=99.4% | Test: Acc=3.4% | Best=4.9%(@100)
  from x3: 0.05 0.04 0.04 0.03 0.03 0.03 0.03 0.03 0.03 0.03 0.03 0.03 0.03 0.03 0.03 0.03 0.03 0.03 0.03 0.03 0.03 0.03 0.03 0.03 0.03 0.03 0.03 0.03 0.03
  per-rule acc: 0.04 0.02
Epoch 480 | Train: Loss=0.0019 Acc=100.0% | Test: Acc=2.6% | Best=4.9%(@100)
  from x3: 0.04 0.03 0.03 0.03 0.03 0.03 0.03 0.03 0.03 0.03 0.03 0.03 0.03 0.03 0.03 0.03 0.03 0.03 0.03 0.02 0.02 0.03 0.03 0.02 0.02 0.02 0.02 0.02 0.02
  per-rule acc: 0.04 0.02
Epoch 500 | Train: Loss=0.0043 Acc=99.9% | Test: Acc=2.8% | Best=4.9%(@100)
  from x3: 0.05 0.04 0.03 0.03 0.03 0.03 0.03 0.03 0.03 0.03 0.03 0.03 0.03 0.03 0.03 0.03 0.03 0.03 0.03 0.03 0.03 0.03 0.03 0.03 0.03 0.03 0.03 0.02 0.03
  per-rule acc: 0.04 0.02
Epoch 520 | Train: Loss=0.0030 Acc=100.0% | Test: Acc=2.7% | Best=4.9%(@100)
  from x3: 0.04 0.03 0.03 0.03 0.03 0.03 0.03 0.03 0.03 0.03 0.03 0.03 0.03 0.03 0.03 0.03 0.03 0.03 0.03 0.02 0.02 0.02 0.02 0.02 0.03 0.03 0.02 0.02 0.02
  per-rule acc: 0.04 0.02
Epoch 540 | Train: Loss=0.0020 Acc=100.0% | Test: Acc=3.0% | Best=4.9%(@100)
  from x3: 0.04 0.04 0.03 0.03 0.03 0.03 0.03 0.03 0.03 0.03 0.03 0.03 0.03 0.03 0.03 0.03 0.03 0.03 0.03 0.03 0.03 0.03 0.03 0.03 0.03 0.03 0.03 0.03 0.03
  per-rule acc: 0.04 0.02
Epoch 560 | Train: Loss=0.0035 Acc=99.9% | Test: Acc=2.6% | Best=4.9%(@100)
  from x3: 0.04 0.03 0.03 0.02 0.03 0.03 0.03 0.03 0.03 0.03 0.03 0.03 0.03 0.03 0.03 0.03 0.03 0.03 0.03 0.03 0.03 0.03 0.03 0.03 0.03 0.02 0.03 0.03 0.03
  per-rule acc: 0.03 0.02
Epoch 580 | Train: Loss=0.0022 Acc=100.0% | Test: Acc=2.9% | Best=4.9%(@100)
  from x3: 0.04 0.04 0.03 0.03 0.03 0.03 0.03 0.03 0.03 0.03 0.03 0.03 0.03 0.03 0.03 0.03 0.03 0.03 0.03 0.03 0.03 0.03 0.03 0.03 0.03 0.03 0.03 0.03 0.03
  per-rule acc: 0.04 0.02
Epoch 600 | Train: Loss=0.0051 Acc=99.9% | Test: Acc=2.6% | Best=4.9%(@100)
  from x3: 0.04 0.03 0.03 0.03 0.03 0.02 0.03 0.03 0.02 0.02 0.03 0.02 0.02 0.02 0.02 0.02 0.02 0.02 0.02 0.02 0.02 0.02 0.02 0.02 0.02 0.02 0.02 0.02 0.02
  per-rule acc: 0.03 0.02
Epoch 620 | Train: Loss=0.0024 Acc=100.0% | Test: Acc=2.7% | Best=4.9%(@100)
  from x3: 0.04 0.03 0.03 0.03 0.03 0.03 0.03 0.03 0.03 0.03 0.03 0.03 0.03 0.03 0.03 0.03 0.03 0.03 0.03 0.03 0.03 0.03 0.03 0.02 0.02 0.02 0.02 0.02 0.03
  per-rule acc: 0.03 0.02
Epoch 640 | Train: Loss=0.0264 Acc=99.8% | Test: Acc=2.5% | Best=4.9%(@100)
  from x3: 0.04 0.03 0.03 0.02 0.03 0.03 0.02 0.02 0.02 0.02 0.02 0.02 0.02 0.02 0.02 0.02 0.02 0.02 0.02 0.02 0.02 0.02 0.02 0.02 0.02 0.02 0.02 0.02 0.02
  per-rule acc: 0.03 0.02
Epoch 660 | Train: Loss=0.0023 Acc=100.0% | Test: Acc=2.7% | Best=4.9%(@100)
  from x3: 0.04 0.03 0.03 0.02 0.03 0.03 0.03 0.03 0.03 0.03 0.03 0.03 0.03 0.03 0.03 0.03 0.03 0.03 0.03 0.03 0.03 0.03 0.03 0.03 0.03 0.03 0.03 0.03 0.03
  per-rule acc: 0.03 0.02
Epoch 680 | Train: Loss=0.1920 Acc=99.5% | Test: Acc=2.6% | Best=4.9%(@100)
  from x3: 0.04 0.04 0.03 0.03 0.03 0.03 0.02 0.03 0.02 0.03 0.03 0.03 0.03 0.03 0.03 0.02 0.02 0.02 0.02 0.02 0.02 0.02 0.02 0.02 0.02 0.02 0.02 0.02 0.02
  per-rule acc: 0.03 0.02
Epoch 700 | Train: Loss=0.0026 Acc=100.0% | Test: Acc=2.8% | Best=4.9%(@100)
  from x3: 0.04 0.03 0.03 0.03 0.03 0.03 0.03 0.03 0.03 0.03 0.03 0.03 0.03 0.03 0.03 0.03 0.03 0.03 0.03 0.03 0.03 0.03 0.03 0.03 0.03 0.03 0.03 0.03 0.03
  per-rule acc: 0.03 0.02
Epoch 720 | Train: Loss=0.1687 Acc=99.7% | Test: Acc=2.6% | Best=4.9%(@100)
  from x3: 0.04 0.03 0.03 0.03 0.03 0.03 0.03 0.03 0.02 0.02 0.02 0.02 0.02 0.02 0.02 0.02 0.02 0.02 0.02 0.02 0.02 0.02 0.02 0.02 0.02 0.02 0.02 0.02 0.02
  per-rule acc: 0.03 0.02
Epoch 740 | Train: Loss=0.0022 Acc=100.0% | Test: Acc=2.7% | Best=4.9%(@100)
  from x3: 0.04 0.03 0.03 0.03 0.03 0.03 0.03 0.03 0.03 0.03 0.03 0.03 0.03 0.03 0.03 0.03 0.03 0.03 0.03 0.03 0.03 0.03 0.03 0.03 0.03 0.03 0.03 0.03 0.03
  per-rule acc: 0.03 0.02
Epoch 760 | Train: Loss=0.0034 Acc=99.9% | Test: Acc=2.8% | Best=4.9%(@100)
  from x3: 0.04 0.03 0.03 0.03 0.03 0.03 0.03 0.03 0.03 0.03 0.03 0.03 0.03 0.03 0.03 0.03 0.03 0.03 0.03 0.03 0.03 0.03 0.03 0.03 0.03 0.03 0.03 0.03 0.03
  per-rule acc: 0.03 0.02
Epoch 780 | Train: Loss=0.0074 Acc=99.9% | Test: Acc=3.3% | Best=4.9%(@100)
  from x3: 0.04 0.04 0.03 0.03 0.03 0.03 0.03 0.03 0.03 0.03 0.03 0.03 0.03 0.03 0.03 0.03 0.03 0.03 0.03 0.03 0.03 0.03 0.03 0.03 0.03 0.03 0.03 0.03 0.03
  per-rule acc: 0.04 0.03
Epoch 800 | Train: Loss=0.0026 Acc=100.0% | Test: Acc=2.6% | Best=4.9%(@100)
  from x3: 0.04 0.03 0.03 0.03 0.03 0.03 0.03 0.03 0.03 0.03 0.03 0.03 0.03 0.03 0.03 0.03 0.03 0.03 0.03 0.03 0.02 0.02 0.02 0.02 0.02 0.02 0.02 0.02 0.02
  per-rule acc: 0.03 0.02
Epoch 820 | Train: Loss=0.0029 Acc=99.9% | Test: Acc=3.4% | Best=4.9%(@100)
  from x3: 0.04 0.04 0.04 0.03 0.03 0.03 0.03 0.03 0.03 0.03 0.03 0.03 0.03 0.03 0.03 0.03 0.03 0.03 0.03 0.03 0.03 0.03 0.03 0.03 0.03 0.03 0.03 0.03 0.03
  per-rule acc: 0.04 0.03
Epoch 840 | Train: Loss=0.0030 Acc=100.0% | Test: Acc=2.9% | Best=4.9%(@100)
  from x3: 0.04 0.03 0.03 0.03 0.03 0.03 0.03 0.03 0.03 0.03 0.03 0.03 0.03 0.03 0.03 0.03 0.03 0.03 0.03 0.03 0.03 0.03 0.03 0.03 0.03 0.03 0.03 0.03 0.03
  per-rule acc: 0.03 0.03
Epoch 860 | Train: Loss=0.0022 Acc=100.0% | Test: Acc=3.1% | Best=4.9%(@100)
  from x3: 0.05 0.04 0.03 0.03 0.03 0.03 0.03 0.03 0.03 0.03 0.03 0.03 0.03 0.03 0.03 0.03 0.03 0.03 0.03 0.03 0.03 0.03 0.03 0.03 0.03 0.03 0.03 0.03 0.03
  per-rule acc: 0.04 0.02
Epoch 880 | Train: Loss=0.0029 Acc=100.0% | Test: Acc=2.8% | Best=4.9%(@100)
  from x3: 0.04 0.03 0.03 0.03 0.03 0.03 0.03 0.03 0.03 0.03 0.03 0.03 0.03 0.03 0.03 0.03 0.03 0.03 0.03 0.03 0.03 0.03 0.03 0.03 0.03 0.03 0.03 0.03 0.03
  per-rule acc: 0.03 0.02
Epoch 900 | Train: Loss=0.0025 Acc=100.0% | Test: Acc=3.2% | Best=4.9%(@100)
  from x3: 0.04 0.04 0.03 0.03 0.03 0.03 0.03 0.03 0.03 0.03 0.03 0.03 0.03 0.03 0.03 0.03 0.03 0.03 0.03 0.03 0.03 0.03 0.03 0.03 0.03 0.03 0.03 0.03 0.03
  per-rule acc: 0.04 0.03
Epoch 920 | Train: Loss=0.0031 Acc=99.9% | Test: Acc=3.0% | Best=4.9%(@100)
  from x3: 0.04 0.04 0.03 0.03 0.03 0.03 0.03 0.03 0.03 0.03 0.03 0.03 0.03 0.03 0.03 0.03 0.03 0.03 0.03 0.03 0.03 0.03 0.03 0.03 0.03 0.03 0.03 0.03 0.03
  per-rule acc: 0.03 0.03
Epoch 940 | Train: Loss=0.0025 Acc=99.9% | Test: Acc=3.3% | Best=4.9%(@100)
  from x3: 0.05 0.04 0.04 0.03 0.03 0.03 0.03 0.03 0.03 0.03 0.03 0.03 0.03 0.03 0.03 0.03 0.03 0.03 0.03 0.03 0.03 0.03 0.03 0.03 0.03 0.03 0.03 0.03 0.03
  per-rule acc: 0.04 0.03
Epoch 960 | Train: Loss=0.0033 Acc=100.0% | Test: Acc=3.1% | Best=4.9%(@100)
  from x3: 0.04 0.03 0.03 0.03 0.03 0.03 0.03 0.03 0.03 0.03 0.03 0.03 0.03 0.03 0.03 0.03 0.03 0.03 0.03 0.03 0.03 0.03 0.03 0.03 0.03 0.03 0.03 0.03 0.03
  per-rule acc: 0.03 0.03
Epoch 980 | Train: Loss=0.0093 Acc=99.9% | Test: Acc=3.1% | Best=4.9%(@100)
  from x3: 0.05 0.04 0.03 0.03 0.03 0.03 0.03 0.03 0.03 0.03 0.03 0.03 0.03 0.03 0.03 0.03 0.03 0.03 0.03 0.03 0.03 0.03 0.03 0.03 0.03 0.03 0.03 0.03 0.03
  per-rule acc: 0.04 0.03
Epoch 1000 | Train: Loss=0.0022 Acc=100.0% | Test: Acc=3.3% | Best=4.9%(@100)
  from x3: 0.05 0.04 0.04 0.03 0.03 0.03 0.03 0.03 0.03 0.03 0.03 0.03 0.03 0.03 0.03 0.03 0.03 0.03 0.03 0.03 0.03 0.03 0.03 0.03 0.03 0.03 0.03 0.03 0.03
  per-rule acc: 0.04 0.03
Epoch 1020 | Train: Loss=0.0168 Acc=99.9% | Test: Acc=3.5% | Best=4.9%(@100)
  from x3: 0.05 0.04 0.04 0.04 0.03 0.03 0.03 0.03 0.03 0.03 0.03 0.03 0.03 0.03 0.03 0.03 0.03 0.03 0.03 0.03 0.03 0.03 0.03 0.03 0.03 0.03 0.03 0.03 0.03
  per-rule acc: 0.04 0.03
Epoch 1040 | Train: Loss=0.0026 Acc=100.0% | Test: Acc=3.7% | Best=4.9%(@100)
  from x3: 0.04 0.04 0.04 0.04 0.04 0.04 0.04 0.04 0.04 0.04 0.04 0.04 0.04 0.04 0.04 0.04 0.04 0.04 0.04 0.04 0.04 0.04 0.04 0.04 0.03 0.04 0.03 0.04 0.04
  per-rule acc: 0.04 0.03
Epoch 1060 | Train: Loss=0.0132 Acc=99.8% | Test: Acc=3.5% | Best=4.9%(@100)
  from x3: 0.05 0.05 0.04 0.04 0.03 0.03 0.03 0.03 0.03 0.03 0.03 0.03 0.03 0.03 0.03 0.03 0.03 0.03 0.03 0.03 0.03 0.03 0.03 0.03 0.03 0.03 0.03 0.03 0.03
  per-rule acc: 0.04 0.03
Epoch 1080 | Train: Loss=0.0021 Acc=100.0% | Test: Acc=3.8% | Best=4.9%(@100)
  from x3: 0.05 0.04 0.04 0.04 0.04 0.04 0.04 0.04 0.04 0.04 0.04 0.04 0.04 0.04 0.04 0.04 0.04 0.04 0.04 0.04 0.04 0.04 0.04 0.04 0.04 0.04 0.04 0.04 0.04
  per-rule acc: 0.04 0.03
Epoch 1100 | Train: Loss=0.0039 Acc=99.9% | Test: Acc=4.1% | Best=4.9%(@100)
  from x3: 0.05 0.05 0.05 0.04 0.04 0.04 0.04 0.04 0.04 0.04 0.04 0.04 0.04 0.04 0.04 0.04 0.04 0.04 0.04 0.04 0.04 0.04 0.04 0.04 0.04 0.04 0.04 0.04 0.04
  per-rule acc: 0.05 0.03
Epoch 1120 | Train: Loss=0.0025 Acc=100.0% | Test: Acc=3.8% | Best=4.9%(@100)
  from x3: 0.05 0.05 0.04 0.04 0.04 0.04 0.04 0.04 0.04 0.04 0.04 0.04 0.04 0.04 0.04 0.04 0.04 0.04 0.04 0.04 0.04 0.04 0.04 0.04 0.04 0.04 0.04 0.04 0.04
  per-rule acc: 0.04 0.03
Epoch 1140 | Train: Loss=0.0063 Acc=99.9% | Test: Acc=3.8% | Best=4.9%(@100)
  from x3: 0.06 0.05 0.04 0.04 0.03 0.04 0.04 0.04 0.04 0.04 0.04 0.04 0.04 0.04 0.04 0.04 0.04 0.04 0.04 0.04 0.04 0.04 0.04 0.04 0.04 0.04 0.04 0.04 0.04
  per-rule acc: 0.04 0.03
Epoch 1160 | Train: Loss=0.0036 Acc=99.9% | Test: Acc=3.9% | Best=4.9%(@100)
  from x3: 0.05 0.04 0.04 0.04 0.04 0.04 0.04 0.04 0.04 0.04 0.04 0.04 0.04 0.04 0.04 0.04 0.04 0.04 0.04 0.04 0.04 0.04 0.04 0.04 0.04 0.04 0.04 0.04 0.04
  per-rule acc: 0.04 0.04
Epoch 1180 | Train: Loss=0.0023 Acc=100.0% | Test: Acc=3.7% | Best=4.9%(@100)
  from x3: 0.04 0.04 0.04 0.04 0.04 0.04 0.04 0.04 0.04 0.04 0.04 0.04 0.04 0.04 0.04 0.04 0.04 0.04 0.04 0.04 0.04 0.04 0.04 0.04 0.04 0.04 0.04 0.04 0.04
  per-rule acc: 0.04 0.03
Epoch 1200 | Train: Loss=0.0019 Acc=100.0% | Test: Acc=4.1% | Best=4.9%(@100)
  from x3: 0.06 0.05 0.05 0.04 0.04 0.04 0.04 0.04 0.04 0.04 0.04 0.04 0.04 0.04 0.04 0.04 0.04 0.04 0.04 0.04 0.04 0.04 0.04 0.04 0.04 0.04 0.04 0.04 0.04
  per-rule acc: 0.05 0.04
Epoch 1220 | Train: Loss=0.0048 Acc=99.9% | Test: Acc=3.8% | Best=4.9%(@100)
  from x3: 0.05 0.05 0.04 0.04 0.04 0.04 0.04 0.04 0.04 0.04 0.04 0.04 0.04 0.04 0.04 0.04 0.04 0.04 0.04 0.04 0.04 0.04 0.04 0.04 0.04 0.04 0.04 0.04 0.04
  per-rule acc: 0.04 0.03
Epoch 1240 | Train: Loss=0.0019 Acc=100.0% | Test: Acc=4.4% | Best=4.9%(@100)
  from x3: 0.05 0.05 0.05 0.05 0.05 0.04 0.04 0.04 0.04 0.04 0.04 0.04 0.04 0.04 0.04 0.04 0.04 0.04 0.04 0.04 0.04 0.04 0.04 0.04 0.04 0.04 0.04 0.04 0.04
  per-rule acc: 0.05 0.04
Epoch 1260 | Train: Loss=0.0034 Acc=100.0% | Test: Acc=4.0% | Best=4.9%(@100)
  from x3: 0.05 0.05 0.04 0.04 0.04 0.04 0.04 0.04 0.04 0.04 0.04 0.04 0.04 0.04 0.04 0.04 0.04 0.04 0.04 0.04 0.04 0.04 0.04 0.04 0.04 0.04 0.04 0.04 0.04
  per-rule acc: 0.04 0.04
Epoch 1280 | Train: Loss=0.0031 Acc=99.9% | Test: Acc=4.6% | Best=4.9%(@100)
  from x3: 0.06 0.05 0.05 0.05 0.05 0.05 0.05 0.05 0.05 0.05 0.05 0.04 0.05 0.05 0.05 0.04 0.04 0.04 0.04 0.04 0.04 0.04 0.04 0.04 0.04 0.04 0.04 0.04 0.04
  per-rule acc: 0.05 0.04
Epoch 1300 | Train: Loss=0.0027 Acc=100.0% | Test: Acc=4.3% | Best=4.9%(@100)
  from x3: 0.05 0.05 0.04 0.04 0.04 0.04 0.04 0.04 0.04 0.04 0.04 0.04 0.04 0.04 0.04 0.04 0.04 0.04 0.04 0.04 0.04 0.04 0.04 0.04 0.04 0.04 0.04 0.04 0.04
  per-rule acc: 0.05 0.04
Epoch 1320 | Train: Loss=0.1083 Acc=99.7% | Test: Acc=3.9% | Best=4.9%(@100)
  from x3: 0.05 0.05 0.04 0.04 0.04 0.04 0.04 0.04 0.04 0.04 0.04 0.04 0.04 0.04 0.04 0.04 0.04 0.04 0.04 0.04 0.04 0.04 0.04 0.04 0.04 0.04 0.04 0.04 0.04
  per-rule acc: 0.04 0.04
Epoch 1340 | Train: Loss=0.0021 Acc=100.0% | Test: Acc=4.7% | Best=4.9%(@100)
  from x3: 0.06 0.05 0.05 0.05 0.05 0.05 0.05 0.05 0.05 0.05 0.05 0.05 0.05 0.05 0.05 0.05 0.05 0.05 0.05 0.05 0.05 0.05 0.05 0.05 0.05 0.05 0.05 0.05 0.04
  per-rule acc: 0.05 0.04
Epoch 1360 | Train: Loss=0.0063 Acc=99.9% | Test: Acc=4.5% | Best=4.9%(@100)
  from x3: 0.06 0.05 0.05 0.04 0.05 0.04 0.04 0.04 0.04 0.04 0.04 0.04 0.04 0.04 0.04 0.04 0.04 0.04 0.04 0.04 0.04 0.04 0.04 0.04 0.04 0.04 0.04 0.04 0.04
  per-rule acc: 0.05 0.04
Epoch 1380 | Train: Loss=0.0255 Acc=99.8% | Test: Acc=4.3% | Best=4.9%(@100)
  from x3: 0.06 0.05 0.05 0.05 0.05 0.04 0.04 0.04 0.04 0.04 0.04 0.04 0.04 0.04 0.04 0.04 0.04 0.04 0.04 0.04 0.04 0.04 0.04 0.04 0.04 0.04 0.04 0.04 0.04
  per-rule acc: 0.05 0.04
Epoch 1400 | Train: Loss=0.0020 Acc=100.0% | Test: Acc=4.4% | Best=4.9%(@100)
  from x3: 0.06 0.05 0.05 0.05 0.04 0.04 0.04 0.04 0.04 0.04 0.04 0.04 0.04 0.04 0.04 0.04 0.04 0.04 0.04 0.04 0.04 0.04 0.04 0.04 0.04 0.04 0.04 0.04 0.04
  per-rule acc: 0.05 0.04
Epoch 1420 | Train: Loss=0.0083 Acc=99.9% | Test: Acc=4.8% | Best=4.9%(@100)
  from x3: 0.06 0.06 0.05 0.05 0.05 0.05 0.05 0.05 0.05 0.05 0.05 0.05 0.05 0.05 0.05 0.05 0.05 0.05 0.05 0.05 0.05 0.05 0.05 0.05 0.05 0.05 0.05 0.05 0.05
  per-rule acc: 0.05 0.05
Epoch 1440 | Train: Loss=0.0023 Acc=100.0% | Test: Acc=4.1% | Best=4.9%(@100)
  from x3: 0.06 0.05 0.05 0.04 0.04 0.04 0.04 0.04 0.04 0.04 0.04 0.04 0.04 0.04 0.04 0.04 0.04 0.04 0.04 0.04 0.04 0.04 0.04 0.04 0.04 0.04 0.04 0.04 0.04
  per-rule acc: 0.05 0.04
Epoch 1460 | Train: Loss=0.0284 Acc=99.8% | Test: Acc=4.6% | Best=4.9%(@100)
  from x3: 0.06 0.06 0.05 0.05 0.05 0.05 0.05 0.05 0.05 0.05 0.05 0.05 0.05 0.05 0.05 0.05 0.05 0.04 0.04 0.04 0.04 0.04 0.04 0.04 0.04 0.04 0.04 0.04 0.04
  per-rule acc: 0.05 0.04
Epoch 1480 | Train: Loss=0.0022 Acc=100.0% | Test: Acc=4.7% | Best=4.9%(@100)
  from x3: 0.06 0.05 0.05 0.05 0.05 0.05 0.05 0.05 0.05 0.05 0.05 0.05 0.05 0.05 0.05 0.05 0.05 0.05 0.05 0.04 0.04 0.05 0.05 0.04 0.05 0.05 0.04 0.05 0.05
  per-rule acc: 0.05 0.04
Epoch 1500 | Train: Loss=0.0044 Acc=99.9% | Test: Acc=4.5% | Best=4.9%(@100)
  from x3: 0.05 0.05 0.05 0.05 0.04 0.04 0.04 0.04 0.04 0.04 0.04 0.04 0.04 0.04 0.04 0.04 0.04 0.04 0.04 0.04 0.04 0.04 0.04 0.04 0.04 0.04 0.04 0.04 0.04
  per-rule acc: 0.05 0.04
Epoch 1520 | Train: Loss=0.0019 Acc=100.0% | Test: Acc=5.1% | Best=5.1%(@1520)
  from x3: 0.06 0.06 0.05 0.05 0.05 0.05 0.05 0.05 0.05 0.05 0.05 0.05 0.05 0.05 0.05 0.05 0.05 0.05 0.05 0.05 0.05 0.05 0.05 0.05 0.05 0.05 0.05 0.05 0.05
  per-rule acc: 0.06 0.04
Epoch 1540 | Train: Loss=0.0042 Acc=99.9% | Test: Acc=4.4% | Best=5.1%(@1520)
  from x3: 0.06 0.05 0.05 0.04 0.04 0.04 0.04 0.04 0.04 0.04 0.04 0.04 0.04 0.04 0.04 0.04 0.04 0.04 0.04 0.04 0.04 0.04 0.04 0.04 0.04 0.04 0.04 0.04 0.04
  per-rule acc: 0.05 0.04
Epoch 1560 | Train: Loss=0.0075 Acc=99.9% | Test: Acc=5.0% | Best=5.1%(@1520)
  from x3: 0.06 0.06 0.05 0.05 0.05 0.05 0.05 0.05 0.05 0.05 0.05 0.05 0.05 0.05 0.05 0.05 0.05 0.05 0.05 0.05 0.05 0.05 0.05 0.05 0.05 0.05 0.05 0.05 0.05
  per-rule acc: 0.06 0.04
Epoch 1580 | Train: Loss=0.0020 Acc=100.0% | Test: Acc=4.9% | Best=5.1%(@1520)
  from x3: 0.06 0.06 0.05 0.05 0.05 0.05 0.05 0.05 0.05 0.05 0.05 0.05 0.05 0.05 0.05 0.05 0.05 0.05 0.05 0.05 0.05 0.05 0.05 0.05 0.05 0.05 0.05 0.05 0.05
  per-rule acc: 0.05 0.05
Epoch 1600 | Train: Loss=0.1087 Acc=99.6% | Test: Acc=4.8% | Best=5.1%(@1520)
  from x3: 0.06 0.06 0.06 0.05 0.05 0.05 0.05 0.05 0.05 0.05 0.05 0.05 0.05 0.05 0.05 0.05 0.05 0.05 0.05 0.05 0.05 0.05 0.05 0.05 0.05 0.05 0.05 0.05 0.05
  per-rule acc: 0.04 0.05
Epoch 1620 | Train: Loss=0.0021 Acc=100.0% | Test: Acc=4.5% | Best=5.1%(@1520)
  from x3: 0.06 0.06 0.05 0.04 0.05 0.05 0.05 0.04 0.04 0.04 0.04 0.04 0.04 0.04 0.04 0.04 0.04 0.04 0.04 0.04 0.04 0.04 0.04 0.04 0.04 0.04 0.04 0.04 0.04
  per-rule acc: 0.05 0.04
Epoch 1640 | Train: Loss=0.0024 Acc=100.0% | Test: Acc=4.4% | Best=5.1%(@1520)
  from x3: 0.05 0.05 0.05 0.04 0.04 0.04 0.04 0.04 0.04 0.04 0.04 0.04 0.04 0.04 0.04 0.04 0.04 0.04 0.04 0.04 0.04 0.04 0.04 0.04 0.04 0.04 0.04 0.04 0.04
  per-rule acc: 0.05 0.04
Epoch 1660 | Train: Loss=0.0020 Acc=100.0% | Test: Acc=4.7% | Best=5.1%(@1520)
  from x3: 0.06 0.06 0.05 0.05 0.05 0.05 0.05 0.05 0.05 0.05 0.05 0.05 0.05 0.05 0.05 0.05 0.05 0.05 0.05 0.05 0.05 0.05 0.05 0.05 0.05 0.05 0.05 0.05 0.05
  per-rule acc: 0.05 0.04
Epoch 1680 | Train: Loss=0.0113 Acc=99.9% | Test: Acc=5.1% | Best=5.1%(@1520)
  from x3: 0.07 0.06 0.06 0.05 0.05 0.05 0.05 0.05 0.05 0.05 0.05 0.05 0.05 0.05 0.05 0.05 0.05 0.05 0.05 0.05 0.05 0.05 0.05 0.05 0.05 0.05 0.05 0.05 0.05
  per-rule acc: 0.05 0.05
Epoch 1700 | Train: Loss=0.0024 Acc=100.0% | Test: Acc=5.2% | Best=5.2%(@1700)
  from x3: 0.06 0.06 0.06 0.05 0.05 0.05 0.05 0.05 0.05 0.05 0.05 0.05 0.05 0.05 0.05 0.05 0.05 0.05 0.05 0.05 0.05 0.05 0.05 0.05 0.05 0.05 0.05 0.05 0.05
  per-rule acc: 0.06 0.05
Epoch 1720 | Train: Loss=0.0075 Acc=99.8% | Test: Acc=4.9% | Best=5.2%(@1700)
  from x3: 0.06 0.05 0.05 0.05 0.05 0.05 0.05 0.05 0.05 0.05 0.05 0.05 0.05 0.05 0.05 0.05 0.05 0.05 0.05 0.05 0.05 0.05 0.05 0.05 0.05 0.05 0.05 0.05 0.05
  per-rule acc: 0.05 0.05
Epoch 1740 | Train: Loss=0.0023 Acc=100.0% | Test: Acc=4.8% | Best=5.2%(@1700)
  from x3: 0.06 0.06 0.05 0.05 0.05 0.05 0.05 0.05 0.05 0.05 0.05 0.05 0.05 0.05 0.05 0.05 0.05 0.05 0.05 0.05 0.05 0.05 0.05 0.05 0.05 0.05 0.05 0.05 0.05
  per-rule acc: 0.06 0.04
Epoch 1760 | Train: Loss=0.0035 Acc=99.9% | Test: Acc=4.6% | Best=5.2%(@1700)
  from x3: 0.06 0.05 0.05 0.05 0.04 0.04 0.05 0.05 0.05 0.05 0.05 0.05 0.05 0.04 0.04 0.04 0.04 0.04 0.04 0.04 0.04 0.04 0.04 0.04 0.04 0.04 0.04 0.04 0.04
  per-rule acc: 0.05 0.04
Epoch 1780 | Train: Loss=0.0017 Acc=100.0% | Test: Acc=5.0% | Best=5.2%(@1700)
  from x3: 0.07 0.06 0.06 0.05 0.05 0.05 0.05 0.05 0.05 0.05 0.05 0.05 0.05 0.05 0.05 0.05 0.05 0.05 0.05 0.05 0.05 0.05 0.05 0.05 0.05 0.05 0.05 0.05 0.05
  per-rule acc: 0.06 0.04
Epoch 1800 | Train: Loss=0.0034 Acc=100.0% | Test: Acc=4.9% | Best=5.2%(@1700)
  from x3: 0.06 0.06 0.05 0.05 0.05 0.05 0.05 0.05 0.05 0.05 0.05 0.05 0.05 0.05 0.05 0.05 0.05 0.05 0.05 0.05 0.05 0.05 0.05 0.05 0.05 0.05 0.05 0.05 0.05
  per-rule acc: 0.05 0.05
Epoch 1820 | Train: Loss=0.0021 Acc=100.0% | Test: Acc=5.5% | Best=5.5%(@1820)
  from x3: 0.07 0.07 0.06 0.06 0.05 0.05 0.05 0.05 0.05 0.05 0.05 0.05 0.05 0.05 0.05 0.05 0.05 0.05 0.05 0.05 0.05 0.05 0.05 0.05 0.05 0.05 0.05 0.05 0.05
  per-rule acc: 0.06 0.04
Epoch 1840 | Train: Loss=0.0027 Acc=100.0% | Test: Acc=5.4% | Best=5.5%(@1820)
  from x3: 0.06 0.06 0.05 0.05 0.05 0.05 0.05 0.05 0.05 0.05 0.05 0.05 0.05 0.05 0.05 0.05 0.05 0.05 0.05 0.05 0.05 0.05 0.05 0.05 0.05 0.05 0.05 0.05 0.05
  per-rule acc: 0.06 0.05
Epoch 1860 | Train: Loss=0.0022 Acc=100.0% | Test: Acc=5.9% | Best=5.9%(@1860)
  from x3: 0.07 0.06 0.06 0.06 0.06 0.06 0.06 0.06 0.06 0.06 0.06 0.06 0.06 0.06 0.06 0.06 0.06 0.06 0.06 0.06 0.06 0.06 0.06 0.06 0.06 0.06 0.06 0.06 0.05
  per-rule acc: 0.06 0.05
Epoch 1880 | Train: Loss=0.1714 Acc=98.7% | Test: Acc=5.0% | Best=5.9%(@1860)
  from x3: 0.07 0.06 0.05 0.05 0.05 0.05 0.05 0.05 0.05 0.05 0.05 0.05 0.05 0.05 0.05 0.05 0.05 0.05 0.05 0.05 0.05 0.05 0.05 0.05 0.05 0.05 0.05 0.05 0.05
  per-rule acc: 0.06 0.04
Epoch 1900 | Train: Loss=0.0021 Acc=100.0% | Test: Acc=5.2% | Best=5.9%(@1860)
  from x3: 0.06 0.06 0.06 0.05 0.05 0.05 0.05 0.05 0.05 0.05 0.05 0.05 0.05 0.05 0.05 0.05 0.05 0.05 0.05 0.05 0.05 0.05 0.05 0.05 0.05 0.05 0.05 0.05 0.05
  per-rule acc: 0.06 0.05
Epoch 1920 | Train: Loss=0.0023 Acc=100.0% | Test: Acc=5.5% | Best=5.9%(@1860)
  from x3: 0.07 0.06 0.06 0.06 0.06 0.05 0.05 0.05 0.05 0.05 0.05 0.05 0.05 0.05 0.05 0.05 0.05 0.05 0.05 0.05 0.05 0.05 0.05 0.05 0.05 0.05 0.05 0.05 0.05
  per-rule acc: 0.06 0.05
Epoch 1940 | Train: Loss=0.0024 Acc=100.0% | Test: Acc=4.9% | Best=5.9%(@1860)
  from x3: 0.06 0.05 0.05 0.05 0.05 0.05 0.05 0.05 0.05 0.05 0.05 0.05 0.05 0.05 0.05 0.05 0.05 0.05 0.05 0.05 0.05 0.05 0.05 0.05 0.05 0.05 0.05 0.05 0.05
  per-rule acc: 0.05 0.05
Epoch 1960 | Train: Loss=0.0025 Acc=100.0% | Test: Acc=5.8% | Best=5.9%(@1860)
  from x3: 0.07 0.06 0.06 0.06 0.06 0.06 0.06 0.06 0.06 0.06 0.06 0.06 0.06 0.06 0.06 0.06 0.06 0.06 0.06 0.06 0.06 0.06 0.06 0.06 0.06 0.06 0.06 0.06 0.06
  per-rule acc: 0.06 0.06
Epoch 1980 | Train: Loss=0.0025 Acc=100.0% | Test: Acc=4.8% | Best=5.9%(@1860)
  from x3: 0.06 0.05 0.05 0.05 0.05 0.05 0.05 0.05 0.05 0.05 0.05 0.05 0.05 0.05 0.05 0.05 0.05 0.05 0.05 0.05 0.05 0.05 0.05 0.05 0.05 0.05 0.05 0.05 0.05
  per-rule acc: 0.05 0.04
Epoch 2000 | Train: Loss=0.0019 Acc=100.0% | Test: Acc=5.3% | Best=5.9%(@1860)
  from x3: 0.07 0.06 0.06 0.06 0.05 0.05 0.05 0.05 0.05 0.05 0.05 0.05 0.05 0.05 0.05 0.05 0.05 0.05 0.05 0.05 0.05 0.05 0.05 0.05 0.05 0.05 0.05 0.05 0.05
  per-rule acc: 0.06 0.05
Epoch 2020 | Train: Loss=0.0022 Acc=100.0% | Test: Acc=5.0% | Best=5.9%(@1860)
  from x3: 0.06 0.06 0.05 0.05 0.05 0.05 0.05 0.05 0.05 0.05 0.05 0.05 0.05 0.05 0.05 0.05 0.05 0.05 0.05 0.05 0.05 0.05 0.05 0.05 0.05 0.05 0.05 0.05 0.05
  per-rule acc: 0.05 0.05
Epoch 2040 | Train: Loss=0.0055 Acc=99.9% | Test: Acc=4.9% | Best=5.9%(@1860)
  from x3: 0.06 0.05 0.05 0.05 0.05 0.05 0.05 0.05 0.05 0.05 0.05 0.05 0.05 0.05 0.05 0.05 0.05 0.05 0.05 0.05 0.05 0.05 0.05 0.05 0.05 0.05 0.05 0.05 0.05
  per-rule acc: 0.05 0.04
Epoch 2060 | Train: Loss=0.0018 Acc=100.0% | Test: Acc=5.4% | Best=5.9%(@1860)
  from x3: 0.07 0.07 0.06 0.06 0.05 0.05 0.05 0.05 0.05 0.05 0.05 0.05 0.05 0.05 0.05 0.05 0.05 0.05 0.05 0.05 0.05 0.05 0.05 0.05 0.05 0.05 0.05 0.05 0.05
  per-rule acc: 0.06 0.05
Epoch 2080 | Train: Loss=0.0031 Acc=100.0% | Test: Acc=4.5% | Best=5.9%(@1860)
  from x3: 0.06 0.05 0.05 0.05 0.05 0.04 0.04 0.04 0.04 0.04 0.04 0.04 0.04 0.04 0.04 0.04 0.04 0.04 0.04 0.04 0.04 0.04 0.04 0.04 0.04 0.04 0.04 0.04 0.04
  per-rule acc: 0.05 0.04
Epoch 2100 | Train: Loss=0.0021 Acc=100.0% | Test: Acc=5.8% | Best=5.9%(@1860)
  from x3: 0.07 0.07 0.06 0.06 0.06 0.06 0.06 0.06 0.06 0.06 0.06 0.06 0.06 0.06 0.06 0.06 0.06 0.06 0.06 0.06 0.06 0.06 0.06 0.06 0.06 0.06 0.06 0.06 0.06
  per-rule acc: 0.07 0.05
Epoch 2120 | Train: Loss=0.0025 Acc=100.0% | Test: Acc=5.1% | Best=5.9%(@1860)
  from x3: 0.06 0.05 0.05 0.05 0.05 0.05 0.05 0.05 0.05 0.05 0.05 0.05 0.05 0.05 0.05 0.05 0.05 0.05 0.05 0.05 0.05 0.05 0.05 0.05 0.05 0.05 0.05 0.05 0.05
  per-rule acc: 0.06 0.04
Epoch 2140 | Train: Loss=0.0019 Acc=100.0% | Test: Acc=6.2% | Best=6.2%(@2140)
  from x3: 0.08 0.07 0.07 0.07 0.06 0.06 0.06 0.06 0.06 0.06 0.06 0.06 0.06 0.06 0.06 0.06 0.06 0.06 0.06 0.06 0.06 0.06 0.06 0.06 0.06 0.06 0.06 0.06 0.06
  per-rule acc: 0.07 0.06
Epoch 2160 | Train: Loss=0.0027 Acc=100.0% | Test: Acc=5.1% | Best=6.2%(@2140)
  from x3: 0.06 0.06 0.05 0.05 0.05 0.05 0.05 0.05 0.05 0.05 0.05 0.05 0.05 0.05 0.05 0.05 0.05 0.05 0.05 0.05 0.05 0.05 0.05 0.05 0.05 0.05 0.05 0.05 0.05
  per-rule acc: 0.05 0.05
Epoch 2180 | Train: Loss=0.0091 Acc=99.9% | Test: Acc=5.7% | Best=6.2%(@2140)
  from x3: 0.08 0.06 0.06 0.06 0.06 0.06 0.06 0.06 0.06 0.06 0.06 0.06 0.06 0.06 0.06 0.06 0.06 0.06 0.06 0.05 0.06 0.06 0.06 0.06 0.06 0.06 0.05 0.05 0.05
  per-rule acc: 0.06 0.05
Epoch 2200 | Train: Loss=0.0019 Acc=100.0% | Test: Acc=5.4% | Best=6.2%(@2140)
  from x3: 0.07 0.06 0.06 0.06 0.05 0.05 0.05 0.05 0.05 0.05 0.05 0.05 0.05 0.05 0.05 0.05 0.05 0.05 0.05 0.05 0.05 0.05 0.05 0.05 0.05 0.05 0.05 0.05 0.05
  per-rule acc: 0.06 0.05
Epoch 2220 | Train: Loss=0.0038 Acc=99.9% | Test: Acc=6.0% | Best=6.2%(@2140)
  from x3: 0.08 0.07 0.06 0.06 0.06 0.06 0.06 0.06 0.06 0.06 0.06 0.06 0.06 0.06 0.06 0.06 0.06 0.06 0.06 0.06 0.06 0.06 0.06 0.06 0.06 0.06 0.06 0.06 0.06
  per-rule acc: 0.07 0.05
Epoch 2240 | Train: Loss=0.0030 Acc=99.9% | Test: Acc=5.3% | Best=6.2%(@2140)
  from x3: 0.07 0.06 0.06 0.05 0.05 0.05 0.05 0.05 0.05 0.05 0.05 0.05 0.05 0.05 0.05 0.05 0.05 0.05 0.05 0.05 0.05 0.05 0.05 0.05 0.05 0.05 0.05 0.05 0.05
  per-rule acc: 0.06 0.05
Epoch 2260 | Train: Loss=0.0040 Acc=99.9% | Test: Acc=5.7% | Best=6.2%(@2140)
  from x3: 0.07 0.07 0.06 0.06 0.06 0.06 0.06 0.06 0.06 0.06 0.06 0.06 0.06 0.06 0.06 0.06 0.06 0.06 0.06 0.06 0.06 0.06 0.06 0.06 0.06 0.06 0.06 0.06 0.06
  per-rule acc: 0.07 0.05
Epoch 2280 | Train: Loss=0.0022 Acc=100.0% | Test: Acc=5.3% | Best=6.2%(@2140)
  from x3: 0.06 0.06 0.06 0.06 0.05 0.05 0.05 0.05 0.05 0.05 0.05 0.05 0.05 0.05 0.05 0.05 0.05 0.05 0.05 0.05 0.05 0.05 0.05 0.05 0.05 0.05 0.05 0.05 0.05
  per-rule acc: 0.06 0.05
Epoch 2300 | Train: Loss=0.0453 Acc=100.0% | Test: Acc=4.4% | Best=6.2%(@2140)
  from x3: 0.05 0.05 0.05 0.04 0.04 0.04 0.04 0.04 0.04 0.04 0.04 0.04 0.04 0.04 0.04 0.04 0.04 0.04 0.04 0.04 0.04 0.04 0.04 0.04 0.04 0.04 0.04 0.04 0.04
  per-rule acc: 0.05 0.04
Epoch 2320 | Train: Loss=0.0022 Acc=100.0% | Test: Acc=5.4% | Best=6.2%(@2140)
  from x3: 0.07 0.07 0.06 0.06 0.05 0.05 0.05 0.05 0.05 0.05 0.05 0.05 0.05 0.05 0.05 0.05 0.05 0.05 0.05 0.05 0.05 0.05 0.05 0.05 0.05 0.05 0.05 0.05 0.05
  per-rule acc: 0.06 0.05
Epoch 2340 | Train: Loss=0.0037 Acc=99.9% | Test: Acc=5.0% | Best=6.2%(@2140)
  from x3: 0.06 0.06 0.05 0.05 0.05 0.05 0.05 0.05 0.05 0.05 0.05 0.05 0.05 0.05 0.05 0.05 0.05 0.05 0.05 0.05 0.05 0.05 0.05 0.05 0.05 0.05 0.05 0.05 0.05
  per-rule acc: 0.05 0.05
Epoch 2360 | Train: Loss=0.0018 Acc=100.0% | Test: Acc=5.9% | Best=6.2%(@2140)
  from x3: 0.08 0.07 0.06 0.06 0.06 0.06 0.06 0.06 0.06 0.06 0.06 0.06 0.06 0.06 0.06 0.06 0.06 0.06 0.06 0.06 0.06 0.06 0.06 0.06 0.06 0.06 0.06 0.06 0.06
  per-rule acc: 0.07 0.05
Epoch 2380 | Train: Loss=0.0023 Acc=100.0% | Test: Acc=5.7% | Best=6.2%(@2140)
  from x3: 0.07 0.06 0.06 0.06 0.06 0.06 0.06 0.06 0.06 0.06 0.06 0.06 0.06 0.06 0.06 0.06 0.06 0.06 0.06 0.06 0.06 0.06 0.06 0.06 0.06 0.06 0.06 0.06 0.06
  per-rule acc: 0.07 0.05
Epoch 2400 | Train: Loss=0.0023 Acc=100.0% | Test: Acc=5.1% | Best=6.2%(@2140)
  from x3: 0.06 0.06 0.05 0.05 0.05 0.05 0.05 0.05 0.05 0.05 0.05 0.05 0.05 0.05 0.05 0.05 0.05 0.05 0.05 0.05 0.05 0.05 0.05 0.05 0.05 0.05 0.05 0.05 0.05
  per-rule acc: 0.06 0.05
Epoch 2420 | Train: Loss=0.0018 Acc=100.0% | Test: Acc=6.3% | Best=6.3%(@2420)
  from x3: 0.07 0.07 0.07 0.06 0.06 0.06 0.06 0.06 0.06 0.06 0.06 0.06 0.06 0.06 0.06 0.06 0.06 0.06 0.06 0.06 0.06 0.06 0.06 0.06 0.06 0.06 0.06 0.06 0.06
  per-rule acc: 0.07 0.05
Epoch 2440 | Train: Loss=0.0036 Acc=99.9% | Test: Acc=5.0% | Best=6.3%(@2420)
  from x3: 0.06 0.05 0.05 0.05 0.05 0.05 0.05 0.05 0.05 0.05 0.05 0.05 0.05 0.05 0.05 0.05 0.05 0.05 0.05 0.05 0.05 0.05 0.05 0.05 0.05 0.05 0.05 0.05 0.05
  per-rule acc: 0.06 0.04
Epoch 2460 | Train: Loss=0.0023 Acc=100.0% | Test: Acc=4.7% | Best=6.3%(@2420)
  from x3: 0.05 0.05 0.05 0.05 0.05 0.05 0.05 0.05 0.05 0.05 0.05 0.05 0.05 0.05 0.05 0.05 0.05 0.05 0.05 0.05 0.05 0.05 0.05 0.05 0.05 0.05 0.05 0.05 0.05
  per-rule acc: 0.05 0.04
Epoch 2480 | Train: Loss=0.0015 Acc=100.0% | Test: Acc=6.0% | Best=6.3%(@2420)
  from x3: 0.07 0.07 0.06 0.06 0.06 0.06 0.06 0.06 0.06 0.06 0.06 0.06 0.06 0.06 0.06 0.06 0.06 0.06 0.06 0.06 0.06 0.06 0.06 0.06 0.06 0.06 0.06 0.06 0.06
  per-rule acc: 0.07 0.05
Epoch 2500 | Train: Loss=0.0038 Acc=99.9% | Test: Acc=5.6% | Best=6.3%(@2420)
  from x3: 0.07 0.06 0.05 0.06 0.05 0.06 0.06 0.06 0.06 0.06 0.06 0.06 0.06 0.06 0.06 0.06 0.06 0.06 0.06 0.06 0.06 0.06 0.06 0.05 0.05 0.05 0.05 0.05 0.05
  per-rule acc: 0.06 0.05
Epoch 2520 | Train: Loss=0.0022 Acc=100.0% | Test: Acc=4.8% | Best=6.3%(@2420)
  from x3: 0.05 0.05 0.05 0.05 0.05 0.05 0.05 0.05 0.05 0.05 0.05 0.05 0.05 0.05 0.05 0.05 0.05 0.05 0.05 0.05 0.05 0.05 0.05 0.05 0.05 0.05 0.05 0.05 0.05
  per-rule acc: 0.06 0.04
Epoch 2540 | Train: Loss=0.0016 Acc=100.0% | Test: Acc=5.9% | Best=6.3%(@2420)
  from x3: 0.08 0.07 0.06 0.06 0.06 0.06 0.06 0.06 0.06 0.06 0.06 0.06 0.06 0.06 0.06 0.06 0.06 0.06 0.06 0.06 0.06 0.06 0.06 0.06 0.06 0.06 0.06 0.06 0.06
  per-rule acc: 0.07 0.05
Epoch 2560 | Train: Loss=0.0331 Acc=99.5% | Test: Acc=6.3% | Best=6.3%(@2560)
  from x3: 0.07 0.07 0.07 0.06 0.06 0.06 0.06 0.06 0.06 0.06 0.06 0.06 0.06 0.06 0.06 0.06 0.06 0.06 0.06 0.06 0.06 0.06 0.06 0.06 0.06 0.06 0.06 0.06 0.06
  per-rule acc: 0.07 0.05
Epoch 2580 | Train: Loss=0.0019 Acc=100.0% | Test: Acc=5.9% | Best=6.3%(@2560)
  from x3: 0.08 0.07 0.06 0.06 0.06 0.06 0.06 0.06 0.06 0.06 0.06 0.06 0.06 0.06 0.06 0.06 0.06 0.06 0.06 0.06 0.06 0.06 0.06 0.06 0.06 0.06 0.06 0.06 0.06
  per-rule acc: 0.07 0.05
Epoch 2600 | Train: Loss=0.0026 Acc=100.0% | Test: Acc=5.2% | Best=6.3%(@2560)
  from x3: 0.06 0.06 0.05 0.05 0.05 0.05 0.05 0.05 0.05 0.05 0.05 0.05 0.05 0.05 0.05 0.05 0.05 0.05 0.05 0.05 0.05 0.05 0.05 0.05 0.05 0.05 0.05 0.05 0.05
  per-rule acc: 0.06 0.04
Epoch 2620 | Train: Loss=0.0017 Acc=100.0% | Test: Acc=6.3% | Best=6.3%(@2620)
  from x3: 0.07 0.07 0.07 0.06 0.06 0.06 0.06 0.06 0.06 0.06 0.06 0.06 0.06 0.06 0.06 0.06 0.06 0.06 0.06 0.06 0.06 0.06 0.06 0.06 0.06 0.06 0.06 0.06 0.06
  per-rule acc: 0.08 0.05
Epoch 2640 | Train: Loss=0.0022 Acc=100.0% | Test: Acc=5.5% | Best=6.3%(@2620)
  from x3: 0.06 0.06 0.06 0.06 0.06 0.05 0.05 0.05 0.05 0.05 0.05 0.05 0.05 0.05 0.05 0.05 0.05 0.05 0.05 0.05 0.05 0.05 0.05 0.05 0.05 0.05 0.05 0.05 0.05
  per-rule acc: 0.07 0.04
Epoch 2660 | Train: Loss=0.0040 Acc=99.9% | Test: Acc=6.3% | Best=6.3%(@2660)
  from x3: 0.07 0.07 0.07 0.06 0.06 0.06 0.06 0.06 0.06 0.06 0.06 0.06 0.06 0.06 0.06 0.06 0.06 0.06 0.06 0.06 0.06 0.06 0.06 0.06 0.06 0.06 0.06 0.06 0.06
  per-rule acc: 0.07 0.06
Epoch 2680 | Train: Loss=0.0020 Acc=100.0% | Test: Acc=5.5% | Best=6.3%(@2660)
  from x3: 0.07 0.06 0.06 0.06 0.06 0.06 0.05 0.05 0.05 0.05 0.05 0.05 0.05 0.05 0.05 0.05 0.05 0.05 0.05 0.05 0.05 0.05 0.05 0.05 0.05 0.05 0.05 0.05 0.05
  per-rule acc: 0.06 0.05
Epoch 2700 | Train: Loss=0.0028 Acc=100.0% | Test: Acc=6.4% | Best=6.4%(@2700)
  from x3: 0.08 0.07 0.07 0.07 0.06 0.06 0.06 0.06 0.06 0.06 0.06 0.06 0.06 0.06 0.06 0.06 0.06 0.06 0.06 0.06 0.06 0.06 0.06 0.06 0.06 0.06 0.06 0.06 0.06
  per-rule acc: 0.07 0.05
Epoch 2720 | Train: Loss=0.0024 Acc=100.0% | Test: Acc=5.4% | Best=6.4%(@2700)
  from x3: 0.07 0.06 0.06 0.05 0.05 0.05 0.05 0.05 0.05 0.05 0.05 0.05 0.05 0.05 0.05 0.05 0.05 0.05 0.05 0.05 0.05 0.05 0.05 0.05 0.05 0.05 0.05 0.05 0.05
  per-rule acc: 0.06 0.05
Epoch 2740 | Train: Loss=0.0017 Acc=100.0% | Test: Acc=6.0% | Best=6.4%(@2700)
  from x3: 0.08 0.07 0.06 0.06 0.06 0.06 0.06 0.06 0.06 0.06 0.06 0.06 0.06 0.06 0.06 0.06 0.06 0.06 0.06 0.06 0.06 0.06 0.06 0.06 0.06 0.06 0.06 0.06 0.06
  per-rule acc: 0.07 0.05
Epoch 2760 | Train: Loss=0.0034 Acc=99.9% | Test: Acc=5.2% | Best=6.4%(@2700)
  from x3: 0.06 0.06 0.05 0.05 0.05 0.05 0.05 0.05 0.05 0.05 0.05 0.05 0.05 0.05 0.05 0.05 0.05 0.05 0.05 0.05 0.05 0.05 0.05 0.05 0.05 0.05 0.05 0.05 0.05
  per-rule acc: 0.06 0.05
Epoch 2780 | Train: Loss=0.0017 Acc=100.0% | Test: Acc=5.9% | Best=6.4%(@2700)
  from x3: 0.07 0.06 0.06 0.06 0.06 0.06 0.06 0.06 0.06 0.06 0.06 0.06 0.06 0.06 0.06 0.06 0.06 0.06 0.06 0.06 0.06 0.06 0.06 0.06 0.06 0.06 0.06 0.06 0.06
  per-rule acc: 0.07 0.05
Epoch 2800 | Train: Loss=0.0031 Acc=100.0% | Test: Acc=5.2% | Best=6.4%(@2700)
  from x3: 0.06 0.06 0.06 0.05 0.05 0.05 0.05 0.05 0.05 0.05 0.05 0.05 0.05 0.05 0.05 0.05 0.05 0.05 0.05 0.05 0.05 0.05 0.05 0.05 0.05 0.05 0.05 0.05 0.05
  per-rule acc: 0.06 0.05
Epoch 2820 | Train: Loss=0.0032 Acc=100.0% | Test: Acc=5.1% | Best=6.4%(@2700)
  from x3: 0.05 0.05 0.05 0.05 0.05 0.05 0.05 0.05 0.05 0.05 0.05 0.05 0.05 0.05 0.05 0.05 0.05 0.05 0.05 0.05 0.05 0.05 0.05 0.05 0.05 0.05 0.05 0.05 0.05
  per-rule acc: 0.06 0.04
Epoch 2840 | Train: Loss=0.0020 Acc=100.0% | Test: Acc=6.2% | Best=6.4%(@2700)
  from x3: 0.07 0.07 0.06 0.06 0.06 0.06 0.06 0.06 0.06 0.06 0.06 0.06 0.06 0.06 0.06 0.06 0.06 0.06 0.06 0.06 0.06 0.06 0.06 0.06 0.06 0.06 0.06 0.06 0.06
  per-rule acc: 0.07 0.06
Epoch 2860 | Train: Loss=0.0038 Acc=99.9% | Test: Acc=5.0% | Best=6.4%(@2700)
  from x3: 0.06 0.05 0.05 0.05 0.05 0.05 0.05 0.05 0.05 0.05 0.05 0.05 0.05 0.05 0.05 0.05 0.05 0.05 0.05 0.05 0.05 0.05 0.05 0.05 0.05 0.05 0.05 0.05 0.05
  per-rule acc: 0.06 0.05
Epoch 2880 | Train: Loss=0.0016 Acc=100.0% | Test: Acc=6.1% | Best=6.4%(@2700)
  from x3: 0.08 0.07 0.06 0.06 0.06 0.06 0.06 0.06 0.06 0.06 0.06 0.06 0.06 0.06 0.06 0.06 0.06 0.06 0.06 0.06 0.06 0.06 0.06 0.06 0.06 0.06 0.06 0.06 0.06
  per-rule acc: 0.07 0.05
Epoch 2900 | Train: Loss=0.0038 Acc=99.9% | Test: Acc=5.5% | Best=6.4%(@2700)
  from x3: 0.06 0.06 0.06 0.05 0.05 0.05 0.05 0.05 0.05 0.05 0.05 0.05 0.05 0.05 0.05 0.05 0.05 0.05 0.05 0.05 0.05 0.05 0.05 0.05 0.05 0.05 0.05 0.05 0.05
  per-rule acc: 0.06 0.05
Epoch 2920 | Train: Loss=0.0026 Acc=100.0% | Test: Acc=7.0% | Best=7.0%(@2920)
  from x3: 0.08 0.08 0.07 0.07 0.07 0.07 0.07 0.07 0.07 0.07 0.07 0.07 0.07 0.07 0.07 0.07 0.07 0.07 0.07 0.07 0.07 0.07 0.07 0.07 0.07 0.07 0.07 0.07 0.07
  per-rule acc: 0.08 0.06
Epoch 2940 | Train: Loss=0.0019 Acc=100.0% | Test: Acc=6.1% | Best=7.0%(@2920)
  from x3: 0.08 0.07 0.06 0.06 0.06 0.06 0.06 0.06 0.06 0.06 0.06 0.06 0.06 0.06 0.06 0.06 0.06 0.06 0.06 0.06 0.06 0.06 0.06 0.06 0.06 0.06 0.06 0.06 0.06
  per-rule acc: 0.07 0.05
Epoch 2960 | Train: Loss=0.0017 Acc=100.0% | Test: Acc=6.3% | Best=7.0%(@2920)
  from x3: 0.07 0.07 0.07 0.06 0.06 0.06 0.06 0.06 0.06 0.06 0.06 0.06 0.06 0.06 0.06 0.06 0.06 0.06 0.06 0.06 0.06 0.06 0.06 0.06 0.06 0.06 0.06 0.06 0.06
  per-rule acc: 0.07 0.06
Epoch 2980 | Train: Loss=0.0025 Acc=100.0% | Test: Acc=5.5% | Best=7.0%(@2920)
  from x3: 0.06 0.06 0.06 0.06 0.05 0.05 0.05 0.05 0.05 0.05 0.05 0.05 0.05 0.05 0.05 0.05 0.05 0.05 0.05 0.05 0.05 0.05 0.05 0.05 0.05 0.05 0.05 0.05 0.05
  per-rule acc: 0.06 0.05
Epoch 3000 | Train: Loss=0.0026 Acc=100.0% | Test: Acc=5.0% | Best=7.0%(@2920)
  from x3: 0.05 0.05 0.05 0.05 0.05 0.05 0.05 0.05 0.05 0.05 0.05 0.05 0.05 0.05 0.05 0.05 0.05 0.05 0.05 0.05 0.05 0.05 0.05 0.05 0.05 0.05 0.05 0.05 0.05
  per-rule acc: 0.06 0.04
Epoch 3020 | Train: Loss=0.0016 Acc=100.0% | Test: Acc=6.7% | Best=7.0%(@2920)
  from x3: 0.08 0.07 0.07 0.07 0.07 0.07 0.07 0.07 0.07 0.07 0.07 0.07 0.07 0.07 0.07 0.07 0.07 0.07 0.07 0.07 0.07 0.07 0.07 0.07 0.07 0.07 0.07 0.06 0.06
  per-rule acc: 0.08 0.06
Epoch 3040 | Train: Loss=0.0022 Acc=100.0% | Test: Acc=5.8% | Best=7.0%(@2920)
  from x3: 0.07 0.06 0.06 0.06 0.06 0.06 0.06 0.06 0.06 0.06 0.06 0.06 0.06 0.06 0.06 0.06 0.06 0.06 0.06 0.06 0.06 0.06 0.06 0.06 0.06 0.06 0.06 0.06 0.06
  per-rule acc: 0.06 0.05
Epoch 3060 | Train: Loss=0.0026 Acc=99.9% | Test: Acc=6.6% | Best=7.0%(@2920)
  from x3: 0.08 0.07 0.07 0.07 0.07 0.06 0.07 0.07 0.06 0.07 0.07 0.07 0.07 0.06 0.06 0.07 0.07 0.06 0.06 0.06 0.06 0.06 0.06 0.06 0.06 0.06 0.06 0.06 0.06
  per-rule acc: 0.07 0.06
Epoch 3080 | Train: Loss=0.0020 Acc=100.0% | Test: Acc=6.0% | Best=7.0%(@2920)
  from x3: 0.07 0.07 0.06 0.06 0.06 0.06 0.06 0.06 0.06 0.06 0.06 0.06 0.06 0.06 0.06 0.06 0.06 0.06 0.06 0.06 0.06 0.06 0.06 0.06 0.06 0.06 0.06 0.06 0.06
  per-rule acc: 0.07 0.05
Epoch 3100 | Train: Loss=0.0018 Acc=100.0% | Test: Acc=6.4% | Best=7.0%(@2920)
  from x3: 0.08 0.07 0.07 0.07 0.06 0.06 0.06 0.06 0.06 0.06 0.06 0.06 0.06 0.06 0.06 0.06 0.06 0.06 0.06 0.06 0.06 0.06 0.06 0.06 0.06 0.06 0.06 0.06 0.06
  per-rule acc: 0.08 0.05
Epoch 3120 | Train: Loss=0.0030 Acc=100.0% | Test: Acc=5.7% | Best=7.0%(@2920)
  from x3: 0.07 0.06 0.06 0.06 0.06 0.06 0.06 0.06 0.06 0.06 0.06 0.06 0.06 0.06 0.06 0.06 0.06 0.06 0.06 0.06 0.06 0.06 0.06 0.06 0.06 0.06 0.06 0.06 0.06
  per-rule acc: 0.06 0.05
Epoch 3140 | Train: Loss=0.0022 Acc=100.0% | Test: Acc=5.1% | Best=7.0%(@2920)
  from x3: 0.06 0.05 0.05 0.05 0.05 0.05 0.05 0.05 0.05 0.05 0.05 0.05 0.05 0.05 0.05 0.05 0.05 0.05 0.05 0.05 0.05 0.05 0.05 0.05 0.05 0.05 0.05 0.05 0.05
  per-rule acc: 0.06 0.04
Epoch 3160 | Train: Loss=0.0017 Acc=100.0% | Test: Acc=6.7% | Best=7.0%(@2920)
  from x3: 0.08 0.08 0.07 0.07 0.07 0.07 0.07 0.07 0.07 0.07 0.07 0.07 0.07 0.07 0.07 0.07 0.07 0.07 0.07 0.07 0.07 0.07 0.07 0.07 0.06 0.06 0.06 0.06 0.07
  per-rule acc: 0.07 0.06
Epoch 3180 | Train: Loss=0.0027 Acc=100.0% | Test: Acc=5.9% | Best=7.0%(@2920)
  from x3: 0.07 0.07 0.06 0.06 0.06 0.06 0.06 0.06 0.06 0.06 0.06 0.06 0.06 0.06 0.06 0.06 0.06 0.06 0.06 0.06 0.06 0.06 0.06 0.06 0.06 0.06 0.06 0.06 0.06
  per-rule acc: 0.07 0.05
Epoch 3200 | Train: Loss=0.0017 Acc=100.0% | Test: Acc=6.5% | Best=7.0%(@2920)
  from x3: 0.08 0.07 0.07 0.06 0.06 0.07 0.06 0.06 0.06 0.06 0.06 0.06 0.06 0.06 0.06 0.06 0.06 0.06 0.06 0.06 0.06 0.06 0.06 0.06 0.06 0.06 0.06 0.06 0.06
  per-rule acc: 0.07 0.06
Epoch 3220 | Train: Loss=0.0036 Acc=99.9% | Test: Acc=5.7% | Best=7.0%(@2920)
  from x3: 0.06 0.06 0.06 0.06 0.06 0.06 0.06 0.06 0.06 0.06 0.06 0.06 0.06 0.06 0.06 0.06 0.06 0.06 0.06 0.06 0.06 0.06 0.06 0.06 0.06 0.06 0.06 0.06 0.06
  per-rule acc: 0.06 0.05
Epoch 3240 | Train: Loss=0.0019 Acc=100.0% | Test: Acc=6.5% | Best=7.0%(@2920)
  from x3: 0.08 0.07 0.07 0.07 0.07 0.07 0.06 0.06 0.06 0.06 0.06 0.06 0.06 0.06 0.06 0.06 0.06 0.06 0.06 0.06 0.06 0.06 0.06 0.06 0.06 0.06 0.06 0.06 0.06
  per-rule acc: 0.07 0.06
Epoch 3260 | Train: Loss=0.0026 Acc=100.0% | Test: Acc=6.0% | Best=7.0%(@2920)
  from x3: 0.07 0.06 0.06 0.06 0.06 0.06 0.06 0.06 0.06 0.06 0.06 0.06 0.06 0.06 0.06 0.06 0.06 0.06 0.06 0.06 0.06 0.06 0.06 0.06 0.06 0.06 0.06 0.06 0.06
  per-rule acc: 0.06 0.05
Epoch 3280 | Train: Loss=0.0022 Acc=100.0% | Test: Acc=5.4% | Best=7.0%(@2920)
  from x3: 0.06 0.06 0.06 0.06 0.05 0.05 0.05 0.05 0.05 0.05 0.05 0.05 0.05 0.05 0.05 0.05 0.05 0.05 0.05 0.05 0.05 0.05 0.05 0.05 0.05 0.05 0.05 0.05 0.05
  per-rule acc: 0.06 0.05
Epoch 3300 | Train: Loss=0.0017 Acc=100.0% | Test: Acc=6.6% | Best=7.0%(@2920)
  from x3: 0.08 0.07 0.07 0.07 0.07 0.07 0.06 0.06 0.07 0.07 0.06 0.06 0.06 0.06 0.06 0.06 0.06 0.06 0.06 0.06 0.06 0.06 0.06 0.06 0.06 0.06 0.06 0.06 0.06
  per-rule acc: 0.07 0.06
Epoch 3320 | Train: Loss=0.0021 Acc=100.0% | Test: Acc=5.7% | Best=7.0%(@2920)
  from x3: 0.07 0.06 0.06 0.06 0.06 0.06 0.06 0.06 0.06 0.06 0.06 0.06 0.06 0.06 0.06 0.06 0.06 0.06 0.06 0.06 0.06 0.06 0.06 0.06 0.06 0.06 0.06 0.06 0.06
  per-rule acc: 0.06 0.05
Epoch 3340 | Train: Loss=0.0016 Acc=100.0% | Test: Acc=6.5% | Best=7.0%(@2920)
  from x3: 0.07 0.07 0.06 0.07 0.07 0.06 0.06 0.06 0.06 0.06 0.06 0.06 0.06 0.06 0.06 0.06 0.06 0.06 0.06 0.06 0.06 0.06 0.06 0.06 0.06 0.06 0.06 0.06 0.06
  per-rule acc: 0.07 0.06
Epoch 3360 | Train: Loss=0.0035 Acc=99.9% | Test: Acc=6.0% | Best=7.0%(@2920)
  from x3: 0.06 0.06 0.06 0.06 0.06 0.06 0.06 0.06 0.06 0.06 0.06 0.06 0.06 0.06 0.06 0.06 0.06 0.06 0.06 0.06 0.06 0.06 0.06 0.06 0.06 0.06 0.06 0.06 0.06
  per-rule acc: 0.07 0.05
Epoch 3380 | Train: Loss=0.0038 Acc=99.9% | Test: Acc=6.8% | Best=7.0%(@2920)
  from x3: 0.08 0.07 0.07 0.07 0.07 0.07 0.07 0.07 0.07 0.07 0.07 0.07 0.07 0.07 0.07 0.07 0.07 0.07 0.07 0.07 0.07 0.07 0.07 0.07 0.07 0.07 0.07 0.07 0.07
  per-rule acc: 0.08 0.06
Epoch 3400 | Train: Loss=0.0019 Acc=100.0% | Test: Acc=6.4% | Best=7.0%(@2920)
  from x3: 0.07 0.07 0.06 0.06 0.07 0.06 0.06 0.06 0.06 0.06 0.06 0.06 0.06 0.06 0.06 0.06 0.06 0.06 0.06 0.06 0.06 0.06 0.06 0.06 0.06 0.06 0.06 0.06 0.06
  per-rule acc: 0.07 0.06
Epoch 3420 | Train: Loss=0.0017 Acc=100.0% | Test: Acc=7.0% | Best=7.0%(@3420)
  from x3: 0.08 0.08 0.07 0.07 0.07 0.07 0.07 0.07 0.07 0.07 0.07 0.07 0.07 0.07 0.07 0.07 0.07 0.07 0.07 0.07 0.07 0.07 0.07 0.07 0.07 0.07 0.07 0.07 0.07
  per-rule acc: 0.08 0.06
Epoch 3440 | Train: Loss=0.0019 Acc=100.0% | Test: Acc=6.4% | Best=7.0%(@3420)
  from x3: 0.07 0.07 0.07 0.06 0.06 0.06 0.06 0.06 0.06 0.06 0.06 0.06 0.06 0.06 0.06 0.06 0.06 0.06 0.06 0.06 0.06 0.06 0.06 0.06 0.06 0.06 0.06 0.06 0.06
  per-rule acc: 0.07 0.06
Epoch 3460 | Train: Loss=0.0019 Acc=100.0% | Test: Acc=6.8% | Best=7.0%(@3420)
  from x3: 0.07 0.07 0.07 0.07 0.07 0.07 0.07 0.07 0.07 0.07 0.07 0.07 0.07 0.07 0.07 0.07 0.07 0.07 0.07 0.07 0.07 0.07 0.07 0.07 0.07 0.07 0.07 0.07 0.07
  per-rule acc: 0.08 0.06
Epoch 3480 | Train: Loss=0.0020 Acc=100.0% | Test: Acc=6.1% | Best=7.0%(@3420)
  from x3: 0.07 0.06 0.06 0.06 0.06 0.06 0.06 0.06 0.06 0.06 0.06 0.06 0.06 0.06 0.06 0.06 0.06 0.06 0.06 0.06 0.06 0.06 0.06 0.06 0.06 0.06 0.06 0.06 0.06
  per-rule acc: 0.07 0.06
Epoch 3500 | Train: Loss=0.0094 Acc=99.9% | Test: Acc=6.9% | Best=7.0%(@3420)
  from x3: 0.08 0.07 0.07 0.07 0.07 0.07 0.07 0.07 0.07 0.07 0.07 0.07 0.07 0.07 0.07 0.07 0.07 0.07 0.07 0.07 0.07 0.07 0.07 0.07 0.07 0.07 0.07 0.07 0.07
  per-rule acc: 0.08 0.06
Epoch 3520 | Train: Loss=0.0018 Acc=100.0% | Test: Acc=6.3% | Best=7.0%(@3420)
  from x3: 0.07 0.07 0.06 0.06 0.07 0.06 0.06 0.06 0.06 0.06 0.06 0.06 0.06 0.06 0.06 0.06 0.06 0.06 0.06 0.06 0.06 0.06 0.06 0.06 0.06 0.06 0.06 0.06 0.06
  per-rule acc: 0.07 0.05
Epoch 3540 | Train: Loss=0.0021 Acc=100.0% | Test: Acc=5.7% | Best=7.0%(@3420)
  from x3: 0.06 0.06 0.06 0.06 0.06 0.06 0.06 0.06 0.06 0.06 0.06 0.06 0.06 0.06 0.06 0.06 0.06 0.06 0.06 0.06 0.06 0.06 0.06 0.06 0.06 0.06 0.06 0.06 0.06
  per-rule acc: 0.06 0.05
Epoch 3560 | Train: Loss=0.0047 Acc=99.9% | Test: Acc=7.2% | Best=7.2%(@3560)
  from x3: 0.08 0.08 0.07 0.07 0.07 0.07 0.07 0.07 0.07 0.07 0.07 0.07 0.07 0.07 0.07 0.07 0.07 0.07 0.07 0.07 0.07 0.07 0.07 0.07 0.07 0.07 0.07 0.07 0.07
  per-rule acc: 0.08 0.06
Epoch 3580 | Train: Loss=0.0018 Acc=100.0% | Test: Acc=6.8% | Best=7.2%(@3560)
  from x3: 0.07 0.07 0.07 0.07 0.07 0.07 0.07 0.07 0.07 0.07 0.07 0.07 0.07 0.07 0.07 0.07 0.07 0.07 0.07 0.07 0.07 0.07 0.07 0.07 0.07 0.07 0.07 0.07 0.07
  per-rule acc: 0.08 0.06
Epoch 3600 | Train: Loss=0.0190 Acc=99.9% | Test: Acc=5.8% | Best=7.2%(@3560)
  from x3: 0.06 0.06 0.06 0.06 0.06 0.06 0.06 0.06 0.06 0.06 0.06 0.06 0.06 0.06 0.06 0.06 0.06 0.06 0.06 0.06 0.06 0.06 0.06 0.06 0.06 0.06 0.06 0.06 0.06
  per-rule acc: 0.06 0.05
Epoch 3620 | Train: Loss=0.0016 Acc=100.0% | Test: Acc=6.6% | Best=7.2%(@3560)
  from x3: 0.07 0.07 0.07 0.07 0.07 0.06 0.07 0.07 0.07 0.07 0.07 0.07 0.07 0.07 0.07 0.07 0.07 0.07 0.07 0.07 0.07 0.07 0.07 0.06 0.06 0.06 0.07 0.06 0.06
  per-rule acc: 0.08 0.05
Epoch 3640 | Train: Loss=0.0022 Acc=100.0% | Test: Acc=5.9% | Best=7.2%(@3560)
  from x3: 0.06 0.06 0.06 0.06 0.06 0.06 0.06 0.06 0.06 0.06 0.06 0.06 0.06 0.06 0.06 0.06 0.06 0.06 0.06 0.06 0.06 0.06 0.06 0.06 0.06 0.06 0.06 0.06 0.06
  per-rule acc: 0.06 0.05
Epoch 3660 | Train: Loss=0.0015 Acc=100.0% | Test: Acc=6.7% | Best=7.2%(@3560)
  from x3: 0.08 0.07 0.07 0.07 0.07 0.07 0.07 0.07 0.07 0.07 0.07 0.07 0.07 0.07 0.07 0.07 0.07 0.07 0.07 0.07 0.07 0.07 0.07 0.07 0.07 0.07 0.07 0.07 0.07
  per-rule acc: 0.07 0.06
Epoch 3680 | Train: Loss=0.0030 Acc=99.9% | Test: Acc=6.4% | Best=7.2%(@3560)
  from x3: 0.07 0.06 0.07 0.06 0.06 0.06 0.06 0.06 0.06 0.06 0.06 0.06 0.06 0.06 0.06 0.06 0.06 0.06 0.06 0.06 0.06 0.06 0.06 0.06 0.06 0.06 0.06 0.06 0.06
  per-rule acc: 0.07 0.06
Epoch 3700 | Train: Loss=0.0018 Acc=100.0% | Test: Acc=6.7% | Best=7.2%(@3560)
  from x3: 0.08 0.07 0.07 0.07 0.07 0.07 0.07 0.07 0.07 0.07 0.07 0.07 0.07 0.07 0.07 0.07 0.07 0.07 0.07 0.07 0.07 0.07 0.07 0.07 0.07 0.07 0.07 0.07 0.07
  per-rule acc: 0.08 0.06
Epoch 3720 | Train: Loss=0.0019 Acc=100.0% | Test: Acc=6.5% | Best=7.2%(@3560)
  from x3: 0.07 0.07 0.06 0.06 0.07 0.06 0.06 0.06 0.06 0.06 0.06 0.06 0.06 0.06 0.06 0.06 0.07 0.07 0.07 0.06 0.06 0.06 0.06 0.06 0.06 0.06 0.06 0.06 0.06
  per-rule acc: 0.07 0.06
Epoch 3740 | Train: Loss=0.0043 Acc=99.9% | Test: Acc=5.4% | Best=7.2%(@3560)
  from x3: 0.06 0.06 0.05 0.05 0.05 0.05 0.05 0.05 0.05 0.05 0.05 0.05 0.05 0.05 0.05 0.05 0.05 0.05 0.05 0.05 0.05 0.05 0.05 0.05 0.05 0.05 0.05 0.05 0.05
  per-rule acc: 0.06 0.05
Epoch 3760 | Train: Loss=0.0016 Acc=100.0% | Test: Acc=6.6% | Best=7.2%(@3560)
  from x3: 0.07 0.08 0.07 0.07 0.07 0.07 0.07 0.07 0.07 0.07 0.07 0.07 0.07 0.07 0.07 0.07 0.06 0.07 0.06 0.06 0.06 0.06 0.06 0.06 0.06 0.06 0.06 0.06 0.06
  per-rule acc: 0.08 0.06
Epoch 3780 | Train: Loss=0.0019 Acc=100.0% | Test: Acc=6.0% | Best=7.2%(@3560)
  from x3: 0.06 0.06 0.06 0.06 0.06 0.06 0.06 0.06 0.06 0.06 0.06 0.06 0.06 0.06 0.06 0.06 0.06 0.06 0.06 0.06 0.06 0.06 0.06 0.06 0.06 0.06 0.06 0.06 0.06
  per-rule acc: 0.07 0.05
Epoch 3800 | Train: Loss=0.0526 Acc=99.5% | Test: Acc=6.4% | Best=7.2%(@3560)
  from x3: 0.07 0.07 0.07 0.06 0.07 0.07 0.06 0.06 0.06 0.06 0.06 0.06 0.06 0.06 0.06 0.06 0.06 0.06 0.06 0.06 0.06 0.06 0.06 0.06 0.06 0.06 0.06 0.06 0.06
  per-rule acc: 0.08 0.05
Epoch 3820 | Train: Loss=0.0017 Acc=100.0% | Test: Acc=6.4% | Best=7.2%(@3560)
  from x3: 0.07 0.07 0.07 0.07 0.07 0.06 0.06 0.06 0.06 0.06 0.06 0.06 0.06 0.06 0.06 0.06 0.06 0.06 0.06 0.06 0.06 0.06 0.06 0.06 0.06 0.06 0.06 0.06 0.06
  per-rule acc: 0.07 0.06
Epoch 3840 | Train: Loss=0.1466 Acc=98.6% | Test: Acc=5.8% | Best=7.2%(@3560)
  from x3: 0.07 0.06 0.06 0.06 0.06 0.06 0.06 0.06 0.06 0.06 0.06 0.06 0.06 0.06 0.06 0.06 0.06 0.06 0.06 0.06 0.06 0.06 0.06 0.06 0.06 0.06 0.06 0.05 0.05
  per-rule acc: 0.06 0.05
Epoch 3860 | Train: Loss=0.0019 Acc=100.0% | Test: Acc=6.5% | Best=7.2%(@3560)
  from x3: 0.08 0.07 0.07 0.07 0.07 0.06 0.06 0.06 0.06 0.06 0.06 0.06 0.06 0.06 0.06 0.06 0.06 0.06 0.06 0.06 0.06 0.06 0.06 0.06 0.06 0.06 0.06 0.06 0.06
  per-rule acc: 0.07 0.06
Epoch 3880 | Train: Loss=0.0022 Acc=100.0% | Test: Acc=5.9% | Best=7.2%(@3560)
  from x3: 0.06 0.06 0.06 0.06 0.06 0.06 0.06 0.06 0.06 0.06 0.06 0.06 0.06 0.06 0.06 0.06 0.06 0.06 0.06 0.06 0.06 0.06 0.06 0.06 0.06 0.06 0.06 0.06 0.06
  per-rule acc: 0.07 0.05
Epoch 3900 | Train: Loss=0.0019 Acc=100.0% | Test: Acc=6.7% | Best=7.2%(@3560)
  from x3: 0.07 0.07 0.07 0.07 0.07 0.07 0.07 0.07 0.07 0.07 0.07 0.07 0.07 0.07 0.07 0.07 0.07 0.07 0.07 0.07 0.07 0.07 0.07 0.07 0.07 0.07 0.07 0.07 0.07
  per-rule acc: 0.08 0.06
Epoch 3920 | Train: Loss=0.0019 Acc=100.0% | Test: Acc=6.2% | Best=7.2%(@3560)
  from x3: 0.06 0.06 0.06 0.06 0.06 0.06 0.06 0.06 0.06 0.06 0.06 0.06 0.06 0.06 0.06 0.06 0.06 0.06 0.06 0.06 0.06 0.06 0.06 0.06 0.06 0.06 0.06 0.06 0.06
  per-rule acc: 0.07 0.06
Epoch 3940 | Train: Loss=0.0016 Acc=100.0% | Test: Acc=7.0% | Best=7.2%(@3560)
  from x3: 0.08 0.08 0.07 0.07 0.07 0.07 0.07 0.07 0.07 0.07 0.07 0.07 0.07 0.07 0.07 0.07 0.07 0.07 0.07 0.07 0.07 0.07 0.07 0.07 0.07 0.07 0.07 0.07 0.07
  per-rule acc: 0.08 0.06
Epoch 3960 | Train: Loss=0.0039 Acc=99.9% | Test: Acc=6.1% | Best=7.2%(@3560)
  from x3: 0.07 0.06 0.06 0.06 0.06 0.06 0.06 0.06 0.06 0.06 0.06 0.06 0.06 0.06 0.06 0.06 0.06 0.06 0.06 0.06 0.06 0.06 0.06 0.06 0.06 0.06 0.06 0.06 0.06
  per-rule acc: 0.07 0.06
Epoch 3980 | Train: Loss=0.0015 Acc=100.0% | Test: Acc=6.7% | Best=7.2%(@3560)
  from x3: 0.08 0.07 0.07 0.07 0.07 0.07 0.07 0.07 0.07 0.07 0.07 0.07 0.07 0.07 0.07 0.07 0.07 0.07 0.07 0.07 0.07 0.07 0.07 0.07 0.07 0.07 0.07 0.07 0.07
  per-rule acc: 0.08 0.06
Epoch 4000 | Train: Loss=0.0026 Acc=100.0% | Test: Acc=6.0% | Best=7.2%(@3560)
  from x3: 0.06 0.06 0.06 0.06 0.06 0.06 0.06 0.06 0.06 0.06 0.06 0.06 0.06 0.06 0.06 0.06 0.06 0.06 0.06 0.06 0.06 0.06 0.06 0.06 0.06 0.06 0.06 0.06 0.06
  per-rule acc: 0.06 0.06
Epoch 4020 | Train: Loss=0.0019 Acc=100.0% | Test: Acc=7.2% | Best=7.2%(@3560)
  from x3: 0.09 0.08 0.07 0.07 0.07 0.07 0.07 0.07 0.07 0.07 0.07 0.07 0.07 0.07 0.07 0.07 0.07 0.07 0.07 0.07 0.07 0.07 0.07 0.07 0.07 0.07 0.07 0.07 0.07
  per-rule acc: 0.09 0.06
Epoch 4040 | Train: Loss=0.0017 Acc=100.0% | Test: Acc=6.6% | Best=7.2%(@3560)
  from x3: 0.08 0.07 0.07 0.07 0.07 0.07 0.07 0.07 0.07 0.07 0.07 0.07 0.07 0.07 0.07 0.07 0.07 0.07 0.07 0.07 0.07 0.06 0.07 0.07 0.07 0.06 0.06 0.06 0.06
  per-rule acc: 0.08 0.06
Epoch 4060 | Train: Loss=0.0020 Acc=100.0% | Test: Acc=6.1% | Best=7.2%(@3560)
  from x3: 0.06 0.06 0.06 0.06 0.06 0.06 0.06 0.06 0.06 0.06 0.06 0.06 0.06 0.06 0.06 0.06 0.06 0.06 0.06 0.06 0.06 0.06 0.06 0.06 0.06 0.06 0.06 0.06 0.06
  per-rule acc: 0.07 0.05
Epoch 4080 | Train: Loss=0.0016 Acc=100.0% | Test: Acc=7.3% | Best=7.3%(@4080)
  from x3: 0.08 0.08 0.07 0.07 0.07 0.07 0.07 0.07 0.07 0.07 0.07 0.07 0.07 0.07 0.07 0.07 0.07 0.07 0.07 0.07 0.07 0.07 0.07 0.07 0.07 0.07 0.07 0.07 0.07
  per-rule acc: 0.08 0.06
Epoch 4100 | Train: Loss=0.0019 Acc=100.0% | Test: Acc=6.5% | Best=7.3%(@4080)
  from x3: 0.07 0.07 0.06 0.07 0.07 0.07 0.06 0.06 0.06 0.06 0.07 0.06 0.07 0.07 0.06 0.06 0.06 0.06 0.07 0.06 0.06 0.06 0.06 0.06 0.06 0.06 0.06 0.06 0.06
  per-rule acc: 0.07 0.06
Epoch 4120 | Train: Loss=0.0158 Acc=99.9% | Test: Acc=6.5% | Best=7.3%(@4080)
  from x3: 0.08 0.07 0.07 0.07 0.06 0.06 0.06 0.06 0.06 0.06 0.06 0.06 0.06 0.06 0.06 0.06 0.06 0.06 0.06 0.06 0.06 0.06 0.06 0.06 0.06 0.06 0.06 0.06 0.06
  per-rule acc: 0.07 0.06
Epoch 4140 | Train: Loss=0.0018 Acc=100.0% | Test: Acc=6.5% | Best=7.3%(@4080)
  from x3: 0.07 0.07 0.07 0.07 0.06 0.06 0.06 0.06 0.06 0.06 0.06 0.06 0.06 0.06 0.06 0.06 0.06 0.06 0.06 0.06 0.06 0.06 0.06 0.06 0.06 0.06 0.06 0.06 0.06
  per-rule acc: 0.07 0.06
Epoch 4160 | Train: Loss=0.0019 Acc=100.0% | Test: Acc=7.1% | Best=7.3%(@4080)
  from x3: 0.08 0.07 0.07 0.07 0.07 0.07 0.07 0.07 0.07 0.07 0.07 0.07 0.07 0.07 0.07 0.07 0.07 0.07 0.07 0.07 0.07 0.07 0.07 0.07 0.07 0.07 0.07 0.07 0.07
  per-rule acc: 0.09 0.06
Epoch 4180 | Train: Loss=0.0020 Acc=100.0% | Test: Acc=6.1% | Best=7.3%(@4080)
  from x3: 0.06 0.06 0.06 0.06 0.06 0.06 0.06 0.06 0.06 0.06 0.06 0.06 0.06 0.06 0.06 0.06 0.06 0.06 0.06 0.06 0.06 0.06 0.06 0.06 0.06 0.06 0.06 0.06 0.06
  per-rule acc: 0.07 0.05
Epoch 4200 | Train: Loss=0.0475 Acc=99.9% | Test: Acc=6.8% | Best=7.3%(@4080)
  from x3: 0.07 0.07 0.07 0.07 0.07 0.07 0.07 0.07 0.07 0.07 0.07 0.07 0.07 0.07 0.07 0.07 0.07 0.07 0.07 0.07 0.07 0.07 0.07 0.07 0.07 0.07 0.07 0.07 0.07
  per-rule acc: 0.08 0.06
Epoch 4220 | Train: Loss=0.0017 Acc=100.0% | Test: Acc=6.4% | Best=7.3%(@4080)
  from x3: 0.07 0.07 0.06 0.06 0.06 0.06 0.06 0.06 0.06 0.06 0.06 0.06 0.06 0.06 0.06 0.06 0.06 0.06 0.06 0.06 0.06 0.06 0.06 0.06 0.06 0.06 0.06 0.06 0.06
  per-rule acc: 0.07 0.06
Epoch 4240 | Train: Loss=0.0039 Acc=99.9% | Test: Acc=6.0% | Best=7.3%(@4080)
  from x3: 0.06 0.06 0.06 0.06 0.06 0.06 0.06 0.06 0.06 0.06 0.06 0.06 0.06 0.06 0.06 0.06 0.06 0.06 0.06 0.06 0.06 0.06 0.06 0.06 0.06 0.06 0.06 0.06 0.06
  per-rule acc: 0.06 0.06
Epoch 4260 | Train: Loss=0.0018 Acc=100.0% | Test: Acc=7.4% | Best=7.4%(@4260)
  from x3: 0.08 0.08 0.07 0.07 0.07 0.07 0.07 0.07 0.07 0.07 0.07 0.07 0.07 0.07 0.07 0.07 0.07 0.07 0.07 0.07 0.07 0.07 0.07 0.07 0.07 0.07 0.07 0.07 0.07
  per-rule acc: 0.08 0.06
Epoch 4280 | Train: Loss=0.0018 Acc=100.0% | Test: Acc=6.5% | Best=7.4%(@4260)
  from x3: 0.07 0.07 0.06 0.07 0.07 0.07 0.07 0.06 0.06 0.06 0.07 0.07 0.07 0.07 0.07 0.07 0.07 0.06 0.07 0.07 0.07 0.07 0.07 0.07 0.07 0.07 0.07 0.07 0.06
  per-rule acc: 0.07 0.06
Epoch 4300 | Train: Loss=0.0018 Acc=100.0% | Test: Acc=6.6% | Best=7.4%(@4260)
  from x3: 0.08 0.07 0.07 0.07 0.07 0.07 0.07 0.07 0.07 0.07 0.07 0.07 0.07 0.07 0.07 0.07 0.07 0.07 0.07 0.07 0.07 0.07 0.07 0.07 0.07 0.07 0.07 0.07 0.07
  per-rule acc: 0.08 0.06
Epoch 4320 | Train: Loss=0.0019 Acc=100.0% | Test: Acc=6.1% | Best=7.4%(@4260)
  from x3: 0.07 0.06 0.06 0.06 0.06 0.06 0.06 0.06 0.06 0.06 0.06 0.06 0.06 0.06 0.06 0.06 0.06 0.06 0.06 0.06 0.06 0.06 0.06 0.06 0.06 0.06 0.06 0.06 0.06
  per-rule acc: 0.07 0.05
Epoch 4340 | Train: Loss=0.0114 Acc=99.9% | Test: Acc=6.1% | Best=7.4%(@4260)
  from x3: 0.07 0.07 0.06 0.06 0.06 0.06 0.06 0.06 0.06 0.06 0.06 0.06 0.06 0.06 0.06 0.06 0.06 0.06 0.06 0.06 0.06 0.06 0.06 0.06 0.06 0.06 0.06 0.06 0.06
  per-rule acc: 0.07 0.05
Epoch 4360 | Train: Loss=0.0016 Acc=100.0% | Test: Acc=6.4% | Best=7.4%(@4260)
  from x3: 0.07 0.07 0.06 0.06 0.06 0.06 0.06 0.06 0.06 0.06 0.06 0.06 0.06 0.06 0.06 0.06 0.06 0.06 0.06 0.06 0.06 0.06 0.06 0.06 0.06 0.06 0.06 0.06 0.06
  per-rule acc: 0.07 0.06
Epoch 4380 | Train: Loss=0.0021 Acc=100.0% | Test: Acc=5.9% | Best=7.4%(@4260)
  from x3: 0.06 0.06 0.06 0.06 0.06 0.06 0.06 0.06 0.06 0.06 0.06 0.06 0.06 0.06 0.06 0.06 0.06 0.06 0.06 0.06 0.06 0.06 0.06 0.06 0.06 0.06 0.06 0.06 0.06
  per-rule acc: 0.06 0.06
Epoch 4400 | Train: Loss=0.0015 Acc=100.0% | Test: Acc=7.2% | Best=7.4%(@4260)
  from x3: 0.08 0.07 0.07 0.07 0.07 0.07 0.07 0.07 0.07 0.07 0.07 0.07 0.07 0.07 0.07 0.07 0.07 0.07 0.07 0.07 0.07 0.07 0.07 0.07 0.07 0.07 0.07 0.07 0.07
  per-rule acc: 0.09 0.06
Epoch 4420 | Train: Loss=0.0023 Acc=100.0% | Test: Acc=6.4% | Best=7.4%(@4260)
  from x3: 0.07 0.06 0.06 0.06 0.06 0.06 0.07 0.07 0.06 0.06 0.06 0.06 0.06 0.06 0.06 0.06 0.06 0.06 0.06 0.06 0.06 0.06 0.06 0.06 0.06 0.06 0.06 0.06 0.06
  per-rule acc: 0.07 0.06
Epoch 4440 | Train: Loss=0.0033 Acc=99.9% | Test: Acc=6.0% | Best=7.4%(@4260)
  from x3: 0.06 0.07 0.06 0.06 0.06 0.06 0.06 0.06 0.06 0.06 0.06 0.06 0.06 0.06 0.06 0.06 0.06 0.06 0.06 0.06 0.06 0.06 0.06 0.06 0.06 0.06 0.06 0.06 0.06
  per-rule acc: 0.06 0.06
Epoch 4460 | Train: Loss=0.0015 Acc=100.0% | Test: Acc=6.8% | Best=7.4%(@4260)
  from x3: 0.08 0.08 0.07 0.07 0.07 0.07 0.07 0.07 0.07 0.07 0.07 0.07 0.07 0.07 0.07 0.07 0.07 0.07 0.07 0.07 0.07 0.07 0.07 0.07 0.07 0.07 0.07 0.07 0.07
  per-rule acc: 0.08 0.06
Epoch 4480 | Train: Loss=0.0020 Acc=100.0% | Test: Acc=6.1% | Best=7.4%(@4260)
  from x3: 0.06 0.06 0.06 0.06 0.06 0.06 0.06 0.06 0.06 0.06 0.06 0.06 0.06 0.06 0.06 0.06 0.06 0.06 0.06 0.06 0.06 0.06 0.06 0.06 0.06 0.06 0.06 0.06 0.06
  per-rule acc: 0.06 0.06
Epoch 4500 | Train: Loss=0.0032 Acc=100.0% | Test: Acc=5.6% | Best=7.4%(@4260)
  from x3: 0.06 0.06 0.06 0.06 0.06 0.06 0.06 0.06 0.06 0.06 0.06 0.06 0.06 0.06 0.06 0.06 0.06 0.06 0.06 0.06 0.06 0.06 0.06 0.06 0.06 0.06 0.06 0.06 0.06
  per-rule acc: 0.06 0.05
Epoch 4520 | Train: Loss=0.0014 Acc=100.0% | Test: Acc=6.9% | Best=7.4%(@4260)
  from x3: 0.08 0.07 0.07 0.07 0.07 0.07 0.07 0.07 0.07 0.07 0.07 0.07 0.07 0.07 0.07 0.07 0.07 0.07 0.07 0.07 0.07 0.07 0.07 0.07 0.07 0.07 0.07 0.07 0.07
  per-rule acc: 0.08 0.06
Epoch 4540 | Train: Loss=0.0035 Acc=99.9% | Test: Acc=6.0% | Best=7.4%(@4260)
  from x3: 0.07 0.06 0.06 0.06 0.06 0.06 0.06 0.06 0.06 0.06 0.06 0.06 0.06 0.06 0.06 0.06 0.06 0.06 0.06 0.06 0.06 0.06 0.06 0.06 0.06 0.06 0.06 0.06 0.06
  per-rule acc: 0.06 0.06
Epoch 4560 | Train: Loss=0.0020 Acc=100.0% | Test: Acc=7.1% | Best=7.4%(@4260)
  from x3: 0.08 0.07 0.07 0.07 0.07 0.07 0.07 0.07 0.07 0.07 0.07 0.07 0.07 0.07 0.07 0.07 0.07 0.07 0.07 0.07 0.07 0.07 0.07 0.07 0.07 0.07 0.07 0.07 0.07
  per-rule acc: 0.08 0.07
Epoch 4580 | Train: Loss=0.0017 Acc=100.0% | Test: Acc=6.5% | Best=7.4%(@4260)
  from x3: 0.07 0.07 0.07 0.06 0.06 0.06 0.06 0.06 0.06 0.06 0.06 0.06 0.06 0.06 0.06 0.06 0.06 0.06 0.06 0.06 0.07 0.06 0.06 0.07 0.06 0.07 0.06 0.06 0.06
  per-rule acc: 0.07 0.06
Epoch 4600 | Train: Loss=0.0017 Acc=100.0% | Test: Acc=5.9% | Best=7.4%(@4260)
  from x3: 0.06 0.06 0.06 0.06 0.06 0.06 0.06 0.06 0.06 0.06 0.06 0.06 0.06 0.06 0.06 0.06 0.06 0.06 0.06 0.06 0.06 0.06 0.06 0.06 0.06 0.06 0.06 0.06 0.06
  per-rule acc: 0.06 0.06
Epoch 4620 | Train: Loss=0.0019 Acc=100.0% | Test: Acc=7.6% | Best=7.6%(@4620)
  from x3: 0.09 0.08 0.08 0.08 0.08 0.08 0.08 0.08 0.08 0.08 0.08 0.08 0.08 0.08 0.08 0.08 0.08 0.08 0.08 0.08 0.08 0.08 0.08 0.08 0.08 0.08 0.08 0.08 0.08
  per-rule acc: 0.08 0.07
Epoch 4640 | Train: Loss=0.0018 Acc=100.0% | Test: Acc=6.8% | Best=7.6%(@4620)
  from x3: 0.07 0.07 0.07 0.07 0.07 0.07 0.07 0.07 0.07 0.07 0.07 0.07 0.07 0.07 0.07 0.07 0.07 0.07 0.07 0.07 0.07 0.07 0.07 0.07 0.07 0.07 0.07 0.07 0.07
  per-rule acc: 0.07 0.06
Epoch 4660 | Train: Loss=0.0022 Acc=100.0% | Test: Acc=6.4% | Best=7.6%(@4620)
  from x3: 0.06 0.06 0.06 0.06 0.06 0.06 0.06 0.06 0.06 0.06 0.06 0.06 0.06 0.06 0.06 0.06 0.06 0.06 0.06 0.06 0.06 0.06 0.06 0.06 0.06 0.06 0.06 0.06 0.06
  per-rule acc: 0.07 0.06
Epoch 4680 | Train: Loss=0.0017 Acc=100.0% | Test: Acc=6.9% | Best=7.6%(@4620)
  from x3: 0.08 0.07 0.07 0.07 0.07 0.07 0.07 0.07 0.07 0.07 0.07 0.07 0.07 0.07 0.07 0.07 0.07 0.07 0.07 0.07 0.07 0.07 0.07 0.07 0.07 0.07 0.07 0.07 0.07
  per-rule acc: 0.08 0.06
Epoch 4700 | Train: Loss=0.0017 Acc=100.0% | Test: Acc=6.8% | Best=7.6%(@4620)
  from x3: 0.08 0.07 0.07 0.07 0.07 0.07 0.07 0.07 0.07 0.07 0.07 0.07 0.07 0.07 0.07 0.07 0.07 0.07 0.07 0.07 0.07 0.07 0.07 0.07 0.07 0.07 0.07 0.07 0.07
  per-rule acc: 0.08 0.06
Epoch 4720 | Train: Loss=0.0029 Acc=100.0% | Test: Acc=6.4% | Best=7.6%(@4620)
  from x3: 0.07 0.07 0.06 0.06 0.06 0.06 0.06 0.06 0.06 0.06 0.06 0.06 0.06 0.06 0.06 0.06 0.06 0.06 0.06 0.06 0.06 0.06 0.06 0.06 0.06 0.06 0.06 0.06 0.06
  per-rule acc: 0.07 0.06
Epoch 4740 | Train: Loss=0.0021 Acc=100.0% | Test: Acc=5.8% | Best=7.6%(@4620)
  from x3: 0.06 0.06 0.06 0.06 0.06 0.06 0.06 0.06 0.06 0.06 0.06 0.06 0.06 0.06 0.06 0.06 0.06 0.06 0.06 0.06 0.06 0.06 0.06 0.06 0.06 0.06 0.06 0.06 0.06
  per-rule acc: 0.06 0.05
Epoch 4760 | Train: Loss=0.0015 Acc=100.0% | Test: Acc=7.1% | Best=7.6%(@4620)
  from x3: 0.07 0.08 0.07 0.07 0.07 0.07 0.07 0.07 0.07 0.07 0.07 0.07 0.07 0.07 0.07 0.07 0.07 0.07 0.07 0.07 0.07 0.07 0.07 0.07 0.07 0.07 0.07 0.07 0.07
  per-rule acc: 0.08 0.06
Epoch 4780 | Train: Loss=0.0018 Acc=100.0% | Test: Acc=6.5% | Best=7.6%(@4620)
  from x3: 0.07 0.07 0.06 0.06 0.07 0.06 0.06 0.06 0.07 0.07 0.07 0.07 0.07 0.07 0.07 0.07 0.07 0.07 0.07 0.07 0.07 0.07 0.07 0.07 0.07 0.07 0.07 0.07 0.07
  per-rule acc: 0.07 0.06
Epoch 4800 | Train: Loss=0.0020 Acc=100.0% | Test: Acc=7.2% | Best=7.6%(@4620)
  from x3: 0.08 0.08 0.07 0.07 0.07 0.07 0.07 0.07 0.07 0.07 0.07 0.07 0.07 0.07 0.07 0.07 0.07 0.07 0.07 0.07 0.07 0.07 0.07 0.07 0.07 0.07 0.07 0.07 0.07
  per-rule acc: 0.08 0.07
Epoch 4820 | Train: Loss=0.0018 Acc=100.0% | Test: Acc=6.6% | Best=7.6%(@4620)
  from x3: 0.07 0.07 0.07 0.06 0.07 0.07 0.07 0.07 0.07 0.07 0.07 0.07 0.07 0.07 0.07 0.07 0.07 0.07 0.07 0.07 0.07 0.07 0.07 0.07 0.07 0.07 0.07 0.07 0.07
  per-rule acc: 0.07 0.06
Epoch 4840 | Train: Loss=0.0025 Acc=100.0% | Test: Acc=6.2% | Best=7.6%(@4620)
  from x3: 0.06 0.06 0.06 0.06 0.06 0.06 0.06 0.06 0.06 0.06 0.06 0.06 0.06 0.06 0.06 0.06 0.06 0.06 0.06 0.06 0.06 0.06 0.06 0.06 0.06 0.06 0.06 0.06 0.06
  per-rule acc: 0.07 0.06
Epoch 4860 | Train: Loss=0.0023 Acc=100.0% | Test: Acc=5.4% | Best=7.6%(@4620)
  from x3: 0.06 0.06 0.05 0.05 0.05 0.05 0.05 0.05 0.05 0.05 0.05 0.05 0.05 0.05 0.05 0.05 0.05 0.05 0.05 0.05 0.05 0.05 0.05 0.05 0.05 0.05 0.05 0.05 0.05
  per-rule acc: 0.06 0.05
Epoch 4880 | Train: Loss=0.0014 Acc=100.0% | Test: Acc=6.9% | Best=7.6%(@4620)
  from x3: 0.08 0.07 0.07 0.07 0.07 0.07 0.07 0.07 0.07 0.07 0.07 0.07 0.07 0.07 0.07 0.07 0.07 0.07 0.07 0.07 0.07 0.07 0.07 0.07 0.07 0.07 0.07 0.07 0.07
  per-rule acc: 0.08 0.06
Epoch 4900 | Train: Loss=0.0020 Acc=100.0% | Test: Acc=6.2% | Best=7.6%(@4620)
  from x3: 0.07 0.06 0.06 0.06 0.06 0.06 0.06 0.06 0.06 0.06 0.06 0.06 0.06 0.06 0.06 0.06 0.06 0.06 0.06 0.06 0.06 0.06 0.06 0.06 0.06 0.06 0.06 0.06 0.06
  per-rule acc: 0.07 0.06
Epoch 4920 | Train: Loss=0.0018 Acc=100.0% | Test: Acc=5.9% | Best=7.6%(@4620)
  from x3: 0.06 0.06 0.06 0.06 0.06 0.06 0.06 0.06 0.06 0.06 0.06 0.06 0.06 0.06 0.06 0.06 0.06 0.06 0.06 0.06 0.06 0.06 0.06 0.06 0.06 0.06 0.06 0.06 0.06
  per-rule acc: 0.07 0.05
Epoch 4940 | Train: Loss=0.0014 Acc=100.0% | Test: Acc=6.7% | Best=7.6%(@4620)
  from x3: 0.08 0.07 0.07 0.07 0.07 0.07 0.07 0.07 0.07 0.07 0.07 0.07 0.07 0.07 0.07 0.07 0.07 0.07 0.07 0.07 0.07 0.07 0.07 0.07 0.07 0.06 0.06 0.06 0.06
  per-rule acc: 0.08 0.06
Epoch 4960 | Train: Loss=0.0024 Acc=100.0% | Test: Acc=5.8% | Best=7.6%(@4620)
  from x3: 0.06 0.06 0.06 0.06 0.06 0.06 0.06 0.06 0.06 0.06 0.06 0.06 0.06 0.06 0.06 0.06 0.06 0.06 0.06 0.06 0.06 0.06 0.06 0.06 0.06 0.06 0.06 0.06 0.06
  per-rule acc: 0.07 0.05
Epoch 4980 | Train: Loss=0.0016 Acc=100.0% | Test: Acc=6.8% | Best=7.6%(@4620)
  from x3: 0.08 0.07 0.07 0.07 0.07 0.07 0.07 0.07 0.07 0.07 0.07 0.07 0.07 0.07 0.07 0.07 0.07 0.07 0.07 0.07 0.07 0.07 0.07 0.07 0.07 0.07 0.07 0.07 0.07
  per-rule acc: 0.08 0.06
Epoch 5000 | Train: Loss=0.0016 Acc=100.0% | Test: Acc=6.5% | Best=7.6%(@4620)
  from x3: 0.07 0.07 0.07 0.07 0.07 0.06 0.06 0.06 0.06 0.06 0.06 0.06 0.06 0.06 0.06 0.06 0.06 0.06 0.06 0.06 0.06 0.06 0.06 0.06 0.06 0.06 0.06 0.06 0.06
  per-rule acc: 0.07 0.06
Epoch 5020 | Train: Loss=0.0030 Acc=100.0% | Test: Acc=6.2% | Best=7.6%(@4620)
  from x3: 0.06 0.06 0.06 0.06 0.06 0.06 0.06 0.06 0.06 0.06 0.06 0.06 0.06 0.06 0.06 0.06 0.06 0.06 0.06 0.06 0.06 0.06 0.06 0.06 0.06 0.06 0.06 0.06 0.06
  per-rule acc: 0.07 0.06
Epoch 5040 | Train: Loss=0.0021 Acc=100.0% | Test: Acc=5.8% | Best=7.6%(@4620)
  from x3: 0.06 0.06 0.06 0.06 0.06 0.06 0.06 0.06 0.06 0.06 0.06 0.06 0.06 0.06 0.06 0.06 0.06 0.06 0.06 0.06 0.06 0.06 0.06 0.06 0.06 0.06 0.06 0.06 0.06
  per-rule acc: 0.06 0.05
Epoch 5060 | Train: Loss=0.0025 Acc=100.0% | Test: Acc=6.9% | Best=7.6%(@4620)
  from x3: 0.08 0.07 0.07 0.07 0.07 0.07 0.07 0.07 0.07 0.07 0.07 0.07 0.07 0.07 0.07 0.07 0.07 0.07 0.07 0.07 0.07 0.07 0.07 0.07 0.07 0.07 0.07 0.07 0.07
  per-rule acc: 0.08 0.06
Epoch 5080 | Train: Loss=0.0016 Acc=100.0% | Test: Acc=6.5% | Best=7.6%(@4620)
  from x3: 0.07 0.07 0.06 0.07 0.07 0.07 0.06 0.06 0.06 0.06 0.06 0.06 0.06 0.06 0.06 0.06 0.06 0.06 0.06 0.06 0.06 0.06 0.06 0.06 0.06 0.06 0.06 0.06 0.06
  per-rule acc: 0.07 0.06
Epoch 5100 | Train: Loss=0.0020 Acc=100.0% | Test: Acc=6.0% | Best=7.6%(@4620)
  from x3: 0.06 0.06 0.06 0.06 0.06 0.06 0.06 0.06 0.06 0.06 0.06 0.06 0.06 0.06 0.06 0.06 0.06 0.06 0.06 0.06 0.06 0.06 0.06 0.06 0.06 0.06 0.06 0.06 0.06
  per-rule acc: 0.07 0.05
Epoch 5120 | Train: Loss=0.0024 Acc=100.0% | Test: Acc=6.0% | Best=7.6%(@4620)
  from x3: 0.06 0.06 0.06 0.06 0.06 0.06 0.06 0.06 0.06 0.06 0.06 0.06 0.06 0.06 0.06 0.06 0.06 0.06 0.06 0.06 0.06 0.06 0.06 0.06 0.06 0.06 0.06 0.06 0.06
  per-rule acc: 0.06 0.06
Epoch 5140 | Train: Loss=0.0015 Acc=100.0% | Test: Acc=6.8% | Best=7.6%(@4620)
  from x3: 0.08 0.07 0.07 0.07 0.07 0.07 0.07 0.07 0.07 0.07 0.07 0.07 0.07 0.07 0.07 0.07 0.07 0.07 0.07 0.07 0.07 0.07 0.07 0.07 0.07 0.07 0.07 0.07 0.07
  per-rule acc: 0.08 0.06
Epoch 5160 | Train: Loss=0.0035 Acc=99.9% | Test: Acc=6.5% | Best=7.6%(@4620)
  from x3: 0.07 0.07 0.07 0.07 0.07 0.07 0.06 0.06 0.06 0.06 0.06 0.06 0.06 0.07 0.07 0.07 0.07 0.07 0.07 0.07 0.07 0.07 0.07 0.07 0.07 0.07 0.07 0.07 0.07
  per-rule acc: 0.07 0.06
Epoch 5180 | Train: Loss=0.0027 Acc=99.9% | Test: Acc=5.4% | Best=7.6%(@4620)
  from x3: 0.06 0.06 0.06 0.05 0.05 0.05 0.05 0.05 0.05 0.05 0.05 0.05 0.05 0.05 0.05 0.05 0.05 0.05 0.05 0.05 0.05 0.05 0.05 0.05 0.05 0.05 0.05 0.05 0.05
  per-rule acc: 0.06 0.05
Epoch 5200 | Train: Loss=0.0019 Acc=100.0% | Test: Acc=5.9% | Best=7.6%(@4620)
  from x3: 0.06 0.06 0.06 0.06 0.06 0.06 0.06 0.06 0.06 0.06 0.06 0.06 0.06 0.06 0.06 0.06 0.06 0.06 0.06 0.06 0.06 0.06 0.06 0.06 0.06 0.06 0.06 0.06 0.06
  per-rule acc: 0.06 0.05
Epoch 5220 | Train: Loss=0.0014 Acc=100.0% | Test: Acc=7.0% | Best=7.6%(@4620)
  from x3: 0.08 0.07 0.07 0.07 0.07 0.07 0.07 0.07 0.07 0.07 0.07 0.07 0.07 0.07 0.07 0.07 0.07 0.07 0.07 0.07 0.07 0.07 0.07 0.07 0.07 0.07 0.07 0.07 0.07
  per-rule acc: 0.08 0.06
Epoch 5240 | Train: Loss=0.0016 Acc=100.0% | Test: Acc=6.4% | Best=7.6%(@4620)
  from x3: 0.07 0.06 0.06 0.06 0.06 0.06 0.06 0.06 0.06 0.06 0.06 0.06 0.06 0.06 0.06 0.06 0.06 0.06 0.06 0.06 0.06 0.06 0.06 0.06 0.06 0.06 0.06 0.06 0.06
  per-rule acc: 0.07 0.06
Epoch 5260 | Train: Loss=0.0020 Acc=100.0% | Test: Acc=5.5% | Best=7.6%(@4620)
  from x3: 0.05 0.06 0.06 0.06 0.06 0.06 0.06 0.06 0.06 0.06 0.06 0.06 0.06 0.06 0.06 0.06 0.06 0.06 0.06 0.06 0.06 0.06 0.06 0.06 0.06 0.06 0.06 0.06 0.06
  per-rule acc: 0.06 0.05
Epoch 5280 | Train: Loss=0.0013 Acc=100.0% | Test: Acc=6.8% | Best=7.6%(@4620)
  from x3: 0.08 0.07 0.07 0.07 0.07 0.07 0.07 0.07 0.07 0.07 0.07 0.07 0.07 0.07 0.07 0.07 0.07 0.07 0.07 0.07 0.07 0.07 0.07 0.07 0.07 0.07 0.07 0.07 0.07
  per-rule acc: 0.08 0.06
Epoch 5300 | Train: Loss=0.0019 Acc=100.0% | Test: Acc=6.5% | Best=7.6%(@4620)
  from x3: 0.07 0.07 0.07 0.06 0.06 0.07 0.06 0.06 0.06 0.06 0.06 0.06 0.06 0.06 0.06 0.06 0.06 0.06 0.06 0.06 0.06 0.06 0.06 0.06 0.06 0.06 0.06 0.06 0.06
  per-rule acc: 0.07 0.06
Epoch 5320 | Train: Loss=0.0032 Acc=99.9% | Test: Acc=6.1% | Best=7.6%(@4620)
  from x3: 0.06 0.06 0.06 0.06 0.06 0.06 0.06 0.06 0.06 0.06 0.06 0.06 0.06 0.06 0.06 0.06 0.06 0.06 0.06 0.06 0.06 0.06 0.06 0.06 0.06 0.06 0.06 0.06 0.06
  per-rule acc: 0.07 0.05
Epoch 5340 | Train: Loss=0.0020 Acc=100.0% | Test: Acc=5.7% | Best=7.6%(@4620)
  from x3: 0.06 0.06 0.06 0.06 0.06 0.06 0.06 0.06 0.06 0.06 0.06 0.06 0.06 0.06 0.06 0.06 0.06 0.06 0.06 0.06 0.06 0.06 0.06 0.06 0.06 0.06 0.06 0.06 0.06
  per-rule acc: 0.06 0.05
Epoch 5360 | Train: Loss=0.1513 Acc=99.4% | Test: Acc=5.9% | Best=7.6%(@4620)
  from x3: 0.05 0.06 0.06 0.06 0.06 0.06 0.06 0.06 0.06 0.06 0.06 0.06 0.06 0.06 0.06 0.06 0.06 0.06 0.06 0.06 0.06 0.06 0.06 0.06 0.06 0.06 0.06 0.06 0.06
  per-rule acc: 0.06 0.06
Epoch 5380 | Train: Loss=0.0014 Acc=100.0% | Test: Acc=7.0% | Best=7.6%(@4620)
  from x3: 0.07 0.07 0.07 0.07 0.07 0.07 0.07 0.07 0.07 0.07 0.07 0.07 0.07 0.07 0.07 0.07 0.07 0.07 0.07 0.07 0.07 0.07 0.07 0.07 0.07 0.07 0.07 0.07 0.07
  per-rule acc: 0.08 0.06
Epoch 5400 | Train: Loss=0.0021 Acc=100.0% | Test: Acc=6.0% | Best=7.6%(@4620)
  from x3: 0.06 0.06 0.06 0.06 0.06 0.06 0.06 0.06 0.06 0.06 0.06 0.06 0.06 0.06 0.06 0.06 0.06 0.06 0.06 0.06 0.06 0.06 0.06 0.06 0.06 0.06 0.06 0.06 0.06
  per-rule acc: 0.07 0.05
Epoch 5420 | Train: Loss=0.0018 Acc=100.0% | Test: Acc=5.8% | Best=7.6%(@4620)
  from x3: 0.06 0.06 0.06 0.06 0.06 0.06 0.06 0.06 0.06 0.06 0.06 0.06 0.06 0.06 0.06 0.06 0.06 0.06 0.06 0.06 0.06 0.06 0.06 0.06 0.06 0.06 0.06 0.06 0.06
  per-rule acc: 0.06 0.05
Epoch 5440 | Train: Loss=0.0017 Acc=100.0% | Test: Acc=6.8% | Best=7.6%(@4620)
  from x3: 0.07 0.07 0.07 0.06 0.07 0.07 0.07 0.07 0.07 0.07 0.07 0.07 0.07 0.07 0.07 0.07 0.07 0.07 0.07 0.07 0.07 0.07 0.07 0.07 0.07 0.07 0.07 0.07 0.07
  per-rule acc: 0.08 0.06
Epoch 5460 | Train: Loss=0.0015 Acc=100.0% | Test: Acc=6.6% | Best=7.6%(@4620)
  from x3: 0.07 0.07 0.07 0.07 0.07 0.07 0.07 0.07 0.07 0.07 0.07 0.07 0.07 0.07 0.07 0.07 0.07 0.07 0.07 0.07 0.07 0.07 0.07 0.07 0.07 0.07 0.07 0.07 0.07
  per-rule acc: 0.07 0.06
Epoch 5480 | Train: Loss=0.0019 Acc=100.0% | Test: Acc=6.1% | Best=7.6%(@4620)
  from x3: 0.06 0.06 0.06 0.06 0.06 0.06 0.06 0.06 0.06 0.06 0.06 0.06 0.06 0.06 0.06 0.06 0.06 0.06 0.06 0.06 0.06 0.06 0.06 0.06 0.06 0.06 0.06 0.06 0.06
  per-rule acc: 0.07 0.06
Epoch 5500 | Train: Loss=0.0014 Acc=100.0% | Test: Acc=7.1% | Best=7.6%(@4620)
  from x3: 0.08 0.08 0.07 0.07 0.07 0.07 0.07 0.07 0.07 0.07 0.07 0.07 0.07 0.07 0.07 0.07 0.07 0.07 0.07 0.07 0.07 0.07 0.07 0.07 0.07 0.07 0.07 0.07 0.07
  per-rule acc: 0.08 0.06
Epoch 5520 | Train: Loss=0.0017 Acc=100.0% | Test: Acc=6.3% | Best=7.6%(@4620)
  from x3: 0.06 0.06 0.06 0.06 0.06 0.06 0.06 0.06 0.06 0.06 0.06 0.06 0.06 0.06 0.06 0.06 0.06 0.06 0.06 0.06 0.06 0.06 0.06 0.06 0.06 0.06 0.06 0.06 0.06
  per-rule acc: 0.07 0.06
Epoch 5540 | Train: Loss=0.0030 Acc=100.0% | Test: Acc=5.5% | Best=7.6%(@4620)
  from x3: 0.06 0.06 0.05 0.06 0.06 0.06 0.06 0.05 0.05 0.05 0.05 0.05 0.05 0.05 0.05 0.05 0.05 0.05 0.05 0.05 0.05 0.05 0.05 0.06 0.06 0.06 0.06 0.06 0.06
  per-rule acc: 0.06 0.05
Epoch 5560 | Train: Loss=0.0013 Acc=100.0% | Test: Acc=6.5% | Best=7.6%(@4620)
  from x3: 0.07 0.07 0.07 0.07 0.07 0.07 0.07 0.06 0.06 0.06 0.07 0.07 0.06 0.07 0.07 0.07 0.07 0.07 0.06 0.06 0.06 0.06 0.06 0.06 0.06 0.06 0.06 0.06 0.06
  per-rule acc: 0.08 0.05
Epoch 5580 | Train: Loss=0.0015 Acc=100.0% | Test: Acc=6.2% | Best=7.6%(@4620)
  from x3: 0.07 0.06 0.06 0.06 0.06 0.06 0.06 0.06 0.06 0.06 0.06 0.06 0.06 0.06 0.06 0.06 0.06 0.06 0.06 0.06 0.06 0.06 0.06 0.06 0.06 0.06 0.06 0.06 0.06
  per-rule acc: 0.07 0.05
Epoch 5600 | Train: Loss=0.0033 Acc=99.9% | Test: Acc=5.4% | Best=7.6%(@4620)
  from x3: 0.05 0.06 0.06 0.05 0.05 0.05 0.05 0.05 0.05 0.05 0.05 0.05 0.05 0.05 0.05 0.05 0.05 0.05 0.05 0.05 0.05 0.05 0.05 0.05 0.05 0.05 0.05 0.05 0.05
  per-rule acc: 0.06 0.05
Epoch 5620 | Train: Loss=0.0014 Acc=100.0% | Test: Acc=6.6% | Best=7.6%(@4620)
  from x3: 0.07 0.07 0.07 0.07 0.07 0.06 0.06 0.06 0.06 0.06 0.06 0.07 0.07 0.07 0.07 0.07 0.07 0.07 0.07 0.07 0.07 0.07 0.07 0.07 0.07 0.07 0.07 0.07 0.07
  per-rule acc: 0.07 0.06
Epoch 5640 | Train: Loss=0.0031 Acc=100.0% | Test: Acc=6.5% | Best=7.6%(@4620)
  from x3: 0.07 0.07 0.06 0.07 0.06 0.06 0.06 0.06 0.06 0.06 0.06 0.06 0.06 0.06 0.06 0.06 0.06 0.06 0.06 0.06 0.07 0.07 0.07 0.06 0.06 0.07 0.07 0.07 0.07
  per-rule acc: 0.07 0.06
Epoch 5660 | Train: Loss=0.0016 Acc=100.0% | Test: Acc=6.8% | Best=7.6%(@4620)
  from x3: 0.07 0.07 0.07 0.07 0.07 0.07 0.07 0.07 0.07 0.07 0.07 0.07 0.07 0.07 0.07 0.07 0.07 0.07 0.07 0.07 0.07 0.07 0.07 0.07 0.07 0.07 0.07 0.07 0.07
  per-rule acc: 0.07 0.06
Epoch 5680 | Train: Loss=0.0053 Acc=99.9% | Test: Acc=5.3% | Best=7.6%(@4620)
  from x3: 0.06 0.06 0.05 0.05 0.05 0.05 0.05 0.05 0.05 0.05 0.05 0.05 0.05 0.05 0.05 0.05 0.05 0.05 0.05 0.05 0.05 0.05 0.05 0.05 0.05 0.05 0.05 0.05 0.05
  per-rule acc: 0.06 0.05
Epoch 5700 | Train: Loss=0.0018 Acc=100.0% | Test: Acc=6.0% | Best=7.6%(@4620)
  from x3: 0.06 0.06 0.06 0.06 0.06 0.06 0.06 0.06 0.06 0.06 0.06 0.06 0.06 0.06 0.06 0.06 0.06 0.06 0.06 0.06 0.06 0.06 0.06 0.06 0.06 0.06 0.06 0.06 0.06
  per-rule acc: 0.07 0.05
Epoch 5720 | Train: Loss=0.0016 Acc=100.0% | Test: Acc=6.7% | Best=7.6%(@4620)
  from x3: 0.07 0.07 0.07 0.07 0.07 0.07 0.07 0.07 0.07 0.07 0.07 0.07 0.07 0.07 0.07 0.07 0.07 0.07 0.07 0.07 0.07 0.07 0.07 0.07 0.07 0.07 0.07 0.07 0.07
  per-rule acc: 0.08 0.06
Epoch 5740 | Train: Loss=0.0017 Acc=100.0% | Test: Acc=6.5% | Best=7.6%(@4620)
  from x3: 0.07 0.07 0.07 0.07 0.07 0.07 0.06 0.06 0.07 0.06 0.06 0.06 0.06 0.06 0.06 0.06 0.06 0.06 0.06 0.06 0.07 0.07 0.07 0.07 0.07 0.07 0.07 0.07 0.06
  per-rule acc: 0.07 0.06
Epoch 5760 | Train: Loss=0.0034 Acc=99.9% | Test: Acc=5.7% | Best=7.6%(@4620)
  from x3: 0.06 0.06 0.06 0.06 0.06 0.06 0.06 0.06 0.06 0.06 0.06 0.06 0.06 0.06 0.06 0.06 0.06 0.06 0.06 0.06 0.06 0.06 0.06 0.06 0.06 0.06 0.06 0.06 0.06
  per-rule acc: 0.07 0.05
Epoch 5780 | Train: Loss=0.0018 Acc=100.0% | Test: Acc=5.9% | Best=7.6%(@4620)
  from x3: 0.06 0.06 0.06 0.06 0.06 0.06 0.06 0.06 0.06 0.06 0.06 0.06 0.06 0.06 0.06 0.06 0.06 0.06 0.06 0.06 0.06 0.06 0.06 0.06 0.06 0.06 0.06 0.06 0.06
  per-rule acc: 0.06 0.05
Epoch 5800 | Train: Loss=0.0019 Acc=100.0% | Test: Acc=5.7% | Best=7.6%(@4620)
  from x3: 0.05 0.06 0.06 0.06 0.06 0.06 0.06 0.06 0.06 0.06 0.06 0.06 0.06 0.06 0.06 0.06 0.06 0.06 0.06 0.06 0.06 0.06 0.06 0.06 0.06 0.06 0.06 0.06 0.06
  per-rule acc: 0.06 0.05
Epoch 5820 | Train: Loss=0.0014 Acc=100.0% | Test: Acc=6.7% | Best=7.6%(@4620)
  from x3: 0.07 0.07 0.07 0.07 0.07 0.07 0.07 0.07 0.07 0.07 0.07 0.07 0.07 0.07 0.07 0.07 0.07 0.07 0.07 0.07 0.07 0.07 0.07 0.07 0.07 0.07 0.07 0.07 0.07
  per-rule acc: 0.08 0.06
Epoch 5840 | Train: Loss=0.0014 Acc=100.0% | Test: Acc=6.6% | Best=7.6%(@4620)
  from x3: 0.07 0.07 0.07 0.06 0.06 0.07 0.07 0.07 0.07 0.07 0.07 0.07 0.07 0.07 0.07 0.07 0.07 0.07 0.07 0.07 0.07 0.07 0.07 0.07 0.07 0.07 0.07 0.07 0.07
  per-rule acc: 0.07 0.06
Epoch 5860 | Train: Loss=0.0271 Acc=100.0% | Test: Acc=6.3% | Best=7.6%(@4620)
  from x3: 0.07 0.07 0.06 0.06 0.06 0.06 0.06 0.06 0.06 0.06 0.06 0.06 0.06 0.06 0.06 0.06 0.06 0.06 0.06 0.06 0.06 0.06 0.06 0.06 0.06 0.06 0.06 0.06 0.06
  per-rule acc: 0.07 0.06
Epoch 5880 | Train: Loss=0.0014 Acc=100.0% | Test: Acc=6.9% | Best=7.6%(@4620)
  from x3: 0.07 0.07 0.07 0.07 0.07 0.07 0.07 0.07 0.07 0.07 0.07 0.07 0.07 0.07 0.07 0.07 0.07 0.07 0.07 0.07 0.07 0.07 0.07 0.07 0.07 0.07 0.07 0.07 0.07
  per-rule acc: 0.08 0.06
Epoch 5900 | Train: Loss=0.0016 Acc=100.0% | Test: Acc=6.5% | Best=7.6%(@4620)
  from x3: 0.06 0.06 0.06 0.07 0.07 0.07 0.07 0.07 0.07 0.07 0.07 0.07 0.07 0.07 0.07 0.07 0.07 0.07 0.07 0.07 0.07 0.07 0.07 0.07 0.07 0.07 0.07 0.07 0.07
  per-rule acc: 0.07 0.06
Epoch 5920 | Train: Loss=0.0014 Acc=100.0% | Test: Acc=7.0% | Best=7.6%(@4620)
  from x3: 0.07 0.07 0.07 0.07 0.07 0.07 0.07 0.07 0.07 0.07 0.07 0.07 0.07 0.07 0.07 0.07 0.07 0.07 0.07 0.07 0.07 0.07 0.07 0.07 0.07 0.07 0.07 0.07 0.07
  per-rule acc: 0.08 0.06
Epoch 5940 | Train: Loss=0.0016 Acc=100.0% | Test: Acc=6.6% | Best=7.6%(@4620)
  from x3: 0.06 0.07 0.07 0.07 0.07 0.07 0.07 0.07 0.07 0.07 0.07 0.07 0.07 0.07 0.07 0.07 0.07 0.07 0.07 0.07 0.07 0.07 0.07 0.07 0.07 0.07 0.07 0.07 0.07
  per-rule acc: 0.07 0.06
Epoch 5960 | Train: Loss=0.0033 Acc=100.0% | Test: Acc=5.9% | Best=7.6%(@4620)
  from x3: 0.06 0.06 0.06 0.06 0.06 0.06 0.06 0.06 0.06 0.06 0.06 0.06 0.06 0.06 0.06 0.06 0.06 0.06 0.06 0.06 0.06 0.06 0.06 0.06 0.06 0.06 0.06 0.06 0.06
  per-rule acc: 0.07 0.05
Epoch 5980 | Train: Loss=0.0020 Acc=100.0% | Test: Acc=5.7% | Best=7.6%(@4620)
  from x3: 0.06 0.06 0.06 0.06 0.06 0.06 0.06 0.06 0.06 0.06 0.06 0.06 0.06 0.06 0.06 0.06 0.06 0.06 0.06 0.06 0.06 0.06 0.06 0.06 0.06 0.06 0.06 0.06 0.06
  per-rule acc: 0.06 0.05
Epoch 6000 | Train: Loss=0.0022 Acc=100.0% | Test: Acc=5.4% | Best=7.6%(@4620)
  from x3: 0.05 0.06 0.06 0.05 0.05 0.05 0.05 0.05 0.05 0.05 0.05 0.05 0.05 0.05 0.05 0.05 0.05 0.05 0.05 0.05 0.05 0.05 0.05 0.05 0.05 0.05 0.05 0.05 0.05
  per-rule acc: 0.06 0.05
Epoch 6020 | Train: Loss=0.0013 Acc=100.0% | Test: Acc=6.6% | Best=7.6%(@4620)
  from x3: 0.07 0.07 0.07 0.07 0.07 0.07 0.07 0.07 0.07 0.07 0.07 0.07 0.07 0.07 0.07 0.07 0.07 0.07 0.07 0.07 0.07 0.07 0.07 0.07 0.07 0.07 0.07 0.07 0.07
  per-rule acc: 0.08 0.06
Epoch 6040 | Train: Loss=0.0015 Acc=100.0% | Test: Acc=6.1% | Best=7.6%(@4620)
  from x3: 0.06 0.07 0.06 0.06 0.06 0.06 0.06 0.06 0.06 0.06 0.06 0.06 0.06 0.06 0.06 0.06 0.06 0.06 0.06 0.06 0.06 0.06 0.06 0.06 0.06 0.06 0.06 0.06 0.06
  per-rule acc: 0.07 0.05
Epoch 6060 | Train: Loss=0.0017 Acc=100.0% | Test: Acc=6.2% | Best=7.6%(@4620)
  from x3: 0.06 0.06 0.06 0.06 0.06 0.06 0.06 0.06 0.06 0.06 0.06 0.06 0.06 0.06 0.06 0.06 0.06 0.06 0.06 0.06 0.06 0.06 0.06 0.06 0.06 0.06 0.06 0.06 0.06
  per-rule acc: 0.07 0.05
Epoch 6080 | Train: Loss=0.0017 Acc=100.0% | Test: Acc=5.9% | Best=7.6%(@4620)
  from x3: 0.06 0.06 0.06 0.06 0.06 0.06 0.06 0.06 0.06 0.06 0.06 0.06 0.06 0.06 0.06 0.06 0.06 0.06 0.06 0.06 0.06 0.06 0.06 0.06 0.06 0.06 0.06 0.06 0.06
  per-rule acc: 0.06 0.05
Epoch 6100 | Train: Loss=0.0014 Acc=100.0% | Test: Acc=6.7% | Best=7.6%(@4620)
  from x3: 0.07 0.07 0.07 0.07 0.07 0.07 0.07 0.07 0.07 0.07 0.07 0.07 0.07 0.07 0.07 0.07 0.07 0.07 0.07 0.07 0.07 0.07 0.07 0.07 0.07 0.07 0.07 0.07 0.07
  per-rule acc: 0.08 0.05
Epoch 6120 | Train: Loss=0.0013 Acc=100.0% | Test: Acc=6.6% | Best=7.6%(@4620)
  from x3: 0.07 0.07 0.06 0.06 0.07 0.07 0.07 0.07 0.07 0.07 0.07 0.07 0.07 0.07 0.07 0.07 0.07 0.07 0.07 0.07 0.07 0.07 0.07 0.07 0.07 0.07 0.07 0.07 0.07
  per-rule acc: 0.08 0.05
Epoch 6140 | Train: Loss=0.0017 Acc=100.0% | Test: Acc=6.0% | Best=7.6%(@4620)
  from x3: 0.06 0.06 0.06 0.06 0.06 0.06 0.06 0.06 0.06 0.06 0.06 0.06 0.06 0.06 0.06 0.06 0.06 0.06 0.06 0.06 0.06 0.06 0.06 0.06 0.06 0.06 0.06 0.06 0.06
  per-rule acc: 0.07 0.05
Epoch 6160 | Train: Loss=0.0017 Acc=100.0% | Test: Acc=5.7% | Best=7.6%(@4620)
  from x3: 0.06 0.06 0.06 0.06 0.06 0.06 0.06 0.06 0.06 0.06 0.06 0.06 0.06 0.06 0.06 0.06 0.06 0.06 0.06 0.06 0.06 0.06 0.06 0.06 0.06 0.06 0.06 0.06 0.06
  per-rule acc: 0.06 0.05
Epoch 6180 | Train: Loss=0.0014 Acc=100.0% | Test: Acc=6.8% | Best=7.6%(@4620)
  from x3: 0.07 0.07 0.07 0.07 0.07 0.07 0.07 0.07 0.07 0.07 0.07 0.07 0.07 0.07 0.07 0.07 0.07 0.07 0.07 0.07 0.07 0.07 0.07 0.07 0.07 0.07 0.07 0.07 0.07
  per-rule acc: 0.08 0.06
Epoch 6200 | Train: Loss=0.0014 Acc=100.0% | Test: Acc=6.5% | Best=7.6%(@4620)
  from x3: 0.06 0.07 0.07 0.06 0.07 0.06 0.06 0.06 0.06 0.06 0.06 0.06 0.06 0.06 0.06 0.06 0.06 0.06 0.06 0.07 0.07 0.07 0.07 0.07 0.07 0.07 0.07 0.07 0.07
  per-rule acc: 0.08 0.05
Epoch 6220 | Train: Loss=0.0016 Acc=100.0% | Test: Acc=6.2% | Best=7.6%(@4620)
  from x3: 0.06 0.06 0.06 0.06 0.06 0.06 0.06 0.06 0.06 0.06 0.06 0.06 0.06 0.06 0.06 0.06 0.06 0.06 0.06 0.06 0.06 0.06 0.06 0.06 0.06 0.06 0.06 0.06 0.06
  per-rule acc: 0.07 0.05
Epoch 6240 | Train: Loss=0.0017 Acc=100.0% | Test: Acc=5.8% | Best=7.6%(@4620)
  from x3: 0.06 0.06 0.06 0.06 0.06 0.06 0.06 0.06 0.06 0.06 0.06 0.06 0.06 0.06 0.06 0.06 0.06 0.06 0.06 0.06 0.06 0.06 0.06 0.06 0.06 0.06 0.06 0.06 0.06
  per-rule acc: 0.07 0.05
Epoch 6260 | Train: Loss=0.0679 Acc=99.8% | Test: Acc=5.3% | Best=7.6%(@4620)
  from x3: 0.05 0.05 0.05 0.05 0.05 0.05 0.05 0.05 0.05 0.05 0.05 0.05 0.05 0.05 0.05 0.05 0.05 0.05 0.05 0.05 0.05 0.05 0.05 0.05 0.05 0.05 0.05 0.05 0.05
  per-rule acc: 0.06 0.05
Epoch 6280 | Train: Loss=0.0017 Acc=100.0% | Test: Acc=6.3% | Best=7.6%(@4620)
  from x3: 0.06 0.07 0.06 0.06 0.06 0.06 0.06 0.06 0.06 0.06 0.06 0.06 0.06 0.06 0.06 0.06 0.06 0.06 0.06 0.06 0.06 0.06 0.06 0.06 0.06 0.06 0.06 0.06 0.06
  per-rule acc: 0.07 0.05
Epoch 6300 | Train: Loss=0.0015 Acc=100.0% | Test: Acc=6.3% | Best=7.6%(@4620)
  from x3: 0.06 0.06 0.06 0.06 0.06 0.06 0.06 0.06 0.06 0.06 0.06 0.06 0.06 0.06 0.06 0.06 0.06 0.06 0.06 0.06 0.06 0.06 0.06 0.06 0.06 0.06 0.06 0.06 0.06
  per-rule acc: 0.07 0.06
Epoch 6320 | Train: Loss=0.0030 Acc=99.9% | Test: Acc=6.2% | Best=7.6%(@4620)
  from x3: 0.07 0.07 0.06 0.06 0.06 0.06 0.06 0.06 0.06 0.06 0.06 0.06 0.06 0.06 0.06 0.06 0.06 0.06 0.06 0.06 0.06 0.06 0.06 0.06 0.06 0.06 0.06 0.06 0.06
  per-rule acc: 0.07 0.05
Epoch 6340 | Train: Loss=0.0014 Acc=100.0% | Test: Acc=6.4% | Best=7.6%(@4620)
  from x3: 0.06 0.07 0.07 0.06 0.06 0.06 0.06 0.06 0.06 0.06 0.06 0.06 0.06 0.06 0.06 0.06 0.06 0.06 0.06 0.06 0.06 0.06 0.06 0.06 0.06 0.06 0.06 0.06 0.06
  per-rule acc: 0.07 0.06
Epoch 6360 | Train: Loss=0.0016 Acc=100.0% | Test: Acc=6.0% | Best=7.6%(@4620)
  from x3: 0.06 0.06 0.06 0.06 0.06 0.06 0.06 0.06 0.06 0.06 0.06 0.06 0.06 0.06 0.06 0.06 0.06 0.06 0.06 0.06 0.06 0.06 0.06 0.06 0.06 0.06 0.06 0.06 0.06
  per-rule acc: 0.07 0.05
Epoch 6380 | Train: Loss=0.0016 Acc=100.0% | Test: Acc=6.5% | Best=7.6%(@4620)
  from x3: 0.07 0.07 0.06 0.07 0.07 0.07 0.07 0.07 0.07 0.07 0.07 0.07 0.07 0.07 0.07 0.07 0.07 0.07 0.07 0.07 0.07 0.07 0.07 0.07 0.07 0.07 0.06 0.06 0.06
  per-rule acc: 0.08 0.05
Epoch 6400 | Train: Loss=0.0015 Acc=100.0% | Test: Acc=6.3% | Best=7.6%(@4620)
  from x3: 0.06 0.07 0.06 0.06 0.06 0.06 0.06 0.06 0.06 0.06 0.06 0.06 0.06 0.06 0.06 0.06 0.06 0.06 0.06 0.06 0.06 0.06 0.06 0.06 0.06 0.06 0.06 0.06 0.06
  per-rule acc: 0.07 0.05
Epoch 6420 | Train: Loss=0.0020 Acc=100.0% | Test: Acc=5.9% | Best=7.6%(@4620)
  from x3: 0.06 0.06 0.06 0.06 0.06 0.06 0.06 0.06 0.06 0.06 0.06 0.06 0.06 0.06 0.06 0.06 0.06 0.06 0.06 0.06 0.06 0.06 0.06 0.06 0.06 0.06 0.06 0.06 0.06
  per-rule acc: 0.07 0.05
Epoch 6440 | Train: Loss=0.0436 Acc=100.0% | Test: Acc=5.1% | Best=7.6%(@4620)
  from x3: 0.05 0.05 0.05 0.05 0.05 0.05 0.05 0.05 0.05 0.05 0.05 0.05 0.05 0.05 0.05 0.05 0.05 0.05 0.05 0.05 0.05 0.05 0.05 0.05 0.05 0.05 0.05 0.05 0.05
  per-rule acc: 0.05 0.05
Epoch 6460 | Train: Loss=0.0014 Acc=100.0% | Test: Acc=6.7% | Best=7.6%(@4620)
  from x3: 0.06 0.07 0.07 0.07 0.07 0.07 0.07 0.07 0.07 0.07 0.07 0.07 0.07 0.07 0.07 0.07 0.07 0.07 0.07 0.07 0.07 0.07 0.07 0.07 0.07 0.07 0.07 0.07 0.07
  per-rule acc: 0.08 0.06
Epoch 6480 | Train: Loss=0.0015 Acc=100.0% | Test: Acc=6.2% | Best=7.6%(@4620)
  from x3: 0.06 0.07 0.06 0.06 0.06 0.06 0.06 0.06 0.06 0.06 0.06 0.06 0.06 0.06 0.06 0.06 0.06 0.06 0.06 0.06 0.06 0.06 0.06 0.06 0.06 0.06 0.06 0.06 0.06
  per-rule acc: 0.07 0.05
Epoch 6500 | Train: Loss=0.0017 Acc=100.0% | Test: Acc=6.0% | Best=7.6%(@4620)
  from x3: 0.06 0.06 0.06 0.06 0.06 0.06 0.06 0.06 0.06 0.06 0.06 0.06 0.06 0.06 0.06 0.06 0.06 0.06 0.06 0.06 0.06 0.06 0.06 0.06 0.06 0.06 0.06 0.06 0.06
  per-rule acc: 0.07 0.05
Epoch 6520 | Train: Loss=0.0445 Acc=99.8% | Test: Acc=5.6% | Best=7.6%(@4620)
  from x3: 0.06 0.06 0.06 0.06 0.06 0.06 0.06 0.06 0.06 0.06 0.06 0.06 0.06 0.06 0.06 0.06 0.06 0.06 0.06 0.06 0.06 0.06 0.06 0.06 0.06 0.06 0.06 0.06 0.06
  per-rule acc: 0.06 0.05
Epoch 6540 | Train: Loss=0.0013 Acc=100.0% | Test: Acc=7.0% | Best=7.6%(@4620)
  from x3: 0.07 0.07 0.07 0.07 0.07 0.07 0.07 0.07 0.07 0.07 0.07 0.07 0.07 0.07 0.07 0.07 0.07 0.07 0.07 0.07 0.07 0.07 0.07 0.07 0.07 0.07 0.07 0.07 0.07
  per-rule acc: 0.08 0.06
Epoch 6560 | Train: Loss=0.0015 Acc=100.0% | Test: Acc=6.6% | Best=7.6%(@4620)
  from x3: 0.06 0.07 0.07 0.07 0.07 0.07 0.07 0.07 0.07 0.07 0.07 0.07 0.07 0.07 0.07 0.07 0.07 0.07 0.07 0.07 0.07 0.07 0.07 0.07 0.07 0.07 0.07 0.07 0.07
  per-rule acc: 0.08 0.06
Epoch 6580 | Train: Loss=0.0016 Acc=100.0% | Test: Acc=6.2% | Best=7.6%(@4620)
  from x3: 0.06 0.06 0.06 0.06 0.06 0.06 0.06 0.06 0.06 0.06 0.06 0.06 0.06 0.06 0.06 0.06 0.06 0.06 0.06 0.06 0.06 0.06 0.06 0.06 0.06 0.06 0.06 0.06 0.06
  per-rule acc: 0.07 0.05
Epoch 6600 | Train: Loss=0.0054 Acc=99.9% | Test: Acc=5.8% | Best=7.6%(@4620)
  from x3: 0.05 0.06 0.06 0.06 0.06 0.06 0.06 0.06 0.06 0.06 0.06 0.06 0.06 0.06 0.06 0.06 0.06 0.06 0.06 0.06 0.06 0.06 0.06 0.06 0.06 0.06 0.06 0.06 0.06
  per-rule acc: 0.06 0.05
Epoch 6620 | Train: Loss=0.0013 Acc=100.0% | Test: Acc=6.7% | Best=7.6%(@4620)
  from x3: 0.07 0.07 0.07 0.06 0.07 0.07 0.07 0.07 0.07 0.07 0.07 0.07 0.07 0.07 0.07 0.07 0.07 0.07 0.07 0.07 0.07 0.07 0.07 0.07 0.07 0.07 0.07 0.07 0.07
  per-rule acc: 0.08 0.06
[Early stop] No improvement for 2000 consecutive epochs

==================================================
Saving model...
[OK] Model saved to: /home/cxm/ai/test0617-basic/models/mixed_basic_d1024l1_r32_t32_c0.5.pth
  File size: 281005.3 KB
  Best test accuracy: 7.64%

==================================================
Final generation test (given first two items, AB generates 3rd as prompt, validate from 4th)
==================================================

--- AB pair 1: (1, 1) ---

--- Statistics for AB=(1,1) ---
Exposed    samples:  1405 | In-dist: 40571/40745 ( 99.6%) | OOD: 44774/44960 ( 99.6%)
Unexposed  samples:  1404 | In-dist: 23470/40716 ( 57.6%) | OOD: 26900/44928 ( 59.9%)

--- AB pair 2: (1, 2) ---

--- Statistics for AB=(1,2) ---
Exposed    samples:  1405 | In-dist: 40465/40745 ( 99.3%) | OOD: 44650/44960 ( 99.3%)
Unexposed  samples:  1404 | In-dist: 10201/40716 ( 25.1%) | OOD: 11777/44928 ( 26.2%)

--- Return code: 0 ---

======================================================================
Attention Analysis
======================================================================
Model config: addition (default), p=53
Best test accuracy: 0.07635818842715394
Training epochs: 6620

Random test sequence 1/5 (length 64): [36, 15, 51, 13, 11, 24, 35, 6, 41, 47, 35, 29, 11, 40, 51, 38, 36, 21, 4, 25]...

======================================================================
Attention Layer Training Result Summary
======================================================================
Input sequence: [36, 15, 51, 13, 11, 24, 35, 6, 41, 47, 35, 29, 11, 40, 51, 38, 36, 21, 4, 25, 29, 1, 30, 31, 8, 39, 47, 33, 27, 7, 34, 41, 22, 10, 32, 42, 21, 10, 31, 41, 19, 7, 26, 33, 6, 39, 45, 31, 23, 1, 24, 25, 49, 21, 17, 38, 2, 40, 42, 29, 18, 47, 12, 6]

--- Layer 0 ---
  Head 0: Entropy=1.652
    Attention coefficients from each query position to previous positions:
      i= 0 -> j=0:1.000
      i= 1 -> j=0:0.583, j=1:0.417
      i= 2 -> j=0:0.336, j=1:0.407, j=2:0.258
      i= 3 -> j=0:0.093, j=1:0.219, j=2:0.455, j=3:0.233
      i= 4 -> j=0:0.032, j=1:0.101, j=2:0.258, j=3:0.364, j=4:0.244
      i= 5 -> j=0:0.013, j=1:0.044, j=2:0.105, j=3:0.174, j=4:0.500, j=5:0.163
      i= 6 -> j=0:0.004, j=1:0.018, j=2:0.030, j=3:0.099, j=4:0.413, j=5:0.294, j=6:0.143
      i= 7 -> j=0:0.001, j=1:0.005, j=2:0.005, j=3:0.032, j=4:0.107, j=5:0.186, j=6:0.431, j=7:0.234
      i= 8 -> j=0:0.003, j=1:0.013, j=2:0.008, j=3:0.035, j=4:0.055, j=5:0.143, j=6:0.198, j=7:0.416, j=8:0.130
      i= 9 -> j=0:0.001, j=1:0.002, j=2:0.001, j=3:0.008, j=4:0.021, j=5:0.090, j=6:0.122, j=7:0.243, j=8:0.431, j=9:0.080
      i=10 -> j=0:0.000, j=1:0.001, j=2:0.001, j=3:0.003, j=4:0.005, j=5:0.015, j=6:0.065, j=7:0.143, j=8:0.325, j=9:0.202, j=10:0.239
      i=11 -> j=0:0.000, j=1:0.001, j=2:0.001, j=3:0.001, j=4:0.003, j=5:0.006, j=6:0.012, j=7:0.052, j=8:0.077, j=9:0.216, j=10:0.398, j=11:0.232
      i=12 -> j=0:0.000, j=1:0.000, j=2:0.000, j=3:0.000, j=4:0.000, j=5:0.001, j=6:0.002, j=7:0.008, j=8:0.023, j=9:0.104, j=10:0.196, j=11:0.487, j=12:0.179
      i=13 -> j=0:0.000, j=1:0.000, j=2:0.000, j=3:0.001, j=4:0.001, j=5:0.002, j=6:0.004, j=7:0.012, j=8:0.040, j=9:0.062, j=10:0.151, j=11:0.222, j=12:0.382, j=13:0.122
      i=14 -> j=0:0.000, j=1:0.000, j=2:0.000, j=3:0.000, j=4:0.000, j=5:0.001, j=6:0.001, j=7:0.005, j=8:0.006, j=9:0.013, j=10:0.026, j=11:0.139, j=12:0.235, j=13:0.346, j=14:0.228
      i=15 -> j=0:0.000, j=1:0.000, j=2:0.000, j=3:0.000, j=4:0.000, j=5:0.000, j=6:0.000, j=7:0.001, j=8:0.003, j=9:0.003, j=10:0.009, j=11:0.030, j=12:0.123, j=13:0.195, j=14:0.406, j=15:0.229
      i=16 -> j=0:0.000, j=1:0.000, j=2:0.000, j=3:0.000, j=4:0.000, j=5:0.000, j=6:0.000, j=7:0.001, j=8:0.001, j=9:0.001, j=10:0.005, j=11:0.010, j=12:0.048, j=13:0.087, j=14:0.250, j=15:0.355, j=16:0.239
      i=17 -> j=0:0.000, j=1:0.000, j=2:0.000, j=3:0.000, j=4:0.000, j=5:0.000, j=6:0.000, j=7:0.001, j=8:0.002, j=9:0.002, j=10:0.003, j=11:0.015, j=12:0.010, j=13:0.044, j=14:0.109, j=15:0.263, j=16:0.450, j=17:0.099
      i=18 -> j=0:0.000, j=1:0.000, j=2:0.000, j=3:0.000, j=4:0.000, j=5:0.000, j=6:0.000, j=7:0.000, j=8:0.000, j=9:0.001, j=10:0.002, j=11:0.002, j=12:0.005, j=13:0.010, j=14:0.034, j=15:0.082, j=16:0.179, j=17:0.423, j=18:0.260
      i=19 -> j=0:0.000, j=1:0.000, j=2:0.000, j=3:0.000, j=4:0.000, j=5:0.000, j=6:0.000, j=7:0.000, j=8:0.001, j=9:0.001, j=10:0.001, j=11:0.002, j=12:0.006, j=13:0.008, j=14:0.024, j=15:0.057, j=16:0.122, j=17:0.269, j=18:0.390, j=19:0.118
      i=20 -> j=0:0.000, j=1:0.000, j=2:0.000, j=3:0.000, j=4:0.000, j=5:0.000, j=6:0.000, j=7:0.000, j=8:0.000, j=9:0.000, j=10:0.000, j=11:0.000, j=12:0.001, j=13:0.002, j=14:0.005, j=15:0.018, j=16:0.037, j=17:0.135, j=18:0.199, j=19:0.377, j=20:0.222
      i=21 -> j=0:0.001, j=1:0.001, j=2:0.000, j=3:0.000, j=4:0.000, j=5:0.000, j=6:0.000, j=7:0.000, j=8:0.000, j=9:0.000, j=10:0.001, j=11:0.001, j=12:0.001, j=13:0.001, j=14:0.004, j=15:0.017, j=16:0.027, j=17:0.071, j=18:0.124, j=19:0.253, j=20:0.405, j=21:0.092
      i=22 -> j=0:0.000, j=1:0.001, j=2:0.000, j=3:0.000, j=4:0.000, j=5:0.000, j=6:0.000, j=7:0.000, j=8:0.000, j=9:0.000, j=10:0.000, j=11:0.000, j=12:0.001, j=13:0.001, j=14:0.002, j=15:0.005, j=16:0.007, j=17:0.036, j=18:0.058, j=19:0.096, j=20:0.215, j=21:0.436, j=22:0.137
      i=23 -> j=0:0.000, j=1:0.000, j=2:0.000, j=3:0.000, j=4:0.000, j=5:0.000, j=6:0.000, j=7:0.000, j=8:0.000, j=9:0.000, j=10:0.000, j=11:0.000, j=12:0.000, j=13:0.000, j=14:0.001, j=15:0.001, j=16:0.002, j=17:0.004, j=18:0.011, j=19:0.066, j=20:0.113, j=21:0.241, j=22:0.380, j=23:0.177
      i=24 -> j=0:0.000, j=1:0.000, j=2:0.000, j=3:0.000, j=4:0.000, j=5:0.000, j=6:0.000, j=7:0.000, j=8:0.000, j=9:0.000, j=10:0.000, j=11:0.000, j=12:0.000, j=13:0.000, j=14:0.000, j=15:0.000, j=16:0.001, j=17:0.002, j=18:0.004, j=19:0.011, j=20:0.039, j=21:0.113, j=22:0.232, j=23:0.386, j=24:0.209
      i=25 -> j=0:0.000, j=1:0.000, j=2:0.000, j=3:0.000, j=4:0.000, j=5:0.000, j=6:0.000, j=7:0.000, j=8:0.000, j=9:0.000, j=10:0.000, j=11:0.000, j=12:0.000, j=13:0.000, j=14:0.000, j=15:0.000, j=16:0.000, j=17:0.001, j=18:0.003, j=19:0.004, j=20:0.018, j=21:0.029, j=22:0.076, j=23:0.306, j=24:0.400, j=25:0.160
      i=26 -> j=0:0.001, j=1:0.000, j=2:0.000, j=3:0.000, j=4:0.000, j=5:0.000, j=6:0.000, j=7:0.000, j=8:0.000, j=9:0.000, j=10:0.000, j=11:0.000, j=12:0.000, j=13:0.000, j=14:0.000, j=15:0.000, j=16:0.001, j=17:0.001, j=18:0.002, j=19:0.003, j=20:0.013, j=21:0.015, j=22:0.045, j=23:0.194, j=24:0.211, j=25:0.420, j=26:0.091
      i=27 -> j=0:0.000, j=1:0.000, j=2:0.000, j=3:0.000, j=4:0.000, j=5:0.000, j=6:0.000, j=7:0.000, j=8:0.000, j=9:0.000, j=10:0.000, j=11:0.000, j=12:0.000, j=13:0.000, j=14:0.000, j=15:0.000, j=16:0.000, j=17:0.000, j=18:0.000, j=19:0.001, j=20:0.002, j=21:0.003, j=22:0.011, j=23:0.050, j=24:0.093, j=25:0.294, j=26:0.358, j=27:0.182
      i=28 -> j=0:0.001, j=1:0.000, j=2:0.000, j=3:0.000, j=4:0.000, j=5:0.000, j=6:0.000, j=7:0.000, j=8:0.000, j=9:0.000, j=10:0.000, j=11:0.000, j=12:0.000, j=13:0.000, j=14:0.000, j=15:0.000, j=16:0.000, j=17:0.000, j=18:0.001, j=19:0.001, j=20:0.001, j=21:0.001, j=22:0.002, j=23:0.019, j=24:0.045, j=25:0.152, j=26:0.284, j=27:0.371, j=28:0.120
      i=29 -> j=0:0.001, j=1:0.001, j=2:0.000, j=3:0.000, j=4:0.000, j=5:0.000, j=6:0.000, j=7:0.000, j=8:0.000, j=9:0.000, j=10:0.000, j=11:0.000, j=12:0.000, j=13:0.000, j=14:0.000, j=15:0.000, j=16:0.000, j=17:0.000, j=18:0.000, j=19:0.000, j=20:0.001, j=21:0.000, j=22:0.000, j=23:0.004, j=24:0.013, j=25:0.037, j=26:0.099, j=27:0.274, j=28:0.421, j=29:0.145
      i=30 -> j=0:0.001, j=1:0.001, j=2:0.001, j=3:0.000, j=4:0.000, j=5:0.000, j=6:0.000, j=7:0.000, j=8:0.000, j=9:0.000, j=10:0.000, j=11:0.000, j=12:0.000, j=13:0.000, j=14:0.000, j=15:0.000, j=16:0.000, j=17:0.000, j=18:0.000, j=19:0.001, j=20:0.001, j=21:0.001, j=22:0.002, j=23:0.001, j=24:0.007, j=25:0.033, j=26:0.018, j=27:0.133, j=28:0.181, j=29:0.551, j=30:0.066
      i=31 -> j=0:0.001, j=1:0.001, j=2:0.001, j=3:0.001, j=4:0.000, j=5:0.000, j=6:0.000, j=7:0.000, j=8:0.000, j=9:0.000, j=10:0.000, j=11:0.000, j=12:0.000, j=13:0.000, j=14:0.000, j=15:0.000, j=16:0.000, j=17:0.000, j=18:0.000, j=19:0.000, j=20:0.001, j=21:0.000, j=22:0.001, j=23:0.002, j=24:0.006, j=25:0.011, j=26:0.028, j=27:0.063, j=28:0.132, j=29:0.164, j=30:0.435, j=31:0.149
      i=32 -> j=0:0.001, j=1:0.001, j=2:0.001, j=3:0.001, j=4:0.000, j=5:0.000, j=6:0.000, j=7:0.000, j=8:0.000, j=9:0.000, j=10:0.000, j=11:0.000, j=12:0.000, j=13:0.000, j=14:0.000, j=15:0.000, j=16:0.000, j=17:0.000, j=18:0.000, j=19:0.000, j=20:0.000, j=21:0.000, j=22:0.000, j=23:0.000, j=24:0.001, j=25:0.003, j=26:0.002, j=27:0.010, j=28:0.018, j=29:0.116, j=30:0.241, j=31:0.394, j=32:0.207
      i=33 -> j=0:0.002, j=1:0.001, j=2:0.001, j=3:0.001, j=4:0.001, j=5:0.001, j=6:0.000, j=7:0.000, j=8:0.000, j=9:0.000, j=10:0.000, j=11:0.000, j=12:0.000, j=13:0.000, j=14:0.000, j=15:0.000, j=16:0.000, j=17:0.000, j=18:0.000, j=19:0.000, j=20:0.000, j=21:0.000, j=22:0.000, j=23:0.000, j=24:0.001, j=25:0.002, j=26:0.002, j=27:0.008, j=28:0.016, j=29:0.051, j=30:0.137, j=31:0.237, j=32:0.339, j=33:0.197
      i=34 -> j=0:0.003, j=1:0.002, j=2:0.001, j=3:0.001, j=4:0.001, j=5:0.001, j=6:0.001, j=7:0.000, j=8:0.000, j=9:0.000, j=10:0.000, j=11:0.000, j=12:0.000, j=13:0.000, j=14:0.000, j=15:0.000, j=16:0.000, j=17:0.000, j=18:0.000, j=19:0.000, j=20:0.000, j=21:0.000, j=22:0.000, j=23:0.000, j=24:0.000, j=25:0.000, j=26:0.001, j=27:0.002, j=28:0.005, j=29:0.008, j=30:0.055, j=31:0.064, j=32:0.216, j=33:0.465, j=34:0.170
      i=35 -> j=0:0.002, j=1:0.002, j=2:0.002, j=3:0.002, j=4:0.001, j=5:0.001, j=6:0.001, j=7:0.001, j=8:0.000, j=9:0.000, j=10:0.000, j=11:0.000, j=12:0.000, j=13:0.000, j=14:0.000, j=15:0.000, j=16:0.000, j=17:0.000, j=18:0.000, j=19:0.000, j=20:0.000, j=21:0.000, j=22:0.000, j=23:0.000, j=24:0.000, j=25:0.000, j=26:0.001, j=27:0.001, j=28:0.002, j=29:0.003, j=30:0.013, j=31:0.026, j=32:0.136, j=33:0.166, j=34:0.400, j=35:0.238
      i=36 -> j=0:0.003, j=1:0.002, j=2:0.003, j=3:0.002, j=4:0.001, j=5:0.002, j=6:0.001, j=7:0.001, j=8:0.001, j=9:0.001, j=10:0.001, j=11:0.001, j=12:0.000, j=13:0.000, j=14:0.000, j=15:0.000, j=16:0.000, j=17:0.000, j=18:0.000, j=19:0.000, j=20:0.000, j=21:0.000, j=22:0.000, j=23:0.000, j=24:0.000, j=25:0.000, j=26:0.001, j=27:0.001, j=28:0.004, j=29:0.004, j=30:0.008, j=31:0.039, j=32:0.071, j=33:0.107, j=34:0.188, j=35:0.441, j=36:0.111
      i=37 -> j=0:0.003, j=1:0.002, j=2:0.002, j=3:0.002, j=4:0.001, j=5:0.002, j=6:0.001, j=7:0.001, j=8:0.001, j=9:0.001, j=10:0.001, j=11:0.001, j=12:0.000, j=13:0.000, j=14:0.000, j=15:0.000, j=16:0.000, j=17:0.000, j=18:0.000, j=19:0.000, j=20:0.000, j=21:0.000, j=22:0.000, j=23:0.000, j=24:0.000, j=25:0.000, j=26:0.000, j=27:0.001, j=28:0.001, j=29:0.001, j=30:0.005, j=31:0.010, j=32:0.023, j=33:0.042, j=34:0.078, j=35:0.399, j=36:0.158, j=37:0.257
      i=38 -> j=0:0.004, j=1:0.004, j=2:0.004, j=3:0.003, j=4:0.002, j=5:0.002, j=6:0.002, j=7:0.002, j=8:0.001, j=9:0.001, j=10:0.001, j=11:0.001, j=12:0.000, j=13:0.001, j=14:0.001, j=15:0.000, j=16:0.000, j=17:0.000, j=18:0.000, j=19:0.000, j=20:0.000, j=21:0.000, j=22:0.000, j=23:0.000, j=24:0.000, j=25:0.000, j=26:0.000, j=27:0.000, j=28:0.000, j=29:0.000, j=30:0.001, j=31:0.003, j=32:0.006, j=33:0.007, j=34:0.054, j=35:0.066, j=36:0.221, j=37:0.412, j=38:0.198
      i=39 -> j=0:0.003, j=1:0.004, j=2:0.002, j=3:0.003, j=4:0.002, j=5:0.002, j=6:0.001, j=7:0.001, j=8:0.000, j=9:0.001, j=10:0.001, j=11:0.001, j=12:0.000, j=13:0.000, j=14:0.000, j=15:0.000, j=16:0.000, j=17:0.000, j=18:0.000, j=19:0.000, j=20:0.000, j=21:0.000, j=22:0.000, j=23:0.000, j=24:0.000, j=25:0.000, j=26:0.000, j=27:0.000, j=28:0.000, j=29:0.000, j=30:0.001, j=31:0.001, j=32:0.008, j=33:0.012, j=34:0.020, j=35:0.036, j=36:0.127, j=37:0.172, j=38:0.462, j=39:0.135
      i=40 -> j=0:0.005, j=1:0.004, j=2:0.004, j=3:0.003, j=4:0.003, j=5:0.002, j=6:0.002, j=7:0.002, j=8:0.001, j=9:0.001, j=10:0.001, j=11:0.001, j=12:0.001, j=13:0.001, j=14:0.000, j=15:0.000, j=16:0.000, j=17:0.000, j=18:0.000, j=19:0.000, j=20:0.000, j=21:0.000, j=22:0.000, j=23:0.000, j=24:0.000, j=25:0.000, j=26:0.000, j=27:0.000, j=28:0.000, j=29:0.000, j=30:0.001, j=31:0.001, j=32:0.002, j=33:0.005, j=34:0.007, j=35:0.016, j=36:0.064, j=37:0.074, j=38:0.224, j=39:0.451, j=40:0.121
      i=41 -> j=0:0.003, j=1:0.004, j=2:0.003, j=3:0.002, j=4:0.002, j=5:0.002, j=6:0.002, j=7:0.002, j=8:0.001, j=9:0.001, j=10:0.001, j=11:0.001, j=12:0.001, j=13:0.001, j=14:0.000, j=15:0.000, j=16:0.000, j=17:0.000, j=18:0.000, j=19:0.000, j=20:0.000, j=21:0.000, j=22:0.000, j=23:0.000, j=24:0.000, j=25:0.000, j=26:0.000, j=27:0.000, j=28:0.000, j=29:0.000, j=30:0.000, j=31:0.000, j=32:0.000, j=33:0.001, j=34:0.002, j=35:0.002, j=36:0.019, j=37:0.033, j=38:0.130, j=39:0.188, j=40:0.445, j=41:0.150
      i=42 -> j=0:0.004, j=1:0.003, j=2:0.004, j=3:0.002, j=4:0.003, j=5:0.002, j=6:0.002, j=7:0.002, j=8:0.002, j=9:0.001, j=10:0.001, j=11:0.001, j=12:0.001, j=13:0.001, j=14:0.001, j=15:0.000, j=16:0.000, j=17:0.000, j=18:0.000, j=19:0.000, j=20:0.000, j=21:0.000, j=22:0.000, j=23:0.000, j=24:0.000, j=25:0.000, j=26:0.000, j=27:0.000, j=28:0.000, j=29:0.000, j=30:0.000, j=31:0.000, j=32:0.000, j=33:0.001, j=34:0.001, j=35:0.002, j=36:0.005, j=37:0.013, j=38:0.039, j=39:0.180, j=40:0.345, j=41:0.213, j=42:0.170
      i=43 -> j=0:0.003, j=1:0.003, j=2:0.003, j=3:0.003, j=4:0.002, j=5:0.003, j=6:0.002, j=7:0.002, j=8:0.001, j=9:0.002, j=10:0.002, j=11:0.001, j=12:0.001, j=13:0.001, j=14:0.001, j=15:0.001, j=16:0.000, j=17:0.000, j=18:0.000, j=19:0.000, j=20:0.000, j=21:0.000, j=22:0.000, j=23:0.000, j=24:0.000, j=25:0.000, j=26:0.000, j=27:0.000, j=28:0.000, j=29:0.000, j=30:0.000, j=31:0.000, j=32:0.000, j=33:0.000, j=34:0.000, j=35:0.001, j=36:0.002, j=37:0.003, j=38:0.015, j=39:0.022, j=40:0.112, j=41:0.211, j=42:0.389, j=43:0.209
      i=44 -> j=0:0.003, j=1:0.004, j=2:0.003, j=3:0.004, j=4:0.003, j=5:0.002, j=6:0.002, j=7:0.001, j=8:0.002, j=9:0.001, j=10:0.002, j=11:0.001, j=12:0.001, j=13:0.001, j=14:0.001, j=15:0.000, j=16:0.000, j=17:0.000, j=18:0.000, j=19:0.000, j=20:0.000, j=21:0.000, j=22:0.000, j=23:0.000, j=24:0.000, j=25:0.000, j=26:0.000, j=27:0.000, j=28:0.000, j=29:0.000, j=30:0.000, j=31:0.000, j=32:0.000, j=33:0.000, j=34:0.000, j=35:0.000, j=36:0.001, j=37:0.001, j=38:0.003, j=39:0.011, j=40:0.038, j=41:0.098, j=42:0.169, j=43:0.381, j=44:0.263
      i=45 -> j=0:0.005, j=1:0.005, j=2:0.005, j=3:0.004, j=4:0.003, j=5:0.003, j=6:0.002, j=7:0.003, j=8:0.002, j=9:0.003, j=10:0.002, j=11:0.002, j=12:0.001, j=13:0.001, j=14:0.001, j=15:0.001, j=16:0.000, j=17:0.000, j=18:0.000, j=19:0.000, j=20:0.000, j=21:0.000, j=22:0.000, j=23:0.000, j=24:0.000, j=25:0.000, j=26:0.000, j=27:0.000, j=28:0.000, j=29:0.000, j=30:0.000, j=31:0.000, j=32:0.000, j=33:0.000, j=34:0.000, j=35:0.000, j=36:0.000, j=37:0.001, j=38:0.001, j=39:0.005, j=40:0.018, j=41:0.017, j=42:0.071, j=43:0.234, j=44:0.471, j=45:0.136
      i=46 -> j=0:0.006, j=1:0.005, j=2:0.005, j=3:0.005, j=4:0.006, j=5:0.005, j=6:0.004, j=7:0.003, j=8:0.004, j=9:0.003, j=10:0.003, j=11:0.002, j=12:0.002, j=13:0.002, j=14:0.002, j=15:0.001, j=16:0.001, j=17:0.001, j=18:0.001, j=19:0.000, j=20:0.000, j=21:0.000, j=22:0.000, j=23:0.000, j=24:0.000, j=25:0.000, j=26:0.000, j=27:0.000, j=28:0.000, j=29:0.000, j=30:0.000, j=31:0.000, j=32:0.000, j=33:0.000, j=34:0.000, j=35:0.000, j=36:0.001, j=37:0.001, j=38:0.001, j=39:0.004, j=40:0.007, j=41:0.021, j=42:0.036, j=43:0.156, j=44:0.262, j=45:0.363, j=46:0.081
      i=47 -> j=0:0.006, j=1:0.007, j=2:0.009, j=3:0.006, j=4:0.005, j=5:0.003, j=6:0.003, j=7:0.004, j=8:0.004, j=9:0.004, j=10:0.003, j=11:0.003, j=12:0.002, j=13:0.003, j=14:0.003, j=15:0.001, j=16:0.001, j=17:0.001, j=18:0.001, j=19:0.001, j=20:0.001, j=21:0.000, j=22:0.000, j=23:0.000, j=24:0.000, j=25:0.000, j=26:0.000, j=27:0.001, j=28:0.000, j=29:0.000, j=30:0.000, j=31:0.000, j=32:0.000, j=33:0.000, j=34:0.000, j=35:0.000, j=36:0.000, j=37:0.000, j=38:0.000, j=39:0.002, j=40:0.003, j=41:0.005, j=42:0.007, j=43:0.096, j=44:0.111, j=45:0.260, j=46:0.259, j=47:0.182
      i=48 -> j=0:0.009, j=1:0.010, j=2:0.010, j=3:0.007, j=4:0.006, j=5:0.008, j=6:0.006, j=7:0.009, j=8:0.005, j=9:0.004, j=10:0.004, j=11:0.004, j=12:0.003, j=13:0.003, j=14:0.003, j=15:0.003, j=16:0.002, j=17:0.002, j=18:0.002, j=19:0.001, j=20:0.001, j=21:0.001, j=22:0.001, j=23:0.000, j=24:0.000, j=25:0.000, j=26:0.000, j=27:0.000, j=28:0.000, j=29:0.000, j=30:0.000, j=31:0.000, j=32:0.000, j=33:0.001, j=34:0.000, j=35:0.001, j=36:0.001, j=37:0.001, j=38:0.001, j=39:0.002, j=40:0.004, j=41:0.006, j=42:0.013, j=43:0.029, j=44:0.114, j=45:0.124, j=46:0.217, j=47:0.274, j=48:0.105
      i=49 -> j=0:0.007, j=1:0.006, j=2:0.007, j=3:0.005, j=4:0.006, j=5:0.005, j=6:0.006, j=7:0.005, j=8:0.004, j=9:0.004, j=10:0.003, j=11:0.003, j=12:0.003, j=13:0.003, j=14:0.002, j=15:0.002, j=16:0.002, j=17:0.002, j=18:0.001, j=19:0.001, j=20:0.001, j=21:0.001, j=22:0.000, j=23:0.000, j=24:0.000, j=25:0.000, j=26:0.000, j=27:0.000, j=28:0.000, j=29:0.000, j=30:0.000, j=31:0.000, j=32:0.000, j=33:0.000, j=34:0.000, j=35:0.000, j=36:0.000, j=37:0.001, j=38:0.000, j=39:0.001, j=40:0.002, j=41:0.001, j=42:0.003, j=43:0.011, j=44:0.023, j=45:0.059, j=46:0.224, j=47:0.213, j=48:0.300, j=49:0.077
      i=50 -> j=0:0.003, j=1:0.004, j=2:0.004, j=3:0.003, j=4:0.006, j=5:0.003, j=6:0.004, j=7:0.002, j=8:0.003, j=9:0.002, j=10:0.003, j=11:0.002, j=12:0.003, j=13:0.002, j=14:0.002, j=15:0.002, j=16:0.001, j=17:0.002, j=18:0.001, j=19:0.001, j=20:0.000, j=21:0.000, j=22:0.000, j=23:0.000, j=24:0.000, j=25:0.000, j=26:0.000, j=27:0.000, j=28:0.000, j=29:0.000, j=30:0.000, j=31:0.000, j=32:0.000, j=33:0.000, j=34:0.000, j=35:0.000, j=36:0.000, j=37:0.000, j=38:0.000, j=39:0.000, j=40:0.000, j=41:0.000, j=42:0.001, j=43:0.003, j=44:0.005, j=45:0.018, j=46:0.024, j=47:0.132, j=48:0.229, j=49:0.374, j=50:0.159
      i=51 -> j=0:0.009, j=1:0.007, j=2:0.006, j=3:0.007, j=4:0.010, j=5:0.007, j=6:0.009, j=7:0.005, j=8:0.007, j=9:0.005, j=10:0.005, j=11:0.004, j=12:0.005, j=13:0.004, j=14:0.004, j=15:0.003, j=16:0.003, j=17:0.004, j=18:0.002, j=19:0.001, j=20:0.001, j=21:0.001, j=22:0.001, j=23:0.001, j=24:0.001, j=25:0.001, j=26:0.000, j=27:0.000, j=28:0.000, j=29:0.000, j=30:0.000, j=31:0.000, j=32:0.000, j=33:0.000, j=34:0.000, j=35:0.000, j=36:0.000, j=37:0.000, j=38:0.000, j=39:0.000, j=40:0.001, j=41:0.000, j=42:0.001, j=43:0.002, j=44:0.006, j=45:0.013, j=46:0.025, j=47:0.107, j=48:0.133, j=49:0.201, j=50:0.258, j=51:0.134
      i=52 -> j=0:0.006, j=1:0.005, j=2:0.005, j=3:0.005, j=4:0.005, j=5:0.007, j=6:0.008, j=7:0.005, j=8:0.005, j=9:0.004, j=10:0.006, j=11:0.003, j=12:0.003, j=13:0.003, j=14:0.002, j=15:0.002, j=16:0.002, j=17:0.002, j=18:0.001, j=19:0.001, j=20:0.001, j=21:0.001, j=22:0.001, j=23:0.000, j=24:0.001, j=25:0.000, j=26:0.000, j=27:0.000, j=28:0.000, j=29:0.000, j=30:0.000, j=31:0.000, j=32:0.000, j=33:0.000, j=34:0.000, j=35:0.000, j=36:0.000, j=37:0.000, j=38:0.000, j=39:0.000, j=40:0.000, j=41:0.000, j=42:0.000, j=43:0.001, j=44:0.001, j=45:0.003, j=46:0.008, j=47:0.012, j=48:0.048, j=49:0.076, j=50:0.235, j=51:0.297, j=52:0.232
      i=53 -> j=0:0.008, j=1:0.007, j=2:0.009, j=3:0.008, j=4:0.007, j=5:0.011, j=6:0.008, j=7:0.007, j=8:0.009, j=9:0.008, j=10:0.006, j=11:0.007, j=12:0.005, j=13:0.006, j=14:0.005, j=15:0.003, j=16:0.003, j=17:0.002, j=18:0.003, j=19:0.003, j=20:0.003, j=21:0.002, j=22:0.002, j=23:0.001, j=24:0.001, j=25:0.001, j=26:0.001, j=27:0.001, j=28:0.000, j=29:0.000, j=30:0.000, j=31:0.000, j=32:0.000, j=33:0.000, j=34:0.000, j=35:0.000, j=36:0.000, j=37:0.000, j=38:0.000, j=39:0.000, j=40:0.000, j=41:0.000, j=42:0.000, j=43:0.001, j=44:0.001, j=45:0.003, j=46:0.006, j=47:0.007, j=48:0.039, j=49:0.049, j=50:0.123, j=51:0.199, j=52:0.337, j=53:0.098
      i=54 -> j=0:0.003, j=1:0.005, j=2:0.005, j=3:0.005, j=4:0.005, j=5:0.004, j=6:0.004, j=7:0.005, j=8:0.003, j=9:0.006, j=10:0.005, j=11:0.003, j=12:0.004, j=13:0.005, j=14:0.003, j=15:0.003, j=16:0.002, j=17:0.003, j=18:0.002, j=19:0.001, j=20:0.001, j=21:0.002, j=22:0.001, j=23:0.001, j=24:0.001, j=25:0.001, j=26:0.001, j=27:0.000, j=28:0.000, j=29:0.000, j=30:0.000, j=31:0.000, j=32:0.000, j=33:0.000, j=34:0.000, j=35:0.000, j=36:0.000, j=37:0.000, j=38:0.000, j=39:0.000, j=40:0.000, j=41:0.000, j=42:0.000, j=43:0.000, j=44:0.000, j=45:0.000, j=46:0.001, j=47:0.002, j=48:0.004, j=49:0.010, j=50:0.027, j=51:0.058, j=52:0.180, j=53:0.421, j=54:0.211
      i=55 -> j=0:0.005, j=1:0.003, j=2:0.005, j=3:0.006, j=4:0.007, j=5:0.006, j=6:0.006, j=7:0.005, j=8:0.006, j=9:0.006, j=10:0.007, j=11:0.004, j=12:0.006, j=13:0.006, j=14:0.003, j=15:0.002, j=16:0.004, j=17:0.002, j=18:0.003, j=19:0.003, j=20:0.002, j=21:0.003, j=22:0.003, j=23:0.002, j=24:0.001, j=25:0.001, j=26:0.001, j=27:0.001, j=28:0.001, j=29:0.001, j=30:0.000, j=31:0.000, j=32:0.000, j=33:0.000, j=34:0.000, j=35:0.000, j=36:0.000, j=37:0.000, j=38:0.000, j=39:0.000, j=40:0.000, j=41:0.000, j=42:0.000, j=43:0.000, j=44:0.000, j=45:0.000, j=46:0.000, j=47:0.001, j=48:0.002, j=49:0.004, j=50:0.014, j=51:0.029, j=52:0.072, j=53:0.178, j=54:0.365, j=55:0.222
      i=56 -> j=0:0.003, j=1:0.003, j=2:0.004, j=3:0.005, j=4:0.005, j=5:0.005, j=6:0.005, j=7:0.004, j=8:0.005, j=9:0.005, j=10:0.005, j=11:0.005, j=12:0.004, j=13:0.004, j=14:0.003, j=15:0.004, j=16:0.003, j=17:0.003, j=18:0.003, j=19:0.003, j=20:0.002, j=21:0.001, j=22:0.002, j=23:0.001, j=24:0.001, j=25:0.001, j=26:0.001, j=27:0.001, j=28:0.000, j=29:0.000, j=30:0.000, j=31:0.000, j=32:0.000, j=33:0.000, j=34:0.000, j=35:0.000, j=36:0.000, j=37:0.000, j=38:0.000, j=39:0.000, j=40:0.000, j=41:0.000, j=42:0.000, j=43:0.000, j=44:0.000, j=45:0.000, j=46:0.000, j=47:0.000, j=48:0.001, j=49:0.001, j=50:0.003, j=51:0.008, j=52:0.026, j=53:0.082, j=54:0.232, j=55:0.355, j=56:0.198
      i=57 -> j=0:0.008, j=1:0.007, j=2:0.008, j=3:0.007, j=4:0.008, j=5:0.009, j=6:0.012, j=7:0.009, j=8:0.012, j=9:0.008, j=10:0.007, j=11:0.006, j=12:0.006, j=13:0.005, j=14:0.006, j=15:0.004, j=16:0.006, j=17:0.005, j=18:0.005, j=19:0.005, j=20:0.003, j=21:0.003, j=22:0.004, j=23:0.002, j=24:0.002, j=25:0.002, j=26:0.001, j=27:0.001, j=28:0.001, j=29:0.001, j=30:0.000, j=31:0.001, j=32:0.000, j=33:0.000, j=34:0.000, j=35:0.000, j=36:0.000, j=37:0.000, j=38:0.000, j=39:0.000, j=40:0.000, j=41:0.000, j=42:0.000, j=43:0.000, j=44:0.000, j=45:0.000, j=46:0.000, j=47:0.000, j=48:0.001, j=49:0.001, j=50:0.003, j=51:0.007, j=52:0.025, j=53:0.042, j=54:0.115, j=55:0.135, j=56:0.412, j=57:0.092
      i=58 -> j=0:0.005, j=1:0.006, j=2:0.005, j=3:0.006, j=4:0.005, j=5:0.007, j=6:0.007, j=7:0.007, j=8:0.005, j=9:0.006, j=10:0.006, j=11:0.008, j=12:0.004, j=13:0.006, j=14:0.005, j=15:0.005, j=16:0.004, j=17:0.002, j=18:0.003, j=19:0.003, j=20:0.004, j=21:0.002, j=22:0.002, j=23:0.002, j=24:0.002, j=25:0.001, j=26:0.002, j=27:0.001, j=28:0.001, j=29:0.001, j=30:0.000, j=31:0.000, j=32:0.000, j=33:0.000, j=34:0.000, j=35:0.000, j=36:0.000, j=37:0.000, j=38:0.000, j=39:0.000, j=40:0.000, j=41:0.000, j=42:0.000, j=43:0.000, j=44:0.000, j=45:0.000, j=46:0.000, j=47:0.000, j=48:0.000, j=49:0.000, j=50:0.001, j=51:0.002, j=52:0.002, j=53:0.007, j=54:0.028, j=55:0.099, j=56:0.197, j=57:0.338, j=58:0.201
      i=59 -> j=0:0.003, j=1:0.005, j=2:0.004, j=3:0.003, j=4:0.005, j=5:0.004, j=6:0.004, j=7:0.005, j=8:0.004, j=9:0.004, j=10:0.004, j=11:0.003, j=12:0.005, j=13:0.004, j=14:0.006, j=15:0.004, j=16:0.003, j=17:0.006, j=18:0.003, j=19:0.004, j=20:0.002, j=21:0.004, j=22:0.002, j=23:0.003, j=24:0.002, j=25:0.002, j=26:0.002, j=27:0.002, j=28:0.001, j=29:0.001, j=30:0.001, j=31:0.001, j=32:0.000, j=33:0.000, j=34:0.001, j=35:0.000, j=36:0.000, j=37:0.000, j=38:0.000, j=39:0.000, j=40:0.000, j=41:0.000, j=42:0.000, j=43:0.000, j=44:0.000, j=45:0.000, j=46:0.000, j=47:0.000, j=48:0.000, j=49:0.000, j=50:0.001, j=51:0.001, j=52:0.003, j=53:0.008, j=54:0.017, j=55:0.044, j=56:0.101, j=57:0.158, j=58:0.346, j=59:0.211
      i=60 -> j=0:0.007, j=1:0.004, j=2:0.004, j=3:0.004, j=4:0.004, j=5:0.005, j=6:0.003, j=7:0.005, j=8:0.007, j=9:0.004, j=10:0.003, j=11:0.005, j=12:0.003, j=13:0.004, j=14:0.005, j=15:0.005, j=16:0.007, j=17:0.004, j=18:0.005, j=19:0.004, j=20:0.003, j=21:0.003, j=22:0.004, j=23:0.003, j=24:0.002, j=25:0.002, j=26:0.002, j=27:0.001, j=28:0.001, j=29:0.001, j=30:0.001, j=31:0.001, j=32:0.000, j=33:0.000, j=34:0.000, j=35:0.000, j=36:0.000, j=37:0.000, j=38:0.000, j=39:0.000, j=40:0.000, j=41:0.000, j=42:0.000, j=43:0.000, j=44:0.000, j=45:0.000, j=46:0.000, j=47:0.000, j=48:0.000, j=49:0.000, j=50:0.000, j=51:0.000, j=52:0.001, j=53:0.001, j=54:0.006, j=55:0.014, j=56:0.016, j=57:0.048, j=58:0.231, j=59:0.385, j=60:0.177
      i=61 -> j=0:0.005, j=1:0.004, j=2:0.005, j=3:0.006, j=4:0.008, j=5:0.006, j=6:0.006, j=7:0.006, j=8:0.007, j=9:0.005, j=10:0.006, j=11:0.006, j=12:0.007, j=13:0.007, j=14:0.006, j=15:0.004, j=16:0.006, j=17:0.005, j=18:0.004, j=19:0.006, j=20:0.004, j=21:0.004, j=22:0.003, j=23:0.003, j=24:0.002, j=25:0.003, j=26:0.002, j=27:0.002, j=28:0.002, j=29:0.002, j=30:0.001, j=31:0.001, j=32:0.001, j=33:0.001, j=34:0.000, j=35:0.000, j=36:0.000, j=37:0.000, j=38:0.000, j=39:0.000, j=40:0.000, j=41:0.000, j=42:0.000, j=43:0.000, j=44:0.000, j=45:0.000, j=46:0.000, j=47:0.000, j=48:0.000, j=49:0.000, j=50:0.000, j=51:0.001, j=52:0.001, j=53:0.001, j=54:0.004, j=55:0.007, j=56:0.017, j=57:0.041, j=58:0.086, j=59:0.209, j=60:0.417, j=61:0.064
      i=62 -> j=0:0.007, j=1:0.005, j=2:0.005, j=3:0.005, j=4:0.007, j=5:0.006, j=6:0.005, j=7:0.005, j=8:0.006, j=9:0.006, j=10:0.006, j=11:0.006, j=12:0.007, j=13:0.006, j=14:0.006, j=15:0.007, j=16:0.007, j=17:0.004, j=18:0.004, j=19:0.004, j=20:0.004, j=21:0.005, j=22:0.003, j=23:0.004, j=24:0.003, j=25:0.003, j=26:0.003, j=27:0.002, j=28:0.002, j=29:0.001, j=30:0.001, j=31:0.001, j=32:0.001, j=33:0.001, j=34:0.001, j=35:0.001, j=36:0.000, j=37:0.000, j=38:0.000, j=39:0.000, j=40:0.000, j=41:0.000, j=42:0.000, j=43:0.000, j=44:0.000, j=45:0.000, j=46:0.000, j=47:0.000, j=48:0.000, j=49:0.000, j=50:0.000, j=51:0.000, j=52:0.001, j=53:0.001, j=54:0.004, j=55:0.007, j=56:0.012, j=57:0.020, j=58:0.030, j=59:0.079, j=60:0.197, j=61:0.375, j=62:0.118
      i=63 -> j=0:0.002, j=1:0.003, j=2:0.003, j=3:0.003, j=4:0.003, j=5:0.002, j=6:0.003, j=7:0.002, j=8:0.003, j=9:0.003, j=10:0.003, j=11:0.003, j=12:0.004, j=13:0.003, j=14:0.003, j=15:0.003, j=16:0.003, j=17:0.003, j=18:0.002, j=19:0.002, j=20:0.002, j=21:0.003, j=22:0.003, j=23:0.002, j=24:0.002, j=25:0.002, j=26:0.001, j=27:0.001, j=28:0.001, j=29:0.001, j=30:0.001, j=31:0.001, j=32:0.001, j=33:0.001, j=34:0.000, j=35:0.000, j=36:0.000, j=37:0.000, j=38:0.000, j=39:0.000, j=40:0.000, j=41:0.000, j=42:0.000, j=43:0.000, j=44:0.000, j=45:0.000, j=46:0.000, j=47:0.000, j=48:0.000, j=49:0.000, j=50:0.000, j=51:0.000, j=52:0.000, j=53:0.000, j=54:0.000, j=55:0.001, j=56:0.001, j=57:0.002, j=58:0.006, j=59:0.023, j=60:0.081, j=61:0.156, j=62:0.436, j=63:0.212
    Average attention per distance:
      d=0:0.186, d=1:0.387, d=2:0.228, d=3:0.111, d=4:0.045, d=5:0.017


======================================================================
QK Property Verification (Raw Scores, before Softmax)
======================================================================
Recurrence order init_len=2, num test sequences=1

--- [P1] Long-distance Orthogonality Verification ---
Ideal: raw_score mean ≈ 0 and small std when d > init_len

  Layer 0, Head 0:
    d= 1 (effective): mean=  4.984, std= 0.357, n=63
    d= 2 (effective): mean=  4.458, std= 0.382, n=62
    d>2 (long-distance): mean= -0.787, std= 1.708, n=1891

--- [P2] Time-homogeneous Verification ---
Ideal: CV of raw_score across positions i ≈ 0 for fixed distance d
(CV = std / |mean|, smaller = more constant)

  Layer 0, Head 0:
    d= 1: mean=  4.984, std= 0.357, CV=0.072, n=63
    d= 2: mean=  4.458, std= 0.382, CV=0.086, n=62

======================================================================
QK Property Verification Completed
======================================================================
