=== Experiment: mixed_basic_d512l2_r16_t32_c0.5 ===
Time: 2026-06-17T19:07:44.379974
Task type: mixed_ab
Merged config: {
  "P": 53,
  "TASK": "mixed_ab",
  "NUM_MASK": 2,
  "A": 1,
  "B": 1,
  "AB_PAIRS": [
    [
      1,
      1
    ],
    [
      1,
      2
    ]
  ],
  "D_MODEL": 512,
  "N_HEAD": 1,
  "N_LAYER": 2,
  "BATCH_SIZE": 128,
  "EPOCHS": 10000,
  "LR": 0.0003,
  "SAVE_PATH": "models/mixed_basic_d512l2_r16_t32_c0.5.pth",
  "USE_GREEDY_GENERATE": true,
  "USE_LEARNABLE_PE": false,
  "MLP_RATIO": 16,
  "TRAIN_LEN": 32,
  "OOD_LEN": 64,
  "DROPOUT": 0.0,
  "TARGET_INIT_COVERAGE": 0.5,
  "MAX_UNIQUE_RATIO": 0.5,
  "WEIGHT_DECAY": 1,
  "ENTROPY_PENALTY_WEIGHT": 0.0,
  "FIRST_TASK_WEIGHT": 1.0,
  "RANDOM_SEED": 42,
  "EVAL_INTERVAL": 20,
  "EARLY_STOP_NO_IMPROVE": 2000,
  "EARLY_STOP_ACCURACY": 0.99,
  "USE_AB_TAG": false,
  "USE_CONDITIONAL_WTE": false,
  "COND_WTE_SHARED_RATIO": 0.0
}
--- output ---
Using device: cuda

[Dataset] Mixed mode: generated 2810 + 2808 samples, length 32
AB parameter pairs: [(1, 1), (1, 2)]
--------------------------------------------------
[Model config] block_size: 64, train length: 32
[Number theory] AB parameter pairs: [(1, 1), (1, 2)]


Model parameters: 19.06M

Start training...
Epoch   0 | Train: Loss=3.8288 Acc=14.5% | Test: Acc=0.5% | Best=0.5%(@0)
  from x3: 0.01 0.01 0.00 0.00 0.00 0.00 0.00 0.00 0.00 0.00 0.00 0.00 0.00 0.00 0.00 0.00 0.00 0.00 0.00 0.00 0.00 0.00 0.00 0.01 0.01 0.01 0.01 0.01 0.01
  per-rule acc: 0.00 0.00
Epoch  20 | Train: Loss=0.0069 Acc=99.9% | Test: Acc=1.6% | Best=1.6%(@20)
  from x3: 0.02 0.02 0.02 0.02 0.02 0.02 0.02 0.02 0.02 0.02 0.02 0.02 0.02 0.02 0.02 0.02 0.02 0.02 0.01 0.02 0.01 0.01 0.01 0.01 0.02 0.01 0.01 0.01 0.01
  per-rule acc: 0.02 0.01
Epoch  40 | Train: Loss=0.0040 Acc=100.0% | Test: Acc=1.4% | Best=1.6%(@20)
  from x3: 0.02 0.02 0.02 0.02 0.01 0.02 0.01 0.01 0.01 0.01 0.01 0.01 0.01 0.01 0.01 0.01 0.01 0.01 0.01 0.01 0.01 0.01 0.01 0.01 0.01 0.01 0.01 0.01 0.01
  per-rule acc: 0.01 0.02
Epoch  60 | Train: Loss=0.3753 Acc=98.4% | Test: Acc=1.4% | Best=1.6%(@20)
  from x3: 0.02 0.02 0.02 0.02 0.02 0.02 0.02 0.01 0.01 0.02 0.01 0.01 0.01 0.01 0.01 0.01 0.01 0.01 0.01 0.01 0.01 0.01 0.01 0.01 0.01 0.01 0.01 0.01 0.01
  per-rule acc: 0.02 0.01
Epoch  80 | Train: Loss=0.0024 Acc=100.0% | Test: Acc=1.3% | Best=1.6%(@20)
  from x3: 0.02 0.01 0.01 0.02 0.02 0.01 0.01 0.01 0.01 0.01 0.01 0.01 0.01 0.01 0.01 0.01 0.01 0.01 0.01 0.01 0.01 0.01 0.01 0.01 0.01 0.01 0.01 0.01 0.01
  per-rule acc: 0.01 0.01
Epoch 100 | Train: Loss=0.1720 Acc=99.4% | Test: Acc=1.7% | Best=1.7%(@100)
  from x3: 0.03 0.02 0.02 0.02 0.02 0.02 0.02 0.02 0.02 0.02 0.02 0.02 0.02 0.02 0.02 0.02 0.02 0.02 0.02 0.02 0.02 0.02 0.01 0.01 0.01 0.01 0.01 0.01 0.01
  per-rule acc: 0.02 0.01
Epoch 120 | Train: Loss=0.0026 Acc=100.0% | Test: Acc=1.3% | Best=1.7%(@100)
  from x3: 0.02 0.01 0.01 0.01 0.01 0.01 0.01 0.01 0.01 0.01 0.01 0.01 0.01 0.01 0.01 0.01 0.01 0.01 0.01 0.01 0.01 0.01 0.01 0.01 0.01 0.01 0.01 0.01 0.01
  per-rule acc: 0.01 0.01
Epoch 140 | Train: Loss=0.0594 Acc=99.2% | Test: Acc=1.7% | Best=1.7%(@100)
  from x3: 0.02 0.02 0.02 0.02 0.02 0.02 0.02 0.02 0.02 0.02 0.02 0.02 0.02 0.02 0.02 0.02 0.02 0.01 0.02 0.02 0.01 0.02 0.02 0.01 0.02 0.02 0.02 0.02 0.02
  per-rule acc: 0.02 0.02
Epoch 160 | Train: Loss=0.0027 Acc=100.0% | Test: Acc=1.4% | Best=1.7%(@100)
  from x3: 0.02 0.01 0.01 0.01 0.01 0.01 0.01 0.01 0.01 0.01 0.01 0.01 0.01 0.01 0.01 0.01 0.01 0.01 0.01 0.01 0.01 0.01 0.01 0.01 0.01 0.01 0.01 0.01 0.01
  per-rule acc: 0.01 0.02
Epoch 180 | Train: Loss=0.0551 Acc=99.3% | Test: Acc=2.1% | Best=2.1%(@180)
  from x3: 0.03 0.02 0.02 0.02 0.02 0.02 0.02 0.02 0.02 0.02 0.02 0.02 0.02 0.02 0.02 0.02 0.02 0.02 0.02 0.02 0.02 0.02 0.02 0.02 0.02 0.02 0.02 0.02 0.02
  per-rule acc: 0.02 0.02
Epoch 200 | Train: Loss=0.0024 Acc=100.0% | Test: Acc=2.0% | Best=2.1%(@180)
  from x3: 0.03 0.02 0.02 0.02 0.02 0.02 0.02 0.02 0.02 0.02 0.02 0.02 0.02 0.02 0.02 0.02 0.02 0.02 0.02 0.02 0.02 0.02 0.02 0.02 0.02 0.02 0.02 0.02 0.02
  per-rule acc: 0.02 0.02
Epoch 220 | Train: Loss=0.0028 Acc=100.0% | Test: Acc=2.0% | Best=2.1%(@180)
  from x3: 0.03 0.02 0.02 0.02 0.02 0.02 0.02 0.02 0.02 0.02 0.02 0.02 0.02 0.02 0.02 0.02 0.02 0.02 0.02 0.02 0.02 0.02 0.02 0.02 0.02 0.02 0.02 0.02 0.02
  per-rule acc: 0.02 0.02
Epoch 240 | Train: Loss=0.0329 Acc=99.8% | Test: Acc=2.5% | Best=2.5%(@240)
  from x3: 0.03 0.02 0.02 0.03 0.02 0.02 0.02 0.02 0.02 0.03 0.03 0.02 0.03 0.02 0.02 0.02 0.02 0.02 0.02 0.02 0.02 0.02 0.02 0.02 0.02 0.02 0.03 0.03 0.02
  per-rule acc: 0.02 0.03
Epoch 260 | Train: Loss=0.0025 Acc=100.0% | Test: Acc=2.3% | Best=2.5%(@240)
  from x3: 0.03 0.02 0.02 0.02 0.02 0.02 0.02 0.02 0.02 0.02 0.02 0.02 0.02 0.02 0.02 0.02 0.02 0.02 0.02 0.02 0.02 0.02 0.02 0.02 0.02 0.02 0.02 0.02 0.02
  per-rule acc: 0.02 0.02
Epoch 280 | Train: Loss=0.0027 Acc=100.0% | Test: Acc=2.5% | Best=2.5%(@280)
  from x3: 0.03 0.03 0.02 0.03 0.03 0.03 0.02 0.03 0.03 0.03 0.02 0.02 0.02 0.02 0.03 0.02 0.02 0.02 0.02 0.02 0.02 0.02 0.02 0.02 0.02 0.02 0.02 0.02 0.02
  per-rule acc: 0.02 0.02
Epoch 300 | Train: Loss=0.0018 Acc=100.0% | Test: Acc=3.0% | Best=3.0%(@300)
  from x3: 0.04 0.03 0.03 0.03 0.03 0.03 0.03 0.03 0.03 0.03 0.03 0.03 0.03 0.03 0.03 0.03 0.03 0.03 0.03 0.03 0.03 0.03 0.03 0.03 0.03 0.03 0.03 0.03 0.03
  per-rule acc: 0.03 0.03
Epoch 320 | Train: Loss=0.0402 Acc=99.8% | Test: Acc=2.5% | Best=3.0%(@300)
  from x3: 0.03 0.03 0.02 0.03 0.03 0.02 0.02 0.02 0.03 0.02 0.02 0.02 0.02 0.03 0.02 0.02 0.02 0.02 0.02 0.02 0.03 0.03 0.03 0.02 0.02 0.02 0.02 0.02 0.02
  per-rule acc: 0.03 0.02
Epoch 340 | Train: Loss=0.0021 Acc=100.0% | Test: Acc=3.2% | Best=3.2%(@340)
  from x3: 0.05 0.03 0.03 0.03 0.03 0.03 0.03 0.03 0.03 0.03 0.03 0.03 0.03 0.03 0.03 0.03 0.03 0.03 0.03 0.03 0.03 0.03 0.03 0.03 0.03 0.03 0.03 0.03 0.03
  per-rule acc: 0.04 0.03
Epoch 360 | Train: Loss=0.0027 Acc=100.0% | Test: Acc=3.3% | Best=3.3%(@360)
  from x3: 0.05 0.04 0.03 0.04 0.03 0.03 0.03 0.03 0.03 0.04 0.03 0.03 0.03 0.03 0.03 0.03 0.03 0.03 0.03 0.03 0.03 0.03 0.03 0.03 0.03 0.03 0.03 0.03 0.03
  per-rule acc: 0.04 0.03
Epoch 380 | Train: Loss=0.0020 Acc=100.0% | Test: Acc=3.7% | Best=3.7%(@380)
  from x3: 0.05 0.04 0.03 0.04 0.04 0.04 0.04 0.04 0.04 0.04 0.04 0.04 0.04 0.04 0.04 0.04 0.04 0.04 0.04 0.04 0.04 0.04 0.04 0.04 0.04 0.04 0.04 0.04 0.04
  per-rule acc: 0.04 0.03
Epoch 400 | Train: Loss=0.0024 Acc=100.0% | Test: Acc=3.6% | Best=3.7%(@380)
  from x3: 0.05 0.04 0.03 0.04 0.04 0.04 0.04 0.03 0.04 0.03 0.04 0.04 0.04 0.04 0.04 0.04 0.04 0.04 0.03 0.04 0.03 0.04 0.03 0.04 0.03 0.03 0.03 0.03 0.03
  per-rule acc: 0.04 0.03
Epoch 420 | Train: Loss=0.2648 Acc=96.4% | Test: Acc=2.6% | Best=3.7%(@380)
  from x3: 0.03 0.02 0.03 0.02 0.02 0.03 0.03 0.03 0.03 0.03 0.03 0.03 0.03 0.03 0.03 0.03 0.03 0.03 0.03 0.03 0.03 0.02 0.03 0.03 0.02 0.02 0.02 0.02 0.02
  per-rule acc: 0.03 0.02
Epoch 440 | Train: Loss=0.0017 Acc=100.0% | Test: Acc=4.3% | Best=4.3%(@440)
  from x3: 0.05 0.04 0.04 0.04 0.04 0.04 0.04 0.04 0.04 0.04 0.04 0.04 0.04 0.04 0.04 0.04 0.04 0.04 0.04 0.04 0.04 0.04 0.04 0.04 0.04 0.04 0.04 0.04 0.04
  per-rule acc: 0.05 0.03
Epoch 460 | Train: Loss=0.0025 Acc=100.0% | Test: Acc=4.5% | Best=4.5%(@460)
  from x3: 0.05 0.04 0.04 0.04 0.05 0.04 0.04 0.04 0.05 0.05 0.05 0.05 0.04 0.04 0.05 0.05 0.05 0.04 0.04 0.04 0.04 0.04 0.04 0.04 0.04 0.04 0.04 0.04 0.04
  per-rule acc: 0.05 0.04
Epoch 480 | Train: Loss=0.0184 Acc=99.7% | Test: Acc=5.3% | Best=5.3%(@480)
  from x3: 0.06 0.06 0.05 0.05 0.05 0.05 0.05 0.05 0.05 0.05 0.05 0.05 0.05 0.05 0.05 0.05 0.05 0.05 0.05 0.05 0.05 0.05 0.05 0.05 0.05 0.05 0.05 0.05 0.05
  per-rule acc: 0.06 0.04
Epoch 500 | Train: Loss=0.0020 Acc=100.0% | Test: Acc=5.0% | Best=5.3%(@480)
  from x3: 0.06 0.05 0.05 0.05 0.05 0.05 0.05 0.05 0.05 0.05 0.05 0.05 0.05 0.05 0.05 0.05 0.05 0.05 0.05 0.05 0.05 0.05 0.05 0.05 0.05 0.05 0.05 0.05 0.05
  per-rule acc: 0.06 0.04
Epoch 520 | Train: Loss=0.0025 Acc=100.0% | Test: Acc=5.1% | Best=5.3%(@480)
  from x3: 0.06 0.05 0.05 0.05 0.05 0.05 0.05 0.05 0.05 0.05 0.05 0.05 0.05 0.05 0.05 0.05 0.05 0.05 0.05 0.05 0.05 0.05 0.05 0.05 0.05 0.05 0.05 0.05 0.05
  per-rule acc: 0.06 0.04
Epoch 540 | Train: Loss=0.0047 Acc=99.9% | Test: Acc=6.1% | Best=6.1%(@540)
  from x3: 0.07 0.06 0.06 0.06 0.06 0.06 0.06 0.06 0.06 0.06 0.06 0.06 0.06 0.06 0.06 0.06 0.06 0.06 0.06 0.06 0.06 0.06 0.06 0.06 0.06 0.06 0.06 0.06 0.06
  per-rule acc: 0.08 0.05
Epoch 560 | Train: Loss=0.0021 Acc=100.0% | Test: Acc=5.9% | Best=6.1%(@540)
  from x3: 0.07 0.06 0.06 0.06 0.06 0.06 0.06 0.06 0.06 0.06 0.06 0.06 0.06 0.06 0.06 0.06 0.06 0.06 0.06 0.06 0.06 0.06 0.06 0.06 0.06 0.06 0.06 0.06 0.06
  per-rule acc: 0.07 0.05
Epoch 580 | Train: Loss=0.0024 Acc=100.0% | Test: Acc=5.8% | Best=6.1%(@540)
  from x3: 0.06 0.06 0.05 0.06 0.06 0.06 0.06 0.06 0.06 0.06 0.06 0.06 0.06 0.06 0.06 0.06 0.06 0.06 0.06 0.06 0.06 0.06 0.06 0.06 0.06 0.06 0.06 0.06 0.06
  per-rule acc: 0.07 0.04
Epoch 600 | Train: Loss=0.0015 Acc=100.0% | Test: Acc=6.3% | Best=6.3%(@600)
  from x3: 0.07 0.06 0.07 0.07 0.07 0.07 0.07 0.06 0.06 0.07 0.07 0.06 0.06 0.06 0.06 0.06 0.06 0.06 0.06 0.06 0.06 0.06 0.06 0.06 0.06 0.06 0.06 0.06 0.06
  per-rule acc: 0.08 0.05
Epoch 620 | Train: Loss=0.0023 Acc=100.0% | Test: Acc=6.0% | Best=6.3%(@600)
  from x3: 0.07 0.06 0.06 0.06 0.06 0.06 0.06 0.06 0.06 0.06 0.06 0.06 0.06 0.06 0.06 0.06 0.06 0.06 0.06 0.06 0.06 0.06 0.06 0.06 0.06 0.06 0.06 0.06 0.06
  per-rule acc: 0.07 0.05
Epoch 640 | Train: Loss=0.0025 Acc=100.0% | Test: Acc=6.5% | Best=6.5%(@640)
  from x3: 0.07 0.06 0.06 0.06 0.06 0.07 0.07 0.06 0.07 0.06 0.07 0.07 0.07 0.07 0.07 0.06 0.06 0.07 0.07 0.06 0.06 0.06 0.07 0.07 0.07 0.07 0.07 0.07 0.06
  per-rule acc: 0.08 0.05
Epoch 660 | Train: Loss=0.0016 Acc=100.0% | Test: Acc=7.3% | Best=7.3%(@660)
  from x3: 0.07 0.07 0.07 0.07 0.07 0.07 0.07 0.07 0.07 0.07 0.07 0.07 0.07 0.07 0.07 0.07 0.07 0.07 0.07 0.07 0.07 0.07 0.07 0.07 0.07 0.07 0.07 0.07 0.07
  per-rule acc: 0.09 0.06
Epoch 680 | Train: Loss=0.0051 Acc=100.0% | Test: Acc=6.8% | Best=7.3%(@660)
  from x3: 0.07 0.07 0.07 0.07 0.07 0.07 0.07 0.07 0.07 0.07 0.07 0.07 0.07 0.07 0.07 0.07 0.07 0.07 0.07 0.07 0.07 0.07 0.07 0.07 0.07 0.07 0.07 0.07 0.07
  per-rule acc: 0.08 0.05
Epoch 700 | Train: Loss=0.0017 Acc=100.0% | Test: Acc=6.9% | Best=7.3%(@660)
  from x3: 0.07 0.07 0.07 0.07 0.07 0.07 0.07 0.07 0.07 0.07 0.07 0.07 0.07 0.07 0.07 0.07 0.07 0.07 0.07 0.07 0.07 0.07 0.07 0.07 0.07 0.07 0.07 0.07 0.07
  per-rule acc: 0.08 0.06
Epoch 720 | Train: Loss=0.0024 Acc=100.0% | Test: Acc=6.8% | Best=7.3%(@660)
  from x3: 0.07 0.07 0.07 0.07 0.07 0.07 0.07 0.07 0.07 0.07 0.07 0.07 0.07 0.07 0.07 0.07 0.07 0.07 0.07 0.07 0.07 0.07 0.07 0.07 0.07 0.07 0.07 0.06 0.06
  per-rule acc: 0.08 0.05
Epoch 740 | Train: Loss=0.0169 Acc=99.9% | Test: Acc=7.6% | Best=7.6%(@740)
  from x3: 0.08 0.08 0.07 0.08 0.08 0.08 0.08 0.08 0.08 0.08 0.08 0.08 0.08 0.08 0.08 0.08 0.08 0.08 0.08 0.08 0.08 0.08 0.08 0.08 0.08 0.07 0.08 0.07 0.07
  per-rule acc: 0.09 0.06
Epoch 760 | Train: Loss=0.0019 Acc=100.0% | Test: Acc=7.2% | Best=7.6%(@740)
  from x3: 0.08 0.07 0.08 0.07 0.07 0.07 0.07 0.07 0.07 0.07 0.07 0.07 0.07 0.07 0.07 0.07 0.07 0.07 0.07 0.07 0.07 0.07 0.07 0.07 0.07 0.07 0.07 0.07 0.07
  per-rule acc: 0.09 0.06
Epoch 780 | Train: Loss=0.0023 Acc=100.0% | Test: Acc=7.5% | Best=7.6%(@740)
  from x3: 0.08 0.08 0.07 0.08 0.08 0.08 0.08 0.08 0.08 0.08 0.08 0.08 0.08 0.08 0.08 0.08 0.08 0.07 0.08 0.07 0.07 0.07 0.07 0.07 0.07 0.07 0.07 0.07 0.07
  per-rule acc: 0.09 0.06
Epoch 800 | Train: Loss=0.0238 Acc=99.6% | Test: Acc=7.9% | Best=7.9%(@800)
  from x3: 0.09 0.08 0.08 0.08 0.08 0.08 0.08 0.08 0.08 0.08 0.08 0.08 0.08 0.08 0.08 0.08 0.08 0.08 0.08 0.08 0.08 0.08 0.08 0.08 0.08 0.08 0.08 0.08 0.08
  per-rule acc: 0.10 0.06
Epoch 820 | Train: Loss=0.0017 Acc=100.0% | Test: Acc=8.1% | Best=8.1%(@820)
  from x3: 0.08 0.08 0.08 0.08 0.08 0.08 0.08 0.08 0.08 0.08 0.08 0.08 0.08 0.08 0.08 0.08 0.08 0.08 0.08 0.08 0.08 0.08 0.08 0.08 0.08 0.08 0.08 0.08 0.08
  per-rule acc: 0.09 0.07
Epoch 840 | Train: Loss=0.0023 Acc=100.0% | Test: Acc=8.1% | Best=8.1%(@840)
  from x3: 0.08 0.08 0.08 0.08 0.08 0.08 0.08 0.08 0.08 0.08 0.08 0.08 0.08 0.08 0.08 0.08 0.08 0.08 0.08 0.08 0.08 0.08 0.08 0.08 0.08 0.08 0.08 0.08 0.08
  per-rule acc: 0.10 0.06
Epoch 860 | Train: Loss=0.0490 Acc=99.3% | Test: Acc=8.4% | Best=8.4%(@860)
  from x3: 0.08 0.08 0.08 0.08 0.09 0.09 0.08 0.08 0.08 0.09 0.08 0.08 0.08 0.08 0.08 0.08 0.08 0.08 0.08 0.08 0.08 0.08 0.09 0.09 0.09 0.09 0.09 0.08 0.08
  per-rule acc: 0.10 0.07
Epoch 880 | Train: Loss=0.0017 Acc=100.0% | Test: Acc=8.7% | Best=8.7%(@880)
  from x3: 0.09 0.09 0.09 0.09 0.09 0.09 0.09 0.09 0.09 0.09 0.09 0.09 0.09 0.09 0.09 0.09 0.09 0.09 0.09 0.09 0.09 0.09 0.09 0.09 0.08 0.08 0.08 0.08 0.08
  per-rule acc: 0.10 0.07
Epoch 900 | Train: Loss=0.0023 Acc=100.0% | Test: Acc=8.4% | Best=8.7%(@880)
  from x3: 0.09 0.09 0.09 0.08 0.09 0.09 0.08 0.09 0.08 0.08 0.09 0.08 0.09 0.08 0.08 0.08 0.08 0.09 0.08 0.08 0.08 0.08 0.08 0.08 0.08 0.08 0.08 0.08 0.08
  per-rule acc: 0.10 0.07
Epoch 920 | Train: Loss=0.0210 Acc=99.7% | Test: Acc=8.6% | Best=8.7%(@880)
  from x3: 0.08 0.09 0.08 0.08 0.08 0.09 0.08 0.09 0.09 0.09 0.09 0.09 0.09 0.09 0.09 0.09 0.09 0.09 0.09 0.09 0.09 0.09 0.09 0.09 0.09 0.09 0.09 0.09 0.09
  per-rule acc: 0.10 0.07
Epoch 940 | Train: Loss=0.0018 Acc=100.0% | Test: Acc=9.1% | Best=9.1%(@940)
  from x3: 0.09 0.09 0.09 0.09 0.09 0.09 0.09 0.09 0.09 0.09 0.09 0.09 0.09 0.09 0.09 0.09 0.09 0.09 0.09 0.09 0.09 0.09 0.09 0.09 0.09 0.09 0.09 0.09 0.09
  per-rule acc: 0.11 0.07
Epoch 960 | Train: Loss=0.0104 Acc=100.0% | Test: Acc=8.7% | Best=9.1%(@940)
  from x3: 0.10 0.09 0.09 0.09 0.09 0.09 0.09 0.09 0.09 0.09 0.09 0.09 0.09 0.09 0.09 0.09 0.09 0.09 0.09 0.09 0.09 0.09 0.09 0.09 0.09 0.09 0.08 0.08 0.09
  per-rule acc: 0.11 0.07
Epoch 980 | Train: Loss=0.0016 Acc=100.0% | Test: Acc=9.6% | Best=9.6%(@980)
  from x3: 0.11 0.10 0.10 0.10 0.10 0.10 0.09 0.09 0.10 0.09 0.09 0.09 0.09 0.10 0.09 0.10 0.10 0.10 0.10 0.10 0.10 0.10 0.10 0.10 0.10 0.10 0.09 0.09 0.09
  per-rule acc: 0.12 0.07
Epoch 1000 | Train: Loss=0.0023 Acc=100.0% | Test: Acc=9.8% | Best=9.8%(@1000)
  from x3: 0.10 0.10 0.10 0.10 0.10 0.10 0.10 0.10 0.10 0.10 0.10 0.10 0.10 0.10 0.10 0.10 0.10 0.10 0.10 0.10 0.10 0.10 0.10 0.10 0.10 0.10 0.10 0.10 0.10
  per-rule acc: 0.12 0.08
Epoch 1020 | Train: Loss=0.0493 Acc=99.4% | Test: Acc=10.1% | Best=10.1%(@1020)
  from x3: 0.10 0.11 0.10 0.10 0.10 0.10 0.10 0.10 0.10 0.10 0.10 0.10 0.10 0.10 0.10 0.10 0.10 0.10 0.10 0.10 0.10 0.10 0.10 0.10 0.10 0.10 0.10 0.10 0.10
  per-rule acc: 0.12 0.08
Epoch 1040 | Train: Loss=0.0017 Acc=100.0% | Test: Acc=9.7% | Best=10.1%(@1020)
  from x3: 0.10 0.10 0.10 0.10 0.10 0.10 0.10 0.10 0.10 0.10 0.10 0.10 0.10 0.10 0.10 0.10 0.10 0.10 0.10 0.10 0.10 0.09 0.09 0.09 0.10 0.10 0.10 0.10 0.09
  per-rule acc: 0.12 0.08
Epoch 1060 | Train: Loss=0.0023 Acc=100.0% | Test: Acc=10.4% | Best=10.4%(@1060)
  from x3: 0.10 0.11 0.10 0.10 0.11 0.11 0.11 0.11 0.10 0.11 0.10 0.11 0.10 0.10 0.11 0.10 0.11 0.10 0.10 0.10 0.10 0.10 0.10 0.10 0.10 0.10 0.10 0.10 0.10
  per-rule acc: 0.12 0.09
Epoch 1080 | Train: Loss=0.0024 Acc=100.0% | Test: Acc=10.6% | Best=10.6%(@1080)
  from x3: 0.10 0.11 0.11 0.11 0.11 0.11 0.11 0.10 0.11 0.10 0.11 0.11 0.11 0.11 0.11 0.11 0.11 0.11 0.11 0.11 0.11 0.11 0.11 0.11 0.11 0.11 0.11 0.11 0.11
  per-rule acc: 0.13 0.08
Epoch 1100 | Train: Loss=0.0020 Acc=100.0% | Test: Acc=11.3% | Best=11.3%(@1100)
  from x3: 0.12 0.11 0.11 0.12 0.11 0.11 0.11 0.11 0.11 0.11 0.11 0.11 0.11 0.11 0.11 0.11 0.11 0.11 0.11 0.11 0.11 0.11 0.11 0.11 0.11 0.11 0.11 0.11 0.11
  per-rule acc: 0.14 0.09
Epoch 1120 | Train: Loss=0.0020 Acc=100.0% | Test: Acc=10.6% | Best=11.3%(@1100)
  from x3: 0.11 0.11 0.11 0.11 0.11 0.11 0.11 0.10 0.11 0.11 0.11 0.11 0.11 0.11 0.11 0.11 0.11 0.11 0.11 0.11 0.10 0.10 0.10 0.10 0.11 0.10 0.10 0.10 0.10
  per-rule acc: 0.12 0.09
Epoch 1140 | Train: Loss=0.0414 Acc=99.6% | Test: Acc=11.3% | Best=11.3%(@1140)
  from x3: 0.11 0.11 0.11 0.11 0.11 0.11 0.11 0.11 0.11 0.11 0.11 0.11 0.11 0.12 0.11 0.12 0.12 0.11 0.11 0.11 0.11 0.11 0.11 0.11 0.11 0.11 0.11 0.12 0.11
  per-rule acc: 0.14 0.09
Epoch 1160 | Train: Loss=0.0016 Acc=100.0% | Test: Acc=10.5% | Best=11.3%(@1140)
  from x3: 0.11 0.11 0.11 0.10 0.11 0.11 0.10 0.11 0.10 0.10 0.10 0.10 0.10 0.10 0.10 0.11 0.11 0.10 0.11 0.10 0.10 0.10 0.10 0.10 0.10 0.10 0.10 0.10 0.10
  per-rule acc: 0.12 0.09
Epoch 1180 | Train: Loss=0.0022 Acc=100.0% | Test: Acc=11.3% | Best=11.3%(@1140)
  from x3: 0.11 0.12 0.12 0.12 0.11 0.11 0.11 0.11 0.11 0.11 0.11 0.11 0.11 0.11 0.11 0.11 0.11 0.11 0.11 0.11 0.11 0.11 0.11 0.11 0.11 0.11 0.11 0.11 0.11
  per-rule acc: 0.13 0.09
Epoch 1200 | Train: Loss=0.0955 Acc=99.3% | Test: Acc=10.8% | Best=11.3%(@1140)
  from x3: 0.11 0.11 0.11 0.11 0.11 0.11 0.11 0.11 0.11 0.11 0.11 0.11 0.11 0.11 0.11 0.11 0.11 0.11 0.11 0.11 0.11 0.11 0.11 0.11 0.11 0.11 0.11 0.11 0.11
  per-rule acc: 0.14 0.08
Epoch 1220 | Train: Loss=0.0015 Acc=100.0% | Test: Acc=11.5% | Best=11.5%(@1220)
  from x3: 0.13 0.12 0.12 0.12 0.12 0.12 0.12 0.12 0.12 0.12 0.12 0.11 0.12 0.12 0.11 0.11 0.11 0.11 0.11 0.11 0.11 0.11 0.11 0.11 0.11 0.11 0.11 0.11 0.11
  per-rule acc: 0.15 0.08
Epoch 1240 | Train: Loss=0.0021 Acc=100.0% | Test: Acc=11.7% | Best=11.7%(@1240)
  from x3: 0.12 0.12 0.12 0.12 0.12 0.12 0.12 0.12 0.12 0.12 0.12 0.12 0.12 0.12 0.12 0.12 0.12 0.12 0.12 0.12 0.11 0.11 0.12 0.12 0.12 0.12 0.12 0.12 0.11
  per-rule acc: 0.14 0.10
Epoch 1260 | Train: Loss=0.1068 Acc=99.6% | Test: Acc=8.6% | Best=11.7%(@1240)
  from x3: 0.09 0.09 0.09 0.09 0.09 0.09 0.09 0.09 0.09 0.09 0.09 0.09 0.09 0.09 0.09 0.09 0.09 0.09 0.09 0.08 0.08 0.09 0.09 0.09 0.09 0.09 0.09 0.09 0.08
  per-rule acc: 0.10 0.07
Epoch 1280 | Train: Loss=0.0096 Acc=99.9% | Test: Acc=12.2% | Best=12.2%(@1280)
  from x3: 0.12 0.12 0.13 0.13 0.12 0.12 0.12 0.12 0.12 0.12 0.12 0.12 0.12 0.12 0.12 0.12 0.12 0.12 0.12 0.12 0.12 0.12 0.12 0.12 0.12 0.12 0.12 0.12 0.12
  per-rule acc: 0.15 0.10
Epoch 1300 | Train: Loss=0.0014 Acc=100.0% | Test: Acc=13.3% | Best=13.3%(@1300)
  from x3: 0.13 0.13 0.13 0.13 0.13 0.13 0.13 0.13 0.13 0.13 0.13 0.13 0.13 0.13 0.13 0.13 0.13 0.13 0.13 0.13 0.13 0.13 0.13 0.13 0.13 0.13 0.13 0.13 0.13
  per-rule acc: 0.16 0.11
Epoch 1320 | Train: Loss=0.0020 Acc=100.0% | Test: Acc=12.6% | Best=13.3%(@1300)
  from x3: 0.13 0.13 0.13 0.13 0.13 0.13 0.13 0.13 0.13 0.13 0.13 0.13 0.13 0.13 0.12 0.13 0.13 0.12 0.13 0.12 0.12 0.12 0.12 0.12 0.12 0.12 0.12 0.12 0.12
  per-rule acc: 0.14 0.11
Epoch 1340 | Train: Loss=0.0380 Acc=99.6% | Test: Acc=13.2% | Best=13.3%(@1300)
  from x3: 0.13 0.13 0.13 0.13 0.13 0.13 0.13 0.13 0.13 0.13 0.13 0.13 0.13 0.13 0.13 0.13 0.13 0.13 0.13 0.13 0.13 0.13 0.13 0.13 0.13 0.13 0.13 0.13 0.13
  per-rule acc: 0.16 0.10
Epoch 1360 | Train: Loss=0.0017 Acc=100.0% | Test: Acc=13.1% | Best=13.3%(@1300)
  from x3: 0.14 0.14 0.13 0.13 0.13 0.13 0.13 0.13 0.13 0.13 0.13 0.13 0.13 0.13 0.13 0.13 0.13 0.13 0.13 0.13 0.13 0.13 0.13 0.13 0.13 0.13 0.13 0.13 0.13
  per-rule acc: 0.16 0.10
Epoch 1380 | Train: Loss=0.0023 Acc=100.0% | Test: Acc=13.8% | Best=13.8%(@1380)
  from x3: 0.13 0.14 0.14 0.14 0.14 0.14 0.14 0.14 0.14 0.14 0.14 0.14 0.14 0.14 0.14 0.14 0.14 0.14 0.14 0.14 0.14 0.14 0.14 0.14 0.14 0.14 0.14 0.14 0.13
  per-rule acc: 0.16 0.11
Epoch 1400 | Train: Loss=0.0289 Acc=99.8% | Test: Acc=14.7% | Best=14.7%(@1400)
  from x3: 0.14 0.14 0.15 0.15 0.15 0.15 0.15 0.15 0.15 0.15 0.15 0.15 0.15 0.15 0.15 0.15 0.15 0.15 0.15 0.15 0.15 0.15 0.15 0.15 0.15 0.15 0.14 0.15 0.15
  per-rule acc: 0.18 0.11
Epoch 1420 | Train: Loss=0.0237 Acc=99.7% | Test: Acc=14.5% | Best=14.7%(@1400)
  from x3: 0.14 0.14 0.15 0.15 0.15 0.15 0.15 0.15 0.14 0.14 0.14 0.14 0.14 0.14 0.14 0.14 0.14 0.14 0.14 0.14 0.14 0.14 0.15 0.15 0.14 0.15 0.14 0.14 0.15
  per-rule acc: 0.17 0.12
Epoch 1440 | Train: Loss=0.0016 Acc=100.0% | Test: Acc=14.4% | Best=14.7%(@1400)
  from x3: 0.15 0.15 0.15 0.15 0.14 0.15 0.15 0.14 0.14 0.15 0.15 0.15 0.15 0.15 0.15 0.15 0.15 0.14 0.14 0.14 0.14 0.14 0.14 0.14 0.14 0.14 0.14 0.14 0.14
  per-rule acc: 0.17 0.12
Epoch 1460 | Train: Loss=0.0061 Acc=99.9% | Test: Acc=15.1% | Best=15.1%(@1460)
  from x3: 0.15 0.15 0.15 0.16 0.15 0.15 0.15 0.15 0.15 0.15 0.15 0.15 0.15 0.15 0.15 0.15 0.15 0.15 0.15 0.15 0.15 0.15 0.15 0.15 0.15 0.15 0.15 0.15 0.15
  per-rule acc: 0.17 0.13
Epoch 1480 | Train: Loss=0.0016 Acc=100.0% | Test: Acc=13.4% | Best=15.1%(@1460)
  from x3: 0.15 0.15 0.14 0.14 0.14 0.13 0.13 0.13 0.13 0.13 0.13 0.13 0.13 0.13 0.13 0.13 0.13 0.13 0.13 0.13 0.13 0.13 0.13 0.13 0.13 0.13 0.13 0.13 0.13
  per-rule acc: 0.15 0.11
Epoch 1500 | Train: Loss=0.0023 Acc=100.0% | Test: Acc=14.2% | Best=15.1%(@1460)
  from x3: 0.14 0.15 0.14 0.14 0.14 0.14 0.14 0.14 0.14 0.14 0.14 0.14 0.14 0.14 0.14 0.14 0.14 0.14 0.14 0.14 0.14 0.14 0.14 0.14 0.14 0.14 0.14 0.14 0.14
  per-rule acc: 0.16 0.13
Epoch 1520 | Train: Loss=0.0261 Acc=99.6% | Test: Acc=15.7% | Best=15.7%(@1520)
  from x3: 0.17 0.16 0.16 0.15 0.16 0.16 0.16 0.16 0.16 0.16 0.16 0.16 0.16 0.16 0.16 0.16 0.16 0.16 0.16 0.16 0.16 0.16 0.16 0.16 0.16 0.16 0.16 0.16 0.16
  per-rule acc: 0.19 0.13
Epoch 1540 | Train: Loss=0.0016 Acc=100.0% | Test: Acc=15.5% | Best=15.7%(@1520)
  from x3: 0.16 0.16 0.16 0.16 0.16 0.16 0.16 0.16 0.16 0.16 0.15 0.16 0.16 0.15 0.15 0.15 0.15 0.15 0.15 0.15 0.15 0.15 0.15 0.15 0.15 0.15 0.15 0.15 0.15
  per-rule acc: 0.18 0.13
Epoch 1560 | Train: Loss=0.0023 Acc=100.0% | Test: Acc=16.0% | Best=16.0%(@1560)
  from x3: 0.16 0.17 0.17 0.17 0.17 0.16 0.16 0.16 0.16 0.16 0.16 0.16 0.16 0.16 0.16 0.16 0.16 0.16 0.16 0.16 0.16 0.16 0.16 0.16 0.16 0.16 0.16 0.16 0.16
  per-rule acc: 0.18 0.14
Epoch 1580 | Train: Loss=0.0014 Acc=100.0% | Test: Acc=17.0% | Best=17.0%(@1580)
  from x3: 0.17 0.17 0.16 0.17 0.17 0.17 0.17 0.17 0.17 0.17 0.17 0.17 0.17 0.17 0.17 0.17 0.17 0.17 0.17 0.17 0.17 0.17 0.17 0.17 0.17 0.17 0.17 0.17 0.17
  per-rule acc: 0.20 0.14
Epoch 1600 | Train: Loss=0.0021 Acc=100.0% | Test: Acc=16.0% | Best=17.0%(@1580)
  from x3: 0.16 0.17 0.17 0.17 0.16 0.16 0.17 0.16 0.16 0.16 0.16 0.16 0.16 0.16 0.16 0.16 0.16 0.16 0.16 0.16 0.16 0.16 0.16 0.16 0.16 0.16 0.16 0.16 0.16
  per-rule acc: 0.18 0.14
Epoch 1620 | Train: Loss=0.0040 Acc=100.0% | Test: Acc=17.6% | Best=17.6%(@1620)
  from x3: 0.16 0.17 0.17 0.17 0.17 0.17 0.18 0.18 0.18 0.18 0.18 0.18 0.18 0.18 0.18 0.18 0.18 0.18 0.18 0.18 0.18 0.18 0.18 0.18 0.18 0.18 0.18 0.18 0.18
  per-rule acc: 0.22 0.14
Epoch 1640 | Train: Loss=0.0020 Acc=100.0% | Test: Acc=16.5% | Best=17.6%(@1620)
  from x3: 0.16 0.17 0.17 0.16 0.17 0.17 0.16 0.17 0.16 0.17 0.17 0.17 0.17 0.17 0.17 0.17 0.17 0.17 0.17 0.17 0.17 0.17 0.16 0.16 0.16 0.16 0.16 0.16 0.16
  per-rule acc: 0.19 0.14
Epoch 1660 | Train: Loss=0.0024 Acc=100.0% | Test: Acc=17.1% | Best=17.6%(@1620)
  from x3: 0.16 0.18 0.18 0.17 0.17 0.17 0.17 0.17 0.17 0.17 0.17 0.17 0.17 0.17 0.17 0.17 0.17 0.17 0.17 0.17 0.17 0.17 0.17 0.17 0.17 0.17 0.17 0.17 0.17
  per-rule acc: 0.19 0.15
Epoch 1680 | Train: Loss=0.0087 Acc=99.9% | Test: Acc=16.5% | Best=17.6%(@1620)
  from x3: 0.16 0.17 0.17 0.17 0.17 0.17 0.17 0.17 0.17 0.16 0.16 0.16 0.16 0.16 0.16 0.16 0.16 0.17 0.16 0.16 0.17 0.16 0.16 0.16 0.16 0.16 0.16 0.16 0.16
  per-rule acc: 0.21 0.12
Epoch 1700 | Train: Loss=0.0019 Acc=100.0% | Test: Acc=16.9% | Best=17.6%(@1620)
  from x3: 0.17 0.18 0.18 0.17 0.17 0.17 0.17 0.17 0.17 0.17 0.16 0.17 0.17 0.17 0.17 0.17 0.17 0.17 0.17 0.17 0.17 0.17 0.17 0.17 0.17 0.17 0.17 0.17 0.17
  per-rule acc: 0.20 0.14
Epoch 1720 | Train: Loss=0.0015 Acc=100.0% | Test: Acc=16.9% | Best=17.6%(@1620)
  from x3: 0.17 0.18 0.17 0.17 0.17 0.17 0.17 0.17 0.17 0.17 0.17 0.17 0.17 0.17 0.17 0.17 0.17 0.17 0.17 0.17 0.17 0.17 0.17 0.17 0.17 0.17 0.17 0.17 0.17
  per-rule acc: 0.20 0.14
Epoch 1740 | Train: Loss=0.0022 Acc=100.0% | Test: Acc=17.1% | Best=17.6%(@1620)
  from x3: 0.17 0.18 0.17 0.17 0.17 0.17 0.17 0.17 0.17 0.17 0.17 0.17 0.17 0.17 0.17 0.17 0.17 0.17 0.17 0.17 0.17 0.17 0.17 0.17 0.17 0.17 0.17 0.17 0.17
  per-rule acc: 0.19 0.15
Epoch 1760 | Train: Loss=0.0304 Acc=99.7% | Test: Acc=17.2% | Best=17.6%(@1620)
  from x3: 0.17 0.17 0.17 0.17 0.18 0.18 0.17 0.17 0.17 0.17 0.17 0.17 0.17 0.17 0.17 0.17 0.17 0.17 0.17 0.17 0.17 0.17 0.17 0.17 0.17 0.17 0.17 0.17 0.17
  per-rule acc: 0.20 0.15
Epoch 1780 | Train: Loss=0.0014 Acc=100.0% | Test: Acc=16.8% | Best=17.6%(@1620)
  from x3: 0.17 0.17 0.17 0.17 0.17 0.17 0.17 0.17 0.17 0.17 0.17 0.17 0.17 0.17 0.17 0.17 0.17 0.17 0.17 0.17 0.17 0.17 0.17 0.17 0.17 0.17 0.17 0.16 0.17
  per-rule acc: 0.19 0.14
Epoch 1800 | Train: Loss=0.0072 Acc=100.0% | Test: Acc=16.2% | Best=17.6%(@1620)
  from x3: 0.16 0.17 0.16 0.16 0.17 0.16 0.16 0.16 0.16 0.16 0.16 0.16 0.16 0.16 0.16 0.16 0.16 0.16 0.16 0.16 0.16 0.16 0.16 0.16 0.16 0.16 0.16 0.16 0.16
  per-rule acc: 0.18 0.14
Epoch 1820 | Train: Loss=0.0044 Acc=100.0% | Test: Acc=19.0% | Best=19.0%(@1820)
  from x3: 0.19 0.19 0.19 0.19 0.19 0.19 0.19 0.19 0.19 0.19 0.19 0.19 0.19 0.19 0.19 0.19 0.19 0.19 0.19 0.19 0.19 0.19 0.19 0.19 0.19 0.19 0.19 0.19 0.19
  per-rule acc: 0.22 0.16
Epoch 1840 | Train: Loss=0.0017 Acc=100.0% | Test: Acc=17.5% | Best=19.0%(@1820)
  from x3: 0.18 0.18 0.18 0.18 0.18 0.18 0.18 0.17 0.18 0.18 0.18 0.18 0.18 0.17 0.17 0.17 0.17 0.17 0.17 0.17 0.17 0.17 0.17 0.17 0.17 0.17 0.17 0.17 0.17
  per-rule acc: 0.20 0.15
Epoch 1860 | Train: Loss=0.0078 Acc=100.0% | Test: Acc=18.0% | Best=19.0%(@1820)
  from x3: 0.17 0.19 0.19 0.18 0.18 0.18 0.18 0.18 0.18 0.18 0.18 0.18 0.18 0.18 0.18 0.18 0.18 0.18 0.18 0.18 0.18 0.18 0.18 0.18 0.18 0.18 0.18 0.18 0.18
  per-rule acc: 0.20 0.16
Epoch 1880 | Train: Loss=0.0057 Acc=100.0% | Test: Acc=18.6% | Best=19.0%(@1820)
  from x3: 0.19 0.20 0.19 0.19 0.19 0.19 0.19 0.19 0.19 0.18 0.18 0.18 0.18 0.18 0.18 0.19 0.18 0.18 0.18 0.18 0.18 0.18 0.18 0.18 0.18 0.18 0.18 0.18 0.18
  per-rule acc: 0.22 0.16
Epoch 1900 | Train: Loss=0.0018 Acc=100.0% | Test: Acc=17.9% | Best=19.0%(@1820)
  from x3: 0.18 0.19 0.18 0.18 0.18 0.18 0.18 0.18 0.18 0.18 0.18 0.18 0.18 0.18 0.18 0.18 0.18 0.18 0.18 0.18 0.18 0.18 0.18 0.18 0.18 0.18 0.17 0.18 0.18
  per-rule acc: 0.19 0.17
Epoch 1920 | Train: Loss=0.0024 Acc=100.0% | Test: Acc=18.9% | Best=19.0%(@1820)
  from x3: 0.19 0.19 0.19 0.19 0.19 0.19 0.19 0.19 0.19 0.19 0.19 0.19 0.19 0.19 0.19 0.19 0.19 0.19 0.19 0.19 0.19 0.19 0.19 0.19 0.19 0.19 0.19 0.19 0.19
  per-rule acc: 0.20 0.18
Epoch 1940 | Train: Loss=0.0101 Acc=99.9% | Test: Acc=17.8% | Best=19.0%(@1820)
  from x3: 0.18 0.18 0.18 0.17 0.18 0.17 0.18 0.18 0.17 0.18 0.18 0.18 0.18 0.18 0.18 0.18 0.18 0.18 0.18 0.18 0.18 0.18 0.18 0.18 0.18 0.18 0.18 0.18 0.18
  per-rule acc: 0.21 0.15
Epoch 1960 | Train: Loss=0.0018 Acc=100.0% | Test: Acc=18.7% | Best=19.0%(@1820)
  from x3: 0.19 0.20 0.19 0.19 0.19 0.19 0.19 0.19 0.19 0.19 0.19 0.19 0.19 0.18 0.19 0.18 0.18 0.18 0.18 0.18 0.18 0.18 0.18 0.18 0.18 0.18 0.18 0.18 0.18
  per-rule acc: 0.21 0.17
Epoch 1980 | Train: Loss=0.0460 Acc=99.6% | Test: Acc=19.2% | Best=19.2%(@1980)
  from x3: 0.19 0.20 0.19 0.19 0.19 0.19 0.19 0.19 0.19 0.19 0.19 0.19 0.19 0.19 0.19 0.19 0.19 0.19 0.19 0.19 0.19 0.19 0.19 0.19 0.19 0.19 0.19 0.19 0.19
  per-rule acc: 0.23 0.16
Epoch 2000 | Train: Loss=0.0014 Acc=100.0% | Test: Acc=20.5% | Best=20.5%(@2000)
  from x3: 0.20 0.21 0.21 0.21 0.21 0.21 0.21 0.20 0.20 0.20 0.20 0.20 0.20 0.20 0.21 0.20 0.20 0.20 0.20 0.20 0.20 0.20 0.20 0.21 0.20 0.20 0.20 0.20 0.20
  per-rule acc: 0.22 0.19
Epoch 2020 | Train: Loss=0.0022 Acc=100.0% | Test: Acc=19.9% | Best=20.5%(@2000)
  from x3: 0.20 0.21 0.20 0.20 0.20 0.20 0.20 0.20 0.20 0.20 0.20 0.20 0.20 0.20 0.20 0.20 0.20 0.20 0.20 0.20 0.20 0.20 0.20 0.20 0.20 0.20 0.20 0.20 0.20
  per-rule acc: 0.20 0.19
Epoch 2040 | Train: Loss=0.0028 Acc=100.0% | Test: Acc=20.8% | Best=20.8%(@2040)
  from x3: 0.21 0.21 0.21 0.21 0.21 0.21 0.21 0.21 0.21 0.21 0.21 0.21 0.21 0.21 0.21 0.21 0.21 0.21 0.21 0.21 0.21 0.21 0.21 0.21 0.21 0.21 0.21 0.21 0.21
  per-rule acc: 0.22 0.20
Epoch 2060 | Train: Loss=0.0019 Acc=100.0% | Test: Acc=19.5% | Best=20.8%(@2040)
  from x3: 0.20 0.20 0.20 0.20 0.20 0.20 0.20 0.20 0.20 0.20 0.20 0.20 0.20 0.19 0.19 0.19 0.19 0.19 0.19 0.19 0.19 0.19 0.19 0.19 0.19 0.19 0.19 0.19 0.19
  per-rule acc: 0.20 0.19
Epoch 2080 | Train: Loss=0.0520 Acc=99.5% | Test: Acc=18.8% | Best=20.8%(@2040)
  from x3: 0.19 0.19 0.19 0.18 0.19 0.19 0.18 0.19 0.19 0.19 0.19 0.19 0.19 0.19 0.19 0.19 0.19 0.19 0.19 0.19 0.19 0.19 0.19 0.19 0.19 0.19 0.19 0.19 0.19
  per-rule acc: 0.22 0.15
Epoch 2100 | Train: Loss=0.0014 Acc=100.0% | Test: Acc=21.7% | Best=21.7%(@2100)
  from x3: 0.22 0.22 0.21 0.22 0.22 0.22 0.22 0.22 0.22 0.22 0.22 0.22 0.22 0.22 0.22 0.22 0.22 0.22 0.22 0.22 0.22 0.22 0.22 0.21 0.21 0.21 0.21 0.22 0.21
  per-rule acc: 0.25 0.19
Epoch 2120 | Train: Loss=0.0020 Acc=100.0% | Test: Acc=20.7% | Best=21.7%(@2100)
  from x3: 0.21 0.21 0.21 0.21 0.21 0.21 0.21 0.21 0.21 0.21 0.21 0.21 0.21 0.21 0.21 0.21 0.21 0.21 0.21 0.21 0.21 0.21 0.21 0.21 0.21 0.21 0.21 0.21 0.21
  per-rule acc: 0.23 0.19
Epoch 2140 | Train: Loss=0.0171 Acc=99.9% | Test: Acc=19.6% | Best=21.7%(@2100)
  from x3: 0.20 0.20 0.21 0.20 0.20 0.20 0.20 0.20 0.20 0.20 0.20 0.19 0.20 0.20 0.19 0.19 0.19 0.19 0.19 0.19 0.19 0.19 0.19 0.19 0.19 0.19 0.19 0.19 0.19
  per-rule acc: 0.23 0.16
Epoch 2160 | Train: Loss=0.0017 Acc=100.0% | Test: Acc=20.4% | Best=21.7%(@2100)
  from x3: 0.20 0.21 0.20 0.20 0.20 0.21 0.21 0.20 0.21 0.21 0.21 0.21 0.20 0.20 0.20 0.20 0.20 0.20 0.20 0.20 0.20 0.20 0.20 0.20 0.20 0.20 0.20 0.20 0.20
  per-rule acc: 0.23 0.18
Epoch 2180 | Train: Loss=0.0199 Acc=99.6% | Test: Acc=18.0% | Best=21.7%(@2100)
  from x3: 0.18 0.18 0.18 0.18 0.18 0.18 0.18 0.18 0.18 0.18 0.18 0.18 0.18 0.18 0.18 0.18 0.18 0.18 0.18 0.18 0.18 0.18 0.18 0.18 0.18 0.18 0.18 0.18 0.18
  per-rule acc: 0.19 0.17
Epoch 2200 | Train: Loss=0.0016 Acc=100.0% | Test: Acc=21.8% | Best=21.8%(@2200)
  from x3: 0.22 0.23 0.22 0.22 0.22 0.22 0.22 0.22 0.22 0.22 0.22 0.22 0.22 0.22 0.22 0.22 0.22 0.22 0.22 0.22 0.22 0.22 0.22 0.22 0.22 0.22 0.22 0.22 0.22
  per-rule acc: 0.25 0.19
Epoch 2220 | Train: Loss=0.0020 Acc=100.0% | Test: Acc=21.5% | Best=21.8%(@2200)
  from x3: 0.20 0.22 0.21 0.21 0.21 0.21 0.21 0.21 0.22 0.21 0.21 0.21 0.21 0.21 0.21 0.22 0.22 0.22 0.22 0.22 0.22 0.22 0.22 0.22 0.22 0.21 0.21 0.21 0.21
  per-rule acc: 0.23 0.20
Epoch 2240 | Train: Loss=0.0357 Acc=99.7% | Test: Acc=20.9% | Best=21.8%(@2200)
  from x3: 0.21 0.22 0.21 0.21 0.20 0.20 0.21 0.20 0.21 0.21 0.21 0.21 0.21 0.21 0.21 0.21 0.21 0.21 0.21 0.21 0.21 0.21 0.21 0.21 0.21 0.21 0.21 0.21 0.21
  per-rule acc: 0.24 0.17
Epoch 2260 | Train: Loss=0.0013 Acc=100.0% | Test: Acc=21.1% | Best=21.8%(@2200)
  from x3: 0.21 0.22 0.21 0.21 0.21 0.21 0.21 0.21 0.21 0.21 0.21 0.21 0.21 0.21 0.21 0.21 0.21 0.21 0.21 0.21 0.21 0.21 0.21 0.21 0.21 0.21 0.21 0.21 0.21
  per-rule acc: 0.23 0.19
Epoch 2280 | Train: Loss=0.0021 Acc=100.0% | Test: Acc=20.4% | Best=21.8%(@2200)
  from x3: 0.21 0.21 0.21 0.21 0.21 0.21 0.21 0.21 0.20 0.20 0.20 0.20 0.20 0.20 0.20 0.20 0.20 0.20 0.20 0.20 0.20 0.20 0.20 0.20 0.20 0.20 0.20 0.21 0.20
  per-rule acc: 0.21 0.19
Epoch 2300 | Train: Loss=0.0166 Acc=99.8% | Test: Acc=22.1% | Best=22.1%(@2300)
  from x3: 0.22 0.22 0.22 0.22 0.22 0.22 0.22 0.22 0.22 0.22 0.22 0.22 0.22 0.22 0.22 0.22 0.22 0.22 0.22 0.22 0.22 0.22 0.22 0.22 0.22 0.22 0.22 0.22 0.22
  per-rule acc: 0.26 0.18
Epoch 2320 | Train: Loss=0.0015 Acc=100.0% | Test: Acc=21.7% | Best=22.1%(@2300)
  from x3: 0.22 0.22 0.22 0.21 0.22 0.22 0.22 0.21 0.22 0.22 0.22 0.22 0.22 0.22 0.22 0.22 0.22 0.22 0.22 0.22 0.22 0.22 0.22 0.22 0.22 0.22 0.22 0.22 0.22
  per-rule acc: 0.23 0.20
Epoch 2340 | Train: Loss=0.0022 Acc=100.0% | Test: Acc=21.4% | Best=22.1%(@2300)
  from x3: 0.21 0.22 0.22 0.21 0.21 0.21 0.22 0.21 0.21 0.21 0.21 0.21 0.21 0.21 0.21 0.21 0.21 0.21 0.21 0.21 0.21 0.21 0.21 0.21 0.21 0.21 0.21 0.21 0.21
  per-rule acc: 0.22 0.21
Epoch 2360 | Train: Loss=0.0205 Acc=99.7% | Test: Acc=23.4% | Best=23.4%(@2360)
  from x3: 0.24 0.24 0.23 0.23 0.23 0.23 0.23 0.23 0.23 0.23 0.24 0.23 0.24 0.24 0.23 0.24 0.23 0.24 0.23 0.24 0.23 0.23 0.23 0.24 0.24 0.24 0.23 0.23 0.24
  per-rule acc: 0.27 0.20
Epoch 2380 | Train: Loss=0.0026 Acc=100.0% | Test: Acc=23.6% | Best=23.6%(@2380)
  from x3: 0.23 0.24 0.23 0.23 0.24 0.23 0.24 0.24 0.24 0.24 0.24 0.24 0.24 0.24 0.24 0.24 0.24 0.24 0.24 0.24 0.24 0.24 0.24 0.24 0.24 0.23 0.23 0.24 0.24
  per-rule acc: 0.26 0.21
Epoch 2400 | Train: Loss=0.0019 Acc=100.0% | Test: Acc=22.3% | Best=23.6%(@2380)
  from x3: 0.22 0.23 0.23 0.22 0.23 0.23 0.23 0.22 0.22 0.22 0.22 0.22 0.22 0.22 0.22 0.22 0.22 0.22 0.22 0.22 0.22 0.22 0.22 0.22 0.22 0.22 0.22 0.22 0.22
  per-rule acc: 0.24 0.21
Epoch 2420 | Train: Loss=0.0023 Acc=100.0% | Test: Acc=23.0% | Best=23.6%(@2380)
  from x3: 0.23 0.23 0.23 0.23 0.23 0.23 0.23 0.23 0.23 0.23 0.23 0.23 0.23 0.23 0.23 0.23 0.23 0.23 0.23 0.23 0.23 0.23 0.23 0.23 0.23 0.23 0.23 0.23 0.23
  per-rule acc: 0.24 0.22
Epoch 2440 | Train: Loss=0.0125 Acc=99.8% | Test: Acc=22.8% | Best=23.6%(@2380)
  from x3: 0.22 0.23 0.23 0.23 0.23 0.23 0.23 0.23 0.23 0.23 0.23 0.23 0.23 0.23 0.23 0.23 0.23 0.23 0.23 0.23 0.23 0.23 0.23 0.23 0.23 0.23 0.23 0.23 0.23
  per-rule acc: 0.26 0.20
Epoch 2460 | Train: Loss=0.0015 Acc=100.0% | Test: Acc=22.1% | Best=23.6%(@2380)
  from x3: 0.22 0.23 0.22 0.22 0.22 0.22 0.22 0.22 0.22 0.22 0.22 0.22 0.22 0.22 0.22 0.22 0.22 0.22 0.22 0.22 0.22 0.22 0.22 0.22 0.22 0.22 0.22 0.22 0.22
  per-rule acc: 0.23 0.21
Epoch 2480 | Train: Loss=0.0022 Acc=100.0% | Test: Acc=22.1% | Best=23.6%(@2380)
  from x3: 0.22 0.23 0.22 0.22 0.22 0.22 0.22 0.22 0.22 0.22 0.22 0.22 0.22 0.22 0.22 0.22 0.22 0.22 0.22 0.22 0.22 0.22 0.22 0.22 0.22 0.22 0.22 0.22 0.22
  per-rule acc: 0.22 0.22
Epoch 2500 | Train: Loss=0.0279 Acc=99.8% | Test: Acc=23.3% | Best=23.6%(@2380)
  from x3: 0.23 0.24 0.23 0.23 0.24 0.23 0.24 0.24 0.23 0.23 0.23 0.23 0.24 0.23 0.23 0.23 0.23 0.23 0.23 0.23 0.23 0.23 0.23 0.23 0.23 0.23 0.23 0.23 0.23
  per-rule acc: 0.26 0.20
Epoch 2520 | Train: Loss=0.0060 Acc=100.0% | Test: Acc=21.6% | Best=23.6%(@2380)
  from x3: 0.22 0.22 0.22 0.22 0.21 0.22 0.21 0.22 0.22 0.22 0.22 0.22 0.22 0.22 0.22 0.21 0.21 0.22 0.22 0.21 0.21 0.22 0.21 0.21 0.21 0.21 0.21 0.21 0.21
  per-rule acc: 0.24 0.19
Epoch 2540 | Train: Loss=0.0018 Acc=100.0% | Test: Acc=26.2% | Best=26.2%(@2540)
  from x3: 0.24 0.26 0.27 0.26 0.26 0.26 0.26 0.26 0.26 0.26 0.26 0.26 0.26 0.26 0.26 0.26 0.26 0.26 0.26 0.26 0.26 0.26 0.26 0.26 0.26 0.26 0.26 0.26 0.26
  per-rule acc: 0.28 0.24
Epoch 2560 | Train: Loss=0.0021 Acc=100.0% | Test: Acc=24.4% | Best=26.2%(@2540)
  from x3: 0.23 0.25 0.24 0.24 0.24 0.24 0.24 0.24 0.24 0.25 0.24 0.24 0.24 0.24 0.24 0.24 0.24 0.24 0.24 0.24 0.24 0.25 0.24 0.24 0.25 0.24 0.24 0.24 0.24
  per-rule acc: 0.25 0.24
Epoch 2580 | Train: Loss=0.0587 Acc=99.3% | Test: Acc=22.0% | Best=26.2%(@2540)
  from x3: 0.21 0.22 0.22 0.22 0.22 0.22 0.22 0.22 0.22 0.22 0.22 0.22 0.22 0.22 0.22 0.22 0.22 0.22 0.22 0.22 0.22 0.22 0.22 0.22 0.22 0.22 0.22 0.22 0.22
  per-rule acc: 0.24 0.20
Epoch 2600 | Train: Loss=0.0053 Acc=100.0% | Test: Acc=23.5% | Best=26.2%(@2540)
  from x3: 0.23 0.24 0.24 0.23 0.23 0.24 0.23 0.23 0.23 0.23 0.24 0.23 0.24 0.24 0.23 0.23 0.23 0.24 0.23 0.23 0.23 0.23 0.23 0.23 0.24 0.24 0.23 0.23 0.24
  per-rule acc: 0.26 0.21
Epoch 2620 | Train: Loss=0.0018 Acc=100.0% | Test: Acc=23.3% | Best=26.2%(@2540)
  from x3: 0.23 0.25 0.24 0.24 0.24 0.23 0.24 0.24 0.23 0.23 0.23 0.23 0.23 0.23 0.23 0.23 0.23 0.23 0.23 0.23 0.23 0.23 0.23 0.23 0.23 0.23 0.23 0.23 0.23
  per-rule acc: 0.24 0.22
Epoch 2640 | Train: Loss=0.0023 Acc=100.0% | Test: Acc=24.0% | Best=26.2%(@2540)
  from x3: 0.23 0.25 0.24 0.24 0.24 0.24 0.24 0.24 0.24 0.24 0.24 0.24 0.24 0.24 0.24 0.24 0.24 0.24 0.24 0.24 0.24 0.24 0.24 0.24 0.24 0.24 0.24 0.24 0.24
  per-rule acc: 0.24 0.24
Epoch 2660 | Train: Loss=0.0032 Acc=99.9% | Test: Acc=24.8% | Best=26.2%(@2540)
  from x3: 0.24 0.26 0.25 0.25 0.25 0.25 0.25 0.25 0.25 0.25 0.25 0.25 0.25 0.25 0.25 0.25 0.25 0.25 0.25 0.25 0.25 0.25 0.25 0.25 0.25 0.25 0.25 0.25 0.25
  per-rule acc: 0.29 0.21
Epoch 2680 | Train: Loss=0.0021 Acc=100.0% | Test: Acc=24.3% | Best=26.2%(@2540)
  from x3: 0.24 0.25 0.25 0.24 0.24 0.24 0.24 0.24 0.24 0.24 0.24 0.24 0.24 0.25 0.24 0.24 0.24 0.24 0.24 0.24 0.24 0.24 0.24 0.24 0.24 0.24 0.24 0.24 0.24
  per-rule acc: 0.26 0.22
Epoch 2700 | Train: Loss=0.0136 Acc=99.8% | Test: Acc=23.7% | Best=26.2%(@2540)
  from x3: 0.23 0.25 0.24 0.23 0.24 0.23 0.24 0.24 0.24 0.23 0.24 0.24 0.24 0.24 0.24 0.24 0.24 0.24 0.24 0.24 0.24 0.24 0.24 0.24 0.24 0.24 0.24 0.24 0.24
  per-rule acc: 0.26 0.21
Epoch 2720 | Train: Loss=0.0020 Acc=100.0% | Test: Acc=24.3% | Best=26.2%(@2540)
  from x3: 0.24 0.24 0.25 0.25 0.24 0.24 0.24 0.24 0.24 0.24 0.24 0.24 0.24 0.24 0.24 0.24 0.24 0.24 0.24 0.24 0.24 0.24 0.24 0.24 0.24 0.24 0.24 0.24 0.24
  per-rule acc: 0.25 0.24
Epoch 2740 | Train: Loss=0.0024 Acc=100.0% | Test: Acc=24.8% | Best=26.2%(@2540)
  from x3: 0.23 0.25 0.25 0.25 0.25 0.25 0.25 0.25 0.25 0.25 0.25 0.25 0.25 0.25 0.25 0.25 0.25 0.25 0.25 0.25 0.25 0.25 0.25 0.25 0.25 0.25 0.25 0.25 0.25
  per-rule acc: 0.25 0.24
Epoch 2760 | Train: Loss=0.0209 Acc=99.7% | Test: Acc=25.5% | Best=26.2%(@2540)
  from x3: 0.24 0.26 0.26 0.25 0.26 0.26 0.26 0.25 0.26 0.25 0.25 0.25 0.25 0.25 0.25 0.25 0.25 0.26 0.25 0.25 0.26 0.25 0.26 0.26 0.26 0.26 0.26 0.26 0.26
  per-rule acc: 0.28 0.23
Epoch 2780 | Train: Loss=0.0015 Acc=100.0% | Test: Acc=24.5% | Best=26.2%(@2540)
  from x3: 0.24 0.26 0.25 0.25 0.25 0.25 0.25 0.25 0.25 0.25 0.25 0.25 0.25 0.24 0.24 0.24 0.24 0.24 0.24 0.24 0.24 0.24 0.24 0.24 0.24 0.24 0.24 0.24 0.24
  per-rule acc: 0.26 0.23
Epoch 2800 | Train: Loss=0.0022 Acc=100.0% | Test: Acc=25.0% | Best=26.2%(@2540)
  from x3: 0.24 0.26 0.25 0.25 0.25 0.25 0.25 0.25 0.25 0.25 0.25 0.25 0.25 0.25 0.25 0.25 0.25 0.25 0.25 0.25 0.25 0.25 0.25 0.25 0.25 0.25 0.25 0.25 0.25
  per-rule acc: 0.25 0.24
Epoch 2820 | Train: Loss=0.0098 Acc=99.9% | Test: Acc=23.8% | Best=26.2%(@2540)
  from x3: 0.24 0.25 0.24 0.24 0.24 0.24 0.24 0.24 0.24 0.24 0.24 0.24 0.24 0.24 0.24 0.24 0.24 0.24 0.24 0.24 0.24 0.24 0.24 0.24 0.24 0.24 0.24 0.24 0.24
  per-rule acc: 0.27 0.20
Epoch 2840 | Train: Loss=0.0016 Acc=100.0% | Test: Acc=25.5% | Best=26.2%(@2540)
  from x3: 0.24 0.26 0.25 0.26 0.26 0.26 0.26 0.25 0.25 0.25 0.26 0.26 0.26 0.26 0.26 0.26 0.26 0.26 0.26 0.26 0.26 0.26 0.26 0.26 0.26 0.25 0.25 0.25 0.25
  per-rule acc: 0.26 0.25
Epoch 2860 | Train: Loss=0.0166 Acc=99.9% | Test: Acc=23.4% | Best=26.2%(@2540)
  from x3: 0.22 0.24 0.23 0.24 0.24 0.24 0.24 0.24 0.24 0.24 0.24 0.24 0.24 0.24 0.24 0.23 0.23 0.23 0.24 0.24 0.23 0.23 0.23 0.23 0.23 0.23 0.23 0.23 0.23
  per-rule acc: 0.25 0.22
Epoch 2880 | Train: Loss=0.0013 Acc=100.0% | Test: Acc=26.5% | Best=26.5%(@2880)
  from x3: 0.26 0.27 0.26 0.26 0.27 0.26 0.27 0.26 0.26 0.26 0.26 0.26 0.26 0.26 0.26 0.26 0.26 0.26 0.27 0.27 0.27 0.26 0.27 0.27 0.27 0.27 0.27 0.27 0.27
  per-rule acc: 0.29 0.24
Epoch 2900 | Train: Loss=0.0020 Acc=100.0% | Test: Acc=25.7% | Best=26.5%(@2880)
  from x3: 0.25 0.26 0.26 0.26 0.26 0.26 0.26 0.26 0.26 0.26 0.26 0.26 0.26 0.26 0.26 0.26 0.26 0.26 0.26 0.26 0.26 0.26 0.25 0.25 0.25 0.25 0.25 0.25 0.25
  per-rule acc: 0.27 0.25
Epoch 2920 | Train: Loss=0.0640 Acc=99.5% | Test: Acc=22.8% | Best=26.5%(@2880)
  from x3: 0.22 0.24 0.23 0.23 0.23 0.23 0.23 0.23 0.23 0.23 0.23 0.23 0.23 0.23 0.23 0.23 0.23 0.23 0.23 0.23 0.23 0.23 0.23 0.23 0.23 0.23 0.23 0.23 0.23
  per-rule acc: 0.27 0.19
Epoch 2940 | Train: Loss=0.0012 Acc=100.0% | Test: Acc=26.0% | Best=26.5%(@2880)
  from x3: 0.25 0.27 0.26 0.26 0.26 0.26 0.26 0.26 0.26 0.26 0.26 0.26 0.26 0.26 0.26 0.26 0.26 0.26 0.26 0.26 0.26 0.26 0.26 0.26 0.26 0.26 0.26 0.26 0.26
  per-rule acc: 0.27 0.25
Epoch 2960 | Train: Loss=0.0020 Acc=100.0% | Test: Acc=24.5% | Best=26.5%(@2880)
  from x3: 0.24 0.25 0.24 0.25 0.25 0.25 0.25 0.25 0.25 0.25 0.25 0.25 0.25 0.24 0.25 0.25 0.25 0.24 0.25 0.24 0.25 0.24 0.24 0.24 0.24 0.24 0.24 0.24 0.24
  per-rule acc: 0.24 0.25
Epoch 2980 | Train: Loss=0.0023 Acc=100.0% | Test: Acc=24.9% | Best=26.5%(@2880)
  from x3: 0.24 0.26 0.25 0.25 0.25 0.25 0.25 0.25 0.25 0.25 0.25 0.25 0.25 0.25 0.25 0.25 0.25 0.25 0.25 0.25 0.25 0.25 0.25 0.25 0.25 0.25 0.25 0.25 0.25
  per-rule acc: 0.25 0.25
Epoch 3000 | Train: Loss=0.0063 Acc=99.9% | Test: Acc=26.6% | Best=26.6%(@3000)
  from x3: 0.26 0.27 0.26 0.27 0.27 0.27 0.26 0.26 0.27 0.27 0.27 0.27 0.27 0.27 0.27 0.27 0.27 0.27 0.27 0.27 0.27 0.27 0.27 0.27 0.27 0.27 0.27 0.27 0.27
  per-rule acc: 0.29 0.24
Epoch 3020 | Train: Loss=0.0014 Acc=100.0% | Test: Acc=25.3% | Best=26.6%(@3000)
  from x3: 0.24 0.26 0.26 0.25 0.25 0.25 0.26 0.25 0.26 0.25 0.26 0.26 0.25 0.25 0.25 0.25 0.25 0.25 0.25 0.25 0.25 0.25 0.25 0.25 0.25 0.25 0.25 0.25 0.25
  per-rule acc: 0.26 0.24
Epoch 3040 | Train: Loss=0.0021 Acc=100.0% | Test: Acc=25.2% | Best=26.6%(@3000)
  from x3: 0.24 0.26 0.26 0.26 0.25 0.25 0.25 0.25 0.25 0.25 0.25 0.25 0.25 0.25 0.25 0.25 0.25 0.25 0.25 0.25 0.25 0.25 0.25 0.25 0.25 0.25 0.25 0.25 0.25
  per-rule acc: 0.25 0.25
Epoch 3060 | Train: Loss=0.0525 Acc=99.6% | Test: Acc=24.5% | Best=26.6%(@3000)
  from x3: 0.25 0.25 0.25 0.25 0.24 0.25 0.24 0.25 0.25 0.25 0.25 0.24 0.24 0.24 0.25 0.25 0.25 0.25 0.25 0.25 0.24 0.24 0.24 0.24 0.24 0.24 0.24 0.24 0.24
  per-rule acc: 0.27 0.22
Epoch 3080 | Train: Loss=0.0014 Acc=100.0% | Test: Acc=26.7% | Best=26.7%(@3080)
  from x3: 0.25 0.27 0.27 0.27 0.26 0.27 0.27 0.27 0.27 0.27 0.27 0.27 0.27 0.27 0.27 0.27 0.27 0.27 0.27 0.27 0.27 0.27 0.27 0.27 0.27 0.27 0.27 0.26 0.26
  per-rule acc: 0.29 0.25
Epoch 3100 | Train: Loss=0.0020 Acc=100.0% | Test: Acc=25.5% | Best=26.7%(@3080)
  from x3: 0.24 0.26 0.26 0.26 0.26 0.26 0.26 0.26 0.25 0.25 0.26 0.26 0.26 0.25 0.26 0.25 0.25 0.25 0.25 0.25 0.25 0.25 0.25 0.26 0.25 0.25 0.25 0.25 0.25
  per-rule acc: 0.25 0.26
Epoch 3120 | Train: Loss=0.0022 Acc=100.0% | Test: Acc=26.2% | Best=26.7%(@3080)
  from x3: 0.25 0.26 0.26 0.26 0.26 0.26 0.26 0.26 0.26 0.26 0.26 0.26 0.26 0.26 0.26 0.26 0.26 0.26 0.26 0.26 0.26 0.26 0.26 0.26 0.27 0.26 0.26 0.27 0.26
  per-rule acc: 0.26 0.27
Epoch 3140 | Train: Loss=0.0016 Acc=100.0% | Test: Acc=26.8% | Best=26.8%(@3140)
  from x3: 0.27 0.28 0.27 0.27 0.27 0.27 0.27 0.27 0.27 0.27 0.27 0.27 0.27 0.27 0.27 0.27 0.27 0.27 0.27 0.27 0.27 0.27 0.27 0.27 0.27 0.27 0.27 0.27 0.27
  per-rule acc: 0.29 0.25
Epoch 3160 | Train: Loss=0.0019 Acc=100.0% | Test: Acc=25.7% | Best=26.8%(@3140)
  from x3: 0.25 0.26 0.25 0.26 0.26 0.26 0.26 0.26 0.26 0.26 0.26 0.26 0.26 0.26 0.26 0.26 0.26 0.26 0.26 0.26 0.26 0.26 0.26 0.26 0.26 0.26 0.26 0.25 0.25
  per-rule acc: 0.26 0.26
Epoch 3180 | Train: Loss=0.0022 Acc=100.0% | Test: Acc=25.5% | Best=26.8%(@3140)
  from x3: 0.25 0.26 0.26 0.26 0.26 0.26 0.25 0.26 0.25 0.25 0.25 0.25 0.25 0.25 0.25 0.25 0.26 0.25 0.25 0.25 0.25 0.25 0.25 0.25 0.25 0.26 0.25 0.26 0.26
  per-rule acc: 0.25 0.26
Epoch 3200 | Train: Loss=0.0022 Acc=100.0% | Test: Acc=26.1% | Best=26.8%(@3140)
  from x3: 0.25 0.26 0.26 0.26 0.26 0.26 0.27 0.26 0.26 0.26 0.26 0.26 0.26 0.26 0.26 0.26 0.26 0.26 0.26 0.26 0.26 0.26 0.26 0.26 0.26 0.26 0.26 0.26 0.26
  per-rule acc: 0.28 0.24
Epoch 3220 | Train: Loss=0.0018 Acc=100.0% | Test: Acc=25.8% | Best=26.8%(@3140)
  from x3: 0.25 0.26 0.26 0.26 0.26 0.26 0.26 0.26 0.26 0.26 0.26 0.26 0.26 0.26 0.26 0.26 0.26 0.26 0.26 0.26 0.26 0.26 0.26 0.26 0.26 0.26 0.26 0.26 0.26
  per-rule acc: 0.26 0.26
Epoch 3240 | Train: Loss=0.0021 Acc=100.0% | Test: Acc=26.1% | Best=26.8%(@3140)
  from x3: 0.25 0.26 0.26 0.27 0.26 0.27 0.26 0.26 0.26 0.26 0.26 0.26 0.26 0.26 0.26 0.26 0.26 0.26 0.26 0.26 0.26 0.26 0.26 0.26 0.26 0.26 0.26 0.26 0.26
  per-rule acc: 0.25 0.27
Epoch 3260 | Train: Loss=0.0014 Acc=100.0% | Test: Acc=26.5% | Best=26.8%(@3140)
  from x3: 0.26 0.27 0.26 0.27 0.27 0.27 0.27 0.26 0.27 0.27 0.27 0.27 0.26 0.26 0.26 0.26 0.26 0.26 0.26 0.26 0.26 0.27 0.26 0.27 0.26 0.27 0.26 0.26 0.27
  per-rule acc: 0.29 0.24
Epoch 3280 | Train: Loss=0.0018 Acc=100.0% | Test: Acc=26.3% | Best=26.8%(@3140)
  from x3: 0.25 0.27 0.26 0.27 0.27 0.27 0.27 0.26 0.26 0.26 0.26 0.26 0.26 0.26 0.26 0.26 0.26 0.26 0.26 0.26 0.26 0.26 0.26 0.26 0.26 0.26 0.26 0.26 0.26
  per-rule acc: 0.27 0.26
Epoch 3300 | Train: Loss=0.0632 Acc=99.5% | Test: Acc=23.1% | Best=26.8%(@3140)
  from x3: 0.23 0.24 0.24 0.23 0.23 0.23 0.23 0.23 0.23 0.23 0.23 0.23 0.23 0.23 0.23 0.23 0.23 0.23 0.23 0.23 0.23 0.23 0.23 0.23 0.23 0.23 0.23 0.23 0.23
  per-rule acc: 0.24 0.22
Epoch 3320 | Train: Loss=0.0086 Acc=99.9% | Test: Acc=26.7% | Best=26.8%(@3140)
  from x3: 0.26 0.27 0.27 0.27 0.27 0.27 0.27 0.27 0.27 0.27 0.27 0.27 0.27 0.27 0.27 0.27 0.27 0.27 0.27 0.27 0.27 0.27 0.27 0.27 0.27 0.27 0.27 0.27 0.27
  per-rule acc: 0.30 0.24
Epoch 3340 | Train: Loss=0.0015 Acc=100.0% | Test: Acc=26.8% | Best=26.8%(@3340)
  from x3: 0.26 0.27 0.27 0.27 0.27 0.27 0.27 0.27 0.27 0.27 0.27 0.27 0.27 0.27 0.27 0.27 0.27 0.27 0.27 0.27 0.27 0.27 0.27 0.27 0.27 0.27 0.27 0.27 0.27
  per-rule acc: 0.29 0.25
Epoch 3360 | Train: Loss=0.0021 Acc=100.0% | Test: Acc=26.6% | Best=26.8%(@3340)
  from x3: 0.25 0.27 0.27 0.27 0.27 0.27 0.27 0.27 0.27 0.27 0.27 0.27 0.27 0.27 0.27 0.27 0.27 0.26 0.27 0.26 0.26 0.26 0.26 0.27 0.26 0.27 0.27 0.26 0.27
  per-rule acc: 0.26 0.27
Epoch 3380 | Train: Loss=0.0064 Acc=99.9% | Test: Acc=25.7% | Best=26.8%(@3340)
  from x3: 0.25 0.26 0.26 0.26 0.26 0.26 0.26 0.26 0.26 0.26 0.25 0.26 0.26 0.26 0.26 0.26 0.26 0.26 0.26 0.26 0.26 0.26 0.26 0.26 0.26 0.26 0.26 0.26 0.26
  per-rule acc: 0.28 0.24
Epoch 3400 | Train: Loss=0.0015 Acc=100.0% | Test: Acc=27.9% | Best=27.9%(@3400)
  from x3: 0.27 0.28 0.29 0.28 0.28 0.28 0.28 0.28 0.28 0.28 0.28 0.28 0.28 0.28 0.28 0.28 0.28 0.28 0.28 0.28 0.28 0.28 0.28 0.28 0.28 0.28 0.28 0.28 0.28
  per-rule acc: 0.29 0.27
Epoch 3420 | Train: Loss=0.0021 Acc=100.0% | Test: Acc=27.1% | Best=27.9%(@3400)
  from x3: 0.26 0.28 0.27 0.27 0.27 0.27 0.27 0.27 0.27 0.27 0.27 0.27 0.27 0.27 0.27 0.27 0.27 0.27 0.27 0.27 0.27 0.27 0.27 0.27 0.27 0.27 0.27 0.27 0.27
  per-rule acc: 0.27 0.27
Epoch 3440 | Train: Loss=0.0033 Acc=100.0% | Test: Acc=25.7% | Best=27.9%(@3400)
  from x3: 0.26 0.27 0.26 0.26 0.25 0.25 0.26 0.25 0.26 0.26 0.26 0.26 0.26 0.26 0.26 0.26 0.26 0.26 0.26 0.26 0.26 0.26 0.26 0.26 0.26 0.26 0.26 0.26 0.26
  per-rule acc: 0.28 0.24
Epoch 3460 | Train: Loss=0.0016 Acc=100.0% | Test: Acc=27.4% | Best=27.9%(@3400)
  from x3: 0.26 0.27 0.27 0.28 0.27 0.27 0.27 0.27 0.27 0.27 0.27 0.27 0.28 0.28 0.27 0.27 0.28 0.27 0.28 0.28 0.27 0.27 0.27 0.28 0.27 0.27 0.28 0.28 0.28
  per-rule acc: 0.29 0.26
Epoch 3480 | Train: Loss=0.0022 Acc=100.0% | Test: Acc=27.0% | Best=27.9%(@3400)
  from x3: 0.26 0.27 0.27 0.27 0.27 0.27 0.27 0.27 0.27 0.27 0.27 0.27 0.27 0.27 0.27 0.27 0.27 0.27 0.27 0.27 0.27 0.27 0.27 0.27 0.27 0.27 0.27 0.27 0.27
  per-rule acc: 0.26 0.28
Epoch 3500 | Train: Loss=0.0348 Acc=99.7% | Test: Acc=25.0% | Best=27.9%(@3400)
  from x3: 0.25 0.26 0.26 0.26 0.25 0.25 0.25 0.25 0.25 0.25 0.25 0.25 0.25 0.25 0.25 0.25 0.25 0.25 0.25 0.25 0.25 0.25 0.25 0.25 0.25 0.25 0.25 0.25 0.25
  per-rule acc: 0.27 0.23
Epoch 3520 | Train: Loss=0.0012 Acc=100.0% | Test: Acc=28.7% | Best=28.7%(@3520)
  from x3: 0.27 0.29 0.29 0.29 0.29 0.29 0.29 0.29 0.29 0.29 0.29 0.29 0.29 0.29 0.29 0.29 0.29 0.29 0.29 0.29 0.29 0.29 0.29 0.29 0.29 0.29 0.29 0.29 0.29
  per-rule acc: 0.30 0.27
Epoch 3540 | Train: Loss=0.0019 Acc=100.0% | Test: Acc=26.6% | Best=28.7%(@3520)
  from x3: 0.26 0.27 0.27 0.27 0.27 0.27 0.27 0.27 0.27 0.27 0.27 0.27 0.27 0.27 0.27 0.27 0.27 0.27 0.27 0.27 0.27 0.27 0.27 0.27 0.26 0.26 0.26 0.27 0.27
  per-rule acc: 0.27 0.26
Epoch 3560 | Train: Loss=0.0110 Acc=99.9% | Test: Acc=25.4% | Best=28.7%(@3520)
  from x3: 0.25 0.26 0.26 0.25 0.26 0.26 0.26 0.26 0.26 0.26 0.25 0.25 0.25 0.25 0.25 0.25 0.25 0.25 0.25 0.25 0.25 0.25 0.25 0.25 0.25 0.25 0.25 0.25 0.25
  per-rule acc: 0.27 0.24
Epoch 3580 | Train: Loss=0.0017 Acc=100.0% | Test: Acc=26.6% | Best=28.7%(@3520)
  from x3: 0.26 0.27 0.26 0.26 0.26 0.26 0.26 0.27 0.26 0.26 0.27 0.27 0.27 0.27 0.27 0.27 0.27 0.27 0.27 0.27 0.27 0.27 0.27 0.27 0.27 0.27 0.27 0.27 0.26
  per-rule acc: 0.27 0.26
Epoch 3600 | Train: Loss=0.0307 Acc=100.0% | Test: Acc=23.1% | Best=28.7%(@3520)
  from x3: 0.22 0.24 0.23 0.24 0.23 0.23 0.23 0.23 0.23 0.23 0.23 0.23 0.23 0.23 0.23 0.23 0.23 0.23 0.23 0.23 0.23 0.23 0.23 0.23 0.23 0.23 0.23 0.23 0.23
  per-rule acc: 0.23 0.23
Epoch 3620 | Train: Loss=0.0014 Acc=100.0% | Test: Acc=29.9% | Best=29.9%(@3620)
  from x3: 0.28 0.30 0.29 0.30 0.29 0.30 0.30 0.30 0.30 0.30 0.30 0.30 0.30 0.30 0.30 0.30 0.30 0.30 0.30 0.30 0.30 0.30 0.30 0.30 0.30 0.30 0.30 0.30 0.30
  per-rule acc: 0.32 0.28
Epoch 3640 | Train: Loss=0.0020 Acc=100.0% | Test: Acc=27.6% | Best=29.9%(@3620)
  from x3: 0.26 0.28 0.28 0.28 0.28 0.28 0.28 0.28 0.28 0.28 0.28 0.28 0.28 0.28 0.28 0.28 0.27 0.27 0.28 0.27 0.28 0.28 0.27 0.27 0.28 0.28 0.28 0.28 0.28
  per-rule acc: 0.28 0.28
Epoch 3660 | Train: Loss=0.0117 Acc=99.9% | Test: Acc=27.7% | Best=29.9%(@3620)
  from x3: 0.27 0.27 0.28 0.28 0.28 0.28 0.28 0.28 0.28 0.28 0.28 0.27 0.28 0.28 0.28 0.28 0.28 0.28 0.28 0.28 0.28 0.28 0.28 0.28 0.28 0.28 0.28 0.28 0.28
  per-rule acc: 0.30 0.25
Epoch 3680 | Train: Loss=0.0017 Acc=100.0% | Test: Acc=27.5% | Best=29.9%(@3620)
  from x3: 0.26 0.28 0.27 0.28 0.28 0.27 0.28 0.27 0.28 0.27 0.27 0.28 0.28 0.28 0.28 0.27 0.27 0.27 0.28 0.28 0.28 0.28 0.28 0.28 0.28 0.28 0.28 0.28 0.28
  per-rule acc: 0.28 0.27
Epoch 3700 | Train: Loss=0.0022 Acc=100.0% | Test: Acc=27.5% | Best=29.9%(@3620)
  from x3: 0.25 0.27 0.27 0.28 0.28 0.27 0.27 0.28 0.27 0.28 0.28 0.28 0.28 0.28 0.28 0.28 0.28 0.28 0.28 0.28 0.28 0.28 0.27 0.28 0.28 0.27 0.27 0.27 0.27
  per-rule acc: 0.27 0.28
Epoch 3720 | Train: Loss=0.0030 Acc=100.0% | Test: Acc=26.3% | Best=29.9%(@3620)
  from x3: 0.26 0.27 0.27 0.27 0.27 0.27 0.27 0.26 0.26 0.26 0.26 0.26 0.26 0.26 0.26 0.26 0.26 0.26 0.26 0.26 0.26 0.26 0.26 0.26 0.26 0.26 0.26 0.26 0.26
  per-rule acc: 0.29 0.24
Epoch 3740 | Train: Loss=0.0018 Acc=100.0% | Test: Acc=26.6% | Best=29.9%(@3620)
  from x3: 0.25 0.27 0.26 0.27 0.27 0.27 0.27 0.27 0.27 0.26 0.26 0.26 0.27 0.27 0.27 0.27 0.27 0.27 0.27 0.27 0.27 0.27 0.27 0.27 0.27 0.27 0.27 0.27 0.26
  per-rule acc: 0.27 0.26
Epoch 3760 | Train: Loss=0.0377 Acc=99.5% | Test: Acc=25.6% | Best=29.9%(@3620)
  from x3: 0.24 0.26 0.25 0.26 0.26 0.26 0.26 0.26 0.26 0.26 0.26 0.26 0.26 0.25 0.25 0.26 0.25 0.25 0.25 0.25 0.26 0.25 0.26 0.26 0.26 0.26 0.26 0.26 0.25
  per-rule acc: 0.26 0.25
Epoch 3780 | Train: Loss=0.0014 Acc=100.0% | Test: Acc=28.5% | Best=29.9%(@3620)
  from x3: 0.27 0.29 0.29 0.29 0.29 0.29 0.28 0.29 0.29 0.29 0.29 0.29 0.29 0.29 0.29 0.29 0.29 0.28 0.28 0.28 0.28 0.28 0.28 0.28 0.28 0.28 0.28 0.28 0.28
  per-rule acc: 0.30 0.27
Epoch 3800 | Train: Loss=0.0020 Acc=100.0% | Test: Acc=27.2% | Best=29.9%(@3620)
  from x3: 0.26 0.28 0.28 0.28 0.28 0.28 0.28 0.27 0.27 0.27 0.27 0.27 0.27 0.27 0.27 0.27 0.27 0.27 0.27 0.27 0.27 0.27 0.27 0.27 0.27 0.27 0.27 0.27 0.27
  per-rule acc: 0.27 0.28
Epoch 3820 | Train: Loss=0.0111 Acc=99.9% | Test: Acc=25.8% | Best=29.9%(@3620)
  from x3: 0.25 0.27 0.26 0.26 0.26 0.26 0.26 0.26 0.26 0.26 0.26 0.26 0.26 0.26 0.26 0.26 0.26 0.26 0.26 0.26 0.26 0.26 0.26 0.26 0.26 0.26 0.26 0.26 0.26
  per-rule acc: 0.29 0.23
Epoch 3840 | Train: Loss=0.0015 Acc=100.0% | Test: Acc=27.8% | Best=29.9%(@3620)
  from x3: 0.27 0.28 0.28 0.28 0.28 0.28 0.28 0.28 0.28 0.28 0.28 0.28 0.28 0.28 0.28 0.28 0.28 0.28 0.28 0.28 0.28 0.28 0.28 0.28 0.28 0.28 0.28 0.28 0.28
  per-rule acc: 0.29 0.27
Epoch 3860 | Train: Loss=0.0021 Acc=100.0% | Test: Acc=27.1% | Best=29.9%(@3620)
  from x3: 0.26 0.28 0.27 0.27 0.27 0.27 0.27 0.27 0.27 0.27 0.27 0.27 0.27 0.27 0.27 0.27 0.27 0.27 0.27 0.27 0.27 0.27 0.27 0.27 0.27 0.27 0.27 0.27 0.27
  per-rule acc: 0.26 0.28
Epoch 3880 | Train: Loss=0.0014 Acc=100.0% | Test: Acc=28.9% | Best=29.9%(@3620)
  from x3: 0.28 0.29 0.29 0.29 0.29 0.29 0.29 0.29 0.29 0.29 0.29 0.29 0.29 0.29 0.29 0.29 0.29 0.29 0.29 0.29 0.29 0.29 0.29 0.29 0.29 0.29 0.29 0.29 0.29
  per-rule acc: 0.30 0.27
Epoch 3900 | Train: Loss=0.0018 Acc=100.0% | Test: Acc=27.2% | Best=29.9%(@3620)
  from x3: 0.27 0.28 0.27 0.28 0.27 0.27 0.27 0.27 0.27 0.27 0.27 0.27 0.27 0.27 0.27 0.27 0.27 0.27 0.27 0.27 0.27 0.27 0.27 0.27 0.27 0.27 0.27 0.27 0.27
  per-rule acc: 0.27 0.27
Epoch 3920 | Train: Loss=0.0125 Acc=100.0% | Test: Acc=25.9% | Best=29.9%(@3620)
  from x3: 0.24 0.27 0.26 0.26 0.26 0.26 0.26 0.26 0.26 0.26 0.26 0.26 0.26 0.26 0.26 0.26 0.26 0.26 0.26 0.26 0.26 0.26 0.26 0.26 0.26 0.26 0.26 0.25 0.25
  per-rule acc: 0.25 0.27
Epoch 3940 | Train: Loss=0.0021 Acc=100.0% | Test: Acc=27.0% | Best=29.9%(@3620)
  from x3: 0.27 0.27 0.27 0.27 0.27 0.27 0.27 0.27 0.27 0.27 0.27 0.27 0.27 0.27 0.27 0.27 0.27 0.27 0.27 0.27 0.27 0.27 0.27 0.27 0.27 0.27 0.27 0.27 0.27
  per-rule acc: 0.29 0.25
Epoch 3960 | Train: Loss=0.0019 Acc=100.0% | Test: Acc=26.9% | Best=29.9%(@3620)
  from x3: 0.26 0.27 0.27 0.27 0.27 0.27 0.27 0.27 0.27 0.27 0.27 0.27 0.27 0.27 0.27 0.27 0.27 0.27 0.27 0.27 0.27 0.27 0.27 0.27 0.27 0.27 0.27 0.27 0.27
  per-rule acc: 0.27 0.27
Epoch 3980 | Train: Loss=0.0065 Acc=100.0% | Test: Acc=25.0% | Best=29.9%(@3620)
  from x3: 0.24 0.26 0.25 0.25 0.25 0.25 0.25 0.25 0.25 0.25 0.25 0.25 0.25 0.25 0.25 0.25 0.25 0.25 0.25 0.25 0.25 0.25 0.25 0.25 0.25 0.25 0.25 0.25 0.25
  per-rule acc: 0.24 0.26
Epoch 4000 | Train: Loss=0.0081 Acc=99.9% | Test: Acc=28.2% | Best=29.9%(@3620)
  from x3: 0.27 0.28 0.28 0.28 0.28 0.28 0.28 0.28 0.29 0.28 0.28 0.28 0.28 0.28 0.28 0.28 0.28 0.28 0.28 0.28 0.28 0.28 0.28 0.28 0.28 0.28 0.28 0.28 0.28
  per-rule acc: 0.32 0.25
Epoch 4020 | Train: Loss=0.0014 Acc=100.0% | Test: Acc=29.8% | Best=29.9%(@3620)
  from x3: 0.28 0.30 0.30 0.30 0.30 0.30 0.30 0.30 0.30 0.30 0.30 0.30 0.30 0.30 0.30 0.30 0.30 0.30 0.30 0.30 0.30 0.30 0.30 0.30 0.30 0.30 0.30 0.30 0.30
  per-rule acc: 0.31 0.29
Epoch 4040 | Train: Loss=0.0019 Acc=100.0% | Test: Acc=27.8% | Best=29.9%(@3620)
  from x3: 0.27 0.28 0.28 0.28 0.28 0.28 0.28 0.28 0.28 0.28 0.28 0.28 0.28 0.28 0.28 0.28 0.28 0.28 0.28 0.28 0.28 0.28 0.28 0.28 0.28 0.28 0.28 0.28 0.27
  per-rule acc: 0.27 0.29
Epoch 4060 | Train: Loss=0.0232 Acc=99.8% | Test: Acc=26.8% | Best=29.9%(@3620)
  from x3: 0.25 0.27 0.27 0.27 0.27 0.27 0.27 0.27 0.27 0.27 0.27 0.27 0.27 0.27 0.27 0.27 0.27 0.27 0.27 0.27 0.27 0.27 0.27 0.27 0.27 0.27 0.27 0.27 0.27
  per-rule acc: 0.28 0.25
Epoch 4080 | Train: Loss=0.0036 Acc=100.0% | Test: Acc=27.9% | Best=29.9%(@3620)
  from x3: 0.27 0.28 0.28 0.28 0.28 0.28 0.29 0.28 0.28 0.28 0.28 0.28 0.28 0.28 0.28 0.28 0.28 0.28 0.28 0.28 0.28 0.28 0.28 0.28 0.28 0.28 0.28 0.28 0.28
  per-rule acc: 0.31 0.25
Epoch 4100 | Train: Loss=0.0082 Acc=100.0% | Test: Acc=27.7% | Best=29.9%(@3620)
  from x3: 0.26 0.28 0.28 0.28 0.27 0.27 0.28 0.28 0.28 0.28 0.28 0.28 0.28 0.28 0.28 0.28 0.28 0.28 0.28 0.28 0.28 0.28 0.28 0.28 0.28 0.28 0.28 0.28 0.28
  per-rule acc: 0.30 0.25
Epoch 4120 | Train: Loss=0.0017 Acc=100.0% | Test: Acc=27.0% | Best=29.9%(@3620)
  from x3: 0.26 0.27 0.27 0.27 0.27 0.27 0.27 0.27 0.27 0.27 0.27 0.27 0.27 0.27 0.27 0.27 0.27 0.27 0.27 0.27 0.27 0.27 0.27 0.27 0.27 0.27 0.27 0.27 0.27
  per-rule acc: 0.28 0.26
Epoch 4140 | Train: Loss=0.0021 Acc=100.0% | Test: Acc=27.2% | Best=29.9%(@3620)
  from x3: 0.26 0.28 0.27 0.27 0.27 0.27 0.27 0.27 0.27 0.27 0.27 0.27 0.27 0.27 0.27 0.27 0.27 0.27 0.27 0.27 0.27 0.27 0.27 0.27 0.27 0.27 0.27 0.27 0.27
  per-rule acc: 0.26 0.28
Epoch 4160 | Train: Loss=0.0041 Acc=100.0% | Test: Acc=26.1% | Best=29.9%(@3620)
  from x3: 0.25 0.27 0.26 0.26 0.26 0.26 0.26 0.26 0.26 0.26 0.26 0.26 0.26 0.26 0.26 0.26 0.26 0.26 0.26 0.26 0.26 0.26 0.26 0.26 0.26 0.26 0.26 0.26 0.26
  per-rule acc: 0.28 0.24
Epoch 4180 | Train: Loss=0.0016 Acc=100.0% | Test: Acc=27.5% | Best=29.9%(@3620)
  from x3: 0.26 0.27 0.27 0.28 0.28 0.27 0.28 0.27 0.28 0.28 0.28 0.28 0.28 0.28 0.28 0.28 0.28 0.28 0.28 0.27 0.28 0.28 0.27 0.27 0.27 0.27 0.27 0.27 0.28
  per-rule acc: 0.28 0.27
Epoch 4200 | Train: Loss=0.0366 Acc=99.6% | Test: Acc=25.1% | Best=29.9%(@3620)
  from x3: 0.23 0.25 0.25 0.25 0.25 0.25 0.25 0.25 0.25 0.25 0.25 0.25 0.25 0.25 0.25 0.25 0.25 0.25 0.25 0.25 0.25 0.25 0.25 0.25 0.25 0.25 0.25 0.25 0.25
  per-rule acc: 0.26 0.24
Epoch 4220 | Train: Loss=0.0014 Acc=100.0% | Test: Acc=28.0% | Best=29.9%(@3620)
  from x3: 0.28 0.29 0.29 0.28 0.28 0.28 0.28 0.28 0.28 0.28 0.28 0.28 0.28 0.28 0.28 0.28 0.28 0.28 0.28 0.28 0.28 0.28 0.28 0.28 0.28 0.28 0.28 0.28 0.28
  per-rule acc: 0.29 0.27
Epoch 4240 | Train: Loss=0.0020 Acc=100.0% | Test: Acc=27.1% | Best=29.9%(@3620)
  from x3: 0.26 0.28 0.27 0.27 0.27 0.27 0.27 0.27 0.27 0.27 0.27 0.27 0.27 0.27 0.27 0.27 0.27 0.27 0.27 0.27 0.27 0.27 0.27 0.27 0.27 0.27 0.27 0.27 0.27
  per-rule acc: 0.27 0.27
Epoch 4260 | Train: Loss=0.0182 Acc=99.9% | Test: Acc=25.3% | Best=29.9%(@3620)
  from x3: 0.25 0.27 0.26 0.26 0.26 0.25 0.25 0.25 0.25 0.25 0.25 0.25 0.25 0.25 0.25 0.25 0.25 0.25 0.25 0.25 0.25 0.25 0.25 0.25 0.25 0.25 0.25 0.25 0.25
  per-rule acc: 0.27 0.24
Epoch 4280 | Train: Loss=0.0015 Acc=100.0% | Test: Acc=28.5% | Best=29.9%(@3620)
  from x3: 0.27 0.29 0.29 0.29 0.29 0.29 0.29 0.29 0.28 0.28 0.28 0.28 0.29 0.29 0.29 0.29 0.29 0.29 0.29 0.29 0.29 0.29 0.29 0.29 0.28 0.28 0.28 0.29 0.28
  per-rule acc: 0.28 0.29
Epoch 4300 | Train: Loss=0.0020 Acc=100.0% | Test: Acc=27.0% | Best=29.9%(@3620)
  from x3: 0.26 0.28 0.28 0.28 0.27 0.27 0.27 0.27 0.27 0.27 0.27 0.27 0.27 0.27 0.27 0.27 0.27 0.27 0.27 0.27 0.27 0.27 0.27 0.27 0.27 0.27 0.27 0.27 0.27
  per-rule acc: 0.26 0.28
Epoch 4320 | Train: Loss=0.0095 Acc=99.9% | Test: Acc=27.3% | Best=29.9%(@3620)
  from x3: 0.27 0.28 0.28 0.28 0.27 0.27 0.27 0.27 0.27 0.27 0.27 0.27 0.27 0.27 0.27 0.27 0.27 0.27 0.27 0.27 0.27 0.27 0.27 0.27 0.27 0.27 0.27 0.27 0.27
  per-rule acc: 0.30 0.25
Epoch 4340 | Train: Loss=0.0071 Acc=99.9% | Test: Acc=26.7% | Best=29.9%(@3620)
  from x3: 0.26 0.26 0.27 0.27 0.27 0.27 0.27 0.27 0.27 0.27 0.27 0.27 0.27 0.27 0.27 0.27 0.27 0.27 0.27 0.27 0.27 0.27 0.27 0.27 0.27 0.27 0.27 0.27 0.27
  per-rule acc: 0.28 0.25
Epoch 4360 | Train: Loss=0.0015 Acc=100.0% | Test: Acc=27.7% | Best=29.9%(@3620)
  from x3: 0.26 0.28 0.28 0.28 0.28 0.28 0.28 0.28 0.28 0.28 0.28 0.28 0.28 0.28 0.28 0.28 0.28 0.28 0.28 0.28 0.28 0.28 0.28 0.28 0.28 0.28 0.28 0.28 0.28
  per-rule acc: 0.29 0.27
Epoch 4380 | Train: Loss=0.0020 Acc=100.0% | Test: Acc=27.0% | Best=29.9%(@3620)
  from x3: 0.25 0.26 0.27 0.27 0.27 0.27 0.27 0.27 0.27 0.27 0.27 0.27 0.27 0.27 0.27 0.27 0.27 0.27 0.27 0.27 0.27 0.27 0.27 0.27 0.27 0.27 0.27 0.27 0.27
  per-rule acc: 0.25 0.29
Epoch 4400 | Train: Loss=0.0021 Acc=100.0% | Test: Acc=27.6% | Best=29.9%(@3620)
  from x3: 0.25 0.27 0.27 0.28 0.27 0.28 0.27 0.28 0.28 0.28 0.28 0.28 0.28 0.28 0.28 0.28 0.28 0.28 0.28 0.28 0.28 0.28 0.28 0.28 0.28 0.28 0.28 0.28 0.28
  per-rule acc: 0.25 0.30
Epoch 4420 | Train: Loss=0.0027 Acc=100.0% | Test: Acc=29.6% | Best=29.9%(@3620)
  from x3: 0.28 0.30 0.29 0.29 0.30 0.30 0.30 0.30 0.30 0.30 0.30 0.30 0.30 0.30 0.30 0.30 0.30 0.30 0.30 0.30 0.30 0.30 0.30 0.30 0.30 0.30 0.30 0.30 0.30
  per-rule acc: 0.32 0.27
Epoch 4440 | Train: Loss=0.0013 Acc=100.0% | Test: Acc=29.1% | Best=29.9%(@3620)
  from x3: 0.28 0.30 0.29 0.29 0.29 0.29 0.29 0.29 0.29 0.29 0.29 0.29 0.29 0.29 0.29 0.29 0.29 0.29 0.29 0.29 0.29 0.29 0.29 0.29 0.29 0.29 0.29 0.29 0.29
  per-rule acc: 0.29 0.29
Epoch 4460 | Train: Loss=0.0019 Acc=100.0% | Test: Acc=27.2% | Best=29.9%(@3620)
  from x3: 0.26 0.28 0.28 0.28 0.27 0.27 0.27 0.27 0.27 0.27 0.27 0.27 0.27 0.27 0.27 0.27 0.27 0.27 0.27 0.27 0.27 0.27 0.27 0.27 0.27 0.27 0.27 0.27 0.27
  per-rule acc: 0.26 0.29
Epoch 4480 | Train: Loss=0.0021 Acc=100.0% | Test: Acc=27.1% | Best=29.9%(@3620)
  from x3: 0.26 0.28 0.27 0.27 0.27 0.27 0.27 0.27 0.27 0.27 0.27 0.27 0.27 0.27 0.27 0.27 0.27 0.27 0.27 0.27 0.27 0.27 0.27 0.27 0.27 0.27 0.27 0.27 0.27
  per-rule acc: 0.25 0.29
Epoch 4500 | Train: Loss=0.0018 Acc=100.0% | Test: Acc=28.9% | Best=29.9%(@3620)
  from x3: 0.28 0.30 0.29 0.29 0.29 0.29 0.29 0.29 0.29 0.29 0.29 0.29 0.29 0.29 0.29 0.29 0.29 0.29 0.29 0.29 0.29 0.29 0.29 0.29 0.29 0.29 0.29 0.29 0.29
  per-rule acc: 0.31 0.27
Epoch 4520 | Train: Loss=0.0015 Acc=100.0% | Test: Acc=27.8% | Best=29.9%(@3620)
  from x3: 0.27 0.29 0.28 0.28 0.28 0.27 0.28 0.28 0.28 0.28 0.28 0.28 0.28 0.28 0.28 0.28 0.28 0.28 0.28 0.28 0.28 0.28 0.28 0.28 0.28 0.28 0.28 0.28 0.28
  per-rule acc: 0.29 0.27
Epoch 4540 | Train: Loss=0.0020 Acc=100.0% | Test: Acc=27.0% | Best=29.9%(@3620)
  from x3: 0.26 0.27 0.27 0.27 0.27 0.27 0.27 0.27 0.27 0.27 0.27 0.27 0.27 0.27 0.27 0.27 0.27 0.27 0.27 0.27 0.27 0.27 0.27 0.27 0.27 0.27 0.27 0.27 0.27
  per-rule acc: 0.26 0.28
Epoch 4560 | Train: Loss=0.0236 Acc=99.9% | Test: Acc=25.1% | Best=29.9%(@3620)
  from x3: 0.24 0.26 0.25 0.25 0.25 0.25 0.25 0.25 0.25 0.25 0.25 0.25 0.25 0.25 0.25 0.25 0.25 0.25 0.25 0.25 0.25 0.25 0.25 0.25 0.25 0.25 0.25 0.25 0.25
  per-rule acc: 0.27 0.23
Epoch 4580 | Train: Loss=0.0018 Acc=100.0% | Test: Acc=26.7% | Best=29.9%(@3620)
  from x3: 0.26 0.27 0.27 0.27 0.27 0.27 0.27 0.27 0.27 0.27 0.27 0.27 0.27 0.27 0.27 0.27 0.27 0.27 0.27 0.27 0.27 0.27 0.27 0.27 0.27 0.27 0.27 0.27 0.26
  per-rule acc: 0.28 0.26
Epoch 4600 | Train: Loss=0.0018 Acc=100.0% | Test: Acc=26.7% | Best=29.9%(@3620)
  from x3: 0.26 0.27 0.27 0.27 0.27 0.27 0.27 0.27 0.27 0.27 0.27 0.27 0.27 0.27 0.27 0.27 0.27 0.27 0.27 0.27 0.27 0.27 0.27 0.27 0.27 0.27 0.27 0.27 0.27
  per-rule acc: 0.26 0.27
Epoch 4620 | Train: Loss=0.0020 Acc=100.0% | Test: Acc=27.0% | Best=29.9%(@3620)
  from x3: 0.25 0.26 0.26 0.27 0.27 0.27 0.27 0.27 0.27 0.27 0.27 0.27 0.27 0.27 0.27 0.27 0.27 0.27 0.27 0.27 0.27 0.27 0.27 0.27 0.27 0.27 0.27 0.27 0.27
  per-rule acc: 0.25 0.29
Epoch 4640 | Train: Loss=0.0035 Acc=100.0% | Test: Acc=29.8% | Best=29.9%(@3620)
  from x3: 0.28 0.30 0.29 0.30 0.30 0.30 0.30 0.30 0.30 0.30 0.30 0.30 0.30 0.30 0.30 0.30 0.30 0.30 0.30 0.30 0.30 0.30 0.30 0.30 0.30 0.30 0.30 0.30 0.30
  per-rule acc: 0.32 0.27
Epoch 4660 | Train: Loss=0.0013 Acc=100.0% | Test: Acc=29.0% | Best=29.9%(@3620)
  from x3: 0.27 0.29 0.29 0.29 0.29 0.29 0.29 0.29 0.29 0.29 0.29 0.29 0.29 0.29 0.29 0.29 0.29 0.29 0.29 0.29 0.29 0.29 0.29 0.29 0.29 0.29 0.29 0.29 0.29
  per-rule acc: 0.30 0.28
Epoch 4680 | Train: Loss=0.0018 Acc=100.0% | Test: Acc=27.6% | Best=29.9%(@3620)
  from x3: 0.26 0.28 0.28 0.28 0.28 0.28 0.28 0.28 0.28 0.28 0.28 0.28 0.28 0.28 0.28 0.28 0.28 0.28 0.28 0.28 0.28 0.28 0.27 0.28 0.27 0.27 0.27 0.27 0.27
  per-rule acc: 0.27 0.28
Epoch 4700 | Train: Loss=0.0020 Acc=100.0% | Test: Acc=27.8% | Best=29.9%(@3620)
  from x3: 0.26 0.28 0.28 0.28 0.28 0.28 0.28 0.28 0.28 0.28 0.28 0.28 0.28 0.28 0.28 0.28 0.28 0.28 0.28 0.28 0.28 0.28 0.28 0.28 0.28 0.28 0.28 0.28 0.28
  per-rule acc: 0.26 0.30
Epoch 4720 | Train: Loss=0.0062 Acc=99.9% | Test: Acc=27.3% | Best=29.9%(@3620)
  from x3: 0.25 0.27 0.28 0.28 0.27 0.28 0.28 0.27 0.28 0.28 0.28 0.27 0.27 0.27 0.27 0.27 0.27 0.27 0.27 0.27 0.27 0.27 0.27 0.27 0.27 0.27 0.27 0.27 0.27
  per-rule acc: 0.30 0.25
Epoch 4740 | Train: Loss=0.0015 Acc=100.0% | Test: Acc=27.5% | Best=29.9%(@3620)
  from x3: 0.27 0.28 0.28 0.27 0.28 0.28 0.27 0.28 0.27 0.28 0.28 0.27 0.28 0.27 0.28 0.28 0.28 0.27 0.27 0.27 0.27 0.27 0.27 0.27 0.27 0.27 0.27 0.27 0.27
  per-rule acc: 0.28 0.27
Epoch 4760 | Train: Loss=0.0019 Acc=100.0% | Test: Acc=27.0% | Best=29.9%(@3620)
  from x3: 0.25 0.27 0.27 0.27 0.27 0.27 0.27 0.27 0.27 0.27 0.27 0.27 0.27 0.27 0.27 0.27 0.27 0.27 0.27 0.27 0.27 0.27 0.27 0.27 0.27 0.27 0.27 0.27 0.27
  per-rule acc: 0.26 0.28
Epoch 4780 | Train: Loss=0.0093 Acc=99.9% | Test: Acc=25.5% | Best=29.9%(@3620)
  from x3: 0.26 0.27 0.26 0.25 0.25 0.25 0.25 0.26 0.26 0.26 0.26 0.26 0.25 0.26 0.25 0.26 0.25 0.25 0.25 0.25 0.25 0.25 0.25 0.25 0.25 0.26 0.26 0.25 0.26
  per-rule acc: 0.28 0.23
Epoch 4800 | Train: Loss=0.0032 Acc=100.0% | Test: Acc=26.2% | Best=29.9%(@3620)
  from x3: 0.25 0.27 0.27 0.26 0.26 0.26 0.26 0.26 0.26 0.26 0.26 0.26 0.26 0.26 0.26 0.26 0.26 0.26 0.26 0.26 0.26 0.26 0.26 0.26 0.26 0.26 0.26 0.26 0.26
  per-rule acc: 0.28 0.24
Epoch 4820 | Train: Loss=0.0015 Acc=100.0% | Test: Acc=28.0% | Best=29.9%(@3620)
  from x3: 0.26 0.28 0.28 0.28 0.28 0.28 0.28 0.28 0.28 0.28 0.28 0.28 0.28 0.28 0.28 0.28 0.28 0.28 0.28 0.28 0.28 0.28 0.28 0.28 0.28 0.28 0.28 0.28 0.28
  per-rule acc: 0.29 0.27
Epoch 4840 | Train: Loss=0.0019 Acc=100.0% | Test: Acc=26.7% | Best=29.9%(@3620)
  from x3: 0.25 0.27 0.26 0.27 0.27 0.27 0.27 0.27 0.27 0.27 0.27 0.27 0.27 0.27 0.27 0.27 0.27 0.27 0.27 0.27 0.27 0.27 0.27 0.27 0.26 0.27 0.27 0.27 0.27
  per-rule acc: 0.25 0.28
Epoch 4860 | Train: Loss=0.0841 Acc=99.6% | Test: Acc=22.6% | Best=29.9%(@3620)
  from x3: 0.22 0.23 0.22 0.23 0.23 0.23 0.23 0.23 0.23 0.22 0.22 0.22 0.22 0.22 0.22 0.23 0.23 0.23 0.23 0.23 0.23 0.23 0.23 0.23 0.22 0.23 0.22 0.23 0.23
  per-rule acc: 0.23 0.22
Epoch 4880 | Train: Loss=0.0101 Acc=99.9% | Test: Acc=26.4% | Best=29.9%(@3620)
  from x3: 0.26 0.27 0.26 0.26 0.27 0.27 0.27 0.27 0.27 0.27 0.26 0.27 0.27 0.27 0.27 0.26 0.26 0.26 0.26 0.26 0.26 0.26 0.26 0.26 0.26 0.26 0.26 0.26 0.26
  per-rule acc: 0.29 0.24
Epoch 4900 | Train: Loss=0.0020 Acc=100.0% | Test: Acc=28.6% | Best=29.9%(@3620)
  from x3: 0.28 0.30 0.29 0.29 0.28 0.29 0.28 0.28 0.29 0.29 0.29 0.29 0.29 0.29 0.29 0.29 0.29 0.29 0.29 0.29 0.29 0.29 0.29 0.29 0.29 0.29 0.29 0.29 0.29
  per-rule acc: 0.32 0.26
Epoch 4920 | Train: Loss=0.0017 Acc=100.0% | Test: Acc=27.7% | Best=29.9%(@3620)
  from x3: 0.27 0.28 0.28 0.28 0.28 0.28 0.28 0.28 0.28 0.28 0.28 0.28 0.28 0.28 0.28 0.28 0.28 0.28 0.28 0.28 0.28 0.28 0.28 0.28 0.28 0.28 0.28 0.28 0.28
  per-rule acc: 0.27 0.28
Epoch 4940 | Train: Loss=0.0020 Acc=100.0% | Test: Acc=27.3% | Best=29.9%(@3620)
  from x3: 0.26 0.28 0.27 0.27 0.27 0.27 0.27 0.28 0.28 0.27 0.27 0.27 0.27 0.27 0.27 0.27 0.27 0.27 0.27 0.27 0.27 0.27 0.27 0.27 0.27 0.27 0.27 0.27 0.27
  per-rule acc: 0.25 0.29
Epoch 4960 | Train: Loss=0.0348 Acc=99.6% | Test: Acc=25.3% | Best=29.9%(@3620)
  from x3: 0.24 0.25 0.25 0.25 0.25 0.25 0.25 0.26 0.26 0.26 0.26 0.26 0.26 0.25 0.25 0.25 0.25 0.25 0.25 0.25 0.25 0.25 0.25 0.25 0.25 0.25 0.25 0.25 0.25
  per-rule acc: 0.27 0.23
Epoch 4980 | Train: Loss=0.0027 Acc=100.0% | Test: Acc=25.7% | Best=29.9%(@3620)
  from x3: 0.24 0.26 0.26 0.26 0.26 0.26 0.26 0.26 0.26 0.26 0.26 0.26 0.26 0.26 0.26 0.25 0.26 0.25 0.26 0.26 0.26 0.26 0.26 0.26 0.26 0.26 0.26 0.26 0.26
  per-rule acc: 0.28 0.24
Epoch 5000 | Train: Loss=0.0015 Acc=100.0% | Test: Acc=28.5% | Best=29.9%(@3620)
  from x3: 0.27 0.28 0.28 0.29 0.28 0.28 0.29 0.28 0.28 0.29 0.29 0.29 0.29 0.29 0.29 0.29 0.29 0.29 0.29 0.28 0.29 0.28 0.28 0.28 0.29 0.28 0.28 0.28 0.28
  per-rule acc: 0.29 0.28
Epoch 5020 | Train: Loss=0.0019 Acc=100.0% | Test: Acc=26.8% | Best=29.9%(@3620)
  from x3: 0.26 0.27 0.27 0.27 0.27 0.27 0.27 0.27 0.27 0.27 0.27 0.27 0.27 0.27 0.27 0.27 0.27 0.27 0.27 0.27 0.27 0.27 0.27 0.27 0.27 0.27 0.27 0.27 0.27
  per-rule acc: 0.26 0.28
Epoch 5040 | Train: Loss=0.0020 Acc=100.0% | Test: Acc=26.8% | Best=29.9%(@3620)
  from x3: 0.25 0.27 0.27 0.27 0.27 0.27 0.27 0.27 0.27 0.27 0.27 0.27 0.27 0.27 0.27 0.27 0.27 0.27 0.27 0.27 0.27 0.27 0.27 0.27 0.27 0.27 0.27 0.27 0.27
  per-rule acc: 0.24 0.29
Epoch 5060 | Train: Loss=0.0038 Acc=99.9% | Test: Acc=27.7% | Best=29.9%(@3620)
  from x3: 0.26 0.28 0.28 0.28 0.28 0.28 0.28 0.28 0.28 0.28 0.28 0.28 0.28 0.28 0.28 0.28 0.28 0.28 0.28 0.28 0.28 0.28 0.28 0.28 0.28 0.28 0.28 0.28 0.28
  per-rule acc: 0.30 0.25
Epoch 5080 | Train: Loss=0.0023 Acc=100.0% | Test: Acc=27.6% | Best=29.9%(@3620)
  from x3: 0.27 0.28 0.28 0.28 0.28 0.28 0.28 0.28 0.27 0.28 0.28 0.28 0.28 0.28 0.28 0.28 0.28 0.28 0.28 0.28 0.28 0.28 0.28 0.28 0.28 0.28 0.28 0.28 0.28
  per-rule acc: 0.29 0.26
Epoch 5100 | Train: Loss=0.0017 Acc=100.0% | Test: Acc=26.6% | Best=29.9%(@3620)
  from x3: 0.26 0.27 0.26 0.27 0.27 0.27 0.26 0.27 0.27 0.27 0.27 0.27 0.27 0.27 0.27 0.27 0.27 0.27 0.27 0.27 0.27 0.27 0.27 0.27 0.27 0.27 0.27 0.27 0.27
  per-rule acc: 0.27 0.27
Epoch 5120 | Train: Loss=0.0019 Acc=100.0% | Test: Acc=26.0% | Best=29.9%(@3620)
  from x3: 0.25 0.27 0.26 0.26 0.26 0.26 0.26 0.26 0.26 0.26 0.26 0.26 0.26 0.26 0.26 0.26 0.26 0.26 0.26 0.26 0.26 0.26 0.26 0.26 0.26 0.26 0.26 0.26 0.26
  per-rule acc: 0.24 0.28
Epoch 5140 | Train: Loss=0.0094 Acc=100.0% | Test: Acc=25.3% | Best=29.9%(@3620)
  from x3: 0.25 0.26 0.26 0.26 0.25 0.25 0.25 0.25 0.25 0.25 0.25 0.25 0.25 0.25 0.25 0.25 0.25 0.25 0.25 0.25 0.25 0.25 0.25 0.25 0.25 0.25 0.25 0.25 0.25
  per-rule acc: 0.27 0.24
Epoch 5160 | Train: Loss=0.0087 Acc=99.9% | Test: Acc=24.6% | Best=29.9%(@3620)
  from x3: 0.24 0.25 0.24 0.24 0.24 0.24 0.25 0.25 0.25 0.25 0.25 0.25 0.25 0.25 0.25 0.25 0.25 0.25 0.25 0.25 0.25 0.25 0.25 0.25 0.25 0.25 0.25 0.25 0.25
  per-rule acc: 0.27 0.22
Epoch 5180 | Train: Loss=0.0015 Acc=100.0% | Test: Acc=28.4% | Best=29.9%(@3620)
  from x3: 0.26 0.28 0.28 0.28 0.28 0.28 0.28 0.28 0.29 0.28 0.28 0.28 0.28 0.29 0.29 0.29 0.29 0.29 0.29 0.28 0.28 0.29 0.29 0.29 0.29 0.29 0.29 0.29 0.29
  per-rule acc: 0.29 0.27
Epoch 5200 | Train: Loss=0.0019 Acc=100.0% | Test: Acc=27.6% | Best=29.9%(@3620)
  from x3: 0.26 0.27 0.28 0.28 0.28 0.28 0.28 0.28 0.28 0.28 0.27 0.28 0.28 0.28 0.28 0.28 0.28 0.28 0.28 0.28 0.28 0.28 0.28 0.28 0.28 0.28 0.28 0.28 0.27
  per-rule acc: 0.27 0.28
Epoch 5220 | Train: Loss=0.0346 Acc=99.7% | Test: Acc=22.9% | Best=29.9%(@3620)
  from x3: 0.21 0.23 0.23 0.23 0.23 0.23 0.23 0.23 0.23 0.23 0.23 0.23 0.23 0.23 0.23 0.23 0.23 0.23 0.23 0.23 0.23 0.23 0.23 0.23 0.23 0.23 0.23 0.23 0.23
  per-rule acc: 0.24 0.22
Epoch 5240 | Train: Loss=0.0017 Acc=100.0% | Test: Acc=26.8% | Best=29.9%(@3620)
  from x3: 0.25 0.27 0.27 0.27 0.27 0.27 0.27 0.27 0.27 0.27 0.27 0.27 0.27 0.27 0.27 0.27 0.27 0.27 0.27 0.27 0.27 0.27 0.27 0.27 0.27 0.27 0.27 0.27 0.27
  per-rule acc: 0.28 0.26
Epoch 5260 | Train: Loss=0.0049 Acc=100.0% | Test: Acc=25.1% | Best=29.9%(@3620)
  from x3: 0.24 0.25 0.25 0.25 0.25 0.25 0.25 0.25 0.25 0.25 0.25 0.25 0.25 0.25 0.25 0.25 0.25 0.25 0.25 0.25 0.25 0.25 0.25 0.25 0.25 0.25 0.25 0.25 0.25
  per-rule acc: 0.27 0.23
Epoch 5280 | Train: Loss=0.0016 Acc=100.0% | Test: Acc=28.0% | Best=29.9%(@3620)
  from x3: 0.27 0.29 0.28 0.28 0.28 0.28 0.28 0.28 0.28 0.28 0.28 0.28 0.28 0.28 0.28 0.28 0.28 0.28 0.28 0.28 0.28 0.28 0.28 0.28 0.28 0.28 0.28 0.28 0.28
  per-rule acc: 0.29 0.27
Epoch 5300 | Train: Loss=0.0017 Acc=100.0% | Test: Acc=26.9% | Best=29.9%(@3620)
  from x3: 0.26 0.27 0.27 0.27 0.27 0.27 0.27 0.27 0.27 0.27 0.27 0.27 0.27 0.27 0.27 0.27 0.27 0.27 0.27 0.27 0.27 0.27 0.27 0.27 0.27 0.27 0.27 0.27 0.27
  per-rule acc: 0.27 0.27
Epoch 5320 | Train: Loss=0.0020 Acc=100.0% | Test: Acc=26.9% | Best=29.9%(@3620)
  from x3: 0.26 0.27 0.27 0.27 0.27 0.27 0.27 0.27 0.27 0.27 0.27 0.27 0.27 0.27 0.27 0.27 0.27 0.27 0.27 0.27 0.27 0.27 0.27 0.27 0.27 0.27 0.27 0.27 0.27
  per-rule acc: 0.25 0.29
Epoch 5340 | Train: Loss=0.1185 Acc=99.3% | Test: Acc=19.3% | Best=29.9%(@3620)
  from x3: 0.19 0.20 0.20 0.19 0.19 0.19 0.20 0.19 0.19 0.19 0.19 0.19 0.19 0.19 0.19 0.19 0.19 0.19 0.19 0.19 0.19 0.19 0.19 0.19 0.19 0.19 0.19 0.19 0.19
  per-rule acc: 0.19 0.19
Epoch 5360 | Train: Loss=0.0014 Acc=100.0% | Test: Acc=28.5% | Best=29.9%(@3620)
  from x3: 0.27 0.29 0.29 0.29 0.29 0.28 0.29 0.29 0.28 0.28 0.29 0.29 0.28 0.28 0.28 0.28 0.28 0.28 0.29 0.28 0.29 0.29 0.29 0.29 0.29 0.29 0.29 0.29 0.29
  per-rule acc: 0.30 0.27
Epoch 5380 | Train: Loss=0.0016 Acc=100.0% | Test: Acc=27.3% | Best=29.9%(@3620)
  from x3: 0.26 0.28 0.27 0.27 0.27 0.27 0.27 0.27 0.27 0.27 0.27 0.27 0.27 0.27 0.27 0.27 0.27 0.27 0.27 0.27 0.27 0.27 0.27 0.27 0.27 0.27 0.27 0.27 0.27
  per-rule acc: 0.27 0.28
Epoch 5400 | Train: Loss=0.0019 Acc=100.0% | Test: Acc=26.9% | Best=29.9%(@3620)
  from x3: 0.26 0.27 0.27 0.27 0.27 0.27 0.27 0.27 0.27 0.27 0.27 0.27 0.27 0.27 0.27 0.27 0.27 0.27 0.27 0.27 0.27 0.27 0.27 0.27 0.27 0.27 0.27 0.27 0.27
  per-rule acc: 0.25 0.29
Epoch 5420 | Train: Loss=0.0380 Acc=99.6% | Test: Acc=23.9% | Best=29.9%(@3620)
  from x3: 0.22 0.23 0.24 0.24 0.24 0.24 0.24 0.24 0.24 0.24 0.24 0.24 0.24 0.24 0.24 0.24 0.24 0.24 0.24 0.24 0.24 0.24 0.24 0.24 0.24 0.24 0.24 0.24 0.24
  per-rule acc: 0.25 0.23
Epoch 5440 | Train: Loss=0.0088 Acc=99.9% | Test: Acc=25.5% | Best=29.9%(@3620)
  from x3: 0.24 0.26 0.25 0.26 0.25 0.25 0.26 0.26 0.25 0.26 0.25 0.25 0.26 0.26 0.26 0.26 0.25 0.25 0.26 0.26 0.26 0.26 0.25 0.25 0.25 0.25 0.25 0.25 0.25
  per-rule acc: 0.28 0.23
Epoch 5460 | Train: Loss=0.0014 Acc=100.0% | Test: Acc=27.3% | Best=29.9%(@3620)
  from x3: 0.26 0.28 0.27 0.27 0.27 0.27 0.27 0.27 0.27 0.27 0.27 0.27 0.27 0.27 0.27 0.27 0.27 0.27 0.27 0.27 0.28 0.27 0.27 0.27 0.27 0.27 0.27 0.27 0.27
  per-rule acc: 0.28 0.27
Epoch 5480 | Train: Loss=0.0018 Acc=100.0% | Test: Acc=26.0% | Best=29.9%(@3620)
  from x3: 0.25 0.26 0.26 0.26 0.26 0.26 0.26 0.26 0.26 0.26 0.26 0.26 0.26 0.26 0.26 0.26 0.26 0.26 0.26 0.26 0.26 0.26 0.26 0.26 0.26 0.26 0.26 0.26 0.26
  per-rule acc: 0.25 0.27
Epoch 5500 | Train: Loss=0.0019 Acc=100.0% | Test: Acc=26.3% | Best=29.9%(@3620)
  from x3: 0.25 0.26 0.26 0.27 0.26 0.26 0.26 0.27 0.26 0.26 0.26 0.26 0.26 0.26 0.26 0.26 0.26 0.26 0.26 0.26 0.26 0.26 0.26 0.26 0.26 0.26 0.26 0.26 0.26
  per-rule acc: 0.24 0.28
Epoch 5520 | Train: Loss=0.0045 Acc=100.0% | Test: Acc=26.2% | Best=29.9%(@3620)
  from x3: 0.25 0.28 0.26 0.26 0.26 0.26 0.26 0.26 0.26 0.26 0.26 0.26 0.26 0.26 0.26 0.26 0.26 0.26 0.26 0.26 0.26 0.26 0.26 0.26 0.26 0.26 0.26 0.26 0.26
  per-rule acc: 0.29 0.23
Epoch 5540 | Train: Loss=0.0014 Acc=100.0% | Test: Acc=27.0% | Best=29.9%(@3620)
  from x3: 0.25 0.28 0.28 0.27 0.27 0.27 0.27 0.27 0.27 0.27 0.27 0.27 0.27 0.27 0.27 0.27 0.27 0.27 0.27 0.27 0.27 0.27 0.27 0.27 0.27 0.27 0.27 0.27 0.27
  per-rule acc: 0.28 0.26
Epoch 5560 | Train: Loss=0.0017 Acc=100.0% | Test: Acc=25.1% | Best=29.9%(@3620)
  from x3: 0.25 0.27 0.25 0.25 0.25 0.25 0.25 0.25 0.25 0.25 0.25 0.25 0.25 0.25 0.25 0.25 0.25 0.25 0.25 0.25 0.25 0.25 0.25 0.25 0.25 0.25 0.25 0.25 0.25
  per-rule acc: 0.24 0.26
Epoch 5580 | Train: Loss=0.0018 Acc=100.0% | Test: Acc=26.1% | Best=29.9%(@3620)
  from x3: 0.25 0.26 0.26 0.26 0.26 0.26 0.26 0.26 0.26 0.26 0.26 0.26 0.26 0.26 0.26 0.26 0.26 0.26 0.26 0.26 0.26 0.26 0.26 0.26 0.26 0.26 0.26 0.26 0.26
  per-rule acc: 0.24 0.28
Epoch 5600 | Train: Loss=0.0171 Acc=99.9% | Test: Acc=23.6% | Best=29.9%(@3620)
  from x3: 0.23 0.24 0.24 0.24 0.24 0.24 0.24 0.24 0.24 0.24 0.24 0.24 0.24 0.24 0.24 0.24 0.24 0.24 0.24 0.24 0.24 0.24 0.24 0.24 0.24 0.24 0.24 0.24 0.24
  per-rule acc: 0.25 0.22
Epoch 5620 | Train: Loss=0.0039 Acc=99.9% | Test: Acc=26.0% | Best=29.9%(@3620)
  from x3: 0.25 0.26 0.26 0.26 0.26 0.26 0.26 0.26 0.26 0.26 0.26 0.26 0.26 0.26 0.26 0.26 0.26 0.26 0.26 0.26 0.26 0.26 0.26 0.26 0.26 0.26 0.26 0.26 0.26
  per-rule acc: 0.27 0.25
[Early stop] No improvement for 2000 consecutive epochs

==================================================
Saving model...
[OK] Model saved to: /home/cxm/ai/test0617-basic/models/mixed_basic_d512l2_r16_t32_c0.5.pth
  File size: 74506.5 KB
  Best test accuracy: 29.90%

==================================================
Final generation test (given first two items, AB generates 3rd as prompt, validate from 4th)
==================================================

--- AB pair 1: (1, 1) ---

--- Statistics for AB=(1,1) ---
Exposed    samples:  1405 | In-dist: 40426/40745 ( 99.2%) | OOD: 44643/44960 ( 99.3%)
Unexposed  samples:  1404 | In-dist: 14744/40716 ( 36.2%) | OOD: 17780/44928 ( 39.6%)

--- AB pair 2: (1, 2) ---

--- Statistics for AB=(1,2) ---
Exposed    samples:  1405 | In-dist: 39693/40745 ( 97.4%) | OOD: 42012/44960 ( 93.4%)
Unexposed  samples:  1404 | In-dist: 15045/40716 ( 37.0%) | OOD: 16539/44928 ( 36.8%)

--- Return code: 0 ---

======================================================================
Attention Analysis
======================================================================
Model config: addition (default), p=53
Best test accuracy: 0.2990224972983594
Training epochs: 5620

Random test sequence 1/5 (length 64): [28, 26, 1, 27, 28, 2, 30, 32, 9, 41, 50, 38, 35, 20, 2, 22, 24, 46, 17, 10]...

======================================================================
Attention Layer Training Result Summary
======================================================================
Input sequence: [28, 26, 1, 27, 28, 2, 30, 32, 9, 41, 50, 38, 35, 20, 2, 22, 24, 46, 17, 10, 27, 37, 11, 48, 6, 1, 7, 8, 15, 23, 38, 8, 46, 1, 47, 48, 42, 37, 26, 10, 36, 46, 29, 22, 51, 20, 18, 38, 3, 41, 44, 32, 23, 2, 25, 27, 52, 26, 25, 51, 23, 21, 44, 12]

--- Layer 0 ---
  Head 0: Entropy=1.166
    Attention coefficients from each query position to previous positions:
      i= 0 -> j=0:1.000
      i= 1 -> j=0:0.646, j=1:0.354
      i= 2 -> j=0:0.211, j=1:0.593, j=2:0.196
      i= 3 -> j=0:0.021, j=1:0.248, j=2:0.526, j=3:0.205
      i= 4 -> j=0:0.001, j=1:0.027, j=2:0.211, j=3:0.578, j=4:0.183
      i= 5 -> j=0:0.000, j=1:0.002, j=2:0.025, j=3:0.338, j=4:0.429, j=5:0.205
      i= 6 -> j=0:0.000, j=1:0.000, j=2:0.003, j=3:0.022, j=4:0.193, j=5:0.567, j=6:0.214
      i= 7 -> j=0:0.000, j=1:0.000, j=2:0.000, j=3:0.002, j=4:0.024, j=5:0.236, j=6:0.556, j=7:0.182
      i= 8 -> j=0:0.000, j=1:0.000, j=2:0.000, j=3:0.000, j=4:0.002, j=5:0.028, j=6:0.235, j=7:0.493, j=8:0.242
      i= 9 -> j=0:0.000, j=1:0.000, j=2:0.000, j=3:0.000, j=4:0.000, j=5:0.001, j=6:0.021, j=7:0.225, j=8:0.538, j=9:0.213
      i=10 -> j=0:0.000, j=1:0.000, j=2:0.000, j=3:0.000, j=4:0.000, j=5:0.000, j=6:0.002, j=7:0.023, j=8:0.264, j=9:0.500, j=10:0.210
      i=11 -> j=0:0.000, j=1:0.000, j=2:0.000, j=3:0.000, j=4:0.000, j=5:0.000, j=6:0.000, j=7:0.002, j=8:0.028, j=9:0.221, j=10:0.533, j=11:0.215
      i=12 -> j=0:0.000, j=1:0.000, j=2:0.000, j=3:0.000, j=4:0.000, j=5:0.000, j=6:0.000, j=7:0.000, j=8:0.003, j=9:0.023, j=10:0.243, j=11:0.553, j=12:0.175
      i=13 -> j=0:0.000, j=1:0.000, j=2:0.000, j=3:0.000, j=4:0.000, j=5:0.000, j=6:0.000, j=7:0.000, j=8:0.000, j=9:0.001, j=10:0.027, j=11:0.270, j=12:0.475, j=13:0.225
      i=14 -> j=0:0.000, j=1:0.000, j=2:0.000, j=3:0.000, j=4:0.000, j=5:0.000, j=6:0.000, j=7:0.000, j=8:0.000, j=9:0.000, j=10:0.001, j=11:0.019, j=12:0.236, j=13:0.558, j=14:0.184
      i=15 -> j=0:0.000, j=1:0.000, j=2:0.000, j=3:0.000, j=4:0.000, j=5:0.000, j=6:0.000, j=7:0.000, j=8:0.000, j=9:0.000, j=10:0.000, j=11:0.001, j=12:0.021, j=13:0.217, j=14:0.582, j=15:0.176
      i=16 -> j=0:0.000, j=1:0.000, j=2:0.000, j=3:0.000, j=4:0.000, j=5:0.000, j=6:0.000, j=7:0.000, j=8:0.000, j=9:0.000, j=10:0.000, j=11:0.000, j=12:0.002, j=13:0.040, j=14:0.212, j=15:0.496, j=16:0.247
      i=17 -> j=0:0.000, j=1:0.000, j=2:0.000, j=3:0.000, j=4:0.000, j=5:0.000, j=6:0.000, j=7:0.000, j=8:0.000, j=9:0.000, j=10:0.000, j=11:0.000, j=12:0.000, j=13:0.001, j=14:0.020, j=15:0.281, j=16:0.507, j=17:0.189
      i=18 -> j=0:0.000, j=1:0.000, j=2:0.000, j=3:0.000, j=4:0.000, j=5:0.000, j=6:0.000, j=7:0.000, j=8:0.000, j=9:0.000, j=10:0.000, j=11:0.000, j=12:0.000, j=13:0.000, j=14:0.001, j=15:0.025, j=16:0.197, j=17:0.509, j=18:0.267
      i=19 -> j=0:0.000, j=1:0.000, j=2:0.000, j=3:0.000, j=4:0.000, j=5:0.000, j=6:0.000, j=7:0.000, j=8:0.000, j=9:0.000, j=10:0.000, j=11:0.000, j=12:0.000, j=13:0.000, j=14:0.000, j=15:0.003, j=16:0.029, j=17:0.252, j=18:0.565, j=19:0.149
      i=20 -> j=0:0.000, j=1:0.000, j=2:0.000, j=3:0.000, j=4:0.000, j=5:0.000, j=6:0.000, j=7:0.000, j=8:0.000, j=9:0.000, j=10:0.000, j=11:0.000, j=12:0.000, j=13:0.000, j=14:0.000, j=15:0.000, j=16:0.003, j=17:0.023, j=18:0.276, j=19:0.537, j=20:0.159
      i=21 -> j=0:0.000, j=1:0.000, j=2:0.000, j=3:0.000, j=4:0.000, j=5:0.000, j=6:0.000, j=7:0.000, j=8:0.000, j=9:0.000, j=10:0.000, j=11:0.000, j=12:0.000, j=13:0.000, j=14:0.000, j=15:0.000, j=16:0.000, j=17:0.003, j=18:0.045, j=19:0.249, j=20:0.520, j=21:0.180
      i=22 -> j=0:0.000, j=1:0.000, j=2:0.000, j=3:0.000, j=4:0.000, j=5:0.000, j=6:0.000, j=7:0.000, j=8:0.000, j=9:0.000, j=10:0.000, j=11:0.000, j=12:0.000, j=13:0.000, j=14:0.000, j=15:0.000, j=16:0.000, j=17:0.000, j=18:0.002, j=19:0.021, j=20:0.257, j=21:0.540, j=22:0.177
      i=23 -> j=0:0.000, j=1:0.000, j=2:0.000, j=3:0.000, j=4:0.000, j=5:0.000, j=6:0.000, j=7:0.000, j=8:0.000, j=9:0.000, j=10:0.000, j=11:0.000, j=12:0.000, j=13:0.000, j=14:0.000, j=15:0.000, j=16:0.000, j=17:0.000, j=18:0.000, j=19:0.002, j=20:0.033, j=21:0.270, j=22:0.555, j=23:0.136
      i=24 -> j=0:0.000, j=1:0.000, j=2:0.000, j=3:0.000, j=4:0.000, j=5:0.000, j=6:0.000, j=7:0.000, j=8:0.000, j=9:0.000, j=10:0.000, j=11:0.000, j=12:0.000, j=13:0.000, j=14:0.000, j=15:0.001, j=16:0.000, j=17:0.000, j=18:0.000, j=19:0.000, j=20:0.002, j=21:0.027, j=22:0.278, j=23:0.445, j=24:0.244
      i=25 -> j=0:0.000, j=1:0.000, j=2:0.000, j=3:0.000, j=4:0.000, j=5:0.000, j=6:0.000, j=7:0.000, j=8:0.000, j=9:0.000, j=10:0.000, j=11:0.000, j=12:0.000, j=13:0.000, j=14:0.000, j=15:0.000, j=16:0.001, j=17:0.000, j=18:0.000, j=19:0.000, j=20:0.000, j=21:0.003, j=22:0.045, j=23:0.214, j=24:0.527, j=25:0.205
      i=26 -> j=0:0.000, j=1:0.000, j=2:0.000, j=3:0.000, j=4:0.000, j=5:0.000, j=6:0.000, j=7:0.000, j=8:0.000, j=9:0.000, j=10:0.000, j=11:0.000, j=12:0.000, j=13:0.000, j=14:0.000, j=15:0.000, j=16:0.000, j=17:0.000, j=18:0.000, j=19:0.000, j=20:0.000, j=21:0.000, j=22:0.002, j=23:0.018, j=24:0.252, j=25:0.569, j=26:0.156
      i=27 -> j=0:0.000, j=1:0.000, j=2:0.000, j=3:0.000, j=4:0.000, j=5:0.000, j=6:0.000, j=7:0.000, j=8:0.000, j=9:0.000, j=10:0.000, j=11:0.000, j=12:0.000, j=13:0.000, j=14:0.000, j=15:0.000, j=16:0.000, j=17:0.000, j=18:0.000, j=19:0.000, j=20:0.000, j=21:0.000, j=22:0.000, j=23:0.002, j=24:0.033, j=25:0.254, j=26:0.568, j=27:0.140
      i=28 -> j=0:0.001, j=1:0.001, j=2:0.000, j=3:0.000, j=4:0.000, j=5:0.000, j=6:0.000, j=7:0.000, j=8:0.000, j=9:0.000, j=10:0.000, j=11:0.000, j=12:0.000, j=13:0.000, j=14:0.000, j=15:0.000, j=16:0.000, j=17:0.000, j=18:0.000, j=19:0.000, j=20:0.000, j=21:0.000, j=22:0.000, j=23:0.000, j=24:0.003, j=25:0.044, j=26:0.297, j=27:0.461, j=28:0.188
      i=29 -> j=0:0.001, j=1:0.001, j=2:0.001, j=3:0.001, j=4:0.000, j=5:0.000, j=6:0.000, j=7:0.000, j=8:0.000, j=9:0.000, j=10:0.000, j=11:0.000, j=12:0.000, j=13:0.000, j=14:0.000, j=15:0.000, j=16:0.000, j=17:0.000, j=18:0.000, j=19:0.000, j=20:0.000, j=21:0.000, j=22:0.000, j=23:0.000, j=24:0.000, j=25:0.003, j=26:0.032, j=27:0.190, j=28:0.542, j=29:0.225
      i=30 -> j=0:0.000, j=1:0.000, j=2:0.000, j=3:0.000, j=4:0.000, j=5:0.000, j=6:0.000, j=7:0.000, j=8:0.000, j=9:0.000, j=10:0.000, j=11:0.000, j=12:0.000, j=13:0.000, j=14:0.000, j=15:0.000, j=16:0.000, j=17:0.000, j=18:0.000, j=19:0.000, j=20:0.000, j=21:0.000, j=22:0.000, j=23:0.000, j=24:0.000, j=25:0.000, j=26:0.002, j=27:0.027, j=28:0.286, j=29:0.502, j=30:0.178
      i=31 -> j=0:0.001, j=1:0.001, j=2:0.000, j=3:0.001, j=4:0.000, j=5:0.000, j=6:0.000, j=7:0.000, j=8:0.000, j=9:0.000, j=10:0.000, j=11:0.000, j=12:0.000, j=13:0.000, j=14:0.000, j=15:0.000, j=16:0.000, j=17:0.000, j=18:0.000, j=19:0.000, j=20:0.000, j=21:0.000, j=22:0.000, j=23:0.000, j=24:0.000, j=25:0.000, j=26:0.000, j=27:0.001, j=28:0.031, j=29:0.218, j=30:0.589, j=31:0.154
      i=32 -> j=0:0.001, j=1:0.001, j=2:0.000, j=3:0.000, j=4:0.001, j=5:0.000, j=6:0.000, j=7:0.000, j=8:0.000, j=9:0.000, j=10:0.000, j=11:0.000, j=12:0.000, j=13:0.000, j=14:0.000, j=15:0.000, j=16:0.000, j=17:0.000, j=18:0.000, j=19:0.000, j=20:0.000, j=21:0.000, j=22:0.000, j=23:0.000, j=24:0.000, j=25:0.000, j=26:0.000, j=27:0.000, j=28:0.002, j=29:0.018, j=30:0.249, j=31:0.527, j=32:0.198
      i=33 -> j=0:0.001, j=1:0.001, j=2:0.001, j=3:0.001, j=4:0.001, j=5:0.001, j=6:0.000, j=7:0.000, j=8:0.000, j=9:0.000, j=10:0.000, j=11:0.000, j=12:0.000, j=13:0.000, j=14:0.000, j=15:0.000, j=16:0.000, j=17:0.000, j=18:0.000, j=19:0.000, j=20:0.000, j=21:0.000, j=22:0.000, j=23:0.000, j=24:0.000, j=25:0.000, j=26:0.000, j=27:0.000, j=28:0.000, j=29:0.002, j=30:0.018, j=31:0.254, j=32:0.552, j=33:0.165
      i=34 -> j=0:0.001, j=1:0.001, j=2:0.001, j=3:0.001, j=4:0.001, j=5:0.000, j=6:0.000, j=7:0.000, j=8:0.000, j=9:0.000, j=10:0.000, j=11:0.000, j=12:0.000, j=13:0.000, j=14:0.000, j=15:0.000, j=16:0.000, j=17:0.000, j=18:0.000, j=19:0.000, j=20:0.000, j=21:0.000, j=22:0.000, j=23:0.000, j=24:0.000, j=25:0.000, j=26:0.000, j=27:0.000, j=28:0.000, j=29:0.000, j=30:0.001, j=31:0.015, j=32:0.266, j=33:0.539, j=34:0.170
      i=35 -> j=0:0.001, j=1:0.001, j=2:0.001, j=3:0.001, j=4:0.001, j=5:0.001, j=6:0.001, j=7:0.000, j=8:0.000, j=9:0.000, j=10:0.000, j=11:0.000, j=12:0.000, j=13:0.000, j=14:0.000, j=15:0.000, j=16:0.000, j=17:0.000, j=18:0.000, j=19:0.000, j=20:0.000, j=21:0.000, j=22:0.000, j=23:0.000, j=24:0.000, j=25:0.000, j=26:0.000, j=27:0.000, j=28:0.000, j=29:0.000, j=30:0.000, j=31:0.001, j=32:0.026, j=33:0.296, j=34:0.560, j=35:0.107
      i=36 -> j=0:0.001, j=1:0.001, j=2:0.001, j=3:0.001, j=4:0.001, j=5:0.001, j=6:0.001, j=7:0.001, j=8:0.001, j=9:0.000, j=10:0.000, j=11:0.000, j=12:0.000, j=13:0.000, j=14:0.000, j=15:0.000, j=16:0.000, j=17:0.000, j=18:0.000, j=19:0.000, j=20:0.000, j=21:0.000, j=22:0.000, j=23:0.000, j=24:0.000, j=25:0.000, j=26:0.000, j=27:0.000, j=28:0.000, j=29:0.000, j=30:0.000, j=31:0.000, j=32:0.002, j=33:0.041, j=34:0.391, j=35:0.412, j=36:0.142
      i=37 -> j=0:0.002, j=1:0.001, j=2:0.002, j=3:0.002, j=4:0.002, j=5:0.001, j=6:0.001, j=7:0.001, j=8:0.001, j=9:0.001, j=10:0.001, j=11:0.000, j=12:0.000, j=13:0.000, j=14:0.000, j=15:0.000, j=16:0.000, j=17:0.000, j=18:0.000, j=19:0.000, j=20:0.000, j=21:0.000, j=22:0.000, j=23:0.000, j=24:0.000, j=25:0.000, j=26:0.000, j=27:0.000, j=28:0.000, j=29:0.000, j=30:0.000, j=31:0.000, j=32:0.001, j=33:0.004, j=34:0.051, j=35:0.266, j=36:0.456, j=37:0.203
      i=38 -> j=0:0.001, j=1:0.001, j=2:0.001, j=3:0.001, j=4:0.001, j=5:0.001, j=6:0.001, j=7:0.001, j=8:0.001, j=9:0.001, j=10:0.001, j=11:0.001, j=12:0.000, j=13:0.000, j=14:0.000, j=15:0.000, j=16:0.000, j=17:0.000, j=18:0.000, j=19:0.000, j=20:0.000, j=21:0.000, j=22:0.000, j=23:0.000, j=24:0.000, j=25:0.000, j=26:0.000, j=27:0.000, j=28:0.000, j=29:0.000, j=30:0.000, j=31:0.000, j=32:0.000, j=33:0.000, j=34:0.004, j=35:0.024, j=36:0.201, j=37:0.518, j=38:0.237
      i=39 -> j=0:0.002, j=1:0.001, j=2:0.001, j=3:0.002, j=4:0.002, j=5:0.002, j=6:0.002, j=7:0.001, j=8:0.001, j=9:0.001, j=10:0.001, j=11:0.001, j=12:0.001, j=13:0.001, j=14:0.000, j=15:0.000, j=16:0.000, j=17:0.000, j=18:0.000, j=19:0.000, j=20:0.000, j=21:0.000, j=22:0.000, j=23:0.000, j=24:0.000, j=25:0.000, j=26:0.000, j=27:0.000, j=28:0.000, j=29:0.000, j=30:0.001, j=31:0.000, j=32:0.000, j=33:0.000, j=34:0.000, j=35:0.002, j=36:0.026, j=37:0.190, j=38:0.550, j=39:0.208
      i=40 -> j=0:0.002, j=1:0.002, j=2:0.002, j=3:0.001, j=4:0.002, j=5:0.002, j=6:0.002, j=7:0.002, j=8:0.002, j=9:0.001, j=10:0.001, j=11:0.001, j=12:0.001, j=13:0.001, j=14:0.001, j=15:0.000, j=16:0.000, j=17:0.000, j=18:0.000, j=19:0.000, j=20:0.000, j=21:0.000, j=22:0.000, j=23:0.000, j=24:0.000, j=25:0.000, j=26:0.000, j=27:0.000, j=28:0.000, j=29:0.000, j=30:0.000, j=31:0.001, j=32:0.001, j=33:0.000, j=34:0.000, j=35:0.000, j=36:0.002, j=37:0.020, j=38:0.251, j=39:0.490, j=40:0.209
      i=41 -> j=0:0.001, j=1:0.001, j=2:0.001, j=3:0.001, j=4:0.001, j=5:0.001, j=6:0.001, j=7:0.001, j=8:0.001, j=9:0.001, j=10:0.001, j=11:0.001, j=12:0.000, j=13:0.001, j=14:0.000, j=15:0.000, j=16:0.000, j=17:0.000, j=18:0.000, j=19:0.000, j=20:0.000, j=21:0.000, j=22:0.000, j=23:0.000, j=24:0.000, j=25:0.000, j=26:0.000, j=27:0.000, j=28:0.000, j=29:0.000, j=30:0.000, j=31:0.000, j=32:0.000, j=33:0.000, j=34:0.000, j=35:0.000, j=36:0.000, j=37:0.001, j=38:0.019, j=39:0.210, j=40:0.544, j=41:0.210
      i=42 -> j=0:0.001, j=1:0.001, j=2:0.002, j=3:0.001, j=4:0.001, j=5:0.001, j=6:0.001, j=7:0.002, j=8:0.001, j=9:0.001, j=10:0.001, j=11:0.001, j=12:0.001, j=13:0.001, j=14:0.001, j=15:0.001, j=16:0.000, j=17:0.000, j=18:0.000, j=19:0.000, j=20:0.000, j=21:0.000, j=22:0.000, j=23:0.000, j=24:0.000, j=25:0.000, j=26:0.000, j=27:0.000, j=28:0.000, j=29:0.000, j=30:0.000, j=31:0.000, j=32:0.000, j=33:0.000, j=34:0.000, j=35:0.000, j=36:0.000, j=37:0.000, j=38:0.002, j=39:0.021, j=40:0.231, j=41:0.507, j=42:0.215
      i=43 -> j=0:0.001, j=1:0.001, j=2:0.001, j=3:0.001, j=4:0.001, j=5:0.001, j=6:0.001, j=7:0.001, j=8:0.001, j=9:0.001, j=10:0.001, j=11:0.001, j=12:0.001, j=13:0.001, j=14:0.001, j=15:0.001, j=16:0.001, j=17:0.000, j=18:0.000, j=19:0.000, j=20:0.000, j=21:0.000, j=22:0.000, j=23:0.000, j=24:0.000, j=25:0.000, j=26:0.000, j=27:0.000, j=28:0.000, j=29:0.000, j=30:0.000, j=31:0.000, j=32:0.000, j=33:0.000, j=34:0.001, j=35:0.000, j=36:0.000, j=37:0.000, j=38:0.000, j=39:0.002, j=40:0.034, j=41:0.300, j=42:0.456, j=43:0.183
      i=44 -> j=0:0.001, j=1:0.001, j=2:0.001, j=3:0.001, j=4:0.001, j=5:0.001, j=6:0.001, j=7:0.001, j=8:0.001, j=9:0.001, j=10:0.001, j=11:0.001, j=12:0.001, j=13:0.001, j=14:0.001, j=15:0.000, j=16:0.001, j=17:0.000, j=18:0.000, j=19:0.000, j=20:0.000, j=21:0.000, j=22:0.000, j=23:0.000, j=24:0.000, j=25:0.000, j=26:0.000, j=27:0.000, j=28:0.000, j=29:0.000, j=30:0.000, j=31:0.000, j=32:0.000, j=33:0.000, j=34:0.000, j=35:0.000, j=36:0.000, j=37:0.000, j=38:0.000, j=39:0.000, j=40:0.003, j=41:0.043, j=42:0.239, j=43:0.488, j=44:0.208
      i=45 -> j=0:0.001, j=1:0.001, j=2:0.001, j=3:0.001, j=4:0.001, j=5:0.001, j=6:0.001, j=7:0.001, j=8:0.001, j=9:0.001, j=10:0.001, j=11:0.001, j=12:0.001, j=13:0.001, j=14:0.001, j=15:0.001, j=16:0.001, j=17:0.001, j=18:0.001, j=19:0.000, j=20:0.000, j=21:0.000, j=22:0.000, j=23:0.000, j=24:0.000, j=25:0.000, j=26:0.000, j=27:0.000, j=28:0.000, j=29:0.000, j=30:0.000, j=31:0.000, j=32:0.000, j=33:0.000, j=34:0.000, j=35:0.000, j=36:0.000, j=37:0.000, j=38:0.000, j=39:0.000, j=40:0.000, j=41:0.002, j=42:0.035, j=43:0.288, j=44:0.464, j=45:0.190
      i=46 -> j=0:0.001, j=1:0.001, j=2:0.001, j=3:0.001, j=4:0.001, j=5:0.001, j=6:0.001, j=7:0.001, j=8:0.001, j=9:0.001, j=10:0.001, j=11:0.001, j=12:0.001, j=13:0.001, j=14:0.001, j=15:0.000, j=16:0.000, j=17:0.000, j=18:0.000, j=19:0.000, j=20:0.000, j=21:0.000, j=22:0.000, j=23:0.000, j=24:0.000, j=25:0.000, j=26:0.000, j=27:0.000, j=28:0.000, j=29:0.000, j=30:0.000, j=31:0.000, j=32:0.000, j=33:0.000, j=34:0.000, j=35:0.000, j=36:0.000, j=37:0.000, j=38:0.000, j=39:0.000, j=40:0.000, j=41:0.000, j=42:0.001, j=43:0.026, j=44:0.212, j=45:0.566, j=46:0.178
      i=47 -> j=0:0.001, j=1:0.001, j=2:0.001, j=3:0.001, j=4:0.001, j=5:0.001, j=6:0.001, j=7:0.001, j=8:0.001, j=9:0.001, j=10:0.001, j=11:0.001, j=12:0.001, j=13:0.001, j=14:0.001, j=15:0.001, j=16:0.001, j=17:0.000, j=18:0.000, j=19:0.000, j=20:0.000, j=21:0.000, j=22:0.000, j=23:0.000, j=24:0.000, j=25:0.000, j=26:0.000, j=27:0.000, j=28:0.000, j=29:0.000, j=30:0.000, j=31:0.000, j=32:0.000, j=33:0.000, j=34:0.000, j=35:0.000, j=36:0.000, j=37:0.000, j=38:0.000, j=39:0.000, j=40:0.000, j=41:0.000, j=42:0.000, j=43:0.002, j=44:0.023, j=45:0.193, j=46:0.590, j=47:0.174
      i=48 -> j=0:0.000, j=1:0.001, j=2:0.001, j=3:0.001, j=4:0.000, j=5:0.001, j=6:0.001, j=7:0.001, j=8:0.001, j=9:0.001, j=10:0.001, j=11:0.001, j=12:0.001, j=13:0.001, j=14:0.001, j=15:0.001, j=16:0.000, j=17:0.001, j=18:0.000, j=19:0.000, j=20:0.000, j=21:0.000, j=22:0.000, j=23:0.000, j=24:0.000, j=25:0.000, j=26:0.000, j=27:0.000, j=28:0.000, j=29:0.000, j=30:0.000, j=31:0.000, j=32:0.000, j=33:0.000, j=34:0.000, j=35:0.000, j=36:0.000, j=37:0.000, j=38:0.000, j=39:0.000, j=40:0.000, j=41:0.000, j=42:0.000, j=43:0.000, j=44:0.001, j=45:0.022, j=46:0.218, j=47:0.541, j=48:0.203
      i=49 -> j=0:0.001, j=1:0.001, j=2:0.001, j=3:0.001, j=4:0.001, j=5:0.001, j=6:0.001, j=7:0.001, j=8:0.001, j=9:0.001, j=10:0.001, j=11:0.001, j=12:0.001, j=13:0.001, j=14:0.001, j=15:0.001, j=16:0.001, j=17:0.001, j=18:0.001, j=19:0.001, j=20:0.001, j=21:0.001, j=22:0.001, j=23:0.000, j=24:0.000, j=25:0.000, j=26:0.000, j=27:0.000, j=28:0.000, j=29:0.000, j=30:0.000, j=31:0.000, j=32:0.000, j=33:0.000, j=34:0.000, j=35:0.000, j=36:0.000, j=37:0.000, j=38:0.000, j=39:0.000, j=40:0.000, j=41:0.000, j=42:0.000, j=43:0.000, j=44:0.000, j=45:0.002, j=46:0.026, j=47:0.191, j=48:0.530, j=49:0.230
      i=50 -> j=0:0.001, j=1:0.001, j=2:0.001, j=3:0.001, j=4:0.001, j=5:0.001, j=6:0.001, j=7:0.001, j=8:0.001, j=9:0.001, j=10:0.001, j=11:0.001, j=12:0.001, j=13:0.001, j=14:0.001, j=15:0.001, j=16:0.001, j=17:0.001, j=18:0.001, j=19:0.001, j=20:0.001, j=21:0.001, j=22:0.001, j=23:0.001, j=24:0.000, j=25:0.000, j=26:0.000, j=27:0.000, j=28:0.000, j=29:0.000, j=30:0.000, j=31:0.000, j=32:0.000, j=33:0.000, j=34:0.000, j=35:0.000, j=36:0.000, j=37:0.000, j=38:0.000, j=39:0.000, j=40:0.000, j=41:0.000, j=42:0.000, j=43:0.000, j=44:0.000, j=45:0.000, j=46:0.002, j=47:0.021, j=48:0.308, j=49:0.473, j=50:0.169
      i=51 -> j=0:0.001, j=1:0.001, j=2:0.001, j=3:0.001, j=4:0.001, j=5:0.001, j=6:0.001, j=7:0.001, j=8:0.001, j=9:0.001, j=10:0.001, j=11:0.002, j=12:0.001, j=13:0.001, j=14:0.001, j=15:0.001, j=16:0.001, j=17:0.001, j=18:0.001, j=19:0.001, j=20:0.001, j=21:0.001, j=22:0.001, j=23:0.001, j=24:0.001, j=25:0.000, j=26:0.000, j=27:0.000, j=28:0.000, j=29:0.000, j=30:0.000, j=31:0.000, j=32:0.000, j=33:0.000, j=34:0.000, j=35:0.000, j=36:0.000, j=37:0.000, j=38:0.000, j=39:0.000, j=40:0.000, j=41:0.000, j=42:0.000, j=43:0.000, j=44:0.000, j=45:0.000, j=46:0.000, j=47:0.002, j=48:0.022, j=49:0.189, j=50:0.589, j=51:0.170
      i=52 -> j=0:0.001, j=1:0.001, j=2:0.001, j=3:0.001, j=4:0.001, j=5:0.001, j=6:0.001, j=7:0.001, j=8:0.001, j=9:0.001, j=10:0.001, j=11:0.001, j=12:0.002, j=13:0.002, j=14:0.001, j=15:0.001, j=16:0.001, j=17:0.002, j=18:0.002, j=19:0.002, j=20:0.001, j=21:0.001, j=22:0.001, j=23:0.001, j=24:0.001, j=25:0.001, j=26:0.001, j=27:0.000, j=28:0.000, j=29:0.000, j=30:0.000, j=31:0.000, j=32:0.000, j=33:0.000, j=34:0.000, j=35:0.000, j=36:0.000, j=37:0.000, j=38:0.000, j=39:0.000, j=40:0.000, j=41:0.000, j=42:0.000, j=43:0.000, j=44:0.000, j=45:0.000, j=46:0.000, j=47:0.000, j=48:0.002, j=49:0.024, j=50:0.243, j=51:0.461, j=52:0.231
      i=53 -> j=0:0.001, j=1:0.001, j=2:0.001, j=3:0.001, j=4:0.001, j=5:0.001, j=6:0.001, j=7:0.001, j=8:0.001, j=9:0.001, j=10:0.001, j=11:0.001, j=12:0.002, j=13:0.002, j=14:0.001, j=15:0.001, j=16:0.001, j=17:0.001, j=18:0.001, j=19:0.001, j=20:0.002, j=21:0.001, j=22:0.001, j=23:0.001, j=24:0.001, j=25:0.001, j=26:0.001, j=27:0.001, j=28:0.000, j=29:0.000, j=30:0.000, j=31:0.001, j=32:0.000, j=33:0.000, j=34:0.000, j=35:0.000, j=36:0.000, j=37:0.000, j=38:0.000, j=39:0.000, j=40:0.000, j=41:0.000, j=42:0.000, j=43:0.000, j=44:0.000, j=45:0.000, j=46:0.000, j=47:0.000, j=48:0.000, j=49:0.002, j=50:0.022, j=51:0.197, j=52:0.533, j=53:0.212
      i=54 -> j=0:0.001, j=1:0.001, j=2:0.001, j=3:0.001, j=4:0.001, j=5:0.001, j=6:0.001, j=7:0.001, j=8:0.001, j=9:0.001, j=10:0.001, j=11:0.001, j=12:0.001, j=13:0.001, j=14:0.001, j=15:0.001, j=16:0.001, j=17:0.001, j=18:0.001, j=19:0.001, j=20:0.001, j=21:0.001, j=22:0.001, j=23:0.001, j=24:0.001, j=25:0.001, j=26:0.001, j=27:0.000, j=28:0.000, j=29:0.000, j=30:0.000, j=31:0.000, j=32:0.000, j=33:0.000, j=34:0.000, j=35:0.000, j=36:0.000, j=37:0.000, j=38:0.000, j=39:0.000, j=40:0.000, j=41:0.000, j=42:0.000, j=43:0.000, j=44:0.000, j=45:0.000, j=46:0.000, j=47:0.000, j=48:0.000, j=49:0.000, j=50:0.002, j=51:0.025, j=52:0.209, j=53:0.526, j=54:0.212
      i=55 -> j=0:0.001, j=1:0.001, j=2:0.001, j=3:0.001, j=4:0.001, j=5:0.001, j=6:0.001, j=7:0.001, j=8:0.001, j=9:0.001, j=10:0.001, j=11:0.001, j=12:0.001, j=13:0.001, j=14:0.001, j=15:0.001, j=16:0.001, j=17:0.001, j=18:0.001, j=19:0.001, j=20:0.001, j=21:0.001, j=22:0.001, j=23:0.001, j=24:0.001, j=25:0.001, j=26:0.001, j=27:0.001, j=28:0.001, j=29:0.000, j=30:0.000, j=31:0.000, j=32:0.000, j=33:0.000, j=34:0.000, j=35:0.000, j=36:0.000, j=37:0.000, j=38:0.000, j=39:0.000, j=40:0.000, j=41:0.000, j=42:0.000, j=43:0.000, j=44:0.000, j=45:0.000, j=46:0.000, j=47:0.000, j=48:0.000, j=49:0.000, j=50:0.000, j=51:0.002, j=52:0.028, j=53:0.202, j=54:0.535, j=55:0.203
      i=56 -> j=0:0.000, j=1:0.000, j=2:0.000, j=3:0.000, j=4:0.000, j=5:0.000, j=6:0.000, j=7:0.000, j=8:0.001, j=9:0.001, j=10:0.001, j=11:0.001, j=12:0.001, j=13:0.001, j=14:0.001, j=15:0.001, j=16:0.001, j=17:0.001, j=18:0.001, j=19:0.000, j=20:0.001, j=21:0.001, j=22:0.001, j=23:0.001, j=24:0.001, j=25:0.000, j=26:0.000, j=27:0.000, j=28:0.000, j=29:0.000, j=30:0.000, j=31:0.000, j=32:0.000, j=33:0.000, j=34:0.000, j=35:0.000, j=36:0.000, j=37:0.000, j=38:0.000, j=39:0.000, j=40:0.000, j=41:0.000, j=42:0.000, j=43:0.000, j=44:0.000, j=45:0.000, j=46:0.000, j=47:0.000, j=48:0.000, j=49:0.000, j=50:0.000, j=51:0.000, j=52:0.001, j=53:0.022, j=54:0.220, j=55:0.598, j=56:0.139
      i=57 -> j=0:0.001, j=1:0.000, j=2:0.001, j=3:0.001, j=4:0.001, j=5:0.001, j=6:0.001, j=7:0.001, j=8:0.001, j=9:0.001, j=10:0.001, j=11:0.001, j=12:0.001, j=13:0.001, j=14:0.001, j=15:0.001, j=16:0.001, j=17:0.001, j=18:0.001, j=19:0.001, j=20:0.001, j=21:0.001, j=22:0.001, j=23:0.001, j=24:0.001, j=25:0.001, j=26:0.001, j=27:0.000, j=28:0.001, j=29:0.001, j=30:0.001, j=31:0.000, j=32:0.000, j=33:0.000, j=34:0.000, j=35:0.000, j=36:0.000, j=37:0.000, j=38:0.000, j=39:0.000, j=40:0.000, j=41:0.000, j=42:0.000, j=43:0.000, j=44:0.000, j=45:0.000, j=46:0.000, j=47:0.000, j=48:0.000, j=49:0.000, j=50:0.000, j=51:0.000, j=52:0.000, j=53:0.001, j=54:0.036, j=55:0.259, j=56:0.476, j=57:0.200
      i=58 -> j=0:0.001, j=1:0.001, j=2:0.000, j=3:0.000, j=4:0.001, j=5:0.001, j=6:0.001, j=7:0.001, j=8:0.001, j=9:0.001, j=10:0.001, j=11:0.001, j=12:0.001, j=13:0.001, j=14:0.001, j=15:0.001, j=16:0.001, j=17:0.001, j=18:0.001, j=19:0.001, j=20:0.001, j=21:0.001, j=22:0.001, j=23:0.001, j=24:0.001, j=25:0.001, j=26:0.001, j=27:0.001, j=28:0.000, j=29:0.001, j=30:0.001, j=31:0.000, j=32:0.000, j=33:0.000, j=34:0.000, j=35:0.000, j=36:0.000, j=37:0.000, j=38:0.000, j=39:0.000, j=40:0.000, j=41:0.000, j=42:0.000, j=43:0.000, j=44:0.000, j=45:0.000, j=46:0.000, j=47:0.000, j=48:0.000, j=49:0.000, j=50:0.000, j=51:0.000, j=52:0.000, j=53:0.000, j=54:0.001, j=55:0.020, j=56:0.199, j=57:0.537, j=58:0.214
      i=59 -> j=0:0.000, j=1:0.000, j=2:0.000, j=3:0.000, j=4:0.000, j=5:0.000, j=6:0.000, j=7:0.000, j=8:0.000, j=9:0.000, j=10:0.000, j=11:0.000, j=12:0.001, j=13:0.001, j=14:0.001, j=15:0.001, j=16:0.001, j=17:0.001, j=18:0.001, j=19:0.001, j=20:0.001, j=21:0.001, j=22:0.001, j=23:0.001, j=24:0.001, j=25:0.001, j=26:0.001, j=27:0.001, j=28:0.000, j=29:0.000, j=30:0.000, j=31:0.000, j=32:0.000, j=33:0.000, j=34:0.000, j=35:0.000, j=36:0.000, j=37:0.000, j=38:0.000, j=39:0.000, j=40:0.000, j=41:0.000, j=42:0.000, j=43:0.000, j=44:0.000, j=45:0.000, j=46:0.000, j=47:0.000, j=48:0.000, j=49:0.000, j=50:0.000, j=51:0.000, j=52:0.000, j=53:0.000, j=54:0.000, j=55:0.002, j=56:0.019, j=57:0.283, j=58:0.531, j=59:0.146
      i=60 -> j=0:0.001, j=1:0.001, j=2:0.001, j=3:0.001, j=4:0.001, j=5:0.001, j=6:0.001, j=7:0.001, j=8:0.001, j=9:0.001, j=10:0.001, j=11:0.001, j=12:0.001, j=13:0.001, j=14:0.001, j=15:0.001, j=16:0.001, j=17:0.001, j=18:0.001, j=19:0.002, j=20:0.002, j=21:0.001, j=22:0.001, j=23:0.001, j=24:0.001, j=25:0.001, j=26:0.002, j=27:0.001, j=28:0.001, j=29:0.001, j=30:0.001, j=31:0.001, j=32:0.001, j=33:0.001, j=34:0.000, j=35:0.000, j=36:0.000, j=37:0.000, j=38:0.000, j=39:0.000, j=40:0.000, j=41:0.000, j=42:0.000, j=43:0.000, j=44:0.000, j=45:0.000, j=46:0.000, j=47:0.000, j=48:0.000, j=49:0.000, j=50:0.000, j=51:0.000, j=52:0.000, j=53:0.000, j=54:0.000, j=55:0.000, j=56:0.002, j=57:0.025, j=58:0.288, j=59:0.442, j=60:0.203
      i=61 -> j=0:0.001, j=1:0.000, j=2:0.001, j=3:0.001, j=4:0.001, j=5:0.001, j=6:0.001, j=7:0.001, j=8:0.001, j=9:0.001, j=10:0.001, j=11:0.001, j=12:0.001, j=13:0.001, j=14:0.001, j=15:0.001, j=16:0.001, j=17:0.001, j=18:0.001, j=19:0.001, j=20:0.001, j=21:0.002, j=22:0.001, j=23:0.001, j=24:0.001, j=25:0.001, j=26:0.001, j=27:0.001, j=28:0.002, j=29:0.001, j=30:0.001, j=31:0.001, j=32:0.001, j=33:0.001, j=34:0.000, j=35:0.000, j=36:0.000, j=37:0.000, j=38:0.000, j=39:0.000, j=40:0.000, j=41:0.000, j=42:0.000, j=43:0.000, j=44:0.000, j=45:0.000, j=46:0.000, j=47:0.000, j=48:0.000, j=49:0.000, j=50:0.000, j=51:0.000, j=52:0.000, j=53:0.000, j=54:0.000, j=55:0.000, j=56:0.000, j=57:0.002, j=58:0.043, j=59:0.278, j=60:0.484, j=61:0.159
      i=62 -> j=0:0.000, j=1:0.000, j=2:0.000, j=3:0.001, j=4:0.001, j=5:0.000, j=6:0.000, j=7:0.000, j=8:0.001, j=9:0.001, j=10:0.001, j=11:0.001, j=12:0.001, j=13:0.001, j=14:0.001, j=15:0.001, j=16:0.001, j=17:0.001, j=18:0.001, j=19:0.001, j=20:0.001, j=21:0.001, j=22:0.001, j=23:0.001, j=24:0.001, j=25:0.001, j=26:0.001, j=27:0.001, j=28:0.001, j=29:0.001, j=30:0.001, j=31:0.001, j=32:0.001, j=33:0.001, j=34:0.001, j=35:0.001, j=36:0.000, j=37:0.000, j=38:0.000, j=39:0.000, j=40:0.000, j=41:0.000, j=42:0.000, j=43:0.000, j=44:0.000, j=45:0.000, j=46:0.000, j=47:0.000, j=48:0.000, j=49:0.000, j=50:0.000, j=51:0.000, j=52:0.000, j=53:0.000, j=54:0.000, j=55:0.000, j=56:0.000, j=57:0.000, j=58:0.002, j=59:0.022, j=60:0.193, j=61:0.598, j=62:0.154
      i=63 -> j=0:0.000, j=1:0.000, j=2:0.000, j=3:0.000, j=4:0.001, j=5:0.001, j=6:0.000, j=7:0.001, j=8:0.001, j=9:0.000, j=10:0.001, j=11:0.001, j=12:0.001, j=13:0.001, j=14:0.001, j=15:0.001, j=16:0.001, j=17:0.001, j=18:0.001, j=19:0.001, j=20:0.001, j=21:0.001, j=22:0.001, j=23:0.001, j=24:0.001, j=25:0.001, j=26:0.001, j=27:0.001, j=28:0.001, j=29:0.001, j=30:0.001, j=31:0.001, j=32:0.001, j=33:0.000, j=34:0.001, j=35:0.001, j=36:0.000, j=37:0.000, j=38:0.000, j=39:0.000, j=40:0.000, j=41:0.000, j=42:0.000, j=43:0.000, j=44:0.000, j=45:0.000, j=46:0.000, j=47:0.000, j=48:0.000, j=49:0.000, j=50:0.000, j=51:0.000, j=52:0.000, j=53:0.000, j=54:0.000, j=55:0.000, j=56:0.000, j=57:0.000, j=58:0.000, j=59:0.001, j=60:0.022, j=61:0.256, j=62:0.467, j=63:0.224
    Average attention per distance:
      d=0:0.207, d=1:0.525, d=2:0.244, d=3:0.027

--- Layer 1 ---
  Head 0: Entropy=1.473
    Attention coefficients from each query position to previous positions:
      i= 0 -> j=0:1.000
      i= 1 -> j=0:0.895, j=1:0.105
      i= 2 -> j=0:0.595, j=1:0.154, j=2:0.250
      i= 3 -> j=0:0.155, j=1:0.095, j=2:0.321, j=3:0.429
      i= 4 -> j=0:0.022, j=1:0.014, j=2:0.074, j=3:0.190, j=4:0.700
      i= 5 -> j=0:0.002, j=1:0.001, j=2:0.007, j=3:0.052, j=4:0.839, j=5:0.097
      i= 6 -> j=0:0.002, j=1:0.000, j=2:0.002, j=3:0.017, j=4:0.684, j=5:0.282, j=6:0.013
      i= 7 -> j=0:0.016, j=1:0.004, j=2:0.007, j=3:0.026, j=4:0.313, j=5:0.277, j=6:0.067, j=7:0.290
      i= 8 -> j=0:0.014, j=1:0.003, j=2:0.005, j=3:0.012, j=4:0.110, j=5:0.081, j=6:0.034, j=7:0.586, j=8:0.156
      i= 9 -> j=0:0.015, j=1:0.005, j=2:0.009, j=3:0.016, j=4:0.059, j=5:0.027, j=6:0.014, j=7:0.275, j=8:0.189, j=9:0.392
      i=10 -> j=0:0.005, j=1:0.002, j=2:0.005, j=3:0.009, j=4:0.024, j=5:0.005, j=6:0.002, j=7:0.066, j=8:0.117, j=9:0.692, j=10:0.073
      i=11 -> j=0:0.006, j=1:0.002, j=2:0.006, j=3:0.015, j=4:0.050, j=5:0.008, j=6:0.002, j=7:0.034, j=8:0.052, j=9:0.479, j=10:0.106, j=11:0.242
      i=12 -> j=0:0.004, j=1:0.001, j=2:0.002, j=3:0.008, j=4:0.054, j=5:0.007, j=6:0.001, j=7:0.013, j=8:0.011, j=9:0.184, j=10:0.066, j=11:0.621, j=12:0.028
      i=13 -> j=0:0.009, j=1:0.003, j=2:0.005, j=3:0.011, j=4:0.040, j=5:0.015, j=6:0.004, j=7:0.018, j=8:0.011, j=9:0.042, j=10:0.024, j=11:0.135, j=12:0.039, j=13:0.645
      i=14 -> j=0:0.003, j=1:0.001, j=2:0.001, j=3:0.002, j=4:0.009, j=5:0.003, j=6:0.001, j=7:0.007, j=8:0.002, j=9:0.008, j=10:0.003, j=11:0.027, j=12:0.012, j=13:0.855, j=14:0.066
      i=15 -> j=0:0.010, j=1:0.004, j=2:0.006, j=3:0.009, j=4:0.020, j=5:0.009, j=6:0.004, j=7:0.022, j=8:0.011, j=9:0.024, j=10:0.008, j=11:0.028, j=12:0.015, j=13:0.438, j=14:0.110, j=15:0.283
      i=16 -> j=0:0.002, j=1:0.001, j=2:0.001, j=3:0.002, j=4:0.005, j=5:0.001, j=6:0.000, j=7:0.005, j=8:0.002, j=9:0.008, j=10:0.001, j=11:0.005, j=12:0.001, j=13:0.205, j=14:0.059, j=15:0.663, j=16:0.038
      i=17 -> j=0:0.003, j=1:0.001, j=2:0.002, j=3:0.004, j=4:0.011, j=5:0.002, j=6:0.000, j=7:0.006, j=8:0.004, j=9:0.016, j=10:0.003, j=11:0.007, j=12:0.001, j=13:0.078, j=14:0.025, j=15:0.618, j=16:0.159, j=17:0.061
      i=18 -> j=0:0.004, j=1:0.001, j=2:0.003, j=3:0.006, j=4:0.015, j=5:0.004, j=6:0.001, j=7:0.006, j=8:0.004, j=9:0.017, j=10:0.005, j=11:0.012, j=12:0.002, j=13:0.053, j=14:0.012, j=15:0.146, j=16:0.062, j=17:0.041, j=18:0.606
      i=19 -> j=0:0.001, j=1:0.000, j=2:0.000, j=3:0.001, j=4:0.004, j=5:0.001, j=6:0.000, j=7:0.001, j=8:0.001, j=9:0.003, j=10:0.001, j=11:0.004, j=12:0.000, j=13:0.017, j=14:0.001, j=15:0.017, j=16:0.007, j=17:0.010, j=18:0.874, j=19:0.056
      i=20 -> j=0:0.002, j=1:0.001, j=2:0.001, j=3:0.002, j=4:0.005, j=5:0.002, j=6:0.000, j=7:0.003, j=8:0.001, j=9:0.003, j=10:0.001, j=11:0.005, j=12:0.001, j=13:0.033, j=14:0.003, j=15:0.017, j=16:0.005, j=17:0.008, j=18:0.711, j=19:0.114, j=20:0.083
      i=21 -> j=0:0.004, j=1:0.001, j=2:0.001, j=3:0.002, j=4:0.006, j=5:0.002, j=6:0.001, j=7:0.005, j=8:0.002, j=9:0.005, j=10:0.001, j=11:0.005, j=12:0.001, j=13:0.062, j=14:0.006, j=15:0.027, j=16:0.003, j=17:0.005, j=18:0.424, j=19:0.118, j=20:0.207, j=21:0.114
      i=22 -> j=0:0.002, j=1:0.001, j=2:0.001, j=3:0.002, j=4:0.004, j=5:0.001, j=6:0.000, j=7:0.003, j=8:0.001, j=9:0.004, j=10:0.001, j=11:0.002, j=12:0.000, j=13:0.035, j=14:0.004, j=15:0.026, j=16:0.002, j=17:0.002, j=18:0.101, j=19:0.026, j=20:0.077, j=21:0.085, j=22:0.619
      i=23 -> j=0:0.000, j=1:0.000, j=2:0.000, j=3:0.000, j=4:0.001, j=5:0.000, j=6:0.000, j=7:0.000, j=8:0.000, j=9:0.001, j=10:0.000, j=11:0.000, j=12:0.000, j=13:0.005, j=14:0.001, j=15:0.007, j=16:0.000, j=17:0.000, j=18:0.012, j=19:0.001, j=20:0.007, j=21:0.019, j=22:0.924, j=23:0.020
      i=24 -> j=0:0.001, j=1:0.000, j=2:0.000, j=3:0.001, j=4:0.002, j=5:0.000, j=6:0.000, j=7:0.001, j=8:0.000, j=9:0.001, j=10:0.000, j=11:0.001, j=12:0.000, j=13:0.007, j=14:0.000, j=15:0.009, j=16:0.001, j=17:0.000, j=18:0.020, j=19:0.001, j=20:0.004, j=21:0.009, j=22:0.807, j=23:0.048, j=24:0.087
      i=25 -> j=0:0.004, j=1:0.001, j=2:0.002, j=3:0.004, j=4:0.011, j=5:0.002, j=6:0.000, j=7:0.003, j=8:0.001, j=9:0.005, j=10:0.001, j=11:0.004, j=12:0.000, j=13:0.024, j=14:0.002, j=15:0.022, j=16:0.002, j=17:0.002, j=18:0.072, j=19:0.005, j=20:0.008, j=21:0.010, j=22:0.401, j=23:0.071, j=24:0.296, j=25:0.048
      i=26 -> j=0:0.008, j=1:0.002, j=2:0.003, j=3:0.006, j=4:0.015, j=5:0.004, j=6:0.001, j=7:0.006, j=8:0.002, j=9:0.007, j=10:0.002, j=11:0.006, j=12:0.001, j=13:0.039, j=14:0.003, j=15:0.023, j=16:0.003, j=17:0.004, j=18:0.101, j=19:0.010, j=20:0.011, j=21:0.007, j=22:0.090, j=23:0.025, j=24:0.171, j=25:0.104, j=26:0.346
      i=27 -> j=0:0.003, j=1:0.001, j=2:0.001, j=3:0.001, j=4:0.004, j=5:0.001, j=6:0.000, j=7:0.002, j=8:0.000, j=9:0.002, j=10:0.000, j=11:0.001, j=12:0.000, j=13:0.019, j=14:0.001, j=15:0.008, j=16:0.000, j=17:0.001, j=18:0.042, j=19:0.003, j=20:0.004, j=21:0.002, j=22:0.016, j=23:0.002, j=24:0.022, j=25:0.043, j=26:0.610, j=27:0.212
      i=28 -> j=0:0.005, j=1:0.002, j=2:0.002, j=3:0.003, j=4:0.007, j=5:0.001, j=6:0.000, j=7:0.004, j=8:0.001, j=9:0.004, j=10:0.001, j=11:0.002, j=12:0.000, j=13:0.022, j=14:0.002, j=15:0.013, j=16:0.001, j=17:0.001, j=18:0.029, j=19:0.004, j=20:0.007, j=21:0.004, j=22:0.021, j=23:0.002, j=24:0.007, j=25:0.018, j=26:0.326, j=27:0.396, j=28:0.116
      i=29 -> j=0:0.010, j=1:0.003, j=2:0.005, j=3:0.009, j=4:0.016, j=5:0.003, j=6:0.001, j=7:0.008, j=8:0.003, j=9:0.009, j=10:0.002, j=11:0.004, j=12:0.001, j=13:0.031, j=14:0.004, j=15:0.028, j=16:0.002, j=17:0.002, j=18:0.035, j=19:0.005, j=20:0.010, j=21:0.009, j=22:0.051, j=23:0.003, j=24:0.006, j=25:0.009, j=26:0.143, j=27:0.252, j=28:0.247, j=29:0.087
      i=30 -> j=0:0.010, j=1:0.004, j=2:0.006, j=3:0.010, j=4:0.018, j=5:0.005, j=6:0.001, j=7:0.008, j=8:0.004, j=9:0.010, j=10:0.003, j=11:0.005, j=12:0.001, j=13:0.022, j=14:0.004, j=15:0.023, j=16:0.004, j=17:0.003, j=18:0.029, j=19:0.005, j=20:0.008, j=21:0.009, j=22:0.049, j=23:0.006, j=24:0.009, j=25:0.008, j=26:0.049, j=27:0.061, j=28:0.093, j=29:0.067, j=30:0.467
      i=31 -> j=0:0.003, j=1:0.001, j=2:0.001, j=3:0.002, j=4:0.005, j=5:0.001, j=6:0.000, j=7:0.001, j=8:0.000, j=9:0.002, j=10:0.000, j=11:0.001, j=12:0.000, j=13:0.006, j=14:0.000, j=15:0.005, j=16:0.000, j=17:0.000, j=18:0.009, j=19:0.001, j=20:0.001, j=21:0.001, j=22:0.010, j=23:0.001, j=24:0.001, j=25:0.001, j=26:0.005, j=27:0.003, j=28:0.009, j=29:0.017, j=30:0.879, j=31:0.034
      i=32 -> j=0:0.005, j=1:0.001, j=2:0.002, j=3:0.003, j=4:0.007, j=5:0.002, j=6:0.000, j=7:0.003, j=8:0.001, j=9:0.003, j=10:0.001, j=11:0.002, j=12:0.000, j=13:0.009, j=14:0.001, j=15:0.005, j=16:0.001, j=17:0.001, j=18:0.012, j=19:0.001, j=20:0.001, j=21:0.001, j=22:0.006, j=23:0.001, j=24:0.002, j=25:0.001, j=26:0.005, j=27:0.001, j=28:0.003, j=29:0.008, j=30:0.785, j=31:0.118, j=32:0.007
      i=33 -> j=0:0.012, j=1:0.004, j=2:0.005, j=3:0.007, j=4:0.015, j=5:0.005, j=6:0.001, j=7:0.007, j=8:0.003, j=9:0.006, j=10:0.002, j=11:0.005, j=12:0.001, j=13:0.023, j=14:0.003, j=15:0.012, j=16:0.001, j=17:0.002, j=18:0.025, j=19:0.004, j=20:0.004, j=21:0.002, j=22:0.011, j=23:0.002, j=24:0.005, j=25:0.004, j=26:0.016, j=27:0.004, j=28:0.005, j=29:0.007, j=30:0.296, j=31:0.084, j=32:0.014, j=33:0.404
      i=34 -> j=0:0.007, j=1:0.003, j=2:0.004, j=3:0.005, j=4:0.009, j=5:0.003, j=6:0.001, j=7:0.005, j=8:0.002, j=9:0.004, j=10:0.001, j=11:0.003, j=12:0.001, j=13:0.014, j=14:0.002, j=15:0.008, j=16:0.001, j=17:0.001, j=18:0.011, j=19:0.002, j=20:0.003, j=21:0.002, j=22:0.006, j=23:0.001, j=24:0.002, j=25:0.002, j=26:0.010, j=27:0.003, j=28:0.003, j=29:0.002, j=30:0.055, j=31:0.016, j=32:0.007, j=33:0.354, j=34:0.447
      i=35 -> j=0:0.004, j=1:0.001, j=2:0.002, j=3:0.003, j=4:0.006, j=5:0.001, j=6:0.000, j=7:0.003, j=8:0.001, j=9:0.003, j=10:0.001, j=11:0.001, j=12:0.000, j=13:0.008, j=14:0.001, j=15:0.005, j=16:0.000, j=17:0.000, j=18:0.005, j=19:0.001, j=20:0.001, j=21:0.001, j=22:0.004, j=23:0.000, j=24:0.000, j=25:0.001, j=26:0.004, j=27:0.001, j=28:0.001, j=29:0.001, j=30:0.014, j=31:0.002, j=32:0.001, j=33:0.175, j=34:0.688, j=35:0.058
      i=36 -> j=0:0.003, j=1:0.001, j=2:0.002, j=3:0.003, j=4:0.007, j=5:0.001, j=6:0.000, j=7:0.002, j=8:0.001, j=9:0.003, j=10:0.000, j=11:0.001, j=12:0.000, j=13:0.006, j=14:0.001, j=15:0.005, j=16:0.000, j=17:0.000, j=18:0.003, j=19:0.000, j=20:0.001, j=21:0.000, j=22:0.003, j=23:0.000, j=24:0.000, j=25:0.000, j=26:0.002, j=27:0.001, j=28:0.001, j=29:0.000, j=30:0.010, j=31:0.000, j=32:0.000, j=33:0.061, j=34:0.704, j=35:0.156, j=36:0.020
      i=37 -> j=0:0.008, j=1:0.003, j=2:0.004, j=3:0.008, j=4:0.017, j=5:0.004, j=6:0.001, j=7:0.005, j=8:0.002, j=9:0.006, j=10:0.002, j=11:0.003, j=12:0.000, j=13:0.012, j=14:0.002, j=15:0.010, j=16:0.001, j=17:0.001, j=18:0.010, j=19:0.001, j=20:0.002, j=21:0.001, j=22:0.008, j=23:0.001, j=24:0.001, j=25:0.001, j=26:0.004, j=27:0.001, j=28:0.002, j=29:0.002, j=30:0.030, j=31:0.002, j=32:0.001, j=33:0.031, j=34:0.229, j=35:0.137, j=36:0.056, j=37:0.392
      i=38 -> j=0:0.007, j=1:0.003, j=2:0.004, j=3:0.006, j=4:0.012, j=5:0.004, j=6:0.001, j=7:0.005, j=8:0.002, j=9:0.005, j=10:0.002, j=11:0.003, j=12:0.001, j=13:0.010, j=14:0.002, j=15:0.007, j=16:0.001, j=17:0.001, j=18:0.009, j=19:0.001, j=20:0.002, j=21:0.001, j=22:0.005, j=23:0.001, j=24:0.001, j=25:0.001, j=26:0.003, j=27:0.001, j=28:0.002, j=29:0.002, j=30:0.021, j=31:0.002, j=32:0.001, j=33:0.010, j=34:0.034, j=35:0.028, j=36:0.023, j=37:0.274, j=38:0.504
      i=39 -> j=0:0.006, j=1:0.002, j=2:0.003, j=3:0.004, j=4:0.009, j=5:0.003, j=6:0.001, j=7:0.005, j=8:0.002, j=9:0.004, j=10:0.001, j=11:0.003, j=12:0.001, j=13:0.010, j=14:0.001, j=15:0.005, j=16:0.001, j=17:0.001, j=18:0.007, j=19:0.001, j=20:0.001, j=21:0.001, j=22:0.003, j=23:0.001, j=24:0.001, j=25:0.001, j=26:0.003, j=27:0.001, j=28:0.001, j=29:0.001, j=30:0.013, j=31:0.002, j=32:0.001, j=33:0.007, j=34:0.013, j=35:0.007, j=36:0.007, j=37:0.128, j=38:0.567, j=39:0.174
      i=40 -> j=0:0.010, j=1:0.005, j=2:0.006, j=3:0.008, j=4:0.013, j=5:0.005, j=6:0.002, j=7:0.009, j=8:0.004, j=9:0.007, j=10:0.003, j=11:0.005, j=12:0.001, j=13:0.016, j=14:0.003, j=15:0.010, j=16:0.002, j=17:0.002, j=18:0.011, j=19:0.003, j=20:0.003, j=21:0.002, j=22:0.005, j=23:0.001, j=24:0.002, j=25:0.002, j=26:0.005, j=27:0.002, j=28:0.002, j=29:0.002, j=30:0.014, j=31:0.003, j=32:0.001, j=33:0.013, j=34:0.020, j=35:0.007, j=36:0.004, j=37:0.048, j=38:0.267, j=39:0.191, j=40:0.278
      i=41 -> j=0:0.006, j=1:0.002, j=2:0.003, j=3:0.005, j=4:0.009, j=5:0.002, j=6:0.001, j=7:0.005, j=8:0.002, j=9:0.005, j=10:0.001, j=11:0.002, j=12:0.000, j=13:0.010, j=14:0.002, j=15:0.006, j=16:0.001, j=17:0.001, j=18:0.005, j=19:0.001, j=20:0.001, j=21:0.001, j=22:0.002, j=23:0.000, j=24:0.000, j=25:0.000, j=26:0.002, j=27:0.001, j=28:0.001, j=29:0.000, j=30:0.005, j=31:0.001, j=32:0.000, j=33:0.006, j=34:0.011, j=35:0.002, j=36:0.001, j=37:0.008, j=38:0.090, j=39:0.122, j=40:0.584, j=41:0.095
      i=42 -> j=0:0.004, j=1:0.001, j=2:0.002, j=3:0.004, j=4:0.008, j=5:0.002, j=6:0.001, j=7:0.003, j=8:0.002, j=9:0.004, j=10:0.001, j=11:0.002, j=12:0.000, j=13:0.007, j=14:0.001, j=15:0.005, j=16:0.001, j=17:0.000, j=18:0.004, j=19:0.001, j=20:0.001, j=21:0.001, j=22:0.002, j=23:0.000, j=24:0.000, j=25:0.000, j=26:0.001, j=27:0.000, j=28:0.000, j=29:0.000, j=30:0.003, j=31:0.000, j=32:0.000, j=33:0.004, j=34:0.010, j=35:0.002, j=36:0.000, j=37:0.004, j=38:0.028, j=39:0.040, j=40:0.392, j=41:0.123, j=42:0.334
      i=43 -> j=0:0.008, j=1:0.004, j=2:0.006, j=3:0.008, j=4:0.015, j=5:0.006, j=6:0.002, j=7:0.007, j=8:0.004, j=9:0.008, j=10:0.004, j=11:0.005, j=12:0.001, j=13:0.013, j=14:0.003, j=15:0.010, j=16:0.002, j=17:0.002, j=18:0.009, j=19:0.002, j=20:0.003, j=21:0.002, j=22:0.006, j=23:0.001, j=24:0.001, j=25:0.001, j=26:0.003, j=27:0.001, j=28:0.002, j=29:0.002, j=30:0.008, j=31:0.001, j=32:0.001, j=33:0.007, j=34:0.015, j=35:0.006, j=36:0.002, j=37:0.008, j=38:0.021, j=39:0.020, j=40:0.105, j=41:0.072, j=42:0.254, j=43:0.337
      i=44 -> j=0:0.004, j=1:0.001, j=2:0.002, j=3:0.003, j=4:0.007, j=5:0.002, j=6:0.001, j=7:0.003, j=8:0.001, j=9:0.003, j=10:0.001, j=11:0.002, j=12:0.000, j=13:0.006, j=14:0.001, j=15:0.004, j=16:0.001, j=17:0.001, j=18:0.004, j=19:0.001, j=20:0.001, j=21:0.001, j=22:0.002, j=23:0.000, j=24:0.000, j=25:0.000, j=26:0.001, j=27:0.000, j=28:0.000, j=29:0.000, j=30:0.003, j=31:0.000, j=32:0.000, j=33:0.001, j=34:0.004, j=35:0.001, j=36:0.000, j=37:0.003, j=38:0.008, j=39:0.004, j=40:0.027, j=41:0.019, j=42:0.159, j=43:0.622, j=44:0.093
      i=45 -> j=0:0.005, j=1:0.002, j=2:0.002, j=3:0.004, j=4:0.007, j=5:0.003, j=6:0.001, j=7:0.004, j=8:0.002, j=9:0.004, j=10:0.001, j=11:0.003, j=12:0.001, j=13:0.008, j=14:0.002, j=15:0.005, j=16:0.001, j=17:0.001, j=18:0.006, j=19:0.001, j=20:0.001, j=21:0.001, j=22:0.002, j=23:0.000, j=24:0.001, j=25:0.001, j=26:0.001, j=27:0.000, j=28:0.000, j=29:0.000, j=30:0.004, j=31:0.001, j=32:0.000, j=33:0.002, j=34:0.004, j=35:0.001, j=36:0.001, j=37:0.005, j=38:0.012, j=39:0.005, j=40:0.015, j=41:0.008, j=42:0.041, j=43:0.267, j=44:0.110, j=45:0.453
      i=46 -> j=0:0.003, j=1:0.001, j=2:0.002, j=3:0.003, j=4:0.005, j=5:0.002, j=6:0.001, j=7:0.003, j=8:0.001, j=9:0.003, j=10:0.001, j=11:0.002, j=12:0.000, j=13:0.006, j=14:0.001, j=15:0.003, j=16:0.001, j=17:0.001, j=18:0.003, j=19:0.001, j=20:0.001, j=21:0.001, j=22:0.001, j=23:0.000, j=24:0.000, j=25:0.000, j=26:0.001, j=27:0.000, j=28:0.000, j=29:0.000, j=30:0.002, j=31:0.000, j=32:0.000, j=33:0.001, j=34:0.002, j=35:0.001, j=36:0.000, j=37:0.002, j=38:0.008, j=39:0.004, j=40:0.008, j=41:0.002, j=42:0.008, j=43:0.085, j=44:0.066, j=45:0.726, j=46:0.040
      i=47 -> j=0:0.005, j=1:0.002, j=2:0.003, j=3:0.005, j=4:0.008, j=5:0.003, j=6:0.001, j=7:0.005, j=8:0.003, j=9:0.005, j=10:0.002, j=11:0.003, j=12:0.001, j=13:0.010, j=14:0.002, j=15:0.007, j=16:0.001, j=17:0.001, j=18:0.006, j=19:0.002, j=20:0.002, j=21:0.001, j=22:0.003, j=23:0.000, j=24:0.001, j=25:0.001, j=26:0.002, j=27:0.001, j=28:0.001, j=29:0.000, j=30:0.003, j=31:0.000, j=32:0.000, j=33:0.002, j=34:0.004, j=35:0.001, j=36:0.000, j=37:0.003, j=38:0.011, j=39:0.008, j=40:0.019, j=41:0.005, j=42:0.009, j=43:0.055, j=44:0.039, j=45:0.475, j=46:0.073, j=47:0.208
      i=48 -> j=0:0.005, j=1:0.002, j=2:0.003, j=3:0.005, j=4:0.009, j=5:0.002, j=6:0.001, j=7:0.004, j=8:0.002, j=9:0.005, j=10:0.001, j=11:0.002, j=12:0.000, j=13:0.010, j=14:0.002, j=15:0.007, j=16:0.001, j=17:0.001, j=18:0.005, j=19:0.001, j=20:0.001, j=21:0.001, j=22:0.002, j=23:0.000, j=24:0.000, j=25:0.000, j=26:0.001, j=27:0.000, j=28:0.000, j=29:0.000, j=30:0.002, j=31:0.000, j=32:0.000, j=33:0.001, j=34:0.003, j=35:0.001, j=36:0.000, j=37:0.001, j=38:0.005, j=39:0.004, j=40:0.018, j=41:0.004, j=42:0.005, j=43:0.031, j=44:0.011, j=45:0.214, j=46:0.051, j=47:0.506, j=48:0.067
      i=49 -> j=0:0.009, j=1:0.004, j=2:0.006, j=3:0.009, j=4:0.017, j=5:0.006, j=6:0.002, j=7:0.008, j=8:0.005, j=9:0.010, j=10:0.004, j=11:0.006, j=12:0.001, j=13:0.017, j=14:0.004, j=15:0.013, j=16:0.003, j=17:0.002, j=18:0.011, j=19:0.003, j=20:0.003, j=21:0.002, j=22:0.006, j=23:0.001, j=24:0.001, j=25:0.001, j=26:0.003, j=27:0.001, j=28:0.001, j=29:0.001, j=30:0.005, j=31:0.001, j=32:0.000, j=33:0.003, j=34:0.007, j=35:0.002, j=36:0.001, j=37:0.003, j=38:0.009, j=39:0.007, j=40:0.025, j=41:0.009, j=42:0.015, j=43:0.049, j=44:0.014, j=45:0.103, j=46:0.033, j=47:0.271, j=48:0.110, j=49:0.170
      i=50 -> j=0:0.009, j=1:0.004, j=2:0.005, j=3:0.008, j=4:0.016, j=5:0.006, j=6:0.002, j=7:0.007, j=8:0.004, j=9:0.008, j=10:0.003, j=11:0.006, j=12:0.001, j=13:0.016, j=14:0.003, j=15:0.011, j=16:0.002, j=17:0.002, j=18:0.011, j=19:0.002, j=20:0.003, j=21:0.002, j=22:0.005, j=23:0.001, j=24:0.001, j=25:0.001, j=26:0.002, j=27:0.001, j=28:0.001, j=29:0.001, j=30:0.005, j=31:0.000, j=32:0.000, j=33:0.002, j=34:0.004, j=35:0.001, j=36:0.000, j=37:0.002, j=38:0.006, j=39:0.003, j=40:0.014, j=41:0.005, j=42:0.011, j=43:0.044, j=44:0.008, j=45:0.044, j=46:0.010, j=47:0.110, j=48:0.106, j=49:0.419, j=50:0.060
      i=51 -> j=0:0.007, j=1:0.003, j=2:0.004, j=3:0.006, j=4:0.011, j=5:0.005, j=6:0.002, j=7:0.006, j=8:0.003, j=9:0.006, j=10:0.003, j=11:0.005, j=12:0.001, j=13:0.013, j=14:0.003, j=15:0.008, j=16:0.002, j=17:0.002, j=18:0.010, j=19:0.002, j=20:0.002, j=21:0.002, j=22:0.004, j=23:0.001, j=24:0.001, j=25:0.001, j=26:0.002, j=27:0.001, j=28:0.001, j=29:0.001, j=30:0.004, j=31:0.001, j=32:0.000, j=33:0.002, j=34:0.003, j=35:0.001, j=36:0.001, j=37:0.002, j=38:0.006, j=39:0.003, j=40:0.008, j=41:0.004, j=42:0.008, j=43:0.035, j=44:0.009, j=45:0.030, j=46:0.005, j=47:0.025, j=48:0.029, j=49:0.179, j=50:0.062, j=51:0.468
      i=52 -> j=0:0.003, j=1:0.001, j=2:0.002, j=3:0.003, j=4:0.005, j=5:0.002, j=6:0.001, j=7:0.003, j=8:0.001, j=9:0.003, j=10:0.001, j=11:0.002, j=12:0.000, j=13:0.007, j=14:0.001, j=15:0.004, j=16:0.001, j=17:0.001, j=18:0.005, j=19:0.001, j=20:0.001, j=21:0.001, j=22:0.002, j=23:0.000, j=24:0.000, j=25:0.000, j=26:0.001, j=27:0.000, j=28:0.000, j=29:0.000, j=30:0.001, j=31:0.000, j=32:0.000, j=33:0.001, j=34:0.001, j=35:0.000, j=36:0.000, j=37:0.001, j=38:0.002, j=39:0.001, j=40:0.003, j=41:0.001, j=42:0.002, j=43:0.013, j=44:0.003, j=45:0.018, j=46:0.001, j=47:0.006, j=48:0.004, j=49:0.041, j=50:0.027, j=51:0.761, j=52:0.060
      i=53 -> j=0:0.002, j=1:0.001, j=2:0.001, j=3:0.002, j=4:0.004, j=5:0.001, j=6:0.000, j=7:0.002, j=8:0.001, j=9:0.002, j=10:0.001, j=11:0.001, j=12:0.000, j=13:0.006, j=14:0.001, j=15:0.003, j=16:0.000, j=17:0.000, j=18:0.003, j=19:0.001, j=20:0.001, j=21:0.000, j=22:0.001, j=23:0.000, j=24:0.000, j=25:0.000, j=26:0.001, j=27:0.000, j=28:0.000, j=29:0.000, j=30:0.001, j=31:0.000, j=32:0.000, j=33:0.000, j=34:0.001, j=35:0.000, j=36:0.000, j=37:0.000, j=38:0.001, j=39:0.001, j=40:0.002, j=41:0.000, j=42:0.001, j=43:0.006, j=44:0.002, j=45:0.015, j=46:0.001, j=47:0.003, j=48:0.001, j=49:0.009, j=50:0.009, j=51:0.749, j=52:0.132, j=53:0.027
      i=54 -> j=0:0.009, j=1:0.004, j=2:0.006, j=3:0.009, j=4:0.016, j=5:0.005, j=6:0.002, j=7:0.008, j=8:0.004, j=9:0.009, j=10:0.003, j=11:0.005, j=12:0.001, j=13:0.019, j=14:0.004, j=15:0.014, j=16:0.002, j=17:0.002, j=18:0.011, j=19:0.003, j=20:0.003, j=21:0.002, j=22:0.006, j=23:0.001, j=24:0.001, j=25:0.001, j=26:0.003, j=27:0.001, j=28:0.001, j=29:0.001, j=30:0.003, j=31:0.000, j=32:0.000, j=33:0.002, j=34:0.003, j=35:0.001, j=36:0.000, j=37:0.001, j=38:0.004, j=39:0.003, j=40:0.009, j=41:0.002, j=42:0.002, j=43:0.014, j=44:0.004, j=45:0.032, j=46:0.004, j=47:0.014, j=48:0.003, j=49:0.013, j=50:0.010, j=51:0.352, j=52:0.169, j=53:0.100, j=54:0.099
      i=55 -> j=0:0.005, j=1:0.002, j=2:0.003, j=3:0.005, j=4:0.010, j=5:0.003, j=6:0.001, j=7:0.005, j=8:0.003, j=9:0.006, j=10:0.002, j=11:0.003, j=12:0.001, j=13:0.010, j=14:0.002, j=15:0.008, j=16:0.002, j=17:0.001, j=18:0.007, j=19:0.002, j=20:0.002, j=21:0.002, j=22:0.004, j=23:0.001, j=24:0.001, j=25:0.001, j=26:0.002, j=27:0.001, j=28:0.001, j=29:0.000, j=30:0.003, j=31:0.000, j=32:0.000, j=33:0.001, j=34:0.003, j=35:0.001, j=36:0.000, j=37:0.001, j=38:0.003, j=39:0.002, j=40:0.006, j=41:0.002, j=42:0.002, j=43:0.009, j=44:0.002, j=45:0.014, j=46:0.003, j=47:0.011, j=48:0.003, j=49:0.008, j=50:0.004, j=51:0.048, j=52:0.024, j=53:0.019, j=54:0.040, j=55:0.695
      i=56 -> j=0:0.007, j=1:0.004, j=2:0.005, j=3:0.007, j=4:0.011, j=5:0.005, j=6:0.002, j=7:0.006, j=8:0.004, j=9:0.007, j=10:0.003, j=11:0.005, j=12:0.002, j=13:0.011, j=14:0.003, j=15:0.009, j=16:0.003, j=17:0.003, j=18:0.009, j=19:0.003, j=20:0.003, j=21:0.002, j=22:0.006, j=23:0.002, j=24:0.002, j=25:0.001, j=26:0.003, j=27:0.001, j=28:0.001, j=29:0.001, j=30:0.004, j=31:0.001, j=32:0.000, j=33:0.002, j=34:0.003, j=35:0.001, j=36:0.001, j=37:0.002, j=38:0.003, j=39:0.002, j=40:0.006, j=41:0.003, j=42:0.004, j=43:0.010, j=44:0.003, j=45:0.010, j=46:0.002, j=47:0.009, j=48:0.004, j=49:0.009, j=50:0.004, j=51:0.020, j=52:0.010, j=53:0.009, j=54:0.031, j=55:0.599, j=56:0.117
      i=57 -> j=0:0.007, j=1:0.003, j=2:0.004, j=3:0.005, j=4:0.010, j=5:0.004, j=6:0.002, j=7:0.006, j=8:0.003, j=9:0.006, j=10:0.003, j=11:0.004, j=12:0.001, j=13:0.011, j=14:0.003, j=15:0.007, j=16:0.002, j=17:0.002, j=18:0.009, j=19:0.003, j=20:0.003, j=21:0.002, j=22:0.004, j=23:0.001, j=24:0.002, j=25:0.001, j=26:0.002, j=27:0.001, j=28:0.001, j=29:0.001, j=30:0.004, j=31:0.001, j=32:0.000, j=33:0.001, j=34:0.002, j=35:0.001, j=36:0.000, j=37:0.001, j=38:0.003, j=39:0.001, j=40:0.004, j=41:0.001, j=42:0.002, j=43:0.009, j=44:0.002, j=45:0.007, j=46:0.001, j=47:0.005, j=48:0.002, j=49:0.007, j=50:0.003, j=51:0.014, j=52:0.004, j=53:0.002, j=54:0.011, j=55:0.509, j=56:0.186, j=57:0.104
      i=58 -> j=0:0.006, j=1:0.003, j=2:0.003, j=3:0.005, j=4:0.008, j=5:0.004, j=6:0.001, j=7:0.005, j=8:0.003, j=9:0.005, j=10:0.002, j=11:0.004, j=12:0.001, j=13:0.010, j=14:0.002, j=15:0.006, j=16:0.002, j=17:0.002, j=18:0.008, j=19:0.002, j=20:0.002, j=21:0.002, j=22:0.004, j=23:0.001, j=24:0.001, j=25:0.001, j=26:0.002, j=27:0.001, j=28:0.001, j=29:0.001, j=30:0.003, j=31:0.001, j=32:0.000, j=33:0.001, j=34:0.002, j=35:0.001, j=36:0.000, j=37:0.001, j=38:0.003, j=39:0.001, j=40:0.003, j=41:0.001, j=42:0.002, j=43:0.008, j=44:0.002, j=45:0.007, j=46:0.001, j=47:0.003, j=48:0.001, j=49:0.006, j=50:0.003, j=51:0.016, j=52:0.003, j=53:0.001, j=54:0.004, j=55:0.222, j=56:0.144, j=57:0.146, j=58:0.318
      i=59 -> j=0:0.002, j=1:0.001, j=2:0.001, j=3:0.002, j=4:0.004, j=5:0.001, j=6:0.000, j=7:0.002, j=8:0.001, j=9:0.002, j=10:0.001, j=11:0.001, j=12:0.000, j=13:0.006, j=14:0.001, j=15:0.003, j=16:0.000, j=17:0.000, j=18:0.003, j=19:0.001, j=20:0.001, j=21:0.000, j=22:0.001, j=23:0.000, j=24:0.000, j=25:0.000, j=26:0.001, j=27:0.000, j=28:0.000, j=29:0.000, j=30:0.001, j=31:0.000, j=32:0.000, j=33:0.000, j=34:0.001, j=35:0.000, j=36:0.000, j=37:0.000, j=38:0.001, j=39:0.000, j=40:0.001, j=41:0.000, j=42:0.000, j=43:0.002, j=44:0.001, j=45:0.003, j=46:0.000, j=47:0.001, j=48:0.000, j=49:0.001, j=50:0.001, j=51:0.008, j=52:0.001, j=53:0.000, j=54:0.001, j=55:0.046, j=56:0.038, j=57:0.076, j=58:0.747, j=59:0.032
      i=60 -> j=0:0.004, j=1:0.002, j=2:0.002, j=3:0.004, j=4:0.008, j=5:0.002, j=6:0.001, j=7:0.004, j=8:0.002, j=9:0.004, j=10:0.001, j=11:0.002, j=12:0.000, j=13:0.010, j=14:0.002, j=15:0.007, j=16:0.001, j=17:0.001, j=18:0.006, j=19:0.001, j=20:0.002, j=21:0.001, j=22:0.003, j=23:0.000, j=24:0.000, j=25:0.000, j=26:0.001, j=27:0.000, j=28:0.000, j=29:0.000, j=30:0.002, j=31:0.000, j=32:0.000, j=33:0.001, j=34:0.001, j=35:0.000, j=36:0.000, j=37:0.000, j=38:0.001, j=39:0.001, j=40:0.002, j=41:0.000, j=42:0.000, j=43:0.003, j=44:0.001, j=45:0.005, j=46:0.000, j=47:0.001, j=48:0.000, j=49:0.001, j=50:0.001, j=51:0.009, j=52:0.002, j=53:0.000, j=54:0.001, j=55:0.033, j=56:0.019, j=57:0.037, j=58:0.694, j=59:0.105, j=60:0.006
      i=61 -> j=0:0.007, j=1:0.004, j=2:0.005, j=3:0.008, j=4:0.012, j=5:0.005, j=6:0.002, j=7:0.007, j=8:0.004, j=9:0.008, j=10:0.003, j=11:0.005, j=12:0.002, j=13:0.012, j=14:0.004, j=15:0.010, j=16:0.003, j=17:0.003, j=18:0.009, j=19:0.003, j=20:0.004, j=21:0.003, j=22:0.007, j=23:0.002, j=24:0.002, j=25:0.002, j=26:0.004, j=27:0.002, j=28:0.002, j=29:0.001, j=30:0.005, j=31:0.001, j=32:0.001, j=33:0.003, j=34:0.004, j=35:0.001, j=36:0.001, j=37:0.001, j=38:0.004, j=39:0.003, j=40:0.006, j=41:0.002, j=42:0.002, j=43:0.006, j=44:0.002, j=45:0.008, j=46:0.002, j=47:0.005, j=48:0.002, j=49:0.004, j=50:0.002, j=51:0.013, j=52:0.005, j=53:0.002, j=54:0.004, j=55:0.042, j=56:0.020, j=57:0.022, j=58:0.122, j=59:0.058, j=60:0.014, j=61:0.488
      i=62 -> j=0:0.002, j=1:0.001, j=2:0.001, j=3:0.002, j=4:0.004, j=5:0.002, j=6:0.001, j=7:0.002, j=8:0.001, j=9:0.002, j=10:0.001, j=11:0.002, j=12:0.000, j=13:0.004, j=14:0.001, j=15:0.003, j=16:0.001, j=17:0.001, j=18:0.003, j=19:0.001, j=20:0.001, j=21:0.001, j=22:0.002, j=23:0.000, j=24:0.001, j=25:0.000, j=26:0.001, j=27:0.000, j=28:0.000, j=29:0.000, j=30:0.001, j=31:0.000, j=32:0.000, j=33:0.001, j=34:0.001, j=35:0.000, j=36:0.000, j=37:0.000, j=38:0.001, j=39:0.000, j=40:0.001, j=41:0.000, j=42:0.001, j=43:0.002, j=44:0.000, j=45:0.002, j=46:0.000, j=47:0.001, j=48:0.000, j=49:0.001, j=50:0.000, j=51:0.002, j=52:0.001, j=53:0.000, j=54:0.001, j=55:0.015, j=56:0.005, j=57:0.003, j=58:0.015, j=59:0.007, j=60:0.003, j=61:0.857, j=62:0.034
      i=63 -> j=0:0.005, j=1:0.002, j=2:0.002, j=3:0.004, j=4:0.007, j=5:0.003, j=6:0.001, j=7:0.004, j=8:0.002, j=9:0.004, j=10:0.002, j=11:0.003, j=12:0.001, j=13:0.008, j=14:0.002, j=15:0.005, j=16:0.001, j=17:0.001, j=18:0.006, j=19:0.002, j=20:0.002, j=21:0.001, j=22:0.003, j=23:0.001, j=24:0.001, j=25:0.001, j=26:0.002, j=27:0.001, j=28:0.001, j=29:0.001, j=30:0.003, j=31:0.000, j=32:0.000, j=33:0.001, j=34:0.002, j=35:0.001, j=36:0.000, j=37:0.001, j=38:0.002, j=39:0.001, j=40:0.002, j=41:0.001, j=42:0.001, j=43:0.004, j=44:0.001, j=45:0.003, j=46:0.001, j=47:0.002, j=48:0.001, j=49:0.002, j=50:0.001, j=51:0.004, j=52:0.001, j=53:0.000, j=54:0.001, j=55:0.028, j=56:0.010, j=57:0.005, j=58:0.013, j=59:0.004, j=60:0.002, j=61:0.501, j=62:0.060, j=63:0.263
    Average attention per distance:
      d=0:0.228, d=1:0.340, d=2:0.230, d=3:0.080, d=4:0.022, d=5:0.010, d=7:0.011, d=8:0.012
      


======================================================================
QK Property Verification (Raw Scores, before Softmax)
======================================================================
Recurrence order init_len=2, num test sequences=1

--- [P1] Long-distance Orthogonality Verification ---
Ideal: raw_score mean ≈ 0 and small std when d > init_len

  Layer 0, Head 0:
    d= 1 (effective): mean=  6.773, std= 0.256, n=63
    d= 2 (effective): mean=  6.004, std= 0.271, n=62
    d>2 (long-distance): mean= -0.401, std= 1.151, n=1891

  Layer 1, Head 0:
    d= 1 (effective): mean=  2.772, std= 1.392, n=63
    d= 2 (effective): mean=  2.217, std= 1.314, n=62
    d>2 (long-distance): mean= -1.655, std= 1.270, n=1891

--- [P2] Time-homogeneous Verification ---
Ideal: CV of raw_score across positions i ≈ 0 for fixed distance d
(CV = std / |mean|, smaller = more constant)

  Layer 0, Head 0:
    d= 1: mean=  6.773, std= 0.256, CV=0.038, n=63
    d= 2: mean=  6.004, std= 0.271, CV=0.045, n=62

  Layer 1, Head 0:
    d= 1: mean=  2.772, std= 1.392, CV=0.502, n=63
    d= 2: mean=  2.217, std= 1.314, CV=0.593, n=62

======================================================================
QK Property Verification Completed
======================================================================
