=== Experiment: mixed_basic_d1024l4_r8_t32 ===
Time: 2026-06-25T08:32:50.392006
Task type: mixed_ab
Merged config: {
  "P": 53,
  "TASK": "mixed_ab",
  "NUM_MASK": 2,
  "A": 1,
  "B": 1,
  "AB_PAIRS": [
    [
      1,
      1
    ],
    [
      1,
      2
    ]
  ],
  "D_MODEL": 1024,
  "N_HEAD": 1,
  "N_LAYER": 4,
  "BATCH_SIZE": 128,
  "EPOCHS": 10000,
  "LR": 0.0003,
  "SAVE_PATH": "models/mixed_basic_d1024l4_r8_t32.pth",
  "USE_GREEDY_GENERATE": true,
  "USE_LEARNABLE_PE": false,
  "MLP_RATIO": 8,
  "TRAIN_LEN": 32,
  "OOD_LEN": 64,
  "DROPOUT": 0.0,
  "TARGET_INIT_COVERAGE": 0.5,
  "MAX_UNIQUE_RATIO": 0.5,
  "WEIGHT_DECAY": 1,
  "ENTROPY_PENALTY_WEIGHT": 0.0,
  "FIRST_TASK_WEIGHT": 1.0,
  "RANDOM_SEED": 42,
  "EVAL_INTERVAL": 20,
  "EARLY_STOP_NO_IMPROVE": 2000,
  "EARLY_STOP_ACCURACY": 0.99,
  "USE_AB_TAG": false,
  "USE_CONDITIONAL_WTE": false,
  "COND_WTE_SHARED_RATIO": 0.0
}
--- output ---
Using device: cuda

[Dataset] Mixed mode: generated 2810 + 2808 samples, length 32
AB parameter pairs: [(1, 1), (1, 2)]
--------------------------------------------------
[Model config] block_size: 64, train length: 32
[Number theory] AB parameter pairs: [(1, 1), (1, 2)]


Model parameters: 84.54M

Start training...
Epoch   0 | Train: Loss=4.2948 Acc=6.0% | Test: Acc=0.8% | Best=0.8%(@0)
  from x3: 0.01 0.01 0.01 0.01 0.01 0.01 0.01 0.01 0.01 0.01 0.01 0.01 0.01 0.01 0.01 0.01 0.01 0.01 0.01 0.01 0.01 0.01 0.01 0.01 0.01 0.01 0.01 0.01 0.01
  per-rule acc: 0.01 0.01
Epoch  20 | Train: Loss=0.0278 Acc=99.6% | Test: Acc=1.8% | Best=1.8%(@20)
  from x3: 0.02 0.02 0.02 0.02 0.02 0.02 0.02 0.02 0.02 0.02 0.02 0.02 0.02 0.02 0.02 0.02 0.02 0.02 0.02 0.02 0.02 0.02 0.02 0.02 0.02 0.02 0.02 0.02 0.02
  per-rule acc: 0.02 0.01
Epoch  40 | Train: Loss=0.0016 Acc=100.0% | Test: Acc=2.4% | Best=2.4%(@40)
  from x3: 0.02 0.03 0.02 0.02 0.02 0.02 0.02 0.02 0.02 0.02 0.02 0.02 0.02 0.02 0.02 0.03 0.03 0.03 0.03 0.02 0.02 0.02 0.02 0.02 0.02 0.02 0.02 0.03 0.03
  per-rule acc: 0.03 0.02
Epoch  60 | Train: Loss=0.0016 Acc=100.0% | Test: Acc=2.3% | Best=2.4%(@40)
  from x3: 0.02 0.02 0.02 0.02 0.02 0.02 0.02 0.02 0.02 0.02 0.02 0.02 0.02 0.02 0.02 0.02 0.02 0.02 0.02 0.02 0.02 0.02 0.02 0.02 0.02 0.02 0.02 0.03 0.02
  per-rule acc: 0.03 0.01
Epoch  80 | Train: Loss=4.3252 Acc=2.1% | Test: Acc=1.4% | Best=2.4%(@40)
  from x3: 0.01 0.01 0.01 0.01 0.01 0.01 0.01 0.01 0.01 0.01 0.01 0.01 0.01 0.01 0.01 0.01 0.01 0.01 0.01 0.01 0.01 0.01 0.01 0.01 0.01 0.01 0.01 0.01 0.01
  per-rule acc: 0.01 0.01
Epoch 100 | Train: Loss=1.7379 Acc=64.4% | Test: Acc=1.2% | Best=2.4%(@40)
  from x3: 0.02 0.02 0.02 0.01 0.01 0.01 0.01 0.01 0.01 0.01 0.01 0.01 0.01 0.01 0.01 0.01 0.01 0.01 0.01 0.01 0.01 0.01 0.01 0.01 0.01 0.01 0.01 0.01 0.01
  per-rule acc: 0.01 0.01
Epoch 120 | Train: Loss=0.0040 Acc=99.9% | Test: Acc=1.7% | Best=2.4%(@40)
  from x3: 0.02 0.02 0.02 0.02 0.02 0.02 0.02 0.02 0.02 0.02 0.02 0.02 0.02 0.01 0.02 0.02 0.02 0.02 0.02 0.02 0.02 0.02 0.02 0.02 0.02 0.02 0.02 0.02 0.02
  per-rule acc: 0.02 0.01
Epoch 140 | Train: Loss=0.0032 Acc=100.0% | Test: Acc=1.8% | Best=2.4%(@40)
  from x3: 0.02 0.02 0.02 0.02 0.02 0.02 0.02 0.02 0.02 0.02 0.02 0.02 0.02 0.02 0.02 0.02 0.02 0.02 0.02 0.02 0.02 0.02 0.02 0.02 0.02 0.02 0.02 0.02 0.02
  per-rule acc: 0.02 0.01
Epoch 160 | Train: Loss=3.8710 Acc=11.1% | Test: Acc=1.2% | Best=2.4%(@40)
  from x3: 0.01 0.01 0.01 0.01 0.01 0.01 0.01 0.01 0.01 0.01 0.01 0.01 0.01 0.01 0.01 0.01 0.01 0.01 0.01 0.01 0.01 0.01 0.01 0.01 0.01 0.01 0.01 0.01 0.01
  per-rule acc: 0.01 0.01
Epoch 180 | Train: Loss=0.0082 Acc=99.9% | Test: Acc=1.4% | Best=2.4%(@40)
  from x3: 0.02 0.02 0.02 0.01 0.02 0.01 0.01 0.01 0.01 0.01 0.01 0.01 0.01 0.01 0.01 0.01 0.01 0.01 0.01 0.01 0.01 0.01 0.01 0.01 0.01 0.01 0.01 0.01 0.01
  per-rule acc: 0.01 0.01
Epoch 200 | Train: Loss=0.0043 Acc=100.0% | Test: Acc=1.5% | Best=2.4%(@40)
  from x3: 0.02 0.02 0.01 0.01 0.02 0.02 0.02 0.02 0.02 0.02 0.01 0.02 0.01 0.01 0.01 0.01 0.01 0.01 0.01 0.01 0.01 0.01 0.01 0.01 0.01 0.01 0.01 0.01 0.01
  per-rule acc: 0.02 0.01
Epoch 220 | Train: Loss=0.0038 Acc=100.0% | Test: Acc=1.3% | Best=2.4%(@40)
  from x3: 0.02 0.02 0.01 0.01 0.01 0.01 0.01 0.01 0.01 0.01 0.01 0.01 0.01 0.01 0.01 0.01 0.01 0.01 0.01 0.01 0.01 0.01 0.01 0.01 0.01 0.01 0.01 0.01 0.01
  per-rule acc: 0.02 0.01
Epoch 240 | Train: Loss=0.5453 Acc=92.7% | Test: Acc=1.6% | Best=2.4%(@40)
  from x3: 0.02 0.02 0.02 0.02 0.02 0.02 0.01 0.02 0.02 0.02 0.01 0.02 0.01 0.02 0.02 0.01 0.01 0.01 0.02 0.01 0.01 0.01 0.01 0.01 0.02 0.02 0.02 0.02 0.01
  per-rule acc: 0.02 0.01
Epoch 260 | Train: Loss=0.0070 Acc=99.9% | Test: Acc=1.9% | Best=2.4%(@40)
  from x3: 0.02 0.02 0.02 0.02 0.02 0.02 0.02 0.02 0.02 0.02 0.02 0.02 0.02 0.02 0.02 0.02 0.02 0.02 0.02 0.02 0.02 0.02 0.02 0.02 0.02 0.02 0.02 0.02 0.02
  per-rule acc: 0.02 0.02
Epoch 280 | Train: Loss=0.0047 Acc=99.9% | Test: Acc=1.9% | Best=2.4%(@40)
  from x3: 0.02 0.02 0.02 0.02 0.02 0.02 0.02 0.02 0.02 0.02 0.02 0.02 0.02 0.02 0.02 0.02 0.02 0.02 0.02 0.02 0.02 0.02 0.02 0.02 0.02 0.02 0.02 0.02 0.02
  per-rule acc: 0.02 0.01
Epoch 300 | Train: Loss=0.0047 Acc=100.0% | Test: Acc=1.9% | Best=2.4%(@40)
  from x3: 0.02 0.02 0.02 0.02 0.02 0.02 0.02 0.02 0.02 0.02 0.02 0.02 0.02 0.02 0.02 0.02 0.02 0.02 0.02 0.02 0.02 0.02 0.02 0.02 0.02 0.02 0.02 0.02 0.02
  per-rule acc: 0.02 0.02
Epoch 320 | Train: Loss=0.0052 Acc=100.0% | Test: Acc=1.9% | Best=2.4%(@40)
  from x3: 0.02 0.02 0.02 0.02 0.02 0.02 0.02 0.02 0.02 0.02 0.02 0.02 0.02 0.02 0.02 0.02 0.02 0.02 0.02 0.02 0.02 0.02 0.02 0.02 0.02 0.02 0.02 0.02 0.02
  per-rule acc: 0.02 0.01
Epoch 340 | Train: Loss=0.0041 Acc=100.0% | Test: Acc=1.9% | Best=2.4%(@40)
  from x3: 0.02 0.02 0.02 0.02 0.02 0.02 0.02 0.02 0.02 0.02 0.02 0.02 0.02 0.02 0.02 0.02 0.02 0.02 0.02 0.02 0.02 0.02 0.02 0.02 0.02 0.02 0.02 0.02 0.02
  per-rule acc: 0.02 0.02
Epoch 360 | Train: Loss=0.0030 Acc=100.0% | Test: Acc=1.7% | Best=2.4%(@40)
  from x3: 0.02 0.02 0.02 0.02 0.02 0.02 0.02 0.02 0.02 0.02 0.02 0.02 0.02 0.02 0.02 0.02 0.02 0.02 0.02 0.02 0.02 0.02 0.02 0.02 0.02 0.02 0.02 0.02 0.02
  per-rule acc: 0.02 0.01
Epoch 380 | Train: Loss=0.0035 Acc=100.0% | Test: Acc=1.6% | Best=2.4%(@40)
  from x3: 0.02 0.02 0.02 0.02 0.02 0.02 0.02 0.02 0.01 0.01 0.02 0.01 0.01 0.02 0.01 0.02 0.01 0.02 0.02 0.01 0.02 0.02 0.01 0.01 0.01 0.02 0.02 0.02 0.02
  per-rule acc: 0.02 0.01
Epoch 400 | Train: Loss=0.0029 Acc=100.0% | Test: Acc=1.7% | Best=2.4%(@40)
  from x3: 0.02 0.02 0.02 0.02 0.02 0.02 0.02 0.02 0.02 0.02 0.02 0.02 0.02 0.02 0.02 0.02 0.02 0.02 0.02 0.02 0.02 0.02 0.02 0.02 0.02 0.02 0.02 0.02 0.02
  per-rule acc: 0.02 0.01
Epoch 420 | Train: Loss=0.7687 Acc=94.3% | Test: Acc=1.2% | Best=2.4%(@40)
  from x3: 0.02 0.02 0.01 0.01 0.01 0.01 0.01 0.01 0.01 0.01 0.01 0.01 0.01 0.01 0.01 0.01 0.01 0.01 0.01 0.01 0.01 0.01 0.01 0.01 0.01 0.01 0.01 0.01 0.01
  per-rule acc: 0.01 0.01
Epoch 440 | Train: Loss=0.0025 Acc=100.0% | Test: Acc=1.5% | Best=2.4%(@40)
  from x3: 0.02 0.02 0.02 0.02 0.02 0.02 0.02 0.01 0.02 0.02 0.01 0.01 0.01 0.01 0.01 0.01 0.01 0.01 0.01 0.01 0.01 0.01 0.01 0.01 0.01 0.01 0.01 0.01 0.01
  per-rule acc: 0.02 0.01
Epoch 460 | Train: Loss=0.1650 Acc=99.3% | Test: Acc=1.4% | Best=2.4%(@40)
  from x3: 0.02 0.02 0.02 0.01 0.01 0.01 0.01 0.01 0.01 0.01 0.01 0.01 0.01 0.01 0.01 0.01 0.01 0.01 0.01 0.01 0.01 0.01 0.01 0.01 0.01 0.01 0.01 0.01 0.01
  per-rule acc: 0.02 0.01
Epoch 480 | Train: Loss=0.0023 Acc=100.0% | Test: Acc=1.6% | Best=2.4%(@40)
  from x3: 0.02 0.02 0.02 0.02 0.02 0.02 0.02 0.02 0.02 0.02 0.02 0.02 0.02 0.02 0.02 0.02 0.02 0.02 0.02 0.02 0.02 0.02 0.02 0.02 0.02 0.02 0.02 0.01 0.01
  per-rule acc: 0.02 0.01
Epoch 500 | Train: Loss=0.7867 Acc=97.4% | Test: Acc=1.5% | Best=2.4%(@40)
  from x3: 0.01 0.02 0.02 0.02 0.02 0.02 0.02 0.02 0.02 0.02 0.02 0.02 0.02 0.02 0.02 0.02 0.02 0.01 0.01 0.01 0.01 0.01 0.01 0.01 0.01 0.01 0.01 0.01 0.02
  per-rule acc: 0.02 0.01
Epoch 520 | Train: Loss=0.0021 Acc=100.0% | Test: Acc=1.7% | Best=2.4%(@40)
  from x3: 0.02 0.02 0.02 0.02 0.02 0.02 0.02 0.02 0.02 0.02 0.02 0.02 0.02 0.02 0.02 0.02 0.02 0.02 0.02 0.02 0.02 0.02 0.02 0.02 0.02 0.02 0.02 0.02 0.02
  per-rule acc: 0.02 0.01
Epoch 540 | Train: Loss=0.3407 Acc=99.8% | Test: Acc=2.5% | Best=2.5%(@540)
  from x3: 0.02 0.02 0.02 0.03 0.03 0.02 0.03 0.03 0.02 0.03 0.03 0.03 0.03 0.03 0.02 0.03 0.03 0.03 0.03 0.03 0.03 0.03 0.03 0.03 0.03 0.03 0.03 0.03 0.03
  per-rule acc: 0.03 0.02
Epoch 560 | Train: Loss=0.0018 Acc=100.0% | Test: Acc=1.8% | Best=2.5%(@540)
  from x3: 0.02 0.02 0.02 0.02 0.02 0.02 0.02 0.02 0.02 0.02 0.02 0.02 0.02 0.02 0.02 0.02 0.02 0.02 0.02 0.02 0.02 0.02 0.02 0.02 0.02 0.02 0.02 0.02 0.02
  per-rule acc: 0.02 0.01
Epoch 580 | Train: Loss=0.0024 Acc=100.0% | Test: Acc=1.8% | Best=2.5%(@540)
  from x3: 0.02 0.02 0.02 0.02 0.02 0.02 0.02 0.02 0.02 0.02 0.02 0.02 0.02 0.02 0.02 0.02 0.02 0.02 0.02 0.02 0.02 0.02 0.02 0.02 0.02 0.02 0.02 0.02 0.02
  per-rule acc: 0.02 0.01
Epoch 600 | Train: Loss=0.0016 Acc=100.0% | Test: Acc=2.0% | Best=2.5%(@540)
  from x3: 0.02 0.02 0.02 0.02 0.02 0.02 0.02 0.02 0.02 0.02 0.02 0.02 0.02 0.02 0.02 0.02 0.02 0.02 0.02 0.02 0.02 0.02 0.02 0.02 0.02 0.02 0.02 0.02 0.02
  per-rule acc: 0.03 0.01
Epoch 620 | Train: Loss=0.0022 Acc=100.0% | Test: Acc=2.0% | Best=2.5%(@540)
  from x3: 0.02 0.02 0.02 0.02 0.02 0.02 0.02 0.02 0.02 0.02 0.02 0.02 0.02 0.02 0.02 0.02 0.02 0.02 0.02 0.02 0.02 0.02 0.02 0.02 0.02 0.02 0.02 0.02 0.02
  per-rule acc: 0.03 0.01
Epoch 640 | Train: Loss=0.0019 Acc=100.0% | Test: Acc=2.0% | Best=2.5%(@540)
  from x3: 0.02 0.02 0.02 0.02 0.02 0.02 0.02 0.02 0.02 0.02 0.02 0.02 0.02 0.02 0.02 0.02 0.02 0.02 0.02 0.02 0.02 0.02 0.02 0.02 0.02 0.02 0.02 0.02 0.02
  per-rule acc: 0.03 0.01
Epoch 660 | Train: Loss=0.0018 Acc=100.0% | Test: Acc=2.2% | Best=2.5%(@540)
  from x3: 0.02 0.02 0.02 0.02 0.02 0.02 0.02 0.02 0.02 0.02 0.02 0.02 0.02 0.02 0.02 0.02 0.02 0.02 0.02 0.02 0.02 0.02 0.02 0.02 0.02 0.02 0.02 0.02 0.02
  per-rule acc: 0.03 0.02
Epoch 680 | Train: Loss=0.4097 Acc=99.9% | Test: Acc=2.7% | Best=2.7%(@680)
  from x3: 0.02 0.03 0.03 0.03 0.03 0.03 0.03 0.03 0.03 0.03 0.03 0.03 0.03 0.03 0.03 0.03 0.03 0.03 0.03 0.03 0.03 0.03 0.03 0.03 0.03 0.03 0.03 0.03 0.03
  per-rule acc: 0.03 0.03
Epoch 700 | Train: Loss=0.0016 Acc=100.0% | Test: Acc=2.1% | Best=2.7%(@680)
  from x3: 0.02 0.02 0.02 0.02 0.02 0.02 0.02 0.02 0.02 0.02 0.02 0.02 0.02 0.02 0.02 0.02 0.02 0.02 0.02 0.02 0.02 0.02 0.02 0.02 0.02 0.02 0.02 0.02 0.02
  per-rule acc: 0.03 0.02
Epoch 720 | Train: Loss=0.0020 Acc=100.0% | Test: Acc=2.3% | Best=2.7%(@680)
  from x3: 0.02 0.02 0.02 0.02 0.02 0.02 0.02 0.02 0.02 0.02 0.02 0.02 0.02 0.02 0.02 0.02 0.02 0.02 0.02 0.02 0.02 0.02 0.02 0.02 0.02 0.02 0.02 0.02 0.02
  per-rule acc: 0.03 0.02
Epoch 740 | Train: Loss=0.0013 Acc=100.0% | Test: Acc=1.8% | Best=2.7%(@680)
  from x3: 0.02 0.02 0.02 0.02 0.02 0.02 0.02 0.02 0.02 0.02 0.02 0.02 0.02 0.02 0.02 0.02 0.02 0.02 0.02 0.02 0.02 0.02 0.02 0.02 0.02 0.02 0.02 0.02 0.02
  per-rule acc: 0.03 0.01
Epoch 760 | Train: Loss=0.0017 Acc=100.0% | Test: Acc=2.3% | Best=2.7%(@680)
  from x3: 0.02 0.03 0.02 0.02 0.02 0.02 0.02 0.02 0.02 0.02 0.02 0.02 0.02 0.02 0.02 0.02 0.02 0.02 0.02 0.02 0.02 0.02 0.02 0.02 0.02 0.02 0.02 0.02 0.02
  per-rule acc: 0.03 0.02
Epoch 780 | Train: Loss=0.0085 Acc=99.9% | Test: Acc=2.2% | Best=2.7%(@680)
  from x3: 0.02 0.02 0.02 0.02 0.02 0.02 0.02 0.02 0.02 0.02 0.02 0.02 0.02 0.02 0.02 0.02 0.02 0.02 0.02 0.02 0.02 0.02 0.02 0.02 0.02 0.02 0.02 0.02 0.02
  per-rule acc: 0.03 0.02
Epoch 800 | Train: Loss=0.0016 Acc=100.0% | Test: Acc=2.4% | Best=2.7%(@680)
  from x3: 0.03 0.03 0.02 0.02 0.02 0.02 0.02 0.02 0.02 0.02 0.02 0.02 0.02 0.02 0.02 0.02 0.02 0.02 0.02 0.02 0.02 0.02 0.02 0.02 0.02 0.02 0.02 0.02 0.02
  per-rule acc: 0.03 0.02
Epoch 820 | Train: Loss=0.0019 Acc=100.0% | Test: Acc=2.6% | Best=2.7%(@680)
  from x3: 0.03 0.03 0.03 0.03 0.03 0.03 0.03 0.03 0.03 0.03 0.03 0.03 0.03 0.03 0.03 0.03 0.03 0.03 0.03 0.02 0.02 0.03 0.03 0.03 0.02 0.02 0.03 0.03 0.03
  per-rule acc: 0.03 0.02
Epoch 840 | Train: Loss=0.0013 Acc=100.0% | Test: Acc=2.6% | Best=2.7%(@680)
  from x3: 0.03 0.03 0.03 0.03 0.03 0.03 0.02 0.03 0.03 0.03 0.03 0.03 0.03 0.03 0.03 0.02 0.02 0.02 0.02 0.02 0.02 0.03 0.03 0.02 0.03 0.02 0.03 0.03 0.03
  per-rule acc: 0.04 0.01
Epoch 860 | Train: Loss=0.0017 Acc=100.0% | Test: Acc=2.6% | Best=2.7%(@680)
  from x3: 0.03 0.03 0.03 0.03 0.03 0.03 0.03 0.03 0.03 0.03 0.03 0.03 0.03 0.03 0.03 0.03 0.03 0.03 0.02 0.02 0.03 0.03 0.02 0.02 0.02 0.02 0.02 0.02 0.03
  per-rule acc: 0.03 0.02
Epoch 880 | Train: Loss=0.0012 Acc=100.0% | Test: Acc=3.4% | Best=3.4%(@880)
  from x3: 0.04 0.03 0.03 0.04 0.03 0.03 0.03 0.03 0.03 0.03 0.03 0.03 0.03 0.03 0.03 0.03 0.03 0.03 0.03 0.03 0.03 0.03 0.03 0.03 0.03 0.03 0.03 0.03 0.03
  per-rule acc: 0.05 0.02
Epoch 900 | Train: Loss=0.0016 Acc=100.0% | Test: Acc=3.2% | Best=3.4%(@880)
  from x3: 0.04 0.03 0.03 0.03 0.03 0.03 0.03 0.03 0.03 0.03 0.03 0.03 0.03 0.03 0.03 0.03 0.03 0.03 0.03 0.03 0.03 0.03 0.03 0.03 0.03 0.03 0.03 0.03 0.03
  per-rule acc: 0.04 0.02
Epoch 920 | Train: Loss=0.0018 Acc=100.0% | Test: Acc=3.8% | Best=3.8%(@920)
  from x3: 0.04 0.04 0.04 0.04 0.04 0.04 0.04 0.04 0.04 0.04 0.04 0.04 0.04 0.04 0.04 0.04 0.04 0.04 0.04 0.04 0.04 0.04 0.04 0.04 0.04 0.04 0.04 0.04 0.04
  per-rule acc: 0.05 0.03
Epoch 940 | Train: Loss=0.0012 Acc=100.0% | Test: Acc=3.7% | Best=3.8%(@920)
  from x3: 0.04 0.03 0.04 0.04 0.04 0.04 0.04 0.04 0.04 0.04 0.04 0.04 0.04 0.04 0.04 0.04 0.04 0.04 0.04 0.04 0.04 0.04 0.04 0.04 0.04 0.04 0.04 0.04 0.04
  per-rule acc: 0.05 0.02
Epoch 960 | Train: Loss=0.0017 Acc=100.0% | Test: Acc=3.9% | Best=3.9%(@960)
  from x3: 0.04 0.04 0.04 0.04 0.04 0.04 0.04 0.04 0.04 0.04 0.04 0.04 0.04 0.04 0.04 0.04 0.04 0.04 0.04 0.04 0.04 0.04 0.04 0.04 0.04 0.04 0.04 0.04 0.04
  per-rule acc: 0.05 0.03
Epoch 980 | Train: Loss=0.0050 Acc=100.0% | Test: Acc=5.1% | Best=5.1%(@980)
  from x3: 0.05 0.05 0.05 0.05 0.05 0.05 0.05 0.05 0.05 0.05 0.05 0.05 0.05 0.05 0.05 0.05 0.05 0.05 0.05 0.05 0.05 0.05 0.05 0.05 0.05 0.05 0.05 0.05 0.05
  per-rule acc: 0.08 0.02
Epoch 1000 | Train: Loss=0.0016 Acc=100.0% | Test: Acc=5.2% | Best=5.2%(@1000)
  from x3: 0.05 0.05 0.05 0.05 0.05 0.05 0.05 0.05 0.05 0.05 0.05 0.05 0.05 0.05 0.05 0.05 0.05 0.05 0.05 0.05 0.05 0.05 0.05 0.05 0.05 0.05 0.05 0.05 0.05
  per-rule acc: 0.08 0.03
Epoch 1020 | Train: Loss=0.0019 Acc=100.0% | Test: Acc=5.7% | Best=5.7%(@1020)
  from x3: 0.06 0.06 0.06 0.06 0.06 0.06 0.06 0.06 0.06 0.06 0.06 0.06 0.06 0.06 0.06 0.06 0.06 0.06 0.06 0.06 0.06 0.06 0.06 0.06 0.06 0.06 0.06 0.06 0.06
  per-rule acc: 0.08 0.04
Epoch 1040 | Train: Loss=0.0012 Acc=100.0% | Test: Acc=6.9% | Best=6.9%(@1040)
  from x3: 0.07 0.07 0.07 0.07 0.07 0.07 0.07 0.07 0.07 0.07 0.07 0.07 0.07 0.07 0.07 0.07 0.07 0.07 0.07 0.07 0.07 0.07 0.07 0.07 0.07 0.07 0.07 0.07 0.07
  per-rule acc: 0.10 0.04
Epoch 1060 | Train: Loss=0.0016 Acc=100.0% | Test: Acc=7.6% | Best=7.6%(@1060)
  from x3: 0.07 0.07 0.08 0.08 0.08 0.08 0.08 0.08 0.08 0.08 0.08 0.08 0.08 0.08 0.08 0.08 0.08 0.08 0.08 0.08 0.08 0.08 0.08 0.08 0.08 0.08 0.07 0.07 0.07
  per-rule acc: 0.10 0.05
Epoch 1080 | Train: Loss=0.0043 Acc=100.0% | Test: Acc=9.3% | Best=9.3%(@1080)
  from x3: 0.09 0.09 0.09 0.10 0.09 0.09 0.09 0.09 0.09 0.09 0.09 0.09 0.09 0.09 0.09 0.09 0.09 0.09 0.09 0.09 0.09 0.09 0.09 0.09 0.09 0.09 0.09 0.09 0.09
  per-rule acc: 0.14 0.05
Epoch 1100 | Train: Loss=0.0014 Acc=100.0% | Test: Acc=9.9% | Best=9.9%(@1100)
  from x3: 0.09 0.10 0.10 0.10 0.10 0.10 0.10 0.10 0.10 0.10 0.10 0.10 0.10 0.10 0.10 0.10 0.10 0.10 0.10 0.10 0.10 0.10 0.10 0.10 0.10 0.10 0.10 0.10 0.10
  per-rule acc: 0.14 0.06
Epoch 1120 | Train: Loss=0.0017 Acc=100.0% | Test: Acc=10.9% | Best=10.9%(@1120)
  from x3: 0.10 0.11 0.11 0.11 0.11 0.11 0.11 0.11 0.11 0.11 0.11 0.11 0.11 0.11 0.11 0.11 0.11 0.11 0.11 0.11 0.11 0.11 0.11 0.11 0.11 0.11 0.11 0.11 0.11
  per-rule acc: 0.14 0.08
Epoch 1140 | Train: Loss=0.0011 Acc=100.0% | Test: Acc=14.0% | Best=14.0%(@1140)
  from x3: 0.14 0.14 0.14 0.14 0.14 0.14 0.14 0.14 0.14 0.14 0.14 0.14 0.14 0.14 0.14 0.14 0.14 0.14 0.14 0.14 0.14 0.14 0.14 0.14 0.14 0.14 0.14 0.14 0.14
  per-rule acc: 0.20 0.08
Epoch 1160 | Train: Loss=0.0015 Acc=100.0% | Test: Acc=14.8% | Best=14.8%(@1160)
  from x3: 0.13 0.15 0.15 0.15 0.15 0.15 0.15 0.15 0.15 0.15 0.15 0.15 0.15 0.15 0.15 0.15 0.15 0.15 0.15 0.15 0.15 0.15 0.15 0.15 0.15 0.15 0.15 0.15 0.15
  per-rule acc: 0.20 0.10
Epoch 1180 | Train: Loss=0.0017 Acc=100.0% | Test: Acc=15.5% | Best=15.5%(@1180)
  from x3: 0.14 0.16 0.15 0.16 0.16 0.16 0.16 0.16 0.16 0.16 0.16 0.16 0.16 0.16 0.16 0.16 0.16 0.16 0.16 0.16 0.16 0.16 0.16 0.15 0.15 0.15 0.15 0.16 0.16
  per-rule acc: 0.20 0.11
Epoch 1200 | Train: Loss=0.0011 Acc=100.0% | Test: Acc=22.1% | Best=22.1%(@1200)
  from x3: 0.21 0.22 0.23 0.22 0.22 0.22 0.22 0.22 0.22 0.22 0.22 0.22 0.22 0.22 0.22 0.22 0.22 0.22 0.22 0.22 0.22 0.22 0.22 0.22 0.22 0.22 0.22 0.22 0.22
  per-rule acc: 0.30 0.14
Epoch 1220 | Train: Loss=0.0015 Acc=100.0% | Test: Acc=22.4% | Best=22.4%(@1220)
  from x3: 0.20 0.23 0.23 0.22 0.23 0.23 0.23 0.23 0.22 0.22 0.23 0.22 0.23 0.22 0.23 0.23 0.23 0.23 0.22 0.22 0.22 0.22 0.22 0.22 0.22 0.22 0.22 0.22 0.22
  per-rule acc: 0.29 0.16
Epoch 1240 | Train: Loss=0.0017 Acc=100.0% | Test: Acc=22.8% | Best=22.8%(@1240)
  from x3: 0.21 0.23 0.23 0.23 0.23 0.23 0.23 0.23 0.23 0.23 0.23 0.23 0.23 0.23 0.23 0.23 0.23 0.23 0.23 0.23 0.23 0.23 0.23 0.23 0.23 0.23 0.23 0.23 0.23
  per-rule acc: 0.29 0.16
Epoch 1260 | Train: Loss=0.0019 Acc=100.0% | Test: Acc=34.0% | Best=34.0%(@1260)
  from x3: 0.32 0.34 0.34 0.34 0.34 0.34 0.34 0.34 0.34 0.34 0.34 0.34 0.34 0.34 0.34 0.34 0.34 0.34 0.34 0.34 0.34 0.34 0.34 0.34 0.34 0.34 0.34 0.34 0.34
  per-rule acc: 0.48 0.20
Epoch 1280 | Train: Loss=0.0014 Acc=100.0% | Test: Acc=36.1% | Best=36.1%(@1280)
  from x3: 0.35 0.37 0.37 0.37 0.36 0.36 0.36 0.36 0.36 0.36 0.36 0.36 0.36 0.36 0.36 0.36 0.36 0.36 0.36 0.36 0.36 0.36 0.36 0.36 0.36 0.36 0.36 0.36 0.36
  per-rule acc: 0.48 0.24
Epoch 1300 | Train: Loss=0.0017 Acc=100.0% | Test: Acc=36.1% | Best=36.1%(@1280)
  from x3: 0.34 0.38 0.37 0.36 0.36 0.36 0.36 0.36 0.36 0.36 0.36 0.36 0.36 0.36 0.36 0.36 0.36 0.36 0.36 0.36 0.36 0.36 0.36 0.36 0.36 0.36 0.36 0.36 0.36
  per-rule acc: 0.48 0.24
Epoch 1320 | Train: Loss=1.4088 Acc=90.9% | Test: Acc=26.6% | Best=36.1%(@1280)
  from x3: 0.25 0.28 0.27 0.27 0.27 0.27 0.27 0.27 0.27 0.27 0.27 0.27 0.27 0.27 0.27 0.27 0.26 0.27 0.27 0.26 0.27 0.27 0.27 0.27 0.27 0.27 0.27 0.27 0.27
  per-rule acc: 0.40 0.13
Epoch 1340 | Train: Loss=0.0013 Acc=100.0% | Test: Acc=48.7% | Best=48.7%(@1340)
  from x3: 0.46 0.49 0.49 0.49 0.49 0.49 0.49 0.49 0.49 0.49 0.49 0.49 0.49 0.49 0.49 0.49 0.49 0.49 0.49 0.49 0.49 0.49 0.49 0.49 0.49 0.49 0.49 0.49 0.49
  per-rule acc: 0.63 0.34
Epoch 1360 | Train: Loss=0.0016 Acc=100.0% | Test: Acc=49.8% | Best=49.8%(@1360)
  from x3: 0.47 0.51 0.50 0.50 0.50 0.50 0.50 0.50 0.50 0.50 0.50 0.50 0.50 0.50 0.50 0.50 0.50 0.50 0.50 0.50 0.50 0.50 0.50 0.50 0.50 0.50 0.50 0.50 0.50
  per-rule acc: 0.62 0.37
Epoch 1380 | Train: Loss=0.0012 Acc=100.0% | Test: Acc=56.9% | Best=56.9%(@1380)
  from x3: 0.56 0.57 0.57 0.57 0.57 0.57 0.57 0.57 0.57 0.57 0.57 0.57 0.57 0.57 0.57 0.57 0.57 0.57 0.57 0.57 0.57 0.57 0.57 0.57 0.57 0.57 0.57 0.57 0.57
  per-rule acc: 0.70 0.44
Epoch 1400 | Train: Loss=0.0015 Acc=100.0% | Test: Acc=60.5% | Best=60.5%(@1400)
  from x3: 0.58 0.60 0.61 0.60 0.61 0.61 0.60 0.61 0.61 0.61 0.61 0.61 0.61 0.61 0.61 0.61 0.61 0.61 0.61 0.61 0.61 0.61 0.61 0.61 0.61 0.61 0.61 0.61 0.61
  per-rule acc: 0.72 0.49
Epoch 1420 | Train: Loss=0.0017 Acc=100.0% | Test: Acc=60.8% | Best=60.8%(@1420)
  from x3: 0.58 0.62 0.61 0.61 0.61 0.61 0.61 0.61 0.61 0.61 0.61 0.61 0.61 0.61 0.61 0.61 0.61 0.61 0.61 0.61 0.61 0.61 0.61 0.61 0.61 0.61 0.61 0.61 0.61
  per-rule acc: 0.72 0.49
Epoch 1440 | Train: Loss=0.0013 Acc=100.0% | Test: Acc=68.7% | Best=68.7%(@1440)
  from x3: 0.66 0.70 0.68 0.69 0.69 0.69 0.69 0.69 0.69 0.69 0.69 0.69 0.69 0.69 0.69 0.69 0.69 0.69 0.69 0.69 0.69 0.69 0.69 0.69 0.69 0.69 0.69 0.69 0.69
  per-rule acc: 0.79 0.58
Epoch 1460 | Train: Loss=0.0015 Acc=100.0% | Test: Acc=70.2% | Best=70.2%(@1460)
  from x3: 0.68 0.71 0.70 0.70 0.70 0.70 0.70 0.70 0.70 0.70 0.70 0.70 0.70 0.70 0.70 0.70 0.70 0.70 0.70 0.70 0.70 0.70 0.70 0.70 0.70 0.70 0.70 0.70 0.70
  per-rule acc: 0.81 0.60
Epoch 1480 | Train: Loss=0.0015 Acc=100.0% | Test: Acc=72.2% | Best=72.2%(@1480)
  from x3: 0.69 0.72 0.72 0.72 0.73 0.73 0.72 0.72 0.72 0.72 0.72 0.72 0.72 0.72 0.72 0.72 0.72 0.72 0.72 0.72 0.72 0.72 0.72 0.72 0.72 0.72 0.72 0.72 0.72
  per-rule acc: 0.82 0.62
Epoch 1500 | Train: Loss=0.0017 Acc=100.0% | Test: Acc=72.0% | Best=72.2%(@1480)
  from x3: 0.69 0.72 0.72 0.72 0.72 0.72 0.72 0.72 0.72 0.72 0.72 0.72 0.72 0.72 0.72 0.72 0.72 0.72 0.72 0.72 0.72 0.72 0.72 0.72 0.72 0.72 0.72 0.72 0.72
  per-rule acc: 0.81 0.63
Epoch 1520 | Train: Loss=0.0011 Acc=100.0% | Test: Acc=79.1% | Best=79.1%(@1520)
  from x3: 0.77 0.79 0.78 0.79 0.79 0.79 0.79 0.79 0.79 0.79 0.79 0.79 0.79 0.79 0.79 0.79 0.79 0.79 0.79 0.79 0.79 0.79 0.79 0.79 0.79 0.79 0.79 0.79 0.79
  per-rule acc: 0.87 0.71
Epoch 1540 | Train: Loss=0.0015 Acc=100.0% | Test: Acc=81.4% | Best=81.4%(@1540)
  from x3: 0.78 0.81 0.81 0.81 0.81 0.82 0.82 0.82 0.82 0.82 0.82 0.82 0.82 0.82 0.82 0.82 0.82 0.82 0.82 0.82 0.82 0.82 0.82 0.82 0.82 0.81 0.81 0.81 0.81
  per-rule acc: 0.89 0.74
Epoch 1560 | Train: Loss=0.1619 Acc=100.0% | Test: Acc=64.8% | Best=81.4%(@1540)
  from x3: 0.61 0.65 0.65 0.65 0.65 0.65 0.65 0.65 0.65 0.65 0.65 0.65 0.65 0.65 0.65 0.65 0.65 0.65 0.65 0.65 0.65 0.65 0.65 0.65 0.65 0.65 0.65 0.65 0.65
  per-rule acc: 0.77 0.53
Epoch 1580 | Train: Loss=0.0013 Acc=100.0% | Test: Acc=85.4% | Best=85.4%(@1580)
  from x3: 0.83 0.86 0.85 0.85 0.86 0.86 0.86 0.86 0.85 0.85 0.86 0.85 0.85 0.86 0.86 0.85 0.85 0.86 0.85 0.85 0.85 0.86 0.86 0.86 0.85 0.85 0.86 0.86 0.85
  per-rule acc: 0.91 0.80
Epoch 1600 | Train: Loss=0.3306 Acc=99.0% | Test: Acc=66.8% | Best=85.4%(@1580)
  from x3: 0.63 0.67 0.66 0.67 0.67 0.67 0.67 0.67 0.67 0.67 0.67 0.67 0.67 0.67 0.67 0.67 0.67 0.67 0.67 0.67 0.67 0.67 0.67 0.67 0.67 0.67 0.67 0.67 0.67
  per-rule acc: 0.78 0.56
Epoch 1620 | Train: Loss=0.0013 Acc=100.0% | Test: Acc=88.4% | Best=88.4%(@1620)
  from x3: 0.85 0.88 0.88 0.88 0.88 0.88 0.88 0.88 0.88 0.88 0.88 0.88 0.88 0.88 0.88 0.88 0.89 0.89 0.89 0.89 0.89 0.89 0.89 0.89 0.89 0.89 0.88 0.89 0.89
  per-rule acc: 0.93 0.83
Epoch 1640 | Train: Loss=0.0016 Acc=100.0% | Test: Acc=89.3% | Best=89.3%(@1640)
  from x3: 0.86 0.90 0.89 0.89 0.89 0.89 0.89 0.89 0.89 0.90 0.89 0.89 0.89 0.89 0.90 0.90 0.90 0.90 0.90 0.89 0.90 0.89 0.90 0.90 0.90 0.90 0.89 0.89 0.89
  per-rule acc: 0.94 0.85
Epoch 1660 | Train: Loss=0.0012 Acc=100.0% | Test: Acc=91.1% | Best=91.1%(@1660)
  from x3: 0.89 0.91 0.91 0.91 0.91 0.91 0.91 0.91 0.91 0.91 0.91 0.91 0.91 0.91 0.91 0.91 0.91 0.91 0.91 0.91 0.91 0.91 0.91 0.91 0.91 0.91 0.91 0.91 0.91
  per-rule acc: 0.95 0.87
Epoch 1680 | Train: Loss=0.0191 Acc=100.0% | Test: Acc=85.0% | Best=91.1%(@1660)
  from x3: 0.81 0.84 0.85 0.85 0.85 0.85 0.85 0.85 0.85 0.85 0.85 0.85 0.85 0.85 0.85 0.85 0.85 0.85 0.85 0.85 0.85 0.85 0.85 0.85 0.85 0.85 0.85 0.85 0.85
  per-rule acc: 0.91 0.79
Epoch 1700 | Train: Loss=0.0013 Acc=100.0% | Test: Acc=93.0% | Best=93.0%(@1700)
  from x3: 0.90 0.93 0.93 0.93 0.93 0.93 0.93 0.93 0.93 0.93 0.93 0.93 0.93 0.93 0.93 0.93 0.93 0.93 0.93 0.93 0.93 0.93 0.93 0.93 0.93 0.93 0.93 0.93 0.93
  per-rule acc: 0.96 0.90
Epoch 1720 | Train: Loss=0.0016 Acc=100.0% | Test: Acc=93.2% | Best=93.2%(@1720)
  from x3: 0.90 0.93 0.93 0.93 0.93 0.93 0.93 0.93 0.93 0.93 0.93 0.93 0.93 0.93 0.93 0.93 0.93 0.93 0.93 0.93 0.93 0.93 0.93 0.93 0.93 0.93 0.93 0.93 0.93
  per-rule acc: 0.96 0.90
Epoch 1740 | Train: Loss=0.0011 Acc=100.0% | Test: Acc=93.9% | Best=93.9%(@1740)
  from x3: 0.92 0.94 0.94 0.94 0.94 0.94 0.94 0.94 0.94 0.94 0.94 0.94 0.94 0.94 0.94 0.94 0.94 0.94 0.94 0.94 0.94 0.94 0.94 0.94 0.94 0.94 0.94 0.94 0.94
  per-rule acc: 0.97 0.91
Epoch 1760 | Train: Loss=0.0015 Acc=100.0% | Test: Acc=94.9% | Best=94.9%(@1760)
  from x3: 0.92 0.95 0.95 0.95 0.95 0.95 0.95 0.95 0.95 0.95 0.95 0.95 0.95 0.95 0.95 0.95 0.95 0.95 0.95 0.95 0.95 0.95 0.95 0.95 0.95 0.95 0.95 0.95 0.95
  per-rule acc: 0.98 0.92
Epoch 1780 | Train: Loss=0.0014 Acc=100.0% | Test: Acc=94.6% | Best=94.9%(@1760)
  from x3: 0.92 0.95 0.95 0.95 0.94 0.95 0.95 0.95 0.95 0.95 0.95 0.95 0.95 0.95 0.95 0.95 0.95 0.95 0.95 0.95 0.95 0.95 0.95 0.95 0.95 0.95 0.95 0.95 0.95
  per-rule acc: 0.97 0.92
Epoch 1800 | Train: Loss=0.0013 Acc=100.0% | Test: Acc=95.4% | Best=95.4%(@1800)
  from x3: 0.93 0.96 0.96 0.95 0.95 0.95 0.95 0.95 0.95 0.95 0.95 0.95 0.95 0.95 0.96 0.95 0.95 0.95 0.96 0.96 0.95 0.95 0.96 0.96 0.96 0.96 0.96 0.95 0.95
  per-rule acc: 0.98 0.93
Epoch 1820 | Train: Loss=0.0081 Acc=100.0% | Test: Acc=89.7% | Best=95.4%(@1800)
  from x3: 0.87 0.90 0.89 0.90 0.90 0.90 0.90 0.90 0.90 0.90 0.90 0.90 0.90 0.90 0.90 0.90 0.90 0.90 0.90 0.90 0.90 0.90 0.90 0.90 0.90 0.90 0.90 0.90 0.90
  per-rule acc: 0.95 0.84
Epoch 1840 | Train: Loss=0.0013 Acc=100.0% | Test: Acc=96.4% | Best=96.4%(@1840)
  from x3: 0.94 0.96 0.96 0.96 0.97 0.97 0.97 0.97 0.97 0.97 0.97 0.97 0.97 0.97 0.97 0.97 0.97 0.97 0.97 0.97 0.97 0.96 0.97 0.97 0.97 0.97 0.97 0.96 0.97
  per-rule acc: 0.98 0.94
Epoch 1860 | Train: Loss=0.0016 Acc=100.0% | Test: Acc=96.7% | Best=96.7%(@1860)
  from x3: 0.94 0.97 0.97 0.97 0.97 0.97 0.97 0.97 0.97 0.97 0.97 0.97 0.97 0.97 0.97 0.97 0.97 0.97 0.97 0.97 0.97 0.97 0.97 0.97 0.97 0.97 0.97 0.97 0.97
  per-rule acc: 0.99 0.95
Epoch 1880 | Train: Loss=0.0011 Acc=100.0% | Test: Acc=96.8% | Best=96.8%(@1880)
  from x3: 0.94 0.97 0.97 0.97 0.97 0.97 0.97 0.97 0.97 0.97 0.97 0.97 0.97 0.97 0.97 0.97 0.97 0.97 0.97 0.97 0.97 0.97 0.97 0.97 0.97 0.97 0.97 0.97 0.97
  per-rule acc: 0.99 0.95
Epoch 1900 | Train: Loss=0.0015 Acc=100.0% | Test: Acc=97.0% | Best=97.0%(@1900)
  from x3: 0.95 0.97 0.97 0.97 0.97 0.97 0.97 0.97 0.97 0.97 0.97 0.97 0.97 0.97 0.97 0.97 0.97 0.97 0.97 0.97 0.97 0.97 0.97 0.97 0.97 0.97 0.97 0.97 0.97
  per-rule acc: 0.99 0.95
Epoch 1920 | Train: Loss=0.0050 Acc=100.0% | Test: Acc=94.1% | Best=97.0%(@1900)
  from x3: 0.91 0.94 0.94 0.94 0.94 0.94 0.94 0.94 0.94 0.94 0.94 0.94 0.94 0.94 0.94 0.94 0.94 0.94 0.94 0.94 0.94 0.94 0.94 0.94 0.94 0.94 0.94 0.94 0.94
  per-rule acc: 0.97 0.91
Epoch 1940 | Train: Loss=0.0012 Acc=100.0% | Test: Acc=97.2% | Best=97.2%(@1940)
  from x3: 0.96 0.97 0.97 0.97 0.97 0.97 0.97 0.97 0.97 0.97 0.97 0.97 0.97 0.97 0.97 0.97 0.97 0.97 0.97 0.97 0.97 0.97 0.97 0.97 0.97 0.97 0.97 0.97 0.97
  per-rule acc: 0.99 0.96
Epoch 1960 | Train: Loss=0.0022 Acc=100.0% | Test: Acc=96.4% | Best=97.2%(@1940)
  from x3: 0.93 0.96 0.96 0.96 0.96 0.96 0.96 0.96 0.97 0.96 0.97 0.97 0.97 0.97 0.97 0.97 0.97 0.97 0.97 0.97 0.97 0.97 0.97 0.97 0.97 0.97 0.97 0.97 0.97
  per-rule acc: 0.98 0.95
Epoch 1980 | Train: Loss=0.0013 Acc=100.0% | Test: Acc=97.6% | Best=97.6%(@1980)
  from x3: 0.96 0.98 0.98 0.98 0.98 0.98 0.98 0.98 0.98 0.98 0.98 0.98 0.98 0.98 0.98 0.98 0.98 0.98 0.98 0.98 0.98 0.98 0.98 0.98 0.98 0.98 0.98 0.98 0.98
  per-rule acc: 0.99 0.96
Epoch 2000 | Train: Loss=0.0011 Acc=100.0% | Test: Acc=97.3% | Best=97.6%(@1980)
  from x3: 0.95 0.97 0.97 0.97 0.97 0.97 0.97 0.97 0.97 0.98 0.97 0.97 0.97 0.97 0.97 0.97 0.97 0.97 0.97 0.97 0.97 0.97 0.97 0.97 0.98 0.97 0.97 0.97 0.97
  per-rule acc: 0.99 0.96
Epoch 2020 | Train: Loss=0.0014 Acc=100.0% | Test: Acc=98.0% | Best=98.0%(@2020)
  from x3: 0.96 0.98 0.98 0.98 0.98 0.98 0.98 0.98 0.98 0.98 0.98 0.98 0.98 0.98 0.98 0.98 0.98 0.98 0.98 0.98 0.98 0.98 0.98 0.98 0.98 0.98 0.98 0.98 0.98
  per-rule acc: 0.99 0.97
Epoch 2040 | Train: Loss=0.0011 Acc=100.0% | Test: Acc=97.9% | Best=98.0%(@2020)
  from x3: 0.96 0.98 0.98 0.98 0.98 0.98 0.98 0.98 0.98 0.98 0.98 0.98 0.98 0.98 0.98 0.98 0.98 0.98 0.98 0.98 0.98 0.98 0.98 0.98 0.98 0.98 0.98 0.98 0.98
  per-rule acc: 0.99 0.97
Epoch 2060 | Train: Loss=0.0015 Acc=100.0% | Test: Acc=98.0% | Best=98.0%(@2060)
  from x3: 0.97 0.98 0.98 0.98 0.98 0.98 0.98 0.98 0.98 0.98 0.98 0.98 0.98 0.98 0.98 0.98 0.98 0.98 0.98 0.98 0.98 0.98 0.98 0.98 0.98 0.98 0.98 0.98 0.98
  per-rule acc: 0.99 0.97
Epoch 2080 | Train: Loss=0.0766 Acc=99.9% | Test: Acc=84.2% | Best=98.0%(@2060)
  from x3: 0.77 0.81 0.84 0.84 0.84 0.84 0.85 0.85 0.85 0.85 0.85 0.85 0.85 0.85 0.85 0.85 0.85 0.85 0.85 0.85 0.84 0.84 0.85 0.85 0.84 0.84 0.84 0.84 0.84
  per-rule acc: 0.90 0.79
Epoch 2100 | Train: Loss=0.0011 Acc=100.0% | Test: Acc=98.4% | Best=98.4%(@2100)
  from x3: 0.97 0.98 0.98 0.98 0.98 0.98 0.98 0.98 0.99 0.99 0.99 0.99 0.99 0.99 0.99 0.99 0.99 0.99 0.99 0.99 0.99 0.99 0.98 0.99 0.99 0.98 0.98 0.99 0.99
  per-rule acc: 0.99 0.97
Epoch 2120 | Train: Loss=0.0015 Acc=100.0% | Test: Acc=98.7% | Best=98.7%(@2120)
  from x3: 0.97 0.99 0.99 0.99 0.99 0.99 0.99 0.99 0.99 0.99 0.99 0.99 0.99 0.99 0.99 0.99 0.99 0.99 0.99 0.99 0.99 0.99 0.99 0.99 0.99 0.99 0.99 0.99 0.99
  per-rule acc: 1.00 0.98
Epoch 2140 | Train: Loss=0.0012 Acc=100.0% | Test: Acc=98.3% | Best=98.7%(@2120)
  from x3: 0.96 0.98 0.98 0.98 0.98 0.98 0.98 0.98 0.98 0.98 0.99 0.99 0.98 0.98 0.98 0.98 0.98 0.98 0.98 0.98 0.98 0.98 0.98 0.98 0.98 0.98 0.98 0.98 0.98
  per-rule acc: 0.99 0.97
Epoch 2160 | Train: Loss=0.0013 Acc=100.0% | Test: Acc=98.5% | Best=98.7%(@2120)
  from x3: 0.97 0.98 0.98 0.99 0.99 0.99 0.99 0.99 0.99 0.99 0.99 0.99 0.99 0.99 0.99 0.99 0.99 0.99 0.99 0.99 0.99 0.99 0.99 0.99 0.99 0.99 0.99 0.99 0.99
  per-rule acc: 0.99 0.98
Epoch 2180 | Train: Loss=0.0057 Acc=100.0% | Test: Acc=96.1% | Best=98.7%(@2120)
  from x3: 0.92 0.95 0.96 0.96 0.96 0.96 0.96 0.96 0.96 0.96 0.96 0.96 0.96 0.96 0.96 0.96 0.96 0.96 0.96 0.96 0.96 0.96 0.96 0.96 0.96 0.96 0.96 0.96 0.96
  per-rule acc: 0.98 0.94
Epoch 2200 | Train: Loss=0.0013 Acc=100.0% | Test: Acc=98.6% | Best=98.7%(@2120)
  from x3: 0.97 0.98 0.99 0.99 0.99 0.99 0.99 0.99 0.99 0.99 0.99 0.99 0.99 0.99 0.99 0.99 0.99 0.99 0.99 0.99 0.99 0.99 0.99 0.99 0.99 0.99 0.99 0.99 0.99
  per-rule acc: 0.99 0.98
Epoch 2220 | Train: Loss=0.0016 Acc=100.0% | Test: Acc=98.4% | Best=98.7%(@2120)
  from x3: 0.95 0.98 0.98 0.98 0.99 0.98 0.99 0.99 0.99 0.99 0.99 0.99 0.99 0.99 0.99 0.99 0.99 0.99 0.99 0.99 0.99 0.99 0.99 0.99 0.99 0.99 0.99 0.99 0.99
  per-rule acc: 0.99 0.98
Epoch 2240 | Train: Loss=0.0013 Acc=100.0% | Test: Acc=98.8% | Best=98.8%(@2240)
  from x3: 0.97 0.99 0.99 0.99 0.99 0.99 0.99 0.99 0.99 0.99 0.99 0.99 0.99 0.99 0.99 0.99 0.99 0.99 0.99 0.99 0.99 0.99 0.99 0.99 0.99 0.99 0.99 0.99 0.99
  per-rule acc: 0.99 0.98
Epoch 2260 | Train: Loss=0.0012 Acc=100.0% | Test: Acc=98.8% | Best=98.8%(@2260)
  from x3: 0.97 0.99 0.99 0.99 0.99 0.99 0.99 0.99 0.99 0.99 0.99 0.99 0.99 0.99 0.99 0.99 0.99 0.99 0.99 0.99 0.99 0.99 0.99 0.99 0.99 0.99 0.99 0.99 0.99
  per-rule acc: 0.99 0.98
Epoch 2280 | Train: Loss=0.0015 Acc=100.0% | Test: Acc=99.3% | Best=99.3%(@2280)
  from x3: 0.97 0.99 0.99 0.99 0.99 0.99 0.99 0.99 0.99 0.99 0.99 0.99 0.99 0.99 0.99 0.99 0.99 0.99 0.99 0.99 0.99 0.99 0.99 0.99 0.99 0.99 0.99 0.99 0.99
  per-rule acc: 1.00 0.99
[Early stop] Epoch 2280: test set reached high accuracy

==================================================
Saving model...
[OK] Model saved to: /home/cxm/ai/test0625-basic2/models/mixed_basic_d1024l4_r8_t32.pth
  File size: 330328.4 KB
  Best test accuracy: 99.26%

==================================================
Final generation test (given first two items, AB generates 3rd as prompt, validate from 4th)
==================================================

--- AB pair 1: (1, 1) ---

--- Statistics for AB=(1,1) ---
Exposed    samples:  1405 | In-dist: 40397/40745 ( 99.1%) | OOD: 44588/44960 ( 99.2%)
Unexposed  samples:  1404 | In-dist: 38772/40716 ( 95.2%) | OOD: 40275/44928 ( 89.6%)

--- AB pair 2: (1, 2) ---

--- Statistics for AB=(1,2) ---
Exposed    samples:  1405 | In-dist: 40633/40745 ( 99.7%) | OOD: 44836/44960 ( 99.7%)
Unexposed  samples:  1404 | In-dist: 34622/40716 ( 85.0%) | OOD: 27494/44928 ( 61.2%)

--- Return code: 0 ---

======================================================================
Attention Analysis
======================================================================
Model config: addition (default), p=53
Best test accuracy: 0.9926073288142254
Training epochs: 2280

Random test sequence 1/5 (length 64): [19, 36, 2, 38, 40, 25, 12, 37, 49, 33, 29, 9, 38, 47, 32, 26, 5, 31, 36, 14]...

======================================================================
Attention Layer Training Result Summary
======================================================================
Input sequence: [19, 36, 2, 38, 40, 25, 12, 37, 49, 33, 29, 9, 38, 47, 32, 26, 5, 31, 36, 14, 50, 11, 8, 19, 27, 46, 20, 13, 33, 46, 26, 19, 45, 11, 3, 14, 17, 31, 48, 26, 21, 47, 15, 9, 24, 33, 4, 37, 41, 25, 13, 38, 51, 36, 34, 17, 51, 15, 13, 28, 41, 16, 4, 20]

--- Layer 0 ---
  Head 0: Entropy=0.816
    Attention coefficients from each query position to previous positions:
      i= 0 -> j=0:1.000
      i= 1 -> j=0:0.762, j=1:0.238
      i= 2 -> j=0:0.117, j=1:0.676, j=2:0.207
      i= 3 -> j=0:0.002, j=1:0.080, j=2:0.705, j=3:0.213
      i= 4 -> j=0:0.000, j=1:0.002, j=2:0.123, j=3:0.651, j=4:0.224
      i= 5 -> j=0:0.000, j=1:0.000, j=2:0.003, j=3:0.084, j=4:0.710, j=5:0.203
      i= 6 -> j=0:0.000, j=1:0.000, j=2:0.000, j=3:0.002, j=4:0.114, j=5:0.684, j=6:0.201
      i= 7 -> j=0:0.000, j=1:0.000, j=2:0.000, j=3:0.000, j=4:0.002, j=5:0.099, j=6:0.700, j=7:0.199
      i= 8 -> j=0:0.000, j=1:0.000, j=2:0.000, j=3:0.000, j=4:0.000, j=5:0.002, j=6:0.081, j=7:0.709, j=8:0.209
      i= 9 -> j=0:0.000, j=1:0.000, j=2:0.000, j=3:0.000, j=4:0.000, j=5:0.000, j=6:0.002, j=7:0.113, j=8:0.684, j=9:0.201
      i=10 -> j=0:0.000, j=1:0.000, j=2:0.000, j=3:0.000, j=4:0.000, j=5:0.000, j=6:0.000, j=7:0.002, j=8:0.084, j=9:0.697, j=10:0.218
      i=11 -> j=0:0.000, j=1:0.000, j=2:0.000, j=3:0.000, j=4:0.000, j=5:0.000, j=6:0.000, j=7:0.000, j=8:0.002, j=9:0.100, j=10:0.691, j=11:0.207
      i=12 -> j=0:0.000, j=1:0.000, j=2:0.000, j=3:0.000, j=4:0.000, j=5:0.000, j=6:0.000, j=7:0.000, j=8:0.000, j=9:0.001, j=10:0.081, j=11:0.705, j=12:0.212
      i=13 -> j=0:0.000, j=1:0.000, j=2:0.000, j=3:0.000, j=4:0.000, j=5:0.000, j=6:0.000, j=7:0.000, j=8:0.000, j=9:0.000, j=10:0.002, j=11:0.142, j=12:0.645, j=13:0.211
      i=14 -> j=0:0.000, j=1:0.000, j=2:0.000, j=3:0.000, j=4:0.000, j=5:0.000, j=6:0.000, j=7:0.000, j=8:0.000, j=9:0.000, j=10:0.000, j=11:0.002, j=12:0.094, j=13:0.717, j=14:0.187
      i=15 -> j=0:0.000, j=1:0.000, j=2:0.000, j=3:0.000, j=4:0.000, j=5:0.000, j=6:0.000, j=7:0.000, j=8:0.000, j=9:0.000, j=10:0.000, j=11:0.000, j=12:0.002, j=13:0.101, j=14:0.657, j=15:0.240
      i=16 -> j=0:0.000, j=1:0.000, j=2:0.000, j=3:0.000, j=4:0.000, j=5:0.000, j=6:0.000, j=7:0.000, j=8:0.000, j=9:0.000, j=10:0.000, j=11:0.000, j=12:0.000, j=13:0.002, j=14:0.093, j=15:0.684, j=16:0.221
      i=17 -> j=0:0.000, j=1:0.000, j=2:0.000, j=3:0.000, j=4:0.000, j=5:0.000, j=6:0.000, j=7:0.000, j=8:0.000, j=9:0.000, j=10:0.000, j=11:0.000, j=12:0.000, j=13:0.000, j=14:0.002, j=15:0.117, j=16:0.689, j=17:0.192
      i=18 -> j=0:0.000, j=1:0.000, j=2:0.000, j=3:0.000, j=4:0.000, j=5:0.000, j=6:0.000, j=7:0.000, j=8:0.000, j=9:0.000, j=10:0.000, j=11:0.000, j=12:0.000, j=13:0.000, j=14:0.000, j=15:0.001, j=16:0.072, j=17:0.749, j=18:0.178
      i=19 -> j=0:0.000, j=1:0.000, j=2:0.000, j=3:0.000, j=4:0.000, j=5:0.000, j=6:0.000, j=7:0.000, j=8:0.000, j=9:0.000, j=10:0.000, j=11:0.000, j=12:0.000, j=13:0.000, j=14:0.000, j=15:0.000, j=16:0.002, j=17:0.137, j=18:0.659, j=19:0.202
      i=20 -> j=0:0.000, j=1:0.000, j=2:0.000, j=3:0.000, j=4:0.000, j=5:0.000, j=6:0.000, j=7:0.000, j=8:0.000, j=9:0.000, j=10:0.000, j=11:0.000, j=12:0.000, j=13:0.000, j=14:0.000, j=15:0.000, j=16:0.000, j=17:0.002, j=18:0.107, j=19:0.684, j=20:0.206
      i=21 -> j=0:0.000, j=1:0.000, j=2:0.000, j=3:0.000, j=4:0.000, j=5:0.000, j=6:0.000, j=7:0.000, j=8:0.000, j=9:0.000, j=10:0.000, j=11:0.000, j=12:0.000, j=13:0.000, j=14:0.000, j=15:0.000, j=16:0.000, j=17:0.000, j=18:0.002, j=19:0.096, j=20:0.699, j=21:0.203
      i=22 -> j=0:0.000, j=1:0.000, j=2:0.000, j=3:0.000, j=4:0.000, j=5:0.000, j=6:0.000, j=7:0.000, j=8:0.000, j=9:0.000, j=10:0.000, j=11:0.000, j=12:0.000, j=13:0.000, j=14:0.000, j=15:0.000, j=16:0.000, j=17:0.000, j=18:0.000, j=19:0.001, j=20:0.095, j=21:0.741, j=22:0.162
      i=23 -> j=0:0.000, j=1:0.000, j=2:0.000, j=3:0.000, j=4:0.000, j=5:0.000, j=6:0.000, j=7:0.000, j=8:0.000, j=9:0.000, j=10:0.000, j=11:0.000, j=12:0.000, j=13:0.000, j=14:0.000, j=15:0.000, j=16:0.000, j=17:0.000, j=18:0.000, j=19:0.000, j=20:0.002, j=21:0.101, j=22:0.714, j=23:0.183
      i=24 -> j=0:0.000, j=1:0.000, j=2:0.000, j=3:0.000, j=4:0.000, j=5:0.000, j=6:0.000, j=7:0.000, j=8:0.000, j=9:0.000, j=10:0.000, j=11:0.000, j=12:0.000, j=13:0.000, j=14:0.000, j=15:0.000, j=16:0.000, j=17:0.000, j=18:0.000, j=19:0.000, j=20:0.000, j=21:0.002, j=22:0.123, j=23:0.648, j=24:0.227
      i=25 -> j=0:0.000, j=1:0.000, j=2:0.000, j=3:0.000, j=4:0.000, j=5:0.000, j=6:0.000, j=7:0.000, j=8:0.000, j=9:0.000, j=10:0.000, j=11:0.000, j=12:0.000, j=13:0.000, j=14:0.000, j=15:0.000, j=16:0.000, j=17:0.000, j=18:0.000, j=19:0.000, j=20:0.000, j=21:0.000, j=22:0.003, j=23:0.128, j=24:0.683, j=25:0.185
      i=26 -> j=0:0.000, j=1:0.000, j=2:0.000, j=3:0.000, j=4:0.000, j=5:0.000, j=6:0.000, j=7:0.000, j=8:0.000, j=9:0.000, j=10:0.000, j=11:0.000, j=12:0.000, j=13:0.000, j=14:0.000, j=15:0.000, j=16:0.000, j=17:0.000, j=18:0.000, j=19:0.000, j=20:0.000, j=21:0.000, j=22:0.000, j=23:0.002, j=24:0.082, j=25:0.715, j=26:0.201
      i=27 -> j=0:0.000, j=1:0.000, j=2:0.000, j=3:0.000, j=4:0.000, j=5:0.000, j=6:0.000, j=7:0.000, j=8:0.000, j=9:0.000, j=10:0.000, j=11:0.000, j=12:0.000, j=13:0.000, j=14:0.000, j=15:0.000, j=16:0.000, j=17:0.000, j=18:0.000, j=19:0.000, j=20:0.000, j=21:0.000, j=22:0.000, j=23:0.000, j=24:0.002, j=25:0.111, j=26:0.715, j=27:0.172
      i=28 -> j=0:0.000, j=1:0.000, j=2:0.000, j=3:0.000, j=4:0.000, j=5:0.000, j=6:0.000, j=7:0.000, j=8:0.000, j=9:0.000, j=10:0.000, j=11:0.000, j=12:0.000, j=13:0.000, j=14:0.000, j=15:0.000, j=16:0.000, j=17:0.000, j=18:0.000, j=19:0.000, j=20:0.000, j=21:0.000, j=22:0.000, j=23:0.000, j=24:0.000, j=25:0.002, j=26:0.106, j=27:0.690, j=28:0.200
      i=29 -> j=0:0.000, j=1:0.000, j=2:0.000, j=3:0.000, j=4:0.000, j=5:0.000, j=6:0.000, j=7:0.000, j=8:0.000, j=9:0.000, j=10:0.000, j=11:0.000, j=12:0.000, j=13:0.000, j=14:0.000, j=15:0.000, j=16:0.000, j=17:0.000, j=18:0.000, j=19:0.000, j=20:0.000, j=21:0.000, j=22:0.000, j=23:0.000, j=24:0.000, j=25:0.000, j=26:0.002, j=27:0.106, j=28:0.711, j=29:0.179
      i=30 -> j=0:0.000, j=1:0.000, j=2:0.000, j=3:0.000, j=4:0.000, j=5:0.000, j=6:0.000, j=7:0.000, j=8:0.000, j=9:0.000, j=10:0.000, j=11:0.000, j=12:0.000, j=13:0.000, j=14:0.000, j=15:0.000, j=16:0.000, j=17:0.000, j=18:0.000, j=19:0.000, j=20:0.000, j=21:0.000, j=22:0.000, j=23:0.000, j=24:0.000, j=25:0.000, j=26:0.000, j=27:0.002, j=28:0.100, j=29:0.694, j=30:0.203
      i=31 -> j=0:0.000, j=1:0.000, j=2:0.000, j=3:0.000, j=4:0.000, j=5:0.000, j=6:0.000, j=7:0.000, j=8:0.000, j=9:0.000, j=10:0.000, j=11:0.000, j=12:0.000, j=13:0.000, j=14:0.000, j=15:0.000, j=16:0.000, j=17:0.000, j=18:0.000, j=19:0.000, j=20:0.000, j=21:0.000, j=22:0.000, j=23:0.000, j=24:0.000, j=25:0.000, j=26:0.000, j=27:0.000, j=28:0.002, j=29:0.087, j=30:0.662, j=31:0.248
      i=32 -> j=0:0.000, j=1:0.000, j=2:0.000, j=3:0.000, j=4:0.000, j=5:0.000, j=6:0.000, j=7:0.000, j=8:0.000, j=9:0.000, j=10:0.000, j=11:0.000, j=12:0.000, j=13:0.000, j=14:0.000, j=15:0.000, j=16:0.000, j=17:0.000, j=18:0.000, j=19:0.000, j=20:0.000, j=21:0.000, j=22:0.000, j=23:0.000, j=24:0.000, j=25:0.000, j=26:0.000, j=27:0.000, j=28:0.000, j=29:0.002, j=30:0.101, j=31:0.703, j=32:0.193
      i=33 -> j=0:0.000, j=1:0.000, j=2:0.000, j=3:0.000, j=4:0.000, j=5:0.000, j=6:0.000, j=7:0.000, j=8:0.000, j=9:0.000, j=10:0.000, j=11:0.000, j=12:0.000, j=13:0.000, j=14:0.000, j=15:0.000, j=16:0.000, j=17:0.000, j=18:0.000, j=19:0.000, j=20:0.000, j=21:0.000, j=22:0.000, j=23:0.000, j=24:0.000, j=25:0.000, j=26:0.000, j=27:0.000, j=28:0.000, j=29:0.000, j=30:0.002, j=31:0.118, j=32:0.650, j=33:0.228
      i=34 -> j=0:0.000, j=1:0.000, j=2:0.000, j=3:0.000, j=4:0.000, j=5:0.000, j=6:0.000, j=7:0.000, j=8:0.000, j=9:0.000, j=10:0.000, j=11:0.000, j=12:0.000, j=13:0.000, j=14:0.000, j=15:0.000, j=16:0.000, j=17:0.000, j=18:0.000, j=19:0.000, j=20:0.000, j=21:0.000, j=22:0.000, j=23:0.000, j=24:0.000, j=25:0.000, j=26:0.000, j=27:0.000, j=28:0.000, j=29:0.000, j=30:0.000, j=31:0.002, j=32:0.099, j=33:0.725, j=34:0.173
      i=35 -> j=0:0.000, j=1:0.000, j=2:0.000, j=3:0.000, j=4:0.000, j=5:0.000, j=6:0.000, j=7:0.000, j=8:0.000, j=9:0.000, j=10:0.000, j=11:0.000, j=12:0.000, j=13:0.000, j=14:0.000, j=15:0.000, j=16:0.000, j=17:0.000, j=18:0.000, j=19:0.000, j=20:0.000, j=21:0.000, j=22:0.000, j=23:0.000, j=24:0.000, j=25:0.000, j=26:0.000, j=27:0.000, j=28:0.000, j=29:0.000, j=30:0.000, j=31:0.000, j=32:0.003, j=33:0.138, j=34:0.655, j=35:0.203
      i=36 -> j=0:0.000, j=1:0.000, j=2:0.000, j=3:0.000, j=4:0.000, j=5:0.000, j=6:0.000, j=7:0.000, j=8:0.000, j=9:0.000, j=10:0.000, j=11:0.000, j=12:0.000, j=13:0.000, j=14:0.000, j=15:0.000, j=16:0.000, j=17:0.000, j=18:0.000, j=19:0.000, j=20:0.000, j=21:0.000, j=22:0.000, j=23:0.000, j=24:0.000, j=25:0.000, j=26:0.000, j=27:0.000, j=28:0.000, j=29:0.000, j=30:0.000, j=31:0.000, j=32:0.000, j=33:0.002, j=34:0.102, j=35:0.667, j=36:0.229
      i=37 -> j=0:0.000, j=1:0.000, j=2:0.000, j=3:0.000, j=4:0.000, j=5:0.000, j=6:0.000, j=7:0.000, j=8:0.000, j=9:0.000, j=10:0.000, j=11:0.000, j=12:0.000, j=13:0.000, j=14:0.000, j=15:0.000, j=16:0.000, j=17:0.000, j=18:0.000, j=19:0.000, j=20:0.000, j=21:0.000, j=22:0.000, j=23:0.000, j=24:0.000, j=25:0.000, j=26:0.000, j=27:0.000, j=28:0.000, j=29:0.000, j=30:0.000, j=31:0.000, j=32:0.000, j=33:0.000, j=34:0.002, j=35:0.098, j=36:0.720, j=37:0.179
      i=38 -> j=0:0.000, j=1:0.000, j=2:0.000, j=3:0.000, j=4:0.000, j=5:0.000, j=6:0.000, j=7:0.000, j=8:0.000, j=9:0.000, j=10:0.000, j=11:0.000, j=12:0.000, j=13:0.000, j=14:0.000, j=15:0.000, j=16:0.000, j=17:0.000, j=18:0.000, j=19:0.000, j=20:0.000, j=21:0.000, j=22:0.000, j=23:0.000, j=24:0.000, j=25:0.000, j=26:0.000, j=27:0.000, j=28:0.000, j=29:0.000, j=30:0.000, j=31:0.000, j=32:0.000, j=33:0.000, j=34:0.000, j=35:0.002, j=36:0.100, j=37:0.723, j=38:0.174
      i=39 -> j=0:0.000, j=1:0.000, j=2:0.000, j=3:0.000, j=4:0.000, j=5:0.000, j=6:0.000, j=7:0.000, j=8:0.000, j=9:0.000, j=10:0.000, j=11:0.000, j=12:0.000, j=13:0.000, j=14:0.000, j=15:0.000, j=16:0.000, j=17:0.000, j=18:0.000, j=19:0.000, j=20:0.000, j=21:0.000, j=22:0.000, j=23:0.000, j=24:0.000, j=25:0.000, j=26:0.000, j=27:0.000, j=28:0.000, j=29:0.000, j=30:0.000, j=31:0.000, j=32:0.000, j=33:0.000, j=34:0.000, j=35:0.000, j=36:0.002, j=37:0.122, j=38:0.680, j=39:0.194
      i=40 -> j=0:0.000, j=1:0.000, j=2:0.000, j=3:0.000, j=4:0.000, j=5:0.000, j=6:0.000, j=7:0.000, j=8:0.000, j=9:0.000, j=10:0.000, j=11:0.000, j=12:0.000, j=13:0.000, j=14:0.000, j=15:0.000, j=16:0.000, j=17:0.000, j=18:0.000, j=19:0.000, j=20:0.000, j=21:0.000, j=22:0.000, j=23:0.000, j=24:0.000, j=25:0.000, j=26:0.000, j=27:0.000, j=28:0.000, j=29:0.000, j=30:0.000, j=31:0.000, j=32:0.000, j=33:0.000, j=34:0.000, j=35:0.000, j=36:0.000, j=37:0.002, j=38:0.091, j=39:0.693, j=40:0.213
      i=41 -> j=0:0.000, j=1:0.000, j=2:0.000, j=3:0.000, j=4:0.000, j=5:0.000, j=6:0.000, j=7:0.000, j=8:0.000, j=9:0.000, j=10:0.000, j=11:0.000, j=12:0.000, j=13:0.000, j=14:0.000, j=15:0.000, j=16:0.000, j=17:0.000, j=18:0.000, j=19:0.000, j=20:0.000, j=21:0.000, j=22:0.000, j=23:0.000, j=24:0.000, j=25:0.000, j=26:0.000, j=27:0.000, j=28:0.000, j=29:0.000, j=30:0.000, j=31:0.000, j=32:0.000, j=33:0.000, j=34:0.000, j=35:0.000, j=36:0.000, j=37:0.000, j=38:0.002, j=39:0.123, j=40:0.637, j=41:0.236
      i=42 -> j=0:0.000, j=1:0.000, j=2:0.000, j=3:0.000, j=4:0.000, j=5:0.000, j=6:0.000, j=7:0.000, j=8:0.000, j=9:0.000, j=10:0.000, j=11:0.000, j=12:0.000, j=13:0.000, j=14:0.000, j=15:0.000, j=16:0.000, j=17:0.000, j=18:0.000, j=19:0.000, j=20:0.000, j=21:0.000, j=22:0.000, j=23:0.000, j=24:0.000, j=25:0.000, j=26:0.000, j=27:0.000, j=28:0.000, j=29:0.000, j=30:0.000, j=31:0.000, j=32:0.000, j=33:0.000, j=34:0.000, j=35:0.000, j=36:0.000, j=37:0.000, j=38:0.000, j=39:0.001, j=40:0.101, j=41:0.671, j=42:0.225
      i=43 -> j=0:0.000, j=1:0.000, j=2:0.000, j=3:0.000, j=4:0.000, j=5:0.000, j=6:0.000, j=7:0.000, j=8:0.000, j=9:0.000, j=10:0.000, j=11:0.000, j=12:0.000, j=13:0.000, j=14:0.000, j=15:0.000, j=16:0.000, j=17:0.000, j=18:0.000, j=19:0.000, j=20:0.000, j=21:0.000, j=22:0.000, j=23:0.000, j=24:0.000, j=25:0.000, j=26:0.000, j=27:0.000, j=28:0.000, j=29:0.000, j=30:0.000, j=31:0.000, j=32:0.000, j=33:0.000, j=34:0.000, j=35:0.000, j=36:0.000, j=37:0.000, j=38:0.000, j=39:0.000, j=40:0.002, j=41:0.094, j=42:0.726, j=43:0.177
      i=44 -> j=0:0.000, j=1:0.000, j=2:0.000, j=3:0.000, j=4:0.000, j=5:0.000, j=6:0.000, j=7:0.000, j=8:0.000, j=9:0.000, j=10:0.000, j=11:0.000, j=12:0.000, j=13:0.000, j=14:0.000, j=15:0.000, j=16:0.000, j=17:0.000, j=18:0.000, j=19:0.000, j=20:0.000, j=21:0.000, j=22:0.000, j=23:0.000, j=24:0.000, j=25:0.000, j=26:0.000, j=27:0.000, j=28:0.000, j=29:0.000, j=30:0.000, j=31:0.000, j=32:0.000, j=33:0.000, j=34:0.000, j=35:0.000, j=36:0.000, j=37:0.000, j=38:0.000, j=39:0.000, j=40:0.000, j=41:0.002, j=42:0.098, j=43:0.737, j=44:0.161
      i=45 -> j=0:0.000, j=1:0.000, j=2:0.000, j=3:0.000, j=4:0.000, j=5:0.000, j=6:0.000, j=7:0.000, j=8:0.000, j=9:0.000, j=10:0.000, j=11:0.000, j=12:0.000, j=13:0.000, j=14:0.000, j=15:0.000, j=16:0.000, j=17:0.000, j=18:0.000, j=19:0.000, j=20:0.000, j=21:0.000, j=22:0.000, j=23:0.000, j=24:0.000, j=25:0.000, j=26:0.000, j=27:0.000, j=28:0.000, j=29:0.000, j=30:0.000, j=31:0.000, j=32:0.000, j=33:0.000, j=34:0.000, j=35:0.000, j=36:0.000, j=37:0.000, j=38:0.000, j=39:0.000, j=40:0.000, j=41:0.000, j=42:0.002, j=43:0.124, j=44:0.668, j=45:0.204
      i=46 -> j=0:0.000, j=1:0.000, j=2:0.000, j=3:0.000, j=4:0.000, j=5:0.000, j=6:0.000, j=7:0.000, j=8:0.000, j=9:0.000, j=10:0.000, j=11:0.000, j=12:0.000, j=13:0.000, j=14:0.000, j=15:0.000, j=16:0.000, j=17:0.000, j=18:0.000, j=19:0.000, j=20:0.000, j=21:0.000, j=22:0.000, j=23:0.000, j=24:0.000, j=25:0.000, j=26:0.000, j=27:0.000, j=28:0.000, j=29:0.000, j=30:0.000, j=31:0.000, j=32:0.000, j=33:0.000, j=34:0.000, j=35:0.000, j=36:0.000, j=37:0.000, j=38:0.000, j=39:0.000, j=40:0.000, j=41:0.000, j=42:0.000, j=43:0.002, j=44:0.085, j=45:0.700, j=46:0.211
      i=47 -> j=0:0.000, j=1:0.000, j=2:0.000, j=3:0.000, j=4:0.000, j=5:0.000, j=6:0.000, j=7:0.000, j=8:0.000, j=9:0.000, j=10:0.000, j=11:0.000, j=12:0.000, j=13:0.000, j=14:0.000, j=15:0.000, j=16:0.000, j=17:0.000, j=18:0.000, j=19:0.000, j=20:0.000, j=21:0.000, j=22:0.000, j=23:0.000, j=24:0.000, j=25:0.000, j=26:0.000, j=27:0.000, j=28:0.000, j=29:0.000, j=30:0.000, j=31:0.000, j=32:0.000, j=33:0.000, j=34:0.000, j=35:0.000, j=36:0.000, j=37:0.000, j=38:0.000, j=39:0.000, j=40:0.000, j=41:0.000, j=42:0.000, j=43:0.000, j=44:0.001, j=45:0.103, j=46:0.679, j=47:0.215
      i=48 -> j=0:0.000, j=1:0.000, j=2:0.000, j=3:0.000, j=4:0.000, j=5:0.000, j=6:0.000, j=7:0.000, j=8:0.000, j=9:0.000, j=10:0.000, j=11:0.000, j=12:0.000, j=13:0.000, j=14:0.000, j=15:0.000, j=16:0.000, j=17:0.000, j=18:0.000, j=19:0.000, j=20:0.000, j=21:0.000, j=22:0.000, j=23:0.000, j=24:0.000, j=25:0.000, j=26:0.000, j=27:0.000, j=28:0.000, j=29:0.000, j=30:0.000, j=31:0.000, j=32:0.000, j=33:0.000, j=34:0.000, j=35:0.000, j=36:0.000, j=37:0.000, j=38:0.000, j=39:0.000, j=40:0.000, j=41:0.000, j=42:0.000, j=43:0.000, j=44:0.000, j=45:0.002, j=46:0.106, j=47:0.661, j=48:0.227
      i=49 -> j=0:0.000, j=1:0.000, j=2:0.000, j=3:0.000, j=4:0.000, j=5:0.000, j=6:0.000, j=7:0.000, j=8:0.000, j=9:0.000, j=10:0.000, j=11:0.000, j=12:0.000, j=13:0.000, j=14:0.000, j=15:0.000, j=16:0.000, j=17:0.000, j=18:0.000, j=19:0.000, j=20:0.000, j=21:0.000, j=22:0.000, j=23:0.000, j=24:0.000, j=25:0.000, j=26:0.000, j=27:0.000, j=28:0.000, j=29:0.000, j=30:0.000, j=31:0.000, j=32:0.000, j=33:0.000, j=34:0.000, j=35:0.000, j=36:0.000, j=37:0.000, j=38:0.000, j=39:0.000, j=40:0.000, j=41:0.000, j=42:0.000, j=43:0.000, j=44:0.000, j=45:0.000, j=46:0.002, j=47:0.112, j=48:0.657, j=49:0.226
      i=50 -> j=0:0.000, j=1:0.000, j=2:0.000, j=3:0.000, j=4:0.000, j=5:0.000, j=6:0.000, j=7:0.000, j=8:0.000, j=9:0.000, j=10:0.000, j=11:0.000, j=12:0.000, j=13:0.000, j=14:0.000, j=15:0.000, j=16:0.000, j=17:0.000, j=18:0.000, j=19:0.000, j=20:0.000, j=21:0.000, j=22:0.000, j=23:0.000, j=24:0.000, j=25:0.000, j=26:0.000, j=27:0.000, j=28:0.000, j=29:0.000, j=30:0.000, j=31:0.000, j=32:0.000, j=33:0.000, j=34:0.000, j=35:0.000, j=36:0.000, j=37:0.000, j=38:0.000, j=39:0.000, j=40:0.000, j=41:0.000, j=42:0.000, j=43:0.000, j=44:0.000, j=45:0.000, j=46:0.000, j=47:0.002, j=48:0.111, j=49:0.688, j=50:0.197
      i=51 -> j=0:0.000, j=1:0.000, j=2:0.000, j=3:0.000, j=4:0.000, j=5:0.000, j=6:0.000, j=7:0.000, j=8:0.000, j=9:0.000, j=10:0.000, j=11:0.000, j=12:0.000, j=13:0.000, j=14:0.000, j=15:0.000, j=16:0.000, j=17:0.000, j=18:0.000, j=19:0.000, j=20:0.000, j=21:0.000, j=22:0.000, j=23:0.000, j=24:0.000, j=25:0.000, j=26:0.000, j=27:0.000, j=28:0.000, j=29:0.000, j=30:0.000, j=31:0.000, j=32:0.000, j=33:0.000, j=34:0.000, j=35:0.000, j=36:0.000, j=37:0.000, j=38:0.000, j=39:0.000, j=40:0.000, j=41:0.000, j=42:0.000, j=43:0.000, j=44:0.000, j=45:0.000, j=46:0.000, j=47:0.000, j=48:0.002, j=49:0.074, j=50:0.719, j=51:0.204
      i=52 -> j=0:0.000, j=1:0.000, j=2:0.000, j=3:0.000, j=4:0.000, j=5:0.000, j=6:0.000, j=7:0.000, j=8:0.000, j=9:0.000, j=10:0.000, j=11:0.000, j=12:0.000, j=13:0.000, j=14:0.000, j=15:0.000, j=16:0.000, j=17:0.000, j=18:0.000, j=19:0.000, j=20:0.000, j=21:0.000, j=22:0.000, j=23:0.000, j=24:0.000, j=25:0.000, j=26:0.000, j=27:0.000, j=28:0.000, j=29:0.000, j=30:0.000, j=31:0.000, j=32:0.000, j=33:0.000, j=34:0.000, j=35:0.000, j=36:0.000, j=37:0.000, j=38:0.000, j=39:0.000, j=40:0.000, j=41:0.000, j=42:0.000, j=43:0.000, j=44:0.000, j=45:0.000, j=46:0.000, j=47:0.000, j=48:0.000, j=49:0.002, j=50:0.121, j=51:0.650, j=52:0.225
      i=53 -> j=0:0.000, j=1:0.000, j=2:0.000, j=3:0.000, j=4:0.000, j=5:0.000, j=6:0.000, j=7:0.000, j=8:0.000, j=9:0.000, j=10:0.000, j=11:0.000, j=12:0.000, j=13:0.000, j=14:0.000, j=15:0.000, j=16:0.000, j=17:0.000, j=18:0.000, j=19:0.000, j=20:0.000, j=21:0.000, j=22:0.000, j=23:0.000, j=24:0.000, j=25:0.000, j=26:0.000, j=27:0.000, j=28:0.000, j=29:0.000, j=30:0.000, j=31:0.000, j=32:0.000, j=33:0.000, j=34:0.000, j=35:0.000, j=36:0.000, j=37:0.000, j=38:0.000, j=39:0.000, j=40:0.000, j=41:0.000, j=42:0.000, j=43:0.000, j=44:0.000, j=45:0.000, j=46:0.000, j=47:0.000, j=48:0.000, j=49:0.000, j=50:0.002, j=51:0.080, j=52:0.721, j=53:0.196
      i=54 -> j=0:0.000, j=1:0.000, j=2:0.000, j=3:0.000, j=4:0.000, j=5:0.000, j=6:0.000, j=7:0.000, j=8:0.000, j=9:0.000, j=10:0.000, j=11:0.000, j=12:0.000, j=13:0.000, j=14:0.000, j=15:0.000, j=16:0.000, j=17:0.000, j=18:0.000, j=19:0.000, j=20:0.000, j=21:0.000, j=22:0.000, j=23:0.000, j=24:0.000, j=25:0.000, j=26:0.000, j=27:0.000, j=28:0.000, j=29:0.000, j=30:0.000, j=31:0.000, j=32:0.000, j=33:0.000, j=34:0.000, j=35:0.000, j=36:0.000, j=37:0.000, j=38:0.000, j=39:0.000, j=40:0.000, j=41:0.000, j=42:0.000, j=43:0.000, j=44:0.000, j=45:0.000, j=46:0.000, j=47:0.000, j=48:0.000, j=49:0.000, j=50:0.000, j=51:0.002, j=52:0.119, j=53:0.694, j=54:0.182
      i=55 -> j=0:0.000, j=1:0.000, j=2:0.000, j=3:0.000, j=4:0.000, j=5:0.000, j=6:0.000, j=7:0.000, j=8:0.000, j=9:0.000, j=10:0.000, j=11:0.000, j=12:0.000, j=13:0.000, j=14:0.000, j=15:0.000, j=16:0.000, j=17:0.000, j=18:0.000, j=19:0.000, j=20:0.000, j=21:0.000, j=22:0.000, j=23:0.000, j=24:0.000, j=25:0.000, j=26:0.000, j=27:0.000, j=28:0.000, j=29:0.000, j=30:0.000, j=31:0.000, j=32:0.000, j=33:0.000, j=34:0.000, j=35:0.000, j=36:0.000, j=37:0.000, j=38:0.000, j=39:0.000, j=40:0.000, j=41:0.000, j=42:0.000, j=43:0.000, j=44:0.000, j=45:0.000, j=46:0.000, j=47:0.000, j=48:0.000, j=49:0.000, j=50:0.000, j=51:0.000, j=52:0.002, j=53:0.100, j=54:0.668, j=55:0.228
      i=56 -> j=0:0.000, j=1:0.000, j=2:0.000, j=3:0.000, j=4:0.000, j=5:0.000, j=6:0.000, j=7:0.000, j=8:0.000, j=9:0.000, j=10:0.000, j=11:0.000, j=12:0.000, j=13:0.000, j=14:0.000, j=15:0.000, j=16:0.000, j=17:0.000, j=18:0.000, j=19:0.000, j=20:0.000, j=21:0.000, j=22:0.000, j=23:0.000, j=24:0.000, j=25:0.000, j=26:0.000, j=27:0.000, j=28:0.000, j=29:0.000, j=30:0.000, j=31:0.000, j=32:0.000, j=33:0.000, j=34:0.000, j=35:0.000, j=36:0.000, j=37:0.000, j=38:0.000, j=39:0.000, j=40:0.000, j=41:0.000, j=42:0.000, j=43:0.000, j=44:0.000, j=45:0.000, j=46:0.000, j=47:0.000, j=48:0.000, j=49:0.000, j=50:0.000, j=51:0.000, j=52:0.000, j=53:0.002, j=54:0.089, j=55:0.702, j=56:0.205
      i=57 -> j=0:0.000, j=1:0.000, j=2:0.000, j=3:0.000, j=4:0.000, j=5:0.000, j=6:0.000, j=7:0.000, j=8:0.000, j=9:0.000, j=10:0.000, j=11:0.000, j=12:0.000, j=13:0.000, j=14:0.000, j=15:0.000, j=16:0.000, j=17:0.000, j=18:0.000, j=19:0.000, j=20:0.000, j=21:0.000, j=22:0.000, j=23:0.000, j=24:0.000, j=25:0.000, j=26:0.000, j=27:0.000, j=28:0.000, j=29:0.000, j=30:0.000, j=31:0.000, j=32:0.000, j=33:0.000, j=34:0.000, j=35:0.000, j=36:0.000, j=37:0.000, j=38:0.000, j=39:0.000, j=40:0.000, j=41:0.000, j=42:0.000, j=43:0.000, j=44:0.000, j=45:0.000, j=46:0.000, j=47:0.000, j=48:0.000, j=49:0.000, j=50:0.000, j=51:0.000, j=52:0.000, j=53:0.000, j=54:0.002, j=55:0.094, j=56:0.732, j=57:0.171
      i=58 -> j=0:0.000, j=1:0.000, j=2:0.000, j=3:0.000, j=4:0.000, j=5:0.000, j=6:0.000, j=7:0.000, j=8:0.000, j=9:0.000, j=10:0.000, j=11:0.000, j=12:0.000, j=13:0.000, j=14:0.000, j=15:0.000, j=16:0.000, j=17:0.000, j=18:0.000, j=19:0.000, j=20:0.000, j=21:0.000, j=22:0.000, j=23:0.000, j=24:0.000, j=25:0.000, j=26:0.000, j=27:0.000, j=28:0.000, j=29:0.000, j=30:0.000, j=31:0.000, j=32:0.000, j=33:0.000, j=34:0.000, j=35:0.000, j=36:0.000, j=37:0.000, j=38:0.000, j=39:0.000, j=40:0.000, j=41:0.000, j=42:0.000, j=43:0.000, j=44:0.000, j=45:0.000, j=46:0.000, j=47:0.000, j=48:0.000, j=49:0.000, j=50:0.000, j=51:0.000, j=52:0.000, j=53:0.000, j=54:0.000, j=55:0.002, j=56:0.104, j=57:0.727, j=58:0.165
      i=59 -> j=0:0.000, j=1:0.000, j=2:0.000, j=3:0.000, j=4:0.000, j=5:0.000, j=6:0.000, j=7:0.000, j=8:0.000, j=9:0.000, j=10:0.000, j=11:0.000, j=12:0.000, j=13:0.000, j=14:0.000, j=15:0.000, j=16:0.000, j=17:0.000, j=18:0.000, j=19:0.000, j=20:0.000, j=21:0.000, j=22:0.000, j=23:0.000, j=24:0.000, j=25:0.000, j=26:0.000, j=27:0.000, j=28:0.000, j=29:0.000, j=30:0.000, j=31:0.000, j=32:0.000, j=33:0.000, j=34:0.000, j=35:0.000, j=36:0.000, j=37:0.000, j=38:0.000, j=39:0.000, j=40:0.000, j=41:0.000, j=42:0.000, j=43:0.000, j=44:0.000, j=45:0.000, j=46:0.000, j=47:0.000, j=48:0.000, j=49:0.000, j=50:0.000, j=51:0.000, j=52:0.000, j=53:0.000, j=54:0.000, j=55:0.000, j=56:0.002, j=57:0.071, j=58:0.708, j=59:0.218
      i=60 -> j=0:0.000, j=1:0.000, j=2:0.000, j=3:0.000, j=4:0.000, j=5:0.000, j=6:0.000, j=7:0.000, j=8:0.000, j=9:0.000, j=10:0.000, j=11:0.000, j=12:0.000, j=13:0.000, j=14:0.000, j=15:0.000, j=16:0.000, j=17:0.000, j=18:0.000, j=19:0.000, j=20:0.000, j=21:0.000, j=22:0.000, j=23:0.000, j=24:0.000, j=25:0.000, j=26:0.000, j=27:0.000, j=28:0.000, j=29:0.000, j=30:0.000, j=31:0.000, j=32:0.000, j=33:0.000, j=34:0.000, j=35:0.000, j=36:0.000, j=37:0.000, j=38:0.000, j=39:0.000, j=40:0.000, j=41:0.000, j=42:0.000, j=43:0.000, j=44:0.000, j=45:0.000, j=46:0.000, j=47:0.000, j=48:0.000, j=49:0.000, j=50:0.000, j=51:0.000, j=52:0.000, j=53:0.000, j=54:0.000, j=55:0.000, j=56:0.000, j=57:0.001, j=58:0.110, j=59:0.717, j=60:0.169
      i=61 -> j=0:0.000, j=1:0.000, j=2:0.000, j=3:0.000, j=4:0.000, j=5:0.000, j=6:0.000, j=7:0.000, j=8:0.000, j=9:0.000, j=10:0.000, j=11:0.000, j=12:0.000, j=13:0.000, j=14:0.000, j=15:0.000, j=16:0.000, j=17:0.000, j=18:0.000, j=19:0.000, j=20:0.000, j=21:0.000, j=22:0.000, j=23:0.000, j=24:0.000, j=25:0.000, j=26:0.000, j=27:0.000, j=28:0.000, j=29:0.000, j=30:0.000, j=31:0.000, j=32:0.000, j=33:0.000, j=34:0.000, j=35:0.000, j=36:0.000, j=37:0.000, j=38:0.000, j=39:0.000, j=40:0.000, j=41:0.000, j=42:0.000, j=43:0.000, j=44:0.000, j=45:0.000, j=46:0.000, j=47:0.000, j=48:0.000, j=49:0.000, j=50:0.000, j=51:0.000, j=52:0.000, j=53:0.000, j=54:0.000, j=55:0.000, j=56:0.000, j=57:0.000, j=58:0.002, j=59:0.150, j=60:0.623, j=61:0.222
      i=62 -> j=0:0.000, j=1:0.000, j=2:0.000, j=3:0.000, j=4:0.000, j=5:0.000, j=6:0.000, j=7:0.000, j=8:0.000, j=9:0.000, j=10:0.000, j=11:0.000, j=12:0.000, j=13:0.000, j=14:0.000, j=15:0.000, j=16:0.000, j=17:0.000, j=18:0.000, j=19:0.000, j=20:0.000, j=21:0.000, j=22:0.000, j=23:0.000, j=24:0.000, j=25:0.000, j=26:0.000, j=27:0.000, j=28:0.000, j=29:0.000, j=30:0.000, j=31:0.000, j=32:0.000, j=33:0.000, j=34:0.000, j=35:0.000, j=36:0.000, j=37:0.000, j=38:0.000, j=39:0.000, j=40:0.000, j=41:0.000, j=42:0.000, j=43:0.000, j=44:0.000, j=45:0.000, j=46:0.000, j=47:0.000, j=48:0.000, j=49:0.000, j=50:0.000, j=51:0.000, j=52:0.000, j=53:0.000, j=54:0.000, j=55:0.000, j=56:0.000, j=57:0.000, j=58:0.000, j=59:0.002, j=60:0.109, j=61:0.659, j=62:0.227
      i=63 -> j=0:0.000, j=1:0.000, j=2:0.000, j=3:0.000, j=4:0.000, j=5:0.000, j=6:0.000, j=7:0.000, j=8:0.000, j=9:0.000, j=10:0.000, j=11:0.000, j=12:0.000, j=13:0.000, j=14:0.000, j=15:0.000, j=16:0.000, j=17:0.000, j=18:0.000, j=19:0.000, j=20:0.000, j=21:0.000, j=22:0.000, j=23:0.000, j=24:0.000, j=25:0.000, j=26:0.000, j=27:0.000, j=28:0.000, j=29:0.000, j=30:0.000, j=31:0.000, j=32:0.000, j=33:0.000, j=34:0.000, j=35:0.000, j=36:0.000, j=37:0.000, j=38:0.000, j=39:0.000, j=40:0.000, j=41:0.000, j=42:0.000, j=43:0.000, j=44:0.000, j=45:0.000, j=46:0.000, j=47:0.000, j=48:0.000, j=49:0.000, j=50:0.000, j=51:0.000, j=52:0.000, j=53:0.000, j=54:0.000, j=55:0.000, j=56:0.000, j=57:0.000, j=58:0.000, j=59:0.000, j=60:0.002, j=61:0.084, j=62:0.707, j=63:0.205
    Average attention per distance:
      d=0:0.216, d=1:0.692, d=2:0.103

--- Layer 1 ---
  Head 0: Entropy=1.926
    Attention coefficients from each query position to previous positions:
      i= 0 -> j=0:1.000
      i= 1 -> j=0:0.815, j=1:0.185
      i= 2 -> j=0:0.136, j=1:0.837, j=2:0.027
      i= 3 -> j=0:0.101, j=1:0.865, j=2:0.017, j=3:0.018
      i= 4 -> j=0:0.055, j=1:0.491, j=2:0.053, j=3:0.121, j=4:0.279
      i= 5 -> j=0:0.016, j=1:0.127, j=2:0.038, j=3:0.168, j=4:0.388, j=5:0.263
      i= 6 -> j=0:0.008, j=1:0.022, j=2:0.014, j=3:0.025, j=4:0.239, j=5:0.580, j=6:0.111
      i= 7 -> j=0:0.011, j=1:0.018, j=2:0.012, j=3:0.013, j=4:0.099, j=5:0.408, j=6:0.368, j=7:0.070
      i= 8 -> j=0:0.017, j=1:0.027, j=2:0.005, j=3:0.006, j=4:0.053, j=5:0.341, j=6:0.326, j=7:0.067, j=8:0.158
      i= 9 -> j=0:0.017, j=1:0.061, j=2:0.006, j=3:0.004, j=4:0.029, j=5:0.075, j=6:0.119, j=7:0.053, j=8:0.550, j=9:0.086
      i=10 -> j=0:0.011, j=1:0.048, j=2:0.010, j=3:0.005, j=4:0.039, j=5:0.059, j=6:0.085, j=7:0.034, j=8:0.520, j=9:0.152, j=10:0.038
      i=11 -> j=0:0.010, j=1:0.037, j=2:0.010, j=3:0.008, j=4:0.029, j=5:0.032, j=6:0.033, j=7:0.024, j=8:0.311, j=9:0.169, j=10:0.106, j=11:0.231
      i=12 -> j=0:0.005, j=1:0.015, j=2:0.006, j=3:0.007, j=4:0.023, j=5:0.024, j=6:0.012, j=7:0.007, j=8:0.069, j=9:0.073, j=10:0.103, j=11:0.412, j=12:0.245
      i=13 -> j=0:0.004, j=1:0.009, j=2:0.003, j=3:0.003, j=4:0.016, j=5:0.020, j=6:0.007, j=7:0.003, j=8:0.016, j=9:0.018, j=10:0.027, j=11:0.226, j=12:0.470, j=13:0.178
      i=14 -> j=0:0.006, j=1:0.010, j=2:0.005, j=3:0.003, j=4:0.014, j=5:0.016, j=6:0.010, j=7:0.004, j=8:0.015, j=9:0.013, j=10:0.011, j=11:0.081, j=12:0.315, j=13:0.424, j=14:0.074
      i=15 -> j=0:0.003, j=1:0.004, j=2:0.004, j=3:0.002, j=4:0.005, j=5:0.005, j=6:0.007, j=7:0.005, j=8:0.011, j=9:0.008, j=10:0.005, j=11:0.021, j=12:0.104, j=13:0.452, j=14:0.288, j=15:0.077
      i=16 -> j=0:0.003, j=1:0.008, j=2:0.003, j=3:0.002, j=4:0.005, j=5:0.005, j=6:0.007, j=7:0.005, j=8:0.017, j=9:0.008, j=10:0.003, j=11:0.010, j=12:0.042, j=13:0.299, j=14:0.305, j=15:0.124, j=16:0.154
      i=17 -> j=0:0.004, j=1:0.011, j=2:0.006, j=3:0.003, j=4:0.013, j=5:0.009, j=6:0.008, j=7:0.005, j=8:0.027, j=9:0.017, j=10:0.005, j=11:0.015, j=12:0.016, j=13:0.072, j=14:0.111, j=15:0.071, j=16:0.493, j=17:0.113
      i=18 -> j=0:0.002, j=1:0.004, j=2:0.003, j=3:0.002, j=4:0.005, j=5:0.004, j=6:0.003, j=7:0.002, j=8:0.011, j=9:0.008, j=10:0.004, j=11:0.008, j=12:0.008, j=13:0.029, j=14:0.056, j=15:0.067, j=16:0.588, j=17:0.086, j=18:0.111
      i=19 -> j=0:0.004, j=1:0.006, j=2:0.004, j=3:0.002, j=4:0.010, j=5:0.008, j=6:0.005, j=7:0.002, j=8:0.011, j=9:0.009, j=10:0.004, j=11:0.015, j=12:0.014, j=13:0.026, j=14:0.021, j=15:0.013, j=16:0.149, j=17:0.122, j=18:0.462, j=19:0.112
      i=20 -> j=0:0.004, j=1:0.006, j=2:0.006, j=3:0.003, j=4:0.009, j=5:0.006, j=6:0.006, j=7:0.003, j=8:0.009, j=9:0.008, j=10:0.004, j=11:0.010, j=12:0.011, j=13:0.025, j=14:0.019, j=15:0.008, j=16:0.042, j=17:0.077, j=18:0.303, j=19:0.388, j=20:0.054
      i=21 -> j=0:0.004, j=1:0.005, j=2:0.005, j=3:0.003, j=4:0.006, j=5:0.006, j=6:0.006, j=7:0.004, j=8:0.007, j=9:0.006, j=10:0.004, j=11:0.010, j=12:0.016, j=13:0.022, j=14:0.012, j=15:0.006, j=16:0.016, j=17:0.033, j=18:0.195, j=19:0.367, j=20:0.092, j=21:0.174
      i=22 -> j=0:0.002, j=1:0.005, j=2:0.003, j=3:0.001, j=4:0.004, j=5:0.003, j=6:0.003, j=7:0.002, j=8:0.008, j=9:0.005, j=10:0.001, j=11:0.004, j=12:0.006, j=13:0.020, j=14:0.014, j=15:0.005, j=16:0.018, j=17:0.021, j=18:0.066, j=19:0.263, j=20:0.080, j=21:0.451, j=22:0.014
      i=23 -> j=0:0.003, j=1:0.004, j=2:0.006, j=3:0.004, j=4:0.004, j=5:0.002, j=6:0.004, j=7:0.005, j=8:0.006, j=9:0.005, j=10:0.003, j=11:0.003, j=12:0.004, j=13:0.008, j=14:0.009, j=15:0.009, j=16:0.008, j=17:0.007, j=18:0.013, j=19:0.079, j=20:0.156, j=21:0.417, j=22:0.131, j=23:0.110
      i=24 -> j=0:0.003, j=1:0.004, j=2:0.005, j=3:0.004, j=4:0.004, j=5:0.002, j=6:0.003, j=7:0.004, j=8:0.006, j=9:0.005, j=10:0.004, j=11:0.004, j=12:0.003, j=13:0.005, j=14:0.007, j=15:0.010, j=16:0.011, j=17:0.006, j=18:0.005, j=19:0.013, j=20:0.032, j=21:0.094, j=22:0.160, j=23:0.463, j=24:0.145
      i=25 -> j=0:0.002, j=1:0.003, j=2:0.002, j=3:0.001, j=4:0.003, j=5:0.002, j=6:0.001, j=7:0.001, j=8:0.003, j=9:0.003, j=10:0.001, j=11:0.003, j=12:0.003, j=13:0.005, j=14:0.003, j=15:0.002, j=16:0.007, j=17:0.006, j=18:0.009, j=19:0.008, j=20:0.003, j=21:0.016, j=22:0.006, j=23:0.130, j=24:0.747, j=25:0.030
      i=26 -> j=0:0.002, j=1:0.003, j=2:0.003, j=3:0.001, j=4:0.004, j=5:0.003, j=6:0.002, j=7:0.001, j=8:0.004, j=9:0.003, j=10:0.001, j=11:0.004, j=12:0.004, j=13:0.007, j=14:0.005, j=15:0.002, j=16:0.008, j=17:0.009, j=18:0.013, j=19:0.013, j=20:0.004, j=21:0.014, j=22:0.004, j=23:0.082, j=24:0.699, j=25:0.065, j=26:0.040
      i=27 -> j=0:0.004, j=1:0.006, j=2:0.004, j=3:0.002, j=4:0.005, j=5:0.004, j=6:0.003, j=7:0.002, j=8:0.005, j=9:0.004, j=10:0.002, j=11:0.004, j=12:0.005, j=13:0.009, j=14:0.005, j=15:0.003, j=16:0.007, j=17:0.010, j=18:0.015, j=19:0.017, j=20:0.005, j=21:0.018, j=22:0.004, j=23:0.046, j=24:0.517, j=25:0.109, j=26:0.133, j=27:0.053
      i=28 -> j=0:0.006, j=1:0.012, j=2:0.007, j=3:0.003, j=4:0.010, j=5:0.006, j=6:0.006, j=7:0.003, j=8:0.012, j=9:0.008, j=10:0.002, j=11:0.005, j=12:0.006, j=13:0.018, j=14:0.013, j=15:0.005, j=16:0.013, j=17:0.014, j=18:0.016, j=19:0.033, j=20:0.009, j=21:0.058, j=22:0.004, j=23:0.044, j=24:0.286, j=25:0.102, j=26:0.146, j=27:0.127, j=28:0.025
      i=29 -> j=0:0.008, j=1:0.016, j=2:0.011, j=3:0.004, j=4:0.015, j=5:0.007, j=6:0.007, j=7:0.004, j=8:0.017, j=9:0.012, j=10:0.003, j=11:0.007, j=12:0.006, j=13:0.019, j=14:0.016, j=15:0.006, j=16:0.017, j=17:0.018, j=18:0.013, j=19:0.029, j=20:0.010, j=21:0.069, j=22:0.005, j=23:0.054, j=24:0.248, j=25:0.086, j=26:0.108, j=27:0.120, j=28:0.045, j=29:0.019
      i=30 -> j=0:0.011, j=1:0.021, j=2:0.013, j=3:0.007, j=4:0.019, j=5:0.010, j=6:0.008, j=7:0.005, j=8:0.019, j=9:0.014, j=10:0.005, j=11:0.009, j=12:0.007, j=13:0.017, j=14:0.013, j=15:0.008, j=16:0.020, j=17:0.018, j=18:0.012, j=19:0.020, j=20:0.008, j=21:0.060, j=22:0.006, j=23:0.050, j=24:0.179, j=25:0.056, j=26:0.068, j=27:0.105, j=28:0.075, j=29:0.048, j=30:0.092
      i=31 -> j=0:0.014, j=1:0.017, j=2:0.016, j=3:0.013, j=4:0.019, j=5:0.012, j=6:0.010, j=7:0.009, j=8:0.015, j=9:0.015, j=10:0.009, j=11:0.011, j=12:0.008, j=13:0.012, j=14:0.011, j=15:0.011, j=16:0.018, j=17:0.016, j=18:0.011, j=19:0.012, j=20:0.009, j=21:0.029, j=22:0.011, j=23:0.032, j=24:0.054, j=25:0.025, j=26:0.029, j=27:0.051, j=28:0.083, j=29:0.095, j=30:0.146, j=31:0.175
      i=32 -> j=0:0.008, j=1:0.007, j=2:0.009, j=3:0.009, j=4:0.009, j=5:0.007, j=6:0.006, j=7:0.006, j=8:0.006, j=9:0.007, j=10:0.007, j=11:0.007, j=12:0.005, j=13:0.004, j=14:0.004, j=15:0.006, j=16:0.008, j=17:0.009, j=18:0.007, j=19:0.005, j=20:0.005, j=21:0.008, j=22:0.009, j=23:0.018, j=24:0.025, j=25:0.009, j=26:0.007, j=27:0.009, j=28:0.028, j=29:0.078, j=30:0.203, j=31:0.295, j=32:0.171
      i=33 -> j=0:0.005, j=1:0.007, j=2:0.005, j=3:0.002, j=4:0.006, j=5:0.004, j=6:0.004, j=7:0.002, j=8:0.006, j=9:0.004, j=10:0.002, j=11:0.003, j=12:0.003, j=13:0.006, j=14:0.005, j=15:0.002, j=16:0.004, j=17:0.006, j=18:0.004, j=19:0.007, j=20:0.003, j=21:0.006, j=22:0.001, j=23:0.004, j=24:0.015, j=25:0.010, j=26:0.006, j=27:0.004, j=28:0.002, j=29:0.002, j=30:0.006, j=31:0.052, j=32:0.778, j=33:0.025
      i=34 -> j=0:0.003, j=1:0.005, j=2:0.002, j=3:0.001, j=4:0.003, j=5:0.002, j=6:0.002, j=7:0.001, j=8:0.003, j=9:0.002, j=10:0.001, j=11:0.001, j=12:0.002, j=13:0.003, j=14:0.002, j=15:0.001, j=16:0.002, j=17:0.002, j=18:0.002, j=19:0.003, j=20:0.001, j=21:0.003, j=22:0.000, j=23:0.002, j=24:0.008, j=25:0.005, j=26:0.003, j=27:0.002, j=28:0.001, j=29:0.001, j=30:0.003, j=31:0.033, j=32:0.859, j=33:0.016, j=34:0.019
      i=35 -> j=0:0.012, j=1:0.018, j=2:0.011, j=3:0.006, j=4:0.014, j=5:0.009, j=6:0.009, j=7:0.005, j=8:0.014, j=9:0.010, j=10:0.004, j=11:0.006, j=12:0.005, j=13:0.011, j=14:0.009, j=15:0.004, j=16:0.007, j=17:0.009, j=18:0.005, j=19:0.009, j=20:0.005, j=21:0.013, j=22:0.002, j=23:0.006, j=24:0.013, j=25:0.013, j=26:0.011, j=27:0.007, j=28:0.004, j=29:0.002, j=30:0.005, j=31:0.028, j=32:0.391, j=33:0.059, j=34:0.153, j=35:0.113
      i=36 -> j=0:0.013, j=1:0.022, j=2:0.012, j=3:0.007, j=4:0.018, j=5:0.011, j=6:0.009, j=7:0.005, j=8:0.016, j=9:0.011, j=10:0.004, j=11:0.007, j=12:0.005, j=13:0.010, j=14:0.008, j=15:0.005, j=16:0.009, j=17:0.009, j=18:0.004, j=19:0.007, j=20:0.003, j=21:0.012, j=22:0.002, j=23:0.006, j=24:0.012, j=25:0.009, j=26:0.007, j=27:0.006, j=28:0.004, j=29:0.002, j=30:0.004, j=31:0.014, j=32:0.119, j=33:0.033, j=34:0.154, j=35:0.338, j=36:0.084
      i=37 -> j=0:0.006, j=1:0.009, j=2:0.006, j=3:0.005, j=4:0.008, j=5:0.006, j=6:0.005, j=7:0.004, j=8:0.007, j=9:0.006, j=10:0.004, j=11:0.005, j=12:0.004, j=13:0.005, j=14:0.004, j=15:0.004, j=16:0.006, j=17:0.005, j=18:0.003, j=19:0.004, j=20:0.003, j=21:0.007, j=22:0.002, j=23:0.005, j=24:0.008, j=25:0.005, j=26:0.005, j=27:0.006, j=28:0.005, j=29:0.003, j=30:0.004, j=31:0.006, j=32:0.022, j=33:0.018, j=34:0.117, j=35:0.277, j=36:0.080, j=37:0.320
      i=38 -> j=0:0.004, j=1:0.005, j=2:0.002, j=3:0.002, j=4:0.005, j=5:0.004, j=6:0.002, j=7:0.001, j=8:0.003, j=9:0.002, j=10:0.001, j=11:0.002, j=12:0.002, j=13:0.002, j=14:0.001, j=15:0.001, j=16:0.002, j=17:0.002, j=18:0.001, j=19:0.001, j=20:0.001, j=21:0.002, j=22:0.000, j=23:0.002, j=24:0.005, j=25:0.002, j=26:0.001, j=27:0.001, j=28:0.001, j=29:0.001, j=30:0.002, j=31:0.003, j=32:0.015, j=33:0.004, j=34:0.018, j=35:0.090, j=36:0.049, j=37:0.704, j=38:0.050
      i=39 -> j=0:0.004, j=1:0.005, j=2:0.002, j=3:0.002, j=4:0.004, j=5:0.004, j=6:0.002, j=7:0.001, j=8:0.003, j=9:0.002, j=10:0.001, j=11:0.002, j=12:0.002, j=13:0.003, j=14:0.001, j=15:0.001, j=16:0.002, j=17:0.002, j=18:0.002, j=19:0.001, j=20:0.001, j=21:0.002, j=22:0.000, j=23:0.001, j=24:0.004, j=25:0.002, j=26:0.001, j=27:0.001, j=28:0.001, j=29:0.001, j=30:0.001, j=31:0.004, j=32:0.017, j=33:0.002, j=34:0.006, j=35:0.027, j=36:0.034, j=37:0.567, j=38:0.193, j=39:0.087
      i=40 -> j=0:0.010, j=1:0.012, j=2:0.007, j=3:0.005, j=4:0.009, j=5:0.008, j=6:0.007, j=7:0.005, j=8:0.008, j=9:0.006, j=10:0.004, j=11:0.006, j=12:0.006, j=13:0.007, j=14:0.005, j=15:0.003, j=16:0.004, j=17:0.006, j=18:0.004, j=19:0.005, j=20:0.003, j=21:0.004, j=22:0.002, j=23:0.003, j=24:0.007, j=25:0.006, j=26:0.005, j=27:0.003, j=28:0.003, j=29:0.002, j=30:0.004, j=31:0.009, j=32:0.028, j=33:0.005, j=34:0.007, j=35:0.018, j=36:0.031, j=37:0.206, j=38:0.231, j=39:0.202, j=40:0.093
      i=41 -> j=0:0.010, j=1:0.012, j=2:0.010, j=3:0.007, j=4:0.009, j=5:0.008, j=6:0.009, j=7:0.008, j=8:0.010, j=9:0.008, j=10:0.006, j=11:0.006, j=12:0.006, j=13:0.007, j=14:0.007, j=15:0.005, j=16:0.005, j=17:0.006, j=18:0.004, j=19:0.006, j=20:0.005, j=21:0.005, j=22:0.003, j=23:0.003, j=24:0.004, j=25:0.007, j=26:0.007, j=27:0.005, j=28:0.004, j=29:0.003, j=30:0.004, j=31:0.007, j=32:0.019, j=33:0.008, j=34:0.006, j=35:0.008, j=36:0.012, j=37:0.026, j=38:0.079, j=39:0.195, j=40:0.302, j=41:0.141
      i=42 -> j=0:0.005, j=1:0.009, j=2:0.004, j=3:0.002, j=4:0.006, j=5:0.005, j=6:0.003, j=7:0.002, j=8:0.007, j=9:0.004, j=10:0.002, j=11:0.003, j=12:0.003, j=13:0.005, j=14:0.003, j=15:0.002, j=16:0.003, j=17:0.003, j=18:0.002, j=19:0.002, j=20:0.001, j=21:0.003, j=22:0.000, j=23:0.001, j=24:0.003, j=25:0.002, j=26:0.002, j=27:0.001, j=28:0.001, j=29:0.000, j=30:0.001, j=31:0.002, j=32:0.007, j=33:0.002, j=34:0.003, j=35:0.005, j=36:0.003, j=37:0.015, j=38:0.006, j=39:0.023, j=40:0.128, j=41:0.693, j=42:0.025
      i=43 -> j=0:0.006, j=1:0.009, j=2:0.005, j=3:0.003, j=4:0.008, j=5:0.006, j=6:0.005, j=7:0.003, j=8:0.008, j=9:0.006, j=10:0.003, j=11:0.004, j=12:0.004, j=13:0.006, j=14:0.005, j=15:0.003, j=16:0.005, j=17:0.004, j=18:0.002, j=19:0.003, j=20:0.002, j=21:0.004, j=22:0.001, j=23:0.003, j=24:0.004, j=25:0.003, j=26:0.003, j=27:0.002, j=28:0.002, j=29:0.001, j=30:0.002, j=31:0.003, j=32:0.008, j=33:0.004, j=34:0.005, j=35:0.008, j=36:0.004, j=37:0.016, j=38:0.006, j=39:0.019, j=40:0.101, j=41:0.591, j=42:0.042, j=43:0.072
      i=44 -> j=0:0.008, j=1:0.012, j=2:0.006, j=3:0.004, j=4:0.011, j=5:0.009, j=6:0.006, j=7:0.003, j=8:0.009, j=9:0.007, j=10:0.003, j=11:0.006, j=12:0.005, j=13:0.007, j=14:0.005, j=15:0.003, j=16:0.006, j=17:0.006, j=18:0.003, j=19:0.003, j=20:0.002, j=21:0.004, j=22:0.001, j=23:0.003, j=24:0.005, j=25:0.004, j=26:0.002, j=27:0.002, j=28:0.002, j=29:0.001, j=30:0.002, j=31:0.003, j=32:0.007, j=33:0.003, j=34:0.004, j=35:0.008, j=36:0.005, j=37:0.027, j=38:0.006, j=39:0.011, j=40:0.044, j=41:0.357, j=42:0.066, j=43:0.229, j=44:0.081
      i=45 -> j=0:0.013, j=1:0.019, j=2:0.008, j=3:0.005, j=4:0.015, j=5:0.013, j=6:0.010, j=7:0.004, j=8:0.014, j=9:0.009, j=10:0.004, j=11:0.008, j=12:0.007, j=13:0.012, j=14:0.008, j=15:0.003, j=16:0.007, j=17:0.008, j=18:0.005, j=19:0.006, j=20:0.002, j=21:0.005, j=22:0.001, j=23:0.003, j=24:0.007, j=25:0.006, j=26:0.003, j=27:0.002, j=28:0.002, j=29:0.001, j=30:0.002, j=31:0.005, j=32:0.014, j=33:0.004, j=34:0.003, j=35:0.009, j=36:0.006, j=37:0.050, j=38:0.009, j=39:0.017, j=40:0.036, j=41:0.133, j=42:0.045, j=43:0.238, j=44:0.185, j=45:0.033
      i=46 -> j=0:0.021, j=1:0.034, j=2:0.012, j=3:0.006, j=4:0.022, j=5:0.018, j=6:0.014, j=7:0.006, j=8:0.023, j=9:0.013, j=10:0.005, j=11:0.010, j=12:0.011, j=13:0.020, j=14:0.012, j=15:0.005, j=16:0.010, j=17:0.011, j=18:0.006, j=19:0.009, j=20:0.003, j=21:0.008, j=22:0.001, j=23:0.003, j=24:0.008, j=25:0.007, j=26:0.005, j=27:0.002, j=28:0.002, j=29:0.001, j=30:0.002, j=31:0.005, j=32:0.017, j=33:0.004, j=34:0.003, j=35:0.007, j=36:0.005, j=37:0.045, j=38:0.010, j=39:0.023, j=40:0.042, j=41:0.109, j=42:0.030, j=43:0.163, j=44:0.158, j=45:0.054, j=46:0.016
      i=47 -> j=0:0.022, j=1:0.033, j=2:0.014, j=3:0.010, j=4:0.021, j=5:0.018, j=6:0.016, j=7:0.010, j=8:0.024, j=9:0.015, j=10:0.008, j=11:0.013, j=12:0.014, j=13:0.021, j=14:0.014, j=15:0.008, j=16:0.012, j=17:0.012, j=18:0.008, j=19:0.011, j=20:0.006, j=21:0.011, j=22:0.002, j=23:0.005, j=24:0.008, j=25:0.009, j=26:0.007, j=27:0.004, j=28:0.003, j=29:0.002, j=30:0.003, j=31:0.006, j=32:0.015, j=33:0.007, j=34:0.005, j=35:0.007, j=36:0.006, j=37:0.028, j=38:0.011, j=39:0.024, j=40:0.033, j=41:0.063, j=42:0.021, j=43:0.081, j=44:0.116, j=45:0.084, j=46:0.045, j=47:0.082
      i=48 -> j=0:0.019, j=1:0.025, j=2:0.015, j=3:0.013, j=4:0.018, j=5:0.016, j=6:0.015, j=7:0.014, j=8:0.021, j=9:0.016, j=10:0.011, j=11:0.013, j=12:0.014, j=13:0.017, j=14:0.014, j=15:0.011, j=16:0.013, j=17:0.012, j=18:0.009, j=19:0.011, j=20:0.008, j=21:0.012, j=22:0.005, j=23:0.006, j=24:0.007, j=25:0.009, j=26:0.009, j=27:0.007, j=28:0.006, j=29:0.004, j=30:0.005, j=31:0.006, j=32:0.010, j=33:0.009, j=34:0.006, j=35:0.006, j=36:0.006, j=37:0.013, j=38:0.009, j=39:0.017, j=40:0.019, j=41:0.023, j=42:0.012, j=43:0.027, j=44:0.050, j=45:0.083, j=46:0.083, j=47:0.115, j=48:0.131
      i=49 -> j=0:0.011, j=1:0.012, j=2:0.012, j=3:0.011, j=4:0.012, j=5:0.010, j=6:0.010, j=7:0.010, j=8:0.012, j=9:0.011, j=10:0.010, j=11:0.009, j=12:0.008, j=13:0.009, j=14:0.010, j=15:0.010, j=16:0.009, j=17:0.009, j=18:0.006, j=19:0.007, j=20:0.008, j=21:0.008, j=22:0.006, j=23:0.005, j=24:0.004, j=25:0.006, j=26:0.006, j=27:0.006, j=28:0.006, j=29:0.005, j=30:0.004, j=31:0.004, j=32:0.004, j=33:0.008, j=34:0.006, j=35:0.005, j=36:0.005, j=37:0.005, j=38:0.005, j=39:0.009, j=40:0.013, j=41:0.016, j=42:0.006, j=43:0.008, j=44:0.008, j=45:0.020, j=46:0.048, j=47:0.124, j=48:0.284, j=49:0.163
      i=50 -> j=0:0.007, j=1:0.010, j=2:0.005, j=3:0.003, j=4:0.009, j=5:0.008, j=6:0.006, j=7:0.003, j=8:0.008, j=9:0.006, j=10:0.003, j=11:0.005, j=12:0.004, j=13:0.007, j=14:0.006, j=15:0.003, j=16:0.005, j=17:0.005, j=18:0.003, j=19:0.004, j=20:0.002, j=21:0.004, j=22:0.001, j=23:0.002, j=24:0.004, j=25:0.003, j=26:0.002, j=27:0.001, j=28:0.001, j=29:0.001, j=30:0.001, j=31:0.002, j=32:0.002, j=33:0.002, j=34:0.001, j=35:0.003, j=36:0.002, j=37:0.006, j=38:0.001, j=39:0.002, j=40:0.004, j=41:0.007, j=42:0.004, j=43:0.008, j=44:0.003, j=45:0.002, j=46:0.001, j=47:0.006, j=48:0.080, j=49:0.710, j=50:0.020
      i=51 -> j=0:0.005, j=1:0.008, j=2:0.003, j=3:0.002, j=4:0.006, j=5:0.006, j=6:0.004, j=7:0.002, j=8:0.006, j=9:0.004, j=10:0.002, j=11:0.004, j=12:0.003, j=13:0.005, j=14:0.003, j=15:0.002, j=16:0.004, j=17:0.004, j=18:0.003, j=19:0.003, j=20:0.001, j=21:0.003, j=22:0.000, j=23:0.002, j=24:0.003, j=25:0.002, j=26:0.001, j=27:0.001, j=28:0.001, j=29:0.000, j=30:0.001, j=31:0.001, j=32:0.002, j=33:0.001, j=34:0.001, j=35:0.001, j=36:0.001, j=37:0.006, j=38:0.001, j=39:0.002, j=40:0.003, j=41:0.006, j=42:0.002, j=43:0.007, j=44:0.003, j=45:0.001, j=46:0.001, j=47:0.004, j=48:0.061, j=49:0.773, j=50:0.013, j=51:0.019
      i=52 -> j=0:0.015, j=1:0.022, j=2:0.007, j=3:0.006, j=4:0.014, j=5:0.014, j=6:0.010, j=7:0.006, j=8:0.015, j=9:0.009, j=10:0.005, j=11:0.010, j=12:0.011, j=13:0.016, j=14:0.009, j=15:0.005, j=16:0.010, j=17:0.009, j=18:0.009, j=19:0.009, j=20:0.004, j=21:0.009, j=22:0.002, j=23:0.006, j=24:0.011, j=25:0.007, j=26:0.005, j=27:0.003, j=28:0.002, j=29:0.002, j=30:0.002, j=31:0.004, j=32:0.009, j=33:0.003, j=34:0.002, j=35:0.004, j=36:0.003, j=37:0.015, j=38:0.004, j=39:0.006, j=40:0.007, j=41:0.011, j=42:0.006, j=43:0.015, j=44:0.008, j=45:0.004, j=46:0.002, j=47:0.005, j=48:0.032, j=49:0.312, j=50:0.031, j=51:0.081, j=52:0.173
      i=53 -> j=0:0.010, j=1:0.015, j=2:0.004, j=3:0.004, j=4:0.008, j=5:0.008, j=6:0.006, j=7:0.004, j=8:0.010, j=9:0.006, j=10:0.003, j=11:0.006, j=12:0.008, j=13:0.010, j=14:0.005, j=15:0.004, j=16:0.006, j=17:0.005, j=18:0.006, j=19:0.005, j=20:0.002, j=21:0.006, j=22:0.001, j=23:0.003, j=24:0.007, j=25:0.004, j=26:0.004, j=27:0.002, j=28:0.001, j=29:0.001, j=30:0.002, j=31:0.003, j=32:0.005, j=33:0.002, j=34:0.001, j=35:0.002, j=36:0.002, j=37:0.007, j=38:0.003, j=39:0.004, j=40:0.003, j=41:0.005, j=42:0.003, j=43:0.007, j=44:0.006, j=45:0.003, j=46:0.001, j=47:0.002, j=48:0.010, j=49:0.099, j=50:0.025, j=51:0.142, j=52:0.282, j=53:0.215
      i=54 -> j=0:0.014, j=1:0.023, j=2:0.007, j=3:0.005, j=4:0.013, j=5:0.012, j=6:0.009, j=7:0.005, j=8:0.016, j=9:0.009, j=10:0.004, j=11:0.008, j=12:0.009, j=13:0.015, j=14:0.009, j=15:0.005, j=16:0.010, j=17:0.008, j=18:0.007, j=19:0.008, j=20:0.004, j=21:0.010, j=22:0.002, j=23:0.005, j=24:0.008, j=25:0.006, j=26:0.005, j=27:0.003, j=28:0.002, j=29:0.001, j=30:0.002, j=31:0.003, j=32:0.006, j=33:0.003, j=34:0.002, j=35:0.003, j=36:0.002, j=37:0.007, j=38:0.002, j=39:0.005, j=40:0.005, j=41:0.006, j=42:0.003, j=43:0.006, j=44:0.003, j=45:0.003, j=46:0.001, j=47:0.003, j=48:0.007, j=49:0.020, j=50:0.007, j=51:0.021, j=52:0.149, j=53:0.419, j=54:0.072
      i=55 -> j=0:0.012, j=1:0.016, j=2:0.008, j=3:0.006, j=4:0.012, j=5:0.011, j=6:0.008, j=7:0.005, j=8:0.012, j=9:0.009, j=10:0.005, j=11:0.008, j=12:0.007, j=13:0.010, j=14:0.009, j=15:0.006, j=16:0.009, j=17:0.007, j=18:0.005, j=19:0.006, j=20:0.004, j=21:0.007, j=22:0.002, j=23:0.004, j=24:0.005, j=25:0.005, j=26:0.004, j=27:0.002, j=28:0.002, j=29:0.002, j=30:0.002, j=31:0.002, j=32:0.003, j=33:0.003, j=34:0.002, j=35:0.002, j=36:0.002, j=37:0.004, j=38:0.001, j=39:0.002, j=40:0.003, j=41:0.004, j=42:0.003, j=43:0.004, j=44:0.002, j=45:0.002, j=46:0.001, j=47:0.003, j=48:0.008, j=49:0.016, j=50:0.005, j=51:0.007, j=52:0.062, j=53:0.337, j=54:0.277, j=55:0.034
      i=56 -> j=0:0.007, j=1:0.009, j=2:0.006, j=3:0.005, j=4:0.008, j=5:0.007, j=6:0.005, j=7:0.005, j=8:0.008, j=9:0.007, j=10:0.005, j=11:0.006, j=12:0.006, j=13:0.007, j=14:0.006, j=15:0.005, j=16:0.007, j=17:0.006, j=18:0.005, j=19:0.005, j=20:0.004, j=21:0.006, j=22:0.003, j=23:0.005, j=24:0.006, j=25:0.004, j=26:0.004, j=27:0.003, j=28:0.003, j=29:0.002, j=30:0.003, j=31:0.003, j=32:0.003, j=33:0.003, j=34:0.003, j=35:0.003, j=36:0.003, j=37:0.004, j=38:0.002, j=39:0.003, j=40:0.004, j=41:0.006, j=42:0.003, j=43:0.004, j=44:0.003, j=45:0.003, j=46:0.003, j=47:0.005, j=48:0.010, j=49:0.016, j=50:0.004, j=51:0.006, j=52:0.029, j=53:0.207, j=54:0.250, j=55:0.056, j=56:0.195
      i=57 -> j=0:0.003, j=1:0.005, j=2:0.001, j=3:0.001, j=4:0.003, j=5:0.003, j=6:0.002, j=7:0.001, j=8:0.003, j=9:0.002, j=10:0.001, j=11:0.002, j=12:0.003, j=13:0.003, j=14:0.002, j=15:0.001, j=16:0.003, j=17:0.002, j=18:0.002, j=19:0.002, j=20:0.001, j=21:0.002, j=22:0.000, j=23:0.002, j=24:0.003, j=25:0.001, j=26:0.001, j=27:0.001, j=28:0.000, j=29:0.000, j=30:0.000, j=31:0.001, j=32:0.001, j=33:0.001, j=34:0.000, j=35:0.001, j=36:0.000, j=37:0.002, j=38:0.000, j=39:0.001, j=40:0.001, j=41:0.001, j=42:0.001, j=43:0.001, j=44:0.001, j=45:0.000, j=46:0.000, j=47:0.001, j=48:0.002, j=49:0.012, j=50:0.001, j=51:0.001, j=52:0.007, j=53:0.037, j=54:0.097, j=55:0.029, j=56:0.696, j=57:0.046
      i=58 -> j=0:0.007, j=1:0.009, j=2:0.004, j=3:0.003, j=4:0.007, j=5:0.007, j=6:0.005, j=7:0.003, j=8:0.007, j=9:0.005, j=10:0.002, j=11:0.005, j=12:0.005, j=13:0.007, j=14:0.005, j=15:0.003, j=16:0.005, j=17:0.004, j=18:0.004, j=19:0.004, j=20:0.002, j=21:0.004, j=22:0.001, j=23:0.003, j=24:0.005, j=25:0.003, j=26:0.002, j=27:0.001, j=28:0.001, j=29:0.001, j=30:0.001, j=31:0.002, j=32:0.003, j=33:0.001, j=34:0.001, j=35:0.001, j=36:0.001, j=37:0.004, j=38:0.001, j=39:0.001, j=40:0.002, j=41:0.002, j=42:0.002, j=43:0.003, j=44:0.001, j=45:0.001, j=46:0.001, j=47:0.001, j=48:0.004, j=49:0.015, j=50:0.003, j=51:0.003, j=52:0.012, j=53:0.023, j=54:0.053, j=55:0.025, j=56:0.510, j=57:0.176, j=58:0.026
      i=59 -> j=0:0.013, j=1:0.019, j=2:0.008, j=3:0.005, j=4:0.012, j=5:0.012, j=6:0.010, j=7:0.006, j=8:0.014, j=9:0.009, j=10:0.004, j=11:0.008, j=12:0.009, j=13:0.013, j=14:0.010, j=15:0.005, j=16:0.009, j=17:0.008, j=18:0.007, j=19:0.008, j=20:0.004, j=21:0.008, j=22:0.002, j=23:0.005, j=24:0.008, j=25:0.006, j=26:0.005, j=27:0.003, j=28:0.002, j=29:0.002, j=30:0.002, j=31:0.003, j=32:0.005, j=33:0.003, j=34:0.001, j=35:0.002, j=36:0.002, j=37:0.005, j=38:0.001, j=39:0.002, j=40:0.002, j=41:0.002, j=42:0.002, j=43:0.004, j=44:0.002, j=45:0.002, j=46:0.001, j=47:0.002, j=48:0.004, j=49:0.010, j=50:0.004, j=51:0.004, j=52:0.019, j=53:0.026, j=54:0.043, j=55:0.019, j=56:0.315, j=57:0.197, j=58:0.058, j=59:0.021
      i=60 -> j=0:0.014, j=1:0.016, j=2:0.011, j=3:0.011, j=4:0.011, j=5:0.012, j=6:0.012, j=7:0.012, j=8:0.014, j=9:0.011, j=10:0.010, j=11:0.010, j=12:0.012, j=13:0.012, j=14:0.010, j=15:0.010, j=16:0.010, j=17:0.010, j=18:0.010, j=19:0.010, j=20:0.009, j=21:0.011, j=22:0.008, j=23:0.008, j=24:0.009, j=25:0.009, j=26:0.010, j=27:0.008, j=28:0.007, j=29:0.006, j=30:0.007, j=31:0.007, j=32:0.007, j=33:0.007, j=34:0.005, j=35:0.004, j=36:0.005, j=37:0.006, j=38:0.005, j=39:0.005, j=40:0.004, j=41:0.003, j=42:0.005, j=43:0.006, j=44:0.005, j=45:0.006, j=46:0.004, j=47:0.004, j=48:0.004, j=49:0.005, j=50:0.008, j=51:0.009, j=52:0.012, j=53:0.010, j=54:0.011, j=55:0.015, j=56:0.050, j=57:0.168, j=58:0.104, j=59:0.097, j=60:0.101
      i=61 -> j=0:0.008, j=1:0.009, j=2:0.007, j=3:0.007, j=4:0.007, j=5:0.007, j=6:0.007, j=7:0.007, j=8:0.008, j=9:0.007, j=10:0.006, j=11:0.006, j=12:0.006, j=13:0.007, j=14:0.007, j=15:0.007, j=16:0.007, j=17:0.006, j=18:0.006, j=19:0.006, j=20:0.006, j=21:0.007, j=22:0.006, j=23:0.005, j=24:0.005, j=25:0.006, j=26:0.006, j=27:0.006, j=28:0.006, j=29:0.005, j=30:0.004, j=31:0.004, j=32:0.004, j=33:0.005, j=34:0.004, j=35:0.004, j=36:0.003, j=37:0.003, j=38:0.003, j=39:0.004, j=40:0.004, j=41:0.003, j=42:0.003, j=43:0.003, j=44:0.003, j=45:0.004, j=46:0.004, j=47:0.004, j=48:0.003, j=49:0.003, j=50:0.005, j=51:0.006, j=52:0.011, j=53:0.011, j=54:0.006, j=55:0.004, j=56:0.005, j=57:0.015, j=58:0.032, j=59:0.121, j=60:0.358, j=61:0.151
      i=62 -> j=0:0.004, j=1:0.006, j=2:0.002, j=3:0.001, j=4:0.004, j=5:0.004, j=6:0.002, j=7:0.001, j=8:0.004, j=9:0.003, j=10:0.001, j=11:0.003, j=12:0.003, j=13:0.004, j=14:0.002, j=15:0.002, j=16:0.003, j=17:0.002, j=18:0.002, j=19:0.002, j=20:0.001, j=21:0.003, j=22:0.001, j=23:0.002, j=24:0.004, j=25:0.002, j=26:0.001, j=27:0.001, j=28:0.001, j=29:0.000, j=30:0.001, j=31:0.001, j=32:0.002, j=33:0.001, j=34:0.001, j=35:0.001, j=36:0.001, j=37:0.002, j=38:0.000, j=39:0.001, j=40:0.001, j=41:0.001, j=42:0.001, j=43:0.001, j=44:0.000, j=45:0.000, j=46:0.000, j=47:0.000, j=48:0.001, j=49:0.002, j=50:0.001, j=51:0.000, j=52:0.003, j=53:0.004, j=54:0.003, j=55:0.001, j=56:0.008, j=57:0.002, j=58:0.002, j=59:0.002, j=60:0.088, j=61:0.780, j=62:0.018
      i=63 -> j=0:0.007, j=1:0.009, j=2:0.005, j=3:0.003, j=4:0.008, j=5:0.008, j=6:0.006, j=7:0.003, j=8:0.008, j=9:0.006, j=10:0.003, j=11:0.006, j=12:0.005, j=13:0.008, j=14:0.006, j=15:0.003, j=16:0.006, j=17:0.006, j=18:0.005, j=19:0.005, j=20:0.003, j=21:0.005, j=22:0.002, j=23:0.004, j=24:0.006, j=25:0.004, j=26:0.003, j=27:0.002, j=28:0.002, j=29:0.001, j=30:0.002, j=31:0.003, j=32:0.004, j=33:0.002, j=34:0.002, j=35:0.003, j=36:0.002, j=37:0.004, j=38:0.001, j=39:0.002, j=40:0.002, j=41:0.003, j=42:0.002, j=43:0.003, j=44:0.001, j=45:0.001, j=46:0.001, j=47:0.001, j=48:0.003, j=49:0.006, j=50:0.002, j=51:0.001, j=52:0.006, j=53:0.007, j=54:0.010, j=55:0.003, j=56:0.018, j=57:0.004, j=58:0.004, j=59:0.004, j=60:0.081, j=61:0.578, j=62:0.048, j=63:0.038
    Average attention per distance:
      d=0:0.114, d=1:0.291, d=2:0.247, d=3:0.126, d=4:0.043, d=5:0.021, d=6:0.015, d=7:0.012
      d=8:0.013, d=9:0.012, d=46:0.010

--- Layer 2 ---
  Head 0: Entropy=1.895
    Attention coefficients from each query position to previous positions:
      i= 0 -> j=0:1.000
      i= 1 -> j=0:0.873, j=1:0.127
      i= 2 -> j=0:0.653, j=1:0.219, j=2:0.128
      i= 3 -> j=0:0.262, j=1:0.162, j=2:0.416, j=3:0.160
      i= 4 -> j=0:0.100, j=1:0.066, j=2:0.420, j=3:0.363, j=4:0.051
      i= 5 -> j=0:0.048, j=1:0.029, j=2:0.220, j=3:0.334, j=4:0.104, j=5:0.264
      i= 6 -> j=0:0.014, j=1:0.009, j=2:0.027, j=3:0.069, j=4:0.086, j=5:0.368, j=6:0.426
      i= 7 -> j=0:0.006, j=1:0.003, j=2:0.003, j=3:0.005, j=4:0.014, j=5:0.147, j=6:0.659, j=7:0.162
      i= 8 -> j=0:0.010, j=1:0.002, j=2:0.007, j=3:0.002, j=4:0.001, j=5:0.011, j=6:0.203, j=7:0.729, j=8:0.035
      i= 9 -> j=0:0.016, j=1:0.006, j=2:0.018, j=3:0.006, j=4:0.002, j=5:0.013, j=6:0.166, j=7:0.656, j=8:0.072, j=9:0.044
      i=10 -> j=0:0.016, j=1:0.007, j=2:0.033, j=3:0.010, j=4:0.003, j=5:0.011, j=6:0.093, j=7:0.545, j=8:0.096, j=9:0.101, j=10:0.086
      i=11 -> j=0:0.017, j=1:0.007, j=2:0.053, j=3:0.019, j=4:0.005, j=5:0.012, j=6:0.065, j=7:0.381, j=8:0.057, j=9:0.118, j=10:0.204, j=11:0.063
      i=12 -> j=0:0.020, j=1:0.007, j=2:0.050, j=3:0.022, j=4:0.007, j=5:0.017, j=6:0.050, j=7:0.193, j=8:0.026, j=9:0.070, j=10:0.180, j=11:0.115, j=12:0.244
      i=13 -> j=0:0.026, j=1:0.010, j=2:0.042, j=3:0.021, j=4:0.011, j=5:0.024, j=6:0.055, j=7:0.132, j=8:0.018, j=9:0.036, j=10:0.081, j=11:0.084, j=12:0.251, j=13:0.210
      i=14 -> j=0:0.014, j=1:0.009, j=2:0.013, j=3:0.010, j=4:0.011, j=5:0.020, j=6:0.031, j=7:0.030, j=8:0.011, j=9:0.012, j=10:0.021, j=11:0.043, j=12:0.154, j=13:0.280, j=14:0.340
      i=15 -> j=0:0.003, j=1:0.002, j=2:0.002, j=3:0.001, j=4:0.001, j=5:0.003, j=6:0.007, j=7:0.009, j=8:0.003, j=9:0.002, j=10:0.002, j=11:0.002, j=12:0.012, j=13:0.078, j=14:0.722, j=15:0.151
      i=16 -> j=0:0.003, j=1:0.001, j=2:0.006, j=3:0.002, j=4:0.001, j=5:0.001, j=6:0.004, j=7:0.023, j=8:0.002, j=9:0.003, j=10:0.002, j=11:0.001, j=12:0.003, j=13:0.007, j=14:0.329, j=15:0.562, j=16:0.048
      i=17 -> j=0:0.004, j=1:0.002, j=2:0.008, j=3:0.003, j=4:0.001, j=5:0.002, j=6:0.005, j=7:0.024, j=8:0.004, j=9:0.006, j=10:0.005, j=11:0.002, j=12:0.004, j=13:0.007, j=14:0.230, j=15:0.546, j=16:0.117, j=17:0.031
      i=18 -> j=0:0.004, j=1:0.002, j=2:0.010, j=3:0.004, j=4:0.002, j=5:0.002, j=6:0.005, j=7:0.024, j=8:0.003, j=9:0.007, j=10:0.008, j=11:0.003, j=12:0.005, j=13:0.005, j=14:0.108, j=15:0.401, j=16:0.138, j=17:0.068, j=18:0.199
      i=19 -> j=0:0.006, j=1:0.003, j=2:0.010, j=3:0.006, j=4:0.003, j=5:0.005, j=6:0.009, j=7:0.022, j=8:0.005, j=9:0.009, j=10:0.012, j=11:0.007, j=12:0.009, j=13:0.006, j=14:0.037, j=15:0.091, j=16:0.062, j=17:0.062, j=18:0.358, j=19:0.278
      i=20 -> j=0:0.005, j=1:0.004, j=2:0.005, j=3:0.004, j=4:0.005, j=5:0.007, j=6:0.007, j=7:0.007, j=8:0.005, j=9:0.006, j=10:0.008, j=11:0.009, j=12:0.012, j=13:0.009, j=14:0.010, j=15:0.009, j=16:0.017, j=17:0.025, j=18:0.224, j=19:0.412, j=20:0.210
      i=21 -> j=0:0.002, j=1:0.001, j=2:0.002, j=3:0.001, j=4:0.000, j=5:0.001, j=6:0.002, j=7:0.006, j=8:0.001, j=9:0.001, j=10:0.001, j=11:0.001, j=12:0.001, j=13:0.001, j=14:0.009, j=15:0.008, j=16:0.001, j=17:0.001, j=18:0.012, j=19:0.067, j=20:0.863, j=21:0.019
      i=22 -> j=0:0.003, j=1:0.002, j=2:0.004, j=3:0.002, j=4:0.001, j=5:0.002, j=6:0.003, j=7:0.008, j=8:0.002, j=9:0.003, j=10:0.002, j=11:0.002, j=12:0.003, j=13:0.005, j=14:0.018, j=15:0.014, j=16:0.004, j=17:0.003, j=18:0.014, j=19:0.061, j=20:0.515, j=21:0.047, j=22:0.283
      i=23 -> j=0:0.003, j=1:0.003, j=2:0.005, j=3:0.003, j=4:0.002, j=5:0.002, j=6:0.003, j=7:0.007, j=8:0.003, j=9:0.004, j=10:0.003, j=11:0.002, j=12:0.003, j=13:0.004, j=14:0.012, j=15:0.016, j=16:0.005, j=17:0.003, j=18:0.003, j=19:0.007, j=20:0.064, j=21:0.036, j=22:0.492, j=23:0.316
      i=24 -> j=0:0.001, j=1:0.001, j=2:0.002, j=3:0.001, j=4:0.000, j=5:0.000, j=6:0.001, j=7:0.004, j=8:0.001, j=9:0.001, j=10:0.001, j=11:0.000, j=12:0.001, j=13:0.000, j=14:0.004, j=15:0.011, j=16:0.002, j=17:0.001, j=18:0.001, j=19:0.001, j=20:0.015, j=21:0.004, j=22:0.276, j=23:0.653, j=24:0.017
      i=25 -> j=0:0.003, j=1:0.002, j=2:0.005, j=3:0.003, j=4:0.002, j=5:0.002, j=6:0.003, j=7:0.006, j=8:0.002, j=9:0.004, j=10:0.004, j=11:0.003, j=12:0.003, j=13:0.002, j=14:0.008, j=15:0.014, j=16:0.007, j=17:0.006, j=18:0.007, j=19:0.006, j=20:0.020, j=21:0.008, j=22:0.153, j=23:0.504, j=24:0.072, j=25:0.151
      i=26 -> j=0:0.003, j=1:0.001, j=2:0.004, j=3:0.002, j=4:0.001, j=5:0.001, j=6:0.003, j=7:0.009, j=8:0.001, j=9:0.002, j=10:0.002, j=11:0.001, j=12:0.002, j=13:0.001, j=14:0.006, j=15:0.014, j=16:0.002, j=17:0.003, j=18:0.005, j=19:0.005, j=20:0.030, j=21:0.003, j=22:0.082, j=23:0.304, j=24:0.023, j=25:0.454, j=26:0.034
      i=27 -> j=0:0.003, j=1:0.001, j=2:0.004, j=3:0.002, j=4:0.001, j=5:0.001, j=6:0.003, j=7:0.008, j=8:0.001, j=9:0.002, j=10:0.002, j=11:0.001, j=12:0.002, j=13:0.002, j=14:0.007, j=15:0.010, j=16:0.002, j=17:0.003, j=18:0.006, j=19:0.008, j=20:0.033, j=21:0.004, j=22:0.040, j=23:0.139, j=24:0.022, j=25:0.448, j=26:0.065, j=27:0.180
      i=28 -> j=0:0.005, j=1:0.002, j=2:0.006, j=3:0.002, j=4:0.001, j=5:0.001, j=6:0.004, j=7:0.013, j=8:0.002, j=9:0.002, j=10:0.002, j=11:0.001, j=12:0.002, j=13:0.002, j=14:0.011, j=15:0.016, j=16:0.003, j=17:0.003, j=18:0.005, j=19:0.008, j=20:0.056, j=21:0.005, j=22:0.047, j=23:0.082, j=24:0.007, j=25:0.236, j=26:0.054, j=27:0.328, j=28:0.096
      i=29 -> j=0:0.006, j=1:0.003, j=2:0.007, j=3:0.004, j=4:0.002, j=5:0.003, j=6:0.005, j=7:0.011, j=8:0.003, j=9:0.004, j=10:0.004, j=11:0.002, j=12:0.003, j=13:0.003, j=14:0.012, j=15:0.015, j=16:0.005, j=17:0.004, j=18:0.006, j=19:0.009, j=20:0.041, j=21:0.010, j=22:0.037, j=23:0.041, j=24:0.007, j=25:0.065, j=26:0.036, j=27:0.203, j=28:0.131, j=29:0.317
      i=30 -> j=0:0.008, j=1:0.005, j=2:0.010, j=3:0.006, j=4:0.004, j=5:0.004, j=6:0.006, j=7:0.012, j=8:0.005, j=9:0.006, j=10:0.006, j=11:0.004, j=12:0.004, j=13:0.004, j=14:0.011, j=15:0.017, j=16:0.006, j=17:0.006, j=18:0.005, j=19:0.006, j=20:0.024, j=21:0.011, j=22:0.039, j=23:0.034, j=24:0.005, j=25:0.025, j=26:0.015, j=27:0.062, j=28:0.071, j=29:0.321, j=30:0.257
      i=31 -> j=0:0.008, j=1:0.006, j=2:0.010, j=3:0.007, j=4:0.005, j=5:0.005, j=6:0.006, j=7:0.010, j=8:0.005, j=9:0.007, j=10:0.007, j=11:0.005, j=12:0.005, j=13:0.004, j=14:0.008, j=15:0.013, j=16:0.007, j=17:0.007, j=18:0.006, j=19:0.005, j=20:0.013, j=21:0.009, j=22:0.028, j=23:0.030, j=24:0.007, j=25:0.017, j=26:0.009, j=27:0.021, j=28:0.029, j=29:0.167, j=30:0.261, j=31:0.272
      i=32 -> j=0:0.004, j=1:0.002, j=2:0.004, j=3:0.002, j=4:0.001, j=5:0.002, j=6:0.002, j=7:0.005, j=8:0.001, j=9:0.002, j=10:0.002, j=11:0.001, j=12:0.002, j=13:0.001, j=14:0.002, j=15:0.005, j=16:0.002, j=17:0.002, j=18:0.002, j=19:0.002, j=20:0.005, j=21:0.002, j=22:0.009, j=23:0.014, j=24:0.002, j=25:0.014, j=26:0.003, j=27:0.007, j=28:0.005, j=29:0.048, j=30:0.182, j=31:0.520, j=32:0.142
      i=33 -> j=0:0.003, j=1:0.001, j=2:0.003, j=3:0.001, j=4:0.001, j=5:0.001, j=6:0.002, j=7:0.004, j=8:0.001, j=9:0.001, j=10:0.001, j=11:0.001, j=12:0.001, j=13:0.001, j=14:0.002, j=15:0.003, j=16:0.001, j=17:0.001, j=18:0.002, j=19:0.002, j=20:0.006, j=21:0.001, j=22:0.007, j=23:0.013, j=24:0.002, j=25:0.019, j=26:0.004, j=27:0.008, j=28:0.004, j=29:0.027, j=30:0.108, j=31:0.511, j=32:0.232, j=33:0.026
      i=34 -> j=0:0.005, j=1:0.002, j=2:0.005, j=3:0.002, j=4:0.001, j=5:0.001, j=6:0.003, j=7:0.007, j=8:0.001, j=9:0.002, j=10:0.002, j=11:0.001, j=12:0.001, j=13:0.001, j=14:0.004, j=15:0.005, j=16:0.001, j=17:0.001, j=18:0.002, j=19:0.002, j=20:0.009, j=21:0.002, j=22:0.007, j=23:0.010, j=24:0.002, j=25:0.022, j=26:0.006, j=27:0.013, j=28:0.005, j=29:0.020, j=30:0.059, j=31:0.287, j=32:0.261, j=33:0.065, j=34:0.180
      i=35 -> j=0:0.006, j=1:0.004, j=2:0.008, j=3:0.004, j=4:0.002, j=5:0.002, j=6:0.004, j=7:0.009, j=8:0.002, j=9:0.003, j=10:0.003, j=11:0.002, j=12:0.002, j=13:0.002, j=14:0.005, j=15:0.008, j=16:0.002, j=17:0.002, j=18:0.002, j=19:0.003, j=20:0.011, j=21:0.003, j=22:0.010, j=23:0.009, j=24:0.002, j=25:0.017, j=26:0.008, j=27:0.019, j=28:0.009, j=29:0.017, j=30:0.023, j=31:0.057, j=32:0.068, j=33:0.046, j=34:0.431, j=35:0.197
      i=36 -> j=0:0.005, j=1:0.004, j=2:0.006, j=3:0.005, j=4:0.003, j=5:0.003, j=6:0.004, j=7:0.005, j=8:0.004, j=9:0.004, j=10:0.003, j=11:0.003, j=12:0.003, j=13:0.003, j=14:0.005, j=15:0.006, j=16:0.003, j=17:0.003, j=18:0.003, j=19:0.003, j=20:0.006, j=21:0.005, j=22:0.007, j=23:0.007, j=24:0.003, j=25:0.007, j=26:0.007, j=27:0.012, j=28:0.009, j=29:0.011, j=30:0.009, j=31:0.013, j=32:0.019, j=33:0.019, j=34:0.262, j=35:0.318, j=36:0.208
      i=37 -> j=0:0.003, j=1:0.001, j=2:0.004, j=3:0.002, j=4:0.001, j=5:0.001, j=6:0.002, j=7:0.005, j=8:0.001, j=9:0.001, j=10:0.001, j=11:0.001, j=12:0.001, j=13:0.000, j=14:0.002, j=15:0.004, j=16:0.001, j=17:0.001, j=18:0.001, j=19:0.001, j=20:0.004, j=21:0.001, j=22:0.007, j=23:0.007, j=24:0.000, j=25:0.006, j=26:0.002, j=27:0.007, j=28:0.004, j=29:0.021, j=30:0.017, j=31:0.012, j=32:0.002, j=33:0.001, j=34:0.010, j=35:0.061, j=36:0.788, j=37:0.018
      i=38 -> j=0:0.006, j=1:0.003, j=2:0.006, j=3:0.003, j=4:0.002, j=5:0.003, j=6:0.004, j=7:0.007, j=8:0.002, j=9:0.003, j=10:0.003, j=11:0.002, j=12:0.002, j=13:0.001, j=14:0.004, j=15:0.006, j=16:0.002, j=17:0.002, j=18:0.002, j=19:0.002, j=20:0.005, j=21:0.002, j=22:0.008, j=23:0.010, j=24:0.002, j=25:0.010, j=26:0.004, j=27:0.009, j=28:0.007, j=29:0.023, j=30:0.025, j=31:0.023, j=32:0.007, j=33:0.003, j=34:0.012, j=35:0.051, j=36:0.491, j=37:0.041, j=38:0.205
      i=39 -> j=0:0.011, j=1:0.006, j=2:0.010, j=3:0.006, j=4:0.004, j=5:0.005, j=6:0.008, j=7:0.014, j=8:0.004, j=9:0.005, j=10:0.005, j=11:0.003, j=12:0.004, j=13:0.003, j=14:0.007, j=15:0.009, j=16:0.004, j=17:0.004, j=18:0.004, j=19:0.004, j=20:0.010, j=21:0.004, j=22:0.011, j=23:0.013, j=24:0.004, j=25:0.016, j=26:0.007, j=27:0.012, j=28:0.008, j=29:0.023, j=30:0.031, j=31:0.031, j=32:0.010, j=33:0.005, j=34:0.005, j=35:0.011, j=36:0.103, j=37:0.038, j=38:0.322, j=39:0.213
      i=40 -> j=0:0.013, j=1:0.008, j=2:0.013, j=3:0.008, j=4:0.005, j=5:0.007, j=6:0.010, j=7:0.018, j=8:0.006, j=9:0.007, j=10:0.007, j=11:0.005, j=12:0.005, j=13:0.004, j=14:0.008, j=15:0.011, j=16:0.004, j=17:0.005, j=18:0.005, j=19:0.005, j=20:0.011, j=21:0.005, j=22:0.010, j=23:0.010, j=24:0.004, j=25:0.017, j=26:0.009, j=27:0.013, j=28:0.009, j=29:0.018, j=30:0.024, j=31:0.025, j=32:0.012, j=33:0.008, j=34:0.005, j=35:0.006, j=36:0.029, j=37:0.020, j=38:0.178, j=39:0.206, j=40:0.228
      i=41 -> j=0:0.005, j=1:0.003, j=2:0.006, j=3:0.003, j=4:0.001, j=5:0.002, j=6:0.003, j=7:0.008, j=8:0.002, j=9:0.002, j=10:0.002, j=11:0.001, j=12:0.001, j=13:0.001, j=14:0.003, j=15:0.005, j=16:0.001, j=17:0.001, j=18:0.001, j=19:0.001, j=20:0.005, j=21:0.002, j=22:0.004, j=23:0.003, j=24:0.001, j=25:0.006, j=26:0.003, j=27:0.006, j=28:0.003, j=29:0.007, j=30:0.008, j=31:0.008, j=32:0.004, j=33:0.003, j=34:0.003, j=35:0.002, j=36:0.006, j=37:0.003, j=38:0.042, j=39:0.137, j=40:0.595, j=41:0.095
      i=42 -> j=0:0.005, j=1:0.004, j=2:0.005, j=3:0.004, j=4:0.003, j=5:0.003, j=6:0.004, j=7:0.006, j=8:0.004, j=9:0.004, j=10:0.003, j=11:0.003, j=12:0.003, j=13:0.003, j=14:0.005, j=15:0.005, j=16:0.003, j=17:0.002, j=18:0.002, j=19:0.003, j=20:0.005, j=21:0.003, j=22:0.005, j=23:0.004, j=24:0.002, j=25:0.005, j=26:0.004, j=27:0.006, j=28:0.005, j=29:0.006, j=30:0.006, j=31:0.007, j=32:0.007, j=33:0.006, j=34:0.009, j=35:0.007, j=36:0.008, j=37:0.004, j=38:0.017, j=39:0.058, j=40:0.383, j=41:0.201, j=42:0.167
      i=43 -> j=0:0.004, j=1:0.002, j=2:0.005, j=3:0.002, j=4:0.001, j=5:0.002, j=6:0.003, j=7:0.008, j=8:0.001, j=9:0.002, j=10:0.002, j=11:0.001, j=12:0.001, j=13:0.001, j=14:0.003, j=15:0.006, j=16:0.001, j=17:0.001, j=18:0.001, j=19:0.001, j=20:0.005, j=21:0.001, j=22:0.007, j=23:0.006, j=24:0.000, j=25:0.005, j=26:0.002, j=27:0.006, j=28:0.003, j=29:0.012, j=30:0.011, j=31:0.008, j=32:0.002, j=33:0.002, j=34:0.003, j=35:0.005, j=36:0.020, j=37:0.002, j=38:0.014, j=39:0.029, j=40:0.121, j=41:0.046, j=42:0.623, j=43:0.023
      i=44 -> j=0:0.005, j=1:0.002, j=2:0.005, j=3:0.003, j=4:0.001, j=5:0.002, j=6:0.004, j=7:0.007, j=8:0.002, j=9:0.002, j=10:0.002, j=11:0.001, j=12:0.002, j=13:0.001, j=14:0.003, j=15:0.005, j=16:0.001, j=17:0.001, j=18:0.001, j=19:0.001, j=20:0.004, j=21:0.001, j=22:0.006, j=23:0.006, j=24:0.001, j=25:0.006, j=26:0.002, j=27:0.005, j=28:0.003, j=29:0.010, j=30:0.012, j=31:0.009, j=32:0.002, j=33:0.002, j=34:0.003, j=35:0.005, j=36:0.023, j=37:0.003, j=38:0.014, j=39:0.021, j=40:0.065, j=41:0.032, j=42:0.518, j=43:0.052, j=44:0.142
      i=45 -> j=0:0.009, j=1:0.003, j=2:0.008, j=3:0.004, j=4:0.002, j=5:0.003, j=6:0.006, j=7:0.014, j=8:0.002, j=9:0.003, j=10:0.003, j=11:0.002, j=12:0.002, j=13:0.002, j=14:0.006, j=15:0.009, j=16:0.002, j=17:0.002, j=18:0.002, j=19:0.002, j=20:0.008, j=21:0.002, j=22:0.009, j=23:0.010, j=24:0.001, j=25:0.011, j=26:0.003, j=27:0.008, j=28:0.004, j=29:0.016, j=30:0.020, j=31:0.016, j=32:0.004, j=33:0.002, j=34:0.003, j=35:0.005, j=36:0.036, j=37:0.005, j=38:0.028, j=39:0.027, j=40:0.042, j=41:0.012, j=42:0.268, j=43:0.043, j=44:0.254, j=45:0.075
      i=46 -> j=0:0.009, j=1:0.005, j=2:0.008, j=3:0.005, j=4:0.003, j=5:0.005, j=6:0.008, j=7:0.012, j=8:0.004, j=9:0.004, j=10:0.004, j=11:0.003, j=12:0.004, j=13:0.003, j=14:0.007, j=15:0.008, j=16:0.003, j=17:0.003, j=18:0.003, j=19:0.003, j=20:0.008, j=21:0.003, j=22:0.007, j=23:0.009, j=24:0.002, j=25:0.010, j=26:0.004, j=27:0.007, j=28:0.005, j=29:0.010, j=30:0.014, j=31:0.014, j=32:0.005, j=33:0.003, j=34:0.003, j=35:0.005, j=36:0.021, j=37:0.008, j=38:0.027, j=39:0.023, j=40:0.025, j=41:0.008, j=42:0.059, j=43:0.029, j=44:0.170, j=45:0.107, j=46:0.307
      i=47 -> j=0:0.011, j=1:0.007, j=2:0.011, j=3:0.007, j=4:0.004, j=5:0.006, j=6:0.009, j=7:0.015, j=8:0.005, j=9:0.006, j=10:0.006, j=11:0.004, j=12:0.005, j=13:0.005, j=14:0.010, j=15:0.011, j=16:0.004, j=17:0.004, j=18:0.004, j=19:0.005, j=20:0.011, j=21:0.004, j=22:0.009, j=23:0.009, j=24:0.003, j=25:0.011, j=26:0.006, j=27:0.010, j=28:0.006, j=29:0.011, j=30:0.013, j=31:0.013, j=32:0.007, j=33:0.005, j=34:0.005, j=35:0.005, j=36:0.014, j=37:0.007, j=38:0.024, j=39:0.025, j=40:0.024, j=41:0.007, j=42:0.023, j=43:0.011, j=44:0.051, j=45:0.057, j=46:0.289, j=47:0.204
      i=48 -> j=0:0.013, j=1:0.010, j=2:0.014, j=3:0.011, j=4:0.007, j=5:0.008, j=6:0.011, j=7:0.016, j=8:0.008, j=9:0.010, j=10:0.009, j=11:0.007, j=12:0.007, j=13:0.007, j=14:0.012, j=15:0.014, j=16:0.007, j=17:0.006, j=18:0.006, j=19:0.006, j=20:0.011, j=21:0.007, j=22:0.011, j=23:0.009, j=24:0.004, j=25:0.010, j=26:0.008, j=27:0.012, j=28:0.009, j=29:0.012, j=30:0.011, j=31:0.009, j=32:0.006, j=33:0.008, j=34:0.007, j=35:0.006, j=36:0.009, j=37:0.006, j=38:0.015, j=39:0.020, j=40:0.020, j=41:0.009, j=42:0.015, j=43:0.006, j=44:0.017, j=45:0.025, j=46:0.145, j=47:0.198, j=48:0.190
      i=49 -> j=0:0.006, j=1:0.003, j=2:0.007, j=3:0.004, j=4:0.002, j=5:0.003, j=6:0.005, j=7:0.010, j=8:0.003, j=9:0.003, j=10:0.003, j=11:0.002, j=12:0.002, j=13:0.002, j=14:0.005, j=15:0.009, j=16:0.002, j=17:0.002, j=18:0.002, j=19:0.002, j=20:0.006, j=21:0.002, j=22:0.006, j=23:0.005, j=24:0.001, j=25:0.005, j=26:0.002, j=27:0.005, j=28:0.003, j=29:0.008, j=30:0.006, j=31:0.004, j=32:0.001, j=33:0.002, j=34:0.002, j=35:0.002, j=36:0.006, j=37:0.002, j=38:0.006, j=39:0.009, j=40:0.010, j=41:0.004, j=42:0.017, j=43:0.002, j=44:0.006, j=45:0.005, j=46:0.051, j=47:0.156, j=48:0.489, j=49:0.098
      i=50 -> j=0:0.005, j=1:0.003, j=2:0.005, j=3:0.003, j=4:0.002, j=5:0.003, j=6:0.004, j=7:0.006, j=8:0.003, j=9:0.003, j=10:0.003, j=11:0.002, j=12:0.003, j=13:0.002, j=14:0.005, j=15:0.006, j=16:0.003, j=17:0.002, j=18:0.002, j=19:0.002, j=20:0.004, j=21:0.002, j=22:0.005, j=23:0.005, j=24:0.001, j=25:0.004, j=26:0.002, j=27:0.004, j=28:0.003, j=29:0.006, j=30:0.006, j=31:0.004, j=32:0.002, j=33:0.002, j=34:0.002, j=35:0.003, j=36:0.007, j=37:0.003, j=38:0.005, j=39:0.007, j=40:0.011, j=41:0.006, j=42:0.019, j=43:0.004, j=44:0.007, j=45:0.005, j=46:0.021, j=47:0.069, j=48:0.406, j=49:0.199, j=50:0.107
      i=51 -> j=0:0.006, j=1:0.002, j=2:0.005, j=3:0.003, j=4:0.001, j=5:0.002, j=6:0.005, j=7:0.010, j=8:0.002, j=9:0.002, j=10:0.002, j=11:0.001, j=12:0.002, j=13:0.001, j=14:0.005, j=15:0.007, j=16:0.001, j=17:0.001, j=18:0.002, j=19:0.002, j=20:0.005, j=21:0.001, j=22:0.006, j=23:0.006, j=24:0.001, j=25:0.005, j=26:0.002, j=27:0.004, j=28:0.002, j=29:0.008, j=30:0.008, j=31:0.005, j=32:0.001, j=33:0.001, j=34:0.001, j=35:0.001, j=36:0.008, j=37:0.001, j=38:0.006, j=39:0.007, j=40:0.006, j=41:0.002, j=42:0.027, j=43:0.003, j=44:0.010, j=45:0.004, j=46:0.018, j=47:0.040, j=48:0.222, j=49:0.123, j=50:0.333, j=51:0.073
      i=52 -> j=0:0.010, j=1:0.003, j=2:0.009, j=3:0.004, j=4:0.002, j=5:0.003, j=6:0.008, j=7:0.020, j=8:0.002, j=9:0.003, j=10:0.003, j=11:0.002, j=12:0.003, j=13:0.002, j=14:0.010, j=15:0.013, j=16:0.002, j=17:0.002, j=18:0.002, j=19:0.003, j=20:0.012, j=21:0.002, j=22:0.010, j=23:0.010, j=24:0.001, j=25:0.011, j=26:0.003, j=27:0.007, j=28:0.003, j=29:0.013, j=30:0.014, j=31:0.010, j=32:0.002, j=33:0.001, j=34:0.001, j=35:0.002, j=36:0.010, j=37:0.002, j=38:0.013, j=39:0.013, j=40:0.009, j=41:0.002, j=42:0.032, j=43:0.004, j=44:0.021, j=45:0.008, j=46:0.035, j=47:0.043, j=48:0.107, j=49:0.046, j=50:0.316, j=51:0.122, j=52:0.009
      i=53 -> j=0:0.014, j=1:0.006, j=2:0.014, j=3:0.007, j=4:0.003, j=5:0.005, j=6:0.011, j=7:0.028, j=8:0.004, j=9:0.006, j=10:0.005, j=11:0.003, j=12:0.004, j=13:0.004, j=14:0.015, j=15:0.019, j=16:0.003, j=17:0.003, j=18:0.004, j=19:0.004, j=20:0.018, j=21:0.003, j=22:0.014, j=23:0.012, j=24:0.001, j=25:0.014, j=26:0.004, j=27:0.010, j=28:0.005, j=29:0.015, j=30:0.015, j=31:0.011, j=32:0.003, j=33:0.003, j=34:0.002, j=35:0.002, j=36:0.009, j=37:0.003, j=38:0.015, j=39:0.016, j=40:0.010, j=41:0.002, j=42:0.024, j=43:0.004, j=44:0.022, j=45:0.013, j=46:0.045, j=47:0.039, j=48:0.049, j=49:0.020, j=50:0.166, j=51:0.124, j=52:0.025, j=53:0.118
      i=54 -> j=0:0.013, j=1:0.008, j=2:0.014, j=3:0.009, j=4:0.005, j=5:0.007, j=6:0.011, j=7:0.019, j=8:0.007, j=9:0.008, j=10:0.007, j=11:0.005, j=12:0.006, j=13:0.006, j=14:0.014, j=15:0.016, j=16:0.006, j=17:0.005, j=18:0.006, j=19:0.006, j=20:0.015, j=21:0.006, j=22:0.013, j=23:0.011, j=24:0.003, j=25:0.011, j=26:0.006, j=27:0.010, j=28:0.007, j=29:0.011, j=30:0.011, j=31:0.009, j=32:0.005, j=33:0.005, j=34:0.003, j=35:0.003, j=36:0.007, j=37:0.004, j=38:0.011, j=39:0.013, j=40:0.010, j=41:0.004, j=42:0.013, j=43:0.005, j=44:0.015, j=45:0.013, j=46:0.032, j=47:0.026, j=48:0.022, j=49:0.010, j=50:0.037, j=51:0.049, j=52:0.035, j=53:0.186, j=54:0.202
      i=55 -> j=0:0.004, j=1:0.004, j=2:0.004, j=3:0.004, j=4:0.003, j=5:0.003, j=6:0.004, j=7:0.004, j=8:0.003, j=9:0.003, j=10:0.003, j=11:0.003, j=12:0.003, j=13:0.003, j=14:0.004, j=15:0.004, j=16:0.003, j=17:0.003, j=18:0.003, j=19:0.003, j=20:0.004, j=21:0.003, j=22:0.004, j=23:0.004, j=24:0.002, j=25:0.003, j=26:0.003, j=27:0.003, j=28:0.003, j=29:0.003, j=30:0.003, j=31:0.003, j=32:0.002, j=33:0.002, j=34:0.003, j=35:0.002, j=36:0.003, j=37:0.002, j=38:0.003, j=39:0.004, j=40:0.005, j=41:0.003, j=42:0.004, j=43:0.003, j=44:0.004, j=45:0.005, j=46:0.009, j=47:0.010, j=48:0.009, j=49:0.004, j=50:0.004, j=51:0.007, j=52:0.014, j=53:0.140, j=54:0.474, j=55:0.180
      i=56 -> j=0:0.004, j=1:0.001, j=2:0.004, j=3:0.002, j=4:0.001, j=5:0.001, j=6:0.003, j=7:0.006, j=8:0.001, j=9:0.002, j=10:0.002, j=11:0.001, j=12:0.001, j=13:0.001, j=14:0.004, j=15:0.006, j=16:0.001, j=17:0.001, j=18:0.001, j=19:0.001, j=20:0.005, j=21:0.001, j=22:0.006, j=23:0.005, j=24:0.001, j=25:0.004, j=26:0.001, j=27:0.003, j=28:0.002, j=29:0.005, j=30:0.005, j=31:0.003, j=32:0.001, j=33:0.001, j=34:0.001, j=35:0.001, j=36:0.003, j=37:0.001, j=38:0.002, j=39:0.003, j=40:0.003, j=41:0.001, j=42:0.008, j=43:0.001, j=44:0.003, j=45:0.002, j=46:0.008, j=47:0.011, j=48:0.011, j=49:0.002, j=50:0.008, j=51:0.001, j=52:0.000, j=53:0.007, j=54:0.095, j=55:0.734, j=56:0.009
      i=57 -> j=0:0.005, j=1:0.003, j=2:0.005, j=3:0.003, j=4:0.002, j=5:0.003, j=6:0.005, j=7:0.006, j=8:0.002, j=9:0.003, j=10:0.003, j=11:0.002, j=12:0.003, j=13:0.002, j=14:0.005, j=15:0.006, j=16:0.002, j=17:0.002, j=18:0.003, j=19:0.003, j=20:0.005, j=21:0.002, j=22:0.006, j=23:0.006, j=24:0.002, j=25:0.005, j=26:0.002, j=27:0.004, j=28:0.003, j=29:0.005, j=30:0.005, j=31:0.004, j=32:0.002, j=33:0.001, j=34:0.001, j=35:0.002, j=36:0.005, j=37:0.002, j=38:0.004, j=39:0.004, j=40:0.004, j=41:0.002, j=42:0.008, j=43:0.002, j=44:0.005, j=45:0.003, j=46:0.007, j=47:0.010, j=48:0.014, j=49:0.006, j=50:0.011, j=51:0.003, j=52:0.001, j=53:0.008, j=54:0.078, j=55:0.469, j=56:0.041, j=57:0.190
      i=58 -> j=0:0.010, j=1:0.005, j=2:0.009, j=3:0.005, j=4:0.003, j=5:0.005, j=6:0.009, j=7:0.014, j=8:0.004, j=9:0.005, j=10:0.005, j=11:0.003, j=12:0.004, j=13:0.004, j=14:0.010, j=15:0.011, j=16:0.004, j=17:0.004, j=18:0.005, j=19:0.005, j=20:0.012, j=21:0.004, j=22:0.011, j=23:0.012, j=24:0.003, j=25:0.011, j=26:0.005, j=27:0.008, j=28:0.005, j=29:0.011, j=30:0.011, j=31:0.009, j=32:0.003, j=33:0.003, j=34:0.002, j=35:0.003, j=36:0.008, j=37:0.003, j=38:0.008, j=39:0.008, j=40:0.006, j=41:0.003, j=42:0.013, j=43:0.004, j=44:0.009, j=45:0.006, j=46:0.012, j=47:0.014, j=48:0.016, j=49:0.008, j=50:0.024, j=51:0.006, j=52:0.002, j=53:0.004, j=54:0.017, j=55:0.121, j=56:0.024, j=57:0.315, j=58:0.134
      i=59 -> j=0:0.010, j=1:0.007, j=2:0.009, j=3:0.006, j=4:0.005, j=5:0.006, j=6:0.009, j=7:0.012, j=8:0.006, j=9:0.006, j=10:0.006, j=11:0.005, j=12:0.006, j=13:0.006, j=14:0.010, j=15:0.010, j=16:0.005, j=17:0.005, j=18:0.006, j=19:0.006, j=20:0.011, j=21:0.005, j=22:0.009, j=23:0.010, j=24:0.004, j=25:0.010, j=26:0.006, j=27:0.008, j=28:0.006, j=29:0.008, j=30:0.009, j=31:0.008, j=32:0.005, j=33:0.004, j=34:0.003, j=35:0.004, j=36:0.007, j=37:0.004, j=38:0.008, j=39:0.008, j=40:0.006, j=41:0.003, j=42:0.009, j=43:0.005, j=44:0.009, j=45:0.007, j=46:0.010, j=47:0.010, j=48:0.011, j=49:0.009, j=50:0.020, j=51:0.011, j=52:0.004, j=53:0.006, j=54:0.011, j=55:0.036, j=56:0.021, j=57:0.195, j=58:0.121, j=59:0.221
      i=60 -> j=0:0.010, j=1:0.008, j=2:0.011, j=3:0.008, j=4:0.006, j=5:0.007, j=6:0.009, j=7:0.013, j=8:0.007, j=9:0.008, j=10:0.007, j=11:0.006, j=12:0.007, j=13:0.007, j=14:0.012, j=15:0.012, j=16:0.007, j=17:0.006, j=18:0.006, j=19:0.007, j=20:0.012, j=21:0.007, j=22:0.011, j=23:0.010, j=24:0.005, j=25:0.010, j=26:0.007, j=27:0.010, j=28:0.007, j=29:0.009, j=30:0.009, j=31:0.008, j=32:0.005, j=33:0.005, j=34:0.004, j=35:0.004, j=36:0.006, j=37:0.004, j=38:0.007, j=39:0.008, j=40:0.006, j=41:0.004, j=42:0.007, j=43:0.004, j=44:0.008, j=45:0.007, j=46:0.011, j=47:0.009, j=48:0.006, j=49:0.005, j=50:0.012, j=51:0.009, j=52:0.005, j=53:0.006, j=54:0.005, j=55:0.008, j=56:0.005, j=57:0.043, j=58:0.074, j=59:0.262, j=60:0.192
      i=61 -> j=0:0.004, j=1:0.002, j=2:0.005, j=3:0.003, j=4:0.001, j=5:0.002, j=6:0.004, j=7:0.008, j=8:0.002, j=9:0.003, j=10:0.003, j=11:0.001, j=12:0.002, j=13:0.002, j=14:0.006, j=15:0.009, j=16:0.002, j=17:0.002, j=18:0.002, j=19:0.002, j=20:0.008, j=21:0.002, j=22:0.009, j=23:0.007, j=24:0.001, j=25:0.006, j=26:0.002, j=27:0.005, j=28:0.003, j=29:0.007, j=30:0.006, j=31:0.004, j=32:0.001, j=33:0.001, j=34:0.001, j=35:0.001, j=36:0.003, j=37:0.001, j=38:0.003, j=39:0.004, j=40:0.003, j=41:0.001, j=42:0.005, j=43:0.001, j=44:0.003, j=45:0.002, j=46:0.007, j=47:0.006, j=48:0.004, j=49:0.001, j=50:0.005, j=51:0.001, j=52:0.001, j=53:0.002, j=54:0.003, j=55:0.007, j=56:0.001, j=57:0.012, j=58:0.036, j=59:0.227, j=60:0.494, j=61:0.038
      i=62 -> j=0:0.006, j=1:0.005, j=2:0.007, j=3:0.005, j=4:0.004, j=5:0.005, j=6:0.006, j=7:0.008, j=8:0.004, j=9:0.005, j=10:0.005, j=11:0.004, j=12:0.004, j=13:0.004, j=14:0.008, j=15:0.009, j=16:0.005, j=17:0.004, j=18:0.004, j=19:0.004, j=20:0.008, j=21:0.004, j=22:0.009, j=23:0.009, j=24:0.003, j=25:0.007, j=26:0.004, j=27:0.007, j=28:0.005, j=29:0.008, j=30:0.008, j=31:0.006, j=32:0.003, j=33:0.003, j=34:0.003, j=35:0.003, j=36:0.005, j=37:0.003, j=38:0.005, j=39:0.005, j=40:0.005, j=41:0.003, j=42:0.007, j=43:0.003, j=44:0.004, j=45:0.004, j=46:0.007, j=47:0.009, j=48:0.007, j=49:0.003, j=50:0.007, j=51:0.003, j=52:0.002, j=53:0.006, j=54:0.010, j=55:0.015, j=56:0.003, j=57:0.011, j=58:0.021, j=59:0.085, j=60:0.318, j=61:0.092, j=62:0.162
      i=63 -> j=0:0.005, j=1:0.002, j=2:0.005, j=3:0.003, j=4:0.001, j=5:0.002, j=6:0.005, j=7:0.011, j=8:0.002, j=9:0.002, j=10:0.002, j=11:0.001, j=12:0.002, j=13:0.001, j=14:0.007, j=15:0.009, j=16:0.002, j=17:0.002, j=18:0.002, j=19:0.002, j=20:0.009, j=21:0.002, j=22:0.011, j=23:0.010, j=24:0.001, j=25:0.008, j=26:0.002, j=27:0.006, j=28:0.003, j=29:0.011, j=30:0.010, j=31:0.007, j=32:0.001, j=33:0.001, j=34:0.001, j=35:0.001, j=36:0.005, j=37:0.001, j=38:0.004, j=39:0.004, j=40:0.003, j=41:0.001, j=42:0.008, j=43:0.001, j=44:0.003, j=45:0.002, j=46:0.007, j=47:0.008, j=48:0.006, j=49:0.002, j=50:0.008, j=51:0.001, j=52:0.000, j=53:0.001, j=54:0.004, j=55:0.026, j=56:0.001, j=57:0.017, j=58:0.024, j=59:0.058, j=60:0.151, j=61:0.026, j=62:0.459, j=63:0.015
    Average attention per distance:
      d=0:0.165, d=1:0.322, d=2:0.214, d=3:0.095, d=4:0.036, d=5:0.017, d=6:0.013, d=7:0.013
      d=8:0.015, d=9:0.013, d=10:0.010

--- Layer 3 ---
  Head 0: Entropy=0.742
    Attention coefficients from each query position to previous positions:
      i= 0 -> j=0:1.000
      i= 1 -> j=0:0.989, j=1:0.011
      i= 2 -> j=0:0.852, j=1:0.146, j=2:0.002
      i= 3 -> j=0:0.074, j=1:0.815, j=2:0.110, j=3:0.000
      i= 4 -> j=0:0.001, j=1:0.121, j=2:0.753, j=3:0.124, j=4:0.002
      i= 5 -> j=0:0.000, j=1:0.001, j=2:0.086, j=3:0.842, j=4:0.071, j=5:0.000
      i= 6 -> j=0:0.000, j=1:0.000, j=2:0.001, j=3:0.096, j=4:0.800, j=5:0.103, j=6:0.001
      i= 7 -> j=0:0.000, j=1:0.000, j=2:0.000, j=3:0.001, j=4:0.078, j=5:0.774, j=6:0.141, j=7:0.007
      i= 8 -> j=0:0.000, j=1:0.000, j=2:0.000, j=3:0.000, j=4:0.000, j=5:0.083, j=6:0.694, j=7:0.222, j=8:0.001
      i= 9 -> j=0:0.001, j=1:0.000, j=2:0.000, j=3:0.000, j=4:0.000, j=5:0.000, j=6:0.075, j=7:0.836, j=8:0.087, j=9:0.000
      i=10 -> j=0:0.001, j=1:0.000, j=2:0.000, j=3:0.000, j=4:0.000, j=5:0.000, j=6:0.000, j=7:0.088, j=8:0.834, j=9:0.076, j=10:0.000
      i=11 -> j=0:0.000, j=1:0.001, j=2:0.001, j=3:0.000, j=4:0.000, j=5:0.000, j=6:0.000, j=7:0.000, j=8:0.060, j=9:0.856, j=10:0.080, j=11:0.000
      i=12 -> j=0:0.000, j=1:0.001, j=2:0.003, j=3:0.001, j=4:0.000, j=5:0.000, j=6:0.000, j=7:0.000, j=8:0.000, j=9:0.100, j=10:0.773, j=11:0.120, j=12:0.001
      i=13 -> j=0:0.000, j=1:0.001, j=2:0.001, j=3:0.002, j=4:0.002, j=5:0.000, j=6:0.000, j=7:0.000, j=8:0.000, j=9:0.001, j=10:0.090, j=11:0.784, j=12:0.118, j=13:0.002
      i=14 -> j=0:0.001, j=1:0.000, j=2:0.000, j=3:0.001, j=4:0.003, j=5:0.001, j=6:0.000, j=7:0.000, j=8:0.000, j=9:0.000, j=10:0.001, j=11:0.077, j=12:0.784, j=13:0.128, j=14:0.005
      i=15 -> j=0:0.002, j=1:0.001, j=2:0.000, j=3:0.000, j=4:0.002, j=5:0.003, j=6:0.002, j=7:0.000, j=8:0.000, j=9:0.000, j=10:0.000, j=11:0.001, j=12:0.101, j=13:0.698, j=14:0.185, j=15:0.005
      i=16 -> j=0:0.001, j=1:0.001, j=2:0.000, j=3:0.000, j=4:0.000, j=5:0.000, j=6:0.001, j=7:0.001, j=8:0.000, j=9:0.000, j=10:0.000, j=11:0.000, j=12:0.000, j=13:0.088, j=14:0.758, j=15:0.149, j=16:0.000
      i=17 -> j=0:0.001, j=1:0.001, j=2:0.001, j=3:0.000, j=4:0.000, j=5:0.000, j=6:0.001, j=7:0.003, j=8:0.001, j=9:0.000, j=10:0.000, j=11:0.000, j=12:0.000, j=13:0.001, j=14:0.095, j=15:0.784, j=16:0.111, j=17:0.001
      i=18 -> j=0:0.000, j=1:0.000, j=2:0.001, j=3:0.000, j=4:0.000, j=5:0.000, j=6:0.000, j=7:0.001, j=8:0.001, j=9:0.000, j=10:0.000, j=11:0.000, j=12:0.000, j=13:0.000, j=14:0.001, j=15:0.104, j=16:0.781, j=17:0.110, j=18:0.000
      i=19 -> j=0:0.000, j=1:0.000, j=2:0.000, j=3:0.001, j=4:0.001, j=5:0.000, j=6:0.000, j=7:0.000, j=8:0.000, j=9:0.001, j=10:0.000, j=11:0.000, j=12:0.000, j=13:0.000, j=14:0.000, j=15:0.001, j=16:0.091, j=17:0.820, j=18:0.082, j=19:0.001
      i=20 -> j=0:0.000, j=1:0.000, j=2:0.000, j=3:0.000, j=4:0.001, j=5:0.000, j=6:0.000, j=7:0.000, j=8:0.000, j=9:0.000, j=10:0.001, j=11:0.000, j=12:0.000, j=13:0.000, j=14:0.000, j=15:0.000, j=16:0.000, j=17:0.074, j=18:0.813, j=19:0.108, j=20:0.001
      i=21 -> j=0:0.001, j=1:0.000, j=2:0.000, j=3:0.000, j=4:0.001, j=5:0.001, j=6:0.001, j=7:0.001, j=8:0.000, j=9:0.000, j=10:0.000, j=11:0.002, j=12:0.001, j=13:0.000, j=14:0.000, j=15:0.000, j=16:0.000, j=17:0.000, j=18:0.079, j=19:0.789, j=20:0.122, j=21:0.002
      i=22 -> j=0:0.001, j=1:0.000, j=2:0.000, j=3:0.000, j=4:0.000, j=5:0.000, j=6:0.001, j=7:0.001, j=8:0.000, j=9:0.000, j=10:0.000, j=11:0.000, j=12:0.001, j=13:0.000, j=14:0.000, j=15:0.000, j=16:0.000, j=17:0.000, j=18:0.000, j=19:0.125, j=20:0.772, j=21:0.097, j=22:0.000
      i=23 -> j=0:0.001, j=1:0.001, j=2:0.001, j=3:0.000, j=4:0.000, j=5:0.000, j=6:0.001, j=7:0.001, j=8:0.000, j=9:0.000, j=10:0.000, j=11:0.000, j=12:0.001, j=13:0.002, j=14:0.001, j=15:0.000, j=16:0.000, j=17:0.000, j=18:0.000, j=19:0.001, j=20:0.087, j=21:0.774, j=22:0.128, j=23:0.002
      i=24 -> j=0:0.000, j=1:0.001, j=2:0.001, j=3:0.000, j=4:0.000, j=5:0.000, j=6:0.000, j=7:0.001, j=8:0.001, j=9:0.001, j=10:0.000, j=11:0.000, j=12:0.000, j=13:0.001, j=14:0.003, j=15:0.002, j=16:0.000, j=17:0.000, j=18:0.000, j=19:0.000, j=20:0.001, j=21:0.073, j=22:0.751, j=23:0.161, j=24:0.001
      i=25 -> j=0:0.000, j=1:0.000, j=2:0.000, j=3:0.000, j=4:0.000, j=5:0.000, j=6:0.000, j=7:0.000, j=8:0.000, j=9:0.000, j=10:0.000, j=11:0.000, j=12:0.000, j=13:0.000, j=14:0.001, j=15:0.001, j=16:0.000, j=17:0.000, j=18:0.000, j=19:0.000, j=20:0.000, j=21:0.000, j=22:0.068, j=23:0.851, j=24:0.076, j=25:0.001
      i=26 -> j=0:0.000, j=1:0.000, j=2:0.000, j=3:0.000, j=4:0.001, j=5:0.000, j=6:0.000, j=7:0.000, j=8:0.000, j=9:0.000, j=10:0.001, j=11:0.000, j=12:0.000, j=13:0.000, j=14:0.000, j=15:0.001, j=16:0.002, j=17:0.001, j=18:0.000, j=19:0.000, j=20:0.000, j=21:0.000, j=22:0.001, j=23:0.093, j=24:0.760, j=25:0.136, j=26:0.001
      i=27 -> j=0:0.000, j=1:0.000, j=2:0.000, j=3:0.000, j=4:0.000, j=5:0.000, j=6:0.000, j=7:0.000, j=8:0.000, j=9:0.000, j=10:0.000, j=11:0.000, j=12:0.000, j=13:0.000, j=14:0.000, j=15:0.000, j=16:0.000, j=17:0.001, j=18:0.000, j=19:0.000, j=20:0.000, j=21:0.000, j=22:0.000, j=23:0.000, j=24:0.062, j=25:0.833, j=26:0.100, j=27:0.001
      i=28 -> j=0:0.001, j=1:0.001, j=2:0.000, j=3:0.000, j=4:0.000, j=5:0.000, j=6:0.001, j=7:0.001, j=8:0.000, j=9:0.000, j=10:0.000, j=11:0.000, j=12:0.001, j=13:0.001, j=14:0.001, j=15:0.000, j=16:0.000, j=17:0.001, j=18:0.001, j=19:0.001, j=20:0.000, j=21:0.000, j=22:0.000, j=23:0.000, j=24:0.001, j=25:0.080, j=26:0.781, j=27:0.128, j=28:0.001
      i=29 -> j=0:0.000, j=1:0.000, j=2:0.000, j=3:0.000, j=4:0.000, j=5:0.000, j=6:0.000, j=7:0.001, j=8:0.000, j=9:0.000, j=10:0.000, j=11:0.000, j=12:0.000, j=13:0.000, j=14:0.001, j=15:0.000, j=16:0.000, j=17:0.000, j=18:0.000, j=19:0.001, j=20:0.000, j=21:0.000, j=22:0.000, j=23:0.000, j=24:0.000, j=25:0.000, j=26:0.066, j=27:0.855, j=28:0.074, j=29:0.000
      i=30 -> j=0:0.000, j=1:0.001, j=2:0.001, j=3:0.000, j=4:0.000, j=5:0.000, j=6:0.000, j=7:0.001, j=8:0.000, j=9:0.000, j=10:0.000, j=11:0.000, j=12:0.000, j=13:0.001, j=14:0.001, j=15:0.001, j=16:0.000, j=17:0.000, j=18:0.000, j=19:0.001, j=20:0.002, j=21:0.001, j=22:0.000, j=23:0.000, j=24:0.000, j=25:0.000, j=26:0.000, j=27:0.054, j=28:0.795, j=29:0.138, j=30:0.001
      i=31 -> j=0:0.000, j=1:0.000, j=2:0.001, j=3:0.000, j=4:0.000, j=5:0.000, j=6:0.000, j=7:0.000, j=8:0.000, j=9:0.000, j=10:0.000, j=11:0.000, j=12:0.000, j=13:0.000, j=14:0.001, j=15:0.001, j=16:0.000, j=17:0.000, j=18:0.000, j=19:0.000, j=20:0.000, j=21:0.001, j=22:0.001, j=23:0.000, j=24:0.000, j=25:0.000, j=26:0.000, j=27:0.000, j=28:0.079, j=29:0.783, j=30:0.129, j=31:0.001
      i=32 -> j=0:0.000, j=1:0.000, j=2:0.000, j=3:0.000, j=4:0.000, j=5:0.000, j=6:0.000, j=7:0.000, j=8:0.000, j=9:0.000, j=10:0.000, j=11:0.000, j=12:0.000, j=13:0.000, j=14:0.000, j=15:0.000, j=16:0.000, j=17:0.000, j=18:0.000, j=19:0.000, j=20:0.000, j=21:0.000, j=22:0.001, j=23:0.001, j=24:0.000, j=25:0.000, j=26:0.000, j=27:0.000, j=28:0.001, j=29:0.082, j=30:0.793, j=31:0.117, j=32:0.001
      i=33 -> j=0:0.001, j=1:0.000, j=2:0.000, j=3:0.000, j=4:0.001, j=5:0.000, j=6:0.000, j=7:0.000, j=8:0.000, j=9:0.000, j=10:0.000, j=11:0.000, j=12:0.000, j=13:0.000, j=14:0.000, j=15:0.000, j=16:0.000, j=17:0.001, j=18:0.000, j=19:0.000, j=20:0.000, j=21:0.000, j=22:0.000, j=23:0.002, j=24:0.001, j=25:0.000, j=26:0.000, j=27:0.000, j=28:0.000, j=29:0.000, j=30:0.059, j=31:0.770, j=32:0.160, j=33:0.002
      i=34 -> j=0:0.000, j=1:0.000, j=2:0.000, j=3:0.000, j=4:0.000, j=5:0.000, j=6:0.000, j=7:0.000, j=8:0.000, j=9:0.000, j=10:0.000, j=11:0.000, j=12:0.000, j=13:0.000, j=14:0.000, j=15:0.000, j=16:0.000, j=17:0.000, j=18:0.000, j=19:0.000, j=20:0.000, j=21:0.000, j=22:0.000, j=23:0.000, j=24:0.001, j=25:0.000, j=26:0.000, j=27:0.000, j=28:0.000, j=29:0.000, j=30:0.000, j=31:0.076, j=32:0.814, j=33:0.104, j=34:0.000
      i=35 -> j=0:0.001, j=1:0.001, j=2:0.000, j=3:0.000, j=4:0.000, j=5:0.000, j=6:0.000, j=7:0.001, j=8:0.000, j=9:0.000, j=10:0.000, j=11:0.000, j=12:0.000, j=13:0.000, j=14:0.000, j=15:0.000, j=16:0.000, j=17:0.000, j=18:0.000, j=19:0.001, j=20:0.000, j=21:0.000, j=22:0.000, j=23:0.000, j=24:0.000, j=25:0.001, j=26:0.000, j=27:0.000, j=28:0.000, j=29:0.000, j=30:0.000, j=31:0.000, j=32:0.081, j=33:0.849, j=34:0.061, j=35:0.001
      i=36 -> j=0:0.001, j=1:0.002, j=2:0.001, j=3:0.000, j=4:0.000, j=5:0.000, j=6:0.001, j=7:0.002, j=8:0.001, j=9:0.001, j=10:0.000, j=11:0.000, j=12:0.000, j=13:0.001, j=14:0.002, j=15:0.001, j=16:0.000, j=17:0.000, j=18:0.000, j=19:0.001, j=20:0.001, j=21:0.001, j=22:0.000, j=23:0.000, j=24:0.000, j=25:0.001, j=26:0.002, j=27:0.001, j=28:0.000, j=29:0.000, j=30:0.000, j=31:0.000, j=32:0.001, j=33:0.071, j=34:0.752, j=35:0.151, j=36:0.004
      i=37 -> j=0:0.001, j=1:0.001, j=2:0.001, j=3:0.001, j=4:0.001, j=5:0.000, j=6:0.000, j=7:0.001, j=8:0.001, j=9:0.001, j=10:0.000, j=11:0.000, j=12:0.000, j=13:0.001, j=14:0.001, j=15:0.002, j=16:0.000, j=17:0.000, j=18:0.000, j=19:0.000, j=20:0.001, j=21:0.001, j=22:0.001, j=23:0.000, j=24:0.000, j=25:0.000, j=26:0.001, j=27:0.002, j=28:0.001, j=29:0.000, j=30:0.000, j=31:0.000, j=32:0.000, j=33:0.001, j=34:0.086, j=35:0.691, j=36:0.200, j=37:0.001
      i=38 -> j=0:0.000, j=1:0.001, j=2:0.001, j=3:0.001, j=4:0.001, j=5:0.000, j=6:0.000, j=7:0.000, j=8:0.000, j=9:0.001, j=10:0.000, j=11:0.000, j=12:0.000, j=13:0.000, j=14:0.001, j=15:0.001, j=16:0.000, j=17:0.000, j=18:0.000, j=19:0.000, j=20:0.000, j=21:0.000, j=22:0.001, j=23:0.001, j=24:0.000, j=25:0.000, j=26:0.000, j=27:0.000, j=28:0.001, j=29:0.001, j=30:0.000, j=31:0.000, j=32:0.000, j=33:0.000, j=34:0.000, j=35:0.074, j=36:0.808, j=37:0.104, j=38:0.001
      i=39 -> j=0:0.001, j=1:0.001, j=2:0.001, j=3:0.001, j=4:0.001, j=5:0.001, j=6:0.001, j=7:0.001, j=8:0.000, j=9:0.000, j=10:0.001, j=11:0.001, j=12:0.000, j=13:0.000, j=14:0.001, j=15:0.001, j=16:0.000, j=17:0.001, j=18:0.000, j=19:0.000, j=20:0.000, j=21:0.000, j=22:0.001, j=23:0.001, j=24:0.001, j=25:0.000, j=26:0.000, j=27:0.000, j=28:0.001, j=29:0.002, j=30:0.001, j=31:0.000, j=32:0.000, j=33:0.000, j=34:0.000, j=35:0.001, j=36:0.071, j=37:0.802, j=38:0.104, j=39:0.002
      i=40 -> j=0:0.001, j=1:0.001, j=2:0.000, j=3:0.000, j=4:0.001, j=5:0.001, j=6:0.001, j=7:0.001, j=8:0.000, j=9:0.000, j=10:0.000, j=11:0.000, j=12:0.001, j=13:0.001, j=14:0.001, j=15:0.000, j=16:0.000, j=17:0.000, j=18:0.000, j=19:0.001, j=20:0.000, j=21:0.000, j=22:0.000, j=23:0.001, j=24:0.001, j=25:0.001, j=26:0.000, j=27:0.000, j=28:0.000, j=29:0.001, j=30:0.002, j=31:0.001, j=32:0.000, j=33:0.000, j=34:0.000, j=35:0.000, j=36:0.001, j=37:0.091, j=38:0.756, j=39:0.133, j=40:0.002
      i=41 -> j=0:0.001, j=1:0.001, j=2:0.001, j=3:0.000, j=4:0.001, j=5:0.001, j=6:0.001, j=7:0.002, j=8:0.001, j=9:0.000, j=10:0.000, j=11:0.000, j=12:0.001, j=13:0.001, j=14:0.001, j=15:0.001, j=16:0.000, j=17:0.000, j=18:0.001, j=19:0.001, j=20:0.001, j=21:0.000, j=22:0.000, j=23:0.000, j=24:0.001, j=25:0.001, j=26:0.001, j=27:0.000, j=28:0.000, j=29:0.000, j=30:0.001, j=31:0.003, j=32:0.001, j=33:0.000, j=34:0.000, j=35:0.000, j=36:0.000, j=37:0.001, j=38:0.140, j=39:0.704, j=40:0.127, j=41:0.001
      i=42 -> j=0:0.001, j=1:0.001, j=2:0.001, j=3:0.000, j=4:0.000, j=5:0.000, j=6:0.001, j=7:0.001, j=8:0.001, j=9:0.000, j=10:0.000, j=11:0.000, j=12:0.000, j=13:0.001, j=14:0.001, j=15:0.001, j=16:0.000, j=17:0.000, j=18:0.000, j=19:0.001, j=20:0.001, j=21:0.000, j=22:0.000, j=23:0.000, j=24:0.000, j=25:0.000, j=26:0.001, j=27:0.000, j=28:0.000, j=29:0.000, j=30:0.000, j=31:0.001, j=32:0.002, j=33:0.001, j=34:0.000, j=35:0.000, j=36:0.000, j=37:0.000, j=38:0.001, j=39:0.066, j=40:0.827, j=41:0.087, j=42:0.002
      i=43 -> j=0:0.001, j=1:0.001, j=2:0.001, j=3:0.001, j=4:0.001, j=5:0.000, j=6:0.000, j=7:0.001, j=8:0.001, j=9:0.001, j=10:0.000, j=11:0.000, j=12:0.000, j=13:0.001, j=14:0.001, j=15:0.001, j=16:0.000, j=17:0.000, j=18:0.000, j=19:0.000, j=20:0.001, j=21:0.001, j=22:0.001, j=23:0.000, j=24:0.000, j=25:0.000, j=26:0.000, j=27:0.001, j=28:0.001, j=29:0.000, j=30:0.000, j=31:0.000, j=32:0.001, j=33:0.002, j=34:0.001, j=35:0.000, j=36:0.000, j=37:0.000, j=38:0.000, j=39:0.001, j=40:0.142, j=41:0.668, j=42:0.167, j=43:0.001
      i=44 -> j=0:0.000, j=1:0.000, j=2:0.001, j=3:0.000, j=4:0.000, j=5:0.000, j=6:0.000, j=7:0.000, j=8:0.000, j=9:0.000, j=10:0.000, j=11:0.000, j=12:0.000, j=13:0.000, j=14:0.001, j=15:0.001, j=16:0.000, j=17:0.000, j=18:0.000, j=19:0.000, j=20:0.000, j=21:0.000, j=22:0.000, j=23:0.000, j=24:0.000, j=25:0.000, j=26:0.000, j=27:0.000, j=28:0.001, j=29:0.000, j=30:0.000, j=31:0.000, j=32:0.000, j=33:0.000, j=34:0.001, j=35:0.000, j=36:0.000, j=37:0.000, j=38:0.000, j=39:0.000, j=40:0.001, j=41:0.079, j=42:0.804, j=43:0.105, j=44:0.000
      i=45 -> j=0:0.001, j=1:0.001, j=2:0.001, j=3:0.001, j=4:0.001, j=5:0.001, j=6:0.001, j=7:0.001, j=8:0.000, j=9:0.001, j=10:0.001, j=11:0.001, j=12:0.001, j=13:0.000, j=14:0.001, j=15:0.001, j=16:0.001, j=17:0.001, j=18:0.000, j=19:0.000, j=20:0.000, j=21:0.000, j=22:0.001, j=23:0.001, j=24:0.001, j=25:0.000, j=26:0.000, j=27:0.000, j=28:0.001, j=29:0.001, j=30:0.001, j=31:0.000, j=32:0.000, j=33:0.000, j=34:0.001, j=35:0.002, j=36:0.002, j=37:0.000, j=38:0.000, j=39:0.000, j=40:0.000, j=41:0.001, j=42:0.073, j=43:0.796, j=44:0.104, j=45:0.001
      i=46 -> j=0:0.001, j=1:0.000, j=2:0.000, j=3:0.000, j=4:0.000, j=5:0.000, j=6:0.001, j=7:0.001, j=8:0.000, j=9:0.000, j=10:0.000, j=11:0.000, j=12:0.000, j=13:0.000, j=14:0.000, j=15:0.000, j=16:0.000, j=17:0.000, j=18:0.000, j=19:0.000, j=20:0.000, j=21:0.000, j=22:0.000, j=23:0.000, j=24:0.000, j=25:0.000, j=26:0.000, j=27:0.000, j=28:0.000, j=29:0.000, j=30:0.001, j=31:0.001, j=32:0.000, j=33:0.000, j=34:0.000, j=35:0.000, j=36:0.001, j=37:0.001, j=38:0.000, j=39:0.000, j=40:0.000, j=41:0.000, j=42:0.000, j=43:0.050, j=44:0.786, j=45:0.149, j=46:0.001
      i=47 -> j=0:0.001, j=1:0.001, j=2:0.001, j=3:0.000, j=4:0.001, j=5:0.001, j=6:0.001, j=7:0.001, j=8:0.000, j=9:0.000, j=10:0.000, j=11:0.000, j=12:0.001, j=13:0.001, j=14:0.001, j=15:0.001, j=16:0.000, j=17:0.000, j=18:0.000, j=19:0.001, j=20:0.001, j=21:0.000, j=22:0.000, j=23:0.000, j=24:0.000, j=25:0.001, j=26:0.000, j=27:0.000, j=28:0.000, j=29:0.000, j=30:0.000, j=31:0.001, j=32:0.001, j=33:0.000, j=34:0.000, j=35:0.000, j=36:0.001, j=37:0.002, j=38:0.001, j=39:0.000, j=40:0.000, j=41:0.000, j=42:0.000, j=43:0.000, j=44:0.055, j=45:0.768, j=46:0.151, j=47:0.002
      i=48 -> j=0:0.001, j=1:0.001, j=2:0.001, j=3:0.000, j=4:0.000, j=5:0.000, j=6:0.001, j=7:0.001, j=8:0.000, j=9:0.000, j=10:0.000, j=11:0.000, j=12:0.000, j=13:0.001, j=14:0.001, j=15:0.001, j=16:0.000, j=17:0.000, j=18:0.000, j=19:0.001, j=20:0.001, j=21:0.000, j=22:0.000, j=23:0.000, j=24:0.000, j=25:0.000, j=26:0.000, j=27:0.000, j=28:0.000, j=29:0.000, j=30:0.000, j=31:0.000, j=32:0.001, j=33:0.000, j=34:0.000, j=35:0.000, j=36:0.000, j=37:0.000, j=38:0.001, j=39:0.001, j=40:0.000, j=41:0.000, j=42:0.000, j=43:0.000, j=44:0.000, j=45:0.077, j=46:0.784, j=47:0.123, j=48:0.001
      i=49 -> j=0:0.000, j=1:0.000, j=2:0.000, j=3:0.000, j=4:0.000, j=5:0.000, j=6:0.000, j=7:0.000, j=8:0.000, j=9:0.000, j=10:0.000, j=11:0.000, j=12:0.000, j=13:0.000, j=14:0.001, j=15:0.001, j=16:0.000, j=17:0.000, j=18:0.000, j=19:0.000, j=20:0.000, j=21:0.000, j=22:0.000, j=23:0.000, j=24:0.000, j=25:0.000, j=26:0.000, j=27:0.000, j=28:0.000, j=29:0.000, j=30:0.000, j=31:0.000, j=32:0.000, j=33:0.000, j=34:0.000, j=35:0.000, j=36:0.000, j=37:0.000, j=38:0.000, j=39:0.001, j=40:0.000, j=41:0.000, j=42:0.000, j=43:0.000, j=44:0.000, j=45:0.000, j=46:0.085, j=47:0.853, j=48:0.051, j=49:0.000
      i=50 -> j=0:0.000, j=1:0.001, j=2:0.001, j=3:0.001, j=4:0.001, j=5:0.000, j=6:0.000, j=7:0.001, j=8:0.001, j=9:0.001, j=10:0.000, j=11:0.000, j=12:0.000, j=13:0.000, j=14:0.001, j=15:0.001, j=16:0.001, j=17:0.000, j=18:0.000, j=19:0.000, j=20:0.000, j=21:0.001, j=22:0.001, j=23:0.001, j=24:0.000, j=25:0.000, j=26:0.000, j=27:0.000, j=28:0.001, j=29:0.000, j=30:0.000, j=31:0.000, j=32:0.000, j=33:0.000, j=34:0.001, j=35:0.001, j=36:0.000, j=37:0.000, j=38:0.000, j=39:0.001, j=40:0.002, j=41:0.001, j=42:0.000, j=43:0.000, j=44:0.000, j=45:0.000, j=46:0.000, j=47:0.098, j=48:0.765, j=49:0.113, j=50:0.001
      i=51 -> j=0:0.000, j=1:0.000, j=2:0.000, j=3:0.000, j=4:0.001, j=5:0.000, j=6:0.000, j=7:0.000, j=8:0.000, j=9:0.000, j=10:0.000, j=11:0.000, j=12:0.000, j=13:0.000, j=14:0.000, j=15:0.001, j=16:0.000, j=17:0.000, j=18:0.000, j=19:0.000, j=20:0.000, j=21:0.000, j=22:0.000, j=23:0.001, j=24:0.000, j=25:0.000, j=26:0.000, j=27:0.000, j=28:0.000, j=29:0.000, j=30:0.000, j=31:0.000, j=32:0.000, j=33:0.000, j=34:0.000, j=35:0.001, j=36:0.001, j=37:0.000, j=38:0.000, j=39:0.000, j=40:0.001, j=41:0.001, j=42:0.001, j=43:0.000, j=44:0.000, j=45:0.000, j=46:0.000, j=47:0.001, j=48:0.134, j=49:0.728, j=50:0.122, j=51:0.000
      i=52 -> j=0:0.002, j=1:0.001, j=2:0.001, j=3:0.001, j=4:0.002, j=5:0.001, j=6:0.002, j=7:0.002, j=8:0.001, j=9:0.001, j=10:0.001, j=11:0.001, j=12:0.001, j=13:0.001, j=14:0.001, j=15:0.001, j=16:0.001, j=17:0.002, j=18:0.001, j=19:0.001, j=20:0.001, j=21:0.001, j=22:0.001, j=23:0.002, j=24:0.001, j=25:0.001, j=26:0.000, j=27:0.000, j=28:0.001, j=29:0.001, j=30:0.002, j=31:0.001, j=32:0.001, j=33:0.000, j=34:0.000, j=35:0.001, j=36:0.002, j=37:0.001, j=38:0.001, j=39:0.000, j=40:0.001, j=41:0.002, j=42:0.004, j=43:0.002, j=44:0.000, j=45:0.000, j=46:0.000, j=47:0.000, j=48:0.003, j=49:0.097, j=50:0.727, j=51:0.117, j=52:0.002
      i=53 -> j=0:0.001, j=1:0.001, j=2:0.001, j=3:0.000, j=4:0.001, j=5:0.001, j=6:0.001, j=7:0.001, j=8:0.000, j=9:0.000, j=10:0.000, j=11:0.000, j=12:0.001, j=13:0.001, j=14:0.001, j=15:0.001, j=16:0.000, j=17:0.001, j=18:0.001, j=19:0.001, j=20:0.001, j=21:0.000, j=22:0.000, j=23:0.001, j=24:0.001, j=25:0.001, j=26:0.000, j=27:0.000, j=28:0.000, j=29:0.000, j=30:0.001, j=31:0.001, j=32:0.001, j=33:0.000, j=34:0.000, j=35:0.000, j=36:0.001, j=37:0.001, j=38:0.001, j=39:0.000, j=40:0.000, j=41:0.000, j=42:0.001, j=43:0.002, j=44:0.001, j=45:0.000, j=46:0.000, j=47:0.000, j=48:0.000, j=49:0.001, j=50:0.076, j=51:0.780, j=52:0.116, j=53:0.001
      i=54 -> j=0:0.001, j=1:0.002, j=2:0.001, j=3:0.000, j=4:0.001, j=5:0.001, j=6:0.001, j=7:0.002, j=8:0.001, j=9:0.001, j=10:0.000, j=11:0.000, j=12:0.001, j=13:0.001, j=14:0.002, j=15:0.001, j=16:0.000, j=17:0.000, j=18:0.000, j=19:0.001, j=20:0.001, j=21:0.001, j=22:0.000, j=23:0.000, j=24:0.001, j=25:0.001, j=26:0.001, j=27:0.000, j=28:0.000, j=29:0.000, j=30:0.000, j=31:0.001, j=32:0.001, j=33:0.001, j=34:0.000, j=35:0.000, j=36:0.000, j=37:0.001, j=38:0.001, j=39:0.001, j=40:0.001, j=41:0.000, j=42:0.000, j=43:0.001, j=44:0.001, j=45:0.001, j=46:0.000, j=47:0.000, j=48:0.000, j=49:0.000, j=50:0.000, j=51:0.065, j=52:0.755, j=53:0.142, j=54:0.002
      i=55 -> j=0:0.001, j=1:0.002, j=2:0.002, j=3:0.001, j=4:0.001, j=5:0.001, j=6:0.001, j=7:0.002, j=8:0.001, j=9:0.001, j=10:0.000, j=11:0.000, j=12:0.001, j=13:0.001, j=14:0.002, j=15:0.002, j=16:0.001, j=17:0.001, j=18:0.000, j=19:0.001, j=20:0.002, j=21:0.001, j=22:0.001, j=23:0.001, j=24:0.000, j=25:0.001, j=26:0.001, j=27:0.001, j=28:0.001, j=29:0.000, j=30:0.000, j=31:0.001, j=32:0.001, j=33:0.001, j=34:0.001, j=35:0.000, j=36:0.000, j=37:0.000, j=38:0.001, j=39:0.002, j=40:0.002, j=41:0.001, j=42:0.000, j=43:0.000, j=44:0.001, j=45:0.003, j=46:0.001, j=47:0.000, j=48:0.000, j=49:0.000, j=50:0.000, j=51:0.000, j=52:0.062, j=53:0.748, j=54:0.142, j=55:0.004
      i=56 -> j=0:0.001, j=1:0.001, j=2:0.001, j=3:0.001, j=4:0.001, j=5:0.000, j=6:0.000, j=7:0.001, j=8:0.001, j=9:0.001, j=10:0.000, j=11:0.000, j=12:0.000, j=13:0.001, j=14:0.001, j=15:0.001, j=16:0.000, j=17:0.000, j=18:0.000, j=19:0.000, j=20:0.001, j=21:0.001, j=22:0.001, j=23:0.001, j=24:0.000, j=25:0.000, j=26:0.000, j=27:0.000, j=28:0.001, j=29:0.000, j=30:0.000, j=31:0.000, j=32:0.000, j=33:0.000, j=34:0.000, j=35:0.000, j=36:0.000, j=37:0.000, j=38:0.000, j=39:0.001, j=40:0.001, j=41:0.001, j=42:0.000, j=43:0.000, j=44:0.000, j=45:0.001, j=46:0.002, j=47:0.001, j=48:0.000, j=49:0.000, j=50:0.000, j=51:0.000, j=52:0.000, j=53:0.080, j=54:0.717, j=55:0.175, j=56:0.001
      i=57 -> j=0:0.001, j=1:0.001, j=2:0.001, j=3:0.001, j=4:0.001, j=5:0.001, j=6:0.001, j=7:0.001, j=8:0.001, j=9:0.001, j=10:0.001, j=11:0.000, j=12:0.000, j=13:0.001, j=14:0.001, j=15:0.001, j=16:0.001, j=17:0.001, j=18:0.000, j=19:0.000, j=20:0.001, j=21:0.001, j=22:0.001, j=23:0.001, j=24:0.001, j=25:0.000, j=26:0.000, j=27:0.000, j=28:0.001, j=29:0.001, j=30:0.001, j=31:0.000, j=32:0.000, j=33:0.000, j=34:0.000, j=35:0.001, j=36:0.001, j=37:0.000, j=38:0.000, j=39:0.000, j=40:0.001, j=41:0.001, j=42:0.001, j=43:0.000, j=44:0.000, j=45:0.000, j=46:0.001, j=47:0.002, j=48:0.001, j=49:0.000, j=50:0.000, j=51:0.000, j=52:0.000, j=53:0.000, j=54:0.074, j=55:0.815, j=56:0.078, j=57:0.001
      i=58 -> j=0:0.002, j=1:0.002, j=2:0.001, j=3:0.001, j=4:0.002, j=5:0.002, j=6:0.002, j=7:0.002, j=8:0.001, j=9:0.001, j=10:0.001, j=11:0.002, j=12:0.002, j=13:0.001, j=14:0.001, j=15:0.002, j=16:0.001, j=17:0.002, j=18:0.001, j=19:0.001, j=20:0.001, j=21:0.001, j=22:0.001, j=23:0.002, j=24:0.002, j=25:0.001, j=26:0.001, j=27:0.001, j=28:0.001, j=29:0.002, j=30:0.002, j=31:0.001, j=32:0.001, j=33:0.001, j=34:0.001, j=35:0.001, j=36:0.002, j=37:0.001, j=38:0.001, j=39:0.001, j=40:0.001, j=41:0.001, j=42:0.002, j=43:0.002, j=44:0.001, j=45:0.000, j=46:0.000, j=47:0.002, j=48:0.004, j=49:0.002, j=50:0.000, j=51:0.000, j=52:0.000, j=53:0.000, j=54:0.001, j=55:0.087, j=56:0.682, j=57:0.154, j=58:0.004
      i=59 -> j=0:0.001, j=1:0.000, j=2:0.000, j=3:0.000, j=4:0.000, j=5:0.000, j=6:0.000, j=7:0.001, j=8:0.000, j=9:0.000, j=10:0.000, j=11:0.000, j=12:0.000, j=13:0.000, j=14:0.000, j=15:0.000, j=16:0.000, j=17:0.000, j=18:0.000, j=19:0.000, j=20:0.000, j=21:0.000, j=22:0.000, j=23:0.000, j=24:0.000, j=25:0.000, j=26:0.000, j=27:0.000, j=28:0.000, j=29:0.000, j=30:0.000, j=31:0.000, j=32:0.000, j=33:0.000, j=34:0.000, j=35:0.000, j=36:0.000, j=37:0.000, j=38:0.000, j=39:0.000, j=40:0.000, j=41:0.000, j=42:0.000, j=43:0.000, j=44:0.000, j=45:0.000, j=46:0.000, j=47:0.000, j=48:0.000, j=49:0.001, j=50:0.000, j=51:0.000, j=52:0.000, j=53:0.000, j=54:0.000, j=55:0.000, j=56:0.037, j=57:0.813, j=58:0.136, j=59:0.000
      i=60 -> j=0:0.001, j=1:0.001, j=2:0.001, j=3:0.000, j=4:0.000, j=5:0.000, j=6:0.001, j=7:0.001, j=8:0.000, j=9:0.000, j=10:0.000, j=11:0.000, j=12:0.000, j=13:0.001, j=14:0.001, j=15:0.001, j=16:0.000, j=17:0.000, j=18:0.000, j=19:0.001, j=20:0.001, j=21:0.000, j=22:0.000, j=23:0.000, j=24:0.000, j=25:0.001, j=26:0.001, j=27:0.000, j=28:0.000, j=29:0.000, j=30:0.000, j=31:0.001, j=32:0.001, j=33:0.000, j=34:0.000, j=35:0.000, j=36:0.000, j=37:0.000, j=38:0.000, j=39:0.000, j=40:0.000, j=41:0.000, j=42:0.000, j=43:0.000, j=44:0.000, j=45:0.001, j=46:0.000, j=47:0.000, j=48:0.000, j=49:0.000, j=50:0.001, j=51:0.000, j=52:0.000, j=53:0.000, j=54:0.000, j=55:0.000, j=56:0.000, j=57:0.072, j=58:0.816, j=59:0.089, j=60:0.001
      i=61 -> j=0:0.001, j=1:0.002, j=2:0.001, j=3:0.001, j=4:0.001, j=5:0.001, j=6:0.001, j=7:0.002, j=8:0.001, j=9:0.001, j=10:0.000, j=11:0.000, j=12:0.001, j=13:0.001, j=14:0.002, j=15:0.001, j=16:0.000, j=17:0.001, j=18:0.000, j=19:0.001, j=20:0.001, j=21:0.001, j=22:0.001, j=23:0.001, j=24:0.001, j=25:0.001, j=26:0.001, j=27:0.001, j=28:0.001, j=29:0.000, j=30:0.000, j=31:0.001, j=32:0.001, j=33:0.001, j=34:0.000, j=35:0.000, j=36:0.000, j=37:0.000, j=38:0.001, j=39:0.001, j=40:0.001, j=41:0.000, j=42:0.000, j=43:0.000, j=44:0.000, j=45:0.001, j=46:0.001, j=47:0.001, j=48:0.000, j=49:0.000, j=50:0.001, j=51:0.001, j=52:0.001, j=53:0.000, j=54:0.000, j=55:0.000, j=56:0.000, j=57:0.001, j=58:0.103, j=59:0.746, j=60:0.106, j=61:0.002
      i=62 -> j=0:0.001, j=1:0.001, j=2:0.002, j=3:0.001, j=4:0.001, j=5:0.001, j=6:0.001, j=7:0.001, j=8:0.001, j=9:0.001, j=10:0.001, j=11:0.001, j=12:0.001, j=13:0.001, j=14:0.002, j=15:0.002, j=16:0.001, j=17:0.001, j=18:0.000, j=19:0.001, j=20:0.001, j=21:0.001, j=22:0.001, j=23:0.001, j=24:0.001, j=25:0.001, j=26:0.001, j=27:0.001, j=28:0.001, j=29:0.001, j=30:0.001, j=31:0.001, j=32:0.001, j=33:0.001, j=34:0.001, j=35:0.001, j=36:0.001, j=37:0.000, j=38:0.000, j=39:0.001, j=40:0.002, j=41:0.001, j=42:0.000, j=43:0.000, j=44:0.000, j=45:0.001, j=46:0.001, j=47:0.002, j=48:0.001, j=49:0.000, j=50:0.000, j=51:0.001, j=52:0.003, j=53:0.001, j=54:0.000, j=55:0.000, j=56:0.000, j=57:0.000, j=58:0.001, j=59:0.074, j=60:0.730, j=61:0.142, j=62:0.002
      i=63 -> j=0:0.001, j=1:0.001, j=2:0.001, j=3:0.001, j=4:0.001, j=5:0.001, j=6:0.001, j=7:0.001, j=8:0.001, j=9:0.001, j=10:0.001, j=11:0.001, j=12:0.001, j=13:0.001, j=14:0.001, j=15:0.001, j=16:0.001, j=17:0.001, j=18:0.000, j=19:0.001, j=20:0.001, j=21:0.001, j=22:0.001, j=23:0.001, j=24:0.001, j=25:0.000, j=26:0.000, j=27:0.001, j=28:0.001, j=29:0.001, j=30:0.001, j=31:0.001, j=32:0.000, j=33:0.001, j=34:0.001, j=35:0.001, j=36:0.001, j=37:0.000, j=38:0.000, j=39:0.000, j=40:0.001, j=41:0.001, j=42:0.001, j=43:0.000, j=44:0.000, j=45:0.000, j=46:0.001, j=47:0.002, j=48:0.001, j=49:0.000, j=50:0.000, j=51:0.000, j=52:0.001, j=53:0.002, j=54:0.001, j=55:0.000, j=56:0.000, j=57:0.000, j=58:0.000, j=59:0.000, j=60:0.111, j=61:0.710, j=62:0.134, j=63:0.001
    Average attention per distance:
      d=0:0.017, d=1:0.135, d=2:0.780, d=3:0.083


======================================================================
QK Property Verification (Raw Scores, before Softmax)
======================================================================
Recurrence order init_len=2, num test sequences=1

--- [P1] Long-distance Orthogonality Verification ---
Ideal: raw_score mean ≈ 0 and small std when d > init_len

  Layer 0, Head 0:
    d= 1 (effective): mean=  9.629, std= 0.203, n=63
    d= 2 (effective): mean=  7.714, std= 0.181, n=62
    d>2 (long-distance): mean= -0.432, std= 1.390, n=1891

  Layer 1, Head 0:
    d= 1 (effective): mean=  2.656, std= 1.251, n=63
    d= 2 (effective): mean=  2.593, std= 1.118, n=62
    d>2 (long-distance): mean= -0.784, std= 0.931, n=1891

  Layer 2, Head 0:
    d= 1 (effective): mean=  2.653, std= 1.244, n=63
    d= 2 (effective): mean=  2.212, std= 1.190, n=62
    d>2 (long-distance): mean= -0.984, std= 0.954, n=1891

  Layer 3, Head 0:
    d= 1 (effective): mean=  2.403, std= 0.414, n=63
    d= 2 (effective): mean=  4.294, std= 0.424, n=62
    d>2 (long-distance): mean= -3.608, std= 2.075, n=1891

--- [P2] Time-homogeneous Verification ---
Ideal: CV of raw_score across positions i ≈ 0 for fixed distance d
(CV = std / |mean|, smaller = more constant)

  Layer 0, Head 0:
    d= 1: mean=  9.629, std= 0.203, CV=0.021, n=63
    d= 2: mean=  7.714, std= 0.181, CV=0.023, n=62

  Layer 1, Head 0:
    d= 1: mean=  2.656, std= 1.251, CV=0.471, n=63
    d= 2: mean=  2.593, std= 1.118, CV=0.431, n=62

  Layer 2, Head 0:
    d= 1: mean=  2.653, std= 1.244, CV=0.469, n=63
    d= 2: mean=  2.212, std= 1.190, CV=0.538, n=62

  Layer 3, Head 0:
    d= 1: mean=  2.403, std= 0.414, CV=0.172, n=63
    d= 2: mean=  4.294, std= 0.424, CV=0.099, n=62

======================================================================
QK Property Verification Completed
======================================================================
