=== Experiment: mixed_basic_d512l2_r4_t32 ===
Time: 2026-06-25T07:17:33.554651
Task type: mixed_ab
Merged config: {
  "P": 53,
  "TASK": "mixed_ab",
  "NUM_MASK": 2,
  "A": 1,
  "B": 1,
  "AB_PAIRS": [
    [
      1,
      1
    ],
    [
      1,
      2
    ]
  ],
  "D_MODEL": 512,
  "N_HEAD": 1,
  "N_LAYER": 2,
  "BATCH_SIZE": 128,
  "EPOCHS": 10000,
  "LR": 0.0003,
  "SAVE_PATH": "models/mixed_basic_d512l2_r4_t32.pth",
  "USE_GREEDY_GENERATE": true,
  "USE_LEARNABLE_PE": false,
  "MLP_RATIO": 4,
  "TRAIN_LEN": 32,
  "OOD_LEN": 64,
  "DROPOUT": 0.0,
  "TARGET_INIT_COVERAGE": 0.5,
  "MAX_UNIQUE_RATIO": 0.5,
  "WEIGHT_DECAY": 1,
  "ENTROPY_PENALTY_WEIGHT": 0.0,
  "FIRST_TASK_WEIGHT": 1.0,
  "RANDOM_SEED": 42,
  "EVAL_INTERVAL": 20,
  "EARLY_STOP_NO_IMPROVE": 2000,
  "EARLY_STOP_ACCURACY": 0.99,
  "USE_AB_TAG": false,
  "USE_CONDITIONAL_WTE": false,
  "COND_WTE_SHARED_RATIO": 0.0
}
--- output ---
Using device: cuda

[Dataset] Mixed mode: generated 2810 + 2808 samples, length 32
AB parameter pairs: [(1, 1), (1, 2)]
--------------------------------------------------
[Model config] block_size: 64, train length: 32
[Number theory] AB parameter pairs: [(1, 1), (1, 2)]


Model parameters: 6.47M

Start training...
Epoch   0 | Train: Loss=3.9435 Acc=11.6% | Test: Acc=0.5% | Best=0.5%(@0)
  from x3: 0.01 0.01 0.01 0.01 0.01 0.01 0.00 0.00 0.00 0.00 0.00 0.00 0.00 0.00 0.00 0.00 0.00 0.00 0.00 0.00 0.00 0.00 0.00 0.00 0.00 0.00 0.00 0.01 0.01
  per-rule acc: 0.01 0.00
Epoch  20 | Train: Loss=0.0065 Acc=99.9% | Test: Acc=1.7% | Best=1.7%(@20)
  from x3: 0.02 0.02 0.02 0.02 0.02 0.02 0.02 0.02 0.02 0.02 0.02 0.02 0.02 0.02 0.02 0.02 0.02 0.02 0.02 0.02 0.02 0.02 0.02 0.02 0.02 0.02 0.02 0.02 0.02
  per-rule acc: 0.02 0.01
Epoch  40 | Train: Loss=0.0146 Acc=99.8% | Test: Acc=2.0% | Best=2.0%(@40)
  from x3: 0.02 0.02 0.02 0.02 0.02 0.02 0.02 0.02 0.02 0.02 0.02 0.02 0.02 0.02 0.02 0.02 0.02 0.02 0.02 0.02 0.02 0.02 0.02 0.02 0.02 0.02 0.02 0.02 0.02
  per-rule acc: 0.03 0.01
Epoch  60 | Train: Loss=0.0029 Acc=100.0% | Test: Acc=1.7% | Best=2.0%(@40)
  from x3: 0.02 0.02 0.02 0.02 0.02 0.02 0.01 0.02 0.02 0.02 0.02 0.02 0.02 0.02 0.02 0.02 0.02 0.02 0.02 0.01 0.01 0.01 0.02 0.02 0.02 0.02 0.02 0.02 0.02
  per-rule acc: 0.02 0.01
Epoch  80 | Train: Loss=0.0034 Acc=100.0% | Test: Acc=1.8% | Best=2.0%(@40)
  from x3: 0.02 0.02 0.02 0.02 0.02 0.02 0.02 0.02 0.02 0.02 0.02 0.02 0.02 0.02 0.02 0.02 0.02 0.02 0.02 0.02 0.02 0.02 0.02 0.02 0.02 0.02 0.02 0.02 0.02
  per-rule acc: 0.02 0.02
Epoch 100 | Train: Loss=0.0035 Acc=99.9% | Test: Acc=2.6% | Best=2.6%(@100)
  from x3: 0.03 0.03 0.03 0.03 0.03 0.03 0.03 0.03 0.03 0.03 0.03 0.03 0.03 0.03 0.03 0.03 0.03 0.02 0.03 0.03 0.02 0.02 0.02 0.02 0.02 0.02 0.02 0.02 0.02
  per-rule acc: 0.03 0.02
Epoch 120 | Train: Loss=0.0120 Acc=99.8% | Test: Acc=2.6% | Best=2.6%(@120)
  from x3: 0.03 0.03 0.02 0.03 0.03 0.02 0.02 0.02 0.03 0.03 0.03 0.03 0.02 0.03 0.03 0.03 0.03 0.03 0.03 0.03 0.03 0.03 0.03 0.03 0.03 0.03 0.03 0.03 0.03
  per-rule acc: 0.03 0.02
Epoch 140 | Train: Loss=0.0027 Acc=100.0% | Test: Acc=2.5% | Best=2.6%(@120)
  from x3: 0.03 0.03 0.03 0.02 0.02 0.02 0.02 0.03 0.03 0.03 0.02 0.02 0.02 0.03 0.02 0.02 0.02 0.02 0.02 0.02 0.03 0.02 0.03 0.02 0.03 0.03 0.02 0.02 0.02
  per-rule acc: 0.03 0.02
Epoch 160 | Train: Loss=0.0027 Acc=100.0% | Test: Acc=2.6% | Best=2.6%(@120)
  from x3: 0.03 0.03 0.03 0.03 0.03 0.03 0.03 0.02 0.02 0.02 0.03 0.03 0.03 0.03 0.03 0.03 0.03 0.03 0.03 0.03 0.03 0.03 0.03 0.03 0.02 0.02 0.02 0.03 0.02
  per-rule acc: 0.03 0.02
Epoch 180 | Train: Loss=0.0024 Acc=100.0% | Test: Acc=3.1% | Best=3.1%(@180)
  from x3: 0.04 0.03 0.03 0.03 0.03 0.03 0.03 0.03 0.03 0.03 0.03 0.03 0.03 0.03 0.03 0.03 0.03 0.03 0.03 0.03 0.03 0.03 0.03 0.03 0.03 0.03 0.03 0.03 0.03
  per-rule acc: 0.04 0.02
Epoch 200 | Train: Loss=0.0025 Acc=100.0% | Test: Acc=2.7% | Best=3.1%(@180)
  from x3: 0.04 0.03 0.03 0.03 0.03 0.03 0.03 0.03 0.03 0.03 0.03 0.03 0.03 0.03 0.03 0.03 0.03 0.03 0.03 0.03 0.03 0.03 0.03 0.03 0.03 0.03 0.02 0.03 0.02
  per-rule acc: 0.03 0.02
Epoch 220 | Train: Loss=0.0024 Acc=100.0% | Test: Acc=2.9% | Best=3.1%(@180)
  from x3: 0.04 0.03 0.03 0.03 0.03 0.03 0.03 0.03 0.03 0.03 0.03 0.03 0.03 0.03 0.03 0.03 0.03 0.03 0.03 0.03 0.03 0.03 0.03 0.03 0.03 0.03 0.03 0.03 0.03
  per-rule acc: 0.03 0.03
Epoch 240 | Train: Loss=0.0018 Acc=100.0% | Test: Acc=3.4% | Best=3.4%(@240)
  from x3: 0.04 0.04 0.03 0.03 0.03 0.03 0.03 0.03 0.03 0.03 0.03 0.03 0.03 0.03 0.03 0.03 0.03 0.03 0.03 0.03 0.03 0.03 0.03 0.03 0.03 0.03 0.03 0.03 0.03
  per-rule acc: 0.04 0.03
Epoch 260 | Train: Loss=0.0023 Acc=100.0% | Test: Acc=3.6% | Best=3.6%(@260)
  from x3: 0.04 0.04 0.04 0.04 0.04 0.04 0.04 0.04 0.04 0.04 0.04 0.04 0.04 0.04 0.04 0.04 0.04 0.04 0.04 0.04 0.04 0.04 0.04 0.04 0.04 0.03 0.03 0.03 0.03
  per-rule acc: 0.04 0.03
Epoch 280 | Train: Loss=0.1201 Acc=98.8% | Test: Acc=4.0% | Best=4.0%(@280)
  from x3: 0.05 0.04 0.04 0.04 0.04 0.04 0.04 0.04 0.04 0.04 0.04 0.04 0.04 0.04 0.04 0.04 0.04 0.04 0.04 0.04 0.04 0.04 0.04 0.04 0.04 0.04 0.04 0.04 0.04
  per-rule acc: 0.05 0.03
Epoch 300 | Train: Loss=0.0018 Acc=100.0% | Test: Acc=4.2% | Best=4.2%(@300)
  from x3: 0.05 0.05 0.04 0.04 0.04 0.04 0.04 0.04 0.04 0.04 0.04 0.04 0.04 0.04 0.04 0.04 0.04 0.04 0.04 0.04 0.04 0.04 0.04 0.04 0.04 0.04 0.04 0.04 0.04
  per-rule acc: 0.05 0.03
Epoch 320 | Train: Loss=0.0022 Acc=100.0% | Test: Acc=4.6% | Best=4.6%(@320)
  from x3: 0.05 0.05 0.04 0.05 0.05 0.05 0.05 0.05 0.05 0.05 0.05 0.05 0.05 0.05 0.05 0.05 0.05 0.05 0.04 0.04 0.04 0.04 0.04 0.04 0.04 0.04 0.04 0.04 0.04
  per-rule acc: 0.06 0.03
Epoch 340 | Train: Loss=0.0015 Acc=100.0% | Test: Acc=4.9% | Best=4.9%(@340)
  from x3: 0.06 0.05 0.05 0.05 0.05 0.05 0.05 0.05 0.05 0.05 0.05 0.05 0.05 0.05 0.05 0.05 0.05 0.05 0.05 0.05 0.05 0.05 0.05 0.05 0.05 0.05 0.05 0.05 0.05
  per-rule acc: 0.06 0.04
Epoch 360 | Train: Loss=0.0022 Acc=100.0% | Test: Acc=4.6% | Best=4.9%(@340)
  from x3: 0.06 0.05 0.04 0.05 0.04 0.04 0.04 0.04 0.05 0.05 0.05 0.05 0.05 0.05 0.05 0.05 0.05 0.05 0.05 0.05 0.05 0.05 0.05 0.05 0.04 0.05 0.04 0.04 0.04
  per-rule acc: 0.06 0.04
Epoch 380 | Train: Loss=0.0023 Acc=100.0% | Test: Acc=4.9% | Best=4.9%(@340)
  from x3: 0.06 0.06 0.05 0.05 0.05 0.05 0.05 0.05 0.05 0.05 0.05 0.05 0.05 0.05 0.05 0.05 0.05 0.05 0.05 0.05 0.05 0.05 0.05 0.05 0.05 0.05 0.05 0.05 0.05
  per-rule acc: 0.06 0.04
Epoch 400 | Train: Loss=0.0014 Acc=100.0% | Test: Acc=6.7% | Best=6.7%(@400)
  from x3: 0.08 0.07 0.07 0.07 0.07 0.07 0.07 0.07 0.07 0.07 0.07 0.07 0.07 0.07 0.07 0.07 0.07 0.07 0.07 0.07 0.07 0.07 0.07 0.07 0.07 0.07 0.07 0.07 0.07
  per-rule acc: 0.08 0.05
Epoch 420 | Train: Loss=0.0021 Acc=100.0% | Test: Acc=5.9% | Best=6.7%(@400)
  from x3: 0.06 0.07 0.06 0.06 0.06 0.06 0.06 0.06 0.06 0.06 0.06 0.06 0.06 0.06 0.06 0.06 0.06 0.06 0.06 0.06 0.06 0.06 0.06 0.06 0.06 0.06 0.06 0.06 0.06
  per-rule acc: 0.08 0.04
Epoch 440 | Train: Loss=0.0939 Acc=98.5% | Test: Acc=5.0% | Best=6.7%(@400)
  from x3: 0.05 0.05 0.05 0.05 0.05 0.05 0.05 0.05 0.05 0.05 0.05 0.05 0.05 0.05 0.05 0.05 0.05 0.05 0.05 0.05 0.05 0.05 0.05 0.05 0.05 0.05 0.05 0.05 0.05
  per-rule acc: 0.06 0.04
Epoch 460 | Train: Loss=0.0015 Acc=100.0% | Test: Acc=6.9% | Best=6.9%(@460)
  from x3: 0.08 0.07 0.07 0.07 0.07 0.06 0.06 0.07 0.07 0.07 0.07 0.07 0.07 0.07 0.07 0.07 0.07 0.07 0.07 0.07 0.07 0.07 0.07 0.07 0.07 0.07 0.07 0.07 0.07
  per-rule acc: 0.09 0.05
Epoch 480 | Train: Loss=0.0021 Acc=100.0% | Test: Acc=6.9% | Best=6.9%(@480)
  from x3: 0.07 0.08 0.07 0.07 0.07 0.07 0.07 0.07 0.07 0.07 0.07 0.07 0.07 0.07 0.07 0.07 0.07 0.07 0.07 0.07 0.07 0.07 0.07 0.07 0.07 0.07 0.07 0.07 0.07
  per-rule acc: 0.09 0.05
Epoch 500 | Train: Loss=0.0806 Acc=99.4% | Test: Acc=7.4% | Best=7.4%(@500)
  from x3: 0.07 0.07 0.07 0.07 0.07 0.07 0.08 0.07 0.07 0.07 0.07 0.07 0.07 0.07 0.07 0.07 0.07 0.07 0.07 0.07 0.07 0.07 0.07 0.07 0.07 0.07 0.07 0.07 0.07
  per-rule acc: 0.10 0.05
Epoch 520 | Train: Loss=0.0015 Acc=100.0% | Test: Acc=8.4% | Best=8.4%(@520)
  from x3: 0.09 0.09 0.08 0.08 0.08 0.08 0.08 0.08 0.08 0.09 0.08 0.08 0.08 0.08 0.08 0.08 0.08 0.08 0.08 0.08 0.08 0.08 0.08 0.08 0.08 0.08 0.08 0.08 0.08
  per-rule acc: 0.11 0.06
Epoch 540 | Train: Loss=0.0021 Acc=100.0% | Test: Acc=8.7% | Best=8.7%(@540)
  from x3: 0.09 0.09 0.09 0.09 0.09 0.09 0.09 0.09 0.09 0.09 0.09 0.09 0.09 0.09 0.09 0.09 0.09 0.09 0.09 0.09 0.09 0.09 0.09 0.09 0.09 0.09 0.09 0.09 0.09
  per-rule acc: 0.11 0.06
Epoch 560 | Train: Loss=0.0556 Acc=99.4% | Test: Acc=8.6% | Best=8.7%(@540)
  from x3: 0.09 0.09 0.08 0.08 0.08 0.08 0.09 0.09 0.09 0.09 0.09 0.09 0.09 0.09 0.09 0.09 0.09 0.09 0.09 0.09 0.09 0.09 0.09 0.09 0.09 0.09 0.09 0.09 0.09
  per-rule acc: 0.12 0.05
Epoch 580 | Train: Loss=0.0014 Acc=100.0% | Test: Acc=9.7% | Best=9.7%(@580)
  from x3: 0.10 0.10 0.10 0.10 0.10 0.10 0.10 0.10 0.10 0.10 0.10 0.10 0.10 0.10 0.10 0.10 0.10 0.10 0.10 0.10 0.10 0.10 0.10 0.10 0.10 0.10 0.10 0.10 0.10
  per-rule acc: 0.13 0.06
Epoch 600 | Train: Loss=0.0020 Acc=100.0% | Test: Acc=9.7% | Best=9.7%(@580)
  from x3: 0.10 0.10 0.09 0.10 0.10 0.09 0.10 0.10 0.10 0.10 0.10 0.10 0.10 0.10 0.10 0.10 0.10 0.10 0.10 0.10 0.10 0.10 0.10 0.10 0.10 0.10 0.10 0.10 0.10
  per-rule acc: 0.13 0.07
Epoch 620 | Train: Loss=0.0610 Acc=99.4% | Test: Acc=9.8% | Best=9.8%(@620)
  from x3: 0.10 0.09 0.10 0.10 0.10 0.10 0.10 0.10 0.10 0.10 0.10 0.10 0.10 0.10 0.10 0.10 0.10 0.10 0.10 0.10 0.10 0.10 0.10 0.10 0.10 0.10 0.10 0.10 0.10
  per-rule acc: 0.14 0.06
Epoch 640 | Train: Loss=0.0016 Acc=100.0% | Test: Acc=10.5% | Best=10.5%(@640)
  from x3: 0.11 0.11 0.10 0.10 0.11 0.11 0.11 0.11 0.10 0.10 0.11 0.11 0.10 0.10 0.10 0.11 0.11 0.10 0.11 0.10 0.10 0.10 0.10 0.10 0.11 0.10 0.10 0.11 0.11
  per-rule acc: 0.15 0.07
Epoch 660 | Train: Loss=0.0021 Acc=100.0% | Test: Acc=11.9% | Best=11.9%(@660)
  from x3: 0.12 0.13 0.12 0.12 0.12 0.12 0.12 0.12 0.12 0.12 0.12 0.12 0.12 0.12 0.12 0.12 0.12 0.12 0.12 0.12 0.12 0.12 0.12 0.12 0.12 0.12 0.12 0.12 0.12
  per-rule acc: 0.16 0.08
Epoch 680 | Train: Loss=0.0109 Acc=99.9% | Test: Acc=11.4% | Best=11.9%(@660)
  from x3: 0.12 0.12 0.12 0.12 0.11 0.12 0.11 0.11 0.11 0.11 0.11 0.11 0.11 0.11 0.11 0.11 0.11 0.11 0.11 0.11 0.11 0.11 0.11 0.11 0.11 0.11 0.11 0.11 0.11
  per-rule acc: 0.16 0.07
Epoch 700 | Train: Loss=0.0018 Acc=100.0% | Test: Acc=12.0% | Best=12.0%(@700)
  from x3: 0.13 0.12 0.12 0.12 0.12 0.12 0.12 0.12 0.12 0.12 0.12 0.12 0.12 0.12 0.12 0.12 0.12 0.12 0.12 0.12 0.12 0.12 0.12 0.12 0.12 0.12 0.11 0.11 0.12
  per-rule acc: 0.16 0.08
Epoch 720 | Train: Loss=0.0022 Acc=100.0% | Test: Acc=13.0% | Best=13.0%(@720)
  from x3: 0.13 0.14 0.13 0.13 0.13 0.13 0.13 0.13 0.13 0.13 0.13 0.13 0.13 0.13 0.13 0.13 0.13 0.13 0.13 0.13 0.13 0.13 0.13 0.13 0.13 0.13 0.13 0.13 0.13
  per-rule acc: 0.18 0.08
Epoch 740 | Train: Loss=0.0013 Acc=100.0% | Test: Acc=14.8% | Best=14.8%(@740)
  from x3: 0.15 0.15 0.15 0.15 0.15 0.15 0.15 0.15 0.15 0.15 0.15 0.15 0.15 0.15 0.15 0.15 0.15 0.15 0.15 0.15 0.15 0.15 0.15 0.15 0.15 0.15 0.15 0.15 0.15
  per-rule acc: 0.20 0.10
Epoch 760 | Train: Loss=0.0020 Acc=100.0% | Test: Acc=14.4% | Best=14.8%(@740)
  from x3: 0.14 0.15 0.14 0.15 0.15 0.15 0.15 0.15 0.15 0.15 0.15 0.15 0.15 0.15 0.14 0.14 0.14 0.14 0.14 0.14 0.14 0.14 0.14 0.14 0.14 0.14 0.14 0.14 0.14
  per-rule acc: 0.19 0.10
Epoch 780 | Train: Loss=0.0562 Acc=99.6% | Test: Acc=14.0% | Best=14.8%(@740)
  from x3: 0.14 0.14 0.14 0.14 0.14 0.14 0.14 0.14 0.14 0.14 0.14 0.14 0.14 0.14 0.14 0.14 0.14 0.14 0.14 0.14 0.14 0.14 0.14 0.14 0.14 0.14 0.14 0.14 0.14
  per-rule acc: 0.19 0.09
Epoch 800 | Train: Loss=0.0014 Acc=100.0% | Test: Acc=15.5% | Best=15.5%(@800)
  from x3: 0.16 0.15 0.15 0.15 0.16 0.15 0.15 0.16 0.16 0.16 0.16 0.15 0.16 0.16 0.16 0.16 0.16 0.16 0.16 0.16 0.16 0.16 0.15 0.16 0.16 0.16 0.15 0.15 0.15
  per-rule acc: 0.21 0.10
Epoch 820 | Train: Loss=0.0021 Acc=100.0% | Test: Acc=15.4% | Best=15.5%(@800)
  from x3: 0.16 0.16 0.16 0.16 0.16 0.16 0.16 0.16 0.16 0.16 0.16 0.16 0.16 0.15 0.15 0.16 0.15 0.16 0.15 0.15 0.15 0.15 0.15 0.15 0.15 0.15 0.15 0.15 0.15
  per-rule acc: 0.20 0.11
Epoch 840 | Train: Loss=0.0250 Acc=99.8% | Test: Acc=14.7% | Best=15.5%(@800)
  from x3: 0.15 0.15 0.14 0.14 0.14 0.14 0.15 0.15 0.15 0.15 0.15 0.15 0.15 0.15 0.15 0.15 0.15 0.15 0.15 0.15 0.15 0.15 0.15 0.15 0.15 0.15 0.15 0.15 0.15
  per-rule acc: 0.20 0.09
Epoch 860 | Train: Loss=0.0016 Acc=100.0% | Test: Acc=17.0% | Best=17.0%(@860)
  from x3: 0.17 0.17 0.17 0.17 0.17 0.17 0.17 0.17 0.17 0.17 0.17 0.17 0.17 0.17 0.17 0.17 0.17 0.17 0.17 0.17 0.17 0.17 0.17 0.17 0.17 0.17 0.17 0.17 0.17
  per-rule acc: 0.23 0.11
Epoch 880 | Train: Loss=0.0022 Acc=100.0% | Test: Acc=18.1% | Best=18.1%(@880)
  from x3: 0.18 0.18 0.18 0.18 0.18 0.18 0.18 0.18 0.18 0.18 0.18 0.18 0.18 0.18 0.18 0.18 0.18 0.18 0.18 0.18 0.18 0.18 0.18 0.18 0.18 0.18 0.18 0.18 0.18
  per-rule acc: 0.24 0.12
Epoch 900 | Train: Loss=0.0155 Acc=99.8% | Test: Acc=17.8% | Best=18.1%(@880)
  from x3: 0.17 0.18 0.18 0.18 0.18 0.18 0.18 0.18 0.18 0.18 0.18 0.18 0.18 0.18 0.18 0.18 0.18 0.18 0.18 0.18 0.18 0.18 0.18 0.18 0.18 0.18 0.18 0.18 0.18
  per-rule acc: 0.24 0.11
Epoch 920 | Train: Loss=0.0019 Acc=100.0% | Test: Acc=19.0% | Best=19.0%(@920)
  from x3: 0.19 0.19 0.19 0.19 0.19 0.19 0.19 0.19 0.19 0.19 0.19 0.19 0.19 0.19 0.19 0.19 0.19 0.19 0.19 0.19 0.19 0.19 0.19 0.19 0.19 0.19 0.19 0.19 0.19
  per-rule acc: 0.25 0.13
Epoch 940 | Train: Loss=0.1102 Acc=98.3% | Test: Acc=15.7% | Best=19.0%(@920)
  from x3: 0.15 0.16 0.16 0.16 0.16 0.16 0.16 0.16 0.16 0.16 0.16 0.16 0.16 0.16 0.16 0.16 0.16 0.16 0.16 0.16 0.16 0.16 0.16 0.16 0.16 0.16 0.16 0.16 0.16
  per-rule acc: 0.21 0.11
Epoch 960 | Train: Loss=0.0016 Acc=100.0% | Test: Acc=19.3% | Best=19.3%(@960)
  from x3: 0.19 0.20 0.19 0.19 0.19 0.19 0.19 0.19 0.19 0.19 0.19 0.19 0.19 0.19 0.19 0.19 0.19 0.19 0.19 0.19 0.19 0.19 0.19 0.19 0.19 0.19 0.19 0.19 0.19
  per-rule acc: 0.26 0.13
Epoch 980 | Train: Loss=0.0022 Acc=100.0% | Test: Acc=20.4% | Best=20.4%(@980)
  from x3: 0.19 0.21 0.21 0.21 0.21 0.21 0.21 0.21 0.21 0.20 0.21 0.21 0.21 0.21 0.20 0.20 0.20 0.20 0.21 0.20 0.20 0.20 0.20 0.20 0.20 0.20 0.20 0.20 0.20
  per-rule acc: 0.25 0.16
Epoch 1000 | Train: Loss=0.0014 Acc=100.0% | Test: Acc=21.7% | Best=21.7%(@1000)
  from x3: 0.22 0.22 0.22 0.22 0.22 0.22 0.22 0.22 0.22 0.22 0.22 0.22 0.22 0.22 0.22 0.22 0.22 0.22 0.22 0.22 0.21 0.21 0.21 0.22 0.21 0.21 0.21 0.21 0.21
  per-rule acc: 0.29 0.14
Epoch 1020 | Train: Loss=0.0021 Acc=100.0% | Test: Acc=22.4% | Best=22.4%(@1020)
  from x3: 0.21 0.23 0.22 0.23 0.22 0.23 0.23 0.22 0.22 0.22 0.22 0.22 0.22 0.22 0.22 0.22 0.23 0.22 0.23 0.22 0.23 0.23 0.23 0.23 0.22 0.22 0.23 0.22 0.23
  per-rule acc: 0.28 0.17
Epoch 1040 | Train: Loss=0.0487 Acc=99.7% | Test: Acc=18.3% | Best=22.4%(@1020)
  from x3: 0.18 0.19 0.19 0.19 0.19 0.18 0.18 0.18 0.18 0.18 0.18 0.18 0.18 0.18 0.18 0.18 0.18 0.18 0.18 0.18 0.18 0.18 0.18 0.18 0.18 0.18 0.18 0.18 0.18
  per-rule acc: 0.25 0.12
Epoch 1060 | Train: Loss=0.0014 Acc=100.0% | Test: Acc=22.9% | Best=22.9%(@1060)
  from x3: 0.22 0.23 0.23 0.23 0.23 0.23 0.23 0.23 0.23 0.23 0.23 0.23 0.23 0.23 0.23 0.23 0.23 0.23 0.23 0.23 0.23 0.23 0.23 0.23 0.23 0.23 0.23 0.23 0.23
  per-rule acc: 0.31 0.15
Epoch 1080 | Train: Loss=0.0021 Acc=100.0% | Test: Acc=24.2% | Best=24.2%(@1080)
  from x3: 0.23 0.25 0.25 0.24 0.24 0.25 0.25 0.24 0.25 0.25 0.25 0.25 0.25 0.25 0.24 0.24 0.24 0.24 0.24 0.24 0.24 0.24 0.24 0.24 0.24 0.24 0.24 0.24 0.24
  per-rule acc: 0.30 0.19
Epoch 1100 | Train: Loss=0.0163 Acc=99.9% | Test: Acc=22.8% | Best=24.2%(@1080)
  from x3: 0.22 0.23 0.23 0.23 0.23 0.23 0.23 0.23 0.23 0.23 0.23 0.23 0.23 0.23 0.23 0.23 0.23 0.23 0.23 0.23 0.23 0.23 0.23 0.23 0.23 0.23 0.23 0.23 0.23
  per-rule acc: 0.31 0.15
Epoch 1120 | Train: Loss=0.0016 Acc=100.0% | Test: Acc=26.5% | Best=26.5%(@1120)
  from x3: 0.26 0.27 0.27 0.27 0.27 0.27 0.27 0.27 0.27 0.27 0.26 0.26 0.26 0.26 0.26 0.26 0.27 0.27 0.26 0.27 0.27 0.27 0.27 0.26 0.26 0.26 0.26 0.26 0.26
  per-rule acc: 0.33 0.20
Epoch 1140 | Train: Loss=0.0016 Acc=100.0% | Test: Acc=27.0% | Best=27.0%(@1140)
  from x3: 0.25 0.27 0.27 0.27 0.27 0.27 0.27 0.27 0.27 0.27 0.27 0.27 0.27 0.27 0.27 0.27 0.27 0.27 0.27 0.27 0.27 0.27 0.27 0.27 0.27 0.27 0.27 0.27 0.27
  per-rule acc: 0.34 0.20
Epoch 1160 | Train: Loss=0.0023 Acc=100.0% | Test: Acc=28.0% | Best=28.0%(@1160)
  from x3: 0.26 0.29 0.28 0.28 0.28 0.28 0.28 0.28 0.28 0.28 0.28 0.28 0.28 0.28 0.28 0.28 0.28 0.28 0.28 0.28 0.28 0.28 0.28 0.28 0.28 0.28 0.28 0.28 0.28
  per-rule acc: 0.34 0.22
Epoch 1180 | Train: Loss=0.0103 Acc=99.9% | Test: Acc=26.0% | Best=28.0%(@1160)
  from x3: 0.25 0.26 0.26 0.26 0.26 0.26 0.26 0.26 0.26 0.26 0.26 0.26 0.26 0.26 0.26 0.26 0.26 0.26 0.26 0.26 0.26 0.26 0.26 0.26 0.26 0.26 0.26 0.26 0.26
  per-rule acc: 0.35 0.17
Epoch 1200 | Train: Loss=0.0017 Acc=100.0% | Test: Acc=28.2% | Best=28.2%(@1200)
  from x3: 0.26 0.28 0.29 0.29 0.29 0.29 0.29 0.28 0.28 0.28 0.28 0.28 0.28 0.28 0.28 0.28 0.28 0.28 0.28 0.28 0.28 0.28 0.28 0.28 0.28 0.28 0.28 0.28 0.28
  per-rule acc: 0.35 0.21
Epoch 1220 | Train: Loss=0.0023 Acc=100.0% | Test: Acc=30.5% | Best=30.5%(@1220)
  from x3: 0.28 0.31 0.31 0.30 0.30 0.31 0.31 0.31 0.31 0.31 0.31 0.31 0.31 0.31 0.31 0.31 0.31 0.31 0.31 0.31 0.31 0.31 0.31 0.31 0.31 0.31 0.31 0.31 0.31
  per-rule acc: 0.37 0.25
Epoch 1240 | Train: Loss=0.0115 Acc=99.9% | Test: Acc=28.1% | Best=30.5%(@1220)
  from x3: 0.26 0.28 0.28 0.28 0.28 0.28 0.28 0.28 0.28 0.28 0.28 0.28 0.28 0.28 0.28 0.28 0.28 0.28 0.28 0.28 0.28 0.28 0.28 0.28 0.28 0.28 0.28 0.28 0.28
  per-rule acc: 0.38 0.18
Epoch 1260 | Train: Loss=0.0018 Acc=100.0% | Test: Acc=31.0% | Best=31.0%(@1260)
  from x3: 0.29 0.31 0.31 0.31 0.31 0.31 0.31 0.31 0.31 0.31 0.31 0.31 0.31 0.31 0.31 0.31 0.31 0.31 0.31 0.31 0.31 0.31 0.31 0.31 0.31 0.31 0.31 0.31 0.31
  per-rule acc: 0.39 0.23
Epoch 1280 | Train: Loss=0.0023 Acc=100.0% | Test: Acc=32.3% | Best=32.3%(@1280)
  from x3: 0.30 0.34 0.32 0.33 0.33 0.33 0.32 0.32 0.32 0.32 0.32 0.32 0.32 0.32 0.32 0.32 0.32 0.32 0.32 0.32 0.32 0.32 0.32 0.32 0.32 0.32 0.32 0.32 0.32
  per-rule acc: 0.38 0.27
Epoch 1300 | Train: Loss=0.0014 Acc=100.0% | Test: Acc=32.9% | Best=32.9%(@1300)
  from x3: 0.30 0.33 0.33 0.33 0.33 0.33 0.33 0.33 0.33 0.33 0.33 0.33 0.33 0.33 0.33 0.33 0.33 0.33 0.33 0.33 0.33 0.33 0.33 0.33 0.33 0.33 0.33 0.33 0.33
  per-rule acc: 0.42 0.23
Epoch 1320 | Train: Loss=0.0021 Acc=100.0% | Test: Acc=33.6% | Best=33.6%(@1320)
  from x3: 0.31 0.34 0.34 0.34 0.34 0.34 0.34 0.34 0.34 0.34 0.34 0.34 0.34 0.34 0.34 0.34 0.34 0.34 0.34 0.34 0.34 0.34 0.34 0.34 0.34 0.34 0.33 0.33 0.33
  per-rule acc: 0.40 0.27
Epoch 1340 | Train: Loss=0.0014 Acc=100.0% | Test: Acc=34.1% | Best=34.1%(@1340)
  from x3: 0.31 0.35 0.34 0.34 0.34 0.34 0.34 0.34 0.34 0.34 0.34 0.34 0.34 0.34 0.34 0.34 0.34 0.34 0.34 0.34 0.34 0.34 0.34 0.34 0.34 0.34 0.34 0.34 0.34
  per-rule acc: 0.43 0.25
Epoch 1360 | Train: Loss=0.0021 Acc=100.0% | Test: Acc=34.5% | Best=34.5%(@1360)
  from x3: 0.33 0.36 0.35 0.35 0.35 0.35 0.35 0.35 0.35 0.35 0.35 0.35 0.35 0.35 0.35 0.35 0.35 0.35 0.35 0.34 0.34 0.34 0.34 0.34 0.34 0.34 0.34 0.34 0.34
  per-rule acc: 0.41 0.28
Epoch 1380 | Train: Loss=0.0024 Acc=100.0% | Test: Acc=36.3% | Best=36.3%(@1380)
  from x3: 0.34 0.37 0.36 0.36 0.36 0.36 0.36 0.36 0.36 0.37 0.36 0.36 0.36 0.36 0.36 0.36 0.36 0.36 0.36 0.36 0.36 0.36 0.36 0.36 0.36 0.37 0.37 0.37 0.37
  per-rule acc: 0.41 0.31
Epoch 1400 | Train: Loss=0.0013 Acc=100.0% | Test: Acc=37.3% | Best=37.3%(@1400)
  from x3: 0.35 0.38 0.38 0.38 0.38 0.38 0.38 0.38 0.38 0.37 0.37 0.38 0.37 0.37 0.37 0.37 0.37 0.37 0.37 0.37 0.37 0.37 0.37 0.37 0.37 0.37 0.37 0.37 0.37
  per-rule acc: 0.47 0.28
Epoch 1420 | Train: Loss=0.0020 Acc=100.0% | Test: Acc=36.8% | Best=37.3%(@1400)
  from x3: 0.34 0.37 0.37 0.37 0.37 0.37 0.37 0.37 0.37 0.37 0.37 0.37 0.37 0.37 0.37 0.37 0.37 0.37 0.37 0.37 0.37 0.37 0.37 0.37 0.37 0.37 0.37 0.37 0.37
  per-rule acc: 0.43 0.31
Epoch 1440 | Train: Loss=0.0024 Acc=100.0% | Test: Acc=39.9% | Best=39.9%(@1440)
  from x3: 0.36 0.41 0.40 0.40 0.40 0.40 0.40 0.40 0.40 0.40 0.40 0.40 0.40 0.40 0.40 0.40 0.40 0.40 0.40 0.40 0.40 0.40 0.40 0.40 0.40 0.40 0.40 0.40 0.40
  per-rule acc: 0.45 0.35
Epoch 1460 | Train: Loss=0.0013 Acc=100.0% | Test: Acc=40.0% | Best=40.0%(@1460)
  from x3: 0.37 0.41 0.40 0.40 0.40 0.40 0.40 0.40 0.40 0.40 0.40 0.40 0.40 0.40 0.40 0.40 0.40 0.40 0.40 0.40 0.40 0.40 0.40 0.40 0.40 0.40 0.40 0.40 0.40
  per-rule acc: 0.48 0.32
Epoch 1480 | Train: Loss=0.0021 Acc=100.0% | Test: Acc=40.1% | Best=40.1%(@1480)
  from x3: 0.36 0.40 0.40 0.40 0.40 0.40 0.40 0.40 0.40 0.40 0.40 0.40 0.40 0.40 0.40 0.40 0.40 0.40 0.40 0.40 0.40 0.40 0.40 0.40 0.40 0.41 0.40 0.40 0.40
  per-rule acc: 0.47 0.34
Epoch 1500 | Train: Loss=0.0303 Acc=99.8% | Test: Acc=34.6% | Best=40.1%(@1480)
  from x3: 0.32 0.35 0.35 0.34 0.34 0.34 0.35 0.34 0.35 0.35 0.35 0.35 0.35 0.35 0.35 0.35 0.35 0.35 0.35 0.35 0.35 0.35 0.35 0.35 0.35 0.35 0.35 0.35 0.35
  per-rule acc: 0.45 0.24
Epoch 1520 | Train: Loss=0.0017 Acc=100.0% | Test: Acc=41.0% | Best=41.0%(@1520)
  from x3: 0.38 0.42 0.41 0.41 0.41 0.41 0.41 0.41 0.41 0.41 0.41 0.41 0.41 0.41 0.41 0.41 0.41 0.41 0.41 0.41 0.41 0.41 0.41 0.41 0.41 0.41 0.41 0.41 0.41
  per-rule acc: 0.49 0.32
Epoch 1540 | Train: Loss=0.0023 Acc=100.0% | Test: Acc=43.9% | Best=43.9%(@1540)
  from x3: 0.40 0.44 0.44 0.44 0.44 0.44 0.44 0.44 0.44 0.44 0.44 0.44 0.44 0.44 0.44 0.44 0.44 0.44 0.44 0.44 0.44 0.44 0.44 0.44 0.44 0.44 0.44 0.44 0.44
  per-rule acc: 0.50 0.38
Epoch 1560 | Train: Loss=0.0014 Acc=100.0% | Test: Acc=44.1% | Best=44.1%(@1560)
  from x3: 0.40 0.45 0.44 0.44 0.44 0.44 0.44 0.44 0.44 0.44 0.44 0.44 0.44 0.44 0.44 0.44 0.44 0.44 0.44 0.44 0.44 0.44 0.44 0.44 0.44 0.44 0.44 0.44 0.44
  per-rule acc: 0.55 0.33
Epoch 1580 | Train: Loss=0.0020 Acc=100.0% | Test: Acc=43.7% | Best=44.1%(@1560)
  from x3: 0.40 0.44 0.44 0.44 0.44 0.44 0.44 0.44 0.44 0.44 0.44 0.44 0.44 0.44 0.44 0.44 0.44 0.44 0.44 0.44 0.44 0.44 0.44 0.44 0.44 0.44 0.44 0.44 0.44
  per-rule acc: 0.51 0.36
Epoch 1600 | Train: Loss=0.0137 Acc=99.9% | Test: Acc=39.2% | Best=44.1%(@1560)
  from x3: 0.36 0.39 0.39 0.40 0.40 0.40 0.40 0.39 0.40 0.39 0.39 0.40 0.40 0.39 0.39 0.39 0.39 0.39 0.39 0.39 0.39 0.39 0.39 0.39 0.39 0.39 0.39 0.39 0.39
  per-rule acc: 0.50 0.28
Epoch 1620 | Train: Loss=0.0017 Acc=100.0% | Test: Acc=46.9% | Best=46.9%(@1620)
  from x3: 0.42 0.47 0.47 0.47 0.47 0.47 0.47 0.47 0.47 0.47 0.47 0.47 0.47 0.47 0.47 0.47 0.47 0.47 0.47 0.47 0.47 0.47 0.47 0.47 0.47 0.47 0.47 0.47 0.47
  per-rule acc: 0.56 0.38
Epoch 1640 | Train: Loss=0.0023 Acc=100.0% | Test: Acc=49.0% | Best=49.0%(@1640)
  from x3: 0.43 0.49 0.49 0.49 0.49 0.50 0.49 0.49 0.49 0.49 0.49 0.49 0.49 0.49 0.49 0.49 0.49 0.49 0.49 0.49 0.49 0.49 0.49 0.49 0.49 0.49 0.49 0.49 0.49
  per-rule acc: 0.55 0.43
Epoch 1660 | Train: Loss=0.0018 Acc=100.0% | Test: Acc=48.3% | Best=49.0%(@1640)
  from x3: 0.44 0.48 0.48 0.49 0.49 0.49 0.49 0.49 0.49 0.49 0.49 0.49 0.49 0.48 0.48 0.48 0.49 0.49 0.48 0.48 0.48 0.48 0.48 0.48 0.48 0.48 0.48 0.48 0.48
  per-rule acc: 0.59 0.38
Epoch 1680 | Train: Loss=0.0296 Acc=99.9% | Test: Acc=35.4% | Best=49.0%(@1640)
  from x3: 0.32 0.35 0.35 0.36 0.36 0.36 0.36 0.35 0.36 0.36 0.35 0.35 0.36 0.35 0.36 0.36 0.36 0.36 0.35 0.35 0.35 0.35 0.35 0.35 0.35 0.36 0.36 0.36 0.36
  per-rule acc: 0.45 0.26
Epoch 1700 | Train: Loss=0.0013 Acc=100.0% | Test: Acc=49.6% | Best=49.6%(@1700)
  from x3: 0.45 0.50 0.50 0.50 0.50 0.50 0.50 0.50 0.50 0.50 0.50 0.50 0.50 0.50 0.50 0.50 0.50 0.50 0.50 0.50 0.50 0.50 0.50 0.50 0.50 0.50 0.50 0.50 0.50
  per-rule acc: 0.58 0.41
Epoch 1720 | Train: Loss=0.0022 Acc=100.0% | Test: Acc=51.0% | Best=51.0%(@1720)
  from x3: 0.46 0.52 0.51 0.51 0.51 0.51 0.51 0.51 0.51 0.51 0.51 0.51 0.51 0.51 0.51 0.51 0.51 0.51 0.51 0.51 0.51 0.51 0.51 0.51 0.51 0.51 0.51 0.51 0.51
  per-rule acc: 0.58 0.44
Epoch 1740 | Train: Loss=0.0014 Acc=100.0% | Test: Acc=54.4% | Best=54.4%(@1740)
  from x3: 0.50 0.55 0.55 0.55 0.55 0.55 0.55 0.54 0.55 0.55 0.55 0.55 0.55 0.55 0.55 0.55 0.55 0.55 0.55 0.55 0.55 0.55 0.54 0.54 0.54 0.55 0.55 0.55 0.55
  per-rule acc: 0.65 0.44
Epoch 1760 | Train: Loss=0.0021 Acc=100.0% | Test: Acc=54.6% | Best=54.6%(@1760)
  from x3: 0.49 0.55 0.55 0.55 0.55 0.55 0.55 0.55 0.55 0.55 0.55 0.55 0.55 0.55 0.55 0.55 0.55 0.55 0.55 0.55 0.55 0.55 0.55 0.55 0.55 0.55 0.54 0.54 0.54
  per-rule acc: 0.62 0.47
Epoch 1780 | Train: Loss=0.0018 Acc=100.0% | Test: Acc=56.7% | Best=56.7%(@1780)
  from x3: 0.52 0.56 0.57 0.57 0.57 0.57 0.57 0.57 0.57 0.57 0.57 0.57 0.57 0.57 0.57 0.57 0.57 0.57 0.57 0.57 0.57 0.57 0.57 0.57 0.57 0.57 0.57 0.57 0.57
  per-rule acc: 0.64 0.49
Epoch 1800 | Train: Loss=0.0024 Acc=100.0% | Test: Acc=58.9% | Best=58.9%(@1800)
  from x3: 0.53 0.59 0.59 0.59 0.59 0.59 0.59 0.59 0.59 0.59 0.59 0.59 0.59 0.59 0.59 0.59 0.59 0.59 0.59 0.59 0.59 0.59 0.59 0.59 0.59 0.59 0.59 0.59 0.59
  per-rule acc: 0.64 0.54
Epoch 1820 | Train: Loss=0.0014 Acc=100.0% | Test: Acc=57.9% | Best=58.9%(@1800)
  from x3: 0.53 0.58 0.58 0.58 0.58 0.58 0.58 0.58 0.58 0.58 0.58 0.58 0.58 0.58 0.58 0.58 0.58 0.58 0.58 0.58 0.58 0.58 0.58 0.58 0.58 0.58 0.58 0.58 0.58
  per-rule acc: 0.69 0.47
Epoch 1840 | Train: Loss=0.0021 Acc=100.0% | Test: Acc=58.5% | Best=58.9%(@1800)
  from x3: 0.54 0.59 0.58 0.59 0.59 0.59 0.59 0.58 0.59 0.59 0.59 0.59 0.59 0.59 0.59 0.59 0.59 0.59 0.59 0.59 0.59 0.59 0.59 0.59 0.59 0.59 0.59 0.59 0.59
  per-rule acc: 0.66 0.51
Epoch 1860 | Train: Loss=0.0023 Acc=100.0% | Test: Acc=62.6% | Best=62.6%(@1860)
  from x3: 0.57 0.63 0.63 0.63 0.63 0.63 0.63 0.62 0.63 0.63 0.63 0.63 0.63 0.63 0.63 0.63 0.63 0.63 0.63 0.63 0.63 0.63 0.63 0.63 0.63 0.63 0.63 0.63 0.63
  per-rule acc: 0.68 0.57
Epoch 1880 | Train: Loss=0.0014 Acc=100.0% | Test: Acc=61.1% | Best=62.6%(@1860)
  from x3: 0.57 0.62 0.61 0.61 0.61 0.61 0.61 0.61 0.61 0.61 0.61 0.61 0.61 0.61 0.61 0.61 0.61 0.61 0.61 0.61 0.61 0.61 0.61 0.61 0.61 0.61 0.61 0.61 0.61
  per-rule acc: 0.70 0.53
Epoch 1900 | Train: Loss=0.0081 Acc=100.0% | Test: Acc=55.1% | Best=62.6%(@1860)
  from x3: 0.51 0.56 0.56 0.55 0.55 0.55 0.55 0.55 0.55 0.55 0.55 0.55 0.55 0.55 0.55 0.55 0.55 0.55 0.55 0.55 0.55 0.55 0.55 0.55 0.55 0.55 0.55 0.55 0.55
  per-rule acc: 0.65 0.45
Epoch 1920 | Train: Loss=0.0016 Acc=100.0% | Test: Acc=64.1% | Best=64.1%(@1920)
  from x3: 0.61 0.65 0.64 0.64 0.64 0.64 0.64 0.64 0.64 0.64 0.64 0.64 0.64 0.64 0.64 0.64 0.64 0.64 0.64 0.64 0.64 0.64 0.64 0.64 0.64 0.64 0.64 0.64 0.64
  per-rule acc: 0.72 0.56
Epoch 1940 | Train: Loss=0.0241 Acc=99.9% | Test: Acc=54.7% | Best=64.1%(@1920)
  from x3: 0.50 0.55 0.55 0.55 0.55 0.55 0.55 0.55 0.55 0.55 0.55 0.55 0.55 0.55 0.55 0.55 0.55 0.55 0.55 0.55 0.55 0.55 0.55 0.55 0.55 0.55 0.55 0.55 0.55
  per-rule acc: 0.65 0.44
Epoch 1960 | Train: Loss=0.0018 Acc=100.0% | Test: Acc=66.8% | Best=66.8%(@1960)
  from x3: 0.61 0.67 0.67 0.67 0.67 0.67 0.67 0.67 0.67 0.67 0.67 0.67 0.67 0.67 0.67 0.67 0.67 0.67 0.67 0.67 0.67 0.67 0.67 0.67 0.67 0.67 0.67 0.67 0.67
  per-rule acc: 0.74 0.60
Epoch 1980 | Train: Loss=0.0024 Acc=100.0% | Test: Acc=69.0% | Best=69.0%(@1980)
  from x3: 0.64 0.69 0.69 0.69 0.69 0.69 0.69 0.69 0.69 0.69 0.69 0.69 0.69 0.69 0.69 0.69 0.69 0.69 0.69 0.69 0.69 0.69 0.69 0.69 0.69 0.69 0.69 0.69 0.69
  per-rule acc: 0.73 0.65
Epoch 2000 | Train: Loss=0.0267 Acc=99.7% | Test: Acc=56.2% | Best=69.0%(@1980)
  from x3: 0.51 0.56 0.56 0.56 0.56 0.56 0.56 0.56 0.56 0.56 0.56 0.56 0.56 0.56 0.56 0.56 0.56 0.56 0.56 0.56 0.56 0.56 0.56 0.56 0.56 0.56 0.56 0.56 0.56
  per-rule acc: 0.66 0.46
Epoch 2020 | Train: Loss=0.0016 Acc=100.0% | Test: Acc=68.6% | Best=69.0%(@1980)
  from x3: 0.64 0.69 0.69 0.69 0.69 0.69 0.69 0.68 0.69 0.69 0.69 0.69 0.69 0.69 0.69 0.69 0.69 0.69 0.69 0.69 0.69 0.69 0.69 0.69 0.69 0.69 0.69 0.69 0.69
  per-rule acc: 0.77 0.61
Epoch 2040 | Train: Loss=0.0022 Acc=100.0% | Test: Acc=72.7% | Best=72.7%(@2040)
  from x3: 0.66 0.73 0.73 0.73 0.73 0.73 0.73 0.73 0.73 0.73 0.73 0.73 0.73 0.73 0.73 0.73 0.73 0.73 0.73 0.73 0.73 0.73 0.73 0.73 0.73 0.73 0.73 0.73 0.73
  per-rule acc: 0.77 0.69
Epoch 2060 | Train: Loss=0.0022 Acc=100.0% | Test: Acc=74.5% | Best=74.5%(@2060)
  from x3: 0.68 0.75 0.75 0.75 0.75 0.75 0.75 0.75 0.75 0.75 0.75 0.75 0.75 0.75 0.75 0.75 0.75 0.75 0.75 0.75 0.75 0.75 0.75 0.75 0.75 0.75 0.75 0.75 0.75
  per-rule acc: 0.79 0.70
Epoch 2080 | Train: Loss=0.0158 Acc=99.8% | Test: Acc=61.8% | Best=74.5%(@2060)
  from x3: 0.57 0.62 0.62 0.62 0.62 0.62 0.62 0.62 0.62 0.62 0.62 0.62 0.62 0.62 0.62 0.62 0.62 0.62 0.62 0.62 0.62 0.62 0.62 0.62 0.62 0.62 0.62 0.62 0.62
  per-rule acc: 0.73 0.51
Epoch 2100 | Train: Loss=0.0015 Acc=100.0% | Test: Acc=74.9% | Best=74.9%(@2100)
  from x3: 0.71 0.75 0.75 0.75 0.75 0.75 0.75 0.75 0.75 0.75 0.75 0.75 0.75 0.75 0.75 0.75 0.75 0.75 0.75 0.75 0.75 0.75 0.75 0.75 0.75 0.75 0.75 0.75 0.75
  per-rule acc: 0.83 0.67
Epoch 2120 | Train: Loss=0.0020 Acc=100.0% | Test: Acc=76.4% | Best=76.4%(@2120)
  from x3: 0.72 0.77 0.76 0.76 0.77 0.77 0.76 0.77 0.77 0.77 0.77 0.77 0.77 0.77 0.77 0.77 0.77 0.76 0.77 0.76 0.76 0.77 0.77 0.77 0.77 0.77 0.76 0.76 0.76
  per-rule acc: 0.80 0.72
Epoch 2140 | Train: Loss=0.0031 Acc=100.0% | Test: Acc=73.4% | Best=76.4%(@2120)
  from x3: 0.68 0.74 0.74 0.74 0.74 0.74 0.74 0.74 0.74 0.74 0.74 0.74 0.74 0.74 0.74 0.74 0.74 0.74 0.74 0.74 0.74 0.74 0.74 0.74 0.74 0.74 0.74 0.74 0.74
  per-rule acc: 0.80 0.67
Epoch 2160 | Train: Loss=0.0019 Acc=100.0% | Test: Acc=77.0% | Best=77.0%(@2160)
  from x3: 0.73 0.77 0.77 0.77 0.77 0.77 0.77 0.77 0.77 0.77 0.77 0.77 0.77 0.77 0.77 0.77 0.77 0.77 0.77 0.77 0.77 0.77 0.77 0.77 0.77 0.77 0.77 0.77 0.77
  per-rule acc: 0.82 0.72
Epoch 2180 | Train: Loss=0.0022 Acc=100.0% | Test: Acc=79.4% | Best=79.4%(@2180)
  from x3: 0.75 0.80 0.80 0.80 0.80 0.80 0.80 0.80 0.79 0.79 0.79 0.79 0.79 0.79 0.79 0.80 0.80 0.80 0.79 0.79 0.79 0.79 0.79 0.79 0.79 0.80 0.79 0.79 0.79
  per-rule acc: 0.83 0.76
Epoch 2200 | Train: Loss=0.0155 Acc=99.9% | Test: Acc=68.8% | Best=79.4%(@2180)
  from x3: 0.63 0.69 0.69 0.69 0.69 0.69 0.69 0.69 0.69 0.69 0.69 0.69 0.69 0.69 0.69 0.69 0.69 0.69 0.69 0.69 0.69 0.69 0.69 0.69 0.69 0.69 0.69 0.69 0.69
  per-rule acc: 0.77 0.60
Epoch 2220 | Train: Loss=0.0017 Acc=100.0% | Test: Acc=80.8% | Best=80.8%(@2220)
  from x3: 0.77 0.81 0.81 0.81 0.81 0.81 0.81 0.81 0.81 0.81 0.81 0.81 0.81 0.81 0.81 0.81 0.81 0.81 0.81 0.81 0.81 0.81 0.81 0.81 0.81 0.81 0.81 0.81 0.81
  per-rule acc: 0.85 0.77
Epoch 2240 | Train: Loss=0.0022 Acc=100.0% | Test: Acc=81.9% | Best=81.9%(@2240)
  from x3: 0.77 0.82 0.82 0.82 0.82 0.82 0.82 0.82 0.82 0.82 0.82 0.82 0.82 0.82 0.82 0.82 0.82 0.82 0.82 0.82 0.82 0.82 0.82 0.82 0.82 0.82 0.82 0.82 0.82
  per-rule acc: 0.86 0.78
Epoch 2260 | Train: Loss=0.0021 Acc=100.0% | Test: Acc=83.5% | Best=83.5%(@2260)
  from x3: 0.79 0.84 0.84 0.84 0.84 0.84 0.84 0.84 0.84 0.84 0.84 0.84 0.84 0.84 0.84 0.84 0.84 0.84 0.84 0.84 0.84 0.84 0.84 0.84 0.84 0.84 0.84 0.84 0.84
  per-rule acc: 0.87 0.80
Epoch 2280 | Train: Loss=0.0012 Acc=100.0% | Test: Acc=82.8% | Best=83.5%(@2260)
  from x3: 0.80 0.83 0.83 0.83 0.83 0.83 0.83 0.83 0.83 0.83 0.83 0.83 0.83 0.83 0.83 0.83 0.83 0.83 0.83 0.83 0.83 0.83 0.83 0.83 0.83 0.83 0.83 0.83 0.83
  per-rule acc: 0.89 0.77
Epoch 2300 | Train: Loss=0.0019 Acc=100.0% | Test: Acc=83.7% | Best=83.7%(@2300)
  from x3: 0.81 0.84 0.84 0.84 0.84 0.84 0.84 0.84 0.84 0.84 0.84 0.84 0.84 0.84 0.84 0.84 0.84 0.84 0.84 0.84 0.84 0.84 0.84 0.84 0.84 0.84 0.84 0.84 0.84
  per-rule acc: 0.88 0.80
Epoch 2320 | Train: Loss=0.0021 Acc=100.0% | Test: Acc=85.3% | Best=85.3%(@2320)
  from x3: 0.81 0.85 0.85 0.86 0.85 0.86 0.85 0.85 0.85 0.85 0.85 0.86 0.86 0.86 0.85 0.85 0.85 0.86 0.86 0.86 0.86 0.86 0.85 0.85 0.85 0.85 0.85 0.85 0.85
  per-rule acc: 0.89 0.82
Epoch 2340 | Train: Loss=0.0013 Acc=100.0% | Test: Acc=85.0% | Best=85.3%(@2320)
  from x3: 0.82 0.85 0.85 0.85 0.85 0.85 0.85 0.85 0.85 0.85 0.85 0.85 0.85 0.85 0.85 0.85 0.85 0.85 0.85 0.85 0.85 0.85 0.85 0.85 0.85 0.85 0.85 0.85 0.85
  per-rule acc: 0.90 0.80
Epoch 2360 | Train: Loss=0.0019 Acc=100.0% | Test: Acc=85.9% | Best=85.9%(@2360)
  from x3: 0.83 0.86 0.86 0.86 0.86 0.86 0.86 0.86 0.86 0.86 0.86 0.86 0.86 0.86 0.86 0.86 0.86 0.86 0.86 0.86 0.86 0.86 0.86 0.86 0.86 0.86 0.86 0.86 0.86
  per-rule acc: 0.89 0.83
Epoch 2380 | Train: Loss=0.0021 Acc=100.0% | Test: Acc=86.7% | Best=86.7%(@2380)
  from x3: 0.83 0.87 0.87 0.87 0.87 0.87 0.87 0.87 0.87 0.87 0.87 0.87 0.87 0.87 0.87 0.87 0.87 0.87 0.87 0.87 0.87 0.87 0.87 0.87 0.87 0.87 0.87 0.87 0.87
  per-rule acc: 0.90 0.83
Epoch 2400 | Train: Loss=0.0013 Acc=100.0% | Test: Acc=86.0% | Best=86.7%(@2380)
  from x3: 0.83 0.86 0.86 0.86 0.86 0.86 0.86 0.86 0.86 0.86 0.86 0.86 0.86 0.86 0.86 0.86 0.86 0.86 0.86 0.86 0.86 0.86 0.86 0.86 0.86 0.86 0.86 0.86 0.86
  per-rule acc: 0.89 0.83
Epoch 2420 | Train: Loss=0.0021 Acc=100.0% | Test: Acc=85.7% | Best=86.7%(@2380)
  from x3: 0.83 0.86 0.86 0.86 0.86 0.86 0.86 0.86 0.86 0.86 0.86 0.86 0.86 0.86 0.86 0.86 0.86 0.86 0.86 0.86 0.86 0.86 0.86 0.86 0.86 0.86 0.86 0.86 0.86
  per-rule acc: 0.89 0.82
Epoch 2440 | Train: Loss=0.0021 Acc=100.0% | Test: Acc=88.4% | Best=88.4%(@2440)
  from x3: 0.84 0.88 0.89 0.89 0.89 0.89 0.89 0.89 0.89 0.89 0.88 0.88 0.88 0.89 0.89 0.89 0.89 0.89 0.89 0.89 0.89 0.89 0.89 0.89 0.89 0.89 0.89 0.89 0.89
  per-rule acc: 0.91 0.86
Epoch 2460 | Train: Loss=0.0168 Acc=99.8% | Test: Acc=80.0% | Best=88.4%(@2440)
  from x3: 0.74 0.80 0.80 0.80 0.80 0.80 0.80 0.80 0.80 0.80 0.80 0.80 0.80 0.80 0.80 0.80 0.80 0.80 0.80 0.80 0.80 0.80 0.80 0.80 0.80 0.80 0.80 0.80 0.80
  per-rule acc: 0.85 0.74
Epoch 2480 | Train: Loss=0.0016 Acc=100.0% | Test: Acc=87.5% | Best=88.4%(@2440)
  from x3: 0.85 0.88 0.88 0.88 0.88 0.88 0.88 0.88 0.88 0.88 0.88 0.88 0.88 0.88 0.88 0.87 0.88 0.88 0.88 0.88 0.88 0.88 0.88 0.88 0.88 0.88 0.88 0.88 0.88
  per-rule acc: 0.90 0.85
Epoch 2500 | Train: Loss=0.0020 Acc=100.0% | Test: Acc=89.0% | Best=89.0%(@2500)
  from x3: 0.85 0.89 0.89 0.89 0.89 0.89 0.89 0.89 0.89 0.89 0.89 0.89 0.89 0.89 0.89 0.89 0.89 0.89 0.89 0.89 0.89 0.89 0.89 0.89 0.89 0.89 0.89 0.89 0.89
  per-rule acc: 0.91 0.87
Epoch 2520 | Train: Loss=0.0506 Acc=99.5% | Test: Acc=74.7% | Best=89.0%(@2500)
  from x3: 0.68 0.75 0.75 0.75 0.75 0.75 0.75 0.75 0.75 0.75 0.75 0.75 0.75 0.75 0.75 0.75 0.75 0.75 0.75 0.75 0.75 0.75 0.75 0.75 0.75 0.75 0.75 0.75 0.75
  per-rule acc: 0.82 0.67
Epoch 2540 | Train: Loss=0.0013 Acc=100.0% | Test: Acc=88.1% | Best=89.0%(@2500)
  from x3: 0.85 0.88 0.88 0.88 0.88 0.88 0.88 0.88 0.88 0.88 0.88 0.88 0.88 0.88 0.88 0.88 0.88 0.88 0.88 0.88 0.88 0.88 0.88 0.88 0.88 0.88 0.88 0.88 0.88
  per-rule acc: 0.91 0.85
Epoch 2560 | Train: Loss=0.0019 Acc=100.0% | Test: Acc=88.7% | Best=89.0%(@2500)
  from x3: 0.85 0.88 0.89 0.89 0.89 0.89 0.89 0.89 0.89 0.89 0.89 0.89 0.89 0.89 0.89 0.89 0.89 0.89 0.89 0.89 0.89 0.89 0.89 0.89 0.89 0.89 0.89 0.89 0.89
  per-rule acc: 0.91 0.87
Epoch 2580 | Train: Loss=0.0020 Acc=100.0% | Test: Acc=90.3% | Best=90.3%(@2580)
  from x3: 0.87 0.90 0.90 0.90 0.90 0.90 0.90 0.90 0.90 0.90 0.90 0.90 0.90 0.90 0.90 0.90 0.90 0.90 0.90 0.90 0.90 0.90 0.90 0.91 0.90 0.91 0.91 0.91 0.91
  per-rule acc: 0.92 0.88
Epoch 2600 | Train: Loss=0.0013 Acc=100.0% | Test: Acc=89.5% | Best=90.3%(@2580)
  from x3: 0.87 0.89 0.90 0.90 0.90 0.90 0.90 0.90 0.90 0.90 0.90 0.90 0.90 0.90 0.90 0.90 0.90 0.90 0.90 0.90 0.90 0.90 0.90 0.90 0.90 0.90 0.90 0.90 0.90
  per-rule acc: 0.93 0.86
Epoch 2620 | Train: Loss=0.0019 Acc=100.0% | Test: Acc=89.4% | Best=90.3%(@2580)
  from x3: 0.87 0.89 0.89 0.89 0.89 0.89 0.89 0.89 0.89 0.89 0.89 0.89 0.89 0.89 0.90 0.89 0.90 0.90 0.90 0.89 0.90 0.90 0.90 0.90 0.90 0.90 0.90 0.90 0.90
  per-rule acc: 0.92 0.87
Epoch 2640 | Train: Loss=0.0020 Acc=100.0% | Test: Acc=90.7% | Best=90.7%(@2640)
  from x3: 0.87 0.91 0.91 0.91 0.91 0.91 0.91 0.91 0.91 0.91 0.91 0.91 0.91 0.91 0.91 0.91 0.91 0.91 0.91 0.91 0.91 0.91 0.91 0.91 0.91 0.91 0.91 0.91 0.91
  per-rule acc: 0.93 0.88
Epoch 2660 | Train: Loss=0.0014 Acc=100.0% | Test: Acc=90.1% | Best=90.7%(@2640)
  from x3: 0.87 0.90 0.90 0.90 0.90 0.90 0.90 0.90 0.90 0.90 0.90 0.90 0.90 0.90 0.90 0.90 0.90 0.90 0.90 0.90 0.90 0.90 0.90 0.90 0.90 0.90 0.90 0.90 0.90
  per-rule acc: 0.93 0.87
Epoch 2680 | Train: Loss=0.0019 Acc=100.0% | Test: Acc=89.7% | Best=90.7%(@2640)
  from x3: 0.87 0.90 0.90 0.90 0.90 0.90 0.90 0.90 0.90 0.90 0.90 0.90 0.90 0.90 0.90 0.90 0.90 0.90 0.90 0.90 0.90 0.90 0.90 0.90 0.90 0.90 0.90 0.90 0.90
  per-rule acc: 0.92 0.87
Epoch 2700 | Train: Loss=0.0020 Acc=100.0% | Test: Acc=91.0% | Best=91.0%(@2700)
  from x3: 0.88 0.91 0.91 0.91 0.91 0.91 0.91 0.91 0.91 0.91 0.91 0.91 0.91 0.91 0.91 0.91 0.91 0.91 0.91 0.91 0.91 0.91 0.91 0.91 0.91 0.91 0.91 0.91 0.91
  per-rule acc: 0.93 0.89
Epoch 2720 | Train: Loss=0.0017 Acc=100.0% | Test: Acc=88.9% | Best=91.0%(@2700)
  from x3: 0.86 0.89 0.89 0.89 0.89 0.89 0.89 0.89 0.89 0.89 0.89 0.89 0.89 0.89 0.89 0.89 0.89 0.89 0.89 0.89 0.89 0.89 0.89 0.89 0.89 0.89 0.89 0.89 0.89
  per-rule acc: 0.92 0.86
Epoch 2740 | Train: Loss=0.0016 Acc=100.0% | Test: Acc=89.9% | Best=91.0%(@2700)
  from x3: 0.88 0.90 0.90 0.90 0.90 0.90 0.90 0.90 0.90 0.90 0.90 0.90 0.90 0.90 0.90 0.90 0.90 0.90 0.90 0.90 0.90 0.90 0.90 0.90 0.90 0.90 0.90 0.90 0.90
  per-rule acc: 0.92 0.87
Epoch 2760 | Train: Loss=0.0019 Acc=100.0% | Test: Acc=90.9% | Best=91.0%(@2700)
  from x3: 0.88 0.91 0.91 0.91 0.91 0.91 0.91 0.91 0.91 0.91 0.91 0.91 0.91 0.91 0.91 0.91 0.91 0.91 0.91 0.91 0.91 0.91 0.91 0.91 0.91 0.91 0.91 0.91 0.91
  per-rule acc: 0.93 0.89
Epoch 2780 | Train: Loss=0.0012 Acc=100.0% | Test: Acc=90.0% | Best=91.0%(@2700)
  from x3: 0.87 0.90 0.90 0.90 0.90 0.90 0.90 0.90 0.90 0.90 0.90 0.90 0.90 0.90 0.90 0.90 0.90 0.90 0.90 0.90 0.90 0.90 0.90 0.90 0.90 0.90 0.90 0.90 0.90
  per-rule acc: 0.93 0.87
Epoch 2800 | Train: Loss=0.0018 Acc=100.0% | Test: Acc=89.5% | Best=91.0%(@2700)
  from x3: 0.87 0.90 0.89 0.89 0.89 0.89 0.90 0.89 0.90 0.90 0.90 0.90 0.90 0.90 0.90 0.90 0.90 0.90 0.90 0.90 0.90 0.90 0.90 0.90 0.90 0.90 0.90 0.90 0.90
  per-rule acc: 0.92 0.87
Epoch 2820 | Train: Loss=0.0019 Acc=100.0% | Test: Acc=91.0% | Best=91.0%(@2700)
  from x3: 0.88 0.91 0.91 0.91 0.91 0.91 0.91 0.91 0.91 0.91 0.91 0.91 0.91 0.91 0.91 0.91 0.91 0.91 0.91 0.91 0.91 0.91 0.91 0.91 0.91 0.91 0.91 0.91 0.91
  per-rule acc: 0.93 0.89
Epoch 2840 | Train: Loss=0.0012 Acc=100.0% | Test: Acc=90.5% | Best=91.0%(@2700)
  from x3: 0.88 0.91 0.91 0.91 0.91 0.91 0.91 0.91 0.91 0.91 0.91 0.91 0.91 0.91 0.91 0.91 0.91 0.91 0.91 0.90 0.91 0.91 0.91 0.91 0.91 0.91 0.91 0.91 0.91
  per-rule acc: 0.93 0.88
Epoch 2860 | Train: Loss=0.0018 Acc=100.0% | Test: Acc=90.4% | Best=91.0%(@2700)
  from x3: 0.88 0.90 0.90 0.90 0.90 0.90 0.90 0.91 0.91 0.91 0.91 0.91 0.91 0.91 0.91 0.91 0.91 0.91 0.91 0.91 0.91 0.91 0.91 0.91 0.91 0.91 0.90 0.91 0.91
  per-rule acc: 0.92 0.88
Epoch 2880 | Train: Loss=0.0020 Acc=100.0% | Test: Acc=91.3% | Best=91.3%(@2880)
  from x3: 0.87 0.91 0.91 0.91 0.91 0.91 0.91 0.91 0.91 0.91 0.91 0.91 0.91 0.91 0.91 0.91 0.91 0.91 0.91 0.91 0.91 0.91 0.92 0.91 0.91 0.91 0.91 0.91 0.91
  per-rule acc: 0.93 0.89
Epoch 2900 | Train: Loss=0.0019 Acc=100.0% | Test: Acc=91.0% | Best=91.3%(@2880)
  from x3: 0.87 0.91 0.91 0.91 0.91 0.91 0.91 0.91 0.91 0.91 0.91 0.91 0.91 0.91 0.91 0.91 0.91 0.91 0.91 0.91 0.91 0.91 0.91 0.91 0.91 0.91 0.91 0.91 0.91
  per-rule acc: 0.94 0.88
Epoch 2920 | Train: Loss=0.0332 Acc=99.8% | Test: Acc=80.0% | Best=91.3%(@2880)
  from x3: 0.74 0.81 0.80 0.80 0.80 0.80 0.80 0.80 0.80 0.80 0.80 0.80 0.80 0.80 0.80 0.80 0.80 0.80 0.80 0.80 0.80 0.80 0.80 0.80 0.80 0.80 0.80 0.80 0.80
  per-rule acc: 0.86 0.74
Epoch 2940 | Train: Loss=0.0012 Acc=100.0% | Test: Acc=89.6% | Best=91.3%(@2880)
  from x3: 0.87 0.90 0.90 0.90 0.90 0.90 0.90 0.90 0.90 0.90 0.90 0.90 0.90 0.90 0.90 0.90 0.90 0.90 0.90 0.90 0.90 0.90 0.90 0.90 0.90 0.90 0.90 0.90 0.90
  per-rule acc: 0.92 0.87
Epoch 2960 | Train: Loss=0.0018 Acc=100.0% | Test: Acc=89.8% | Best=91.3%(@2880)
  from x3: 0.87 0.90 0.90 0.90 0.90 0.90 0.90 0.90 0.90 0.90 0.90 0.90 0.90 0.90 0.90 0.90 0.90 0.90 0.90 0.90 0.90 0.90 0.90 0.90 0.90 0.90 0.90 0.90 0.90
  per-rule acc: 0.92 0.88
Epoch 2980 | Train: Loss=0.0019 Acc=100.0% | Test: Acc=90.8% | Best=91.3%(@2880)
  from x3: 0.87 0.91 0.91 0.91 0.91 0.91 0.91 0.91 0.91 0.91 0.91 0.91 0.91 0.91 0.91 0.91 0.91 0.91 0.91 0.91 0.91 0.91 0.91 0.91 0.91 0.91 0.91 0.91 0.91
  per-rule acc: 0.93 0.89
Epoch 3000 | Train: Loss=0.0020 Acc=100.0% | Test: Acc=89.3% | Best=91.3%(@2880)
  from x3: 0.86 0.90 0.89 0.89 0.89 0.89 0.89 0.89 0.89 0.89 0.89 0.89 0.89 0.89 0.89 0.89 0.89 0.89 0.89 0.89 0.89 0.89 0.89 0.89 0.89 0.89 0.89 0.89 0.89
  per-rule acc: 0.94 0.85
Epoch 3020 | Train: Loss=0.0016 Acc=100.0% | Test: Acc=89.8% | Best=91.3%(@2880)
  from x3: 0.88 0.90 0.90 0.90 0.90 0.90 0.90 0.90 0.90 0.90 0.90 0.90 0.90 0.90 0.90 0.90 0.90 0.90 0.90 0.90 0.90 0.90 0.90 0.90 0.90 0.90 0.90 0.90 0.90
  per-rule acc: 0.92 0.87
Epoch 3040 | Train: Loss=0.0019 Acc=100.0% | Test: Acc=90.9% | Best=91.3%(@2880)
  from x3: 0.88 0.91 0.91 0.91 0.91 0.91 0.91 0.91 0.91 0.91 0.91 0.91 0.91 0.91 0.91 0.91 0.91 0.91 0.91 0.91 0.91 0.91 0.91 0.91 0.91 0.91 0.91 0.91 0.91
  per-rule acc: 0.92 0.89
Epoch 3060 | Train: Loss=0.0691 Acc=99.1% | Test: Acc=78.6% | Best=91.3%(@2880)
  from x3: 0.72 0.79 0.79 0.79 0.79 0.79 0.79 0.79 0.79 0.79 0.79 0.79 0.79 0.79 0.79 0.79 0.79 0.79 0.79 0.79 0.79 0.79 0.79 0.79 0.79 0.79 0.79 0.79 0.79
  per-rule acc: 0.82 0.75
Epoch 3080 | Train: Loss=0.0012 Acc=100.0% | Test: Acc=91.4% | Best=91.4%(@3080)
  from x3: 0.89 0.91 0.91 0.92 0.92 0.92 0.91 0.91 0.91 0.92 0.92 0.91 0.91 0.91 0.91 0.91 0.91 0.91 0.91 0.91 0.91 0.91 0.91 0.91 0.91 0.91 0.91 0.91 0.91
  per-rule acc: 0.94 0.88
Epoch 3100 | Train: Loss=0.0018 Acc=100.0% | Test: Acc=90.6% | Best=91.4%(@3080)
  from x3: 0.88 0.91 0.91 0.91 0.91 0.91 0.91 0.91 0.91 0.91 0.91 0.91 0.91 0.91 0.91 0.91 0.91 0.91 0.91 0.91 0.91 0.91 0.91 0.91 0.91 0.91 0.91 0.91 0.91
  per-rule acc: 0.93 0.88
Epoch 3120 | Train: Loss=0.0013 Acc=100.0% | Test: Acc=90.0% | Best=91.4%(@3080)
  from x3: 0.88 0.90 0.90 0.90 0.90 0.90 0.90 0.90 0.90 0.90 0.90 0.90 0.90 0.90 0.90 0.90 0.90 0.90 0.90 0.90 0.90 0.90 0.90 0.90 0.90 0.90 0.90 0.90 0.90
  per-rule acc: 0.93 0.87
Epoch 3140 | Train: Loss=0.0019 Acc=100.0% | Test: Acc=89.8% | Best=91.4%(@3080)
  from x3: 0.87 0.90 0.90 0.90 0.90 0.90 0.90 0.90 0.90 0.90 0.90 0.90 0.90 0.90 0.90 0.90 0.90 0.90 0.90 0.90 0.90 0.90 0.90 0.90 0.90 0.90 0.90 0.90 0.90
  per-rule acc: 0.92 0.88
Epoch 3160 | Train: Loss=0.0020 Acc=100.0% | Test: Acc=91.1% | Best=91.4%(@3080)
  from x3: 0.88 0.92 0.91 0.91 0.91 0.91 0.91 0.91 0.91 0.91 0.91 0.91 0.91 0.91 0.91 0.91 0.91 0.91 0.91 0.91 0.91 0.91 0.91 0.91 0.91 0.91 0.91 0.91 0.91
  per-rule acc: 0.93 0.89
Epoch 3180 | Train: Loss=0.0321 Acc=99.8% | Test: Acc=82.2% | Best=91.4%(@3080)
  from x3: 0.77 0.83 0.82 0.82 0.82 0.82 0.82 0.82 0.82 0.82 0.82 0.82 0.82 0.82 0.82 0.82 0.82 0.82 0.82 0.82 0.82 0.82 0.82 0.82 0.82 0.82 0.82 0.82 0.82
  per-rule acc: 0.86 0.79
Epoch 3200 | Train: Loss=0.0013 Acc=100.0% | Test: Acc=90.6% | Best=91.4%(@3080)
  from x3: 0.88 0.91 0.91 0.91 0.91 0.91 0.91 0.91 0.91 0.91 0.91 0.91 0.91 0.91 0.91 0.91 0.91 0.91 0.91 0.91 0.91 0.91 0.91 0.91 0.91 0.91 0.91 0.91 0.91
  per-rule acc: 0.94 0.88
Epoch 3220 | Train: Loss=0.0018 Acc=100.0% | Test: Acc=89.8% | Best=91.4%(@3080)
  from x3: 0.87 0.90 0.90 0.90 0.90 0.90 0.90 0.90 0.90 0.90 0.90 0.90 0.90 0.90 0.90 0.90 0.90 0.90 0.90 0.90 0.90 0.90 0.90 0.90 0.90 0.90 0.90 0.90 0.90
  per-rule acc: 0.92 0.88
Epoch 3240 | Train: Loss=0.0019 Acc=100.0% | Test: Acc=91.3% | Best=91.4%(@3080)
  from x3: 0.87 0.92 0.91 0.91 0.91 0.91 0.91 0.91 0.91 0.91 0.91 0.91 0.91 0.91 0.91 0.91 0.91 0.91 0.91 0.91 0.91 0.91 0.91 0.91 0.91 0.91 0.91 0.91 0.91
  per-rule acc: 0.94 0.89
Epoch 3260 | Train: Loss=0.0100 Acc=99.9% | Test: Acc=83.5% | Best=91.4%(@3080)
  from x3: 0.79 0.84 0.84 0.84 0.84 0.84 0.84 0.84 0.84 0.84 0.84 0.84 0.84 0.84 0.84 0.84 0.84 0.84 0.84 0.84 0.84 0.84 0.84 0.84 0.84 0.84 0.84 0.84 0.84
  per-rule acc: 0.89 0.78
Epoch 3280 | Train: Loss=0.0015 Acc=100.0% | Test: Acc=89.9% | Best=91.4%(@3080)
  from x3: 0.88 0.90 0.90 0.90 0.90 0.90 0.90 0.90 0.90 0.90 0.90 0.90 0.90 0.90 0.90 0.90 0.90 0.90 0.90 0.90 0.90 0.90 0.90 0.90 0.90 0.90 0.90 0.90 0.90
  per-rule acc: 0.93 0.87
Epoch 3300 | Train: Loss=0.0019 Acc=100.0% | Test: Acc=90.5% | Best=91.4%(@3080)
  from x3: 0.87 0.90 0.91 0.91 0.91 0.91 0.91 0.91 0.91 0.91 0.91 0.91 0.91 0.91 0.91 0.91 0.91 0.91 0.91 0.91 0.91 0.91 0.91 0.91 0.91 0.91 0.91 0.91 0.91
  per-rule acc: 0.93 0.88
Epoch 3320 | Train: Loss=0.0019 Acc=100.0% | Test: Acc=91.5% | Best=91.5%(@3320)
  from x3: 0.87 0.92 0.92 0.92 0.92 0.92 0.92 0.92 0.92 0.92 0.92 0.92 0.92 0.92 0.92 0.92 0.92 0.92 0.92 0.92 0.92 0.92 0.92 0.92 0.92 0.92 0.92 0.92 0.92
  per-rule acc: 0.94 0.89
Epoch 3340 | Train: Loss=0.3087 Acc=98.2% | Test: Acc=73.2% | Best=91.5%(@3320)
  from x3: 0.67 0.74 0.74 0.74 0.74 0.74 0.73 0.74 0.74 0.74 0.74 0.74 0.74 0.74 0.74 0.73 0.73 0.73 0.73 0.73 0.73 0.73 0.73 0.73 0.73 0.73 0.73 0.73 0.73
  per-rule acc: 0.81 0.66
Epoch 3360 | Train: Loss=0.0011 Acc=100.0% | Test: Acc=90.4% | Best=91.5%(@3320)
  from x3: 0.87 0.91 0.91 0.90 0.90 0.90 0.90 0.90 0.90 0.90 0.90 0.90 0.90 0.90 0.90 0.90 0.90 0.90 0.90 0.90 0.90 0.90 0.90 0.90 0.90 0.90 0.90 0.90 0.90
  per-rule acc: 0.93 0.87
Epoch 3380 | Train: Loss=0.0013 Acc=100.0% | Test: Acc=91.0% | Best=91.5%(@3320)
  from x3: 0.88 0.91 0.91 0.91 0.91 0.91 0.91 0.91 0.91 0.91 0.91 0.91 0.91 0.91 0.91 0.91 0.91 0.91 0.91 0.91 0.91 0.91 0.91 0.91 0.91 0.91 0.91 0.91 0.91
  per-rule acc: 0.94 0.88
Epoch 3400 | Train: Loss=0.0018 Acc=100.0% | Test: Acc=90.2% | Best=91.5%(@3320)
  from x3: 0.87 0.90 0.90 0.90 0.90 0.90 0.90 0.90 0.90 0.90 0.90 0.90 0.90 0.90 0.90 0.90 0.90 0.90 0.90 0.90 0.90 0.90 0.90 0.90 0.90 0.90 0.90 0.90 0.90
  per-rule acc: 0.93 0.87
Epoch 3420 | Train: Loss=0.0019 Acc=100.0% | Test: Acc=91.1% | Best=91.5%(@3320)
  from x3: 0.88 0.91 0.91 0.91 0.91 0.91 0.91 0.91 0.91 0.91 0.91 0.91 0.91 0.91 0.91 0.91 0.91 0.91 0.91 0.91 0.91 0.91 0.91 0.91 0.91 0.91 0.91 0.91 0.91
  per-rule acc: 0.93 0.89
Epoch 3440 | Train: Loss=0.0048 Acc=100.0% | Test: Acc=88.0% | Best=91.5%(@3320)
  from x3: 0.85 0.88 0.88 0.88 0.88 0.88 0.88 0.88 0.88 0.88 0.88 0.88 0.88 0.88 0.88 0.88 0.88 0.88 0.88 0.88 0.88 0.88 0.88 0.88 0.88 0.88 0.88 0.88 0.88
  per-rule acc: 0.92 0.84
Epoch 3460 | Train: Loss=0.0016 Acc=100.0% | Test: Acc=90.3% | Best=91.5%(@3320)
  from x3: 0.88 0.91 0.90 0.90 0.90 0.90 0.90 0.90 0.90 0.90 0.90 0.90 0.90 0.90 0.90 0.90 0.90 0.90 0.90 0.90 0.90 0.90 0.90 0.90 0.90 0.90 0.90 0.90 0.90
  per-rule acc: 0.93 0.88
Epoch 3480 | Train: Loss=0.0082 Acc=100.0% | Test: Acc=82.7% | Best=91.5%(@3320)
  from x3: 0.78 0.83 0.83 0.83 0.83 0.83 0.83 0.83 0.83 0.83 0.83 0.83 0.83 0.83 0.83 0.83 0.83 0.83 0.83 0.83 0.83 0.83 0.83 0.83 0.83 0.83 0.83 0.83 0.83
  per-rule acc: 0.88 0.77
Epoch 3500 | Train: Loss=0.0014 Acc=100.0% | Test: Acc=91.1% | Best=91.5%(@3320)
  from x3: 0.89 0.91 0.91 0.91 0.91 0.91 0.91 0.91 0.91 0.91 0.91 0.91 0.91 0.91 0.91 0.91 0.91 0.91 0.91 0.91 0.91 0.91 0.91 0.91 0.91 0.91 0.91 0.91 0.91
  per-rule acc: 0.94 0.88
Epoch 3520 | Train: Loss=0.0019 Acc=100.0% | Test: Acc=91.0% | Best=91.5%(@3320)
  from x3: 0.88 0.91 0.91 0.91 0.91 0.91 0.91 0.91 0.91 0.91 0.91 0.91 0.91 0.91 0.91 0.91 0.91 0.91 0.91 0.91 0.91 0.91 0.91 0.91 0.91 0.91 0.91 0.91 0.91
  per-rule acc: 0.93 0.89
Epoch 3540 | Train: Loss=0.0093 Acc=99.9% | Test: Acc=81.9% | Best=91.5%(@3320)
  from x3: 0.77 0.83 0.82 0.82 0.82 0.82 0.82 0.82 0.82 0.82 0.82 0.82 0.82 0.82 0.82 0.82 0.82 0.82 0.82 0.82 0.82 0.82 0.82 0.82 0.82 0.82 0.82 0.82 0.82
  per-rule acc: 0.87 0.76
Epoch 3560 | Train: Loss=0.0016 Acc=100.0% | Test: Acc=90.2% | Best=91.5%(@3320)
  from x3: 0.88 0.90 0.90 0.90 0.90 0.90 0.90 0.90 0.90 0.90 0.90 0.90 0.90 0.90 0.90 0.90 0.90 0.90 0.90 0.90 0.90 0.90 0.90 0.90 0.90 0.90 0.90 0.90 0.90
  per-rule acc: 0.94 0.87
Epoch 3580 | Train: Loss=0.0020 Acc=100.0% | Test: Acc=90.8% | Best=91.5%(@3320)
  from x3: 0.88 0.91 0.91 0.91 0.91 0.91 0.91 0.91 0.91 0.91 0.91 0.91 0.91 0.91 0.91 0.91 0.91 0.91 0.91 0.91 0.91 0.91 0.91 0.91 0.91 0.91 0.91 0.91 0.91
  per-rule acc: 0.93 0.88
Epoch 3600 | Train: Loss=0.0244 Acc=99.9% | Test: Acc=80.3% | Best=91.5%(@3320)
  from x3: 0.75 0.81 0.80 0.80 0.80 0.80 0.80 0.80 0.80 0.80 0.80 0.80 0.80 0.80 0.80 0.80 0.80 0.80 0.80 0.80 0.80 0.80 0.80 0.80 0.80 0.81 0.81 0.81 0.81
  per-rule acc: 0.87 0.74
Epoch 3620 | Train: Loss=0.0014 Acc=100.0% | Test: Acc=91.2% | Best=91.5%(@3320)
  from x3: 0.89 0.91 0.91 0.91 0.91 0.91 0.91 0.91 0.91 0.91 0.91 0.91 0.91 0.91 0.91 0.91 0.91 0.91 0.91 0.91 0.91 0.91 0.91 0.91 0.91 0.91 0.91 0.91 0.91
  per-rule acc: 0.94 0.88
Epoch 3640 | Train: Loss=0.0018 Acc=100.0% | Test: Acc=90.8% | Best=91.5%(@3320)
  from x3: 0.88 0.91 0.91 0.91 0.91 0.91 0.91 0.91 0.91 0.91 0.91 0.91 0.91 0.91 0.91 0.91 0.91 0.91 0.91 0.91 0.91 0.91 0.91 0.91 0.91 0.91 0.91 0.91 0.91
  per-rule acc: 0.94 0.88
Epoch 3660 | Train: Loss=0.0019 Acc=100.0% | Test: Acc=91.3% | Best=91.5%(@3320)
  from x3: 0.88 0.92 0.91 0.91 0.91 0.91 0.91 0.91 0.91 0.91 0.91 0.91 0.91 0.91 0.91 0.91 0.91 0.91 0.91 0.91 0.91 0.91 0.91 0.91 0.91 0.91 0.91 0.91 0.91
  per-rule acc: 0.94 0.89
Epoch 3680 | Train: Loss=0.0758 Acc=98.8% | Test: Acc=63.8% | Best=91.5%(@3320)
  from x3: 0.57 0.64 0.64 0.64 0.64 0.64 0.64 0.64 0.64 0.64 0.64 0.64 0.64 0.64 0.64 0.64 0.64 0.64 0.64 0.64 0.64 0.64 0.64 0.64 0.64 0.64 0.64 0.64 0.64
  per-rule acc: 0.72 0.56
Epoch 3700 | Train: Loss=0.0012 Acc=100.0% | Test: Acc=90.1% | Best=91.5%(@3320)
  from x3: 0.87 0.90 0.90 0.90 0.90 0.90 0.90 0.90 0.90 0.90 0.90 0.90 0.90 0.90 0.90 0.90 0.90 0.90 0.90 0.90 0.90 0.90 0.90 0.90 0.90 0.90 0.90 0.90 0.90
  per-rule acc: 0.93 0.87
Epoch 3720 | Train: Loss=0.0017 Acc=100.0% | Test: Acc=89.7% | Best=91.5%(@3320)
  from x3: 0.87 0.89 0.90 0.90 0.90 0.90 0.90 0.90 0.90 0.90 0.90 0.90 0.90 0.90 0.90 0.90 0.90 0.90 0.90 0.90 0.90 0.90 0.90 0.90 0.90 0.90 0.90 0.90 0.90
  per-rule acc: 0.92 0.87
Epoch 3740 | Train: Loss=0.0018 Acc=100.0% | Test: Acc=90.8% | Best=91.5%(@3320)
  from x3: 0.88 0.91 0.91 0.91 0.91 0.91 0.91 0.91 0.91 0.91 0.91 0.91 0.91 0.91 0.91 0.91 0.91 0.91 0.91 0.91 0.91 0.91 0.91 0.91 0.91 0.91 0.91 0.91 0.91
  per-rule acc: 0.93 0.89
Epoch 3760 | Train: Loss=0.0018 Acc=100.0% | Test: Acc=91.2% | Best=91.5%(@3320)
  from x3: 0.88 0.91 0.91 0.91 0.91 0.91 0.91 0.91 0.91 0.91 0.91 0.91 0.91 0.91 0.91 0.91 0.91 0.91 0.91 0.91 0.91 0.91 0.91 0.91 0.91 0.91 0.91 0.91 0.91
  per-rule acc: 0.94 0.89
Epoch 3780 | Train: Loss=0.0050 Acc=99.9% | Test: Acc=84.9% | Best=91.5%(@3320)
  from x3: 0.80 0.85 0.85 0.85 0.85 0.85 0.85 0.85 0.85 0.85 0.85 0.85 0.85 0.85 0.85 0.85 0.85 0.85 0.85 0.85 0.85 0.85 0.85 0.85 0.85 0.85 0.85 0.85 0.85
  per-rule acc: 0.90 0.80
Epoch 3800 | Train: Loss=0.0014 Acc=100.0% | Test: Acc=89.9% | Best=91.5%(@3320)
  from x3: 0.87 0.90 0.90 0.90 0.90 0.90 0.90 0.90 0.90 0.90 0.90 0.90 0.90 0.90 0.90 0.90 0.90 0.90 0.90 0.90 0.90 0.90 0.90 0.90 0.90 0.90 0.90 0.90 0.90
  per-rule acc: 0.93 0.87
Epoch 3820 | Train: Loss=0.0018 Acc=100.0% | Test: Acc=90.9% | Best=91.5%(@3320)
  from x3: 0.87 0.91 0.91 0.91 0.91 0.91 0.91 0.91 0.91 0.91 0.91 0.91 0.91 0.91 0.91 0.91 0.91 0.91 0.91 0.91 0.91 0.91 0.91 0.91 0.91 0.91 0.91 0.91 0.91
  per-rule acc: 0.94 0.88
Epoch 3840 | Train: Loss=0.0018 Acc=100.0% | Test: Acc=91.4% | Best=91.5%(@3320)
  from x3: 0.88 0.92 0.91 0.91 0.91 0.91 0.91 0.91 0.91 0.91 0.91 0.91 0.91 0.91 0.92 0.92 0.92 0.92 0.92 0.92 0.92 0.92 0.91 0.92 0.92 0.91 0.92 0.92 0.92
  per-rule acc: 0.94 0.88
Epoch 3860 | Train: Loss=0.0017 Acc=100.0% | Test: Acc=91.4% | Best=91.5%(@3320)
  from x3: 0.88 0.92 0.92 0.92 0.92 0.92 0.92 0.92 0.92 0.92 0.92 0.92 0.92 0.92 0.92 0.92 0.92 0.92 0.92 0.92 0.92 0.92 0.92 0.92 0.92 0.92 0.92 0.92 0.92
  per-rule acc: 0.94 0.89
Epoch 3880 | Train: Loss=0.0016 Acc=100.0% | Test: Acc=90.6% | Best=91.5%(@3320)
  from x3: 0.88 0.91 0.91 0.91 0.91 0.91 0.91 0.91 0.91 0.91 0.91 0.91 0.91 0.91 0.91 0.91 0.91 0.91 0.91 0.91 0.91 0.91 0.91 0.91 0.91 0.91 0.91 0.91 0.91
  per-rule acc: 0.94 0.87
Epoch 3900 | Train: Loss=0.0014 Acc=100.0% | Test: Acc=91.2% | Best=91.5%(@3320)
  from x3: 0.88 0.91 0.91 0.91 0.91 0.91 0.91 0.91 0.91 0.91 0.91 0.91 0.91 0.91 0.91 0.91 0.91 0.91 0.91 0.91 0.91 0.91 0.91 0.91 0.91 0.91 0.91 0.91 0.91
  per-rule acc: 0.94 0.88
Epoch 3920 | Train: Loss=0.0183 Acc=99.8% | Test: Acc=82.3% | Best=91.5%(@3320)
  from x3: 0.76 0.82 0.83 0.82 0.82 0.83 0.83 0.83 0.83 0.83 0.83 0.83 0.83 0.83 0.83 0.83 0.83 0.83 0.83 0.83 0.83 0.83 0.83 0.83 0.83 0.83 0.83 0.82 0.82
  per-rule acc: 0.87 0.78
Epoch 3940 | Train: Loss=0.0015 Acc=100.0% | Test: Acc=91.9% | Best=91.9%(@3940)
  from x3: 0.89 0.92 0.92 0.92 0.92 0.92 0.92 0.92 0.92 0.92 0.92 0.92 0.92 0.92 0.92 0.92 0.92 0.92 0.92 0.92 0.92 0.92 0.92 0.92 0.92 0.92 0.92 0.92 0.92
  per-rule acc: 0.95 0.89
Epoch 3960 | Train: Loss=0.0018 Acc=100.0% | Test: Acc=91.8% | Best=91.9%(@3940)
  from x3: 0.88 0.92 0.92 0.92 0.92 0.92 0.92 0.92 0.92 0.92 0.92 0.92 0.92 0.92 0.92 0.92 0.92 0.92 0.92 0.92 0.92 0.92 0.92 0.92 0.92 0.92 0.92 0.92 0.92
  per-rule acc: 0.94 0.90
Epoch 3980 | Train: Loss=0.0017 Acc=100.0% | Test: Acc=91.6% | Best=91.9%(@3940)
  from x3: 0.88 0.92 0.92 0.92 0.92 0.92 0.92 0.92 0.92 0.92 0.92 0.92 0.92 0.92 0.92 0.92 0.92 0.92 0.92 0.92 0.92 0.92 0.92 0.92 0.92 0.92 0.92 0.92 0.92
  per-rule acc: 0.94 0.89
Epoch 4000 | Train: Loss=0.0015 Acc=100.0% | Test: Acc=90.8% | Best=91.9%(@3940)
  from x3: 0.87 0.91 0.91 0.91 0.91 0.91 0.91 0.91 0.91 0.91 0.91 0.91 0.91 0.91 0.91 0.91 0.91 0.91 0.91 0.91 0.91 0.91 0.91 0.91 0.91 0.91 0.91 0.91 0.91
  per-rule acc: 0.94 0.87
Epoch 4020 | Train: Loss=0.0012 Acc=100.0% | Test: Acc=91.8% | Best=91.9%(@3940)
  from x3: 0.89 0.92 0.92 0.92 0.92 0.92 0.92 0.92 0.92 0.92 0.92 0.92 0.92 0.92 0.92 0.92 0.92 0.92 0.92 0.92 0.92 0.92 0.92 0.92 0.92 0.92 0.92 0.92 0.92
  per-rule acc: 0.95 0.89
Epoch 4040 | Train: Loss=0.0014 Acc=100.0% | Test: Acc=91.5% | Best=91.9%(@3940)
  from x3: 0.88 0.92 0.92 0.92 0.92 0.92 0.92 0.92 0.92 0.92 0.92 0.92 0.92 0.92 0.92 0.92 0.92 0.92 0.92 0.92 0.92 0.92 0.92 0.92 0.92 0.92 0.92 0.92 0.92
  per-rule acc: 0.94 0.89
Epoch 4060 | Train: Loss=0.0016 Acc=100.0% | Test: Acc=91.4% | Best=91.9%(@3940)
  from x3: 0.88 0.92 0.91 0.92 0.91 0.91 0.91 0.91 0.91 0.91 0.91 0.91 0.91 0.92 0.92 0.92 0.92 0.92 0.91 0.92 0.92 0.91 0.91 0.91 0.91 0.92 0.92 0.92 0.92
  per-rule acc: 0.94 0.89
Epoch 4080 | Train: Loss=0.0105 Acc=99.9% | Test: Acc=83.8% | Best=91.9%(@3940)
  from x3: 0.79 0.84 0.84 0.84 0.84 0.84 0.84 0.84 0.84 0.84 0.84 0.84 0.84 0.84 0.84 0.84 0.84 0.84 0.84 0.84 0.84 0.84 0.84 0.84 0.84 0.84 0.84 0.84 0.84
  per-rule acc: 0.89 0.79
Epoch 4100 | Train: Loss=0.0013 Acc=100.0% | Test: Acc=91.8% | Best=91.9%(@3940)
  from x3: 0.88 0.92 0.92 0.92 0.92 0.92 0.92 0.92 0.92 0.92 0.92 0.92 0.92 0.92 0.92 0.92 0.92 0.92 0.92 0.92 0.92 0.92 0.92 0.92 0.92 0.92 0.92 0.92 0.92
  per-rule acc: 0.95 0.89
Epoch 4120 | Train: Loss=0.0017 Acc=100.0% | Test: Acc=91.0% | Best=91.9%(@3940)
  from x3: 0.87 0.91 0.91 0.91 0.91 0.91 0.91 0.91 0.91 0.91 0.91 0.91 0.91 0.91 0.91 0.91 0.91 0.91 0.91 0.91 0.91 0.91 0.91 0.91 0.91 0.91 0.91 0.91 0.91
  per-rule acc: 0.94 0.88
Epoch 4140 | Train: Loss=0.0085 Acc=99.9% | Test: Acc=86.4% | Best=91.9%(@3940)
  from x3: 0.82 0.87 0.87 0.87 0.87 0.87 0.87 0.87 0.87 0.87 0.87 0.87 0.87 0.87 0.87 0.87 0.87 0.87 0.87 0.87 0.87 0.87 0.87 0.87 0.87 0.87 0.86 0.87 0.87
  per-rule acc: 0.91 0.82
Epoch 4160 | Train: Loss=0.0015 Acc=100.0% | Test: Acc=91.4% | Best=91.9%(@3940)
  from x3: 0.88 0.92 0.92 0.92 0.92 0.92 0.92 0.92 0.92 0.92 0.92 0.92 0.92 0.91 0.92 0.92 0.92 0.92 0.92 0.92 0.92 0.92 0.92 0.92 0.92 0.91 0.92 0.91 0.91
  per-rule acc: 0.94 0.89
Epoch 4180 | Train: Loss=0.0018 Acc=100.0% | Test: Acc=91.4% | Best=91.9%(@3940)
  from x3: 0.87 0.92 0.92 0.92 0.92 0.92 0.92 0.92 0.92 0.92 0.92 0.92 0.92 0.92 0.92 0.92 0.92 0.92 0.92 0.92 0.92 0.92 0.92 0.92 0.92 0.92 0.92 0.91 0.91
  per-rule acc: 0.94 0.89
Epoch 4200 | Train: Loss=0.0017 Acc=100.0% | Test: Acc=91.8% | Best=91.9%(@3940)
  from x3: 0.88 0.92 0.92 0.92 0.92 0.92 0.92 0.92 0.92 0.92 0.92 0.92 0.92 0.92 0.92 0.92 0.92 0.92 0.92 0.92 0.92 0.92 0.92 0.92 0.92 0.92 0.92 0.92 0.92
  per-rule acc: 0.95 0.89
Epoch 4220 | Train: Loss=0.0233 Acc=99.8% | Test: Acc=82.2% | Best=91.9%(@3940)
  from x3: 0.76 0.82 0.82 0.82 0.82 0.82 0.82 0.82 0.82 0.82 0.82 0.82 0.82 0.82 0.82 0.82 0.82 0.82 0.82 0.82 0.82 0.82 0.82 0.82 0.82 0.82 0.82 0.82 0.82
  per-rule acc: 0.87 0.77
Epoch 4240 | Train: Loss=0.0013 Acc=100.0% | Test: Acc=91.3% | Best=91.9%(@3940)
  from x3: 0.88 0.91 0.91 0.91 0.91 0.91 0.91 0.91 0.91 0.91 0.91 0.91 0.91 0.91 0.91 0.91 0.91 0.91 0.91 0.91 0.91 0.91 0.91 0.91 0.91 0.91 0.91 0.91 0.91
  per-rule acc: 0.94 0.88
Epoch 4260 | Train: Loss=0.0016 Acc=100.0% | Test: Acc=91.0% | Best=91.9%(@3940)
  from x3: 0.88 0.91 0.91 0.91 0.91 0.91 0.91 0.91 0.91 0.91 0.91 0.91 0.91 0.91 0.91 0.91 0.91 0.91 0.91 0.91 0.91 0.91 0.91 0.91 0.91 0.91 0.91 0.91 0.91
  per-rule acc: 0.94 0.88
Epoch 4280 | Train: Loss=0.0094 Acc=99.9% | Test: Acc=86.9% | Best=91.9%(@3940)
  from x3: 0.82 0.88 0.87 0.87 0.87 0.87 0.87 0.87 0.87 0.87 0.87 0.87 0.87 0.87 0.87 0.87 0.87 0.87 0.87 0.87 0.87 0.87 0.87 0.87 0.87 0.87 0.87 0.87 0.87
  per-rule acc: 0.92 0.82
Epoch 4300 | Train: Loss=0.0013 Acc=100.0% | Test: Acc=90.8% | Best=91.9%(@3940)
  from x3: 0.88 0.91 0.91 0.91 0.91 0.91 0.91 0.91 0.91 0.91 0.91 0.91 0.91 0.91 0.91 0.91 0.91 0.91 0.91 0.91 0.91 0.91 0.91 0.91 0.91 0.91 0.91 0.91 0.91
  per-rule acc: 0.94 0.88
Epoch 4320 | Train: Loss=0.0017 Acc=100.0% | Test: Acc=91.5% | Best=91.9%(@3940)
  from x3: 0.87 0.92 0.92 0.92 0.92 0.92 0.92 0.92 0.92 0.92 0.92 0.92 0.92 0.92 0.92 0.92 0.92 0.92 0.92 0.92 0.92 0.92 0.92 0.92 0.92 0.92 0.92 0.92 0.92
  per-rule acc: 0.94 0.89
Epoch 4340 | Train: Loss=0.0018 Acc=100.0% | Test: Acc=91.7% | Best=91.9%(@3940)
  from x3: 0.88 0.92 0.92 0.92 0.92 0.92 0.92 0.92 0.92 0.92 0.92 0.92 0.92 0.92 0.92 0.92 0.92 0.92 0.92 0.92 0.92 0.92 0.92 0.92 0.92 0.92 0.92 0.92 0.92
  per-rule acc: 0.94 0.90
Epoch 4360 | Train: Loss=0.0013 Acc=100.0% | Test: Acc=91.2% | Best=91.9%(@3940)
  from x3: 0.89 0.92 0.91 0.91 0.91 0.91 0.91 0.91 0.91 0.91 0.91 0.91 0.91 0.91 0.91 0.91 0.91 0.91 0.91 0.91 0.91 0.91 0.91 0.91 0.91 0.91 0.91 0.91 0.91
  per-rule acc: 0.94 0.88
Epoch 4380 | Train: Loss=0.0017 Acc=100.0% | Test: Acc=91.2% | Best=91.9%(@3940)
  from x3: 0.87 0.91 0.91 0.91 0.91 0.91 0.91 0.91 0.91 0.91 0.91 0.91 0.91 0.91 0.91 0.91 0.91 0.91 0.91 0.91 0.91 0.91 0.91 0.91 0.91 0.91 0.91 0.91 0.91
  per-rule acc: 0.94 0.88
Epoch 4400 | Train: Loss=0.0109 Acc=99.9% | Test: Acc=84.6% | Best=91.9%(@3940)
  from x3: 0.78 0.85 0.85 0.85 0.85 0.85 0.85 0.85 0.85 0.85 0.85 0.85 0.85 0.85 0.85 0.85 0.85 0.85 0.85 0.85 0.85 0.85 0.85 0.85 0.85 0.85 0.85 0.85 0.85
  per-rule acc: 0.87 0.82
Epoch 4420 | Train: Loss=0.0014 Acc=100.0% | Test: Acc=92.3% | Best=92.3%(@4420)
  from x3: 0.88 0.92 0.92 0.92 0.92 0.92 0.92 0.92 0.92 0.92 0.92 0.92 0.92 0.92 0.92 0.92 0.92 0.92 0.92 0.92 0.92 0.92 0.92 0.92 0.92 0.92 0.92 0.92 0.92
  per-rule acc: 0.95 0.90
Epoch 4440 | Train: Loss=0.0018 Acc=100.0% | Test: Acc=91.7% | Best=92.3%(@4420)
  from x3: 0.88 0.92 0.92 0.92 0.92 0.92 0.92 0.92 0.92 0.92 0.92 0.92 0.92 0.92 0.92 0.92 0.92 0.92 0.92 0.92 0.92 0.92 0.92 0.92 0.92 0.92 0.92 0.92 0.92
  per-rule acc: 0.94 0.89
Epoch 4460 | Train: Loss=0.0019 Acc=100.0% | Test: Acc=91.4% | Best=92.3%(@4420)
  from x3: 0.88 0.92 0.92 0.92 0.92 0.92 0.92 0.92 0.92 0.92 0.92 0.92 0.92 0.92 0.92 0.91 0.91 0.91 0.91 0.91 0.92 0.92 0.92 0.91 0.91 0.91 0.92 0.92 0.92
  per-rule acc: 0.94 0.89
Epoch 4480 | Train: Loss=0.0017 Acc=100.0% | Test: Acc=91.3% | Best=92.3%(@4420)
  from x3: 0.88 0.92 0.91 0.91 0.91 0.91 0.91 0.92 0.91 0.92 0.92 0.92 0.92 0.92 0.91 0.91 0.91 0.91 0.91 0.91 0.91 0.91 0.91 0.91 0.91 0.91 0.91 0.91 0.91
  per-rule acc: 0.94 0.88
Epoch 4500 | Train: Loss=0.0107 Acc=99.9% | Test: Acc=82.2% | Best=92.3%(@4420)
  from x3: 0.77 0.83 0.83 0.83 0.83 0.83 0.83 0.83 0.82 0.82 0.82 0.82 0.82 0.82 0.82 0.82 0.82 0.82 0.82 0.82 0.82 0.82 0.82 0.82 0.82 0.82 0.82 0.82 0.82
  per-rule acc: 0.87 0.77
Epoch 4520 | Train: Loss=0.0013 Acc=100.0% | Test: Acc=91.1% | Best=92.3%(@4420)
  from x3: 0.88 0.91 0.91 0.91 0.91 0.91 0.91 0.91 0.91 0.91 0.91 0.91 0.91 0.91 0.91 0.91 0.91 0.91 0.91 0.91 0.91 0.91 0.91 0.91 0.91 0.91 0.91 0.91 0.91
  per-rule acc: 0.94 0.88
Epoch 4540 | Train: Loss=0.0016 Acc=100.0% | Test: Acc=90.6% | Best=92.3%(@4420)
  from x3: 0.88 0.91 0.91 0.91 0.91 0.91 0.91 0.91 0.91 0.91 0.91 0.91 0.91 0.91 0.91 0.91 0.91 0.91 0.91 0.91 0.91 0.91 0.91 0.91 0.91 0.91 0.91 0.91 0.91
  per-rule acc: 0.93 0.88
Epoch 4560 | Train: Loss=0.0017 Acc=100.0% | Test: Acc=91.3% | Best=92.3%(@4420)
  from x3: 0.88 0.92 0.91 0.91 0.91 0.91 0.91 0.91 0.91 0.91 0.91 0.91 0.91 0.91 0.91 0.91 0.91 0.91 0.91 0.91 0.91 0.91 0.91 0.91 0.91 0.91 0.91 0.91 0.91
  per-rule acc: 0.94 0.88
Epoch 4580 | Train: Loss=0.0037 Acc=99.9% | Test: Acc=89.0% | Best=92.3%(@4420)
  from x3: 0.85 0.89 0.89 0.89 0.89 0.89 0.89 0.89 0.89 0.89 0.89 0.89 0.89 0.89 0.89 0.89 0.89 0.89 0.89 0.89 0.89 0.89 0.89 0.89 0.89 0.89 0.89 0.89 0.89
  per-rule acc: 0.92 0.86
Epoch 4600 | Train: Loss=0.0015 Acc=100.0% | Test: Acc=90.7% | Best=92.3%(@4420)
  from x3: 0.87 0.91 0.91 0.91 0.91 0.91 0.91 0.91 0.91 0.91 0.91 0.91 0.91 0.91 0.91 0.91 0.91 0.91 0.91 0.91 0.91 0.91 0.91 0.91 0.91 0.91 0.91 0.91 0.91
  per-rule acc: 0.94 0.87
Epoch 4620 | Train: Loss=0.0018 Acc=100.0% | Test: Acc=91.4% | Best=92.3%(@4420)
  from x3: 0.88 0.92 0.91 0.91 0.91 0.91 0.91 0.91 0.91 0.91 0.91 0.91 0.91 0.91 0.91 0.91 0.91 0.91 0.91 0.92 0.92 0.92 0.92 0.92 0.92 0.92 0.91 0.92 0.92
  per-rule acc: 0.94 0.89
Epoch 4640 | Train: Loss=0.0025 Acc=100.0% | Test: Acc=89.8% | Best=92.3%(@4420)
  from x3: 0.86 0.90 0.90 0.90 0.90 0.90 0.90 0.90 0.90 0.90 0.90 0.90 0.90 0.90 0.90 0.90 0.90 0.90 0.90 0.90 0.90 0.90 0.90 0.90 0.90 0.90 0.90 0.90 0.90
  per-rule acc: 0.93 0.87
Epoch 4660 | Train: Loss=0.0016 Acc=100.0% | Test: Acc=91.3% | Best=92.3%(@4420)
  from x3: 0.88 0.92 0.91 0.91 0.91 0.91 0.91 0.91 0.91 0.91 0.91 0.91 0.91 0.91 0.91 0.91 0.91 0.91 0.91 0.91 0.91 0.91 0.91 0.91 0.91 0.91 0.91 0.91 0.91
  per-rule acc: 0.94 0.88
Epoch 4680 | Train: Loss=0.0018 Acc=100.0% | Test: Acc=91.8% | Best=92.3%(@4420)
  from x3: 0.88 0.92 0.92 0.92 0.92 0.92 0.92 0.92 0.92 0.92 0.92 0.92 0.92 0.92 0.92 0.92 0.92 0.92 0.92 0.92 0.92 0.92 0.92 0.92 0.92 0.92 0.92 0.92 0.92
  per-rule acc: 0.95 0.89
Epoch 4700 | Train: Loss=0.0017 Acc=100.0% | Test: Acc=91.5% | Best=92.3%(@4420)
  from x3: 0.88 0.92 0.92 0.92 0.92 0.92 0.92 0.92 0.92 0.92 0.92 0.92 0.92 0.92 0.92 0.92 0.92 0.92 0.92 0.92 0.92 0.92 0.92 0.92 0.92 0.92 0.92 0.92 0.92
  per-rule acc: 0.94 0.89
Epoch 4720 | Train: Loss=0.0016 Acc=100.0% | Test: Acc=91.7% | Best=92.3%(@4420)
  from x3: 0.87 0.92 0.92 0.92 0.92 0.92 0.92 0.92 0.92 0.92 0.92 0.92 0.92 0.92 0.92 0.92 0.92 0.92 0.92 0.92 0.92 0.92 0.92 0.92 0.92 0.92 0.92 0.92 0.92
  per-rule acc: 0.95 0.89
Epoch 4740 | Train: Loss=0.0128 Acc=99.9% | Test: Acc=84.1% | Best=92.3%(@4420)
  from x3: 0.80 0.85 0.84 0.84 0.84 0.84 0.84 0.84 0.84 0.84 0.84 0.84 0.84 0.84 0.84 0.84 0.84 0.84 0.84 0.84 0.84 0.84 0.84 0.84 0.84 0.84 0.84 0.84 0.84
  per-rule acc: 0.89 0.80
Epoch 4760 | Train: Loss=0.0013 Acc=100.0% | Test: Acc=91.2% | Best=92.3%(@4420)
  from x3: 0.89 0.91 0.91 0.91 0.91 0.91 0.91 0.91 0.91 0.91 0.91 0.91 0.91 0.91 0.91 0.91 0.91 0.91 0.91 0.91 0.91 0.91 0.91 0.91 0.91 0.91 0.91 0.91 0.91
  per-rule acc: 0.94 0.88
Epoch 4780 | Train: Loss=0.0015 Acc=100.0% | Test: Acc=91.1% | Best=92.3%(@4420)
  from x3: 0.88 0.91 0.91 0.91 0.91 0.91 0.91 0.91 0.91 0.91 0.91 0.91 0.91 0.91 0.91 0.91 0.91 0.91 0.91 0.91 0.91 0.91 0.91 0.91 0.91 0.91 0.91 0.91 0.91
  per-rule acc: 0.94 0.88
Epoch 4800 | Train: Loss=0.0016 Acc=100.0% | Test: Acc=91.3% | Best=92.3%(@4420)
  from x3: 0.87 0.92 0.92 0.92 0.92 0.92 0.91 0.91 0.91 0.91 0.91 0.91 0.91 0.91 0.91 0.91 0.91 0.91 0.91 0.91 0.91 0.91 0.91 0.91 0.91 0.91 0.91 0.91 0.91
  per-rule acc: 0.94 0.89
Epoch 4820 | Train: Loss=0.0015 Acc=100.0% | Test: Acc=91.4% | Best=92.3%(@4420)
  from x3: 0.87 0.92 0.91 0.91 0.91 0.91 0.91 0.92 0.91 0.91 0.91 0.91 0.91 0.91 0.91 0.91 0.92 0.92 0.92 0.91 0.92 0.92 0.92 0.92 0.92 0.92 0.92 0.92 0.92
  per-rule acc: 0.94 0.89
Epoch 4840 | Train: Loss=0.0014 Acc=100.0% | Test: Acc=90.8% | Best=92.3%(@4420)
  from x3: 0.87 0.91 0.91 0.91 0.91 0.91 0.91 0.91 0.91 0.91 0.91 0.91 0.91 0.91 0.91 0.91 0.91 0.91 0.91 0.91 0.91 0.91 0.91 0.91 0.91 0.91 0.91 0.91 0.91
  per-rule acc: 0.94 0.88
Epoch 4860 | Train: Loss=0.0011 Acc=100.0% | Test: Acc=91.7% | Best=92.3%(@4420)
  from x3: 0.88 0.92 0.92 0.92 0.92 0.92 0.92 0.92 0.92 0.92 0.92 0.92 0.92 0.92 0.92 0.92 0.92 0.92 0.92 0.92 0.92 0.92 0.92 0.92 0.92 0.92 0.92 0.92 0.92
  per-rule acc: 0.95 0.89
Epoch 4880 | Train: Loss=0.0014 Acc=100.0% | Test: Acc=91.8% | Best=92.3%(@4420)
  from x3: 0.88 0.92 0.92 0.92 0.92 0.92 0.92 0.92 0.92 0.92 0.92 0.92 0.92 0.92 0.92 0.92 0.92 0.92 0.92 0.92 0.92 0.92 0.92 0.92 0.92 0.92 0.92 0.92 0.92
  per-rule acc: 0.94 0.89
Epoch 4900 | Train: Loss=0.0016 Acc=100.0% | Test: Acc=91.5% | Best=92.3%(@4420)
  from x3: 0.88 0.92 0.92 0.92 0.92 0.92 0.92 0.92 0.92 0.92 0.92 0.92 0.92 0.92 0.92 0.92 0.92 0.92 0.92 0.92 0.92 0.92 0.92 0.92 0.92 0.92 0.92 0.92 0.92
  per-rule acc: 0.94 0.89
Epoch 4920 | Train: Loss=0.0013 Acc=100.0% | Test: Acc=92.3% | Best=92.3%(@4920)
  from x3: 0.89 0.93 0.92 0.92 0.92 0.92 0.92 0.92 0.92 0.92 0.92 0.92 0.92 0.92 0.92 0.92 0.92 0.92 0.92 0.92 0.92 0.92 0.92 0.92 0.92 0.92 0.92 0.92 0.93
  per-rule acc: 0.95 0.90
Epoch 4940 | Train: Loss=0.0016 Acc=100.0% | Test: Acc=91.7% | Best=92.3%(@4920)
  from x3: 0.88 0.92 0.92 0.92 0.92 0.92 0.92 0.92 0.92 0.92 0.92 0.92 0.92 0.92 0.92 0.92 0.92 0.92 0.92 0.92 0.92 0.92 0.92 0.92 0.92 0.92 0.92 0.92 0.92
  per-rule acc: 0.94 0.89
Epoch 4960 | Train: Loss=0.0017 Acc=100.0% | Test: Acc=92.3% | Best=92.3%(@4920)
  from x3: 0.88 0.92 0.92 0.92 0.92 0.92 0.92 0.92 0.92 0.92 0.92 0.92 0.92 0.92 0.92 0.92 0.92 0.92 0.92 0.92 0.92 0.92 0.92 0.92 0.92 0.92 0.92 0.92 0.92
  per-rule acc: 0.95 0.89
Epoch 4980 | Train: Loss=0.0014 Acc=100.0% | Test: Acc=92.0% | Best=92.3%(@4920)
  from x3: 0.89 0.92 0.92 0.92 0.92 0.92 0.92 0.92 0.92 0.92 0.92 0.92 0.92 0.92 0.92 0.92 0.92 0.92 0.92 0.92 0.92 0.92 0.92 0.92 0.92 0.92 0.92 0.92 0.92
  per-rule acc: 0.95 0.89
Epoch 5000 | Train: Loss=0.0016 Acc=100.0% | Test: Acc=91.4% | Best=92.3%(@4920)
  from x3: 0.88 0.92 0.92 0.92 0.92 0.92 0.92 0.92 0.92 0.92 0.92 0.92 0.92 0.92 0.92 0.92 0.92 0.92 0.92 0.92 0.92 0.92 0.92 0.92 0.92 0.92 0.92 0.92 0.92
  per-rule acc: 0.95 0.88
Epoch 5020 | Train: Loss=0.0017 Acc=100.0% | Test: Acc=91.7% | Best=92.3%(@4920)
  from x3: 0.87 0.92 0.92 0.92 0.92 0.92 0.92 0.92 0.92 0.92 0.92 0.92 0.92 0.92 0.92 0.92 0.92 0.92 0.92 0.92 0.92 0.92 0.92 0.92 0.92 0.92 0.92 0.92 0.92
  per-rule acc: 0.95 0.89
Epoch 5040 | Train: Loss=0.0016 Acc=100.0% | Test: Acc=91.4% | Best=92.3%(@4920)
  from x3: 0.87 0.92 0.92 0.92 0.92 0.92 0.92 0.92 0.92 0.92 0.92 0.92 0.92 0.92 0.92 0.92 0.92 0.92 0.92 0.92 0.92 0.92 0.92 0.92 0.92 0.92 0.92 0.92 0.92
  per-rule acc: 0.94 0.88
Epoch 5060 | Train: Loss=0.0015 Acc=100.0% | Test: Acc=90.9% | Best=92.3%(@4920)
  from x3: 0.86 0.91 0.91 0.91 0.91 0.91 0.91 0.91 0.91 0.91 0.91 0.91 0.91 0.91 0.91 0.91 0.91 0.91 0.91 0.91 0.91 0.91 0.91 0.91 0.91 0.91 0.91 0.91 0.91
  per-rule acc: 0.94 0.87
Epoch 5080 | Train: Loss=0.0011 Acc=100.0% | Test: Acc=91.9% | Best=92.3%(@4920)
  from x3: 0.88 0.92 0.92 0.92 0.92 0.92 0.92 0.92 0.92 0.92 0.92 0.92 0.92 0.92 0.92 0.92 0.92 0.92 0.92 0.92 0.92 0.92 0.92 0.92 0.92 0.92 0.92 0.92 0.92
  per-rule acc: 0.94 0.89
Epoch 5100 | Train: Loss=0.0014 Acc=100.0% | Test: Acc=91.1% | Best=92.3%(@4920)
  from x3: 0.87 0.91 0.91 0.91 0.91 0.91 0.91 0.91 0.91 0.91 0.91 0.91 0.91 0.91 0.91 0.91 0.91 0.91 0.91 0.91 0.91 0.91 0.91 0.91 0.91 0.91 0.91 0.91 0.91
  per-rule acc: 0.94 0.88
Epoch 5120 | Train: Loss=0.0015 Acc=100.0% | Test: Acc=91.0% | Best=92.3%(@4920)
  from x3: 0.87 0.91 0.91 0.91 0.91 0.91 0.91 0.91 0.91 0.91 0.91 0.91 0.91 0.91 0.91 0.91 0.91 0.91 0.91 0.91 0.91 0.91 0.91 0.91 0.91 0.91 0.91 0.91 0.91
  per-rule acc: 0.94 0.88
Epoch 5140 | Train: Loss=0.0015 Acc=100.0% | Test: Acc=91.1% | Best=92.3%(@4920)
  from x3: 0.87 0.91 0.91 0.91 0.91 0.91 0.91 0.91 0.91 0.91 0.91 0.91 0.91 0.91 0.91 0.91 0.91 0.91 0.91 0.91 0.91 0.91 0.91 0.91 0.91 0.91 0.91 0.91 0.91
  per-rule acc: 0.94 0.88
Epoch 5160 | Train: Loss=0.0015 Acc=100.0% | Test: Acc=90.9% | Best=92.3%(@4920)
  from x3: 0.87 0.91 0.91 0.91 0.91 0.91 0.91 0.91 0.91 0.91 0.91 0.91 0.91 0.91 0.91 0.91 0.91 0.91 0.91 0.91 0.91 0.91 0.91 0.91 0.91 0.91 0.91 0.91 0.91
  per-rule acc: 0.94 0.88
Epoch 5180 | Train: Loss=0.0133 Acc=99.9% | Test: Acc=83.8% | Best=92.3%(@4920)
  from x3: 0.79 0.84 0.84 0.84 0.84 0.84 0.84 0.84 0.84 0.84 0.84 0.84 0.84 0.84 0.84 0.84 0.84 0.84 0.84 0.84 0.84 0.84 0.84 0.84 0.84 0.84 0.84 0.84 0.84
  per-rule acc: 0.89 0.79
Epoch 5200 | Train: Loss=0.0012 Acc=100.0% | Test: Acc=91.2% | Best=92.3%(@4920)
  from x3: 0.88 0.92 0.91 0.91 0.91 0.91 0.91 0.91 0.91 0.91 0.91 0.91 0.91 0.91 0.91 0.91 0.91 0.91 0.91 0.91 0.91 0.91 0.91 0.91 0.91 0.91 0.91 0.91 0.91
  per-rule acc: 0.95 0.88
Epoch 5220 | Train: Loss=0.0015 Acc=100.0% | Test: Acc=91.0% | Best=92.3%(@4920)
  from x3: 0.87 0.91 0.91 0.91 0.91 0.91 0.91 0.91 0.91 0.91 0.91 0.91 0.91 0.91 0.91 0.91 0.91 0.91 0.91 0.91 0.91 0.91 0.91 0.91 0.91 0.91 0.91 0.91 0.91
  per-rule acc: 0.94 0.88
Epoch 5240 | Train: Loss=0.0015 Acc=100.0% | Test: Acc=91.4% | Best=92.3%(@4920)
  from x3: 0.87 0.92 0.91 0.91 0.91 0.91 0.91 0.91 0.91 0.91 0.91 0.91 0.92 0.92 0.92 0.92 0.92 0.92 0.92 0.92 0.92 0.92 0.92 0.92 0.92 0.92 0.92 0.92 0.92
  per-rule acc: 0.94 0.89
Epoch 5260 | Train: Loss=0.0015 Acc=100.0% | Test: Acc=90.9% | Best=92.3%(@4920)
  from x3: 0.87 0.91 0.91 0.91 0.91 0.91 0.91 0.91 0.91 0.91 0.91 0.91 0.91 0.91 0.91 0.91 0.91 0.91 0.91 0.91 0.91 0.91 0.91 0.91 0.91 0.91 0.91 0.91 0.91
  per-rule acc: 0.94 0.88
Epoch 5280 | Train: Loss=0.0073 Acc=99.9% | Test: Acc=84.6% | Best=92.3%(@4920)
  from x3: 0.79 0.85 0.85 0.85 0.85 0.85 0.85 0.85 0.85 0.85 0.85 0.85 0.85 0.85 0.85 0.85 0.85 0.85 0.85 0.85 0.85 0.85 0.85 0.85 0.85 0.85 0.85 0.85 0.85
  per-rule acc: 0.87 0.82
Epoch 5300 | Train: Loss=0.0012 Acc=100.0% | Test: Acc=91.5% | Best=92.3%(@4920)
  from x3: 0.88 0.92 0.92 0.92 0.92 0.92 0.92 0.92 0.92 0.92 0.92 0.92 0.92 0.92 0.92 0.92 0.92 0.92 0.92 0.92 0.92 0.92 0.92 0.92 0.92 0.92 0.91 0.92 0.92
  per-rule acc: 0.95 0.88
Epoch 5320 | Train: Loss=0.0015 Acc=100.0% | Test: Acc=91.0% | Best=92.3%(@4920)
  from x3: 0.87 0.91 0.91 0.91 0.91 0.91 0.91 0.91 0.91 0.91 0.91 0.91 0.91 0.91 0.91 0.91 0.91 0.91 0.91 0.91 0.91 0.91 0.91 0.91 0.91 0.91 0.91 0.91 0.91
  per-rule acc: 0.94 0.88
Epoch 5340 | Train: Loss=0.0016 Acc=100.0% | Test: Acc=91.5% | Best=92.3%(@4920)
  from x3: 0.87 0.92 0.92 0.92 0.92 0.92 0.92 0.92 0.92 0.92 0.92 0.92 0.92 0.92 0.92 0.92 0.92 0.92 0.92 0.92 0.92 0.92 0.92 0.92 0.92 0.92 0.92 0.92 0.92
  per-rule acc: 0.94 0.88
Epoch 5360 | Train: Loss=0.0015 Acc=100.0% | Test: Acc=91.1% | Best=92.3%(@4920)
  from x3: 0.87 0.91 0.91 0.91 0.91 0.91 0.91 0.91 0.91 0.91 0.91 0.91 0.91 0.91 0.91 0.91 0.91 0.91 0.91 0.91 0.91 0.91 0.91 0.91 0.91 0.91 0.91 0.91 0.91
  per-rule acc: 0.94 0.88
Epoch 5380 | Train: Loss=0.0758 Acc=99.3% | Test: Acc=72.5% | Best=92.3%(@4920)
  from x3: 0.63 0.73 0.73 0.73 0.73 0.73 0.73 0.73 0.73 0.73 0.73 0.73 0.73 0.73 0.73 0.73 0.73 0.73 0.73 0.73 0.73 0.73 0.73 0.73 0.73 0.73 0.73 0.73 0.73
  per-rule acc: 0.81 0.64
Epoch 5400 | Train: Loss=0.0012 Acc=100.0% | Test: Acc=92.0% | Best=92.3%(@4920)
  from x3: 0.89 0.92 0.92 0.92 0.92 0.92 0.92 0.92 0.92 0.92 0.92 0.92 0.92 0.92 0.92 0.92 0.92 0.92 0.92 0.92 0.92 0.92 0.92 0.92 0.92 0.92 0.92 0.92 0.92
  per-rule acc: 0.95 0.89
Epoch 5420 | Train: Loss=0.0014 Acc=100.0% | Test: Acc=91.1% | Best=92.3%(@4920)
  from x3: 0.87 0.92 0.91 0.91 0.91 0.91 0.91 0.91 0.91 0.91 0.91 0.91 0.91 0.91 0.91 0.91 0.91 0.91 0.91 0.91 0.91 0.91 0.91 0.91 0.91 0.91 0.91 0.91 0.91
  per-rule acc: 0.94 0.88
Epoch 5440 | Train: Loss=0.0015 Acc=100.0% | Test: Acc=91.3% | Best=92.3%(@4920)
  from x3: 0.87 0.92 0.91 0.91 0.91 0.91 0.92 0.91 0.91 0.91 0.91 0.91 0.91 0.91 0.91 0.91 0.91 0.91 0.91 0.91 0.91 0.92 0.92 0.91 0.92 0.92 0.92 0.92 0.92
  per-rule acc: 0.94 0.88
Epoch 5460 | Train: Loss=0.0116 Acc=99.9% | Test: Acc=83.4% | Best=92.3%(@4920)
  from x3: 0.77 0.84 0.84 0.84 0.84 0.84 0.84 0.84 0.84 0.84 0.84 0.84 0.84 0.84 0.84 0.84 0.84 0.84 0.84 0.84 0.84 0.84 0.84 0.84 0.84 0.84 0.84 0.84 0.84
  per-rule acc: 0.90 0.76
Epoch 5480 | Train: Loss=0.0012 Acc=100.0% | Test: Acc=91.5% | Best=92.3%(@4920)
  from x3: 0.89 0.92 0.92 0.92 0.92 0.92 0.92 0.92 0.92 0.92 0.92 0.92 0.92 0.92 0.92 0.92 0.92 0.92 0.92 0.92 0.92 0.92 0.92 0.92 0.92 0.92 0.92 0.92 0.92
  per-rule acc: 0.94 0.89
Epoch 5500 | Train: Loss=0.0014 Acc=100.0% | Test: Acc=91.0% | Best=92.3%(@4920)
  from x3: 0.87 0.91 0.91 0.91 0.91 0.91 0.91 0.91 0.91 0.91 0.91 0.91 0.91 0.91 0.91 0.91 0.91 0.91 0.91 0.91 0.91 0.91 0.91 0.91 0.91 0.91 0.91 0.91 0.91
  per-rule acc: 0.94 0.88
Epoch 5520 | Train: Loss=0.0016 Acc=100.0% | Test: Acc=91.3% | Best=92.3%(@4920)
  from x3: 0.87 0.92 0.91 0.91 0.91 0.91 0.91 0.91 0.91 0.91 0.91 0.91 0.91 0.91 0.91 0.91 0.91 0.91 0.91 0.91 0.91 0.91 0.91 0.91 0.91 0.91 0.91 0.91 0.91
  per-rule acc: 0.94 0.88
Epoch 5540 | Train: Loss=0.0015 Acc=100.0% | Test: Acc=91.1% | Best=92.3%(@4920)
  from x3: 0.87 0.91 0.91 0.91 0.91 0.91 0.91 0.91 0.91 0.91 0.91 0.91 0.91 0.91 0.91 0.91 0.91 0.91 0.91 0.91 0.91 0.91 0.91 0.91 0.91 0.91 0.91 0.91 0.91
  per-rule acc: 0.94 0.88
Epoch 5560 | Train: Loss=0.0157 Acc=99.8% | Test: Acc=81.0% | Best=92.3%(@4920)
  from x3: 0.75 0.81 0.81 0.81 0.81 0.81 0.81 0.81 0.81 0.81 0.81 0.81 0.81 0.81 0.81 0.81 0.81 0.81 0.81 0.81 0.81 0.81 0.81 0.81 0.81 0.81 0.81 0.81 0.81
  per-rule acc: 0.86 0.76
Epoch 5580 | Train: Loss=0.0012 Acc=100.0% | Test: Acc=91.4% | Best=92.3%(@4920)
  from x3: 0.87 0.92 0.92 0.92 0.92 0.92 0.91 0.92 0.91 0.91 0.91 0.91 0.91 0.91 0.91 0.91 0.91 0.92 0.92 0.92 0.92 0.92 0.91 0.91 0.91 0.91 0.91 0.91 0.91
  per-rule acc: 0.95 0.88
Epoch 5600 | Train: Loss=0.0015 Acc=100.0% | Test: Acc=91.2% | Best=92.3%(@4920)
  from x3: 0.86 0.92 0.91 0.91 0.91 0.91 0.91 0.91 0.91 0.91 0.91 0.91 0.91 0.91 0.91 0.91 0.91 0.91 0.91 0.91 0.91 0.91 0.91 0.91 0.91 0.91 0.91 0.91 0.91
  per-rule acc: 0.94 0.88
Epoch 5620 | Train: Loss=0.0015 Acc=100.0% | Test: Acc=91.3% | Best=92.3%(@4920)
  from x3: 0.87 0.92 0.92 0.92 0.92 0.92 0.91 0.91 0.91 0.91 0.91 0.91 0.91 0.91 0.91 0.91 0.91 0.91 0.91 0.91 0.91 0.91 0.92 0.92 0.92 0.92 0.91 0.92 0.91
  per-rule acc: 0.94 0.88
Epoch 5640 | Train: Loss=0.0013 Acc=100.0% | Test: Acc=91.7% | Best=92.3%(@4920)
  from x3: 0.88 0.92 0.92 0.92 0.92 0.92 0.92 0.92 0.92 0.92 0.92 0.92 0.92 0.92 0.92 0.92 0.92 0.92 0.92 0.92 0.92 0.92 0.92 0.92 0.92 0.92 0.92 0.92 0.92
  per-rule acc: 0.94 0.89
Epoch 5660 | Train: Loss=0.0014 Acc=100.0% | Test: Acc=91.2% | Best=92.3%(@4920)
  from x3: 0.87 0.91 0.91 0.91 0.91 0.91 0.91 0.91 0.91 0.91 0.91 0.91 0.91 0.91 0.91 0.91 0.91 0.91 0.91 0.91 0.91 0.91 0.91 0.91 0.91 0.91 0.91 0.91 0.91
  per-rule acc: 0.94 0.89
Epoch 5680 | Train: Loss=0.0016 Acc=100.0% | Test: Acc=91.0% | Best=92.3%(@4920)
  from x3: 0.87 0.91 0.91 0.91 0.91 0.91 0.91 0.91 0.91 0.91 0.91 0.91 0.91 0.91 0.91 0.91 0.91 0.91 0.91 0.91 0.91 0.91 0.91 0.91 0.91 0.91 0.91 0.91 0.91
  per-rule acc: 0.94 0.88
Epoch 5700 | Train: Loss=0.0016 Acc=100.0% | Test: Acc=90.8% | Best=92.3%(@4920)
  from x3: 0.86 0.91 0.91 0.91 0.91 0.91 0.91 0.91 0.91 0.91 0.91 0.91 0.91 0.91 0.91 0.91 0.91 0.91 0.91 0.91 0.91 0.91 0.91 0.91 0.91 0.91 0.91 0.91 0.91
  per-rule acc: 0.94 0.88
Epoch 5720 | Train: Loss=0.0015 Acc=100.0% | Test: Acc=90.5% | Best=92.3%(@4920)
  from x3: 0.85 0.91 0.91 0.91 0.91 0.91 0.91 0.91 0.91 0.91 0.91 0.91 0.91 0.91 0.91 0.91 0.91 0.91 0.91 0.91 0.91 0.91 0.91 0.91 0.91 0.91 0.91 0.91 0.91
  per-rule acc: 0.93 0.88
Epoch 5740 | Train: Loss=0.0014 Acc=100.0% | Test: Acc=90.4% | Best=92.3%(@4920)
  from x3: 0.85 0.90 0.90 0.91 0.91 0.91 0.91 0.91 0.91 0.91 0.91 0.91 0.91 0.91 0.91 0.91 0.91 0.91 0.91 0.91 0.91 0.91 0.91 0.91 0.91 0.91 0.91 0.91 0.91
  per-rule acc: 0.93 0.87
Epoch 5760 | Train: Loss=0.0012 Acc=100.0% | Test: Acc=91.3% | Best=92.3%(@4920)
  from x3: 0.88 0.92 0.91 0.91 0.91 0.91 0.91 0.91 0.91 0.91 0.91 0.91 0.91 0.91 0.91 0.91 0.91 0.91 0.91 0.91 0.91 0.91 0.91 0.91 0.91 0.91 0.91 0.91 0.91
  per-rule acc: 0.94 0.88
Epoch 5780 | Train: Loss=0.0013 Acc=100.0% | Test: Acc=91.0% | Best=92.3%(@4920)
  from x3: 0.87 0.91 0.91 0.91 0.91 0.91 0.91 0.91 0.91 0.91 0.91 0.91 0.91 0.91 0.91 0.91 0.91 0.91 0.91 0.91 0.91 0.91 0.91 0.91 0.91 0.91 0.91 0.91 0.91
  per-rule acc: 0.94 0.88
Epoch 5800 | Train: Loss=0.0015 Acc=100.0% | Test: Acc=90.6% | Best=92.3%(@4920)
  from x3: 0.86 0.91 0.91 0.91 0.91 0.91 0.91 0.91 0.91 0.91 0.91 0.91 0.91 0.91 0.91 0.91 0.91 0.91 0.91 0.91 0.91 0.91 0.91 0.91 0.91 0.91 0.91 0.91 0.91
  per-rule acc: 0.94 0.87
Epoch 5820 | Train: Loss=0.0015 Acc=100.0% | Test: Acc=91.3% | Best=92.3%(@4920)
  from x3: 0.86 0.91 0.91 0.91 0.91 0.91 0.92 0.92 0.92 0.92 0.92 0.92 0.92 0.92 0.92 0.92 0.92 0.92 0.92 0.92 0.92 0.91 0.91 0.91 0.91 0.91 0.91 0.91 0.91
  per-rule acc: 0.94 0.88
Epoch 5840 | Train: Loss=0.0014 Acc=100.0% | Test: Acc=90.8% | Best=92.3%(@4920)
  from x3: 0.86 0.91 0.91 0.91 0.91 0.91 0.91 0.91 0.91 0.91 0.91 0.91 0.91 0.91 0.91 0.91 0.91 0.91 0.91 0.91 0.91 0.91 0.91 0.91 0.91 0.91 0.91 0.91 0.91
  per-rule acc: 0.94 0.88
Epoch 5860 | Train: Loss=0.0013 Acc=100.0% | Test: Acc=89.8% | Best=92.3%(@4920)
  from x3: 0.86 0.90 0.90 0.90 0.90 0.90 0.90 0.90 0.90 0.90 0.90 0.90 0.90 0.90 0.90 0.90 0.90 0.90 0.90 0.90 0.90 0.90 0.90 0.90 0.90 0.90 0.90 0.90 0.90
  per-rule acc: 0.93 0.87
Epoch 5880 | Train: Loss=0.0013 Acc=100.0% | Test: Acc=90.2% | Best=92.3%(@4920)
  from x3: 0.86 0.91 0.90 0.90 0.90 0.90 0.90 0.90 0.90 0.90 0.90 0.90 0.90 0.90 0.90 0.90 0.90 0.90 0.90 0.90 0.90 0.90 0.90 0.90 0.90 0.90 0.90 0.90 0.90
  per-rule acc: 0.93 0.87
Epoch 5900 | Train: Loss=0.0014 Acc=100.0% | Test: Acc=90.4% | Best=92.3%(@4920)
  from x3: 0.86 0.91 0.91 0.91 0.91 0.91 0.90 0.91 0.91 0.91 0.91 0.91 0.91 0.90 0.90 0.90 0.90 0.90 0.91 0.91 0.91 0.91 0.91 0.91 0.91 0.91 0.91 0.91 0.91
  per-rule acc: 0.93 0.87
Epoch 5920 | Train: Loss=0.0015 Acc=100.0% | Test: Acc=90.4% | Best=92.3%(@4920)
  from x3: 0.85 0.91 0.91 0.91 0.91 0.91 0.91 0.91 0.91 0.91 0.91 0.91 0.91 0.91 0.91 0.91 0.91 0.91 0.91 0.91 0.91 0.91 0.91 0.91 0.91 0.91 0.91 0.91 0.91
  per-rule acc: 0.93 0.87
Epoch 5940 | Train: Loss=0.0014 Acc=100.0% | Test: Acc=90.4% | Best=92.3%(@4920)
  from x3: 0.85 0.91 0.91 0.91 0.91 0.91 0.91 0.91 0.91 0.91 0.91 0.91 0.91 0.91 0.91 0.91 0.91 0.91 0.91 0.91 0.91 0.91 0.91 0.91 0.91 0.91 0.91 0.91 0.91
  per-rule acc: 0.93 0.87
Epoch 5960 | Train: Loss=0.0012 Acc=100.0% | Test: Acc=90.4% | Best=92.3%(@4920)
  from x3: 0.87 0.91 0.91 0.91 0.91 0.91 0.91 0.91 0.91 0.91 0.91 0.91 0.91 0.90 0.91 0.90 0.90 0.90 0.90 0.90 0.90 0.90 0.90 0.90 0.90 0.90 0.90 0.90 0.90
  per-rule acc: 0.94 0.87
Epoch 5980 | Train: Loss=0.0013 Acc=100.0% | Test: Acc=90.6% | Best=92.3%(@4920)
  from x3: 0.86 0.91 0.91 0.91 0.91 0.91 0.91 0.91 0.91 0.91 0.91 0.91 0.91 0.91 0.91 0.91 0.91 0.91 0.91 0.91 0.91 0.91 0.91 0.91 0.91 0.91 0.91 0.91 0.91
  per-rule acc: 0.94 0.87
Epoch 6000 | Train: Loss=0.0014 Acc=100.0% | Test: Acc=90.6% | Best=92.3%(@4920)
  from x3: 0.86 0.91 0.91 0.91 0.91 0.91 0.91 0.91 0.91 0.91 0.91 0.91 0.91 0.91 0.91 0.91 0.91 0.91 0.91 0.91 0.91 0.91 0.91 0.91 0.91 0.91 0.91 0.91 0.91
  per-rule acc: 0.94 0.88
Epoch 6020 | Train: Loss=0.0014 Acc=100.0% | Test: Acc=90.6% | Best=92.3%(@4920)
  from x3: 0.85 0.91 0.91 0.91 0.91 0.91 0.91 0.91 0.91 0.91 0.91 0.91 0.91 0.91 0.91 0.91 0.91 0.91 0.91 0.91 0.91 0.91 0.91 0.91 0.91 0.91 0.91 0.91 0.91
  per-rule acc: 0.94 0.88
Epoch 6040 | Train: Loss=0.0014 Acc=100.0% | Test: Acc=90.1% | Best=92.3%(@4920)
  from x3: 0.85 0.91 0.90 0.90 0.90 0.90 0.90 0.90 0.90 0.90 0.90 0.90 0.90 0.90 0.90 0.90 0.90 0.90 0.90 0.90 0.90 0.90 0.90 0.90 0.90 0.90 0.90 0.90 0.90
  per-rule acc: 0.93 0.87
Epoch 6060 | Train: Loss=0.0024 Acc=100.0% | Test: Acc=85.5% | Best=92.3%(@4920)
  from x3: 0.81 0.85 0.86 0.86 0.86 0.86 0.86 0.86 0.86 0.86 0.86 0.86 0.86 0.86 0.86 0.86 0.86 0.86 0.86 0.86 0.86 0.86 0.86 0.86 0.86 0.86 0.86 0.86 0.86
  per-rule acc: 0.90 0.81
Epoch 6080 | Train: Loss=0.0012 Acc=100.0% | Test: Acc=90.2% | Best=92.3%(@4920)
  from x3: 0.86 0.90 0.90 0.90 0.90 0.90 0.90 0.90 0.90 0.90 0.90 0.90 0.90 0.90 0.90 0.90 0.90 0.90 0.90 0.90 0.90 0.90 0.90 0.90 0.90 0.90 0.90 0.90 0.90
  per-rule acc: 0.93 0.87
Epoch 6100 | Train: Loss=0.0014 Acc=100.0% | Test: Acc=90.0% | Best=92.3%(@4920)
  from x3: 0.86 0.90 0.90 0.90 0.90 0.90 0.90 0.90 0.90 0.90 0.90 0.90 0.90 0.90 0.90 0.90 0.90 0.90 0.90 0.90 0.90 0.90 0.90 0.90 0.90 0.90 0.90 0.90 0.90
  per-rule acc: 0.93 0.87
Epoch 6120 | Train: Loss=0.0014 Acc=100.0% | Test: Acc=90.4% | Best=92.3%(@4920)
  from x3: 0.85 0.90 0.91 0.91 0.91 0.91 0.91 0.91 0.91 0.91 0.91 0.91 0.91 0.91 0.91 0.91 0.91 0.91 0.91 0.91 0.91 0.91 0.91 0.91 0.91 0.91 0.90 0.91 0.90
  per-rule acc: 0.93 0.87
Epoch 6140 | Train: Loss=0.0014 Acc=100.0% | Test: Acc=90.2% | Best=92.3%(@4920)
  from x3: 0.85 0.90 0.90 0.90 0.90 0.90 0.90 0.90 0.90 0.90 0.90 0.90 0.90 0.90 0.90 0.90 0.90 0.90 0.90 0.90 0.90 0.90 0.90 0.90 0.90 0.90 0.90 0.90 0.90
  per-rule acc: 0.93 0.87
Epoch 6160 | Train: Loss=0.0030 Acc=100.0% | Test: Acc=87.4% | Best=92.3%(@4920)
  from x3: 0.83 0.88 0.88 0.88 0.88 0.88 0.88 0.88 0.88 0.88 0.88 0.88 0.88 0.88 0.88 0.88 0.88 0.88 0.88 0.88 0.88 0.88 0.88 0.88 0.88 0.88 0.88 0.88 0.88
  per-rule acc: 0.91 0.84
Epoch 6180 | Train: Loss=0.0013 Acc=100.0% | Test: Acc=90.7% | Best=92.3%(@4920)
  from x3: 0.87 0.91 0.91 0.91 0.91 0.91 0.91 0.91 0.91 0.91 0.91 0.91 0.91 0.91 0.91 0.91 0.91 0.91 0.91 0.91 0.91 0.91 0.91 0.91 0.91 0.91 0.91 0.91 0.91
  per-rule acc: 0.94 0.88
Epoch 6200 | Train: Loss=0.0014 Acc=100.0% | Test: Acc=90.4% | Best=92.3%(@4920)
  from x3: 0.85 0.91 0.90 0.90 0.90 0.90 0.90 0.90 0.90 0.90 0.90 0.90 0.91 0.90 0.90 0.90 0.90 0.90 0.91 0.91 0.91 0.91 0.91 0.91 0.91 0.91 0.91 0.91 0.91
  per-rule acc: 0.93 0.87
Epoch 6220 | Train: Loss=0.0015 Acc=100.0% | Test: Acc=90.5% | Best=92.3%(@4920)
  from x3: 0.85 0.91 0.91 0.91 0.91 0.91 0.91 0.91 0.91 0.91 0.91 0.91 0.91 0.91 0.91 0.91 0.91 0.91 0.91 0.91 0.91 0.91 0.91 0.91 0.91 0.91 0.91 0.91 0.91
  per-rule acc: 0.94 0.88
Epoch 6240 | Train: Loss=0.0164 Acc=99.8% | Test: Acc=78.2% | Best=92.3%(@4920)
  from x3: 0.71 0.79 0.78 0.78 0.78 0.78 0.78 0.78 0.78 0.78 0.78 0.78 0.78 0.78 0.78 0.78 0.78 0.78 0.78 0.78 0.78 0.78 0.78 0.78 0.78 0.78 0.78 0.78 0.78
  per-rule acc: 0.83 0.73
Epoch 6260 | Train: Loss=0.0013 Acc=100.0% | Test: Acc=91.1% | Best=92.3%(@4920)
  from x3: 0.87 0.91 0.91 0.91 0.91 0.91 0.91 0.91 0.91 0.91 0.91 0.91 0.91 0.91 0.91 0.91 0.91 0.91 0.91 0.91 0.91 0.91 0.91 0.91 0.91 0.91 0.91 0.91 0.91
  per-rule acc: 0.94 0.88
Epoch 6280 | Train: Loss=0.0014 Acc=100.0% | Test: Acc=90.5% | Best=92.3%(@4920)
  from x3: 0.86 0.91 0.91 0.91 0.91 0.91 0.91 0.91 0.91 0.91 0.91 0.91 0.91 0.91 0.91 0.91 0.91 0.91 0.91 0.91 0.91 0.91 0.91 0.91 0.91 0.91 0.91 0.91 0.91
  per-rule acc: 0.93 0.88
Epoch 6300 | Train: Loss=0.0015 Acc=100.0% | Test: Acc=90.2% | Best=92.3%(@4920)
  from x3: 0.86 0.91 0.90 0.90 0.90 0.90 0.90 0.90 0.90 0.90 0.90 0.90 0.90 0.90 0.90 0.90 0.90 0.90 0.90 0.90 0.90 0.90 0.90 0.90 0.90 0.90 0.90 0.90 0.90
  per-rule acc: 0.93 0.87
Epoch 6320 | Train: Loss=0.0015 Acc=100.0% | Test: Acc=90.0% | Best=92.3%(@4920)
  from x3: 0.85 0.90 0.90 0.90 0.90 0.90 0.90 0.90 0.90 0.90 0.90 0.90 0.90 0.90 0.90 0.90 0.90 0.90 0.90 0.90 0.90 0.90 0.90 0.90 0.90 0.90 0.90 0.90 0.90
  per-rule acc: 0.93 0.87
Epoch 6340 | Train: Loss=0.0085 Acc=99.9% | Test: Acc=82.6% | Best=92.3%(@4920)
  from x3: 0.77 0.83 0.83 0.83 0.83 0.83 0.83 0.83 0.83 0.83 0.83 0.83 0.83 0.83 0.83 0.83 0.83 0.83 0.83 0.83 0.83 0.83 0.83 0.83 0.83 0.83 0.83 0.83 0.83
  per-rule acc: 0.88 0.77
Epoch 6360 | Train: Loss=0.0013 Acc=100.0% | Test: Acc=90.3% | Best=92.3%(@4920)
  from x3: 0.86 0.90 0.90 0.90 0.90 0.90 0.90 0.90 0.90 0.90 0.90 0.90 0.90 0.90 0.90 0.90 0.90 0.90 0.90 0.90 0.90 0.90 0.90 0.90 0.90 0.90 0.90 0.90 0.90
  per-rule acc: 0.93 0.87
Epoch 6380 | Train: Loss=0.0014 Acc=100.0% | Test: Acc=89.9% | Best=92.3%(@4920)
  from x3: 0.85 0.90 0.90 0.90 0.90 0.90 0.90 0.90 0.90 0.90 0.90 0.90 0.90 0.90 0.90 0.90 0.90 0.90 0.90 0.90 0.90 0.90 0.90 0.90 0.90 0.90 0.90 0.90 0.90
  per-rule acc: 0.93 0.87
Epoch 6400 | Train: Loss=0.0015 Acc=100.0% | Test: Acc=90.1% | Best=92.3%(@4920)
  from x3: 0.85 0.90 0.90 0.90 0.90 0.90 0.90 0.90 0.90 0.90 0.90 0.90 0.90 0.90 0.90 0.90 0.90 0.90 0.90 0.90 0.90 0.90 0.90 0.90 0.90 0.90 0.90 0.90 0.90
  per-rule acc: 0.93 0.87
Epoch 6420 | Train: Loss=0.0014 Acc=100.0% | Test: Acc=89.8% | Best=92.3%(@4920)
  from x3: 0.85 0.90 0.90 0.90 0.90 0.90 0.90 0.90 0.90 0.90 0.90 0.90 0.90 0.90 0.90 0.90 0.90 0.90 0.90 0.90 0.90 0.90 0.90 0.90 0.90 0.90 0.90 0.90 0.90
  per-rule acc: 0.93 0.87
Epoch 6440 | Train: Loss=0.0014 Acc=100.0% | Test: Acc=89.6% | Best=92.3%(@4920)
  from x3: 0.84 0.90 0.90 0.90 0.90 0.90 0.90 0.90 0.90 0.90 0.90 0.90 0.90 0.90 0.90 0.90 0.90 0.90 0.90 0.90 0.90 0.90 0.90 0.90 0.90 0.90 0.90 0.90 0.90
  per-rule acc: 0.93 0.86
Epoch 6460 | Train: Loss=0.0013 Acc=100.0% | Test: Acc=88.8% | Best=92.3%(@4920)
  from x3: 0.83 0.89 0.89 0.89 0.89 0.89 0.89 0.89 0.89 0.89 0.89 0.89 0.89 0.89 0.89 0.89 0.89 0.89 0.89 0.89 0.89 0.89 0.89 0.89 0.89 0.89 0.89 0.89 0.89
  per-rule acc: 0.93 0.85
Epoch 6480 | Train: Loss=0.0109 Acc=99.9% | Test: Acc=79.7% | Best=92.3%(@4920)
  from x3: 0.74 0.80 0.80 0.80 0.80 0.80 0.80 0.80 0.80 0.80 0.80 0.80 0.80 0.80 0.80 0.80 0.80 0.80 0.80 0.80 0.80 0.80 0.80 0.80 0.80 0.80 0.80 0.80 0.80
  per-rule acc: 0.84 0.75
Epoch 6500 | Train: Loss=0.0011 Acc=100.0% | Test: Acc=89.8% | Best=92.3%(@4920)
  from x3: 0.85 0.90 0.90 0.90 0.90 0.90 0.90 0.90 0.90 0.90 0.90 0.90 0.90 0.90 0.90 0.90 0.90 0.90 0.90 0.90 0.90 0.90 0.90 0.90 0.90 0.90 0.90 0.90 0.90
  per-rule acc: 0.93 0.87
Epoch 6520 | Train: Loss=0.0012 Acc=100.0% | Test: Acc=89.3% | Best=92.3%(@4920)
  from x3: 0.85 0.90 0.89 0.89 0.89 0.89 0.89 0.89 0.89 0.89 0.89 0.89 0.89 0.89 0.89 0.89 0.89 0.89 0.89 0.89 0.89 0.89 0.89 0.89 0.89 0.89 0.89 0.90 0.89
  per-rule acc: 0.92 0.86
Epoch 6540 | Train: Loss=0.0013 Acc=100.0% | Test: Acc=89.8% | Best=92.3%(@4920)
  from x3: 0.84 0.90 0.90 0.90 0.90 0.90 0.90 0.90 0.90 0.90 0.90 0.90 0.90 0.90 0.90 0.90 0.90 0.90 0.90 0.90 0.90 0.90 0.90 0.90 0.90 0.90 0.90 0.90 0.90
  per-rule acc: 0.93 0.87
Epoch 6560 | Train: Loss=0.0013 Acc=100.0% | Test: Acc=89.8% | Best=92.3%(@4920)
  from x3: 0.84 0.90 0.90 0.90 0.90 0.90 0.90 0.90 0.90 0.90 0.90 0.90 0.90 0.90 0.90 0.90 0.90 0.90 0.90 0.90 0.90 0.90 0.90 0.90 0.90 0.90 0.90 0.90 0.90
  per-rule acc: 0.93 0.86
Epoch 6580 | Train: Loss=0.0013 Acc=100.0% | Test: Acc=89.5% | Best=92.3%(@4920)
  from x3: 0.83 0.90 0.90 0.90 0.90 0.90 0.90 0.90 0.90 0.90 0.90 0.90 0.90 0.90 0.90 0.90 0.90 0.90 0.90 0.90 0.90 0.90 0.90 0.90 0.90 0.90 0.90 0.90 0.90
  per-rule acc: 0.93 0.86
Epoch 6600 | Train: Loss=0.0012 Acc=100.0% | Test: Acc=89.0% | Best=92.3%(@4920)
  from x3: 0.83 0.89 0.89 0.89 0.89 0.89 0.89 0.89 0.89 0.89 0.89 0.89 0.89 0.89 0.89 0.89 0.89 0.89 0.89 0.89 0.89 0.89 0.89 0.89 0.89 0.89 0.89 0.89 0.89
  per-rule acc: 0.92 0.86
Epoch 6620 | Train: Loss=0.0012 Acc=100.0% | Test: Acc=88.2% | Best=92.3%(@4920)
  from x3: 0.85 0.88 0.88 0.88 0.88 0.88 0.88 0.88 0.88 0.88 0.88 0.88 0.88 0.88 0.88 0.88 0.88 0.88 0.88 0.88 0.88 0.88 0.88 0.88 0.88 0.88 0.88 0.88 0.88
  per-rule acc: 0.91 0.85
Epoch 6640 | Train: Loss=0.0012 Acc=100.0% | Test: Acc=89.3% | Best=92.3%(@4920)
  from x3: 0.85 0.90 0.89 0.89 0.89 0.89 0.89 0.89 0.89 0.89 0.89 0.89 0.89 0.89 0.90 0.90 0.90 0.90 0.90 0.90 0.90 0.90 0.89 0.90 0.89 0.89 0.89 0.89 0.89
  per-rule acc: 0.92 0.86
Epoch 6660 | Train: Loss=0.0013 Acc=100.0% | Test: Acc=89.1% | Best=92.3%(@4920)
  from x3: 0.85 0.89 0.89 0.89 0.89 0.89 0.89 0.89 0.89 0.89 0.89 0.89 0.89 0.89 0.89 0.89 0.89 0.89 0.89 0.89 0.89 0.89 0.89 0.89 0.89 0.89 0.89 0.89 0.89
  per-rule acc: 0.92 0.86
Epoch 6680 | Train: Loss=0.0013 Acc=100.0% | Test: Acc=89.0% | Best=92.3%(@4920)
  from x3: 0.84 0.90 0.89 0.89 0.89 0.89 0.89 0.89 0.89 0.89 0.89 0.89 0.89 0.89 0.89 0.89 0.89 0.89 0.89 0.89 0.89 0.89 0.89 0.89 0.89 0.89 0.89 0.89 0.89
  per-rule acc: 0.92 0.86
Epoch 6700 | Train: Loss=0.0013 Acc=100.0% | Test: Acc=89.3% | Best=92.3%(@4920)
  from x3: 0.83 0.90 0.89 0.89 0.89 0.89 0.89 0.89 0.89 0.89 0.89 0.89 0.89 0.89 0.89 0.89 0.89 0.89 0.89 0.89 0.89 0.89 0.89 0.89 0.89 0.89 0.89 0.90 0.89
  per-rule acc: 0.92 0.86
Epoch 6720 | Train: Loss=0.0013 Acc=100.0% | Test: Acc=89.0% | Best=92.3%(@4920)
  from x3: 0.83 0.89 0.89 0.89 0.89 0.89 0.89 0.89 0.89 0.89 0.89 0.89 0.89 0.89 0.89 0.89 0.89 0.89 0.89 0.89 0.89 0.89 0.89 0.89 0.89 0.89 0.89 0.89 0.89
  per-rule acc: 0.93 0.85
Epoch 6740 | Train: Loss=0.0012 Acc=100.0% | Test: Acc=88.5% | Best=92.3%(@4920)
  from x3: 0.82 0.89 0.89 0.89 0.89 0.89 0.89 0.89 0.89 0.89 0.89 0.89 0.89 0.89 0.89 0.89 0.89 0.89 0.89 0.89 0.89 0.89 0.89 0.89 0.89 0.89 0.89 0.89 0.89
  per-rule acc: 0.92 0.85
Epoch 6760 | Train: Loss=0.0037 Acc=100.0% | Test: Acc=83.1% | Best=92.3%(@4920)
  from x3: 0.79 0.84 0.83 0.83 0.83 0.83 0.83 0.83 0.83 0.83 0.83 0.83 0.83 0.83 0.83 0.83 0.83 0.83 0.83 0.83 0.83 0.83 0.83 0.83 0.83 0.83 0.83 0.83 0.83
  per-rule acc: 0.88 0.78
Epoch 6780 | Train: Loss=0.0011 Acc=100.0% | Test: Acc=90.0% | Best=92.3%(@4920)
  from x3: 0.85 0.90 0.90 0.90 0.90 0.90 0.90 0.90 0.90 0.90 0.90 0.90 0.90 0.90 0.90 0.90 0.90 0.90 0.90 0.90 0.90 0.90 0.90 0.90 0.90 0.90 0.90 0.90 0.90
  per-rule acc: 0.93 0.87
Epoch 6800 | Train: Loss=0.0012 Acc=100.0% | Test: Acc=89.5% | Best=92.3%(@4920)
  from x3: 0.85 0.90 0.90 0.90 0.90 0.90 0.90 0.90 0.90 0.90 0.90 0.90 0.90 0.90 0.90 0.90 0.90 0.90 0.90 0.90 0.90 0.90 0.90 0.90 0.90 0.90 0.90 0.90 0.90
  per-rule acc: 0.93 0.86
Epoch 6820 | Train: Loss=0.0013 Acc=100.0% | Test: Acc=89.1% | Best=92.3%(@4920)
  from x3: 0.84 0.90 0.89 0.89 0.89 0.89 0.89 0.89 0.89 0.89 0.89 0.89 0.89 0.89 0.89 0.89 0.89 0.89 0.89 0.89 0.89 0.89 0.89 0.89 0.89 0.89 0.89 0.89 0.89
  per-rule acc: 0.93 0.86
Epoch 6840 | Train: Loss=0.0013 Acc=100.0% | Test: Acc=89.2% | Best=92.3%(@4920)
  from x3: 0.84 0.90 0.89 0.89 0.89 0.89 0.89 0.89 0.89 0.89 0.89 0.89 0.89 0.89 0.89 0.89 0.89 0.89 0.89 0.89 0.89 0.89 0.89 0.89 0.89 0.89 0.89 0.89 0.89
  per-rule acc: 0.93 0.86
Epoch 6860 | Train: Loss=0.0015 Acc=100.0% | Test: Acc=88.4% | Best=92.3%(@4920)
  from x3: 0.83 0.89 0.89 0.89 0.89 0.89 0.89 0.89 0.89 0.89 0.89 0.89 0.89 0.89 0.89 0.89 0.89 0.89 0.89 0.89 0.89 0.89 0.89 0.89 0.89 0.89 0.89 0.89 0.89
  per-rule acc: 0.92 0.85
Epoch 6880 | Train: Loss=0.0012 Acc=100.0% | Test: Acc=89.7% | Best=92.3%(@4920)
  from x3: 0.85 0.90 0.90 0.90 0.90 0.90 0.90 0.90 0.90 0.90 0.90 0.90 0.90 0.90 0.90 0.90 0.90 0.90 0.90 0.90 0.90 0.90 0.90 0.90 0.90 0.90 0.90 0.90 0.90
  per-rule acc: 0.93 0.86
Epoch 6900 | Train: Loss=0.0013 Acc=100.0% | Test: Acc=89.4% | Best=92.3%(@4920)
  from x3: 0.84 0.90 0.89 0.90 0.90 0.90 0.90 0.90 0.90 0.90 0.90 0.90 0.90 0.90 0.90 0.90 0.90 0.90 0.90 0.90 0.90 0.90 0.90 0.90 0.90 0.90 0.90 0.90 0.90
  per-rule acc: 0.92 0.86
Epoch 6920 | Train: Loss=0.0013 Acc=100.0% | Test: Acc=89.4% | Best=92.3%(@4920)
  from x3: 0.84 0.90 0.90 0.90 0.90 0.90 0.90 0.90 0.90 0.90 0.90 0.90 0.90 0.90 0.90 0.90 0.90 0.90 0.90 0.90 0.90 0.90 0.90 0.90 0.90 0.90 0.90 0.90 0.90
  per-rule acc: 0.93 0.86
[Early stop] No improvement for 2000 consecutive epochs

==================================================
Saving model...
[OK] Model saved to: /home/cxm/ai/test0625-basic2/models/mixed_basic_d512l2_r4_t32.pth
  File size: 25306.2 KB
  Best test accuracy: 92.34%

==================================================
Final generation test (given first two items, AB generates 3rd as prompt, validate from 4th)
==================================================

--- AB pair 1: (1, 1) ---

--- Statistics for AB=(1,1) ---
Exposed    samples:  1405 | In-dist: 40397/40745 ( 99.1%) | OOD: 44588/44960 ( 99.2%)
Unexposed  samples:  1404 | In-dist: 23010/40716 ( 56.5%) | OOD: 18231/44928 ( 40.6%)

--- AB pair 2: (1, 2) ---

--- Statistics for AB=(1,2) ---
Exposed    samples:  1405 | In-dist: 40633/40745 ( 99.7%) | OOD: 44836/44960 ( 99.7%)
Unexposed  samples:  1404 | In-dist: 21263/40716 ( 52.2%) | OOD: 17656/44928 ( 39.3%)

--- Return code: 0 ---

======================================================================
Attention Analysis
======================================================================
Model config: addition (default), p=53
Best test accuracy: 0.9233839276942726
Training epochs: 6920

Random test sequence 1/5 (length 64): [39, 28, 14, 42, 3, 45, 48, 40, 35, 22, 4, 26, 30, 3, 33, 36, 16, 52, 15, 14]...

======================================================================
Attention Layer Training Result Summary
======================================================================
Input sequence: [39, 28, 14, 42, 3, 45, 48, 40, 35, 22, 4, 26, 30, 3, 33, 36, 16, 52, 15, 14, 29, 43, 19, 9, 28, 37, 12, 49, 8, 4, 12, 16, 28, 44, 19, 10, 29, 39, 15, 1, 16, 17, 33, 50, 30, 27, 4, 31, 35, 13, 48, 8, 3, 11, 14, 25, 39, 11, 50, 8, 5, 13, 18, 31]

--- Layer 0 ---
  Head 0: Entropy=0.456
    Attention coefficients from each query position to previous positions:
      i= 0 -> j=0:1.000
      i= 1 -> j=0:0.906, j=1:0.094
      i= 2 -> j=0:0.070, j=1:0.875, j=2:0.055
      i= 3 -> j=0:0.000, j=1:0.057, j=2:0.894, j=3:0.048
      i= 4 -> j=0:0.000, j=1:0.000, j=2:0.091, j=3:0.822, j=4:0.087
      i= 5 -> j=0:0.000, j=1:0.000, j=2:0.000, j=3:0.052, j=4:0.905, j=5:0.043
      i= 6 -> j=0:0.000, j=1:0.000, j=2:0.000, j=3:0.000, j=4:0.046, j=5:0.909, j=6:0.045
      i= 7 -> j=0:0.000, j=1:0.000, j=2:0.000, j=3:0.000, j=4:0.000, j=5:0.086, j=6:0.871, j=7:0.043
      i= 8 -> j=0:0.000, j=1:0.000, j=2:0.000, j=3:0.000, j=4:0.000, j=5:0.000, j=6:0.091, j=7:0.836, j=8:0.073
      i= 9 -> j=0:0.000, j=1:0.000, j=2:0.000, j=3:0.000, j=4:0.000, j=5:0.000, j=6:0.000, j=7:0.063, j=8:0.898, j=9:0.039
      i=10 -> j=0:0.000, j=1:0.000, j=2:0.000, j=3:0.000, j=4:0.000, j=5:0.000, j=6:0.000, j=7:0.000, j=8:0.098, j=9:0.805, j=10:0.097
      i=11 -> j=0:0.000, j=1:0.000, j=2:0.000, j=3:0.000, j=4:0.000, j=5:0.000, j=6:0.000, j=7:0.000, j=8:0.000, j=9:0.048, j=10:0.899, j=11:0.053
      i=12 -> j=0:0.000, j=1:0.000, j=2:0.000, j=3:0.000, j=4:0.000, j=5:0.000, j=6:0.000, j=7:0.000, j=8:0.000, j=9:0.000, j=10:0.090, j=11:0.852, j=12:0.058
      i=13 -> j=0:0.000, j=1:0.000, j=2:0.000, j=3:0.000, j=4:0.000, j=5:0.000, j=6:0.000, j=7:0.000, j=8:0.000, j=9:0.000, j=10:0.000, j=11:0.084, j=12:0.851, j=13:0.065
      i=14 -> j=0:0.000, j=1:0.000, j=2:0.000, j=3:0.000, j=4:0.000, j=5:0.000, j=6:0.000, j=7:0.000, j=8:0.000, j=9:0.000, j=10:0.000, j=11:0.000, j=12:0.036, j=13:0.924, j=14:0.040
      i=15 -> j=0:0.000, j=1:0.000, j=2:0.000, j=3:0.000, j=4:0.000, j=5:0.000, j=6:0.000, j=7:0.000, j=8:0.000, j=9:0.000, j=10:0.000, j=11:0.000, j=12:0.000, j=13:0.105, j=14:0.834, j=15:0.061
      i=16 -> j=0:0.000, j=1:0.000, j=2:0.000, j=3:0.000, j=4:0.000, j=5:0.000, j=6:0.000, j=7:0.000, j=8:0.000, j=9:0.000, j=10:0.000, j=11:0.000, j=12:0.000, j=13:0.000, j=14:0.069, j=15:0.877, j=16:0.054
      i=17 -> j=0:0.000, j=1:0.000, j=2:0.000, j=3:0.000, j=4:0.000, j=5:0.000, j=6:0.000, j=7:0.000, j=8:0.000, j=9:0.000, j=10:0.000, j=11:0.000, j=12:0.000, j=13:0.000, j=14:0.000, j=15:0.058, j=16:0.879, j=17:0.064
      i=18 -> j=0:0.000, j=1:0.000, j=2:0.000, j=3:0.000, j=4:0.000, j=5:0.000, j=6:0.000, j=7:0.000, j=8:0.000, j=9:0.000, j=10:0.000, j=11:0.000, j=12:0.000, j=13:0.000, j=14:0.000, j=15:0.000, j=16:0.046, j=17:0.906, j=18:0.049
      i=19 -> j=0:0.000, j=1:0.000, j=2:0.000, j=3:0.000, j=4:0.000, j=5:0.000, j=6:0.000, j=7:0.000, j=8:0.000, j=9:0.000, j=10:0.000, j=11:0.000, j=12:0.000, j=13:0.000, j=14:0.000, j=15:0.000, j=16:0.000, j=17:0.110, j=18:0.840, j=19:0.050
      i=20 -> j=0:0.000, j=1:0.000, j=2:0.000, j=3:0.000, j=4:0.000, j=5:0.000, j=6:0.000, j=7:0.000, j=8:0.000, j=9:0.000, j=10:0.000, j=11:0.000, j=12:0.000, j=13:0.000, j=14:0.000, j=15:0.000, j=16:0.000, j=17:0.000, j=18:0.068, j=19:0.870, j=20:0.062
      i=21 -> j=0:0.000, j=1:0.000, j=2:0.000, j=3:0.000, j=4:0.000, j=5:0.000, j=6:0.000, j=7:0.000, j=8:0.000, j=9:0.000, j=10:0.000, j=11:0.000, j=12:0.000, j=13:0.000, j=14:0.000, j=15:0.000, j=16:0.000, j=17:0.000, j=18:0.000, j=19:0.066, j=20:0.868, j=21:0.066
      i=22 -> j=0:0.000, j=1:0.000, j=2:0.000, j=3:0.000, j=4:0.000, j=5:0.000, j=6:0.000, j=7:0.000, j=8:0.000, j=9:0.000, j=10:0.000, j=11:0.000, j=12:0.000, j=13:0.000, j=14:0.000, j=15:0.000, j=16:0.000, j=17:0.000, j=18:0.000, j=19:0.000, j=20:0.064, j=21:0.891, j=22:0.045
      i=23 -> j=0:0.000, j=1:0.000, j=2:0.000, j=3:0.000, j=4:0.000, j=5:0.000, j=6:0.000, j=7:0.000, j=8:0.000, j=9:0.000, j=10:0.000, j=11:0.000, j=12:0.000, j=13:0.000, j=14:0.000, j=15:0.000, j=16:0.000, j=17:0.000, j=18:0.000, j=19:0.000, j=20:0.000, j=21:0.080, j=22:0.870, j=23:0.050
      i=24 -> j=0:0.000, j=1:0.000, j=2:0.000, j=3:0.000, j=4:0.000, j=5:0.000, j=6:0.000, j=7:0.000, j=8:0.000, j=9:0.000, j=10:0.000, j=11:0.000, j=12:0.000, j=13:0.000, j=14:0.000, j=15:0.000, j=16:0.000, j=17:0.000, j=18:0.000, j=19:0.000, j=20:0.000, j=21:0.000, j=22:0.060, j=23:0.865, j=24:0.075
      i=25 -> j=0:0.000, j=1:0.000, j=2:0.000, j=3:0.000, j=4:0.000, j=5:0.000, j=6:0.000, j=7:0.000, j=8:0.000, j=9:0.000, j=10:0.000, j=11:0.000, j=12:0.000, j=13:0.000, j=14:0.000, j=15:0.000, j=16:0.000, j=17:0.000, j=18:0.000, j=19:0.000, j=20:0.000, j=21:0.000, j=22:0.000, j=23:0.070, j=24:0.868, j=25:0.061
      i=26 -> j=0:0.000, j=1:0.000, j=2:0.000, j=3:0.000, j=4:0.000, j=5:0.000, j=6:0.000, j=7:0.000, j=8:0.000, j=9:0.000, j=10:0.000, j=11:0.000, j=12:0.000, j=13:0.000, j=14:0.000, j=15:0.000, j=16:0.000, j=17:0.000, j=18:0.000, j=19:0.000, j=20:0.000, j=21:0.000, j=22:0.000, j=23:0.000, j=24:0.061, j=25:0.889, j=26:0.050
      i=27 -> j=0:0.000, j=1:0.000, j=2:0.000, j=3:0.000, j=4:0.000, j=5:0.000, j=6:0.000, j=7:0.000, j=8:0.000, j=9:0.000, j=10:0.000, j=11:0.000, j=12:0.000, j=13:0.000, j=14:0.000, j=15:0.000, j=16:0.000, j=17:0.000, j=18:0.000, j=19:0.000, j=20:0.000, j=21:0.000, j=22:0.000, j=23:0.000, j=24:0.000, j=25:0.071, j=26:0.883, j=27:0.046
      i=28 -> j=0:0.000, j=1:0.000, j=2:0.000, j=3:0.000, j=4:0.000, j=5:0.000, j=6:0.000, j=7:0.000, j=8:0.000, j=9:0.000, j=10:0.000, j=11:0.000, j=12:0.000, j=13:0.000, j=14:0.000, j=15:0.000, j=16:0.000, j=17:0.000, j=18:0.000, j=19:0.000, j=20:0.000, j=21:0.000, j=22:0.000, j=23:0.000, j=24:0.000, j=25:0.000, j=26:0.087, j=27:0.849, j=28:0.064
      i=29 -> j=0:0.000, j=1:0.000, j=2:0.000, j=3:0.000, j=4:0.000, j=5:0.000, j=6:0.000, j=7:0.000, j=8:0.000, j=9:0.000, j=10:0.000, j=11:0.000, j=12:0.000, j=13:0.000, j=14:0.000, j=15:0.000, j=16:0.000, j=17:0.000, j=18:0.000, j=19:0.000, j=20:0.000, j=21:0.000, j=22:0.000, j=23:0.000, j=24:0.000, j=25:0.000, j=26:0.000, j=27:0.045, j=28:0.899, j=29:0.056
      i=30 -> j=0:0.000, j=1:0.000, j=2:0.000, j=3:0.000, j=4:0.000, j=5:0.000, j=6:0.000, j=7:0.000, j=8:0.000, j=9:0.000, j=10:0.000, j=11:0.000, j=12:0.000, j=13:0.000, j=14:0.000, j=15:0.000, j=16:0.000, j=17:0.000, j=18:0.000, j=19:0.000, j=20:0.000, j=21:0.000, j=22:0.000, j=23:0.000, j=24:0.000, j=25:0.000, j=26:0.000, j=27:0.000, j=28:0.075, j=29:0.874, j=30:0.050
      i=31 -> j=0:0.000, j=1:0.000, j=2:0.000, j=3:0.000, j=4:0.000, j=5:0.000, j=6:0.000, j=7:0.000, j=8:0.000, j=9:0.000, j=10:0.000, j=11:0.000, j=12:0.000, j=13:0.000, j=14:0.000, j=15:0.000, j=16:0.000, j=17:0.000, j=18:0.000, j=19:0.000, j=20:0.000, j=21:0.000, j=22:0.000, j=23:0.000, j=24:0.000, j=25:0.000, j=26:0.000, j=27:0.000, j=28:0.000, j=29:0.080, j=30:0.865, j=31:0.055
      i=32 -> j=0:0.000, j=1:0.000, j=2:0.000, j=3:0.000, j=4:0.000, j=5:0.000, j=6:0.000, j=7:0.000, j=8:0.000, j=9:0.000, j=10:0.000, j=11:0.000, j=12:0.000, j=13:0.000, j=14:0.000, j=15:0.000, j=16:0.000, j=17:0.000, j=18:0.000, j=19:0.000, j=20:0.000, j=21:0.000, j=22:0.000, j=23:0.000, j=24:0.000, j=25:0.000, j=26:0.000, j=27:0.000, j=28:0.000, j=29:0.000, j=30:0.057, j=31:0.874, j=32:0.069
      i=33 -> j=0:0.000, j=1:0.000, j=2:0.000, j=3:0.000, j=4:0.000, j=5:0.000, j=6:0.000, j=7:0.000, j=8:0.000, j=9:0.000, j=10:0.000, j=11:0.000, j=12:0.000, j=13:0.000, j=14:0.000, j=15:0.000, j=16:0.000, j=17:0.000, j=18:0.000, j=19:0.000, j=20:0.000, j=21:0.000, j=22:0.000, j=23:0.000, j=24:0.000, j=25:0.000, j=26:0.000, j=27:0.000, j=28:0.000, j=29:0.000, j=30:0.000, j=31:0.056, j=32:0.898, j=33:0.045
      i=34 -> j=0:0.000, j=1:0.000, j=2:0.000, j=3:0.000, j=4:0.000, j=5:0.000, j=6:0.000, j=7:0.000, j=8:0.000, j=9:0.000, j=10:0.000, j=11:0.000, j=12:0.000, j=13:0.000, j=14:0.000, j=15:0.000, j=16:0.000, j=17:0.000, j=18:0.000, j=19:0.000, j=20:0.000, j=21:0.000, j=22:0.000, j=23:0.000, j=24:0.000, j=25:0.000, j=26:0.000, j=27:0.000, j=28:0.000, j=29:0.000, j=30:0.000, j=31:0.000, j=32:0.103, j=33:0.822, j=34:0.076
      i=35 -> j=0:0.000, j=1:0.000, j=2:0.000, j=3:0.000, j=4:0.000, j=5:0.000, j=6:0.000, j=7:0.000, j=8:0.000, j=9:0.000, j=10:0.000, j=11:0.000, j=12:0.000, j=13:0.000, j=14:0.000, j=15:0.000, j=16:0.000, j=17:0.000, j=18:0.000, j=19:0.000, j=20:0.000, j=21:0.000, j=22:0.000, j=23:0.000, j=24:0.000, j=25:0.000, j=26:0.000, j=27:0.000, j=28:0.000, j=29:0.000, j=30:0.000, j=31:0.000, j=32:0.000, j=33:0.063, j=34:0.888, j=35:0.049
      i=36 -> j=0:0.000, j=1:0.000, j=2:0.000, j=3:0.000, j=4:0.000, j=5:0.000, j=6:0.000, j=7:0.000, j=8:0.000, j=9:0.000, j=10:0.000, j=11:0.000, j=12:0.000, j=13:0.000, j=14:0.000, j=15:0.000, j=16:0.000, j=17:0.000, j=18:0.000, j=19:0.000, j=20:0.000, j=21:0.000, j=22:0.000, j=23:0.000, j=24:0.000, j=25:0.000, j=26:0.000, j=27:0.000, j=28:0.000, j=29:0.000, j=30:0.000, j=31:0.000, j=32:0.000, j=33:0.000, j=34:0.056, j=35:0.891, j=36:0.053
      i=37 -> j=0:0.000, j=1:0.000, j=2:0.000, j=3:0.000, j=4:0.000, j=5:0.000, j=6:0.000, j=7:0.000, j=8:0.000, j=9:0.000, j=10:0.000, j=11:0.000, j=12:0.000, j=13:0.000, j=14:0.000, j=15:0.000, j=16:0.000, j=17:0.000, j=18:0.000, j=19:0.000, j=20:0.000, j=21:0.000, j=22:0.000, j=23:0.000, j=24:0.000, j=25:0.000, j=26:0.000, j=27:0.000, j=28:0.000, j=29:0.000, j=30:0.000, j=31:0.000, j=32:0.000, j=33:0.000, j=34:0.000, j=35:0.092, j=36:0.864, j=37:0.044
      i=38 -> j=0:0.000, j=1:0.000, j=2:0.000, j=3:0.000, j=4:0.000, j=5:0.000, j=6:0.000, j=7:0.000, j=8:0.000, j=9:0.000, j=10:0.000, j=11:0.000, j=12:0.000, j=13:0.000, j=14:0.000, j=15:0.000, j=16:0.000, j=17:0.000, j=18:0.000, j=19:0.000, j=20:0.000, j=21:0.000, j=22:0.000, j=23:0.000, j=24:0.000, j=25:0.000, j=26:0.000, j=27:0.000, j=28:0.000, j=29:0.000, j=30:0.000, j=31:0.000, j=32:0.000, j=33:0.000, j=34:0.000, j=35:0.000, j=36:0.078, j=37:0.838, j=38:0.083
      i=39 -> j=0:0.000, j=1:0.000, j=2:0.000, j=3:0.000, j=4:0.000, j=5:0.000, j=6:0.000, j=7:0.000, j=8:0.000, j=9:0.000, j=10:0.000, j=11:0.000, j=12:0.000, j=13:0.000, j=14:0.000, j=15:0.000, j=16:0.000, j=17:0.000, j=18:0.000, j=19:0.000, j=20:0.000, j=21:0.000, j=22:0.000, j=23:0.000, j=24:0.000, j=25:0.000, j=26:0.000, j=27:0.000, j=28:0.000, j=29:0.000, j=30:0.000, j=31:0.000, j=32:0.000, j=33:0.000, j=34:0.000, j=35:0.000, j=36:0.000, j=37:0.044, j=38:0.907, j=39:0.049
      i=40 -> j=0:0.000, j=1:0.000, j=2:0.000, j=3:0.000, j=4:0.000, j=5:0.000, j=6:0.000, j=7:0.000, j=8:0.000, j=9:0.000, j=10:0.000, j=11:0.000, j=12:0.000, j=13:0.000, j=14:0.000, j=15:0.000, j=16:0.000, j=17:0.000, j=18:0.000, j=19:0.000, j=20:0.000, j=21:0.000, j=22:0.000, j=23:0.000, j=24:0.000, j=25:0.000, j=26:0.000, j=27:0.000, j=28:0.000, j=29:0.000, j=30:0.000, j=31:0.000, j=32:0.000, j=33:0.000, j=34:0.000, j=35:0.000, j=36:0.000, j=37:0.000, j=38:0.056, j=39:0.901, j=40:0.043
      i=41 -> j=0:0.000, j=1:0.000, j=2:0.000, j=3:0.000, j=4:0.000, j=5:0.000, j=6:0.000, j=7:0.000, j=8:0.000, j=9:0.000, j=10:0.000, j=11:0.000, j=12:0.000, j=13:0.000, j=14:0.000, j=15:0.000, j=16:0.000, j=17:0.000, j=18:0.000, j=19:0.000, j=20:0.000, j=21:0.000, j=22:0.000, j=23:0.000, j=24:0.000, j=25:0.000, j=26:0.000, j=27:0.000, j=28:0.000, j=29:0.000, j=30:0.000, j=31:0.000, j=32:0.000, j=33:0.000, j=34:0.000, j=35:0.000, j=36:0.000, j=37:0.000, j=38:0.000, j=39:0.090, j=40:0.839, j=41:0.071
      i=42 -> j=0:0.000, j=1:0.000, j=2:0.000, j=3:0.000, j=4:0.000, j=5:0.000, j=6:0.000, j=7:0.000, j=8:0.000, j=9:0.000, j=10:0.000, j=11:0.000, j=12:0.000, j=13:0.000, j=14:0.000, j=15:0.000, j=16:0.000, j=17:0.000, j=18:0.000, j=19:0.000, j=20:0.000, j=21:0.000, j=22:0.000, j=23:0.000, j=24:0.000, j=25:0.000, j=26:0.000, j=27:0.000, j=28:0.000, j=29:0.000, j=30:0.000, j=31:0.000, j=32:0.000, j=33:0.000, j=34:0.000, j=35:0.000, j=36:0.000, j=37:0.000, j=38:0.000, j=39:0.000, j=40:0.050, j=41:0.902, j=42:0.048
      i=43 -> j=0:0.000, j=1:0.000, j=2:0.000, j=3:0.000, j=4:0.000, j=5:0.000, j=6:0.000, j=7:0.000, j=8:0.000, j=9:0.000, j=10:0.000, j=11:0.000, j=12:0.000, j=13:0.000, j=14:0.000, j=15:0.000, j=16:0.000, j=17:0.000, j=18:0.000, j=19:0.000, j=20:0.000, j=21:0.000, j=22:0.000, j=23:0.000, j=24:0.000, j=25:0.000, j=26:0.000, j=27:0.000, j=28:0.000, j=29:0.000, j=30:0.000, j=31:0.000, j=32:0.000, j=33:0.000, j=34:0.000, j=35:0.000, j=36:0.000, j=37:0.000, j=38:0.000, j=39:0.000, j=40:0.000, j=41:0.122, j=42:0.809, j=43:0.069
      i=44 -> j=0:0.000, j=1:0.000, j=2:0.000, j=3:0.000, j=4:0.000, j=5:0.000, j=6:0.000, j=7:0.000, j=8:0.000, j=9:0.000, j=10:0.000, j=11:0.000, j=12:0.000, j=13:0.000, j=14:0.000, j=15:0.000, j=16:0.000, j=17:0.000, j=18:0.000, j=19:0.000, j=20:0.000, j=21:0.000, j=22:0.000, j=23:0.000, j=24:0.000, j=25:0.000, j=26:0.000, j=27:0.000, j=28:0.000, j=29:0.000, j=30:0.000, j=31:0.000, j=32:0.000, j=33:0.000, j=34:0.000, j=35:0.000, j=36:0.000, j=37:0.000, j=38:0.000, j=39:0.000, j=40:0.000, j=41:0.000, j=42:0.070, j=43:0.884, j=44:0.046
      i=45 -> j=0:0.000, j=1:0.000, j=2:0.000, j=3:0.000, j=4:0.000, j=5:0.000, j=6:0.000, j=7:0.000, j=8:0.000, j=9:0.000, j=10:0.000, j=11:0.000, j=12:0.000, j=13:0.000, j=14:0.000, j=15:0.000, j=16:0.000, j=17:0.000, j=18:0.000, j=19:0.000, j=20:0.000, j=21:0.000, j=22:0.000, j=23:0.000, j=24:0.000, j=25:0.000, j=26:0.000, j=27:0.000, j=28:0.000, j=29:0.000, j=30:0.000, j=31:0.000, j=32:0.000, j=33:0.000, j=34:0.000, j=35:0.000, j=36:0.000, j=37:0.000, j=38:0.000, j=39:0.000, j=40:0.000, j=41:0.000, j=42:0.000, j=43:0.056, j=44:0.881, j=45:0.063
      i=46 -> j=0:0.000, j=1:0.000, j=2:0.000, j=3:0.000, j=4:0.000, j=5:0.000, j=6:0.000, j=7:0.000, j=8:0.000, j=9:0.000, j=10:0.000, j=11:0.000, j=12:0.000, j=13:0.000, j=14:0.000, j=15:0.000, j=16:0.000, j=17:0.000, j=18:0.000, j=19:0.000, j=20:0.000, j=21:0.000, j=22:0.000, j=23:0.000, j=24:0.000, j=25:0.000, j=26:0.000, j=27:0.000, j=28:0.000, j=29:0.000, j=30:0.000, j=31:0.000, j=32:0.000, j=33:0.000, j=34:0.000, j=35:0.000, j=36:0.000, j=37:0.000, j=38:0.000, j=39:0.000, j=40:0.000, j=41:0.000, j=42:0.000, j=43:0.000, j=44:0.045, j=45:0.896, j=46:0.059
      i=47 -> j=0:0.000, j=1:0.000, j=2:0.000, j=3:0.000, j=4:0.000, j=5:0.000, j=6:0.000, j=7:0.000, j=8:0.000, j=9:0.000, j=10:0.000, j=11:0.000, j=12:0.000, j=13:0.000, j=14:0.000, j=15:0.000, j=16:0.000, j=17:0.000, j=18:0.000, j=19:0.000, j=20:0.000, j=21:0.000, j=22:0.000, j=23:0.000, j=24:0.000, j=25:0.000, j=26:0.000, j=27:0.000, j=28:0.000, j=29:0.000, j=30:0.000, j=31:0.000, j=32:0.000, j=33:0.000, j=34:0.000, j=35:0.000, j=36:0.000, j=37:0.000, j=38:0.000, j=39:0.000, j=40:0.000, j=41:0.000, j=42:0.000, j=43:0.000, j=44:0.000, j=45:0.072, j=46:0.885, j=47:0.043
      i=48 -> j=0:0.000, j=1:0.000, j=2:0.000, j=3:0.000, j=4:0.000, j=5:0.000, j=6:0.000, j=7:0.000, j=8:0.000, j=9:0.000, j=10:0.000, j=11:0.000, j=12:0.000, j=13:0.000, j=14:0.000, j=15:0.000, j=16:0.000, j=17:0.000, j=18:0.000, j=19:0.000, j=20:0.000, j=21:0.000, j=22:0.000, j=23:0.000, j=24:0.000, j=25:0.000, j=26:0.000, j=27:0.000, j=28:0.000, j=29:0.000, j=30:0.000, j=31:0.000, j=32:0.000, j=33:0.000, j=34:0.000, j=35:0.000, j=36:0.000, j=37:0.000, j=38:0.000, j=39:0.000, j=40:0.000, j=41:0.000, j=42:0.000, j=43:0.000, j=44:0.000, j=45:0.000, j=46:0.073, j=47:0.852, j=48:0.075
      i=49 -> j=0:0.000, j=1:0.000, j=2:0.000, j=3:0.000, j=4:0.000, j=5:0.000, j=6:0.000, j=7:0.000, j=8:0.000, j=9:0.000, j=10:0.000, j=11:0.000, j=12:0.000, j=13:0.000, j=14:0.000, j=15:0.000, j=16:0.000, j=17:0.000, j=18:0.000, j=19:0.000, j=20:0.000, j=21:0.000, j=22:0.000, j=23:0.000, j=24:0.000, j=25:0.000, j=26:0.000, j=27:0.000, j=28:0.000, j=29:0.000, j=30:0.000, j=31:0.000, j=32:0.000, j=33:0.000, j=34:0.000, j=35:0.000, j=36:0.000, j=37:0.000, j=38:0.000, j=39:0.000, j=40:0.000, j=41:0.000, j=42:0.000, j=43:0.000, j=44:0.000, j=45:0.000, j=46:0.000, j=47:0.061, j=48:0.887, j=49:0.052
      i=50 -> j=0:0.000, j=1:0.000, j=2:0.000, j=3:0.000, j=4:0.000, j=5:0.000, j=6:0.000, j=7:0.000, j=8:0.000, j=9:0.000, j=10:0.000, j=11:0.000, j=12:0.000, j=13:0.000, j=14:0.000, j=15:0.000, j=16:0.000, j=17:0.000, j=18:0.000, j=19:0.000, j=20:0.000, j=21:0.000, j=22:0.000, j=23:0.000, j=24:0.000, j=25:0.000, j=26:0.000, j=27:0.000, j=28:0.000, j=29:0.000, j=30:0.000, j=31:0.000, j=32:0.000, j=33:0.000, j=34:0.000, j=35:0.000, j=36:0.000, j=37:0.000, j=38:0.000, j=39:0.000, j=40:0.000, j=41:0.000, j=42:0.000, j=43:0.000, j=44:0.000, j=45:0.000, j=46:0.000, j=47:0.000, j=48:0.063, j=49:0.867, j=50:0.070
      i=51 -> j=0:0.000, j=1:0.000, j=2:0.000, j=3:0.000, j=4:0.000, j=5:0.000, j=6:0.000, j=7:0.000, j=8:0.000, j=9:0.000, j=10:0.000, j=11:0.000, j=12:0.000, j=13:0.000, j=14:0.000, j=15:0.000, j=16:0.000, j=17:0.000, j=18:0.000, j=19:0.000, j=20:0.000, j=21:0.000, j=22:0.000, j=23:0.000, j=24:0.000, j=25:0.000, j=26:0.000, j=27:0.000, j=28:0.000, j=29:0.000, j=30:0.000, j=31:0.000, j=32:0.000, j=33:0.000, j=34:0.000, j=35:0.000, j=36:0.000, j=37:0.000, j=38:0.000, j=39:0.000, j=40:0.000, j=41:0.000, j=42:0.000, j=43:0.000, j=44:0.000, j=45:0.000, j=46:0.000, j=47:0.000, j=48:0.000, j=49:0.078, j=50:0.872, j=51:0.051
      i=52 -> j=0:0.000, j=1:0.000, j=2:0.000, j=3:0.000, j=4:0.000, j=5:0.000, j=6:0.000, j=7:0.000, j=8:0.000, j=9:0.000, j=10:0.000, j=11:0.000, j=12:0.000, j=13:0.000, j=14:0.000, j=15:0.000, j=16:0.000, j=17:0.000, j=18:0.000, j=19:0.000, j=20:0.000, j=21:0.000, j=22:0.000, j=23:0.000, j=24:0.000, j=25:0.000, j=26:0.000, j=27:0.000, j=28:0.000, j=29:0.000, j=30:0.000, j=31:0.000, j=32:0.000, j=33:0.000, j=34:0.000, j=35:0.000, j=36:0.000, j=37:0.000, j=38:0.000, j=39:0.000, j=40:0.000, j=41:0.000, j=42:0.000, j=43:0.000, j=44:0.000, j=45:0.000, j=46:0.000, j=47:0.000, j=48:0.000, j=49:0.000, j=50:0.081, j=51:0.860, j=52:0.058
      i=53 -> j=0:0.000, j=1:0.000, j=2:0.000, j=3:0.000, j=4:0.000, j=5:0.000, j=6:0.000, j=7:0.000, j=8:0.000, j=9:0.000, j=10:0.000, j=11:0.000, j=12:0.000, j=13:0.000, j=14:0.000, j=15:0.000, j=16:0.000, j=17:0.000, j=18:0.000, j=19:0.000, j=20:0.000, j=21:0.000, j=22:0.000, j=23:0.000, j=24:0.000, j=25:0.000, j=26:0.000, j=27:0.000, j=28:0.000, j=29:0.000, j=30:0.000, j=31:0.000, j=32:0.000, j=33:0.000, j=34:0.000, j=35:0.000, j=36:0.000, j=37:0.000, j=38:0.000, j=39:0.000, j=40:0.000, j=41:0.000, j=42:0.000, j=43:0.000, j=44:0.000, j=45:0.000, j=46:0.000, j=47:0.000, j=48:0.000, j=49:0.000, j=50:0.000, j=51:0.046, j=52:0.906, j=53:0.048
      i=54 -> j=0:0.000, j=1:0.000, j=2:0.000, j=3:0.000, j=4:0.000, j=5:0.000, j=6:0.000, j=7:0.000, j=8:0.000, j=9:0.000, j=10:0.000, j=11:0.000, j=12:0.000, j=13:0.000, j=14:0.000, j=15:0.000, j=16:0.000, j=17:0.000, j=18:0.000, j=19:0.000, j=20:0.000, j=21:0.000, j=22:0.000, j=23:0.000, j=24:0.000, j=25:0.000, j=26:0.000, j=27:0.000, j=28:0.000, j=29:0.000, j=30:0.000, j=31:0.000, j=32:0.000, j=33:0.000, j=34:0.000, j=35:0.000, j=36:0.000, j=37:0.000, j=38:0.000, j=39:0.000, j=40:0.000, j=41:0.000, j=42:0.000, j=43:0.000, j=44:0.000, j=45:0.000, j=46:0.000, j=47:0.000, j=48:0.000, j=49:0.000, j=50:0.000, j=51:0.000, j=52:0.113, j=53:0.832, j=54:0.055
      i=55 -> j=0:0.000, j=1:0.000, j=2:0.000, j=3:0.000, j=4:0.000, j=5:0.000, j=6:0.000, j=7:0.000, j=8:0.000, j=9:0.000, j=10:0.000, j=11:0.000, j=12:0.000, j=13:0.000, j=14:0.000, j=15:0.000, j=16:0.000, j=17:0.000, j=18:0.000, j=19:0.000, j=20:0.000, j=21:0.000, j=22:0.000, j=23:0.000, j=24:0.000, j=25:0.000, j=26:0.000, j=27:0.000, j=28:0.000, j=29:0.000, j=30:0.000, j=31:0.000, j=32:0.000, j=33:0.000, j=34:0.000, j=35:0.000, j=36:0.000, j=37:0.000, j=38:0.000, j=39:0.000, j=40:0.000, j=41:0.000, j=42:0.000, j=43:0.000, j=44:0.000, j=45:0.000, j=46:0.000, j=47:0.000, j=48:0.000, j=49:0.000, j=50:0.000, j=51:0.000, j=52:0.000, j=53:0.078, j=54:0.862, j=55:0.060
      i=56 -> j=0:0.000, j=1:0.000, j=2:0.000, j=3:0.000, j=4:0.000, j=5:0.000, j=6:0.000, j=7:0.000, j=8:0.000, j=9:0.000, j=10:0.000, j=11:0.000, j=12:0.000, j=13:0.000, j=14:0.000, j=15:0.000, j=16:0.000, j=17:0.000, j=18:0.000, j=19:0.000, j=20:0.000, j=21:0.000, j=22:0.000, j=23:0.000, j=24:0.000, j=25:0.000, j=26:0.000, j=27:0.000, j=28:0.000, j=29:0.000, j=30:0.000, j=31:0.000, j=32:0.000, j=33:0.000, j=34:0.000, j=35:0.000, j=36:0.000, j=37:0.000, j=38:0.000, j=39:0.000, j=40:0.000, j=41:0.000, j=42:0.000, j=43:0.000, j=44:0.000, j=45:0.000, j=46:0.000, j=47:0.000, j=48:0.000, j=49:0.000, j=50:0.000, j=51:0.000, j=52:0.000, j=53:0.000, j=54:0.057, j=55:0.905, j=56:0.038
      i=57 -> j=0:0.000, j=1:0.000, j=2:0.000, j=3:0.000, j=4:0.000, j=5:0.000, j=6:0.000, j=7:0.000, j=8:0.000, j=9:0.000, j=10:0.000, j=11:0.000, j=12:0.000, j=13:0.000, j=14:0.000, j=15:0.000, j=16:0.000, j=17:0.000, j=18:0.000, j=19:0.000, j=20:0.000, j=21:0.000, j=22:0.000, j=23:0.000, j=24:0.000, j=25:0.000, j=26:0.000, j=27:0.000, j=28:0.000, j=29:0.000, j=30:0.000, j=31:0.000, j=32:0.000, j=33:0.000, j=34:0.000, j=35:0.000, j=36:0.000, j=37:0.000, j=38:0.000, j=39:0.000, j=40:0.000, j=41:0.000, j=42:0.000, j=43:0.000, j=44:0.000, j=45:0.000, j=46:0.000, j=47:0.000, j=48:0.000, j=49:0.000, j=50:0.000, j=51:0.000, j=52:0.000, j=53:0.000, j=54:0.000, j=55:0.093, j=56:0.834, j=57:0.073
      i=58 -> j=0:0.000, j=1:0.000, j=2:0.000, j=3:0.000, j=4:0.000, j=5:0.000, j=6:0.000, j=7:0.000, j=8:0.000, j=9:0.000, j=10:0.000, j=11:0.000, j=12:0.000, j=13:0.000, j=14:0.000, j=15:0.000, j=16:0.000, j=17:0.000, j=18:0.000, j=19:0.000, j=20:0.000, j=21:0.000, j=22:0.000, j=23:0.000, j=24:0.000, j=25:0.000, j=26:0.000, j=27:0.000, j=28:0.000, j=29:0.000, j=30:0.000, j=31:0.000, j=32:0.000, j=33:0.000, j=34:0.000, j=35:0.000, j=36:0.000, j=37:0.000, j=38:0.000, j=39:0.000, j=40:0.000, j=41:0.000, j=42:0.000, j=43:0.000, j=44:0.000, j=45:0.000, j=46:0.000, j=47:0.000, j=48:0.000, j=49:0.000, j=50:0.000, j=51:0.000, j=52:0.000, j=53:0.000, j=54:0.000, j=55:0.000, j=56:0.057, j=57:0.893, j=58:0.049
      i=59 -> j=0:0.000, j=1:0.000, j=2:0.000, j=3:0.000, j=4:0.000, j=5:0.000, j=6:0.000, j=7:0.000, j=8:0.000, j=9:0.000, j=10:0.000, j=11:0.000, j=12:0.000, j=13:0.000, j=14:0.000, j=15:0.000, j=16:0.000, j=17:0.000, j=18:0.000, j=19:0.000, j=20:0.000, j=21:0.000, j=22:0.000, j=23:0.000, j=24:0.000, j=25:0.000, j=26:0.000, j=27:0.000, j=28:0.000, j=29:0.000, j=30:0.000, j=31:0.000, j=32:0.000, j=33:0.000, j=34:0.000, j=35:0.000, j=36:0.000, j=37:0.000, j=38:0.000, j=39:0.000, j=40:0.000, j=41:0.000, j=42:0.000, j=43:0.000, j=44:0.000, j=45:0.000, j=46:0.000, j=47:0.000, j=48:0.000, j=49:0.000, j=50:0.000, j=51:0.000, j=52:0.000, j=53:0.000, j=54:0.000, j=55:0.000, j=56:0.000, j=57:0.096, j=58:0.852, j=59:0.052
      i=60 -> j=0:0.000, j=1:0.000, j=2:0.000, j=3:0.000, j=4:0.000, j=5:0.000, j=6:0.000, j=7:0.000, j=8:0.000, j=9:0.000, j=10:0.000, j=11:0.000, j=12:0.000, j=13:0.000, j=14:0.000, j=15:0.000, j=16:0.000, j=17:0.000, j=18:0.000, j=19:0.000, j=20:0.000, j=21:0.000, j=22:0.000, j=23:0.000, j=24:0.000, j=25:0.000, j=26:0.000, j=27:0.000, j=28:0.000, j=29:0.000, j=30:0.000, j=31:0.000, j=32:0.000, j=33:0.000, j=34:0.000, j=35:0.000, j=36:0.000, j=37:0.000, j=38:0.000, j=39:0.000, j=40:0.000, j=41:0.000, j=42:0.000, j=43:0.000, j=44:0.000, j=45:0.000, j=46:0.000, j=47:0.000, j=48:0.000, j=49:0.000, j=50:0.000, j=51:0.000, j=52:0.000, j=53:0.000, j=54:0.000, j=55:0.000, j=56:0.000, j=57:0.000, j=58:0.052, j=59:0.902, j=60:0.046
      i=61 -> j=0:0.000, j=1:0.000, j=2:0.000, j=3:0.000, j=4:0.000, j=5:0.000, j=6:0.000, j=7:0.000, j=8:0.000, j=9:0.000, j=10:0.000, j=11:0.000, j=12:0.000, j=13:0.000, j=14:0.000, j=15:0.000, j=16:0.000, j=17:0.000, j=18:0.000, j=19:0.000, j=20:0.000, j=21:0.000, j=22:0.000, j=23:0.000, j=24:0.000, j=25:0.000, j=26:0.000, j=27:0.000, j=28:0.000, j=29:0.000, j=30:0.000, j=31:0.000, j=32:0.000, j=33:0.000, j=34:0.000, j=35:0.000, j=36:0.000, j=37:0.000, j=38:0.000, j=39:0.000, j=40:0.000, j=41:0.000, j=42:0.000, j=43:0.000, j=44:0.000, j=45:0.000, j=46:0.000, j=47:0.000, j=48:0.000, j=49:0.000, j=50:0.000, j=51:0.000, j=52:0.000, j=53:0.000, j=54:0.000, j=55:0.000, j=56:0.000, j=57:0.000, j=58:0.000, j=59:0.055, j=60:0.901, j=61:0.044
      i=62 -> j=0:0.000, j=1:0.000, j=2:0.000, j=3:0.000, j=4:0.000, j=5:0.000, j=6:0.000, j=7:0.000, j=8:0.000, j=9:0.000, j=10:0.000, j=11:0.000, j=12:0.000, j=13:0.000, j=14:0.000, j=15:0.000, j=16:0.000, j=17:0.000, j=18:0.000, j=19:0.000, j=20:0.000, j=21:0.000, j=22:0.000, j=23:0.000, j=24:0.000, j=25:0.000, j=26:0.000, j=27:0.000, j=28:0.000, j=29:0.000, j=30:0.000, j=31:0.000, j=32:0.000, j=33:0.000, j=34:0.000, j=35:0.000, j=36:0.000, j=37:0.000, j=38:0.000, j=39:0.000, j=40:0.000, j=41:0.000, j=42:0.000, j=43:0.000, j=44:0.000, j=45:0.000, j=46:0.000, j=47:0.000, j=48:0.000, j=49:0.000, j=50:0.000, j=51:0.000, j=52:0.000, j=53:0.000, j=54:0.000, j=55:0.000, j=56:0.000, j=57:0.000, j=58:0.000, j=59:0.000, j=60:0.092, j=61:0.862, j=62:0.046
      i=63 -> j=0:0.000, j=1:0.000, j=2:0.000, j=3:0.000, j=4:0.000, j=5:0.000, j=6:0.000, j=7:0.000, j=8:0.000, j=9:0.000, j=10:0.000, j=11:0.000, j=12:0.000, j=13:0.000, j=14:0.000, j=15:0.000, j=16:0.000, j=17:0.000, j=18:0.000, j=19:0.000, j=20:0.000, j=21:0.000, j=22:0.000, j=23:0.000, j=24:0.000, j=25:0.000, j=26:0.000, j=27:0.000, j=28:0.000, j=29:0.000, j=30:0.000, j=31:0.000, j=32:0.000, j=33:0.000, j=34:0.000, j=35:0.000, j=36:0.000, j=37:0.000, j=38:0.000, j=39:0.000, j=40:0.000, j=41:0.000, j=42:0.000, j=43:0.000, j=44:0.000, j=45:0.000, j=46:0.000, j=47:0.000, j=48:0.000, j=49:0.000, j=50:0.000, j=51:0.000, j=52:0.000, j=53:0.000, j=54:0.000, j=55:0.000, j=56:0.000, j=57:0.000, j=58:0.000, j=59:0.000, j=60:0.000, j=61:0.081, j=62:0.860, j=63:0.058
    Average attention per distance:
      d=0:0.072, d=1:0.873, d=2:0.071

--- Layer 1 ---
  Head 0: Entropy=0.977
    Attention coefficients from each query position to previous positions:
      i= 0 -> j=0:1.000
      i= 1 -> j=0:0.794, j=1:0.206
      i= 2 -> j=0:0.098, j=1:0.806, j=2:0.096
      i= 3 -> j=0:0.004, j=1:0.195, j=2:0.752, j=3:0.049
      i= 4 -> j=0:0.000, j=1:0.004, j=2:0.411, j=3:0.464, j=4:0.120
      i= 5 -> j=0:0.000, j=1:0.000, j=2:0.019, j=3:0.421, j=4:0.493, j=5:0.067
      i= 6 -> j=0:0.000, j=1:0.000, j=2:0.000, j=3:0.015, j=4:0.199, j=5:0.663, j=6:0.123
      i= 7 -> j=0:0.000, j=1:0.000, j=2:0.000, j=3:0.001, j=4:0.008, j=5:0.241, j=6:0.669, j=7:0.081
      i= 8 -> j=0:0.002, j=1:0.000, j=2:0.000, j=3:0.000, j=4:0.000, j=5:0.009, j=6:0.359, j=7:0.540, j=8:0.090
      i= 9 -> j=0:0.002, j=1:0.001, j=2:0.000, j=3:0.000, j=4:0.000, j=5:0.000, j=6:0.021, j=7:0.318, j=8:0.508, j=9:0.149
      i=10 -> j=0:0.001, j=1:0.001, j=2:0.002, j=3:0.001, j=4:0.000, j=5:0.000, j=6:0.001, j=7:0.019, j=8:0.171, j=9:0.633, j=10:0.171
      i=11 -> j=0:0.000, j=1:0.000, j=2:0.002, j=3:0.002, j=4:0.000, j=5:0.000, j=6:0.000, j=7:0.001, j=8:0.008, j=9:0.199, j=10:0.645, j=11:0.143
      i=12 -> j=0:0.000, j=1:0.000, j=2:0.001, j=3:0.002, j=4:0.000, j=5:0.000, j=6:0.000, j=7:0.000, j=8:0.000, j=9:0.007, j=10:0.223, j=11:0.662, j=12:0.105
      i=13 -> j=0:0.000, j=1:0.000, j=2:0.000, j=3:0.001, j=4:0.001, j=5:0.000, j=6:0.000, j=7:0.000, j=8:0.000, j=9:0.000, j=10:0.005, j=11:0.138, j=12:0.758, j=13:0.097
      i=14 -> j=0:0.001, j=1:0.000, j=2:0.000, j=3:0.000, j=4:0.000, j=5:0.001, j=6:0.001, j=7:0.000, j=8:0.000, j=9:0.000, j=10:0.000, j=11:0.004, j=12:0.194, j=13:0.719, j=14:0.078
      i=15 -> j=0:0.000, j=1:0.000, j=2:0.000, j=3:0.000, j=4:0.000, j=5:0.000, j=6:0.001, j=7:0.000, j=8:0.000, j=9:0.000, j=10:0.000, j=11:0.000, j=12:0.002, j=13:0.253, j=14:0.634, j=15:0.109
      i=16 -> j=0:0.000, j=1:0.000, j=2:0.000, j=3:0.000, j=4:0.000, j=5:0.000, j=6:0.001, j=7:0.001, j=8:0.000, j=9:0.000, j=10:0.000, j=11:0.000, j=12:0.000, j=13:0.009, j=14:0.327, j=15:0.555, j=16:0.105
      i=17 -> j=0:0.000, j=1:0.000, j=2:0.000, j=3:0.000, j=4:0.000, j=5:0.000, j=6:0.000, j=7:0.000, j=8:0.000, j=9:0.000, j=10:0.000, j=11:0.000, j=12:0.000, j=13:0.000, j=14:0.010, j=15:0.182, j=16:0.711, j=17:0.096
      i=18 -> j=0:0.000, j=1:0.000, j=2:0.001, j=3:0.001, j=4:0.000, j=5:0.000, j=6:0.000, j=7:0.000, j=8:0.001, j=9:0.001, j=10:0.001, j=11:0.000, j=12:0.000, j=13:0.000, j=14:0.001, j=15:0.005, j=16:0.209, j=17:0.692, j=18:0.087
      i=19 -> j=0:0.000, j=1:0.000, j=2:0.000, j=3:0.000, j=4:0.000, j=5:0.000, j=6:0.000, j=7:0.000, j=8:0.000, j=9:0.000, j=10:0.001, j=11:0.000, j=12:0.000, j=13:0.000, j=14:0.000, j=15:0.000, j=16:0.007, j=17:0.310, j=18:0.511, j=19:0.169
      i=20 -> j=0:0.000, j=1:0.000, j=2:0.000, j=3:0.000, j=4:0.000, j=5:0.000, j=6:0.000, j=7:0.000, j=8:0.000, j=9:0.000, j=10:0.000, j=11:0.000, j=12:0.000, j=13:0.000, j=14:0.000, j=15:0.000, j=16:0.000, j=17:0.004, j=18:0.124, j=19:0.775, j=20:0.094
      i=21 -> j=0:0.000, j=1:0.000, j=2:0.000, j=3:0.000, j=4:0.000, j=5:0.000, j=6:0.000, j=7:0.000, j=8:0.000, j=9:0.000, j=10:0.000, j=11:0.000, j=12:0.000, j=13:0.000, j=14:0.000, j=15:0.000, j=16:0.000, j=17:0.000, j=18:0.007, j=19:0.277, j=20:0.619, j=21:0.095
      i=22 -> j=0:0.001, j=1:0.000, j=2:0.001, j=3:0.000, j=4:0.000, j=5:0.000, j=6:0.001, j=7:0.001, j=8:0.000, j=9:0.000, j=10:0.000, j=11:0.000, j=12:0.000, j=13:0.001, j=14:0.002, j=15:0.000, j=16:0.000, j=17:0.000, j=18:0.001, j=19:0.010, j=20:0.254, j=21:0.613, j=22:0.115
      i=23 -> j=0:0.000, j=1:0.000, j=2:0.000, j=3:0.000, j=4:0.000, j=5:0.000, j=6:0.000, j=7:0.000, j=8:0.000, j=9:0.000, j=10:0.000, j=11:0.000, j=12:0.000, j=13:0.000, j=14:0.001, j=15:0.000, j=16:0.000, j=17:0.000, j=18:0.000, j=19:0.000, j=20:0.005, j=21:0.193, j=22:0.693, j=23:0.105
      i=24 -> j=0:0.000, j=1:0.000, j=2:0.000, j=3:0.000, j=4:0.000, j=5:0.000, j=6:0.000, j=7:0.000, j=8:0.000, j=9:0.000, j=10:0.000, j=11:0.000, j=12:0.000, j=13:0.000, j=14:0.001, j=15:0.000, j=16:0.000, j=17:0.000, j=18:0.000, j=19:0.000, j=20:0.000, j=21:0.003, j=22:0.204, j=23:0.721, j=24:0.069
      i=25 -> j=0:0.000, j=1:0.000, j=2:0.000, j=3:0.000, j=4:0.000, j=5:0.000, j=6:0.000, j=7:0.000, j=8:0.000, j=9:0.000, j=10:0.000, j=11:0.000, j=12:0.000, j=13:0.000, j=14:0.000, j=15:0.000, j=16:0.001, j=17:0.000, j=18:0.000, j=19:0.000, j=20:0.000, j=21:0.000, j=22:0.008, j=23:0.360, j=24:0.514, j=25:0.115
      i=26 -> j=0:0.000, j=1:0.000, j=2:0.000, j=3:0.001, j=4:0.000, j=5:0.000, j=6:0.000, j=7:0.000, j=8:0.000, j=9:0.000, j=10:0.000, j=11:0.000, j=12:0.000, j=13:0.000, j=14:0.000, j=15:0.000, j=16:0.000, j=17:0.000, j=18:0.001, j=19:0.000, j=20:0.000, j=21:0.000, j=22:0.000, j=23:0.026, j=24:0.156, j=25:0.752, j=26:0.060
      i=27 -> j=0:0.001, j=1:0.000, j=2:0.000, j=3:0.000, j=4:0.000, j=5:0.000, j=6:0.001, j=7:0.000, j=8:0.000, j=9:0.000, j=10:0.000, j=11:0.000, j=12:0.000, j=13:0.000, j=14:0.000, j=15:0.000, j=16:0.000, j=17:0.000, j=18:0.002, j=19:0.001, j=20:0.000, j=21:0.000, j=22:0.000, j=23:0.000, j=24:0.005, j=25:0.212, j=26:0.649, j=27:0.127
      i=28 -> j=0:0.000, j=1:0.000, j=2:0.000, j=3:0.000, j=4:0.000, j=5:0.000, j=6:0.000, j=7:0.000, j=8:0.000, j=9:0.000, j=10:0.000, j=11:0.000, j=12:0.000, j=13:0.000, j=14:0.000, j=15:0.000, j=16:0.000, j=17:0.000, j=18:0.000, j=19:0.001, j=20:0.001, j=21:0.000, j=22:0.000, j=23:0.000, j=24:0.000, j=25:0.005, j=26:0.141, j=27:0.767, j=28:0.083
      i=29 -> j=0:0.000, j=1:0.000, j=2:0.000, j=3:0.000, j=4:0.000, j=5:0.000, j=6:0.000, j=7:0.000, j=8:0.000, j=9:0.000, j=10:0.000, j=11:0.000, j=12:0.000, j=13:0.000, j=14:0.001, j=15:0.000, j=16:0.000, j=17:0.000, j=18:0.000, j=19:0.000, j=20:0.001, j=21:0.000, j=22:0.000, j=23:0.000, j=24:0.000, j=25:0.000, j=26:0.003, j=27:0.197, j=28:0.715, j=29:0.078
      i=30 -> j=0:0.000, j=1:0.000, j=2:0.000, j=3:0.001, j=4:0.000, j=5:0.000, j=6:0.000, j=7:0.000, j=8:0.000, j=9:0.000, j=10:0.000, j=11:0.000, j=12:0.000, j=13:0.000, j=14:0.001, j=15:0.000, j=16:0.000, j=17:0.000, j=18:0.000, j=19:0.000, j=20:0.000, j=21:0.000, j=22:0.001, j=23:0.000, j=24:0.000, j=25:0.000, j=26:0.000, j=27:0.011, j=28:0.252, j=29:0.647, j=30:0.085
      i=31 -> j=0:0.000, j=1:0.000, j=2:0.000, j=3:0.000, j=4:0.000, j=5:0.000, j=6:0.000, j=7:0.000, j=8:0.000, j=9:0.000, j=10:0.000, j=11:0.000, j=12:0.000, j=13:0.000, j=14:0.000, j=15:0.000, j=16:0.000, j=17:0.000, j=18:0.000, j=19:0.000, j=20:0.000, j=21:0.000, j=22:0.001, j=23:0.001, j=24:0.000, j=25:0.000, j=26:0.000, j=27:0.000, j=28:0.006, j=29:0.154, j=30:0.776, j=31:0.056
      i=32 -> j=0:0.001, j=1:0.000, j=2:0.000, j=3:0.001, j=4:0.000, j=5:0.000, j=6:0.000, j=7:0.000, j=8:0.000, j=9:0.000, j=10:0.000, j=11:0.000, j=12:0.000, j=13:0.000, j=14:0.000, j=15:0.000, j=16:0.000, j=17:0.000, j=18:0.001, j=19:0.000, j=20:0.000, j=21:0.000, j=22:0.001, j=23:0.002, j=24:0.001, j=25:0.000, j=26:0.000, j=27:0.000, j=28:0.000, j=29:0.011, j=30:0.239, j=31:0.600, j=32:0.139
      i=33 -> j=0:0.001, j=1:0.000, j=2:0.000, j=3:0.000, j=4:0.000, j=5:0.000, j=6:0.001, j=7:0.000, j=8:0.000, j=9:0.000, j=10:0.000, j=11:0.000, j=12:0.000, j=13:0.000, j=14:0.000, j=15:0.000, j=16:0.000, j=17:0.000, j=18:0.001, j=19:0.000, j=20:0.000, j=21:0.000, j=22:0.000, j=23:0.001, j=24:0.001, j=25:0.001, j=26:0.000, j=27:0.000, j=28:0.000, j=29:0.000, j=30:0.004, j=31:0.228, j=32:0.652, j=33:0.106
      i=34 -> j=0:0.001, j=1:0.000, j=2:0.000, j=3:0.000, j=4:0.000, j=5:0.000, j=6:0.000, j=7:0.000, j=8:0.000, j=9:0.000, j=10:0.000, j=11:0.000, j=12:0.000, j=13:0.000, j=14:0.001, j=15:0.000, j=16:0.000, j=17:0.000, j=18:0.000, j=19:0.000, j=20:0.000, j=21:0.000, j=22:0.000, j=23:0.000, j=24:0.000, j=25:0.001, j=26:0.000, j=27:0.000, j=28:0.000, j=29:0.000, j=30:0.000, j=31:0.015, j=32:0.251, j=33:0.652, j=34:0.075
      i=35 -> j=0:0.001, j=1:0.001, j=2:0.001, j=3:0.001, j=4:0.000, j=5:0.000, j=6:0.000, j=7:0.001, j=8:0.000, j=9:0.000, j=10:0.000, j=11:0.000, j=12:0.000, j=13:0.000, j=14:0.001, j=15:0.000, j=16:0.000, j=17:0.000, j=18:0.000, j=19:0.000, j=20:0.000, j=21:0.000, j=22:0.000, j=23:0.000, j=24:0.000, j=25:0.000, j=26:0.000, j=27:0.001, j=28:0.000, j=29:0.000, j=30:0.000, j=31:0.000, j=32:0.009, j=33:0.295, j=34:0.593, j=35:0.092
      i=36 -> j=0:0.001, j=1:0.001, j=2:0.001, j=3:0.001, j=4:0.001, j=5:0.000, j=6:0.000, j=7:0.000, j=8:0.001, j=9:0.001, j=10:0.000, j=11:0.000, j=12:0.000, j=13:0.000, j=14:0.001, j=15:0.000, j=16:0.000, j=17:0.000, j=18:0.000, j=19:0.000, j=20:0.000, j=21:0.000, j=22:0.000, j=23:0.000, j=24:0.000, j=25:0.000, j=26:0.000, j=27:0.001, j=28:0.001, j=29:0.000, j=30:0.000, j=31:0.000, j=32:0.000, j=33:0.006, j=34:0.197, j=35:0.732, j=36:0.052
      i=37 -> j=0:0.001, j=1:0.000, j=2:0.001, j=3:0.001, j=4:0.000, j=5:0.000, j=6:0.000, j=7:0.000, j=8:0.000, j=9:0.000, j=10:0.000, j=11:0.000, j=12:0.000, j=13:0.000, j=14:0.000, j=15:0.000, j=16:0.000, j=17:0.000, j=18:0.000, j=19:0.000, j=20:0.000, j=21:0.000, j=22:0.000, j=23:0.000, j=24:0.000, j=25:0.000, j=26:0.000, j=27:0.000, j=28:0.000, j=29:0.001, j=30:0.000, j=31:0.000, j=32:0.000, j=33:0.000, j=34:0.003, j=35:0.191, j=36:0.662, j=37:0.135
      i=38 -> j=0:0.001, j=1:0.000, j=2:0.001, j=3:0.001, j=4:0.000, j=5:0.000, j=6:0.001, j=7:0.000, j=8:0.000, j=9:0.000, j=10:0.000, j=11:0.000, j=12:0.000, j=13:0.000, j=14:0.000, j=15:0.000, j=16:0.000, j=17:0.000, j=18:0.000, j=19:0.000, j=20:0.000, j=21:0.000, j=22:0.000, j=23:0.001, j=24:0.000, j=25:0.000, j=26:0.000, j=27:0.000, j=28:0.000, j=29:0.001, j=30:0.000, j=31:0.000, j=32:0.000, j=33:0.000, j=34:0.000, j=35:0.004, j=36:0.375, j=37:0.534, j=38:0.076
      i=39 -> j=0:0.001, j=1:0.000, j=2:0.000, j=3:0.000, j=4:0.000, j=5:0.000, j=6:0.001, j=7:0.000, j=8:0.000, j=9:0.000, j=10:0.000, j=11:0.000, j=12:0.000, j=13:0.000, j=14:0.000, j=15:0.000, j=16:0.000, j=17:0.000, j=18:0.000, j=19:0.000, j=20:0.000, j=21:0.000, j=22:0.000, j=23:0.000, j=24:0.000, j=25:0.000, j=26:0.000, j=27:0.000, j=28:0.000, j=29:0.000, j=30:0.000, j=31:0.001, j=32:0.000, j=33:0.000, j=34:0.000, j=35:0.000, j=36:0.019, j=37:0.227, j=38:0.655, j=39:0.091
      i=40 -> j=0:0.002, j=1:0.001, j=2:0.001, j=3:0.001, j=4:0.001, j=5:0.001, j=6:0.001, j=7:0.001, j=8:0.001, j=9:0.000, j=10:0.000, j=11:0.000, j=12:0.000, j=13:0.001, j=14:0.001, j=15:0.000, j=16:0.000, j=17:0.000, j=18:0.001, j=19:0.001, j=20:0.000, j=21:0.000, j=22:0.000, j=23:0.000, j=24:0.000, j=25:0.001, j=26:0.000, j=27:0.000, j=28:0.000, j=29:0.000, j=30:0.000, j=31:0.002, j=32:0.001, j=33:0.000, j=34:0.000, j=35:0.000, j=36:0.001, j=37:0.007, j=38:0.171, j=39:0.752, j=40:0.050
      i=41 -> j=0:0.001, j=1:0.001, j=2:0.001, j=3:0.001, j=4:0.000, j=5:0.000, j=6:0.001, j=7:0.001, j=8:0.001, j=9:0.000, j=10:0.000, j=11:0.000, j=12:0.000, j=13:0.000, j=14:0.001, j=15:0.000, j=16:0.000, j=17:0.000, j=18:0.000, j=19:0.000, j=20:0.000, j=21:0.000, j=22:0.000, j=23:0.000, j=24:0.000, j=25:0.000, j=26:0.000, j=27:0.000, j=28:0.000, j=29:0.000, j=30:0.000, j=31:0.001, j=32:0.001, j=33:0.001, j=34:0.000, j=35:0.000, j=36:0.000, j=37:0.000, j=38:0.007, j=39:0.316, j=40:0.484, j=41:0.178
      i=42 -> j=0:0.001, j=1:0.001, j=2:0.002, j=3:0.002, j=4:0.001, j=5:0.001, j=6:0.001, j=7:0.001, j=8:0.001, j=9:0.001, j=10:0.001, j=11:0.000, j=12:0.000, j=13:0.000, j=14:0.001, j=15:0.000, j=16:0.000, j=17:0.000, j=18:0.000, j=19:0.000, j=20:0.001, j=21:0.000, j=22:0.000, j=23:0.000, j=24:0.000, j=25:0.000, j=26:0.000, j=27:0.001, j=28:0.000, j=29:0.000, j=30:0.000, j=31:0.000, j=32:0.001, j=33:0.001, j=34:0.000, j=35:0.000, j=36:0.000, j=37:0.000, j=38:0.000, j=39:0.005, j=40:0.141, j=41:0.708, j=42:0.126
      i=43 -> j=0:0.001, j=1:0.001, j=2:0.001, j=3:0.001, j=4:0.001, j=5:0.000, j=6:0.000, j=7:0.000, j=8:0.000, j=9:0.000, j=10:0.000, j=11:0.000, j=12:0.000, j=13:0.000, j=14:0.000, j=15:0.000, j=16:0.000, j=17:0.000, j=18:0.000, j=19:0.000, j=20:0.000, j=21:0.000, j=22:0.000, j=23:0.000, j=24:0.000, j=25:0.000, j=26:0.000, j=27:0.000, j=28:0.000, j=29:0.000, j=30:0.000, j=31:0.000, j=32:0.000, j=33:0.000, j=34:0.000, j=35:0.000, j=36:0.000, j=37:0.000, j=38:0.000, j=39:0.000, j=40:0.010, j=41:0.231, j=42:0.623, j=43:0.124
      i=44 -> j=0:0.002, j=1:0.001, j=2:0.001, j=3:0.003, j=4:0.001, j=5:0.001, j=6:0.001, j=7:0.001, j=8:0.001, j=9:0.001, j=10:0.001, j=11:0.001, j=12:0.000, j=13:0.000, j=14:0.001, j=15:0.000, j=16:0.000, j=17:0.000, j=18:0.001, j=19:0.000, j=20:0.000, j=21:0.000, j=22:0.001, j=23:0.001, j=24:0.000, j=25:0.000, j=26:0.000, j=27:0.000, j=28:0.000, j=29:0.001, j=30:0.000, j=31:0.000, j=32:0.000, j=33:0.000, j=34:0.000, j=35:0.000, j=36:0.004, j=37:0.000, j=38:0.000, j=39:0.000, j=40:0.001, j=41:0.007, j=42:0.307, j=43:0.589, j=44:0.070
      i=45 -> j=0:0.001, j=1:0.001, j=2:0.001, j=3:0.001, j=4:0.001, j=5:0.001, j=6:0.001, j=7:0.001, j=8:0.000, j=9:0.000, j=10:0.001, j=11:0.001, j=12:0.000, j=13:0.000, j=14:0.001, j=15:0.000, j=16:0.000, j=17:0.000, j=18:0.001, j=19:0.000, j=20:0.000, j=21:0.000, j=22:0.000, j=23:0.000, j=24:0.000, j=25:0.000, j=26:0.000, j=27:0.000, j=28:0.000, j=29:0.000, j=30:0.000, j=31:0.000, j=32:0.000, j=33:0.000, j=34:0.000, j=35:0.000, j=36:0.002, j=37:0.000, j=38:0.000, j=39:0.000, j=40:0.000, j=41:0.000, j=42:0.005, j=43:0.180, j=44:0.651, j=45:0.144
      i=46 -> j=0:0.001, j=1:0.001, j=2:0.001, j=3:0.001, j=4:0.001, j=5:0.001, j=6:0.001, j=7:0.001, j=8:0.001, j=9:0.000, j=10:0.000, j=11:0.000, j=12:0.000, j=13:0.001, j=14:0.001, j=15:0.000, j=16:0.000, j=17:0.000, j=18:0.000, j=19:0.000, j=20:0.000, j=21:0.000, j=22:0.000, j=23:0.000, j=24:0.000, j=25:0.000, j=26:0.000, j=27:0.000, j=28:0.000, j=29:0.000, j=30:0.000, j=31:0.001, j=32:0.000, j=33:0.000, j=34:0.000, j=35:0.000, j=36:0.001, j=37:0.001, j=38:0.001, j=39:0.000, j=40:0.000, j=41:0.000, j=42:0.000, j=43:0.004, j=44:0.189, j=45:0.711, j=46:0.079
      i=47 -> j=0:0.001, j=1:0.002, j=2:0.001, j=3:0.001, j=4:0.001, j=5:0.001, j=6:0.001, j=7:0.001, j=8:0.001, j=9:0.001, j=10:0.001, j=11:0.001, j=12:0.001, j=13:0.001, j=14:0.001, j=15:0.000, j=16:0.000, j=17:0.000, j=18:0.001, j=19:0.000, j=20:0.001, j=21:0.000, j=22:0.000, j=23:0.000, j=24:0.000, j=25:0.000, j=26:0.000, j=27:0.000, j=28:0.000, j=29:0.000, j=30:0.000, j=31:0.001, j=32:0.001, j=33:0.000, j=34:0.000, j=35:0.000, j=36:0.000, j=37:0.000, j=38:0.001, j=39:0.001, j=40:0.000, j=41:0.000, j=42:0.000, j=43:0.000, j=44:0.007, j=45:0.340, j=46:0.525, j=47:0.104
      i=48 -> j=0:0.002, j=1:0.002, j=2:0.003, j=3:0.003, j=4:0.002, j=5:0.001, j=6:0.002, j=7:0.002, j=8:0.002, j=9:0.002, j=10:0.001, j=11:0.001, j=12:0.001, j=13:0.001, j=14:0.002, j=15:0.001, j=16:0.001, j=17:0.000, j=18:0.001, j=19:0.001, j=20:0.001, j=21:0.001, j=22:0.001, j=23:0.000, j=24:0.000, j=25:0.000, j=26:0.000, j=27:0.001, j=28:0.000, j=29:0.000, j=30:0.000, j=31:0.000, j=32:0.001, j=33:0.001, j=34:0.000, j=35:0.000, j=36:0.001, j=37:0.000, j=38:0.001, j=39:0.001, j=40:0.002, j=41:0.000, j=42:0.000, j=43:0.000, j=44:0.000, j=45:0.017, j=46:0.229, j=47:0.596, j=48:0.114
      i=49 -> j=0:0.002, j=1:0.002, j=2:0.003, j=3:0.004, j=4:0.002, j=5:0.002, j=6:0.002, j=7:0.002, j=8:0.002, j=9:0.002, j=10:0.002, j=11:0.001, j=12:0.001, j=13:0.001, j=14:0.002, j=15:0.001, j=16:0.001, j=17:0.001, j=18:0.001, j=19:0.000, j=20:0.001, j=21:0.000, j=22:0.001, j=23:0.001, j=24:0.000, j=25:0.000, j=26:0.000, j=27:0.001, j=28:0.001, j=29:0.001, j=30:0.000, j=31:0.000, j=32:0.000, j=33:0.001, j=34:0.000, j=35:0.000, j=36:0.001, j=37:0.000, j=38:0.000, j=39:0.000, j=40:0.004, j=41:0.001, j=42:0.000, j=43:0.000, j=44:0.000, j=45:0.001, j=46:0.013, j=47:0.234, j=48:0.573, j=49:0.129
      i=50 -> j=0:0.003, j=1:0.002, j=2:0.003, j=3:0.004, j=4:0.002, j=5:0.002, j=6:0.002, j=7:0.002, j=8:0.001, j=9:0.002, j=10:0.002, j=11:0.002, j=12:0.001, j=13:0.001, j=14:0.002, j=15:0.001, j=16:0.001, j=17:0.001, j=18:0.001, j=19:0.001, j=20:0.001, j=21:0.000, j=22:0.001, j=23:0.001, j=24:0.000, j=25:0.000, j=26:0.000, j=27:0.001, j=28:0.000, j=29:0.001, j=30:0.000, j=31:0.001, j=32:0.000, j=33:0.000, j=34:0.000, j=35:0.000, j=36:0.002, j=37:0.000, j=38:0.000, j=39:0.000, j=40:0.002, j=41:0.001, j=42:0.002, j=43:0.000, j=44:0.000, j=45:0.000, j=46:0.000, j=47:0.009, j=48:0.208, j=49:0.598, j=50:0.133
      i=51 -> j=0:0.003, j=1:0.001, j=2:0.002, j=3:0.003, j=4:0.001, j=5:0.001, j=6:0.002, j=7:0.002, j=8:0.001, j=9:0.001, j=10:0.001, j=11:0.001, j=12:0.001, j=13:0.001, j=14:0.002, j=15:0.000, j=16:0.001, j=17:0.001, j=18:0.002, j=19:0.000, j=20:0.000, j=21:0.000, j=22:0.001, j=23:0.001, j=24:0.000, j=25:0.000, j=26:0.000, j=27:0.000, j=28:0.000, j=29:0.001, j=30:0.000, j=31:0.001, j=32:0.000, j=33:0.000, j=34:0.000, j=35:0.000, j=36:0.002, j=37:0.000, j=38:0.000, j=39:0.000, j=40:0.001, j=41:0.000, j=42:0.002, j=43:0.000, j=44:0.000, j=45:0.000, j=46:0.000, j=47:0.000, j=48:0.007, j=49:0.208, j=50:0.639, j=51:0.108
      i=52 -> j=0:0.001, j=1:0.001, j=2:0.001, j=3:0.001, j=4:0.001, j=5:0.001, j=6:0.001, j=7:0.001, j=8:0.001, j=9:0.001, j=10:0.001, j=11:0.001, j=12:0.001, j=13:0.001, j=14:0.001, j=15:0.000, j=16:0.000, j=17:0.000, j=18:0.001, j=19:0.001, j=20:0.000, j=21:0.000, j=22:0.000, j=23:0.000, j=24:0.000, j=25:0.000, j=26:0.000, j=27:0.000, j=28:0.000, j=29:0.000, j=30:0.000, j=31:0.000, j=32:0.000, j=33:0.000, j=34:0.000, j=35:0.000, j=36:0.001, j=37:0.000, j=38:0.000, j=39:0.000, j=40:0.000, j=41:0.000, j=42:0.000, j=43:0.001, j=44:0.000, j=45:0.000, j=46:0.000, j=47:0.000, j=48:0.000, j=49:0.005, j=50:0.138, j=51:0.751, j=52:0.082
      i=53 -> j=0:0.003, j=1:0.003, j=2:0.003, j=3:0.002, j=4:0.002, j=5:0.002, j=6:0.002, j=7:0.003, j=8:0.002, j=9:0.002, j=10:0.001, j=11:0.001, j=12:0.001, j=13:0.002, j=14:0.002, j=15:0.001, j=16:0.001, j=17:0.001, j=18:0.001, j=19:0.001, j=20:0.001, j=21:0.001, j=22:0.001, j=23:0.001, j=24:0.001, j=25:0.001, j=26:0.001, j=27:0.001, j=28:0.000, j=29:0.000, j=30:0.000, j=31:0.001, j=32:0.001, j=33:0.001, j=34:0.000, j=35:0.000, j=36:0.001, j=37:0.000, j=38:0.001, j=39:0.000, j=40:0.001, j=41:0.000, j=42:0.000, j=43:0.000, j=44:0.001, j=45:0.002, j=46:0.000, j=47:0.000, j=48:0.000, j=49:0.000, j=50:0.006, j=51:0.192, j=52:0.670, j=53:0.080
      i=54 -> j=0:0.001, j=1:0.001, j=2:0.002, j=3:0.002, j=4:0.001, j=5:0.001, j=6:0.001, j=7:0.001, j=8:0.001, j=9:0.001, j=10:0.001, j=11:0.001, j=12:0.000, j=13:0.001, j=14:0.002, j=15:0.001, j=16:0.001, j=17:0.000, j=18:0.001, j=19:0.000, j=20:0.001, j=21:0.000, j=22:0.000, j=23:0.000, j=24:0.000, j=25:0.000, j=26:0.000, j=27:0.000, j=28:0.000, j=29:0.000, j=30:0.000, j=31:0.000, j=32:0.000, j=33:0.000, j=34:0.000, j=35:0.000, j=36:0.000, j=37:0.000, j=38:0.000, j=39:0.000, j=40:0.000, j=41:0.000, j=42:0.000, j=43:0.000, j=44:0.000, j=45:0.001, j=46:0.000, j=47:0.000, j=48:0.000, j=49:0.000, j=50:0.000, j=51:0.002, j=52:0.301, j=53:0.506, j=54:0.165
      i=55 -> j=0:0.002, j=1:0.002, j=2:0.003, j=3:0.005, j=4:0.001, j=5:0.001, j=6:0.002, j=7:0.002, j=8:0.001, j=9:0.002, j=10:0.002, j=11:0.001, j=12:0.000, j=13:0.001, j=14:0.004, j=15:0.001, j=16:0.001, j=17:0.000, j=18:0.001, j=19:0.001, j=20:0.001, j=21:0.000, j=22:0.001, j=23:0.001, j=24:0.000, j=25:0.000, j=26:0.000, j=27:0.001, j=28:0.000, j=29:0.001, j=30:0.000, j=31:0.000, j=32:0.000, j=33:0.001, j=34:0.000, j=35:0.000, j=36:0.001, j=37:0.000, j=38:0.000, j=39:0.000, j=40:0.001, j=41:0.000, j=42:0.000, j=43:0.000, j=44:0.000, j=45:0.001, j=46:0.001, j=47:0.000, j=48:0.000, j=49:0.000, j=50:0.000, j=51:0.000, j=52:0.010, j=53:0.267, j=54:0.624, j=55:0.053
      i=56 -> j=0:0.001, j=1:0.001, j=2:0.001, j=3:0.001, j=4:0.001, j=5:0.001, j=6:0.001, j=7:0.001, j=8:0.001, j=9:0.001, j=10:0.001, j=11:0.001, j=12:0.001, j=13:0.001, j=14:0.001, j=15:0.001, j=16:0.001, j=17:0.001, j=18:0.001, j=19:0.000, j=20:0.000, j=21:0.000, j=22:0.001, j=23:0.001, j=24:0.000, j=25:0.000, j=26:0.000, j=27:0.000, j=28:0.000, j=29:0.000, j=30:0.000, j=31:0.000, j=32:0.000, j=33:0.000, j=34:0.000, j=35:0.000, j=36:0.000, j=37:0.000, j=38:0.000, j=39:0.000, j=40:0.000, j=41:0.000, j=42:0.000, j=43:0.000, j=44:0.000, j=45:0.000, j=46:0.000, j=47:0.001, j=48:0.001, j=49:0.000, j=50:0.000, j=51:0.000, j=52:0.000, j=53:0.008, j=54:0.286, j=55:0.596, j=56:0.084
      i=57 -> j=0:0.001, j=1:0.001, j=2:0.001, j=3:0.001, j=4:0.001, j=5:0.002, j=6:0.001, j=7:0.001, j=8:0.001, j=9:0.001, j=10:0.001, j=11:0.001, j=12:0.001, j=13:0.001, j=14:0.001, j=15:0.001, j=16:0.001, j=17:0.001, j=18:0.001, j=19:0.001, j=20:0.000, j=21:0.000, j=22:0.001, j=23:0.001, j=24:0.001, j=25:0.000, j=26:0.000, j=27:0.000, j=28:0.000, j=29:0.000, j=30:0.000, j=31:0.000, j=32:0.000, j=33:0.000, j=34:0.000, j=35:0.000, j=36:0.001, j=37:0.000, j=38:0.000, j=39:0.000, j=40:0.000, j=41:0.000, j=42:0.001, j=43:0.000, j=44:0.000, j=45:0.000, j=46:0.000, j=47:0.000, j=48:0.001, j=49:0.001, j=50:0.000, j=51:0.000, j=52:0.000, j=53:0.000, j=54:0.006, j=55:0.169, j=56:0.720, j=57:0.074
      i=58 -> j=0:0.002, j=1:0.001, j=2:0.001, j=3:0.001, j=4:0.001, j=5:0.001, j=6:0.002, j=7:0.001, j=8:0.001, j=9:0.001, j=10:0.001, j=11:0.001, j=12:0.001, j=13:0.001, j=14:0.001, j=15:0.000, j=16:0.001, j=17:0.001, j=18:0.001, j=19:0.001, j=20:0.001, j=21:0.000, j=22:0.000, j=23:0.001, j=24:0.000, j=25:0.001, j=26:0.000, j=27:0.000, j=28:0.000, j=29:0.000, j=30:0.000, j=31:0.000, j=32:0.000, j=33:0.000, j=34:0.000, j=35:0.000, j=36:0.001, j=37:0.000, j=38:0.000, j=39:0.000, j=40:0.000, j=41:0.000, j=42:0.000, j=43:0.000, j=44:0.000, j=45:0.000, j=46:0.000, j=47:0.000, j=48:0.000, j=49:0.001, j=50:0.000, j=51:0.000, j=52:0.000, j=53:0.000, j=54:0.000, j=55:0.003, j=56:0.309, j=57:0.537, j=58:0.122
      i=59 -> j=0:0.003, j=1:0.003, j=2:0.003, j=3:0.003, j=4:0.001, j=5:0.001, j=6:0.003, j=7:0.003, j=8:0.002, j=9:0.001, j=10:0.001, j=11:0.001, j=12:0.001, j=13:0.002, j=14:0.005, j=15:0.001, j=16:0.001, j=17:0.001, j=18:0.002, j=19:0.001, j=20:0.002, j=21:0.000, j=22:0.001, j=23:0.001, j=24:0.001, j=25:0.001, j=26:0.000, j=27:0.001, j=28:0.000, j=29:0.000, j=30:0.000, j=31:0.001, j=32:0.001, j=33:0.000, j=34:0.000, j=35:0.000, j=36:0.001, j=37:0.000, j=38:0.000, j=39:0.000, j=40:0.001, j=41:0.000, j=42:0.000, j=43:0.000, j=44:0.000, j=45:0.001, j=46:0.000, j=47:0.000, j=48:0.000, j=49:0.000, j=50:0.000, j=51:0.000, j=52:0.000, j=53:0.000, j=54:0.000, j=55:0.000, j=56:0.015, j=57:0.360, j=58:0.503, j=59:0.067
      i=60 -> j=0:0.002, j=1:0.002, j=2:0.003, j=3:0.002, j=4:0.001, j=5:0.001, j=6:0.002, j=7:0.002, j=8:0.002, j=9:0.002, j=10:0.001, j=11:0.001, j=12:0.001, j=13:0.002, j=14:0.002, j=15:0.001, j=16:0.001, j=17:0.001, j=18:0.001, j=19:0.001, j=20:0.002, j=21:0.001, j=22:0.001, j=23:0.001, j=24:0.001, j=25:0.001, j=26:0.001, j=27:0.001, j=28:0.000, j=29:0.000, j=30:0.000, j=31:0.001, j=32:0.001, j=33:0.001, j=34:0.000, j=35:0.000, j=36:0.001, j=37:0.000, j=38:0.000, j=39:0.000, j=40:0.001, j=41:0.000, j=42:0.000, j=43:0.000, j=44:0.000, j=45:0.001, j=46:0.000, j=47:0.000, j=48:0.000, j=49:0.000, j=50:0.000, j=51:0.000, j=52:0.001, j=53:0.000, j=54:0.000, j=55:0.000, j=56:0.000, j=57:0.011, j=58:0.176, j=59:0.652, j=60:0.111
      i=61 -> j=0:0.002, j=1:0.003, j=2:0.003, j=3:0.003, j=4:0.003, j=5:0.002, j=6:0.002, j=7:0.002, j=8:0.003, j=9:0.003, j=10:0.003, j=11:0.002, j=12:0.002, j=13:0.002, j=14:0.003, j=15:0.003, j=16:0.002, j=17:0.002, j=18:0.002, j=19:0.002, j=20:0.002, j=21:0.002, j=22:0.002, j=23:0.001, j=24:0.001, j=25:0.001, j=26:0.001, j=27:0.002, j=28:0.001, j=29:0.001, j=30:0.001, j=31:0.001, j=32:0.001, j=33:0.001, j=34:0.001, j=35:0.001, j=36:0.001, j=37:0.000, j=38:0.000, j=39:0.001, j=40:0.001, j=41:0.001, j=42:0.001, j=43:0.000, j=44:0.000, j=45:0.001, j=46:0.001, j=47:0.001, j=48:0.000, j=49:0.000, j=50:0.000, j=51:0.000, j=52:0.002, j=53:0.002, j=54:0.000, j=55:0.000, j=56:0.000, j=57:0.001, j=58:0.009, j=59:0.236, j=60:0.603, j=61:0.070
      i=62 -> j=0:0.003, j=1:0.002, j=2:0.003, j=3:0.005, j=4:0.003, j=5:0.003, j=6:0.003, j=7:0.003, j=8:0.002, j=9:0.003, j=10:0.003, j=11:0.002, j=12:0.001, j=13:0.002, j=14:0.003, j=15:0.002, j=16:0.003, j=17:0.002, j=18:0.002, j=19:0.001, j=20:0.002, j=21:0.001, j=22:0.002, j=23:0.002, j=24:0.001, j=25:0.001, j=26:0.000, j=27:0.002, j=28:0.001, j=29:0.002, j=30:0.000, j=31:0.001, j=32:0.001, j=33:0.001, j=34:0.000, j=35:0.001, j=36:0.002, j=37:0.000, j=38:0.000, j=39:0.000, j=40:0.001, j=41:0.001, j=42:0.001, j=43:0.000, j=44:0.000, j=45:0.000, j=46:0.001, j=47:0.001, j=48:0.001, j=49:0.000, j=50:0.000, j=51:0.000, j=52:0.001, j=53:0.003, j=54:0.001, j=55:0.000, j=56:0.000, j=57:0.000, j=58:0.000, j=59:0.007, j=60:0.383, j=61:0.445, j=62:0.082
      i=63 -> j=0:0.003, j=1:0.002, j=2:0.002, j=3:0.003, j=4:0.003, j=5:0.003, j=6:0.003, j=7:0.002, j=8:0.002, j=9:0.002, j=10:0.002, j=11:0.002, j=12:0.002, j=13:0.002, j=14:0.002, j=15:0.001, j=16:0.002, j=17:0.002, j=18:0.002, j=19:0.001, j=20:0.001, j=21:0.001, j=22:0.002, j=23:0.002, j=24:0.001, j=25:0.001, j=26:0.001, j=27:0.001, j=28:0.001, j=29:0.001, j=30:0.001, j=31:0.001, j=32:0.000, j=33:0.000, j=34:0.000, j=35:0.001, j=36:0.001, j=37:0.000, j=38:0.000, j=39:0.000, j=40:0.001, j=41:0.001, j=42:0.001, j=43:0.000, j=44:0.000, j=45:0.000, j=46:0.000, j=47:0.000, j=48:0.001, j=49:0.000, j=50:0.000, j=51:0.000, j=52:0.000, j=53:0.001, j=54:0.001, j=55:0.001, j=56:0.000, j=57:0.000, j=58:0.000, j=59:0.000, j=60:0.015, j=61:0.198, j=62:0.568, j=63:0.151
    Average attention per distance:
      d=0:0.117, d=1:0.637, d=2:0.238


======================================================================
QK Property Verification (Raw Scores, before Softmax)
======================================================================
Recurrence order init_len=2, num test sequences=1

--- [P1] Long-distance Orthogonality Verification ---
Ideal: raw_score mean ≈ 0 and small std when d > init_len

  Layer 0, Head 0:
    d= 1 (effective): mean= 14.010, std= 0.310, n=63
    d= 2 (effective): mean= 11.471, std= 0.213, n=62
    d>2 (long-distance): mean= -0.685, std= 2.089, n=1891

  Layer 1, Head 0:
    d= 1 (effective): mean=  5.487, std= 0.718, n=63
    d= 2 (effective): mean=  4.484, std= 0.581, n=62
    d>2 (long-distance): mean= -2.020, std= 1.439, n=1891

--- [P2] Time-homogeneous Verification ---
Ideal: CV of raw_score across positions i ≈ 0 for fixed distance d
(CV = std / |mean|, smaller = more constant)

  Layer 0, Head 0:
    d= 1: mean= 14.010, std= 0.310, CV=0.022, n=63
    d= 2: mean= 11.471, std= 0.213, CV=0.019, n=62

  Layer 1, Head 0:
    d= 1: mean=  5.487, std= 0.718, CV=0.131, n=63
    d= 2: mean=  4.484, std= 0.581, CV=0.130, n=62

======================================================================
QK Property Verification Completed
======================================================================
