=== Experiment: mixed_basic_d256l2_r32_t32_c0.5 ===
Time: 2026-06-17T16:56:22.238486
Task type: mixed_ab
Merged config: {
  "P": 53,
  "TASK": "mixed_ab",
  "NUM_MASK": 2,
  "A": 1,
  "B": 1,
  "AB_PAIRS": [
    [
      1,
      1
    ],
    [
      1,
      2
    ]
  ],
  "D_MODEL": 256,
  "N_HEAD": 1,
  "N_LAYER": 2,
  "BATCH_SIZE": 128,
  "EPOCHS": 10000,
  "LR": 0.0003,
  "SAVE_PATH": "models/mixed_basic_d256l2_r32_t32_c0.5.pth",
  "USE_GREEDY_GENERATE": true,
  "USE_LEARNABLE_PE": false,
  "MLP_RATIO": 32,
  "TRAIN_LEN": 32,
  "OOD_LEN": 64,
  "DROPOUT": 0.0,
  "TARGET_INIT_COVERAGE": 0.5,
  "MAX_UNIQUE_RATIO": 0.5,
  "WEIGHT_DECAY": 1,
  "ENTROPY_PENALTY_WEIGHT": 0.0,
  "FIRST_TASK_WEIGHT": 1.0,
  "RANDOM_SEED": 42,
  "EVAL_INTERVAL": 20,
  "EARLY_STOP_NO_IMPROVE": 2000,
  "EARLY_STOP_ACCURACY": 0.99,
  "USE_AB_TAG": false,
  "USE_CONDITIONAL_WTE": false,
  "COND_WTE_SHARED_RATIO": 0.0
}
--- output ---
Using device: cuda

[Dataset] Mixed mode: generated 2810 + 2808 samples, length 32
AB parameter pairs: [(1, 1), (1, 2)]
--------------------------------------------------
[Model config] block_size: 64, train length: 32
[Number theory] AB parameter pairs: [(1, 1), (1, 2)]


Model parameters: 8.98M

Start training...
Epoch   0 | Train: Loss=4.0325 Acc=9.7% | Test: Acc=0.2% | Best=0.2%(@0)
  from x3: 0.01 0.00 0.00 0.00 0.00 0.00 0.00 0.00 0.00 0.00 0.00 0.00 0.00 0.00 0.00 0.00 0.00 0.00 0.00 0.00 0.00 0.00 0.00 0.00 0.00 0.00 0.00 0.00 0.00
  per-rule acc: 0.00 0.00
Epoch  20 | Train: Loss=0.0462 Acc=99.7% | Test: Acc=1.4% | Best=1.4%(@20)
  from x3: 0.02 0.01 0.01 0.01 0.01 0.01 0.01 0.01 0.01 0.02 0.01 0.01 0.01 0.01 0.01 0.01 0.01 0.01 0.01 0.01 0.01 0.01 0.01 0.01 0.01 0.01 0.01 0.01 0.01
  per-rule acc: 0.01 0.02
Epoch  40 | Train: Loss=0.0084 Acc=100.0% | Test: Acc=1.3% | Best=1.4%(@20)
  from x3: 0.02 0.01 0.01 0.01 0.01 0.01 0.01 0.01 0.01 0.01 0.01 0.01 0.01 0.01 0.01 0.01 0.01 0.01 0.01 0.01 0.01 0.01 0.01 0.01 0.01 0.01 0.01 0.01 0.01
  per-rule acc: 0.01 0.02
Epoch  60 | Train: Loss=0.0258 Acc=99.7% | Test: Acc=1.3% | Best=1.4%(@20)
  from x3: 0.02 0.01 0.01 0.01 0.01 0.01 0.01 0.01 0.01 0.01 0.01 0.01 0.01 0.01 0.01 0.01 0.01 0.01 0.01 0.01 0.01 0.01 0.01 0.01 0.01 0.01 0.01 0.01 0.01
  per-rule acc: 0.01 0.02
Epoch  80 | Train: Loss=0.0218 Acc=99.8% | Test: Acc=1.5% | Best=1.5%(@80)
  from x3: 0.01 0.01 0.02 0.02 0.01 0.02 0.01 0.02 0.02 0.02 0.01 0.01 0.01 0.02 0.02 0.02 0.02 0.02 0.02 0.02 0.02 0.02 0.02 0.01 0.02 0.02 0.02 0.01 0.02
  per-rule acc: 0.01 0.02
Epoch 100 | Train: Loss=0.0059 Acc=100.0% | Test: Acc=1.5% | Best=1.5%(@80)
  from x3: 0.02 0.02 0.02 0.02 0.02 0.02 0.02 0.02 0.02 0.02 0.02 0.02 0.02 0.02 0.02 0.01 0.01 0.01 0.01 0.01 0.01 0.01 0.01 0.01 0.01 0.01 0.01 0.01 0.01
  per-rule acc: 0.01 0.02
Epoch 120 | Train: Loss=0.0056 Acc=100.0% | Test: Acc=1.6% | Best=1.6%(@120)
  from x3: 0.02 0.02 0.02 0.01 0.02 0.01 0.01 0.02 0.02 0.02 0.02 0.02 0.02 0.02 0.02 0.02 0.02 0.02 0.02 0.02 0.02 0.02 0.02 0.02 0.02 0.02 0.02 0.02 0.02
  per-rule acc: 0.01 0.02
Epoch 140 | Train: Loss=0.0058 Acc=99.9% | Test: Acc=1.5% | Best=1.6%(@120)
  from x3: 0.02 0.02 0.02 0.02 0.02 0.02 0.02 0.02 0.02 0.02 0.02 0.02 0.02 0.02 0.01 0.02 0.02 0.02 0.02 0.02 0.02 0.02 0.01 0.01 0.01 0.01 0.02 0.01 0.01
  per-rule acc: 0.01 0.02
Epoch 160 | Train: Loss=0.0478 Acc=99.8% | Test: Acc=1.9% | Best=1.9%(@160)
  from x3: 0.02 0.02 0.02 0.02 0.02 0.02 0.02 0.02 0.02 0.02 0.02 0.02 0.02 0.02 0.02 0.02 0.02 0.02 0.02 0.02 0.02 0.02 0.02 0.02 0.02 0.02 0.02 0.02 0.02
  per-rule acc: 0.02 0.02
Epoch 180 | Train: Loss=0.0045 Acc=100.0% | Test: Acc=1.7% | Best=1.9%(@160)
  from x3: 0.02 0.02 0.02 0.02 0.02 0.02 0.02 0.02 0.02 0.02 0.02 0.02 0.02 0.02 0.02 0.02 0.02 0.02 0.02 0.02 0.02 0.02 0.02 0.02 0.02 0.02 0.02 0.02 0.02
  per-rule acc: 0.01 0.02
Epoch 200 | Train: Loss=0.0354 Acc=99.6% | Test: Acc=2.2% | Best=2.2%(@200)
  from x3: 0.02 0.02 0.02 0.02 0.02 0.02 0.02 0.02 0.02 0.02 0.02 0.02 0.02 0.02 0.02 0.02 0.02 0.02 0.02 0.02 0.02 0.02 0.02 0.02 0.02 0.02 0.02 0.02 0.02
  per-rule acc: 0.02 0.03
Epoch 220 | Train: Loss=0.0148 Acc=99.9% | Test: Acc=2.2% | Best=2.2%(@200)
  from x3: 0.02 0.02 0.02 0.02 0.02 0.02 0.02 0.02 0.02 0.02 0.02 0.02 0.02 0.02 0.02 0.02 0.02 0.02 0.02 0.02 0.02 0.02 0.02 0.02 0.02 0.02 0.02 0.02 0.02
  per-rule acc: 0.02 0.02
Epoch 240 | Train: Loss=0.0079 Acc=99.9% | Test: Acc=2.2% | Best=2.2%(@200)
  from x3: 0.02 0.02 0.02 0.02 0.02 0.02 0.02 0.02 0.02 0.02 0.02 0.02 0.02 0.02 0.02 0.02 0.02 0.02 0.02 0.02 0.02 0.02 0.02 0.02 0.02 0.02 0.02 0.02 0.02
  per-rule acc: 0.02 0.02
Epoch 260 | Train: Loss=0.0493 Acc=99.5% | Test: Acc=2.4% | Best=2.4%(@260)
  from x3: 0.02 0.02 0.02 0.03 0.03 0.03 0.03 0.03 0.03 0.03 0.03 0.02 0.02 0.02 0.02 0.02 0.02 0.02 0.02 0.02 0.02 0.02 0.02 0.02 0.02 0.02 0.02 0.02 0.02
  per-rule acc: 0.03 0.02
Epoch 280 | Train: Loss=0.0040 Acc=100.0% | Test: Acc=2.2% | Best=2.4%(@260)
  from x3: 0.03 0.02 0.02 0.02 0.02 0.02 0.02 0.02 0.02 0.02 0.02 0.02 0.02 0.02 0.02 0.02 0.02 0.02 0.02 0.02 0.02 0.02 0.02 0.02 0.02 0.02 0.02 0.02 0.02
  per-rule acc: 0.02 0.02
Epoch 300 | Train: Loss=0.0114 Acc=99.9% | Test: Acc=2.4% | Best=2.4%(@260)
  from x3: 0.03 0.03 0.02 0.02 0.02 0.02 0.02 0.03 0.02 0.02 0.02 0.02 0.02 0.02 0.02 0.02 0.02 0.02 0.02 0.02 0.02 0.02 0.02 0.02 0.02 0.02 0.02 0.02 0.02
  per-rule acc: 0.02 0.02
Epoch 320 | Train: Loss=0.0048 Acc=99.9% | Test: Acc=2.7% | Best=2.7%(@320)
  from x3: 0.03 0.03 0.03 0.03 0.03 0.03 0.03 0.03 0.03 0.03 0.03 0.03 0.03 0.03 0.03 0.03 0.03 0.03 0.03 0.03 0.03 0.03 0.03 0.03 0.03 0.03 0.03 0.03 0.03
  per-rule acc: 0.02 0.03
Epoch 340 | Train: Loss=0.0040 Acc=100.0% | Test: Acc=2.5% | Best=2.7%(@320)
  from x3: 0.03 0.03 0.02 0.02 0.03 0.02 0.02 0.02 0.02 0.02 0.03 0.03 0.03 0.02 0.03 0.03 0.03 0.03 0.03 0.02 0.03 0.02 0.02 0.02 0.02 0.02 0.02 0.02 0.03
  per-rule acc: 0.02 0.03
Epoch 360 | Train: Loss=0.0084 Acc=99.9% | Test: Acc=3.3% | Best=3.3%(@360)
  from x3: 0.04 0.03 0.03 0.03 0.03 0.04 0.03 0.04 0.03 0.03 0.03 0.03 0.03 0.03 0.03 0.03 0.03 0.03 0.03 0.03 0.03 0.03 0.03 0.03 0.03 0.03 0.03 0.03 0.03
  per-rule acc: 0.03 0.04
Epoch 380 | Train: Loss=0.0093 Acc=99.9% | Test: Acc=3.5% | Best=3.5%(@380)
  from x3: 0.03 0.03 0.03 0.03 0.04 0.03 0.03 0.03 0.03 0.04 0.04 0.04 0.04 0.04 0.04 0.04 0.04 0.04 0.04 0.04 0.04 0.04 0.04 0.04 0.04 0.04 0.03 0.04 0.04
  per-rule acc: 0.04 0.03
Epoch 400 | Train: Loss=0.0037 Acc=100.0% | Test: Acc=3.1% | Best=3.5%(@380)
  from x3: 0.04 0.03 0.03 0.03 0.03 0.03 0.03 0.03 0.03 0.03 0.03 0.03 0.03 0.03 0.03 0.03 0.03 0.03 0.03 0.03 0.03 0.03 0.03 0.03 0.03 0.03 0.03 0.03 0.03
  per-rule acc: 0.03 0.03
Epoch 420 | Train: Loss=0.0085 Acc=99.9% | Test: Acc=3.7% | Best=3.7%(@420)
  from x3: 0.04 0.03 0.03 0.04 0.04 0.04 0.04 0.04 0.04 0.04 0.04 0.04 0.04 0.04 0.04 0.04 0.04 0.04 0.04 0.04 0.04 0.04 0.04 0.04 0.04 0.04 0.04 0.04 0.04
  per-rule acc: 0.04 0.04
Epoch 440 | Train: Loss=0.0033 Acc=100.0% | Test: Acc=3.6% | Best=3.7%(@420)
  from x3: 0.04 0.03 0.04 0.04 0.04 0.04 0.04 0.04 0.04 0.04 0.04 0.04 0.04 0.04 0.04 0.04 0.04 0.04 0.04 0.04 0.04 0.04 0.04 0.04 0.04 0.04 0.04 0.04 0.04
  per-rule acc: 0.04 0.04
Epoch 460 | Train: Loss=0.0041 Acc=100.0% | Test: Acc=3.4% | Best=3.7%(@420)
  from x3: 0.04 0.03 0.03 0.03 0.03 0.03 0.04 0.03 0.03 0.03 0.04 0.03 0.03 0.03 0.03 0.03 0.03 0.03 0.03 0.03 0.03 0.03 0.03 0.03 0.03 0.03 0.03 0.03 0.03
  per-rule acc: 0.03 0.03
Epoch 480 | Train: Loss=0.0200 Acc=99.8% | Test: Acc=3.8% | Best=3.8%(@480)
  from x3: 0.04 0.04 0.04 0.04 0.04 0.04 0.04 0.04 0.04 0.04 0.04 0.04 0.04 0.04 0.04 0.04 0.04 0.04 0.04 0.04 0.04 0.04 0.04 0.04 0.04 0.04 0.04 0.04 0.04
  per-rule acc: 0.04 0.04
Epoch 500 | Train: Loss=0.0036 Acc=100.0% | Test: Acc=3.5% | Best=3.8%(@480)
  from x3: 0.04 0.03 0.03 0.03 0.03 0.03 0.03 0.04 0.04 0.04 0.04 0.04 0.03 0.03 0.04 0.03 0.03 0.03 0.03 0.03 0.03 0.03 0.04 0.03 0.03 0.04 0.03 0.03 0.03
  per-rule acc: 0.03 0.04
Epoch 520 | Train: Loss=0.0150 Acc=99.8% | Test: Acc=4.0% | Best=4.0%(@520)
  from x3: 0.04 0.04 0.04 0.04 0.04 0.04 0.04 0.04 0.04 0.04 0.04 0.04 0.04 0.04 0.04 0.04 0.04 0.04 0.04 0.04 0.04 0.04 0.04 0.04 0.04 0.04 0.04 0.04 0.04
  per-rule acc: 0.05 0.03
Epoch 540 | Train: Loss=0.0183 Acc=99.8% | Test: Acc=3.8% | Best=4.0%(@520)
  from x3: 0.04 0.04 0.04 0.04 0.04 0.04 0.04 0.04 0.04 0.04 0.04 0.04 0.04 0.04 0.04 0.04 0.04 0.04 0.04 0.04 0.04 0.04 0.04 0.04 0.04 0.04 0.04 0.04 0.04
  per-rule acc: 0.04 0.04
Epoch 560 | Train: Loss=0.0034 Acc=100.0% | Test: Acc=4.1% | Best=4.1%(@560)
  from x3: 0.04 0.03 0.04 0.04 0.04 0.04 0.04 0.04 0.04 0.04 0.04 0.04 0.04 0.04 0.04 0.04 0.04 0.04 0.04 0.04 0.04 0.04 0.04 0.04 0.04 0.04 0.04 0.04 0.04
  per-rule acc: 0.04 0.04
Epoch 580 | Train: Loss=0.0296 Acc=99.6% | Test: Acc=4.3% | Best=4.3%(@580)
  from x3: 0.04 0.04 0.04 0.04 0.04 0.04 0.04 0.04 0.04 0.04 0.04 0.04 0.04 0.04 0.04 0.04 0.04 0.04 0.04 0.04 0.04 0.04 0.04 0.04 0.04 0.04 0.04 0.04 0.04
  per-rule acc: 0.04 0.04
Epoch 600 | Train: Loss=0.0095 Acc=99.9% | Test: Acc=5.0% | Best=5.0%(@600)
  from x3: 0.05 0.05 0.05 0.05 0.05 0.05 0.05 0.05 0.05 0.05 0.05 0.05 0.05 0.05 0.05 0.05 0.05 0.05 0.05 0.05 0.05 0.05 0.05 0.05 0.05 0.05 0.05 0.05 0.05
  per-rule acc: 0.05 0.05
Epoch 620 | Train: Loss=0.0034 Acc=100.0% | Test: Acc=4.3% | Best=5.0%(@600)
  from x3: 0.05 0.04 0.04 0.04 0.04 0.04 0.04 0.04 0.04 0.04 0.04 0.04 0.04 0.04 0.04 0.04 0.04 0.04 0.04 0.04 0.04 0.04 0.04 0.04 0.04 0.04 0.04 0.04 0.04
  per-rule acc: 0.04 0.04
Epoch 640 | Train: Loss=0.0227 Acc=99.8% | Test: Acc=4.1% | Best=5.0%(@600)
  from x3: 0.05 0.04 0.04 0.04 0.04 0.04 0.04 0.04 0.04 0.04 0.04 0.04 0.04 0.04 0.04 0.04 0.04 0.04 0.04 0.04 0.04 0.04 0.04 0.04 0.04 0.04 0.04 0.04 0.04
  per-rule acc: 0.04 0.04
Epoch 660 | Train: Loss=0.0029 Acc=100.0% | Test: Acc=4.6% | Best=5.0%(@600)
  from x3: 0.05 0.04 0.04 0.05 0.05 0.05 0.05 0.05 0.05 0.05 0.05 0.05 0.05 0.05 0.05 0.05 0.05 0.05 0.05 0.05 0.05 0.05 0.05 0.05 0.05 0.05 0.05 0.05 0.05
  per-rule acc: 0.05 0.04
Epoch 680 | Train: Loss=0.0447 Acc=99.6% | Test: Acc=4.6% | Best=5.0%(@600)
  from x3: 0.04 0.05 0.05 0.05 0.05 0.05 0.05 0.05 0.04 0.05 0.05 0.05 0.05 0.05 0.05 0.04 0.05 0.05 0.05 0.04 0.05 0.05 0.04 0.05 0.05 0.05 0.05 0.05 0.05
  per-rule acc: 0.05 0.04
Epoch 700 | Train: Loss=0.0113 Acc=99.9% | Test: Acc=4.7% | Best=5.0%(@600)
  from x3: 0.05 0.05 0.05 0.05 0.05 0.05 0.05 0.05 0.05 0.05 0.05 0.05 0.05 0.05 0.05 0.05 0.05 0.05 0.05 0.05 0.05 0.05 0.05 0.05 0.05 0.05 0.05 0.05 0.05
  per-rule acc: 0.05 0.05
Epoch 720 | Train: Loss=0.0035 Acc=100.0% | Test: Acc=5.2% | Best=5.2%(@720)
  from x3: 0.05 0.05 0.06 0.05 0.05 0.05 0.05 0.05 0.05 0.05 0.05 0.05 0.05 0.05 0.05 0.05 0.05 0.05 0.05 0.05 0.05 0.05 0.05 0.05 0.05 0.05 0.05 0.05 0.05
  per-rule acc: 0.05 0.05
Epoch 740 | Train: Loss=0.0041 Acc=100.0% | Test: Acc=4.9% | Best=5.2%(@720)
  from x3: 0.05 0.05 0.05 0.05 0.05 0.05 0.05 0.05 0.05 0.05 0.05 0.05 0.05 0.05 0.05 0.05 0.05 0.05 0.05 0.05 0.05 0.05 0.05 0.05 0.05 0.05 0.05 0.05 0.05
  per-rule acc: 0.05 0.05
Epoch 760 | Train: Loss=0.0135 Acc=99.9% | Test: Acc=5.3% | Best=5.3%(@760)
  from x3: 0.05 0.05 0.06 0.06 0.05 0.05 0.05 0.05 0.05 0.05 0.05 0.05 0.05 0.05 0.05 0.05 0.05 0.05 0.05 0.05 0.05 0.05 0.05 0.05 0.05 0.05 0.05 0.05 0.05
  per-rule acc: 0.06 0.05
Epoch 780 | Train: Loss=0.0099 Acc=99.9% | Test: Acc=5.3% | Best=5.3%(@760)
  from x3: 0.06 0.05 0.05 0.05 0.05 0.05 0.05 0.05 0.05 0.05 0.05 0.05 0.05 0.05 0.05 0.05 0.05 0.05 0.05 0.05 0.05 0.05 0.05 0.05 0.05 0.05 0.05 0.05 0.05
  per-rule acc: 0.06 0.05
Epoch 800 | Train: Loss=0.0034 Acc=100.0% | Test: Acc=4.8% | Best=5.3%(@760)
  from x3: 0.05 0.05 0.05 0.05 0.05 0.05 0.05 0.05 0.05 0.05 0.05 0.05 0.05 0.05 0.05 0.05 0.05 0.05 0.05 0.05 0.05 0.05 0.05 0.05 0.05 0.05 0.05 0.05 0.05
  per-rule acc: 0.05 0.05
Epoch 820 | Train: Loss=0.0079 Acc=99.9% | Test: Acc=5.9% | Best=5.9%(@820)
  from x3: 0.06 0.06 0.06 0.06 0.06 0.06 0.06 0.06 0.06 0.06 0.06 0.06 0.06 0.06 0.06 0.06 0.06 0.06 0.06 0.06 0.06 0.06 0.06 0.06 0.06 0.06 0.06 0.06 0.06
  per-rule acc: 0.06 0.06
Epoch 840 | Train: Loss=0.0138 Acc=99.9% | Test: Acc=5.8% | Best=5.9%(@820)
  from x3: 0.06 0.06 0.06 0.06 0.06 0.06 0.06 0.06 0.06 0.06 0.06 0.06 0.06 0.06 0.06 0.06 0.06 0.06 0.06 0.06 0.06 0.06 0.06 0.06 0.06 0.06 0.06 0.06 0.06
  per-rule acc: 0.06 0.06
Epoch 860 | Train: Loss=0.0029 Acc=100.0% | Test: Acc=5.2% | Best=5.9%(@820)
  from x3: 0.05 0.05 0.05 0.05 0.05 0.05 0.05 0.05 0.05 0.05 0.05 0.05 0.05 0.05 0.05 0.05 0.05 0.05 0.05 0.05 0.05 0.05 0.05 0.05 0.05 0.05 0.05 0.05 0.05
  per-rule acc: 0.05 0.05
Epoch 880 | Train: Loss=0.0366 Acc=99.9% | Test: Acc=5.6% | Best=5.9%(@820)
  from x3: 0.06 0.06 0.06 0.05 0.06 0.05 0.05 0.06 0.06 0.06 0.06 0.06 0.06 0.06 0.06 0.06 0.06 0.06 0.05 0.05 0.06 0.05 0.06 0.06 0.05 0.06 0.06 0.06 0.06
  per-rule acc: 0.05 0.06
Epoch 900 | Train: Loss=0.0062 Acc=100.0% | Test: Acc=6.0% | Best=6.0%(@900)
  from x3: 0.06 0.06 0.06 0.06 0.06 0.06 0.06 0.06 0.06 0.06 0.06 0.06 0.06 0.06 0.06 0.06 0.06 0.06 0.06 0.06 0.06 0.06 0.06 0.06 0.06 0.06 0.06 0.06 0.06
  per-rule acc: 0.06 0.06
Epoch 920 | Train: Loss=0.0046 Acc=100.0% | Test: Acc=4.9% | Best=6.0%(@900)
  from x3: 0.05 0.05 0.05 0.05 0.05 0.05 0.05 0.05 0.05 0.05 0.05 0.05 0.05 0.05 0.05 0.05 0.05 0.05 0.05 0.05 0.05 0.05 0.05 0.05 0.05 0.05 0.05 0.05 0.05
  per-rule acc: 0.05 0.05
Epoch 940 | Train: Loss=0.0191 Acc=99.7% | Test: Acc=6.6% | Best=6.6%(@940)
  from x3: 0.06 0.07 0.07 0.07 0.07 0.07 0.07 0.07 0.06 0.07 0.07 0.07 0.07 0.07 0.06 0.06 0.06 0.06 0.06 0.07 0.06 0.07 0.07 0.06 0.06 0.06 0.07 0.07 0.07
  per-rule acc: 0.07 0.07
Epoch 960 | Train: Loss=0.0032 Acc=100.0% | Test: Acc=5.6% | Best=6.6%(@940)
  from x3: 0.06 0.06 0.06 0.06 0.06 0.06 0.06 0.06 0.06 0.06 0.06 0.06 0.06 0.06 0.06 0.06 0.06 0.06 0.06 0.06 0.06 0.06 0.06 0.06 0.05 0.05 0.05 0.05 0.06
  per-rule acc: 0.06 0.06
Epoch 980 | Train: Loss=0.0261 Acc=99.8% | Test: Acc=5.9% | Best=6.6%(@940)
  from x3: 0.06 0.06 0.06 0.06 0.06 0.06 0.06 0.06 0.06 0.06 0.06 0.06 0.06 0.06 0.06 0.06 0.06 0.06 0.06 0.06 0.06 0.06 0.06 0.06 0.06 0.06 0.06 0.06 0.06
  per-rule acc: 0.06 0.05
Epoch 1000 | Train: Loss=0.0080 Acc=99.9% | Test: Acc=6.2% | Best=6.6%(@940)
  from x3: 0.06 0.06 0.06 0.06 0.06 0.06 0.06 0.06 0.06 0.06 0.06 0.06 0.06 0.06 0.06 0.06 0.06 0.06 0.06 0.06 0.06 0.06 0.06 0.06 0.06 0.06 0.06 0.06 0.06
  per-rule acc: 0.06 0.06
Epoch 1020 | Train: Loss=0.0134 Acc=99.9% | Test: Acc=5.7% | Best=6.6%(@940)
  from x3: 0.06 0.06 0.06 0.06 0.06 0.06 0.06 0.06 0.06 0.06 0.06 0.06 0.06 0.06 0.06 0.06 0.06 0.06 0.06 0.06 0.06 0.06 0.06 0.06 0.06 0.06 0.06 0.06 0.06
  per-rule acc: 0.06 0.06
Epoch 1040 | Train: Loss=0.0028 Acc=100.0% | Test: Acc=6.1% | Best=6.6%(@940)
  from x3: 0.06 0.06 0.06 0.06 0.06 0.06 0.06 0.06 0.06 0.06 0.06 0.06 0.06 0.06 0.06 0.06 0.06 0.06 0.06 0.06 0.06 0.06 0.06 0.06 0.06 0.06 0.06 0.06 0.06
  per-rule acc: 0.06 0.06
Epoch 1060 | Train: Loss=0.0293 Acc=99.9% | Test: Acc=5.3% | Best=6.6%(@940)
  from x3: 0.05 0.05 0.06 0.06 0.06 0.05 0.05 0.06 0.05 0.05 0.05 0.05 0.05 0.05 0.05 0.05 0.05 0.05 0.05 0.05 0.05 0.05 0.05 0.05 0.05 0.05 0.05 0.05 0.05
  per-rule acc: 0.05 0.05
Epoch 1080 | Train: Loss=0.0122 Acc=99.9% | Test: Acc=6.3% | Best=6.6%(@940)
  from x3: 0.06 0.07 0.07 0.06 0.06 0.06 0.06 0.06 0.06 0.06 0.06 0.06 0.06 0.06 0.06 0.06 0.06 0.06 0.06 0.06 0.06 0.06 0.06 0.06 0.06 0.06 0.06 0.06 0.06
  per-rule acc: 0.07 0.06
Epoch 1100 | Train: Loss=0.0040 Acc=100.0% | Test: Acc=5.5% | Best=6.6%(@940)
  from x3: 0.06 0.06 0.06 0.06 0.06 0.06 0.06 0.06 0.06 0.06 0.06 0.06 0.06 0.06 0.06 0.06 0.05 0.05 0.06 0.05 0.05 0.05 0.05 0.05 0.05 0.05 0.05 0.05 0.05
  per-rule acc: 0.05 0.06
Epoch 1120 | Train: Loss=0.0134 Acc=99.9% | Test: Acc=6.2% | Best=6.6%(@940)
  from x3: 0.06 0.07 0.06 0.06 0.06 0.06 0.06 0.06 0.06 0.06 0.06 0.06 0.06 0.06 0.06 0.06 0.06 0.06 0.06 0.06 0.06 0.06 0.06 0.06 0.06 0.06 0.06 0.06 0.06
  per-rule acc: 0.06 0.06
Epoch 1140 | Train: Loss=0.0071 Acc=100.0% | Test: Acc=5.4% | Best=6.6%(@940)
  from x3: 0.06 0.06 0.06 0.05 0.06 0.05 0.05 0.05 0.05 0.06 0.05 0.05 0.05 0.05 0.05 0.05 0.05 0.05 0.05 0.05 0.05 0.05 0.05 0.05 0.05 0.05 0.05 0.05 0.05
  per-rule acc: 0.05 0.06
Epoch 1160 | Train: Loss=0.0080 Acc=100.0% | Test: Acc=5.6% | Best=6.6%(@940)
  from x3: 0.06 0.06 0.06 0.06 0.05 0.06 0.05 0.06 0.06 0.06 0.06 0.06 0.06 0.06 0.06 0.06 0.06 0.05 0.05 0.06 0.05 0.06 0.05 0.05 0.05 0.05 0.05 0.05 0.05
  per-rule acc: 0.06 0.05
Epoch 1180 | Train: Loss=0.0056 Acc=99.9% | Test: Acc=5.8% | Best=6.6%(@940)
  from x3: 0.06 0.06 0.06 0.06 0.06 0.06 0.06 0.06 0.06 0.06 0.06 0.06 0.06 0.06 0.06 0.06 0.06 0.06 0.06 0.06 0.06 0.06 0.06 0.06 0.06 0.06 0.05 0.06 0.06
  per-rule acc: 0.06 0.06
Epoch 1200 | Train: Loss=0.0057 Acc=99.9% | Test: Acc=5.6% | Best=6.6%(@940)
  from x3: 0.05 0.06 0.06 0.06 0.06 0.06 0.06 0.06 0.06 0.06 0.05 0.05 0.05 0.05 0.05 0.06 0.05 0.06 0.05 0.06 0.06 0.06 0.06 0.06 0.06 0.06 0.06 0.06 0.06
  per-rule acc: 0.05 0.06
Epoch 1220 | Train: Loss=0.0101 Acc=99.9% | Test: Acc=5.9% | Best=6.6%(@940)
  from x3: 0.06 0.06 0.06 0.06 0.06 0.06 0.06 0.06 0.06 0.06 0.06 0.06 0.06 0.06 0.06 0.06 0.06 0.06 0.06 0.06 0.06 0.06 0.06 0.06 0.06 0.06 0.06 0.06 0.06
  per-rule acc: 0.06 0.06
Epoch 1240 | Train: Loss=0.0033 Acc=100.0% | Test: Acc=6.0% | Best=6.6%(@940)
  from x3: 0.06 0.06 0.06 0.06 0.06 0.06 0.06 0.06 0.06 0.06 0.06 0.06 0.06 0.06 0.06 0.06 0.06 0.06 0.06 0.06 0.06 0.06 0.06 0.06 0.06 0.06 0.06 0.06 0.06
  per-rule acc: 0.06 0.06
Epoch 1260 | Train: Loss=0.0209 Acc=99.9% | Test: Acc=5.8% | Best=6.6%(@940)
  from x3: 0.06 0.06 0.06 0.06 0.06 0.06 0.06 0.06 0.06 0.06 0.06 0.06 0.06 0.06 0.06 0.06 0.06 0.06 0.06 0.06 0.06 0.06 0.06 0.06 0.06 0.06 0.06 0.06 0.06
  per-rule acc: 0.06 0.06
Epoch 1280 | Train: Loss=0.0066 Acc=99.9% | Test: Acc=6.3% | Best=6.6%(@940)
  from x3: 0.06 0.06 0.06 0.06 0.06 0.06 0.06 0.06 0.06 0.06 0.06 0.06 0.06 0.06 0.06 0.06 0.06 0.06 0.06 0.06 0.06 0.06 0.06 0.06 0.06 0.06 0.06 0.06 0.06
  per-rule acc: 0.06 0.07
Epoch 1300 | Train: Loss=0.0094 Acc=99.9% | Test: Acc=6.2% | Best=6.6%(@940)
  from x3: 0.06 0.06 0.06 0.06 0.06 0.06 0.06 0.06 0.06 0.06 0.06 0.06 0.06 0.06 0.06 0.06 0.06 0.06 0.06 0.06 0.06 0.06 0.06 0.06 0.06 0.06 0.06 0.06 0.06
  per-rule acc: 0.07 0.06
Epoch 1320 | Train: Loss=0.0044 Acc=100.0% | Test: Acc=6.2% | Best=6.6%(@940)
  from x3: 0.06 0.07 0.06 0.06 0.06 0.06 0.06 0.06 0.06 0.06 0.06 0.06 0.06 0.06 0.06 0.06 0.06 0.06 0.06 0.06 0.06 0.06 0.06 0.06 0.06 0.06 0.06 0.06 0.06
  per-rule acc: 0.06 0.06
Epoch 1340 | Train: Loss=0.0059 Acc=99.9% | Test: Acc=6.2% | Best=6.6%(@940)
  from x3: 0.06 0.06 0.06 0.06 0.06 0.06 0.06 0.06 0.06 0.06 0.06 0.06 0.06 0.06 0.06 0.06 0.06 0.06 0.06 0.06 0.06 0.06 0.06 0.06 0.06 0.06 0.06 0.06 0.06
  per-rule acc: 0.06 0.07
Epoch 1360 | Train: Loss=0.0130 Acc=99.9% | Test: Acc=7.1% | Best=7.1%(@1360)
  from x3: 0.06 0.07 0.07 0.07 0.07 0.07 0.07 0.07 0.07 0.07 0.07 0.07 0.07 0.07 0.07 0.07 0.07 0.07 0.07 0.07 0.07 0.07 0.07 0.07 0.07 0.07 0.07 0.07 0.07
  per-rule acc: 0.08 0.07
Epoch 1380 | Train: Loss=0.0105 Acc=99.9% | Test: Acc=6.0% | Best=7.1%(@1360)
  from x3: 0.07 0.06 0.06 0.06 0.06 0.06 0.06 0.06 0.06 0.06 0.06 0.06 0.06 0.06 0.06 0.06 0.06 0.06 0.06 0.06 0.06 0.06 0.06 0.06 0.06 0.06 0.06 0.06 0.06
  per-rule acc: 0.06 0.06
Epoch 1400 | Train: Loss=0.0145 Acc=99.9% | Test: Acc=6.9% | Best=7.1%(@1360)
  from x3: 0.07 0.07 0.07 0.07 0.07 0.07 0.07 0.07 0.07 0.07 0.07 0.07 0.07 0.07 0.07 0.07 0.07 0.07 0.07 0.07 0.07 0.07 0.07 0.07 0.07 0.07 0.07 0.07 0.07
  per-rule acc: 0.07 0.07
Epoch 1420 | Train: Loss=0.0124 Acc=99.9% | Test: Acc=7.3% | Best=7.3%(@1420)
  from x3: 0.07 0.07 0.07 0.07 0.07 0.07 0.07 0.07 0.07 0.07 0.07 0.07 0.07 0.07 0.07 0.07 0.07 0.07 0.07 0.07 0.07 0.07 0.07 0.07 0.07 0.07 0.07 0.07 0.07
  per-rule acc: 0.07 0.07
Epoch 1440 | Train: Loss=0.0144 Acc=99.9% | Test: Acc=6.1% | Best=7.3%(@1420)
  from x3: 0.06 0.06 0.06 0.06 0.06 0.06 0.06 0.06 0.06 0.06 0.06 0.06 0.06 0.06 0.06 0.06 0.06 0.06 0.06 0.06 0.06 0.06 0.06 0.06 0.06 0.06 0.06 0.06 0.06
  per-rule acc: 0.06 0.06
Epoch 1460 | Train: Loss=0.0037 Acc=100.0% | Test: Acc=6.0% | Best=7.3%(@1420)
  from x3: 0.06 0.06 0.06 0.06 0.06 0.06 0.06 0.06 0.06 0.06 0.06 0.06 0.06 0.06 0.06 0.06 0.06 0.06 0.06 0.06 0.06 0.06 0.06 0.06 0.06 0.06 0.06 0.06 0.06
  per-rule acc: 0.05 0.07
Epoch 1480 | Train: Loss=0.0264 Acc=99.9% | Test: Acc=6.7% | Best=7.3%(@1420)
  from x3: 0.06 0.07 0.07 0.07 0.07 0.07 0.07 0.07 0.07 0.07 0.07 0.07 0.07 0.07 0.07 0.07 0.07 0.07 0.07 0.07 0.07 0.07 0.07 0.07 0.07 0.07 0.07 0.07 0.07
  per-rule acc: 0.06 0.08
Epoch 1500 | Train: Loss=0.0064 Acc=100.0% | Test: Acc=6.1% | Best=7.3%(@1420)
  from x3: 0.06 0.06 0.06 0.06 0.06 0.06 0.06 0.06 0.06 0.06 0.06 0.06 0.06 0.06 0.06 0.06 0.06 0.06 0.06 0.06 0.06 0.06 0.06 0.06 0.06 0.06 0.06 0.06 0.06
  per-rule acc: 0.06 0.06
Epoch 1520 | Train: Loss=0.0091 Acc=99.9% | Test: Acc=6.5% | Best=7.3%(@1420)
  from x3: 0.07 0.07 0.07 0.06 0.06 0.06 0.06 0.06 0.07 0.07 0.06 0.07 0.07 0.06 0.06 0.06 0.07 0.06 0.06 0.06 0.07 0.07 0.07 0.07 0.07 0.06 0.06 0.07 0.06
  per-rule acc: 0.06 0.07
Epoch 1540 | Train: Loss=0.0029 Acc=100.0% | Test: Acc=6.9% | Best=7.3%(@1420)
  from x3: 0.07 0.07 0.07 0.07 0.07 0.07 0.07 0.07 0.07 0.07 0.07 0.07 0.07 0.07 0.07 0.07 0.07 0.07 0.07 0.07 0.07 0.07 0.07 0.07 0.07 0.07 0.07 0.07 0.07
  per-rule acc: 0.06 0.08
Epoch 1560 | Train: Loss=0.0383 Acc=99.8% | Test: Acc=5.5% | Best=7.3%(@1420)
  from x3: 0.05 0.06 0.06 0.06 0.06 0.06 0.06 0.06 0.06 0.06 0.06 0.05 0.05 0.06 0.06 0.05 0.05 0.05 0.05 0.05 0.05 0.05 0.05 0.05 0.05 0.06 0.06 0.06 0.06
  per-rule acc: 0.05 0.06
Epoch 1580 | Train: Loss=0.0118 Acc=99.9% | Test: Acc=6.4% | Best=7.3%(@1420)
  from x3: 0.06 0.07 0.07 0.06 0.06 0.06 0.06 0.06 0.06 0.06 0.06 0.06 0.06 0.06 0.06 0.06 0.06 0.06 0.06 0.06 0.06 0.06 0.06 0.06 0.06 0.06 0.06 0.06 0.07
  per-rule acc: 0.06 0.07
Epoch 1600 | Train: Loss=0.0071 Acc=99.9% | Test: Acc=6.6% | Best=7.3%(@1420)
  from x3: 0.06 0.07 0.07 0.07 0.07 0.07 0.07 0.07 0.07 0.07 0.07 0.07 0.07 0.07 0.07 0.07 0.07 0.07 0.07 0.07 0.07 0.07 0.07 0.07 0.07 0.07 0.07 0.07 0.07
  per-rule acc: 0.06 0.07
Epoch 1620 | Train: Loss=0.0133 Acc=100.0% | Test: Acc=6.3% | Best=7.3%(@1420)
  from x3: 0.07 0.07 0.07 0.06 0.07 0.06 0.06 0.06 0.06 0.06 0.06 0.06 0.06 0.06 0.06 0.06 0.06 0.06 0.06 0.06 0.06 0.06 0.06 0.06 0.06 0.06 0.06 0.06 0.06
  per-rule acc: 0.06 0.07
Epoch 1640 | Train: Loss=0.0099 Acc=100.0% | Test: Acc=5.8% | Best=7.3%(@1420)
  from x3: 0.06 0.06 0.06 0.06 0.06 0.06 0.06 0.06 0.06 0.06 0.06 0.06 0.06 0.06 0.06 0.06 0.06 0.06 0.06 0.06 0.06 0.06 0.06 0.06 0.06 0.06 0.06 0.06 0.06
  per-rule acc: 0.05 0.07
Epoch 1660 | Train: Loss=0.0198 Acc=99.9% | Test: Acc=6.5% | Best=7.3%(@1420)
  from x3: 0.06 0.06 0.07 0.07 0.06 0.06 0.07 0.07 0.07 0.06 0.06 0.06 0.07 0.06 0.07 0.07 0.07 0.07 0.07 0.07 0.07 0.07 0.07 0.07 0.06 0.06 0.06 0.06 0.06
  per-rule acc: 0.06 0.07
Epoch 1680 | Train: Loss=0.0041 Acc=100.0% | Test: Acc=6.6% | Best=7.3%(@1420)
  from x3: 0.07 0.07 0.07 0.07 0.07 0.07 0.07 0.07 0.07 0.07 0.07 0.07 0.07 0.07 0.07 0.07 0.07 0.07 0.07 0.07 0.07 0.07 0.07 0.07 0.07 0.07 0.07 0.06 0.06
  per-rule acc: 0.05 0.08
Epoch 1700 | Train: Loss=0.0168 Acc=99.9% | Test: Acc=6.4% | Best=7.3%(@1420)
  from x3: 0.06 0.07 0.06 0.07 0.06 0.06 0.06 0.06 0.06 0.07 0.06 0.07 0.06 0.06 0.06 0.06 0.06 0.06 0.06 0.06 0.06 0.06 0.06 0.06 0.06 0.06 0.06 0.06 0.06
  per-rule acc: 0.06 0.07
Epoch 1720 | Train: Loss=0.0190 Acc=99.8% | Test: Acc=6.3% | Best=7.3%(@1420)
  from x3: 0.06 0.06 0.06 0.06 0.06 0.06 0.06 0.06 0.06 0.06 0.06 0.06 0.06 0.06 0.06 0.06 0.06 0.06 0.06 0.06 0.06 0.06 0.06 0.06 0.06 0.06 0.06 0.06 0.06
  per-rule acc: 0.06 0.07
Epoch 1740 | Train: Loss=0.0124 Acc=99.9% | Test: Acc=6.5% | Best=7.3%(@1420)
  from x3: 0.07 0.06 0.06 0.07 0.07 0.07 0.07 0.07 0.06 0.07 0.06 0.07 0.06 0.07 0.07 0.07 0.06 0.06 0.06 0.06 0.07 0.07 0.07 0.07 0.07 0.07 0.07 0.07 0.07
  per-rule acc: 0.06 0.07
Epoch 1760 | Train: Loss=0.0170 Acc=99.9% | Test: Acc=6.6% | Best=7.3%(@1420)
  from x3: 0.07 0.07 0.07 0.07 0.07 0.07 0.07 0.07 0.07 0.07 0.07 0.07 0.07 0.06 0.06 0.07 0.07 0.07 0.06 0.06 0.07 0.06 0.07 0.07 0.06 0.07 0.07 0.07 0.07
  per-rule acc: 0.06 0.07
Epoch 1780 | Train: Loss=0.0030 Acc=100.0% | Test: Acc=7.4% | Best=7.4%(@1780)
  from x3: 0.07 0.07 0.08 0.08 0.08 0.08 0.07 0.07 0.08 0.07 0.07 0.07 0.07 0.07 0.07 0.07 0.07 0.07 0.07 0.07 0.07 0.07 0.07 0.07 0.07 0.07 0.07 0.07 0.07
  per-rule acc: 0.07 0.08
Epoch 1800 | Train: Loss=0.0226 Acc=99.9% | Test: Acc=6.6% | Best=7.4%(@1780)
  from x3: 0.07 0.07 0.07 0.07 0.07 0.07 0.07 0.07 0.07 0.07 0.07 0.07 0.07 0.07 0.07 0.07 0.07 0.07 0.07 0.07 0.07 0.07 0.07 0.07 0.07 0.07 0.07 0.07 0.07
  per-rule acc: 0.06 0.07
Epoch 1820 | Train: Loss=0.0133 Acc=99.9% | Test: Acc=7.3% | Best=7.4%(@1780)
  from x3: 0.07 0.07 0.07 0.07 0.07 0.07 0.07 0.07 0.07 0.07 0.07 0.07 0.07 0.07 0.07 0.07 0.07 0.07 0.07 0.07 0.07 0.07 0.07 0.07 0.07 0.07 0.07 0.07 0.07
  per-rule acc: 0.07 0.08
Epoch 1840 | Train: Loss=0.0137 Acc=99.9% | Test: Acc=6.6% | Best=7.4%(@1780)
  from x3: 0.07 0.07 0.06 0.07 0.07 0.07 0.07 0.06 0.06 0.06 0.06 0.06 0.06 0.07 0.07 0.07 0.07 0.07 0.07 0.07 0.07 0.07 0.07 0.07 0.07 0.07 0.07 0.07 0.07
  per-rule acc: 0.05 0.08
Epoch 1860 | Train: Loss=0.0147 Acc=99.9% | Test: Acc=7.0% | Best=7.4%(@1780)
  from x3: 0.07 0.07 0.07 0.07 0.07 0.07 0.07 0.07 0.07 0.07 0.07 0.07 0.07 0.07 0.07 0.07 0.07 0.07 0.07 0.07 0.07 0.07 0.07 0.07 0.07 0.07 0.07 0.07 0.07
  per-rule acc: 0.07 0.07
Epoch 1880 | Train: Loss=0.0166 Acc=99.9% | Test: Acc=6.7% | Best=7.4%(@1780)
  from x3: 0.07 0.06 0.07 0.07 0.07 0.07 0.07 0.07 0.07 0.07 0.07 0.07 0.07 0.07 0.07 0.07 0.07 0.07 0.07 0.07 0.07 0.07 0.07 0.07 0.07 0.07 0.07 0.07 0.07
  per-rule acc: 0.06 0.07
Epoch 1900 | Train: Loss=0.0099 Acc=99.9% | Test: Acc=7.0% | Best=7.4%(@1780)
  from x3: 0.07 0.07 0.08 0.07 0.07 0.07 0.07 0.07 0.07 0.07 0.07 0.07 0.07 0.07 0.07 0.07 0.07 0.07 0.07 0.07 0.07 0.07 0.07 0.07 0.07 0.07 0.07 0.07 0.07
  per-rule acc: 0.07 0.07
Epoch 1920 | Train: Loss=0.0167 Acc=99.9% | Test: Acc=6.6% | Best=7.4%(@1780)
  from x3: 0.07 0.07 0.07 0.07 0.06 0.07 0.06 0.07 0.07 0.07 0.07 0.07 0.07 0.07 0.07 0.07 0.07 0.07 0.07 0.07 0.07 0.07 0.07 0.07 0.07 0.07 0.07 0.07 0.07
  per-rule acc: 0.06 0.07
Epoch 1940 | Train: Loss=0.0125 Acc=99.9% | Test: Acc=6.4% | Best=7.4%(@1780)
  from x3: 0.07 0.07 0.07 0.07 0.07 0.07 0.06 0.06 0.06 0.06 0.06 0.06 0.06 0.06 0.06 0.06 0.06 0.06 0.06 0.06 0.06 0.06 0.06 0.06 0.06 0.06 0.06 0.06 0.06
  per-rule acc: 0.06 0.07
Epoch 1960 | Train: Loss=0.0041 Acc=100.0% | Test: Acc=7.0% | Best=7.4%(@1780)
  from x3: 0.07 0.07 0.07 0.07 0.07 0.07 0.07 0.07 0.07 0.07 0.07 0.07 0.07 0.07 0.07 0.07 0.07 0.07 0.07 0.07 0.07 0.07 0.07 0.07 0.07 0.07 0.07 0.07 0.07
  per-rule acc: 0.05 0.08
Epoch 1980 | Train: Loss=0.0155 Acc=99.9% | Test: Acc=6.8% | Best=7.4%(@1780)
  from x3: 0.06 0.07 0.07 0.07 0.07 0.07 0.07 0.07 0.07 0.07 0.07 0.07 0.07 0.07 0.07 0.07 0.07 0.07 0.07 0.07 0.07 0.07 0.07 0.07 0.07 0.07 0.07 0.07 0.07
  per-rule acc: 0.06 0.07
Epoch 2000 | Train: Loss=0.0160 Acc=99.9% | Test: Acc=6.9% | Best=7.4%(@1780)
  from x3: 0.07 0.06 0.06 0.07 0.07 0.07 0.07 0.07 0.07 0.07 0.07 0.07 0.07 0.07 0.07 0.07 0.07 0.07 0.07 0.07 0.07 0.07 0.07 0.07 0.07 0.07 0.07 0.07 0.07
  per-rule acc: 0.06 0.08
Epoch 2020 | Train: Loss=0.0094 Acc=99.9% | Test: Acc=6.9% | Best=7.4%(@1780)
  from x3: 0.07 0.07 0.07 0.07 0.07 0.07 0.07 0.07 0.07 0.07 0.07 0.07 0.07 0.07 0.07 0.07 0.07 0.07 0.07 0.07 0.07 0.07 0.07 0.07 0.07 0.07 0.07 0.07 0.07
  per-rule acc: 0.07 0.07
Epoch 2040 | Train: Loss=0.0205 Acc=99.7% | Test: Acc=6.9% | Best=7.4%(@1780)
  from x3: 0.07 0.07 0.07 0.07 0.07 0.07 0.07 0.07 0.07 0.07 0.07 0.07 0.07 0.07 0.07 0.07 0.07 0.07 0.07 0.07 0.07 0.07 0.07 0.07 0.07 0.07 0.07 0.07 0.07
  per-rule acc: 0.05 0.08
Epoch 2060 | Train: Loss=0.0063 Acc=100.0% | Test: Acc=7.1% | Best=7.4%(@1780)
  from x3: 0.07 0.07 0.08 0.07 0.07 0.07 0.07 0.07 0.07 0.07 0.07 0.07 0.07 0.07 0.07 0.07 0.07 0.07 0.07 0.07 0.07 0.07 0.07 0.07 0.07 0.07 0.07 0.07 0.07
  per-rule acc: 0.06 0.08
Epoch 2080 | Train: Loss=0.0124 Acc=99.9% | Test: Acc=6.7% | Best=7.4%(@1780)
  from x3: 0.07 0.07 0.07 0.07 0.07 0.07 0.07 0.07 0.07 0.07 0.07 0.07 0.07 0.07 0.07 0.07 0.07 0.07 0.07 0.07 0.07 0.07 0.07 0.07 0.07 0.07 0.07 0.07 0.07
  per-rule acc: 0.06 0.07
Epoch 2100 | Train: Loss=0.0036 Acc=100.0% | Test: Acc=6.8% | Best=7.4%(@1780)
  from x3: 0.07 0.07 0.07 0.07 0.07 0.07 0.07 0.07 0.07 0.07 0.07 0.07 0.07 0.07 0.07 0.07 0.07 0.07 0.07 0.07 0.07 0.07 0.07 0.07 0.07 0.07 0.07 0.07 0.07
  per-rule acc: 0.06 0.08
Epoch 2120 | Train: Loss=0.0186 Acc=99.9% | Test: Acc=6.7% | Best=7.4%(@1780)
  from x3: 0.07 0.07 0.07 0.07 0.07 0.07 0.07 0.07 0.07 0.07 0.07 0.07 0.07 0.07 0.07 0.07 0.07 0.07 0.07 0.07 0.07 0.07 0.07 0.07 0.07 0.07 0.07 0.07 0.07
  per-rule acc: 0.06 0.08
Epoch 2140 | Train: Loss=0.0124 Acc=99.9% | Test: Acc=7.4% | Best=7.4%(@2140)
  from x3: 0.07 0.08 0.07 0.08 0.08 0.08 0.08 0.08 0.07 0.07 0.07 0.07 0.07 0.07 0.07 0.07 0.07 0.07 0.07 0.07 0.07 0.07 0.07 0.07 0.07 0.07 0.07 0.07 0.07
  per-rule acc: 0.06 0.08
Epoch 2160 | Train: Loss=0.0180 Acc=99.9% | Test: Acc=7.2% | Best=7.4%(@2140)
  from x3: 0.07 0.07 0.07 0.07 0.07 0.07 0.07 0.07 0.07 0.07 0.07 0.07 0.07 0.07 0.07 0.07 0.07 0.07 0.07 0.07 0.07 0.07 0.07 0.07 0.07 0.07 0.07 0.07 0.07
  per-rule acc: 0.06 0.08
Epoch 2180 | Train: Loss=0.0098 Acc=99.9% | Test: Acc=7.5% | Best=7.5%(@2180)
  from x3: 0.07 0.07 0.07 0.07 0.08 0.07 0.07 0.08 0.08 0.08 0.08 0.08 0.08 0.08 0.08 0.08 0.07 0.07 0.07 0.07 0.07 0.07 0.07 0.07 0.07 0.08 0.07 0.07 0.08
  per-rule acc: 0.07 0.08
Epoch 2200 | Train: Loss=0.0186 Acc=99.8% | Test: Acc=7.3% | Best=7.5%(@2180)
  from x3: 0.08 0.07 0.07 0.07 0.07 0.07 0.07 0.07 0.07 0.07 0.07 0.07 0.07 0.07 0.07 0.07 0.07 0.07 0.07 0.07 0.07 0.07 0.07 0.07 0.07 0.07 0.07 0.07 0.07
  per-rule acc: 0.06 0.09
Epoch 2220 | Train: Loss=0.0093 Acc=100.0% | Test: Acc=6.4% | Best=7.5%(@2180)
  from x3: 0.07 0.07 0.07 0.07 0.07 0.07 0.07 0.07 0.07 0.06 0.06 0.06 0.06 0.06 0.06 0.06 0.06 0.06 0.06 0.06 0.06 0.06 0.06 0.06 0.06 0.06 0.06 0.06 0.06
  per-rule acc: 0.05 0.07
Epoch 2240 | Train: Loss=0.0042 Acc=100.0% | Test: Acc=7.5% | Best=7.5%(@2240)
  from x3: 0.07 0.08 0.08 0.08 0.07 0.08 0.08 0.08 0.08 0.08 0.07 0.08 0.07 0.07 0.08 0.07 0.07 0.07 0.07 0.07 0.07 0.07 0.07 0.07 0.07 0.07 0.07 0.07 0.07
  per-rule acc: 0.06 0.09
Epoch 2260 | Train: Loss=0.0226 Acc=99.9% | Test: Acc=6.6% | Best=7.5%(@2240)
  from x3: 0.07 0.07 0.07 0.07 0.07 0.07 0.06 0.07 0.07 0.07 0.07 0.07 0.07 0.07 0.07 0.07 0.07 0.07 0.07 0.07 0.06 0.07 0.07 0.07 0.06 0.06 0.06 0.06 0.06
  per-rule acc: 0.06 0.07
Epoch 2280 | Train: Loss=0.0171 Acc=99.9% | Test: Acc=7.2% | Best=7.5%(@2240)
  from x3: 0.07 0.07 0.07 0.07 0.07 0.07 0.07 0.07 0.07 0.07 0.07 0.07 0.07 0.07 0.07 0.07 0.07 0.07 0.07 0.07 0.07 0.07 0.07 0.07 0.07 0.07 0.07 0.07 0.07
  per-rule acc: 0.07 0.08
Epoch 2300 | Train: Loss=0.0119 Acc=99.9% | Test: Acc=6.3% | Best=7.5%(@2240)
  from x3: 0.07 0.07 0.07 0.06 0.06 0.06 0.06 0.07 0.06 0.06 0.06 0.06 0.06 0.06 0.06 0.06 0.06 0.06 0.06 0.06 0.06 0.06 0.06 0.06 0.06 0.06 0.06 0.06 0.06
  per-rule acc: 0.06 0.07
Epoch 2320 | Train: Loss=0.0102 Acc=99.9% | Test: Acc=7.9% | Best=7.9%(@2320)
  from x3: 0.08 0.08 0.08 0.08 0.08 0.08 0.08 0.08 0.08 0.08 0.08 0.08 0.08 0.08 0.08 0.08 0.08 0.08 0.08 0.08 0.08 0.08 0.08 0.08 0.08 0.08 0.08 0.08 0.08
  per-rule acc: 0.07 0.08
Epoch 2340 | Train: Loss=0.0165 Acc=99.8% | Test: Acc=7.4% | Best=7.9%(@2320)
  from x3: 0.07 0.08 0.08 0.07 0.07 0.07 0.07 0.07 0.07 0.07 0.07 0.07 0.07 0.07 0.07 0.07 0.07 0.07 0.07 0.07 0.07 0.07 0.07 0.07 0.07 0.08 0.07 0.07 0.07
  per-rule acc: 0.06 0.09
Epoch 2360 | Train: Loss=0.0079 Acc=100.0% | Test: Acc=7.1% | Best=7.9%(@2320)
  from x3: 0.08 0.08 0.07 0.07 0.07 0.07 0.07 0.07 0.07 0.07 0.07 0.07 0.07 0.07 0.07 0.07 0.07 0.07 0.07 0.07 0.07 0.07 0.07 0.07 0.07 0.07 0.07 0.07 0.07
  per-rule acc: 0.07 0.08
Epoch 2380 | Train: Loss=0.0098 Acc=99.9% | Test: Acc=7.4% | Best=7.9%(@2320)
  from x3: 0.07 0.08 0.07 0.07 0.07 0.07 0.07 0.07 0.07 0.07 0.07 0.07 0.07 0.07 0.07 0.07 0.07 0.07 0.07 0.07 0.07 0.07 0.07 0.07 0.07 0.07 0.07 0.07 0.07
  per-rule acc: 0.07 0.08
Epoch 2400 | Train: Loss=0.0115 Acc=99.9% | Test: Acc=7.3% | Best=7.9%(@2320)
  from x3: 0.07 0.08 0.08 0.08 0.08 0.07 0.07 0.07 0.07 0.07 0.07 0.07 0.07 0.07 0.07 0.07 0.07 0.07 0.07 0.07 0.07 0.07 0.07 0.07 0.07 0.07 0.07 0.07 0.07
  per-rule acc: 0.06 0.08
Epoch 2420 | Train: Loss=0.0105 Acc=99.9% | Test: Acc=7.1% | Best=7.9%(@2320)
  from x3: 0.07 0.07 0.07 0.07 0.07 0.07 0.07 0.07 0.07 0.07 0.07 0.07 0.07 0.07 0.07 0.07 0.07 0.07 0.07 0.07 0.07 0.07 0.07 0.07 0.07 0.07 0.07 0.07 0.07
  per-rule acc: 0.06 0.08
Epoch 2440 | Train: Loss=0.0052 Acc=100.0% | Test: Acc=7.0% | Best=7.9%(@2320)
  from x3: 0.07 0.07 0.07 0.07 0.07 0.07 0.07 0.07 0.07 0.07 0.07 0.07 0.07 0.07 0.07 0.07 0.07 0.07 0.07 0.07 0.07 0.07 0.07 0.07 0.07 0.07 0.07 0.07 0.07
  per-rule acc: 0.06 0.08
Epoch 2460 | Train: Loss=0.0104 Acc=99.9% | Test: Acc=6.5% | Best=7.9%(@2320)
  from x3: 0.07 0.07 0.07 0.07 0.06 0.06 0.06 0.06 0.07 0.07 0.07 0.07 0.07 0.06 0.07 0.07 0.07 0.07 0.06 0.06 0.06 0.06 0.06 0.06 0.06 0.06 0.06 0.07 0.06
  per-rule acc: 0.06 0.07
Epoch 2480 | Train: Loss=0.0094 Acc=99.9% | Test: Acc=7.2% | Best=7.9%(@2320)
  from x3: 0.08 0.08 0.07 0.07 0.07 0.07 0.07 0.07 0.07 0.07 0.07 0.07 0.07 0.07 0.07 0.07 0.07 0.07 0.07 0.07 0.07 0.07 0.07 0.07 0.07 0.07 0.07 0.07 0.07
  per-rule acc: 0.06 0.09
Epoch 2500 | Train: Loss=0.0132 Acc=99.9% | Test: Acc=7.3% | Best=7.9%(@2320)
  from x3: 0.08 0.07 0.07 0.07 0.08 0.07 0.07 0.07 0.07 0.07 0.07 0.07 0.07 0.07 0.07 0.07 0.07 0.07 0.07 0.07 0.07 0.07 0.07 0.07 0.07 0.07 0.07 0.07 0.07
  per-rule acc: 0.07 0.08
Epoch 2520 | Train: Loss=0.0119 Acc=99.9% | Test: Acc=7.0% | Best=7.9%(@2320)
  from x3: 0.08 0.07 0.07 0.07 0.07 0.07 0.07 0.07 0.07 0.07 0.07 0.07 0.07 0.07 0.07 0.07 0.07 0.07 0.07 0.07 0.07 0.07 0.07 0.07 0.07 0.07 0.07 0.07 0.07
  per-rule acc: 0.06 0.08
Epoch 2540 | Train: Loss=0.0143 Acc=99.9% | Test: Acc=7.2% | Best=7.9%(@2320)
  from x3: 0.08 0.08 0.08 0.07 0.07 0.07 0.07 0.07 0.07 0.07 0.07 0.07 0.07 0.07 0.07 0.07 0.07 0.07 0.07 0.07 0.07 0.07 0.07 0.07 0.07 0.07 0.07 0.07 0.07
  per-rule acc: 0.06 0.08
Epoch 2560 | Train: Loss=0.0154 Acc=99.9% | Test: Acc=6.8% | Best=7.9%(@2320)
  from x3: 0.08 0.07 0.07 0.07 0.07 0.07 0.07 0.07 0.07 0.07 0.07 0.07 0.07 0.07 0.07 0.07 0.07 0.07 0.07 0.07 0.07 0.07 0.07 0.07 0.07 0.07 0.07 0.07 0.07
  per-rule acc: 0.06 0.08
Epoch 2580 | Train: Loss=0.0166 Acc=99.8% | Test: Acc=8.1% | Best=8.1%(@2580)
  from x3: 0.09 0.08 0.08 0.08 0.08 0.08 0.08 0.08 0.08 0.08 0.08 0.08 0.08 0.08 0.08 0.08 0.08 0.08 0.08 0.08 0.08 0.08 0.08 0.08 0.08 0.08 0.08 0.08 0.08
  per-rule acc: 0.07 0.09
Epoch 2600 | Train: Loss=0.0101 Acc=100.0% | Test: Acc=7.0% | Best=8.1%(@2580)
  from x3: 0.07 0.08 0.07 0.07 0.07 0.07 0.07 0.07 0.07 0.07 0.07 0.07 0.07 0.07 0.07 0.07 0.07 0.07 0.07 0.07 0.07 0.07 0.07 0.07 0.07 0.07 0.07 0.07 0.07
  per-rule acc: 0.06 0.08
Epoch 2620 | Train: Loss=0.0099 Acc=100.0% | Test: Acc=8.2% | Best=8.2%(@2620)
  from x3: 0.08 0.08 0.08 0.08 0.08 0.08 0.08 0.08 0.08 0.08 0.08 0.08 0.08 0.08 0.08 0.08 0.08 0.08 0.08 0.08 0.08 0.08 0.08 0.08 0.08 0.08 0.08 0.08 0.08
  per-rule acc: 0.08 0.09
Epoch 2640 | Train: Loss=0.0032 Acc=100.0% | Test: Acc=7.9% | Best=8.2%(@2620)
  from x3: 0.08 0.08 0.08 0.08 0.08 0.08 0.08 0.08 0.08 0.08 0.08 0.08 0.08 0.08 0.08 0.08 0.08 0.08 0.08 0.08 0.08 0.08 0.08 0.08 0.08 0.08 0.08 0.08 0.08
  per-rule acc: 0.07 0.09
Epoch 2660 | Train: Loss=0.0122 Acc=99.9% | Test: Acc=6.9% | Best=8.2%(@2620)
  from x3: 0.08 0.07 0.07 0.07 0.07 0.07 0.07 0.07 0.07 0.07 0.07 0.07 0.07 0.07 0.07 0.07 0.07 0.07 0.07 0.07 0.07 0.07 0.07 0.07 0.07 0.07 0.07 0.07 0.07
  per-rule acc: 0.06 0.08
Epoch 2680 | Train: Loss=0.0123 Acc=99.9% | Test: Acc=7.7% | Best=8.2%(@2620)
  from x3: 0.08 0.08 0.08 0.08 0.08 0.08 0.08 0.08 0.08 0.08 0.08 0.08 0.08 0.08 0.08 0.08 0.08 0.08 0.08 0.08 0.08 0.08 0.08 0.08 0.08 0.08 0.08 0.08 0.08
  per-rule acc: 0.07 0.09
Epoch 2700 | Train: Loss=0.0107 Acc=99.9% | Test: Acc=7.2% | Best=8.2%(@2620)
  from x3: 0.08 0.08 0.07 0.07 0.07 0.07 0.07 0.07 0.07 0.07 0.07 0.07 0.07 0.07 0.07 0.07 0.07 0.07 0.07 0.07 0.07 0.07 0.07 0.07 0.07 0.07 0.07 0.07 0.07
  per-rule acc: 0.06 0.08
Epoch 2720 | Train: Loss=0.0139 Acc=99.9% | Test: Acc=7.3% | Best=8.2%(@2620)
  from x3: 0.08 0.08 0.07 0.07 0.07 0.07 0.07 0.07 0.07 0.07 0.07 0.07 0.07 0.07 0.07 0.07 0.07 0.07 0.07 0.07 0.07 0.07 0.07 0.07 0.07 0.07 0.07 0.07 0.07
  per-rule acc: 0.07 0.08
Epoch 2740 | Train: Loss=0.0034 Acc=100.0% | Test: Acc=7.7% | Best=8.2%(@2620)
  from x3: 0.08 0.08 0.08 0.08 0.08 0.08 0.08 0.08 0.08 0.08 0.08 0.08 0.08 0.08 0.08 0.08 0.08 0.08 0.08 0.08 0.08 0.08 0.08 0.08 0.08 0.07 0.08 0.07 0.07
  per-rule acc: 0.07 0.09
Epoch 2760 | Train: Loss=0.0164 Acc=99.8% | Test: Acc=7.3% | Best=8.2%(@2620)
  from x3: 0.08 0.07 0.08 0.07 0.07 0.07 0.07 0.07 0.07 0.07 0.07 0.07 0.07 0.07 0.07 0.07 0.07 0.07 0.07 0.07 0.07 0.07 0.07 0.07 0.07 0.07 0.07 0.07 0.07
  per-rule acc: 0.06 0.08
Epoch 2780 | Train: Loss=0.0119 Acc=99.9% | Test: Acc=6.7% | Best=8.2%(@2620)
  from x3: 0.08 0.07 0.07 0.07 0.07 0.07 0.06 0.07 0.07 0.07 0.07 0.07 0.07 0.07 0.07 0.06 0.07 0.07 0.07 0.07 0.07 0.07 0.07 0.07 0.07 0.07 0.07 0.07 0.06
  per-rule acc: 0.06 0.08
Epoch 2800 | Train: Loss=0.0080 Acc=100.0% | Test: Acc=7.4% | Best=8.2%(@2620)
  from x3: 0.08 0.08 0.08 0.07 0.07 0.07 0.07 0.07 0.07 0.08 0.07 0.08 0.08 0.07 0.07 0.07 0.07 0.07 0.07 0.07 0.07 0.07 0.07 0.08 0.07 0.07 0.07 0.07 0.07
  per-rule acc: 0.07 0.08
Epoch 2820 | Train: Loss=0.0107 Acc=99.9% | Test: Acc=7.6% | Best=8.2%(@2620)
  from x3: 0.08 0.08 0.08 0.08 0.08 0.07 0.08 0.08 0.08 0.08 0.08 0.08 0.07 0.07 0.07 0.07 0.07 0.08 0.07 0.08 0.07 0.07 0.07 0.07 0.07 0.07 0.07 0.07 0.07
  per-rule acc: 0.07 0.08
Epoch 2840 | Train: Loss=0.0034 Acc=100.0% | Test: Acc=7.6% | Best=8.2%(@2620)
  from x3: 0.08 0.08 0.08 0.08 0.08 0.08 0.08 0.08 0.08 0.08 0.07 0.08 0.08 0.08 0.08 0.08 0.08 0.08 0.08 0.08 0.08 0.08 0.08 0.08 0.07 0.07 0.08 0.07 0.07
  per-rule acc: 0.07 0.09
Epoch 2860 | Train: Loss=0.0067 Acc=100.0% | Test: Acc=7.7% | Best=8.2%(@2620)
  from x3: 0.08 0.08 0.08 0.08 0.08 0.08 0.08 0.08 0.08 0.08 0.08 0.08 0.08 0.08 0.08 0.08 0.08 0.08 0.08 0.08 0.08 0.08 0.08 0.08 0.08 0.07 0.07 0.07 0.07
  per-rule acc: 0.07 0.08
Epoch 2880 | Train: Loss=0.0101 Acc=99.9% | Test: Acc=7.6% | Best=8.2%(@2620)
  from x3: 0.08 0.08 0.07 0.08 0.08 0.08 0.08 0.08 0.08 0.08 0.08 0.08 0.08 0.08 0.08 0.08 0.08 0.08 0.08 0.07 0.08 0.08 0.08 0.07 0.08 0.07 0.08 0.07 0.07
  per-rule acc: 0.07 0.08
Epoch 2900 | Train: Loss=0.0078 Acc=100.0% | Test: Acc=7.5% | Best=8.2%(@2620)
  from x3: 0.08 0.08 0.07 0.07 0.07 0.07 0.07 0.07 0.08 0.07 0.07 0.07 0.07 0.07 0.07 0.08 0.07 0.07 0.07 0.07 0.07 0.07 0.07 0.07 0.07 0.07 0.07 0.07 0.07
  per-rule acc: 0.07 0.08
Epoch 2920 | Train: Loss=0.0115 Acc=99.9% | Test: Acc=7.6% | Best=8.2%(@2620)
  from x3: 0.08 0.08 0.08 0.08 0.08 0.08 0.08 0.07 0.08 0.08 0.08 0.08 0.07 0.07 0.08 0.07 0.08 0.08 0.08 0.07 0.08 0.08 0.08 0.08 0.08 0.08 0.08 0.08 0.08
  per-rule acc: 0.07 0.08
Epoch 2940 | Train: Loss=0.0095 Acc=99.9% | Test: Acc=7.2% | Best=8.2%(@2620)
  from x3: 0.08 0.07 0.07 0.07 0.07 0.07 0.07 0.07 0.07 0.07 0.07 0.07 0.07 0.07 0.07 0.07 0.07 0.07 0.07 0.07 0.07 0.07 0.07 0.07 0.07 0.07 0.07 0.07 0.07
  per-rule acc: 0.07 0.08
Epoch 2960 | Train: Loss=0.0076 Acc=100.0% | Test: Acc=7.0% | Best=8.2%(@2620)
  from x3: 0.08 0.08 0.07 0.07 0.07 0.07 0.07 0.07 0.07 0.07 0.07 0.07 0.07 0.07 0.07 0.07 0.07 0.07 0.07 0.07 0.07 0.07 0.07 0.07 0.07 0.07 0.07 0.07 0.07
  per-rule acc: 0.06 0.08
Epoch 2980 | Train: Loss=0.0119 Acc=99.9% | Test: Acc=7.6% | Best=8.2%(@2620)
  from x3: 0.08 0.08 0.08 0.08 0.08 0.08 0.08 0.08 0.08 0.08 0.07 0.08 0.07 0.07 0.07 0.07 0.08 0.07 0.07 0.07 0.07 0.07 0.08 0.08 0.07 0.07 0.07 0.07 0.07
  per-rule acc: 0.07 0.08
Epoch 3000 | Train: Loss=0.0105 Acc=99.9% | Test: Acc=6.9% | Best=8.2%(@2620)
  from x3: 0.08 0.07 0.07 0.07 0.07 0.07 0.07 0.07 0.07 0.07 0.07 0.07 0.07 0.07 0.07 0.07 0.07 0.07 0.07 0.07 0.07 0.07 0.07 0.07 0.07 0.07 0.07 0.07 0.07
  per-rule acc: 0.06 0.08
Epoch 3020 | Train: Loss=0.0149 Acc=99.8% | Test: Acc=7.8% | Best=8.2%(@2620)
  from x3: 0.09 0.08 0.08 0.08 0.08 0.08 0.08 0.08 0.08 0.08 0.08 0.08 0.08 0.08 0.08 0.08 0.08 0.08 0.08 0.08 0.08 0.08 0.08 0.08 0.08 0.08 0.08 0.08 0.08
  per-rule acc: 0.07 0.09
Epoch 3040 | Train: Loss=0.0120 Acc=99.9% | Test: Acc=7.8% | Best=8.2%(@2620)
  from x3: 0.09 0.08 0.08 0.08 0.08 0.08 0.08 0.08 0.08 0.08 0.08 0.08 0.08 0.08 0.08 0.08 0.08 0.08 0.08 0.08 0.08 0.08 0.08 0.08 0.08 0.08 0.08 0.08 0.08
  per-rule acc: 0.07 0.08
Epoch 3060 | Train: Loss=0.0098 Acc=99.9% | Test: Acc=7.5% | Best=8.2%(@2620)
  from x3: 0.08 0.08 0.08 0.07 0.08 0.07 0.07 0.07 0.07 0.07 0.07 0.07 0.07 0.07 0.07 0.07 0.07 0.07 0.07 0.07 0.07 0.07 0.07 0.07 0.07 0.07 0.08 0.07 0.07
  per-rule acc: 0.07 0.08
Epoch 3080 | Train: Loss=0.0101 Acc=99.9% | Test: Acc=8.0% | Best=8.2%(@2620)
  from x3: 0.09 0.09 0.08 0.08 0.08 0.08 0.08 0.08 0.08 0.08 0.08 0.08 0.08 0.08 0.08 0.08 0.08 0.08 0.08 0.08 0.08 0.08 0.08 0.08 0.08 0.08 0.08 0.08 0.08
  per-rule acc: 0.08 0.08
Epoch 3100 | Train: Loss=0.0133 Acc=99.9% | Test: Acc=7.7% | Best=8.2%(@2620)
  from x3: 0.08 0.09 0.09 0.08 0.08 0.08 0.08 0.08 0.08 0.08 0.08 0.08 0.08 0.08 0.08 0.08 0.08 0.08 0.08 0.08 0.08 0.07 0.07 0.08 0.08 0.08 0.07 0.08 0.08
  per-rule acc: 0.07 0.08
Epoch 3120 | Train: Loss=0.0115 Acc=99.9% | Test: Acc=8.0% | Best=8.2%(@2620)
  from x3: 0.09 0.08 0.08 0.08 0.08 0.08 0.08 0.08 0.08 0.08 0.08 0.08 0.08 0.08 0.08 0.08 0.08 0.08 0.08 0.08 0.08 0.08 0.08 0.08 0.08 0.08 0.08 0.08 0.08
  per-rule acc: 0.08 0.08
Epoch 3140 | Train: Loss=0.0087 Acc=99.9% | Test: Acc=7.5% | Best=8.2%(@2620)
  from x3: 0.08 0.08 0.08 0.08 0.07 0.07 0.08 0.08 0.07 0.07 0.07 0.07 0.07 0.07 0.07 0.07 0.07 0.07 0.07 0.07 0.07 0.07 0.07 0.07 0.07 0.07 0.07 0.07 0.07
  per-rule acc: 0.07 0.08
Epoch 3160 | Train: Loss=0.0088 Acc=100.0% | Test: Acc=8.0% | Best=8.2%(@2620)
  from x3: 0.08 0.08 0.08 0.08 0.08 0.08 0.08 0.08 0.08 0.08 0.08 0.08 0.08 0.08 0.08 0.08 0.08 0.08 0.08 0.08 0.08 0.08 0.08 0.08 0.08 0.08 0.08 0.08 0.08
  per-rule acc: 0.07 0.09
Epoch 3180 | Train: Loss=0.0113 Acc=100.0% | Test: Acc=7.2% | Best=8.2%(@2620)
  from x3: 0.08 0.08 0.08 0.08 0.08 0.08 0.08 0.07 0.07 0.07 0.07 0.07 0.07 0.07 0.07 0.07 0.07 0.07 0.07 0.07 0.07 0.07 0.07 0.07 0.07 0.07 0.07 0.07 0.07
  per-rule acc: 0.06 0.08
Epoch 3200 | Train: Loss=0.0142 Acc=99.9% | Test: Acc=7.8% | Best=8.2%(@2620)
  from x3: 0.08 0.08 0.08 0.08 0.08 0.08 0.08 0.08 0.08 0.08 0.08 0.08 0.08 0.08 0.08 0.08 0.08 0.08 0.08 0.08 0.08 0.08 0.08 0.08 0.08 0.08 0.08 0.08 0.08
  per-rule acc: 0.08 0.08
Epoch 3220 | Train: Loss=0.0083 Acc=99.9% | Test: Acc=7.6% | Best=8.2%(@2620)
  from x3: 0.08 0.08 0.08 0.08 0.07 0.07 0.08 0.08 0.07 0.08 0.08 0.07 0.08 0.08 0.08 0.08 0.08 0.08 0.07 0.08 0.07 0.07 0.08 0.07 0.07 0.07 0.07 0.07 0.07
  per-rule acc: 0.07 0.08
Epoch 3240 | Train: Loss=0.0109 Acc=99.9% | Test: Acc=7.9% | Best=8.2%(@2620)
  from x3: 0.08 0.08 0.08 0.08 0.08 0.08 0.08 0.08 0.08 0.08 0.08 0.08 0.08 0.08 0.08 0.08 0.08 0.08 0.08 0.08 0.08 0.08 0.08 0.08 0.08 0.08 0.08 0.08 0.08
  per-rule acc: 0.07 0.09
Epoch 3260 | Train: Loss=0.0100 Acc=99.9% | Test: Acc=7.9% | Best=8.2%(@2620)
  from x3: 0.08 0.08 0.08 0.08 0.08 0.08 0.08 0.08 0.08 0.08 0.08 0.08 0.08 0.08 0.08 0.08 0.08 0.08 0.08 0.08 0.08 0.08 0.08 0.08 0.08 0.08 0.08 0.08 0.08
  per-rule acc: 0.07 0.09
Epoch 3280 | Train: Loss=0.0154 Acc=99.9% | Test: Acc=7.5% | Best=8.2%(@2620)
  from x3: 0.08 0.08 0.08 0.08 0.08 0.08 0.08 0.08 0.08 0.08 0.08 0.07 0.07 0.07 0.07 0.07 0.07 0.07 0.07 0.07 0.07 0.07 0.07 0.07 0.07 0.07 0.07 0.07 0.07
  per-rule acc: 0.07 0.08
Epoch 3300 | Train: Loss=0.0095 Acc=100.0% | Test: Acc=8.0% | Best=8.2%(@2620)
  from x3: 0.09 0.09 0.08 0.08 0.08 0.08 0.08 0.08 0.08 0.08 0.08 0.08 0.08 0.08 0.08 0.08 0.08 0.08 0.08 0.08 0.08 0.08 0.08 0.08 0.08 0.08 0.08 0.08 0.08
  per-rule acc: 0.07 0.09
Epoch 3320 | Train: Loss=0.0098 Acc=99.9% | Test: Acc=8.3% | Best=8.3%(@3320)
  from x3: 0.10 0.08 0.09 0.08 0.08 0.08 0.08 0.08 0.08 0.08 0.08 0.08 0.08 0.08 0.08 0.08 0.08 0.08 0.08 0.08 0.08 0.08 0.08 0.08 0.08 0.08 0.08 0.08 0.08
  per-rule acc: 0.07 0.09
Epoch 3340 | Train: Loss=0.0050 Acc=100.0% | Test: Acc=7.8% | Best=8.3%(@3320)
  from x3: 0.09 0.09 0.08 0.08 0.08 0.08 0.08 0.08 0.08 0.08 0.08 0.08 0.08 0.08 0.08 0.08 0.08 0.08 0.08 0.08 0.08 0.08 0.08 0.08 0.08 0.08 0.08 0.08 0.08
  per-rule acc: 0.07 0.08
Epoch 3360 | Train: Loss=0.0170 Acc=99.8% | Test: Acc=8.2% | Best=8.3%(@3320)
  from x3: 0.09 0.08 0.08 0.08 0.08 0.08 0.08 0.08 0.08 0.08 0.08 0.08 0.08 0.08 0.08 0.08 0.08 0.08 0.08 0.08 0.08 0.08 0.08 0.08 0.08 0.08 0.08 0.08 0.08
  per-rule acc: 0.08 0.09
Epoch 3380 | Train: Loss=0.0060 Acc=100.0% | Test: Acc=7.8% | Best=8.3%(@3320)
  from x3: 0.09 0.08 0.08 0.08 0.08 0.08 0.08 0.08 0.08 0.08 0.08 0.08 0.08 0.08 0.08 0.08 0.08 0.08 0.08 0.08 0.08 0.08 0.08 0.08 0.08 0.08 0.08 0.08 0.08
  per-rule acc: 0.07 0.09
Epoch 3400 | Train: Loss=0.0109 Acc=99.9% | Test: Acc=8.6% | Best=8.6%(@3400)
  from x3: 0.09 0.09 0.09 0.09 0.09 0.09 0.09 0.09 0.09 0.09 0.09 0.09 0.09 0.09 0.09 0.09 0.08 0.08 0.08 0.09 0.08 0.08 0.08 0.09 0.08 0.08 0.08 0.08 0.08
  per-rule acc: 0.08 0.10
Epoch 3420 | Train: Loss=0.0149 Acc=99.9% | Test: Acc=7.8% | Best=8.6%(@3400)
  from x3: 0.09 0.09 0.08 0.08 0.08 0.08 0.08 0.08 0.08 0.08 0.08 0.08 0.08 0.08 0.08 0.08 0.08 0.08 0.08 0.08 0.08 0.07 0.08 0.08 0.08 0.08 0.08 0.08 0.07
  per-rule acc: 0.07 0.08
Epoch 3440 | Train: Loss=0.0134 Acc=99.9% | Test: Acc=8.3% | Best=8.6%(@3400)
  from x3: 0.09 0.09 0.08 0.08 0.08 0.09 0.08 0.08 0.08 0.08 0.08 0.08 0.08 0.08 0.08 0.08 0.08 0.08 0.08 0.08 0.08 0.08 0.08 0.08 0.08 0.08 0.08 0.08 0.08
  per-rule acc: 0.07 0.09
Epoch 3460 | Train: Loss=0.0079 Acc=100.0% | Test: Acc=8.2% | Best=8.6%(@3400)
  from x3: 0.09 0.09 0.08 0.08 0.08 0.08 0.08 0.08 0.08 0.08 0.08 0.08 0.08 0.08 0.08 0.08 0.08 0.08 0.08 0.08 0.08 0.08 0.08 0.08 0.08 0.08 0.08 0.08 0.08
  per-rule acc: 0.07 0.09
Epoch 3480 | Train: Loss=0.0125 Acc=99.9% | Test: Acc=7.6% | Best=8.6%(@3400)
  from x3: 0.09 0.08 0.08 0.08 0.08 0.08 0.07 0.07 0.08 0.08 0.08 0.08 0.08 0.08 0.08 0.08 0.08 0.08 0.08 0.08 0.08 0.08 0.08 0.07 0.07 0.07 0.07 0.07 0.07
  per-rule acc: 0.06 0.09
Epoch 3500 | Train: Loss=0.0118 Acc=99.9% | Test: Acc=8.4% | Best=8.6%(@3400)
  from x3: 0.09 0.09 0.09 0.09 0.08 0.08 0.08 0.08 0.08 0.08 0.08 0.08 0.08 0.08 0.08 0.08 0.08 0.08 0.08 0.08 0.08 0.08 0.08 0.08 0.08 0.08 0.08 0.08 0.08
  per-rule acc: 0.07 0.10
Epoch 3520 | Train: Loss=0.0121 Acc=99.9% | Test: Acc=7.8% | Best=8.6%(@3400)
  from x3: 0.09 0.09 0.08 0.08 0.08 0.08 0.08 0.08 0.08 0.08 0.08 0.08 0.08 0.08 0.08 0.08 0.08 0.08 0.08 0.08 0.08 0.08 0.08 0.08 0.08 0.08 0.08 0.08 0.08
  per-rule acc: 0.08 0.08
Epoch 3540 | Train: Loss=0.0089 Acc=99.9% | Test: Acc=8.1% | Best=8.6%(@3400)
  from x3: 0.09 0.09 0.09 0.08 0.08 0.08 0.08 0.08 0.08 0.08 0.08 0.08 0.08 0.08 0.08 0.08 0.08 0.08 0.08 0.08 0.08 0.08 0.08 0.08 0.08 0.08 0.08 0.08 0.08
  per-rule acc: 0.07 0.09
Epoch 3560 | Train: Loss=0.0122 Acc=99.9% | Test: Acc=8.5% | Best=8.6%(@3400)
  from x3: 0.09 0.09 0.09 0.09 0.09 0.08 0.08 0.08 0.08 0.09 0.08 0.08 0.08 0.08 0.08 0.08 0.08 0.08 0.08 0.08 0.08 0.09 0.08 0.08 0.08 0.08 0.08 0.08 0.08
  per-rule acc: 0.08 0.09
Epoch 3580 | Train: Loss=0.0102 Acc=99.9% | Test: Acc=8.7% | Best=8.7%(@3580)
  from x3: 0.10 0.09 0.09 0.09 0.09 0.09 0.09 0.09 0.09 0.09 0.09 0.09 0.09 0.09 0.09 0.09 0.09 0.09 0.09 0.09 0.09 0.09 0.09 0.09 0.08 0.09 0.09 0.09 0.08
  per-rule acc: 0.08 0.09
Epoch 3600 | Train: Loss=0.0113 Acc=99.9% | Test: Acc=8.1% | Best=8.7%(@3580)
  from x3: 0.09 0.09 0.09 0.08 0.08 0.08 0.08 0.08 0.08 0.08 0.08 0.08 0.08 0.08 0.08 0.08 0.08 0.08 0.08 0.08 0.08 0.08 0.08 0.08 0.08 0.08 0.08 0.08 0.08
  per-rule acc: 0.08 0.09
Epoch 3620 | Train: Loss=0.0118 Acc=99.9% | Test: Acc=8.7% | Best=8.7%(@3580)
  from x3: 0.10 0.09 0.09 0.09 0.09 0.09 0.09 0.09 0.09 0.09 0.09 0.09 0.09 0.09 0.09 0.09 0.09 0.09 0.09 0.09 0.09 0.09 0.08 0.09 0.08 0.09 0.09 0.09 0.09
  per-rule acc: 0.08 0.09
Epoch 3640 | Train: Loss=0.0163 Acc=99.9% | Test: Acc=8.3% | Best=8.7%(@3580)
  from x3: 0.09 0.09 0.08 0.08 0.08 0.09 0.08 0.08 0.08 0.08 0.08 0.08 0.08 0.08 0.08 0.08 0.08 0.08 0.08 0.08 0.08 0.08 0.08 0.08 0.08 0.08 0.08 0.08 0.08
  per-rule acc: 0.07 0.09
Epoch 3660 | Train: Loss=0.0112 Acc=99.9% | Test: Acc=8.0% | Best=8.7%(@3580)
  from x3: 0.09 0.09 0.08 0.08 0.08 0.08 0.08 0.08 0.08 0.08 0.08 0.08 0.08 0.08 0.08 0.08 0.08 0.08 0.08 0.08 0.08 0.08 0.08 0.08 0.08 0.08 0.08 0.08 0.08
  per-rule acc: 0.08 0.09
Epoch 3680 | Train: Loss=0.0096 Acc=99.9% | Test: Acc=7.9% | Best=8.7%(@3580)
  from x3: 0.09 0.09 0.08 0.08 0.08 0.08 0.08 0.08 0.08 0.08 0.08 0.08 0.08 0.08 0.08 0.08 0.08 0.08 0.08 0.08 0.08 0.08 0.08 0.08 0.08 0.08 0.08 0.08 0.08
  per-rule acc: 0.07 0.09
Epoch 3700 | Train: Loss=0.0108 Acc=99.9% | Test: Acc=9.2% | Best=9.2%(@3700)
  from x3: 0.10 0.09 0.09 0.09 0.09 0.09 0.09 0.09 0.09 0.09 0.09 0.09 0.09 0.09 0.09 0.09 0.09 0.09 0.09 0.09 0.09 0.09 0.09 0.09 0.09 0.09 0.09 0.09 0.09
  per-rule acc: 0.09 0.10
Epoch 3720 | Train: Loss=0.0092 Acc=100.0% | Test: Acc=8.8% | Best=9.2%(@3700)
  from x3: 0.10 0.09 0.09 0.09 0.09 0.09 0.09 0.09 0.09 0.09 0.09 0.09 0.09 0.09 0.09 0.09 0.09 0.09 0.09 0.09 0.09 0.09 0.09 0.08 0.09 0.09 0.09 0.09 0.09
  per-rule acc: 0.08 0.10
Epoch 3740 | Train: Loss=0.0148 Acc=99.9% | Test: Acc=9.5% | Best=9.5%(@3740)
  from x3: 0.09 0.10 0.10 0.10 0.09 0.10 0.10 0.09 0.10 0.10 0.10 0.09 0.09 0.09 0.10 0.09 0.09 0.09 0.09 0.09 0.09 0.09 0.09 0.09 0.09 0.09 0.09 0.09 0.09
  per-rule acc: 0.08 0.11
Epoch 3760 | Train: Loss=0.0121 Acc=99.9% | Test: Acc=9.0% | Best=9.5%(@3740)
  from x3: 0.10 0.10 0.09 0.09 0.09 0.09 0.09 0.09 0.09 0.09 0.09 0.09 0.09 0.09 0.09 0.09 0.09 0.09 0.09 0.09 0.09 0.09 0.09 0.09 0.09 0.09 0.09 0.09 0.09
  per-rule acc: 0.08 0.10
Epoch 3780 | Train: Loss=0.0150 Acc=99.8% | Test: Acc=9.3% | Best=9.5%(@3740)
  from x3: 0.10 0.10 0.09 0.09 0.09 0.09 0.09 0.09 0.10 0.10 0.09 0.09 0.09 0.09 0.09 0.09 0.09 0.09 0.09 0.09 0.09 0.09 0.09 0.09 0.09 0.09 0.09 0.09 0.09
  per-rule acc: 0.08 0.10
Epoch 3800 | Train: Loss=0.0117 Acc=99.9% | Test: Acc=9.1% | Best=9.5%(@3740)
  from x3: 0.10 0.10 0.09 0.09 0.09 0.09 0.09 0.09 0.09 0.09 0.09 0.09 0.09 0.09 0.09 0.09 0.09 0.09 0.09 0.09 0.09 0.09 0.09 0.09 0.09 0.09 0.09 0.09 0.09
  per-rule acc: 0.09 0.09
Epoch 3820 | Train: Loss=0.0089 Acc=99.9% | Test: Acc=9.9% | Best=9.9%(@3820)
  from x3: 0.10 0.10 0.10 0.10 0.10 0.10 0.10 0.10 0.10 0.10 0.10 0.10 0.10 0.10 0.10 0.10 0.10 0.10 0.10 0.10 0.10 0.10 0.10 0.10 0.10 0.10 0.10 0.10 0.10
  per-rule acc: 0.09 0.11
Epoch 3840 | Train: Loss=0.0106 Acc=99.9% | Test: Acc=9.5% | Best=9.9%(@3820)
  from x3: 0.10 0.10 0.10 0.10 0.10 0.10 0.10 0.10 0.10 0.10 0.10 0.10 0.10 0.09 0.10 0.10 0.09 0.09 0.09 0.09 0.09 0.09 0.09 0.09 0.09 0.09 0.09 0.09 0.09
  per-rule acc: 0.09 0.10
Epoch 3860 | Train: Loss=0.0080 Acc=100.0% | Test: Acc=8.6% | Best=9.9%(@3820)
  from x3: 0.10 0.10 0.09 0.09 0.09 0.09 0.09 0.08 0.09 0.08 0.09 0.08 0.09 0.09 0.09 0.09 0.09 0.09 0.09 0.09 0.08 0.08 0.09 0.09 0.09 0.09 0.09 0.08 0.09
  per-rule acc: 0.08 0.09
Epoch 3880 | Train: Loss=0.0129 Acc=99.9% | Test: Acc=8.7% | Best=9.9%(@3820)
  from x3: 0.10 0.10 0.09 0.09 0.09 0.09 0.09 0.09 0.09 0.09 0.09 0.09 0.09 0.09 0.09 0.09 0.09 0.09 0.09 0.09 0.09 0.09 0.08 0.08 0.08 0.08 0.08 0.08 0.08
  per-rule acc: 0.08 0.09
Epoch 3900 | Train: Loss=0.0106 Acc=99.9% | Test: Acc=9.9% | Best=9.9%(@3900)
  from x3: 0.10 0.10 0.10 0.10 0.10 0.10 0.10 0.10 0.10 0.10 0.10 0.10 0.10 0.10 0.10 0.10 0.10 0.10 0.10 0.10 0.10 0.10 0.10 0.10 0.10 0.10 0.10 0.10 0.10
  per-rule acc: 0.09 0.11
Epoch 3920 | Train: Loss=0.0108 Acc=99.9% | Test: Acc=9.7% | Best=9.9%(@3900)
  from x3: 0.10 0.10 0.10 0.10 0.10 0.10 0.10 0.10 0.10 0.10 0.10 0.10 0.10 0.10 0.10 0.10 0.10 0.10 0.10 0.10 0.10 0.10 0.10 0.10 0.10 0.10 0.10 0.10 0.10
  per-rule acc: 0.09 0.11
Epoch 3940 | Train: Loss=0.0132 Acc=99.9% | Test: Acc=9.4% | Best=9.9%(@3900)
  from x3: 0.10 0.10 0.10 0.10 0.09 0.09 0.10 0.09 0.09 0.09 0.09 0.09 0.09 0.09 0.09 0.09 0.09 0.09 0.09 0.09 0.09 0.09 0.09 0.09 0.09 0.09 0.09 0.09 0.09
  per-rule acc: 0.09 0.10
Epoch 3960 | Train: Loss=0.0131 Acc=99.9% | Test: Acc=8.7% | Best=9.9%(@3900)
  from x3: 0.10 0.10 0.09 0.09 0.09 0.09 0.09 0.09 0.09 0.09 0.09 0.09 0.09 0.09 0.09 0.09 0.09 0.09 0.09 0.09 0.09 0.08 0.08 0.09 0.09 0.09 0.09 0.09 0.09
  per-rule acc: 0.08 0.10
Epoch 3980 | Train: Loss=0.0110 Acc=99.9% | Test: Acc=9.5% | Best=9.9%(@3900)
  from x3: 0.10 0.10 0.10 0.10 0.10 0.10 0.09 0.09 0.09 0.09 0.09 0.09 0.09 0.09 0.09 0.09 0.09 0.09 0.09 0.09 0.09 0.09 0.09 0.09 0.09 0.09 0.09 0.09 0.09
  per-rule acc: 0.09 0.10
Epoch 4000 | Train: Loss=0.0129 Acc=99.9% | Test: Acc=9.5% | Best=9.9%(@3900)
  from x3: 0.11 0.10 0.09 0.09 0.09 0.10 0.10 0.10 0.10 0.10 0.10 0.10 0.09 0.09 0.09 0.09 0.10 0.09 0.10 0.10 0.09 0.09 0.09 0.09 0.09 0.09 0.09 0.09 0.09
  per-rule acc: 0.09 0.10
Epoch 4020 | Train: Loss=0.0134 Acc=99.9% | Test: Acc=9.4% | Best=9.9%(@3900)
  from x3: 0.09 0.10 0.10 0.10 0.09 0.10 0.10 0.10 0.09 0.09 0.09 0.09 0.09 0.09 0.09 0.09 0.09 0.09 0.09 0.09 0.09 0.09 0.09 0.09 0.09 0.09 0.09 0.09 0.09
  per-rule acc: 0.09 0.10
Epoch 4040 | Train: Loss=0.0107 Acc=100.0% | Test: Acc=9.6% | Best=9.9%(@3900)
  from x3: 0.10 0.10 0.10 0.10 0.10 0.10 0.10 0.10 0.10 0.10 0.10 0.10 0.09 0.09 0.10 0.09 0.10 0.09 0.10 0.10 0.10 0.10 0.10 0.09 0.09 0.09 0.09 0.09 0.09
  per-rule acc: 0.09 0.10
Epoch 4060 | Train: Loss=0.0097 Acc=100.0% | Test: Acc=9.7% | Best=9.9%(@3900)
  from x3: 0.11 0.11 0.10 0.09 0.10 0.10 0.10 0.10 0.10 0.10 0.10 0.10 0.10 0.10 0.10 0.10 0.10 0.10 0.10 0.10 0.10 0.10 0.10 0.10 0.09 0.09 0.09 0.10 0.10
  per-rule acc: 0.09 0.10
Epoch 4080 | Train: Loss=0.0118 Acc=99.9% | Test: Acc=9.5% | Best=9.9%(@3900)
  from x3: 0.11 0.10 0.10 0.10 0.10 0.10 0.10 0.09 0.10 0.09 0.09 0.09 0.09 0.09 0.09 0.09 0.09 0.09 0.09 0.09 0.10 0.09 0.09 0.09 0.09 0.09 0.09 0.09 0.09
  per-rule acc: 0.09 0.10
Epoch 4100 | Train: Loss=0.0117 Acc=99.9% | Test: Acc=9.5% | Best=9.9%(@3900)
  from x3: 0.11 0.10 0.10 0.10 0.10 0.10 0.10 0.10 0.10 0.10 0.10 0.10 0.09 0.09 0.09 0.09 0.09 0.09 0.09 0.09 0.09 0.09 0.09 0.09 0.09 0.09 0.09 0.09 0.09
  per-rule acc: 0.09 0.10
Epoch 4120 | Train: Loss=0.0094 Acc=99.9% | Test: Acc=9.3% | Best=9.9%(@3900)
  from x3: 0.10 0.10 0.10 0.09 0.09 0.09 0.09 0.09 0.09 0.09 0.09 0.09 0.09 0.09 0.09 0.09 0.09 0.09 0.09 0.09 0.09 0.09 0.09 0.09 0.09 0.09 0.09 0.09 0.09
  per-rule acc: 0.09 0.09
Epoch 4140 | Train: Loss=0.0099 Acc=99.9% | Test: Acc=10.3% | Best=10.3%(@4140)
  from x3: 0.11 0.10 0.10 0.10 0.10 0.10 0.10 0.10 0.10 0.10 0.10 0.10 0.10 0.10 0.10 0.10 0.10 0.10 0.10 0.10 0.10 0.10 0.10 0.10 0.10 0.10 0.10 0.10 0.10
  per-rule acc: 0.10 0.10
Epoch 4160 | Train: Loss=0.0111 Acc=99.9% | Test: Acc=9.5% | Best=10.3%(@4140)
  from x3: 0.10 0.10 0.10 0.10 0.10 0.09 0.10 0.09 0.09 0.09 0.09 0.09 0.09 0.09 0.09 0.09 0.09 0.09 0.09 0.09 0.09 0.10 0.10 0.10 0.09 0.09 0.09 0.09 0.09
  per-rule acc: 0.09 0.10
Epoch 4180 | Train: Loss=0.0128 Acc=99.9% | Test: Acc=10.2% | Best=10.3%(@4140)
  from x3: 0.11 0.10 0.10 0.11 0.10 0.10 0.10 0.10 0.10 0.10 0.10 0.10 0.10 0.10 0.10 0.10 0.10 0.10 0.10 0.10 0.10 0.10 0.10 0.10 0.10 0.10 0.10 0.10 0.10
  per-rule acc: 0.09 0.11
Epoch 4200 | Train: Loss=0.0128 Acc=99.9% | Test: Acc=10.1% | Best=10.3%(@4140)
  from x3: 0.11 0.10 0.10 0.10 0.10 0.10 0.10 0.10 0.10 0.10 0.10 0.10 0.10 0.10 0.10 0.10 0.10 0.10 0.10 0.10 0.10 0.10 0.10 0.10 0.10 0.10 0.10 0.10 0.10
  per-rule acc: 0.09 0.11
Epoch 4220 | Train: Loss=0.0081 Acc=99.9% | Test: Acc=10.1% | Best=10.3%(@4140)
  from x3: 0.11 0.11 0.10 0.10 0.10 0.10 0.10 0.10 0.10 0.10 0.10 0.10 0.10 0.10 0.10 0.10 0.10 0.10 0.10 0.10 0.10 0.10 0.10 0.10 0.10 0.10 0.10 0.10 0.10
  per-rule acc: 0.09 0.11
Epoch 4240 | Train: Loss=0.0105 Acc=99.9% | Test: Acc=11.0% | Best=11.0%(@4240)
  from x3: 0.11 0.11 0.11 0.11 0.11 0.11 0.11 0.11 0.11 0.11 0.11 0.11 0.11 0.11 0.11 0.11 0.11 0.11 0.11 0.11 0.11 0.11 0.11 0.11 0.11 0.11 0.11 0.11 0.11
  per-rule acc: 0.10 0.12
Epoch 4260 | Train: Loss=0.0131 Acc=99.9% | Test: Acc=10.2% | Best=11.0%(@4240)
  from x3: 0.11 0.10 0.10 0.10 0.10 0.10 0.10 0.10 0.10 0.10 0.10 0.10 0.10 0.10 0.10 0.10 0.10 0.10 0.10 0.10 0.10 0.10 0.10 0.10 0.10 0.10 0.10 0.10 0.10
  per-rule acc: 0.10 0.11
Epoch 4280 | Train: Loss=0.0111 Acc=99.9% | Test: Acc=10.0% | Best=11.0%(@4240)
  from x3: 0.11 0.11 0.10 0.10 0.10 0.10 0.10 0.10 0.10 0.10 0.10 0.10 0.10 0.10 0.10 0.10 0.10 0.10 0.10 0.10 0.10 0.10 0.10 0.10 0.10 0.10 0.10 0.10 0.10
  per-rule acc: 0.10 0.10
Epoch 4300 | Train: Loss=0.0090 Acc=99.9% | Test: Acc=10.2% | Best=11.0%(@4240)
  from x3: 0.11 0.11 0.11 0.10 0.10 0.10 0.10 0.10 0.10 0.10 0.10 0.10 0.10 0.10 0.10 0.10 0.10 0.10 0.10 0.10 0.10 0.10 0.10 0.10 0.10 0.10 0.10 0.10 0.10
  per-rule acc: 0.09 0.11
Epoch 4320 | Train: Loss=0.0125 Acc=99.9% | Test: Acc=11.2% | Best=11.2%(@4320)
  from x3: 0.12 0.12 0.12 0.11 0.11 0.11 0.11 0.11 0.11 0.11 0.11 0.11 0.11 0.11 0.11 0.11 0.11 0.11 0.11 0.11 0.11 0.11 0.11 0.11 0.11 0.11 0.11 0.11 0.11
  per-rule acc: 0.11 0.12
Epoch 4340 | Train: Loss=0.0121 Acc=99.9% | Test: Acc=9.9% | Best=11.2%(@4320)
  from x3: 0.11 0.11 0.11 0.10 0.10 0.10 0.10 0.10 0.10 0.10 0.10 0.10 0.10 0.10 0.10 0.10 0.10 0.10 0.10 0.10 0.10 0.10 0.10 0.10 0.10 0.10 0.10 0.10 0.10
  per-rule acc: 0.09 0.10
Epoch 4360 | Train: Loss=0.0119 Acc=99.9% | Test: Acc=9.7% | Best=11.2%(@4320)
  from x3: 0.11 0.11 0.10 0.10 0.10 0.10 0.10 0.10 0.10 0.10 0.10 0.10 0.10 0.10 0.10 0.10 0.10 0.10 0.10 0.10 0.10 0.10 0.10 0.10 0.09 0.09 0.09 0.09 0.09
  per-rule acc: 0.09 0.10
Epoch 4380 | Train: Loss=0.0115 Acc=99.9% | Test: Acc=9.7% | Best=11.2%(@4320)
  from x3: 0.11 0.10 0.10 0.10 0.10 0.10 0.10 0.10 0.10 0.10 0.10 0.10 0.10 0.10 0.10 0.10 0.10 0.10 0.10 0.10 0.10 0.09 0.09 0.09 0.09 0.09 0.09 0.09 0.09
  per-rule acc: 0.10 0.10
Epoch 4400 | Train: Loss=0.0134 Acc=99.9% | Test: Acc=11.1% | Best=11.2%(@4320)
  from x3: 0.11 0.12 0.11 0.12 0.11 0.11 0.11 0.11 0.11 0.11 0.11 0.11 0.11 0.11 0.11 0.11 0.11 0.11 0.11 0.11 0.11 0.11 0.11 0.11 0.11 0.11 0.11 0.11 0.11
  per-rule acc: 0.10 0.12
Epoch 4420 | Train: Loss=0.0093 Acc=99.9% | Test: Acc=11.1% | Best=11.2%(@4320)
  from x3: 0.12 0.11 0.11 0.11 0.11 0.11 0.11 0.11 0.11 0.11 0.11 0.11 0.11 0.11 0.11 0.11 0.11 0.11 0.11 0.11 0.11 0.11 0.11 0.11 0.11 0.11 0.11 0.11 0.11
  per-rule acc: 0.10 0.12
Epoch 4440 | Train: Loss=0.0122 Acc=99.9% | Test: Acc=10.5% | Best=11.2%(@4320)
  from x3: 0.11 0.10 0.10 0.10 0.10 0.10 0.11 0.11 0.11 0.11 0.11 0.11 0.10 0.11 0.10 0.11 0.10 0.11 0.11 0.10 0.10 0.10 0.10 0.10 0.10 0.10 0.10 0.10 0.10
  per-rule acc: 0.11 0.10
Epoch 4460 | Train: Loss=0.0117 Acc=99.9% | Test: Acc=10.6% | Best=11.2%(@4320)
  from x3: 0.12 0.11 0.11 0.11 0.11 0.11 0.11 0.11 0.11 0.11 0.11 0.11 0.11 0.11 0.11 0.10 0.10 0.11 0.10 0.11 0.11 0.11 0.11 0.10 0.10 0.10 0.10 0.10 0.10
  per-rule acc: 0.10 0.11
Epoch 4480 | Train: Loss=0.0110 Acc=100.0% | Test: Acc=10.7% | Best=11.2%(@4320)
  from x3: 0.11 0.12 0.11 0.11 0.11 0.11 0.11 0.11 0.11 0.11 0.11 0.11 0.11 0.11 0.11 0.11 0.11 0.11 0.11 0.11 0.11 0.11 0.10 0.11 0.10 0.10 0.10 0.10 0.11
  per-rule acc: 0.09 0.12
Epoch 4500 | Train: Loss=0.0109 Acc=99.9% | Test: Acc=10.9% | Best=11.2%(@4320)
  from x3: 0.12 0.11 0.11 0.11 0.11 0.11 0.11 0.11 0.11 0.11 0.11 0.11 0.11 0.11 0.11 0.11 0.11 0.11 0.11 0.11 0.11 0.11 0.11 0.11 0.11 0.11 0.11 0.11 0.11
  per-rule acc: 0.10 0.12
Epoch 4520 | Train: Loss=0.0114 Acc=99.9% | Test: Acc=11.4% | Best=11.4%(@4520)
  from x3: 0.12 0.12 0.11 0.11 0.12 0.11 0.11 0.11 0.12 0.12 0.11 0.11 0.11 0.11 0.11 0.11 0.11 0.12 0.11 0.11 0.11 0.11 0.11 0.11 0.11 0.11 0.11 0.11 0.11
  per-rule acc: 0.11 0.12
Epoch 4540 | Train: Loss=0.0099 Acc=99.9% | Test: Acc=10.4% | Best=11.4%(@4520)
  from x3: 0.11 0.11 0.10 0.10 0.10 0.10 0.10 0.10 0.10 0.10 0.10 0.10 0.10 0.10 0.10 0.10 0.11 0.10 0.10 0.10 0.10 0.10 0.10 0.10 0.10 0.10 0.10 0.10 0.10
  per-rule acc: 0.10 0.11
Epoch 4560 | Train: Loss=0.0121 Acc=99.9% | Test: Acc=11.1% | Best=11.4%(@4520)
  from x3: 0.12 0.12 0.11 0.11 0.11 0.11 0.11 0.11 0.11 0.11 0.11 0.11 0.11 0.11 0.11 0.11 0.11 0.11 0.11 0.11 0.11 0.11 0.11 0.11 0.11 0.11 0.11 0.11 0.11
  per-rule acc: 0.10 0.12
Epoch 4580 | Train: Loss=0.0128 Acc=99.9% | Test: Acc=11.6% | Best=11.6%(@4580)
  from x3: 0.12 0.12 0.12 0.12 0.12 0.12 0.12 0.12 0.12 0.12 0.12 0.12 0.11 0.11 0.12 0.11 0.12 0.12 0.12 0.12 0.12 0.12 0.12 0.11 0.11 0.11 0.11 0.11 0.11
  per-rule acc: 0.11 0.12
Epoch 4600 | Train: Loss=0.0133 Acc=99.9% | Test: Acc=9.7% | Best=11.6%(@4580)
  from x3: 0.11 0.10 0.10 0.10 0.10 0.10 0.10 0.10 0.10 0.10 0.10 0.10 0.10 0.10 0.10 0.10 0.10 0.10 0.10 0.09 0.10 0.10 0.10 0.10 0.09 0.09 0.10 0.09 0.10
  per-rule acc: 0.09 0.10
Epoch 4620 | Train: Loss=0.0127 Acc=99.9% | Test: Acc=10.9% | Best=11.6%(@4580)
  from x3: 0.12 0.11 0.11 0.11 0.11 0.11 0.11 0.11 0.11 0.11 0.11 0.11 0.11 0.11 0.11 0.11 0.11 0.11 0.11 0.11 0.11 0.11 0.11 0.11 0.11 0.11 0.11 0.11 0.11
  per-rule acc: 0.10 0.12
Epoch 4640 | Train: Loss=0.0109 Acc=99.9% | Test: Acc=12.1% | Best=12.1%(@4640)
  from x3: 0.12 0.13 0.12 0.13 0.13 0.12 0.12 0.12 0.12 0.12 0.12 0.12 0.12 0.12 0.12 0.12 0.12 0.12 0.12 0.12 0.12 0.12 0.12 0.12 0.12 0.12 0.12 0.12 0.12
  per-rule acc: 0.12 0.12
Epoch 4660 | Train: Loss=0.0142 Acc=99.8% | Test: Acc=11.3% | Best=12.1%(@4640)
  from x3: 0.12 0.11 0.11 0.11 0.11 0.11 0.11 0.11 0.11 0.11 0.11 0.11 0.11 0.11 0.11 0.11 0.11 0.11 0.11 0.11 0.11 0.11 0.11 0.11 0.11 0.11 0.11 0.11 0.11
  per-rule acc: 0.11 0.12
Epoch 4680 | Train: Loss=0.0131 Acc=99.9% | Test: Acc=11.7% | Best=12.1%(@4640)
  from x3: 0.11 0.12 0.12 0.12 0.12 0.12 0.12 0.12 0.12 0.12 0.12 0.12 0.12 0.12 0.12 0.12 0.12 0.12 0.12 0.12 0.12 0.12 0.12 0.11 0.12 0.12 0.12 0.11 0.11
  per-rule acc: 0.11 0.12
Epoch 4700 | Train: Loss=0.0100 Acc=100.0% | Test: Acc=11.0% | Best=12.1%(@4640)
  from x3: 0.11 0.12 0.11 0.11 0.11 0.11 0.11 0.11 0.11 0.11 0.11 0.11 0.11 0.11 0.11 0.11 0.11 0.11 0.11 0.11 0.11 0.11 0.11 0.11 0.11 0.11 0.11 0.11 0.11
  per-rule acc: 0.09 0.13
Epoch 4720 | Train: Loss=0.0118 Acc=99.9% | Test: Acc=11.0% | Best=12.1%(@4640)
  from x3: 0.11 0.11 0.11 0.11 0.11 0.11 0.11 0.11 0.11 0.11 0.11 0.11 0.11 0.11 0.11 0.11 0.11 0.11 0.11 0.11 0.11 0.11 0.11 0.11 0.11 0.11 0.11 0.11 0.11
  per-rule acc: 0.11 0.11
Epoch 4740 | Train: Loss=0.0124 Acc=99.9% | Test: Acc=11.4% | Best=12.1%(@4640)
  from x3: 0.12 0.12 0.12 0.11 0.11 0.11 0.11 0.11 0.11 0.11 0.11 0.11 0.11 0.11 0.11 0.11 0.11 0.11 0.11 0.11 0.11 0.11 0.11 0.11 0.11 0.11 0.11 0.11 0.11
  per-rule acc: 0.11 0.12
Epoch 4760 | Train: Loss=0.0100 Acc=99.9% | Test: Acc=10.8% | Best=12.1%(@4640)
  from x3: 0.12 0.11 0.11 0.11 0.11 0.11 0.11 0.11 0.11 0.11 0.11 0.11 0.11 0.11 0.11 0.11 0.11 0.11 0.11 0.11 0.11 0.11 0.11 0.11 0.11 0.10 0.11 0.11 0.11
  per-rule acc: 0.10 0.11
Epoch 4780 | Train: Loss=0.0103 Acc=99.9% | Test: Acc=10.6% | Best=12.1%(@4640)
  from x3: 0.12 0.11 0.11 0.11 0.11 0.11 0.11 0.11 0.11 0.10 0.10 0.10 0.11 0.11 0.10 0.10 0.10 0.10 0.10 0.10 0.10 0.10 0.10 0.10 0.10 0.10 0.10 0.10 0.10
  per-rule acc: 0.10 0.11
Epoch 4800 | Train: Loss=0.0110 Acc=99.9% | Test: Acc=11.5% | Best=12.1%(@4640)
  from x3: 0.12 0.12 0.12 0.12 0.12 0.12 0.12 0.12 0.12 0.12 0.12 0.12 0.12 0.12 0.12 0.12 0.11 0.11 0.11 0.11 0.11 0.11 0.11 0.11 0.11 0.11 0.11 0.11 0.11
  per-rule acc: 0.11 0.12
Epoch 4820 | Train: Loss=0.0134 Acc=99.9% | Test: Acc=11.7% | Best=12.1%(@4640)
  from x3: 0.12 0.12 0.12 0.12 0.12 0.12 0.12 0.12 0.12 0.12 0.12 0.12 0.12 0.12 0.12 0.12 0.12 0.12 0.12 0.12 0.12 0.12 0.12 0.12 0.12 0.12 0.12 0.12 0.12
  per-rule acc: 0.11 0.12
Epoch 4840 | Train: Loss=0.0090 Acc=100.0% | Test: Acc=10.8% | Best=12.1%(@4640)
  from x3: 0.12 0.11 0.11 0.11 0.11 0.11 0.11 0.11 0.11 0.11 0.11 0.11 0.11 0.11 0.11 0.11 0.11 0.11 0.11 0.11 0.11 0.11 0.11 0.11 0.11 0.11 0.11 0.11 0.11
  per-rule acc: 0.10 0.11
Epoch 4860 | Train: Loss=0.0139 Acc=99.9% | Test: Acc=11.4% | Best=12.1%(@4640)
  from x3: 0.13 0.12 0.12 0.11 0.12 0.12 0.11 0.12 0.11 0.11 0.11 0.11 0.11 0.11 0.11 0.11 0.11 0.11 0.11 0.11 0.11 0.11 0.11 0.11 0.11 0.11 0.11 0.11 0.11
  per-rule acc: 0.11 0.12
Epoch 4880 | Train: Loss=0.0119 Acc=99.9% | Test: Acc=11.8% | Best=12.1%(@4640)
  from x3: 0.12 0.12 0.12 0.12 0.12 0.12 0.12 0.12 0.12 0.12 0.12 0.12 0.12 0.12 0.12 0.12 0.12 0.12 0.12 0.12 0.12 0.12 0.12 0.11 0.11 0.11 0.11 0.11 0.11
  per-rule acc: 0.11 0.12
Epoch 4900 | Train: Loss=0.0102 Acc=100.0% | Test: Acc=11.2% | Best=12.1%(@4640)
  from x3: 0.12 0.12 0.12 0.11 0.11 0.11 0.11 0.11 0.11 0.11 0.11 0.11 0.11 0.11 0.11 0.11 0.11 0.11 0.11 0.11 0.11 0.11 0.11 0.11 0.11 0.11 0.11 0.11 0.11
  per-rule acc: 0.10 0.12
Epoch 4920 | Train: Loss=0.0114 Acc=99.9% | Test: Acc=11.4% | Best=12.1%(@4640)
  from x3: 0.13 0.12 0.12 0.12 0.12 0.12 0.12 0.12 0.11 0.11 0.11 0.11 0.11 0.11 0.11 0.11 0.11 0.11 0.11 0.11 0.11 0.11 0.11 0.11 0.11 0.11 0.11 0.11 0.11
  per-rule acc: 0.10 0.12
Epoch 4940 | Train: Loss=0.0101 Acc=99.9% | Test: Acc=11.5% | Best=12.1%(@4640)
  from x3: 0.12 0.12 0.12 0.12 0.12 0.12 0.12 0.12 0.11 0.12 0.11 0.12 0.12 0.12 0.11 0.11 0.11 0.11 0.11 0.11 0.11 0.11 0.11 0.11 0.11 0.11 0.11 0.11 0.11
  per-rule acc: 0.11 0.12
Epoch 4960 | Train: Loss=0.0100 Acc=99.9% | Test: Acc=11.6% | Best=12.1%(@4640)
  from x3: 0.12 0.12 0.11 0.12 0.12 0.12 0.12 0.12 0.12 0.12 0.12 0.12 0.12 0.12 0.12 0.12 0.12 0.12 0.12 0.11 0.11 0.11 0.11 0.11 0.11 0.11 0.11 0.11 0.11
  per-rule acc: 0.11 0.12
Epoch 4980 | Train: Loss=0.0121 Acc=99.9% | Test: Acc=11.8% | Best=12.1%(@4640)
  from x3: 0.13 0.12 0.12 0.12 0.12 0.12 0.12 0.12 0.12 0.12 0.12 0.12 0.12 0.12 0.12 0.12 0.12 0.12 0.12 0.12 0.12 0.12 0.12 0.12 0.12 0.12 0.12 0.12 0.12
  per-rule acc: 0.11 0.13
Epoch 5000 | Train: Loss=0.0125 Acc=99.9% | Test: Acc=11.3% | Best=12.1%(@4640)
  from x3: 0.13 0.12 0.11 0.11 0.11 0.11 0.11 0.11 0.11 0.11 0.11 0.11 0.11 0.11 0.11 0.11 0.11 0.11 0.11 0.11 0.11 0.11 0.11 0.11 0.11 0.11 0.11 0.11 0.11
  per-rule acc: 0.10 0.13
Epoch 5020 | Train: Loss=0.0093 Acc=99.9% | Test: Acc=11.5% | Best=12.1%(@4640)
  from x3: 0.12 0.12 0.12 0.11 0.12 0.12 0.12 0.11 0.12 0.12 0.11 0.12 0.11 0.11 0.11 0.11 0.11 0.11 0.11 0.11 0.11 0.11 0.11 0.11 0.11 0.11 0.11 0.11 0.11
  per-rule acc: 0.10 0.13
Epoch 5040 | Train: Loss=0.0102 Acc=99.9% | Test: Acc=11.7% | Best=12.1%(@4640)
  from x3: 0.13 0.13 0.12 0.12 0.12 0.12 0.12 0.12 0.12 0.12 0.12 0.12 0.12 0.12 0.12 0.11 0.12 0.12 0.12 0.12 0.12 0.11 0.11 0.12 0.12 0.11 0.11 0.11 0.11
  per-rule acc: 0.10 0.13
Epoch 5060 | Train: Loss=0.0087 Acc=99.9% | Test: Acc=11.7% | Best=12.1%(@4640)
  from x3: 0.13 0.12 0.12 0.12 0.12 0.12 0.12 0.12 0.12 0.12 0.12 0.12 0.12 0.12 0.12 0.12 0.12 0.12 0.12 0.12 0.12 0.12 0.12 0.12 0.12 0.12 0.12 0.11 0.11
  per-rule acc: 0.10 0.14
Epoch 5080 | Train: Loss=0.0109 Acc=99.9% | Test: Acc=11.0% | Best=12.1%(@4640)
  from x3: 0.12 0.12 0.12 0.11 0.11 0.11 0.11 0.11 0.11 0.11 0.11 0.11 0.11 0.11 0.11 0.11 0.11 0.11 0.11 0.11 0.11 0.11 0.11 0.11 0.11 0.11 0.11 0.11 0.11
  per-rule acc: 0.10 0.12
Epoch 5100 | Train: Loss=0.0136 Acc=99.9% | Test: Acc=12.0% | Best=12.1%(@4640)
  from x3: 0.12 0.12 0.12 0.12 0.12 0.12 0.12 0.12 0.12 0.12 0.12 0.12 0.12 0.12 0.12 0.12 0.12 0.12 0.12 0.12 0.12 0.12 0.12 0.12 0.12 0.12 0.12 0.12 0.12
  per-rule acc: 0.11 0.13
Epoch 5120 | Train: Loss=0.0098 Acc=100.0% | Test: Acc=11.3% | Best=12.1%(@4640)
  from x3: 0.12 0.12 0.11 0.11 0.11 0.11 0.11 0.11 0.11 0.11 0.11 0.11 0.11 0.11 0.11 0.11 0.11 0.11 0.11 0.11 0.11 0.11 0.11 0.11 0.11 0.11 0.11 0.11 0.11
  per-rule acc: 0.10 0.13
Epoch 5140 | Train: Loss=0.0108 Acc=99.9% | Test: Acc=11.7% | Best=12.1%(@4640)
  from x3: 0.12 0.12 0.12 0.12 0.12 0.12 0.12 0.12 0.12 0.12 0.12 0.12 0.12 0.12 0.12 0.12 0.12 0.12 0.12 0.12 0.12 0.11 0.11 0.11 0.11 0.11 0.11 0.11 0.11
  per-rule acc: 0.11 0.12
Epoch 5160 | Train: Loss=0.0109 Acc=99.9% | Test: Acc=11.9% | Best=12.1%(@4640)
  from x3: 0.13 0.13 0.12 0.12 0.12 0.12 0.12 0.12 0.12 0.12 0.12 0.12 0.12 0.12 0.12 0.12 0.12 0.12 0.12 0.12 0.12 0.12 0.12 0.12 0.12 0.12 0.12 0.12 0.12
  per-rule acc: 0.11 0.13
Epoch 5180 | Train: Loss=0.0105 Acc=99.9% | Test: Acc=11.4% | Best=12.1%(@4640)
  from x3: 0.12 0.12 0.12 0.12 0.12 0.12 0.12 0.11 0.11 0.11 0.11 0.11 0.11 0.11 0.11 0.11 0.11 0.11 0.11 0.11 0.11 0.11 0.11 0.11 0.11 0.11 0.11 0.11 0.11
  per-rule acc: 0.10 0.13
Epoch 5200 | Train: Loss=0.0093 Acc=99.9% | Test: Acc=11.4% | Best=12.1%(@4640)
  from x3: 0.12 0.12 0.11 0.11 0.11 0.11 0.12 0.12 0.12 0.12 0.11 0.11 0.11 0.11 0.11 0.11 0.11 0.11 0.11 0.11 0.11 0.11 0.11 0.11 0.11 0.11 0.11 0.11 0.11
  per-rule acc: 0.10 0.12
Epoch 5220 | Train: Loss=0.0110 Acc=99.9% | Test: Acc=11.6% | Best=12.1%(@4640)
  from x3: 0.12 0.12 0.12 0.11 0.12 0.12 0.12 0.12 0.11 0.12 0.11 0.12 0.12 0.12 0.12 0.11 0.12 0.12 0.11 0.11 0.12 0.12 0.12 0.11 0.12 0.11 0.12 0.12 0.12
  per-rule acc: 0.10 0.13
Epoch 5240 | Train: Loss=0.0104 Acc=99.9% | Test: Acc=11.2% | Best=12.1%(@4640)
  from x3: 0.13 0.12 0.11 0.11 0.11 0.11 0.11 0.11 0.11 0.11 0.11 0.11 0.11 0.11 0.11 0.11 0.11 0.11 0.11 0.11 0.11 0.11 0.11 0.11 0.11 0.11 0.11 0.11 0.11
  per-rule acc: 0.11 0.12
Epoch 5260 | Train: Loss=0.0120 Acc=99.9% | Test: Acc=11.9% | Best=12.1%(@4640)
  from x3: 0.12 0.12 0.12 0.12 0.12 0.12 0.12 0.12 0.12 0.12 0.12 0.12 0.12 0.12 0.12 0.12 0.12 0.12 0.12 0.12 0.12 0.12 0.12 0.12 0.12 0.12 0.12 0.12 0.12
  per-rule acc: 0.11 0.13
Epoch 5280 | Train: Loss=0.0104 Acc=100.0% | Test: Acc=11.4% | Best=12.1%(@4640)
  from x3: 0.12 0.12 0.12 0.12 0.12 0.12 0.11 0.11 0.11 0.11 0.11 0.11 0.11 0.11 0.11 0.11 0.11 0.11 0.11 0.11 0.11 0.11 0.11 0.11 0.11 0.11 0.11 0.11 0.11
  per-rule acc: 0.11 0.12
Epoch 5300 | Train: Loss=0.0095 Acc=99.9% | Test: Acc=12.5% | Best=12.5%(@5300)
  from x3: 0.13 0.12 0.12 0.12 0.12 0.12 0.12 0.13 0.13 0.13 0.13 0.13 0.13 0.13 0.12 0.13 0.12 0.12 0.12 0.12 0.12 0.12 0.13 0.13 0.13 0.13 0.13 0.13 0.12
  per-rule acc: 0.11 0.14
Epoch 5320 | Train: Loss=0.0121 Acc=99.9% | Test: Acc=12.7% | Best=12.7%(@5320)
  from x3: 0.13 0.13 0.13 0.13 0.13 0.13 0.13 0.13 0.13 0.13 0.13 0.13 0.13 0.13 0.13 0.13 0.13 0.13 0.13 0.13 0.13 0.13 0.13 0.13 0.13 0.13 0.13 0.12 0.12
  per-rule acc: 0.12 0.13
Epoch 5340 | Train: Loss=0.0095 Acc=99.9% | Test: Acc=12.1% | Best=12.7%(@5320)
  from x3: 0.13 0.13 0.12 0.12 0.12 0.12 0.12 0.12 0.12 0.12 0.12 0.12 0.12 0.12 0.12 0.12 0.12 0.12 0.12 0.12 0.12 0.12 0.12 0.12 0.12 0.12 0.12 0.12 0.12
  per-rule acc: 0.11 0.13
Epoch 5360 | Train: Loss=0.0108 Acc=99.9% | Test: Acc=11.6% | Best=12.7%(@5320)
  from x3: 0.12 0.12 0.12 0.12 0.12 0.12 0.12 0.12 0.12 0.12 0.12 0.12 0.12 0.12 0.12 0.12 0.11 0.11 0.11 0.11 0.11 0.11 0.11 0.11 0.11 0.11 0.11 0.11 0.11
  per-rule acc: 0.10 0.13
Epoch 5380 | Train: Loss=0.0094 Acc=99.9% | Test: Acc=12.0% | Best=12.7%(@5320)
  from x3: 0.13 0.13 0.12 0.13 0.12 0.12 0.12 0.12 0.12 0.12 0.12 0.12 0.12 0.12 0.12 0.12 0.12 0.12 0.12 0.12 0.12 0.12 0.12 0.12 0.12 0.12 0.12 0.12 0.12
  per-rule acc: 0.11 0.13
Epoch 5400 | Train: Loss=0.0084 Acc=99.9% | Test: Acc=11.8% | Best=12.7%(@5320)
  from x3: 0.13 0.13 0.12 0.12 0.12 0.12 0.12 0.12 0.12 0.12 0.12 0.12 0.12 0.12 0.12 0.12 0.12 0.12 0.12 0.12 0.12 0.12 0.12 0.12 0.12 0.12 0.12 0.12 0.12
  per-rule acc: 0.12 0.12
Epoch 5420 | Train: Loss=0.0088 Acc=99.9% | Test: Acc=11.8% | Best=12.7%(@5320)
  from x3: 0.12 0.13 0.12 0.12 0.12 0.12 0.12 0.12 0.12 0.12 0.12 0.12 0.12 0.12 0.12 0.12 0.12 0.12 0.12 0.12 0.12 0.12 0.12 0.12 0.12 0.12 0.12 0.12 0.12
  per-rule acc: 0.11 0.12
Epoch 5440 | Train: Loss=0.0088 Acc=99.9% | Test: Acc=11.7% | Best=12.7%(@5320)
  from x3: 0.13 0.12 0.12 0.12 0.12 0.12 0.12 0.12 0.12 0.12 0.12 0.12 0.12 0.12 0.12 0.12 0.12 0.12 0.12 0.12 0.12 0.12 0.12 0.12 0.12 0.12 0.12 0.11 0.11
  per-rule acc: 0.10 0.13
Epoch 5460 | Train: Loss=0.0084 Acc=100.0% | Test: Acc=11.4% | Best=12.7%(@5320)
  from x3: 0.13 0.12 0.12 0.11 0.11 0.11 0.12 0.12 0.11 0.12 0.11 0.11 0.11 0.11 0.11 0.11 0.11 0.11 0.11 0.11 0.11 0.11 0.11 0.11 0.11 0.11 0.11 0.11 0.11
  per-rule acc: 0.10 0.13
Epoch 5480 | Train: Loss=0.0099 Acc=99.9% | Test: Acc=11.3% | Best=12.7%(@5320)
  from x3: 0.12 0.11 0.11 0.11 0.11 0.11 0.11 0.11 0.11 0.11 0.11 0.11 0.11 0.11 0.11 0.11 0.11 0.11 0.11 0.11 0.11 0.11 0.11 0.11 0.11 0.11 0.11 0.11 0.11
  per-rule acc: 0.11 0.12
Epoch 5500 | Train: Loss=0.0111 Acc=99.9% | Test: Acc=11.9% | Best=12.7%(@5320)
  from x3: 0.13 0.13 0.12 0.12 0.12 0.12 0.12 0.12 0.12 0.12 0.12 0.12 0.12 0.12 0.12 0.12 0.12 0.12 0.12 0.12 0.12 0.12 0.12 0.12 0.12 0.12 0.12 0.12 0.12
  per-rule acc: 0.11 0.13
Epoch 5520 | Train: Loss=0.0111 Acc=99.9% | Test: Acc=12.3% | Best=12.7%(@5320)
  from x3: 0.13 0.13 0.12 0.12 0.12 0.12 0.12 0.12 0.12 0.12 0.12 0.12 0.12 0.12 0.12 0.12 0.12 0.12 0.12 0.12 0.12 0.12 0.12 0.12 0.12 0.12 0.12 0.12 0.12
  per-rule acc: 0.11 0.14
Epoch 5540 | Train: Loss=0.0090 Acc=99.9% | Test: Acc=12.6% | Best=12.7%(@5320)
  from x3: 0.14 0.14 0.14 0.13 0.13 0.13 0.13 0.13 0.13 0.13 0.13 0.13 0.13 0.13 0.13 0.13 0.13 0.13 0.13 0.12 0.12 0.12 0.12 0.12 0.12 0.12 0.12 0.12 0.12
  per-rule acc: 0.12 0.13
Epoch 5560 | Train: Loss=0.0097 Acc=100.0% | Test: Acc=11.3% | Best=12.7%(@5320)
  from x3: 0.12 0.12 0.12 0.12 0.11 0.11 0.12 0.11 0.11 0.11 0.11 0.11 0.11 0.11 0.11 0.11 0.11 0.11 0.11 0.11 0.11 0.11 0.11 0.11 0.11 0.11 0.11 0.11 0.11
  per-rule acc: 0.11 0.12
Epoch 5580 | Train: Loss=0.0115 Acc=99.9% | Test: Acc=11.9% | Best=12.7%(@5320)
  from x3: 0.13 0.13 0.12 0.12 0.12 0.12 0.12 0.12 0.12 0.12 0.12 0.12 0.12 0.12 0.12 0.12 0.12 0.12 0.12 0.12 0.12 0.12 0.12 0.12 0.12 0.12 0.12 0.12 0.11
  per-rule acc: 0.11 0.13
Epoch 5600 | Train: Loss=0.0089 Acc=99.9% | Test: Acc=12.1% | Best=12.7%(@5320)
  from x3: 0.12 0.13 0.13 0.12 0.12 0.12 0.12 0.12 0.12 0.12 0.12 0.12 0.12 0.12 0.12 0.12 0.12 0.12 0.12 0.12 0.12 0.12 0.12 0.12 0.12 0.12 0.12 0.12 0.12
  per-rule acc: 0.11 0.14
Epoch 5620 | Train: Loss=0.0093 Acc=99.9% | Test: Acc=13.3% | Best=13.3%(@5620)
  from x3: 0.14 0.14 0.13 0.13 0.13 0.13 0.13 0.13 0.13 0.13 0.13 0.13 0.13 0.13 0.13 0.13 0.13 0.13 0.13 0.13 0.13 0.13 0.13 0.13 0.13 0.13 0.13 0.13 0.13
  per-rule acc: 0.12 0.15
Epoch 5640 | Train: Loss=0.0085 Acc=100.0% | Test: Acc=12.6% | Best=13.3%(@5620)
  from x3: 0.13 0.13 0.13 0.13 0.13 0.13 0.13 0.13 0.13 0.13 0.13 0.13 0.12 0.12 0.13 0.12 0.12 0.12 0.12 0.12 0.12 0.12 0.12 0.12 0.12 0.12 0.12 0.12 0.12
  per-rule acc: 0.11 0.14
Epoch 5660 | Train: Loss=0.0083 Acc=100.0% | Test: Acc=12.6% | Best=13.3%(@5620)
  from x3: 0.13 0.13 0.13 0.12 0.12 0.13 0.13 0.13 0.13 0.12 0.12 0.12 0.12 0.13 0.12 0.13 0.13 0.12 0.12 0.12 0.12 0.12 0.13 0.13 0.13 0.13 0.13 0.12 0.12
  per-rule acc: 0.11 0.14
Epoch 5680 | Train: Loss=0.0108 Acc=99.9% | Test: Acc=11.7% | Best=13.3%(@5620)
  from x3: 0.13 0.12 0.12 0.12 0.12 0.12 0.12 0.12 0.12 0.12 0.12 0.12 0.12 0.12 0.12 0.12 0.12 0.12 0.12 0.11 0.12 0.12 0.12 0.12 0.12 0.12 0.12 0.12 0.12
  per-rule acc: 0.10 0.13
Epoch 5700 | Train: Loss=0.0097 Acc=99.9% | Test: Acc=12.5% | Best=13.3%(@5620)
  from x3: 0.14 0.13 0.13 0.12 0.12 0.12 0.13 0.13 0.13 0.13 0.12 0.12 0.13 0.13 0.12 0.12 0.12 0.12 0.12 0.12 0.12 0.12 0.12 0.12 0.12 0.12 0.12 0.12 0.12
  per-rule acc: 0.11 0.14
Epoch 5720 | Train: Loss=0.0088 Acc=99.9% | Test: Acc=12.4% | Best=13.3%(@5620)
  from x3: 0.13 0.13 0.12 0.12 0.12 0.12 0.12 0.12 0.12 0.12 0.12 0.12 0.12 0.12 0.12 0.12 0.12 0.12 0.12 0.12 0.12 0.12 0.12 0.12 0.12 0.12 0.12 0.12 0.12
  per-rule acc: 0.11 0.13
Epoch 5740 | Train: Loss=0.0097 Acc=99.9% | Test: Acc=11.9% | Best=13.3%(@5620)
  from x3: 0.12 0.12 0.12 0.12 0.12 0.12 0.12 0.12 0.12 0.12 0.12 0.12 0.12 0.12 0.12 0.12 0.12 0.12 0.12 0.12 0.12 0.12 0.12 0.12 0.12 0.12 0.12 0.12 0.12
  per-rule acc: 0.11 0.12
Epoch 5760 | Train: Loss=0.0085 Acc=99.9% | Test: Acc=12.2% | Best=13.3%(@5620)
  from x3: 0.13 0.13 0.12 0.12 0.12 0.12 0.12 0.12 0.12 0.12 0.12 0.12 0.12 0.12 0.12 0.12 0.12 0.12 0.12 0.12 0.12 0.12 0.12 0.12 0.12 0.12 0.12 0.12 0.12
  per-rule acc: 0.11 0.14
Epoch 5780 | Train: Loss=0.0107 Acc=99.9% | Test: Acc=12.2% | Best=13.3%(@5620)
  from x3: 0.13 0.13 0.12 0.13 0.12 0.12 0.12 0.12 0.12 0.12 0.12 0.12 0.12 0.12 0.12 0.12 0.12 0.12 0.12 0.12 0.12 0.12 0.12 0.12 0.12 0.12 0.12 0.12 0.12
  per-rule acc: 0.11 0.13
Epoch 5800 | Train: Loss=0.0104 Acc=99.9% | Test: Acc=11.7% | Best=13.3%(@5620)
  from x3: 0.13 0.13 0.12 0.12 0.12 0.12 0.12 0.12 0.11 0.12 0.12 0.12 0.11 0.12 0.12 0.12 0.12 0.12 0.12 0.12 0.12 0.12 0.12 0.12 0.12 0.12 0.11 0.12 0.12
  per-rule acc: 0.11 0.13
Epoch 5820 | Train: Loss=0.0111 Acc=99.9% | Test: Acc=11.8% | Best=13.3%(@5620)
  from x3: 0.13 0.13 0.13 0.12 0.12 0.12 0.12 0.12 0.12 0.12 0.12 0.12 0.12 0.12 0.12 0.12 0.12 0.12 0.12 0.12 0.12 0.12 0.12 0.12 0.12 0.12 0.12 0.11 0.12
  per-rule acc: 0.11 0.13
Epoch 5840 | Train: Loss=0.0070 Acc=99.9% | Test: Acc=12.1% | Best=13.3%(@5620)
  from x3: 0.13 0.13 0.12 0.12 0.12 0.12 0.12 0.12 0.12 0.12 0.12 0.12 0.12 0.12 0.12 0.12 0.12 0.12 0.12 0.12 0.12 0.12 0.12 0.12 0.12 0.12 0.12 0.12 0.12
  per-rule acc: 0.11 0.13
Epoch 5860 | Train: Loss=0.0080 Acc=100.0% | Test: Acc=12.9% | Best=13.3%(@5620)
  from x3: 0.14 0.14 0.13 0.13 0.13 0.13 0.13 0.13 0.13 0.13 0.13 0.13 0.13 0.13 0.13 0.13 0.13 0.13 0.13 0.13 0.13 0.13 0.13 0.13 0.13 0.13 0.13 0.13 0.13
  per-rule acc: 0.12 0.13
Epoch 5880 | Train: Loss=0.0095 Acc=100.0% | Test: Acc=12.2% | Best=13.3%(@5620)
  from x3: 0.13 0.13 0.12 0.12 0.12 0.12 0.12 0.12 0.12 0.12 0.12 0.12 0.12 0.12 0.12 0.12 0.12 0.12 0.12 0.12 0.12 0.12 0.12 0.12 0.12 0.12 0.12 0.12 0.12
  per-rule acc: 0.11 0.14
Epoch 5900 | Train: Loss=0.0101 Acc=99.9% | Test: Acc=12.3% | Best=13.3%(@5620)
  from x3: 0.13 0.13 0.13 0.12 0.12 0.12 0.12 0.12 0.12 0.12 0.12 0.12 0.12 0.12 0.12 0.12 0.12 0.12 0.12 0.12 0.12 0.12 0.12 0.12 0.12 0.12 0.12 0.12 0.12
  per-rule acc: 0.11 0.14
Epoch 5920 | Train: Loss=0.0091 Acc=99.9% | Test: Acc=12.6% | Best=13.3%(@5620)
  from x3: 0.13 0.13 0.13 0.12 0.13 0.13 0.13 0.13 0.13 0.13 0.13 0.13 0.13 0.13 0.13 0.13 0.13 0.13 0.13 0.12 0.13 0.13 0.13 0.13 0.13 0.12 0.12 0.12 0.12
  per-rule acc: 0.12 0.13
Epoch 5940 | Train: Loss=0.0105 Acc=99.9% | Test: Acc=12.2% | Best=13.3%(@5620)
  from x3: 0.12 0.12 0.12 0.12 0.12 0.12 0.12 0.12 0.12 0.12 0.12 0.12 0.12 0.12 0.12 0.12 0.12 0.12 0.12 0.12 0.12 0.12 0.12 0.12 0.12 0.12 0.12 0.12 0.12
  per-rule acc: 0.11 0.13
Epoch 5960 | Train: Loss=0.0072 Acc=100.0% | Test: Acc=13.1% | Best=13.3%(@5620)
  from x3: 0.14 0.14 0.13 0.13 0.13 0.13 0.13 0.13 0.13 0.13 0.13 0.13 0.13 0.13 0.13 0.13 0.13 0.13 0.13 0.13 0.13 0.13 0.13 0.13 0.13 0.13 0.13 0.13 0.13
  per-rule acc: 0.13 0.14
Epoch 5980 | Train: Loss=0.0094 Acc=100.0% | Test: Acc=12.1% | Best=13.3%(@5620)
  from x3: 0.12 0.12 0.12 0.12 0.12 0.12 0.12 0.12 0.12 0.12 0.12 0.12 0.12 0.12 0.12 0.12 0.12 0.12 0.12 0.12 0.12 0.12 0.12 0.12 0.12 0.12 0.12 0.12 0.12
  per-rule acc: 0.12 0.13
Epoch 6000 | Train: Loss=0.0087 Acc=99.9% | Test: Acc=12.9% | Best=13.3%(@5620)
  from x3: 0.13 0.14 0.13 0.13 0.13 0.13 0.13 0.13 0.13 0.13 0.13 0.13 0.13 0.13 0.13 0.13 0.13 0.13 0.13 0.13 0.13 0.13 0.13 0.13 0.13 0.13 0.13 0.13 0.13
  per-rule acc: 0.12 0.14
Epoch 6020 | Train: Loss=0.0092 Acc=99.9% | Test: Acc=12.6% | Best=13.3%(@5620)
  from x3: 0.14 0.14 0.13 0.13 0.13 0.13 0.13 0.12 0.13 0.13 0.13 0.13 0.13 0.12 0.12 0.12 0.13 0.12 0.12 0.12 0.12 0.12 0.12 0.12 0.12 0.12 0.12 0.12 0.12
  per-rule acc: 0.11 0.15
Epoch 6040 | Train: Loss=0.0110 Acc=99.9% | Test: Acc=11.7% | Best=13.3%(@5620)
  from x3: 0.13 0.12 0.12 0.12 0.12 0.12 0.12 0.12 0.12 0.12 0.12 0.12 0.12 0.12 0.12 0.12 0.12 0.11 0.12 0.12 0.12 0.12 0.12 0.12 0.11 0.12 0.12 0.12 0.12
  per-rule acc: 0.11 0.12
Epoch 6060 | Train: Loss=0.0084 Acc=100.0% | Test: Acc=12.6% | Best=13.3%(@5620)
  from x3: 0.13 0.14 0.13 0.13 0.13 0.13 0.13 0.13 0.13 0.13 0.13 0.13 0.12 0.13 0.13 0.12 0.12 0.12 0.12 0.12 0.12 0.12 0.12 0.12 0.12 0.12 0.12 0.12 0.12
  per-rule acc: 0.11 0.14
Epoch 6080 | Train: Loss=0.0110 Acc=99.9% | Test: Acc=12.9% | Best=13.3%(@5620)
  from x3: 0.13 0.14 0.13 0.13 0.13 0.13 0.13 0.13 0.13 0.13 0.13 0.13 0.13 0.13 0.13 0.13 0.13 0.13 0.13 0.13 0.13 0.13 0.13 0.13 0.13 0.13 0.13 0.13 0.13
  per-rule acc: 0.12 0.14
Epoch 6100 | Train: Loss=0.0086 Acc=99.9% | Test: Acc=12.3% | Best=13.3%(@5620)
  from x3: 0.13 0.12 0.13 0.13 0.13 0.13 0.12 0.12 0.12 0.12 0.12 0.12 0.12 0.12 0.12 0.12 0.12 0.12 0.12 0.12 0.12 0.12 0.12 0.12 0.12 0.12 0.12 0.12 0.12
  per-rule acc: 0.11 0.13
Epoch 6120 | Train: Loss=0.0096 Acc=99.9% | Test: Acc=12.6% | Best=13.3%(@5620)
  from x3: 0.13 0.13 0.13 0.12 0.12 0.12 0.12 0.12 0.12 0.12 0.13 0.13 0.13 0.13 0.13 0.13 0.13 0.13 0.13 0.13 0.13 0.13 0.13 0.12 0.13 0.13 0.13 0.13 0.12
  per-rule acc: 0.11 0.14
Epoch 6140 | Train: Loss=0.0095 Acc=100.0% | Test: Acc=12.4% | Best=13.3%(@5620)
  from x3: 0.13 0.13 0.13 0.13 0.12 0.12 0.12 0.12 0.12 0.12 0.12 0.12 0.12 0.12 0.12 0.12 0.12 0.12 0.12 0.12 0.12 0.12 0.12 0.12 0.12 0.12 0.12 0.12 0.12
  per-rule acc: 0.11 0.14
Epoch 6160 | Train: Loss=0.0090 Acc=100.0% | Test: Acc=12.8% | Best=13.3%(@5620)
  from x3: 0.14 0.13 0.13 0.13 0.13 0.13 0.13 0.13 0.13 0.13 0.13 0.13 0.13 0.13 0.13 0.13 0.13 0.13 0.13 0.13 0.13 0.13 0.13 0.13 0.13 0.13 0.13 0.12 0.12
  per-rule acc: 0.12 0.14
Epoch 6180 | Train: Loss=0.0086 Acc=100.0% | Test: Acc=12.4% | Best=13.3%(@5620)
  from x3: 0.13 0.13 0.12 0.13 0.12 0.12 0.12 0.13 0.13 0.12 0.13 0.12 0.12 0.12 0.12 0.12 0.12 0.12 0.12 0.12 0.12 0.12 0.12 0.12 0.12 0.12 0.12 0.12 0.12
  per-rule acc: 0.11 0.14
Epoch 6200 | Train: Loss=0.0090 Acc=100.0% | Test: Acc=12.4% | Best=13.3%(@5620)
  from x3: 0.12 0.13 0.12 0.12 0.12 0.12 0.12 0.12 0.12 0.12 0.12 0.12 0.12 0.12 0.12 0.12 0.12 0.12 0.12 0.12 0.12 0.12 0.12 0.12 0.12 0.12 0.12 0.12 0.12
  per-rule acc: 0.11 0.14
Epoch 6220 | Train: Loss=0.0075 Acc=99.9% | Test: Acc=13.0% | Best=13.3%(@5620)
  from x3: 0.14 0.14 0.14 0.13 0.13 0.13 0.13 0.13 0.13 0.13 0.13 0.13 0.13 0.13 0.13 0.13 0.13 0.13 0.13 0.13 0.13 0.13 0.13 0.13 0.13 0.13 0.13 0.13 0.13
  per-rule acc: 0.11 0.15
Epoch 6240 | Train: Loss=0.0072 Acc=99.9% | Test: Acc=12.4% | Best=13.3%(@5620)
  from x3: 0.13 0.14 0.12 0.12 0.13 0.13 0.13 0.12 0.13 0.12 0.12 0.12 0.12 0.12 0.12 0.12 0.12 0.12 0.12 0.12 0.12 0.12 0.12 0.12 0.12 0.12 0.12 0.12 0.12
  per-rule acc: 0.11 0.14
Epoch 6260 | Train: Loss=0.0088 Acc=99.9% | Test: Acc=12.6% | Best=13.3%(@5620)
  from x3: 0.13 0.14 0.13 0.13 0.13 0.12 0.13 0.13 0.13 0.13 0.12 0.12 0.13 0.12 0.12 0.12 0.12 0.12 0.12 0.12 0.12 0.12 0.12 0.12 0.12 0.12 0.12 0.12 0.12
  per-rule acc: 0.12 0.13
Epoch 6280 | Train: Loss=0.0085 Acc=100.0% | Test: Acc=13.0% | Best=13.3%(@5620)
  from x3: 0.13 0.13 0.13 0.13 0.13 0.13 0.13 0.13 0.13 0.13 0.13 0.13 0.13 0.13 0.13 0.13 0.13 0.13 0.13 0.13 0.13 0.13 0.13 0.13 0.13 0.13 0.13 0.13 0.13
  per-rule acc: 0.12 0.14
Epoch 6300 | Train: Loss=0.0093 Acc=99.9% | Test: Acc=12.2% | Best=13.3%(@5620)
  from x3: 0.13 0.13 0.12 0.12 0.12 0.12 0.12 0.12 0.12 0.12 0.12 0.12 0.12 0.12 0.12 0.12 0.12 0.12 0.12 0.12 0.12 0.12 0.12 0.12 0.12 0.12 0.12 0.12 0.12
  per-rule acc: 0.11 0.13
Epoch 6320 | Train: Loss=0.0068 Acc=100.0% | Test: Acc=12.7% | Best=13.3%(@5620)
  from x3: 0.14 0.14 0.13 0.13 0.13 0.13 0.13 0.13 0.13 0.13 0.13 0.13 0.12 0.13 0.13 0.13 0.13 0.13 0.13 0.13 0.13 0.13 0.13 0.13 0.13 0.13 0.13 0.13 0.13
  per-rule acc: 0.12 0.14
Epoch 6340 | Train: Loss=0.0101 Acc=99.9% | Test: Acc=12.0% | Best=13.3%(@5620)
  from x3: 0.13 0.13 0.13 0.12 0.12 0.12 0.12 0.12 0.12 0.12 0.12 0.12 0.12 0.12 0.12 0.12 0.12 0.12 0.12 0.12 0.12 0.12 0.12 0.12 0.12 0.12 0.12 0.12 0.12
  per-rule acc: 0.11 0.13
Epoch 6360 | Train: Loss=0.0076 Acc=100.0% | Test: Acc=12.7% | Best=13.3%(@5620)
  from x3: 0.13 0.13 0.13 0.13 0.13 0.13 0.13 0.13 0.13 0.13 0.13 0.13 0.13 0.13 0.13 0.13 0.13 0.13 0.13 0.13 0.13 0.13 0.13 0.13 0.13 0.13 0.13 0.13 0.13
  per-rule acc: 0.11 0.14
Epoch 6380 | Train: Loss=0.0069 Acc=100.0% | Test: Acc=13.5% | Best=13.5%(@6380)
  from x3: 0.14 0.14 0.14 0.14 0.14 0.14 0.14 0.14 0.14 0.14 0.14 0.14 0.14 0.14 0.14 0.14 0.14 0.14 0.14 0.13 0.13 0.13 0.13 0.13 0.13 0.13 0.13 0.13 0.13
  per-rule acc: 0.12 0.15
Epoch 6400 | Train: Loss=0.0074 Acc=99.9% | Test: Acc=13.2% | Best=13.5%(@6380)
  from x3: 0.13 0.14 0.13 0.13 0.13 0.13 0.13 0.13 0.13 0.13 0.13 0.13 0.13 0.13 0.13 0.13 0.13 0.13 0.13 0.13 0.13 0.13 0.13 0.13 0.13 0.13 0.13 0.13 0.13
  per-rule acc: 0.12 0.15
Epoch 6420 | Train: Loss=0.0098 Acc=100.0% | Test: Acc=12.9% | Best=13.5%(@6380)
  from x3: 0.14 0.14 0.13 0.13 0.13 0.13 0.13 0.13 0.13 0.13 0.13 0.13 0.13 0.13 0.13 0.13 0.13 0.13 0.13 0.13 0.13 0.13 0.13 0.13 0.13 0.13 0.13 0.13 0.13
  per-rule acc: 0.13 0.13
Epoch 6440 | Train: Loss=0.0054 Acc=100.0% | Test: Acc=13.3% | Best=13.5%(@6380)
  from x3: 0.14 0.15 0.14 0.13 0.13 0.13 0.13 0.13 0.13 0.13 0.13 0.13 0.13 0.13 0.13 0.13 0.13 0.13 0.13 0.13 0.13 0.13 0.13 0.13 0.13 0.13 0.13 0.13 0.13
  per-rule acc: 0.12 0.14
Epoch 6460 | Train: Loss=0.0067 Acc=100.0% | Test: Acc=13.0% | Best=13.5%(@6380)
  from x3: 0.14 0.14 0.13 0.13 0.13 0.13 0.13 0.13 0.13 0.13 0.13 0.13 0.13 0.13 0.13 0.13 0.13 0.13 0.13 0.13 0.13 0.13 0.13 0.13 0.13 0.13 0.13 0.13 0.13
  per-rule acc: 0.12 0.14
Epoch 6480 | Train: Loss=0.0076 Acc=99.9% | Test: Acc=13.4% | Best=13.5%(@6380)
  from x3: 0.13 0.14 0.13 0.13 0.13 0.13 0.13 0.14 0.13 0.13 0.13 0.13 0.13 0.13 0.13 0.13 0.13 0.13 0.13 0.13 0.13 0.13 0.13 0.13 0.13 0.13 0.13 0.13 0.13
  per-rule acc: 0.13 0.14
Epoch 6500 | Train: Loss=0.0078 Acc=100.0% | Test: Acc=12.9% | Best=13.5%(@6380)
  from x3: 0.14 0.14 0.13 0.13 0.13 0.13 0.13 0.13 0.13 0.13 0.13 0.13 0.13 0.13 0.13 0.13 0.13 0.13 0.13 0.13 0.13 0.13 0.13 0.13 0.13 0.13 0.13 0.13 0.13
  per-rule acc: 0.11 0.15
Epoch 6520 | Train: Loss=0.0084 Acc=99.9% | Test: Acc=12.7% | Best=13.5%(@6380)
  from x3: 0.13 0.13 0.13 0.13 0.13 0.13 0.13 0.13 0.13 0.13 0.13 0.13 0.13 0.13 0.13 0.13 0.13 0.13 0.13 0.13 0.13 0.13 0.13 0.13 0.13 0.13 0.13 0.13 0.12
  per-rule acc: 0.12 0.14
Epoch 6540 | Train: Loss=0.0085 Acc=100.0% | Test: Acc=12.5% | Best=13.5%(@6380)
  from x3: 0.14 0.13 0.13 0.12 0.12 0.12 0.12 0.13 0.12 0.12 0.12 0.12 0.12 0.12 0.12 0.12 0.12 0.12 0.12 0.12 0.12 0.12 0.12 0.12 0.12 0.12 0.12 0.12 0.12
  per-rule acc: 0.12 0.13
Epoch 6560 | Train: Loss=0.0090 Acc=99.9% | Test: Acc=13.0% | Best=13.5%(@6380)
  from x3: 0.14 0.13 0.13 0.13 0.13 0.13 0.13 0.13 0.13 0.13 0.13 0.13 0.13 0.13 0.13 0.13 0.13 0.13 0.13 0.13 0.13 0.13 0.13 0.13 0.13 0.13 0.13 0.13 0.13
  per-rule acc: 0.12 0.15
Epoch 6580 | Train: Loss=0.0086 Acc=100.0% | Test: Acc=12.7% | Best=13.5%(@6380)
  from x3: 0.13 0.13 0.13 0.13 0.13 0.13 0.13 0.13 0.13 0.13 0.13 0.13 0.13 0.13 0.13 0.13 0.13 0.13 0.13 0.13 0.12 0.12 0.12 0.12 0.13 0.12 0.12 0.12 0.13
  per-rule acc: 0.12 0.14
Epoch 6600 | Train: Loss=0.0092 Acc=99.9% | Test: Acc=12.4% | Best=13.5%(@6380)
  from x3: 0.14 0.14 0.13 0.13 0.12 0.12 0.12 0.12 0.12 0.12 0.12 0.12 0.12 0.12 0.12 0.12 0.12 0.12 0.12 0.12 0.12 0.12 0.12 0.12 0.12 0.12 0.12 0.12 0.12
  per-rule acc: 0.11 0.14
Epoch 6620 | Train: Loss=0.0043 Acc=100.0% | Test: Acc=13.9% | Best=13.9%(@6620)
  from x3: 0.15 0.15 0.14 0.14 0.14 0.14 0.14 0.14 0.14 0.14 0.14 0.14 0.14 0.14 0.14 0.14 0.14 0.14 0.14 0.14 0.14 0.14 0.14 0.14 0.14 0.14 0.14 0.14 0.14
  per-rule acc: 0.12 0.15
Epoch 6640 | Train: Loss=0.0041 Acc=100.0% | Test: Acc=14.1% | Best=14.1%(@6640)
  from x3: 0.15 0.15 0.14 0.14 0.14 0.14 0.14 0.14 0.14 0.14 0.14 0.14 0.14 0.14 0.14 0.14 0.14 0.14 0.14 0.14 0.14 0.14 0.14 0.14 0.14 0.14 0.14 0.14 0.14
  per-rule acc: 0.12 0.16
Epoch 6660 | Train: Loss=0.0115 Acc=99.9% | Test: Acc=12.0% | Best=14.1%(@6640)
  from x3: 0.12 0.13 0.12 0.12 0.12 0.12 0.12 0.12 0.12 0.12 0.12 0.12 0.12 0.12 0.12 0.12 0.12 0.12 0.12 0.12 0.12 0.12 0.12 0.12 0.12 0.12 0.12 0.12 0.12
  per-rule acc: 0.10 0.14
Epoch 6680 | Train: Loss=0.0101 Acc=100.0% | Test: Acc=13.6% | Best=14.1%(@6640)
  from x3: 0.13 0.14 0.14 0.14 0.14 0.14 0.14 0.14 0.13 0.13 0.13 0.13 0.14 0.14 0.14 0.14 0.14 0.14 0.14 0.14 0.14 0.14 0.14 0.14 0.14 0.14 0.13 0.14 0.13
  per-rule acc: 0.12 0.15
Epoch 6700 | Train: Loss=0.0077 Acc=100.0% | Test: Acc=13.1% | Best=14.1%(@6640)
  from x3: 0.14 0.14 0.14 0.13 0.13 0.13 0.13 0.13 0.13 0.13 0.13 0.13 0.13 0.13 0.13 0.13 0.13 0.13 0.13 0.13 0.13 0.13 0.13 0.13 0.13 0.13 0.13 0.13 0.13
  per-rule acc: 0.12 0.15
Epoch 6720 | Train: Loss=0.0078 Acc=99.9% | Test: Acc=13.0% | Best=14.1%(@6640)
  from x3: 0.13 0.14 0.13 0.13 0.13 0.13 0.13 0.13 0.13 0.13 0.13 0.13 0.13 0.13 0.13 0.13 0.13 0.13 0.13 0.13 0.13 0.13 0.13 0.13 0.13 0.13 0.13 0.13 0.13
  per-rule acc: 0.12 0.14
Epoch 6740 | Train: Loss=0.0070 Acc=100.0% | Test: Acc=13.2% | Best=14.1%(@6640)
  from x3: 0.14 0.14 0.13 0.13 0.14 0.13 0.13 0.13 0.13 0.13 0.13 0.13 0.13 0.13 0.13 0.13 0.13 0.13 0.13 0.13 0.13 0.13 0.13 0.13 0.13 0.13 0.13 0.13 0.13
  per-rule acc: 0.12 0.15
Epoch 6760 | Train: Loss=0.0067 Acc=100.0% | Test: Acc=13.7% | Best=14.1%(@6640)
  from x3: 0.15 0.15 0.14 0.14 0.14 0.14 0.14 0.14 0.14 0.14 0.14 0.14 0.14 0.14 0.14 0.14 0.14 0.14 0.14 0.14 0.14 0.14 0.13 0.13 0.13 0.13 0.13 0.13 0.13
  per-rule acc: 0.12 0.15
Epoch 6780 | Train: Loss=0.0068 Acc=100.0% | Test: Acc=13.0% | Best=14.1%(@6640)
  from x3: 0.14 0.14 0.13 0.13 0.13 0.13 0.13 0.13 0.13 0.13 0.13 0.13 0.13 0.13 0.13 0.13 0.13 0.13 0.13 0.13 0.13 0.13 0.13 0.13 0.13 0.13 0.13 0.13 0.13
  per-rule acc: 0.12 0.14
Epoch 6800 | Train: Loss=0.0083 Acc=100.0% | Test: Acc=12.5% | Best=14.1%(@6640)
  from x3: 0.13 0.14 0.13 0.12 0.12 0.13 0.13 0.13 0.12 0.13 0.12 0.13 0.12 0.13 0.12 0.12 0.12 0.12 0.12 0.12 0.12 0.12 0.12 0.12 0.12 0.12 0.12 0.12 0.12
  per-rule acc: 0.11 0.14
Epoch 6820 | Train: Loss=0.0087 Acc=99.9% | Test: Acc=12.6% | Best=14.1%(@6640)
  from x3: 0.13 0.14 0.13 0.13 0.13 0.13 0.13 0.12 0.13 0.12 0.12 0.12 0.12 0.13 0.13 0.13 0.13 0.13 0.13 0.13 0.13 0.13 0.13 0.13 0.13 0.13 0.13 0.12 0.12
  per-rule acc: 0.12 0.14
Epoch 6840 | Train: Loss=0.0090 Acc=100.0% | Test: Acc=12.5% | Best=14.1%(@6640)
  from x3: 0.13 0.14 0.13 0.13 0.13 0.13 0.13 0.12 0.13 0.12 0.12 0.12 0.12 0.12 0.12 0.12 0.12 0.12 0.12 0.12 0.12 0.12 0.12 0.12 0.12 0.12 0.12 0.12 0.12
  per-rule acc: 0.11 0.13
Epoch 6860 | Train: Loss=0.0066 Acc=100.0% | Test: Acc=13.2% | Best=14.1%(@6640)
  from x3: 0.13 0.14 0.13 0.13 0.13 0.13 0.13 0.13 0.13 0.13 0.13 0.13 0.13 0.13 0.13 0.13 0.13 0.13 0.13 0.13 0.13 0.13 0.13 0.13 0.13 0.13 0.13 0.13 0.13
  per-rule acc: 0.12 0.15
Epoch 6880 | Train: Loss=0.0043 Acc=100.0% | Test: Acc=14.1% | Best=14.1%(@6880)
  from x3: 0.15 0.15 0.14 0.14 0.14 0.14 0.14 0.14 0.14 0.14 0.14 0.14 0.14 0.14 0.14 0.14 0.14 0.14 0.14 0.14 0.14 0.14 0.14 0.14 0.14 0.14 0.14 0.14 0.14
  per-rule acc: 0.13 0.15
Epoch 6900 | Train: Loss=0.0086 Acc=99.9% | Test: Acc=12.9% | Best=14.1%(@6880)
  from x3: 0.13 0.14 0.13 0.13 0.13 0.13 0.13 0.13 0.13 0.13 0.13 0.13 0.13 0.13 0.13 0.13 0.13 0.13 0.13 0.13 0.13 0.13 0.13 0.13 0.13 0.13 0.13 0.13 0.13
  per-rule acc: 0.11 0.14
Epoch 6920 | Train: Loss=0.0092 Acc=100.0% | Test: Acc=12.3% | Best=14.1%(@6880)
  from x3: 0.13 0.13 0.13 0.12 0.12 0.12 0.12 0.12 0.12 0.12 0.12 0.12 0.12 0.12 0.12 0.12 0.12 0.12 0.12 0.12 0.12 0.12 0.12 0.12 0.12 0.12 0.12 0.12 0.12
  per-rule acc: 0.11 0.13
Epoch 6940 | Train: Loss=0.0063 Acc=100.0% | Test: Acc=13.3% | Best=14.1%(@6880)
  from x3: 0.14 0.14 0.14 0.14 0.14 0.13 0.13 0.13 0.13 0.13 0.13 0.13 0.13 0.13 0.13 0.13 0.13 0.13 0.13 0.13 0.13 0.13 0.13 0.13 0.13 0.13 0.13 0.13 0.13
  per-rule acc: 0.12 0.14
Epoch 6960 | Train: Loss=0.0077 Acc=100.0% | Test: Acc=12.9% | Best=14.1%(@6880)
  from x3: 0.13 0.13 0.13 0.13 0.13 0.13 0.13 0.13 0.13 0.13 0.13 0.13 0.13 0.13 0.13 0.13 0.13 0.13 0.13 0.13 0.13 0.13 0.13 0.13 0.13 0.13 0.13 0.13 0.13
  per-rule acc: 0.12 0.14
Epoch 6980 | Train: Loss=0.0092 Acc=100.0% | Test: Acc=12.9% | Best=14.1%(@6880)
  from x3: 0.14 0.13 0.13 0.13 0.13 0.13 0.13 0.13 0.13 0.13 0.13 0.13 0.13 0.13 0.13 0.13 0.13 0.13 0.13 0.13 0.13 0.13 0.13 0.13 0.12 0.13 0.13 0.13 0.13
  per-rule acc: 0.12 0.14
Epoch 7000 | Train: Loss=0.0089 Acc=100.0% | Test: Acc=13.1% | Best=14.1%(@6880)
  from x3: 0.13 0.14 0.14 0.13 0.13 0.13 0.13 0.13 0.13 0.13 0.13 0.13 0.13 0.13 0.13 0.13 0.13 0.13 0.13 0.13 0.13 0.13 0.13 0.13 0.13 0.13 0.13 0.13 0.13
  per-rule acc: 0.12 0.14
Epoch 7020 | Train: Loss=0.0066 Acc=100.0% | Test: Acc=13.0% | Best=14.1%(@6880)
  from x3: 0.14 0.13 0.13 0.13 0.13 0.13 0.13 0.13 0.13 0.13 0.13 0.13 0.13 0.13 0.13 0.13 0.13 0.13 0.13 0.13 0.13 0.13 0.13 0.13 0.13 0.13 0.13 0.13 0.13
  per-rule acc: 0.11 0.15
Epoch 7040 | Train: Loss=0.0065 Acc=99.9% | Test: Acc=12.3% | Best=14.1%(@6880)
  from x3: 0.13 0.13 0.13 0.12 0.12 0.12 0.12 0.12 0.12 0.12 0.12 0.12 0.12 0.12 0.12 0.12 0.12 0.12 0.12 0.12 0.12 0.12 0.12 0.12 0.12 0.12 0.12 0.12 0.12
  per-rule acc: 0.11 0.14
Epoch 7060 | Train: Loss=0.0042 Acc=100.0% | Test: Acc=14.6% | Best=14.6%(@7060)
  from x3: 0.15 0.16 0.15 0.15 0.15 0.15 0.15 0.15 0.15 0.15 0.15 0.15 0.15 0.15 0.15 0.14 0.14 0.15 0.15 0.14 0.15 0.14 0.14 0.14 0.14 0.14 0.14 0.14 0.14
  per-rule acc: 0.13 0.17
Epoch 7080 | Train: Loss=0.0095 Acc=99.9% | Test: Acc=12.6% | Best=14.6%(@7060)
  from x3: 0.13 0.13 0.13 0.13 0.13 0.13 0.13 0.13 0.13 0.13 0.13 0.13 0.13 0.13 0.13 0.13 0.13 0.13 0.13 0.12 0.12 0.12 0.12 0.12 0.12 0.12 0.12 0.12 0.12
  per-rule acc: 0.11 0.14
Epoch 7100 | Train: Loss=0.0108 Acc=99.9% | Test: Acc=12.7% | Best=14.6%(@7060)
  from x3: 0.14 0.13 0.13 0.13 0.13 0.13 0.13 0.13 0.13 0.13 0.13 0.13 0.13 0.13 0.13 0.13 0.13 0.13 0.13 0.13 0.13 0.13 0.13 0.13 0.12 0.13 0.13 0.13 0.13
  per-rule acc: 0.12 0.14
Epoch 7120 | Train: Loss=0.0059 Acc=100.0% | Test: Acc=13.5% | Best=14.6%(@7060)
  from x3: 0.14 0.14 0.14 0.14 0.14 0.14 0.14 0.14 0.14 0.13 0.14 0.14 0.14 0.14 0.14 0.14 0.14 0.13 0.13 0.13 0.13 0.13 0.13 0.13 0.13 0.13 0.13 0.13 0.13
  per-rule acc: 0.12 0.15
Epoch 7140 | Train: Loss=0.0076 Acc=99.9% | Test: Acc=12.9% | Best=14.6%(@7060)
  from x3: 0.14 0.14 0.13 0.13 0.13 0.13 0.13 0.13 0.13 0.13 0.13 0.13 0.13 0.13 0.13 0.13 0.13 0.13 0.13 0.13 0.13 0.13 0.13 0.13 0.13 0.12 0.12 0.13 0.12
  per-rule acc: 0.11 0.15
Epoch 7160 | Train: Loss=0.0043 Acc=100.0% | Test: Acc=14.3% | Best=14.6%(@7060)
  from x3: 0.15 0.15 0.15 0.15 0.15 0.14 0.15 0.14 0.14 0.14 0.14 0.14 0.14 0.14 0.14 0.14 0.14 0.14 0.14 0.14 0.14 0.14 0.14 0.14 0.14 0.14 0.14 0.14 0.14
  per-rule acc: 0.13 0.16
Epoch 7180 | Train: Loss=0.0100 Acc=99.9% | Test: Acc=12.9% | Best=14.6%(@7060)
  from x3: 0.13 0.14 0.13 0.13 0.13 0.13 0.13 0.13 0.13 0.13 0.13 0.13 0.13 0.13 0.13 0.13 0.13 0.13 0.13 0.13 0.13 0.13 0.13 0.13 0.13 0.13 0.13 0.13 0.12
  per-rule acc: 0.11 0.14
Epoch 7200 | Train: Loss=0.0076 Acc=100.0% | Test: Acc=13.0% | Best=14.6%(@7060)
  from x3: 0.13 0.14 0.13 0.13 0.13 0.13 0.13 0.13 0.13 0.13 0.13 0.13 0.13 0.13 0.13 0.13 0.13 0.13 0.13 0.13 0.13 0.13 0.13 0.13 0.13 0.13 0.13 0.13 0.13
  per-rule acc: 0.12 0.14
Epoch 7220 | Train: Loss=0.0069 Acc=99.9% | Test: Acc=13.0% | Best=14.6%(@7060)
  from x3: 0.13 0.13 0.13 0.13 0.13 0.13 0.13 0.13 0.13 0.13 0.13 0.13 0.13 0.13 0.13 0.13 0.13 0.13 0.13 0.13 0.13 0.13 0.13 0.13 0.13 0.13 0.13 0.13 0.13
  per-rule acc: 0.12 0.14
Epoch 7240 | Train: Loss=0.0061 Acc=100.0% | Test: Acc=12.9% | Best=14.6%(@7060)
  from x3: 0.14 0.14 0.13 0.13 0.13 0.13 0.13 0.13 0.13 0.13 0.13 0.13 0.13 0.13 0.13 0.13 0.13 0.13 0.13 0.13 0.13 0.13 0.13 0.13 0.13 0.13 0.13 0.13 0.13
  per-rule acc: 0.12 0.14
Epoch 7260 | Train: Loss=0.0081 Acc=99.9% | Test: Acc=13.2% | Best=14.6%(@7060)
  from x3: 0.14 0.14 0.13 0.13 0.13 0.13 0.13 0.13 0.13 0.13 0.13 0.13 0.13 0.13 0.13 0.13 0.13 0.13 0.13 0.13 0.13 0.13 0.13 0.13 0.13 0.13 0.13 0.13 0.13
  per-rule acc: 0.12 0.15
Epoch 7280 | Train: Loss=0.0063 Acc=100.0% | Test: Acc=12.5% | Best=14.6%(@7060)
  from x3: 0.14 0.14 0.13 0.13 0.13 0.13 0.13 0.12 0.12 0.12 0.12 0.12 0.12 0.12 0.12 0.12 0.12 0.12 0.12 0.12 0.12 0.12 0.12 0.12 0.12 0.12 0.12 0.12 0.12
  per-rule acc: 0.12 0.13
Epoch 7300 | Train: Loss=0.0054 Acc=100.0% | Test: Acc=14.3% | Best=14.6%(@7060)
  from x3: 0.14 0.15 0.15 0.14 0.14 0.14 0.14 0.14 0.14 0.14 0.14 0.14 0.14 0.14 0.14 0.14 0.14 0.14 0.14 0.14 0.14 0.14 0.14 0.14 0.14 0.14 0.14 0.14 0.14
  per-rule acc: 0.13 0.15
Epoch 7320 | Train: Loss=0.0041 Acc=100.0% | Test: Acc=14.5% | Best=14.6%(@7060)
  from x3: 0.15 0.15 0.15 0.15 0.15 0.15 0.15 0.14 0.15 0.15 0.15 0.15 0.15 0.15 0.15 0.15 0.14 0.14 0.14 0.14 0.14 0.14 0.14 0.14 0.14 0.14 0.14 0.14 0.14
  per-rule acc: 0.12 0.17
Epoch 7340 | Train: Loss=0.0076 Acc=99.9% | Test: Acc=13.3% | Best=14.6%(@7060)
  from x3: 0.14 0.14 0.13 0.13 0.13 0.13 0.13 0.13 0.13 0.13 0.13 0.13 0.13 0.13 0.13 0.13 0.13 0.13 0.13 0.13 0.13 0.13 0.13 0.13 0.13 0.13 0.13 0.13 0.13
  per-rule acc: 0.13 0.14
Epoch 7360 | Train: Loss=0.0071 Acc=100.0% | Test: Acc=13.4% | Best=14.6%(@7060)
  from x3: 0.14 0.14 0.14 0.14 0.14 0.14 0.13 0.14 0.14 0.13 0.13 0.13 0.13 0.13 0.13 0.13 0.13 0.13 0.13 0.13 0.13 0.13 0.13 0.13 0.13 0.13 0.13 0.13 0.13
  per-rule acc: 0.12 0.14
Epoch 7380 | Train: Loss=0.0053 Acc=100.0% | Test: Acc=13.2% | Best=14.6%(@7060)
  from x3: 0.14 0.14 0.13 0.13 0.13 0.13 0.13 0.13 0.13 0.13 0.13 0.13 0.13 0.13 0.13 0.13 0.13 0.13 0.13 0.13 0.13 0.13 0.13 0.13 0.13 0.13 0.13 0.13 0.13
  per-rule acc: 0.12 0.15
Epoch 7400 | Train: Loss=0.0040 Acc=100.0% | Test: Acc=14.4% | Best=14.6%(@7060)
  from x3: 0.15 0.15 0.15 0.15 0.15 0.15 0.15 0.14 0.15 0.15 0.15 0.14 0.14 0.14 0.14 0.14 0.14 0.14 0.14 0.14 0.14 0.14 0.14 0.14 0.14 0.14 0.14 0.14 0.14
  per-rule acc: 0.12 0.17
Epoch 7420 | Train: Loss=0.0076 Acc=99.9% | Test: Acc=12.8% | Best=14.6%(@7060)
  from x3: 0.13 0.14 0.13 0.13 0.13 0.13 0.13 0.13 0.13 0.13 0.13 0.13 0.13 0.13 0.13 0.13 0.13 0.13 0.13 0.13 0.13 0.13 0.13 0.13 0.13 0.13 0.13 0.13 0.13
  per-rule acc: 0.12 0.14
Epoch 7440 | Train: Loss=0.0068 Acc=100.0% | Test: Acc=12.9% | Best=14.6%(@7060)
  from x3: 0.12 0.13 0.13 0.13 0.13 0.13 0.13 0.13 0.13 0.13 0.13 0.13 0.13 0.13 0.13 0.13 0.13 0.13 0.13 0.13 0.13 0.13 0.13 0.13 0.13 0.13 0.13 0.13 0.13
  per-rule acc: 0.12 0.14
Epoch 7460 | Train: Loss=0.0067 Acc=100.0% | Test: Acc=12.9% | Best=14.6%(@7060)
  from x3: 0.13 0.13 0.13 0.13 0.13 0.13 0.13 0.13 0.13 0.13 0.13 0.13 0.13 0.13 0.13 0.13 0.13 0.13 0.13 0.13 0.13 0.13 0.13 0.13 0.13 0.13 0.13 0.13 0.13
  per-rule acc: 0.12 0.14
Epoch 7480 | Train: Loss=0.0058 Acc=100.0% | Test: Acc=12.8% | Best=14.6%(@7060)
  from x3: 0.13 0.13 0.13 0.13 0.13 0.13 0.13 0.13 0.13 0.13 0.13 0.13 0.13 0.13 0.13 0.13 0.13 0.13 0.13 0.13 0.13 0.13 0.13 0.13 0.13 0.13 0.13 0.13 0.13
  per-rule acc: 0.11 0.15
Epoch 7500 | Train: Loss=0.0039 Acc=100.0% | Test: Acc=14.6% | Best=14.6%(@7060)
  from x3: 0.14 0.15 0.15 0.15 0.15 0.15 0.15 0.15 0.15 0.14 0.15 0.15 0.15 0.14 0.14 0.15 0.14 0.15 0.15 0.15 0.15 0.15 0.15 0.15 0.14 0.14 0.14 0.14 0.14
  per-rule acc: 0.12 0.17
Epoch 7520 | Train: Loss=0.0037 Acc=100.0% | Test: Acc=14.6% | Best=14.6%(@7060)
  from x3: 0.15 0.16 0.15 0.15 0.15 0.15 0.14 0.14 0.14 0.15 0.14 0.15 0.15 0.14 0.14 0.15 0.14 0.14 0.14 0.14 0.14 0.15 0.15 0.14 0.14 0.14 0.14 0.14 0.14
  per-rule acc: 0.12 0.17
Epoch 7540 | Train: Loss=0.0086 Acc=100.0% | Test: Acc=12.7% | Best=14.6%(@7060)
  from x3: 0.13 0.13 0.13 0.13 0.13 0.13 0.13 0.13 0.13 0.13 0.13 0.13 0.13 0.13 0.13 0.13 0.13 0.13 0.13 0.12 0.13 0.13 0.13 0.12 0.12 0.12 0.13 0.12 0.12
  per-rule acc: 0.11 0.14
Epoch 7560 | Train: Loss=0.0080 Acc=100.0% | Test: Acc=11.9% | Best=14.6%(@7060)
  from x3: 0.13 0.13 0.12 0.12 0.12 0.12 0.12 0.12 0.12 0.12 0.12 0.12 0.12 0.12 0.12 0.12 0.12 0.12 0.12 0.12 0.12 0.12 0.12 0.12 0.12 0.12 0.12 0.12 0.12
  per-rule acc: 0.11 0.13
Epoch 7580 | Train: Loss=0.0045 Acc=100.0% | Test: Acc=13.9% | Best=14.6%(@7060)
  from x3: 0.14 0.15 0.14 0.14 0.14 0.14 0.14 0.14 0.14 0.14 0.14 0.14 0.14 0.14 0.14 0.14 0.14 0.14 0.14 0.14 0.14 0.14 0.14 0.14 0.14 0.14 0.14 0.14 0.14
  per-rule acc: 0.12 0.16
Epoch 7600 | Train: Loss=0.0038 Acc=100.0% | Test: Acc=14.2% | Best=14.6%(@7060)
  from x3: 0.15 0.15 0.15 0.15 0.14 0.14 0.14 0.14 0.14 0.14 0.14 0.14 0.14 0.14 0.14 0.14 0.14 0.14 0.14 0.14 0.14 0.14 0.14 0.14 0.14 0.14 0.14 0.14 0.14
  per-rule acc: 0.12 0.17
Epoch 7620 | Train: Loss=0.0070 Acc=100.0% | Test: Acc=13.1% | Best=14.6%(@7060)
  from x3: 0.13 0.13 0.13 0.13 0.13 0.13 0.13 0.13 0.13 0.13 0.13 0.13 0.13 0.13 0.13 0.13 0.13 0.13 0.13 0.13 0.13 0.13 0.13 0.13 0.13 0.13 0.13 0.13 0.13
  per-rule acc: 0.11 0.15
Epoch 7640 | Train: Loss=0.0091 Acc=99.9% | Test: Acc=12.4% | Best=14.6%(@7060)
  from x3: 0.12 0.13 0.13 0.12 0.12 0.12 0.12 0.13 0.12 0.12 0.12 0.12 0.12 0.12 0.12 0.12 0.12 0.12 0.12 0.12 0.12 0.12 0.12 0.12 0.12 0.12 0.12 0.12 0.12
  per-rule acc: 0.11 0.14
Epoch 7660 | Train: Loss=0.0039 Acc=100.0% | Test: Acc=14.2% | Best=14.6%(@7060)
  from x3: 0.14 0.15 0.15 0.14 0.14 0.14 0.14 0.14 0.14 0.14 0.14 0.14 0.14 0.14 0.14 0.14 0.14 0.14 0.14 0.14 0.14 0.14 0.14 0.14 0.14 0.14 0.14 0.14 0.14
  per-rule acc: 0.12 0.16
Epoch 7680 | Train: Loss=0.0110 Acc=99.9% | Test: Acc=12.5% | Best=14.6%(@7060)
  from x3: 0.12 0.13 0.13 0.13 0.13 0.13 0.13 0.13 0.13 0.13 0.13 0.13 0.13 0.13 0.12 0.12 0.12 0.12 0.12 0.12 0.12 0.12 0.12 0.12 0.12 0.12 0.12 0.12 0.12
  per-rule acc: 0.11 0.15
Epoch 7700 | Train: Loss=0.0069 Acc=99.9% | Test: Acc=13.0% | Best=14.6%(@7060)
  from x3: 0.14 0.14 0.13 0.13 0.13 0.13 0.13 0.13 0.13 0.13 0.13 0.13 0.13 0.13 0.13 0.13 0.13 0.13 0.13 0.13 0.13 0.13 0.13 0.13 0.13 0.13 0.13 0.13 0.13
  per-rule acc: 0.12 0.14
Epoch 7720 | Train: Loss=0.0043 Acc=100.0% | Test: Acc=13.8% | Best=14.6%(@7060)
  from x3: 0.13 0.14 0.14 0.14 0.14 0.14 0.14 0.14 0.14 0.14 0.14 0.14 0.14 0.14 0.14 0.14 0.14 0.14 0.14 0.14 0.14 0.14 0.14 0.14 0.14 0.14 0.14 0.13 0.13
  per-rule acc: 0.12 0.16
Epoch 7740 | Train: Loss=0.0037 Acc=100.0% | Test: Acc=13.9% | Best=14.6%(@7060)
  from x3: 0.14 0.15 0.15 0.14 0.14 0.14 0.14 0.14 0.14 0.14 0.14 0.14 0.14 0.14 0.14 0.14 0.14 0.14 0.14 0.14 0.14 0.14 0.14 0.14 0.14 0.14 0.14 0.14 0.14
  per-rule acc: 0.12 0.16
Epoch 7760 | Train: Loss=0.0035 Acc=100.0% | Test: Acc=14.1% | Best=14.6%(@7060)
  from x3: 0.14 0.15 0.14 0.14 0.14 0.14 0.14 0.14 0.14 0.14 0.14 0.14 0.14 0.14 0.14 0.14 0.14 0.14 0.14 0.14 0.14 0.14 0.14 0.14 0.14 0.14 0.14 0.14 0.14
  per-rule acc: 0.12 0.17
Epoch 7780 | Train: Loss=0.0110 Acc=99.9% | Test: Acc=12.4% | Best=14.6%(@7060)
  from x3: 0.12 0.13 0.12 0.13 0.12 0.12 0.12 0.12 0.12 0.12 0.12 0.12 0.12 0.12 0.12 0.12 0.12 0.12 0.12 0.12 0.12 0.12 0.12 0.12 0.12 0.12 0.12 0.12 0.12
  per-rule acc: 0.11 0.14
Epoch 7800 | Train: Loss=0.0061 Acc=100.0% | Test: Acc=13.3% | Best=14.6%(@7060)
  from x3: 0.13 0.14 0.14 0.14 0.14 0.13 0.13 0.13 0.13 0.13 0.13 0.13 0.13 0.13 0.13 0.13 0.13 0.13 0.13 0.13 0.13 0.13 0.13 0.13 0.13 0.13 0.13 0.13 0.13
  per-rule acc: 0.11 0.16
Epoch 7820 | Train: Loss=0.0046 Acc=100.0% | Test: Acc=13.1% | Best=14.6%(@7060)
  from x3: 0.13 0.14 0.13 0.13 0.13 0.13 0.13 0.13 0.13 0.13 0.13 0.13 0.13 0.13 0.13 0.13 0.13 0.13 0.13 0.13 0.13 0.13 0.13 0.13 0.13 0.13 0.13 0.13 0.13
  per-rule acc: 0.11 0.15
Epoch 7840 | Train: Loss=0.0039 Acc=100.0% | Test: Acc=14.4% | Best=14.6%(@7060)
  from x3: 0.14 0.16 0.15 0.14 0.14 0.14 0.14 0.14 0.14 0.14 0.14 0.14 0.14 0.14 0.14 0.14 0.14 0.14 0.14 0.14 0.14 0.14 0.14 0.14 0.14 0.14 0.14 0.14 0.14
  per-rule acc: 0.12 0.16
Epoch 7860 | Train: Loss=0.0049 Acc=100.0% | Test: Acc=13.3% | Best=14.6%(@7060)
  from x3: 0.13 0.14 0.14 0.14 0.13 0.13 0.13 0.13 0.13 0.13 0.13 0.13 0.13 0.13 0.13 0.13 0.13 0.13 0.13 0.13 0.13 0.13 0.13 0.13 0.13 0.13 0.13 0.13 0.13
  per-rule acc: 0.11 0.15
Epoch 7880 | Train: Loss=0.0035 Acc=100.0% | Test: Acc=14.2% | Best=14.6%(@7060)
  from x3: 0.14 0.15 0.15 0.14 0.14 0.14 0.14 0.14 0.14 0.14 0.14 0.14 0.14 0.14 0.14 0.14 0.14 0.14 0.14 0.14 0.14 0.14 0.14 0.14 0.14 0.14 0.14 0.14 0.14
  per-rule acc: 0.12 0.16
Epoch 7900 | Train: Loss=0.0033 Acc=100.0% | Test: Acc=14.4% | Best=14.6%(@7060)
  from x3: 0.14 0.15 0.15 0.14 0.14 0.14 0.14 0.14 0.14 0.14 0.14 0.14 0.14 0.14 0.14 0.14 0.14 0.14 0.14 0.14 0.14 0.14 0.14 0.14 0.14 0.14 0.14 0.14 0.14
  per-rule acc: 0.12 0.17
Epoch 7920 | Train: Loss=0.0031 Acc=100.0% | Test: Acc=14.6% | Best=14.6%(@7060)
  from x3: 0.14 0.15 0.15 0.14 0.15 0.15 0.15 0.15 0.15 0.15 0.15 0.15 0.15 0.15 0.15 0.15 0.15 0.15 0.15 0.15 0.15 0.15 0.15 0.14 0.14 0.14 0.14 0.14 0.14
  per-rule acc: 0.12 0.17
Epoch 7940 | Train: Loss=0.0098 Acc=99.9% | Test: Acc=12.0% | Best=14.6%(@7060)
  from x3: 0.12 0.13 0.12 0.12 0.12 0.12 0.12 0.12 0.12 0.12 0.12 0.12 0.12 0.12 0.12 0.12 0.12 0.12 0.12 0.12 0.12 0.12 0.12 0.12 0.12 0.12 0.12 0.12 0.12
  per-rule acc: 0.11 0.13
Epoch 7960 | Train: Loss=0.0035 Acc=100.0% | Test: Acc=13.6% | Best=14.6%(@7060)
  from x3: 0.13 0.14 0.14 0.14 0.14 0.14 0.14 0.14 0.14 0.14 0.14 0.14 0.14 0.14 0.14 0.14 0.14 0.14 0.14 0.13 0.14 0.14 0.14 0.14 0.13 0.13 0.14 0.13 0.13
  per-rule acc: 0.11 0.16
Epoch 7980 | Train: Loss=0.0032 Acc=100.0% | Test: Acc=14.2% | Best=14.6%(@7060)
  from x3: 0.14 0.15 0.14 0.14 0.14 0.14 0.14 0.14 0.14 0.14 0.14 0.14 0.14 0.14 0.14 0.14 0.14 0.14 0.14 0.14 0.14 0.14 0.14 0.14 0.14 0.14 0.14 0.14 0.14
  per-rule acc: 0.12 0.17
Epoch 8000 | Train: Loss=0.0031 Acc=100.0% | Test: Acc=14.4% | Best=14.6%(@7060)
  from x3: 0.14 0.15 0.15 0.14 0.14 0.14 0.14 0.14 0.14 0.14 0.14 0.14 0.14 0.14 0.14 0.14 0.14 0.14 0.14 0.14 0.14 0.14 0.14 0.14 0.14 0.14 0.14 0.14 0.14
  per-rule acc: 0.12 0.17
Epoch 8020 | Train: Loss=0.0062 Acc=99.9% | Test: Acc=12.1% | Best=14.6%(@7060)
  from x3: 0.12 0.13 0.13 0.12 0.12 0.12 0.12 0.12 0.12 0.12 0.12 0.12 0.12 0.12 0.12 0.12 0.12 0.12 0.12 0.12 0.12 0.12 0.12 0.12 0.12 0.12 0.12 0.12 0.12
  per-rule acc: 0.10 0.14
Epoch 8040 | Train: Loss=0.0046 Acc=100.0% | Test: Acc=13.1% | Best=14.6%(@7060)
  from x3: 0.13 0.13 0.14 0.13 0.13 0.13 0.13 0.13 0.13 0.13 0.13 0.13 0.13 0.13 0.13 0.13 0.13 0.13 0.13 0.13 0.13 0.13 0.13 0.13 0.13 0.13 0.13 0.13 0.13
  per-rule acc: 0.11 0.15
Epoch 8060 | Train: Loss=0.0035 Acc=100.0% | Test: Acc=13.4% | Best=14.6%(@7060)
  from x3: 0.13 0.14 0.14 0.14 0.14 0.14 0.13 0.13 0.13 0.13 0.13 0.13 0.13 0.13 0.13 0.13 0.13 0.13 0.13 0.13 0.13 0.13 0.13 0.13 0.13 0.13 0.13 0.13 0.13
  per-rule acc: 0.11 0.15
Epoch 8080 | Train: Loss=0.0032 Acc=100.0% | Test: Acc=14.2% | Best=14.6%(@7060)
  from x3: 0.14 0.15 0.14 0.14 0.14 0.14 0.14 0.14 0.14 0.14 0.14 0.14 0.14 0.14 0.14 0.14 0.14 0.14 0.14 0.14 0.14 0.14 0.14 0.14 0.14 0.14 0.14 0.14 0.14
  per-rule acc: 0.12 0.17
Epoch 8100 | Train: Loss=0.0031 Acc=100.0% | Test: Acc=14.1% | Best=14.6%(@7060)
  from x3: 0.14 0.15 0.14 0.14 0.14 0.14 0.14 0.14 0.14 0.14 0.14 0.14 0.14 0.14 0.14 0.14 0.14 0.14 0.14 0.14 0.14 0.14 0.14 0.14 0.14 0.14 0.14 0.14 0.14
  per-rule acc: 0.11 0.17
Epoch 8120 | Train: Loss=0.0041 Acc=100.0% | Test: Acc=13.4% | Best=14.6%(@7060)
  from x3: 0.13 0.14 0.14 0.14 0.14 0.13 0.13 0.14 0.13 0.13 0.13 0.13 0.13 0.13 0.13 0.13 0.13 0.13 0.13 0.13 0.13 0.13 0.13 0.13 0.13 0.13 0.13 0.13 0.13
  per-rule acc: 0.11 0.16
Epoch 8140 | Train: Loss=0.0038 Acc=100.0% | Test: Acc=13.6% | Best=14.6%(@7060)
  from x3: 0.13 0.14 0.14 0.14 0.14 0.14 0.14 0.14 0.14 0.14 0.14 0.14 0.14 0.13 0.14 0.13 0.13 0.13 0.13 0.13 0.14 0.14 0.14 0.14 0.13 0.14 0.13 0.13 0.13
  per-rule acc: 0.11 0.16
Epoch 8160 | Train: Loss=0.0031 Acc=100.0% | Test: Acc=14.3% | Best=14.6%(@7060)
  from x3: 0.14 0.15 0.15 0.14 0.14 0.14 0.14 0.14 0.14 0.14 0.14 0.14 0.14 0.14 0.14 0.14 0.14 0.14 0.14 0.14 0.14 0.14 0.14 0.14 0.14 0.14 0.14 0.14 0.14
  per-rule acc: 0.12 0.17
Epoch 8180 | Train: Loss=0.0031 Acc=100.0% | Test: Acc=14.2% | Best=14.6%(@7060)
  from x3: 0.14 0.15 0.15 0.14 0.14 0.14 0.14 0.14 0.14 0.14 0.14 0.14 0.14 0.14 0.14 0.14 0.14 0.14 0.14 0.14 0.14 0.14 0.14 0.14 0.14 0.14 0.14 0.14 0.14
  per-rule acc: 0.12 0.17
Epoch 8200 | Train: Loss=0.0040 Acc=100.0% | Test: Acc=13.2% | Best=14.6%(@7060)
  from x3: 0.13 0.14 0.13 0.13 0.13 0.13 0.13 0.13 0.13 0.13 0.13 0.13 0.13 0.13 0.13 0.13 0.13 0.13 0.13 0.13 0.13 0.13 0.13 0.13 0.13 0.13 0.13 0.13 0.13
  per-rule acc: 0.11 0.15
Epoch 8220 | Train: Loss=0.0031 Acc=100.0% | Test: Acc=14.0% | Best=14.6%(@7060)
  from x3: 0.13 0.14 0.14 0.14 0.14 0.14 0.14 0.14 0.14 0.14 0.14 0.14 0.14 0.14 0.14 0.14 0.14 0.14 0.14 0.14 0.14 0.14 0.14 0.14 0.14 0.14 0.14 0.14 0.14
  per-rule acc: 0.11 0.17
Epoch 8240 | Train: Loss=0.0030 Acc=100.0% | Test: Acc=14.1% | Best=14.6%(@7060)
  from x3: 0.13 0.15 0.14 0.14 0.14 0.14 0.14 0.14 0.14 0.14 0.14 0.14 0.14 0.14 0.14 0.14 0.14 0.14 0.14 0.14 0.14 0.14 0.14 0.14 0.14 0.14 0.14 0.14 0.14
  per-rule acc: 0.11 0.17
Epoch 8260 | Train: Loss=0.0067 Acc=100.0% | Test: Acc=12.6% | Best=14.6%(@7060)
  from x3: 0.12 0.13 0.13 0.13 0.13 0.13 0.12 0.12 0.12 0.12 0.12 0.12 0.12 0.12 0.12 0.12 0.13 0.13 0.13 0.13 0.13 0.13 0.13 0.13 0.13 0.13 0.13 0.13 0.13
  per-rule acc: 0.11 0.15
Epoch 8280 | Train: Loss=0.0039 Acc=100.0% | Test: Acc=12.8% | Best=14.6%(@7060)
  from x3: 0.13 0.13 0.13 0.13 0.13 0.13 0.13 0.13 0.13 0.13 0.13 0.13 0.13 0.13 0.13 0.13 0.13 0.13 0.13 0.13 0.13 0.13 0.13 0.13 0.13 0.13 0.13 0.13 0.13
  per-rule acc: 0.11 0.15
Epoch 8300 | Train: Loss=0.0030 Acc=100.0% | Test: Acc=13.8% | Best=14.6%(@7060)
  from x3: 0.13 0.14 0.14 0.14 0.14 0.14 0.14 0.14 0.14 0.14 0.14 0.14 0.14 0.14 0.14 0.14 0.14 0.14 0.14 0.14 0.14 0.14 0.14 0.14 0.14 0.14 0.14 0.14 0.14
  per-rule acc: 0.11 0.16
Epoch 8320 | Train: Loss=0.0041 Acc=100.0% | Test: Acc=13.5% | Best=14.6%(@7060)
  from x3: 0.13 0.14 0.13 0.14 0.14 0.14 0.14 0.14 0.14 0.13 0.13 0.13 0.13 0.13 0.13 0.13 0.13 0.13 0.13 0.13 0.13 0.13 0.13 0.13 0.13 0.13 0.13 0.13 0.13
  per-rule acc: 0.11 0.16
Epoch 8340 | Train: Loss=0.0029 Acc=100.0% | Test: Acc=13.8% | Best=14.6%(@7060)
  from x3: 0.13 0.14 0.14 0.14 0.14 0.14 0.14 0.14 0.14 0.14 0.14 0.14 0.14 0.14 0.14 0.14 0.14 0.14 0.14 0.14 0.14 0.14 0.14 0.14 0.14 0.14 0.14 0.14 0.14
  per-rule acc: 0.11 0.17
Epoch 8360 | Train: Loss=0.0028 Acc=100.0% | Test: Acc=13.9% | Best=14.6%(@7060)
  from x3: 0.13 0.15 0.14 0.14 0.14 0.14 0.14 0.14 0.14 0.14 0.14 0.14 0.14 0.14 0.14 0.14 0.14 0.14 0.14 0.14 0.14 0.14 0.14 0.14 0.14 0.14 0.14 0.14 0.14
  per-rule acc: 0.11 0.17
Epoch 8380 | Train: Loss=0.0065 Acc=99.9% | Test: Acc=12.5% | Best=14.6%(@7060)
  from x3: 0.12 0.12 0.13 0.13 0.13 0.13 0.13 0.13 0.13 0.12 0.12 0.12 0.13 0.12 0.12 0.13 0.12 0.12 0.13 0.12 0.12 0.12 0.12 0.13 0.12 0.12 0.12 0.12 0.12
  per-rule acc: 0.11 0.14
Epoch 8400 | Train: Loss=0.0044 Acc=100.0% | Test: Acc=12.9% | Best=14.6%(@7060)
  from x3: 0.13 0.14 0.13 0.13 0.13 0.13 0.13 0.13 0.13 0.13 0.13 0.13 0.13 0.13 0.13 0.13 0.13 0.13 0.13 0.13 0.13 0.13 0.13 0.13 0.13 0.13 0.13 0.13 0.13
  per-rule acc: 0.11 0.15
Epoch 8420 | Train: Loss=0.0029 Acc=100.0% | Test: Acc=13.6% | Best=14.6%(@7060)
  from x3: 0.13 0.14 0.14 0.14 0.14 0.14 0.14 0.14 0.14 0.14 0.14 0.13 0.13 0.13 0.13 0.14 0.13 0.13 0.13 0.13 0.13 0.14 0.14 0.14 0.14 0.13 0.13 0.13 0.13
  per-rule acc: 0.11 0.16
Epoch 8440 | Train: Loss=0.0054 Acc=100.0% | Test: Acc=13.5% | Best=14.6%(@7060)
  from x3: 0.14 0.14 0.14 0.13 0.13 0.13 0.13 0.13 0.13 0.13 0.13 0.13 0.13 0.13 0.13 0.13 0.13 0.13 0.13 0.13 0.13 0.13 0.14 0.14 0.14 0.13 0.14 0.13 0.13
  per-rule acc: 0.12 0.15
Epoch 8460 | Train: Loss=0.0029 Acc=100.0% | Test: Acc=13.6% | Best=14.6%(@7060)
  from x3: 0.13 0.14 0.14 0.14 0.14 0.14 0.13 0.14 0.14 0.14 0.14 0.14 0.14 0.14 0.14 0.14 0.14 0.14 0.14 0.14 0.14 0.14 0.14 0.14 0.14 0.14 0.13 0.14 0.13
  per-rule acc: 0.11 0.16
Epoch 8480 | Train: Loss=0.0028 Acc=100.0% | Test: Acc=13.8% | Best=14.6%(@7060)
  from x3: 0.13 0.14 0.14 0.14 0.14 0.14 0.14 0.14 0.14 0.14 0.14 0.14 0.14 0.14 0.14 0.14 0.14 0.14 0.14 0.14 0.14 0.14 0.14 0.14 0.14 0.14 0.14 0.14 0.14
  per-rule acc: 0.11 0.16
Epoch 8500 | Train: Loss=0.0049 Acc=100.0% | Test: Acc=12.9% | Best=14.6%(@7060)
  from x3: 0.13 0.13 0.13 0.13 0.13 0.13 0.13 0.13 0.13 0.13 0.13 0.13 0.13 0.13 0.13 0.13 0.13 0.13 0.13 0.13 0.13 0.13 0.13 0.13 0.13 0.13 0.13 0.13 0.13
  per-rule acc: 0.11 0.15
Epoch 8520 | Train: Loss=0.0028 Acc=100.0% | Test: Acc=13.6% | Best=14.6%(@7060)
  from x3: 0.13 0.14 0.14 0.14 0.14 0.14 0.14 0.14 0.13 0.14 0.14 0.14 0.14 0.14 0.14 0.14 0.14 0.14 0.14 0.14 0.14 0.14 0.14 0.14 0.14 0.14 0.14 0.14 0.14
  per-rule acc: 0.11 0.16
Epoch 8540 | Train: Loss=0.0027 Acc=100.0% | Test: Acc=13.7% | Best=14.6%(@7060)
  from x3: 0.13 0.14 0.14 0.14 0.14 0.14 0.14 0.14 0.14 0.14 0.14 0.14 0.14 0.14 0.14 0.13 0.14 0.14 0.14 0.14 0.14 0.14 0.14 0.14 0.14 0.14 0.14 0.14 0.14
  per-rule acc: 0.11 0.16
Epoch 8560 | Train: Loss=0.0027 Acc=100.0% | Test: Acc=13.8% | Best=14.6%(@7060)
  from x3: 0.13 0.15 0.14 0.14 0.14 0.14 0.14 0.14 0.14 0.14 0.14 0.14 0.14 0.14 0.14 0.14 0.14 0.14 0.14 0.14 0.14 0.14 0.14 0.14 0.14 0.14 0.14 0.14 0.14
  per-rule acc: 0.11 0.17
Epoch 8580 | Train: Loss=0.0029 Acc=100.0% | Test: Acc=13.4% | Best=14.6%(@7060)
  from x3: 0.13 0.14 0.14 0.14 0.14 0.14 0.14 0.14 0.14 0.13 0.13 0.13 0.13 0.13 0.13 0.13 0.13 0.13 0.13 0.13 0.13 0.13 0.13 0.13 0.13 0.13 0.13 0.13 0.13
  per-rule acc: 0.11 0.16
Epoch 8600 | Train: Loss=0.0026 Acc=100.0% | Test: Acc=13.6% | Best=14.6%(@7060)
  from x3: 0.13 0.14 0.14 0.14 0.14 0.14 0.14 0.14 0.14 0.14 0.14 0.14 0.13 0.14 0.13 0.14 0.13 0.13 0.13 0.14 0.14 0.14 0.14 0.14 0.13 0.14 0.14 0.14 0.14
  per-rule acc: 0.11 0.16
Epoch 8620 | Train: Loss=0.0025 Acc=100.0% | Test: Acc=13.8% | Best=14.6%(@7060)
  from x3: 0.13 0.14 0.14 0.14 0.14 0.14 0.14 0.14 0.14 0.14 0.14 0.14 0.14 0.14 0.14 0.14 0.14 0.14 0.14 0.14 0.14 0.14 0.14 0.14 0.14 0.14 0.14 0.14 0.14
  per-rule acc: 0.11 0.17
Epoch 8640 | Train: Loss=0.0028 Acc=100.0% | Test: Acc=13.4% | Best=14.6%(@7060)
  from x3: 0.13 0.14 0.13 0.13 0.13 0.13 0.13 0.13 0.13 0.13 0.13 0.13 0.13 0.13 0.13 0.13 0.13 0.13 0.13 0.13 0.13 0.13 0.13 0.13 0.13 0.13 0.13 0.14 0.13
  per-rule acc: 0.11 0.16
Epoch 8660 | Train: Loss=0.0025 Acc=100.0% | Test: Acc=13.5% | Best=14.6%(@7060)
  from x3: 0.13 0.14 0.14 0.14 0.14 0.14 0.14 0.14 0.14 0.14 0.14 0.13 0.14 0.13 0.13 0.13 0.13 0.13 0.13 0.13 0.13 0.13 0.13 0.13 0.13 0.13 0.13 0.13 0.13
  per-rule acc: 0.11 0.16
Epoch 8680 | Train: Loss=0.0025 Acc=100.0% | Test: Acc=13.6% | Best=14.6%(@7060)
  from x3: 0.13 0.14 0.14 0.14 0.14 0.14 0.14 0.14 0.14 0.14 0.14 0.13 0.13 0.13 0.13 0.13 0.13 0.13 0.13 0.13 0.13 0.13 0.14 0.14 0.13 0.13 0.13 0.13 0.13
  per-rule acc: 0.11 0.16
Epoch 8700 | Train: Loss=0.0024 Acc=100.0% | Test: Acc=13.5% | Best=14.6%(@7060)
  from x3: 0.13 0.14 0.14 0.14 0.14 0.14 0.14 0.14 0.14 0.14 0.13 0.13 0.13 0.13 0.13 0.13 0.13 0.14 0.14 0.13 0.13 0.13 0.13 0.13 0.13 0.13 0.13 0.13 0.13
  per-rule acc: 0.11 0.16
Epoch 8720 | Train: Loss=0.0128 Acc=100.0% | Test: Acc=13.3% | Best=14.6%(@7060)
  from x3: 0.13 0.13 0.14 0.13 0.13 0.13 0.13 0.13 0.13 0.13 0.13 0.13 0.13 0.13 0.13 0.13 0.13 0.13 0.13 0.13 0.13 0.13 0.13 0.13 0.13 0.13 0.13 0.13 0.13
  per-rule acc: 0.11 0.15
Epoch 8740 | Train: Loss=0.0024 Acc=100.0% | Test: Acc=13.4% | Best=14.6%(@7060)
  from x3: 0.13 0.14 0.13 0.14 0.13 0.13 0.13 0.13 0.13 0.13 0.13 0.13 0.13 0.13 0.13 0.13 0.13 0.13 0.13 0.13 0.13 0.13 0.13 0.13 0.13 0.13 0.13 0.13 0.13
  per-rule acc: 0.11 0.16
Epoch 8760 | Train: Loss=0.0024 Acc=100.0% | Test: Acc=13.5% | Best=14.6%(@7060)
  from x3: 0.13 0.14 0.14 0.13 0.13 0.13 0.13 0.13 0.13 0.13 0.13 0.13 0.13 0.13 0.13 0.13 0.13 0.13 0.13 0.13 0.13 0.14 0.14 0.14 0.14 0.14 0.14 0.14 0.14
  per-rule acc: 0.11 0.16
Epoch 8780 | Train: Loss=0.0023 Acc=100.0% | Test: Acc=13.5% | Best=14.6%(@7060)
  from x3: 0.13 0.14 0.14 0.13 0.13 0.13 0.13 0.13 0.13 0.13 0.13 0.13 0.13 0.13 0.14 0.14 0.14 0.14 0.14 0.14 0.14 0.14 0.14 0.14 0.14 0.14 0.14 0.14 0.14
  per-rule acc: 0.11 0.17
Epoch 8800 | Train: Loss=0.0024 Acc=100.0% | Test: Acc=13.2% | Best=14.6%(@7060)
  from x3: 0.13 0.14 0.13 0.13 0.13 0.13 0.13 0.13 0.13 0.13 0.13 0.13 0.13 0.13 0.13 0.13 0.13 0.13 0.13 0.13 0.13 0.13 0.13 0.13 0.13 0.13 0.13 0.13 0.13
  per-rule acc: 0.10 0.16
Epoch 8820 | Train: Loss=0.0023 Acc=100.0% | Test: Acc=13.3% | Best=14.6%(@7060)
  from x3: 0.13 0.14 0.14 0.13 0.14 0.14 0.14 0.14 0.13 0.13 0.13 0.13 0.13 0.13 0.13 0.13 0.13 0.13 0.13 0.13 0.13 0.13 0.13 0.13 0.13 0.13 0.13 0.13 0.13
  per-rule acc: 0.10 0.16
Epoch 8840 | Train: Loss=0.0037 Acc=100.0% | Test: Acc=13.3% | Best=14.6%(@7060)
  from x3: 0.13 0.14 0.13 0.13 0.13 0.13 0.13 0.13 0.13 0.13 0.13 0.13 0.13 0.13 0.13 0.13 0.13 0.13 0.13 0.13 0.13 0.13 0.13 0.13 0.13 0.13 0.13 0.13 0.13
  per-rule acc: 0.11 0.16
Epoch 8860 | Train: Loss=0.0023 Acc=100.0% | Test: Acc=13.3% | Best=14.6%(@7060)
  from x3: 0.13 0.14 0.13 0.13 0.13 0.13 0.13 0.13 0.13 0.13 0.13 0.13 0.13 0.13 0.13 0.13 0.13 0.13 0.13 0.13 0.13 0.13 0.13 0.13 0.13 0.13 0.13 0.13 0.13
  per-rule acc: 0.10 0.16
Epoch 8880 | Train: Loss=0.0022 Acc=100.0% | Test: Acc=13.4% | Best=14.6%(@7060)
  from x3: 0.13 0.14 0.14 0.14 0.13 0.14 0.13 0.13 0.13 0.13 0.13 0.13 0.13 0.13 0.13 0.13 0.13 0.13 0.13 0.13 0.13 0.13 0.13 0.13 0.13 0.13 0.13 0.13 0.13
  per-rule acc: 0.10 0.17
Epoch 8900 | Train: Loss=0.0022 Acc=100.0% | Test: Acc=13.3% | Best=14.6%(@7060)
  from x3: 0.13 0.14 0.14 0.13 0.13 0.13 0.13 0.13 0.13 0.13 0.13 0.13 0.13 0.13 0.13 0.13 0.13 0.13 0.13 0.13 0.13 0.13 0.13 0.13 0.13 0.13 0.13 0.13 0.13
  per-rule acc: 0.10 0.17
Epoch 8920 | Train: Loss=0.0023 Acc=100.0% | Test: Acc=13.1% | Best=14.6%(@7060)
  from x3: 0.13 0.14 0.13 0.13 0.13 0.13 0.13 0.13 0.13 0.13 0.13 0.13 0.13 0.13 0.13 0.13 0.13 0.13 0.13 0.13 0.13 0.13 0.13 0.13 0.13 0.13 0.13 0.13 0.13
  per-rule acc: 0.10 0.16
Epoch 8940 | Train: Loss=0.0022 Acc=100.0% | Test: Acc=13.4% | Best=14.6%(@7060)
  from x3: 0.13 0.14 0.13 0.14 0.13 0.13 0.13 0.13 0.13 0.13 0.13 0.13 0.13 0.13 0.13 0.13 0.13 0.13 0.13 0.13 0.13 0.13 0.13 0.13 0.14 0.13 0.13 0.13 0.13
  per-rule acc: 0.10 0.17
Epoch 8960 | Train: Loss=0.0021 Acc=100.0% | Test: Acc=13.4% | Best=14.6%(@7060)
  from x3: 0.13 0.14 0.14 0.13 0.13 0.13 0.13 0.13 0.13 0.13 0.13 0.13 0.13 0.13 0.13 0.13 0.13 0.13 0.13 0.13 0.13 0.13 0.13 0.13 0.13 0.13 0.13 0.13 0.13
  per-rule acc: 0.10 0.17
Epoch 8980 | Train: Loss=0.0021 Acc=100.0% | Test: Acc=13.3% | Best=14.6%(@7060)
  from x3: 0.13 0.14 0.14 0.13 0.13 0.13 0.13 0.13 0.13 0.13 0.13 0.13 0.13 0.13 0.13 0.13 0.13 0.13 0.13 0.13 0.13 0.13 0.13 0.13 0.13 0.13 0.13 0.13 0.13
  per-rule acc: 0.10 0.17
Epoch 9000 | Train: Loss=0.0020 Acc=100.0% | Test: Acc=13.3% | Best=14.6%(@7060)
  from x3: 0.13 0.14 0.14 0.13 0.13 0.13 0.13 0.13 0.13 0.13 0.13 0.13 0.13 0.13 0.13 0.13 0.13 0.13 0.13 0.13 0.13 0.13 0.13 0.13 0.13 0.13 0.13 0.13 0.13
  per-rule acc: 0.10 0.17
Epoch 9020 | Train: Loss=0.0020 Acc=100.0% | Test: Acc=13.3% | Best=14.6%(@7060)
  from x3: 0.13 0.14 0.14 0.13 0.13 0.13 0.13 0.13 0.13 0.13 0.13 0.13 0.13 0.13 0.13 0.13 0.13 0.13 0.13 0.13 0.13 0.13 0.13 0.13 0.13 0.13 0.13 0.13 0.13
  per-rule acc: 0.10 0.17
Epoch 9040 | Train: Loss=0.0020 Acc=100.0% | Test: Acc=13.3% | Best=14.6%(@7060)
  from x3: 0.13 0.14 0.14 0.13 0.13 0.13 0.13 0.13 0.13 0.13 0.13 0.13 0.13 0.13 0.13 0.13 0.13 0.13 0.13 0.13 0.13 0.13 0.13 0.13 0.13 0.13 0.13 0.13 0.13
  per-rule acc: 0.10 0.17
Epoch 9060 | Train: Loss=0.0020 Acc=100.0% | Test: Acc=12.8% | Best=14.6%(@7060)
  from x3: 0.12 0.13 0.13 0.13 0.13 0.13 0.13 0.13 0.13 0.13 0.13 0.13 0.13 0.13 0.13 0.13 0.13 0.13 0.13 0.13 0.13 0.13 0.13 0.13 0.13 0.13 0.13 0.13 0.13
  per-rule acc: 0.10 0.16
[Early stop] No improvement for 2000 consecutive epochs

==================================================
Saving model...
[OK] Model saved to: /home/cxm/ai/test0617-basic/models/mixed_basic_d256l2_r32_t32_c0.5.pth
  File size: 35132.5 KB
  Best test accuracy: 14.59%

==================================================
Final generation test (given first two items, AB generates 3rd as prompt, validate from 4th)
==================================================

--- AB pair 1: (1, 1) ---

--- Statistics for AB=(1,1) ---
Exposed    samples:  1405 | In-dist: 40426/40745 ( 99.2%) | OOD: 41918/44960 ( 93.2%)
Unexposed  samples:  1404 | In-dist: 12911/40716 ( 31.7%) | OOD: 14388/44928 ( 32.0%)

--- AB pair 2: (1, 2) ---

--- Statistics for AB=(1,2) ---
Exposed    samples:  1405 | In-dist: 40605/40745 ( 99.7%) | OOD: 42594/44960 ( 94.7%)
Unexposed  samples:  1404 | In-dist: 13538/40716 ( 33.2%) | OOD: 15398/44928 ( 34.3%)

--- Return code: 0 ---

======================================================================
Attention Analysis
======================================================================
Model config: addition (default), p=53
Best test accuracy: 0.14591315453384418
Training epochs: 9060

Random test sequence 1/5 (length 64): [27, 43, 17, 7, 24, 31, 2, 33, 35, 15, 50, 12, 9, 21, 30, 51, 28, 26, 1, 27]...

======================================================================
Attention Layer Training Result Summary
======================================================================
Input sequence: [27, 43, 17, 7, 24, 31, 2, 33, 35, 15, 50, 12, 9, 21, 30, 51, 28, 26, 1, 27, 28, 2, 30, 32, 9, 41, 50, 38, 35, 20, 2, 22, 24, 46, 17, 10, 27, 37, 11, 48, 6, 1, 7, 8, 15, 23, 38, 8, 46, 1, 47, 48, 42, 37, 26, 10, 36, 46, 29, 22, 51, 20, 18, 38]

--- Layer 0 ---
  Head 0: Entropy=0.589
    Attention coefficients from each query position to previous positions:
      i= 0 -> j=0:1.000
      i= 1 -> j=0:0.130, j=1:0.870
      i= 2 -> j=0:0.020, j=1:0.109, j=2:0.871
      i= 3 -> j=0:0.004, j=1:0.013, j=2:0.112, j=3:0.871
      i= 4 -> j=0:0.002, j=1:0.005, j=2:0.019, j=3:0.083, j=4:0.891
      i= 5 -> j=0:0.001, j=1:0.002, j=2:0.006, j=3:0.016, j=4:0.107, j=5:0.867
      i= 6 -> j=0:0.001, j=1:0.001, j=2:0.002, j=3:0.005, j=4:0.022, j=5:0.114, j=6:0.856
      i= 7 -> j=0:0.000, j=1:0.001, j=2:0.001, j=3:0.002, j=4:0.004, j=5:0.025, j=6:0.112, j=7:0.855
      i= 8 -> j=0:0.000, j=1:0.000, j=2:0.001, j=3:0.001, j=4:0.002, j=5:0.006, j=6:0.022, j=7:0.108, j=8:0.860
      i= 9 -> j=0:0.000, j=1:0.000, j=2:0.000, j=3:0.000, j=4:0.001, j=5:0.002, j=6:0.004, j=7:0.020, j=8:0.112, j=9:0.859
      i=10 -> j=0:0.000, j=1:0.000, j=2:0.000, j=3:0.000, j=4:0.001, j=5:0.001, j=6:0.002, j=7:0.006, j=8:0.022, j=9:0.126, j=10:0.841
      i=11 -> j=0:0.000, j=1:0.000, j=2:0.000, j=3:0.000, j=4:0.000, j=5:0.001, j=6:0.001, j=7:0.002, j=8:0.004, j=9:0.023, j=10:0.107, j=11:0.861
      i=12 -> j=0:0.000, j=1:0.000, j=2:0.000, j=3:0.000, j=4:0.000, j=5:0.000, j=6:0.001, j=7:0.001, j=8:0.002, j=9:0.007, j=10:0.028, j=11:0.102, j=12:0.858
      i=13 -> j=0:0.000, j=1:0.000, j=2:0.000, j=3:0.000, j=4:0.000, j=5:0.000, j=6:0.000, j=7:0.001, j=8:0.001, j=9:0.003, j=10:0.008, j=11:0.024, j=12:0.105, j=13:0.858
      i=14 -> j=0:0.000, j=1:0.000, j=2:0.000, j=3:0.000, j=4:0.000, j=5:0.000, j=6:0.000, j=7:0.000, j=8:0.000, j=9:0.001, j=10:0.002, j=11:0.005, j=12:0.016, j=13:0.125, j=14:0.851
      i=15 -> j=0:0.000, j=1:0.000, j=2:0.000, j=3:0.000, j=4:0.000, j=5:0.000, j=6:0.000, j=7:0.000, j=8:0.000, j=9:0.000, j=10:0.001, j=11:0.002, j=12:0.003, j=13:0.019, j=14:0.100, j=15:0.875
      i=16 -> j=0:0.000, j=1:0.000, j=2:0.000, j=3:0.000, j=4:0.000, j=5:0.000, j=6:0.000, j=7:0.000, j=8:0.000, j=9:0.000, j=10:0.001, j=11:0.001, j=12:0.002, j=13:0.007, j=14:0.022, j=15:0.113, j=16:0.854
      i=17 -> j=0:0.000, j=1:0.000, j=2:0.000, j=3:0.000, j=4:0.000, j=5:0.000, j=6:0.000, j=7:0.000, j=8:0.000, j=9:0.000, j=10:0.000, j=11:0.000, j=12:0.001, j=13:0.002, j=14:0.005, j=15:0.016, j=16:0.117, j=17:0.859
      i=18 -> j=0:0.000, j=1:0.000, j=2:0.000, j=3:0.000, j=4:0.000, j=5:0.000, j=6:0.000, j=7:0.000, j=8:0.000, j=9:0.000, j=10:0.000, j=11:0.000, j=12:0.000, j=13:0.001, j=14:0.002, j=15:0.005, j=16:0.020, j=17:0.116, j=18:0.854
      i=19 -> j=0:0.000, j=1:0.000, j=2:0.000, j=3:0.000, j=4:0.000, j=5:0.000, j=6:0.000, j=7:0.000, j=8:0.000, j=9:0.000, j=10:0.000, j=11:0.000, j=12:0.000, j=13:0.001, j=14:0.001, j=15:0.002, j=16:0.005, j=17:0.020, j=18:0.110, j=19:0.860
      i=20 -> j=0:0.000, j=1:0.000, j=2:0.000, j=3:0.000, j=4:0.000, j=5:0.000, j=6:0.000, j=7:0.000, j=8:0.000, j=9:0.000, j=10:0.000, j=11:0.000, j=12:0.000, j=13:0.000, j=14:0.001, j=15:0.001, j=16:0.003, j=17:0.006, j=18:0.023, j=19:0.111, j=20:0.854
      i=21 -> j=0:0.000, j=1:0.000, j=2:0.000, j=3:0.000, j=4:0.000, j=5:0.000, j=6:0.000, j=7:0.000, j=8:0.000, j=9:0.000, j=10:0.000, j=11:0.000, j=12:0.000, j=13:0.000, j=14:0.000, j=15:0.000, j=16:0.001, j=17:0.002, j=18:0.005, j=19:0.023, j=20:0.110, j=21:0.858
      i=22 -> j=0:0.000, j=1:0.000, j=2:0.000, j=3:0.000, j=4:0.000, j=5:0.000, j=6:0.000, j=7:0.000, j=8:0.000, j=9:0.000, j=10:0.000, j=11:0.000, j=12:0.000, j=13:0.000, j=14:0.000, j=15:0.000, j=16:0.000, j=17:0.001, j=18:0.002, j=19:0.004, j=20:0.019, j=21:0.113, j=22:0.860
      i=23 -> j=0:0.000, j=1:0.000, j=2:0.000, j=3:0.000, j=4:0.000, j=5:0.000, j=6:0.000, j=7:0.000, j=8:0.000, j=9:0.000, j=10:0.000, j=11:0.000, j=12:0.000, j=13:0.000, j=14:0.000, j=15:0.000, j=16:0.000, j=17:0.001, j=18:0.001, j=19:0.002, j=20:0.006, j=21:0.021, j=22:0.103, j=23:0.865
      i=24 -> j=0:0.000, j=1:0.000, j=2:0.000, j=3:0.000, j=4:0.000, j=5:0.000, j=6:0.000, j=7:0.000, j=8:0.000, j=9:0.000, j=10:0.000, j=11:0.000, j=12:0.000, j=13:0.000, j=14:0.000, j=15:0.000, j=16:0.000, j=17:0.000, j=18:0.001, j=19:0.001, j=20:0.002, j=21:0.006, j=22:0.018, j=23:0.113, j=24:0.857
      i=25 -> j=0:0.000, j=1:0.000, j=2:0.000, j=3:0.000, j=4:0.000, j=5:0.000, j=6:0.000, j=7:0.000, j=8:0.000, j=9:0.000, j=10:0.000, j=11:0.000, j=12:0.000, j=13:0.000, j=14:0.000, j=15:0.000, j=16:0.000, j=17:0.000, j=18:0.000, j=19:0.001, j=20:0.001, j=21:0.002, j=22:0.005, j=23:0.020, j=24:0.122, j=25:0.847
      i=26 -> j=0:0.000, j=1:0.000, j=2:0.000, j=3:0.000, j=4:0.000, j=5:0.000, j=6:0.000, j=7:0.000, j=8:0.000, j=9:0.000, j=10:0.000, j=11:0.000, j=12:0.000, j=13:0.000, j=14:0.000, j=15:0.000, j=16:0.000, j=17:0.000, j=18:0.000, j=19:0.000, j=20:0.001, j=21:0.001, j=22:0.002, j=23:0.006, j=24:0.020, j=25:0.095, j=26:0.872
      i=27 -> j=0:0.000, j=1:0.000, j=2:0.000, j=3:0.000, j=4:0.000, j=5:0.000, j=6:0.000, j=7:0.000, j=8:0.000, j=9:0.000, j=10:0.000, j=11:0.000, j=12:0.000, j=13:0.000, j=14:0.000, j=15:0.000, j=16:0.000, j=17:0.000, j=18:0.000, j=19:0.000, j=20:0.000, j=21:0.000, j=22:0.001, j=23:0.002, j=24:0.003, j=25:0.015, j=26:0.110, j=27:0.867
      i=28 -> j=0:0.000, j=1:0.000, j=2:0.000, j=3:0.000, j=4:0.000, j=5:0.000, j=6:0.000, j=7:0.000, j=8:0.000, j=9:0.000, j=10:0.000, j=11:0.000, j=12:0.000, j=13:0.000, j=14:0.000, j=15:0.000, j=16:0.000, j=17:0.000, j=18:0.000, j=19:0.000, j=20:0.000, j=21:0.000, j=22:0.000, j=23:0.001, j=24:0.002, j=25:0.004, j=26:0.027, j=27:0.111, j=28:0.852
      i=29 -> j=0:0.000, j=1:0.000, j=2:0.000, j=3:0.000, j=4:0.000, j=5:0.000, j=6:0.000, j=7:0.000, j=8:0.000, j=9:0.000, j=10:0.000, j=11:0.000, j=12:0.000, j=13:0.000, j=14:0.000, j=15:0.000, j=16:0.000, j=17:0.000, j=18:0.000, j=19:0.000, j=20:0.000, j=21:0.000, j=22:0.000, j=23:0.001, j=24:0.001, j=25:0.002, j=26:0.006, j=27:0.019, j=28:0.110, j=29:0.860
      i=30 -> j=0:0.000, j=1:0.000, j=2:0.000, j=3:0.000, j=4:0.000, j=5:0.000, j=6:0.000, j=7:0.000, j=8:0.000, j=9:0.000, j=10:0.000, j=11:0.000, j=12:0.000, j=13:0.000, j=14:0.000, j=15:0.000, j=16:0.000, j=17:0.000, j=18:0.000, j=19:0.000, j=20:0.000, j=21:0.000, j=22:0.000, j=23:0.000, j=24:0.000, j=25:0.001, j=26:0.002, j=27:0.005, j=28:0.024, j=29:0.111, j=30:0.855
      i=31 -> j=0:0.000, j=1:0.000, j=2:0.000, j=3:0.000, j=4:0.000, j=5:0.000, j=6:0.000, j=7:0.000, j=8:0.000, j=9:0.000, j=10:0.000, j=11:0.000, j=12:0.000, j=13:0.000, j=14:0.000, j=15:0.000, j=16:0.000, j=17:0.000, j=18:0.000, j=19:0.000, j=20:0.000, j=21:0.000, j=22:0.000, j=23:0.000, j=24:0.000, j=25:0.001, j=26:0.002, j=27:0.003, j=28:0.008, j=29:0.023, j=30:0.122, j=31:0.837
      i=32 -> j=0:0.000, j=1:0.000, j=2:0.000, j=3:0.000, j=4:0.000, j=5:0.000, j=6:0.000, j=7:0.000, j=8:0.000, j=9:0.000, j=10:0.000, j=11:0.000, j=12:0.000, j=13:0.000, j=14:0.000, j=15:0.000, j=16:0.000, j=17:0.000, j=18:0.000, j=19:0.000, j=20:0.000, j=21:0.000, j=22:0.000, j=23:0.000, j=24:0.000, j=25:0.000, j=26:0.000, j=27:0.001, j=28:0.002, j=29:0.003, j=30:0.016, j=31:0.105, j=32:0.871
      i=33 -> j=0:0.000, j=1:0.000, j=2:0.000, j=3:0.000, j=4:0.000, j=5:0.000, j=6:0.000, j=7:0.000, j=8:0.000, j=9:0.000, j=10:0.000, j=11:0.000, j=12:0.000, j=13:0.000, j=14:0.000, j=15:0.000, j=16:0.000, j=17:0.000, j=18:0.000, j=19:0.000, j=20:0.000, j=21:0.000, j=22:0.000, j=23:0.000, j=24:0.000, j=25:0.000, j=26:0.000, j=27:0.001, j=28:0.001, j=29:0.002, j=30:0.004, j=31:0.016, j=32:0.092, j=33:0.881
      i=34 -> j=0:0.000, j=1:0.000, j=2:0.000, j=3:0.000, j=4:0.000, j=5:0.000, j=6:0.000, j=7:0.000, j=8:0.000, j=9:0.000, j=10:0.000, j=11:0.000, j=12:0.000, j=13:0.000, j=14:0.000, j=15:0.000, j=16:0.000, j=17:0.000, j=18:0.000, j=19:0.000, j=20:0.000, j=21:0.000, j=22:0.000, j=23:0.000, j=24:0.000, j=25:0.000, j=26:0.000, j=27:0.000, j=28:0.000, j=29:0.001, j=30:0.001, j=31:0.004, j=32:0.015, j=33:0.123, j=34:0.853
      i=35 -> j=0:0.001, j=1:0.000, j=2:0.001, j=3:0.000, j=4:0.000, j=5:0.000, j=6:0.000, j=7:0.000, j=8:0.000, j=9:0.000, j=10:0.000, j=11:0.000, j=12:0.000, j=13:0.000, j=14:0.000, j=15:0.000, j=16:0.000, j=17:0.000, j=18:0.000, j=19:0.000, j=20:0.000, j=21:0.000, j=22:0.000, j=23:0.000, j=24:0.000, j=25:0.000, j=26:0.000, j=27:0.000, j=28:0.000, j=29:0.001, j=30:0.001, j=31:0.002, j=32:0.004, j=33:0.020, j=34:0.141, j=35:0.825
      i=36 -> j=0:0.001, j=1:0.001, j=2:0.000, j=3:0.000, j=4:0.000, j=5:0.000, j=6:0.000, j=7:0.000, j=8:0.000, j=9:0.000, j=10:0.000, j=11:0.000, j=12:0.000, j=13:0.000, j=14:0.000, j=15:0.000, j=16:0.000, j=17:0.000, j=18:0.000, j=19:0.000, j=20:0.000, j=21:0.000, j=22:0.000, j=23:0.000, j=24:0.000, j=25:0.000, j=26:0.000, j=27:0.000, j=28:0.000, j=29:0.000, j=30:0.000, j=31:0.001, j=32:0.002, j=33:0.005, j=34:0.023, j=35:0.101, j=36:0.862
      i=37 -> j=0:0.001, j=1:0.001, j=2:0.001, j=3:0.000, j=4:0.000, j=5:0.000, j=6:0.000, j=7:0.000, j=8:0.000, j=9:0.000, j=10:0.000, j=11:0.000, j=12:0.000, j=13:0.000, j=14:0.000, j=15:0.000, j=16:0.000, j=17:0.000, j=18:0.000, j=19:0.000, j=20:0.000, j=21:0.000, j=22:0.000, j=23:0.000, j=24:0.000, j=25:0.000, j=26:0.000, j=27:0.000, j=28:0.000, j=29:0.000, j=30:0.000, j=31:0.001, j=32:0.001, j=33:0.002, j=34:0.008, j=35:0.022, j=36:0.113, j=37:0.847
      i=38 -> j=0:0.001, j=1:0.000, j=2:0.000, j=3:0.000, j=4:0.000, j=5:0.000, j=6:0.000, j=7:0.000, j=8:0.000, j=9:0.000, j=10:0.000, j=11:0.000, j=12:0.000, j=13:0.000, j=14:0.000, j=15:0.000, j=16:0.000, j=17:0.000, j=18:0.000, j=19:0.000, j=20:0.000, j=21:0.000, j=22:0.000, j=23:0.000, j=24:0.000, j=25:0.000, j=26:0.000, j=27:0.000, j=28:0.000, j=29:0.000, j=30:0.000, j=31:0.000, j=32:0.000, j=33:0.001, j=34:0.002, j=35:0.005, j=36:0.022, j=37:0.109, j=38:0.855
      i=39 -> j=0:0.001, j=1:0.001, j=2:0.001, j=3:0.000, j=4:0.000, j=5:0.000, j=6:0.000, j=7:0.000, j=8:0.000, j=9:0.000, j=10:0.000, j=11:0.000, j=12:0.000, j=13:0.000, j=14:0.000, j=15:0.000, j=16:0.000, j=17:0.000, j=18:0.000, j=19:0.000, j=20:0.000, j=21:0.000, j=22:0.000, j=23:0.000, j=24:0.000, j=25:0.000, j=26:0.000, j=27:0.000, j=28:0.000, j=29:0.000, j=30:0.000, j=31:0.000, j=32:0.000, j=33:0.001, j=34:0.001, j=35:0.002, j=36:0.006, j=37:0.021, j=38:0.124, j=39:0.839
      i=40 -> j=0:0.001, j=1:0.001, j=2:0.001, j=3:0.001, j=4:0.000, j=5:0.001, j=6:0.000, j=7:0.000, j=8:0.000, j=9:0.000, j=10:0.000, j=11:0.000, j=12:0.000, j=13:0.000, j=14:0.000, j=15:0.000, j=16:0.000, j=17:0.000, j=18:0.000, j=19:0.000, j=20:0.000, j=21:0.000, j=22:0.000, j=23:0.000, j=24:0.000, j=25:0.000, j=26:0.000, j=27:0.000, j=28:0.000, j=29:0.000, j=30:0.000, j=31:0.000, j=32:0.000, j=33:0.000, j=34:0.001, j=35:0.001, j=36:0.002, j=37:0.005, j=38:0.017, j=39:0.120, j=40:0.848
      i=41 -> j=0:0.001, j=1:0.001, j=2:0.001, j=3:0.001, j=4:0.001, j=5:0.000, j=6:0.000, j=7:0.000, j=8:0.000, j=9:0.000, j=10:0.000, j=11:0.000, j=12:0.000, j=13:0.000, j=14:0.000, j=15:0.000, j=16:0.000, j=17:0.000, j=18:0.000, j=19:0.000, j=20:0.000, j=21:0.000, j=22:0.000, j=23:0.000, j=24:0.000, j=25:0.000, j=26:0.000, j=27:0.000, j=28:0.000, j=29:0.000, j=30:0.000, j=31:0.000, j=32:0.000, j=33:0.000, j=34:0.000, j=35:0.001, j=36:0.001, j=37:0.002, j=38:0.006, j=39:0.020, j=40:0.102, j=41:0.860
      i=42 -> j=0:0.001, j=1:0.001, j=2:0.000, j=3:0.001, j=4:0.000, j=5:0.000, j=6:0.000, j=7:0.000, j=8:0.000, j=9:0.000, j=10:0.000, j=11:0.000, j=12:0.000, j=13:0.000, j=14:0.000, j=15:0.000, j=16:0.000, j=17:0.000, j=18:0.000, j=19:0.000, j=20:0.000, j=21:0.000, j=22:0.000, j=23:0.000, j=24:0.000, j=25:0.000, j=26:0.000, j=27:0.000, j=28:0.000, j=29:0.000, j=30:0.000, j=31:0.000, j=32:0.000, j=33:0.000, j=34:0.000, j=35:0.000, j=36:0.000, j=37:0.001, j=38:0.001, j=39:0.003, j=40:0.017, j=41:0.102, j=42:0.870
      i=43 -> j=0:0.001, j=1:0.001, j=2:0.001, j=3:0.001, j=4:0.001, j=5:0.001, j=6:0.000, j=7:0.000, j=8:0.000, j=9:0.000, j=10:0.000, j=11:0.000, j=12:0.000, j=13:0.000, j=14:0.000, j=15:0.000, j=16:0.000, j=17:0.000, j=18:0.000, j=19:0.000, j=20:0.000, j=21:0.000, j=22:0.000, j=23:0.000, j=24:0.000, j=25:0.000, j=26:0.000, j=27:0.000, j=28:0.000, j=29:0.000, j=30:0.000, j=31:0.000, j=32:0.000, j=33:0.000, j=34:0.000, j=35:0.000, j=36:0.000, j=37:0.001, j=38:0.001, j=39:0.002, j=40:0.007, j=41:0.017, j=42:0.112, j=43:0.851
      i=44 -> j=0:0.001, j=1:0.001, j=2:0.001, j=3:0.001, j=4:0.001, j=5:0.001, j=6:0.001, j=7:0.001, j=8:0.001, j=9:0.001, j=10:0.000, j=11:0.000, j=12:0.000, j=13:0.000, j=14:0.000, j=15:0.000, j=16:0.000, j=17:0.000, j=18:0.000, j=19:0.000, j=20:0.000, j=21:0.000, j=22:0.000, j=23:0.000, j=24:0.000, j=25:0.000, j=26:0.000, j=27:0.000, j=28:0.000, j=29:0.000, j=30:0.000, j=31:0.000, j=32:0.000, j=33:0.000, j=34:0.000, j=35:0.000, j=36:0.000, j=37:0.000, j=38:0.001, j=39:0.001, j=40:0.002, j=41:0.005, j=42:0.016, j=43:0.096, j=44:0.866
      i=45 -> j=0:0.001, j=1:0.001, j=2:0.001, j=3:0.001, j=4:0.001, j=5:0.001, j=6:0.001, j=7:0.001, j=8:0.001, j=9:0.000, j=10:0.000, j=11:0.000, j=12:0.000, j=13:0.000, j=14:0.000, j=15:0.000, j=16:0.000, j=17:0.000, j=18:0.000, j=19:0.000, j=20:0.000, j=21:0.000, j=22:0.000, j=23:0.000, j=24:0.000, j=25:0.000, j=26:0.000, j=27:0.000, j=28:0.000, j=29:0.000, j=30:0.000, j=31:0.000, j=32:0.000, j=33:0.000, j=34:0.000, j=35:0.000, j=36:0.000, j=37:0.000, j=38:0.000, j=39:0.001, j=40:0.001, j=41:0.002, j=42:0.004, j=43:0.016, j=44:0.109, j=45:0.854
      i=46 -> j=0:0.001, j=1:0.001, j=2:0.001, j=3:0.001, j=4:0.001, j=5:0.001, j=6:0.001, j=7:0.000, j=8:0.001, j=9:0.000, j=10:0.000, j=11:0.000, j=12:0.000, j=13:0.000, j=14:0.000, j=15:0.000, j=16:0.000, j=17:0.000, j=18:0.000, j=19:0.000, j=20:0.000, j=21:0.000, j=22:0.000, j=23:0.000, j=24:0.000, j=25:0.000, j=26:0.000, j=27:0.000, j=28:0.000, j=29:0.000, j=30:0.000, j=31:0.000, j=32:0.000, j=33:0.000, j=34:0.000, j=35:0.000, j=36:0.000, j=37:0.000, j=38:0.000, j=39:0.000, j=40:0.000, j=41:0.001, j=42:0.001, j=43:0.004, j=44:0.016, j=45:0.111, j=46:0.856
      i=47 -> j=0:0.001, j=1:0.001, j=2:0.001, j=3:0.001, j=4:0.001, j=5:0.001, j=6:0.001, j=7:0.001, j=8:0.001, j=9:0.000, j=10:0.001, j=11:0.000, j=12:0.000, j=13:0.000, j=14:0.000, j=15:0.000, j=16:0.000, j=17:0.000, j=18:0.000, j=19:0.000, j=20:0.000, j=21:0.000, j=22:0.000, j=23:0.000, j=24:0.000, j=25:0.000, j=26:0.000, j=27:0.000, j=28:0.000, j=29:0.000, j=30:0.000, j=31:0.000, j=32:0.000, j=33:0.000, j=34:0.000, j=35:0.000, j=36:0.000, j=37:0.000, j=38:0.000, j=39:0.000, j=40:0.000, j=41:0.000, j=42:0.001, j=43:0.002, j=44:0.006, j=45:0.021, j=46:0.110, j=47:0.845
      i=48 -> j=0:0.002, j=1:0.002, j=2:0.002, j=3:0.001, j=4:0.001, j=5:0.001, j=6:0.001, j=7:0.001, j=8:0.001, j=9:0.001, j=10:0.001, j=11:0.001, j=12:0.001, j=13:0.001, j=14:0.000, j=15:0.000, j=16:0.000, j=17:0.000, j=18:0.000, j=19:0.000, j=20:0.000, j=21:0.000, j=22:0.000, j=23:0.000, j=24:0.000, j=25:0.000, j=26:0.000, j=27:0.000, j=28:0.000, j=29:0.000, j=30:0.000, j=31:0.000, j=32:0.000, j=33:0.000, j=34:0.000, j=35:0.000, j=36:0.000, j=37:0.000, j=38:0.000, j=39:0.000, j=40:0.000, j=41:0.000, j=42:0.000, j=43:0.001, j=44:0.002, j=45:0.005, j=46:0.020, j=47:0.111, j=48:0.840
      i=49 -> j=0:0.002, j=1:0.002, j=2:0.002, j=3:0.001, j=4:0.001, j=5:0.001, j=6:0.001, j=7:0.001, j=8:0.001, j=9:0.001, j=10:0.001, j=11:0.001, j=12:0.001, j=13:0.000, j=14:0.000, j=15:0.000, j=16:0.000, j=17:0.000, j=18:0.000, j=19:0.000, j=20:0.000, j=21:0.000, j=22:0.000, j=23:0.000, j=24:0.000, j=25:0.000, j=26:0.000, j=27:0.000, j=28:0.000, j=29:0.000, j=30:0.000, j=31:0.000, j=32:0.000, j=33:0.000, j=34:0.000, j=35:0.000, j=36:0.000, j=37:0.000, j=38:0.000, j=39:0.000, j=40:0.000, j=41:0.000, j=42:0.000, j=43:0.000, j=44:0.001, j=45:0.002, j=46:0.005, j=47:0.016, j=48:0.106, j=49:0.850
      i=50 -> j=0:0.002, j=1:0.002, j=2:0.002, j=3:0.002, j=4:0.002, j=5:0.001, j=6:0.001, j=7:0.001, j=8:0.001, j=9:0.001, j=10:0.001, j=11:0.001, j=12:0.001, j=13:0.001, j=14:0.001, j=15:0.000, j=16:0.000, j=17:0.000, j=18:0.000, j=19:0.000, j=20:0.000, j=21:0.000, j=22:0.000, j=23:0.000, j=24:0.000, j=25:0.000, j=26:0.000, j=27:0.000, j=28:0.000, j=29:0.000, j=30:0.000, j=31:0.000, j=32:0.000, j=33:0.000, j=34:0.000, j=35:0.000, j=36:0.000, j=37:0.000, j=38:0.000, j=39:0.000, j=40:0.000, j=41:0.000, j=42:0.000, j=43:0.000, j=44:0.001, j=45:0.001, j=46:0.002, j=47:0.004, j=48:0.018, j=49:0.131, j=50:0.817
      i=51 -> j=0:0.003, j=1:0.002, j=2:0.002, j=3:0.002, j=4:0.002, j=5:0.002, j=6:0.001, j=7:0.001, j=8:0.001, j=9:0.001, j=10:0.001, j=11:0.001, j=12:0.001, j=13:0.001, j=14:0.001, j=15:0.000, j=16:0.000, j=17:0.000, j=18:0.000, j=19:0.000, j=20:0.000, j=21:0.000, j=22:0.000, j=23:0.000, j=24:0.000, j=25:0.000, j=26:0.000, j=27:0.000, j=28:0.000, j=29:0.000, j=30:0.000, j=31:0.000, j=32:0.000, j=33:0.000, j=34:0.000, j=35:0.000, j=36:0.000, j=37:0.000, j=38:0.000, j=39:0.000, j=40:0.000, j=41:0.000, j=42:0.000, j=43:0.000, j=44:0.000, j=45:0.001, j=46:0.001, j=47:0.001, j=48:0.005, j=49:0.021, j=50:0.106, j=51:0.840
      i=52 -> j=0:0.004, j=1:0.003, j=2:0.003, j=3:0.004, j=4:0.002, j=5:0.002, j=6:0.002, j=7:0.002, j=8:0.002, j=9:0.001, j=10:0.001, j=11:0.001, j=12:0.001, j=13:0.001, j=14:0.001, j=15:0.001, j=16:0.001, j=17:0.001, j=18:0.000, j=19:0.000, j=20:0.000, j=21:0.000, j=22:0.000, j=23:0.000, j=24:0.000, j=25:0.000, j=26:0.000, j=27:0.000, j=28:0.000, j=29:0.000, j=30:0.000, j=31:0.000, j=32:0.000, j=33:0.000, j=34:0.000, j=35:0.000, j=36:0.000, j=37:0.000, j=38:0.000, j=39:0.000, j=40:0.000, j=41:0.000, j=42:0.000, j=43:0.000, j=44:0.000, j=45:0.000, j=46:0.001, j=47:0.001, j=48:0.003, j=49:0.007, j=50:0.020, j=51:0.112, j=52:0.820
      i=53 -> j=0:0.003, j=1:0.003, j=2:0.003, j=3:0.003, j=4:0.002, j=5:0.002, j=6:0.002, j=7:0.002, j=8:0.001, j=9:0.002, j=10:0.001, j=11:0.001, j=12:0.001, j=13:0.001, j=14:0.001, j=15:0.001, j=16:0.001, j=17:0.001, j=18:0.000, j=19:0.000, j=20:0.000, j=21:0.000, j=22:0.000, j=23:0.000, j=24:0.000, j=25:0.000, j=26:0.000, j=27:0.000, j=28:0.000, j=29:0.000, j=30:0.000, j=31:0.000, j=32:0.000, j=33:0.000, j=34:0.000, j=35:0.000, j=36:0.000, j=37:0.000, j=38:0.000, j=39:0.000, j=40:0.000, j=41:0.000, j=42:0.000, j=43:0.000, j=44:0.000, j=45:0.000, j=46:0.000, j=47:0.000, j=48:0.001, j=49:0.002, j=50:0.006, j=51:0.021, j=52:0.118, j=53:0.820
      i=54 -> j=0:0.002, j=1:0.003, j=2:0.002, j=3:0.002, j=4:0.002, j=5:0.001, j=6:0.001, j=7:0.001, j=8:0.001, j=9:0.001, j=10:0.001, j=11:0.001, j=12:0.001, j=13:0.001, j=14:0.001, j=15:0.000, j=16:0.001, j=17:0.001, j=18:0.000, j=19:0.000, j=20:0.000, j=21:0.000, j=22:0.000, j=23:0.000, j=24:0.000, j=25:0.000, j=26:0.000, j=27:0.000, j=28:0.000, j=29:0.000, j=30:0.000, j=31:0.000, j=32:0.000, j=33:0.000, j=34:0.000, j=35:0.000, j=36:0.000, j=37:0.000, j=38:0.000, j=39:0.000, j=40:0.000, j=41:0.000, j=42:0.000, j=43:0.000, j=44:0.000, j=45:0.000, j=46:0.000, j=47:0.000, j=48:0.000, j=49:0.001, j=50:0.002, j=51:0.004, j=52:0.017, j=53:0.117, j=54:0.833
      i=55 -> j=0:0.004, j=1:0.003, j=2:0.004, j=3:0.004, j=4:0.003, j=5:0.004, j=6:0.003, j=7:0.002, j=8:0.002, j=9:0.002, j=10:0.002, j=11:0.002, j=12:0.002, j=13:0.001, j=14:0.001, j=15:0.001, j=16:0.001, j=17:0.001, j=18:0.001, j=19:0.001, j=20:0.001, j=21:0.000, j=22:0.000, j=23:0.000, j=24:0.000, j=25:0.000, j=26:0.000, j=27:0.000, j=28:0.000, j=29:0.000, j=30:0.000, j=31:0.000, j=32:0.000, j=33:0.000, j=34:0.000, j=35:0.000, j=36:0.000, j=37:0.000, j=38:0.000, j=39:0.000, j=40:0.000, j=41:0.000, j=42:0.000, j=43:0.000, j=44:0.000, j=45:0.000, j=46:0.000, j=47:0.000, j=48:0.000, j=49:0.001, j=50:0.001, j=51:0.002, j=52:0.008, j=53:0.023, j=54:0.090, j=55:0.827
      i=56 -> j=0:0.006, j=1:0.006, j=2:0.005, j=3:0.004, j=4:0.003, j=5:0.003, j=6:0.003, j=7:0.003, j=8:0.003, j=9:0.002, j=10:0.002, j=11:0.002, j=12:0.002, j=13:0.001, j=14:0.001, j=15:0.001, j=16:0.001, j=17:0.001, j=18:0.001, j=19:0.001, j=20:0.001, j=21:0.000, j=22:0.001, j=23:0.000, j=24:0.000, j=25:0.000, j=26:0.000, j=27:0.000, j=28:0.000, j=29:0.000, j=30:0.000, j=31:0.000, j=32:0.000, j=33:0.000, j=34:0.000, j=35:0.000, j=36:0.000, j=37:0.000, j=38:0.000, j=39:0.000, j=40:0.000, j=41:0.000, j=42:0.000, j=43:0.000, j=44:0.000, j=45:0.000, j=46:0.000, j=47:0.000, j=48:0.000, j=49:0.000, j=50:0.001, j=51:0.001, j=52:0.003, j=53:0.007, j=54:0.023, j=55:0.103, j=56:0.807
      i=57 -> j=0:0.005, j=1:0.004, j=2:0.004, j=3:0.004, j=4:0.003, j=5:0.003, j=6:0.002, j=7:0.003, j=8:0.002, j=9:0.002, j=10:0.002, j=11:0.002, j=12:0.001, j=13:0.002, j=14:0.001, j=15:0.001, j=16:0.001, j=17:0.001, j=18:0.001, j=19:0.001, j=20:0.001, j=21:0.000, j=22:0.000, j=23:0.000, j=24:0.000, j=25:0.000, j=26:0.000, j=27:0.000, j=28:0.000, j=29:0.000, j=30:0.000, j=31:0.000, j=32:0.000, j=33:0.000, j=34:0.000, j=35:0.000, j=36:0.000, j=37:0.000, j=38:0.000, j=39:0.000, j=40:0.000, j=41:0.000, j=42:0.000, j=43:0.000, j=44:0.000, j=45:0.000, j=46:0.000, j=47:0.000, j=48:0.000, j=49:0.000, j=50:0.000, j=51:0.001, j=52:0.001, j=53:0.002, j=54:0.005, j=55:0.021, j=56:0.117, j=57:0.804
      i=58 -> j=0:0.004, j=1:0.003, j=2:0.004, j=3:0.004, j=4:0.003, j=5:0.003, j=6:0.002, j=7:0.002, j=8:0.002, j=9:0.002, j=10:0.002, j=11:0.001, j=12:0.001, j=13:0.001, j=14:0.001, j=15:0.001, j=16:0.001, j=17:0.001, j=18:0.001, j=19:0.001, j=20:0.000, j=21:0.000, j=22:0.000, j=23:0.000, j=24:0.000, j=25:0.000, j=26:0.000, j=27:0.000, j=28:0.000, j=29:0.000, j=30:0.000, j=31:0.000, j=32:0.000, j=33:0.000, j=34:0.000, j=35:0.000, j=36:0.000, j=37:0.000, j=38:0.000, j=39:0.000, j=40:0.000, j=41:0.000, j=42:0.000, j=43:0.000, j=44:0.000, j=45:0.000, j=46:0.000, j=47:0.000, j=48:0.000, j=49:0.000, j=50:0.000, j=51:0.000, j=52:0.001, j=53:0.001, j=54:0.002, j=55:0.006, j=56:0.019, j=57:0.103, j=58:0.825
      i=59 -> j=0:0.005, j=1:0.005, j=2:0.005, j=3:0.005, j=4:0.004, j=5:0.003, j=6:0.004, j=7:0.003, j=8:0.003, j=9:0.003, j=10:0.003, j=11:0.002, j=12:0.002, j=13:0.001, j=14:0.002, j=15:0.001, j=16:0.002, j=17:0.001, j=18:0.001, j=19:0.001, j=20:0.001, j=21:0.001, j=22:0.001, j=23:0.001, j=24:0.001, j=25:0.001, j=26:0.000, j=27:0.000, j=28:0.000, j=29:0.000, j=30:0.000, j=31:0.000, j=32:0.000, j=33:0.000, j=34:0.000, j=35:0.000, j=36:0.000, j=37:0.000, j=38:0.000, j=39:0.000, j=40:0.000, j=41:0.000, j=42:0.000, j=43:0.000, j=44:0.000, j=45:0.000, j=46:0.000, j=47:0.000, j=48:0.000, j=49:0.000, j=50:0.000, j=51:0.000, j=52:0.000, j=53:0.001, j=54:0.001, j=55:0.003, j=56:0.006, j=57:0.018, j=58:0.115, j=59:0.790
      i=60 -> j=0:0.005, j=1:0.005, j=2:0.004, j=3:0.003, j=4:0.003, j=5:0.003, j=6:0.003, j=7:0.003, j=8:0.002, j=9:0.002, j=10:0.002, j=11:0.002, j=12:0.001, j=13:0.001, j=14:0.001, j=15:0.001, j=16:0.001, j=17:0.001, j=18:0.001, j=19:0.001, j=20:0.001, j=21:0.001, j=22:0.001, j=23:0.000, j=24:0.000, j=25:0.000, j=26:0.000, j=27:0.000, j=28:0.000, j=29:0.000, j=30:0.000, j=31:0.000, j=32:0.000, j=33:0.000, j=34:0.000, j=35:0.000, j=36:0.000, j=37:0.000, j=38:0.000, j=39:0.000, j=40:0.000, j=41:0.000, j=42:0.000, j=43:0.000, j=44:0.000, j=45:0.000, j=46:0.000, j=47:0.000, j=48:0.000, j=49:0.000, j=50:0.000, j=51:0.000, j=52:0.000, j=53:0.000, j=54:0.000, j=55:0.001, j=56:0.001, j=57:0.003, j=58:0.020, j=59:0.102, j=60:0.820
      i=61 -> j=0:0.005, j=1:0.004, j=2:0.004, j=3:0.004, j=4:0.004, j=5:0.003, j=6:0.003, j=7:0.003, j=8:0.003, j=9:0.002, j=10:0.002, j=11:0.002, j=12:0.002, j=13:0.002, j=14:0.001, j=15:0.001, j=16:0.001, j=17:0.001, j=18:0.001, j=19:0.001, j=20:0.001, j=21:0.001, j=22:0.001, j=23:0.001, j=24:0.001, j=25:0.000, j=26:0.000, j=27:0.000, j=28:0.000, j=29:0.000, j=30:0.000, j=31:0.000, j=32:0.000, j=33:0.000, j=34:0.000, j=35:0.000, j=36:0.000, j=37:0.000, j=38:0.000, j=39:0.000, j=40:0.000, j=41:0.000, j=42:0.000, j=43:0.000, j=44:0.000, j=45:0.000, j=46:0.000, j=47:0.000, j=48:0.000, j=49:0.000, j=50:0.000, j=51:0.000, j=52:0.000, j=53:0.000, j=54:0.000, j=55:0.000, j=56:0.001, j=57:0.002, j=58:0.006, j=59:0.020, j=60:0.097, j=61:0.819
      i=62 -> j=0:0.008, j=1:0.008, j=2:0.007, j=3:0.006, j=4:0.006, j=5:0.005, j=6:0.005, j=7:0.004, j=8:0.004, j=9:0.004, j=10:0.003, j=11:0.003, j=12:0.003, j=13:0.003, j=14:0.003, j=15:0.002, j=16:0.002, j=17:0.002, j=18:0.002, j=19:0.001, j=20:0.001, j=21:0.001, j=22:0.001, j=23:0.001, j=24:0.001, j=25:0.001, j=26:0.001, j=27:0.001, j=28:0.000, j=29:0.000, j=30:0.000, j=31:0.000, j=32:0.000, j=33:0.000, j=34:0.000, j=35:0.000, j=36:0.000, j=37:0.000, j=38:0.000, j=39:0.000, j=40:0.000, j=41:0.000, j=42:0.000, j=43:0.000, j=44:0.000, j=45:0.000, j=46:0.000, j=47:0.000, j=48:0.000, j=49:0.000, j=50:0.000, j=51:0.000, j=52:0.000, j=53:0.000, j=54:0.000, j=55:0.000, j=56:0.001, j=57:0.001, j=58:0.002, j=59:0.006, j=60:0.021, j=61:0.112, j=62:0.764
      i=63 -> j=0:0.005, j=1:0.005, j=2:0.005, j=3:0.005, j=4:0.003, j=5:0.003, j=6:0.003, j=7:0.003, j=8:0.003, j=9:0.002, j=10:0.002, j=11:0.002, j=12:0.002, j=13:0.002, j=14:0.002, j=15:0.002, j=16:0.001, j=17:0.001, j=18:0.001, j=19:0.001, j=20:0.001, j=21:0.001, j=22:0.001, j=23:0.001, j=24:0.000, j=25:0.000, j=26:0.000, j=27:0.000, j=28:0.000, j=29:0.000, j=30:0.000, j=31:0.000, j=32:0.000, j=33:0.000, j=34:0.000, j=35:0.000, j=36:0.000, j=37:0.000, j=38:0.000, j=39:0.000, j=40:0.000, j=41:0.000, j=42:0.000, j=43:0.000, j=44:0.000, j=45:0.000, j=46:0.000, j=47:0.000, j=48:0.000, j=49:0.000, j=50:0.000, j=51:0.000, j=52:0.000, j=53:0.000, j=54:0.000, j=55:0.000, j=56:0.000, j=57:0.000, j=58:0.001, j=59:0.001, j=60:0.005, j=61:0.014, j=62:0.089, j=63:0.829
    Average attention per distance:
      d=0:0.851, d=1:0.110, d=2:0.020

--- Layer 1 ---
  Head 0: Entropy=1.324
    Attention coefficients from each query position to previous positions:
      i= 0 -> j=0:1.000
      i= 1 -> j=0:0.780, j=1:0.220
      i= 2 -> j=0:0.360, j=1:0.306, j=2:0.334
      i= 3 -> j=0:0.074, j=1:0.150, j=2:0.491, j=3:0.286
      i= 4 -> j=0:0.018, j=1:0.040, j=2:0.236, j=3:0.320, j=4:0.386
      i= 5 -> j=0:0.003, j=1:0.004, j=2:0.032, j=3:0.077, j=4:0.229, j=5:0.656
      i= 6 -> j=0:0.001, j=1:0.001, j=2:0.004, j=3:0.012, j=4:0.082, j=5:0.543, j=6:0.356
      i= 7 -> j=0:0.001, j=1:0.000, j=2:0.001, j=3:0.002, j=4:0.016, j=5:0.220, j=6:0.452, j=7:0.308
      i= 8 -> j=0:0.001, j=1:0.000, j=2:0.001, j=3:0.001, j=4:0.004, j=5:0.052, j=6:0.265, j=7:0.504, j=8:0.174
      i= 9 -> j=0:0.002, j=1:0.001, j=2:0.001, j=3:0.001, j=4:0.002, j=5:0.014, j=6:0.070, j=7:0.246, j=8:0.294, j=9:0.368
      i=10 -> j=0:0.001, j=1:0.000, j=2:0.001, j=3:0.001, j=4:0.001, j=5:0.003, j=6:0.008, j=7:0.027, j=8:0.068, j=9:0.209, j=10:0.682
      i=11 -> j=0:0.000, j=1:0.000, j=2:0.001, j=3:0.001, j=4:0.001, j=5:0.002, j=6:0.002, j=7:0.005, j=8:0.014, j=9:0.086, j=10:0.828, j=11:0.059
      i=12 -> j=0:0.000, j=1:0.000, j=2:0.000, j=3:0.000, j=4:0.001, j=5:0.002, j=6:0.001, j=7:0.001, j=8:0.002, j=9:0.016, j=10:0.433, j=11:0.078, j=12:0.464
      i=13 -> j=0:0.000, j=1:0.000, j=2:0.000, j=3:0.000, j=4:0.001, j=5:0.002, j=6:0.001, j=7:0.001, j=8:0.000, j=9:0.002, j=10:0.061, j=11:0.031, j=12:0.571, j=13:0.329
      i=14 -> j=0:0.000, j=1:0.000, j=2:0.000, j=3:0.000, j=4:0.000, j=5:0.001, j=6:0.001, j=7:0.001, j=8:0.000, j=9:0.000, j=10:0.008, j=11:0.005, j=12:0.247, j=13:0.512, j=14:0.222
      i=15 -> j=0:0.001, j=1:0.001, j=2:0.001, j=3:0.001, j=4:0.001, j=5:0.003, j=6:0.003, j=7:0.002, j=8:0.001, j=9:0.001, j=10:0.005, j=11:0.003, j=12:0.061, j=13:0.282, j=14:0.392, j=15:0.243
      i=16 -> j=0:0.001, j=1:0.001, j=2:0.001, j=3:0.001, j=4:0.001, j=5:0.002, j=6:0.003, j=7:0.002, j=8:0.001, j=9:0.001, j=10:0.004, j=11:0.001, j=12:0.014, j=13:0.079, j=14:0.224, j=15:0.345, j=16:0.318
      i=17 -> j=0:0.001, j=1:0.001, j=2:0.001, j=3:0.001, j=4:0.001, j=5:0.002, j=6:0.002, j=7:0.002, j=8:0.001, j=9:0.002, j=10:0.005, j=11:0.001, j=12:0.004, j=13:0.014, j=14:0.041, j=15:0.124, j=16:0.236, j=17:0.559
      i=18 -> j=0:0.000, j=1:0.000, j=2:0.001, j=3:0.000, j=4:0.001, j=5:0.001, j=6:0.001, j=7:0.001, j=8:0.000, j=9:0.001, j=10:0.003, j=11:0.000, j=12:0.002, j=13:0.003, j=14:0.006, j=15:0.029, j=16:0.113, j=17:0.740, j=18:0.097
      i=19 -> j=0:0.001, j=1:0.000, j=2:0.001, j=3:0.000, j=4:0.001, j=5:0.002, j=6:0.001, j=7:0.001, j=8:0.000, j=9:0.001, j=10:0.003, j=11:0.001, j=12:0.002, j=13:0.002, j=14:0.002, j=15:0.008, j=16:0.037, j=17:0.498, j=18:0.151, j=19:0.288
      i=20 -> j=0:0.001, j=1:0.000, j=2:0.000, j=3:0.000, j=4:0.001, j=5:0.001, j=6:0.001, j=7:0.001, j=8:0.000, j=9:0.000, j=10:0.002, j=11:0.000, j=12:0.002, j=13:0.002, j=14:0.001, j=15:0.002, j=16:0.007, j=17:0.128, j=18:0.072, j=19:0.370, j=20:0.407
      i=21 -> j=0:0.000, j=1:0.000, j=2:0.000, j=3:0.000, j=4:0.000, j=5:0.001, j=6:0.001, j=7:0.000, j=8:0.000, j=9:0.000, j=10:0.001, j=11:0.000, j=12:0.001, j=13:0.001, j=14:0.001, j=15:0.001, j=16:0.001, j=17:0.018, j=18:0.011, j=19:0.123, j=20:0.338, j=21:0.500
      i=22 -> j=0:0.000, j=1:0.000, j=2:0.000, j=3:0.000, j=4:0.000, j=5:0.000, j=6:0.000, j=7:0.000, j=8:0.000, j=9:0.000, j=10:0.001, j=11:0.000, j=12:0.001, j=13:0.001, j=14:0.001, j=15:0.001, j=16:0.001, j=17:0.006, j=18:0.002, j=19:0.026, j=20:0.150, j=21:0.755, j=22:0.054
      i=23 -> j=0:0.001, j=1:0.000, j=2:0.001, j=3:0.001, j=4:0.001, j=5:0.001, j=6:0.001, j=7:0.001, j=8:0.001, j=9:0.001, j=10:0.002, j=11:0.000, j=12:0.001, j=13:0.002, j=14:0.002, j=15:0.003, j=16:0.003, j=17:0.010, j=18:0.002, j=19:0.012, j=20:0.054, j=21:0.467, j=22:0.121, j=23:0.313
      i=24 -> j=0:0.000, j=1:0.000, j=2:0.000, j=3:0.000, j=4:0.000, j=5:0.001, j=6:0.000, j=7:0.000, j=8:0.000, j=9:0.000, j=10:0.001, j=11:0.000, j=12:0.000, j=13:0.001, j=14:0.001, j=15:0.001, j=16:0.002, j=17:0.006, j=18:0.001, j=19:0.002, j=20:0.007, j=21:0.095, j=22:0.048, j=23:0.441, j=24:0.390
      i=25 -> j=0:0.001, j=1:0.000, j=2:0.000, j=3:0.000, j=4:0.001, j=5:0.001, j=6:0.001, j=7:0.000, j=8:0.000, j=9:0.000, j=10:0.001, j=11:0.000, j=12:0.001, j=13:0.001, j=14:0.001, j=15:0.001, j=16:0.002, j=17:0.009, j=18:0.001, j=19:0.002, j=20:0.003, j=21:0.015, j=22:0.011, j=23:0.179, j=24:0.412, j=25:0.356
      i=26 -> j=0:0.000, j=1:0.000, j=2:0.000, j=3:0.000, j=4:0.000, j=5:0.001, j=6:0.001, j=7:0.000, j=8:0.000, j=9:0.000, j=10:0.001, j=11:0.000, j=12:0.001, j=13:0.001, j=14:0.000, j=15:0.001, j=16:0.001, j=17:0.006, j=18:0.001, j=19:0.001, j=20:0.001, j=21:0.003, j=22:0.002, j=23:0.040, j=24:0.193, j=25:0.528, j=26:0.218
      i=27 -> j=0:0.001, j=1:0.000, j=2:0.001, j=3:0.000, j=4:0.001, j=5:0.001, j=6:0.001, j=7:0.001, j=8:0.000, j=9:0.000, j=10:0.001, j=11:0.000, j=12:0.001, j=13:0.001, j=14:0.001, j=15:0.001, j=16:0.001, j=17:0.007, j=18:0.002, j=19:0.003, j=20:0.003, j=21:0.004, j=22:0.001, j=23:0.012, j=24:0.050, j=25:0.323, j=26:0.379, j=27:0.202
      i=28 -> j=0:0.001, j=1:0.001, j=2:0.001, j=3:0.001, j=4:0.001, j=5:0.001, j=6:0.001, j=7:0.001, j=8:0.000, j=9:0.001, j=10:0.001, j=11:0.000, j=12:0.001, j=13:0.002, j=14:0.001, j=15:0.001, j=16:0.001, j=17:0.006, j=18:0.001, j=19:0.003, j=20:0.004, j=21:0.005, j=22:0.001, j=23:0.005, j=24:0.011, j=25:0.095, j=26:0.231, j=27:0.351, j=28:0.269
      i=29 -> j=0:0.001, j=1:0.001, j=2:0.001, j=3:0.001, j=4:0.001, j=5:0.001, j=6:0.001, j=7:0.001, j=8:0.001, j=9:0.001, j=10:0.002, j=11:0.000, j=12:0.001, j=13:0.001, j=14:0.001, j=15:0.002, j=16:0.002, j=17:0.006, j=18:0.001, j=19:0.003, j=20:0.004, j=21:0.007, j=22:0.001, j=23:0.004, j=24:0.003, j=25:0.018, j=26:0.042, j=27:0.146, j=28:0.313, j=29:0.436
      i=30 -> j=0:0.001, j=1:0.001, j=2:0.001, j=3:0.001, j=4:0.001, j=5:0.002, j=6:0.001, j=7:0.001, j=8:0.001, j=9:0.001, j=10:0.002, j=11:0.000, j=12:0.001, j=13:0.001, j=14:0.001, j=15:0.002, j=16:0.002, j=17:0.005, j=18:0.001, j=19:0.002, j=20:0.002, j=21:0.005, j=22:0.001, j=23:0.003, j=24:0.002, j=25:0.005, j=26:0.006, j=27:0.023, j=28:0.086, j=29:0.253, j=30:0.586
      i=31 -> j=0:0.001, j=1:0.000, j=2:0.000, j=3:0.000, j=4:0.001, j=5:0.001, j=6:0.001, j=7:0.000, j=8:0.000, j=9:0.000, j=10:0.001, j=11:0.000, j=12:0.001, j=13:0.001, j=14:0.000, j=15:0.001, j=16:0.001, j=17:0.004, j=18:0.001, j=19:0.001, j=20:0.001, j=21:0.002, j=22:0.001, j=23:0.002, j=24:0.001, j=25:0.002, j=26:0.001, j=27:0.003, j=28:0.015, j=29:0.098, j=30:0.770, j=31:0.087
      i=32 -> j=0:0.001, j=1:0.000, j=2:0.000, j=3:0.000, j=4:0.001, j=5:0.001, j=6:0.001, j=7:0.000, j=8:0.000, j=9:0.000, j=10:0.001, j=11:0.000, j=12:0.001, j=13:0.001, j=14:0.000, j=15:0.001, j=16:0.001, j=17:0.004, j=18:0.001, j=19:0.001, j=20:0.001, j=21:0.002, j=22:0.000, j=23:0.002, j=24:0.002, j=25:0.002, j=26:0.001, j=27:0.001, j=28:0.003, j=29:0.024, j=30:0.568, j=31:0.159, j=32:0.219
      i=33 -> j=0:0.000, j=1:0.000, j=2:0.000, j=3:0.000, j=4:0.000, j=5:0.001, j=6:0.001, j=7:0.000, j=8:0.000, j=9:0.000, j=10:0.001, j=11:0.000, j=12:0.000, j=13:0.000, j=14:0.000, j=15:0.000, j=16:0.000, j=17:0.002, j=18:0.000, j=19:0.001, j=20:0.001, j=21:0.001, j=22:0.000, j=23:0.001, j=24:0.001, j=25:0.002, j=26:0.001, j=27:0.000, j=28:0.000, j=29:0.002, j=30:0.079, j=31:0.048, j=32:0.195, j=33:0.661
      i=34 -> j=0:0.000, j=1:0.000, j=2:0.000, j=3:0.000, j=4:0.000, j=5:0.001, j=6:0.001, j=7:0.000, j=8:0.000, j=9:0.000, j=10:0.001, j=11:0.000, j=12:0.000, j=13:0.000, j=14:0.000, j=15:0.000, j=16:0.000, j=17:0.002, j=18:0.000, j=19:0.001, j=20:0.001, j=21:0.001, j=22:0.000, j=23:0.001, j=24:0.001, j=25:0.001, j=26:0.001, j=27:0.000, j=28:0.000, j=29:0.001, j=30:0.010, j=31:0.007, j=32:0.050, j=33:0.441, j=34:0.476
      i=35 -> j=0:0.001, j=1:0.001, j=2:0.001, j=3:0.001, j=4:0.001, j=5:0.001, j=6:0.001, j=7:0.001, j=8:0.001, j=9:0.001, j=10:0.001, j=11:0.000, j=12:0.001, j=13:0.001, j=14:0.001, j=15:0.001, j=16:0.001, j=17:0.003, j=18:0.001, j=19:0.001, j=20:0.001, j=21:0.002, j=22:0.000, j=23:0.001, j=24:0.001, j=25:0.002, j=26:0.001, j=27:0.001, j=28:0.001, j=29:0.001, j=30:0.006, j=31:0.003, j=32:0.016, j=33:0.213, j=34:0.649, j=35:0.079
      i=36 -> j=0:0.001, j=1:0.001, j=2:0.001, j=3:0.001, j=4:0.001, j=5:0.001, j=6:0.001, j=7:0.001, j=8:0.000, j=9:0.001, j=10:0.001, j=11:0.000, j=12:0.001, j=13:0.001, j=14:0.001, j=15:0.001, j=16:0.001, j=17:0.003, j=18:0.001, j=19:0.001, j=20:0.001, j=21:0.002, j=22:0.000, j=23:0.001, j=24:0.001, j=25:0.001, j=26:0.001, j=27:0.001, j=28:0.001, j=29:0.001, j=30:0.004, j=31:0.001, j=32:0.003, j=33:0.054, j=34:0.479, j=35:0.115, j=36:0.316
      i=37 -> j=0:0.001, j=1:0.001, j=2:0.001, j=3:0.001, j=4:0.001, j=5:0.002, j=6:0.001, j=7:0.001, j=8:0.000, j=9:0.001, j=10:0.002, j=11:0.000, j=12:0.001, j=13:0.001, j=14:0.001, j=15:0.001, j=16:0.001, j=17:0.004, j=18:0.001, j=19:0.001, j=20:0.001, j=21:0.002, j=22:0.000, j=23:0.002, j=24:0.001, j=25:0.001, j=26:0.001, j=27:0.001, j=28:0.001, j=29:0.002, j=30:0.006, j=31:0.001, j=32:0.001, j=33:0.011, j=34:0.141, j=35:0.077, j=36:0.546, j=37:0.183
      i=38 -> j=0:0.002, j=1:0.001, j=2:0.001, j=3:0.001, j=4:0.002, j=5:0.003, j=6:0.003, j=7:0.002, j=8:0.001, j=9:0.001, j=10:0.003, j=11:0.001, j=12:0.002, j=13:0.002, j=14:0.001, j=15:0.002, j=16:0.002, j=17:0.006, j=18:0.001, j=19:0.002, j=20:0.002, j=21:0.002, j=22:0.001, j=23:0.002, j=24:0.002, j=25:0.002, j=26:0.001, j=27:0.001, j=28:0.001, j=29:0.002, j=30:0.010, j=31:0.001, j=32:0.001, j=33:0.005, j=34:0.038, j=35:0.029, j=36:0.338, j=37:0.303, j=38:0.223
      i=39 -> j=0:0.003, j=1:0.002, j=2:0.002, j=3:0.001, j=4:0.002, j=5:0.004, j=6:0.004, j=7:0.002, j=8:0.001, j=9:0.001, j=10:0.003, j=11:0.001, j=12:0.003, j=13:0.002, j=14:0.001, j=15:0.002, j=16:0.002, j=17:0.007, j=18:0.002, j=19:0.003, j=20:0.002, j=21:0.003, j=22:0.001, j=23:0.003, j=24:0.002, j=25:0.003, j=26:0.001, j=27:0.001, j=28:0.001, j=29:0.002, j=30:0.010, j=31:0.002, j=32:0.002, j=33:0.004, j=34:0.014, j=35:0.008, j=36:0.070, j=37:0.120, j=38:0.232, j=39:0.467
      i=40 -> j=0:0.001, j=1:0.001, j=2:0.001, j=3:0.000, j=4:0.001, j=5:0.001, j=6:0.001, j=7:0.001, j=8:0.000, j=9:0.000, j=10:0.001, j=11:0.000, j=12:0.001, j=13:0.001, j=14:0.001, j=15:0.001, j=16:0.001, j=17:0.002, j=18:0.000, j=19:0.001, j=20:0.001, j=21:0.001, j=22:0.000, j=23:0.001, j=24:0.001, j=25:0.001, j=26:0.000, j=27:0.000, j=28:0.000, j=29:0.000, j=30:0.003, j=31:0.001, j=32:0.001, j=33:0.001, j=34:0.003, j=35:0.001, j=36:0.005, j=37:0.010, j=38:0.046, j=39:0.297, j=40:0.611
      i=41 -> j=0:0.001, j=1:0.001, j=2:0.001, j=3:0.001, j=4:0.001, j=5:0.001, j=6:0.001, j=7:0.001, j=8:0.000, j=9:0.001, j=10:0.001, j=11:0.000, j=12:0.001, j=13:0.001, j=14:0.001, j=15:0.001, j=16:0.001, j=17:0.002, j=18:0.000, j=19:0.001, j=20:0.001, j=21:0.001, j=22:0.000, j=23:0.001, j=24:0.000, j=25:0.001, j=26:0.000, j=27:0.000, j=28:0.000, j=29:0.000, j=30:0.002, j=31:0.000, j=32:0.001, j=33:0.002, j=34:0.003, j=35:0.001, j=36:0.002, j=37:0.002, j=38:0.009, j=39:0.132, j=40:0.760, j=41:0.065
      i=42 -> j=0:0.001, j=1:0.001, j=2:0.001, j=3:0.001, j=4:0.001, j=5:0.002, j=6:0.002, j=7:0.001, j=8:0.001, j=9:0.001, j=10:0.002, j=11:0.000, j=12:0.001, j=13:0.001, j=14:0.001, j=15:0.001, j=16:0.001, j=17:0.004, j=18:0.001, j=19:0.001, j=20:0.001, j=21:0.002, j=22:0.000, j=23:0.001, j=24:0.001, j=25:0.001, j=26:0.001, j=27:0.001, j=28:0.001, j=29:0.001, j=30:0.002, j=31:0.000, j=32:0.001, j=33:0.003, j=34:0.006, j=35:0.001, j=36:0.002, j=37:0.001, j=38:0.002, j=39:0.044, j=40:0.502, j=41:0.135, j=42:0.265
      i=43 -> j=0:0.003, j=1:0.002, j=2:0.002, j=3:0.002, j=4:0.003, j=5:0.004, j=6:0.003, j=7:0.002, j=8:0.001, j=9:0.002, j=10:0.005, j=11:0.001, j=12:0.003, j=13:0.002, j=14:0.002, j=15:0.003, j=16:0.003, j=17:0.008, j=18:0.002, j=19:0.002, j=20:0.002, j=21:0.003, j=22:0.001, j=23:0.003, j=24:0.002, j=25:0.002, j=26:0.001, j=27:0.001, j=28:0.001, j=29:0.002, j=30:0.005, j=31:0.001, j=32:0.001, j=33:0.003, j=34:0.010, j=35:0.003, j=36:0.004, j=37:0.001, j=38:0.002, j=39:0.014, j=40:0.122, j=41:0.087, j=42:0.423, j=43:0.252
      i=44 -> j=0:0.005, j=1:0.003, j=2:0.004, j=3:0.003, j=4:0.005, j=5:0.007, j=6:0.006, j=7:0.004, j=8:0.002, j=9:0.003, j=10:0.007, j=11:0.002, j=12:0.005, j=13:0.004, j=14:0.003, j=15:0.004, j=16:0.004, j=17:0.012, j=18:0.003, j=19:0.004, j=20:0.003, j=21:0.005, j=22:0.001, j=23:0.004, j=24:0.003, j=25:0.004, j=26:0.002, j=27:0.002, j=28:0.002, j=29:0.003, j=30:0.008, j=31:0.002, j=32:0.001, j=33:0.003, j=34:0.010, j=35:0.004, j=36:0.006, j=37:0.002, j=38:0.002, j=39:0.007, j=40:0.031, j=41:0.028, j=42:0.246, j=43:0.394, j=44:0.138
      i=45 -> j=0:0.008, j=1:0.005, j=2:0.006, j=3:0.004, j=4:0.007, j=5:0.011, j=6:0.010, j=7:0.007, j=8:0.003, j=9:0.004, j=10:0.010, j=11:0.003, j=12:0.008, j=13:0.007, j=14:0.005, j=15:0.006, j=16:0.006, j=17:0.018, j=18:0.005, j=19:0.007, j=20:0.006, j=21:0.007, j=22:0.002, j=23:0.006, j=24:0.005, j=25:0.007, j=26:0.003, j=27:0.002, j=28:0.002, j=29:0.003, j=30:0.012, j=31:0.003, j=32:0.002, j=33:0.005, j=34:0.011, j=35:0.005, j=36:0.009, j=37:0.004, j=38:0.003, j=39:0.008, j=40:0.015, j=41:0.009, j=42:0.086, j=43:0.293, j=44:0.211, j=45:0.144
      i=46 -> j=0:0.004, j=1:0.002, j=2:0.003, j=3:0.002, j=4:0.003, j=5:0.005, j=6:0.004, j=7:0.003, j=8:0.002, j=9:0.002, j=10:0.004, j=11:0.001, j=12:0.004, j=13:0.004, j=14:0.003, j=15:0.003, j=16:0.003, j=17:0.008, j=18:0.002, j=19:0.003, j=20:0.003, j=21:0.004, j=22:0.001, j=23:0.003, j=24:0.002, j=25:0.003, j=26:0.002, j=27:0.001, j=28:0.001, j=29:0.001, j=30:0.005, j=31:0.001, j=32:0.001, j=33:0.002, j=34:0.004, j=35:0.002, j=36:0.003, j=37:0.002, j=38:0.002, j=39:0.004, j=40:0.004, j=41:0.001, j=42:0.008, j=43:0.038, j=44:0.051, j=45:0.080, j=46:0.707
      i=47 -> j=0:0.002, j=1:0.001, j=2:0.001, j=3:0.001, j=4:0.001, j=5:0.002, j=6:0.002, j=7:0.001, j=8:0.001, j=9:0.001, j=10:0.002, j=11:0.001, j=12:0.002, j=13:0.002, j=14:0.001, j=15:0.002, j=16:0.001, j=17:0.004, j=18:0.001, j=19:0.001, j=20:0.001, j=21:0.002, j=22:0.000, j=23:0.001, j=24:0.001, j=25:0.001, j=26:0.001, j=27:0.001, j=28:0.000, j=29:0.001, j=30:0.002, j=31:0.000, j=32:0.001, j=33:0.001, j=34:0.002, j=35:0.001, j=36:0.001, j=37:0.001, j=38:0.001, j=39:0.002, j=40:0.002, j=41:0.000, j=42:0.001, j=43:0.004, j=44:0.007, j=45:0.022, j=46:0.657, j=47:0.255
      i=48 -> j=0:0.002, j=1:0.001, j=2:0.002, j=3:0.001, j=4:0.002, j=5:0.003, j=6:0.002, j=7:0.002, j=8:0.001, j=9:0.001, j=10:0.003, j=11:0.001, j=12:0.002, j=13:0.002, j=14:0.002, j=15:0.002, j=16:0.002, j=17:0.005, j=18:0.001, j=19:0.002, j=20:0.002, j=21:0.003, j=22:0.001, j=23:0.002, j=24:0.001, j=25:0.001, j=26:0.001, j=27:0.001, j=28:0.001, j=29:0.001, j=30:0.002, j=31:0.000, j=32:0.001, j=33:0.002, j=34:0.003, j=35:0.001, j=36:0.001, j=37:0.000, j=38:0.001, j=39:0.002, j=40:0.004, j=41:0.001, j=42:0.001, j=43:0.002, j=44:0.002, j=45:0.007, j=46:0.386, j=47:0.404, j=48:0.130
      i=49 -> j=0:0.002, j=1:0.001, j=2:0.002, j=3:0.002, j=4:0.003, j=5:0.004, j=6:0.003, j=7:0.002, j=8:0.001, j=9:0.002, j=10:0.004, j=11:0.001, j=12:0.002, j=13:0.002, j=14:0.002, j=15:0.003, j=16:0.003, j=17:0.007, j=18:0.001, j=19:0.002, j=20:0.002, j=21:0.003, j=22:0.001, j=23:0.002, j=24:0.001, j=25:0.002, j=26:0.001, j=27:0.001, j=28:0.001, j=29:0.001, j=30:0.003, j=31:0.001, j=32:0.001, j=33:0.002, j=34:0.004, j=35:0.001, j=36:0.001, j=37:0.000, j=38:0.000, j=39:0.002, j=40:0.004, j=41:0.001, j=42:0.001, j=43:0.001, j=44:0.001, j=45:0.002, j=46:0.106, j=47:0.219, j=48:0.197, j=49:0.389
      i=50 -> j=0:0.002, j=1:0.001, j=2:0.002, j=3:0.001, j=4:0.002, j=5:0.003, j=6:0.003, j=7:0.002, j=8:0.001, j=9:0.001, j=10:0.003, j=11:0.001, j=12:0.002, j=13:0.002, j=14:0.001, j=15:0.002, j=16:0.002, j=17:0.006, j=18:0.001, j=19:0.002, j=20:0.002, j=21:0.002, j=22:0.001, j=23:0.002, j=24:0.001, j=25:0.002, j=26:0.001, j=27:0.001, j=28:0.001, j=29:0.001, j=30:0.003, j=31:0.001, j=32:0.001, j=33:0.001, j=34:0.003, j=35:0.001, j=36:0.001, j=37:0.001, j=38:0.000, j=39:0.001, j=40:0.002, j=41:0.001, j=42:0.001, j=43:0.001, j=44:0.001, j=45:0.001, j=46:0.013, j=47:0.025, j=48:0.051, j=49:0.246, j=50:0.590
      i=51 -> j=0:0.001, j=1:0.001, j=2:0.001, j=3:0.001, j=4:0.001, j=5:0.002, j=6:0.001, j=7:0.001, j=8:0.000, j=9:0.001, j=10:0.001, j=11:0.000, j=12:0.001, j=13:0.001, j=14:0.001, j=15:0.001, j=16:0.001, j=17:0.003, j=18:0.001, j=19:0.001, j=20:0.001, j=21:0.001, j=22:0.000, j=23:0.001, j=24:0.001, j=25:0.001, j=26:0.000, j=27:0.000, j=28:0.000, j=29:0.000, j=30:0.001, j=31:0.000, j=32:0.000, j=33:0.000, j=34:0.001, j=35:0.000, j=36:0.001, j=37:0.000, j=38:0.000, j=39:0.000, j=40:0.001, j=41:0.000, j=42:0.001, j=43:0.001, j=44:0.000, j=45:0.000, j=46:0.002, j=47:0.003, j=48:0.008, j=49:0.107, j=50:0.797, j=51:0.051
      i=52 -> j=0:0.002, j=1:0.001, j=2:0.001, j=3:0.001, j=4:0.001, j=5:0.002, j=6:0.002, j=7:0.002, j=8:0.001, j=9:0.001, j=10:0.002, j=11:0.001, j=12:0.002, j=13:0.002, j=14:0.001, j=15:0.002, j=16:0.001, j=17:0.004, j=18:0.001, j=19:0.002, j=20:0.002, j=21:0.002, j=22:0.000, j=23:0.001, j=24:0.001, j=25:0.001, j=26:0.001, j=27:0.001, j=28:0.000, j=29:0.001, j=30:0.002, j=31:0.000, j=32:0.000, j=33:0.001, j=34:0.001, j=35:0.000, j=36:0.001, j=37:0.000, j=38:0.000, j=39:0.001, j=40:0.001, j=41:0.000, j=42:0.001, j=43:0.001, j=44:0.000, j=45:0.000, j=46:0.002, j=47:0.001, j=48:0.002, j=49:0.033, j=50:0.615, j=51:0.121, j=52:0.170
      i=53 -> j=0:0.002, j=1:0.002, j=2:0.002, j=3:0.002, j=4:0.002, j=5:0.003, j=6:0.003, j=7:0.002, j=8:0.001, j=9:0.002, j=10:0.003, j=11:0.001, j=12:0.002, j=13:0.003, j=14:0.002, j=15:0.002, j=16:0.002, j=17:0.006, j=18:0.001, j=19:0.002, j=20:0.003, j=21:0.003, j=22:0.001, j=23:0.002, j=24:0.001, j=25:0.002, j=26:0.001, j=27:0.001, j=28:0.001, j=29:0.001, j=30:0.002, j=31:0.001, j=32:0.001, j=33:0.001, j=34:0.002, j=35:0.001, j=36:0.001, j=37:0.000, j=38:0.001, j=39:0.001, j=40:0.002, j=41:0.000, j=42:0.001, j=43:0.001, j=44:0.001, j=45:0.001, j=46:0.004, j=47:0.001, j=48:0.001, j=49:0.008, j=50:0.145, j=51:0.070, j=52:0.244, j=53:0.449
      i=54 -> j=0:0.004, j=1:0.003, j=2:0.004, j=3:0.003, j=4:0.004, j=5:0.006, j=6:0.005, j=7:0.004, j=8:0.003, j=9:0.003, j=10:0.006, j=11:0.002, j=12:0.004, j=13:0.004, j=14:0.004, j=15:0.005, j=16:0.004, j=17:0.009, j=18:0.003, j=19:0.004, j=20:0.004, j=21:0.006, j=22:0.002, j=23:0.004, j=24:0.003, j=25:0.004, j=26:0.002, j=27:0.002, j=28:0.002, j=29:0.002, j=30:0.004, j=31:0.001, j=32:0.001, j=33:0.003, j=34:0.005, j=35:0.002, j=36:0.002, j=37:0.001, j=38:0.001, j=39:0.002, j=40:0.003, j=41:0.001, j=42:0.001, j=43:0.001, j=44:0.001, j=45:0.001, j=46:0.006, j=47:0.003, j=48:0.001, j=49:0.004, j=50:0.032, j=51:0.020, j=52:0.098, j=53:0.389, j=54:0.303
      i=55 -> j=0:0.003, j=1:0.002, j=2:0.003, j=3:0.002, j=4:0.003, j=5:0.005, j=6:0.004, j=7:0.003, j=8:0.002, j=9:0.003, j=10:0.005, j=11:0.002, j=12:0.003, j=13:0.003, j=14:0.002, j=15:0.003, j=16:0.003, j=17:0.007, j=18:0.002, j=19:0.003, j=20:0.003, j=21:0.004, j=22:0.001, j=23:0.003, j=24:0.002, j=25:0.003, j=26:0.002, j=27:0.001, j=28:0.001, j=29:0.002, j=30:0.003, j=31:0.001, j=32:0.001, j=33:0.002, j=34:0.003, j=35:0.001, j=36:0.002, j=37:0.001, j=38:0.001, j=39:0.002, j=40:0.002, j=41:0.001, j=42:0.001, j=43:0.001, j=44:0.001, j=45:0.001, j=46:0.004, j=47:0.002, j=48:0.001, j=49:0.002, j=50:0.008, j=51:0.004, j=52:0.019, j=53:0.134, j=54:0.229, j=55:0.485
      i=56 -> j=0:0.001, j=1:0.001, j=2:0.001, j=3:0.001, j=4:0.001, j=5:0.002, j=6:0.002, j=7:0.001, j=8:0.001, j=9:0.001, j=10:0.002, j=11:0.001, j=12:0.001, j=13:0.001, j=14:0.001, j=15:0.001, j=16:0.001, j=17:0.004, j=18:0.001, j=19:0.001, j=20:0.001, j=21:0.002, j=22:0.001, j=23:0.001, j=24:0.001, j=25:0.001, j=26:0.001, j=27:0.001, j=28:0.000, j=29:0.001, j=30:0.002, j=31:0.000, j=32:0.000, j=33:0.001, j=34:0.001, j=35:0.001, j=36:0.001, j=37:0.000, j=38:0.000, j=39:0.001, j=40:0.001, j=41:0.000, j=42:0.000, j=43:0.000, j=44:0.000, j=45:0.000, j=46:0.001, j=47:0.001, j=48:0.000, j=49:0.001, j=50:0.003, j=51:0.001, j=52:0.002, j=53:0.019, j=54:0.082, j=55:0.431, j=56:0.415
      i=57 -> j=0:0.001, j=1:0.001, j=2:0.001, j=3:0.001, j=4:0.001, j=5:0.002, j=6:0.002, j=7:0.001, j=8:0.001, j=9:0.001, j=10:0.002, j=11:0.001, j=12:0.001, j=13:0.001, j=14:0.001, j=15:0.001, j=16:0.001, j=17:0.003, j=18:0.001, j=19:0.001, j=20:0.001, j=21:0.001, j=22:0.000, j=23:0.001, j=24:0.001, j=25:0.001, j=26:0.001, j=27:0.000, j=28:0.000, j=29:0.001, j=30:0.001, j=31:0.000, j=32:0.000, j=33:0.001, j=34:0.001, j=35:0.000, j=36:0.001, j=37:0.000, j=38:0.000, j=39:0.000, j=40:0.001, j=41:0.000, j=42:0.000, j=43:0.000, j=44:0.000, j=45:0.000, j=46:0.001, j=47:0.000, j=48:0.000, j=49:0.001, j=50:0.002, j=51:0.000, j=52:0.001, j=53:0.004, j=54:0.023, j=55:0.236, j=56:0.525, j=57:0.167
      i=58 -> j=0:0.002, j=1:0.001, j=2:0.001, j=3:0.001, j=4:0.001, j=5:0.002, j=6:0.002, j=7:0.001, j=8:0.001, j=9:0.001, j=10:0.002, j=11:0.001, j=12:0.002, j=13:0.002, j=14:0.001, j=15:0.001, j=16:0.001, j=17:0.004, j=18:0.001, j=19:0.002, j=20:0.001, j=21:0.002, j=22:0.000, j=23:0.001, j=24:0.001, j=25:0.001, j=26:0.001, j=27:0.001, j=28:0.000, j=29:0.001, j=30:0.002, j=31:0.000, j=32:0.000, j=33:0.001, j=34:0.001, j=35:0.000, j=36:0.001, j=37:0.000, j=38:0.000, j=39:0.001, j=40:0.001, j=41:0.000, j=42:0.000, j=43:0.000, j=44:0.000, j=45:0.000, j=46:0.001, j=47:0.000, j=48:0.000, j=49:0.001, j=50:0.003, j=51:0.000, j=52:0.000, j=53:0.001, j=54:0.007, j=55:0.076, j=56:0.310, j=57:0.277, j=58:0.277
      i=59 -> j=0:0.002, j=1:0.001, j=2:0.002, j=3:0.001, j=4:0.002, j=5:0.003, j=6:0.002, j=7:0.002, j=8:0.001, j=9:0.001, j=10:0.003, j=11:0.001, j=12:0.002, j=13:0.002, j=14:0.002, j=15:0.002, j=16:0.002, j=17:0.004, j=18:0.001, j=19:0.002, j=20:0.002, j=21:0.003, j=22:0.001, j=23:0.002, j=24:0.001, j=25:0.002, j=26:0.001, j=27:0.001, j=28:0.001, j=29:0.001, j=30:0.002, j=31:0.001, j=32:0.001, j=33:0.001, j=34:0.002, j=35:0.001, j=36:0.001, j=37:0.000, j=38:0.000, j=39:0.001, j=40:0.001, j=41:0.000, j=42:0.000, j=43:0.001, j=44:0.000, j=45:0.000, j=46:0.001, j=47:0.000, j=48:0.000, j=49:0.001, j=50:0.004, j=51:0.001, j=52:0.001, j=53:0.001, j=54:0.003, j=55:0.020, j=56:0.070, j=57:0.127, j=58:0.352, j=59:0.356
      i=60 -> j=0:0.001, j=1:0.001, j=2:0.001, j=3:0.001, j=4:0.002, j=5:0.002, j=6:0.002, j=7:0.001, j=8:0.001, j=9:0.001, j=10:0.002, j=11:0.001, j=12:0.001, j=13:0.002, j=14:0.001, j=15:0.002, j=16:0.002, j=17:0.004, j=18:0.001, j=19:0.001, j=20:0.002, j=21:0.002, j=22:0.001, j=23:0.001, j=24:0.001, j=25:0.001, j=26:0.001, j=27:0.001, j=28:0.001, j=29:0.001, j=30:0.002, j=31:0.000, j=32:0.000, j=33:0.001, j=34:0.002, j=35:0.000, j=36:0.001, j=37:0.000, j=38:0.000, j=39:0.001, j=40:0.001, j=41:0.000, j=42:0.000, j=43:0.000, j=44:0.000, j=45:0.000, j=46:0.001, j=47:0.000, j=48:0.000, j=49:0.000, j=50:0.002, j=51:0.000, j=52:0.001, j=53:0.001, j=54:0.002, j=55:0.006, j=56:0.012, j=57:0.027, j=58:0.187, j=59:0.551, j=60:0.157
      i=61 -> j=0:0.002, j=1:0.001, j=2:0.002, j=3:0.002, j=4:0.003, j=5:0.004, j=6:0.003, j=7:0.002, j=8:0.001, j=9:0.002, j=10:0.004, j=11:0.001, j=12:0.002, j=13:0.002, j=14:0.002, j=15:0.002, j=16:0.003, j=17:0.007, j=18:0.001, j=19:0.002, j=20:0.002, j=21:0.003, j=22:0.001, j=23:0.002, j=24:0.001, j=25:0.002, j=26:0.001, j=27:0.001, j=28:0.001, j=29:0.001, j=30:0.003, j=31:0.001, j=32:0.001, j=33:0.001, j=34:0.002, j=35:0.001, j=36:0.001, j=37:0.000, j=38:0.000, j=39:0.001, j=40:0.001, j=41:0.000, j=42:0.000, j=43:0.000, j=44:0.000, j=45:0.000, j=46:0.002, j=47:0.001, j=48:0.000, j=49:0.001, j=50:0.002, j=51:0.000, j=52:0.001, j=53:0.002, j=54:0.003, j=55:0.006, j=56:0.006, j=57:0.007, j=58:0.055, j=59:0.394, j=60:0.287, j=61:0.156
      i=62 -> j=0:0.003, j=1:0.002, j=2:0.002, j=3:0.002, j=4:0.003, j=5:0.005, j=6:0.004, j=7:0.003, j=8:0.002, j=9:0.002, j=10:0.005, j=11:0.002, j=12:0.003, j=13:0.003, j=14:0.002, j=15:0.003, j=16:0.003, j=17:0.008, j=18:0.002, j=19:0.003, j=20:0.003, j=21:0.004, j=22:0.001, j=23:0.003, j=24:0.002, j=25:0.003, j=26:0.002, j=27:0.001, j=28:0.001, j=29:0.002, j=30:0.004, j=31:0.001, j=32:0.001, j=33:0.002, j=34:0.003, j=35:0.001, j=36:0.002, j=37:0.001, j=38:0.001, j=39:0.001, j=40:0.002, j=41:0.001, j=42:0.001, j=43:0.001, j=44:0.000, j=45:0.000, j=46:0.002, j=47:0.001, j=48:0.001, j=49:0.001, j=50:0.003, j=51:0.001, j=52:0.001, j=53:0.002, j=54:0.004, j=55:0.008, j=56:0.005, j=57:0.003, j=58:0.011, j=59:0.070, j=60:0.093, j=61:0.131, j=62:0.555
      i=63 -> j=0:0.003, j=1:0.002, j=2:0.002, j=3:0.002, j=4:0.003, j=5:0.004, j=6:0.004, j=7:0.003, j=8:0.002, j=9:0.002, j=10:0.004, j=11:0.001, j=12:0.003, j=13:0.003, j=14:0.002, j=15:0.003, j=16:0.003, j=17:0.007, j=18:0.002, j=19:0.003, j=20:0.003, j=21:0.003, j=22:0.001, j=23:0.003, j=24:0.002, j=25:0.003, j=26:0.001, j=27:0.001, j=28:0.001, j=29:0.001, j=30:0.004, j=31:0.001, j=32:0.001, j=33:0.001, j=34:0.003, j=35:0.001, j=36:0.001, j=37:0.001, j=38:0.001, j=39:0.001, j=40:0.001, j=41:0.000, j=42:0.001, j=43:0.001, j=44:0.000, j=45:0.000, j=46:0.001, j=47:0.001, j=48:0.001, j=49:0.001, j=50:0.002, j=51:0.000, j=52:0.001, j=53:0.001, j=54:0.003, j=55:0.007, j=56:0.004, j=57:0.002, j=58:0.003, j=59:0.013, j=60:0.017, j=61:0.047, j=62:0.540, j=63:0.262
    Average attention per distance:
      d=0:0.330, d=1:0.386, d=2:0.198, d=3:0.045


======================================================================
QK Property Verification (Raw Scores, before Softmax)
======================================================================
Recurrence order init_len=2, num test sequences=1

--- [P1] Long-distance Orthogonality Verification ---
Ideal: raw_score mean ≈ 0 and small std when d > init_len

  Layer 0, Head 0:
    d= 1 (effective): mean=  2.568, std= 0.195, n=63
    d= 2 (effective): mean=  0.842, std= 0.203, n=62
    d>2 (long-distance): mean= -3.433, std= 1.330, n=1891

  Layer 1, Head 0:
    d= 1 (effective): mean=  4.104, std= 0.928, n=63
    d= 2 (effective): mean=  3.298, std= 0.927, n=62
    d>2 (long-distance): mean= -1.568, std= 0.984, n=1891

--- [P2] Time-homogeneous Verification ---
Ideal: CV of raw_score across positions i ≈ 0 for fixed distance d
(CV = std / |mean|, smaller = more constant)

  Layer 0, Head 0:
    d= 1: mean=  2.568, std= 0.195, CV=0.076, n=63
    d= 2: mean=  0.842, std= 0.203, CV=0.241, n=62

  Layer 1, Head 0:
    d= 1: mean=  4.104, std= 0.928, CV=0.226, n=63
    d= 2: mean=  3.298, std= 0.927, CV=0.281, n=62

======================================================================
QK Property Verification Completed
======================================================================
