=== Experiment: mixed_basic_d1024l2_r16_t32_c0.5 ===
Time: 2026-06-18T01:41:40.766239
Task type: mixed_ab
Merged config: {
  "P": 53,
  "TASK": "mixed_ab",
  "NUM_MASK": 2,
  "A": 1,
  "B": 1,
  "AB_PAIRS": [
    [
      1,
      1
    ],
    [
      1,
      2
    ]
  ],
  "D_MODEL": 1024,
  "N_HEAD": 1,
  "N_LAYER": 2,
  "BATCH_SIZE": 128,
  "EPOCHS": 10000,
  "LR": 0.0003,
  "SAVE_PATH": "models/mixed_basic_d1024l2_r16_t32_c0.5.pth",
  "USE_GREEDY_GENERATE": true,
  "USE_LEARNABLE_PE": false,
  "MLP_RATIO": 16,
  "TRAIN_LEN": 32,
  "OOD_LEN": 64,
  "DROPOUT": 0.0,
  "TARGET_INIT_COVERAGE": 0.5,
  "MAX_UNIQUE_RATIO": 0.5,
  "WEIGHT_DECAY": 1,
  "ENTROPY_PENALTY_WEIGHT": 0.0,
  "FIRST_TASK_WEIGHT": 1.0,
  "RANDOM_SEED": 42,
  "EVAL_INTERVAL": 20,
  "EARLY_STOP_NO_IMPROVE": 2000,
  "EARLY_STOP_ACCURACY": 0.99,
  "USE_AB_TAG": false,
  "USE_CONDITIONAL_WTE": false,
  "COND_WTE_SHARED_RATIO": 0.0
}
--- output ---
Using device: cuda

[Dataset] Mixed mode: generated 2810 + 2808 samples, length 32
AB parameter pairs: [(1, 1), (1, 2)]
--------------------------------------------------
[Model config] block_size: 64, train length: 32
[Number theory] AB parameter pairs: [(1, 1), (1, 2)]


Model parameters: 76.13M

Start training...
Epoch   0 | Train: Loss=4.0979 Acc=9.8% | Test: Acc=0.7% | Best=0.7%(@0)
  from x3: 0.01 0.01 0.01 0.01 0.01 0.01 0.01 0.01 0.01 0.01 0.01 0.01 0.01 0.01 0.01 0.01 0.01 0.01 0.01 0.01 0.01 0.01 0.00 0.00 0.01 0.01 0.01 0.01 0.01
  per-rule acc: 0.01 0.01
Epoch  20 | Train: Loss=0.0264 Acc=99.7% | Test: Acc=2.5% | Best=2.5%(@20)
  from x3: 0.03 0.03 0.02 0.02 0.02 0.03 0.03 0.02 0.03 0.02 0.02 0.02 0.02 0.02 0.02 0.02 0.02 0.02 0.02 0.02 0.02 0.02 0.02 0.03 0.02 0.02 0.03 0.03 0.02
  per-rule acc: 0.03 0.02
Epoch  40 | Train: Loss=0.0019 Acc=100.0% | Test: Acc=2.6% | Best=2.6%(@40)
  from x3: 0.03 0.03 0.03 0.03 0.02 0.03 0.03 0.03 0.03 0.03 0.03 0.03 0.03 0.02 0.03 0.03 0.03 0.03 0.03 0.03 0.02 0.02 0.03 0.03 0.03 0.03 0.03 0.03 0.03
  per-rule acc: 0.03 0.02
Epoch  60 | Train: Loss=0.0019 Acc=100.0% | Test: Acc=2.8% | Best=2.8%(@60)
  from x3: 0.03 0.03 0.03 0.03 0.03 0.03 0.03 0.03 0.03 0.03 0.03 0.03 0.03 0.03 0.03 0.03 0.03 0.03 0.03 0.03 0.03 0.03 0.03 0.03 0.03 0.03 0.03 0.03 0.03
  per-rule acc: 0.04 0.02
Epoch  80 | Train: Loss=0.0036 Acc=99.9% | Test: Acc=4.0% | Best=4.0%(@80)
  from x3: 0.05 0.04 0.04 0.04 0.04 0.04 0.04 0.04 0.04 0.04 0.04 0.04 0.04 0.04 0.04 0.04 0.04 0.04 0.04 0.04 0.04 0.04 0.04 0.04 0.04 0.04 0.04 0.04 0.04
  per-rule acc: 0.06 0.02
Epoch 100 | Train: Loss=0.0023 Acc=100.0% | Test: Acc=4.1% | Best=4.1%(@100)
  from x3: 0.05 0.04 0.04 0.04 0.04 0.04 0.04 0.04 0.04 0.04 0.04 0.04 0.04 0.04 0.04 0.04 0.04 0.04 0.04 0.04 0.04 0.04 0.04 0.04 0.04 0.04 0.04 0.04 0.04
  per-rule acc: 0.06 0.02
Epoch 120 | Train: Loss=0.0020 Acc=100.0% | Test: Acc=4.6% | Best=4.6%(@120)
  from x3: 0.06 0.05 0.05 0.04 0.05 0.04 0.04 0.04 0.04 0.04 0.04 0.04 0.04 0.05 0.04 0.04 0.05 0.05 0.05 0.05 0.05 0.05 0.05 0.05 0.05 0.05 0.05 0.05 0.05
  per-rule acc: 0.07 0.02
Epoch 140 | Train: Loss=0.1947 Acc=98.2% | Test: Acc=4.6% | Best=4.6%(@120)
  from x3: 0.06 0.05 0.05 0.05 0.05 0.05 0.04 0.04 0.04 0.04 0.04 0.04 0.05 0.05 0.05 0.05 0.05 0.05 0.05 0.05 0.05 0.05 0.05 0.05 0.04 0.04 0.04 0.04 0.04
  per-rule acc: 0.08 0.02
Epoch 160 | Train: Loss=0.0021 Acc=100.0% | Test: Acc=4.7% | Best=4.7%(@160)
  from x3: 0.06 0.05 0.05 0.04 0.04 0.04 0.05 0.04 0.05 0.05 0.05 0.05 0.05 0.05 0.05 0.05 0.05 0.05 0.05 0.05 0.05 0.05 0.05 0.05 0.05 0.05 0.05 0.05 0.05
  per-rule acc: 0.08 0.02
Epoch 180 | Train: Loss=0.0110 Acc=99.8% | Test: Acc=5.1% | Best=5.1%(@180)
  from x3: 0.06 0.05 0.06 0.05 0.05 0.05 0.05 0.05 0.05 0.05 0.05 0.05 0.05 0.05 0.05 0.05 0.05 0.05 0.05 0.05 0.05 0.05 0.05 0.05 0.05 0.05 0.05 0.05 0.05
  per-rule acc: 0.08 0.02
Epoch 200 | Train: Loss=0.0023 Acc=100.0% | Test: Acc=4.9% | Best=5.1%(@180)
  from x3: 0.06 0.05 0.05 0.05 0.05 0.05 0.05 0.05 0.05 0.05 0.05 0.05 0.05 0.05 0.05 0.05 0.05 0.05 0.05 0.05 0.05 0.05 0.05 0.05 0.05 0.05 0.05 0.05 0.05
  per-rule acc: 0.08 0.02
Epoch 220 | Train: Loss=0.0030 Acc=99.9% | Test: Acc=6.1% | Best=6.1%(@220)
  from x3: 0.07 0.07 0.06 0.06 0.06 0.06 0.06 0.06 0.06 0.06 0.06 0.06 0.06 0.06 0.06 0.06 0.06 0.06 0.06 0.06 0.06 0.06 0.06 0.06 0.06 0.06 0.06 0.06 0.06
  per-rule acc: 0.10 0.02
Epoch 240 | Train: Loss=0.0023 Acc=100.0% | Test: Acc=5.1% | Best=6.1%(@220)
  from x3: 0.07 0.06 0.05 0.05 0.05 0.05 0.05 0.05 0.05 0.05 0.05 0.05 0.05 0.05 0.05 0.05 0.05 0.05 0.05 0.05 0.05 0.05 0.05 0.05 0.05 0.05 0.05 0.05 0.05
  per-rule acc: 0.09 0.01
Epoch 260 | Train: Loss=0.0047 Acc=99.9% | Test: Acc=6.4% | Best=6.4%(@260)
  from x3: 0.07 0.07 0.07 0.07 0.07 0.06 0.06 0.06 0.06 0.06 0.06 0.06 0.06 0.06 0.06 0.06 0.06 0.06 0.06 0.06 0.06 0.06 0.06 0.06 0.06 0.06 0.06 0.06 0.06
  per-rule acc: 0.11 0.02
Epoch 280 | Train: Loss=0.0025 Acc=100.0% | Test: Acc=5.3% | Best=6.4%(@260)
  from x3: 0.07 0.06 0.06 0.06 0.05 0.05 0.05 0.05 0.05 0.05 0.05 0.05 0.05 0.05 0.05 0.05 0.05 0.05 0.05 0.05 0.05 0.05 0.05 0.05 0.05 0.05 0.05 0.05 0.05
  per-rule acc: 0.09 0.02
Epoch 300 | Train: Loss=0.0019 Acc=100.0% | Test: Acc=5.8% | Best=6.4%(@260)
  from x3: 0.07 0.06 0.06 0.06 0.06 0.06 0.06 0.05 0.06 0.06 0.06 0.06 0.06 0.06 0.06 0.06 0.06 0.06 0.06 0.06 0.06 0.06 0.06 0.06 0.06 0.05 0.05 0.05 0.05
  per-rule acc: 0.10 0.02
Epoch 320 | Train: Loss=0.0025 Acc=100.0% | Test: Acc=4.7% | Best=6.4%(@260)
  from x3: 0.06 0.05 0.05 0.05 0.05 0.05 0.05 0.05 0.05 0.05 0.05 0.05 0.05 0.04 0.05 0.05 0.05 0.05 0.04 0.04 0.04 0.04 0.05 0.04 0.04 0.04 0.04 0.04 0.04
  per-rule acc: 0.08 0.01
Epoch 340 | Train: Loss=0.0064 Acc=99.9% | Test: Acc=6.8% | Best=6.8%(@340)
  from x3: 0.08 0.07 0.07 0.07 0.07 0.07 0.07 0.07 0.07 0.07 0.07 0.07 0.07 0.07 0.07 0.07 0.07 0.07 0.07 0.07 0.07 0.07 0.07 0.07 0.07 0.07 0.07 0.07 0.07
  per-rule acc: 0.12 0.02
Epoch 360 | Train: Loss=0.0023 Acc=100.0% | Test: Acc=5.4% | Best=6.8%(@340)
  from x3: 0.07 0.06 0.06 0.06 0.06 0.06 0.06 0.06 0.06 0.06 0.06 0.05 0.05 0.05 0.05 0.05 0.05 0.05 0.05 0.05 0.05 0.05 0.05 0.05 0.05 0.05 0.05 0.05 0.05
  per-rule acc: 0.09 0.02
Epoch 380 | Train: Loss=0.0020 Acc=100.0% | Test: Acc=5.9% | Best=6.8%(@340)
  from x3: 0.08 0.07 0.07 0.07 0.06 0.06 0.06 0.06 0.06 0.06 0.06 0.06 0.06 0.06 0.06 0.06 0.06 0.06 0.06 0.06 0.06 0.06 0.06 0.06 0.06 0.06 0.05 0.06 0.06
  per-rule acc: 0.10 0.02
Epoch 400 | Train: Loss=0.0024 Acc=100.0% | Test: Acc=5.2% | Best=6.8%(@340)
  from x3: 0.07 0.06 0.06 0.06 0.05 0.05 0.05 0.05 0.05 0.05 0.05 0.05 0.05 0.05 0.05 0.05 0.05 0.05 0.05 0.05 0.05 0.05 0.05 0.05 0.05 0.05 0.05 0.05 0.05
  per-rule acc: 0.08 0.02
Epoch 420 | Train: Loss=0.0018 Acc=100.0% | Test: Acc=6.1% | Best=6.8%(@340)
  from x3: 0.08 0.07 0.07 0.07 0.06 0.06 0.06 0.06 0.06 0.06 0.06 0.06 0.06 0.06 0.06 0.06 0.06 0.06 0.06 0.06 0.06 0.06 0.06 0.06 0.06 0.06 0.06 0.06 0.06
  per-rule acc: 0.10 0.02
Epoch 440 | Train: Loss=0.0022 Acc=100.0% | Test: Acc=5.6% | Best=6.8%(@340)
  from x3: 0.07 0.07 0.06 0.06 0.06 0.06 0.06 0.05 0.05 0.05 0.06 0.06 0.06 0.06 0.06 0.06 0.06 0.06 0.05 0.05 0.05 0.05 0.05 0.05 0.05 0.05 0.05 0.05 0.05
  per-rule acc: 0.09 0.02
Epoch 460 | Train: Loss=0.0024 Acc=99.9% | Test: Acc=6.8% | Best=6.8%(@460)
  from x3: 0.08 0.07 0.07 0.07 0.07 0.07 0.07 0.07 0.07 0.07 0.07 0.07 0.07 0.07 0.07 0.07 0.07 0.07 0.07 0.07 0.07 0.07 0.07 0.07 0.07 0.07 0.06 0.06 0.07
  per-rule acc: 0.11 0.02
Epoch 480 | Train: Loss=0.0021 Acc=100.0% | Test: Acc=6.1% | Best=6.8%(@460)
  from x3: 0.07 0.07 0.06 0.06 0.06 0.06 0.06 0.06 0.06 0.06 0.06 0.06 0.06 0.06 0.06 0.06 0.06 0.06 0.06 0.06 0.06 0.06 0.06 0.06 0.06 0.06 0.06 0.06 0.06
  per-rule acc: 0.10 0.02
Epoch 500 | Train: Loss=0.0021 Acc=100.0% | Test: Acc=6.7% | Best=6.8%(@460)
  from x3: 0.08 0.07 0.07 0.07 0.07 0.07 0.07 0.07 0.07 0.06 0.07 0.07 0.07 0.07 0.07 0.07 0.07 0.07 0.07 0.07 0.07 0.07 0.07 0.06 0.06 0.06 0.07 0.06 0.06
  per-rule acc: 0.10 0.03
Epoch 520 | Train: Loss=0.0021 Acc=100.0% | Test: Acc=5.3% | Best=6.8%(@460)
  from x3: 0.07 0.06 0.06 0.05 0.05 0.05 0.05 0.05 0.05 0.05 0.05 0.05 0.05 0.05 0.05 0.05 0.05 0.05 0.05 0.05 0.05 0.05 0.05 0.05 0.05 0.05 0.05 0.05 0.05
  per-rule acc: 0.08 0.03
Epoch 540 | Train: Loss=0.0696 Acc=99.3% | Test: Acc=6.3% | Best=6.8%(@460)
  from x3: 0.08 0.07 0.07 0.07 0.07 0.06 0.07 0.06 0.06 0.06 0.06 0.06 0.06 0.06 0.06 0.06 0.06 0.06 0.06 0.06 0.06 0.06 0.06 0.06 0.06 0.06 0.06 0.06 0.06
  per-rule acc: 0.10 0.03
Epoch 560 | Train: Loss=0.0020 Acc=100.0% | Test: Acc=6.2% | Best=6.8%(@460)
  from x3: 0.08 0.08 0.07 0.07 0.07 0.06 0.06 0.06 0.06 0.06 0.06 0.06 0.06 0.06 0.06 0.06 0.06 0.06 0.06 0.06 0.06 0.06 0.06 0.06 0.06 0.06 0.06 0.06 0.06
  per-rule acc: 0.09 0.03
Epoch 580 | Train: Loss=0.0023 Acc=100.0% | Test: Acc=5.5% | Best=6.8%(@460)
  from x3: 0.07 0.07 0.06 0.06 0.06 0.06 0.05 0.06 0.06 0.05 0.05 0.05 0.05 0.05 0.05 0.05 0.05 0.05 0.05 0.05 0.05 0.05 0.05 0.05 0.05 0.05 0.05 0.05 0.05
  per-rule acc: 0.08 0.03
Epoch 600 | Train: Loss=0.0017 Acc=100.0% | Test: Acc=6.8% | Best=6.8%(@600)
  from x3: 0.08 0.08 0.07 0.07 0.07 0.07 0.07 0.07 0.07 0.07 0.07 0.07 0.07 0.07 0.07 0.07 0.07 0.07 0.07 0.07 0.07 0.07 0.07 0.06 0.06 0.07 0.07 0.07 0.07
  per-rule acc: 0.10 0.04
Epoch 620 | Train: Loss=0.0023 Acc=100.0% | Test: Acc=5.6% | Best=6.8%(@600)
  from x3: 0.07 0.07 0.07 0.06 0.06 0.06 0.06 0.05 0.06 0.05 0.05 0.05 0.05 0.05 0.05 0.05 0.05 0.05 0.05 0.05 0.05 0.05 0.05 0.05 0.05 0.05 0.05 0.05 0.05
  per-rule acc: 0.08 0.03
Epoch 640 | Train: Loss=0.0017 Acc=100.0% | Test: Acc=6.6% | Best=6.8%(@600)
  from x3: 0.09 0.08 0.07 0.07 0.07 0.07 0.07 0.07 0.07 0.07 0.07 0.07 0.07 0.07 0.06 0.06 0.06 0.06 0.06 0.06 0.06 0.06 0.06 0.06 0.06 0.06 0.06 0.06 0.06
  per-rule acc: 0.10 0.03
Epoch 660 | Train: Loss=0.0022 Acc=100.0% | Test: Acc=5.7% | Best=6.8%(@600)
  from x3: 0.08 0.07 0.07 0.06 0.06 0.06 0.06 0.06 0.06 0.06 0.06 0.06 0.05 0.06 0.05 0.05 0.05 0.05 0.05 0.05 0.05 0.05 0.05 0.05 0.05 0.05 0.05 0.05 0.05
  per-rule acc: 0.08 0.03
Epoch 680 | Train: Loss=0.0101 Acc=99.8% | Test: Acc=8.7% | Best=8.7%(@680)
  from x3: 0.10 0.10 0.09 0.09 0.09 0.09 0.09 0.09 0.09 0.09 0.09 0.09 0.09 0.09 0.09 0.09 0.09 0.09 0.09 0.09 0.08 0.09 0.08 0.08 0.08 0.08 0.09 0.08 0.08
  per-rule acc: 0.13 0.05
Epoch 700 | Train: Loss=0.0022 Acc=100.0% | Test: Acc=8.0% | Best=8.7%(@680)
  from x3: 0.09 0.09 0.09 0.08 0.08 0.08 0.08 0.08 0.08 0.08 0.08 0.08 0.08 0.08 0.08 0.08 0.08 0.08 0.08 0.08 0.08 0.08 0.08 0.08 0.08 0.08 0.08 0.08 0.08
  per-rule acc: 0.12 0.04
Epoch 720 | Train: Loss=0.0021 Acc=100.0% | Test: Acc=6.5% | Best=8.7%(@680)
  from x3: 0.09 0.08 0.07 0.07 0.07 0.07 0.07 0.06 0.06 0.07 0.07 0.07 0.06 0.07 0.06 0.06 0.06 0.06 0.06 0.06 0.06 0.06 0.06 0.06 0.06 0.06 0.06 0.06 0.06
  per-rule acc: 0.09 0.04
Epoch 740 | Train: Loss=0.0018 Acc=100.0% | Test: Acc=7.2% | Best=8.7%(@680)
  from x3: 0.09 0.09 0.08 0.08 0.07 0.07 0.07 0.07 0.07 0.07 0.07 0.07 0.07 0.07 0.07 0.07 0.07 0.07 0.07 0.07 0.07 0.07 0.07 0.07 0.07 0.07 0.07 0.07 0.07
  per-rule acc: 0.10 0.04
Epoch 760 | Train: Loss=0.0021 Acc=100.0% | Test: Acc=7.0% | Best=8.7%(@680)
  from x3: 0.09 0.08 0.08 0.07 0.07 0.07 0.07 0.07 0.07 0.07 0.07 0.07 0.07 0.07 0.07 0.07 0.07 0.07 0.07 0.07 0.07 0.07 0.07 0.07 0.07 0.07 0.07 0.07 0.06
  per-rule acc: 0.10 0.04
Epoch 780 | Train: Loss=0.0022 Acc=100.0% | Test: Acc=6.8% | Best=8.7%(@680)
  from x3: 0.08 0.07 0.07 0.07 0.07 0.07 0.07 0.07 0.07 0.07 0.07 0.07 0.07 0.07 0.07 0.07 0.07 0.07 0.07 0.07 0.07 0.07 0.07 0.07 0.07 0.06 0.06 0.07 0.06
  per-rule acc: 0.08 0.05
Epoch 800 | Train: Loss=0.0016 Acc=100.0% | Test: Acc=7.8% | Best=8.7%(@680)
  from x3: 0.09 0.09 0.09 0.08 0.08 0.08 0.08 0.08 0.08 0.08 0.08 0.08 0.08 0.08 0.08 0.08 0.07 0.07 0.07 0.07 0.07 0.08 0.08 0.08 0.08 0.08 0.07 0.07 0.07
  per-rule acc: 0.11 0.05
Epoch 820 | Train: Loss=0.0020 Acc=100.0% | Test: Acc=7.3% | Best=8.7%(@680)
  from x3: 0.09 0.08 0.08 0.08 0.08 0.08 0.08 0.07 0.08 0.07 0.07 0.07 0.07 0.07 0.07 0.07 0.07 0.07 0.07 0.07 0.07 0.07 0.07 0.07 0.07 0.07 0.07 0.07 0.07
  per-rule acc: 0.10 0.05
Epoch 840 | Train: Loss=0.0015 Acc=100.0% | Test: Acc=8.6% | Best=8.7%(@680)
  from x3: 0.10 0.09 0.09 0.09 0.09 0.09 0.09 0.09 0.09 0.09 0.08 0.08 0.08 0.08 0.08 0.08 0.08 0.08 0.08 0.08 0.08 0.08 0.08 0.08 0.08 0.08 0.08 0.08 0.08
  per-rule acc: 0.12 0.05
Epoch 860 | Train: Loss=0.0020 Acc=100.0% | Test: Acc=7.7% | Best=8.7%(@680)
  from x3: 0.09 0.09 0.09 0.08 0.08 0.08 0.08 0.08 0.08 0.08 0.07 0.08 0.07 0.08 0.08 0.08 0.08 0.08 0.08 0.07 0.08 0.08 0.08 0.08 0.07 0.07 0.07 0.07 0.07
  per-rule acc: 0.11 0.05
Epoch 880 | Train: Loss=0.0169 Acc=99.7% | Test: Acc=9.0% | Best=9.0%(@880)
  from x3: 0.10 0.10 0.09 0.09 0.09 0.09 0.09 0.09 0.09 0.09 0.09 0.09 0.09 0.09 0.09 0.09 0.09 0.09 0.09 0.09 0.09 0.09 0.09 0.09 0.09 0.09 0.09 0.09 0.09
  per-rule acc: 0.13 0.05
Epoch 900 | Train: Loss=0.0017 Acc=100.0% | Test: Acc=7.9% | Best=9.0%(@880)
  from x3: 0.10 0.10 0.09 0.08 0.08 0.08 0.08 0.08 0.08 0.08 0.08 0.08 0.08 0.08 0.08 0.08 0.08 0.08 0.08 0.08 0.08 0.08 0.08 0.08 0.07 0.08 0.07 0.07 0.07
  per-rule acc: 0.10 0.05
Epoch 920 | Train: Loss=0.0064 Acc=99.9% | Test: Acc=9.2% | Best=9.2%(@920)
  from x3: 0.10 0.11 0.10 0.10 0.09 0.09 0.09 0.09 0.09 0.09 0.09 0.09 0.09 0.09 0.09 0.09 0.09 0.09 0.09 0.09 0.09 0.09 0.09 0.09 0.09 0.09 0.09 0.09 0.09
  per-rule acc: 0.12 0.06
Epoch 940 | Train: Loss=0.0018 Acc=100.0% | Test: Acc=8.3% | Best=9.2%(@920)
  from x3: 0.10 0.10 0.08 0.08 0.09 0.08 0.08 0.08 0.08 0.08 0.08 0.08 0.08 0.08 0.08 0.08 0.08 0.08 0.08 0.08 0.08 0.08 0.08 0.08 0.08 0.08 0.08 0.08 0.08
  per-rule acc: 0.11 0.06
Epoch 960 | Train: Loss=0.1006 Acc=99.0% | Test: Acc=9.5% | Best=9.5%(@960)
  from x3: 0.10 0.10 0.10 0.10 0.09 0.09 0.09 0.09 0.09 0.10 0.10 0.10 0.09 0.10 0.10 0.10 0.09 0.09 0.09 0.09 0.09 0.09 0.09 0.09 0.09 0.09 0.09 0.09 0.09
  per-rule acc: 0.13 0.06
Epoch 980 | Train: Loss=0.0016 Acc=100.0% | Test: Acc=8.8% | Best=9.5%(@960)
  from x3: 0.10 0.10 0.09 0.09 0.09 0.09 0.09 0.09 0.09 0.09 0.09 0.09 0.09 0.09 0.09 0.09 0.09 0.09 0.09 0.08 0.09 0.08 0.08 0.08 0.08 0.08 0.08 0.08 0.08
  per-rule acc: 0.12 0.06
Epoch 1000 | Train: Loss=0.0021 Acc=100.0% | Test: Acc=7.9% | Best=9.5%(@960)
  from x3: 0.09 0.09 0.08 0.08 0.08 0.08 0.08 0.08 0.08 0.08 0.08 0.08 0.08 0.08 0.08 0.08 0.08 0.08 0.08 0.08 0.08 0.08 0.08 0.08 0.08 0.08 0.08 0.08 0.08
  per-rule acc: 0.10 0.06
Epoch 1020 | Train: Loss=0.0014 Acc=100.0% | Test: Acc=10.0% | Best=10.0%(@1020)
  from x3: 0.11 0.11 0.11 0.10 0.10 0.10 0.10 0.10 0.10 0.10 0.10 0.10 0.10 0.10 0.10 0.10 0.10 0.10 0.10 0.10 0.10 0.10 0.10 0.10 0.10 0.10 0.10 0.10 0.10
  per-rule acc: 0.13 0.07
Epoch 1040 | Train: Loss=0.0020 Acc=100.0% | Test: Acc=8.1% | Best=10.0%(@1020)
  from x3: 0.10 0.10 0.09 0.09 0.08 0.08 0.08 0.08 0.08 0.08 0.08 0.08 0.08 0.08 0.08 0.08 0.08 0.08 0.08 0.08 0.08 0.08 0.08 0.08 0.08 0.08 0.08 0.08 0.08
  per-rule acc: 0.10 0.06
Epoch 1060 | Train: Loss=0.3281 Acc=97.6% | Test: Acc=10.2% | Best=10.2%(@1060)
  from x3: 0.10 0.11 0.10 0.10 0.10 0.11 0.10 0.10 0.10 0.10 0.10 0.10 0.10 0.10 0.10 0.10 0.10 0.10 0.10 0.10 0.10 0.10 0.10 0.10 0.10 0.10 0.10 0.10 0.10
  per-rule acc: 0.13 0.07
Epoch 1080 | Train: Loss=0.0014 Acc=100.0% | Test: Acc=9.2% | Best=10.2%(@1060)
  from x3: 0.10 0.10 0.10 0.10 0.10 0.09 0.09 0.09 0.09 0.09 0.09 0.09 0.09 0.09 0.09 0.09 0.09 0.09 0.09 0.09 0.09 0.09 0.09 0.09 0.09 0.09 0.09 0.09 0.09
  per-rule acc: 0.11 0.07
Epoch 1100 | Train: Loss=0.0019 Acc=100.0% | Test: Acc=8.7% | Best=10.2%(@1060)
  from x3: 0.10 0.10 0.09 0.09 0.09 0.09 0.09 0.09 0.09 0.09 0.09 0.09 0.09 0.09 0.09 0.09 0.09 0.09 0.09 0.08 0.08 0.08 0.08 0.08 0.08 0.08 0.08 0.08 0.08
  per-rule acc: 0.10 0.07
Epoch 1120 | Train: Loss=0.0014 Acc=100.0% | Test: Acc=9.4% | Best=10.2%(@1060)
  from x3: 0.11 0.11 0.10 0.10 0.10 0.10 0.09 0.09 0.09 0.09 0.09 0.09 0.09 0.09 0.09 0.09 0.09 0.09 0.09 0.09 0.09 0.09 0.09 0.09 0.09 0.09 0.09 0.09 0.09
  per-rule acc: 0.12 0.07
Epoch 1140 | Train: Loss=0.0019 Acc=100.0% | Test: Acc=9.0% | Best=10.2%(@1060)
  from x3: 0.11 0.10 0.09 0.10 0.09 0.09 0.09 0.09 0.09 0.09 0.09 0.09 0.09 0.09 0.09 0.09 0.09 0.09 0.09 0.09 0.09 0.09 0.09 0.09 0.09 0.09 0.09 0.09 0.09
  per-rule acc: 0.11 0.07
Epoch 1160 | Train: Loss=0.3555 Acc=97.6% | Test: Acc=10.3% | Best=10.3%(@1160)
  from x3: 0.11 0.11 0.10 0.10 0.10 0.10 0.10 0.10 0.11 0.10 0.10 0.10 0.10 0.10 0.10 0.11 0.11 0.10 0.10 0.10 0.10 0.10 0.10 0.10 0.10 0.10 0.10 0.10 0.10
  per-rule acc: 0.12 0.09
Epoch 1180 | Train: Loss=0.0014 Acc=100.0% | Test: Acc=9.3% | Best=10.3%(@1160)
  from x3: 0.11 0.11 0.10 0.10 0.09 0.09 0.09 0.09 0.09 0.09 0.09 0.09 0.09 0.09 0.09 0.09 0.09 0.09 0.09 0.09 0.09 0.09 0.09 0.09 0.09 0.09 0.09 0.09 0.09
  per-rule acc: 0.12 0.06
Epoch 1200 | Train: Loss=0.0020 Acc=100.0% | Test: Acc=8.8% | Best=10.3%(@1160)
  from x3: 0.10 0.10 0.09 0.09 0.09 0.09 0.09 0.09 0.09 0.09 0.09 0.09 0.09 0.09 0.09 0.09 0.09 0.09 0.09 0.09 0.09 0.09 0.09 0.09 0.09 0.09 0.09 0.08 0.08
  per-rule acc: 0.11 0.07
Epoch 1220 | Train: Loss=0.0020 Acc=100.0% | Test: Acc=8.9% | Best=10.3%(@1160)
  from x3: 0.10 0.10 0.09 0.09 0.09 0.09 0.09 0.09 0.09 0.09 0.09 0.09 0.09 0.09 0.09 0.09 0.09 0.09 0.09 0.09 0.09 0.09 0.09 0.09 0.09 0.09 0.09 0.09 0.08
  per-rule acc: 0.10 0.08
Epoch 1240 | Train: Loss=0.0015 Acc=100.0% | Test: Acc=10.1% | Best=10.3%(@1160)
  from x3: 0.12 0.12 0.11 0.10 0.10 0.11 0.10 0.10 0.10 0.10 0.10 0.10 0.10 0.10 0.10 0.10 0.10 0.10 0.10 0.10 0.10 0.10 0.10 0.10 0.10 0.10 0.10 0.10 0.10
  per-rule acc: 0.13 0.07
Epoch 1260 | Train: Loss=0.0020 Acc=100.0% | Test: Acc=9.5% | Best=10.3%(@1160)
  from x3: 0.10 0.11 0.10 0.10 0.10 0.10 0.10 0.09 0.10 0.09 0.09 0.09 0.10 0.09 0.09 0.09 0.09 0.09 0.09 0.09 0.09 0.09 0.09 0.09 0.09 0.09 0.09 0.09 0.09
  per-rule acc: 0.12 0.08
Epoch 1280 | Train: Loss=0.0014 Acc=100.0% | Test: Acc=10.7% | Best=10.7%(@1280)
  from x3: 0.12 0.12 0.12 0.11 0.11 0.11 0.11 0.11 0.11 0.11 0.11 0.11 0.11 0.11 0.11 0.10 0.10 0.10 0.10 0.10 0.10 0.10 0.10 0.10 0.10 0.10 0.10 0.10 0.10
  per-rule acc: 0.14 0.08
Epoch 1300 | Train: Loss=0.0020 Acc=100.0% | Test: Acc=9.0% | Best=10.7%(@1280)
  from x3: 0.10 0.10 0.10 0.09 0.09 0.09 0.09 0.09 0.09 0.09 0.09 0.09 0.09 0.09 0.09 0.09 0.09 0.09 0.09 0.09 0.09 0.09 0.09 0.09 0.09 0.09 0.09 0.09 0.09
  per-rule acc: 0.11 0.07
Epoch 1320 | Train: Loss=0.0020 Acc=100.0% | Test: Acc=9.2% | Best=10.7%(@1280)
  from x3: 0.10 0.10 0.10 0.09 0.10 0.09 0.09 0.09 0.09 0.09 0.09 0.09 0.09 0.09 0.09 0.09 0.09 0.09 0.09 0.09 0.09 0.09 0.09 0.09 0.09 0.09 0.09 0.09 0.09
  per-rule acc: 0.10 0.09
Epoch 1340 | Train: Loss=0.0013 Acc=100.0% | Test: Acc=10.7% | Best=10.7%(@1340)
  from x3: 0.12 0.12 0.11 0.11 0.11 0.11 0.11 0.11 0.11 0.11 0.11 0.11 0.11 0.11 0.10 0.10 0.10 0.10 0.10 0.11 0.11 0.11 0.10 0.11 0.10 0.10 0.10 0.10 0.10
  per-rule acc: 0.13 0.08
Epoch 1360 | Train: Loss=0.0017 Acc=100.0% | Test: Acc=9.5% | Best=10.7%(@1340)
  from x3: 0.11 0.10 0.10 0.10 0.10 0.10 0.10 0.10 0.10 0.10 0.10 0.10 0.09 0.09 0.09 0.09 0.09 0.09 0.09 0.09 0.09 0.09 0.09 0.09 0.09 0.09 0.09 0.09 0.09
  per-rule acc: 0.11 0.08
Epoch 1380 | Train: Loss=0.0019 Acc=100.0% | Test: Acc=9.7% | Best=10.7%(@1340)
  from x3: 0.10 0.11 0.10 0.10 0.10 0.10 0.10 0.10 0.10 0.10 0.10 0.10 0.10 0.10 0.10 0.10 0.10 0.10 0.10 0.10 0.09 0.10 0.09 0.10 0.10 0.10 0.10 0.10 0.10
  per-rule acc: 0.10 0.09
Epoch 1400 | Train: Loss=0.0013 Acc=100.0% | Test: Acc=11.3% | Best=11.3%(@1400)
  from x3: 0.12 0.12 0.12 0.12 0.12 0.11 0.11 0.11 0.11 0.11 0.11 0.11 0.11 0.11 0.11 0.11 0.11 0.11 0.11 0.11 0.11 0.11 0.11 0.11 0.11 0.11 0.11 0.11 0.11
  per-rule acc: 0.14 0.08
Epoch 1420 | Train: Loss=0.0017 Acc=100.0% | Test: Acc=10.4% | Best=11.3%(@1400)
  from x3: 0.11 0.11 0.11 0.11 0.11 0.11 0.11 0.11 0.10 0.10 0.10 0.10 0.10 0.10 0.10 0.10 0.10 0.10 0.10 0.10 0.10 0.10 0.10 0.10 0.10 0.10 0.10 0.10 0.10
  per-rule acc: 0.12 0.09
Epoch 1440 | Train: Loss=0.1076 Acc=98.4% | Test: Acc=12.5% | Best=12.5%(@1440)
  from x3: 0.13 0.13 0.12 0.12 0.13 0.12 0.13 0.13 0.13 0.13 0.13 0.12 0.13 0.12 0.12 0.12 0.12 0.13 0.12 0.12 0.12 0.13 0.12 0.12 0.12 0.12 0.13 0.13 0.12
  per-rule acc: 0.15 0.10
Epoch 1460 | Train: Loss=0.0014 Acc=100.0% | Test: Acc=11.1% | Best=12.5%(@1440)
  from x3: 0.12 0.12 0.12 0.12 0.12 0.11 0.11 0.11 0.11 0.11 0.11 0.11 0.11 0.11 0.11 0.11 0.11 0.11 0.11 0.11 0.11 0.11 0.11 0.11 0.11 0.11 0.11 0.11 0.11
  per-rule acc: 0.14 0.09
Epoch 1480 | Train: Loss=0.0018 Acc=100.0% | Test: Acc=10.9% | Best=12.5%(@1440)
  from x3: 0.11 0.11 0.11 0.11 0.11 0.11 0.11 0.11 0.11 0.11 0.11 0.11 0.11 0.11 0.11 0.11 0.11 0.11 0.11 0.11 0.11 0.11 0.11 0.11 0.11 0.11 0.11 0.11 0.11
  per-rule acc: 0.13 0.09
Epoch 1500 | Train: Loss=0.0956 Acc=98.5% | Test: Acc=12.2% | Best=12.5%(@1440)
  from x3: 0.13 0.13 0.13 0.12 0.12 0.13 0.12 0.12 0.12 0.12 0.12 0.12 0.12 0.12 0.12 0.12 0.12 0.12 0.12 0.12 0.12 0.12 0.12 0.12 0.12 0.12 0.12 0.12 0.12
  per-rule acc: 0.15 0.09
Epoch 1520 | Train: Loss=0.0014 Acc=100.0% | Test: Acc=11.4% | Best=12.5%(@1440)
  from x3: 0.13 0.13 0.12 0.12 0.12 0.11 0.12 0.12 0.11 0.11 0.11 0.11 0.11 0.11 0.11 0.11 0.11 0.11 0.11 0.11 0.11 0.11 0.11 0.11 0.11 0.11 0.11 0.11 0.11
  per-rule acc: 0.14 0.09
Epoch 1540 | Train: Loss=0.0019 Acc=100.0% | Test: Acc=11.0% | Best=12.5%(@1440)
  from x3: 0.12 0.12 0.12 0.12 0.11 0.11 0.11 0.11 0.11 0.11 0.11 0.11 0.11 0.11 0.11 0.11 0.11 0.11 0.11 0.11 0.11 0.11 0.11 0.11 0.11 0.11 0.11 0.11 0.11
  per-rule acc: 0.12 0.10
Epoch 1560 | Train: Loss=0.0382 Acc=99.6% | Test: Acc=12.4% | Best=12.5%(@1440)
  from x3: 0.13 0.13 0.12 0.13 0.13 0.13 0.12 0.12 0.12 0.12 0.12 0.12 0.12 0.12 0.12 0.12 0.12 0.12 0.12 0.12 0.12 0.12 0.12 0.12 0.12 0.12 0.12 0.12 0.12
  per-rule acc: 0.15 0.10
Epoch 1580 | Train: Loss=0.0014 Acc=100.0% | Test: Acc=11.6% | Best=12.5%(@1440)
  from x3: 0.12 0.12 0.12 0.12 0.12 0.12 0.12 0.11 0.12 0.12 0.12 0.12 0.12 0.12 0.12 0.12 0.12 0.12 0.12 0.12 0.12 0.12 0.12 0.12 0.11 0.12 0.12 0.12 0.12
  per-rule acc: 0.14 0.09
Epoch 1600 | Train: Loss=0.0018 Acc=100.0% | Test: Acc=11.4% | Best=12.5%(@1440)
  from x3: 0.12 0.12 0.12 0.12 0.12 0.12 0.12 0.12 0.11 0.11 0.11 0.11 0.11 0.11 0.11 0.11 0.11 0.11 0.11 0.11 0.11 0.11 0.11 0.11 0.11 0.11 0.11 0.11 0.11
  per-rule acc: 0.13 0.10
Epoch 1620 | Train: Loss=0.0014 Acc=100.0% | Test: Acc=12.4% | Best=12.5%(@1440)
  from x3: 0.13 0.13 0.13 0.13 0.12 0.12 0.12 0.12 0.12 0.12 0.12 0.12 0.12 0.12 0.12 0.12 0.12 0.12 0.12 0.12 0.12 0.12 0.12 0.12 0.12 0.12 0.12 0.12 0.12
  per-rule acc: 0.15 0.10
Epoch 1640 | Train: Loss=0.0017 Acc=100.0% | Test: Acc=11.6% | Best=12.5%(@1440)
  from x3: 0.12 0.13 0.12 0.12 0.12 0.12 0.12 0.12 0.12 0.12 0.12 0.12 0.11 0.11 0.11 0.11 0.11 0.11 0.12 0.12 0.11 0.11 0.11 0.11 0.12 0.11 0.11 0.11 0.11
  per-rule acc: 0.13 0.10
Epoch 1660 | Train: Loss=0.0018 Acc=100.0% | Test: Acc=11.6% | Best=12.5%(@1440)
  from x3: 0.12 0.12 0.12 0.12 0.12 0.12 0.11 0.11 0.11 0.11 0.11 0.11 0.12 0.11 0.12 0.12 0.12 0.12 0.12 0.12 0.12 0.12 0.12 0.12 0.12 0.11 0.11 0.11 0.11
  per-rule acc: 0.13 0.11
Epoch 1680 | Train: Loss=0.0013 Acc=100.0% | Test: Acc=12.9% | Best=12.9%(@1680)
  from x3: 0.13 0.14 0.13 0.13 0.13 0.13 0.13 0.13 0.13 0.13 0.13 0.13 0.13 0.13 0.13 0.13 0.13 0.13 0.13 0.13 0.13 0.13 0.13 0.13 0.13 0.13 0.13 0.13 0.13
  per-rule acc: 0.16 0.10
Epoch 1700 | Train: Loss=0.0017 Acc=100.0% | Test: Acc=12.1% | Best=12.9%(@1680)
  from x3: 0.13 0.13 0.13 0.12 0.12 0.12 0.12 0.12 0.12 0.12 0.12 0.12 0.12 0.12 0.12 0.12 0.12 0.12 0.12 0.12 0.12 0.12 0.12 0.12 0.12 0.12 0.12 0.12 0.12
  per-rule acc: 0.15 0.10
Epoch 1720 | Train: Loss=0.0046 Acc=99.9% | Test: Acc=13.2% | Best=13.2%(@1720)
  from x3: 0.13 0.14 0.13 0.13 0.13 0.13 0.13 0.13 0.14 0.13 0.13 0.13 0.13 0.13 0.13 0.13 0.13 0.13 0.13 0.13 0.13 0.13 0.13 0.13 0.13 0.13 0.13 0.13 0.13
  per-rule acc: 0.16 0.10
Epoch 1740 | Train: Loss=0.0014 Acc=100.0% | Test: Acc=12.6% | Best=13.2%(@1720)
  from x3: 0.13 0.13 0.13 0.13 0.13 0.13 0.13 0.13 0.13 0.13 0.13 0.13 0.13 0.12 0.13 0.13 0.13 0.12 0.12 0.12 0.12 0.12 0.12 0.12 0.12 0.12 0.12 0.12 0.12
  per-rule acc: 0.15 0.11
Epoch 1760 | Train: Loss=0.0017 Acc=100.0% | Test: Acc=12.3% | Best=13.2%(@1720)
  from x3: 0.13 0.13 0.13 0.12 0.13 0.13 0.13 0.12 0.12 0.12 0.12 0.12 0.12 0.12 0.12 0.12 0.12 0.12 0.12 0.12 0.12 0.12 0.12 0.12 0.12 0.12 0.12 0.12 0.12
  per-rule acc: 0.13 0.11
Epoch 1780 | Train: Loss=0.0018 Acc=100.0% | Test: Acc=13.4% | Best=13.4%(@1780)
  from x3: 0.14 0.14 0.14 0.13 0.14 0.14 0.13 0.13 0.13 0.13 0.13 0.13 0.13 0.13 0.13 0.13 0.13 0.13 0.13 0.13 0.13 0.13 0.13 0.13 0.13 0.13 0.13 0.13 0.13
  per-rule acc: 0.15 0.11
Epoch 1800 | Train: Loss=0.0015 Acc=100.0% | Test: Acc=12.3% | Best=13.4%(@1780)
  from x3: 0.13 0.13 0.13 0.12 0.13 0.12 0.12 0.12 0.12 0.12 0.12 0.12 0.12 0.12 0.12 0.12 0.12 0.12 0.12 0.12 0.12 0.12 0.12 0.12 0.12 0.12 0.12 0.12 0.12
  per-rule acc: 0.14 0.10
Epoch 1820 | Train: Loss=0.0018 Acc=100.0% | Test: Acc=12.1% | Best=13.4%(@1780)
  from x3: 0.13 0.12 0.12 0.13 0.12 0.12 0.12 0.12 0.12 0.12 0.12 0.12 0.12 0.12 0.12 0.12 0.12 0.12 0.12 0.12 0.12 0.12 0.12 0.12 0.12 0.12 0.12 0.12 0.12
  per-rule acc: 0.13 0.11
Epoch 1840 | Train: Loss=0.0014 Acc=100.0% | Test: Acc=13.5% | Best=13.5%(@1840)
  from x3: 0.14 0.15 0.14 0.14 0.13 0.14 0.14 0.13 0.13 0.13 0.13 0.13 0.13 0.13 0.13 0.13 0.13 0.13 0.13 0.13 0.13 0.13 0.13 0.13 0.13 0.13 0.13 0.13 0.13
  per-rule acc: 0.16 0.11
Epoch 1860 | Train: Loss=0.0016 Acc=100.0% | Test: Acc=12.9% | Best=13.5%(@1840)
  from x3: 0.13 0.14 0.13 0.13 0.13 0.13 0.13 0.13 0.13 0.13 0.13 0.13 0.13 0.13 0.13 0.13 0.13 0.13 0.13 0.13 0.13 0.13 0.13 0.13 0.13 0.13 0.13 0.13 0.13
  per-rule acc: 0.15 0.11
Epoch 1880 | Train: Loss=0.0018 Acc=100.0% | Test: Acc=12.5% | Best=13.5%(@1840)
  from x3: 0.13 0.13 0.13 0.13 0.13 0.13 0.13 0.13 0.12 0.12 0.12 0.12 0.12 0.12 0.13 0.12 0.12 0.12 0.12 0.12 0.12 0.12 0.12 0.12 0.12 0.12 0.12 0.12 0.12
  per-rule acc: 0.13 0.12
Epoch 1900 | Train: Loss=0.0116 Acc=99.8% | Test: Acc=14.5% | Best=14.5%(@1900)
  from x3: 0.15 0.14 0.14 0.14 0.15 0.15 0.14 0.15 0.15 0.15 0.15 0.15 0.15 0.15 0.15 0.15 0.15 0.15 0.15 0.15 0.14 0.14 0.14 0.14 0.14 0.14 0.14 0.14 0.14
  per-rule acc: 0.18 0.11
Epoch 1920 | Train: Loss=0.0015 Acc=100.0% | Test: Acc=13.6% | Best=14.5%(@1900)
  from x3: 0.14 0.14 0.14 0.14 0.14 0.14 0.14 0.14 0.14 0.14 0.14 0.14 0.14 0.14 0.14 0.14 0.14 0.14 0.14 0.14 0.13 0.13 0.13 0.13 0.13 0.13 0.13 0.13 0.13
  per-rule acc: 0.16 0.11
Epoch 1940 | Train: Loss=0.0018 Acc=100.0% | Test: Acc=13.3% | Best=14.5%(@1900)
  from x3: 0.13 0.13 0.14 0.13 0.13 0.13 0.13 0.13 0.13 0.13 0.13 0.13 0.13 0.13 0.13 0.13 0.13 0.13 0.13 0.13 0.13 0.13 0.13 0.13 0.13 0.13 0.13 0.13 0.13
  per-rule acc: 0.14 0.12
Epoch 1960 | Train: Loss=0.0378 Acc=99.4% | Test: Acc=13.7% | Best=14.5%(@1900)
  from x3: 0.13 0.14 0.14 0.13 0.14 0.14 0.13 0.14 0.14 0.14 0.14 0.14 0.14 0.14 0.14 0.14 0.14 0.14 0.14 0.14 0.14 0.14 0.14 0.14 0.14 0.14 0.14 0.14 0.14
  per-rule acc: 0.16 0.11
Epoch 1980 | Train: Loss=0.0013 Acc=100.0% | Test: Acc=13.7% | Best=14.5%(@1900)
  from x3: 0.14 0.14 0.14 0.14 0.14 0.14 0.13 0.14 0.14 0.14 0.14 0.14 0.14 0.14 0.14 0.14 0.14 0.14 0.14 0.14 0.14 0.14 0.14 0.14 0.13 0.14 0.13 0.13 0.13
  per-rule acc: 0.16 0.11
Epoch 2000 | Train: Loss=0.0017 Acc=100.0% | Test: Acc=13.1% | Best=14.5%(@1900)
  from x3: 0.14 0.14 0.14 0.13 0.14 0.13 0.13 0.13 0.13 0.13 0.13 0.13 0.13 0.13 0.13 0.13 0.13 0.13 0.13 0.13 0.13 0.13 0.13 0.13 0.13 0.13 0.13 0.13 0.13
  per-rule acc: 0.15 0.12
Epoch 2020 | Train: Loss=0.0021 Acc=100.0% | Test: Acc=14.1% | Best=14.5%(@1900)
  from x3: 0.15 0.15 0.15 0.14 0.14 0.14 0.14 0.14 0.14 0.14 0.14 0.14 0.14 0.14 0.14 0.14 0.14 0.14 0.14 0.14 0.14 0.14 0.14 0.14 0.14 0.14 0.14 0.14 0.14
  per-rule acc: 0.16 0.12
Epoch 2040 | Train: Loss=0.0014 Acc=100.0% | Test: Acc=13.7% | Best=14.5%(@1900)
  from x3: 0.14 0.15 0.14 0.14 0.14 0.14 0.14 0.13 0.14 0.14 0.14 0.14 0.14 0.14 0.14 0.14 0.14 0.14 0.14 0.14 0.14 0.13 0.14 0.14 0.14 0.13 0.14 0.13 0.14
  per-rule acc: 0.15 0.12
Epoch 2060 | Train: Loss=0.0018 Acc=100.0% | Test: Acc=13.3% | Best=14.5%(@1900)
  from x3: 0.13 0.13 0.14 0.14 0.14 0.14 0.13 0.14 0.14 0.13 0.13 0.13 0.13 0.13 0.13 0.13 0.13 0.13 0.13 0.13 0.13 0.13 0.13 0.13 0.13 0.13 0.13 0.13 0.13
  per-rule acc: 0.14 0.12
Epoch 2080 | Train: Loss=0.0012 Acc=100.0% | Test: Acc=15.7% | Best=15.7%(@2080)
  from x3: 0.16 0.16 0.16 0.16 0.16 0.16 0.16 0.16 0.16 0.16 0.16 0.16 0.16 0.16 0.16 0.16 0.16 0.16 0.15 0.15 0.15 0.15 0.15 0.15 0.15 0.15 0.15 0.15 0.15
  per-rule acc: 0.18 0.13
Epoch 2100 | Train: Loss=0.0015 Acc=100.0% | Test: Acc=14.1% | Best=15.7%(@2080)
  from x3: 0.14 0.14 0.14 0.14 0.14 0.14 0.14 0.14 0.14 0.14 0.14 0.14 0.14 0.14 0.14 0.14 0.14 0.14 0.14 0.14 0.14 0.14 0.14 0.14 0.14 0.14 0.14 0.14 0.14
  per-rule acc: 0.16 0.12
Epoch 2120 | Train: Loss=0.0017 Acc=100.0% | Test: Acc=13.7% | Best=15.7%(@2080)
  from x3: 0.13 0.14 0.14 0.14 0.14 0.14 0.14 0.14 0.14 0.14 0.14 0.14 0.14 0.14 0.14 0.14 0.14 0.14 0.14 0.14 0.14 0.14 0.14 0.14 0.14 0.14 0.14 0.13 0.13
  per-rule acc: 0.15 0.13
Epoch 2140 | Train: Loss=0.0013 Acc=100.0% | Test: Acc=16.0% | Best=16.0%(@2140)
  from x3: 0.16 0.16 0.16 0.16 0.16 0.16 0.16 0.16 0.16 0.16 0.16 0.16 0.16 0.16 0.16 0.16 0.16 0.16 0.16 0.16 0.16 0.16 0.16 0.16 0.16 0.16 0.16 0.16 0.16
  per-rule acc: 0.18 0.14
Epoch 2160 | Train: Loss=0.0015 Acc=100.0% | Test: Acc=15.0% | Best=16.0%(@2140)
  from x3: 0.15 0.14 0.15 0.15 0.15 0.15 0.15 0.15 0.15 0.15 0.15 0.15 0.15 0.15 0.15 0.15 0.15 0.15 0.15 0.15 0.15 0.15 0.15 0.15 0.15 0.15 0.15 0.15 0.15
  per-rule acc: 0.16 0.14
Epoch 2180 | Train: Loss=0.0068 Acc=99.9% | Test: Acc=15.6% | Best=16.0%(@2140)
  from x3: 0.15 0.16 0.16 0.16 0.16 0.16 0.15 0.16 0.15 0.16 0.16 0.16 0.16 0.15 0.16 0.16 0.16 0.16 0.16 0.16 0.16 0.16 0.16 0.16 0.15 0.16 0.16 0.16 0.16
  per-rule acc: 0.19 0.12
Epoch 2200 | Train: Loss=0.0014 Acc=100.0% | Test: Acc=15.0% | Best=16.0%(@2140)
  from x3: 0.15 0.15 0.15 0.15 0.15 0.15 0.15 0.15 0.15 0.15 0.15 0.15 0.15 0.15 0.15 0.15 0.15 0.15 0.15 0.15 0.15 0.15 0.15 0.15 0.15 0.15 0.15 0.15 0.15
  per-rule acc: 0.17 0.13
Epoch 2220 | Train: Loss=0.0017 Acc=100.0% | Test: Acc=14.5% | Best=16.0%(@2140)
  from x3: 0.14 0.15 0.15 0.15 0.15 0.15 0.15 0.15 0.14 0.15 0.15 0.14 0.15 0.15 0.14 0.15 0.14 0.14 0.14 0.14 0.14 0.14 0.14 0.14 0.14 0.14 0.14 0.14 0.14
  per-rule acc: 0.16 0.13
Epoch 2240 | Train: Loss=0.0013 Acc=100.0% | Test: Acc=17.0% | Best=17.0%(@2240)
  from x3: 0.16 0.17 0.17 0.17 0.17 0.17 0.17 0.17 0.17 0.17 0.17 0.17 0.17 0.17 0.17 0.17 0.17 0.17 0.17 0.17 0.17 0.17 0.17 0.17 0.17 0.17 0.17 0.17 0.17
  per-rule acc: 0.21 0.13
Epoch 2260 | Train: Loss=0.0014 Acc=100.0% | Test: Acc=15.9% | Best=17.0%(@2240)
  from x3: 0.15 0.15 0.16 0.16 0.16 0.16 0.16 0.16 0.16 0.16 0.16 0.16 0.16 0.16 0.16 0.16 0.16 0.16 0.16 0.16 0.16 0.16 0.16 0.16 0.16 0.16 0.16 0.16 0.16
  per-rule acc: 0.18 0.14
Epoch 2280 | Train: Loss=0.0017 Acc=100.0% | Test: Acc=15.6% | Best=17.0%(@2240)
  from x3: 0.15 0.16 0.16 0.16 0.16 0.16 0.16 0.16 0.16 0.16 0.16 0.16 0.16 0.16 0.16 0.16 0.15 0.16 0.16 0.16 0.16 0.16 0.16 0.15 0.15 0.15 0.15 0.15 0.15
  per-rule acc: 0.17 0.15
Epoch 2300 | Train: Loss=0.0017 Acc=100.0% | Test: Acc=16.9% | Best=17.0%(@2240)
  from x3: 0.16 0.17 0.17 0.17 0.17 0.17 0.17 0.17 0.17 0.17 0.17 0.17 0.17 0.17 0.17 0.17 0.17 0.17 0.17 0.17 0.17 0.17 0.17 0.17 0.16 0.16 0.16 0.16 0.16
  per-rule acc: 0.20 0.14
Epoch 2320 | Train: Loss=0.0014 Acc=100.0% | Test: Acc=16.2% | Best=17.0%(@2240)
  from x3: 0.15 0.16 0.16 0.16 0.17 0.17 0.17 0.17 0.17 0.17 0.16 0.17 0.16 0.16 0.16 0.16 0.16 0.16 0.16 0.16 0.16 0.16 0.16 0.16 0.16 0.16 0.16 0.16 0.16
  per-rule acc: 0.18 0.15
Epoch 2340 | Train: Loss=0.0017 Acc=100.0% | Test: Acc=15.6% | Best=17.0%(@2240)
  from x3: 0.15 0.15 0.16 0.16 0.16 0.16 0.16 0.15 0.16 0.16 0.16 0.16 0.16 0.16 0.16 0.16 0.16 0.16 0.16 0.16 0.16 0.16 0.16 0.16 0.16 0.16 0.16 0.16 0.16
  per-rule acc: 0.17 0.14
Epoch 2360 | Train: Loss=0.0014 Acc=100.0% | Test: Acc=16.6% | Best=17.0%(@2240)
  from x3: 0.17 0.17 0.17 0.17 0.17 0.17 0.17 0.17 0.17 0.17 0.17 0.17 0.17 0.17 0.16 0.17 0.17 0.17 0.17 0.16 0.16 0.16 0.16 0.16 0.17 0.16 0.16 0.16 0.16
  per-rule acc: 0.19 0.14
Epoch 2380 | Train: Loss=0.0014 Acc=100.0% | Test: Acc=15.6% | Best=17.0%(@2240)
  from x3: 0.16 0.16 0.16 0.16 0.16 0.16 0.16 0.16 0.16 0.16 0.16 0.16 0.15 0.15 0.15 0.15 0.15 0.15 0.16 0.15 0.16 0.16 0.16 0.16 0.15 0.15 0.15 0.15 0.15
  per-rule acc: 0.17 0.14
Epoch 2400 | Train: Loss=0.0017 Acc=100.0% | Test: Acc=16.0% | Best=17.0%(@2240)
  from x3: 0.16 0.16 0.16 0.16 0.16 0.16 0.16 0.16 0.16 0.16 0.16 0.16 0.16 0.16 0.16 0.16 0.16 0.16 0.16 0.16 0.16 0.16 0.16 0.16 0.16 0.16 0.16 0.16 0.16
  per-rule acc: 0.17 0.15
Epoch 2420 | Train: Loss=0.0015 Acc=100.0% | Test: Acc=17.8% | Best=17.8%(@2420)
  from x3: 0.17 0.18 0.18 0.18 0.18 0.18 0.18 0.18 0.18 0.18 0.18 0.18 0.18 0.18 0.18 0.18 0.18 0.18 0.18 0.18 0.18 0.18 0.18 0.18 0.18 0.18 0.18 0.18 0.18
  per-rule acc: 0.21 0.14
Epoch 2440 | Train: Loss=0.0015 Acc=100.0% | Test: Acc=16.8% | Best=17.8%(@2420)
  from x3: 0.16 0.17 0.17 0.17 0.17 0.17 0.17 0.17 0.17 0.17 0.17 0.17 0.17 0.17 0.17 0.17 0.17 0.17 0.17 0.17 0.17 0.17 0.17 0.17 0.17 0.17 0.17 0.17 0.17
  per-rule acc: 0.19 0.15
Epoch 2460 | Train: Loss=0.0018 Acc=100.0% | Test: Acc=16.5% | Best=17.8%(@2420)
  from x3: 0.16 0.17 0.17 0.17 0.17 0.17 0.17 0.17 0.17 0.17 0.17 0.17 0.17 0.17 0.17 0.17 0.16 0.16 0.17 0.17 0.16 0.17 0.16 0.17 0.16 0.16 0.16 0.16 0.16
  per-rule acc: 0.17 0.16
Epoch 2480 | Train: Loss=0.0041 Acc=100.0% | Test: Acc=17.3% | Best=17.8%(@2420)
  from x3: 0.17 0.18 0.17 0.18 0.18 0.18 0.18 0.17 0.17 0.18 0.17 0.17 0.17 0.17 0.17 0.17 0.17 0.17 0.17 0.17 0.17 0.17 0.17 0.17 0.17 0.17 0.17 0.17 0.17
  per-rule acc: 0.20 0.15
Epoch 2500 | Train: Loss=0.0014 Acc=100.0% | Test: Acc=16.7% | Best=17.8%(@2420)
  from x3: 0.16 0.16 0.17 0.16 0.17 0.17 0.17 0.17 0.17 0.17 0.17 0.17 0.17 0.17 0.17 0.17 0.17 0.17 0.17 0.17 0.17 0.17 0.17 0.17 0.17 0.17 0.17 0.17 0.17
  per-rule acc: 0.18 0.15
Epoch 2520 | Train: Loss=0.0017 Acc=100.0% | Test: Acc=16.1% | Best=17.8%(@2420)
  from x3: 0.16 0.16 0.16 0.16 0.16 0.16 0.16 0.16 0.16 0.16 0.16 0.16 0.16 0.16 0.16 0.16 0.16 0.16 0.16 0.16 0.16 0.16 0.16 0.16 0.16 0.16 0.16 0.16 0.16
  per-rule acc: 0.17 0.15
Epoch 2540 | Train: Loss=0.0207 Acc=99.7% | Test: Acc=17.7% | Best=17.8%(@2420)
  from x3: 0.17 0.17 0.17 0.17 0.18 0.18 0.18 0.18 0.18 0.18 0.18 0.18 0.18 0.18 0.18 0.18 0.18 0.18 0.18 0.18 0.18 0.18 0.18 0.18 0.18 0.18 0.18 0.18 0.18
  per-rule acc: 0.21 0.14
Epoch 2560 | Train: Loss=0.0011 Acc=100.0% | Test: Acc=18.3% | Best=18.3%(@2560)
  from x3: 0.18 0.18 0.19 0.19 0.19 0.19 0.19 0.19 0.19 0.19 0.18 0.18 0.18 0.18 0.18 0.18 0.18 0.18 0.18 0.18 0.18 0.18 0.18 0.18 0.18 0.18 0.18 0.18 0.18
  per-rule acc: 0.20 0.16
Epoch 2580 | Train: Loss=0.0016 Acc=100.0% | Test: Acc=17.4% | Best=18.3%(@2560)
  from x3: 0.17 0.18 0.18 0.18 0.18 0.18 0.18 0.17 0.17 0.17 0.17 0.17 0.17 0.17 0.17 0.17 0.17 0.17 0.17 0.17 0.17 0.17 0.17 0.17 0.17 0.17 0.17 0.17 0.17
  per-rule acc: 0.18 0.16
Epoch 2600 | Train: Loss=0.0404 Acc=100.0% | Test: Acc=16.0% | Best=18.3%(@2560)
  from x3: 0.15 0.16 0.16 0.15 0.16 0.16 0.16 0.16 0.16 0.16 0.16 0.16 0.16 0.16 0.16 0.16 0.16 0.16 0.16 0.16 0.16 0.16 0.16 0.16 0.16 0.16 0.16 0.16 0.16
  per-rule acc: 0.18 0.14
Epoch 2620 | Train: Loss=0.0012 Acc=100.0% | Test: Acc=18.8% | Best=18.8%(@2620)
  from x3: 0.18 0.19 0.19 0.19 0.19 0.19 0.19 0.19 0.19 0.19 0.19 0.19 0.19 0.19 0.19 0.19 0.19 0.19 0.19 0.19 0.19 0.19 0.19 0.19 0.19 0.18 0.18 0.18 0.18
  per-rule acc: 0.21 0.17
Epoch 2640 | Train: Loss=0.0015 Acc=100.0% | Test: Acc=17.6% | Best=18.8%(@2620)
  from x3: 0.18 0.18 0.18 0.18 0.18 0.18 0.17 0.17 0.17 0.17 0.17 0.17 0.18 0.18 0.18 0.18 0.17 0.18 0.18 0.18 0.18 0.18 0.18 0.18 0.18 0.18 0.18 0.17 0.17
  per-rule acc: 0.19 0.16
Epoch 2660 | Train: Loss=0.0017 Acc=100.0% | Test: Acc=17.3% | Best=18.8%(@2620)
  from x3: 0.17 0.18 0.17 0.18 0.18 0.18 0.17 0.17 0.17 0.17 0.17 0.17 0.17 0.17 0.17 0.17 0.17 0.17 0.17 0.17 0.17 0.17 0.17 0.17 0.17 0.17 0.17 0.17 0.17
  per-rule acc: 0.18 0.16
Epoch 2680 | Train: Loss=0.0012 Acc=100.0% | Test: Acc=18.1% | Best=18.8%(@2620)
  from x3: 0.19 0.19 0.19 0.19 0.19 0.18 0.18 0.18 0.18 0.18 0.18 0.18 0.18 0.18 0.18 0.18 0.18 0.18 0.18 0.18 0.18 0.18 0.18 0.18 0.18 0.18 0.18 0.18 0.18
  per-rule acc: 0.21 0.15
Epoch 2700 | Train: Loss=0.0015 Acc=100.0% | Test: Acc=17.6% | Best=18.8%(@2620)
  from x3: 0.17 0.18 0.18 0.17 0.18 0.18 0.18 0.18 0.18 0.18 0.18 0.18 0.18 0.18 0.18 0.18 0.18 0.18 0.18 0.18 0.18 0.18 0.17 0.17 0.17 0.17 0.17 0.17 0.17
  per-rule acc: 0.19 0.16
Epoch 2720 | Train: Loss=0.0017 Acc=100.0% | Test: Acc=17.2% | Best=18.8%(@2620)
  from x3: 0.16 0.17 0.17 0.17 0.17 0.17 0.17 0.17 0.17 0.17 0.17 0.17 0.17 0.17 0.17 0.17 0.17 0.17 0.17 0.17 0.17 0.17 0.17 0.17 0.17 0.17 0.17 0.17 0.17
  per-rule acc: 0.18 0.16
Epoch 2740 | Train: Loss=0.0012 Acc=100.0% | Test: Acc=18.4% | Best=18.8%(@2620)
  from x3: 0.18 0.18 0.18 0.18 0.18 0.18 0.18 0.18 0.18 0.18 0.18 0.18 0.18 0.18 0.18 0.18 0.18 0.18 0.18 0.18 0.18 0.18 0.18 0.19 0.19 0.18 0.19 0.19 0.18
  per-rule acc: 0.21 0.16
Epoch 2760 | Train: Loss=0.0013 Acc=100.0% | Test: Acc=17.7% | Best=18.8%(@2620)
  from x3: 0.18 0.18 0.18 0.17 0.18 0.18 0.18 0.18 0.18 0.18 0.18 0.18 0.18 0.18 0.18 0.18 0.18 0.18 0.18 0.18 0.18 0.18 0.18 0.18 0.18 0.18 0.17 0.18 0.17
  per-rule acc: 0.19 0.16
Epoch 2780 | Train: Loss=0.0016 Acc=100.0% | Test: Acc=17.0% | Best=18.8%(@2620)
  from x3: 0.16 0.17 0.17 0.17 0.17 0.17 0.17 0.17 0.17 0.17 0.17 0.17 0.17 0.17 0.17 0.17 0.17 0.17 0.17 0.17 0.17 0.17 0.17 0.17 0.17 0.17 0.17 0.17 0.17
  per-rule acc: 0.18 0.16
Epoch 2800 | Train: Loss=0.0018 Acc=100.0% | Test: Acc=18.5% | Best=18.8%(@2620)
  from x3: 0.18 0.18 0.19 0.19 0.18 0.19 0.19 0.18 0.18 0.18 0.18 0.19 0.19 0.19 0.19 0.19 0.19 0.19 0.19 0.18 0.19 0.19 0.19 0.19 0.19 0.18 0.19 0.18 0.18
  per-rule acc: 0.22 0.15
Epoch 2820 | Train: Loss=0.0014 Acc=100.0% | Test: Acc=17.3% | Best=18.8%(@2620)
  from x3: 0.17 0.17 0.18 0.17 0.17 0.17 0.18 0.18 0.17 0.17 0.17 0.17 0.17 0.17 0.17 0.17 0.17 0.17 0.17 0.17 0.17 0.17 0.17 0.17 0.17 0.17 0.17 0.17 0.17
  per-rule acc: 0.19 0.16
Epoch 2840 | Train: Loss=0.0017 Acc=100.0% | Test: Acc=16.9% | Best=18.8%(@2620)
  from x3: 0.17 0.17 0.17 0.17 0.17 0.17 0.17 0.17 0.17 0.17 0.17 0.17 0.17 0.17 0.17 0.17 0.17 0.17 0.17 0.17 0.17 0.17 0.17 0.17 0.17 0.17 0.17 0.17 0.17
  per-rule acc: 0.17 0.16
Epoch 2860 | Train: Loss=0.0044 Acc=100.0% | Test: Acc=21.3% | Best=21.3%(@2860)
  from x3: 0.21 0.21 0.22 0.21 0.21 0.21 0.21 0.21 0.21 0.22 0.21 0.21 0.21 0.21 0.21 0.21 0.21 0.21 0.21 0.21 0.21 0.21 0.21 0.21 0.21 0.21 0.21 0.21 0.21
  per-rule acc: 0.26 0.17
Epoch 2880 | Train: Loss=0.0012 Acc=100.0% | Test: Acc=18.0% | Best=21.3%(@2860)
  from x3: 0.18 0.19 0.19 0.18 0.18 0.18 0.18 0.18 0.18 0.18 0.18 0.18 0.18 0.18 0.18 0.18 0.18 0.18 0.18 0.18 0.18 0.18 0.18 0.18 0.18 0.18 0.18 0.18 0.18
  per-rule acc: 0.20 0.16
Epoch 2900 | Train: Loss=0.0016 Acc=100.0% | Test: Acc=17.4% | Best=21.3%(@2860)
  from x3: 0.18 0.18 0.18 0.18 0.17 0.17 0.17 0.17 0.17 0.18 0.18 0.18 0.17 0.17 0.17 0.17 0.17 0.17 0.17 0.17 0.17 0.17 0.17 0.17 0.17 0.17 0.17 0.17 0.17
  per-rule acc: 0.19 0.16
Epoch 2920 | Train: Loss=0.0056 Acc=99.9% | Test: Acc=21.5% | Best=21.5%(@2920)
  from x3: 0.21 0.21 0.22 0.22 0.22 0.21 0.21 0.22 0.22 0.22 0.22 0.22 0.22 0.22 0.22 0.22 0.22 0.22 0.22 0.21 0.21 0.21 0.21 0.21 0.21 0.21 0.21 0.21 0.21
  per-rule acc: 0.26 0.17
Epoch 2940 | Train: Loss=0.0012 Acc=100.0% | Test: Acc=19.3% | Best=21.5%(@2920)
  from x3: 0.19 0.19 0.20 0.19 0.20 0.19 0.20 0.20 0.19 0.19 0.19 0.19 0.19 0.19 0.19 0.19 0.19 0.19 0.19 0.19 0.19 0.19 0.19 0.19 0.19 0.19 0.19 0.19 0.19
  per-rule acc: 0.21 0.17
Epoch 2960 | Train: Loss=0.0016 Acc=100.0% | Test: Acc=17.7% | Best=21.5%(@2920)
  from x3: 0.18 0.19 0.19 0.18 0.18 0.18 0.18 0.18 0.17 0.18 0.18 0.18 0.18 0.18 0.18 0.18 0.17 0.18 0.18 0.17 0.17 0.18 0.17 0.17 0.17 0.17 0.17 0.17 0.17
  per-rule acc: 0.19 0.17
Epoch 2980 | Train: Loss=0.0360 Acc=99.5% | Test: Acc=18.9% | Best=21.5%(@2920)
  from x3: 0.19 0.19 0.19 0.19 0.19 0.19 0.19 0.19 0.19 0.19 0.19 0.19 0.19 0.19 0.19 0.19 0.19 0.19 0.19 0.19 0.19 0.19 0.19 0.19 0.19 0.19 0.19 0.19 0.19
  per-rule acc: 0.23 0.15
Epoch 3000 | Train: Loss=0.0011 Acc=100.0% | Test: Acc=19.4% | Best=21.5%(@2920)
  from x3: 0.20 0.19 0.19 0.20 0.20 0.20 0.20 0.20 0.20 0.19 0.20 0.20 0.20 0.20 0.20 0.20 0.19 0.19 0.19 0.19 0.19 0.19 0.19 0.19 0.19 0.19 0.19 0.19 0.19
  per-rule acc: 0.22 0.17
Epoch 3020 | Train: Loss=0.0015 Acc=100.0% | Test: Acc=18.2% | Best=21.5%(@2920)
  from x3: 0.18 0.18 0.18 0.18 0.18 0.18 0.19 0.18 0.18 0.19 0.19 0.18 0.19 0.18 0.19 0.18 0.18 0.18 0.18 0.18 0.18 0.18 0.18 0.18 0.18 0.18 0.18 0.18 0.18
  per-rule acc: 0.19 0.17
Epoch 3040 | Train: Loss=0.0989 Acc=99.2% | Test: Acc=16.7% | Best=21.5%(@2920)
  from x3: 0.17 0.16 0.17 0.16 0.16 0.17 0.16 0.17 0.17 0.17 0.17 0.17 0.17 0.17 0.17 0.17 0.17 0.17 0.17 0.17 0.17 0.17 0.16 0.17 0.17 0.17 0.17 0.17 0.17
  per-rule acc: 0.19 0.15
Epoch 3060 | Train: Loss=0.0070 Acc=99.9% | Test: Acc=19.6% | Best=21.5%(@2920)
  from x3: 0.20 0.20 0.20 0.20 0.20 0.20 0.20 0.20 0.19 0.20 0.20 0.20 0.20 0.20 0.20 0.20 0.20 0.20 0.20 0.20 0.20 0.20 0.20 0.20 0.20 0.20 0.20 0.19 0.20
  per-rule acc: 0.23 0.17
Epoch 3080 | Train: Loss=0.0013 Acc=100.0% | Test: Acc=18.6% | Best=21.5%(@2920)
  from x3: 0.18 0.19 0.19 0.18 0.18 0.18 0.18 0.19 0.18 0.19 0.18 0.19 0.19 0.19 0.19 0.19 0.19 0.19 0.19 0.19 0.19 0.19 0.19 0.19 0.19 0.19 0.19 0.19 0.19
  per-rule acc: 0.20 0.17
Epoch 3100 | Train: Loss=0.0016 Acc=100.0% | Test: Acc=17.8% | Best=21.5%(@2920)
  from x3: 0.18 0.18 0.18 0.18 0.18 0.18 0.18 0.18 0.18 0.18 0.18 0.18 0.18 0.18 0.18 0.18 0.18 0.18 0.18 0.18 0.18 0.18 0.18 0.18 0.18 0.18 0.18 0.18 0.18
  per-rule acc: 0.19 0.17
Epoch 3120 | Train: Loss=0.0759 Acc=98.7% | Test: Acc=20.5% | Best=21.5%(@2920)
  from x3: 0.21 0.20 0.21 0.20 0.21 0.20 0.20 0.20 0.20 0.21 0.20 0.21 0.21 0.20 0.21 0.21 0.21 0.21 0.21 0.21 0.21 0.21 0.21 0.21 0.21 0.21 0.21 0.21 0.21
  per-rule acc: 0.24 0.17
Epoch 3140 | Train: Loss=0.0010 Acc=100.0% | Test: Acc=20.7% | Best=21.5%(@2920)
  from x3: 0.20 0.21 0.22 0.21 0.21 0.21 0.21 0.21 0.21 0.21 0.21 0.21 0.21 0.21 0.21 0.21 0.21 0.21 0.21 0.21 0.21 0.21 0.21 0.21 0.21 0.20 0.20 0.20 0.20
  per-rule acc: 0.23 0.18
Epoch 3160 | Train: Loss=0.0013 Acc=100.0% | Test: Acc=18.8% | Best=21.5%(@2920)
  from x3: 0.19 0.19 0.19 0.20 0.19 0.19 0.19 0.19 0.19 0.19 0.19 0.19 0.19 0.19 0.19 0.19 0.19 0.19 0.19 0.19 0.19 0.19 0.19 0.19 0.19 0.18 0.18 0.18 0.18
  per-rule acc: 0.20 0.17
Epoch 3180 | Train: Loss=0.0016 Acc=100.0% | Test: Acc=18.3% | Best=21.5%(@2920)
  from x3: 0.19 0.18 0.18 0.18 0.18 0.18 0.18 0.19 0.18 0.19 0.19 0.18 0.18 0.18 0.18 0.18 0.18 0.18 0.18 0.18 0.18 0.18 0.18 0.18 0.18 0.18 0.18 0.18 0.18
  per-rule acc: 0.19 0.17
Epoch 3200 | Train: Loss=0.0060 Acc=99.9% | Test: Acc=20.0% | Best=21.5%(@2920)
  from x3: 0.20 0.20 0.20 0.20 0.20 0.20 0.20 0.20 0.20 0.20 0.20 0.20 0.20 0.20 0.20 0.20 0.20 0.20 0.20 0.20 0.20 0.20 0.20 0.20 0.20 0.20 0.20 0.20 0.20
  per-rule acc: 0.24 0.16
Epoch 3220 | Train: Loss=0.0011 Acc=100.0% | Test: Acc=20.3% | Best=21.5%(@2920)
  from x3: 0.21 0.21 0.20 0.21 0.21 0.20 0.20 0.20 0.20 0.20 0.20 0.20 0.20 0.20 0.20 0.20 0.20 0.20 0.20 0.20 0.20 0.20 0.20 0.20 0.20 0.20 0.20 0.20 0.20
  per-rule acc: 0.23 0.18
Epoch 3240 | Train: Loss=0.0014 Acc=100.0% | Test: Acc=19.0% | Best=21.5%(@2920)
  from x3: 0.19 0.19 0.19 0.19 0.19 0.19 0.19 0.19 0.19 0.19 0.19 0.19 0.19 0.19 0.19 0.19 0.19 0.19 0.19 0.19 0.19 0.19 0.19 0.19 0.19 0.19 0.19 0.19 0.19
  per-rule acc: 0.20 0.18
Epoch 3260 | Train: Loss=0.0016 Acc=100.0% | Test: Acc=19.1% | Best=21.5%(@2920)
  from x3: 0.19 0.19 0.19 0.19 0.19 0.19 0.19 0.19 0.19 0.19 0.19 0.19 0.19 0.19 0.19 0.19 0.19 0.19 0.19 0.19 0.19 0.19 0.19 0.19 0.19 0.19 0.19 0.19 0.19
  per-rule acc: 0.20 0.18
Epoch 3280 | Train: Loss=0.0012 Acc=100.0% | Test: Acc=19.6% | Best=21.5%(@2920)
  from x3: 0.20 0.20 0.20 0.20 0.19 0.20 0.20 0.20 0.20 0.20 0.20 0.20 0.20 0.20 0.19 0.19 0.20 0.20 0.20 0.20 0.20 0.20 0.20 0.19 0.19 0.19 0.20 0.19 0.19
  per-rule acc: 0.22 0.17
Epoch 3300 | Train: Loss=0.0013 Acc=100.0% | Test: Acc=19.0% | Best=21.5%(@2920)
  from x3: 0.19 0.19 0.19 0.19 0.19 0.19 0.19 0.19 0.19 0.19 0.19 0.19 0.19 0.19 0.19 0.19 0.19 0.19 0.19 0.19 0.19 0.19 0.19 0.19 0.19 0.19 0.19 0.19 0.18
  per-rule acc: 0.21 0.17
Epoch 3320 | Train: Loss=0.0016 Acc=100.0% | Test: Acc=18.7% | Best=21.5%(@2920)
  from x3: 0.19 0.19 0.19 0.19 0.18 0.19 0.19 0.19 0.19 0.19 0.19 0.19 0.19 0.19 0.19 0.19 0.19 0.19 0.19 0.19 0.19 0.19 0.19 0.19 0.18 0.19 0.18 0.18 0.18
  per-rule acc: 0.20 0.18
Epoch 3340 | Train: Loss=0.0113 Acc=99.9% | Test: Acc=21.4% | Best=21.5%(@2920)
  from x3: 0.21 0.21 0.21 0.21 0.21 0.21 0.21 0.22 0.21 0.21 0.21 0.21 0.21 0.21 0.21 0.21 0.21 0.21 0.21 0.22 0.22 0.22 0.22 0.22 0.21 0.21 0.22 0.21 0.21
  per-rule acc: 0.25 0.18
Epoch 3360 | Train: Loss=0.0011 Acc=100.0% | Test: Acc=19.7% | Best=21.5%(@2920)
  from x3: 0.20 0.20 0.20 0.20 0.20 0.20 0.20 0.20 0.20 0.20 0.20 0.20 0.20 0.20 0.20 0.20 0.19 0.19 0.19 0.19 0.20 0.20 0.19 0.19 0.20 0.20 0.20 0.19 0.19
  per-rule acc: 0.21 0.18
Epoch 3380 | Train: Loss=0.0015 Acc=100.0% | Test: Acc=19.3% | Best=21.5%(@2920)
  from x3: 0.19 0.19 0.20 0.20 0.20 0.19 0.20 0.20 0.20 0.20 0.19 0.19 0.19 0.19 0.19 0.19 0.19 0.19 0.19 0.19 0.19 0.19 0.19 0.19 0.19 0.19 0.19 0.19 0.19
  per-rule acc: 0.21 0.18
Epoch 3400 | Train: Loss=0.0046 Acc=100.0% | Test: Acc=21.4% | Best=21.5%(@2920)
  from x3: 0.21 0.22 0.22 0.21 0.21 0.21 0.21 0.21 0.21 0.21 0.21 0.21 0.21 0.21 0.21 0.21 0.21 0.22 0.21 0.22 0.22 0.22 0.22 0.22 0.22 0.22 0.22 0.22 0.22
  per-rule acc: 0.25 0.18
Epoch 3420 | Train: Loss=0.0012 Acc=100.0% | Test: Acc=20.3% | Best=21.5%(@2920)
  from x3: 0.20 0.20 0.20 0.20 0.20 0.20 0.20 0.20 0.20 0.20 0.20 0.20 0.20 0.20 0.20 0.20 0.20 0.20 0.20 0.20 0.20 0.20 0.21 0.21 0.21 0.20 0.20 0.20 0.20
  per-rule acc: 0.23 0.18
Epoch 3440 | Train: Loss=0.0016 Acc=100.0% | Test: Acc=19.6% | Best=21.5%(@2920)
  from x3: 0.19 0.20 0.19 0.19 0.19 0.20 0.19 0.19 0.20 0.20 0.20 0.20 0.20 0.20 0.20 0.20 0.20 0.20 0.20 0.20 0.20 0.20 0.20 0.19 0.20 0.20 0.20 0.20 0.20
  per-rule acc: 0.22 0.18
Epoch 3460 | Train: Loss=0.1984 Acc=98.3% | Test: Acc=20.4% | Best=21.5%(@2920)
  from x3: 0.20 0.21 0.20 0.21 0.21 0.20 0.20 0.20 0.20 0.21 0.20 0.21 0.20 0.20 0.20 0.20 0.20 0.20 0.20 0.20 0.20 0.20 0.20 0.20 0.20 0.20 0.20 0.20 0.20
  per-rule acc: 0.24 0.17
Epoch 3480 | Train: Loss=0.0012 Acc=100.0% | Test: Acc=21.1% | Best=21.5%(@2920)
  from x3: 0.20 0.21 0.21 0.21 0.21 0.21 0.21 0.21 0.21 0.21 0.21 0.21 0.21 0.21 0.21 0.21 0.21 0.21 0.21 0.21 0.21 0.21 0.21 0.21 0.21 0.21 0.21 0.21 0.21
  per-rule acc: 0.24 0.18
Epoch 3500 | Train: Loss=0.0013 Acc=100.0% | Test: Acc=19.7% | Best=21.5%(@2920)
  from x3: 0.19 0.19 0.19 0.20 0.20 0.20 0.20 0.20 0.20 0.20 0.20 0.20 0.20 0.20 0.20 0.20 0.20 0.20 0.20 0.20 0.20 0.20 0.20 0.20 0.19 0.19 0.19 0.19 0.19
  per-rule acc: 0.22 0.17
Epoch 3520 | Train: Loss=0.0016 Acc=100.0% | Test: Acc=19.4% | Best=21.5%(@2920)
  from x3: 0.19 0.19 0.20 0.19 0.19 0.20 0.19 0.19 0.20 0.19 0.19 0.19 0.19 0.19 0.19 0.19 0.19 0.19 0.19 0.19 0.19 0.19 0.20 0.19 0.19 0.19 0.19 0.19 0.19
  per-rule acc: 0.21 0.18
Epoch 3540 | Train: Loss=0.0211 Acc=99.7% | Test: Acc=21.4% | Best=21.5%(@2920)
  from x3: 0.21 0.21 0.21 0.22 0.21 0.22 0.21 0.21 0.21 0.21 0.21 0.21 0.21 0.21 0.21 0.21 0.22 0.21 0.21 0.21 0.21 0.21 0.21 0.21 0.21 0.21 0.21 0.22 0.21
  per-rule acc: 0.25 0.18
Epoch 3560 | Train: Loss=0.0011 Acc=100.0% | Test: Acc=21.0% | Best=21.5%(@2920)
  from x3: 0.20 0.21 0.21 0.22 0.21 0.21 0.21 0.21 0.21 0.21 0.21 0.21 0.21 0.21 0.21 0.21 0.21 0.21 0.21 0.21 0.21 0.21 0.21 0.21 0.21 0.21 0.21 0.21 0.21
  per-rule acc: 0.23 0.19
Epoch 3580 | Train: Loss=0.0015 Acc=100.0% | Test: Acc=19.4% | Best=21.5%(@2920)
  from x3: 0.19 0.20 0.19 0.19 0.19 0.19 0.19 0.20 0.19 0.19 0.20 0.19 0.19 0.20 0.19 0.20 0.20 0.20 0.19 0.19 0.19 0.20 0.19 0.19 0.19 0.19 0.19 0.19 0.19
  per-rule acc: 0.21 0.18
Epoch 3600 | Train: Loss=0.0016 Acc=100.0% | Test: Acc=19.2% | Best=21.5%(@2920)
  from x3: 0.19 0.20 0.19 0.19 0.19 0.19 0.19 0.19 0.19 0.19 0.19 0.19 0.19 0.19 0.19 0.19 0.19 0.19 0.19 0.19 0.19 0.19 0.19 0.19 0.19 0.19 0.19 0.19 0.19
  per-rule acc: 0.21 0.18
Epoch 3620 | Train: Loss=0.0025 Acc=100.0% | Test: Acc=22.0% | Best=22.0%(@3620)
  from x3: 0.21 0.22 0.22 0.22 0.22 0.22 0.22 0.22 0.22 0.22 0.22 0.22 0.22 0.22 0.22 0.22 0.22 0.22 0.22 0.22 0.22 0.22 0.22 0.22 0.22 0.22 0.22 0.22 0.22
  per-rule acc: 0.25 0.19
Epoch 3640 | Train: Loss=0.0012 Acc=100.0% | Test: Acc=20.4% | Best=22.0%(@3620)
  from x3: 0.20 0.21 0.21 0.21 0.21 0.21 0.21 0.20 0.20 0.20 0.20 0.20 0.20 0.20 0.20 0.20 0.20 0.20 0.20 0.20 0.20 0.20 0.20 0.21 0.21 0.20 0.20 0.20 0.20
  per-rule acc: 0.22 0.19
Epoch 3660 | Train: Loss=0.0015 Acc=100.0% | Test: Acc=19.4% | Best=22.0%(@3620)
  from x3: 0.19 0.20 0.20 0.19 0.20 0.20 0.20 0.19 0.19 0.19 0.19 0.19 0.20 0.19 0.19 0.19 0.19 0.20 0.19 0.20 0.20 0.20 0.19 0.19 0.19 0.19 0.19 0.19 0.19
  per-rule acc: 0.21 0.18
Epoch 3680 | Train: Loss=0.0016 Acc=100.0% | Test: Acc=20.0% | Best=22.0%(@3620)
  from x3: 0.20 0.20 0.20 0.20 0.20 0.20 0.20 0.20 0.20 0.20 0.20 0.20 0.20 0.20 0.20 0.20 0.20 0.20 0.20 0.20 0.20 0.20 0.20 0.20 0.20 0.20 0.20 0.20 0.20
  per-rule acc: 0.21 0.19
Epoch 3700 | Train: Loss=0.0016 Acc=100.0% | Test: Acc=20.0% | Best=22.0%(@3620)
  from x3: 0.20 0.21 0.21 0.20 0.20 0.20 0.20 0.20 0.20 0.20 0.20 0.20 0.20 0.20 0.20 0.20 0.20 0.20 0.20 0.20 0.20 0.20 0.20 0.20 0.20 0.20 0.20 0.20 0.20
  per-rule acc: 0.22 0.18
Epoch 3720 | Train: Loss=0.0013 Acc=100.0% | Test: Acc=20.0% | Best=22.0%(@3620)
  from x3: 0.20 0.20 0.20 0.20 0.20 0.20 0.20 0.20 0.20 0.20 0.20 0.20 0.20 0.20 0.20 0.20 0.20 0.20 0.20 0.20 0.20 0.20 0.20 0.20 0.20 0.20 0.20 0.20 0.20
  per-rule acc: 0.21 0.19
Epoch 3740 | Train: Loss=0.0016 Acc=100.0% | Test: Acc=19.7% | Best=22.0%(@3620)
  from x3: 0.19 0.20 0.20 0.20 0.20 0.20 0.20 0.20 0.20 0.20 0.20 0.20 0.20 0.20 0.20 0.19 0.20 0.20 0.20 0.20 0.20 0.20 0.20 0.20 0.20 0.20 0.20 0.20 0.20
  per-rule acc: 0.20 0.19
Epoch 3760 | Train: Loss=0.0160 Acc=99.9% | Test: Acc=22.7% | Best=22.7%(@3760)
  from x3: 0.22 0.23 0.23 0.23 0.23 0.23 0.23 0.23 0.23 0.23 0.23 0.23 0.23 0.23 0.23 0.23 0.23 0.23 0.23 0.23 0.23 0.23 0.23 0.23 0.23 0.23 0.23 0.22 0.23
  per-rule acc: 0.28 0.18
Epoch 3780 | Train: Loss=0.0011 Acc=100.0% | Test: Acc=20.5% | Best=22.7%(@3760)
  from x3: 0.20 0.21 0.21 0.21 0.21 0.20 0.20 0.20 0.21 0.20 0.20 0.20 0.20 0.20 0.20 0.21 0.21 0.21 0.21 0.20 0.20 0.20 0.20 0.20 0.20 0.20 0.20 0.20 0.20
  per-rule acc: 0.23 0.18
Epoch 3800 | Train: Loss=0.0014 Acc=100.0% | Test: Acc=19.8% | Best=22.7%(@3760)
  from x3: 0.20 0.21 0.20 0.20 0.20 0.20 0.20 0.20 0.20 0.20 0.20 0.20 0.20 0.20 0.20 0.20 0.20 0.20 0.20 0.20 0.20 0.20 0.20 0.20 0.20 0.20 0.20 0.20 0.19
  per-rule acc: 0.22 0.18
Epoch 3820 | Train: Loss=0.0016 Acc=100.0% | Test: Acc=19.4% | Best=22.7%(@3760)
  from x3: 0.20 0.20 0.20 0.20 0.19 0.19 0.19 0.19 0.19 0.19 0.19 0.19 0.19 0.20 0.19 0.19 0.19 0.19 0.19 0.19 0.19 0.19 0.19 0.19 0.19 0.19 0.19 0.19 0.19
  per-rule acc: 0.21 0.18
Epoch 3840 | Train: Loss=0.0011 Acc=100.0% | Test: Acc=21.5% | Best=22.7%(@3760)
  from x3: 0.22 0.22 0.22 0.22 0.22 0.22 0.22 0.22 0.22 0.22 0.22 0.22 0.22 0.22 0.22 0.22 0.22 0.22 0.21 0.21 0.21 0.21 0.21 0.21 0.21 0.21 0.21 0.21 0.21
  per-rule acc: 0.24 0.19
Epoch 3860 | Train: Loss=0.0013 Acc=100.0% | Test: Acc=20.7% | Best=22.7%(@3760)
  from x3: 0.20 0.21 0.21 0.21 0.20 0.21 0.21 0.21 0.21 0.21 0.21 0.21 0.21 0.21 0.21 0.21 0.21 0.21 0.21 0.21 0.21 0.21 0.21 0.21 0.21 0.21 0.20 0.20 0.21
  per-rule acc: 0.22 0.19
Epoch 3880 | Train: Loss=0.0015 Acc=100.0% | Test: Acc=20.0% | Best=22.7%(@3760)
  from x3: 0.20 0.20 0.20 0.20 0.20 0.20 0.20 0.20 0.20 0.20 0.20 0.20 0.20 0.20 0.20 0.20 0.20 0.20 0.20 0.20 0.20 0.20 0.20 0.20 0.20 0.20 0.20 0.20 0.20
  per-rule acc: 0.21 0.19
Epoch 3900 | Train: Loss=0.0745 Acc=99.2% | Test: Acc=19.5% | Best=22.7%(@3760)
  from x3: 0.18 0.19 0.19 0.19 0.20 0.19 0.19 0.19 0.19 0.19 0.19 0.19 0.19 0.19 0.19 0.20 0.20 0.20 0.20 0.20 0.20 0.20 0.20 0.20 0.20 0.20 0.20 0.20 0.20
  per-rule acc: 0.22 0.17
Epoch 3920 | Train: Loss=0.0010 Acc=100.0% | Test: Acc=22.1% | Best=22.7%(@3760)
  from x3: 0.22 0.22 0.23 0.23 0.22 0.22 0.22 0.22 0.22 0.22 0.22 0.22 0.22 0.22 0.22 0.22 0.22 0.22 0.22 0.22 0.22 0.22 0.22 0.22 0.22 0.22 0.22 0.22 0.22
  per-rule acc: 0.25 0.19
Epoch 3940 | Train: Loss=0.0013 Acc=100.0% | Test: Acc=21.2% | Best=22.7%(@3760)
  from x3: 0.21 0.20 0.21 0.21 0.21 0.21 0.22 0.21 0.21 0.21 0.21 0.21 0.21 0.21 0.21 0.21 0.21 0.21 0.21 0.21 0.21 0.21 0.21 0.21 0.21 0.21 0.21 0.21 0.21
  per-rule acc: 0.23 0.20
Epoch 3960 | Train: Loss=0.0015 Acc=100.0% | Test: Acc=20.6% | Best=22.7%(@3760)
  from x3: 0.20 0.21 0.21 0.21 0.21 0.21 0.21 0.21 0.21 0.21 0.21 0.21 0.21 0.21 0.21 0.21 0.21 0.21 0.21 0.21 0.21 0.21 0.21 0.21 0.21 0.21 0.21 0.21 0.21
  per-rule acc: 0.21 0.20
Epoch 3980 | Train: Loss=0.0015 Acc=100.0% | Test: Acc=21.6% | Best=22.7%(@3760)
  from x3: 0.22 0.22 0.22 0.22 0.22 0.22 0.21 0.22 0.22 0.22 0.22 0.22 0.22 0.22 0.22 0.22 0.21 0.22 0.22 0.22 0.21 0.22 0.21 0.22 0.22 0.21 0.21 0.21 0.21
  per-rule acc: 0.25 0.18
Epoch 4000 | Train: Loss=0.0012 Acc=100.0% | Test: Acc=21.4% | Best=22.7%(@3760)
  from x3: 0.21 0.22 0.21 0.21 0.22 0.22 0.22 0.22 0.21 0.21 0.21 0.21 0.21 0.21 0.21 0.22 0.21 0.21 0.21 0.21 0.21 0.21 0.22 0.22 0.22 0.21 0.22 0.21 0.21
  per-rule acc: 0.23 0.20
Epoch 4020 | Train: Loss=0.0015 Acc=100.0% | Test: Acc=20.6% | Best=22.7%(@3760)
  from x3: 0.20 0.21 0.20 0.20 0.21 0.20 0.20 0.20 0.20 0.20 0.21 0.21 0.21 0.21 0.21 0.21 0.21 0.21 0.21 0.21 0.21 0.21 0.21 0.21 0.21 0.21 0.21 0.21 0.21
  per-rule acc: 0.22 0.20
Epoch 4040 | Train: Loss=0.0015 Acc=100.0% | Test: Acc=20.5% | Best=22.7%(@3760)
  from x3: 0.21 0.21 0.21 0.20 0.20 0.20 0.20 0.20 0.20 0.20 0.20 0.21 0.21 0.20 0.20 0.20 0.20 0.20 0.20 0.20 0.20 0.20 0.20 0.20 0.20 0.20 0.21 0.21 0.21
  per-rule acc: 0.21 0.20
Epoch 4060 | Train: Loss=0.0011 Acc=100.0% | Test: Acc=23.8% | Best=23.8%(@4060)
  from x3: 0.23 0.24 0.24 0.24 0.24 0.24 0.24 0.24 0.24 0.24 0.24 0.24 0.24 0.24 0.24 0.24 0.24 0.24 0.24 0.24 0.24 0.24 0.24 0.24 0.24 0.24 0.24 0.24 0.24
  per-rule acc: 0.27 0.21
Epoch 4080 | Train: Loss=0.0012 Acc=100.0% | Test: Acc=21.8% | Best=23.8%(@4060)
  from x3: 0.22 0.22 0.22 0.22 0.22 0.22 0.22 0.22 0.22 0.22 0.22 0.22 0.22 0.22 0.22 0.22 0.22 0.22 0.22 0.22 0.22 0.22 0.22 0.22 0.22 0.22 0.22 0.22 0.22
  per-rule acc: 0.24 0.20
Epoch 4100 | Train: Loss=0.0015 Acc=100.0% | Test: Acc=21.3% | Best=23.8%(@4060)
  from x3: 0.21 0.21 0.21 0.21 0.21 0.21 0.21 0.21 0.22 0.21 0.22 0.22 0.21 0.21 0.21 0.21 0.21 0.21 0.21 0.21 0.21 0.21 0.21 0.21 0.22 0.22 0.21 0.22 0.21
  per-rule acc: 0.22 0.20
Epoch 4120 | Train: Loss=0.0178 Acc=99.9% | Test: Acc=22.9% | Best=23.8%(@4060)
  from x3: 0.23 0.24 0.23 0.23 0.23 0.23 0.23 0.23 0.23 0.23 0.23 0.23 0.23 0.23 0.23 0.23 0.23 0.23 0.23 0.23 0.23 0.23 0.23 0.23 0.23 0.23 0.23 0.23 0.23
  per-rule acc: 0.27 0.19
Epoch 4140 | Train: Loss=0.0010 Acc=100.0% | Test: Acc=23.1% | Best=23.8%(@4060)
  from x3: 0.22 0.23 0.23 0.23 0.23 0.23 0.23 0.23 0.23 0.23 0.23 0.23 0.23 0.23 0.23 0.23 0.23 0.23 0.23 0.23 0.23 0.23 0.23 0.23 0.23 0.23 0.23 0.23 0.23
  per-rule acc: 0.26 0.21
Epoch 4160 | Train: Loss=0.0013 Acc=100.0% | Test: Acc=22.0% | Best=23.8%(@4060)
  from x3: 0.21 0.22 0.22 0.22 0.22 0.22 0.22 0.22 0.22 0.22 0.22 0.22 0.22 0.22 0.22 0.22 0.22 0.22 0.22 0.22 0.22 0.22 0.22 0.22 0.22 0.22 0.22 0.22 0.22
  per-rule acc: 0.24 0.20
Epoch 4180 | Train: Loss=0.0015 Acc=100.0% | Test: Acc=21.5% | Best=23.8%(@4060)
  from x3: 0.21 0.22 0.22 0.22 0.22 0.22 0.22 0.21 0.21 0.22 0.21 0.21 0.22 0.22 0.21 0.21 0.21 0.21 0.22 0.21 0.22 0.22 0.21 0.21 0.21 0.21 0.22 0.21 0.21
  per-rule acc: 0.23 0.20
Epoch 4200 | Train: Loss=0.0440 Acc=99.5% | Test: Acc=23.1% | Best=23.8%(@4060)
  from x3: 0.22 0.23 0.24 0.23 0.23 0.23 0.23 0.23 0.23 0.23 0.23 0.23 0.23 0.23 0.23 0.24 0.23 0.23 0.23 0.23 0.23 0.23 0.23 0.23 0.23 0.23 0.23 0.23 0.23
  per-rule acc: 0.28 0.18
Epoch 4220 | Train: Loss=0.0011 Acc=100.0% | Test: Acc=22.1% | Best=23.8%(@4060)
  from x3: 0.22 0.22 0.22 0.22 0.22 0.22 0.22 0.22 0.22 0.22 0.22 0.22 0.22 0.22 0.22 0.22 0.22 0.22 0.22 0.22 0.22 0.22 0.22 0.22 0.22 0.22 0.22 0.22 0.22
  per-rule acc: 0.24 0.20
Epoch 4240 | Train: Loss=0.0013 Acc=100.0% | Test: Acc=21.5% | Best=23.8%(@4060)
  from x3: 0.21 0.22 0.21 0.21 0.21 0.21 0.22 0.21 0.22 0.22 0.22 0.22 0.22 0.22 0.22 0.21 0.22 0.22 0.22 0.22 0.22 0.22 0.21 0.22 0.21 0.21 0.22 0.22 0.21
  per-rule acc: 0.23 0.20
Epoch 4260 | Train: Loss=0.0016 Acc=100.0% | Test: Acc=21.1% | Best=23.8%(@4060)
  from x3: 0.21 0.21 0.21 0.21 0.21 0.21 0.22 0.21 0.21 0.21 0.21 0.21 0.21 0.21 0.21 0.21 0.21 0.21 0.21 0.21 0.21 0.21 0.21 0.21 0.21 0.21 0.21 0.21 0.21
  per-rule acc: 0.21 0.21
Epoch 4280 | Train: Loss=0.0092 Acc=99.9% | Test: Acc=24.1% | Best=24.1%(@4280)
  from x3: 0.24 0.24 0.25 0.24 0.24 0.24 0.24 0.24 0.24 0.24 0.24 0.24 0.24 0.24 0.24 0.24 0.24 0.24 0.24 0.24 0.24 0.24 0.24 0.24 0.24 0.24 0.24 0.24 0.24
  per-rule acc: 0.28 0.20
Epoch 4300 | Train: Loss=0.0010 Acc=100.0% | Test: Acc=23.0% | Best=24.1%(@4280)
  from x3: 0.23 0.23 0.23 0.24 0.24 0.23 0.23 0.23 0.23 0.23 0.23 0.23 0.23 0.23 0.23 0.23 0.23 0.23 0.23 0.23 0.23 0.23 0.23 0.23 0.23 0.23 0.23 0.23 0.23
  per-rule acc: 0.25 0.21
Epoch 4320 | Train: Loss=0.0013 Acc=100.0% | Test: Acc=21.6% | Best=24.1%(@4280)
  from x3: 0.22 0.22 0.21 0.21 0.22 0.22 0.22 0.22 0.22 0.22 0.22 0.22 0.21 0.21 0.21 0.21 0.21 0.21 0.21 0.21 0.22 0.21 0.22 0.22 0.22 0.22 0.22 0.22 0.21
  per-rule acc: 0.23 0.20
Epoch 4340 | Train: Loss=0.0014 Acc=100.0% | Test: Acc=21.2% | Best=24.1%(@4280)
  from x3: 0.21 0.22 0.21 0.21 0.21 0.21 0.21 0.21 0.21 0.21 0.21 0.21 0.21 0.21 0.21 0.21 0.21 0.21 0.21 0.21 0.21 0.21 0.21 0.21 0.21 0.21 0.21 0.21 0.21
  per-rule acc: 0.22 0.21
Epoch 4360 | Train: Loss=0.0504 Acc=99.3% | Test: Acc=23.4% | Best=24.1%(@4280)
  from x3: 0.23 0.23 0.23 0.23 0.24 0.24 0.23 0.23 0.23 0.23 0.23 0.23 0.23 0.23 0.23 0.23 0.23 0.24 0.23 0.24 0.23 0.23 0.24 0.23 0.24 0.24 0.24 0.24 0.24
  per-rule acc: 0.28 0.19
Epoch 4380 | Train: Loss=0.0013 Acc=100.0% | Test: Acc=23.7% | Best=24.1%(@4280)
  from x3: 0.24 0.24 0.24 0.24 0.24 0.24 0.24 0.24 0.24 0.24 0.24 0.24 0.24 0.24 0.23 0.24 0.24 0.24 0.23 0.23 0.24 0.24 0.23 0.24 0.24 0.24 0.24 0.24 0.24
  per-rule acc: 0.25 0.22
Epoch 4400 | Train: Loss=0.0012 Acc=100.0% | Test: Acc=23.1% | Best=24.1%(@4280)
  from x3: 0.23 0.23 0.23 0.23 0.23 0.23 0.23 0.23 0.23 0.23 0.23 0.23 0.23 0.23 0.23 0.23 0.23 0.23 0.23 0.23 0.23 0.23 0.23 0.23 0.23 0.23 0.23 0.23 0.23
  per-rule acc: 0.25 0.22
Epoch 4420 | Train: Loss=0.0014 Acc=100.0% | Test: Acc=21.8% | Best=24.1%(@4280)
  from x3: 0.22 0.22 0.22 0.22 0.22 0.22 0.22 0.22 0.22 0.22 0.22 0.22 0.22 0.22 0.22 0.22 0.22 0.22 0.22 0.22 0.22 0.22 0.22 0.22 0.22 0.22 0.22 0.22 0.22
  per-rule acc: 0.23 0.20
Epoch 4440 | Train: Loss=0.0015 Acc=100.0% | Test: Acc=21.5% | Best=24.1%(@4280)
  from x3: 0.21 0.22 0.22 0.22 0.21 0.21 0.22 0.21 0.21 0.21 0.21 0.21 0.21 0.21 0.21 0.21 0.21 0.21 0.21 0.21 0.22 0.22 0.22 0.22 0.22 0.22 0.21 0.21 0.21
  per-rule acc: 0.22 0.21
Epoch 4460 | Train: Loss=0.0033 Acc=100.0% | Test: Acc=23.1% | Best=24.1%(@4280)
  from x3: 0.24 0.23 0.23 0.23 0.23 0.23 0.23 0.23 0.23 0.23 0.23 0.23 0.23 0.23 0.23 0.23 0.23 0.23 0.23 0.23 0.23 0.23 0.23 0.23 0.23 0.23 0.23 0.23 0.23
  per-rule acc: 0.27 0.19
Epoch 4480 | Train: Loss=0.0011 Acc=100.0% | Test: Acc=23.0% | Best=24.1%(@4280)
  from x3: 0.22 0.23 0.23 0.23 0.23 0.23 0.23 0.23 0.23 0.23 0.23 0.23 0.23 0.23 0.23 0.23 0.23 0.23 0.23 0.23 0.23 0.23 0.23 0.23 0.23 0.23 0.23 0.23 0.23
  per-rule acc: 0.26 0.20
Epoch 4500 | Train: Loss=0.0014 Acc=100.0% | Test: Acc=22.6% | Best=24.1%(@4280)
  from x3: 0.21 0.22 0.22 0.22 0.23 0.23 0.23 0.23 0.23 0.23 0.23 0.23 0.23 0.23 0.23 0.23 0.23 0.23 0.23 0.23 0.23 0.23 0.23 0.23 0.23 0.23 0.22 0.23 0.23
  per-rule acc: 0.24 0.21
Epoch 4520 | Train: Loss=0.0353 Acc=99.6% | Test: Acc=23.6% | Best=24.1%(@4280)
  from x3: 0.23 0.24 0.24 0.24 0.23 0.24 0.24 0.23 0.23 0.23 0.24 0.24 0.24 0.24 0.24 0.24 0.24 0.24 0.24 0.24 0.24 0.24 0.24 0.24 0.24 0.24 0.24 0.23 0.24
  per-rule acc: 0.28 0.19
Epoch 4540 | Train: Loss=0.0010 Acc=100.0% | Test: Acc=23.2% | Best=24.1%(@4280)
  from x3: 0.23 0.23 0.23 0.23 0.23 0.23 0.23 0.23 0.23 0.23 0.23 0.23 0.23 0.23 0.23 0.23 0.23 0.23 0.23 0.23 0.23 0.23 0.23 0.23 0.23 0.23 0.23 0.23 0.23
  per-rule acc: 0.27 0.20
Epoch 4560 | Train: Loss=0.0012 Acc=100.0% | Test: Acc=22.4% | Best=24.1%(@4280)
  from x3: 0.22 0.22 0.22 0.22 0.22 0.22 0.23 0.22 0.23 0.23 0.23 0.22 0.22 0.22 0.22 0.22 0.22 0.22 0.22 0.22 0.22 0.22 0.22 0.22 0.22 0.23 0.23 0.23 0.23
  per-rule acc: 0.24 0.20
Epoch 4580 | Train: Loss=0.0015 Acc=100.0% | Test: Acc=21.9% | Best=24.1%(@4280)
  from x3: 0.21 0.23 0.22 0.22 0.22 0.22 0.22 0.22 0.22 0.22 0.22 0.22 0.22 0.22 0.22 0.22 0.22 0.22 0.22 0.22 0.22 0.22 0.22 0.22 0.22 0.22 0.22 0.22 0.22
  per-rule acc: 0.23 0.21
Epoch 4600 | Train: Loss=0.0015 Acc=100.0% | Test: Acc=22.3% | Best=24.1%(@4280)
  from x3: 0.21 0.23 0.22 0.23 0.22 0.23 0.22 0.22 0.22 0.22 0.22 0.22 0.22 0.22 0.22 0.22 0.22 0.22 0.22 0.22 0.22 0.22 0.22 0.22 0.22 0.22 0.22 0.22 0.22
  per-rule acc: 0.24 0.21
Epoch 4620 | Train: Loss=0.0012 Acc=100.0% | Test: Acc=23.4% | Best=24.1%(@4280)
  from x3: 0.23 0.24 0.24 0.24 0.24 0.24 0.24 0.23 0.23 0.23 0.23 0.23 0.23 0.23 0.23 0.23 0.23 0.23 0.23 0.23 0.23 0.23 0.23 0.23 0.23 0.23 0.24 0.23 0.23
  per-rule acc: 0.27 0.20
Epoch 4640 | Train: Loss=0.0011 Acc=100.0% | Test: Acc=22.9% | Best=24.1%(@4280)
  from x3: 0.22 0.23 0.23 0.23 0.23 0.23 0.23 0.23 0.23 0.23 0.23 0.23 0.23 0.23 0.23 0.23 0.23 0.23 0.23 0.23 0.23 0.23 0.23 0.23 0.23 0.23 0.23 0.23 0.23
  per-rule acc: 0.25 0.21
Epoch 4660 | Train: Loss=0.0014 Acc=100.0% | Test: Acc=22.2% | Best=24.1%(@4280)
  from x3: 0.22 0.22 0.22 0.22 0.22 0.22 0.22 0.22 0.22 0.22 0.22 0.22 0.22 0.22 0.22 0.22 0.22 0.22 0.23 0.22 0.22 0.22 0.22 0.22 0.22 0.22 0.22 0.22 0.22
  per-rule acc: 0.23 0.21
Epoch 4680 | Train: Loss=0.0014 Acc=100.0% | Test: Acc=22.3% | Best=24.1%(@4280)
  from x3: 0.22 0.23 0.22 0.22 0.22 0.22 0.22 0.22 0.22 0.22 0.23 0.22 0.23 0.23 0.22 0.22 0.22 0.22 0.22 0.22 0.22 0.22 0.22 0.22 0.22 0.22 0.22 0.22 0.22
  per-rule acc: 0.23 0.22
Epoch 4700 | Train: Loss=0.0046 Acc=100.0% | Test: Acc=24.2% | Best=24.2%(@4700)
  from x3: 0.24 0.24 0.24 0.24 0.24 0.24 0.24 0.24 0.24 0.24 0.24 0.24 0.24 0.24 0.24 0.24 0.24 0.24 0.24 0.24 0.24 0.24 0.24 0.25 0.25 0.25 0.25 0.25 0.25
  per-rule acc: 0.28 0.20
Epoch 4720 | Train: Loss=0.0010 Acc=100.0% | Test: Acc=23.5% | Best=24.2%(@4700)
  from x3: 0.23 0.24 0.23 0.23 0.23 0.23 0.24 0.24 0.24 0.24 0.24 0.23 0.23 0.23 0.23 0.23 0.23 0.24 0.24 0.24 0.24 0.24 0.24 0.24 0.24 0.24 0.24 0.24 0.24
  per-rule acc: 0.26 0.21
Epoch 4740 | Train: Loss=0.0012 Acc=100.0% | Test: Acc=22.6% | Best=24.2%(@4700)
  from x3: 0.22 0.22 0.22 0.22 0.22 0.23 0.23 0.23 0.23 0.23 0.23 0.23 0.23 0.23 0.23 0.23 0.23 0.23 0.23 0.23 0.23 0.23 0.23 0.23 0.23 0.23 0.23 0.23 0.23
  per-rule acc: 0.24 0.21
Epoch 4760 | Train: Loss=0.0014 Acc=100.0% | Test: Acc=22.6% | Best=24.2%(@4700)
  from x3: 0.22 0.22 0.22 0.22 0.22 0.22 0.22 0.22 0.23 0.22 0.23 0.23 0.23 0.23 0.23 0.23 0.23 0.23 0.23 0.23 0.23 0.23 0.23 0.23 0.23 0.23 0.23 0.23 0.23
  per-rule acc: 0.23 0.22
Epoch 4780 | Train: Loss=0.0938 Acc=98.7% | Test: Acc=24.1% | Best=24.2%(@4700)
  from x3: 0.24 0.24 0.24 0.24 0.24 0.24 0.24 0.24 0.24 0.24 0.24 0.24 0.24 0.24 0.24 0.24 0.24 0.24 0.24 0.24 0.24 0.24 0.24 0.24 0.24 0.24 0.24 0.24 0.24
  per-rule acc: 0.27 0.21
Epoch 4800 | Train: Loss=0.0010 Acc=100.0% | Test: Acc=24.9% | Best=24.9%(@4800)
  from x3: 0.25 0.25 0.25 0.25 0.25 0.25 0.25 0.25 0.25 0.25 0.25 0.25 0.25 0.25 0.25 0.25 0.25 0.25 0.25 0.25 0.25 0.25 0.25 0.25 0.25 0.25 0.25 0.25 0.25
  per-rule acc: 0.28 0.22
Epoch 4820 | Train: Loss=0.0011 Acc=100.0% | Test: Acc=23.5% | Best=24.9%(@4800)
  from x3: 0.23 0.24 0.24 0.24 0.24 0.24 0.24 0.24 0.24 0.24 0.24 0.24 0.24 0.24 0.23 0.24 0.24 0.23 0.23 0.24 0.24 0.24 0.23 0.23 0.23 0.23 0.23 0.23 0.23
  per-rule acc: 0.26 0.22
Epoch 4840 | Train: Loss=0.0013 Acc=100.0% | Test: Acc=23.0% | Best=24.9%(@4800)
  from x3: 0.22 0.23 0.23 0.23 0.23 0.23 0.23 0.23 0.23 0.23 0.23 0.23 0.23 0.23 0.23 0.23 0.23 0.23 0.23 0.23 0.23 0.23 0.23 0.23 0.23 0.23 0.23 0.23 0.23
  per-rule acc: 0.24 0.22
Epoch 4860 | Train: Loss=0.0085 Acc=99.9% | Test: Acc=23.9% | Best=24.9%(@4800)
  from x3: 0.23 0.24 0.24 0.24 0.24 0.24 0.24 0.24 0.24 0.24 0.24 0.24 0.24 0.24 0.24 0.24 0.24 0.24 0.24 0.24 0.24 0.24 0.24 0.24 0.24 0.24 0.24 0.24 0.24
  per-rule acc: 0.28 0.20
Epoch 4880 | Train: Loss=0.0010 Acc=100.0% | Test: Acc=24.4% | Best=24.9%(@4800)
  from x3: 0.24 0.24 0.25 0.25 0.24 0.25 0.25 0.25 0.25 0.25 0.25 0.25 0.25 0.25 0.25 0.25 0.24 0.24 0.24 0.24 0.24 0.24 0.24 0.24 0.24 0.24 0.24 0.24 0.24
  per-rule acc: 0.27 0.22
Epoch 4900 | Train: Loss=0.0013 Acc=100.0% | Test: Acc=23.7% | Best=24.9%(@4800)
  from x3: 0.23 0.23 0.24 0.24 0.24 0.24 0.24 0.24 0.24 0.24 0.24 0.24 0.24 0.24 0.24 0.24 0.24 0.24 0.24 0.24 0.24 0.24 0.24 0.24 0.23 0.23 0.24 0.24 0.24
  per-rule acc: 0.26 0.22
Epoch 4920 | Train: Loss=0.0140 Acc=99.8% | Test: Acc=24.5% | Best=24.9%(@4800)
  from x3: 0.24 0.24 0.25 0.24 0.25 0.25 0.25 0.25 0.24 0.25 0.25 0.24 0.25 0.24 0.25 0.25 0.24 0.24 0.24 0.25 0.25 0.25 0.25 0.25 0.25 0.25 0.25 0.24 0.25
  per-rule acc: 0.29 0.20
Epoch 4940 | Train: Loss=0.0011 Acc=100.0% | Test: Acc=24.7% | Best=24.9%(@4800)
  from x3: 0.24 0.24 0.25 0.25 0.25 0.25 0.25 0.25 0.25 0.25 0.25 0.25 0.25 0.25 0.25 0.25 0.25 0.25 0.25 0.25 0.25 0.25 0.25 0.25 0.25 0.25 0.25 0.25 0.25
  per-rule acc: 0.28 0.22
Epoch 4960 | Train: Loss=0.0013 Acc=100.0% | Test: Acc=23.9% | Best=24.9%(@4800)
  from x3: 0.23 0.24 0.23 0.24 0.24 0.24 0.24 0.24 0.24 0.24 0.24 0.24 0.24 0.24 0.24 0.24 0.24 0.24 0.24 0.24 0.24 0.24 0.24 0.24 0.24 0.24 0.24 0.24 0.24
  per-rule acc: 0.25 0.22
Epoch 4980 | Train: Loss=0.0014 Acc=100.0% | Test: Acc=23.1% | Best=24.9%(@4800)
  from x3: 0.23 0.23 0.22 0.23 0.23 0.23 0.23 0.23 0.23 0.23 0.23 0.23 0.23 0.23 0.23 0.23 0.23 0.23 0.23 0.23 0.23 0.23 0.23 0.23 0.23 0.23 0.23 0.23 0.23
  per-rule acc: 0.24 0.22
Epoch 5000 | Train: Loss=0.0232 Acc=99.8% | Test: Acc=24.7% | Best=24.9%(@4800)
  from x3: 0.25 0.24 0.24 0.24 0.25 0.24 0.25 0.25 0.25 0.25 0.25 0.25 0.24 0.25 0.25 0.25 0.25 0.25 0.25 0.25 0.25 0.25 0.25 0.25 0.25 0.25 0.25 0.25 0.25
  per-rule acc: 0.30 0.20
Epoch 5020 | Train: Loss=0.0009 Acc=100.0% | Test: Acc=26.3% | Best=26.3%(@5020)
  from x3: 0.25 0.26 0.27 0.27 0.27 0.27 0.26 0.26 0.26 0.26 0.26 0.26 0.26 0.26 0.26 0.26 0.26 0.26 0.26 0.26 0.26 0.26 0.26 0.26 0.26 0.26 0.26 0.26 0.26
  per-rule acc: 0.30 0.23
Epoch 5040 | Train: Loss=0.0011 Acc=100.0% | Test: Acc=24.7% | Best=26.3%(@5020)
  from x3: 0.24 0.24 0.24 0.25 0.25 0.25 0.25 0.25 0.25 0.25 0.25 0.25 0.25 0.25 0.25 0.25 0.25 0.25 0.25 0.25 0.25 0.25 0.25 0.25 0.25 0.25 0.25 0.25 0.25
  per-rule acc: 0.27 0.22
Epoch 5060 | Train: Loss=0.0013 Acc=100.0% | Test: Acc=22.8% | Best=26.3%(@5020)
  from x3: 0.23 0.23 0.22 0.22 0.23 0.23 0.23 0.23 0.23 0.23 0.23 0.23 0.23 0.23 0.23 0.23 0.23 0.23 0.23 0.23 0.23 0.23 0.23 0.23 0.23 0.23 0.23 0.23 0.23
  per-rule acc: 0.24 0.22
Epoch 5080 | Train: Loss=0.0014 Acc=100.0% | Test: Acc=22.5% | Best=26.3%(@5020)
  from x3: 0.22 0.23 0.22 0.22 0.22 0.22 0.23 0.22 0.23 0.23 0.23 0.23 0.23 0.23 0.23 0.23 0.23 0.23 0.23 0.23 0.23 0.23 0.23 0.23 0.23 0.23 0.23 0.23 0.23
  per-rule acc: 0.23 0.22
Epoch 5100 | Train: Loss=0.0345 Acc=99.5% | Test: Acc=25.8% | Best=26.3%(@5020)
  from x3: 0.25 0.25 0.26 0.26 0.26 0.26 0.26 0.26 0.26 0.26 0.26 0.26 0.26 0.26 0.26 0.26 0.26 0.26 0.26 0.26 0.26 0.26 0.26 0.26 0.26 0.26 0.26 0.26 0.26
  per-rule acc: 0.30 0.22
Epoch 5120 | Train: Loss=0.0009 Acc=100.0% | Test: Acc=25.0% | Best=26.3%(@5020)
  from x3: 0.25 0.25 0.25 0.25 0.25 0.25 0.25 0.25 0.25 0.25 0.25 0.25 0.25 0.25 0.25 0.25 0.25 0.25 0.25 0.25 0.25 0.25 0.25 0.25 0.25 0.25 0.25 0.25 0.25
  per-rule acc: 0.27 0.23
Epoch 5140 | Train: Loss=0.0011 Acc=100.0% | Test: Acc=23.6% | Best=26.3%(@5020)
  from x3: 0.23 0.23 0.24 0.24 0.23 0.24 0.24 0.23 0.23 0.24 0.24 0.24 0.24 0.24 0.23 0.24 0.24 0.23 0.23 0.24 0.24 0.24 0.24 0.24 0.24 0.24 0.24 0.24 0.24
  per-rule acc: 0.25 0.22
Epoch 5160 | Train: Loss=0.0013 Acc=100.0% | Test: Acc=23.4% | Best=26.3%(@5020)
  from x3: 0.23 0.23 0.23 0.23 0.23 0.23 0.24 0.23 0.23 0.23 0.24 0.24 0.24 0.24 0.23 0.24 0.24 0.24 0.24 0.24 0.24 0.24 0.24 0.24 0.24 0.24 0.24 0.24 0.24
  per-rule acc: 0.25 0.22
Epoch 5180 | Train: Loss=0.0013 Acc=100.0% | Test: Acc=23.3% | Best=26.3%(@5020)
  from x3: 0.22 0.23 0.23 0.23 0.23 0.23 0.23 0.23 0.23 0.23 0.23 0.23 0.23 0.23 0.23 0.23 0.24 0.23 0.24 0.24 0.23 0.24 0.24 0.23 0.23 0.23 0.23 0.23 0.23
  per-rule acc: 0.24 0.22
Epoch 5200 | Train: Loss=0.0017 Acc=100.0% | Test: Acc=25.2% | Best=26.3%(@5020)
  from x3: 0.25 0.26 0.25 0.25 0.25 0.25 0.25 0.25 0.25 0.25 0.25 0.25 0.25 0.25 0.25 0.25 0.25 0.25 0.25 0.25 0.25 0.25 0.25 0.25 0.25 0.25 0.25 0.25 0.25
  per-rule acc: 0.28 0.22
Epoch 5220 | Train: Loss=0.0010 Acc=100.0% | Test: Acc=24.1% | Best=26.3%(@5020)
  from x3: 0.23 0.25 0.25 0.25 0.24 0.24 0.25 0.24 0.24 0.24 0.24 0.24 0.24 0.24 0.24 0.24 0.24 0.24 0.24 0.24 0.24 0.24 0.24 0.24 0.24 0.24 0.24 0.24 0.24
  per-rule acc: 0.26 0.22
Epoch 5240 | Train: Loss=0.0012 Acc=100.0% | Test: Acc=23.6% | Best=26.3%(@5020)
  from x3: 0.23 0.24 0.24 0.24 0.24 0.24 0.24 0.24 0.24 0.24 0.24 0.24 0.24 0.24 0.24 0.24 0.24 0.24 0.24 0.24 0.24 0.24 0.24 0.24 0.24 0.24 0.24 0.24 0.23
  per-rule acc: 0.25 0.22
Epoch 5260 | Train: Loss=0.0013 Acc=100.0% | Test: Acc=23.5% | Best=26.3%(@5020)
  from x3: 0.23 0.24 0.23 0.24 0.24 0.24 0.24 0.24 0.24 0.24 0.23 0.23 0.24 0.24 0.23 0.23 0.23 0.23 0.24 0.23 0.23 0.23 0.23 0.24 0.24 0.23 0.23 0.23 0.23
  per-rule acc: 0.25 0.22
Epoch 5280 | Train: Loss=0.0083 Acc=99.9% | Test: Acc=24.8% | Best=26.3%(@5020)
  from x3: 0.24 0.25 0.25 0.25 0.25 0.25 0.25 0.25 0.25 0.25 0.25 0.25 0.25 0.25 0.25 0.25 0.25 0.25 0.25 0.25 0.25 0.25 0.25 0.25 0.25 0.25 0.25 0.25 0.25
  per-rule acc: 0.29 0.21
Epoch 5300 | Train: Loss=0.0010 Acc=100.0% | Test: Acc=24.8% | Best=26.3%(@5020)
  from x3: 0.25 0.25 0.25 0.25 0.25 0.25 0.25 0.25 0.25 0.25 0.25 0.25 0.25 0.25 0.25 0.25 0.25 0.25 0.25 0.25 0.25 0.25 0.25 0.25 0.25 0.25 0.25 0.25 0.25
  per-rule acc: 0.29 0.21
Epoch 5320 | Train: Loss=0.0012 Acc=100.0% | Test: Acc=24.1% | Best=26.3%(@5020)
  from x3: 0.24 0.24 0.24 0.24 0.24 0.24 0.24 0.24 0.24 0.24 0.24 0.24 0.24 0.24 0.24 0.24 0.24 0.24 0.24 0.24 0.24 0.24 0.24 0.24 0.24 0.24 0.24 0.24 0.24
  per-rule acc: 0.27 0.21
Epoch 5340 | Train: Loss=0.0014 Acc=100.0% | Test: Acc=23.5% | Best=26.3%(@5020)
  from x3: 0.23 0.23 0.23 0.23 0.23 0.23 0.23 0.23 0.23 0.23 0.23 0.24 0.24 0.24 0.23 0.23 0.24 0.24 0.24 0.24 0.24 0.24 0.24 0.24 0.24 0.24 0.24 0.23 0.24
  per-rule acc: 0.25 0.22
Epoch 5360 | Train: Loss=0.0013 Acc=100.0% | Test: Acc=23.4% | Best=26.3%(@5020)
  from x3: 0.24 0.24 0.23 0.23 0.23 0.23 0.23 0.23 0.23 0.23 0.23 0.24 0.23 0.23 0.23 0.23 0.23 0.23 0.23 0.23 0.23 0.23 0.23 0.23 0.23 0.23 0.23 0.23 0.23
  per-rule acc: 0.25 0.22
Epoch 5380 | Train: Loss=0.0148 Acc=99.8% | Test: Acc=24.9% | Best=26.3%(@5020)
  from x3: 0.25 0.24 0.25 0.25 0.25 0.25 0.25 0.25 0.25 0.25 0.25 0.25 0.25 0.25 0.25 0.25 0.25 0.25 0.25 0.25 0.25 0.25 0.25 0.25 0.25 0.25 0.25 0.25 0.25
  per-rule acc: 0.28 0.21
Epoch 5400 | Train: Loss=0.0009 Acc=100.0% | Test: Acc=25.1% | Best=26.3%(@5020)
  from x3: 0.25 0.25 0.26 0.26 0.26 0.25 0.25 0.25 0.25 0.25 0.25 0.25 0.25 0.25 0.25 0.25 0.25 0.25 0.25 0.25 0.25 0.25 0.25 0.25 0.25 0.25 0.25 0.25 0.25
  per-rule acc: 0.28 0.23
Epoch 5420 | Train: Loss=0.0011 Acc=100.0% | Test: Acc=24.1% | Best=26.3%(@5020)
  from x3: 0.24 0.24 0.23 0.24 0.24 0.24 0.24 0.24 0.24 0.24 0.24 0.24 0.24 0.24 0.24 0.24 0.24 0.24 0.24 0.24 0.24 0.24 0.24 0.24 0.24 0.24 0.24 0.24 0.24
  per-rule acc: 0.26 0.23
Epoch 5440 | Train: Loss=0.0012 Acc=100.0% | Test: Acc=23.4% | Best=26.3%(@5020)
  from x3: 0.23 0.23 0.23 0.23 0.23 0.23 0.24 0.23 0.23 0.23 0.23 0.23 0.23 0.23 0.23 0.23 0.23 0.23 0.23 0.23 0.23 0.24 0.23 0.24 0.24 0.24 0.24 0.24 0.24
  per-rule acc: 0.25 0.22
Epoch 5460 | Train: Loss=0.0013 Acc=100.0% | Test: Acc=23.4% | Best=26.3%(@5020)
  from x3: 0.23 0.24 0.23 0.24 0.23 0.23 0.23 0.23 0.23 0.23 0.23 0.23 0.23 0.23 0.23 0.23 0.23 0.23 0.23 0.23 0.24 0.23 0.24 0.24 0.24 0.24 0.24 0.24 0.24
  per-rule acc: 0.24 0.23
Epoch 5480 | Train: Loss=0.0210 Acc=99.6% | Test: Acc=26.0% | Best=26.3%(@5020)
  from x3: 0.26 0.26 0.26 0.26 0.26 0.26 0.26 0.26 0.26 0.26 0.26 0.26 0.26 0.26 0.26 0.26 0.26 0.26 0.26 0.26 0.26 0.26 0.26 0.26 0.26 0.26 0.26 0.26 0.26
  per-rule acc: 0.31 0.21
Epoch 5500 | Train: Loss=0.0009 Acc=100.0% | Test: Acc=26.3% | Best=26.3%(@5020)
  from x3: 0.26 0.26 0.26 0.26 0.26 0.26 0.26 0.26 0.26 0.26 0.26 0.26 0.26 0.26 0.26 0.26 0.26 0.26 0.26 0.26 0.26 0.26 0.26 0.26 0.26 0.26 0.26 0.26 0.26
  per-rule acc: 0.29 0.23
Epoch 5520 | Train: Loss=0.0010 Acc=100.0% | Test: Acc=24.4% | Best=26.3%(@5020)
  from x3: 0.25 0.24 0.25 0.25 0.25 0.25 0.25 0.25 0.25 0.24 0.24 0.24 0.24 0.24 0.24 0.24 0.24 0.24 0.24 0.24 0.24 0.24 0.24 0.24 0.24 0.24 0.24 0.24 0.25
  per-rule acc: 0.26 0.23
Epoch 5540 | Train: Loss=0.0012 Acc=100.0% | Test: Acc=23.9% | Best=26.3%(@5020)
  from x3: 0.24 0.24 0.24 0.24 0.24 0.24 0.24 0.24 0.24 0.24 0.24 0.24 0.24 0.24 0.24 0.24 0.24 0.24 0.24 0.24 0.24 0.24 0.24 0.24 0.24 0.24 0.24 0.24 0.24
  per-rule acc: 0.25 0.23
Epoch 5560 | Train: Loss=0.0013 Acc=100.0% | Test: Acc=23.9% | Best=26.3%(@5020)
  from x3: 0.23 0.24 0.24 0.24 0.24 0.24 0.24 0.24 0.24 0.24 0.24 0.24 0.24 0.24 0.24 0.24 0.24 0.24 0.24 0.24 0.24 0.24 0.24 0.24 0.24 0.24 0.24 0.24 0.24
  per-rule acc: 0.25 0.23
Epoch 5580 | Train: Loss=0.0013 Acc=100.0% | Test: Acc=24.5% | Best=26.3%(@5020)
  from x3: 0.23 0.25 0.24 0.24 0.25 0.25 0.25 0.25 0.25 0.25 0.25 0.25 0.25 0.25 0.25 0.25 0.25 0.25 0.24 0.25 0.24 0.24 0.24 0.24 0.24 0.24 0.24 0.24 0.24
  per-rule acc: 0.25 0.24
Epoch 5600 | Train: Loss=0.0010 Acc=100.0% | Test: Acc=25.6% | Best=26.3%(@5020)
  from x3: 0.26 0.26 0.26 0.26 0.25 0.26 0.26 0.26 0.26 0.26 0.26 0.26 0.26 0.26 0.26 0.26 0.26 0.26 0.26 0.26 0.25 0.26 0.26 0.26 0.26 0.26 0.26 0.26 0.26
  per-rule acc: 0.28 0.23
Epoch 5620 | Train: Loss=0.0010 Acc=100.0% | Test: Acc=24.8% | Best=26.3%(@5020)
  from x3: 0.25 0.25 0.25 0.25 0.25 0.25 0.25 0.25 0.25 0.24 0.25 0.25 0.25 0.25 0.25 0.25 0.25 0.25 0.25 0.25 0.25 0.25 0.25 0.25 0.25 0.25 0.25 0.25 0.25
  per-rule acc: 0.27 0.22
Epoch 5640 | Train: Loss=0.0012 Acc=100.0% | Test: Acc=23.7% | Best=26.3%(@5020)
  from x3: 0.24 0.24 0.23 0.24 0.24 0.24 0.24 0.24 0.24 0.24 0.24 0.24 0.24 0.24 0.24 0.24 0.24 0.24 0.24 0.24 0.24 0.24 0.24 0.24 0.24 0.24 0.24 0.24 0.24
  per-rule acc: 0.26 0.22
Epoch 5660 | Train: Loss=0.0012 Acc=100.0% | Test: Acc=24.3% | Best=26.3%(@5020)
  from x3: 0.24 0.24 0.24 0.24 0.24 0.24 0.24 0.24 0.24 0.24 0.24 0.25 0.24 0.24 0.25 0.24 0.24 0.24 0.25 0.24 0.24 0.25 0.24 0.24 0.24 0.24 0.24 0.24 0.24
  per-rule acc: 0.26 0.23
Epoch 5680 | Train: Loss=0.0013 Acc=100.0% | Test: Acc=24.1% | Best=26.3%(@5020)
  from x3: 0.24 0.24 0.24 0.24 0.24 0.24 0.24 0.24 0.24 0.24 0.24 0.24 0.24 0.24 0.24 0.24 0.24 0.24 0.24 0.24 0.24 0.24 0.24 0.24 0.24 0.24 0.24 0.24 0.24
  per-rule acc: 0.25 0.23
Epoch 5700 | Train: Loss=0.0099 Acc=99.8% | Test: Acc=26.0% | Best=26.3%(@5020)
  from x3: 0.25 0.26 0.26 0.26 0.26 0.26 0.26 0.26 0.26 0.26 0.26 0.26 0.26 0.26 0.26 0.26 0.26 0.26 0.26 0.26 0.26 0.26 0.26 0.26 0.26 0.26 0.26 0.26 0.26
  per-rule acc: 0.31 0.21
Epoch 5720 | Train: Loss=0.0009 Acc=100.0% | Test: Acc=26.2% | Best=26.3%(@5020)
  from x3: 0.25 0.26 0.25 0.26 0.26 0.26 0.26 0.26 0.26 0.26 0.26 0.26 0.26 0.26 0.26 0.26 0.27 0.26 0.26 0.26 0.26 0.26 0.26 0.26 0.26 0.26 0.26 0.26 0.26
  per-rule acc: 0.29 0.23
Epoch 5740 | Train: Loss=0.0011 Acc=100.0% | Test: Acc=24.8% | Best=26.3%(@5020)
  from x3: 0.23 0.25 0.24 0.24 0.25 0.25 0.25 0.25 0.25 0.25 0.25 0.25 0.25 0.25 0.25 0.25 0.25 0.25 0.25 0.25 0.25 0.25 0.25 0.25 0.25 0.25 0.25 0.25 0.25
  per-rule acc: 0.27 0.22
Epoch 5760 | Train: Loss=0.0012 Acc=100.0% | Test: Acc=23.9% | Best=26.3%(@5020)
  from x3: 0.23 0.24 0.24 0.24 0.24 0.24 0.24 0.24 0.24 0.24 0.24 0.24 0.24 0.24 0.24 0.24 0.24 0.24 0.24 0.24 0.24 0.24 0.24 0.24 0.24 0.24 0.24 0.24 0.24
  per-rule acc: 0.26 0.22
Epoch 5780 | Train: Loss=0.0012 Acc=100.0% | Test: Acc=23.9% | Best=26.3%(@5020)
  from x3: 0.24 0.25 0.24 0.24 0.24 0.24 0.24 0.24 0.24 0.24 0.24 0.24 0.24 0.24 0.24 0.24 0.24 0.24 0.24 0.24 0.24 0.24 0.24 0.24 0.24 0.24 0.24 0.24 0.24
  per-rule acc: 0.25 0.23
Epoch 5800 | Train: Loss=0.0345 Acc=99.9% | Test: Acc=21.1% | Best=26.3%(@5020)
  from x3: 0.21 0.22 0.21 0.21 0.21 0.21 0.21 0.21 0.21 0.21 0.21 0.21 0.21 0.21 0.21 0.21 0.21 0.21 0.21 0.21 0.21 0.21 0.21 0.21 0.21 0.21 0.21 0.21 0.21
  per-rule acc: 0.22 0.20
Epoch 5820 | Train: Loss=0.0011 Acc=100.0% | Test: Acc=27.2% | Best=27.2%(@5820)
  from x3: 0.26 0.28 0.27 0.27 0.27 0.27 0.27 0.27 0.27 0.27 0.27 0.27 0.27 0.27 0.27 0.27 0.27 0.27 0.27 0.27 0.27 0.27 0.27 0.27 0.27 0.27 0.27 0.27 0.27
  per-rule acc: 0.31 0.23
Epoch 5840 | Train: Loss=0.0010 Acc=100.0% | Test: Acc=26.3% | Best=27.2%(@5820)
  from x3: 0.25 0.26 0.26 0.26 0.27 0.26 0.26 0.26 0.26 0.26 0.26 0.27 0.26 0.26 0.26 0.26 0.26 0.26 0.26 0.26 0.26 0.26 0.26 0.26 0.26 0.26 0.26 0.26 0.26
  per-rule acc: 0.29 0.23
Epoch 5860 | Train: Loss=0.0011 Acc=100.0% | Test: Acc=24.9% | Best=27.2%(@5820)
  from x3: 0.25 0.25 0.25 0.25 0.25 0.25 0.25 0.25 0.25 0.25 0.25 0.25 0.25 0.25 0.25 0.25 0.25 0.25 0.25 0.25 0.25 0.25 0.25 0.25 0.25 0.25 0.25 0.25 0.25
  per-rule acc: 0.27 0.23
Epoch 5880 | Train: Loss=0.0012 Acc=100.0% | Test: Acc=25.2% | Best=27.2%(@5820)
  from x3: 0.24 0.25 0.25 0.25 0.25 0.25 0.25 0.25 0.25 0.25 0.25 0.25 0.25 0.25 0.25 0.25 0.25 0.25 0.25 0.25 0.25 0.25 0.25 0.25 0.25 0.25 0.25 0.25 0.25
  per-rule acc: 0.27 0.24
Epoch 5900 | Train: Loss=0.0012 Acc=100.0% | Test: Acc=25.0% | Best=27.2%(@5820)
  from x3: 0.24 0.26 0.25 0.25 0.25 0.25 0.25 0.25 0.25 0.25 0.25 0.25 0.25 0.25 0.25 0.25 0.25 0.25 0.25 0.25 0.25 0.25 0.25 0.25 0.25 0.25 0.25 0.25 0.25
  per-rule acc: 0.26 0.24
Epoch 5920 | Train: Loss=0.0140 Acc=99.9% | Test: Acc=25.8% | Best=27.2%(@5820)
  from x3: 0.25 0.26 0.25 0.25 0.26 0.26 0.26 0.25 0.26 0.26 0.26 0.26 0.26 0.26 0.26 0.26 0.26 0.26 0.26 0.26 0.26 0.26 0.26 0.26 0.26 0.26 0.26 0.26 0.26
  per-rule acc: 0.30 0.21
Epoch 5940 | Train: Loss=0.0010 Acc=100.0% | Test: Acc=25.9% | Best=27.2%(@5820)
  from x3: 0.26 0.26 0.26 0.27 0.26 0.26 0.26 0.26 0.26 0.26 0.26 0.26 0.26 0.26 0.26 0.26 0.26 0.26 0.26 0.26 0.26 0.26 0.26 0.26 0.26 0.26 0.26 0.26 0.26
  per-rule acc: 0.28 0.24
Epoch 5960 | Train: Loss=0.0010 Acc=100.0% | Test: Acc=24.7% | Best=27.2%(@5820)
  from x3: 0.25 0.26 0.25 0.25 0.25 0.25 0.25 0.25 0.25 0.25 0.25 0.25 0.25 0.25 0.25 0.25 0.25 0.25 0.25 0.25 0.25 0.25 0.25 0.25 0.25 0.25 0.25 0.24 0.25
  per-rule acc: 0.27 0.23
Epoch 5980 | Train: Loss=0.0011 Acc=100.0% | Test: Acc=23.8% | Best=27.2%(@5820)
  from x3: 0.25 0.24 0.24 0.24 0.24 0.24 0.24 0.24 0.24 0.24 0.24 0.24 0.24 0.24 0.24 0.24 0.24 0.24 0.24 0.24 0.24 0.24 0.24 0.24 0.24 0.23 0.24 0.24 0.24
  per-rule acc: 0.26 0.22
Epoch 6000 | Train: Loss=0.0013 Acc=100.0% | Test: Acc=24.0% | Best=27.2%(@5820)
  from x3: 0.24 0.24 0.24 0.24 0.24 0.24 0.24 0.24 0.24 0.24 0.24 0.24 0.24 0.24 0.24 0.24 0.24 0.24 0.24 0.24 0.24 0.24 0.24 0.24 0.24 0.24 0.24 0.24 0.24
  per-rule acc: 0.25 0.23
Epoch 6020 | Train: Loss=0.0012 Acc=100.0% | Test: Acc=24.7% | Best=27.2%(@5820)
  from x3: 0.24 0.24 0.25 0.25 0.25 0.25 0.25 0.25 0.25 0.25 0.25 0.25 0.25 0.25 0.25 0.25 0.25 0.25 0.25 0.25 0.25 0.25 0.25 0.25 0.25 0.25 0.25 0.25 0.25
  per-rule acc: 0.25 0.24
Epoch 6040 | Train: Loss=0.1613 Acc=98.4% | Test: Acc=20.1% | Best=27.2%(@5820)
  from x3: 0.20 0.20 0.20 0.20 0.20 0.20 0.20 0.20 0.20 0.20 0.20 0.20 0.20 0.20 0.20 0.20 0.20 0.20 0.20 0.20 0.20 0.20 0.20 0.20 0.20 0.20 0.20 0.20 0.20
  per-rule acc: 0.23 0.17
Epoch 6060 | Train: Loss=0.0017 Acc=100.0% | Test: Acc=27.5% | Best=27.5%(@6060)
  from x3: 0.27 0.27 0.27 0.27 0.27 0.28 0.28 0.27 0.27 0.27 0.27 0.27 0.27 0.27 0.28 0.27 0.27 0.27 0.27 0.27 0.28 0.28 0.27 0.28 0.28 0.28 0.27 0.27 0.27
  per-rule acc: 0.32 0.23
Epoch 6080 | Train: Loss=0.0009 Acc=100.0% | Test: Acc=26.5% | Best=27.5%(@6060)
  from x3: 0.26 0.27 0.26 0.26 0.26 0.26 0.26 0.26 0.27 0.27 0.26 0.26 0.26 0.27 0.27 0.27 0.27 0.27 0.26 0.27 0.27 0.26 0.27 0.27 0.26 0.27 0.26 0.26 0.26
  per-rule acc: 0.29 0.24
Epoch 6100 | Train: Loss=0.0011 Acc=100.0% | Test: Acc=25.5% | Best=27.5%(@6060)
  from x3: 0.25 0.25 0.25 0.25 0.26 0.26 0.26 0.26 0.26 0.26 0.26 0.25 0.26 0.26 0.25 0.25 0.25 0.25 0.25 0.26 0.26 0.25 0.25 0.25 0.26 0.26 0.26 0.26 0.26
  per-rule acc: 0.28 0.23
Epoch 6120 | Train: Loss=0.0012 Acc=100.0% | Test: Acc=24.9% | Best=27.5%(@6060)
  from x3: 0.25 0.25 0.25 0.25 0.25 0.25 0.25 0.25 0.25 0.25 0.25 0.25 0.25 0.25 0.25 0.25 0.25 0.25 0.25 0.25 0.25 0.25 0.25 0.25 0.25 0.25 0.25 0.25 0.25
  per-rule acc: 0.26 0.23
Epoch 6140 | Train: Loss=0.0012 Acc=100.0% | Test: Acc=25.0% | Best=27.5%(@6060)
  from x3: 0.24 0.25 0.25 0.25 0.25 0.25 0.25 0.25 0.25 0.25 0.25 0.25 0.25 0.25 0.25 0.25 0.25 0.25 0.25 0.25 0.25 0.25 0.25 0.25 0.25 0.25 0.25 0.25 0.25
  per-rule acc: 0.26 0.24
Epoch 6160 | Train: Loss=0.0012 Acc=100.0% | Test: Acc=25.0% | Best=27.5%(@6060)
  from x3: 0.24 0.25 0.25 0.25 0.25 0.25 0.25 0.25 0.25 0.25 0.25 0.25 0.25 0.25 0.25 0.25 0.25 0.25 0.25 0.25 0.25 0.25 0.25 0.25 0.25 0.25 0.25 0.25 0.25
  per-rule acc: 0.25 0.25
Epoch 6180 | Train: Loss=0.0141 Acc=99.8% | Test: Acc=27.0% | Best=27.5%(@6060)
  from x3: 0.26 0.26 0.26 0.27 0.27 0.27 0.27 0.27 0.27 0.27 0.27 0.27 0.27 0.27 0.27 0.27 0.27 0.27 0.27 0.27 0.27 0.27 0.27 0.27 0.27 0.27 0.27 0.27 0.27
  per-rule acc: 0.31 0.23
Epoch 6200 | Train: Loss=0.0009 Acc=100.0% | Test: Acc=27.0% | Best=27.5%(@6060)
  from x3: 0.27 0.27 0.27 0.27 0.27 0.27 0.26 0.27 0.27 0.27 0.27 0.27 0.27 0.27 0.27 0.27 0.27 0.27 0.27 0.27 0.27 0.27 0.27 0.27 0.27 0.27 0.27 0.27 0.27
  per-rule acc: 0.31 0.23
Epoch 6220 | Train: Loss=0.0010 Acc=100.0% | Test: Acc=25.9% | Best=27.5%(@6060)
  from x3: 0.26 0.26 0.26 0.26 0.26 0.26 0.26 0.26 0.26 0.26 0.26 0.26 0.26 0.26 0.26 0.26 0.26 0.26 0.26 0.26 0.26 0.26 0.26 0.26 0.26 0.26 0.26 0.26 0.26
  per-rule acc: 0.29 0.23
Epoch 6240 | Train: Loss=0.0011 Acc=100.0% | Test: Acc=25.5% | Best=27.5%(@6060)
  from x3: 0.25 0.26 0.25 0.26 0.26 0.25 0.25 0.26 0.26 0.25 0.25 0.26 0.25 0.26 0.25 0.25 0.25 0.25 0.26 0.26 0.25 0.26 0.26 0.26 0.26 0.26 0.25 0.25 0.25
  per-rule acc: 0.27 0.24
Epoch 6260 | Train: Loss=0.0011 Acc=100.0% | Test: Acc=25.2% | Best=27.5%(@6060)
  from x3: 0.25 0.25 0.25 0.25 0.25 0.25 0.25 0.25 0.25 0.25 0.25 0.25 0.25 0.25 0.25 0.25 0.25 0.25 0.25 0.25 0.25 0.25 0.25 0.25 0.25 0.25 0.25 0.25 0.25
  per-rule acc: 0.26 0.25
Epoch 6280 | Train: Loss=0.0011 Acc=100.0% | Test: Acc=25.8% | Best=27.5%(@6060)
  from x3: 0.25 0.25 0.25 0.26 0.26 0.25 0.25 0.26 0.26 0.26 0.26 0.26 0.26 0.26 0.26 0.26 0.26 0.26 0.26 0.26 0.26 0.26 0.26 0.26 0.26 0.26 0.26 0.26 0.26
  per-rule acc: 0.26 0.25
Epoch 6300 | Train: Loss=0.1389 Acc=99.4% | Test: Acc=20.2% | Best=27.5%(@6060)
  from x3: 0.19 0.20 0.20 0.20 0.20 0.20 0.20 0.20 0.20 0.20 0.20 0.20 0.20 0.20 0.20 0.20 0.20 0.20 0.20 0.21 0.21 0.20 0.20 0.20 0.20 0.20 0.20 0.20 0.20
  per-rule acc: 0.22 0.18
Epoch 6320 | Train: Loss=0.0009 Acc=100.0% | Test: Acc=25.9% | Best=27.5%(@6060)
  from x3: 0.26 0.26 0.26 0.26 0.25 0.26 0.26 0.26 0.26 0.26 0.26 0.26 0.26 0.26 0.26 0.26 0.26 0.26 0.26 0.26 0.26 0.26 0.26 0.26 0.26 0.26 0.26 0.26 0.26
  per-rule acc: 0.30 0.22
Epoch 6340 | Train: Loss=0.0009 Acc=100.0% | Test: Acc=25.9% | Best=27.5%(@6060)
  from x3: 0.26 0.26 0.26 0.26 0.26 0.26 0.26 0.26 0.26 0.26 0.26 0.26 0.26 0.26 0.26 0.26 0.26 0.26 0.26 0.26 0.26 0.26 0.26 0.26 0.26 0.26 0.26 0.26 0.26
  per-rule acc: 0.28 0.23
Epoch 6360 | Train: Loss=0.0011 Acc=100.0% | Test: Acc=25.4% | Best=27.5%(@6060)
  from x3: 0.25 0.26 0.25 0.25 0.25 0.25 0.25 0.25 0.25 0.25 0.25 0.25 0.25 0.25 0.25 0.25 0.25 0.25 0.25 0.26 0.25 0.25 0.25 0.26 0.25 0.25 0.25 0.25 0.25
  per-rule acc: 0.27 0.24
Epoch 6380 | Train: Loss=0.0011 Acc=100.0% | Test: Acc=25.2% | Best=27.5%(@6060)
  from x3: 0.25 0.26 0.25 0.25 0.25 0.25 0.25 0.25 0.25 0.25 0.25 0.25 0.25 0.25 0.25 0.25 0.25 0.25 0.25 0.25 0.25 0.25 0.25 0.25 0.25 0.25 0.25 0.25 0.25
  per-rule acc: 0.26 0.24
Epoch 6400 | Train: Loss=0.0011 Acc=100.0% | Test: Acc=25.4% | Best=27.5%(@6060)
  from x3: 0.25 0.26 0.25 0.26 0.26 0.26 0.25 0.25 0.25 0.25 0.25 0.25 0.25 0.25 0.25 0.25 0.25 0.25 0.25 0.25 0.25 0.25 0.25 0.25 0.25 0.25 0.25 0.25 0.25
  per-rule acc: 0.26 0.25
Epoch 6420 | Train: Loss=0.0160 Acc=99.8% | Test: Acc=26.2% | Best=27.5%(@6060)
  from x3: 0.26 0.26 0.26 0.26 0.26 0.26 0.26 0.26 0.26 0.26 0.26 0.26 0.26 0.26 0.26 0.26 0.26 0.26 0.26 0.26 0.26 0.26 0.26 0.26 0.26 0.26 0.26 0.26 0.26
  per-rule acc: 0.30 0.23
Epoch 6440 | Train: Loss=0.0010 Acc=100.0% | Test: Acc=26.5% | Best=27.5%(@6060)
  from x3: 0.26 0.27 0.26 0.26 0.27 0.27 0.27 0.27 0.27 0.27 0.27 0.26 0.26 0.26 0.26 0.26 0.26 0.26 0.26 0.26 0.26 0.26 0.26 0.26 0.26 0.27 0.27 0.27 0.27
  per-rule acc: 0.30 0.23
Epoch 6460 | Train: Loss=0.0010 Acc=100.0% | Test: Acc=26.0% | Best=27.5%(@6060)
  from x3: 0.25 0.26 0.26 0.26 0.26 0.26 0.26 0.26 0.26 0.26 0.26 0.26 0.26 0.26 0.26 0.26 0.26 0.26 0.26 0.26 0.26 0.26 0.26 0.26 0.26 0.26 0.26 0.26 0.26
  per-rule acc: 0.29 0.23
Epoch 6480 | Train: Loss=0.0011 Acc=100.0% | Test: Acc=25.0% | Best=27.5%(@6060)
  from x3: 0.25 0.26 0.25 0.25 0.25 0.25 0.25 0.25 0.25 0.25 0.25 0.25 0.25 0.25 0.25 0.25 0.25 0.25 0.25 0.25 0.25 0.25 0.25 0.25 0.25 0.25 0.25 0.25 0.25
  per-rule acc: 0.27 0.23
Epoch 6500 | Train: Loss=0.0011 Acc=100.0% | Test: Acc=25.3% | Best=27.5%(@6060)
  from x3: 0.25 0.26 0.25 0.25 0.25 0.25 0.26 0.25 0.25 0.25 0.25 0.25 0.25 0.25 0.25 0.25 0.25 0.25 0.25 0.25 0.25 0.25 0.25 0.25 0.25 0.25 0.25 0.25 0.25
  per-rule acc: 0.27 0.24
Epoch 6520 | Train: Loss=0.0012 Acc=100.0% | Test: Acc=25.7% | Best=27.5%(@6060)
  from x3: 0.25 0.26 0.25 0.26 0.26 0.26 0.26 0.26 0.26 0.26 0.26 0.26 0.26 0.26 0.26 0.26 0.26 0.26 0.26 0.26 0.26 0.26 0.26 0.26 0.26 0.26 0.26 0.26 0.26
  per-rule acc: 0.27 0.25
Epoch 6540 | Train: Loss=0.0285 Acc=99.7% | Test: Acc=25.9% | Best=27.5%(@6060)
  from x3: 0.25 0.26 0.26 0.26 0.26 0.26 0.26 0.26 0.26 0.26 0.26 0.26 0.26 0.26 0.26 0.26 0.26 0.26 0.26 0.26 0.26 0.26 0.26 0.26 0.26 0.26 0.26 0.26 0.26
  per-rule acc: 0.29 0.23
Epoch 6560 | Train: Loss=0.0009 Acc=100.0% | Test: Acc=27.1% | Best=27.5%(@6060)
  from x3: 0.27 0.28 0.27 0.27 0.27 0.27 0.27 0.27 0.27 0.27 0.27 0.27 0.27 0.27 0.27 0.27 0.27 0.27 0.27 0.27 0.27 0.27 0.27 0.27 0.27 0.27 0.27 0.27 0.27
  per-rule acc: 0.30 0.24
Epoch 6580 | Train: Loss=0.0010 Acc=100.0% | Test: Acc=26.9% | Best=27.5%(@6060)
  from x3: 0.26 0.27 0.27 0.27 0.27 0.27 0.27 0.27 0.27 0.27 0.27 0.27 0.27 0.27 0.27 0.27 0.27 0.27 0.27 0.27 0.27 0.27 0.27 0.27 0.27 0.27 0.27 0.27 0.27
  per-rule acc: 0.29 0.24
Epoch 6600 | Train: Loss=0.0011 Acc=100.0% | Test: Acc=26.4% | Best=27.5%(@6060)
  from x3: 0.26 0.27 0.26 0.27 0.26 0.26 0.27 0.26 0.27 0.26 0.26 0.26 0.26 0.26 0.26 0.26 0.26 0.26 0.26 0.26 0.26 0.27 0.27 0.27 0.26 0.26 0.26 0.26 0.26
  per-rule acc: 0.28 0.24
Epoch 6620 | Train: Loss=0.0011 Acc=100.0% | Test: Acc=26.4% | Best=27.5%(@6060)
  from x3: 0.26 0.27 0.26 0.27 0.26 0.26 0.26 0.26 0.26 0.26 0.26 0.27 0.26 0.26 0.26 0.27 0.26 0.26 0.26 0.26 0.26 0.26 0.26 0.26 0.26 0.26 0.26 0.26 0.26
  per-rule acc: 0.27 0.25
Epoch 6640 | Train: Loss=0.0011 Acc=100.0% | Test: Acc=26.4% | Best=27.5%(@6060)
  from x3: 0.26 0.27 0.26 0.26 0.26 0.26 0.26 0.26 0.26 0.26 0.26 0.26 0.26 0.27 0.26 0.26 0.26 0.26 0.27 0.27 0.26 0.27 0.27 0.27 0.27 0.27 0.26 0.27 0.26
  per-rule acc: 0.27 0.26
Epoch 6660 | Train: Loss=0.0011 Acc=100.0% | Test: Acc=26.2% | Best=27.5%(@6060)
  from x3: 0.26 0.27 0.26 0.26 0.26 0.26 0.26 0.26 0.26 0.26 0.26 0.26 0.26 0.26 0.26 0.26 0.26 0.26 0.26 0.26 0.26 0.26 0.26 0.26 0.26 0.26 0.26 0.26 0.26
  per-rule acc: 0.27 0.26
Epoch 6680 | Train: Loss=0.0120 Acc=99.9% | Test: Acc=25.6% | Best=27.5%(@6060)
  from x3: 0.25 0.26 0.26 0.25 0.26 0.25 0.25 0.25 0.25 0.25 0.26 0.25 0.26 0.26 0.26 0.26 0.26 0.26 0.26 0.26 0.26 0.26 0.26 0.26 0.26 0.26 0.26 0.26 0.26
  per-rule acc: 0.30 0.21
Epoch 6700 | Train: Loss=0.0009 Acc=100.0% | Test: Acc=26.5% | Best=27.5%(@6060)
  from x3: 0.27 0.27 0.27 0.26 0.26 0.26 0.26 0.26 0.26 0.26 0.27 0.27 0.26 0.26 0.27 0.26 0.27 0.26 0.27 0.27 0.27 0.26 0.26 0.26 0.27 0.27 0.27 0.27 0.27
  per-rule acc: 0.29 0.24
Epoch 6720 | Train: Loss=0.0010 Acc=100.0% | Test: Acc=25.8% | Best=27.5%(@6060)
  from x3: 0.25 0.26 0.26 0.26 0.25 0.26 0.26 0.26 0.26 0.26 0.26 0.26 0.26 0.26 0.26 0.26 0.26 0.26 0.26 0.26 0.26 0.26 0.26 0.26 0.26 0.26 0.26 0.26 0.26
  per-rule acc: 0.28 0.24
Epoch 6740 | Train: Loss=0.0010 Acc=100.0% | Test: Acc=25.7% | Best=27.5%(@6060)
  from x3: 0.25 0.26 0.26 0.26 0.26 0.26 0.26 0.26 0.26 0.26 0.26 0.26 0.26 0.26 0.26 0.26 0.26 0.26 0.26 0.26 0.26 0.26 0.26 0.26 0.26 0.26 0.26 0.26 0.26
  per-rule acc: 0.27 0.24
Epoch 6760 | Train: Loss=0.0011 Acc=100.0% | Test: Acc=25.9% | Best=27.5%(@6060)
  from x3: 0.26 0.26 0.26 0.26 0.26 0.26 0.26 0.26 0.26 0.26 0.26 0.26 0.26 0.26 0.26 0.26 0.26 0.26 0.26 0.26 0.26 0.26 0.26 0.26 0.26 0.26 0.26 0.26 0.26
  per-rule acc: 0.27 0.25
Epoch 6780 | Train: Loss=0.0011 Acc=100.0% | Test: Acc=26.3% | Best=27.5%(@6060)
  from x3: 0.25 0.27 0.26 0.26 0.26 0.26 0.26 0.26 0.26 0.26 0.26 0.26 0.26 0.26 0.26 0.26 0.26 0.26 0.26 0.26 0.26 0.26 0.26 0.26 0.26 0.26 0.26 0.27 0.27
  per-rule acc: 0.27 0.25
Epoch 6800 | Train: Loss=0.0010 Acc=100.0% | Test: Acc=26.4% | Best=27.5%(@6060)
  from x3: 0.25 0.27 0.26 0.26 0.26 0.26 0.26 0.26 0.27 0.27 0.27 0.27 0.26 0.27 0.26 0.26 0.26 0.26 0.26 0.27 0.26 0.26 0.26 0.26 0.26 0.27 0.26 0.27 0.26
  per-rule acc: 0.27 0.26
Epoch 6820 | Train: Loss=0.0010 Acc=100.0% | Test: Acc=26.3% | Best=27.5%(@6060)
  from x3: 0.25 0.27 0.26 0.26 0.26 0.26 0.26 0.26 0.26 0.26 0.26 0.26 0.26 0.26 0.26 0.26 0.26 0.26 0.26 0.27 0.26 0.26 0.26 0.26 0.26 0.26 0.26 0.26 0.26
  per-rule acc: 0.27 0.26
Epoch 6840 | Train: Loss=0.0024 Acc=100.0% | Test: Acc=26.8% | Best=27.5%(@6060)
  from x3: 0.26 0.27 0.27 0.27 0.27 0.27 0.27 0.27 0.27 0.27 0.27 0.27 0.27 0.27 0.27 0.27 0.27 0.27 0.27 0.27 0.27 0.27 0.27 0.27 0.27 0.27 0.27 0.27 0.27
  per-rule acc: 0.31 0.22
Epoch 6860 | Train: Loss=0.0009 Acc=100.0% | Test: Acc=26.8% | Best=27.5%(@6060)
  from x3: 0.27 0.27 0.27 0.27 0.27 0.27 0.27 0.27 0.27 0.27 0.27 0.27 0.27 0.27 0.27 0.27 0.27 0.27 0.27 0.27 0.27 0.27 0.27 0.27 0.27 0.27 0.27 0.27 0.27
  per-rule acc: 0.30 0.24
Epoch 6880 | Train: Loss=0.0010 Acc=100.0% | Test: Acc=26.0% | Best=27.5%(@6060)
  from x3: 0.25 0.26 0.26 0.26 0.26 0.26 0.26 0.26 0.26 0.26 0.26 0.26 0.26 0.26 0.26 0.26 0.26 0.26 0.26 0.26 0.26 0.26 0.26 0.26 0.26 0.26 0.26 0.26 0.26
  per-rule acc: 0.28 0.24
Epoch 6900 | Train: Loss=0.0010 Acc=100.0% | Test: Acc=25.9% | Best=27.5%(@6060)
  from x3: 0.26 0.26 0.26 0.26 0.26 0.26 0.26 0.26 0.26 0.26 0.26 0.26 0.26 0.26 0.26 0.26 0.26 0.26 0.26 0.26 0.26 0.26 0.26 0.26 0.26 0.26 0.26 0.26 0.26
  per-rule acc: 0.28 0.24
Epoch 6920 | Train: Loss=0.0011 Acc=100.0% | Test: Acc=26.0% | Best=27.5%(@6060)
  from x3: 0.25 0.27 0.26 0.26 0.26 0.26 0.26 0.26 0.26 0.26 0.26 0.26 0.26 0.26 0.26 0.26 0.26 0.26 0.26 0.26 0.26 0.26 0.26 0.26 0.26 0.26 0.26 0.26 0.26
  per-rule acc: 0.27 0.25
Epoch 6940 | Train: Loss=0.0010 Acc=100.0% | Test: Acc=26.3% | Best=27.5%(@6060)
  from x3: 0.26 0.27 0.26 0.27 0.26 0.26 0.26 0.27 0.26 0.27 0.26 0.26 0.26 0.26 0.26 0.26 0.26 0.26 0.26 0.26 0.26 0.26 0.26 0.26 0.26 0.26 0.26 0.26 0.26
  per-rule acc: 0.27 0.26
Epoch 6960 | Train: Loss=0.0060 Acc=99.9% | Test: Acc=24.8% | Best=27.5%(@6060)
  from x3: 0.25 0.25 0.25 0.25 0.25 0.25 0.25 0.25 0.25 0.25 0.25 0.25 0.25 0.25 0.25 0.25 0.25 0.25 0.25 0.25 0.25 0.25 0.25 0.25 0.25 0.25 0.25 0.25 0.25
  per-rule acc: 0.29 0.20
Epoch 6980 | Train: Loss=0.0009 Acc=100.0% | Test: Acc=27.0% | Best=27.5%(@6060)
  from x3: 0.26 0.27 0.27 0.27 0.27 0.27 0.27 0.27 0.27 0.27 0.27 0.27 0.27 0.27 0.27 0.27 0.27 0.27 0.27 0.27 0.27 0.27 0.27 0.27 0.27 0.27 0.27 0.27 0.27
  per-rule acc: 0.30 0.24
Epoch 7000 | Train: Loss=0.0010 Acc=100.0% | Test: Acc=26.3% | Best=27.5%(@6060)
  from x3: 0.26 0.27 0.26 0.26 0.26 0.26 0.26 0.26 0.26 0.26 0.26 0.26 0.26 0.26 0.26 0.26 0.26 0.26 0.26 0.26 0.26 0.26 0.26 0.26 0.26 0.26 0.26 0.26 0.26
  per-rule acc: 0.28 0.24
Epoch 7020 | Train: Loss=0.0011 Acc=100.0% | Test: Acc=26.1% | Best=27.5%(@6060)
  from x3: 0.26 0.27 0.26 0.26 0.26 0.26 0.26 0.26 0.26 0.26 0.26 0.26 0.26 0.26 0.26 0.26 0.26 0.26 0.26 0.26 0.26 0.26 0.26 0.26 0.26 0.26 0.26 0.26 0.26
  per-rule acc: 0.27 0.25
Epoch 7040 | Train: Loss=0.0011 Acc=100.0% | Test: Acc=26.2% | Best=27.5%(@6060)
  from x3: 0.26 0.27 0.26 0.27 0.26 0.26 0.26 0.27 0.27 0.26 0.26 0.26 0.26 0.26 0.26 0.26 0.26 0.26 0.26 0.26 0.26 0.26 0.26 0.26 0.26 0.26 0.26 0.26 0.26
  per-rule acc: 0.27 0.25
Epoch 7060 | Train: Loss=0.0011 Acc=100.0% | Test: Acc=26.1% | Best=27.5%(@6060)
  from x3: 0.26 0.27 0.26 0.26 0.26 0.26 0.26 0.26 0.26 0.26 0.26 0.26 0.26 0.26 0.26 0.26 0.26 0.26 0.26 0.26 0.26 0.26 0.26 0.26 0.26 0.26 0.26 0.26 0.26
  per-rule acc: 0.26 0.26
Epoch 7080 | Train: Loss=0.0010 Acc=100.0% | Test: Acc=26.0% | Best=27.5%(@6060)
  from x3: 0.26 0.27 0.25 0.26 0.26 0.26 0.26 0.26 0.26 0.26 0.26 0.26 0.26 0.26 0.26 0.26 0.26 0.26 0.26 0.26 0.26 0.26 0.26 0.26 0.26 0.26 0.26 0.26 0.26
  per-rule acc: 0.26 0.26
Epoch 7100 | Train: Loss=0.0010 Acc=100.0% | Test: Acc=26.1% | Best=27.5%(@6060)
  from x3: 0.26 0.27 0.26 0.26 0.26 0.26 0.26 0.26 0.26 0.26 0.26 0.26 0.26 0.26 0.26 0.26 0.26 0.26 0.26 0.26 0.26 0.26 0.26 0.26 0.26 0.26 0.26 0.26 0.26
  per-rule acc: 0.27 0.26
Epoch 7120 | Train: Loss=0.0021 Acc=100.0% | Test: Acc=25.0% | Best=27.5%(@6060)
  from x3: 0.25 0.25 0.25 0.25 0.25 0.25 0.25 0.25 0.25 0.25 0.25 0.25 0.25 0.25 0.25 0.25 0.25 0.25 0.25 0.25 0.25 0.25 0.25 0.25 0.25 0.25 0.25 0.25 0.25
  per-rule acc: 0.28 0.22
Epoch 7140 | Train: Loss=0.0009 Acc=100.0% | Test: Acc=26.0% | Best=27.5%(@6060)
  from x3: 0.26 0.26 0.26 0.26 0.26 0.26 0.26 0.26 0.26 0.26 0.26 0.26 0.26 0.26 0.26 0.26 0.26 0.26 0.26 0.26 0.26 0.26 0.26 0.26 0.26 0.26 0.26 0.26 0.26
  per-rule acc: 0.29 0.23
Epoch 7160 | Train: Loss=0.0010 Acc=100.0% | Test: Acc=25.8% | Best=27.5%(@6060)
  from x3: 0.25 0.26 0.26 0.26 0.26 0.26 0.26 0.26 0.26 0.26 0.26 0.26 0.26 0.26 0.26 0.26 0.26 0.26 0.26 0.26 0.26 0.26 0.26 0.26 0.26 0.26 0.26 0.26 0.26
  per-rule acc: 0.28 0.24
Epoch 7180 | Train: Loss=0.0010 Acc=100.0% | Test: Acc=26.2% | Best=27.5%(@6060)
  from x3: 0.25 0.26 0.26 0.26 0.26 0.26 0.26 0.26 0.26 0.26 0.26 0.26 0.26 0.26 0.26 0.26 0.26 0.26 0.26 0.26 0.26 0.27 0.26 0.26 0.26 0.27 0.27 0.27 0.27
  per-rule acc: 0.27 0.25
Epoch 7200 | Train: Loss=0.0010 Acc=100.0% | Test: Acc=26.6% | Best=27.5%(@6060)
  from x3: 0.25 0.26 0.26 0.26 0.26 0.26 0.26 0.27 0.26 0.26 0.27 0.27 0.27 0.27 0.27 0.27 0.27 0.27 0.27 0.27 0.27 0.27 0.27 0.27 0.27 0.27 0.27 0.27 0.27
  per-rule acc: 0.27 0.26
Epoch 7220 | Train: Loss=0.0010 Acc=100.0% | Test: Acc=26.3% | Best=27.5%(@6060)
  from x3: 0.26 0.27 0.26 0.26 0.26 0.26 0.26 0.26 0.26 0.26 0.26 0.26 0.26 0.26 0.26 0.26 0.26 0.26 0.26 0.26 0.26 0.26 0.26 0.26 0.26 0.26 0.26 0.26 0.26
  per-rule acc: 0.27 0.26
Epoch 7240 | Train: Loss=0.0010 Acc=100.0% | Test: Acc=26.1% | Best=27.5%(@6060)
  from x3: 0.25 0.27 0.26 0.26 0.26 0.26 0.26 0.26 0.26 0.26 0.26 0.26 0.26 0.26 0.26 0.26 0.26 0.26 0.26 0.26 0.26 0.26 0.26 0.26 0.26 0.26 0.26 0.26 0.26
  per-rule acc: 0.27 0.26
Epoch 7260 | Train: Loss=0.0010 Acc=100.0% | Test: Acc=26.0% | Best=27.5%(@6060)
  from x3: 0.25 0.27 0.26 0.26 0.26 0.26 0.26 0.26 0.26 0.26 0.26 0.26 0.26 0.26 0.26 0.26 0.26 0.26 0.26 0.26 0.26 0.26 0.26 0.26 0.26 0.26 0.26 0.26 0.26
  per-rule acc: 0.27 0.26
Epoch 7280 | Train: Loss=0.0009 Acc=100.0% | Test: Acc=26.0% | Best=27.5%(@6060)
  from x3: 0.25 0.27 0.26 0.26 0.26 0.26 0.26 0.26 0.26 0.26 0.26 0.26 0.26 0.26 0.26 0.26 0.26 0.26 0.26 0.26 0.26 0.26 0.26 0.26 0.26 0.26 0.26 0.26 0.26
  per-rule acc: 0.26 0.26
Epoch 7300 | Train: Loss=0.0027 Acc=100.0% | Test: Acc=24.8% | Best=27.5%(@6060)
  from x3: 0.24 0.25 0.25 0.25 0.24 0.25 0.25 0.25 0.25 0.25 0.25 0.25 0.25 0.25 0.25 0.25 0.25 0.25 0.25 0.25 0.25 0.25 0.25 0.25 0.25 0.25 0.25 0.25 0.25
  per-rule acc: 0.29 0.21
Epoch 7320 | Train: Loss=0.0009 Acc=100.0% | Test: Acc=26.1% | Best=27.5%(@6060)
  from x3: 0.25 0.26 0.26 0.26 0.26 0.26 0.26 0.26 0.26 0.26 0.26 0.26 0.26 0.26 0.26 0.26 0.26 0.26 0.26 0.26 0.26 0.26 0.26 0.26 0.26 0.26 0.26 0.26 0.26
  per-rule acc: 0.29 0.23
Epoch 7340 | Train: Loss=0.0009 Acc=100.0% | Test: Acc=26.0% | Best=27.5%(@6060)
  from x3: 0.25 0.26 0.26 0.26 0.26 0.26 0.26 0.26 0.26 0.26 0.26 0.26 0.26 0.26 0.26 0.26 0.26 0.26 0.26 0.26 0.26 0.26 0.26 0.26 0.26 0.26 0.26 0.26 0.26
  per-rule acc: 0.28 0.24
Epoch 7360 | Train: Loss=0.0009 Acc=100.0% | Test: Acc=25.8% | Best=27.5%(@6060)
  from x3: 0.25 0.26 0.25 0.26 0.26 0.26 0.26 0.26 0.26 0.26 0.26 0.26 0.26 0.26 0.26 0.26 0.26 0.26 0.26 0.26 0.26 0.26 0.26 0.26 0.26 0.26 0.26 0.26 0.26
  per-rule acc: 0.27 0.24
Epoch 7380 | Train: Loss=0.0010 Acc=100.0% | Test: Acc=25.8% | Best=27.5%(@6060)
  from x3: 0.25 0.26 0.25 0.26 0.25 0.25 0.26 0.26 0.26 0.26 0.26 0.26 0.26 0.26 0.26 0.26 0.26 0.26 0.26 0.26 0.26 0.26 0.26 0.26 0.26 0.26 0.26 0.26 0.26
  per-rule acc: 0.27 0.24
Epoch 7400 | Train: Loss=0.0010 Acc=100.0% | Test: Acc=25.7% | Best=27.5%(@6060)
  from x3: 0.25 0.26 0.25 0.26 0.26 0.26 0.26 0.26 0.26 0.26 0.26 0.26 0.26 0.26 0.26 0.26 0.26 0.26 0.26 0.26 0.26 0.26 0.26 0.26 0.26 0.26 0.26 0.26 0.26
  per-rule acc: 0.27 0.25
Epoch 7420 | Train: Loss=0.0024 Acc=100.0% | Test: Acc=24.2% | Best=27.5%(@6060)
  from x3: 0.25 0.25 0.24 0.24 0.24 0.24 0.24 0.24 0.24 0.24 0.24 0.24 0.24 0.24 0.24 0.24 0.24 0.24 0.24 0.24 0.24 0.24 0.25 0.24 0.24 0.24 0.24 0.24 0.24
  per-rule acc: 0.27 0.21
Epoch 7440 | Train: Loss=0.0009 Acc=100.0% | Test: Acc=25.5% | Best=27.5%(@6060)
  from x3: 0.25 0.26 0.25 0.25 0.25 0.25 0.25 0.25 0.26 0.26 0.25 0.25 0.25 0.26 0.26 0.26 0.25 0.25 0.25 0.25 0.25 0.26 0.26 0.26 0.25 0.26 0.25 0.26 0.26
  per-rule acc: 0.28 0.23
Epoch 7460 | Train: Loss=0.0009 Acc=100.0% | Test: Acc=25.5% | Best=27.5%(@6060)
  from x3: 0.25 0.26 0.25 0.25 0.25 0.25 0.25 0.25 0.25 0.26 0.25 0.26 0.26 0.26 0.26 0.26 0.26 0.25 0.25 0.26 0.26 0.26 0.26 0.26 0.26 0.25 0.25 0.25 0.25
  per-rule acc: 0.28 0.23
Epoch 7480 | Train: Loss=0.0010 Acc=100.0% | Test: Acc=25.4% | Best=27.5%(@6060)
  from x3: 0.25 0.26 0.25 0.25 0.25 0.25 0.25 0.25 0.25 0.26 0.25 0.26 0.25 0.26 0.25 0.25 0.25 0.25 0.25 0.25 0.25 0.25 0.25 0.25 0.25 0.25 0.25 0.25 0.25
  per-rule acc: 0.27 0.24
Epoch 7500 | Train: Loss=0.0010 Acc=100.0% | Test: Acc=25.2% | Best=27.5%(@6060)
  from x3: 0.25 0.26 0.25 0.25 0.25 0.25 0.25 0.25 0.25 0.25 0.25 0.25 0.25 0.25 0.25 0.25 0.25 0.25 0.25 0.25 0.25 0.25 0.25 0.25 0.25 0.25 0.25 0.25 0.25
  per-rule acc: 0.26 0.24
Epoch 7520 | Train: Loss=0.0010 Acc=100.0% | Test: Acc=25.4% | Best=27.5%(@6060)
  from x3: 0.25 0.26 0.25 0.25 0.25 0.25 0.25 0.25 0.25 0.25 0.25 0.25 0.25 0.25 0.25 0.25 0.25 0.25 0.25 0.25 0.25 0.25 0.25 0.25 0.25 0.26 0.26 0.26 0.26
  per-rule acc: 0.26 0.25
Epoch 7540 | Train: Loss=0.0010 Acc=100.0% | Test: Acc=25.6% | Best=27.5%(@6060)
  from x3: 0.25 0.27 0.25 0.25 0.25 0.25 0.25 0.25 0.25 0.26 0.26 0.26 0.26 0.26 0.26 0.26 0.26 0.26 0.26 0.26 0.26 0.26 0.26 0.26 0.26 0.26 0.26 0.26 0.26
  per-rule acc: 0.26 0.25
Epoch 7560 | Train: Loss=0.0009 Acc=100.0% | Test: Acc=25.9% | Best=27.5%(@6060)
  from x3: 0.25 0.27 0.26 0.26 0.26 0.26 0.26 0.26 0.26 0.26 0.26 0.26 0.26 0.26 0.26 0.26 0.26 0.26 0.26 0.26 0.26 0.26 0.26 0.26 0.26 0.26 0.26 0.26 0.26
  per-rule acc: 0.27 0.25
Epoch 7580 | Train: Loss=0.0009 Acc=100.0% | Test: Acc=25.9% | Best=27.5%(@6060)
  from x3: 0.25 0.26 0.25 0.26 0.26 0.26 0.26 0.26 0.26 0.26 0.26 0.26 0.26 0.26 0.26 0.26 0.26 0.26 0.26 0.26 0.26 0.26 0.26 0.26 0.26 0.26 0.26 0.26 0.26
  per-rule acc: 0.27 0.25
Epoch 7600 | Train: Loss=0.0009 Acc=100.0% | Test: Acc=25.9% | Best=27.5%(@6060)
  from x3: 0.24 0.26 0.26 0.26 0.26 0.26 0.26 0.26 0.26 0.26 0.26 0.26 0.26 0.26 0.26 0.26 0.26 0.26 0.26 0.26 0.26 0.26 0.26 0.26 0.26 0.26 0.26 0.26 0.26
  per-rule acc: 0.27 0.25
Epoch 7620 | Train: Loss=0.0027 Acc=100.0% | Test: Acc=24.1% | Best=27.5%(@6060)
  from x3: 0.23 0.24 0.24 0.24 0.25 0.24 0.24 0.24 0.24 0.24 0.24 0.24 0.24 0.24 0.24 0.24 0.24 0.24 0.24 0.24 0.24 0.24 0.24 0.24 0.24 0.24 0.24 0.24 0.24
  per-rule acc: 0.28 0.20
Epoch 7640 | Train: Loss=0.0008 Acc=100.0% | Test: Acc=24.9% | Best=27.5%(@6060)
  from x3: 0.25 0.25 0.25 0.25 0.25 0.25 0.25 0.25 0.25 0.25 0.25 0.25 0.25 0.25 0.25 0.25 0.25 0.25 0.25 0.25 0.25 0.25 0.25 0.25 0.25 0.25 0.25 0.25 0.25
  per-rule acc: 0.28 0.22
Epoch 7660 | Train: Loss=0.0009 Acc=100.0% | Test: Acc=24.7% | Best=27.5%(@6060)
  from x3: 0.25 0.26 0.25 0.25 0.25 0.25 0.25 0.25 0.25 0.24 0.24 0.24 0.25 0.24 0.25 0.24 0.25 0.25 0.25 0.25 0.25 0.25 0.25 0.25 0.25 0.25 0.25 0.25 0.25
  per-rule acc: 0.27 0.22
Epoch 7680 | Train: Loss=0.0009 Acc=100.0% | Test: Acc=25.0% | Best=27.5%(@6060)
  from x3: 0.25 0.26 0.25 0.25 0.25 0.25 0.25 0.25 0.25 0.25 0.25 0.25 0.25 0.25 0.25 0.25 0.25 0.25 0.25 0.25 0.25 0.25 0.25 0.25 0.25 0.25 0.25 0.25 0.25
  per-rule acc: 0.27 0.23
Epoch 7700 | Train: Loss=0.0009 Acc=100.0% | Test: Acc=25.2% | Best=27.5%(@6060)
  from x3: 0.25 0.26 0.25 0.25 0.25 0.25 0.26 0.25 0.25 0.25 0.25 0.25 0.25 0.25 0.25 0.25 0.25 0.25 0.25 0.25 0.25 0.25 0.25 0.25 0.25 0.25 0.25 0.25 0.25
  per-rule acc: 0.27 0.23
Epoch 7720 | Train: Loss=0.0009 Acc=100.0% | Test: Acc=25.6% | Best=27.5%(@6060)
  from x3: 0.25 0.26 0.25 0.25 0.25 0.25 0.26 0.26 0.26 0.26 0.26 0.26 0.26 0.26 0.26 0.26 0.26 0.26 0.26 0.26 0.26 0.26 0.26 0.26 0.26 0.26 0.26 0.25 0.25
  per-rule acc: 0.27 0.24
Epoch 7740 | Train: Loss=0.0009 Acc=100.0% | Test: Acc=25.8% | Best=27.5%(@6060)
  from x3: 0.25 0.26 0.25 0.26 0.26 0.26 0.26 0.26 0.26 0.26 0.26 0.26 0.26 0.26 0.26 0.26 0.26 0.26 0.26 0.26 0.26 0.26 0.26 0.26 0.26 0.26 0.26 0.26 0.26
  per-rule acc: 0.27 0.25
Epoch 7760 | Train: Loss=0.0166 Acc=99.8% | Test: Acc=20.3% | Best=27.5%(@6060)
  from x3: 0.20 0.21 0.20 0.20 0.20 0.20 0.20 0.20 0.20 0.20 0.20 0.20 0.20 0.20 0.20 0.20 0.20 0.20 0.20 0.20 0.20 0.20 0.20 0.20 0.20 0.20 0.20 0.20 0.20
  per-rule acc: 0.24 0.17
Epoch 7780 | Train: Loss=0.0034 Acc=99.9% | Test: Acc=25.2% | Best=27.5%(@6060)
  from x3: 0.25 0.25 0.25 0.25 0.25 0.25 0.25 0.25 0.25 0.25 0.25 0.25 0.25 0.25 0.25 0.25 0.25 0.25 0.25 0.25 0.25 0.25 0.25 0.25 0.25 0.25 0.25 0.25 0.25
  per-rule acc: 0.28 0.22
Epoch 7800 | Train: Loss=0.0009 Acc=100.0% | Test: Acc=25.3% | Best=27.5%(@6060)
  from x3: 0.25 0.25 0.25 0.26 0.25 0.25 0.25 0.25 0.25 0.25 0.25 0.25 0.25 0.25 0.25 0.25 0.25 0.25 0.25 0.25 0.25 0.25 0.25 0.25 0.25 0.25 0.25 0.25 0.25
  per-rule acc: 0.27 0.23
Epoch 7820 | Train: Loss=0.0009 Acc=100.0% | Test: Acc=25.0% | Best=27.5%(@6060)
  from x3: 0.25 0.25 0.25 0.25 0.25 0.25 0.25 0.25 0.25 0.25 0.25 0.25 0.25 0.25 0.25 0.25 0.25 0.25 0.25 0.25 0.25 0.25 0.25 0.25 0.25 0.25 0.25 0.25 0.25
  per-rule acc: 0.27 0.23
Epoch 7840 | Train: Loss=0.0009 Acc=100.0% | Test: Acc=24.9% | Best=27.5%(@6060)
  from x3: 0.25 0.25 0.25 0.25 0.25 0.25 0.25 0.25 0.25 0.25 0.25 0.25 0.25 0.25 0.25 0.25 0.25 0.25 0.25 0.25 0.25 0.25 0.25 0.25 0.25 0.25 0.25 0.25 0.25
  per-rule acc: 0.27 0.23
Epoch 7860 | Train: Loss=0.0009 Acc=100.0% | Test: Acc=25.4% | Best=27.5%(@6060)
  from x3: 0.25 0.26 0.25 0.25 0.25 0.25 0.25 0.25 0.25 0.25 0.25 0.25 0.25 0.25 0.25 0.25 0.25 0.25 0.25 0.25 0.25 0.25 0.25 0.25 0.25 0.26 0.26 0.25 0.25
  per-rule acc: 0.27 0.24
Epoch 7880 | Train: Loss=0.0009 Acc=100.0% | Test: Acc=25.4% | Best=27.5%(@6060)
  from x3: 0.25 0.26 0.25 0.26 0.25 0.25 0.26 0.25 0.25 0.25 0.25 0.25 0.25 0.25 0.25 0.25 0.25 0.25 0.25 0.25 0.25 0.25 0.25 0.25 0.25 0.25 0.25 0.25 0.25
  per-rule acc: 0.27 0.24
Epoch 7900 | Train: Loss=0.0009 Acc=100.0% | Test: Acc=25.5% | Best=27.5%(@6060)
  from x3: 0.25 0.26 0.25 0.25 0.25 0.25 0.25 0.25 0.25 0.25 0.26 0.25 0.25 0.25 0.25 0.25 0.25 0.25 0.25 0.25 0.25 0.25 0.25 0.25 0.25 0.26 0.26 0.26 0.26
  per-rule acc: 0.27 0.24
Epoch 7920 | Train: Loss=0.0009 Acc=100.0% | Test: Acc=25.7% | Best=27.5%(@6060)
  from x3: 0.25 0.27 0.25 0.26 0.25 0.26 0.26 0.26 0.26 0.26 0.26 0.26 0.26 0.26 0.26 0.26 0.26 0.26 0.26 0.26 0.26 0.26 0.26 0.26 0.26 0.26 0.26 0.26 0.26
  per-rule acc: 0.27 0.25
Epoch 7940 | Train: Loss=0.0009 Acc=100.0% | Test: Acc=25.9% | Best=27.5%(@6060)
  from x3: 0.25 0.26 0.26 0.26 0.26 0.26 0.26 0.26 0.26 0.26 0.26 0.26 0.26 0.26 0.26 0.26 0.26 0.26 0.26 0.26 0.26 0.26 0.26 0.26 0.26 0.26 0.26 0.26 0.26
  per-rule acc: 0.27 0.25
Epoch 7960 | Train: Loss=0.0009 Acc=100.0% | Test: Acc=25.9% | Best=27.5%(@6060)
  from x3: 0.24 0.26 0.26 0.26 0.26 0.26 0.26 0.26 0.26 0.26 0.26 0.26 0.26 0.26 0.26 0.26 0.26 0.26 0.26 0.26 0.26 0.26 0.26 0.26 0.26 0.26 0.26 0.26 0.26
  per-rule acc: 0.27 0.25
Epoch 7980 | Train: Loss=0.0195 Acc=99.8% | Test: Acc=22.3% | Best=27.5%(@6060)
  from x3: 0.22 0.22 0.22 0.22 0.22 0.22 0.22 0.22 0.22 0.22 0.22 0.22 0.22 0.22 0.22 0.23 0.23 0.23 0.23 0.23 0.22 0.22 0.23 0.22 0.22 0.22 0.22 0.22 0.22
  per-rule acc: 0.26 0.19
Epoch 8000 | Train: Loss=0.0009 Acc=100.0% | Test: Acc=23.8% | Best=27.5%(@6060)
  from x3: 0.23 0.24 0.24 0.24 0.24 0.24 0.24 0.24 0.24 0.24 0.24 0.24 0.24 0.24 0.24 0.24 0.24 0.24 0.24 0.24 0.24 0.24 0.24 0.24 0.24 0.24 0.24 0.24 0.24
  per-rule acc: 0.26 0.22
Epoch 8020 | Train: Loss=0.0008 Acc=100.0% | Test: Acc=24.4% | Best=27.5%(@6060)
  from x3: 0.24 0.25 0.25 0.24 0.24 0.24 0.24 0.24 0.24 0.24 0.24 0.24 0.24 0.25 0.24 0.24 0.24 0.24 0.25 0.24 0.25 0.25 0.25 0.25 0.25 0.25 0.25 0.25 0.25
  per-rule acc: 0.26 0.23
Epoch 8040 | Train: Loss=0.0008 Acc=100.0% | Test: Acc=24.6% | Best=27.5%(@6060)
  from x3: 0.24 0.24 0.24 0.24 0.24 0.24 0.25 0.24 0.25 0.25 0.25 0.25 0.25 0.25 0.25 0.25 0.25 0.25 0.25 0.25 0.25 0.25 0.25 0.25 0.25 0.25 0.25 0.25 0.25
  per-rule acc: 0.26 0.23
Epoch 8060 | Train: Loss=0.0009 Acc=100.0% | Test: Acc=24.9% | Best=27.5%(@6060)
  from x3: 0.24 0.24 0.24 0.24 0.25 0.25 0.25 0.25 0.25 0.25 0.25 0.25 0.25 0.25 0.25 0.25 0.25 0.25 0.25 0.25 0.25 0.25 0.25 0.25 0.25 0.25 0.25 0.25 0.25
  per-rule acc: 0.27 0.23
[Early stop] No improvement for 2000 consecutive epochs

==================================================
Saving model...
[OK] Model saved to: /home/cxm/ai/test0617-basic/models/mixed_basic_d1024l2_r16_t32_c0.5.pth
  File size: 297446.5 KB
  Best test accuracy: 27.46%

==================================================
Final generation test (given first two items, AB generates 3rd as prompt, validate from 4th)
==================================================

--- AB pair 1: (1, 1) ---

--- Statistics for AB=(1,1) ---
Exposed    samples:  1405 | In-dist: 40426/40745 ( 99.2%) | OOD: 44619/44960 ( 99.2%)
Unexposed  samples:  1404 | In-dist: 13267/40716 ( 32.6%) | OOD: 14819/44928 ( 33.0%)

--- AB pair 2: (1, 2) ---

--- Statistics for AB=(1,2) ---
Exposed    samples:  1405 | In-dist: 40605/40745 ( 99.7%) | OOD: 44805/44960 ( 99.7%)
Unexposed  samples:  1404 | In-dist: 12802/40716 ( 31.4%) | OOD: 14387/44928 ( 32.0%)

--- Return code: 0 ---

======================================================================
Attention Analysis
======================================================================
Model config: addition (default), p=53
Best test accuracy: 0.2745726495726496
Training epochs: 8060

Random test sequence 1/5 (length 64): [36, 5, 41, 46, 34, 27, 8, 35, 43, 25, 15, 40, 2, 42, 44, 33, 24, 4, 28, 32]...

======================================================================
Attention Layer Training Result Summary
======================================================================
Input sequence: [36, 5, 41, 46, 34, 27, 8, 35, 43, 25, 15, 40, 2, 42, 44, 33, 24, 4, 28, 32, 7, 39, 46, 32, 25, 4, 29, 33, 9, 42, 51, 40, 38, 25, 10, 35, 45, 27, 19, 46, 12, 5, 17, 22, 39, 8, 47, 2, 49, 51, 47, 45, 39, 31, 17, 48, 12, 7, 19, 26, 45, 18, 10, 28]

--- Layer 0 ---
  Head 0: Entropy=1.115
    Attention coefficients from each query position to previous positions:
      i= 0 -> j=0:1.000
      i= 1 -> j=0:0.819, j=1:0.181
      i= 2 -> j=0:0.239, j=1:0.656, j=2:0.105
      i= 3 -> j=0:0.016, j=1:0.293, j=2:0.583, j=3:0.108
      i= 4 -> j=0:0.001, j=1:0.013, j=2:0.217, j=3:0.646, j=4:0.123
      i= 5 -> j=0:0.000, j=1:0.000, j=2:0.010, j=3:0.279, j=4:0.605, j=5:0.106
      i= 6 -> j=0:0.000, j=1:0.000, j=2:0.000, j=3:0.015, j=4:0.290, j=5:0.599, j=6:0.096
      i= 7 -> j=0:0.000, j=1:0.000, j=2:0.000, j=3:0.001, j=4:0.016, j=5:0.332, j=6:0.566, j=7:0.085
      i= 8 -> j=0:0.002, j=1:0.000, j=2:0.000, j=3:0.000, j=4:0.001, j=5:0.015, j=6:0.263, j=7:0.610, j=8:0.110
      i= 9 -> j=0:0.003, j=1:0.002, j=2:0.000, j=3:0.000, j=4:0.000, j=5:0.000, j=6:0.013, j=7:0.285, j=8:0.580, j=9:0.117
      i=10 -> j=0:0.001, j=1:0.003, j=2:0.002, j=3:0.000, j=4:0.000, j=5:0.000, j=6:0.000, j=7:0.017, j=8:0.277, j=9:0.589, j=10:0.110
      i=11 -> j=0:0.000, j=1:0.001, j=2:0.002, j=3:0.002, j=4:0.000, j=5:0.000, j=6:0.000, j=7:0.000, j=8:0.013, j=9:0.259, j=10:0.598, j=11:0.124
      i=12 -> j=0:0.000, j=1:0.000, j=2:0.001, j=3:0.002, j=4:0.002, j=5:0.000, j=6:0.000, j=7:0.000, j=8:0.000, j=9:0.012, j=10:0.252, j=11:0.624, j=12:0.107
      i=13 -> j=0:0.000, j=1:0.000, j=2:0.000, j=3:0.001, j=4:0.002, j=5:0.002, j=6:0.000, j=7:0.000, j=8:0.000, j=9:0.000, j=10:0.014, j=11:0.286, j=12:0.616, j=13:0.078
      i=14 -> j=0:0.001, j=1:0.000, j=2:0.000, j=3:0.000, j=4:0.001, j=5:0.003, j=6:0.002, j=7:0.000, j=8:0.000, j=9:0.000, j=10:0.000, j=11:0.017, j=12:0.281, j=13:0.595, j=14:0.098
      i=15 -> j=0:0.001, j=1:0.000, j=2:0.000, j=3:0.000, j=4:0.000, j=5:0.001, j=6:0.002, j=7:0.002, j=8:0.000, j=9:0.000, j=10:0.000, j=11:0.000, j=12:0.017, j=13:0.277, j=14:0.606, j=15:0.093
      i=16 -> j=0:0.001, j=1:0.001, j=2:0.001, j=3:0.000, j=4:0.000, j=5:0.000, j=6:0.001, j=7:0.003, j=8:0.002, j=9:0.000, j=10:0.000, j=11:0.000, j=12:0.000, j=13:0.015, j=14:0.277, j=15:0.608, j=16:0.090
      i=17 -> j=0:0.000, j=1:0.001, j=2:0.001, j=3:0.000, j=4:0.000, j=5:0.000, j=6:0.000, j=7:0.001, j=8:0.002, j=9:0.002, j=10:0.000, j=11:0.000, j=12:0.000, j=13:0.000, j=14:0.012, j=15:0.238, j=16:0.609, j=17:0.133
      i=18 -> j=0:0.000, j=1:0.000, j=2:0.001, j=3:0.001, j=4:0.001, j=5:0.000, j=6:0.000, j=7:0.000, j=8:0.001, j=9:0.003, j=10:0.002, j=11:0.000, j=12:0.000, j=13:0.000, j=14:0.001, j=15:0.018, j=16:0.248, j=17:0.609, j=18:0.114
      i=19 -> j=0:0.000, j=1:0.000, j=2:0.000, j=3:0.001, j=4:0.001, j=5:0.000, j=6:0.000, j=7:0.000, j=8:0.000, j=9:0.001, j=10:0.002, j=11:0.002, j=12:0.000, j=13:0.000, j=14:0.000, j=15:0.001, j=16:0.014, j=17:0.249, j=18:0.612, j=19:0.116
      i=20 -> j=0:0.000, j=1:0.000, j=2:0.000, j=3:0.000, j=4:0.000, j=5:0.001, j=6:0.000, j=7:0.000, j=8:0.000, j=9:0.000, j=10:0.001, j=11:0.002, j=12:0.002, j=13:0.000, j=14:0.000, j=15:0.000, j=16:0.001, j=17:0.012, j=18:0.273, j=19:0.599, j=20:0.106
      i=21 -> j=0:0.001, j=1:0.001, j=2:0.000, j=3:0.000, j=4:0.000, j=5:0.001, j=6:0.001, j=7:0.001, j=8:0.000, j=9:0.000, j=10:0.000, j=11:0.001, j=12:0.003, j=13:0.002, j=14:0.000, j=15:0.000, j=16:0.000, j=17:0.000, j=18:0.014, j=19:0.266, j=20:0.617, j=21:0.091
      i=22 -> j=0:0.001, j=1:0.001, j=2:0.001, j=3:0.000, j=4:0.000, j=5:0.000, j=6:0.001, j=7:0.001, j=8:0.001, j=9:0.000, j=10:0.000, j=11:0.000, j=12:0.001, j=13:0.002, j=14:0.002, j=15:0.000, j=16:0.000, j=17:0.000, j=18:0.000, j=19:0.014, j=20:0.248, j=21:0.626, j=22:0.099
      i=23 -> j=0:0.001, j=1:0.001, j=2:0.001, j=3:0.001, j=4:0.000, j=5:0.000, j=6:0.000, j=7:0.001, j=8:0.001, j=9:0.001, j=10:0.000, j=11:0.000, j=12:0.000, j=13:0.001, j=14:0.003, j=15:0.002, j=16:0.000, j=17:0.000, j=18:0.000, j=19:0.000, j=20:0.015, j=21:0.282, j=22:0.572, j=23:0.119
      i=24 -> j=0:0.000, j=1:0.001, j=2:0.001, j=3:0.001, j=4:0.001, j=5:0.000, j=6:0.000, j=7:0.000, j=8:0.001, j=9:0.001, j=10:0.000, j=11:0.000, j=12:0.000, j=13:0.000, j=14:0.001, j=15:0.002, j=16:0.002, j=17:0.000, j=18:0.000, j=19:0.000, j=20:0.000, j=21:0.014, j=22:0.282, j=23:0.586, j=24:0.105
      i=25 -> j=0:0.000, j=1:0.000, j=2:0.001, j=3:0.001, j=4:0.001, j=5:0.001, j=6:0.000, j=7:0.000, j=8:0.000, j=9:0.001, j=10:0.001, j=11:0.000, j=12:0.000, j=13:0.000, j=14:0.000, j=15:0.001, j=16:0.002, j=17:0.002, j=18:0.000, j=19:0.000, j=20:0.000, j=21:0.000, j=22:0.014, j=23:0.239, j=24:0.598, j=25:0.136
      i=26 -> j=0:0.001, j=1:0.000, j=2:0.000, j=3:0.001, j=4:0.001, j=5:0.001, j=6:0.001, j=7:0.000, j=8:0.000, j=9:0.000, j=10:0.001, j=11:0.001, j=12:0.001, j=13:0.000, j=14:0.000, j=15:0.000, j=16:0.001, j=17:0.003, j=18:0.002, j=19:0.001, j=20:0.000, j=21:0.000, j=22:0.001, j=23:0.014, j=24:0.236, j=25:0.637, j=26:0.097
      i=27 -> j=0:0.001, j=1:0.001, j=2:0.000, j=3:0.000, j=4:0.001, j=5:0.001, j=6:0.001, j=7:0.000, j=8:0.000, j=9:0.000, j=10:0.000, j=11:0.000, j=12:0.001, j=13:0.000, j=14:0.000, j=15:0.000, j=16:0.000, j=17:0.001, j=18:0.002, j=19:0.002, j=20:0.000, j=21:0.000, j=22:0.000, j=23:0.000, j=24:0.013, j=25:0.328, j=26:0.562, j=27:0.084
      i=28 -> j=0:0.002, j=1:0.001, j=2:0.001, j=3:0.000, j=4:0.000, j=5:0.001, j=6:0.001, j=7:0.001, j=8:0.001, j=9:0.000, j=10:0.000, j=11:0.000, j=12:0.001, j=13:0.001, j=14:0.001, j=15:0.000, j=16:0.000, j=17:0.000, j=18:0.001, j=19:0.003, j=20:0.002, j=21:0.000, j=22:0.000, j=23:0.000, j=24:0.000, j=25:0.017, j=26:0.277, j=27:0.569, j=28:0.118
      i=29 -> j=0:0.001, j=1:0.001, j=2:0.001, j=3:0.001, j=4:0.000, j=5:0.000, j=6:0.001, j=7:0.001, j=8:0.001, j=9:0.001, j=10:0.000, j=11:0.000, j=12:0.000, j=13:0.001, j=14:0.001, j=15:0.000, j=16:0.000, j=17:0.000, j=18:0.000, j=19:0.001, j=20:0.002, j=21:0.002, j=22:0.000, j=23:0.000, j=24:0.000, j=25:0.000, j=26:0.017, j=27:0.283, j=28:0.606, j=29:0.078
      i=30 -> j=0:0.001, j=1:0.001, j=2:0.002, j=3:0.001, j=4:0.001, j=5:0.000, j=6:0.000, j=7:0.001, j=8:0.001, j=9:0.001, j=10:0.001, j=11:0.000, j=12:0.000, j=13:0.000, j=14:0.001, j=15:0.001, j=16:0.001, j=17:0.000, j=18:0.000, j=19:0.000, j=20:0.001, j=21:0.002, j=22:0.002, j=23:0.000, j=24:0.000, j=25:0.000, j=26:0.000, j=27:0.015, j=28:0.312, j=29:0.540, j=30:0.114
      i=31 -> j=0:0.001, j=1:0.001, j=2:0.001, j=3:0.001, j=4:0.001, j=5:0.001, j=6:0.000, j=7:0.000, j=8:0.001, j=9:0.001, j=10:0.001, j=11:0.001, j=12:0.000, j=13:0.000, j=14:0.000, j=15:0.001, j=16:0.001, j=17:0.000, j=18:0.000, j=19:0.000, j=20:0.000, j=21:0.001, j=22:0.002, j=23:0.002, j=24:0.000, j=25:0.000, j=26:0.000, j=27:0.000, j=28:0.015, j=29:0.246, j=30:0.610, j=31:0.111
      i=32 -> j=0:0.002, j=1:0.001, j=2:0.001, j=3:0.001, j=4:0.002, j=5:0.001, j=6:0.001, j=7:0.000, j=8:0.000, j=9:0.001, j=10:0.001, j=11:0.001, j=12:0.001, j=13:0.000, j=14:0.000, j=15:0.000, j=16:0.001, j=17:0.001, j=18:0.001, j=19:0.000, j=20:0.000, j=21:0.000, j=22:0.001, j=23:0.003, j=24:0.002, j=25:0.001, j=26:0.000, j=27:0.000, j=28:0.001, j=29:0.016, j=30:0.263, j=31:0.601, j=32:0.095
      i=33 -> j=0:0.002, j=1:0.001, j=2:0.001, j=3:0.001, j=4:0.002, j=5:0.002, j=6:0.001, j=7:0.001, j=8:0.000, j=9:0.000, j=10:0.001, j=11:0.001, j=12:0.001, j=13:0.001, j=14:0.000, j=15:0.000, j=16:0.000, j=17:0.001, j=18:0.001, j=19:0.001, j=20:0.000, j=21:0.000, j=22:0.000, j=23:0.001, j=24:0.003, j=25:0.002, j=26:0.001, j=27:0.000, j=28:0.000, j=29:0.001, j=30:0.014, j=31:0.287, j=32:0.546, j=33:0.125
      i=34 -> j=0:0.003, j=1:0.002, j=2:0.002, j=3:0.001, j=4:0.001, j=5:0.002, j=6:0.002, j=7:0.001, j=8:0.001, j=9:0.000, j=10:0.000, j=11:0.001, j=12:0.001, j=13:0.001, j=14:0.001, j=15:0.000, j=16:0.000, j=17:0.000, j=18:0.001, j=19:0.001, j=20:0.001, j=21:0.000, j=22:0.000, j=23:0.000, j=24:0.001, j=25:0.003, j=26:0.002, j=27:0.000, j=28:0.000, j=29:0.000, j=30:0.000, j=31:0.013, j=32:0.273, j=33:0.589, j=34:0.095
      i=35 -> j=0:0.001, j=1:0.002, j=2:0.002, j=3:0.001, j=4:0.001, j=5:0.001, j=6:0.001, j=7:0.001, j=8:0.001, j=9:0.001, j=10:0.000, j=11:0.000, j=12:0.001, j=13:0.001, j=14:0.001, j=15:0.001, j=16:0.000, j=17:0.000, j=18:0.000, j=19:0.001, j=20:0.001, j=21:0.000, j=22:0.000, j=23:0.000, j=24:0.000, j=25:0.001, j=26:0.003, j=27:0.002, j=28:0.000, j=29:0.000, j=30:0.000, j=31:0.001, j=32:0.021, j=33:0.256, j=34:0.622, j=35:0.077
      i=36 -> j=0:0.001, j=1:0.002, j=2:0.002, j=3:0.002, j=4:0.001, j=5:0.001, j=6:0.001, j=7:0.001, j=8:0.001, j=9:0.001, j=10:0.001, j=11:0.000, j=12:0.000, j=13:0.001, j=14:0.001, j=15:0.001, j=16:0.000, j=17:0.000, j=18:0.000, j=19:0.000, j=20:0.000, j=21:0.001, j=22:0.000, j=23:0.000, j=24:0.000, j=25:0.000, j=26:0.001, j=27:0.002, j=28:0.002, j=29:0.000, j=30:0.000, j=31:0.000, j=32:0.000, j=33:0.010, j=34:0.248, j=35:0.587, j=36:0.128
      i=37 -> j=0:0.001, j=1:0.001, j=2:0.002, j=3:0.002, j=4:0.002, j=5:0.001, j=6:0.001, j=7:0.001, j=8:0.001, j=9:0.001, j=10:0.001, j=11:0.000, j=12:0.000, j=13:0.000, j=14:0.000, j=15:0.001, j=16:0.001, j=17:0.000, j=18:0.000, j=19:0.000, j=20:0.000, j=21:0.000, j=22:0.001, j=23:0.000, j=24:0.000, j=25:0.000, j=26:0.000, j=27:0.001, j=28:0.002, j=29:0.002, j=30:0.000, j=31:0.000, j=32:0.000, j=33:0.000, j=34:0.015, j=35:0.248, j=36:0.596, j=37:0.114
      i=38 -> j=0:0.001, j=1:0.001, j=2:0.001, j=3:0.002, j=4:0.002, j=5:0.002, j=6:0.001, j=7:0.001, j=8:0.001, j=9:0.001, j=10:0.001, j=11:0.001, j=12:0.001, j=13:0.000, j=14:0.000, j=15:0.001, j=16:0.001, j=17:0.001, j=18:0.001, j=19:0.000, j=20:0.000, j=21:0.000, j=22:0.000, j=23:0.001, j=24:0.000, j=25:0.000, j=26:0.000, j=27:0.000, j=28:0.001, j=29:0.002, j=30:0.002, j=31:0.000, j=32:0.000, j=33:0.000, j=34:0.000, j=35:0.012, j=36:0.265, j=37:0.582, j=38:0.113
      i=39 -> j=0:0.002, j=1:0.001, j=2:0.001, j=3:0.001, j=4:0.002, j=5:0.002, j=6:0.002, j=7:0.001, j=8:0.001, j=9:0.001, j=10:0.001, j=11:0.001, j=12:0.001, j=13:0.001, j=14:0.000, j=15:0.000, j=16:0.001, j=17:0.001, j=18:0.001, j=19:0.001, j=20:0.000, j=21:0.000, j=22:0.000, j=23:0.001, j=24:0.001, j=25:0.001, j=26:0.000, j=27:0.000, j=28:0.000, j=29:0.001, j=30:0.003, j=31:0.002, j=32:0.001, j=33:0.000, j=34:0.000, j=35:0.000, j=36:0.013, j=37:0.271, j=38:0.591, j=39:0.091
      i=40 -> j=0:0.003, j=1:0.002, j=2:0.002, j=3:0.001, j=4:0.002, j=5:0.002, j=6:0.003, j=7:0.002, j=8:0.001, j=9:0.001, j=10:0.001, j=11:0.002, j=12:0.002, j=13:0.002, j=14:0.001, j=15:0.001, j=16:0.000, j=17:0.001, j=18:0.001, j=19:0.001, j=20:0.001, j=21:0.000, j=22:0.000, j=23:0.000, j=24:0.001, j=25:0.001, j=26:0.001, j=27:0.000, j=28:0.000, j=29:0.000, j=30:0.001, j=31:0.003, j=32:0.002, j=33:0.001, j=34:0.000, j=35:0.000, j=36:0.000, j=37:0.013, j=38:0.213, j=39:0.606, j=40:0.126
      i=41 -> j=0:0.002, j=1:0.002, j=2:0.002, j=3:0.001, j=4:0.001, j=5:0.001, j=6:0.002, j=7:0.002, j=8:0.002, j=9:0.001, j=10:0.001, j=11:0.001, j=12:0.001, j=13:0.001, j=14:0.001, j=15:0.001, j=16:0.000, j=17:0.000, j=18:0.001, j=19:0.001, j=20:0.001, j=21:0.001, j=22:0.000, j=23:0.000, j=24:0.000, j=25:0.000, j=26:0.001, j=27:0.000, j=28:0.000, j=29:0.000, j=30:0.000, j=31:0.001, j=32:0.002, j=33:0.002, j=34:0.000, j=35:0.000, j=36:0.000, j=37:0.000, j=38:0.010, j=39:0.253, j=40:0.582, j=41:0.120
      i=42 -> j=0:0.002, j=1:0.002, j=2:0.002, j=3:0.002, j=4:0.002, j=5:0.001, j=6:0.001, j=7:0.002, j=8:0.002, j=9:0.002, j=10:0.001, j=11:0.001, j=12:0.001, j=13:0.001, j=14:0.001, j=15:0.001, j=16:0.001, j=17:0.000, j=18:0.000, j=19:0.001, j=20:0.001, j=21:0.001, j=22:0.001, j=23:0.000, j=24:0.000, j=25:0.000, j=26:0.000, j=27:0.001, j=28:0.000, j=29:0.000, j=30:0.000, j=31:0.000, j=32:0.001, j=33:0.002, j=34:0.002, j=35:0.000, j=36:0.000, j=37:0.000, j=38:0.000, j=39:0.015, j=40:0.260, j=41:0.582, j=42:0.107
      i=43 -> j=0:0.001, j=1:0.002, j=2:0.002, j=3:0.003, j=4:0.002, j=5:0.001, j=6:0.001, j=7:0.001, j=8:0.002, j=9:0.002, j=10:0.002, j=11:0.002, j=12:0.001, j=13:0.001, j=14:0.001, j=15:0.002, j=16:0.001, j=17:0.001, j=18:0.000, j=19:0.000, j=20:0.001, j=21:0.001, j=22:0.001, j=23:0.001, j=24:0.000, j=25:0.000, j=26:0.000, j=27:0.001, j=28:0.001, j=29:0.001, j=30:0.000, j=31:0.000, j=32:0.000, j=33:0.001, j=34:0.003, j=35:0.002, j=36:0.001, j=37:0.000, j=38:0.000, j=39:0.001, j=40:0.014, j=41:0.300, j=42:0.558, j=43:0.083
      i=44 -> j=0:0.001, j=1:0.001, j=2:0.002, j=3:0.002, j=4:0.002, j=5:0.002, j=6:0.001, j=7:0.001, j=8:0.001, j=9:0.002, j=10:0.002, j=11:0.002, j=12:0.001, j=13:0.001, j=14:0.001, j=15:0.001, j=16:0.001, j=17:0.001, j=18:0.001, j=19:0.000, j=20:0.000, j=21:0.001, j=22:0.001, j=23:0.001, j=24:0.001, j=25:0.000, j=26:0.000, j=27:0.000, j=28:0.001, j=29:0.001, j=30:0.001, j=31:0.000, j=32:0.000, j=33:0.000, j=34:0.001, j=35:0.003, j=36:0.002, j=37:0.000, j=38:0.000, j=39:0.000, j=40:0.000, j=41:0.015, j=42:0.314, j=43:0.538, j=44:0.089
      i=45 -> j=0:0.002, j=1:0.001, j=2:0.001, j=3:0.002, j=4:0.002, j=5:0.002, j=6:0.002, j=7:0.001, j=8:0.001, j=9:0.001, j=10:0.002, j=11:0.002, j=12:0.002, j=13:0.001, j=14:0.001, j=15:0.001, j=16:0.001, j=17:0.001, j=18:0.001, j=19:0.001, j=20:0.000, j=21:0.000, j=22:0.001, j=23:0.001, j=24:0.001, j=25:0.000, j=26:0.000, j=27:0.000, j=28:0.000, j=29:0.001, j=30:0.001, j=31:0.000, j=32:0.000, j=33:0.000, j=34:0.000, j=35:0.001, j=36:0.002, j=37:0.002, j=38:0.000, j=39:0.000, j=40:0.000, j=41:0.000, j=42:0.016, j=43:0.256, j=44:0.589, j=45:0.099
      i=46 -> j=0:0.002, j=1:0.002, j=2:0.002, j=3:0.001, j=4:0.002, j=5:0.003, j=6:0.003, j=7:0.003, j=8:0.002, j=9:0.002, j=10:0.002, j=11:0.003, j=12:0.003, j=13:0.002, j=14:0.002, j=15:0.001, j=16:0.001, j=17:0.002, j=18:0.002, j=19:0.001, j=20:0.001, j=21:0.000, j=22:0.000, j=23:0.001, j=24:0.001, j=25:0.001, j=26:0.001, j=27:0.000, j=28:0.000, j=29:0.000, j=30:0.001, j=31:0.001, j=32:0.001, j=33:0.000, j=34:0.000, j=35:0.000, j=36:0.001, j=37:0.003, j=38:0.002, j=39:0.001, j=40:0.000, j=41:0.000, j=42:0.001, j=43:0.017, j=44:0.269, j=45:0.537, j=46:0.119
      i=47 -> j=0:0.002, j=1:0.002, j=2:0.001, j=3:0.001, j=4:0.001, j=5:0.001, j=6:0.002, j=7:0.002, j=8:0.002, j=9:0.001, j=10:0.001, j=11:0.001, j=12:0.001, j=13:0.002, j=14:0.001, j=15:0.001, j=16:0.001, j=17:0.001, j=18:0.001, j=19:0.001, j=20:0.001, j=21:0.000, j=22:0.000, j=23:0.000, j=24:0.001, j=25:0.001, j=26:0.001, j=27:0.000, j=28:0.000, j=29:0.000, j=30:0.000, j=31:0.000, j=32:0.001, j=33:0.000, j=34:0.000, j=35:0.000, j=36:0.000, j=37:0.001, j=38:0.002, j=39:0.002, j=40:0.000, j=41:0.000, j=42:0.000, j=43:0.000, j=44:0.010, j=45:0.231, j=46:0.628, j=47:0.092
      i=48 -> j=0:0.002, j=1:0.002, j=2:0.002, j=3:0.002, j=4:0.001, j=5:0.001, j=6:0.002, j=7:0.002, j=8:0.002, j=9:0.002, j=10:0.001, j=11:0.001, j=12:0.001, j=13:0.002, j=14:0.002, j=15:0.002, j=16:0.001, j=17:0.001, j=18:0.001, j=19:0.001, j=20:0.002, j=21:0.001, j=22:0.001, j=23:0.000, j=24:0.000, j=25:0.001, j=26:0.001, j=27:0.001, j=28:0.001, j=29:0.000, j=30:0.000, j=31:0.000, j=32:0.000, j=33:0.001, j=34:0.001, j=35:0.000, j=36:0.000, j=37:0.000, j=38:0.001, j=39:0.002, j=40:0.002, j=41:0.000, j=42:0.000, j=43:0.000, j=44:0.000, j=45:0.012, j=46:0.302, j=47:0.533, j=48:0.107
      i=49 -> j=0:0.001, j=1:0.001, j=2:0.002, j=3:0.002, j=4:0.002, j=5:0.001, j=6:0.001, j=7:0.002, j=8:0.002, j=9:0.002, j=10:0.002, j=11:0.001, j=12:0.001, j=13:0.001, j=14:0.002, j=15:0.002, j=16:0.002, j=17:0.001, j=18:0.001, j=19:0.001, j=20:0.001, j=21:0.001, j=22:0.001, j=23:0.001, j=24:0.000, j=25:0.000, j=26:0.001, j=27:0.001, j=28:0.001, j=29:0.001, j=30:0.000, j=31:0.000, j=32:0.000, j=33:0.001, j=34:0.001, j=35:0.000, j=36:0.000, j=37:0.000, j=38:0.000, j=39:0.001, j=40:0.002, j=41:0.002, j=42:0.000, j=43:0.000, j=44:0.000, j=45:0.000, j=46:0.017, j=47:0.259, j=48:0.567, j=49:0.108
      i=50 -> j=0:0.001, j=1:0.001, j=2:0.002, j=3:0.002, j=4:0.002, j=5:0.002, j=6:0.001, j=7:0.001, j=8:0.002, j=9:0.002, j=10:0.003, j=11:0.003, j=12:0.002, j=13:0.001, j=14:0.001, j=15:0.002, j=16:0.002, j=17:0.002, j=18:0.001, j=19:0.001, j=20:0.001, j=21:0.001, j=22:0.001, j=23:0.001, j=24:0.001, j=25:0.000, j=26:0.000, j=27:0.001, j=28:0.001, j=29:0.001, j=30:0.001, j=31:0.000, j=32:0.000, j=33:0.000, j=34:0.000, j=35:0.001, j=36:0.001, j=37:0.000, j=38:0.000, j=39:0.000, j=40:0.001, j=41:0.002, j=42:0.002, j=43:0.000, j=44:0.000, j=45:0.000, j=46:0.000, j=47:0.012, j=48:0.204, j=49:0.640, j=50:0.093
      i=51 -> j=0:0.001, j=1:0.001, j=2:0.001, j=3:0.001, j=4:0.002, j=5:0.002, j=6:0.001, j=7:0.001, j=8:0.001, j=9:0.001, j=10:0.002, j=11:0.003, j=12:0.002, j=13:0.001, j=14:0.001, j=15:0.001, j=16:0.001, j=17:0.002, j=18:0.002, j=19:0.001, j=20:0.001, j=21:0.001, j=22:0.001, j=23:0.001, j=24:0.001, j=25:0.001, j=26:0.000, j=27:0.000, j=28:0.001, j=29:0.001, j=30:0.001, j=31:0.001, j=32:0.000, j=33:0.000, j=34:0.000, j=35:0.000, j=36:0.001, j=37:0.000, j=38:0.000, j=39:0.000, j=40:0.000, j=41:0.001, j=42:0.002, j=43:0.002, j=44:0.000, j=45:0.000, j=46:0.000, j=47:0.000, j=48:0.011, j=49:0.270, j=50:0.552, j=51:0.122
      i=52 -> j=0:0.001, j=1:0.001, j=2:0.001, j=3:0.001, j=4:0.001, j=5:0.002, j=6:0.002, j=7:0.002, j=8:0.001, j=9:0.001, j=10:0.002, j=11:0.002, j=12:0.002, j=13:0.002, j=14:0.001, j=15:0.001, j=16:0.001, j=17:0.002, j=18:0.002, j=19:0.002, j=20:0.001, j=21:0.001, j=22:0.001, j=23:0.001, j=24:0.001, j=25:0.001, j=26:0.001, j=27:0.000, j=28:0.000, j=29:0.001, j=30:0.001, j=31:0.001, j=32:0.001, j=33:0.000, j=34:0.000, j=35:0.000, j=36:0.001, j=37:0.001, j=38:0.000, j=39:0.000, j=40:0.000, j=41:0.000, j=42:0.001, j=43:0.002, j=44:0.002, j=45:0.000, j=46:0.000, j=47:0.000, j=48:0.000, j=49:0.014, j=50:0.281, j=51:0.572, j=52:0.081
      i=53 -> j=0:0.001, j=1:0.001, j=2:0.001, j=3:0.001, j=4:0.001, j=5:0.001, j=6:0.002, j=7:0.002, j=8:0.001, j=9:0.001, j=10:0.001, j=11:0.002, j=12:0.002, j=13:0.002, j=14:0.002, j=15:0.001, j=16:0.001, j=17:0.001, j=18:0.002, j=19:0.002, j=20:0.002, j=21:0.001, j=22:0.001, j=23:0.001, j=24:0.001, j=25:0.001, j=26:0.001, j=27:0.001, j=28:0.000, j=29:0.000, j=30:0.001, j=31:0.001, j=32:0.001, j=33:0.001, j=34:0.000, j=35:0.000, j=36:0.000, j=37:0.001, j=38:0.001, j=39:0.000, j=40:0.000, j=41:0.000, j=42:0.000, j=43:0.001, j=44:0.002, j=45:0.002, j=46:0.000, j=47:0.000, j=48:0.000, j=49:0.000, j=50:0.014, j=51:0.297, j=52:0.523, j=53:0.117
      i=54 -> j=0:0.001, j=1:0.001, j=2:0.001, j=3:0.001, j=4:0.001, j=5:0.001, j=6:0.001, j=7:0.001, j=8:0.002, j=9:0.001, j=10:0.001, j=11:0.001, j=12:0.001, j=13:0.002, j=14:0.002, j=15:0.002, j=16:0.001, j=17:0.001, j=18:0.001, j=19:0.002, j=20:0.002, j=21:0.002, j=22:0.001, j=23:0.001, j=24:0.001, j=25:0.001, j=26:0.001, j=27:0.001, j=28:0.000, j=29:0.000, j=30:0.000, j=31:0.000, j=32:0.001, j=33:0.001, j=34:0.000, j=35:0.000, j=36:0.000, j=37:0.000, j=38:0.000, j=39:0.001, j=40:0.000, j=41:0.000, j=42:0.000, j=43:0.000, j=44:0.001, j=45:0.002, j=46:0.002, j=47:0.000, j=48:0.000, j=49:0.000, j=50:0.000, j=51:0.011, j=52:0.255, j=53:0.598, j=54:0.091
      i=55 -> j=0:0.001, j=1:0.001, j=2:0.001, j=3:0.001, j=4:0.001, j=5:0.001, j=6:0.001, j=7:0.001, j=8:0.002, j=9:0.002, j=10:0.001, j=11:0.001, j=12:0.001, j=13:0.001, j=14:0.002, j=15:0.002, j=16:0.002, j=17:0.002, j=18:0.001, j=19:0.001, j=20:0.002, j=21:0.002, j=22:0.002, j=23:0.001, j=24:0.001, j=25:0.001, j=26:0.001, j=27:0.001, j=28:0.001, j=29:0.001, j=30:0.000, j=31:0.000, j=32:0.001, j=33:0.001, j=34:0.001, j=35:0.000, j=36:0.000, j=37:0.000, j=38:0.000, j=39:0.001, j=40:0.001, j=41:0.000, j=42:0.000, j=43:0.000, j=44:0.000, j=45:0.001, j=46:0.002, j=47:0.002, j=48:0.000, j=49:0.000, j=50:0.000, j=51:0.000, j=52:0.018, j=53:0.304, j=54:0.551, j=55:0.074
      i=56 -> j=0:0.001, j=1:0.001, j=2:0.001, j=3:0.002, j=4:0.002, j=5:0.001, j=6:0.001, j=7:0.001, j=8:0.002, j=9:0.002, j=10:0.002, j=11:0.002, j=12:0.002, j=13:0.002, j=14:0.002, j=15:0.003, j=16:0.003, j=17:0.002, j=18:0.002, j=19:0.001, j=20:0.002, j=21:0.002, j=22:0.003, j=23:0.002, j=24:0.001, j=25:0.001, j=26:0.001, j=27:0.002, j=28:0.002, j=29:0.002, j=30:0.001, j=31:0.000, j=32:0.000, j=33:0.001, j=34:0.001, j=35:0.001, j=36:0.001, j=37:0.000, j=38:0.000, j=39:0.000, j=40:0.001, j=41:0.001, j=42:0.001, j=43:0.000, j=44:0.000, j=45:0.000, j=46:0.001, j=47:0.003, j=48:0.002, j=49:0.001, j=50:0.000, j=51:0.000, j=52:0.000, j=53:0.013, j=54:0.251, j=55:0.546, j=56:0.122
      i=57 -> j=0:0.001, j=1:0.001, j=2:0.001, j=3:0.001, j=4:0.001, j=5:0.001, j=6:0.001, j=7:0.001, j=8:0.001, j=9:0.001, j=10:0.002, j=11:0.002, j=12:0.002, j=13:0.001, j=14:0.001, j=15:0.002, j=16:0.002, j=17:0.002, j=18:0.002, j=19:0.001, j=20:0.001, j=21:0.001, j=22:0.002, j=23:0.002, j=24:0.002, j=25:0.001, j=26:0.001, j=27:0.001, j=28:0.001, j=29:0.001, j=30:0.001, j=31:0.001, j=32:0.000, j=33:0.000, j=34:0.001, j=35:0.001, j=36:0.001, j=37:0.000, j=38:0.000, j=39:0.000, j=40:0.000, j=41:0.000, j=42:0.001, j=43:0.000, j=44:0.000, j=45:0.000, j=46:0.000, j=47:0.001, j=48:0.002, j=49:0.002, j=50:0.000, j=51:0.000, j=52:0.000, j=53:0.000, j=54:0.017, j=55:0.276, j=56:0.552, j=57:0.100
      i=58 -> j=0:0.001, j=1:0.001, j=2:0.001, j=3:0.001, j=4:0.001, j=5:0.001, j=6:0.001, j=7:0.001, j=8:0.001, j=9:0.001, j=10:0.001, j=11:0.002, j=12:0.002, j=13:0.002, j=14:0.001, j=15:0.001, j=16:0.001, j=17:0.002, j=18:0.002, j=19:0.002, j=20:0.001, j=21:0.001, j=22:0.001, j=23:0.002, j=24:0.002, j=25:0.002, j=26:0.001, j=27:0.001, j=28:0.001, j=29:0.001, j=30:0.002, j=31:0.001, j=32:0.001, j=33:0.000, j=34:0.000, j=35:0.001, j=36:0.001, j=37:0.001, j=38:0.000, j=39:0.000, j=40:0.000, j=41:0.000, j=42:0.001, j=43:0.001, j=44:0.000, j=45:0.000, j=46:0.000, j=47:0.000, j=48:0.001, j=49:0.002, j=50:0.002, j=51:0.000, j=52:0.000, j=53:0.000, j=54:0.001, j=55:0.014, j=56:0.216, j=57:0.599, j=58:0.115
      i=59 -> j=0:0.001, j=1:0.001, j=2:0.001, j=3:0.001, j=4:0.001, j=5:0.001, j=6:0.002, j=7:0.001, j=8:0.001, j=9:0.001, j=10:0.001, j=11:0.001, j=12:0.002, j=13:0.002, j=14:0.002, j=15:0.001, j=16:0.001, j=17:0.002, j=18:0.002, j=19:0.003, j=20:0.002, j=21:0.002, j=22:0.001, j=23:0.002, j=24:0.002, j=25:0.003, j=26:0.002, j=27:0.001, j=28:0.001, j=29:0.001, j=30:0.001, j=31:0.001, j=32:0.001, j=33:0.001, j=34:0.000, j=35:0.000, j=36:0.001, j=37:0.001, j=38:0.001, j=39:0.001, j=40:0.000, j=41:0.000, j=42:0.000, j=43:0.001, j=44:0.001, j=45:0.001, j=46:0.000, j=47:0.000, j=48:0.000, j=49:0.001, j=50:0.003, j=51:0.002, j=52:0.000, j=53:0.000, j=54:0.000, j=55:0.000, j=56:0.013, j=57:0.265, j=58:0.553, j=59:0.104
      i=60 -> j=0:0.001, j=1:0.001, j=2:0.001, j=3:0.001, j=4:0.001, j=5:0.001, j=6:0.001, j=7:0.001, j=8:0.001, j=9:0.001, j=10:0.001, j=11:0.001, j=12:0.001, j=13:0.002, j=14:0.002, j=15:0.001, j=16:0.001, j=17:0.001, j=18:0.001, j=19:0.002, j=20:0.002, j=21:0.002, j=22:0.001, j=23:0.001, j=24:0.001, j=25:0.001, j=26:0.002, j=27:0.002, j=28:0.001, j=29:0.001, j=30:0.001, j=31:0.001, j=32:0.001, j=33:0.001, j=34:0.000, j=35:0.000, j=36:0.000, j=37:0.000, j=38:0.001, j=39:0.001, j=40:0.000, j=41:0.000, j=42:0.000, j=43:0.000, j=44:0.000, j=45:0.001, j=46:0.000, j=47:0.000, j=48:0.000, j=49:0.000, j=50:0.001, j=51:0.002, j=52:0.001, j=53:0.000, j=54:0.000, j=55:0.000, j=56:0.000, j=57:0.009, j=58:0.218, j=59:0.609, j=60:0.114
      i=61 -> j=0:0.001, j=1:0.001, j=2:0.001, j=3:0.001, j=4:0.001, j=5:0.001, j=6:0.001, j=7:0.001, j=8:0.002, j=9:0.002, j=10:0.001, j=11:0.001, j=12:0.001, j=13:0.002, j=14:0.002, j=15:0.002, j=16:0.002, j=17:0.001, j=18:0.001, j=19:0.002, j=20:0.002, j=21:0.003, j=22:0.002, j=23:0.001, j=24:0.001, j=25:0.001, j=26:0.002, j=27:0.002, j=28:0.002, j=29:0.001, j=30:0.001, j=31:0.001, j=32:0.001, j=33:0.002, j=34:0.001, j=35:0.001, j=36:0.000, j=37:0.000, j=38:0.001, j=39:0.001, j=40:0.001, j=41:0.001, j=42:0.000, j=43:0.000, j=44:0.000, j=45:0.001, j=46:0.001, j=47:0.000, j=48:0.000, j=49:0.000, j=50:0.000, j=51:0.001, j=52:0.003, j=53:0.002, j=54:0.000, j=55:0.000, j=56:0.000, j=57:0.000, j=58:0.013, j=59:0.263, j=60:0.573, j=61:0.085
      i=62 -> j=0:0.001, j=1:0.001, j=2:0.001, j=3:0.001, j=4:0.001, j=5:0.001, j=6:0.001, j=7:0.001, j=8:0.002, j=9:0.002, j=10:0.002, j=11:0.001, j=12:0.001, j=13:0.001, j=14:0.002, j=15:0.002, j=16:0.003, j=17:0.002, j=18:0.002, j=19:0.001, j=20:0.002, j=21:0.003, j=22:0.003, j=23:0.002, j=24:0.002, j=25:0.001, j=26:0.002, j=27:0.002, j=28:0.003, j=29:0.002, j=30:0.002, j=31:0.001, j=32:0.001, j=33:0.002, j=34:0.002, j=35:0.002, j=36:0.001, j=37:0.001, j=38:0.000, j=39:0.001, j=40:0.001, j=41:0.001, j=42:0.001, j=43:0.000, j=44:0.000, j=45:0.000, j=46:0.001, j=47:0.001, j=48:0.001, j=49:0.000, j=50:0.000, j=51:0.000, j=52:0.001, j=53:0.003, j=54:0.002, j=55:0.000, j=56:0.000, j=57:0.000, j=58:0.000, j=59:0.016, j=60:0.276, j=61:0.527, j=62:0.103
      i=63 -> j=0:0.001, j=1:0.001, j=2:0.001, j=3:0.001, j=4:0.001, j=5:0.001, j=6:0.001, j=7:0.001, j=8:0.001, j=9:0.001, j=10:0.002, j=11:0.002, j=12:0.001, j=13:0.001, j=14:0.001, j=15:0.002, j=16:0.002, j=17:0.002, j=18:0.002, j=19:0.001, j=20:0.001, j=21:0.002, j=22:0.002, j=23:0.003, j=24:0.002, j=25:0.001, j=26:0.001, j=27:0.001, j=28:0.002, j=29:0.002, j=30:0.002, j=31:0.001, j=32:0.001, j=33:0.001, j=34:0.001, j=35:0.002, j=36:0.001, j=37:0.001, j=38:0.000, j=39:0.000, j=40:0.001, j=41:0.001, j=42:0.001, j=43:0.001, j=44:0.000, j=45:0.000, j=46:0.000, j=47:0.001, j=48:0.001, j=49:0.001, j=50:0.000, j=51:0.000, j=52:0.000, j=53:0.001, j=54:0.003, j=55:0.002, j=56:0.000, j=57:0.000, j=58:0.000, j=59:0.000, j=60:0.012, j=61:0.267, j=62:0.545, j=63:0.105
    Average attention per distance:
      d=0:0.120, d=1:0.591, d=2:0.266, d=3:0.014

--- Layer 1 ---
  Head 0: Entropy=1.251
    Attention coefficients from each query position to previous positions:
      i= 0 -> j=0:1.000
      i= 1 -> j=0:0.531, j=1:0.469
      i= 2 -> j=0:0.274, j=1:0.335, j=2:0.391
      i= 3 -> j=0:0.044, j=1:0.067, j=2:0.130, j=3:0.759
      i= 4 -> j=0:0.011, j=1:0.020, j=2:0.065, j=3:0.879, j=4:0.025
      i= 5 -> j=0:0.011, j=1:0.014, j=2:0.041, j=3:0.706, j=4:0.047, j=5:0.181
      i= 6 -> j=0:0.012, j=1:0.012, j=2:0.024, j=3:0.396, j=4:0.059, j=5:0.421, j=6:0.076
      i= 7 -> j=0:0.016, j=1:0.012, j=2:0.015, j=3:0.156, j=4:0.031, j=5:0.326, j=6:0.122, j=7:0.322
      i= 8 -> j=0:0.013, j=1:0.010, j=2:0.009, j=3:0.042, j=4:0.010, j=5:0.063, j=6:0.047, j=7:0.154, j=8:0.652
      i= 9 -> j=0:0.004, j=1:0.003, j=2:0.003, j=3:0.013, j=4:0.002, j=5:0.013, j=6:0.013, j=7:0.081, j=8:0.847, j=9:0.021
      i=10 -> j=0:0.007, j=1:0.006, j=2:0.005, j=3:0.022, j=4:0.002, j=5:0.010, j=6:0.009, j=7:0.052, j=8:0.691, j=9:0.056, j=10:0.139
      i=11 -> j=0:0.001, j=1:0.001, j=2:0.001, j=3:0.004, j=4:0.000, j=5:0.001, j=6:0.001, j=7:0.003, j=8:0.052, j=9:0.006, j=10:0.023, j=11:0.907
      i=12 -> j=0:0.001, j=1:0.000, j=2:0.000, j=3:0.002, j=4:0.000, j=5:0.001, j=6:0.000, j=7:0.001, j=8:0.013, j=9:0.002, j=10:0.011, j=11:0.866, j=12:0.103
      i=13 -> j=0:0.001, j=1:0.001, j=2:0.000, j=3:0.002, j=4:0.000, j=5:0.001, j=6:0.000, j=7:0.001, j=8:0.009, j=9:0.002, j=10:0.009, j=11:0.762, j=12:0.207, j=13:0.005
      i=14 -> j=0:0.002, j=1:0.001, j=2:0.001, j=3:0.003, j=4:0.000, j=5:0.001, j=6:0.001, j=7:0.001, j=8:0.013, j=9:0.001, j=10:0.007, j=11:0.637, j=12:0.317, j=13:0.013, j=14:0.003
      i=15 -> j=0:0.007, j=1:0.004, j=2:0.003, j=3:0.009, j=4:0.001, j=5:0.003, j=6:0.002, j=7:0.005, j=8:0.037, j=9:0.003, j=10:0.009, j=11:0.325, j=12:0.201, j=13:0.024, j=14:0.012, j=15:0.355
      i=16 -> j=0:0.004, j=1:0.003, j=2:0.002, j=3:0.006, j=4:0.001, j=5:0.002, j=6:0.001, j=7:0.003, j=8:0.019, j=9:0.002, j=10:0.004, j=11:0.060, j=12:0.030, j=13:0.006, j=14:0.005, j=15:0.121, j=16:0.731
      i=17 -> j=0:0.001, j=1:0.001, j=2:0.000, j=3:0.002, j=4:0.000, j=5:0.000, j=6:0.000, j=7:0.000, j=8:0.005, j=9:0.000, j=10:0.001, j=11:0.015, j=12:0.005, j=13:0.001, j=14:0.001, j=15:0.047, j=16:0.851, j=17:0.070
      i=18 -> j=0:0.001, j=1:0.001, j=2:0.001, j=3:0.002, j=4:0.000, j=5:0.000, j=6:0.000, j=7:0.000, j=8:0.004, j=9:0.000, j=10:0.001, j=11:0.014, j=12:0.004, j=13:0.001, j=14:0.000, j=15:0.014, j=16:0.238, j=17:0.049, j=18:0.670
      i=19 -> j=0:0.001, j=1:0.000, j=2:0.000, j=3:0.001, j=4:0.000, j=5:0.000, j=6:0.000, j=7:0.000, j=8:0.002, j=9:0.000, j=10:0.000, j=11:0.008, j=12:0.002, j=13:0.000, j=14:0.000, j=15:0.004, j=16:0.073, j=17:0.022, j=18:0.643, j=19:0.242
      i=20 -> j=0:0.001, j=1:0.001, j=2:0.000, j=3:0.001, j=4:0.000, j=5:0.000, j=6:0.000, j=7:0.000, j=8:0.002, j=9:0.000, j=10:0.001, j=11:0.007, j=12:0.002, j=13:0.000, j=14:0.000, j=15:0.002, j=16:0.028, j=17:0.011, j=18:0.473, j=19:0.428, j=20:0.041
      i=21 -> j=0:0.002, j=1:0.001, j=2:0.001, j=3:0.002, j=4:0.000, j=5:0.001, j=6:0.000, j=7:0.001, j=8:0.004, j=9:0.000, j=10:0.001, j=11:0.009, j=12:0.003, j=13:0.000, j=14:0.000, j=15:0.002, j=16:0.023, j=17:0.007, j=18:0.310, j=19:0.510, j=20:0.085, j=21:0.038
      i=22 -> j=0:0.005, j=1:0.003, j=2:0.002, j=3:0.005, j=4:0.001, j=5:0.002, j=6:0.001, j=7:0.002, j=8:0.010, j=9:0.001, j=10:0.002, j=11:0.015, j=12:0.006, j=13:0.001, j=14:0.001, j=15:0.006, j=16:0.033, j=17:0.007, j=18:0.140, j=19:0.225, j=20:0.079, j=21:0.071, j=22:0.383
      i=23 -> j=0:0.002, j=1:0.001, j=2:0.001, j=3:0.003, j=4:0.000, j=5:0.001, j=6:0.000, j=7:0.001, j=8:0.006, j=9:0.000, j=10:0.001, j=11:0.008, j=12:0.002, j=13:0.000, j=14:0.000, j=15:0.002, j=16:0.019, j=17:0.002, j=18:0.054, j=19:0.072, j=20:0.027, j=21:0.043, j=22:0.595, j=23:0.160
      i=24 -> j=0:0.003, j=1:0.002, j=2:0.001, j=3:0.004, j=4:0.000, j=5:0.001, j=6:0.000, j=7:0.001, j=8:0.007, j=9:0.000, j=10:0.001, j=11:0.010, j=12:0.002, j=13:0.000, j=14:0.000, j=15:0.003, j=16:0.022, j=17:0.002, j=18:0.037, j=19:0.030, j=20:0.012, j=21:0.025, j=22:0.509, j=23:0.319, j=24:0.005
      i=25 -> j=0:0.001, j=1:0.001, j=2:0.000, j=3:0.002, j=4:0.000, j=5:0.000, j=6:0.000, j=7:0.000, j=8:0.002, j=9:0.000, j=10:0.000, j=11:0.004, j=12:0.001, j=13:0.000, j=14:0.000, j=15:0.001, j=16:0.006, j=17:0.001, j=18:0.012, j=19:0.007, j=20:0.002, j=21:0.003, j=22:0.031, j=23:0.029, j=24:0.002, j=25:0.893
      i=26 -> j=0:0.001, j=1:0.001, j=2:0.000, j=3:0.001, j=4:0.000, j=5:0.000, j=6:0.000, j=7:0.000, j=8:0.002, j=9:0.000, j=10:0.000, j=11:0.003, j=12:0.001, j=13:0.000, j=14:0.000, j=15:0.000, j=16:0.003, j=17:0.001, j=18:0.008, j=19:0.004, j=20:0.001, j=21:0.001, j=22:0.010, j=23:0.010, j=24:0.001, j=25:0.811, j=26:0.138
      i=27 -> j=0:0.002, j=1:0.001, j=2:0.001, j=3:0.001, j=4:0.000, j=5:0.000, j=6:0.000, j=7:0.000, j=8:0.002, j=9:0.000, j=10:0.000, j=11:0.003, j=12:0.001, j=13:0.000, j=14:0.000, j=15:0.001, j=16:0.003, j=17:0.001, j=18:0.007, j=19:0.005, j=20:0.001, j=21:0.001, j=22:0.006, j=23:0.005, j=24:0.001, j=25:0.625, j=26:0.245, j=27:0.088
      i=28 -> j=0:0.002, j=1:0.001, j=2:0.001, j=3:0.001, j=4:0.000, j=5:0.000, j=6:0.000, j=7:0.000, j=8:0.002, j=9:0.000, j=10:0.000, j=11:0.003, j=12:0.001, j=13:0.000, j=14:0.000, j=15:0.001, j=16:0.003, j=17:0.000, j=18:0.006, j=19:0.004, j=20:0.001, j=21:0.001, j=22:0.005, j=23:0.002, j=24:0.000, j=25:0.200, j=26:0.130, j=27:0.076, j=28:0.558
      i=29 -> j=0:0.002, j=1:0.001, j=2:0.001, j=3:0.002, j=4:0.000, j=5:0.001, j=6:0.000, j=7:0.000, j=8:0.003, j=9:0.000, j=10:0.000, j=11:0.003, j=12:0.001, j=13:0.000, j=14:0.000, j=15:0.001, j=16:0.003, j=17:0.000, j=18:0.004, j=19:0.003, j=20:0.001, j=21:0.001, j=22:0.004, j=23:0.002, j=24:0.000, j=25:0.059, j=26:0.057, j=27:0.057, j=28:0.701, j=29:0.091
      i=30 -> j=0:0.002, j=1:0.001, j=2:0.001, j=3:0.002, j=4:0.000, j=5:0.000, j=6:0.000, j=7:0.000, j=8:0.003, j=9:0.000, j=10:0.000, j=11:0.003, j=12:0.001, j=13:0.000, j=14:0.000, j=15:0.001, j=16:0.003, j=17:0.000, j=18:0.004, j=19:0.002, j=20:0.001, j=21:0.001, j=22:0.004, j=23:0.001, j=24:0.000, j=25:0.028, j=26:0.024, j=27:0.030, j=28:0.708, j=29:0.139, j=30:0.041
      i=31 -> j=0:0.003, j=1:0.002, j=2:0.001, j=3:0.003, j=4:0.000, j=5:0.001, j=6:0.000, j=7:0.001, j=8:0.004, j=9:0.000, j=10:0.001, j=11:0.005, j=12:0.001, j=13:0.000, j=14:0.000, j=15:0.001, j=16:0.005, j=17:0.001, j=18:0.006, j=19:0.003, j=20:0.001, j=21:0.001, j=22:0.005, j=23:0.002, j=24:0.000, j=25:0.032, j=26:0.017, j=27:0.017, j=28:0.401, j=29:0.127, j=30:0.070, j=31:0.290
      i=32 -> j=0:0.003, j=1:0.002, j=2:0.001, j=3:0.003, j=4:0.000, j=5:0.001, j=6:0.000, j=7:0.001, j=8:0.003, j=9:0.000, j=10:0.001, j=11:0.004, j=12:0.001, j=13:0.000, j=14:0.000, j=15:0.001, j=16:0.003, j=17:0.001, j=18:0.005, j=19:0.003, j=20:0.001, j=21:0.001, j=22:0.003, j=23:0.001, j=24:0.000, j=25:0.018, j=26:0.008, j=27:0.006, j=28:0.054, j=29:0.024, j=30:0.021, j=31:0.100, j=32:0.733
      i=33 -> j=0:0.001, j=1:0.001, j=2:0.000, j=3:0.001, j=4:0.000, j=5:0.000, j=6:0.000, j=7:0.000, j=8:0.001, j=9:0.000, j=10:0.000, j=11:0.002, j=12:0.001, j=13:0.000, j=14:0.000, j=15:0.000, j=16:0.001, j=17:0.000, j=18:0.002, j=19:0.001, j=20:0.000, j=21:0.000, j=22:0.001, j=23:0.000, j=24:0.000, j=25:0.008, j=26:0.003, j=27:0.002, j=28:0.014, j=29:0.006, j=30:0.006, j=31:0.047, j=32:0.831, j=33:0.068
      i=34 -> j=0:0.002, j=1:0.001, j=2:0.001, j=3:0.002, j=4:0.000, j=5:0.000, j=6:0.000, j=7:0.000, j=8:0.002, j=9:0.000, j=10:0.000, j=11:0.002, j=12:0.001, j=13:0.000, j=14:0.000, j=15:0.000, j=16:0.002, j=17:0.000, j=18:0.002, j=19:0.001, j=20:0.000, j=21:0.000, j=22:0.001, j=23:0.000, j=24:0.000, j=25:0.008, j=26:0.003, j=27:0.002, j=28:0.011, j=29:0.003, j=30:0.003, j=31:0.025, j=32:0.764, j=33:0.134, j=34:0.028
      i=35 -> j=0:0.004, j=1:0.003, j=2:0.002, j=3:0.004, j=4:0.001, j=5:0.001, j=6:0.001, j=7:0.001, j=8:0.004, j=9:0.000, j=10:0.001, j=11:0.004, j=12:0.001, j=13:0.000, j=14:0.000, j=15:0.001, j=16:0.004, j=17:0.001, j=18:0.004, j=19:0.003, j=20:0.001, j=21:0.001, j=22:0.002, j=23:0.001, j=24:0.000, j=25:0.011, j=26:0.006, j=27:0.004, j=28:0.019, j=29:0.005, j=30:0.003, j=31:0.016, j=32:0.308, j=33:0.100, j=34:0.041, j=35:0.444
      i=36 -> j=0:0.002, j=1:0.001, j=2:0.001, j=3:0.003, j=4:0.000, j=5:0.001, j=6:0.000, j=7:0.000, j=8:0.002, j=9:0.000, j=10:0.000, j=11:0.002, j=12:0.001, j=13:0.000, j=14:0.000, j=15:0.000, j=16:0.002, j=17:0.000, j=18:0.002, j=19:0.001, j=20:0.000, j=21:0.000, j=22:0.001, j=23:0.000, j=24:0.000, j=25:0.004, j=26:0.002, j=27:0.001, j=28:0.010, j=29:0.002, j=30:0.001, j=31:0.004, j=32:0.096, j=33:0.038, j=34:0.025, j=35:0.767, j=36:0.029
      i=37 -> j=0:0.004, j=1:0.003, j=2:0.002, j=3:0.005, j=4:0.001, j=5:0.001, j=6:0.001, j=7:0.001, j=8:0.004, j=9:0.000, j=10:0.001, j=11:0.005, j=12:0.001, j=13:0.000, j=14:0.000, j=15:0.001, j=16:0.004, j=17:0.000, j=18:0.004, j=19:0.002, j=20:0.000, j=21:0.000, j=22:0.002, j=23:0.000, j=24:0.000, j=25:0.006, j=26:0.003, j=27:0.002, j=28:0.013, j=29:0.003, j=30:0.001, j=31:0.004, j=32:0.064, j=33:0.021, j=34:0.018, j=35:0.691, j=36:0.060, j=37:0.071
      i=38 -> j=0:0.006, j=1:0.004, j=2:0.002, j=3:0.006, j=4:0.001, j=5:0.002, j=6:0.001, j=7:0.001, j=8:0.006, j=9:0.001, j=10:0.001, j=11:0.007, j=12:0.002, j=13:0.000, j=14:0.000, j=15:0.001, j=16:0.004, j=17:0.001, j=18:0.005, j=19:0.003, j=20:0.001, j=21:0.000, j=22:0.002, j=23:0.001, j=24:0.000, j=25:0.008, j=26:0.003, j=27:0.002, j=28:0.012, j=29:0.004, j=30:0.002, j=31:0.005, j=32:0.045, j=33:0.011, j=34:0.008, j=35:0.209, j=36:0.041, j=37:0.084, j=38:0.509
      i=39 -> j=0:0.006, j=1:0.004, j=2:0.003, j=3:0.007, j=4:0.001, j=5:0.002, j=6:0.001, j=7:0.002, j=8:0.006, j=9:0.001, j=10:0.001, j=11:0.007, j=12:0.002, j=13:0.000, j=14:0.000, j=15:0.001, j=16:0.004, j=17:0.001, j=18:0.005, j=19:0.003, j=20:0.001, j=21:0.001, j=22:0.002, j=23:0.001, j=24:0.000, j=25:0.008, j=26:0.003, j=27:0.002, j=28:0.008, j=29:0.003, j=30:0.002, j=31:0.004, j=32:0.034, j=33:0.006, j=34:0.004, j=35:0.065, j=36:0.019, j=37:0.063, j=38:0.579, j=39:0.137
      i=40 -> j=0:0.010, j=1:0.007, j=2:0.005, j=3:0.010, j=4:0.002, j=5:0.004, j=6:0.002, j=7:0.003, j=8:0.010, j=9:0.001, j=10:0.002, j=11:0.010, j=12:0.004, j=13:0.001, j=14:0.000, j=15:0.002, j=16:0.006, j=17:0.001, j=18:0.007, j=19:0.004, j=20:0.001, j=21:0.001, j=22:0.003, j=23:0.001, j=24:0.000, j=25:0.011, j=26:0.005, j=27:0.003, j=28:0.010, j=29:0.003, j=30:0.002, j=31:0.005, j=32:0.040, j=33:0.008, j=34:0.004, j=35:0.038, j=36:0.010, j=37:0.038, j=38:0.460, j=39:0.203, j=40:0.063
      i=41 -> j=0:0.012, j=1:0.008, j=2:0.006, j=3:0.013, j=4:0.002, j=5:0.004, j=6:0.002, j=7:0.003, j=8:0.014, j=9:0.001, j=10:0.002, j=11:0.013, j=12:0.004, j=13:0.001, j=14:0.000, j=15:0.002, j=16:0.008, j=17:0.001, j=18:0.008, j=19:0.005, j=20:0.001, j=21:0.001, j=22:0.004, j=23:0.001, j=24:0.000, j=25:0.013, j=26:0.005, j=27:0.003, j=28:0.013, j=29:0.003, j=30:0.001, j=31:0.004, j=32:0.047, j=33:0.008, j=34:0.003, j=35:0.038, j=36:0.005, j=37:0.019, j=38:0.291, j=39:0.192, j=40:0.090, j=41:0.145
      i=42 -> j=0:0.006, j=1:0.004, j=2:0.003, j=3:0.007, j=4:0.001, j=5:0.002, j=6:0.001, j=7:0.002, j=8:0.008, j=9:0.001, j=10:0.001, j=11:0.007, j=12:0.002, j=13:0.000, j=14:0.000, j=15:0.001, j=16:0.005, j=17:0.001, j=18:0.004, j=19:0.002, j=20:0.001, j=21:0.001, j=22:0.002, j=23:0.001, j=24:0.000, j=25:0.006, j=26:0.003, j=27:0.002, j=28:0.007, j=29:0.002, j=30:0.001, j=31:0.002, j=32:0.018, j=33:0.004, j=34:0.002, j=35:0.018, j=36:0.002, j=37:0.005, j=38:0.046, j=39:0.036, j=40:0.027, j=41:0.070, j=42:0.687
      i=43 -> j=0:0.003, j=1:0.002, j=2:0.001, j=3:0.004, j=4:0.000, j=5:0.001, j=6:0.000, j=7:0.001, j=8:0.004, j=9:0.000, j=10:0.001, j=11:0.004, j=12:0.001, j=13:0.000, j=14:0.000, j=15:0.000, j=16:0.002, j=17:0.000, j=18:0.002, j=19:0.001, j=20:0.000, j=21:0.000, j=22:0.001, j=23:0.000, j=24:0.000, j=25:0.002, j=26:0.001, j=27:0.000, j=28:0.003, j=29:0.001, j=30:0.000, j=31:0.001, j=32:0.006, j=33:0.001, j=34:0.000, j=35:0.007, j=36:0.000, j=37:0.001, j=38:0.009, j=39:0.006, j=40:0.006, j=41:0.031, j=42:0.815, j=43:0.081
      i=44 -> j=0:0.004, j=1:0.003, j=2:0.002, j=3:0.005, j=4:0.001, j=5:0.001, j=6:0.001, j=7:0.001, j=8:0.005, j=9:0.000, j=10:0.001, j=11:0.006, j=12:0.001, j=13:0.000, j=14:0.000, j=15:0.001, j=16:0.003, j=17:0.000, j=18:0.003, j=19:0.001, j=20:0.000, j=21:0.000, j=22:0.001, j=23:0.000, j=24:0.000, j=25:0.003, j=26:0.001, j=27:0.001, j=28:0.003, j=29:0.001, j=30:0.000, j=31:0.001, j=32:0.006, j=33:0.001, j=34:0.000, j=35:0.007, j=36:0.001, j=37:0.001, j=38:0.007, j=39:0.004, j=40:0.003, j=41:0.015, j=42:0.553, j=43:0.124, j=44:0.230
      i=45 -> j=0:0.004, j=1:0.003, j=2:0.002, j=3:0.005, j=4:0.001, j=5:0.002, j=6:0.001, j=7:0.001, j=8:0.005, j=9:0.001, j=10:0.001, j=11:0.006, j=12:0.002, j=13:0.000, j=14:0.000, j=15:0.001, j=16:0.003, j=17:0.000, j=18:0.003, j=19:0.002, j=20:0.000, j=21:0.000, j=22:0.001, j=23:0.000, j=24:0.000, j=25:0.004, j=26:0.001, j=27:0.001, j=28:0.003, j=29:0.001, j=30:0.000, j=31:0.001, j=32:0.006, j=33:0.001, j=34:0.000, j=35:0.005, j=36:0.001, j=37:0.001, j=38:0.006, j=39:0.003, j=40:0.002, j=41:0.006, j=42:0.131, j=43:0.056, j=44:0.157, j=45:0.568
      i=46 -> j=0:0.004, j=1:0.003, j=2:0.002, j=3:0.004, j=4:0.001, j=5:0.001, j=6:0.001, j=7:0.001, j=8:0.005, j=9:0.001, j=10:0.001, j=11:0.005, j=12:0.002, j=13:0.000, j=14:0.000, j=15:0.001, j=16:0.003, j=17:0.000, j=18:0.003, j=19:0.002, j=20:0.000, j=21:0.000, j=22:0.001, j=23:0.000, j=24:0.000, j=25:0.003, j=26:0.001, j=27:0.001, j=28:0.002, j=29:0.001, j=30:0.000, j=31:0.001, j=32:0.006, j=33:0.001, j=34:0.000, j=35:0.003, j=36:0.000, j=37:0.001, j=38:0.005, j=39:0.002, j=40:0.001, j=41:0.002, j=42:0.039, j=43:0.020, j=44:0.076, j=45:0.516, j=46:0.277
      i=47 -> j=0:0.003, j=1:0.002, j=2:0.001, j=3:0.003, j=4:0.000, j=5:0.001, j=6:0.000, j=7:0.001, j=8:0.004, j=9:0.000, j=10:0.001, j=11:0.004, j=12:0.001, j=13:0.000, j=14:0.000, j=15:0.001, j=16:0.002, j=17:0.000, j=18:0.002, j=19:0.001, j=20:0.000, j=21:0.000, j=22:0.001, j=23:0.000, j=24:0.000, j=25:0.002, j=26:0.001, j=27:0.000, j=28:0.002, j=29:0.000, j=30:0.000, j=31:0.000, j=32:0.004, j=33:0.001, j=34:0.000, j=35:0.002, j=36:0.000, j=37:0.000, j=38:0.002, j=39:0.001, j=40:0.001, j=41:0.001, j=42:0.012, j=43:0.005, j=44:0.025, j=45:0.402, j=46:0.476, j=47:0.031
      i=48 -> j=0:0.006, j=1:0.005, j=2:0.003, j=3:0.008, j=4:0.001, j=5:0.003, j=6:0.001, j=7:0.002, j=8:0.008, j=9:0.001, j=10:0.002, j=11:0.009, j=12:0.003, j=13:0.001, j=14:0.000, j=15:0.002, j=16:0.005, j=17:0.001, j=18:0.005, j=19:0.003, j=20:0.001, j=21:0.001, j=22:0.002, j=23:0.001, j=24:0.000, j=25:0.005, j=26:0.002, j=27:0.001, j=28:0.005, j=29:0.001, j=30:0.001, j=31:0.001, j=32:0.008, j=33:0.002, j=34:0.001, j=35:0.005, j=36:0.001, j=37:0.001, j=38:0.005, j=39:0.003, j=40:0.002, j=41:0.002, j=42:0.016, j=43:0.005, j=44:0.013, j=45:0.117, j=46:0.206, j=47:0.040, j=48:0.485
      i=49 -> j=0:0.003, j=1:0.002, j=2:0.002, j=3:0.004, j=4:0.001, j=5:0.001, j=6:0.001, j=7:0.001, j=8:0.004, j=9:0.001, j=10:0.001, j=11:0.005, j=12:0.002, j=13:0.000, j=14:0.000, j=15:0.001, j=16:0.003, j=17:0.001, j=18:0.003, j=19:0.001, j=20:0.001, j=21:0.000, j=22:0.001, j=23:0.000, j=24:0.000, j=25:0.002, j=26:0.001, j=27:0.001, j=28:0.002, j=29:0.001, j=30:0.000, j=31:0.001, j=32:0.004, j=33:0.001, j=34:0.000, j=35:0.003, j=36:0.000, j=37:0.000, j=38:0.002, j=39:0.001, j=40:0.001, j=41:0.001, j=42:0.007, j=43:0.002, j=44:0.003, j=45:0.022, j=46:0.047, j=47:0.015, j=48:0.297, j=49:0.547
      i=50 -> j=0:0.004, j=1:0.003, j=2:0.002, j=3:0.005, j=4:0.001, j=5:0.002, j=6:0.001, j=7:0.002, j=8:0.005, j=9:0.001, j=10:0.002, j=11:0.006, j=12:0.002, j=13:0.001, j=14:0.000, j=15:0.001, j=16:0.004, j=17:0.001, j=18:0.004, j=19:0.002, j=20:0.001, j=21:0.001, j=22:0.002, j=23:0.001, j=24:0.000, j=25:0.003, j=26:0.001, j=27:0.001, j=28:0.003, j=29:0.001, j=30:0.001, j=31:0.001, j=32:0.004, j=33:0.001, j=34:0.001, j=35:0.003, j=36:0.000, j=37:0.001, j=38:0.002, j=39:0.001, j=40:0.001, j=41:0.001, j=42:0.007, j=43:0.002, j=44:0.003, j=45:0.011, j=46:0.019, j=47:0.008, j=48:0.160, j=49:0.447, j=50:0.262
      i=51 -> j=0:0.002, j=1:0.001, j=2:0.001, j=3:0.002, j=4:0.000, j=5:0.001, j=6:0.000, j=7:0.001, j=8:0.002, j=9:0.000, j=10:0.000, j=11:0.003, j=12:0.001, j=13:0.000, j=14:0.000, j=15:0.000, j=16:0.002, j=17:0.000, j=18:0.002, j=19:0.001, j=20:0.000, j=21:0.000, j=22:0.001, j=23:0.000, j=24:0.000, j=25:0.001, j=26:0.000, j=27:0.000, j=28:0.001, j=29:0.000, j=30:0.000, j=31:0.000, j=32:0.001, j=33:0.000, j=34:0.000, j=35:0.001, j=36:0.000, j=37:0.000, j=38:0.001, j=39:0.000, j=40:0.000, j=41:0.000, j=42:0.002, j=43:0.000, j=44:0.001, j=45:0.003, j=46:0.004, j=47:0.001, j=48:0.071, j=49:0.438, j=50:0.441, j=51:0.011
      i=52 -> j=0:0.004, j=1:0.003, j=2:0.002, j=3:0.005, j=4:0.001, j=5:0.002, j=6:0.001, j=7:0.001, j=8:0.005, j=9:0.001, j=10:0.001, j=11:0.007, j=12:0.002, j=13:0.000, j=14:0.000, j=15:0.001, j=16:0.004, j=17:0.001, j=18:0.004, j=19:0.002, j=20:0.001, j=21:0.000, j=22:0.001, j=23:0.000, j=24:0.000, j=25:0.003, j=26:0.001, j=27:0.001, j=28:0.002, j=29:0.001, j=30:0.000, j=31:0.001, j=32:0.004, j=33:0.001, j=34:0.000, j=35:0.002, j=36:0.000, j=37:0.000, j=38:0.001, j=39:0.001, j=40:0.000, j=41:0.000, j=42:0.003, j=43:0.001, j=44:0.001, j=45:0.006, j=46:0.006, j=47:0.001, j=48:0.045, j=49:0.266, j=50:0.538, j=51:0.033, j=52:0.031
      i=53 -> j=0:0.004, j=1:0.003, j=2:0.002, j=3:0.005, j=4:0.001, j=5:0.002, j=6:0.001, j=7:0.001, j=8:0.005, j=9:0.001, j=10:0.001, j=11:0.006, j=12:0.002, j=13:0.000, j=14:0.000, j=15:0.001, j=16:0.004, j=17:0.001, j=18:0.004, j=19:0.002, j=20:0.001, j=21:0.000, j=22:0.001, j=23:0.000, j=24:0.000, j=25:0.003, j=26:0.001, j=27:0.001, j=28:0.002, j=29:0.001, j=30:0.000, j=31:0.001, j=32:0.004, j=33:0.001, j=34:0.000, j=35:0.002, j=36:0.000, j=37:0.000, j=38:0.002, j=39:0.001, j=40:0.000, j=41:0.000, j=42:0.003, j=43:0.001, j=44:0.001, j=45:0.005, j=46:0.005, j=47:0.001, j=48:0.017, j=49:0.055, j=50:0.122, j=51:0.016, j=52:0.025, j=53:0.680
      i=54 -> j=0:0.004, j=1:0.003, j=2:0.002, j=3:0.004, j=4:0.001, j=5:0.002, j=6:0.001, j=7:0.001, j=8:0.005, j=9:0.001, j=10:0.001, j=11:0.005, j=12:0.002, j=13:0.000, j=14:0.000, j=15:0.001, j=16:0.003, j=17:0.001, j=18:0.003, j=19:0.002, j=20:0.001, j=21:0.000, j=22:0.001, j=23:0.000, j=24:0.000, j=25:0.003, j=26:0.001, j=27:0.001, j=28:0.002, j=29:0.001, j=30:0.000, j=31:0.000, j=32:0.003, j=33:0.001, j=34:0.000, j=35:0.002, j=36:0.000, j=37:0.000, j=38:0.001, j=39:0.001, j=40:0.000, j=41:0.000, j=42:0.002, j=43:0.000, j=44:0.001, j=45:0.003, j=46:0.003, j=47:0.001, j=48:0.008, j=49:0.018, j=50:0.043, j=51:0.008, j=52:0.019, j=53:0.805, j=54:0.028
      i=55 -> j=0:0.003, j=1:0.002, j=2:0.002, j=3:0.004, j=4:0.001, j=5:0.001, j=6:0.001, j=7:0.001, j=8:0.004, j=9:0.001, j=10:0.001, j=11:0.005, j=12:0.002, j=13:0.000, j=14:0.000, j=15:0.001, j=16:0.003, j=17:0.001, j=18:0.003, j=19:0.002, j=20:0.001, j=21:0.000, j=22:0.001, j=23:0.000, j=24:0.000, j=25:0.002, j=26:0.001, j=27:0.001, j=28:0.002, j=29:0.001, j=30:0.000, j=31:0.000, j=32:0.002, j=33:0.000, j=34:0.000, j=35:0.001, j=36:0.000, j=37:0.000, j=38:0.001, j=39:0.000, j=40:0.000, j=41:0.000, j=42:0.002, j=43:0.000, j=44:0.000, j=45:0.002, j=46:0.003, j=47:0.000, j=48:0.008, j=49:0.013, j=50:0.023, j=51:0.003, j=52:0.007, j=53:0.456, j=54:0.026, j=55:0.403
      i=56 -> j=0:0.005, j=1:0.003, j=2:0.003, j=3:0.006, j=4:0.001, j=5:0.002, j=6:0.001, j=7:0.002, j=8:0.006, j=9:0.001, j=10:0.002, j=11:0.007, j=12:0.003, j=13:0.001, j=14:0.000, j=15:0.001, j=16:0.005, j=17:0.001, j=18:0.005, j=19:0.003, j=20:0.001, j=21:0.001, j=22:0.002, j=23:0.001, j=24:0.000, j=25:0.004, j=26:0.002, j=27:0.001, j=28:0.003, j=29:0.001, j=30:0.000, j=31:0.001, j=32:0.003, j=33:0.001, j=34:0.000, j=35:0.002, j=36:0.000, j=37:0.000, j=38:0.001, j=39:0.001, j=40:0.000, j=41:0.000, j=42:0.002, j=43:0.000, j=44:0.001, j=45:0.002, j=46:0.002, j=47:0.001, j=48:0.008, j=49:0.013, j=50:0.018, j=51:0.002, j=52:0.004, j=53:0.174, j=54:0.024, j=55:0.546, j=56:0.121
      i=57 -> j=0:0.006, j=1:0.004, j=2:0.003, j=3:0.007, j=4:0.001, j=5:0.003, j=6:0.002, j=7:0.002, j=8:0.008, j=9:0.001, j=10:0.002, j=11:0.010, j=12:0.004, j=13:0.001, j=14:0.000, j=15:0.002, j=16:0.006, j=17:0.001, j=18:0.007, j=19:0.003, j=20:0.001, j=21:0.001, j=22:0.003, j=23:0.001, j=24:0.000, j=25:0.005, j=26:0.002, j=27:0.001, j=28:0.004, j=29:0.001, j=30:0.001, j=31:0.001, j=32:0.004, j=33:0.001, j=34:0.000, j=35:0.002, j=36:0.000, j=37:0.000, j=38:0.001, j=39:0.001, j=40:0.000, j=41:0.000, j=42:0.002, j=43:0.001, j=44:0.001, j=45:0.002, j=46:0.002, j=47:0.000, j=48:0.008, j=49:0.014, j=50:0.018, j=51:0.001, j=52:0.002, j=53:0.069, j=54:0.015, j=55:0.503, j=56:0.214, j=57:0.042
      i=58 -> j=0:0.005, j=1:0.004, j=2:0.003, j=3:0.006, j=4:0.001, j=5:0.002, j=6:0.001, j=7:0.002, j=8:0.006, j=9:0.001, j=10:0.002, j=11:0.008, j=12:0.003, j=13:0.001, j=14:0.000, j=15:0.002, j=16:0.005, j=17:0.001, j=18:0.006, j=19:0.003, j=20:0.001, j=21:0.001, j=22:0.002, j=23:0.001, j=24:0.000, j=25:0.005, j=26:0.002, j=27:0.001, j=28:0.003, j=29:0.001, j=30:0.000, j=31:0.001, j=32:0.004, j=33:0.001, j=34:0.000, j=35:0.002, j=36:0.000, j=37:0.000, j=38:0.001, j=39:0.001, j=40:0.000, j=41:0.000, j=42:0.002, j=43:0.001, j=44:0.001, j=45:0.002, j=46:0.002, j=47:0.000, j=48:0.005, j=49:0.010, j=50:0.015, j=51:0.001, j=52:0.001, j=53:0.026, j=54:0.005, j=55:0.115, j=56:0.084, j=57:0.029, j=58:0.613
      i=59 -> j=0:0.005, j=1:0.004, j=2:0.003, j=3:0.006, j=4:0.001, j=5:0.002, j=6:0.001, j=7:0.002, j=8:0.007, j=9:0.001, j=10:0.002, j=11:0.008, j=12:0.003, j=13:0.001, j=14:0.000, j=15:0.002, j=16:0.005, j=17:0.001, j=18:0.006, j=19:0.003, j=20:0.001, j=21:0.001, j=22:0.002, j=23:0.001, j=24:0.000, j=25:0.005, j=26:0.002, j=27:0.001, j=28:0.003, j=29:0.001, j=30:0.001, j=31:0.001, j=32:0.004, j=33:0.001, j=34:0.000, j=35:0.002, j=36:0.000, j=37:0.000, j=38:0.001, j=39:0.001, j=40:0.000, j=41:0.000, j=42:0.002, j=43:0.000, j=44:0.001, j=45:0.002, j=46:0.002, j=47:0.000, j=48:0.004, j=49:0.007, j=50:0.011, j=51:0.001, j=52:0.001, j=53:0.015, j=54:0.002, j=55:0.036, j=56:0.035, j=57:0.020, j=58:0.690, j=59:0.076
      i=60 -> j=0:0.004, j=1:0.003, j=2:0.002, j=3:0.005, j=4:0.001, j=5:0.002, j=6:0.001, j=7:0.002, j=8:0.005, j=9:0.001, j=10:0.001, j=11:0.006, j=12:0.002, j=13:0.001, j=14:0.000, j=15:0.001, j=16:0.004, j=17:0.001, j=18:0.004, j=19:0.003, j=20:0.001, j=21:0.001, j=22:0.002, j=23:0.001, j=24:0.000, j=25:0.004, j=26:0.002, j=27:0.001, j=28:0.003, j=29:0.001, j=30:0.000, j=31:0.001, j=32:0.003, j=33:0.001, j=34:0.000, j=35:0.002, j=36:0.000, j=37:0.000, j=38:0.001, j=39:0.001, j=40:0.000, j=41:0.000, j=42:0.001, j=43:0.000, j=44:0.001, j=45:0.002, j=46:0.002, j=47:0.000, j=48:0.003, j=49:0.004, j=50:0.007, j=51:0.001, j=52:0.001, j=53:0.011, j=54:0.002, j=55:0.014, j=56:0.011, j=57:0.006, j=58:0.192, j=59:0.044, j=60:0.625
      i=61 -> j=0:0.002, j=1:0.002, j=2:0.001, j=3:0.003, j=4:0.001, j=5:0.001, j=6:0.001, j=7:0.001, j=8:0.003, j=9:0.001, j=10:0.001, j=11:0.004, j=12:0.001, j=13:0.000, j=14:0.000, j=15:0.001, j=16:0.003, j=17:0.001, j=18:0.003, j=19:0.001, j=20:0.001, j=21:0.000, j=22:0.001, j=23:0.000, j=24:0.000, j=25:0.002, j=26:0.001, j=27:0.001, j=28:0.002, j=29:0.001, j=30:0.000, j=31:0.000, j=32:0.002, j=33:0.000, j=34:0.000, j=35:0.001, j=36:0.000, j=37:0.000, j=38:0.000, j=39:0.000, j=40:0.000, j=41:0.000, j=42:0.001, j=43:0.000, j=44:0.000, j=45:0.001, j=46:0.001, j=47:0.000, j=48:0.001, j=49:0.002, j=50:0.003, j=51:0.000, j=52:0.000, j=53:0.005, j=54:0.001, j=55:0.004, j=56:0.003, j=57:0.002, j=58:0.064, j=59:0.025, j=60:0.835, j=61:0.009
      i=62 -> j=0:0.004, j=1:0.003, j=2:0.002, j=3:0.005, j=4:0.001, j=5:0.002, j=6:0.001, j=7:0.001, j=8:0.005, j=9:0.001, j=10:0.001, j=11:0.007, j=12:0.002, j=13:0.000, j=14:0.000, j=15:0.001, j=16:0.004, j=17:0.001, j=18:0.004, j=19:0.002, j=20:0.001, j=21:0.001, j=22:0.002, j=23:0.001, j=24:0.000, j=25:0.004, j=26:0.002, j=27:0.001, j=28:0.003, j=29:0.001, j=30:0.000, j=31:0.001, j=32:0.003, j=33:0.001, j=34:0.000, j=35:0.002, j=36:0.000, j=37:0.000, j=38:0.001, j=39:0.000, j=40:0.000, j=41:0.000, j=42:0.001, j=43:0.000, j=44:0.000, j=45:0.001, j=46:0.001, j=47:0.000, j=48:0.002, j=49:0.003, j=50:0.004, j=51:0.000, j=52:0.000, j=53:0.006, j=54:0.001, j=55:0.006, j=56:0.003, j=57:0.001, j=58:0.028, j=59:0.017, j=60:0.750, j=61:0.019, j=62:0.085
      i=63 -> j=0:0.008, j=1:0.006, j=2:0.005, j=3:0.010, j=4:0.002, j=5:0.004, j=6:0.002, j=7:0.003, j=8:0.011, j=9:0.002, j=10:0.003, j=11:0.014, j=12:0.005, j=13:0.001, j=14:0.001, j=15:0.003, j=16:0.009, j=17:0.002, j=18:0.010, j=19:0.006, j=20:0.002, j=21:0.001, j=22:0.004, j=23:0.002, j=24:0.000, j=25:0.008, j=26:0.004, j=27:0.002, j=28:0.006, j=29:0.002, j=30:0.001, j=31:0.002, j=32:0.007, j=33:0.002, j=34:0.001, j=35:0.004, j=36:0.001, j=37:0.001, j=38:0.002, j=39:0.001, j=40:0.001, j=41:0.001, j=42:0.003, j=43:0.001, j=44:0.001, j=45:0.002, j=46:0.002, j=47:0.000, j=48:0.005, j=49:0.006, j=50:0.008, j=51:0.001, j=52:0.001, j=53:0.009, j=54:0.002, j=55:0.011, j=56:0.005, j=57:0.002, j=58:0.023, j=59:0.014, j=60:0.392, j=61:0.029, j=62:0.159, j=63:0.163
    Average attention per distance:
      d=0:0.283, d=1:0.310, d=2:0.227, d=3:0.093, d=4:0.030, d=5:0.012


======================================================================
QK Property Verification (Raw Scores, before Softmax)
======================================================================
Recurrence order init_len=2, num test sequences=1

--- [P1] Long-distance Orthogonality Verification ---
Ideal: raw_score mean ≈ 0 and small std when d > init_len

  Layer 0, Head 0:
    d= 1 (effective): mean=  6.289, std= 0.134, n=63
    d= 2 (effective): mean=  5.495, std= 0.158, n=62
    d>2 (long-distance): mean= -0.402, std= 1.100, n=1891

  Layer 1, Head 0:
    d= 1 (effective): mean=  1.197, std= 1.566, n=63
    d= 2 (effective): mean=  0.730, std= 1.482, n=62
    d>2 (long-distance): mean= -3.334, std= 1.388, n=1891

--- [P2] Time-homogeneous Verification ---
Ideal: CV of raw_score across positions i ≈ 0 for fixed distance d
(CV = std / |mean|, smaller = more constant)

  Layer 0, Head 0:
    d= 1: mean=  6.289, std= 0.134, CV=0.021, n=63
    d= 2: mean=  5.495, std= 0.158, CV=0.029, n=62

  Layer 1, Head 0:
    d= 1: mean=  1.197, std= 1.566, CV=1.308, n=63
    d= 2: mean=  0.730, std= 1.482, CV=2.029, n=62

======================================================================
QK Property Verification Completed
======================================================================
