=== Experiment: mixed_basic_d1024l2_r8_t32 ===
Time: 2026-06-25T08:06:16.829376
Task type: mixed_ab
Merged config: {
  "P": 53,
  "TASK": "mixed_ab",
  "NUM_MASK": 2,
  "A": 1,
  "B": 1,
  "AB_PAIRS": [
    [
      1,
      1
    ],
    [
      1,
      2
    ]
  ],
  "D_MODEL": 1024,
  "N_HEAD": 1,
  "N_LAYER": 2,
  "BATCH_SIZE": 128,
  "EPOCHS": 10000,
  "LR": 0.0003,
  "SAVE_PATH": "models/mixed_basic_d1024l2_r8_t32.pth",
  "USE_GREEDY_GENERATE": true,
  "USE_LEARNABLE_PE": false,
  "MLP_RATIO": 8,
  "TRAIN_LEN": 32,
  "OOD_LEN": 64,
  "DROPOUT": 0.0,
  "TARGET_INIT_COVERAGE": 0.5,
  "MAX_UNIQUE_RATIO": 0.5,
  "WEIGHT_DECAY": 1,
  "ENTROPY_PENALTY_WEIGHT": 0.0,
  "FIRST_TASK_WEIGHT": 1.0,
  "RANDOM_SEED": 42,
  "EVAL_INTERVAL": 20,
  "EARLY_STOP_NO_IMPROVE": 2000,
  "EARLY_STOP_ACCURACY": 0.99,
  "USE_AB_TAG": false,
  "USE_CONDITIONAL_WTE": false,
  "COND_WTE_SHARED_RATIO": 0.0
}
--- output ---
Using device: cuda

[Dataset] Mixed mode: generated 2810 + 2808 samples, length 32
AB parameter pairs: [(1, 1), (1, 2)]
--------------------------------------------------
[Model config] block_size: 64, train length: 32
[Number theory] AB parameter pairs: [(1, 1), (1, 2)]


Model parameters: 42.56M

Start training...
Epoch   0 | Train: Loss=3.9545 Acc=12.0% | Test: Acc=0.8% | Best=0.8%(@0)
  from x3: 0.01 0.01 0.01 0.01 0.01 0.01 0.01 0.01 0.01 0.01 0.01 0.01 0.01 0.01 0.01 0.01 0.00 0.01 0.00 0.01 0.01 0.01 0.01 0.01 0.01 0.01 0.01 0.01 0.01
  per-rule acc: 0.01 0.01
Epoch  20 | Train: Loss=0.0162 Acc=99.7% | Test: Acc=2.9% | Best=2.9%(@20)
  from x3: 0.04 0.04 0.03 0.03 0.03 0.03 0.03 0.03 0.03 0.03 0.03 0.03 0.03 0.03 0.03 0.03 0.03 0.03 0.03 0.03 0.03 0.03 0.03 0.03 0.03 0.03 0.03 0.03 0.03
  per-rule acc: 0.04 0.02
Epoch  40 | Train: Loss=0.0017 Acc=100.0% | Test: Acc=3.5% | Best=3.5%(@40)
  from x3: 0.04 0.03 0.03 0.03 0.03 0.04 0.04 0.03 0.03 0.03 0.03 0.04 0.03 0.03 0.04 0.03 0.04 0.03 0.03 0.04 0.04 0.03 0.04 0.04 0.03 0.03 0.03 0.03 0.03
  per-rule acc: 0.05 0.02
Epoch  60 | Train: Loss=0.0019 Acc=100.0% | Test: Acc=3.5% | Best=3.5%(@60)
  from x3: 0.04 0.04 0.03 0.03 0.03 0.03 0.04 0.04 0.03 0.03 0.03 0.03 0.03 0.03 0.04 0.04 0.04 0.04 0.04 0.04 0.04 0.03 0.03 0.04 0.03 0.03 0.03 0.03 0.03
  per-rule acc: 0.05 0.02
Epoch  80 | Train: Loss=0.0016 Acc=100.0% | Test: Acc=3.7% | Best=3.7%(@80)
  from x3: 0.05 0.04 0.04 0.04 0.04 0.04 0.04 0.04 0.04 0.04 0.04 0.04 0.04 0.04 0.03 0.03 0.03 0.04 0.03 0.04 0.03 0.03 0.04 0.04 0.04 0.04 0.04 0.04 0.04
  per-rule acc: 0.06 0.01
Epoch 100 | Train: Loss=0.0019 Acc=100.0% | Test: Acc=3.8% | Best=3.8%(@100)
  from x3: 0.04 0.04 0.04 0.04 0.04 0.04 0.04 0.04 0.04 0.04 0.04 0.04 0.03 0.04 0.04 0.04 0.04 0.04 0.04 0.04 0.04 0.04 0.04 0.04 0.04 0.04 0.04 0.04 0.04
  per-rule acc: 0.06 0.01
Epoch 120 | Train: Loss=0.0028 Acc=99.9% | Test: Acc=4.4% | Best=4.4%(@120)
  from x3: 0.05 0.05 0.04 0.04 0.05 0.05 0.05 0.05 0.05 0.04 0.05 0.04 0.04 0.04 0.04 0.04 0.04 0.04 0.04 0.04 0.04 0.04 0.04 0.04 0.04 0.04 0.04 0.04 0.04
  per-rule acc: 0.08 0.01
Epoch 140 | Train: Loss=0.0019 Acc=100.0% | Test: Acc=3.9% | Best=4.4%(@120)
  from x3: 0.05 0.04 0.04 0.04 0.04 0.04 0.04 0.04 0.04 0.04 0.04 0.04 0.04 0.04 0.04 0.04 0.04 0.04 0.04 0.04 0.04 0.04 0.04 0.04 0.04 0.04 0.04 0.04 0.04
  per-rule acc: 0.07 0.01
Epoch 160 | Train: Loss=0.0017 Acc=100.0% | Test: Acc=4.9% | Best=4.9%(@160)
  from x3: 0.06 0.05 0.05 0.05 0.05 0.05 0.05 0.05 0.05 0.05 0.05 0.05 0.05 0.05 0.05 0.05 0.05 0.05 0.05 0.05 0.05 0.05 0.05 0.05 0.05 0.04 0.05 0.05 0.05
  per-rule acc: 0.09 0.01
Epoch 180 | Train: Loss=0.0022 Acc=100.0% | Test: Acc=4.1% | Best=4.9%(@160)
  from x3: 0.05 0.04 0.04 0.04 0.04 0.04 0.04 0.04 0.04 0.04 0.04 0.04 0.04 0.04 0.04 0.04 0.04 0.04 0.04 0.04 0.04 0.04 0.04 0.04 0.04 0.04 0.04 0.04 0.04
  per-rule acc: 0.07 0.01
Epoch 200 | Train: Loss=0.0015 Acc=100.0% | Test: Acc=5.2% | Best=5.2%(@200)
  from x3: 0.06 0.06 0.05 0.05 0.05 0.05 0.05 0.05 0.05 0.05 0.05 0.05 0.05 0.05 0.05 0.05 0.05 0.05 0.05 0.05 0.05 0.05 0.05 0.05 0.05 0.05 0.05 0.05 0.05
  per-rule acc: 0.09 0.01
Epoch 220 | Train: Loss=0.0021 Acc=100.0% | Test: Acc=4.0% | Best=5.2%(@200)
  from x3: 0.05 0.05 0.04 0.04 0.04 0.04 0.04 0.04 0.04 0.04 0.04 0.04 0.04 0.04 0.04 0.04 0.04 0.04 0.04 0.04 0.04 0.04 0.04 0.04 0.04 0.04 0.04 0.04 0.04
  per-rule acc: 0.07 0.01
Epoch 240 | Train: Loss=0.0016 Acc=100.0% | Test: Acc=5.2% | Best=5.2%(@200)
  from x3: 0.06 0.05 0.05 0.05 0.05 0.05 0.05 0.05 0.05 0.05 0.05 0.05 0.05 0.05 0.05 0.05 0.05 0.05 0.05 0.05 0.05 0.05 0.05 0.05 0.05 0.05 0.05 0.05 0.05
  per-rule acc: 0.09 0.01
Epoch 260 | Train: Loss=0.0103 Acc=99.8% | Test: Acc=5.3% | Best=5.3%(@260)
  from x3: 0.06 0.06 0.06 0.06 0.05 0.05 0.05 0.05 0.05 0.05 0.05 0.05 0.05 0.05 0.05 0.05 0.05 0.05 0.05 0.05 0.05 0.05 0.05 0.05 0.05 0.05 0.05 0.05 0.05
  per-rule acc: 0.09 0.01
Epoch 280 | Train: Loss=0.0018 Acc=100.0% | Test: Acc=4.5% | Best=5.3%(@260)
  from x3: 0.05 0.05 0.05 0.04 0.04 0.04 0.04 0.04 0.04 0.04 0.05 0.05 0.04 0.04 0.04 0.04 0.05 0.04 0.04 0.05 0.04 0.04 0.05 0.04 0.04 0.04 0.04 0.04 0.04
  per-rule acc: 0.08 0.01
Epoch 300 | Train: Loss=0.0020 Acc=100.0% | Test: Acc=3.9% | Best=5.3%(@260)
  from x3: 0.05 0.04 0.04 0.04 0.04 0.04 0.04 0.04 0.04 0.04 0.04 0.04 0.04 0.04 0.04 0.04 0.04 0.04 0.04 0.04 0.04 0.04 0.04 0.04 0.04 0.04 0.04 0.04 0.04
  per-rule acc: 0.07 0.01
Epoch 320 | Train: Loss=0.0015 Acc=100.0% | Test: Acc=5.5% | Best=5.5%(@320)
  from x3: 0.06 0.06 0.06 0.06 0.06 0.05 0.06 0.05 0.06 0.06 0.06 0.05 0.05 0.05 0.05 0.06 0.06 0.05 0.05 0.05 0.05 0.05 0.05 0.05 0.05 0.05 0.05 0.05 0.05
  per-rule acc: 0.10 0.01
Epoch 340 | Train: Loss=0.0020 Acc=100.0% | Test: Acc=4.4% | Best=5.5%(@320)
  from x3: 0.05 0.05 0.05 0.05 0.04 0.04 0.04 0.04 0.04 0.04 0.04 0.04 0.04 0.04 0.04 0.04 0.04 0.04 0.04 0.04 0.04 0.04 0.04 0.04 0.04 0.04 0.04 0.04 0.04
  per-rule acc: 0.08 0.01
Epoch 360 | Train: Loss=0.0015 Acc=100.0% | Test: Acc=5.8% | Best=5.8%(@360)
  from x3: 0.07 0.07 0.06 0.06 0.06 0.06 0.06 0.06 0.06 0.06 0.06 0.06 0.06 0.06 0.06 0.06 0.06 0.06 0.06 0.06 0.06 0.06 0.06 0.06 0.06 0.06 0.06 0.06 0.06
  per-rule acc: 0.10 0.01
Epoch 380 | Train: Loss=0.0020 Acc=100.0% | Test: Acc=5.0% | Best=5.8%(@360)
  from x3: 0.06 0.06 0.05 0.05 0.05 0.05 0.05 0.05 0.05 0.05 0.05 0.05 0.05 0.05 0.05 0.05 0.05 0.05 0.05 0.05 0.05 0.05 0.05 0.05 0.05 0.05 0.05 0.05 0.05
  per-rule acc: 0.08 0.02
Epoch 400 | Train: Loss=0.0016 Acc=100.0% | Test: Acc=6.2% | Best=6.2%(@400)
  from x3: 0.06 0.07 0.06 0.07 0.06 0.06 0.06 0.06 0.06 0.06 0.06 0.06 0.06 0.06 0.06 0.06 0.06 0.06 0.06 0.06 0.06 0.06 0.06 0.06 0.06 0.06 0.06 0.06 0.06
  per-rule acc: 0.11 0.01
Epoch 420 | Train: Loss=0.0019 Acc=100.0% | Test: Acc=5.4% | Best=6.2%(@400)
  from x3: 0.06 0.06 0.06 0.06 0.06 0.06 0.06 0.06 0.05 0.05 0.05 0.05 0.05 0.05 0.05 0.05 0.05 0.05 0.05 0.05 0.05 0.05 0.05 0.05 0.05 0.05 0.05 0.05 0.05
  per-rule acc: 0.09 0.02
Epoch 440 | Train: Loss=0.2392 Acc=98.3% | Test: Acc=6.8% | Best=6.8%(@440)
  from x3: 0.07 0.07 0.07 0.07 0.07 0.07 0.07 0.07 0.07 0.07 0.07 0.07 0.07 0.07 0.07 0.07 0.07 0.07 0.07 0.07 0.07 0.07 0.07 0.07 0.07 0.07 0.06 0.07 0.07
  per-rule acc: 0.11 0.02
Epoch 460 | Train: Loss=0.0016 Acc=100.0% | Test: Acc=5.8% | Best=6.8%(@440)
  from x3: 0.07 0.07 0.06 0.06 0.06 0.06 0.06 0.06 0.06 0.06 0.06 0.06 0.06 0.06 0.06 0.06 0.06 0.06 0.06 0.06 0.06 0.05 0.06 0.06 0.06 0.06 0.06 0.06 0.05
  per-rule acc: 0.10 0.02
Epoch 480 | Train: Loss=0.0020 Acc=100.0% | Test: Acc=6.0% | Best=6.8%(@440)
  from x3: 0.07 0.07 0.07 0.06 0.06 0.06 0.06 0.06 0.06 0.06 0.06 0.06 0.06 0.06 0.06 0.06 0.06 0.06 0.06 0.06 0.06 0.06 0.06 0.06 0.06 0.06 0.06 0.06 0.06
  per-rule acc: 0.09 0.03
Epoch 500 | Train: Loss=0.0016 Acc=100.0% | Test: Acc=7.5% | Best=7.5%(@500)
  from x3: 0.09 0.08 0.08 0.08 0.07 0.07 0.07 0.07 0.07 0.07 0.07 0.07 0.07 0.07 0.07 0.07 0.07 0.07 0.07 0.08 0.08 0.08 0.08 0.08 0.07 0.07 0.07 0.07 0.07
  per-rule acc: 0.13 0.02
Epoch 520 | Train: Loss=0.0018 Acc=100.0% | Test: Acc=6.8% | Best=7.5%(@500)
  from x3: 0.08 0.07 0.08 0.07 0.07 0.07 0.07 0.07 0.07 0.07 0.07 0.07 0.07 0.07 0.07 0.07 0.07 0.07 0.07 0.07 0.07 0.07 0.06 0.07 0.07 0.07 0.07 0.07 0.07
  per-rule acc: 0.11 0.02
Epoch 540 | Train: Loss=0.0020 Acc=100.0% | Test: Acc=7.2% | Best=7.5%(@500)
  from x3: 0.08 0.08 0.08 0.07 0.07 0.07 0.07 0.07 0.07 0.07 0.07 0.07 0.07 0.07 0.07 0.07 0.07 0.07 0.07 0.07 0.07 0.07 0.07 0.07 0.07 0.07 0.07 0.07 0.07
  per-rule acc: 0.11 0.03
Epoch 560 | Train: Loss=0.0013 Acc=100.0% | Test: Acc=7.6% | Best=7.6%(@560)
  from x3: 0.09 0.08 0.08 0.08 0.08 0.08 0.08 0.08 0.08 0.08 0.08 0.08 0.08 0.08 0.08 0.08 0.08 0.08 0.08 0.08 0.07 0.08 0.07 0.08 0.07 0.07 0.07 0.07 0.07
  per-rule acc: 0.13 0.02
Epoch 580 | Train: Loss=0.0019 Acc=100.0% | Test: Acc=7.7% | Best=7.7%(@580)
  from x3: 0.09 0.09 0.08 0.08 0.08 0.07 0.08 0.08 0.08 0.08 0.08 0.08 0.08 0.08 0.08 0.08 0.08 0.08 0.08 0.08 0.08 0.08 0.08 0.08 0.08 0.07 0.07 0.07 0.07
  per-rule acc: 0.12 0.03
Epoch 600 | Train: Loss=0.0019 Acc=100.0% | Test: Acc=8.7% | Best=8.7%(@600)
  from x3: 0.09 0.10 0.09 0.09 0.09 0.09 0.09 0.09 0.09 0.09 0.09 0.09 0.09 0.09 0.09 0.09 0.09 0.09 0.09 0.09 0.09 0.09 0.09 0.09 0.09 0.09 0.08 0.08 0.08
  per-rule acc: 0.14 0.04
Epoch 620 | Train: Loss=0.0014 Acc=100.0% | Test: Acc=8.9% | Best=8.9%(@620)
  from x3: 0.10 0.09 0.09 0.09 0.09 0.09 0.09 0.09 0.09 0.09 0.09 0.09 0.09 0.09 0.09 0.09 0.09 0.09 0.09 0.09 0.09 0.09 0.09 0.09 0.09 0.09 0.09 0.09 0.09
  per-rule acc: 0.15 0.03
Epoch 640 | Train: Loss=0.0017 Acc=100.0% | Test: Acc=8.9% | Best=8.9%(@640)
  from x3: 0.10 0.09 0.08 0.08 0.09 0.09 0.09 0.09 0.09 0.09 0.09 0.09 0.09 0.09 0.09 0.09 0.09 0.09 0.09 0.09 0.09 0.09 0.09 0.09 0.09 0.09 0.09 0.09 0.09
  per-rule acc: 0.14 0.04
Epoch 660 | Train: Loss=0.0016 Acc=100.0% | Test: Acc=9.2% | Best=9.2%(@660)
  from x3: 0.10 0.10 0.09 0.09 0.09 0.09 0.09 0.09 0.09 0.09 0.09 0.09 0.09 0.09 0.09 0.09 0.09 0.09 0.09 0.09 0.09 0.09 0.09 0.09 0.09 0.09 0.09 0.09 0.09
  per-rule acc: 0.15 0.04
Epoch 680 | Train: Loss=0.0018 Acc=100.0% | Test: Acc=9.2% | Best=9.2%(@660)
  from x3: 0.10 0.10 0.09 0.10 0.09 0.09 0.09 0.09 0.09 0.09 0.09 0.09 0.09 0.09 0.09 0.09 0.09 0.09 0.09 0.09 0.09 0.09 0.09 0.09 0.09 0.09 0.09 0.09 0.09
  per-rule acc: 0.14 0.04
Epoch 700 | Train: Loss=0.0019 Acc=100.0% | Test: Acc=10.3% | Best=10.3%(@700)
  from x3: 0.11 0.11 0.10 0.10 0.10 0.10 0.10 0.10 0.10 0.10 0.10 0.10 0.10 0.10 0.10 0.10 0.10 0.10 0.10 0.10 0.10 0.10 0.10 0.10 0.10 0.10 0.10 0.10 0.10
  per-rule acc: 0.15 0.05
Epoch 720 | Train: Loss=0.0021 Acc=100.0% | Test: Acc=11.1% | Best=11.1%(@720)
  from x3: 0.12 0.12 0.11 0.11 0.11 0.11 0.11 0.11 0.11 0.11 0.11 0.11 0.11 0.11 0.11 0.11 0.11 0.11 0.11 0.11 0.11 0.11 0.11 0.11 0.11 0.11 0.11 0.11 0.11
  per-rule acc: 0.17 0.05
Epoch 740 | Train: Loss=0.0016 Acc=100.0% | Test: Acc=10.7% | Best=11.1%(@720)
  from x3: 0.12 0.11 0.11 0.11 0.11 0.11 0.11 0.11 0.11 0.11 0.11 0.11 0.11 0.11 0.11 0.11 0.11 0.11 0.10 0.10 0.11 0.10 0.10 0.10 0.10 0.10 0.10 0.10 0.11
  per-rule acc: 0.16 0.05
Epoch 760 | Train: Loss=0.0018 Acc=100.0% | Test: Acc=11.8% | Best=11.8%(@760)
  from x3: 0.12 0.12 0.12 0.12 0.12 0.12 0.12 0.12 0.12 0.12 0.12 0.12 0.12 0.12 0.12 0.12 0.12 0.12 0.12 0.12 0.12 0.12 0.12 0.12 0.12 0.12 0.12 0.12 0.12
  per-rule acc: 0.18 0.06
Epoch 780 | Train: Loss=0.0014 Acc=100.0% | Test: Acc=11.4% | Best=11.8%(@760)
  from x3: 0.12 0.12 0.11 0.12 0.11 0.11 0.11 0.11 0.11 0.11 0.11 0.11 0.11 0.11 0.11 0.11 0.11 0.11 0.11 0.11 0.11 0.11 0.11 0.11 0.11 0.11 0.11 0.11 0.11
  per-rule acc: 0.17 0.05
Epoch 800 | Train: Loss=0.0018 Acc=100.0% | Test: Acc=12.5% | Best=12.5%(@800)
  from x3: 0.13 0.13 0.12 0.12 0.12 0.12 0.12 0.13 0.13 0.12 0.12 0.12 0.12 0.12 0.12 0.12 0.13 0.13 0.13 0.13 0.13 0.13 0.13 0.13 0.13 0.13 0.12 0.12 0.13
  per-rule acc: 0.18 0.07
Epoch 820 | Train: Loss=0.0012 Acc=100.0% | Test: Acc=10.5% | Best=12.5%(@800)
  from x3: 0.12 0.11 0.11 0.11 0.10 0.11 0.11 0.11 0.11 0.10 0.10 0.10 0.10 0.10 0.10 0.10 0.10 0.10 0.10 0.10 0.10 0.10 0.10 0.10 0.10 0.10 0.10 0.10 0.10
  per-rule acc: 0.16 0.05
Epoch 840 | Train: Loss=0.0015 Acc=100.0% | Test: Acc=12.3% | Best=12.5%(@800)
  from x3: 0.13 0.13 0.12 0.12 0.12 0.12 0.12 0.12 0.12 0.12 0.12 0.12 0.12 0.12 0.12 0.12 0.12 0.12 0.12 0.12 0.12 0.12 0.12 0.12 0.12 0.12 0.12 0.12 0.12
  per-rule acc: 0.18 0.06
Epoch 860 | Train: Loss=0.0017 Acc=100.0% | Test: Acc=11.6% | Best=12.5%(@800)
  from x3: 0.12 0.13 0.12 0.12 0.12 0.12 0.12 0.12 0.12 0.12 0.12 0.12 0.11 0.12 0.12 0.11 0.11 0.11 0.11 0.12 0.11 0.11 0.11 0.12 0.12 0.12 0.11 0.12 0.11
  per-rule acc: 0.17 0.06
Epoch 880 | Train: Loss=0.0012 Acc=100.0% | Test: Acc=12.4% | Best=12.5%(@800)
  from x3: 0.13 0.13 0.12 0.12 0.12 0.12 0.12 0.12 0.12 0.12 0.12 0.12 0.12 0.12 0.12 0.12 0.12 0.12 0.12 0.12 0.12 0.12 0.12 0.12 0.12 0.12 0.12 0.12 0.12
  per-rule acc: 0.19 0.06
Epoch 900 | Train: Loss=0.0018 Acc=100.0% | Test: Acc=12.1% | Best=12.5%(@800)
  from x3: 0.13 0.13 0.12 0.12 0.12 0.12 0.12 0.12 0.12 0.12 0.12 0.12 0.12 0.12 0.12 0.12 0.12 0.12 0.12 0.12 0.12 0.12 0.12 0.12 0.12 0.12 0.12 0.12 0.12
  per-rule acc: 0.18 0.07
Epoch 920 | Train: Loss=0.0162 Acc=99.8% | Test: Acc=12.7% | Best=12.7%(@920)
  from x3: 0.14 0.13 0.13 0.13 0.13 0.12 0.12 0.13 0.13 0.13 0.13 0.13 0.13 0.12 0.13 0.13 0.13 0.13 0.13 0.13 0.13 0.13 0.13 0.13 0.13 0.13 0.13 0.13 0.13
  per-rule acc: 0.20 0.06
Epoch 940 | Train: Loss=0.0014 Acc=100.0% | Test: Acc=12.8% | Best=12.8%(@940)
  from x3: 0.14 0.13 0.12 0.13 0.13 0.13 0.13 0.13 0.13 0.13 0.13 0.13 0.13 0.13 0.13 0.13 0.13 0.13 0.13 0.13 0.13 0.13 0.13 0.13 0.13 0.13 0.13 0.13 0.13
  per-rule acc: 0.18 0.07
Epoch 960 | Train: Loss=0.0018 Acc=100.0% | Test: Acc=13.9% | Best=13.9%(@960)
  from x3: 0.13 0.14 0.14 0.14 0.14 0.14 0.14 0.14 0.14 0.14 0.14 0.14 0.14 0.14 0.14 0.14 0.14 0.14 0.14 0.14 0.14 0.14 0.14 0.14 0.14 0.14 0.14 0.14 0.14
  per-rule acc: 0.20 0.08
Epoch 980 | Train: Loss=0.7312 Acc=94.6% | Test: Acc=12.8% | Best=13.9%(@960)
  from x3: 0.13 0.13 0.13 0.13 0.13 0.13 0.13 0.13 0.13 0.13 0.13 0.13 0.13 0.13 0.13 0.13 0.13 0.13 0.13 0.13 0.13 0.13 0.13 0.13 0.13 0.13 0.13 0.13 0.13
  per-rule acc: 0.19 0.07
Epoch 1000 | Train: Loss=0.0013 Acc=100.0% | Test: Acc=13.4% | Best=13.9%(@960)
  from x3: 0.15 0.14 0.14 0.14 0.14 0.13 0.13 0.13 0.13 0.13 0.13 0.13 0.13 0.13 0.13 0.13 0.13 0.13 0.13 0.13 0.13 0.13 0.13 0.13 0.13 0.13 0.14 0.13 0.13
  per-rule acc: 0.19 0.08
Epoch 1020 | Train: Loss=0.0017 Acc=100.0% | Test: Acc=14.6% | Best=14.6%(@1020)
  from x3: 0.15 0.15 0.14 0.15 0.15 0.15 0.14 0.15 0.15 0.15 0.15 0.15 0.15 0.15 0.15 0.15 0.15 0.15 0.15 0.15 0.15 0.15 0.15 0.15 0.15 0.15 0.15 0.14 0.14
  per-rule acc: 0.20 0.09
Epoch 1040 | Train: Loss=0.0017 Acc=100.0% | Test: Acc=15.4% | Best=15.4%(@1040)
  from x3: 0.15 0.16 0.15 0.15 0.15 0.15 0.15 0.15 0.15 0.15 0.15 0.15 0.15 0.15 0.15 0.15 0.16 0.15 0.15 0.15 0.15 0.16 0.16 0.15 0.15 0.15 0.15 0.15 0.15
  per-rule acc: 0.23 0.08
Epoch 1060 | Train: Loss=0.0015 Acc=100.0% | Test: Acc=15.0% | Best=15.4%(@1040)
  from x3: 0.15 0.15 0.15 0.15 0.15 0.15 0.15 0.15 0.15 0.15 0.15 0.15 0.15 0.15 0.15 0.15 0.15 0.15 0.15 0.15 0.15 0.15 0.15 0.15 0.15 0.15 0.15 0.15 0.15
  per-rule acc: 0.21 0.09
Epoch 1080 | Train: Loss=0.0018 Acc=100.0% | Test: Acc=15.9% | Best=15.9%(@1080)
  from x3: 0.17 0.17 0.16 0.16 0.16 0.16 0.16 0.16 0.16 0.16 0.16 0.16 0.16 0.16 0.16 0.16 0.16 0.16 0.16 0.16 0.16 0.16 0.16 0.16 0.16 0.15 0.16 0.15 0.15
  per-rule acc: 0.22 0.10
Epoch 1100 | Train: Loss=0.0010 Acc=100.0% | Test: Acc=17.7% | Best=17.7%(@1100)
  from x3: 0.17 0.17 0.17 0.18 0.18 0.18 0.18 0.18 0.18 0.18 0.18 0.18 0.18 0.18 0.18 0.18 0.18 0.18 0.18 0.18 0.18 0.18 0.18 0.18 0.18 0.18 0.18 0.18 0.18
  per-rule acc: 0.26 0.10
Epoch 1120 | Train: Loss=0.0015 Acc=100.0% | Test: Acc=17.0% | Best=17.7%(@1100)
  from x3: 0.17 0.17 0.17 0.17 0.17 0.17 0.17 0.17 0.17 0.17 0.17 0.17 0.17 0.17 0.17 0.17 0.17 0.17 0.17 0.17 0.17 0.17 0.17 0.17 0.17 0.17 0.17 0.17 0.17
  per-rule acc: 0.24 0.10
Epoch 1140 | Train: Loss=0.1493 Acc=99.0% | Test: Acc=15.8% | Best=17.7%(@1100)
  from x3: 0.16 0.16 0.16 0.16 0.16 0.16 0.16 0.16 0.16 0.16 0.16 0.16 0.16 0.16 0.16 0.16 0.16 0.16 0.16 0.16 0.16 0.16 0.16 0.16 0.16 0.16 0.16 0.16 0.16
  per-rule acc: 0.23 0.08
Epoch 1160 | Train: Loss=0.0010 Acc=100.0% | Test: Acc=19.1% | Best=19.1%(@1160)
  from x3: 0.19 0.20 0.19 0.19 0.19 0.19 0.19 0.19 0.19 0.19 0.19 0.19 0.19 0.19 0.19 0.19 0.19 0.19 0.19 0.19 0.19 0.19 0.19 0.19 0.19 0.19 0.19 0.19 0.19
  per-rule acc: 0.28 0.10
Epoch 1180 | Train: Loss=0.0015 Acc=100.0% | Test: Acc=18.1% | Best=19.1%(@1160)
  from x3: 0.18 0.19 0.18 0.18 0.18 0.18 0.18 0.18 0.18 0.18 0.18 0.18 0.18 0.18 0.18 0.18 0.18 0.18 0.18 0.18 0.18 0.18 0.18 0.18 0.18 0.18 0.18 0.18 0.18
  per-rule acc: 0.25 0.11
Epoch 1200 | Train: Loss=0.0012 Acc=100.0% | Test: Acc=18.9% | Best=19.1%(@1160)
  from x3: 0.19 0.19 0.19 0.19 0.19 0.19 0.19 0.19 0.19 0.19 0.19 0.19 0.19 0.19 0.19 0.19 0.19 0.19 0.19 0.19 0.19 0.19 0.19 0.19 0.19 0.19 0.19 0.19 0.19
  per-rule acc: 0.27 0.11
Epoch 1220 | Train: Loss=0.0017 Acc=100.0% | Test: Acc=19.0% | Best=19.1%(@1160)
  from x3: 0.19 0.19 0.19 0.19 0.19 0.19 0.19 0.19 0.19 0.19 0.19 0.19 0.19 0.19 0.19 0.19 0.19 0.19 0.19 0.19 0.19 0.19 0.19 0.19 0.19 0.19 0.19 0.19 0.19
  per-rule acc: 0.26 0.12
Epoch 1240 | Train: Loss=0.0018 Acc=100.0% | Test: Acc=21.2% | Best=21.2%(@1240)
  from x3: 0.20 0.21 0.21 0.22 0.21 0.21 0.21 0.21 0.21 0.21 0.21 0.21 0.21 0.21 0.21 0.21 0.21 0.21 0.21 0.21 0.21 0.21 0.21 0.21 0.21 0.21 0.21 0.21 0.21
  per-rule acc: 0.28 0.14
Epoch 1260 | Train: Loss=0.0011 Acc=100.0% | Test: Acc=19.3% | Best=21.2%(@1240)
  from x3: 0.19 0.19 0.19 0.19 0.20 0.19 0.19 0.20 0.20 0.19 0.19 0.19 0.19 0.19 0.19 0.19 0.19 0.19 0.19 0.19 0.19 0.19 0.19 0.19 0.19 0.19 0.19 0.19 0.19
  per-rule acc: 0.28 0.11
Epoch 1280 | Train: Loss=0.0015 Acc=100.0% | Test: Acc=19.9% | Best=21.2%(@1240)
  from x3: 0.20 0.20 0.20 0.20 0.20 0.20 0.20 0.20 0.20 0.20 0.20 0.20 0.20 0.20 0.20 0.20 0.20 0.20 0.20 0.20 0.20 0.20 0.20 0.20 0.20 0.20 0.20 0.20 0.20
  per-rule acc: 0.28 0.12
Epoch 1300 | Train: Loss=0.1919 Acc=99.0% | Test: Acc=14.1% | Best=21.2%(@1240)
  from x3: 0.13 0.14 0.14 0.14 0.14 0.14 0.14 0.14 0.14 0.14 0.14 0.14 0.14 0.14 0.14 0.14 0.14 0.14 0.14 0.14 0.14 0.14 0.14 0.14 0.14 0.14 0.14 0.14 0.14
  per-rule acc: 0.19 0.09
Epoch 1320 | Train: Loss=0.0011 Acc=100.0% | Test: Acc=21.7% | Best=21.7%(@1320)
  from x3: 0.22 0.22 0.22 0.22 0.22 0.22 0.22 0.22 0.22 0.22 0.22 0.22 0.22 0.22 0.22 0.22 0.22 0.22 0.22 0.22 0.22 0.22 0.22 0.22 0.22 0.22 0.22 0.22 0.22
  per-rule acc: 0.30 0.13
Epoch 1340 | Train: Loss=0.0016 Acc=100.0% | Test: Acc=22.7% | Best=22.7%(@1340)
  from x3: 0.22 0.23 0.23 0.23 0.23 0.23 0.23 0.23 0.23 0.23 0.23 0.23 0.23 0.23 0.23 0.23 0.23 0.23 0.23 0.23 0.23 0.23 0.23 0.22 0.22 0.23 0.22 0.22 0.23
  per-rule acc: 0.30 0.15
Epoch 1360 | Train: Loss=0.0017 Acc=100.0% | Test: Acc=24.9% | Best=24.9%(@1360)
  from x3: 0.23 0.26 0.25 0.25 0.25 0.25 0.25 0.25 0.25 0.25 0.25 0.25 0.25 0.25 0.25 0.25 0.25 0.25 0.25 0.25 0.25 0.25 0.25 0.25 0.25 0.25 0.25 0.25 0.25
  per-rule acc: 0.33 0.17
Epoch 1380 | Train: Loss=0.0010 Acc=100.0% | Test: Acc=24.1% | Best=24.9%(@1360)
  from x3: 0.24 0.24 0.24 0.24 0.24 0.24 0.24 0.24 0.24 0.24 0.24 0.24 0.24 0.24 0.24 0.24 0.24 0.24 0.24 0.24 0.24 0.24 0.24 0.24 0.24 0.24 0.24 0.24 0.24
  per-rule acc: 0.34 0.14
Epoch 1400 | Train: Loss=0.0015 Acc=100.0% | Test: Acc=25.0% | Best=25.0%(@1400)
  from x3: 0.24 0.25 0.25 0.25 0.25 0.25 0.25 0.25 0.25 0.25 0.25 0.25 0.25 0.25 0.25 0.25 0.25 0.25 0.25 0.25 0.25 0.25 0.25 0.25 0.25 0.25 0.25 0.25 0.25
  per-rule acc: 0.34 0.16
Epoch 1420 | Train: Loss=0.1528 Acc=99.3% | Test: Acc=22.5% | Best=25.0%(@1400)
  from x3: 0.21 0.22 0.22 0.22 0.23 0.23 0.23 0.23 0.23 0.23 0.23 0.23 0.23 0.23 0.23 0.23 0.23 0.23 0.23 0.23 0.23 0.23 0.23 0.23 0.23 0.23 0.23 0.23 0.23
  per-rule acc: 0.32 0.13
Epoch 1440 | Train: Loss=0.0012 Acc=100.0% | Test: Acc=27.3% | Best=27.3%(@1440)
  from x3: 0.27 0.28 0.27 0.27 0.28 0.27 0.27 0.27 0.27 0.27 0.27 0.27 0.27 0.27 0.27 0.27 0.27 0.27 0.27 0.27 0.27 0.27 0.27 0.27 0.27 0.27 0.27 0.27 0.27
  per-rule acc: 0.38 0.16
Epoch 1460 | Train: Loss=0.0010 Acc=100.0% | Test: Acc=27.1% | Best=27.3%(@1440)
  from x3: 0.27 0.27 0.27 0.27 0.27 0.27 0.27 0.27 0.27 0.27 0.27 0.27 0.27 0.27 0.27 0.27 0.27 0.27 0.27 0.27 0.27 0.27 0.27 0.27 0.27 0.27 0.27 0.27 0.27
  per-rule acc: 0.38 0.16
Epoch 1480 | Train: Loss=0.0015 Acc=100.0% | Test: Acc=26.6% | Best=27.3%(@1440)
  from x3: 0.26 0.27 0.27 0.27 0.27 0.27 0.26 0.26 0.27 0.27 0.26 0.27 0.26 0.27 0.27 0.27 0.27 0.27 0.27 0.27 0.27 0.27 0.27 0.27 0.26 0.26 0.26 0.26 0.26
  per-rule acc: 0.36 0.17
Epoch 1500 | Train: Loss=0.0017 Acc=100.0% | Test: Acc=28.3% | Best=28.3%(@1500)
  from x3: 0.27 0.29 0.28 0.28 0.28 0.28 0.28 0.28 0.28 0.28 0.29 0.28 0.28 0.28 0.28 0.28 0.28 0.28 0.28 0.28 0.28 0.28 0.28 0.28 0.28 0.28 0.28 0.28 0.28
  per-rule acc: 0.37 0.20
Epoch 1520 | Train: Loss=0.0061 Acc=99.9% | Test: Acc=26.8% | Best=28.3%(@1500)
  from x3: 0.27 0.27 0.26 0.27 0.27 0.27 0.27 0.27 0.27 0.27 0.27 0.27 0.27 0.27 0.27 0.27 0.27 0.27 0.27 0.27 0.27 0.27 0.27 0.27 0.27 0.27 0.27 0.27 0.27
  per-rule acc: 0.38 0.16
Epoch 1540 | Train: Loss=0.0012 Acc=100.0% | Test: Acc=29.4% | Best=29.4%(@1540)
  from x3: 0.29 0.29 0.29 0.29 0.29 0.29 0.30 0.29 0.29 0.29 0.29 0.29 0.30 0.30 0.30 0.30 0.30 0.29 0.29 0.29 0.30 0.29 0.29 0.29 0.30 0.30 0.29 0.29 0.29
  per-rule acc: 0.39 0.20
Epoch 1560 | Train: Loss=0.0017 Acc=100.0% | Test: Acc=30.9% | Best=30.9%(@1560)
  from x3: 0.30 0.32 0.31 0.31 0.31 0.31 0.31 0.31 0.31 0.31 0.31 0.31 0.31 0.31 0.31 0.31 0.31 0.31 0.31 0.31 0.31 0.31 0.31 0.31 0.31 0.31 0.31 0.31 0.31
  per-rule acc: 0.40 0.22
Epoch 1580 | Train: Loss=0.0174 Acc=99.8% | Test: Acc=28.1% | Best=30.9%(@1560)
  from x3: 0.28 0.28 0.28 0.28 0.28 0.28 0.28 0.28 0.28 0.28 0.28 0.28 0.28 0.28 0.28 0.28 0.28 0.28 0.28 0.28 0.28 0.28 0.28 0.28 0.28 0.28 0.28 0.28 0.28
  per-rule acc: 0.41 0.16
Epoch 1600 | Train: Loss=0.0012 Acc=100.0% | Test: Acc=30.4% | Best=30.9%(@1560)
  from x3: 0.31 0.31 0.30 0.30 0.30 0.30 0.30 0.30 0.30 0.30 0.30 0.30 0.30 0.30 0.30 0.30 0.30 0.30 0.30 0.30 0.30 0.31 0.31 0.30 0.30 0.30 0.30 0.30 0.30
  per-rule acc: 0.42 0.18
Epoch 1620 | Train: Loss=0.0016 Acc=100.0% | Test: Acc=33.0% | Best=33.0%(@1620)
  from x3: 0.32 0.34 0.33 0.33 0.33 0.33 0.33 0.33 0.33 0.33 0.33 0.33 0.33 0.33 0.33 0.33 0.33 0.33 0.33 0.33 0.33 0.33 0.33 0.33 0.33 0.33 0.33 0.33 0.33
  per-rule acc: 0.43 0.23
Epoch 1640 | Train: Loss=0.7548 Acc=90.6% | Test: Acc=23.9% | Best=33.0%(@1620)
  from x3: 0.22 0.24 0.24 0.24 0.24 0.24 0.24 0.24 0.24 0.24 0.24 0.24 0.24 0.24 0.24 0.24 0.24 0.24 0.24 0.24 0.24 0.24 0.24 0.24 0.24 0.24 0.24 0.24 0.24
  per-rule acc: 0.34 0.14
Epoch 1660 | Train: Loss=0.0011 Acc=100.0% | Test: Acc=33.1% | Best=33.1%(@1660)
  from x3: 0.31 0.33 0.33 0.33 0.33 0.33 0.33 0.33 0.33 0.33 0.33 0.33 0.33 0.33 0.33 0.33 0.33 0.33 0.33 0.33 0.33 0.33 0.33 0.33 0.33 0.33 0.33 0.33 0.33
  per-rule acc: 0.44 0.22
Epoch 1680 | Train: Loss=0.0015 Acc=100.0% | Test: Acc=34.1% | Best=34.1%(@1680)
  from x3: 0.33 0.34 0.34 0.34 0.34 0.34 0.34 0.34 0.34 0.34 0.34 0.34 0.34 0.34 0.34 0.34 0.34 0.34 0.34 0.34 0.34 0.34 0.34 0.34 0.34 0.34 0.34 0.34 0.34
  per-rule acc: 0.43 0.25
Epoch 1700 | Train: Loss=0.4376 Acc=97.4% | Test: Acc=16.9% | Best=34.1%(@1680)
  from x3: 0.15 0.17 0.17 0.17 0.17 0.17 0.17 0.17 0.17 0.17 0.17 0.17 0.17 0.17 0.17 0.17 0.17 0.17 0.17 0.17 0.17 0.17 0.17 0.17 0.17 0.17 0.17 0.17 0.17
  per-rule acc: 0.24 0.09
Epoch 1720 | Train: Loss=0.0011 Acc=100.0% | Test: Acc=37.5% | Best=37.5%(@1720)
  from x3: 0.37 0.37 0.37 0.37 0.37 0.37 0.37 0.37 0.37 0.37 0.37 0.38 0.38 0.38 0.38 0.38 0.38 0.38 0.38 0.38 0.38 0.38 0.38 0.38 0.38 0.38 0.38 0.38 0.38
  per-rule acc: 0.49 0.26
Epoch 1740 | Train: Loss=0.0016 Acc=100.0% | Test: Acc=39.2% | Best=39.2%(@1740)
  from x3: 0.38 0.40 0.39 0.39 0.39 0.39 0.39 0.39 0.39 0.39 0.39 0.39 0.39 0.39 0.39 0.39 0.39 0.39 0.39 0.39 0.39 0.39 0.39 0.39 0.39 0.39 0.39 0.39 0.39
  per-rule acc: 0.50 0.29
Epoch 1760 | Train: Loss=0.0379 Acc=99.5% | Test: Acc=31.1% | Best=39.2%(@1740)
  from x3: 0.30 0.31 0.31 0.31 0.31 0.31 0.31 0.31 0.31 0.31 0.31 0.31 0.31 0.31 0.31 0.31 0.31 0.31 0.31 0.31 0.31 0.31 0.31 0.31 0.31 0.31 0.31 0.31 0.31
  per-rule acc: 0.43 0.19
Epoch 1780 | Train: Loss=0.0012 Acc=100.0% | Test: Acc=39.6% | Best=39.6%(@1780)
  from x3: 0.38 0.40 0.40 0.40 0.40 0.40 0.39 0.40 0.40 0.40 0.40 0.40 0.40 0.40 0.40 0.40 0.40 0.40 0.40 0.40 0.40 0.40 0.40 0.40 0.40 0.39 0.39 0.39 0.39
  per-rule acc: 0.52 0.28
Epoch 1800 | Train: Loss=0.0016 Acc=100.0% | Test: Acc=41.5% | Best=41.5%(@1800)
  from x3: 0.39 0.42 0.42 0.42 0.42 0.42 0.42 0.42 0.42 0.42 0.42 0.42 0.41 0.42 0.41 0.41 0.41 0.41 0.41 0.42 0.42 0.42 0.42 0.42 0.42 0.42 0.42 0.41 0.42
  per-rule acc: 0.52 0.31
Epoch 1820 | Train: Loss=0.2009 Acc=99.0% | Test: Acc=30.2% | Best=41.5%(@1800)
  from x3: 0.27 0.31 0.30 0.30 0.30 0.30 0.30 0.30 0.30 0.30 0.30 0.30 0.30 0.30 0.30 0.30 0.30 0.30 0.30 0.30 0.30 0.30 0.30 0.30 0.30 0.30 0.30 0.30 0.30
  per-rule acc: 0.40 0.20
Epoch 1840 | Train: Loss=0.0012 Acc=100.0% | Test: Acc=42.4% | Best=42.4%(@1840)
  from x3: 0.41 0.43 0.43 0.43 0.42 0.42 0.42 0.42 0.42 0.42 0.42 0.43 0.42 0.43 0.43 0.43 0.43 0.43 0.42 0.42 0.42 0.42 0.42 0.42 0.42 0.42 0.42 0.42 0.42
  per-rule acc: 0.55 0.30
Epoch 1860 | Train: Loss=0.0016 Acc=100.0% | Test: Acc=45.2% | Best=45.2%(@1860)
  from x3: 0.43 0.46 0.45 0.45 0.45 0.45 0.45 0.45 0.45 0.45 0.45 0.45 0.45 0.45 0.45 0.45 0.45 0.45 0.45 0.45 0.45 0.45 0.45 0.45 0.45 0.45 0.45 0.45 0.45
  per-rule acc: 0.55 0.36
Epoch 1880 | Train: Loss=0.0159 Acc=99.9% | Test: Acc=37.5% | Best=45.2%(@1860)
  from x3: 0.36 0.37 0.37 0.38 0.37 0.37 0.38 0.38 0.38 0.38 0.38 0.38 0.38 0.38 0.38 0.38 0.38 0.37 0.38 0.38 0.38 0.38 0.38 0.38 0.38 0.38 0.38 0.38 0.38
  per-rule acc: 0.52 0.23
Epoch 1900 | Train: Loss=0.0012 Acc=100.0% | Test: Acc=44.9% | Best=45.2%(@1860)
  from x3: 0.43 0.45 0.45 0.45 0.45 0.45 0.45 0.45 0.45 0.45 0.45 0.45 0.45 0.45 0.45 0.45 0.45 0.45 0.45 0.45 0.45 0.45 0.45 0.45 0.45 0.45 0.45 0.45 0.45
  per-rule acc: 0.57 0.33
Epoch 1920 | Train: Loss=0.0016 Acc=100.0% | Test: Acc=47.7% | Best=47.7%(@1920)
  from x3: 0.44 0.48 0.48 0.48 0.48 0.48 0.48 0.48 0.48 0.48 0.48 0.48 0.48 0.48 0.48 0.48 0.48 0.48 0.48 0.48 0.48 0.48 0.48 0.48 0.48 0.48 0.48 0.48 0.48
  per-rule acc: 0.58 0.38
Epoch 1940 | Train: Loss=0.0011 Acc=100.0% | Test: Acc=45.0% | Best=47.7%(@1920)
  from x3: 0.43 0.45 0.45 0.45 0.45 0.45 0.45 0.45 0.45 0.45 0.45 0.45 0.45 0.45 0.45 0.45 0.45 0.45 0.45 0.45 0.45 0.45 0.45 0.45 0.45 0.45 0.45 0.45 0.45
  per-rule acc: 0.58 0.32
Epoch 1960 | Train: Loss=0.0015 Acc=100.0% | Test: Acc=47.9% | Best=47.9%(@1960)
  from x3: 0.44 0.48 0.48 0.48 0.48 0.48 0.48 0.48 0.48 0.48 0.48 0.48 0.48 0.48 0.48 0.48 0.48 0.48 0.48 0.48 0.48 0.48 0.48 0.48 0.48 0.48 0.48 0.48 0.48
  per-rule acc: 0.59 0.37
Epoch 1980 | Train: Loss=0.0017 Acc=100.0% | Test: Acc=50.4% | Best=50.4%(@1980)
  from x3: 0.47 0.52 0.51 0.51 0.51 0.51 0.51 0.51 0.51 0.51 0.51 0.50 0.50 0.50 0.50 0.50 0.50 0.50 0.50 0.50 0.50 0.50 0.50 0.50 0.50 0.50 0.50 0.50 0.50
  per-rule acc: 0.59 0.42
Epoch 2000 | Train: Loss=0.0012 Acc=100.0% | Test: Acc=49.3% | Best=50.4%(@1980)
  from x3: 0.49 0.49 0.49 0.49 0.49 0.49 0.49 0.49 0.49 0.49 0.49 0.49 0.49 0.49 0.49 0.49 0.49 0.49 0.49 0.49 0.49 0.49 0.49 0.49 0.49 0.49 0.49 0.49 0.49
  per-rule acc: 0.64 0.35
Epoch 2020 | Train: Loss=0.0013 Acc=100.0% | Test: Acc=51.3% | Best=51.3%(@2020)
  from x3: 0.50 0.51 0.51 0.51 0.51 0.51 0.51 0.51 0.51 0.51 0.51 0.51 0.51 0.51 0.51 0.51 0.51 0.51 0.51 0.51 0.51 0.51 0.51 0.51 0.51 0.51 0.51 0.51 0.51
  per-rule acc: 0.63 0.40
Epoch 2040 | Train: Loss=0.0017 Acc=100.0% | Test: Acc=54.0% | Best=54.0%(@2040)
  from x3: 0.52 0.54 0.54 0.54 0.54 0.54 0.54 0.54 0.54 0.54 0.54 0.54 0.54 0.54 0.54 0.54 0.54 0.54 0.54 0.54 0.54 0.54 0.54 0.54 0.54 0.54 0.54 0.54 0.54
  per-rule acc: 0.63 0.45
Epoch 2060 | Train: Loss=0.4122 Acc=97.8% | Test: Acc=33.9% | Best=54.0%(@2040)
  from x3: 0.30 0.34 0.34 0.34 0.34 0.34 0.34 0.34 0.34 0.34 0.34 0.34 0.34 0.34 0.34 0.34 0.34 0.34 0.34 0.34 0.34 0.34 0.34 0.34 0.34 0.34 0.34 0.34 0.34
  per-rule acc: 0.45 0.23
Epoch 2080 | Train: Loss=0.0011 Acc=100.0% | Test: Acc=52.8% | Best=54.0%(@2040)
  from x3: 0.51 0.53 0.53 0.53 0.53 0.53 0.53 0.53 0.53 0.53 0.53 0.53 0.53 0.53 0.53 0.53 0.53 0.53 0.53 0.53 0.53 0.53 0.53 0.53 0.53 0.53 0.53 0.53 0.53
  per-rule acc: 0.65 0.41
Epoch 2100 | Train: Loss=0.0015 Acc=100.0% | Test: Acc=55.5% | Best=55.5%(@2100)
  from x3: 0.53 0.56 0.56 0.55 0.55 0.55 0.56 0.55 0.55 0.56 0.55 0.56 0.56 0.56 0.56 0.56 0.56 0.56 0.56 0.56 0.56 0.55 0.55 0.55 0.56 0.56 0.56 0.55 0.55
  per-rule acc: 0.65 0.46
Epoch 2120 | Train: Loss=0.1994 Acc=97.7% | Test: Acc=46.0% | Best=55.5%(@2100)
  from x3: 0.41 0.46 0.46 0.46 0.46 0.46 0.46 0.46 0.46 0.46 0.46 0.46 0.46 0.46 0.46 0.46 0.46 0.46 0.46 0.46 0.46 0.46 0.46 0.46 0.46 0.46 0.46 0.46 0.46
  per-rule acc: 0.59 0.34
Epoch 2140 | Train: Loss=0.0011 Acc=100.0% | Test: Acc=56.2% | Best=56.2%(@2140)
  from x3: 0.54 0.56 0.56 0.56 0.56 0.56 0.56 0.56 0.56 0.56 0.56 0.56 0.56 0.56 0.56 0.56 0.56 0.56 0.56 0.56 0.56 0.56 0.56 0.56 0.56 0.56 0.56 0.56 0.56
  per-rule acc: 0.67 0.45
Epoch 2160 | Train: Loss=0.0015 Acc=100.0% | Test: Acc=59.7% | Best=59.7%(@2160)
  from x3: 0.56 0.60 0.60 0.60 0.60 0.60 0.60 0.60 0.60 0.60 0.60 0.60 0.60 0.60 0.60 0.60 0.60 0.60 0.60 0.60 0.60 0.60 0.60 0.60 0.60 0.60 0.60 0.60 0.60
  per-rule acc: 0.69 0.51
Epoch 2180 | Train: Loss=0.0060 Acc=99.9% | Test: Acc=52.7% | Best=59.7%(@2160)
  from x3: 0.50 0.53 0.53 0.53 0.53 0.53 0.53 0.53 0.53 0.53 0.53 0.53 0.53 0.53 0.53 0.53 0.53 0.53 0.53 0.53 0.53 0.53 0.53 0.53 0.53 0.53 0.53 0.53 0.53
  per-rule acc: 0.66 0.40
Epoch 2200 | Train: Loss=0.0012 Acc=100.0% | Test: Acc=60.9% | Best=60.9%(@2200)
  from x3: 0.59 0.61 0.61 0.61 0.61 0.61 0.61 0.61 0.61 0.61 0.61 0.61 0.61 0.61 0.61 0.61 0.61 0.61 0.61 0.61 0.61 0.61 0.61 0.61 0.61 0.61 0.61 0.61 0.61
  per-rule acc: 0.70 0.51
Epoch 2220 | Train: Loss=0.0016 Acc=100.0% | Test: Acc=63.2% | Best=63.2%(@2220)
  from x3: 0.60 0.63 0.63 0.63 0.63 0.63 0.63 0.63 0.63 0.63 0.63 0.63 0.63 0.63 0.63 0.63 0.63 0.63 0.63 0.64 0.63 0.63 0.63 0.63 0.63 0.63 0.63 0.63 0.63
  per-rule acc: 0.71 0.55
Epoch 2240 | Train: Loss=0.0017 Acc=100.0% | Test: Acc=65.7% | Best=65.7%(@2240)
  from x3: 0.62 0.66 0.66 0.66 0.66 0.66 0.66 0.66 0.66 0.66 0.66 0.66 0.66 0.66 0.66 0.66 0.66 0.66 0.66 0.66 0.66 0.66 0.66 0.66 0.66 0.66 0.66 0.66 0.66
  per-rule acc: 0.73 0.58
Epoch 2260 | Train: Loss=0.0010 Acc=100.0% | Test: Acc=64.8% | Best=65.7%(@2240)
  from x3: 0.63 0.65 0.65 0.65 0.65 0.65 0.65 0.65 0.65 0.65 0.65 0.65 0.65 0.65 0.65 0.65 0.65 0.65 0.65 0.65 0.65 0.65 0.65 0.65 0.65 0.65 0.65 0.65 0.65
  per-rule acc: 0.76 0.54
Epoch 2280 | Train: Loss=0.0014 Acc=100.0% | Test: Acc=68.6% | Best=68.6%(@2280)
  from x3: 0.65 0.69 0.69 0.69 0.69 0.69 0.69 0.69 0.69 0.69 0.69 0.69 0.69 0.69 0.69 0.69 0.69 0.69 0.69 0.69 0.69 0.69 0.69 0.69 0.69 0.69 0.69 0.69 0.69
  per-rule acc: 0.76 0.61
Epoch 2300 | Train: Loss=0.0016 Acc=100.0% | Test: Acc=71.5% | Best=71.5%(@2300)
  from x3: 0.68 0.72 0.71 0.71 0.72 0.72 0.72 0.71 0.72 0.72 0.72 0.72 0.72 0.72 0.72 0.72 0.72 0.72 0.72 0.72 0.72 0.72 0.72 0.72 0.72 0.72 0.72 0.72 0.72
  per-rule acc: 0.77 0.66
Epoch 2320 | Train: Loss=0.0042 Acc=100.0% | Test: Acc=63.1% | Best=71.5%(@2300)
  from x3: 0.60 0.63 0.63 0.63 0.63 0.63 0.63 0.63 0.63 0.63 0.63 0.63 0.63 0.63 0.63 0.63 0.63 0.63 0.63 0.63 0.63 0.63 0.63 0.63 0.63 0.63 0.63 0.63 0.63
  per-rule acc: 0.74 0.52
Epoch 2340 | Train: Loss=0.0012 Acc=100.0% | Test: Acc=70.7% | Best=71.5%(@2300)
  from x3: 0.68 0.71 0.71 0.71 0.71 0.71 0.71 0.71 0.71 0.71 0.71 0.71 0.71 0.71 0.71 0.71 0.71 0.71 0.71 0.71 0.71 0.71 0.71 0.71 0.71 0.71 0.71 0.71 0.71
  per-rule acc: 0.79 0.62
Epoch 2360 | Train: Loss=0.0015 Acc=100.0% | Test: Acc=73.5% | Best=73.5%(@2360)
  from x3: 0.70 0.74 0.74 0.74 0.74 0.74 0.74 0.74 0.74 0.74 0.74 0.74 0.74 0.74 0.74 0.74 0.74 0.74 0.74 0.74 0.74 0.74 0.74 0.74 0.73 0.74 0.73 0.74 0.73
  per-rule acc: 0.79 0.68
Epoch 2380 | Train: Loss=0.0016 Acc=100.0% | Test: Acc=76.4% | Best=76.4%(@2380)
  from x3: 0.73 0.77 0.77 0.76 0.76 0.76 0.76 0.76 0.76 0.76 0.76 0.76 0.76 0.76 0.77 0.77 0.77 0.77 0.77 0.77 0.77 0.77 0.77 0.77 0.77 0.77 0.77 0.77 0.77
  per-rule acc: 0.81 0.72
Epoch 2400 | Train: Loss=0.0011 Acc=100.0% | Test: Acc=73.8% | Best=76.4%(@2380)
  from x3: 0.72 0.73 0.74 0.74 0.74 0.74 0.74 0.74 0.74 0.74 0.74 0.74 0.74 0.74 0.74 0.74 0.74 0.74 0.74 0.74 0.74 0.74 0.74 0.74 0.74 0.74 0.74 0.74 0.74
  per-rule acc: 0.82 0.65
Epoch 2420 | Train: Loss=0.0013 Acc=100.0% | Test: Acc=76.1% | Best=76.4%(@2380)
  from x3: 0.75 0.77 0.76 0.76 0.76 0.76 0.76 0.76 0.76 0.76 0.76 0.76 0.76 0.76 0.76 0.76 0.76 0.76 0.76 0.76 0.76 0.76 0.76 0.76 0.76 0.76 0.76 0.76 0.76
  per-rule acc: 0.82 0.70
Epoch 2440 | Train: Loss=0.0015 Acc=100.0% | Test: Acc=78.7% | Best=78.7%(@2440)
  from x3: 0.76 0.79 0.79 0.79 0.79 0.79 0.79 0.79 0.79 0.79 0.79 0.79 0.79 0.79 0.79 0.79 0.79 0.79 0.79 0.79 0.79 0.79 0.79 0.79 0.79 0.79 0.79 0.79 0.79
  per-rule acc: 0.84 0.73
Epoch 2460 | Train: Loss=0.0015 Acc=100.0% | Test: Acc=75.8% | Best=78.7%(@2440)
  from x3: 0.74 0.76 0.76 0.76 0.76 0.76 0.76 0.76 0.76 0.76 0.76 0.76 0.76 0.76 0.76 0.76 0.76 0.76 0.76 0.76 0.76 0.76 0.76 0.76 0.76 0.76 0.76 0.76 0.76
  per-rule acc: 0.86 0.66
Epoch 2480 | Train: Loss=0.0013 Acc=100.0% | Test: Acc=79.3% | Best=79.3%(@2480)
  from x3: 0.77 0.80 0.79 0.79 0.79 0.79 0.80 0.79 0.79 0.79 0.79 0.80 0.79 0.79 0.79 0.79 0.79 0.79 0.79 0.79 0.79 0.79 0.79 0.79 0.79 0.79 0.79 0.79 0.79
  per-rule acc: 0.86 0.73
Epoch 2500 | Train: Loss=0.0015 Acc=100.0% | Test: Acc=80.7% | Best=80.7%(@2500)
  from x3: 0.78 0.81 0.81 0.81 0.81 0.81 0.81 0.81 0.81 0.81 0.81 0.81 0.81 0.81 0.81 0.81 0.81 0.81 0.81 0.81 0.81 0.81 0.81 0.81 0.81 0.81 0.81 0.81 0.81
  per-rule acc: 0.85 0.76
Epoch 2520 | Train: Loss=0.0011 Acc=100.0% | Test: Acc=80.7% | Best=80.7%(@2520)
  from x3: 0.79 0.81 0.81 0.81 0.81 0.81 0.81 0.81 0.81 0.81 0.81 0.81 0.81 0.81 0.81 0.81 0.81 0.81 0.81 0.81 0.81 0.81 0.81 0.81 0.81 0.81 0.81 0.81 0.81
  per-rule acc: 0.87 0.74
Epoch 2540 | Train: Loss=0.0014 Acc=100.0% | Test: Acc=81.9% | Best=81.9%(@2540)
  from x3: 0.79 0.82 0.82 0.82 0.82 0.82 0.82 0.82 0.82 0.82 0.82 0.82 0.82 0.82 0.82 0.82 0.82 0.82 0.82 0.82 0.82 0.82 0.82 0.82 0.82 0.82 0.82 0.82 0.82
  per-rule acc: 0.87 0.77
Epoch 2560 | Train: Loss=0.0010 Acc=100.0% | Test: Acc=78.3% | Best=81.9%(@2540)
  from x3: 0.76 0.78 0.78 0.78 0.78 0.78 0.78 0.78 0.78 0.78 0.78 0.78 0.78 0.78 0.78 0.78 0.78 0.79 0.78 0.78 0.78 0.78 0.79 0.79 0.79 0.79 0.79 0.79 0.79
  per-rule acc: 0.87 0.70
Epoch 2580 | Train: Loss=0.0013 Acc=100.0% | Test: Acc=80.1% | Best=81.9%(@2540)
  from x3: 0.78 0.80 0.80 0.80 0.80 0.80 0.80 0.80 0.80 0.80 0.80 0.80 0.80 0.80 0.80 0.80 0.80 0.80 0.80 0.80 0.80 0.80 0.80 0.80 0.80 0.80 0.80 0.80 0.80
  per-rule acc: 0.86 0.74
Epoch 2600 | Train: Loss=0.0016 Acc=100.0% | Test: Acc=82.5% | Best=82.5%(@2600)
  from x3: 0.80 0.83 0.83 0.83 0.83 0.83 0.83 0.83 0.83 0.83 0.83 0.83 0.83 0.83 0.83 0.83 0.83 0.83 0.83 0.83 0.83 0.83 0.83 0.83 0.83 0.83 0.83 0.83 0.83
  per-rule acc: 0.87 0.78
Epoch 2620 | Train: Loss=0.0478 Acc=99.8% | Test: Acc=69.2% | Best=82.5%(@2600)
  from x3: 0.66 0.70 0.69 0.69 0.69 0.69 0.69 0.69 0.69 0.69 0.69 0.69 0.69 0.69 0.69 0.69 0.69 0.69 0.69 0.69 0.69 0.69 0.69 0.69 0.69 0.69 0.69 0.69 0.70
  per-rule acc: 0.81 0.57
Epoch 2640 | Train: Loss=0.0011 Acc=100.0% | Test: Acc=80.4% | Best=82.5%(@2600)
  from x3: 0.79 0.81 0.80 0.80 0.80 0.80 0.80 0.80 0.80 0.80 0.80 0.80 0.80 0.80 0.80 0.80 0.80 0.80 0.80 0.81 0.81 0.81 0.81 0.81 0.81 0.81 0.80 0.80 0.81
  per-rule acc: 0.87 0.74
Epoch 2660 | Train: Loss=0.0014 Acc=100.0% | Test: Acc=82.8% | Best=82.8%(@2660)
  from x3: 0.81 0.83 0.83 0.83 0.83 0.83 0.83 0.83 0.83 0.83 0.83 0.83 0.83 0.83 0.83 0.83 0.83 0.83 0.83 0.83 0.83 0.83 0.83 0.83 0.83 0.83 0.83 0.83 0.83
  per-rule acc: 0.87 0.78
Epoch 2680 | Train: Loss=0.0016 Acc=100.0% | Test: Acc=85.2% | Best=85.2%(@2680)
  from x3: 0.83 0.86 0.85 0.85 0.85 0.85 0.85 0.85 0.85 0.85 0.85 0.85 0.85 0.85 0.85 0.85 0.85 0.85 0.85 0.85 0.85 0.85 0.85 0.85 0.85 0.85 0.85 0.85 0.85
  per-rule acc: 0.88 0.82
Epoch 2700 | Train: Loss=0.0015 Acc=100.0% | Test: Acc=87.2% | Best=87.2%(@2700)
  from x3: 0.84 0.87 0.87 0.87 0.87 0.87 0.87 0.87 0.87 0.87 0.87 0.87 0.87 0.87 0.87 0.87 0.87 0.87 0.87 0.87 0.87 0.87 0.87 0.87 0.87 0.87 0.87 0.87 0.87
  per-rule acc: 0.90 0.84
Epoch 2720 | Train: Loss=0.0010 Acc=100.0% | Test: Acc=83.7% | Best=87.2%(@2700)
  from x3: 0.82 0.84 0.84 0.84 0.84 0.84 0.84 0.84 0.84 0.84 0.84 0.84 0.84 0.84 0.84 0.84 0.84 0.84 0.84 0.84 0.84 0.84 0.84 0.84 0.84 0.84 0.84 0.84 0.84
  per-rule acc: 0.89 0.78
Epoch 2740 | Train: Loss=0.0013 Acc=100.0% | Test: Acc=85.9% | Best=87.2%(@2700)
  from x3: 0.84 0.86 0.86 0.86 0.86 0.86 0.86 0.86 0.86 0.86 0.86 0.86 0.86 0.86 0.86 0.86 0.86 0.86 0.86 0.86 0.86 0.86 0.86 0.86 0.86 0.86 0.86 0.86 0.86
  per-rule acc: 0.90 0.82
Epoch 2760 | Train: Loss=0.0015 Acc=100.0% | Test: Acc=87.5% | Best=87.5%(@2760)
  from x3: 0.85 0.87 0.88 0.88 0.88 0.88 0.88 0.88 0.88 0.88 0.88 0.88 0.88 0.88 0.88 0.88 0.88 0.88 0.88 0.88 0.88 0.88 0.88 0.88 0.88 0.88 0.88 0.88 0.88
  per-rule acc: 0.91 0.84
Epoch 2780 | Train: Loss=0.0016 Acc=100.0% | Test: Acc=88.7% | Best=88.7%(@2780)
  from x3: 0.86 0.89 0.89 0.89 0.89 0.89 0.89 0.89 0.89 0.89 0.89 0.89 0.89 0.89 0.89 0.89 0.89 0.89 0.89 0.89 0.89 0.89 0.89 0.89 0.89 0.89 0.89 0.89 0.89
  per-rule acc: 0.92 0.85
Epoch 2800 | Train: Loss=0.0012 Acc=100.0% | Test: Acc=86.4% | Best=88.7%(@2780)
  from x3: 0.84 0.86 0.87 0.87 0.87 0.87 0.87 0.86 0.86 0.86 0.86 0.86 0.87 0.87 0.87 0.87 0.87 0.87 0.87 0.87 0.87 0.87 0.87 0.86 0.86 0.86 0.86 0.87 0.86
  per-rule acc: 0.90 0.82
Epoch 2820 | Train: Loss=0.0014 Acc=100.0% | Test: Acc=87.6% | Best=88.7%(@2780)
  from x3: 0.86 0.88 0.88 0.88 0.88 0.88 0.88 0.88 0.88 0.88 0.88 0.88 0.88 0.88 0.88 0.88 0.88 0.88 0.88 0.88 0.88 0.88 0.88 0.88 0.88 0.88 0.88 0.88 0.88
  per-rule acc: 0.91 0.84
Epoch 2840 | Train: Loss=0.0016 Acc=100.0% | Test: Acc=89.1% | Best=89.1%(@2840)
  from x3: 0.87 0.89 0.89 0.89 0.89 0.89 0.89 0.89 0.89 0.89 0.89 0.89 0.89 0.89 0.89 0.89 0.89 0.89 0.89 0.89 0.89 0.89 0.89 0.89 0.89 0.89 0.89 0.89 0.89
  per-rule acc: 0.92 0.86
Epoch 2860 | Train: Loss=0.0266 Acc=99.9% | Test: Acc=79.0% | Best=89.1%(@2840)
  from x3: 0.75 0.79 0.79 0.79 0.79 0.79 0.79 0.79 0.79 0.79 0.79 0.79 0.79 0.79 0.79 0.79 0.79 0.79 0.79 0.79 0.79 0.79 0.79 0.79 0.79 0.79 0.79 0.79 0.79
  per-rule acc: 0.86 0.72
Epoch 2880 | Train: Loss=0.0012 Acc=100.0% | Test: Acc=88.6% | Best=89.1%(@2840)
  from x3: 0.87 0.88 0.89 0.89 0.89 0.89 0.89 0.89 0.89 0.89 0.89 0.89 0.89 0.89 0.89 0.89 0.89 0.89 0.89 0.89 0.89 0.89 0.89 0.89 0.89 0.89 0.89 0.89 0.89
  per-rule acc: 0.92 0.85
Epoch 2900 | Train: Loss=0.0015 Acc=100.0% | Test: Acc=90.2% | Best=90.2%(@2900)
  from x3: 0.89 0.90 0.90 0.90 0.90 0.90 0.90 0.90 0.90 0.90 0.90 0.90 0.90 0.90 0.90 0.90 0.90 0.90 0.90 0.90 0.90 0.90 0.90 0.90 0.90 0.90 0.90 0.90 0.90
  per-rule acc: 0.94 0.87
Epoch 2920 | Train: Loss=0.0018 Acc=100.0% | Test: Acc=87.1% | Best=90.2%(@2900)
  from x3: 0.85 0.87 0.87 0.87 0.87 0.87 0.87 0.87 0.87 0.87 0.87 0.87 0.87 0.87 0.87 0.87 0.87 0.87 0.87 0.87 0.87 0.87 0.87 0.87 0.87 0.87 0.87 0.87 0.87
  per-rule acc: 0.92 0.83
Epoch 2940 | Train: Loss=0.0012 Acc=100.0% | Test: Acc=89.3% | Best=90.2%(@2900)
  from x3: 0.87 0.89 0.89 0.89 0.89 0.89 0.89 0.89 0.89 0.89 0.89 0.89 0.89 0.89 0.89 0.89 0.89 0.89 0.89 0.89 0.89 0.89 0.89 0.89 0.89 0.89 0.89 0.89 0.89
  per-rule acc: 0.93 0.86
Epoch 2960 | Train: Loss=0.0015 Acc=100.0% | Test: Acc=90.7% | Best=90.7%(@2960)
  from x3: 0.88 0.91 0.91 0.91 0.91 0.91 0.91 0.91 0.91 0.91 0.91 0.91 0.91 0.91 0.91 0.91 0.91 0.91 0.91 0.91 0.91 0.91 0.91 0.91 0.91 0.91 0.91 0.91 0.91
  per-rule acc: 0.94 0.88
Epoch 2980 | Train: Loss=0.0045 Acc=100.0% | Test: Acc=86.4% | Best=90.7%(@2960)
  from x3: 0.84 0.86 0.87 0.87 0.87 0.87 0.86 0.86 0.86 0.86 0.86 0.87 0.87 0.86 0.87 0.86 0.87 0.87 0.87 0.87 0.86 0.86 0.86 0.86 0.86 0.86 0.86 0.86 0.86
  per-rule acc: 0.92 0.81
Epoch 3000 | Train: Loss=0.0012 Acc=100.0% | Test: Acc=90.8% | Best=90.8%(@3000)
  from x3: 0.89 0.91 0.91 0.91 0.91 0.91 0.91 0.91 0.91 0.91 0.91 0.91 0.91 0.91 0.91 0.91 0.91 0.91 0.91 0.91 0.91 0.91 0.91 0.91 0.91 0.91 0.91 0.91 0.91
  per-rule acc: 0.94 0.87
Epoch 3020 | Train: Loss=0.0015 Acc=100.0% | Test: Acc=91.6% | Best=91.6%(@3020)
  from x3: 0.90 0.92 0.92 0.92 0.92 0.92 0.92 0.92 0.92 0.92 0.92 0.92 0.92 0.92 0.92 0.92 0.92 0.92 0.92 0.92 0.92 0.92 0.92 0.92 0.92 0.92 0.92 0.92 0.92
  per-rule acc: 0.94 0.89
Epoch 3040 | Train: Loss=0.0016 Acc=100.0% | Test: Acc=92.2% | Best=92.2%(@3040)
  from x3: 0.91 0.92 0.92 0.92 0.92 0.92 0.92 0.92 0.92 0.92 0.92 0.92 0.92 0.92 0.92 0.92 0.92 0.92 0.92 0.92 0.92 0.92 0.92 0.92 0.92 0.92 0.92 0.92 0.92
  per-rule acc: 0.94 0.90
Epoch 3060 | Train: Loss=0.0011 Acc=100.0% | Test: Acc=90.5% | Best=92.2%(@3040)
  from x3: 0.89 0.91 0.91 0.91 0.91 0.91 0.91 0.91 0.91 0.91 0.91 0.91 0.91 0.91 0.91 0.91 0.91 0.91 0.91 0.91 0.91 0.90 0.90 0.90 0.91 0.91 0.91 0.91 0.91
  per-rule acc: 0.94 0.87
Epoch 3080 | Train: Loss=0.0014 Acc=100.0% | Test: Acc=91.6% | Best=92.2%(@3040)
  from x3: 0.90 0.92 0.92 0.92 0.92 0.92 0.92 0.92 0.92 0.92 0.92 0.92 0.92 0.92 0.92 0.92 0.92 0.92 0.92 0.92 0.92 0.92 0.92 0.92 0.92 0.92 0.92 0.92 0.92
  per-rule acc: 0.95 0.89
Epoch 3100 | Train: Loss=0.0015 Acc=100.0% | Test: Acc=92.5% | Best=92.5%(@3100)
  from x3: 0.91 0.92 0.93 0.93 0.93 0.93 0.93 0.93 0.93 0.93 0.93 0.93 0.93 0.93 0.93 0.93 0.93 0.93 0.93 0.93 0.93 0.93 0.93 0.93 0.93 0.93 0.93 0.93 0.93
  per-rule acc: 0.94 0.91
Epoch 3120 | Train: Loss=0.0010 Acc=100.0% | Test: Acc=91.2% | Best=92.5%(@3100)
  from x3: 0.89 0.91 0.91 0.91 0.91 0.91 0.91 0.91 0.91 0.91 0.91 0.91 0.91 0.91 0.91 0.91 0.91 0.91 0.91 0.91 0.91 0.91 0.91 0.91 0.91 0.91 0.91 0.91 0.91
  per-rule acc: 0.94 0.88
Epoch 3140 | Train: Loss=0.0013 Acc=100.0% | Test: Acc=91.6% | Best=92.5%(@3100)
  from x3: 0.90 0.92 0.92 0.92 0.92 0.92 0.92 0.92 0.92 0.92 0.92 0.92 0.92 0.92 0.92 0.92 0.92 0.92 0.92 0.92 0.92 0.92 0.92 0.92 0.92 0.92 0.92 0.92 0.92
  per-rule acc: 0.95 0.89
Epoch 3160 | Train: Loss=0.0016 Acc=100.0% | Test: Acc=92.0% | Best=92.5%(@3100)
  from x3: 0.90 0.92 0.92 0.92 0.92 0.92 0.92 0.92 0.92 0.92 0.92 0.92 0.92 0.92 0.92 0.92 0.92 0.92 0.92 0.92 0.92 0.92 0.92 0.92 0.92 0.92 0.92 0.92 0.92
  per-rule acc: 0.95 0.89
Epoch 3180 | Train: Loss=0.0016 Acc=100.0% | Test: Acc=92.5% | Best=92.5%(@3100)
  from x3: 0.90 0.92 0.93 0.93 0.93 0.93 0.93 0.93 0.93 0.93 0.93 0.93 0.93 0.93 0.93 0.93 0.93 0.93 0.93 0.93 0.93 0.93 0.93 0.93 0.93 0.93 0.93 0.93 0.93
  per-rule acc: 0.95 0.90
Epoch 3200 | Train: Loss=0.0012 Acc=100.0% | Test: Acc=92.9% | Best=92.9%(@3200)
  from x3: 0.92 0.93 0.93 0.93 0.93 0.93 0.93 0.93 0.93 0.93 0.93 0.93 0.93 0.93 0.93 0.93 0.93 0.93 0.93 0.93 0.93 0.93 0.93 0.93 0.93 0.93 0.93 0.93 0.93
  per-rule acc: 0.95 0.91
Epoch 3220 | Train: Loss=0.0014 Acc=100.0% | Test: Acc=93.8% | Best=93.8%(@3220)
  from x3: 0.93 0.94 0.94 0.94 0.94 0.94 0.94 0.94 0.94 0.94 0.94 0.94 0.94 0.94 0.94 0.94 0.94 0.94 0.94 0.94 0.94 0.94 0.94 0.94 0.94 0.94 0.94 0.94 0.94
  per-rule acc: 0.96 0.92
Epoch 3240 | Train: Loss=0.0016 Acc=100.0% | Test: Acc=93.7% | Best=93.8%(@3220)
  from x3: 0.92 0.94 0.94 0.94 0.94 0.94 0.94 0.94 0.94 0.94 0.94 0.94 0.94 0.94 0.94 0.94 0.94 0.94 0.94 0.94 0.94 0.94 0.94 0.94 0.94 0.94 0.94 0.94 0.94
  per-rule acc: 0.96 0.92
Epoch 3260 | Train: Loss=0.0014 Acc=100.0% | Test: Acc=92.4% | Best=93.8%(@3220)
  from x3: 0.91 0.92 0.92 0.92 0.92 0.92 0.92 0.92 0.92 0.92 0.92 0.92 0.92 0.92 0.92 0.93 0.93 0.92 0.92 0.93 0.93 0.93 0.93 0.93 0.93 0.93 0.93 0.93 0.93
  per-rule acc: 0.95 0.89
Epoch 3280 | Train: Loss=0.0013 Acc=100.0% | Test: Acc=93.3% | Best=93.8%(@3220)
  from x3: 0.92 0.93 0.93 0.93 0.93 0.93 0.93 0.93 0.93 0.93 0.93 0.93 0.93 0.93 0.93 0.93 0.93 0.93 0.93 0.93 0.93 0.93 0.93 0.93 0.93 0.93 0.93 0.93 0.93
  per-rule acc: 0.96 0.91
Epoch 3300 | Train: Loss=0.0016 Acc=100.0% | Test: Acc=93.4% | Best=93.8%(@3220)
  from x3: 0.92 0.93 0.93 0.93 0.93 0.93 0.93 0.93 0.93 0.93 0.93 0.93 0.93 0.93 0.93 0.93 0.93 0.93 0.93 0.93 0.93 0.93 0.93 0.93 0.93 0.93 0.93 0.93 0.93
  per-rule acc: 0.96 0.91
Epoch 3320 | Train: Loss=0.2531 Acc=98.9% | Test: Acc=71.7% | Best=93.8%(@3220)
  from x3: 0.67 0.72 0.72 0.72 0.72 0.72 0.72 0.72 0.72 0.72 0.72 0.72 0.72 0.72 0.72 0.72 0.72 0.72 0.72 0.72 0.72 0.72 0.72 0.72 0.72 0.72 0.72 0.72 0.72
  per-rule acc: 0.81 0.63
Epoch 3340 | Train: Loss=0.0011 Acc=100.0% | Test: Acc=93.2% | Best=93.8%(@3220)
  from x3: 0.92 0.93 0.93 0.93 0.93 0.93 0.93 0.93 0.93 0.93 0.93 0.93 0.93 0.93 0.93 0.93 0.93 0.93 0.93 0.93 0.93 0.93 0.93 0.93 0.93 0.93 0.93 0.93 0.93
  per-rule acc: 0.96 0.91
Epoch 3360 | Train: Loss=0.0014 Acc=100.0% | Test: Acc=93.7% | Best=93.8%(@3220)
  from x3: 0.92 0.94 0.94 0.94 0.94 0.94 0.94 0.94 0.94 0.94 0.94 0.94 0.94 0.94 0.94 0.94 0.94 0.94 0.94 0.94 0.94 0.94 0.94 0.94 0.94 0.94 0.94 0.94 0.94
  per-rule acc: 0.96 0.92
Epoch 3380 | Train: Loss=0.0016 Acc=100.0% | Test: Acc=93.5% | Best=93.8%(@3220)
  from x3: 0.92 0.94 0.94 0.94 0.94 0.94 0.94 0.94 0.94 0.94 0.94 0.94 0.94 0.94 0.94 0.94 0.94 0.94 0.94 0.94 0.94 0.94 0.94 0.94 0.94 0.94 0.94 0.94 0.94
  per-rule acc: 0.95 0.92
Epoch 3400 | Train: Loss=0.0012 Acc=100.0% | Test: Acc=93.3% | Best=93.8%(@3220)
  from x3: 0.92 0.93 0.93 0.93 0.93 0.93 0.93 0.93 0.93 0.93 0.93 0.93 0.93 0.93 0.93 0.93 0.93 0.93 0.93 0.93 0.93 0.93 0.93 0.93 0.93 0.93 0.93 0.93 0.93
  per-rule acc: 0.96 0.91
Epoch 3420 | Train: Loss=0.0014 Acc=100.0% | Test: Acc=93.3% | Best=93.8%(@3220)
  from x3: 0.92 0.93 0.93 0.93 0.93 0.93 0.93 0.93 0.93 0.93 0.93 0.93 0.93 0.93 0.93 0.93 0.93 0.93 0.93 0.93 0.93 0.93 0.93 0.93 0.93 0.93 0.93 0.93 0.93
  per-rule acc: 0.96 0.91
Epoch 3440 | Train: Loss=0.0015 Acc=100.0% | Test: Acc=93.7% | Best=93.8%(@3220)
  from x3: 0.92 0.94 0.94 0.94 0.94 0.94 0.94 0.94 0.94 0.94 0.94 0.94 0.94 0.94 0.94 0.94 0.94 0.94 0.94 0.94 0.94 0.94 0.94 0.94 0.94 0.94 0.94 0.94 0.94
  per-rule acc: 0.96 0.92
Epoch 3460 | Train: Loss=0.0012 Acc=100.0% | Test: Acc=94.1% | Best=94.1%(@3460)
  from x3: 0.93 0.94 0.94 0.94 0.94 0.94 0.94 0.94 0.94 0.94 0.94 0.94 0.94 0.94 0.94 0.94 0.94 0.94 0.94 0.94 0.94 0.94 0.94 0.94 0.94 0.94 0.94 0.94 0.94
  per-rule acc: 0.96 0.92
Epoch 3480 | Train: Loss=0.0013 Acc=100.0% | Test: Acc=94.6% | Best=94.6%(@3480)
  from x3: 0.94 0.95 0.95 0.95 0.95 0.95 0.95 0.95 0.95 0.95 0.95 0.95 0.95 0.95 0.95 0.95 0.95 0.95 0.95 0.95 0.95 0.95 0.95 0.95 0.95 0.95 0.95 0.95 0.95
  per-rule acc: 0.97 0.93
Epoch 3500 | Train: Loss=0.0016 Acc=100.0% | Test: Acc=94.0% | Best=94.6%(@3480)
  from x3: 0.94 0.94 0.94 0.94 0.94 0.94 0.94 0.94 0.94 0.94 0.94 0.94 0.94 0.94 0.94 0.94 0.94 0.94 0.94 0.94 0.94 0.94 0.94 0.94 0.94 0.94 0.94 0.94 0.94
  per-rule acc: 0.96 0.92
Epoch 3520 | Train: Loss=0.0016 Acc=100.0% | Test: Acc=94.4% | Best=94.6%(@3480)
  from x3: 0.93 0.94 0.94 0.94 0.94 0.94 0.94 0.94 0.94 0.94 0.94 0.94 0.94 0.94 0.94 0.94 0.94 0.94 0.94 0.94 0.94 0.94 0.94 0.94 0.94 0.94 0.94 0.94 0.94
  per-rule acc: 0.96 0.92
Epoch 3540 | Train: Loss=0.0011 Acc=100.0% | Test: Acc=93.7% | Best=94.6%(@3480)
  from x3: 0.93 0.94 0.94 0.94 0.94 0.94 0.94 0.94 0.94 0.94 0.94 0.94 0.94 0.94 0.94 0.94 0.94 0.94 0.94 0.94 0.94 0.94 0.94 0.94 0.94 0.94 0.94 0.94 0.94
  per-rule acc: 0.96 0.91
Epoch 3560 | Train: Loss=0.0014 Acc=100.0% | Test: Acc=94.1% | Best=94.6%(@3480)
  from x3: 0.93 0.94 0.94 0.94 0.94 0.94 0.94 0.94 0.94 0.94 0.94 0.94 0.94 0.94 0.94 0.94 0.94 0.94 0.94 0.94 0.94 0.94 0.94 0.94 0.94 0.94 0.94 0.94 0.94
  per-rule acc: 0.96 0.92
Epoch 3580 | Train: Loss=0.0013 Acc=100.0% | Test: Acc=93.9% | Best=94.6%(@3480)
  from x3: 0.92 0.94 0.94 0.94 0.94 0.94 0.94 0.94 0.94 0.94 0.94 0.94 0.94 0.94 0.94 0.94 0.94 0.94 0.94 0.94 0.94 0.94 0.94 0.94 0.94 0.94 0.94 0.94 0.94
  per-rule acc: 0.96 0.92
Epoch 3600 | Train: Loss=0.0013 Acc=100.0% | Test: Acc=94.5% | Best=94.6%(@3480)
  from x3: 0.93 0.95 0.95 0.95 0.95 0.95 0.95 0.95 0.95 0.95 0.95 0.95 0.95 0.95 0.95 0.95 0.95 0.95 0.95 0.95 0.95 0.95 0.95 0.95 0.95 0.95 0.95 0.95 0.95
  per-rule acc: 0.97 0.92
Epoch 3620 | Train: Loss=0.0167 Acc=100.0% | Test: Acc=88.9% | Best=94.6%(@3480)
  from x3: 0.87 0.89 0.89 0.89 0.89 0.89 0.89 0.89 0.89 0.89 0.89 0.89 0.89 0.89 0.89 0.89 0.89 0.89 0.89 0.89 0.89 0.89 0.89 0.89 0.89 0.89 0.89 0.89 0.89
  per-rule acc: 0.93 0.85
Epoch 3640 | Train: Loss=0.0013 Acc=100.0% | Test: Acc=94.7% | Best=94.7%(@3640)
  from x3: 0.93 0.95 0.95 0.95 0.95 0.95 0.95 0.95 0.95 0.95 0.95 0.95 0.95 0.95 0.95 0.95 0.95 0.95 0.95 0.95 0.95 0.95 0.95 0.95 0.95 0.95 0.95 0.95 0.95
  per-rule acc: 0.97 0.93
Epoch 3660 | Train: Loss=0.0016 Acc=100.0% | Test: Acc=94.6% | Best=94.7%(@3640)
  from x3: 0.93 0.95 0.95 0.95 0.95 0.95 0.95 0.95 0.95 0.95 0.95 0.95 0.95 0.95 0.95 0.95 0.95 0.95 0.95 0.95 0.95 0.95 0.95 0.95 0.95 0.95 0.95 0.95 0.95
  per-rule acc: 0.97 0.93
Epoch 3680 | Train: Loss=0.0202 Acc=99.9% | Test: Acc=85.1% | Best=94.7%(@3640)
  from x3: 0.81 0.85 0.85 0.85 0.85 0.85 0.85 0.85 0.85 0.85 0.85 0.85 0.85 0.85 0.85 0.85 0.85 0.85 0.85 0.85 0.85 0.85 0.85 0.85 0.85 0.85 0.85 0.85 0.85
  per-rule acc: 0.90 0.80
Epoch 3700 | Train: Loss=0.0012 Acc=100.0% | Test: Acc=94.3% | Best=94.7%(@3640)
  from x3: 0.93 0.94 0.94 0.94 0.94 0.94 0.94 0.94 0.94 0.94 0.94 0.94 0.94 0.94 0.94 0.94 0.94 0.94 0.94 0.94 0.94 0.94 0.94 0.94 0.94 0.94 0.94 0.94 0.94
  per-rule acc: 0.96 0.92
Epoch 3720 | Train: Loss=0.0014 Acc=100.0% | Test: Acc=95.1% | Best=95.1%(@3720)
  from x3: 0.93 0.95 0.95 0.95 0.95 0.95 0.95 0.95 0.95 0.95 0.95 0.95 0.95 0.95 0.95 0.95 0.95 0.95 0.95 0.95 0.95 0.95 0.95 0.95 0.95 0.95 0.95 0.95 0.95
  per-rule acc: 0.97 0.93
Epoch 3740 | Train: Loss=0.0016 Acc=100.0% | Test: Acc=94.8% | Best=95.1%(@3720)
  from x3: 0.93 0.95 0.95 0.95 0.95 0.95 0.95 0.95 0.95 0.95 0.95 0.95 0.95 0.95 0.95 0.95 0.95 0.95 0.95 0.95 0.95 0.95 0.95 0.95 0.95 0.95 0.95 0.95 0.95
  per-rule acc: 0.97 0.93
Epoch 3760 | Train: Loss=0.0015 Acc=100.0% | Test: Acc=94.8% | Best=95.1%(@3720)
  from x3: 0.93 0.95 0.95 0.95 0.95 0.95 0.95 0.95 0.95 0.95 0.95 0.95 0.95 0.95 0.95 0.95 0.95 0.95 0.95 0.95 0.95 0.95 0.95 0.95 0.95 0.95 0.95 0.95 0.95
  per-rule acc: 0.97 0.93
Epoch 3780 | Train: Loss=0.0019 Acc=100.0% | Test: Acc=95.4% | Best=95.4%(@3780)
  from x3: 0.95 0.95 0.95 0.95 0.95 0.95 0.95 0.95 0.95 0.95 0.95 0.95 0.95 0.95 0.95 0.95 0.95 0.95 0.95 0.95 0.95 0.95 0.95 0.95 0.95 0.95 0.95 0.95 0.95
  per-rule acc: 0.97 0.94
Epoch 3800 | Train: Loss=0.0015 Acc=100.0% | Test: Acc=95.5% | Best=95.5%(@3800)
  from x3: 0.95 0.95 0.96 0.96 0.96 0.96 0.96 0.96 0.96 0.96 0.96 0.96 0.96 0.96 0.96 0.96 0.96 0.96 0.96 0.96 0.96 0.96 0.96 0.96 0.96 0.96 0.96 0.96 0.96
  per-rule acc: 0.97 0.94
Epoch 3820 | Train: Loss=0.0090 Acc=100.0% | Test: Acc=91.1% | Best=95.5%(@3800)
  from x3: 0.89 0.91 0.91 0.91 0.91 0.91 0.91 0.91 0.91 0.91 0.91 0.91 0.91 0.91 0.91 0.91 0.91 0.91 0.91 0.91 0.91 0.91 0.91 0.91 0.91 0.91 0.91 0.91 0.91
  per-rule acc: 0.93 0.89
Epoch 3840 | Train: Loss=0.0014 Acc=100.0% | Test: Acc=95.2% | Best=95.5%(@3800)
  from x3: 0.94 0.95 0.95 0.95 0.95 0.95 0.95 0.95 0.95 0.95 0.95 0.95 0.95 0.95 0.95 0.95 0.95 0.95 0.95 0.95 0.95 0.95 0.95 0.95 0.95 0.95 0.95 0.95 0.95
  per-rule acc: 0.97 0.93
Epoch 3860 | Train: Loss=0.0017 Acc=100.0% | Test: Acc=95.2% | Best=95.5%(@3800)
  from x3: 0.94 0.95 0.95 0.95 0.95 0.95 0.95 0.95 0.95 0.95 0.95 0.95 0.95 0.95 0.95 0.95 0.95 0.95 0.95 0.95 0.95 0.95 0.95 0.95 0.95 0.95 0.95 0.95 0.95
  per-rule acc: 0.97 0.93
Epoch 3880 | Train: Loss=0.0017 Acc=100.0% | Test: Acc=95.5% | Best=95.5%(@3800)
  from x3: 0.94 0.95 0.96 0.96 0.96 0.96 0.96 0.96 0.96 0.96 0.96 0.96 0.96 0.96 0.96 0.96 0.96 0.96 0.96 0.96 0.96 0.96 0.96 0.96 0.96 0.96 0.96 0.96 0.96
  per-rule acc: 0.97 0.94
Epoch 3900 | Train: Loss=0.0012 Acc=100.0% | Test: Acc=94.9% | Best=95.5%(@3800)
  from x3: 0.94 0.95 0.95 0.95 0.95 0.95 0.95 0.95 0.95 0.95 0.95 0.95 0.95 0.95 0.95 0.95 0.95 0.95 0.95 0.95 0.95 0.95 0.95 0.95 0.95 0.95 0.95 0.95 0.95
  per-rule acc: 0.97 0.93
Epoch 3920 | Train: Loss=0.0015 Acc=100.0% | Test: Acc=95.2% | Best=95.5%(@3800)
  from x3: 0.94 0.95 0.95 0.95 0.95 0.95 0.95 0.95 0.95 0.95 0.95 0.95 0.95 0.95 0.95 0.95 0.95 0.95 0.95 0.95 0.95 0.95 0.95 0.95 0.95 0.95 0.95 0.95 0.95
  per-rule acc: 0.97 0.93
Epoch 3940 | Train: Loss=0.0014 Acc=100.0% | Test: Acc=95.3% | Best=95.5%(@3800)
  from x3: 0.94 0.95 0.95 0.95 0.95 0.95 0.95 0.95 0.95 0.95 0.95 0.95 0.95 0.95 0.95 0.95 0.95 0.95 0.95 0.95 0.95 0.95 0.95 0.95 0.95 0.95 0.95 0.95 0.95
  per-rule acc: 0.97 0.94
Epoch 3960 | Train: Loss=0.0013 Acc=100.0% | Test: Acc=95.3% | Best=95.5%(@3800)
  from x3: 0.94 0.95 0.95 0.95 0.95 0.95 0.95 0.95 0.95 0.95 0.95 0.95 0.95 0.95 0.95 0.95 0.95 0.95 0.95 0.95 0.95 0.95 0.95 0.95 0.95 0.95 0.95 0.95 0.95
  per-rule acc: 0.97 0.93
Epoch 3980 | Train: Loss=0.0016 Acc=100.0% | Test: Acc=95.5% | Best=95.5%(@3800)
  from x3: 0.94 0.96 0.96 0.96 0.96 0.96 0.96 0.96 0.96 0.96 0.96 0.96 0.96 0.96 0.96 0.96 0.96 0.96 0.96 0.96 0.96 0.96 0.96 0.96 0.96 0.96 0.96 0.96 0.96
  per-rule acc: 0.97 0.94
Epoch 4000 | Train: Loss=0.0333 Acc=99.8% | Test: Acc=84.9% | Best=95.5%(@3800)
  from x3: 0.82 0.85 0.85 0.85 0.85 0.85 0.85 0.85 0.85 0.85 0.85 0.85 0.85 0.85 0.85 0.85 0.85 0.85 0.85 0.85 0.85 0.85 0.85 0.85 0.85 0.85 0.85 0.85 0.85
  per-rule acc: 0.89 0.81
Epoch 4020 | Train: Loss=0.0011 Acc=100.0% | Test: Acc=94.8% | Best=95.5%(@3800)
  from x3: 0.94 0.95 0.95 0.95 0.95 0.95 0.95 0.95 0.95 0.95 0.95 0.95 0.95 0.95 0.95 0.95 0.95 0.95 0.95 0.95 0.95 0.95 0.95 0.95 0.95 0.95 0.95 0.95 0.95
  per-rule acc: 0.97 0.93
Epoch 4040 | Train: Loss=0.0351 Acc=99.8% | Test: Acc=87.5% | Best=95.5%(@3800)
  from x3: 0.85 0.88 0.88 0.88 0.88 0.88 0.88 0.88 0.88 0.88 0.88 0.88 0.88 0.88 0.88 0.88 0.88 0.88 0.88 0.88 0.88 0.88 0.88 0.88 0.88 0.88 0.88 0.88 0.88
  per-rule acc: 0.92 0.83
Epoch 4060 | Train: Loss=0.0013 Acc=100.0% | Test: Acc=95.3% | Best=95.5%(@3800)
  from x3: 0.94 0.95 0.95 0.95 0.95 0.95 0.95 0.95 0.95 0.95 0.95 0.95 0.95 0.95 0.95 0.95 0.95 0.95 0.95 0.95 0.95 0.95 0.95 0.95 0.95 0.95 0.95 0.95 0.95
  per-rule acc: 0.97 0.93
Epoch 4080 | Train: Loss=0.0016 Acc=100.0% | Test: Acc=95.5% | Best=95.5%(@3800)
  from x3: 0.94 0.95 0.96 0.96 0.96 0.96 0.96 0.96 0.96 0.96 0.96 0.96 0.96 0.96 0.96 0.96 0.96 0.96 0.96 0.96 0.96 0.96 0.96 0.96 0.96 0.96 0.96 0.96 0.96
  per-rule acc: 0.97 0.94
Epoch 4100 | Train: Loss=0.0011 Acc=100.0% | Test: Acc=95.1% | Best=95.5%(@3800)
  from x3: 0.94 0.95 0.95 0.95 0.95 0.95 0.95 0.95 0.95 0.95 0.95 0.95 0.95 0.95 0.95 0.95 0.95 0.95 0.95 0.95 0.95 0.95 0.95 0.95 0.95 0.95 0.95 0.95 0.95
  per-rule acc: 0.97 0.93
Epoch 4120 | Train: Loss=0.0013 Acc=100.0% | Test: Acc=95.4% | Best=95.5%(@3800)
  from x3: 0.94 0.95 0.95 0.95 0.95 0.95 0.95 0.95 0.95 0.95 0.95 0.95 0.95 0.95 0.95 0.95 0.95 0.95 0.95 0.95 0.95 0.95 0.95 0.95 0.95 0.95 0.95 0.95 0.95
  per-rule acc: 0.97 0.94
Epoch 4140 | Train: Loss=0.0016 Acc=100.0% | Test: Acc=95.5% | Best=95.5%(@4140)
  from x3: 0.94 0.96 0.96 0.96 0.96 0.96 0.96 0.96 0.96 0.96 0.96 0.96 0.96 0.96 0.96 0.96 0.96 0.96 0.96 0.96 0.96 0.96 0.96 0.96 0.96 0.96 0.96 0.96 0.96
  per-rule acc: 0.97 0.94
Epoch 4160 | Train: Loss=0.0016 Acc=100.0% | Test: Acc=95.4% | Best=95.5%(@4140)
  from x3: 0.94 0.95 0.96 0.96 0.96 0.96 0.96 0.96 0.95 0.95 0.95 0.95 0.95 0.95 0.95 0.95 0.95 0.95 0.95 0.95 0.95 0.95 0.95 0.95 0.95 0.95 0.95 0.95 0.96
  per-rule acc: 0.97 0.94
Epoch 4180 | Train: Loss=0.0015 Acc=100.0% | Test: Acc=95.3% | Best=95.5%(@4140)
  from x3: 0.94 0.95 0.95 0.95 0.95 0.95 0.95 0.95 0.95 0.95 0.95 0.95 0.95 0.95 0.95 0.95 0.95 0.95 0.95 0.95 0.95 0.95 0.95 0.95 0.95 0.95 0.95 0.95 0.95
  per-rule acc: 0.97 0.94
Epoch 4200 | Train: Loss=0.0010 Acc=100.0% | Test: Acc=95.1% | Best=95.5%(@4140)
  from x3: 0.94 0.95 0.95 0.95 0.95 0.95 0.95 0.95 0.95 0.95 0.95 0.95 0.95 0.95 0.95 0.95 0.95 0.95 0.95 0.95 0.95 0.95 0.95 0.95 0.95 0.95 0.95 0.95 0.95
  per-rule acc: 0.97 0.93
Epoch 4220 | Train: Loss=0.0012 Acc=100.0% | Test: Acc=95.2% | Best=95.5%(@4140)
  from x3: 0.94 0.95 0.95 0.95 0.95 0.95 0.95 0.95 0.95 0.95 0.95 0.95 0.95 0.95 0.95 0.95 0.95 0.95 0.95 0.95 0.95 0.95 0.95 0.95 0.95 0.95 0.95 0.95 0.95
  per-rule acc: 0.97 0.94
Epoch 4240 | Train: Loss=0.0014 Acc=100.0% | Test: Acc=95.4% | Best=95.5%(@4140)
  from x3: 0.94 0.95 0.95 0.95 0.95 0.95 0.95 0.95 0.95 0.95 0.95 0.95 0.95 0.95 0.95 0.95 0.95 0.95 0.95 0.95 0.95 0.95 0.95 0.95 0.95 0.95 0.95 0.95 0.95
  per-rule acc: 0.97 0.94
Epoch 4260 | Train: Loss=0.0015 Acc=100.0% | Test: Acc=95.3% | Best=95.5%(@4140)
  from x3: 0.94 0.95 0.95 0.95 0.95 0.95 0.95 0.95 0.95 0.95 0.95 0.95 0.95 0.95 0.95 0.95 0.95 0.95 0.95 0.95 0.95 0.95 0.95 0.95 0.95 0.95 0.95 0.95 0.95
  per-rule acc: 0.96 0.94
Epoch 4280 | Train: Loss=0.5033 Acc=97.2% | Test: Acc=58.7% | Best=95.5%(@4140)
  from x3: 0.52 0.59 0.59 0.59 0.59 0.59 0.59 0.59 0.59 0.59 0.59 0.59 0.59 0.59 0.59 0.59 0.59 0.59 0.59 0.59 0.59 0.59 0.59 0.59 0.59 0.59 0.59 0.59 0.59
  per-rule acc: 0.69 0.49
Epoch 4300 | Train: Loss=0.0010 Acc=100.0% | Test: Acc=95.3% | Best=95.5%(@4140)
  from x3: 0.94 0.95 0.95 0.95 0.95 0.95 0.95 0.95 0.95 0.95 0.95 0.95 0.95 0.95 0.95 0.95 0.95 0.95 0.95 0.95 0.95 0.95 0.95 0.95 0.95 0.95 0.95 0.95 0.95
  per-rule acc: 0.97 0.93
Epoch 4320 | Train: Loss=0.0013 Acc=100.0% | Test: Acc=95.4% | Best=95.5%(@4140)
  from x3: 0.94 0.95 0.95 0.96 0.96 0.96 0.96 0.95 0.95 0.95 0.95 0.95 0.95 0.95 0.95 0.95 0.95 0.95 0.95 0.95 0.95 0.95 0.95 0.95 0.95 0.95 0.96 0.95 0.95
  per-rule acc: 0.97 0.94
Epoch 4340 | Train: Loss=0.0014 Acc=100.0% | Test: Acc=95.6% | Best=95.6%(@4340)
  from x3: 0.94 0.96 0.96 0.96 0.96 0.96 0.96 0.96 0.96 0.96 0.96 0.96 0.96 0.96 0.96 0.96 0.96 0.96 0.96 0.96 0.96 0.96 0.96 0.96 0.96 0.96 0.96 0.96 0.96
  per-rule acc: 0.97 0.94
Epoch 4360 | Train: Loss=0.0014 Acc=100.0% | Test: Acc=95.5% | Best=95.6%(@4340)
  from x3: 0.94 0.96 0.96 0.96 0.96 0.96 0.96 0.96 0.96 0.96 0.96 0.96 0.96 0.96 0.96 0.96 0.96 0.96 0.96 0.96 0.96 0.96 0.96 0.96 0.96 0.96 0.96 0.96 0.96
  per-rule acc: 0.97 0.94
Epoch 4380 | Train: Loss=0.0011 Acc=100.0% | Test: Acc=95.2% | Best=95.6%(@4340)
  from x3: 0.94 0.95 0.95 0.95 0.95 0.95 0.95 0.95 0.95 0.95 0.95 0.95 0.95 0.95 0.95 0.95 0.95 0.95 0.95 0.95 0.95 0.95 0.95 0.95 0.95 0.95 0.95 0.95 0.95
  per-rule acc: 0.97 0.93
Epoch 4400 | Train: Loss=0.0012 Acc=100.0% | Test: Acc=95.3% | Best=95.6%(@4340)
  from x3: 0.94 0.95 0.95 0.95 0.95 0.95 0.95 0.95 0.95 0.95 0.95 0.95 0.95 0.95 0.95 0.95 0.95 0.95 0.95 0.95 0.95 0.95 0.95 0.95 0.95 0.95 0.95 0.95 0.95
  per-rule acc: 0.97 0.93
Epoch 4420 | Train: Loss=0.0024 Acc=100.0% | Test: Acc=95.0% | Best=95.6%(@4340)
  from x3: 0.93 0.95 0.95 0.95 0.95 0.95 0.95 0.95 0.95 0.95 0.95 0.95 0.95 0.95 0.95 0.95 0.95 0.95 0.95 0.95 0.95 0.95 0.95 0.95 0.95 0.95 0.95 0.95 0.95
  per-rule acc: 0.97 0.93
Epoch 4440 | Train: Loss=0.0012 Acc=100.0% | Test: Acc=96.0% | Best=96.0%(@4440)
  from x3: 0.95 0.96 0.96 0.96 0.96 0.96 0.96 0.96 0.96 0.96 0.96 0.96 0.96 0.96 0.96 0.96 0.96 0.96 0.96 0.96 0.96 0.96 0.96 0.96 0.96 0.96 0.96 0.96 0.96
  per-rule acc: 0.98 0.94
Epoch 4460 | Train: Loss=0.0014 Acc=100.0% | Test: Acc=95.7% | Best=96.0%(@4440)
  from x3: 0.94 0.96 0.96 0.96 0.96 0.96 0.96 0.96 0.96 0.96 0.96 0.96 0.96 0.96 0.96 0.96 0.96 0.96 0.96 0.96 0.96 0.96 0.96 0.96 0.96 0.96 0.96 0.96 0.96
  per-rule acc: 0.97 0.94
Epoch 4480 | Train: Loss=0.0134 Acc=99.9% | Test: Acc=89.6% | Best=96.0%(@4440)
  from x3: 0.87 0.90 0.90 0.90 0.90 0.90 0.90 0.90 0.90 0.90 0.90 0.90 0.90 0.90 0.90 0.90 0.90 0.90 0.90 0.90 0.90 0.90 0.90 0.90 0.90 0.90 0.90 0.90 0.90
  per-rule acc: 0.93 0.86
Epoch 4500 | Train: Loss=0.0011 Acc=100.0% | Test: Acc=95.7% | Best=96.0%(@4440)
  from x3: 0.95 0.96 0.96 0.96 0.96 0.96 0.96 0.96 0.96 0.96 0.96 0.96 0.96 0.96 0.96 0.96 0.96 0.96 0.96 0.96 0.96 0.96 0.96 0.96 0.96 0.96 0.96 0.96 0.96
  per-rule acc: 0.98 0.94
Epoch 4520 | Train: Loss=0.0014 Acc=100.0% | Test: Acc=96.1% | Best=96.1%(@4520)
  from x3: 0.94 0.96 0.96 0.96 0.96 0.96 0.96 0.96 0.96 0.96 0.96 0.96 0.96 0.96 0.96 0.96 0.96 0.96 0.96 0.96 0.96 0.96 0.96 0.96 0.96 0.96 0.96 0.96 0.96
  per-rule acc: 0.98 0.94
Epoch 4540 | Train: Loss=0.0015 Acc=100.0% | Test: Acc=95.9% | Best=96.1%(@4520)
  from x3: 0.94 0.96 0.96 0.96 0.96 0.96 0.96 0.96 0.96 0.96 0.96 0.96 0.96 0.96 0.96 0.96 0.96 0.96 0.96 0.96 0.96 0.96 0.96 0.96 0.96 0.96 0.96 0.96 0.96
  per-rule acc: 0.98 0.94
Epoch 4560 | Train: Loss=0.0012 Acc=100.0% | Test: Acc=96.4% | Best=96.4%(@4560)
  from x3: 0.94 0.97 0.97 0.97 0.97 0.97 0.97 0.97 0.97 0.97 0.97 0.97 0.97 0.97 0.97 0.97 0.97 0.97 0.97 0.97 0.97 0.96 0.96 0.96 0.96 0.96 0.96 0.96 0.96
  per-rule acc: 0.98 0.95
Epoch 4580 | Train: Loss=0.0015 Acc=100.0% | Test: Acc=96.6% | Best=96.6%(@4580)
  from x3: 0.95 0.97 0.97 0.97 0.97 0.97 0.97 0.97 0.97 0.97 0.97 0.97 0.97 0.97 0.97 0.97 0.97 0.97 0.97 0.97 0.97 0.97 0.97 0.97 0.97 0.97 0.97 0.97 0.97
  per-rule acc: 0.98 0.95
Epoch 4600 | Train: Loss=0.0137 Acc=99.9% | Test: Acc=90.3% | Best=96.6%(@4580)
  from x3: 0.87 0.90 0.90 0.90 0.90 0.90 0.90 0.90 0.90 0.90 0.90 0.90 0.90 0.90 0.90 0.90 0.90 0.90 0.90 0.90 0.90 0.90 0.90 0.90 0.90 0.90 0.90 0.90 0.90
  per-rule acc: 0.95 0.86
Epoch 4620 | Train: Loss=0.0012 Acc=100.0% | Test: Acc=96.2% | Best=96.6%(@4580)
  from x3: 0.94 0.96 0.96 0.96 0.96 0.96 0.96 0.96 0.96 0.96 0.96 0.96 0.96 0.96 0.96 0.96 0.96 0.96 0.96 0.96 0.96 0.96 0.96 0.96 0.96 0.96 0.96 0.96 0.96
  per-rule acc: 0.98 0.94
Epoch 4640 | Train: Loss=0.0289 Acc=99.9% | Test: Acc=88.9% | Best=96.6%(@4580)
  from x3: 0.85 0.89 0.89 0.89 0.89 0.89 0.89 0.89 0.89 0.89 0.89 0.89 0.89 0.89 0.89 0.89 0.89 0.89 0.89 0.89 0.89 0.89 0.89 0.89 0.89 0.89 0.89 0.89 0.89
  per-rule acc: 0.93 0.85
Epoch 4660 | Train: Loss=0.0011 Acc=100.0% | Test: Acc=96.1% | Best=96.6%(@4580)
  from x3: 0.95 0.96 0.96 0.96 0.96 0.96 0.96 0.96 0.96 0.96 0.96 0.96 0.96 0.96 0.96 0.96 0.96 0.96 0.96 0.96 0.96 0.96 0.96 0.96 0.96 0.96 0.96 0.96 0.96
  per-rule acc: 0.98 0.94
Epoch 4680 | Train: Loss=0.0014 Acc=100.0% | Test: Acc=96.5% | Best=96.6%(@4580)
  from x3: 0.95 0.97 0.97 0.97 0.97 0.97 0.97 0.97 0.97 0.97 0.97 0.97 0.97 0.97 0.97 0.97 0.97 0.97 0.97 0.97 0.97 0.97 0.97 0.97 0.97 0.97 0.97 0.97 0.97
  per-rule acc: 0.98 0.95
Epoch 4700 | Train: Loss=0.0408 Acc=99.8% | Test: Acc=88.7% | Best=96.6%(@4580)
  from x3: 0.85 0.89 0.89 0.89 0.89 0.89 0.89 0.89 0.89 0.89 0.89 0.89 0.89 0.89 0.89 0.89 0.89 0.89 0.89 0.89 0.89 0.89 0.89 0.89 0.89 0.89 0.89 0.89 0.89
  per-rule acc: 0.93 0.84
Epoch 4720 | Train: Loss=0.0012 Acc=100.0% | Test: Acc=96.3% | Best=96.6%(@4580)
  from x3: 0.94 0.96 0.96 0.96 0.96 0.96 0.96 0.96 0.96 0.96 0.96 0.96 0.96 0.96 0.96 0.96 0.96 0.96 0.96 0.96 0.96 0.96 0.96 0.96 0.96 0.96 0.96 0.96 0.96
  per-rule acc: 0.98 0.94
Epoch 4740 | Train: Loss=0.0015 Acc=100.0% | Test: Acc=96.8% | Best=96.8%(@4740)
  from x3: 0.95 0.97 0.97 0.97 0.97 0.97 0.97 0.97 0.97 0.97 0.97 0.97 0.97 0.97 0.97 0.97 0.97 0.97 0.97 0.97 0.97 0.97 0.97 0.97 0.97 0.97 0.97 0.97 0.97
  per-rule acc: 0.98 0.95
Epoch 4760 | Train: Loss=0.0016 Acc=100.0% | Test: Acc=96.6% | Best=96.8%(@4740)
  from x3: 0.95 0.97 0.97 0.97 0.97 0.97 0.97 0.97 0.97 0.97 0.97 0.97 0.97 0.97 0.97 0.97 0.97 0.97 0.97 0.97 0.97 0.97 0.97 0.97 0.97 0.97 0.97 0.97 0.97
  per-rule acc: 0.98 0.95
Epoch 4780 | Train: Loss=0.0034 Acc=100.0% | Test: Acc=95.5% | Best=96.8%(@4740)
  from x3: 0.94 0.96 0.96 0.96 0.96 0.96 0.96 0.96 0.96 0.96 0.96 0.96 0.96 0.96 0.96 0.96 0.96 0.96 0.96 0.96 0.96 0.96 0.96 0.96 0.96 0.96 0.96 0.96 0.96
  per-rule acc: 0.97 0.94
Epoch 4800 | Train: Loss=0.0012 Acc=100.0% | Test: Acc=96.6% | Best=96.8%(@4740)
  from x3: 0.95 0.97 0.97 0.97 0.97 0.97 0.97 0.97 0.97 0.97 0.97 0.97 0.97 0.97 0.97 0.97 0.97 0.97 0.97 0.97 0.97 0.97 0.97 0.97 0.97 0.97 0.97 0.97 0.97
  per-rule acc: 0.98 0.95
Epoch 4820 | Train: Loss=0.0014 Acc=100.0% | Test: Acc=96.6% | Best=96.8%(@4740)
  from x3: 0.95 0.97 0.97 0.97 0.97 0.97 0.97 0.97 0.97 0.97 0.97 0.97 0.97 0.97 0.97 0.97 0.97 0.97 0.97 0.97 0.97 0.97 0.97 0.97 0.97 0.97 0.97 0.97 0.97
  per-rule acc: 0.98 0.95
Epoch 4840 | Train: Loss=0.0015 Acc=100.0% | Test: Acc=96.6% | Best=96.8%(@4740)
  from x3: 0.95 0.97 0.97 0.97 0.97 0.97 0.97 0.97 0.97 0.97 0.97 0.97 0.97 0.97 0.97 0.97 0.97 0.97 0.97 0.97 0.97 0.97 0.97 0.97 0.97 0.97 0.97 0.97 0.97
  per-rule acc: 0.98 0.95
Epoch 4860 | Train: Loss=0.0195 Acc=99.9% | Test: Acc=90.8% | Best=96.8%(@4740)
  from x3: 0.88 0.91 0.91 0.91 0.91 0.91 0.91 0.91 0.91 0.91 0.91 0.91 0.91 0.91 0.91 0.91 0.91 0.91 0.91 0.91 0.91 0.91 0.91 0.91 0.91 0.91 0.91 0.91 0.91
  per-rule acc: 0.94 0.88
Epoch 4880 | Train: Loss=0.0011 Acc=100.0% | Test: Acc=96.5% | Best=96.8%(@4740)
  from x3: 0.95 0.97 0.97 0.97 0.97 0.97 0.97 0.97 0.97 0.97 0.97 0.97 0.97 0.97 0.97 0.97 0.97 0.97 0.97 0.97 0.97 0.97 0.97 0.97 0.97 0.97 0.97 0.97 0.97
  per-rule acc: 0.98 0.95
Epoch 4900 | Train: Loss=0.0013 Acc=100.0% | Test: Acc=96.8% | Best=96.8%(@4900)
  from x3: 0.95 0.97 0.97 0.97 0.97 0.97 0.97 0.97 0.97 0.97 0.97 0.97 0.97 0.97 0.97 0.97 0.97 0.97 0.97 0.97 0.97 0.97 0.97 0.97 0.97 0.97 0.97 0.97 0.97
  per-rule acc: 0.98 0.95
Epoch 4920 | Train: Loss=0.0012 Acc=100.0% | Test: Acc=96.7% | Best=96.8%(@4900)
  from x3: 0.95 0.97 0.97 0.97 0.97 0.97 0.97 0.97 0.97 0.97 0.97 0.97 0.97 0.97 0.97 0.97 0.97 0.97 0.97 0.97 0.97 0.97 0.97 0.97 0.97 0.97 0.97 0.97 0.97
  per-rule acc: 0.98 0.96
Epoch 4940 | Train: Loss=0.0013 Acc=100.0% | Test: Acc=96.8% | Best=96.8%(@4900)
  from x3: 0.95 0.97 0.97 0.97 0.97 0.97 0.97 0.97 0.97 0.97 0.97 0.97 0.97 0.97 0.97 0.97 0.97 0.97 0.97 0.97 0.97 0.97 0.97 0.97 0.97 0.97 0.97 0.97 0.97
  per-rule acc: 0.98 0.95
Epoch 4960 | Train: Loss=0.0015 Acc=100.0% | Test: Acc=96.7% | Best=96.8%(@4900)
  from x3: 0.95 0.97 0.97 0.97 0.97 0.97 0.97 0.97 0.97 0.97 0.97 0.97 0.97 0.97 0.97 0.97 0.97 0.97 0.97 0.97 0.97 0.97 0.97 0.97 0.97 0.97 0.97 0.97 0.97
  per-rule acc: 0.98 0.95
Epoch 4980 | Train: Loss=0.0014 Acc=100.0% | Test: Acc=96.5% | Best=96.8%(@4900)
  from x3: 0.95 0.97 0.97 0.97 0.97 0.97 0.97 0.97 0.97 0.97 0.97 0.97 0.97 0.97 0.97 0.97 0.97 0.97 0.97 0.97 0.97 0.97 0.97 0.97 0.97 0.97 0.97 0.97 0.97
  per-rule acc: 0.98 0.95
Epoch 5000 | Train: Loss=0.2844 Acc=97.5% | Test: Acc=62.9% | Best=96.8%(@4900)
  from x3: 0.56 0.63 0.63 0.63 0.63 0.63 0.63 0.63 0.63 0.63 0.63 0.63 0.63 0.63 0.63 0.63 0.63 0.63 0.63 0.63 0.63 0.63 0.63 0.63 0.63 0.63 0.63 0.63 0.63
  per-rule acc: 0.78 0.48
Epoch 5020 | Train: Loss=0.0010 Acc=100.0% | Test: Acc=97.0% | Best=97.0%(@5020)
  from x3: 0.96 0.97 0.97 0.97 0.97 0.97 0.97 0.97 0.97 0.97 0.97 0.97 0.97 0.97 0.97 0.97 0.97 0.97 0.97 0.97 0.97 0.97 0.97 0.97 0.97 0.97 0.97 0.97 0.97
  per-rule acc: 0.98 0.96
Epoch 5040 | Train: Loss=0.0012 Acc=100.0% | Test: Acc=96.9% | Best=97.0%(@5020)
  from x3: 0.96 0.97 0.97 0.97 0.97 0.97 0.97 0.97 0.97 0.97 0.97 0.97 0.97 0.97 0.97 0.97 0.97 0.97 0.97 0.97 0.97 0.97 0.97 0.97 0.97 0.97 0.97 0.97 0.97
  per-rule acc: 0.98 0.96
Epoch 5060 | Train: Loss=0.0013 Acc=100.0% | Test: Acc=97.0% | Best=97.0%(@5020)
  from x3: 0.96 0.97 0.97 0.97 0.97 0.97 0.97 0.97 0.97 0.97 0.97 0.97 0.97 0.97 0.97 0.97 0.97 0.97 0.97 0.97 0.97 0.97 0.97 0.97 0.97 0.97 0.97 0.97 0.97
  per-rule acc: 0.98 0.96
Epoch 5080 | Train: Loss=0.0014 Acc=100.0% | Test: Acc=96.7% | Best=97.0%(@5020)
  from x3: 0.95 0.97 0.97 0.97 0.97 0.97 0.97 0.97 0.97 0.97 0.97 0.97 0.97 0.97 0.97 0.97 0.97 0.97 0.97 0.97 0.97 0.97 0.97 0.97 0.97 0.97 0.97 0.97 0.97
  per-rule acc: 0.98 0.95
Epoch 5100 | Train: Loss=0.0013 Acc=100.0% | Test: Acc=96.7% | Best=97.0%(@5020)
  from x3: 0.95 0.97 0.97 0.97 0.97 0.97 0.97 0.97 0.97 0.97 0.97 0.97 0.97 0.97 0.97 0.97 0.97 0.97 0.97 0.97 0.97 0.97 0.97 0.97 0.97 0.97 0.97 0.97 0.97
  per-rule acc: 0.98 0.95
Epoch 5120 | Train: Loss=0.0011 Acc=100.0% | Test: Acc=96.2% | Best=97.0%(@5020)
  from x3: 0.95 0.96 0.96 0.96 0.96 0.96 0.96 0.96 0.96 0.96 0.96 0.96 0.96 0.96 0.96 0.96 0.96 0.96 0.96 0.96 0.96 0.96 0.96 0.96 0.96 0.96 0.96 0.96 0.96
  per-rule acc: 0.97 0.95
Epoch 5140 | Train: Loss=0.0011 Acc=100.0% | Test: Acc=96.2% | Best=97.0%(@5020)
  from x3: 0.95 0.96 0.96 0.96 0.96 0.96 0.96 0.96 0.96 0.96 0.96 0.96 0.96 0.96 0.96 0.96 0.96 0.96 0.96 0.96 0.96 0.96 0.96 0.96 0.96 0.96 0.96 0.96 0.96
  per-rule acc: 0.98 0.95
Epoch 5160 | Train: Loss=0.0012 Acc=100.0% | Test: Acc=96.3% | Best=97.0%(@5020)
  from x3: 0.95 0.96 0.96 0.96 0.96 0.96 0.96 0.96 0.96 0.96 0.96 0.96 0.96 0.96 0.96 0.96 0.96 0.96 0.96 0.96 0.96 0.96 0.96 0.96 0.96 0.96 0.96 0.96 0.96
  per-rule acc: 0.98 0.95
Epoch 5180 | Train: Loss=0.0013 Acc=100.0% | Test: Acc=96.5% | Best=97.0%(@5020)
  from x3: 0.95 0.97 0.97 0.97 0.97 0.97 0.97 0.97 0.97 0.97 0.97 0.97 0.97 0.97 0.97 0.97 0.97 0.97 0.97 0.97 0.97 0.97 0.97 0.97 0.97 0.97 0.97 0.97 0.97
  per-rule acc: 0.98 0.95
Epoch 5200 | Train: Loss=0.0013 Acc=100.0% | Test: Acc=96.3% | Best=97.0%(@5020)
  from x3: 0.95 0.96 0.96 0.96 0.96 0.96 0.96 0.96 0.96 0.96 0.96 0.96 0.96 0.96 0.96 0.96 0.96 0.96 0.96 0.96 0.96 0.96 0.96 0.96 0.96 0.96 0.96 0.96 0.96
  per-rule acc: 0.98 0.95
Epoch 5220 | Train: Loss=0.0012 Acc=100.0% | Test: Acc=96.7% | Best=97.0%(@5020)
  from x3: 0.95 0.97 0.97 0.97 0.97 0.97 0.97 0.97 0.97 0.97 0.97 0.97 0.97 0.97 0.97 0.97 0.97 0.97 0.97 0.97 0.97 0.97 0.97 0.97 0.97 0.97 0.97 0.97 0.97
  per-rule acc: 0.98 0.95
Epoch 5240 | Train: Loss=0.0011 Acc=100.0% | Test: Acc=96.8% | Best=97.0%(@5020)
  from x3: 0.96 0.97 0.97 0.97 0.97 0.97 0.97 0.97 0.97 0.97 0.97 0.97 0.97 0.97 0.97 0.97 0.97 0.97 0.97 0.97 0.97 0.97 0.97 0.97 0.97 0.97 0.97 0.97 0.97
  per-rule acc: 0.98 0.95
Epoch 5260 | Train: Loss=0.0012 Acc=100.0% | Test: Acc=96.8% | Best=97.0%(@5020)
  from x3: 0.96 0.97 0.97 0.97 0.97 0.97 0.97 0.97 0.97 0.97 0.97 0.97 0.97 0.97 0.97 0.97 0.97 0.97 0.97 0.97 0.97 0.97 0.97 0.97 0.97 0.97 0.97 0.97 0.97
  per-rule acc: 0.98 0.95
Epoch 5280 | Train: Loss=0.0540 Acc=99.6% | Test: Acc=89.3% | Best=97.0%(@5020)
  from x3: 0.85 0.89 0.89 0.89 0.89 0.89 0.89 0.89 0.89 0.89 0.89 0.89 0.89 0.89 0.89 0.89 0.89 0.89 0.89 0.89 0.89 0.89 0.89 0.89 0.89 0.89 0.89 0.89 0.89
  per-rule acc: 0.94 0.85
Epoch 5300 | Train: Loss=0.0011 Acc=100.0% | Test: Acc=97.0% | Best=97.0%(@5020)
  from x3: 0.96 0.97 0.97 0.97 0.97 0.97 0.97 0.97 0.97 0.97 0.97 0.97 0.97 0.97 0.97 0.97 0.97 0.97 0.97 0.97 0.97 0.97 0.97 0.97 0.97 0.97 0.97 0.97 0.97
  per-rule acc: 0.99 0.95
Epoch 5320 | Train: Loss=0.0013 Acc=100.0% | Test: Acc=97.1% | Best=97.1%(@5320)
  from x3: 0.96 0.97 0.97 0.97 0.97 0.97 0.97 0.97 0.97 0.97 0.97 0.97 0.97 0.97 0.97 0.97 0.97 0.97 0.97 0.97 0.97 0.97 0.97 0.97 0.97 0.97 0.97 0.97 0.97
  per-rule acc: 0.99 0.96
Epoch 5340 | Train: Loss=0.0014 Acc=100.0% | Test: Acc=96.8% | Best=97.1%(@5320)
  from x3: 0.95 0.97 0.97 0.97 0.97 0.97 0.97 0.97 0.97 0.97 0.97 0.97 0.97 0.97 0.97 0.97 0.97 0.97 0.97 0.97 0.97 0.97 0.97 0.97 0.97 0.97 0.97 0.97 0.97
  per-rule acc: 0.98 0.95
Epoch 5360 | Train: Loss=0.1325 Acc=99.0% | Test: Acc=82.3% | Best=97.1%(@5320)
  from x3: 0.77 0.83 0.83 0.83 0.83 0.83 0.83 0.83 0.83 0.83 0.83 0.83 0.83 0.83 0.83 0.83 0.83 0.83 0.83 0.82 0.83 0.83 0.82 0.82 0.82 0.82 0.82 0.82 0.82
  per-rule acc: 0.90 0.74
Epoch 5380 | Train: Loss=0.0010 Acc=100.0% | Test: Acc=96.8% | Best=97.1%(@5320)
  from x3: 0.95 0.97 0.97 0.97 0.97 0.97 0.97 0.97 0.97 0.97 0.97 0.97 0.97 0.97 0.97 0.97 0.97 0.97 0.97 0.97 0.97 0.97 0.97 0.97 0.97 0.97 0.97 0.97 0.97
  per-rule acc: 0.98 0.95
Epoch 5400 | Train: Loss=0.0012 Acc=100.0% | Test: Acc=96.8% | Best=97.1%(@5320)
  from x3: 0.96 0.97 0.97 0.97 0.97 0.97 0.97 0.97 0.97 0.97 0.97 0.97 0.97 0.97 0.97 0.97 0.97 0.97 0.97 0.97 0.97 0.97 0.97 0.97 0.97 0.97 0.97 0.97 0.97
  per-rule acc: 0.98 0.95
Epoch 5420 | Train: Loss=0.0078 Acc=99.9% | Test: Acc=90.9% | Best=97.1%(@5320)
  from x3: 0.87 0.91 0.91 0.91 0.91 0.91 0.91 0.91 0.91 0.91 0.91 0.91 0.91 0.91 0.91 0.91 0.91 0.91 0.91 0.91 0.91 0.91 0.91 0.91 0.91 0.91 0.91 0.91 0.91
  per-rule acc: 0.95 0.87
Epoch 5440 | Train: Loss=0.0011 Acc=100.0% | Test: Acc=97.1% | Best=97.1%(@5320)
  from x3: 0.95 0.97 0.97 0.97 0.97 0.97 0.97 0.97 0.97 0.97 0.97 0.97 0.97 0.97 0.97 0.97 0.97 0.97 0.97 0.97 0.97 0.97 0.97 0.97 0.97 0.97 0.97 0.97 0.97
  per-rule acc: 0.99 0.96
Epoch 5460 | Train: Loss=0.0013 Acc=100.0% | Test: Acc=97.0% | Best=97.1%(@5320)
  from x3: 0.95 0.97 0.97 0.97 0.97 0.97 0.97 0.97 0.97 0.97 0.97 0.97 0.97 0.97 0.97 0.97 0.97 0.97 0.97 0.97 0.97 0.97 0.97 0.97 0.97 0.97 0.97 0.97 0.97
  per-rule acc: 0.98 0.96
Epoch 5480 | Train: Loss=0.0014 Acc=100.0% | Test: Acc=97.0% | Best=97.1%(@5320)
  from x3: 0.95 0.97 0.97 0.97 0.97 0.97 0.97 0.97 0.97 0.97 0.97 0.97 0.97 0.97 0.97 0.97 0.97 0.97 0.97 0.97 0.97 0.97 0.97 0.97 0.97 0.97 0.97 0.97 0.97
  per-rule acc: 0.98 0.95
Epoch 5500 | Train: Loss=0.0011 Acc=100.0% | Test: Acc=96.9% | Best=97.1%(@5320)
  from x3: 0.96 0.97 0.97 0.97 0.97 0.97 0.97 0.97 0.97 0.97 0.97 0.97 0.97 0.97 0.97 0.97 0.97 0.97 0.97 0.97 0.97 0.97 0.97 0.97 0.97 0.97 0.97 0.97 0.97
  per-rule acc: 0.98 0.95
Epoch 5520 | Train: Loss=0.0013 Acc=100.0% | Test: Acc=97.2% | Best=97.2%(@5520)
  from x3: 0.96 0.97 0.97 0.97 0.97 0.97 0.97 0.97 0.97 0.97 0.97 0.97 0.97 0.97 0.97 0.97 0.97 0.97 0.97 0.97 0.97 0.97 0.97 0.97 0.97 0.97 0.97 0.97 0.97
  per-rule acc: 0.99 0.96
Epoch 5540 | Train: Loss=0.0014 Acc=100.0% | Test: Acc=97.2% | Best=97.2%(@5520)
  from x3: 0.95 0.97 0.97 0.97 0.97 0.97 0.97 0.97 0.97 0.97 0.97 0.97 0.97 0.97 0.97 0.97 0.97 0.97 0.97 0.97 0.97 0.97 0.97 0.97 0.97 0.97 0.97 0.97 0.97
  per-rule acc: 0.98 0.96
Epoch 5560 | Train: Loss=0.0014 Acc=100.0% | Test: Acc=96.8% | Best=97.2%(@5520)
  from x3: 0.95 0.97 0.97 0.97 0.97 0.97 0.97 0.97 0.97 0.97 0.97 0.97 0.97 0.97 0.97 0.97 0.97 0.97 0.97 0.97 0.97 0.97 0.97 0.97 0.97 0.97 0.97 0.97 0.97
  per-rule acc: 0.98 0.95
Epoch 5580 | Train: Loss=0.0012 Acc=100.0% | Test: Acc=96.8% | Best=97.2%(@5520)
  from x3: 0.95 0.97 0.97 0.97 0.97 0.97 0.97 0.97 0.97 0.97 0.97 0.97 0.97 0.97 0.97 0.97 0.97 0.97 0.97 0.97 0.97 0.97 0.97 0.97 0.97 0.97 0.97 0.97 0.97
  per-rule acc: 0.98 0.95
Epoch 5600 | Train: Loss=0.0011 Acc=100.0% | Test: Acc=96.6% | Best=97.2%(@5520)
  from x3: 0.95 0.97 0.97 0.97 0.97 0.97 0.97 0.97 0.97 0.97 0.97 0.97 0.97 0.97 0.97 0.97 0.97 0.97 0.97 0.97 0.97 0.97 0.97 0.97 0.97 0.97 0.97 0.97 0.97
  per-rule acc: 0.98 0.95
Epoch 5620 | Train: Loss=0.0013 Acc=100.0% | Test: Acc=97.0% | Best=97.2%(@5520)
  from x3: 0.96 0.97 0.97 0.97 0.97 0.97 0.97 0.97 0.97 0.97 0.97 0.97 0.97 0.97 0.97 0.97 0.97 0.97 0.97 0.97 0.97 0.97 0.97 0.97 0.97 0.97 0.97 0.97 0.97
  per-rule acc: 0.98 0.95
Epoch 5640 | Train: Loss=0.0013 Acc=100.0% | Test: Acc=96.9% | Best=97.2%(@5520)
  from x3: 0.96 0.97 0.97 0.97 0.97 0.97 0.97 0.97 0.97 0.97 0.97 0.97 0.97 0.97 0.97 0.97 0.97 0.97 0.97 0.97 0.97 0.97 0.97 0.97 0.97 0.97 0.97 0.97 0.97
  per-rule acc: 0.98 0.95
Epoch 5660 | Train: Loss=0.0013 Acc=100.0% | Test: Acc=96.8% | Best=97.2%(@5520)
  from x3: 0.95 0.97 0.97 0.97 0.97 0.97 0.97 0.97 0.97 0.97 0.97 0.97 0.97 0.97 0.97 0.97 0.97 0.97 0.97 0.97 0.97 0.97 0.97 0.97 0.97 0.97 0.97 0.97 0.97
  per-rule acc: 0.98 0.95
Epoch 5680 | Train: Loss=0.0012 Acc=100.0% | Test: Acc=96.6% | Best=97.2%(@5520)
  from x3: 0.95 0.97 0.97 0.97 0.97 0.97 0.97 0.97 0.97 0.97 0.97 0.97 0.97 0.97 0.97 0.97 0.97 0.97 0.97 0.97 0.97 0.97 0.97 0.97 0.97 0.97 0.97 0.97 0.97
  per-rule acc: 0.98 0.95
Epoch 5700 | Train: Loss=0.0011 Acc=100.0% | Test: Acc=96.3% | Best=97.2%(@5520)
  from x3: 0.95 0.96 0.96 0.96 0.96 0.96 0.96 0.96 0.96 0.96 0.96 0.96 0.96 0.96 0.96 0.96 0.96 0.96 0.96 0.96 0.96 0.96 0.96 0.96 0.96 0.96 0.96 0.96 0.96
  per-rule acc: 0.98 0.94
Epoch 5720 | Train: Loss=0.0009 Acc=100.0% | Test: Acc=97.0% | Best=97.2%(@5520)
  from x3: 0.95 0.97 0.97 0.97 0.97 0.97 0.97 0.97 0.97 0.97 0.97 0.97 0.97 0.97 0.97 0.97 0.97 0.97 0.97 0.97 0.97 0.97 0.97 0.97 0.97 0.97 0.97 0.97 0.97
  per-rule acc: 0.98 0.96
Epoch 5740 | Train: Loss=0.0010 Acc=100.0% | Test: Acc=96.9% | Best=97.2%(@5520)
  from x3: 0.96 0.97 0.97 0.97 0.97 0.97 0.97 0.97 0.97 0.97 0.97 0.97 0.97 0.97 0.97 0.97 0.97 0.97 0.97 0.97 0.97 0.97 0.97 0.97 0.97 0.97 0.97 0.97 0.97
  per-rule acc: 0.98 0.95
Epoch 5760 | Train: Loss=0.0011 Acc=100.0% | Test: Acc=97.0% | Best=97.2%(@5520)
  from x3: 0.96 0.97 0.97 0.97 0.97 0.97 0.97 0.97 0.97 0.97 0.97 0.97 0.97 0.97 0.97 0.97 0.97 0.97 0.97 0.97 0.97 0.97 0.97 0.97 0.97 0.97 0.97 0.97 0.97
  per-rule acc: 0.98 0.96
Epoch 5780 | Train: Loss=0.0012 Acc=100.0% | Test: Acc=97.0% | Best=97.2%(@5520)
  from x3: 0.96 0.97 0.97 0.97 0.97 0.97 0.97 0.97 0.97 0.97 0.97 0.97 0.97 0.97 0.97 0.97 0.97 0.97 0.97 0.97 0.97 0.97 0.97 0.97 0.97 0.97 0.97 0.97 0.97
  per-rule acc: 0.98 0.96
Epoch 5800 | Train: Loss=0.0012 Acc=100.0% | Test: Acc=96.8% | Best=97.2%(@5520)
  from x3: 0.95 0.97 0.97 0.97 0.97 0.97 0.97 0.97 0.97 0.97 0.97 0.97 0.97 0.97 0.97 0.97 0.97 0.97 0.97 0.97 0.97 0.97 0.97 0.97 0.97 0.97 0.97 0.97 0.97
  per-rule acc: 0.98 0.95
Epoch 5820 | Train: Loss=0.0012 Acc=100.0% | Test: Acc=96.7% | Best=97.2%(@5520)
  from x3: 0.95 0.97 0.97 0.97 0.97 0.97 0.97 0.97 0.97 0.97 0.97 0.97 0.97 0.97 0.97 0.97 0.97 0.97 0.97 0.97 0.97 0.97 0.97 0.97 0.97 0.97 0.97 0.97 0.97
  per-rule acc: 0.98 0.95
Epoch 5840 | Train: Loss=0.0069 Acc=100.0% | Test: Acc=94.6% | Best=97.2%(@5520)
  from x3: 0.93 0.95 0.95 0.95 0.95 0.95 0.95 0.95 0.95 0.95 0.95 0.95 0.95 0.95 0.95 0.95 0.95 0.95 0.95 0.95 0.95 0.95 0.95 0.95 0.95 0.95 0.95 0.95 0.95
  per-rule acc: 0.95 0.94
Epoch 5860 | Train: Loss=0.0010 Acc=100.0% | Test: Acc=97.3% | Best=97.3%(@5860)
  from x3: 0.96 0.97 0.97 0.97 0.97 0.97 0.97 0.97 0.97 0.97 0.97 0.97 0.97 0.97 0.97 0.97 0.97 0.97 0.97 0.97 0.97 0.97 0.97 0.97 0.97 0.97 0.97 0.97 0.97
  per-rule acc: 0.99 0.96
Epoch 5880 | Train: Loss=0.0011 Acc=100.0% | Test: Acc=97.1% | Best=97.3%(@5860)
  from x3: 0.96 0.97 0.97 0.97 0.97 0.97 0.97 0.97 0.97 0.97 0.97 0.97 0.97 0.97 0.97 0.97 0.97 0.97 0.97 0.97 0.97 0.97 0.97 0.97 0.97 0.97 0.97 0.97 0.97
  per-rule acc: 0.99 0.95
Epoch 5900 | Train: Loss=0.0012 Acc=100.0% | Test: Acc=97.0% | Best=97.3%(@5860)
  from x3: 0.96 0.97 0.97 0.97 0.97 0.97 0.97 0.97 0.97 0.97 0.97 0.97 0.97 0.97 0.97 0.97 0.97 0.97 0.97 0.97 0.97 0.97 0.97 0.97 0.97 0.97 0.97 0.97 0.97
  per-rule acc: 0.99 0.95
Epoch 5920 | Train: Loss=0.0012 Acc=100.0% | Test: Acc=96.8% | Best=97.3%(@5860)
  from x3: 0.95 0.97 0.97 0.97 0.97 0.97 0.97 0.97 0.97 0.97 0.97 0.97 0.97 0.97 0.97 0.97 0.97 0.97 0.97 0.97 0.97 0.97 0.97 0.97 0.97 0.97 0.97 0.97 0.97
  per-rule acc: 0.98 0.95
Epoch 5940 | Train: Loss=0.0011 Acc=100.0% | Test: Acc=97.0% | Best=97.3%(@5860)
  from x3: 0.96 0.97 0.97 0.97 0.97 0.97 0.97 0.97 0.97 0.97 0.97 0.97 0.97 0.97 0.97 0.97 0.97 0.97 0.97 0.97 0.97 0.97 0.97 0.97 0.97 0.97 0.97 0.97 0.97
  per-rule acc: 0.99 0.95
Epoch 5960 | Train: Loss=0.0012 Acc=100.0% | Test: Acc=97.1% | Best=97.3%(@5860)
  from x3: 0.96 0.97 0.97 0.97 0.97 0.97 0.97 0.97 0.97 0.97 0.97 0.97 0.97 0.97 0.97 0.97 0.97 0.97 0.97 0.97 0.97 0.97 0.97 0.97 0.97 0.97 0.97 0.97 0.97
  per-rule acc: 0.99 0.96
Epoch 5980 | Train: Loss=0.0013 Acc=100.0% | Test: Acc=97.0% | Best=97.3%(@5860)
  from x3: 0.95 0.97 0.97 0.97 0.97 0.97 0.97 0.97 0.97 0.97 0.97 0.97 0.97 0.97 0.97 0.97 0.97 0.97 0.97 0.97 0.97 0.97 0.97 0.97 0.97 0.97 0.97 0.97 0.97
  per-rule acc: 0.99 0.95
Epoch 6000 | Train: Loss=0.0012 Acc=100.0% | Test: Acc=96.9% | Best=97.3%(@5860)
  from x3: 0.95 0.97 0.97 0.97 0.97 0.97 0.97 0.97 0.97 0.97 0.97 0.97 0.97 0.97 0.97 0.97 0.97 0.97 0.97 0.97 0.97 0.97 0.97 0.97 0.97 0.97 0.97 0.97 0.97
  per-rule acc: 0.99 0.95
Epoch 6020 | Train: Loss=0.0012 Acc=100.0% | Test: Acc=96.8% | Best=97.3%(@5860)
  from x3: 0.95 0.97 0.97 0.97 0.97 0.97 0.97 0.97 0.97 0.97 0.97 0.97 0.97 0.97 0.97 0.97 0.97 0.97 0.97 0.97 0.97 0.97 0.97 0.97 0.97 0.97 0.97 0.97 0.97
  per-rule acc: 0.98 0.95
Epoch 6040 | Train: Loss=0.0010 Acc=100.0% | Test: Acc=97.3% | Best=97.3%(@5860)
  from x3: 0.96 0.97 0.97 0.97 0.97 0.97 0.97 0.97 0.97 0.97 0.97 0.97 0.97 0.97 0.97 0.97 0.97 0.97 0.97 0.97 0.97 0.97 0.97 0.97 0.97 0.97 0.97 0.97 0.97
  per-rule acc: 0.99 0.96
Epoch 6060 | Train: Loss=0.0011 Acc=100.0% | Test: Acc=97.0% | Best=97.3%(@5860)
  from x3: 0.96 0.97 0.97 0.97 0.97 0.97 0.97 0.97 0.97 0.97 0.97 0.97 0.97 0.97 0.97 0.97 0.97 0.97 0.97 0.97 0.97 0.97 0.97 0.97 0.97 0.97 0.97 0.97 0.97
  per-rule acc: 0.99 0.95
Epoch 6080 | Train: Loss=0.0012 Acc=100.0% | Test: Acc=97.0% | Best=97.3%(@5860)
  from x3: 0.96 0.97 0.97 0.97 0.97 0.97 0.97 0.97 0.97 0.97 0.97 0.97 0.97 0.97 0.97 0.97 0.97 0.97 0.97 0.97 0.97 0.97 0.97 0.97 0.97 0.97 0.97 0.97 0.97
  per-rule acc: 0.98 0.95
Epoch 6100 | Train: Loss=0.0012 Acc=100.0% | Test: Acc=96.8% | Best=97.3%(@5860)
  from x3: 0.95 0.97 0.97 0.97 0.97 0.97 0.97 0.97 0.97 0.97 0.97 0.97 0.97 0.97 0.97 0.97 0.97 0.97 0.97 0.97 0.97 0.97 0.97 0.97 0.97 0.97 0.97 0.97 0.97
  per-rule acc: 0.98 0.95
Epoch 6120 | Train: Loss=0.0011 Acc=100.0% | Test: Acc=96.8% | Best=97.3%(@5860)
  from x3: 0.95 0.97 0.97 0.97 0.97 0.97 0.97 0.97 0.97 0.97 0.97 0.97 0.97 0.97 0.97 0.97 0.97 0.97 0.97 0.97 0.97 0.97 0.97 0.97 0.97 0.97 0.97 0.97 0.97
  per-rule acc: 0.98 0.95
Epoch 6140 | Train: Loss=0.0009 Acc=100.0% | Test: Acc=97.1% | Best=97.3%(@5860)
  from x3: 0.95 0.97 0.97 0.97 0.97 0.97 0.97 0.97 0.97 0.97 0.97 0.97 0.97 0.97 0.97 0.97 0.97 0.97 0.97 0.97 0.97 0.97 0.97 0.97 0.97 0.97 0.97 0.97 0.97
  per-rule acc: 0.98 0.96
Epoch 6160 | Train: Loss=0.0010 Acc=100.0% | Test: Acc=97.1% | Best=97.3%(@5860)
  from x3: 0.96 0.97 0.97 0.97 0.97 0.97 0.97 0.97 0.97 0.97 0.97 0.97 0.97 0.97 0.97 0.97 0.97 0.97 0.97 0.97 0.97 0.97 0.97 0.97 0.97 0.97 0.97 0.97 0.97
  per-rule acc: 0.99 0.96
Epoch 6180 | Train: Loss=0.0011 Acc=100.0% | Test: Acc=97.1% | Best=97.3%(@5860)
  from x3: 0.96 0.97 0.97 0.97 0.97 0.97 0.97 0.97 0.97 0.97 0.97 0.97 0.97 0.97 0.97 0.97 0.97 0.97 0.97 0.97 0.97 0.97 0.97 0.97 0.97 0.97 0.97 0.97 0.97
  per-rule acc: 0.98 0.96
Epoch 6200 | Train: Loss=0.0012 Acc=100.0% | Test: Acc=96.9% | Best=97.3%(@5860)
  from x3: 0.96 0.97 0.97 0.97 0.97 0.97 0.97 0.97 0.97 0.97 0.97 0.97 0.97 0.97 0.97 0.97 0.97 0.97 0.97 0.97 0.97 0.97 0.97 0.97 0.97 0.97 0.97 0.97 0.97
  per-rule acc: 0.98 0.95
Epoch 6220 | Train: Loss=0.0012 Acc=100.0% | Test: Acc=96.8% | Best=97.3%(@5860)
  from x3: 0.95 0.97 0.97 0.97 0.97 0.97 0.97 0.97 0.97 0.97 0.97 0.97 0.97 0.97 0.97 0.97 0.97 0.97 0.97 0.97 0.97 0.97 0.97 0.97 0.97 0.97 0.97 0.97 0.97
  per-rule acc: 0.98 0.95
Epoch 6240 | Train: Loss=0.0012 Acc=100.0% | Test: Acc=96.8% | Best=97.3%(@5860)
  from x3: 0.95 0.97 0.97 0.97 0.97 0.97 0.97 0.97 0.97 0.97 0.97 0.97 0.97 0.97 0.97 0.97 0.97 0.97 0.97 0.97 0.97 0.97 0.97 0.97 0.97 0.97 0.97 0.97 0.97
  per-rule acc: 0.99 0.95
Epoch 6260 | Train: Loss=0.0011 Acc=100.0% | Test: Acc=96.7% | Best=97.3%(@5860)
  from x3: 0.95 0.97 0.97 0.97 0.97 0.97 0.97 0.97 0.97 0.97 0.97 0.97 0.97 0.97 0.97 0.97 0.97 0.97 0.97 0.97 0.97 0.97 0.97 0.97 0.97 0.97 0.97 0.97 0.97
  per-rule acc: 0.98 0.95
Epoch 6280 | Train: Loss=0.0011 Acc=100.0% | Test: Acc=96.6% | Best=97.3%(@5860)
  from x3: 0.95 0.97 0.97 0.97 0.97 0.97 0.97 0.97 0.97 0.97 0.97 0.97 0.97 0.97 0.97 0.97 0.97 0.97 0.97 0.97 0.97 0.97 0.97 0.97 0.97 0.97 0.97 0.97 0.97
  per-rule acc: 0.98 0.95
Epoch 6300 | Train: Loss=0.0010 Acc=100.0% | Test: Acc=96.6% | Best=97.3%(@5860)
  from x3: 0.95 0.97 0.97 0.97 0.97 0.97 0.97 0.97 0.97 0.97 0.97 0.97 0.97 0.97 0.97 0.97 0.97 0.97 0.97 0.97 0.97 0.97 0.97 0.97 0.97 0.97 0.97 0.97 0.97
  per-rule acc: 0.98 0.95
Epoch 6320 | Train: Loss=0.1131 Acc=99.5% | Test: Acc=88.5% | Best=97.3%(@5860)
  from x3: 0.85 0.89 0.89 0.89 0.89 0.89 0.89 0.89 0.89 0.89 0.89 0.89 0.89 0.89 0.89 0.89 0.89 0.89 0.89 0.89 0.89 0.89 0.89 0.89 0.89 0.89 0.89 0.89 0.89
  per-rule acc: 0.94 0.83
Epoch 6340 | Train: Loss=0.0009 Acc=100.0% | Test: Acc=96.9% | Best=97.3%(@5860)
  from x3: 0.96 0.97 0.97 0.97 0.97 0.97 0.97 0.97 0.97 0.97 0.97 0.97 0.97 0.97 0.97 0.97 0.97 0.97 0.97 0.97 0.97 0.97 0.97 0.97 0.97 0.97 0.97 0.97 0.97
  per-rule acc: 0.99 0.95
Epoch 6360 | Train: Loss=0.0009 Acc=100.0% | Test: Acc=97.0% | Best=97.3%(@5860)
  from x3: 0.96 0.97 0.97 0.97 0.97 0.97 0.97 0.97 0.97 0.97 0.97 0.97 0.97 0.97 0.97 0.97 0.97 0.97 0.97 0.97 0.97 0.97 0.97 0.97 0.97 0.97 0.97 0.97 0.97
  per-rule acc: 0.99 0.95
Epoch 6380 | Train: Loss=0.0010 Acc=100.0% | Test: Acc=97.0% | Best=97.3%(@5860)
  from x3: 0.96 0.97 0.97 0.97 0.97 0.97 0.97 0.97 0.97 0.97 0.97 0.97 0.97 0.97 0.97 0.97 0.97 0.97 0.97 0.97 0.97 0.97 0.97 0.97 0.97 0.97 0.97 0.97 0.97
  per-rule acc: 0.99 0.95
Epoch 6400 | Train: Loss=0.0011 Acc=100.0% | Test: Acc=97.1% | Best=97.3%(@5860)
  from x3: 0.96 0.97 0.97 0.97 0.97 0.97 0.97 0.97 0.97 0.97 0.97 0.97 0.97 0.97 0.97 0.97 0.97 0.97 0.97 0.97 0.97 0.97 0.97 0.97 0.97 0.97 0.97 0.97 0.97
  per-rule acc: 0.99 0.95
Epoch 6420 | Train: Loss=0.0011 Acc=100.0% | Test: Acc=96.8% | Best=97.3%(@5860)
  from x3: 0.96 0.97 0.97 0.97 0.97 0.97 0.97 0.97 0.97 0.97 0.97 0.97 0.97 0.97 0.97 0.97 0.97 0.97 0.97 0.97 0.97 0.97 0.97 0.97 0.97 0.97 0.97 0.97 0.97
  per-rule acc: 0.99 0.95
Epoch 6440 | Train: Loss=0.0011 Acc=100.0% | Test: Acc=97.0% | Best=97.3%(@5860)
  from x3: 0.96 0.97 0.97 0.97 0.97 0.97 0.97 0.97 0.97 0.97 0.97 0.97 0.97 0.97 0.97 0.97 0.97 0.97 0.97 0.97 0.97 0.97 0.97 0.97 0.97 0.97 0.97 0.97 0.97
  per-rule acc: 0.99 0.95
Epoch 6460 | Train: Loss=0.0010 Acc=100.0% | Test: Acc=96.9% | Best=97.3%(@5860)
  from x3: 0.95 0.97 0.97 0.97 0.97 0.97 0.97 0.97 0.97 0.97 0.97 0.97 0.97 0.97 0.97 0.97 0.97 0.97 0.97 0.97 0.97 0.97 0.97 0.97 0.97 0.97 0.97 0.97 0.97
  per-rule acc: 0.99 0.95
Epoch 6480 | Train: Loss=0.0010 Acc=100.0% | Test: Acc=96.8% | Best=97.3%(@5860)
  from x3: 0.95 0.97 0.97 0.97 0.97 0.97 0.97 0.97 0.97 0.97 0.97 0.97 0.97 0.97 0.97 0.97 0.97 0.97 0.97 0.97 0.97 0.97 0.97 0.97 0.97 0.97 0.97 0.97 0.97
  per-rule acc: 0.99 0.95
Epoch 6500 | Train: Loss=0.0009 Acc=100.0% | Test: Acc=96.9% | Best=97.3%(@5860)
  from x3: 0.96 0.97 0.97 0.97 0.97 0.97 0.97 0.97 0.97 0.97 0.97 0.97 0.97 0.97 0.97 0.97 0.97 0.97 0.97 0.97 0.97 0.97 0.97 0.97 0.97 0.97 0.97 0.97 0.97
  per-rule acc: 0.99 0.95
Epoch 6520 | Train: Loss=0.0009 Acc=100.0% | Test: Acc=96.8% | Best=97.3%(@5860)
  from x3: 0.96 0.97 0.97 0.97 0.97 0.97 0.97 0.97 0.97 0.97 0.97 0.97 0.97 0.97 0.97 0.97 0.97 0.97 0.97 0.97 0.97 0.97 0.97 0.97 0.97 0.97 0.97 0.97 0.97
  per-rule acc: 0.99 0.95
Epoch 6540 | Train: Loss=0.0010 Acc=100.0% | Test: Acc=96.9% | Best=97.3%(@5860)
  from x3: 0.96 0.97 0.97 0.97 0.97 0.97 0.97 0.97 0.97 0.97 0.97 0.97 0.97 0.97 0.97 0.97 0.97 0.97 0.97 0.97 0.97 0.97 0.97 0.97 0.97 0.97 0.97 0.97 0.97
  per-rule acc: 0.99 0.95
Epoch 6560 | Train: Loss=0.0010 Acc=100.0% | Test: Acc=96.8% | Best=97.3%(@5860)
  from x3: 0.96 0.97 0.97 0.97 0.97 0.97 0.97 0.97 0.97 0.97 0.97 0.97 0.97 0.97 0.97 0.97 0.97 0.97 0.97 0.97 0.97 0.97 0.97 0.97 0.97 0.97 0.97 0.97 0.97
  per-rule acc: 0.99 0.95
Epoch 6580 | Train: Loss=0.0010 Acc=100.0% | Test: Acc=96.8% | Best=97.3%(@5860)
  from x3: 0.95 0.97 0.97 0.97 0.97 0.97 0.97 0.97 0.97 0.97 0.97 0.97 0.97 0.97 0.97 0.97 0.97 0.97 0.97 0.97 0.97 0.97 0.97 0.97 0.97 0.97 0.97 0.97 0.97
  per-rule acc: 0.99 0.95
Epoch 6600 | Train: Loss=0.0010 Acc=100.0% | Test: Acc=96.8% | Best=97.3%(@5860)
  from x3: 0.95 0.97 0.97 0.97 0.97 0.97 0.97 0.97 0.97 0.97 0.97 0.97 0.97 0.97 0.97 0.97 0.97 0.97 0.97 0.97 0.97 0.97 0.97 0.97 0.97 0.97 0.97 0.97 0.97
  per-rule acc: 0.99 0.95
Epoch 6620 | Train: Loss=0.0010 Acc=100.0% | Test: Acc=96.6% | Best=97.3%(@5860)
  from x3: 0.95 0.97 0.97 0.97 0.97 0.97 0.97 0.97 0.97 0.97 0.97 0.97 0.97 0.97 0.97 0.97 0.97 0.97 0.97 0.97 0.97 0.97 0.97 0.97 0.97 0.97 0.97 0.97 0.97
  per-rule acc: 0.98 0.95
Epoch 6640 | Train: Loss=0.0009 Acc=100.0% | Test: Acc=96.7% | Best=97.3%(@5860)
  from x3: 0.95 0.97 0.97 0.97 0.97 0.97 0.97 0.97 0.97 0.97 0.97 0.97 0.97 0.97 0.97 0.97 0.97 0.97 0.97 0.97 0.97 0.97 0.97 0.97 0.97 0.97 0.97 0.97 0.97
  per-rule acc: 0.98 0.95
Epoch 6660 | Train: Loss=0.0186 Acc=99.9% | Test: Acc=90.7% | Best=97.3%(@5860)
  from x3: 0.87 0.91 0.91 0.91 0.91 0.91 0.91 0.91 0.91 0.91 0.91 0.91 0.91 0.91 0.91 0.91 0.91 0.91 0.91 0.91 0.91 0.91 0.91 0.91 0.91 0.91 0.91 0.91 0.91
  per-rule acc: 0.95 0.87
Epoch 6680 | Train: Loss=0.0009 Acc=100.0% | Test: Acc=96.8% | Best=97.3%(@5860)
  from x3: 0.96 0.97 0.97 0.97 0.97 0.97 0.97 0.97 0.97 0.97 0.97 0.97 0.97 0.97 0.97 0.97 0.97 0.97 0.97 0.97 0.97 0.97 0.97 0.97 0.97 0.97 0.97 0.97 0.97
  per-rule acc: 0.98 0.95
Epoch 6700 | Train: Loss=0.0009 Acc=100.0% | Test: Acc=96.9% | Best=97.3%(@5860)
  from x3: 0.95 0.97 0.97 0.97 0.97 0.97 0.97 0.97 0.97 0.97 0.97 0.97 0.97 0.97 0.97 0.97 0.97 0.97 0.97 0.97 0.97 0.97 0.97 0.97 0.97 0.97 0.97 0.97 0.97
  per-rule acc: 0.99 0.95
Epoch 6720 | Train: Loss=0.0010 Acc=100.0% | Test: Acc=97.0% | Best=97.3%(@5860)
  from x3: 0.95 0.97 0.97 0.97 0.97 0.97 0.97 0.97 0.97 0.97 0.97 0.97 0.97 0.97 0.97 0.97 0.97 0.97 0.97 0.97 0.97 0.97 0.97 0.97 0.97 0.97 0.97 0.97 0.97
  per-rule acc: 0.99 0.95
Epoch 6740 | Train: Loss=0.0010 Acc=100.0% | Test: Acc=96.9% | Best=97.3%(@5860)
  from x3: 0.95 0.97 0.97 0.97 0.97 0.97 0.97 0.97 0.97 0.97 0.97 0.97 0.97 0.97 0.97 0.97 0.97 0.97 0.97 0.97 0.97 0.97 0.97 0.97 0.97 0.97 0.97 0.97 0.97
  per-rule acc: 0.99 0.95
Epoch 6760 | Train: Loss=0.0201 Acc=99.9% | Test: Acc=91.3% | Best=97.3%(@5860)
  from x3: 0.86 0.92 0.91 0.91 0.91 0.91 0.91 0.91 0.91 0.91 0.91 0.91 0.91 0.91 0.91 0.91 0.91 0.91 0.91 0.91 0.91 0.91 0.91 0.91 0.91 0.91 0.91 0.92 0.92
  per-rule acc: 0.94 0.89
Epoch 6780 | Train: Loss=0.0010 Acc=100.0% | Test: Acc=97.1% | Best=97.3%(@5860)
  from x3: 0.96 0.97 0.97 0.97 0.97 0.97 0.97 0.97 0.97 0.97 0.97 0.97 0.97 0.97 0.97 0.97 0.97 0.97 0.97 0.97 0.97 0.97 0.97 0.97 0.97 0.97 0.97 0.97 0.97
  per-rule acc: 0.99 0.96
Epoch 6800 | Train: Loss=0.0010 Acc=100.0% | Test: Acc=96.9% | Best=97.3%(@5860)
  from x3: 0.96 0.97 0.97 0.97 0.97 0.97 0.97 0.97 0.97 0.97 0.97 0.97 0.97 0.97 0.97 0.97 0.97 0.97 0.97 0.97 0.97 0.97 0.97 0.97 0.97 0.97 0.97 0.97 0.97
  per-rule acc: 0.98 0.95
Epoch 6820 | Train: Loss=0.0011 Acc=100.0% | Test: Acc=97.0% | Best=97.3%(@5860)
  from x3: 0.96 0.97 0.97 0.97 0.97 0.97 0.97 0.97 0.97 0.97 0.97 0.97 0.97 0.97 0.97 0.97 0.97 0.97 0.97 0.97 0.97 0.97 0.97 0.97 0.97 0.97 0.97 0.97 0.97
  per-rule acc: 0.98 0.96
Epoch 6840 | Train: Loss=0.0011 Acc=100.0% | Test: Acc=96.9% | Best=97.3%(@5860)
  from x3: 0.95 0.97 0.97 0.97 0.97 0.97 0.97 0.97 0.97 0.97 0.97 0.97 0.97 0.97 0.97 0.97 0.97 0.97 0.97 0.97 0.97 0.97 0.97 0.97 0.97 0.97 0.97 0.97 0.97
  per-rule acc: 0.98 0.95
Epoch 6860 | Train: Loss=0.0011 Acc=100.0% | Test: Acc=96.8% | Best=97.3%(@5860)
  from x3: 0.96 0.97 0.97 0.97 0.97 0.97 0.97 0.97 0.97 0.97 0.97 0.97 0.97 0.97 0.97 0.97 0.97 0.97 0.97 0.97 0.97 0.97 0.97 0.97 0.97 0.97 0.97 0.97 0.97
  per-rule acc: 0.99 0.95
Epoch 6880 | Train: Loss=0.0010 Acc=100.0% | Test: Acc=96.7% | Best=97.3%(@5860)
  from x3: 0.96 0.97 0.97 0.97 0.97 0.97 0.97 0.97 0.97 0.97 0.97 0.97 0.97 0.97 0.97 0.97 0.97 0.97 0.97 0.97 0.97 0.97 0.97 0.97 0.97 0.97 0.97 0.97 0.97
  per-rule acc: 0.99 0.95
Epoch 6900 | Train: Loss=0.0010 Acc=100.0% | Test: Acc=97.0% | Best=97.3%(@5860)
  from x3: 0.96 0.97 0.97 0.97 0.97 0.97 0.97 0.97 0.97 0.97 0.97 0.97 0.97 0.97 0.97 0.97 0.97 0.97 0.97 0.97 0.97 0.97 0.97 0.97 0.97 0.97 0.97 0.97 0.97
  per-rule acc: 0.98 0.95
Epoch 6920 | Train: Loss=0.0009 Acc=100.0% | Test: Acc=96.9% | Best=97.3%(@5860)
  from x3: 0.96 0.97 0.97 0.97 0.97 0.97 0.97 0.97 0.97 0.97 0.97 0.97 0.97 0.97 0.97 0.97 0.97 0.97 0.97 0.97 0.97 0.97 0.97 0.97 0.97 0.97 0.97 0.97 0.97
  per-rule acc: 0.98 0.95
Epoch 6940 | Train: Loss=0.0010 Acc=100.0% | Test: Acc=96.9% | Best=97.3%(@5860)
  from x3: 0.96 0.97 0.97 0.97 0.97 0.97 0.97 0.97 0.97 0.97 0.97 0.97 0.97 0.97 0.97 0.97 0.97 0.97 0.97 0.97 0.97 0.97 0.97 0.97 0.97 0.97 0.97 0.97 0.97
  per-rule acc: 0.98 0.96
Epoch 6960 | Train: Loss=0.0010 Acc=100.0% | Test: Acc=96.9% | Best=97.3%(@5860)
  from x3: 0.96 0.97 0.97 0.97 0.97 0.97 0.97 0.97 0.97 0.97 0.97 0.97 0.97 0.97 0.97 0.97 0.97 0.97 0.97 0.97 0.97 0.97 0.97 0.97 0.97 0.97 0.97 0.97 0.97
  per-rule acc: 0.98 0.95
Epoch 6980 | Train: Loss=0.0010 Acc=100.0% | Test: Acc=96.8% | Best=97.3%(@5860)
  from x3: 0.95 0.97 0.97 0.97 0.97 0.97 0.97 0.97 0.97 0.97 0.97 0.97 0.97 0.97 0.97 0.97 0.97 0.97 0.97 0.97 0.97 0.97 0.97 0.97 0.97 0.97 0.97 0.97 0.97
  per-rule acc: 0.98 0.95
Epoch 7000 | Train: Loss=0.0010 Acc=100.0% | Test: Acc=96.8% | Best=97.3%(@5860)
  from x3: 0.95 0.97 0.97 0.97 0.97 0.97 0.97 0.97 0.97 0.97 0.97 0.97 0.97 0.97 0.97 0.97 0.97 0.97 0.97 0.97 0.97 0.97 0.97 0.97 0.97 0.97 0.97 0.97 0.97
  per-rule acc: 0.99 0.95
Epoch 7020 | Train: Loss=0.0010 Acc=100.0% | Test: Acc=96.9% | Best=97.3%(@5860)
  from x3: 0.96 0.97 0.97 0.97 0.97 0.97 0.97 0.97 0.97 0.97 0.97 0.97 0.97 0.97 0.97 0.97 0.97 0.97 0.97 0.97 0.97 0.97 0.97 0.97 0.97 0.97 0.97 0.97 0.97
  per-rule acc: 0.99 0.95
Epoch 7040 | Train: Loss=0.0010 Acc=100.0% | Test: Acc=96.8% | Best=97.3%(@5860)
  from x3: 0.96 0.97 0.97 0.97 0.97 0.97 0.97 0.97 0.97 0.97 0.97 0.97 0.97 0.97 0.97 0.97 0.97 0.97 0.97 0.97 0.97 0.97 0.97 0.97 0.97 0.97 0.97 0.97 0.97
  per-rule acc: 0.98 0.95
Epoch 7060 | Train: Loss=0.0010 Acc=100.0% | Test: Acc=97.0% | Best=97.3%(@5860)
  from x3: 0.96 0.97 0.97 0.97 0.97 0.97 0.97 0.97 0.97 0.97 0.97 0.97 0.97 0.97 0.97 0.97 0.97 0.97 0.97 0.97 0.97 0.97 0.97 0.97 0.97 0.97 0.97 0.97 0.97
  per-rule acc: 0.98 0.96
Epoch 7080 | Train: Loss=0.0010 Acc=100.0% | Test: Acc=96.9% | Best=97.3%(@5860)
  from x3: 0.95 0.97 0.97 0.97 0.97 0.97 0.97 0.97 0.97 0.97 0.97 0.97 0.97 0.97 0.97 0.97 0.97 0.97 0.97 0.97 0.97 0.97 0.97 0.97 0.97 0.97 0.97 0.97 0.97
  per-rule acc: 0.98 0.95
Epoch 7100 | Train: Loss=0.0010 Acc=100.0% | Test: Acc=96.8% | Best=97.3%(@5860)
  from x3: 0.95 0.97 0.97 0.97 0.97 0.97 0.97 0.97 0.97 0.97 0.97 0.97 0.97 0.97 0.97 0.97 0.97 0.97 0.97 0.97 0.97 0.97 0.97 0.97 0.97 0.97 0.97 0.97 0.97
  per-rule acc: 0.99 0.95
Epoch 7120 | Train: Loss=0.0010 Acc=100.0% | Test: Acc=96.7% | Best=97.3%(@5860)
  from x3: 0.95 0.97 0.97 0.97 0.97 0.97 0.97 0.97 0.97 0.97 0.97 0.97 0.97 0.97 0.97 0.97 0.97 0.97 0.97 0.97 0.97 0.97 0.97 0.97 0.97 0.97 0.97 0.97 0.97
  per-rule acc: 0.99 0.95
Epoch 7140 | Train: Loss=0.0010 Acc=100.0% | Test: Acc=96.6% | Best=97.3%(@5860)
  from x3: 0.95 0.97 0.97 0.97 0.97 0.97 0.97 0.97 0.97 0.97 0.97 0.97 0.97 0.97 0.97 0.97 0.97 0.97 0.97 0.97 0.97 0.97 0.97 0.97 0.97 0.97 0.97 0.97 0.97
  per-rule acc: 0.98 0.95
Epoch 7160 | Train: Loss=0.0009 Acc=100.0% | Test: Acc=96.6% | Best=97.3%(@5860)
  from x3: 0.95 0.97 0.97 0.97 0.97 0.97 0.97 0.97 0.97 0.97 0.97 0.97 0.97 0.97 0.97 0.97 0.97 0.97 0.97 0.97 0.97 0.97 0.97 0.97 0.97 0.97 0.97 0.97 0.97
  per-rule acc: 0.99 0.95
Epoch 7180 | Train: Loss=0.0009 Acc=100.0% | Test: Acc=96.5% | Best=97.3%(@5860)
  from x3: 0.95 0.97 0.97 0.97 0.97 0.97 0.97 0.97 0.97 0.97 0.97 0.97 0.97 0.97 0.97 0.97 0.97 0.97 0.97 0.97 0.97 0.97 0.97 0.97 0.97 0.97 0.97 0.97 0.97
  per-rule acc: 0.99 0.94
Epoch 7200 | Train: Loss=0.0010 Acc=100.0% | Test: Acc=96.8% | Best=97.3%(@5860)
  from x3: 0.96 0.97 0.97 0.97 0.97 0.97 0.97 0.97 0.97 0.97 0.97 0.97 0.97 0.97 0.97 0.97 0.97 0.97 0.97 0.97 0.97 0.97 0.97 0.97 0.97 0.97 0.97 0.97 0.97
  per-rule acc: 0.98 0.96
Epoch 7220 | Train: Loss=0.0009 Acc=100.0% | Test: Acc=97.0% | Best=97.3%(@5860)
  from x3: 0.96 0.97 0.97 0.97 0.97 0.97 0.97 0.97 0.97 0.97 0.97 0.97 0.97 0.97 0.97 0.97 0.97 0.97 0.97 0.97 0.97 0.97 0.97 0.97 0.97 0.97 0.97 0.97 0.97
  per-rule acc: 0.99 0.95
Epoch 7240 | Train: Loss=0.0009 Acc=100.0% | Test: Acc=96.9% | Best=97.3%(@5860)
  from x3: 0.95 0.97 0.97 0.97 0.97 0.97 0.97 0.97 0.97 0.97 0.97 0.97 0.97 0.97 0.97 0.97 0.97 0.97 0.97 0.97 0.97 0.97 0.97 0.97 0.97 0.97 0.97 0.97 0.97
  per-rule acc: 0.99 0.95
Epoch 7260 | Train: Loss=0.0009 Acc=100.0% | Test: Acc=96.9% | Best=97.3%(@5860)
  from x3: 0.96 0.97 0.97 0.97 0.97 0.97 0.97 0.97 0.97 0.97 0.97 0.97 0.97 0.97 0.97 0.97 0.97 0.97 0.97 0.97 0.97 0.97 0.97 0.97 0.97 0.97 0.97 0.97 0.97
  per-rule acc: 0.99 0.95
Epoch 7280 | Train: Loss=0.0010 Acc=100.0% | Test: Acc=96.8% | Best=97.3%(@5860)
  from x3: 0.95 0.97 0.97 0.97 0.97 0.97 0.97 0.97 0.97 0.97 0.97 0.97 0.97 0.97 0.97 0.97 0.97 0.97 0.97 0.97 0.97 0.97 0.97 0.97 0.97 0.97 0.97 0.97 0.97
  per-rule acc: 0.99 0.95
Epoch 7300 | Train: Loss=0.0010 Acc=100.0% | Test: Acc=96.8% | Best=97.3%(@5860)
  from x3: 0.95 0.97 0.97 0.97 0.97 0.97 0.97 0.97 0.97 0.97 0.97 0.97 0.97 0.97 0.97 0.97 0.97 0.97 0.97 0.97 0.97 0.97 0.97 0.97 0.97 0.97 0.97 0.97 0.97
  per-rule acc: 0.99 0.95
Epoch 7320 | Train: Loss=0.0009 Acc=100.0% | Test: Acc=96.6% | Best=97.3%(@5860)
  from x3: 0.95 0.97 0.97 0.97 0.97 0.97 0.97 0.97 0.97 0.97 0.97 0.97 0.97 0.97 0.97 0.97 0.97 0.97 0.97 0.97 0.97 0.97 0.97 0.97 0.97 0.97 0.97 0.97 0.97
  per-rule acc: 0.99 0.95
Epoch 7340 | Train: Loss=0.0009 Acc=100.0% | Test: Acc=96.6% | Best=97.3%(@5860)
  from x3: 0.95 0.97 0.97 0.97 0.97 0.97 0.97 0.97 0.97 0.97 0.97 0.97 0.97 0.97 0.97 0.97 0.97 0.97 0.97 0.97 0.97 0.97 0.97 0.97 0.97 0.97 0.97 0.97 0.97
  per-rule acc: 0.99 0.95
Epoch 7360 | Train: Loss=0.0009 Acc=100.0% | Test: Acc=96.6% | Best=97.3%(@5860)
  from x3: 0.95 0.97 0.97 0.97 0.97 0.97 0.97 0.97 0.97 0.97 0.97 0.97 0.97 0.97 0.97 0.97 0.97 0.97 0.97 0.97 0.97 0.97 0.97 0.97 0.97 0.97 0.97 0.97 0.97
  per-rule acc: 0.99 0.95
Epoch 7380 | Train: Loss=0.0009 Acc=100.0% | Test: Acc=96.5% | Best=97.3%(@5860)
  from x3: 0.95 0.97 0.97 0.97 0.97 0.97 0.97 0.97 0.97 0.97 0.97 0.97 0.97 0.97 0.97 0.97 0.97 0.97 0.97 0.97 0.97 0.97 0.97 0.97 0.97 0.97 0.97 0.97 0.97
  per-rule acc: 0.99 0.94
Epoch 7400 | Train: Loss=0.0008 Acc=100.0% | Test: Acc=96.4% | Best=97.3%(@5860)
  from x3: 0.95 0.96 0.96 0.96 0.96 0.96 0.96 0.96 0.96 0.96 0.96 0.96 0.96 0.96 0.96 0.96 0.96 0.96 0.96 0.96 0.96 0.96 0.96 0.96 0.96 0.96 0.96 0.96 0.96
  per-rule acc: 0.99 0.94
Epoch 7420 | Train: Loss=0.0008 Acc=100.0% | Test: Acc=96.6% | Best=97.3%(@5860)
  from x3: 0.95 0.97 0.97 0.97 0.97 0.97 0.97 0.97 0.97 0.97 0.97 0.97 0.97 0.97 0.97 0.97 0.97 0.97 0.97 0.97 0.97 0.97 0.97 0.97 0.97 0.97 0.97 0.97 0.97
  per-rule acc: 0.98 0.95
Epoch 7440 | Train: Loss=0.0008 Acc=100.0% | Test: Acc=96.5% | Best=97.3%(@5860)
  from x3: 0.95 0.97 0.97 0.97 0.97 0.97 0.97 0.97 0.97 0.97 0.97 0.97 0.97 0.97 0.97 0.97 0.97 0.97 0.97 0.97 0.97 0.97 0.97 0.97 0.97 0.97 0.97 0.97 0.97
  per-rule acc: 0.99 0.95
Epoch 7460 | Train: Loss=0.0009 Acc=100.0% | Test: Acc=96.7% | Best=97.3%(@5860)
  from x3: 0.95 0.97 0.97 0.97 0.97 0.97 0.97 0.97 0.97 0.97 0.97 0.97 0.97 0.97 0.97 0.97 0.97 0.97 0.97 0.97 0.97 0.97 0.97 0.97 0.97 0.97 0.97 0.97 0.97
  per-rule acc: 0.99 0.95
Epoch 7480 | Train: Loss=0.0009 Acc=100.0% | Test: Acc=96.7% | Best=97.3%(@5860)
  from x3: 0.95 0.97 0.97 0.97 0.97 0.97 0.97 0.97 0.97 0.97 0.97 0.97 0.97 0.97 0.97 0.97 0.97 0.97 0.97 0.97 0.97 0.97 0.97 0.97 0.97 0.97 0.97 0.97 0.97
  per-rule acc: 0.98 0.95
Epoch 7500 | Train: Loss=0.0009 Acc=100.0% | Test: Acc=96.7% | Best=97.3%(@5860)
  from x3: 0.95 0.97 0.97 0.97 0.97 0.97 0.97 0.97 0.97 0.97 0.97 0.97 0.97 0.97 0.97 0.97 0.97 0.97 0.97 0.97 0.97 0.97 0.97 0.97 0.97 0.97 0.97 0.97 0.97
  per-rule acc: 0.98 0.95
Epoch 7520 | Train: Loss=0.0009 Acc=100.0% | Test: Acc=96.7% | Best=97.3%(@5860)
  from x3: 0.96 0.97 0.97 0.97 0.97 0.97 0.97 0.97 0.97 0.97 0.97 0.97 0.97 0.97 0.97 0.97 0.97 0.97 0.97 0.97 0.97 0.97 0.97 0.97 0.97 0.97 0.97 0.97 0.97
  per-rule acc: 0.98 0.95
Epoch 7540 | Train: Loss=0.0009 Acc=100.0% | Test: Acc=96.7% | Best=97.3%(@5860)
  from x3: 0.95 0.97 0.97 0.97 0.97 0.97 0.97 0.97 0.97 0.97 0.97 0.97 0.97 0.97 0.97 0.97 0.97 0.97 0.97 0.97 0.97 0.97 0.97 0.97 0.97 0.97 0.97 0.97 0.97
  per-rule acc: 0.99 0.95
Epoch 7560 | Train: Loss=0.0009 Acc=100.0% | Test: Acc=96.6% | Best=97.3%(@5860)
  from x3: 0.95 0.97 0.97 0.97 0.97 0.97 0.97 0.97 0.97 0.97 0.97 0.97 0.97 0.97 0.97 0.97 0.97 0.97 0.97 0.97 0.97 0.97 0.97 0.97 0.97 0.97 0.97 0.97 0.97
  per-rule acc: 0.99 0.95
Epoch 7580 | Train: Loss=0.0009 Acc=100.0% | Test: Acc=96.5% | Best=97.3%(@5860)
  from x3: 0.95 0.97 0.97 0.97 0.97 0.97 0.97 0.97 0.97 0.97 0.97 0.97 0.97 0.97 0.97 0.97 0.97 0.97 0.97 0.97 0.97 0.97 0.97 0.97 0.97 0.97 0.97 0.97 0.97
  per-rule acc: 0.99 0.94
Epoch 7600 | Train: Loss=0.0008 Acc=100.0% | Test: Acc=96.5% | Best=97.3%(@5860)
  from x3: 0.95 0.96 0.97 0.97 0.97 0.97 0.97 0.97 0.97 0.97 0.97 0.97 0.97 0.97 0.97 0.97 0.97 0.97 0.97 0.97 0.97 0.97 0.97 0.97 0.97 0.97 0.97 0.97 0.97
  per-rule acc: 0.99 0.94
Epoch 7620 | Train: Loss=0.0008 Acc=100.0% | Test: Acc=96.5% | Best=97.3%(@5860)
  from x3: 0.95 0.96 0.97 0.97 0.97 0.97 0.97 0.97 0.97 0.97 0.97 0.97 0.97 0.97 0.97 0.97 0.97 0.97 0.97 0.97 0.97 0.97 0.97 0.97 0.97 0.97 0.97 0.97 0.97
  per-rule acc: 0.99 0.94
Epoch 7640 | Train: Loss=0.0011 Acc=100.0% | Test: Acc=96.3% | Best=97.3%(@5860)
  from x3: 0.95 0.96 0.96 0.96 0.96 0.96 0.96 0.96 0.96 0.96 0.96 0.96 0.96 0.96 0.96 0.96 0.96 0.96 0.96 0.96 0.96 0.96 0.96 0.96 0.96 0.96 0.96 0.96 0.96
  per-rule acc: 0.98 0.95
Epoch 7660 | Train: Loss=0.0008 Acc=100.0% | Test: Acc=96.6% | Best=97.3%(@5860)
  from x3: 0.96 0.97 0.97 0.97 0.97 0.97 0.97 0.97 0.97 0.97 0.97 0.97 0.97 0.97 0.97 0.97 0.97 0.97 0.97 0.97 0.97 0.97 0.97 0.97 0.97 0.97 0.97 0.97 0.97
  per-rule acc: 0.98 0.95
Epoch 7680 | Train: Loss=0.0008 Acc=100.0% | Test: Acc=96.5% | Best=97.3%(@5860)
  from x3: 0.96 0.97 0.97 0.97 0.97 0.97 0.97 0.97 0.97 0.97 0.97 0.97 0.97 0.97 0.97 0.97 0.97 0.97 0.97 0.97 0.97 0.97 0.97 0.97 0.97 0.97 0.97 0.97 0.97
  per-rule acc: 0.98 0.95
Epoch 7700 | Train: Loss=0.0008 Acc=100.0% | Test: Acc=96.5% | Best=97.3%(@5860)
  from x3: 0.95 0.97 0.97 0.97 0.97 0.97 0.97 0.97 0.97 0.97 0.97 0.97 0.97 0.97 0.97 0.97 0.97 0.97 0.97 0.97 0.97 0.97 0.97 0.97 0.97 0.97 0.97 0.97 0.97
  per-rule acc: 0.98 0.95
Epoch 7720 | Train: Loss=0.0009 Acc=100.0% | Test: Acc=96.6% | Best=97.3%(@5860)
  from x3: 0.95 0.97 0.97 0.97 0.97 0.97 0.97 0.97 0.97 0.97 0.97 0.97 0.97 0.97 0.97 0.97 0.97 0.97 0.97 0.97 0.97 0.97 0.97 0.97 0.97 0.97 0.97 0.97 0.97
  per-rule acc: 0.98 0.95
Epoch 7740 | Train: Loss=0.0042 Acc=99.9% | Test: Acc=93.5% | Best=97.3%(@5860)
  from x3: 0.90 0.94 0.94 0.94 0.94 0.94 0.94 0.94 0.94 0.94 0.94 0.94 0.94 0.94 0.94 0.94 0.94 0.94 0.94 0.94 0.94 0.94 0.94 0.94 0.94 0.94 0.94 0.94 0.94
  per-rule acc: 0.97 0.90
Epoch 7760 | Train: Loss=0.0009 Acc=100.0% | Test: Acc=96.7% | Best=97.3%(@5860)
  from x3: 0.95 0.97 0.97 0.97 0.97 0.97 0.97 0.97 0.97 0.97 0.97 0.97 0.97 0.97 0.97 0.97 0.97 0.97 0.97 0.97 0.97 0.97 0.97 0.97 0.97 0.97 0.97 0.97 0.97
  per-rule acc: 0.98 0.95
Epoch 7780 | Train: Loss=0.0009 Acc=100.0% | Test: Acc=96.7% | Best=97.3%(@5860)
  from x3: 0.95 0.97 0.97 0.97 0.97 0.97 0.97 0.97 0.97 0.97 0.97 0.97 0.97 0.97 0.97 0.97 0.97 0.97 0.97 0.97 0.97 0.97 0.97 0.97 0.97 0.97 0.97 0.97 0.97
  per-rule acc: 0.98 0.95
Epoch 7800 | Train: Loss=0.0009 Acc=100.0% | Test: Acc=96.7% | Best=97.3%(@5860)
  from x3: 0.95 0.97 0.97 0.97 0.97 0.97 0.97 0.97 0.97 0.97 0.97 0.97 0.97 0.97 0.97 0.97 0.97 0.97 0.97 0.97 0.97 0.97 0.97 0.97 0.97 0.97 0.97 0.97 0.97
  per-rule acc: 0.98 0.95
Epoch 7820 | Train: Loss=0.0009 Acc=100.0% | Test: Acc=96.5% | Best=97.3%(@5860)
  from x3: 0.95 0.97 0.97 0.97 0.97 0.97 0.97 0.97 0.97 0.97 0.97 0.97 0.97 0.97 0.97 0.97 0.97 0.97 0.97 0.97 0.97 0.97 0.97 0.97 0.97 0.97 0.97 0.97 0.97
  per-rule acc: 0.98 0.95
Epoch 7840 | Train: Loss=0.0009 Acc=100.0% | Test: Acc=96.5% | Best=97.3%(@5860)
  from x3: 0.95 0.97 0.97 0.97 0.97 0.97 0.97 0.97 0.97 0.97 0.97 0.97 0.97 0.97 0.97 0.97 0.97 0.97 0.97 0.97 0.97 0.97 0.97 0.97 0.97 0.97 0.97 0.97 0.97
  per-rule acc: 0.98 0.95
Epoch 7860 | Train: Loss=0.0009 Acc=100.0% | Test: Acc=96.6% | Best=97.3%(@5860)
  from x3: 0.95 0.97 0.97 0.97 0.97 0.97 0.97 0.97 0.97 0.97 0.97 0.97 0.97 0.97 0.97 0.97 0.97 0.97 0.97 0.97 0.97 0.97 0.97 0.97 0.97 0.97 0.97 0.97 0.97
  per-rule acc: 0.99 0.95
[Early stop] No improvement for 2000 consecutive epochs

==================================================
Saving model...
[OK] Model saved to: /home/cxm/ai/test0625-basic2/models/mixed_basic_d1024l2_r8_t32.pth
  File size: 166310.3 KB
  Best test accuracy: 97.25%

==================================================
Final generation test (given first two items, AB generates 3rd as prompt, validate from 4th)
==================================================

--- AB pair 1: (1, 1) ---

--- Statistics for AB=(1,1) ---
Exposed    samples:  1405 | In-dist: 40484/40745 ( 99.4%) | OOD: 44681/44960 ( 99.4%)
Unexposed  samples:  1404 | In-dist: 34306/40716 ( 84.3%) | OOD: 29627/44928 ( 65.9%)

--- AB pair 2: (1, 2) ---

--- Statistics for AB=(1,2) ---
Exposed    samples:  1405 | In-dist: 40549/40745 ( 99.5%) | OOD: 44743/44960 ( 99.5%)
Unexposed  samples:  1404 | In-dist: 23827/40716 ( 58.5%) | OOD: 11505/44928 ( 25.6%)

--- Return code: 0 ---

======================================================================
Attention Analysis
======================================================================
Model config: addition (default), p=53
Best test accuracy: 0.9725415070242657
Training epochs: 7860

Random test sequence 1/5 (length 64): [38, 52, 37, 36, 20, 3, 23, 26, 49, 22, 18, 40, 5, 45, 50, 42, 39, 28, 14, 42]...

======================================================================
Attention Layer Training Result Summary
======================================================================
Input sequence: [38, 52, 37, 36, 20, 3, 23, 26, 49, 22, 18, 40, 5, 45, 50, 42, 39, 28, 14, 42, 3, 45, 48, 40, 35, 22, 4, 26, 30, 3, 33, 36, 16, 52, 15, 14, 29, 43, 19, 9, 28, 37, 12, 49, 8, 4, 12, 16, 28, 44, 19, 10, 29, 39, 15, 1, 16, 17, 33, 50, 30, 27, 4, 31]

--- Layer 0 ---
  Head 0: Entropy=0.313
    Attention coefficients from each query position to previous positions:
      i= 0 -> j=0:1.000
      i= 1 -> j=0:0.943, j=1:0.057
      i= 2 -> j=0:0.017, j=1:0.911, j=2:0.072
      i= 3 -> j=0:0.000, j=1:0.018, j=2:0.934, j=3:0.048
      i= 4 -> j=0:0.000, j=1:0.000, j=2:0.029, j=3:0.917, j=4:0.054
      i= 5 -> j=0:0.000, j=1:0.000, j=2:0.000, j=3:0.018, j=4:0.903, j=5:0.079
      i= 6 -> j=0:0.000, j=1:0.000, j=2:0.000, j=3:0.000, j=4:0.020, j=5:0.920, j=6:0.060
      i= 7 -> j=0:0.000, j=1:0.000, j=2:0.000, j=3:0.000, j=4:0.000, j=5:0.014, j=6:0.936, j=7:0.050
      i= 8 -> j=0:0.000, j=1:0.000, j=2:0.000, j=3:0.000, j=4:0.000, j=5:0.000, j=6:0.019, j=7:0.920, j=8:0.061
      i= 9 -> j=0:0.000, j=1:0.000, j=2:0.000, j=3:0.000, j=4:0.000, j=5:0.000, j=6:0.000, j=7:0.020, j=8:0.933, j=9:0.047
      i=10 -> j=0:0.000, j=1:0.000, j=2:0.000, j=3:0.000, j=4:0.000, j=5:0.000, j=6:0.000, j=7:0.000, j=8:0.016, j=9:0.941, j=10:0.043
      i=11 -> j=0:0.000, j=1:0.000, j=2:0.000, j=3:0.000, j=4:0.000, j=5:0.000, j=6:0.000, j=7:0.000, j=8:0.000, j=9:0.027, j=10:0.908, j=11:0.064
      i=12 -> j=0:0.000, j=1:0.000, j=2:0.000, j=3:0.000, j=4:0.000, j=5:0.000, j=6:0.000, j=7:0.000, j=8:0.000, j=9:0.000, j=10:0.018, j=11:0.921, j=12:0.060
      i=13 -> j=0:0.000, j=1:0.000, j=2:0.000, j=3:0.000, j=4:0.000, j=5:0.000, j=6:0.000, j=7:0.000, j=8:0.000, j=9:0.000, j=10:0.000, j=11:0.019, j=12:0.925, j=13:0.056
      i=14 -> j=0:0.000, j=1:0.000, j=2:0.000, j=3:0.000, j=4:0.000, j=5:0.000, j=6:0.000, j=7:0.000, j=8:0.000, j=9:0.000, j=10:0.000, j=11:0.000, j=12:0.023, j=13:0.901, j=14:0.076
      i=15 -> j=0:0.000, j=1:0.000, j=2:0.000, j=3:0.000, j=4:0.000, j=5:0.000, j=6:0.000, j=7:0.000, j=8:0.000, j=9:0.000, j=10:0.000, j=11:0.000, j=12:0.000, j=13:0.020, j=14:0.926, j=15:0.055
      i=16 -> j=0:0.000, j=1:0.000, j=2:0.000, j=3:0.000, j=4:0.000, j=5:0.000, j=6:0.000, j=7:0.000, j=8:0.000, j=9:0.000, j=10:0.000, j=11:0.000, j=12:0.000, j=13:0.000, j=14:0.011, j=15:0.942, j=16:0.047
      i=17 -> j=0:0.000, j=1:0.000, j=2:0.000, j=3:0.000, j=4:0.000, j=5:0.000, j=6:0.000, j=7:0.000, j=8:0.000, j=9:0.000, j=10:0.000, j=11:0.000, j=12:0.000, j=13:0.000, j=14:0.000, j=15:0.030, j=16:0.901, j=17:0.069
      i=18 -> j=0:0.000, j=1:0.000, j=2:0.000, j=3:0.000, j=4:0.000, j=5:0.000, j=6:0.000, j=7:0.000, j=8:0.000, j=9:0.000, j=10:0.000, j=11:0.000, j=12:0.000, j=13:0.000, j=14:0.000, j=15:0.000, j=16:0.017, j=17:0.907, j=18:0.075
      i=19 -> j=0:0.000, j=1:0.000, j=2:0.000, j=3:0.000, j=4:0.000, j=5:0.000, j=6:0.000, j=7:0.000, j=8:0.000, j=9:0.000, j=10:0.000, j=11:0.000, j=12:0.000, j=13:0.000, j=14:0.000, j=15:0.000, j=16:0.000, j=17:0.016, j=18:0.931, j=19:0.053
      i=20 -> j=0:0.000, j=1:0.000, j=2:0.000, j=3:0.000, j=4:0.000, j=5:0.000, j=6:0.000, j=7:0.000, j=8:0.000, j=9:0.000, j=10:0.000, j=11:0.000, j=12:0.000, j=13:0.000, j=14:0.000, j=15:0.000, j=16:0.000, j=17:0.000, j=18:0.015, j=19:0.924, j=20:0.061
      i=21 -> j=0:0.000, j=1:0.000, j=2:0.000, j=3:0.000, j=4:0.000, j=5:0.000, j=6:0.000, j=7:0.000, j=8:0.000, j=9:0.000, j=10:0.000, j=11:0.000, j=12:0.000, j=13:0.000, j=14:0.000, j=15:0.000, j=16:0.000, j=17:0.000, j=18:0.000, j=19:0.026, j=20:0.923, j=21:0.051
      i=22 -> j=0:0.000, j=1:0.000, j=2:0.000, j=3:0.000, j=4:0.000, j=5:0.000, j=6:0.000, j=7:0.000, j=8:0.000, j=9:0.000, j=10:0.000, j=11:0.000, j=12:0.000, j=13:0.000, j=14:0.000, j=15:0.000, j=16:0.000, j=17:0.000, j=18:0.000, j=19:0.000, j=20:0.017, j=21:0.916, j=22:0.067
      i=23 -> j=0:0.000, j=1:0.000, j=2:0.000, j=3:0.000, j=4:0.000, j=5:0.000, j=6:0.000, j=7:0.000, j=8:0.000, j=9:0.000, j=10:0.000, j=11:0.000, j=12:0.000, j=13:0.000, j=14:0.000, j=15:0.000, j=16:0.000, j=17:0.000, j=18:0.000, j=19:0.000, j=20:0.000, j=21:0.016, j=22:0.935, j=23:0.049
      i=24 -> j=0:0.000, j=1:0.000, j=2:0.000, j=3:0.000, j=4:0.000, j=5:0.000, j=6:0.000, j=7:0.000, j=8:0.000, j=9:0.000, j=10:0.000, j=11:0.000, j=12:0.000, j=13:0.000, j=14:0.000, j=15:0.000, j=16:0.000, j=17:0.000, j=18:0.000, j=19:0.000, j=20:0.000, j=21:0.000, j=22:0.021, j=23:0.932, j=24:0.047
      i=25 -> j=0:0.000, j=1:0.000, j=2:0.000, j=3:0.000, j=4:0.000, j=5:0.000, j=6:0.000, j=7:0.000, j=8:0.000, j=9:0.000, j=10:0.000, j=11:0.000, j=12:0.000, j=13:0.000, j=14:0.000, j=15:0.000, j=16:0.000, j=17:0.000, j=18:0.000, j=19:0.000, j=20:0.000, j=21:0.000, j=22:0.000, j=23:0.021, j=24:0.923, j=25:0.056
      i=26 -> j=0:0.000, j=1:0.000, j=2:0.000, j=3:0.000, j=4:0.000, j=5:0.000, j=6:0.000, j=7:0.000, j=8:0.000, j=9:0.000, j=10:0.000, j=11:0.000, j=12:0.000, j=13:0.000, j=14:0.000, j=15:0.000, j=16:0.000, j=17:0.000, j=18:0.000, j=19:0.000, j=20:0.000, j=21:0.000, j=22:0.000, j=23:0.000, j=24:0.018, j=25:0.922, j=26:0.060
      i=27 -> j=0:0.000, j=1:0.000, j=2:0.000, j=3:0.000, j=4:0.000, j=5:0.000, j=6:0.000, j=7:0.000, j=8:0.000, j=9:0.000, j=10:0.000, j=11:0.000, j=12:0.000, j=13:0.000, j=14:0.000, j=15:0.000, j=16:0.000, j=17:0.000, j=18:0.000, j=19:0.000, j=20:0.000, j=21:0.000, j=22:0.000, j=23:0.000, j=24:0.000, j=25:0.022, j=26:0.924, j=27:0.054
      i=28 -> j=0:0.000, j=1:0.000, j=2:0.000, j=3:0.000, j=4:0.000, j=5:0.000, j=6:0.000, j=7:0.000, j=8:0.000, j=9:0.000, j=10:0.000, j=11:0.000, j=12:0.000, j=13:0.000, j=14:0.000, j=15:0.000, j=16:0.000, j=17:0.000, j=18:0.000, j=19:0.000, j=20:0.000, j=21:0.000, j=22:0.000, j=23:0.000, j=24:0.000, j=25:0.000, j=26:0.020, j=27:0.916, j=28:0.064
      i=29 -> j=0:0.000, j=1:0.000, j=2:0.000, j=3:0.000, j=4:0.000, j=5:0.000, j=6:0.000, j=7:0.000, j=8:0.000, j=9:0.000, j=10:0.000, j=11:0.000, j=12:0.000, j=13:0.000, j=14:0.000, j=15:0.000, j=16:0.000, j=17:0.000, j=18:0.000, j=19:0.000, j=20:0.000, j=21:0.000, j=22:0.000, j=23:0.000, j=24:0.000, j=25:0.000, j=26:0.000, j=27:0.021, j=28:0.907, j=29:0.072
      i=30 -> j=0:0.000, j=1:0.000, j=2:0.000, j=3:0.000, j=4:0.000, j=5:0.000, j=6:0.000, j=7:0.000, j=8:0.000, j=9:0.000, j=10:0.000, j=11:0.000, j=12:0.000, j=13:0.000, j=14:0.000, j=15:0.000, j=16:0.000, j=17:0.000, j=18:0.000, j=19:0.000, j=20:0.000, j=21:0.000, j=22:0.000, j=23:0.000, j=24:0.000, j=25:0.000, j=26:0.000, j=27:0.000, j=28:0.020, j=29:0.927, j=30:0.053
      i=31 -> j=0:0.000, j=1:0.000, j=2:0.000, j=3:0.000, j=4:0.000, j=5:0.000, j=6:0.000, j=7:0.000, j=8:0.000, j=9:0.000, j=10:0.000, j=11:0.000, j=12:0.000, j=13:0.000, j=14:0.000, j=15:0.000, j=16:0.000, j=17:0.000, j=18:0.000, j=19:0.000, j=20:0.000, j=21:0.000, j=22:0.000, j=23:0.000, j=24:0.000, j=25:0.000, j=26:0.000, j=27:0.000, j=28:0.000, j=29:0.017, j=30:0.928, j=31:0.055
      i=32 -> j=0:0.000, j=1:0.000, j=2:0.000, j=3:0.000, j=4:0.000, j=5:0.000, j=6:0.000, j=7:0.000, j=8:0.000, j=9:0.000, j=10:0.000, j=11:0.000, j=12:0.000, j=13:0.000, j=14:0.000, j=15:0.000, j=16:0.000, j=17:0.000, j=18:0.000, j=19:0.000, j=20:0.000, j=21:0.000, j=22:0.000, j=23:0.000, j=24:0.000, j=25:0.000, j=26:0.000, j=27:0.000, j=28:0.000, j=29:0.000, j=30:0.024, j=31:0.907, j=32:0.069
      i=33 -> j=0:0.000, j=1:0.000, j=2:0.000, j=3:0.000, j=4:0.000, j=5:0.000, j=6:0.000, j=7:0.000, j=8:0.000, j=9:0.000, j=10:0.000, j=11:0.000, j=12:0.000, j=13:0.000, j=14:0.000, j=15:0.000, j=16:0.000, j=17:0.000, j=18:0.000, j=19:0.000, j=20:0.000, j=21:0.000, j=22:0.000, j=23:0.000, j=24:0.000, j=25:0.000, j=26:0.000, j=27:0.000, j=28:0.000, j=29:0.000, j=30:0.000, j=31:0.014, j=32:0.940, j=33:0.046
      i=34 -> j=0:0.000, j=1:0.000, j=2:0.000, j=3:0.000, j=4:0.000, j=5:0.000, j=6:0.000, j=7:0.000, j=8:0.000, j=9:0.000, j=10:0.000, j=11:0.000, j=12:0.000, j=13:0.000, j=14:0.000, j=15:0.000, j=16:0.000, j=17:0.000, j=18:0.000, j=19:0.000, j=20:0.000, j=21:0.000, j=22:0.000, j=23:0.000, j=24:0.000, j=25:0.000, j=26:0.000, j=27:0.000, j=28:0.000, j=29:0.000, j=30:0.000, j=31:0.000, j=32:0.026, j=33:0.906, j=34:0.068
      i=35 -> j=0:0.000, j=1:0.000, j=2:0.000, j=3:0.000, j=4:0.000, j=5:0.000, j=6:0.000, j=7:0.000, j=8:0.000, j=9:0.000, j=10:0.000, j=11:0.000, j=12:0.000, j=13:0.000, j=14:0.000, j=15:0.000, j=16:0.000, j=17:0.000, j=18:0.000, j=19:0.000, j=20:0.000, j=21:0.000, j=22:0.000, j=23:0.000, j=24:0.000, j=25:0.000, j=26:0.000, j=27:0.000, j=28:0.000, j=29:0.000, j=30:0.000, j=31:0.000, j=32:0.000, j=33:0.021, j=34:0.897, j=35:0.082
      i=36 -> j=0:0.000, j=1:0.000, j=2:0.000, j=3:0.000, j=4:0.000, j=5:0.000, j=6:0.000, j=7:0.000, j=8:0.000, j=9:0.000, j=10:0.000, j=11:0.000, j=12:0.000, j=13:0.000, j=14:0.000, j=15:0.000, j=16:0.000, j=17:0.000, j=18:0.000, j=19:0.000, j=20:0.000, j=21:0.000, j=22:0.000, j=23:0.000, j=24:0.000, j=25:0.000, j=26:0.000, j=27:0.000, j=28:0.000, j=29:0.000, j=30:0.000, j=31:0.000, j=32:0.000, j=33:0.000, j=34:0.015, j=35:0.924, j=36:0.061
      i=37 -> j=0:0.000, j=1:0.000, j=2:0.000, j=3:0.000, j=4:0.000, j=5:0.000, j=6:0.000, j=7:0.000, j=8:0.000, j=9:0.000, j=10:0.000, j=11:0.000, j=12:0.000, j=13:0.000, j=14:0.000, j=15:0.000, j=16:0.000, j=17:0.000, j=18:0.000, j=19:0.000, j=20:0.000, j=21:0.000, j=22:0.000, j=23:0.000, j=24:0.000, j=25:0.000, j=26:0.000, j=27:0.000, j=28:0.000, j=29:0.000, j=30:0.000, j=31:0.000, j=32:0.000, j=33:0.000, j=34:0.000, j=35:0.018, j=36:0.926, j=37:0.056
      i=38 -> j=0:0.000, j=1:0.000, j=2:0.000, j=3:0.000, j=4:0.000, j=5:0.000, j=6:0.000, j=7:0.000, j=8:0.000, j=9:0.000, j=10:0.000, j=11:0.000, j=12:0.000, j=13:0.000, j=14:0.000, j=15:0.000, j=16:0.000, j=17:0.000, j=18:0.000, j=19:0.000, j=20:0.000, j=21:0.000, j=22:0.000, j=23:0.000, j=24:0.000, j=25:0.000, j=26:0.000, j=27:0.000, j=28:0.000, j=29:0.000, j=30:0.000, j=31:0.000, j=32:0.000, j=33:0.000, j=34:0.000, j=35:0.000, j=36:0.018, j=37:0.931, j=38:0.051
      i=39 -> j=0:0.000, j=1:0.000, j=2:0.000, j=3:0.000, j=4:0.000, j=5:0.000, j=6:0.000, j=7:0.000, j=8:0.000, j=9:0.000, j=10:0.000, j=11:0.000, j=12:0.000, j=13:0.000, j=14:0.000, j=15:0.000, j=16:0.000, j=17:0.000, j=18:0.000, j=19:0.000, j=20:0.000, j=21:0.000, j=22:0.000, j=23:0.000, j=24:0.000, j=25:0.000, j=26:0.000, j=27:0.000, j=28:0.000, j=29:0.000, j=30:0.000, j=31:0.000, j=32:0.000, j=33:0.000, j=34:0.000, j=35:0.000, j=36:0.000, j=37:0.025, j=38:0.933, j=39:0.042
      i=40 -> j=0:0.000, j=1:0.000, j=2:0.000, j=3:0.000, j=4:0.000, j=5:0.000, j=6:0.000, j=7:0.000, j=8:0.000, j=9:0.000, j=10:0.000, j=11:0.000, j=12:0.000, j=13:0.000, j=14:0.000, j=15:0.000, j=16:0.000, j=17:0.000, j=18:0.000, j=19:0.000, j=20:0.000, j=21:0.000, j=22:0.000, j=23:0.000, j=24:0.000, j=25:0.000, j=26:0.000, j=27:0.000, j=28:0.000, j=29:0.000, j=30:0.000, j=31:0.000, j=32:0.000, j=33:0.000, j=34:0.000, j=35:0.000, j=36:0.000, j=37:0.000, j=38:0.018, j=39:0.915, j=40:0.068
      i=41 -> j=0:0.000, j=1:0.000, j=2:0.000, j=3:0.000, j=4:0.000, j=5:0.000, j=6:0.000, j=7:0.000, j=8:0.000, j=9:0.000, j=10:0.000, j=11:0.000, j=12:0.000, j=13:0.000, j=14:0.000, j=15:0.000, j=16:0.000, j=17:0.000, j=18:0.000, j=19:0.000, j=20:0.000, j=21:0.000, j=22:0.000, j=23:0.000, j=24:0.000, j=25:0.000, j=26:0.000, j=27:0.000, j=28:0.000, j=29:0.000, j=30:0.000, j=31:0.000, j=32:0.000, j=33:0.000, j=34:0.000, j=35:0.000, j=36:0.000, j=37:0.000, j=38:0.000, j=39:0.028, j=40:0.902, j=41:0.070
      i=42 -> j=0:0.000, j=1:0.000, j=2:0.000, j=3:0.000, j=4:0.000, j=5:0.000, j=6:0.000, j=7:0.000, j=8:0.000, j=9:0.000, j=10:0.000, j=11:0.000, j=12:0.000, j=13:0.000, j=14:0.000, j=15:0.000, j=16:0.000, j=17:0.000, j=18:0.000, j=19:0.000, j=20:0.000, j=21:0.000, j=22:0.000, j=23:0.000, j=24:0.000, j=25:0.000, j=26:0.000, j=27:0.000, j=28:0.000, j=29:0.000, j=30:0.000, j=31:0.000, j=32:0.000, j=33:0.000, j=34:0.000, j=35:0.000, j=36:0.000, j=37:0.000, j=38:0.000, j=39:0.000, j=40:0.015, j=41:0.936, j=42:0.050
      i=43 -> j=0:0.000, j=1:0.000, j=2:0.000, j=3:0.000, j=4:0.000, j=5:0.000, j=6:0.000, j=7:0.000, j=8:0.000, j=9:0.000, j=10:0.000, j=11:0.000, j=12:0.000, j=13:0.000, j=14:0.000, j=15:0.000, j=16:0.000, j=17:0.000, j=18:0.000, j=19:0.000, j=20:0.000, j=21:0.000, j=22:0.000, j=23:0.000, j=24:0.000, j=25:0.000, j=26:0.000, j=27:0.000, j=28:0.000, j=29:0.000, j=30:0.000, j=31:0.000, j=32:0.000, j=33:0.000, j=34:0.000, j=35:0.000, j=36:0.000, j=37:0.000, j=38:0.000, j=39:0.000, j=40:0.000, j=41:0.022, j=42:0.916, j=43:0.062
      i=44 -> j=0:0.000, j=1:0.000, j=2:0.000, j=3:0.000, j=4:0.000, j=5:0.000, j=6:0.000, j=7:0.000, j=8:0.000, j=9:0.000, j=10:0.000, j=11:0.000, j=12:0.000, j=13:0.000, j=14:0.000, j=15:0.000, j=16:0.000, j=17:0.000, j=18:0.000, j=19:0.000, j=20:0.000, j=21:0.000, j=22:0.000, j=23:0.000, j=24:0.000, j=25:0.000, j=26:0.000, j=27:0.000, j=28:0.000, j=29:0.000, j=30:0.000, j=31:0.000, j=32:0.000, j=33:0.000, j=34:0.000, j=35:0.000, j=36:0.000, j=37:0.000, j=38:0.000, j=39:0.000, j=40:0.000, j=41:0.000, j=42:0.021, j=43:0.923, j=44:0.056
      i=45 -> j=0:0.000, j=1:0.000, j=2:0.000, j=3:0.000, j=4:0.000, j=5:0.000, j=6:0.000, j=7:0.000, j=8:0.000, j=9:0.000, j=10:0.000, j=11:0.000, j=12:0.000, j=13:0.000, j=14:0.000, j=15:0.000, j=16:0.000, j=17:0.000, j=18:0.000, j=19:0.000, j=20:0.000, j=21:0.000, j=22:0.000, j=23:0.000, j=24:0.000, j=25:0.000, j=26:0.000, j=27:0.000, j=28:0.000, j=29:0.000, j=30:0.000, j=31:0.000, j=32:0.000, j=33:0.000, j=34:0.000, j=35:0.000, j=36:0.000, j=37:0.000, j=38:0.000, j=39:0.000, j=40:0.000, j=41:0.000, j=42:0.000, j=43:0.021, j=44:0.908, j=45:0.071
      i=46 -> j=0:0.000, j=1:0.000, j=2:0.000, j=3:0.000, j=4:0.000, j=5:0.000, j=6:0.000, j=7:0.000, j=8:0.000, j=9:0.000, j=10:0.000, j=11:0.000, j=12:0.000, j=13:0.000, j=14:0.000, j=15:0.000, j=16:0.000, j=17:0.000, j=18:0.000, j=19:0.000, j=20:0.000, j=21:0.000, j=22:0.000, j=23:0.000, j=24:0.000, j=25:0.000, j=26:0.000, j=27:0.000, j=28:0.000, j=29:0.000, j=30:0.000, j=31:0.000, j=32:0.000, j=33:0.000, j=34:0.000, j=35:0.000, j=36:0.000, j=37:0.000, j=38:0.000, j=39:0.000, j=40:0.000, j=41:0.000, j=42:0.000, j=43:0.000, j=44:0.017, j=45:0.926, j=46:0.057
      i=47 -> j=0:0.000, j=1:0.000, j=2:0.000, j=3:0.000, j=4:0.000, j=5:0.000, j=6:0.000, j=7:0.000, j=8:0.000, j=9:0.000, j=10:0.000, j=11:0.000, j=12:0.000, j=13:0.000, j=14:0.000, j=15:0.000, j=16:0.000, j=17:0.000, j=18:0.000, j=19:0.000, j=20:0.000, j=21:0.000, j=22:0.000, j=23:0.000, j=24:0.000, j=25:0.000, j=26:0.000, j=27:0.000, j=28:0.000, j=29:0.000, j=30:0.000, j=31:0.000, j=32:0.000, j=33:0.000, j=34:0.000, j=35:0.000, j=36:0.000, j=37:0.000, j=38:0.000, j=39:0.000, j=40:0.000, j=41:0.000, j=42:0.000, j=43:0.000, j=44:0.000, j=45:0.022, j=46:0.916, j=47:0.062
      i=48 -> j=0:0.000, j=1:0.000, j=2:0.000, j=3:0.000, j=4:0.000, j=5:0.000, j=6:0.000, j=7:0.000, j=8:0.000, j=9:0.000, j=10:0.000, j=11:0.000, j=12:0.000, j=13:0.000, j=14:0.000, j=15:0.000, j=16:0.000, j=17:0.000, j=18:0.000, j=19:0.000, j=20:0.000, j=21:0.000, j=22:0.000, j=23:0.000, j=24:0.000, j=25:0.000, j=26:0.000, j=27:0.000, j=28:0.000, j=29:0.000, j=30:0.000, j=31:0.000, j=32:0.000, j=33:0.000, j=34:0.000, j=35:0.000, j=36:0.000, j=37:0.000, j=38:0.000, j=39:0.000, j=40:0.000, j=41:0.000, j=42:0.000, j=43:0.000, j=44:0.000, j=45:0.000, j=46:0.019, j=47:0.918, j=48:0.062
      i=49 -> j=0:0.000, j=1:0.000, j=2:0.000, j=3:0.000, j=4:0.000, j=5:0.000, j=6:0.000, j=7:0.000, j=8:0.000, j=9:0.000, j=10:0.000, j=11:0.000, j=12:0.000, j=13:0.000, j=14:0.000, j=15:0.000, j=16:0.000, j=17:0.000, j=18:0.000, j=19:0.000, j=20:0.000, j=21:0.000, j=22:0.000, j=23:0.000, j=24:0.000, j=25:0.000, j=26:0.000, j=27:0.000, j=28:0.000, j=29:0.000, j=30:0.000, j=31:0.000, j=32:0.000, j=33:0.000, j=34:0.000, j=35:0.000, j=36:0.000, j=37:0.000, j=38:0.000, j=39:0.000, j=40:0.000, j=41:0.000, j=42:0.000, j=43:0.000, j=44:0.000, j=45:0.000, j=46:0.000, j=47:0.022, j=48:0.934, j=49:0.044
      i=50 -> j=0:0.000, j=1:0.000, j=2:0.000, j=3:0.000, j=4:0.000, j=5:0.000, j=6:0.000, j=7:0.000, j=8:0.000, j=9:0.000, j=10:0.000, j=11:0.000, j=12:0.000, j=13:0.000, j=14:0.000, j=15:0.000, j=16:0.000, j=17:0.000, j=18:0.000, j=19:0.000, j=20:0.000, j=21:0.000, j=22:0.000, j=23:0.000, j=24:0.000, j=25:0.000, j=26:0.000, j=27:0.000, j=28:0.000, j=29:0.000, j=30:0.000, j=31:0.000, j=32:0.000, j=33:0.000, j=34:0.000, j=35:0.000, j=36:0.000, j=37:0.000, j=38:0.000, j=39:0.000, j=40:0.000, j=41:0.000, j=42:0.000, j=43:0.000, j=44:0.000, j=45:0.000, j=46:0.000, j=47:0.000, j=48:0.015, j=49:0.932, j=50:0.053
      i=51 -> j=0:0.000, j=1:0.000, j=2:0.000, j=3:0.000, j=4:0.000, j=5:0.000, j=6:0.000, j=7:0.000, j=8:0.000, j=9:0.000, j=10:0.000, j=11:0.000, j=12:0.000, j=13:0.000, j=14:0.000, j=15:0.000, j=16:0.000, j=17:0.000, j=18:0.000, j=19:0.000, j=20:0.000, j=21:0.000, j=22:0.000, j=23:0.000, j=24:0.000, j=25:0.000, j=26:0.000, j=27:0.000, j=28:0.000, j=29:0.000, j=30:0.000, j=31:0.000, j=32:0.000, j=33:0.000, j=34:0.000, j=35:0.000, j=36:0.000, j=37:0.000, j=38:0.000, j=39:0.000, j=40:0.000, j=41:0.000, j=42:0.000, j=43:0.000, j=44:0.000, j=45:0.000, j=46:0.000, j=47:0.000, j=48:0.000, j=49:0.027, j=50:0.903, j=51:0.070
      i=52 -> j=0:0.000, j=1:0.000, j=2:0.000, j=3:0.000, j=4:0.000, j=5:0.000, j=6:0.000, j=7:0.000, j=8:0.000, j=9:0.000, j=10:0.000, j=11:0.000, j=12:0.000, j=13:0.000, j=14:0.000, j=15:0.000, j=16:0.000, j=17:0.000, j=18:0.000, j=19:0.000, j=20:0.000, j=21:0.000, j=22:0.000, j=23:0.000, j=24:0.000, j=25:0.000, j=26:0.000, j=27:0.000, j=28:0.000, j=29:0.000, j=30:0.000, j=31:0.000, j=32:0.000, j=33:0.000, j=34:0.000, j=35:0.000, j=36:0.000, j=37:0.000, j=38:0.000, j=39:0.000, j=40:0.000, j=41:0.000, j=42:0.000, j=43:0.000, j=44:0.000, j=45:0.000, j=46:0.000, j=47:0.000, j=48:0.000, j=49:0.000, j=50:0.013, j=51:0.940, j=52:0.046
      i=53 -> j=0:0.000, j=1:0.000, j=2:0.000, j=3:0.000, j=4:0.000, j=5:0.000, j=6:0.000, j=7:0.000, j=8:0.000, j=9:0.000, j=10:0.000, j=11:0.000, j=12:0.000, j=13:0.000, j=14:0.000, j=15:0.000, j=16:0.000, j=17:0.000, j=18:0.000, j=19:0.000, j=20:0.000, j=21:0.000, j=22:0.000, j=23:0.000, j=24:0.000, j=25:0.000, j=26:0.000, j=27:0.000, j=28:0.000, j=29:0.000, j=30:0.000, j=31:0.000, j=32:0.000, j=33:0.000, j=34:0.000, j=35:0.000, j=36:0.000, j=37:0.000, j=38:0.000, j=39:0.000, j=40:0.000, j=41:0.000, j=42:0.000, j=43:0.000, j=44:0.000, j=45:0.000, j=46:0.000, j=47:0.000, j=48:0.000, j=49:0.000, j=50:0.000, j=51:0.026, j=52:0.917, j=53:0.057
      i=54 -> j=0:0.000, j=1:0.000, j=2:0.000, j=3:0.000, j=4:0.000, j=5:0.000, j=6:0.000, j=7:0.000, j=8:0.000, j=9:0.000, j=10:0.000, j=11:0.000, j=12:0.000, j=13:0.000, j=14:0.000, j=15:0.000, j=16:0.000, j=17:0.000, j=18:0.000, j=19:0.000, j=20:0.000, j=21:0.000, j=22:0.000, j=23:0.000, j=24:0.000, j=25:0.000, j=26:0.000, j=27:0.000, j=28:0.000, j=29:0.000, j=30:0.000, j=31:0.000, j=32:0.000, j=33:0.000, j=34:0.000, j=35:0.000, j=36:0.000, j=37:0.000, j=38:0.000, j=39:0.000, j=40:0.000, j=41:0.000, j=42:0.000, j=43:0.000, j=44:0.000, j=45:0.000, j=46:0.000, j=47:0.000, j=48:0.000, j=49:0.000, j=50:0.000, j=51:0.000, j=52:0.024, j=53:0.909, j=54:0.067
      i=55 -> j=0:0.000, j=1:0.000, j=2:0.000, j=3:0.000, j=4:0.000, j=5:0.000, j=6:0.000, j=7:0.000, j=8:0.000, j=9:0.000, j=10:0.000, j=11:0.000, j=12:0.000, j=13:0.000, j=14:0.000, j=15:0.000, j=16:0.000, j=17:0.000, j=18:0.000, j=19:0.000, j=20:0.000, j=21:0.000, j=22:0.000, j=23:0.000, j=24:0.000, j=25:0.000, j=26:0.000, j=27:0.000, j=28:0.000, j=29:0.000, j=30:0.000, j=31:0.000, j=32:0.000, j=33:0.000, j=34:0.000, j=35:0.000, j=36:0.000, j=37:0.000, j=38:0.000, j=39:0.000, j=40:0.000, j=41:0.000, j=42:0.000, j=43:0.000, j=44:0.000, j=45:0.000, j=46:0.000, j=47:0.000, j=48:0.000, j=49:0.000, j=50:0.000, j=51:0.000, j=52:0.000, j=53:0.019, j=54:0.922, j=55:0.059
      i=56 -> j=0:0.000, j=1:0.000, j=2:0.000, j=3:0.000, j=4:0.000, j=5:0.000, j=6:0.000, j=7:0.000, j=8:0.000, j=9:0.000, j=10:0.000, j=11:0.000, j=12:0.000, j=13:0.000, j=14:0.000, j=15:0.000, j=16:0.000, j=17:0.000, j=18:0.000, j=19:0.000, j=20:0.000, j=21:0.000, j=22:0.000, j=23:0.000, j=24:0.000, j=25:0.000, j=26:0.000, j=27:0.000, j=28:0.000, j=29:0.000, j=30:0.000, j=31:0.000, j=32:0.000, j=33:0.000, j=34:0.000, j=35:0.000, j=36:0.000, j=37:0.000, j=38:0.000, j=39:0.000, j=40:0.000, j=41:0.000, j=42:0.000, j=43:0.000, j=44:0.000, j=45:0.000, j=46:0.000, j=47:0.000, j=48:0.000, j=49:0.000, j=50:0.000, j=51:0.000, j=52:0.000, j=53:0.000, j=54:0.017, j=55:0.919, j=56:0.064
      i=57 -> j=0:0.000, j=1:0.000, j=2:0.000, j=3:0.000, j=4:0.000, j=5:0.000, j=6:0.000, j=7:0.000, j=8:0.000, j=9:0.000, j=10:0.000, j=11:0.000, j=12:0.000, j=13:0.000, j=14:0.000, j=15:0.000, j=16:0.000, j=17:0.000, j=18:0.000, j=19:0.000, j=20:0.000, j=21:0.000, j=22:0.000, j=23:0.000, j=24:0.000, j=25:0.000, j=26:0.000, j=27:0.000, j=28:0.000, j=29:0.000, j=30:0.000, j=31:0.000, j=32:0.000, j=33:0.000, j=34:0.000, j=35:0.000, j=36:0.000, j=37:0.000, j=38:0.000, j=39:0.000, j=40:0.000, j=41:0.000, j=42:0.000, j=43:0.000, j=44:0.000, j=45:0.000, j=46:0.000, j=47:0.000, j=48:0.000, j=49:0.000, j=50:0.000, j=51:0.000, j=52:0.000, j=53:0.000, j=54:0.000, j=55:0.019, j=56:0.926, j=57:0.055
      i=58 -> j=0:0.000, j=1:0.000, j=2:0.000, j=3:0.000, j=4:0.000, j=5:0.000, j=6:0.000, j=7:0.000, j=8:0.000, j=9:0.000, j=10:0.000, j=11:0.000, j=12:0.000, j=13:0.000, j=14:0.000, j=15:0.000, j=16:0.000, j=17:0.000, j=18:0.000, j=19:0.000, j=20:0.000, j=21:0.000, j=22:0.000, j=23:0.000, j=24:0.000, j=25:0.000, j=26:0.000, j=27:0.000, j=28:0.000, j=29:0.000, j=30:0.000, j=31:0.000, j=32:0.000, j=33:0.000, j=34:0.000, j=35:0.000, j=36:0.000, j=37:0.000, j=38:0.000, j=39:0.000, j=40:0.000, j=41:0.000, j=42:0.000, j=43:0.000, j=44:0.000, j=45:0.000, j=46:0.000, j=47:0.000, j=48:0.000, j=49:0.000, j=50:0.000, j=51:0.000, j=52:0.000, j=53:0.000, j=54:0.000, j=55:0.000, j=56:0.025, j=57:0.911, j=58:0.064
      i=59 -> j=0:0.000, j=1:0.000, j=2:0.000, j=3:0.000, j=4:0.000, j=5:0.000, j=6:0.000, j=7:0.000, j=8:0.000, j=9:0.000, j=10:0.000, j=11:0.000, j=12:0.000, j=13:0.000, j=14:0.000, j=15:0.000, j=16:0.000, j=17:0.000, j=18:0.000, j=19:0.000, j=20:0.000, j=21:0.000, j=22:0.000, j=23:0.000, j=24:0.000, j=25:0.000, j=26:0.000, j=27:0.000, j=28:0.000, j=29:0.000, j=30:0.000, j=31:0.000, j=32:0.000, j=33:0.000, j=34:0.000, j=35:0.000, j=36:0.000, j=37:0.000, j=38:0.000, j=39:0.000, j=40:0.000, j=41:0.000, j=42:0.000, j=43:0.000, j=44:0.000, j=45:0.000, j=46:0.000, j=47:0.000, j=48:0.000, j=49:0.000, j=50:0.000, j=51:0.000, j=52:0.000, j=53:0.000, j=54:0.000, j=55:0.000, j=56:0.000, j=57:0.017, j=58:0.915, j=59:0.068
      i=60 -> j=0:0.000, j=1:0.000, j=2:0.000, j=3:0.000, j=4:0.000, j=5:0.000, j=6:0.000, j=7:0.000, j=8:0.000, j=9:0.000, j=10:0.000, j=11:0.000, j=12:0.000, j=13:0.000, j=14:0.000, j=15:0.000, j=16:0.000, j=17:0.000, j=18:0.000, j=19:0.000, j=20:0.000, j=21:0.000, j=22:0.000, j=23:0.000, j=24:0.000, j=25:0.000, j=26:0.000, j=27:0.000, j=28:0.000, j=29:0.000, j=30:0.000, j=31:0.000, j=32:0.000, j=33:0.000, j=34:0.000, j=35:0.000, j=36:0.000, j=37:0.000, j=38:0.000, j=39:0.000, j=40:0.000, j=41:0.000, j=42:0.000, j=43:0.000, j=44:0.000, j=45:0.000, j=46:0.000, j=47:0.000, j=48:0.000, j=49:0.000, j=50:0.000, j=51:0.000, j=52:0.000, j=53:0.000, j=54:0.000, j=55:0.000, j=56:0.000, j=57:0.000, j=58:0.022, j=59:0.911, j=60:0.067
      i=61 -> j=0:0.000, j=1:0.000, j=2:0.000, j=3:0.000, j=4:0.000, j=5:0.000, j=6:0.000, j=7:0.000, j=8:0.000, j=9:0.000, j=10:0.000, j=11:0.000, j=12:0.000, j=13:0.000, j=14:0.000, j=15:0.000, j=16:0.000, j=17:0.000, j=18:0.000, j=19:0.000, j=20:0.000, j=21:0.000, j=22:0.000, j=23:0.000, j=24:0.000, j=25:0.000, j=26:0.000, j=27:0.000, j=28:0.000, j=29:0.000, j=30:0.000, j=31:0.000, j=32:0.000, j=33:0.000, j=34:0.000, j=35:0.000, j=36:0.000, j=37:0.000, j=38:0.000, j=39:0.000, j=40:0.000, j=41:0.000, j=42:0.000, j=43:0.000, j=44:0.000, j=45:0.000, j=46:0.000, j=47:0.000, j=48:0.000, j=49:0.000, j=50:0.000, j=51:0.000, j=52:0.000, j=53:0.000, j=54:0.000, j=55:0.000, j=56:0.000, j=57:0.000, j=58:0.000, j=59:0.013, j=60:0.931, j=61:0.055
      i=62 -> j=0:0.000, j=1:0.000, j=2:0.000, j=3:0.000, j=4:0.000, j=5:0.000, j=6:0.000, j=7:0.000, j=8:0.000, j=9:0.000, j=10:0.000, j=11:0.000, j=12:0.000, j=13:0.000, j=14:0.000, j=15:0.000, j=16:0.000, j=17:0.000, j=18:0.000, j=19:0.000, j=20:0.000, j=21:0.000, j=22:0.000, j=23:0.000, j=24:0.000, j=25:0.000, j=26:0.000, j=27:0.000, j=28:0.000, j=29:0.000, j=30:0.000, j=31:0.000, j=32:0.000, j=33:0.000, j=34:0.000, j=35:0.000, j=36:0.000, j=37:0.000, j=38:0.000, j=39:0.000, j=40:0.000, j=41:0.000, j=42:0.000, j=43:0.000, j=44:0.000, j=45:0.000, j=46:0.000, j=47:0.000, j=48:0.000, j=49:0.000, j=50:0.000, j=51:0.000, j=52:0.000, j=53:0.000, j=54:0.000, j=55:0.000, j=56:0.000, j=57:0.000, j=58:0.000, j=59:0.000, j=60:0.020, j=61:0.922, j=62:0.058
      i=63 -> j=0:0.000, j=1:0.000, j=2:0.000, j=3:0.000, j=4:0.000, j=5:0.000, j=6:0.000, j=7:0.000, j=8:0.000, j=9:0.000, j=10:0.000, j=11:0.000, j=12:0.000, j=13:0.000, j=14:0.000, j=15:0.000, j=16:0.000, j=17:0.000, j=18:0.000, j=19:0.000, j=20:0.000, j=21:0.000, j=22:0.000, j=23:0.000, j=24:0.000, j=25:0.000, j=26:0.000, j=27:0.000, j=28:0.000, j=29:0.000, j=30:0.000, j=31:0.000, j=32:0.000, j=33:0.000, j=34:0.000, j=35:0.000, j=36:0.000, j=37:0.000, j=38:0.000, j=39:0.000, j=40:0.000, j=41:0.000, j=42:0.000, j=43:0.000, j=44:0.000, j=45:0.000, j=46:0.000, j=47:0.000, j=48:0.000, j=49:0.000, j=50:0.000, j=51:0.000, j=52:0.000, j=53:0.000, j=54:0.000, j=55:0.000, j=56:0.000, j=57:0.000, j=58:0.000, j=59:0.000, j=60:0.000, j=61:0.018, j=62:0.935, j=63:0.047
    Average attention per distance:
      d=0:0.074, d=1:0.921, d=2:0.020

--- Layer 1 ---
  Head 0: Entropy=0.839
    Attention coefficients from each query position to previous positions:
      i= 0 -> j=0:1.000
      i= 1 -> j=0:0.860, j=1:0.140
      i= 2 -> j=0:0.204, j=1:0.668, j=2:0.128
      i= 3 -> j=0:0.004, j=1:0.439, j=2:0.466, j=3:0.091
      i= 4 -> j=0:0.000, j=1:0.003, j=2:0.284, j=3:0.623, j=4:0.091
      i= 5 -> j=0:0.000, j=1:0.000, j=2:0.014, j=3:0.189, j=4:0.782, j=5:0.016
      i= 6 -> j=0:0.000, j=1:0.000, j=2:0.000, j=3:0.006, j=4:0.367, j=5:0.483, j=6:0.144
      i= 7 -> j=0:0.000, j=1:0.000, j=2:0.000, j=3:0.000, j=4:0.001, j=5:0.314, j=6:0.667, j=7:0.018
      i= 8 -> j=0:0.000, j=1:0.000, j=2:0.000, j=3:0.000, j=4:0.000, j=5:0.019, j=6:0.305, j=7:0.561, j=8:0.114
      i= 9 -> j=0:0.001, j=1:0.000, j=2:0.000, j=3:0.000, j=4:0.000, j=5:0.000, j=6:0.005, j=7:0.415, j=8:0.525, j=9:0.054
      i=10 -> j=0:0.000, j=1:0.000, j=2:0.000, j=3:0.000, j=4:0.000, j=5:0.000, j=6:0.000, j=7:0.002, j=8:0.224, j=9:0.713, j=10:0.060
      i=11 -> j=0:0.000, j=1:0.001, j=2:0.000, j=3:0.000, j=4:0.000, j=5:0.000, j=6:0.000, j=7:0.000, j=8:0.011, j=9:0.567, j=10:0.370, j=11:0.051
      i=12 -> j=0:0.000, j=1:0.000, j=2:0.000, j=3:0.001, j=4:0.000, j=5:0.000, j=6:0.000, j=7:0.000, j=8:0.000, j=9:0.010, j=10:0.258, j=11:0.661, j=12:0.070
      i=13 -> j=0:0.000, j=1:0.000, j=2:0.000, j=3:0.000, j=4:0.000, j=5:0.001, j=6:0.000, j=7:0.000, j=8:0.000, j=9:0.000, j=10:0.003, j=11:0.265, j=12:0.625, j=13:0.105
      i=14 -> j=0:0.000, j=1:0.000, j=2:0.000, j=3:0.000, j=4:0.000, j=5:0.001, j=6:0.000, j=7:0.000, j=8:0.000, j=9:0.000, j=10:0.000, j=11:0.002, j=12:0.084, j=13:0.858, j=14:0.055
      i=15 -> j=0:0.000, j=1:0.000, j=2:0.000, j=3:0.000, j=4:0.000, j=5:0.000, j=6:0.000, j=7:0.000, j=8:0.000, j=9:0.000, j=10:0.000, j=11:0.000, j=12:0.001, j=13:0.158, j=14:0.825, j=15:0.016
      i=16 -> j=0:0.000, j=1:0.000, j=2:0.000, j=3:0.000, j=4:0.000, j=5:0.000, j=6:0.000, j=7:0.001, j=8:0.000, j=9:0.000, j=10:0.000, j=11:0.000, j=12:0.000, j=13:0.004, j=14:0.131, j=15:0.828, j=16:0.034
      i=17 -> j=0:0.000, j=1:0.000, j=2:0.000, j=3:0.000, j=4:0.000, j=5:0.000, j=6:0.000, j=7:0.000, j=8:0.000, j=9:0.000, j=10:0.000, j=11:0.000, j=12:0.000, j=13:0.000, j=14:0.006, j=15:0.700, j=16:0.154, j=17:0.139
      i=18 -> j=0:0.000, j=1:0.000, j=2:0.000, j=3:0.000, j=4:0.000, j=5:0.000, j=6:0.000, j=7:0.000, j=8:0.000, j=9:0.000, j=10:0.000, j=11:0.000, j=12:0.000, j=13:0.000, j=14:0.000, j=15:0.002, j=16:0.294, j=17:0.577, j=18:0.127
      i=19 -> j=0:0.000, j=1:0.000, j=2:0.000, j=3:0.000, j=4:0.000, j=5:0.000, j=6:0.000, j=7:0.000, j=8:0.000, j=9:0.000, j=10:0.000, j=11:0.000, j=12:0.000, j=13:0.000, j=14:0.000, j=15:0.000, j=16:0.002, j=17:0.186, j=18:0.761, j=19:0.051
      i=20 -> j=0:0.000, j=1:0.000, j=2:0.000, j=3:0.000, j=4:0.000, j=5:0.000, j=6:0.000, j=7:0.000, j=8:0.000, j=9:0.000, j=10:0.000, j=11:0.000, j=12:0.000, j=13:0.000, j=14:0.000, j=15:0.000, j=16:0.000, j=17:0.003, j=18:0.122, j=19:0.849, j=20:0.024
      i=21 -> j=0:0.000, j=1:0.000, j=2:0.000, j=3:0.000, j=4:0.000, j=5:0.000, j=6:0.000, j=7:0.000, j=8:0.000, j=9:0.000, j=10:0.000, j=11:0.000, j=12:0.000, j=13:0.000, j=14:0.000, j=15:0.000, j=16:0.000, j=17:0.000, j=18:0.008, j=19:0.443, j=20:0.462, j=21:0.085
      i=22 -> j=0:0.000, j=1:0.000, j=2:0.000, j=3:0.000, j=4:0.000, j=5:0.000, j=6:0.000, j=7:0.000, j=8:0.000, j=9:0.000, j=10:0.000, j=11:0.000, j=12:0.000, j=13:0.000, j=14:0.000, j=15:0.000, j=16:0.000, j=17:0.000, j=18:0.000, j=19:0.001, j=20:0.418, j=21:0.561, j=22:0.020
      i=23 -> j=0:0.000, j=1:0.000, j=2:0.000, j=3:0.000, j=4:0.000, j=5:0.000, j=6:0.000, j=7:0.000, j=8:0.000, j=9:0.000, j=10:0.000, j=11:0.000, j=12:0.000, j=13:0.000, j=14:0.000, j=15:0.000, j=16:0.000, j=17:0.000, j=18:0.000, j=19:0.000, j=20:0.010, j=21:0.284, j=22:0.635, j=23:0.070
      i=24 -> j=0:0.000, j=1:0.000, j=2:0.000, j=3:0.000, j=4:0.000, j=5:0.000, j=6:0.000, j=7:0.000, j=8:0.000, j=9:0.000, j=10:0.000, j=11:0.000, j=12:0.000, j=13:0.000, j=14:0.000, j=15:0.000, j=16:0.000, j=17:0.000, j=18:0.000, j=19:0.000, j=20:0.000, j=21:0.003, j=22:0.274, j=23:0.678, j=24:0.045
      i=25 -> j=0:0.000, j=1:0.000, j=2:0.000, j=3:0.000, j=4:0.000, j=5:0.001, j=6:0.000, j=7:0.000, j=8:0.000, j=9:0.000, j=10:0.000, j=11:0.000, j=12:0.000, j=13:0.000, j=14:0.000, j=15:0.000, j=16:0.002, j=17:0.000, j=18:0.000, j=19:0.000, j=20:0.000, j=21:0.000, j=22:0.003, j=23:0.493, j=24:0.428, j=25:0.072
      i=26 -> j=0:0.000, j=1:0.000, j=2:0.000, j=3:0.000, j=4:0.000, j=5:0.000, j=6:0.000, j=7:0.000, j=8:0.000, j=9:0.000, j=10:0.000, j=11:0.000, j=12:0.000, j=13:0.000, j=14:0.000, j=15:0.000, j=16:0.000, j=17:0.000, j=18:0.000, j=19:0.000, j=20:0.000, j=21:0.000, j=22:0.000, j=23:0.009, j=24:0.229, j=25:0.704, j=26:0.055
      i=27 -> j=0:0.000, j=1:0.000, j=2:0.000, j=3:0.000, j=4:0.000, j=5:0.000, j=6:0.000, j=7:0.000, j=8:0.000, j=9:0.000, j=10:0.000, j=11:0.000, j=12:0.000, j=13:0.000, j=14:0.000, j=15:0.000, j=16:0.000, j=17:0.000, j=18:0.001, j=19:0.000, j=20:0.000, j=21:0.000, j=22:0.000, j=23:0.000, j=24:0.002, j=25:0.170, j=26:0.726, j=27:0.099
      i=28 -> j=0:0.000, j=1:0.001, j=2:0.000, j=3:0.000, j=4:0.000, j=5:0.001, j=6:0.000, j=7:0.000, j=8:0.000, j=9:0.000, j=10:0.000, j=11:0.000, j=12:0.000, j=13:0.000, j=14:0.000, j=15:0.000, j=16:0.000, j=17:0.000, j=18:0.000, j=19:0.000, j=20:0.000, j=21:0.000, j=22:0.000, j=23:0.000, j=24:0.000, j=25:0.007, j=26:0.217, j=27:0.702, j=28:0.068
      i=29 -> j=0:0.000, j=1:0.000, j=2:0.000, j=3:0.000, j=4:0.000, j=5:0.000, j=6:0.000, j=7:0.000, j=8:0.000, j=9:0.000, j=10:0.000, j=11:0.000, j=12:0.000, j=13:0.000, j=14:0.000, j=15:0.000, j=16:0.000, j=17:0.000, j=18:0.000, j=19:0.000, j=20:0.000, j=21:0.000, j=22:0.000, j=23:0.000, j=24:0.000, j=25:0.000, j=26:0.004, j=27:0.319, j=28:0.474, j=29:0.201
      i=30 -> j=0:0.000, j=1:0.000, j=2:0.000, j=3:0.000, j=4:0.000, j=5:0.000, j=6:0.000, j=7:0.000, j=8:0.000, j=9:0.000, j=10:0.000, j=11:0.000, j=12:0.000, j=13:0.000, j=14:0.000, j=15:0.000, j=16:0.000, j=17:0.000, j=18:0.000, j=19:0.000, j=20:0.000, j=21:0.000, j=22:0.000, j=23:0.000, j=24:0.000, j=25:0.000, j=26:0.000, j=27:0.001, j=28:0.224, j=29:0.754, j=30:0.020
      i=31 -> j=0:0.000, j=1:0.001, j=2:0.000, j=3:0.000, j=4:0.000, j=5:0.001, j=6:0.000, j=7:0.000, j=8:0.000, j=9:0.001, j=10:0.000, j=11:0.000, j=12:0.000, j=13:0.000, j=14:0.000, j=15:0.000, j=16:0.001, j=17:0.000, j=18:0.000, j=19:0.000, j=20:0.000, j=21:0.000, j=22:0.000, j=23:0.001, j=24:0.000, j=25:0.000, j=26:0.000, j=27:0.000, j=28:0.013, j=29:0.258, j=30:0.593, j=31:0.129
      i=32 -> j=0:0.000, j=1:0.000, j=2:0.000, j=3:0.000, j=4:0.000, j=5:0.000, j=6:0.000, j=7:0.000, j=8:0.000, j=9:0.000, j=10:0.000, j=11:0.000, j=12:0.000, j=13:0.000, j=14:0.000, j=15:0.000, j=16:0.000, j=17:0.000, j=18:0.000, j=19:0.000, j=20:0.000, j=21:0.000, j=22:0.000, j=23:0.000, j=24:0.000, j=25:0.000, j=26:0.000, j=27:0.000, j=28:0.000, j=29:0.005, j=30:0.487, j=31:0.367, j=32:0.139
      i=33 -> j=0:0.000, j=1:0.000, j=2:0.000, j=3:0.000, j=4:0.000, j=5:0.000, j=6:0.000, j=7:0.000, j=8:0.000, j=9:0.000, j=10:0.000, j=11:0.000, j=12:0.000, j=13:0.000, j=14:0.000, j=15:0.000, j=16:0.000, j=17:0.000, j=18:0.000, j=19:0.000, j=20:0.000, j=21:0.000, j=22:0.000, j=23:0.000, j=24:0.000, j=25:0.000, j=26:0.000, j=27:0.000, j=28:0.000, j=29:0.000, j=30:0.004, j=31:0.158, j=32:0.782, j=33:0.053
      i=34 -> j=0:0.000, j=1:0.000, j=2:0.000, j=3:0.000, j=4:0.000, j=5:0.000, j=6:0.000, j=7:0.000, j=8:0.000, j=9:0.000, j=10:0.000, j=11:0.000, j=12:0.000, j=13:0.000, j=14:0.000, j=15:0.000, j=16:0.000, j=17:0.000, j=18:0.000, j=19:0.000, j=20:0.000, j=21:0.000, j=22:0.000, j=23:0.000, j=24:0.000, j=25:0.000, j=26:0.000, j=27:0.000, j=28:0.000, j=29:0.000, j=30:0.000, j=31:0.003, j=32:0.403, j=33:0.436, j=34:0.154
      i=35 -> j=0:0.000, j=1:0.000, j=2:0.000, j=3:0.000, j=4:0.000, j=5:0.000, j=6:0.000, j=7:0.000, j=8:0.000, j=9:0.000, j=10:0.000, j=11:0.000, j=12:0.000, j=13:0.000, j=14:0.000, j=15:0.000, j=16:0.000, j=17:0.000, j=18:0.000, j=19:0.000, j=20:0.000, j=21:0.000, j=22:0.000, j=23:0.000, j=24:0.000, j=25:0.000, j=26:0.000, j=27:0.000, j=28:0.000, j=29:0.000, j=30:0.000, j=31:0.000, j=32:0.004, j=33:0.258, j=34:0.568, j=35:0.166
      i=36 -> j=0:0.000, j=1:0.000, j=2:0.000, j=3:0.000, j=4:0.000, j=5:0.000, j=6:0.000, j=7:0.000, j=8:0.000, j=9:0.000, j=10:0.000, j=11:0.000, j=12:0.000, j=13:0.000, j=14:0.000, j=15:0.000, j=16:0.000, j=17:0.000, j=18:0.000, j=19:0.000, j=20:0.000, j=21:0.000, j=22:0.000, j=23:0.000, j=24:0.000, j=25:0.000, j=26:0.000, j=27:0.000, j=28:0.000, j=29:0.000, j=30:0.000, j=31:0.000, j=32:0.000, j=33:0.003, j=34:0.115, j=35:0.829, j=36:0.052
      i=37 -> j=0:0.000, j=1:0.000, j=2:0.000, j=3:0.000, j=4:0.000, j=5:0.000, j=6:0.000, j=7:0.000, j=8:0.000, j=9:0.000, j=10:0.000, j=11:0.000, j=12:0.000, j=13:0.000, j=14:0.000, j=15:0.000, j=16:0.000, j=17:0.000, j=18:0.000, j=19:0.000, j=20:0.000, j=21:0.000, j=22:0.000, j=23:0.000, j=24:0.000, j=25:0.000, j=26:0.000, j=27:0.000, j=28:0.000, j=29:0.000, j=30:0.000, j=31:0.000, j=32:0.000, j=33:0.000, j=34:0.001, j=35:0.328, j=36:0.585, j=37:0.082
      i=38 -> j=0:0.000, j=1:0.000, j=2:0.000, j=3:0.000, j=4:0.000, j=5:0.000, j=6:0.000, j=7:0.000, j=8:0.000, j=9:0.000, j=10:0.000, j=11:0.000, j=12:0.000, j=13:0.000, j=14:0.000, j=15:0.000, j=16:0.000, j=17:0.000, j=18:0.000, j=19:0.000, j=20:0.000, j=21:0.000, j=22:0.000, j=23:0.000, j=24:0.000, j=25:0.000, j=26:0.000, j=27:0.000, j=28:0.000, j=29:0.000, j=30:0.000, j=31:0.000, j=32:0.000, j=33:0.000, j=34:0.000, j=35:0.003, j=36:0.285, j=37:0.656, j=38:0.056
      i=39 -> j=0:0.000, j=1:0.000, j=2:0.000, j=3:0.000, j=4:0.000, j=5:0.000, j=6:0.000, j=7:0.000, j=8:0.000, j=9:0.000, j=10:0.000, j=11:0.000, j=12:0.000, j=13:0.000, j=14:0.000, j=15:0.000, j=16:0.000, j=17:0.000, j=18:0.000, j=19:0.000, j=20:0.000, j=21:0.000, j=22:0.000, j=23:0.000, j=24:0.000, j=25:0.000, j=26:0.000, j=27:0.000, j=28:0.000, j=29:0.000, j=30:0.000, j=31:0.000, j=32:0.000, j=33:0.000, j=34:0.000, j=35:0.000, j=36:0.003, j=37:0.369, j=38:0.600, j=39:0.026
      i=40 -> j=0:0.000, j=1:0.000, j=2:0.000, j=3:0.000, j=4:0.000, j=5:0.001, j=6:0.000, j=7:0.000, j=8:0.000, j=9:0.000, j=10:0.000, j=11:0.000, j=12:0.000, j=13:0.000, j=14:0.000, j=15:0.000, j=16:0.000, j=17:0.000, j=18:0.000, j=19:0.000, j=20:0.000, j=21:0.000, j=22:0.000, j=23:0.000, j=24:0.000, j=25:0.000, j=26:0.000, j=27:0.000, j=28:0.000, j=29:0.000, j=30:0.000, j=31:0.001, j=32:0.000, j=33:0.000, j=34:0.000, j=35:0.000, j=36:0.000, j=37:0.013, j=38:0.313, j=39:0.636, j=40:0.033
      i=41 -> j=0:0.000, j=1:0.000, j=2:0.000, j=3:0.000, j=4:0.000, j=5:0.000, j=6:0.000, j=7:0.000, j=8:0.000, j=9:0.000, j=10:0.000, j=11:0.000, j=12:0.000, j=13:0.000, j=14:0.000, j=15:0.000, j=16:0.000, j=17:0.000, j=18:0.000, j=19:0.000, j=20:0.000, j=21:0.000, j=22:0.000, j=23:0.000, j=24:0.000, j=25:0.000, j=26:0.000, j=27:0.000, j=28:0.000, j=29:0.000, j=30:0.000, j=31:0.000, j=32:0.000, j=33:0.000, j=34:0.000, j=35:0.000, j=36:0.000, j=37:0.000, j=38:0.004, j=39:0.227, j=40:0.692, j=41:0.075
      i=42 -> j=0:0.000, j=1:0.000, j=2:0.000, j=3:0.000, j=4:0.000, j=5:0.000, j=6:0.000, j=7:0.000, j=8:0.000, j=9:0.000, j=10:0.000, j=11:0.000, j=12:0.000, j=13:0.000, j=14:0.000, j=15:0.000, j=16:0.000, j=17:0.000, j=18:0.000, j=19:0.000, j=20:0.000, j=21:0.000, j=22:0.000, j=23:0.000, j=24:0.000, j=25:0.000, j=26:0.000, j=27:0.000, j=28:0.000, j=29:0.000, j=30:0.000, j=31:0.000, j=32:0.000, j=33:0.000, j=34:0.000, j=35:0.000, j=36:0.000, j=37:0.000, j=38:0.000, j=39:0.005, j=40:0.278, j=41:0.663, j=42:0.050
      i=43 -> j=0:0.000, j=1:0.000, j=2:0.000, j=3:0.000, j=4:0.000, j=5:0.000, j=6:0.000, j=7:0.000, j=8:0.000, j=9:0.000, j=10:0.000, j=11:0.000, j=12:0.000, j=13:0.000, j=14:0.000, j=15:0.000, j=16:0.000, j=17:0.000, j=18:0.000, j=19:0.000, j=20:0.000, j=21:0.000, j=22:0.000, j=23:0.000, j=24:0.000, j=25:0.000, j=26:0.000, j=27:0.000, j=28:0.000, j=29:0.000, j=30:0.000, j=31:0.000, j=32:0.000, j=33:0.000, j=34:0.001, j=35:0.000, j=36:0.000, j=37:0.000, j=38:0.000, j=39:0.000, j=40:0.015, j=41:0.382, j=42:0.433, j=43:0.164
      i=44 -> j=0:0.000, j=1:0.000, j=2:0.000, j=3:0.000, j=4:0.000, j=5:0.000, j=6:0.000, j=7:0.000, j=8:0.000, j=9:0.000, j=10:0.000, j=11:0.000, j=12:0.000, j=13:0.000, j=14:0.000, j=15:0.000, j=16:0.000, j=17:0.000, j=18:0.000, j=19:0.000, j=20:0.000, j=21:0.000, j=22:0.000, j=23:0.000, j=24:0.000, j=25:0.000, j=26:0.000, j=27:0.000, j=28:0.000, j=29:0.000, j=30:0.000, j=31:0.000, j=32:0.000, j=33:0.000, j=34:0.000, j=35:0.000, j=36:0.000, j=37:0.000, j=38:0.000, j=39:0.000, j=40:0.000, j=41:0.005, j=42:0.199, j=43:0.736, j=44:0.056
      i=45 -> j=0:0.000, j=1:0.000, j=2:0.000, j=3:0.000, j=4:0.000, j=5:0.000, j=6:0.000, j=7:0.000, j=8:0.000, j=9:0.000, j=10:0.000, j=11:0.000, j=12:0.000, j=13:0.000, j=14:0.000, j=15:0.000, j=16:0.000, j=17:0.000, j=18:0.000, j=19:0.000, j=20:0.000, j=21:0.000, j=22:0.000, j=23:0.000, j=24:0.000, j=25:0.000, j=26:0.000, j=27:0.000, j=28:0.000, j=29:0.000, j=30:0.000, j=31:0.000, j=32:0.000, j=33:0.000, j=34:0.000, j=35:0.000, j=36:0.000, j=37:0.000, j=38:0.000, j=39:0.000, j=40:0.000, j=41:0.000, j=42:0.005, j=43:0.235, j=44:0.694, j=45:0.061
      i=46 -> j=0:0.000, j=1:0.000, j=2:0.000, j=3:0.000, j=4:0.000, j=5:0.000, j=6:0.000, j=7:0.000, j=8:0.000, j=9:0.000, j=10:0.000, j=11:0.000, j=12:0.000, j=13:0.000, j=14:0.000, j=15:0.000, j=16:0.000, j=17:0.000, j=18:0.000, j=19:0.000, j=20:0.000, j=21:0.000, j=22:0.000, j=23:0.000, j=24:0.000, j=25:0.000, j=26:0.000, j=27:0.000, j=28:0.000, j=29:0.000, j=30:0.000, j=31:0.000, j=32:0.000, j=33:0.000, j=34:0.000, j=35:0.000, j=36:0.000, j=37:0.000, j=38:0.000, j=39:0.000, j=40:0.000, j=41:0.000, j=42:0.000, j=43:0.004, j=44:0.241, j=45:0.668, j=46:0.083
      i=47 -> j=0:0.000, j=1:0.000, j=2:0.000, j=3:0.000, j=4:0.000, j=5:0.000, j=6:0.000, j=7:0.000, j=8:0.000, j=9:0.000, j=10:0.000, j=11:0.000, j=12:0.000, j=13:0.000, j=14:0.000, j=15:0.000, j=16:0.000, j=17:0.000, j=18:0.000, j=19:0.000, j=20:0.000, j=21:0.000, j=22:0.000, j=23:0.000, j=24:0.000, j=25:0.000, j=26:0.000, j=27:0.000, j=28:0.000, j=29:0.000, j=30:0.000, j=31:0.000, j=32:0.000, j=33:0.000, j=34:0.000, j=35:0.000, j=36:0.000, j=37:0.000, j=38:0.000, j=39:0.000, j=40:0.000, j=41:0.000, j=42:0.000, j=43:0.000, j=44:0.004, j=45:0.255, j=46:0.703, j=47:0.036
      i=48 -> j=0:0.000, j=1:0.000, j=2:0.000, j=3:0.000, j=4:0.000, j=5:0.000, j=6:0.000, j=7:0.000, j=8:0.000, j=9:0.000, j=10:0.000, j=11:0.000, j=12:0.000, j=13:0.000, j=14:0.000, j=15:0.000, j=16:0.000, j=17:0.000, j=18:0.000, j=19:0.000, j=20:0.000, j=21:0.000, j=22:0.000, j=23:0.000, j=24:0.000, j=25:0.000, j=26:0.000, j=27:0.000, j=28:0.000, j=29:0.000, j=30:0.000, j=31:0.000, j=32:0.000, j=33:0.000, j=34:0.000, j=35:0.000, j=36:0.000, j=37:0.000, j=38:0.000, j=39:0.000, j=40:0.000, j=41:0.000, j=42:0.000, j=43:0.000, j=44:0.000, j=45:0.003, j=46:0.304, j=47:0.601, j=48:0.086
      i=49 -> j=0:0.000, j=1:0.000, j=2:0.000, j=3:0.000, j=4:0.000, j=5:0.000, j=6:0.000, j=7:0.000, j=8:0.000, j=9:0.000, j=10:0.000, j=11:0.000, j=12:0.000, j=13:0.000, j=14:0.000, j=15:0.000, j=16:0.000, j=17:0.000, j=18:0.000, j=19:0.000, j=20:0.000, j=21:0.000, j=22:0.000, j=23:0.000, j=24:0.000, j=25:0.000, j=26:0.000, j=27:0.000, j=28:0.000, j=29:0.000, j=30:0.000, j=31:0.000, j=32:0.000, j=33:0.000, j=34:0.000, j=35:0.000, j=36:0.000, j=37:0.000, j=38:0.000, j=39:0.000, j=40:0.001, j=41:0.000, j=42:0.000, j=43:0.000, j=44:0.000, j=45:0.000, j=46:0.007, j=47:0.532, j=48:0.426, j=49:0.028
      i=50 -> j=0:0.000, j=1:0.000, j=2:0.000, j=3:0.000, j=4:0.000, j=5:0.000, j=6:0.000, j=7:0.000, j=8:0.000, j=9:0.000, j=10:0.000, j=11:0.000, j=12:0.000, j=13:0.000, j=14:0.000, j=15:0.000, j=16:0.000, j=17:0.000, j=18:0.000, j=19:0.000, j=20:0.000, j=21:0.000, j=22:0.000, j=23:0.000, j=24:0.000, j=25:0.000, j=26:0.000, j=27:0.000, j=28:0.000, j=29:0.000, j=30:0.000, j=31:0.000, j=32:0.000, j=33:0.000, j=34:0.000, j=35:0.000, j=36:0.000, j=37:0.000, j=38:0.000, j=39:0.000, j=40:0.000, j=41:0.001, j=42:0.000, j=43:0.000, j=44:0.000, j=45:0.000, j=46:0.000, j=47:0.017, j=48:0.343, j=49:0.568, j=50:0.060
      i=51 -> j=0:0.000, j=1:0.000, j=2:0.000, j=3:0.000, j=4:0.000, j=5:0.000, j=6:0.000, j=7:0.000, j=8:0.000, j=9:0.000, j=10:0.000, j=11:0.000, j=12:0.000, j=13:0.000, j=14:0.000, j=15:0.000, j=16:0.000, j=17:0.000, j=18:0.000, j=19:0.000, j=20:0.000, j=21:0.000, j=22:0.000, j=23:0.000, j=24:0.000, j=25:0.000, j=26:0.000, j=27:0.000, j=28:0.000, j=29:0.000, j=30:0.000, j=31:0.000, j=32:0.000, j=33:0.000, j=34:0.000, j=35:0.000, j=36:0.000, j=37:0.000, j=38:0.000, j=39:0.000, j=40:0.000, j=41:0.000, j=42:0.000, j=43:0.000, j=44:0.000, j=45:0.000, j=46:0.000, j=47:0.000, j=48:0.006, j=49:0.297, j=50:0.612, j=51:0.080
      i=52 -> j=0:0.000, j=1:0.000, j=2:0.000, j=3:0.000, j=4:0.000, j=5:0.000, j=6:0.000, j=7:0.000, j=8:0.000, j=9:0.000, j=10:0.000, j=11:0.000, j=12:0.000, j=13:0.000, j=14:0.000, j=15:0.000, j=16:0.000, j=17:0.000, j=18:0.000, j=19:0.000, j=20:0.000, j=21:0.000, j=22:0.000, j=23:0.000, j=24:0.000, j=25:0.000, j=26:0.000, j=27:0.000, j=28:0.000, j=29:0.000, j=30:0.000, j=31:0.000, j=32:0.000, j=33:0.000, j=34:0.000, j=35:0.000, j=36:0.000, j=37:0.000, j=38:0.000, j=39:0.000, j=40:0.000, j=41:0.000, j=42:0.000, j=43:0.000, j=44:0.000, j=45:0.000, j=46:0.000, j=47:0.000, j=48:0.000, j=49:0.005, j=50:0.177, j=51:0.770, j=52:0.045
      i=53 -> j=0:0.000, j=1:0.000, j=2:0.000, j=3:0.000, j=4:0.000, j=5:0.000, j=6:0.000, j=7:0.000, j=8:0.000, j=9:0.000, j=10:0.000, j=11:0.000, j=12:0.000, j=13:0.000, j=14:0.000, j=15:0.000, j=16:0.000, j=17:0.000, j=18:0.000, j=19:0.000, j=20:0.000, j=21:0.000, j=22:0.000, j=23:0.000, j=24:0.000, j=25:0.000, j=26:0.000, j=27:0.000, j=28:0.000, j=29:0.000, j=30:0.000, j=31:0.000, j=32:0.000, j=33:0.000, j=34:0.000, j=35:0.000, j=36:0.000, j=37:0.000, j=38:0.000, j=39:0.000, j=40:0.000, j=41:0.000, j=42:0.000, j=43:0.000, j=44:0.000, j=45:0.000, j=46:0.000, j=47:0.000, j=48:0.000, j=49:0.000, j=50:0.006, j=51:0.285, j=52:0.578, j=53:0.125
      i=54 -> j=0:0.000, j=1:0.000, j=2:0.000, j=3:0.000, j=4:0.000, j=5:0.000, j=6:0.000, j=7:0.000, j=8:0.000, j=9:0.000, j=10:0.000, j=11:0.000, j=12:0.000, j=13:0.000, j=14:0.000, j=15:0.000, j=16:0.000, j=17:0.000, j=18:0.000, j=19:0.000, j=20:0.000, j=21:0.000, j=22:0.000, j=23:0.000, j=24:0.000, j=25:0.000, j=26:0.000, j=27:0.000, j=28:0.000, j=29:0.000, j=30:0.000, j=31:0.000, j=32:0.000, j=33:0.000, j=34:0.000, j=35:0.000, j=36:0.000, j=37:0.000, j=38:0.000, j=39:0.000, j=40:0.000, j=41:0.000, j=42:0.000, j=43:0.000, j=44:0.000, j=45:0.000, j=46:0.000, j=47:0.000, j=48:0.000, j=49:0.000, j=50:0.000, j=51:0.003, j=52:0.196, j=53:0.711, j=54:0.088
      i=55 -> j=0:0.000, j=1:0.000, j=2:0.000, j=3:0.000, j=4:0.000, j=5:0.000, j=6:0.000, j=7:0.000, j=8:0.000, j=9:0.000, j=10:0.000, j=11:0.000, j=12:0.000, j=13:0.000, j=14:0.000, j=15:0.000, j=16:0.001, j=17:0.000, j=18:0.000, j=19:0.000, j=20:0.001, j=21:0.000, j=22:0.000, j=23:0.000, j=24:0.000, j=25:0.000, j=26:0.000, j=27:0.000, j=28:0.000, j=29:0.000, j=30:0.000, j=31:0.000, j=32:0.000, j=33:0.000, j=34:0.000, j=35:0.000, j=36:0.000, j=37:0.000, j=38:0.000, j=39:0.000, j=40:0.000, j=41:0.000, j=42:0.000, j=43:0.000, j=44:0.000, j=45:0.000, j=46:0.000, j=47:0.000, j=48:0.000, j=49:0.000, j=50:0.000, j=51:0.000, j=52:0.002, j=53:0.313, j=54:0.572, j=55:0.103
      i=56 -> j=0:0.000, j=1:0.000, j=2:0.000, j=3:0.000, j=4:0.000, j=5:0.000, j=6:0.000, j=7:0.000, j=8:0.000, j=9:0.000, j=10:0.000, j=11:0.000, j=12:0.000, j=13:0.000, j=14:0.000, j=15:0.000, j=16:0.000, j=17:0.000, j=18:0.000, j=19:0.000, j=20:0.000, j=21:0.000, j=22:0.000, j=23:0.000, j=24:0.000, j=25:0.000, j=26:0.000, j=27:0.000, j=28:0.000, j=29:0.000, j=30:0.000, j=31:0.000, j=32:0.000, j=33:0.000, j=34:0.000, j=35:0.000, j=36:0.000, j=37:0.000, j=38:0.000, j=39:0.000, j=40:0.000, j=41:0.000, j=42:0.000, j=43:0.000, j=44:0.000, j=45:0.000, j=46:0.000, j=47:0.000, j=48:0.000, j=49:0.000, j=50:0.000, j=51:0.000, j=52:0.000, j=53:0.003, j=54:0.302, j=55:0.640, j=56:0.053
      i=57 -> j=0:0.000, j=1:0.000, j=2:0.000, j=3:0.000, j=4:0.000, j=5:0.001, j=6:0.000, j=7:0.000, j=8:0.000, j=9:0.000, j=10:0.000, j=11:0.000, j=12:0.000, j=13:0.000, j=14:0.000, j=15:0.000, j=16:0.001, j=17:0.000, j=18:0.001, j=19:0.000, j=20:0.001, j=21:0.000, j=22:0.000, j=23:0.001, j=24:0.000, j=25:0.000, j=26:0.000, j=27:0.000, j=28:0.001, j=29:0.000, j=30:0.000, j=31:0.000, j=32:0.000, j=33:0.000, j=34:0.000, j=35:0.000, j=36:0.000, j=37:0.000, j=38:0.000, j=39:0.000, j=40:0.000, j=41:0.000, j=42:0.000, j=43:0.000, j=44:0.000, j=45:0.000, j=46:0.000, j=47:0.000, j=48:0.000, j=49:0.000, j=50:0.000, j=51:0.000, j=52:0.000, j=53:0.000, j=54:0.002, j=55:0.403, j=56:0.465, j=57:0.119
      i=58 -> j=0:0.000, j=1:0.000, j=2:0.000, j=3:0.000, j=4:0.000, j=5:0.000, j=6:0.000, j=7:0.000, j=8:0.000, j=9:0.000, j=10:0.000, j=11:0.000, j=12:0.000, j=13:0.000, j=14:0.000, j=15:0.000, j=16:0.000, j=17:0.000, j=18:0.000, j=19:0.000, j=20:0.000, j=21:0.000, j=22:0.000, j=23:0.000, j=24:0.000, j=25:0.000, j=26:0.000, j=27:0.000, j=28:0.000, j=29:0.000, j=30:0.000, j=31:0.000, j=32:0.000, j=33:0.000, j=34:0.000, j=35:0.000, j=36:0.000, j=37:0.000, j=38:0.000, j=39:0.000, j=40:0.000, j=41:0.000, j=42:0.000, j=43:0.000, j=44:0.000, j=45:0.000, j=46:0.000, j=47:0.000, j=48:0.000, j=49:0.000, j=50:0.000, j=51:0.000, j=52:0.000, j=53:0.000, j=54:0.000, j=55:0.002, j=56:0.391, j=57:0.520, j=58:0.083
      i=59 -> j=0:0.001, j=1:0.001, j=2:0.001, j=3:0.001, j=4:0.001, j=5:0.000, j=6:0.001, j=7:0.001, j=8:0.001, j=9:0.000, j=10:0.000, j=11:0.001, j=12:0.001, j=13:0.001, j=14:0.000, j=15:0.001, j=16:0.000, j=17:0.000, j=18:0.001, j=19:0.001, j=20:0.000, j=21:0.000, j=22:0.000, j=23:0.000, j=24:0.001, j=25:0.001, j=26:0.001, j=27:0.001, j=28:0.000, j=29:0.000, j=30:0.000, j=31:0.001, j=32:0.001, j=33:0.000, j=34:0.000, j=35:0.000, j=36:0.000, j=37:0.000, j=38:0.000, j=39:0.000, j=40:0.000, j=41:0.000, j=42:0.000, j=43:0.000, j=44:0.000, j=45:0.000, j=46:0.000, j=47:0.000, j=48:0.000, j=49:0.000, j=50:0.000, j=51:0.000, j=52:0.000, j=53:0.000, j=54:0.000, j=55:0.000, j=56:0.014, j=57:0.196, j=58:0.740, j=59:0.028
      i=60 -> j=0:0.000, j=1:0.000, j=2:0.000, j=3:0.000, j=4:0.000, j=5:0.000, j=6:0.000, j=7:0.000, j=8:0.000, j=9:0.000, j=10:0.000, j=11:0.000, j=12:0.000, j=13:0.000, j=14:0.000, j=15:0.000, j=16:0.000, j=17:0.000, j=18:0.000, j=19:0.000, j=20:0.000, j=21:0.000, j=22:0.000, j=23:0.000, j=24:0.000, j=25:0.000, j=26:0.000, j=27:0.000, j=28:0.000, j=29:0.000, j=30:0.000, j=31:0.000, j=32:0.000, j=33:0.000, j=34:0.000, j=35:0.000, j=36:0.000, j=37:0.000, j=38:0.000, j=39:0.000, j=40:0.000, j=41:0.000, j=42:0.000, j=43:0.000, j=44:0.000, j=45:0.000, j=46:0.000, j=47:0.000, j=48:0.000, j=49:0.000, j=50:0.000, j=51:0.000, j=52:0.000, j=53:0.000, j=54:0.000, j=55:0.000, j=56:0.000, j=57:0.006, j=58:0.287, j=59:0.582, j=60:0.119
      i=61 -> j=0:0.000, j=1:0.000, j=2:0.000, j=3:0.000, j=4:0.000, j=5:0.000, j=6:0.000, j=7:0.000, j=8:0.000, j=9:0.000, j=10:0.000, j=11:0.000, j=12:0.000, j=13:0.000, j=14:0.000, j=15:0.000, j=16:0.000, j=17:0.000, j=18:0.000, j=19:0.000, j=20:0.000, j=21:0.000, j=22:0.000, j=23:0.000, j=24:0.000, j=25:0.000, j=26:0.000, j=27:0.000, j=28:0.000, j=29:0.000, j=30:0.000, j=31:0.000, j=32:0.000, j=33:0.000, j=34:0.000, j=35:0.000, j=36:0.000, j=37:0.000, j=38:0.000, j=39:0.000, j=40:0.000, j=41:0.000, j=42:0.000, j=43:0.000, j=44:0.000, j=45:0.000, j=46:0.000, j=47:0.000, j=48:0.000, j=49:0.000, j=50:0.000, j=51:0.000, j=52:0.000, j=53:0.000, j=54:0.000, j=55:0.000, j=56:0.000, j=57:0.000, j=58:0.001, j=59:0.287, j=60:0.697, j=61:0.014
      i=62 -> j=0:0.000, j=1:0.000, j=2:0.000, j=3:0.000, j=4:0.000, j=5:0.001, j=6:0.000, j=7:0.000, j=8:0.000, j=9:0.000, j=10:0.000, j=11:0.000, j=12:0.000, j=13:0.000, j=14:0.000, j=15:0.000, j=16:0.001, j=17:0.000, j=18:0.000, j=19:0.000, j=20:0.000, j=21:0.000, j=22:0.000, j=23:0.000, j=24:0.000, j=25:0.000, j=26:0.000, j=27:0.000, j=28:0.001, j=29:0.000, j=30:0.000, j=31:0.000, j=32:0.000, j=33:0.000, j=34:0.000, j=35:0.000, j=36:0.000, j=37:0.000, j=38:0.000, j=39:0.000, j=40:0.000, j=41:0.000, j=42:0.000, j=43:0.000, j=44:0.000, j=45:0.000, j=46:0.000, j=47:0.000, j=48:0.000, j=49:0.000, j=50:0.000, j=51:0.000, j=52:0.000, j=53:0.001, j=54:0.000, j=55:0.000, j=56:0.000, j=57:0.000, j=58:0.000, j=59:0.010, j=60:0.227, j=61:0.640, j=62:0.111
      i=63 -> j=0:0.000, j=1:0.000, j=2:0.000, j=3:0.000, j=4:0.000, j=5:0.000, j=6:0.000, j=7:0.000, j=8:0.000, j=9:0.000, j=10:0.000, j=11:0.000, j=12:0.000, j=13:0.000, j=14:0.000, j=15:0.000, j=16:0.000, j=17:0.000, j=18:0.000, j=19:0.000, j=20:0.000, j=21:0.000, j=22:0.000, j=23:0.000, j=24:0.000, j=25:0.000, j=26:0.000, j=27:0.000, j=28:0.000, j=29:0.000, j=30:0.000, j=31:0.000, j=32:0.000, j=33:0.000, j=34:0.000, j=35:0.000, j=36:0.000, j=37:0.000, j=38:0.000, j=39:0.000, j=40:0.000, j=41:0.000, j=42:0.000, j=43:0.000, j=44:0.000, j=45:0.000, j=46:0.000, j=47:0.000, j=48:0.000, j=49:0.000, j=50:0.000, j=51:0.000, j=52:0.000, j=53:0.000, j=54:0.000, j=55:0.000, j=56:0.000, j=57:0.000, j=58:0.000, j=59:0.000, j=60:0.004, j=61:0.488, j=62:0.462, j=63:0.038
    Average attention per distance:
      d=0:0.092, d=1:0.622, d=2:0.297


======================================================================
QK Property Verification (Raw Scores, before Softmax)
======================================================================
Recurrence order init_len=2, num test sequences=1

--- [P1] Long-distance Orthogonality Verification ---
Ideal: raw_score mean ≈ 0 and small std when d > init_len

  Layer 0, Head 0:
    d= 1 (effective): mean= 17.082, std= 0.260, n=63
    d= 2 (effective): mean= 13.220, std= 0.285, n=62
    d>2 (long-distance): mean= -0.605, std= 2.354, n=1891

  Layer 1, Head 0:
    d= 1 (effective): mean=  8.243, std= 0.819, n=63
    d= 2 (effective): mean=  7.475, std= 0.849, n=62
    d>2 (long-distance): mean= -0.761, std= 1.432, n=1891

--- [P2] Time-homogeneous Verification ---
Ideal: CV of raw_score across positions i ≈ 0 for fixed distance d
(CV = std / |mean|, smaller = more constant)

  Layer 0, Head 0:
    d= 1: mean= 17.082, std= 0.260, CV=0.015, n=63
    d= 2: mean= 13.220, std= 0.285, CV=0.022, n=62

  Layer 1, Head 0:
    d= 1: mean=  8.243, std= 0.819, CV=0.099, n=63
    d= 2: mean=  7.475, std= 0.849, CV=0.114, n=62

======================================================================
QK Property Verification Completed
======================================================================
