=== Experiment: mixed_basic_d256l4_r16_t32_c0.5 ===
Time: 2026-06-17T17:25:57.737192
Task type: mixed_ab
Merged config: {
  "P": 53,
  "TASK": "mixed_ab",
  "NUM_MASK": 2,
  "A": 1,
  "B": 1,
  "AB_PAIRS": [
    [
      1,
      1
    ],
    [
      1,
      2
    ]
  ],
  "D_MODEL": 256,
  "N_HEAD": 1,
  "N_LAYER": 4,
  "BATCH_SIZE": 128,
  "EPOCHS": 10000,
  "LR": 0.0003,
  "SAVE_PATH": "models/mixed_basic_d256l4_r16_t32_c0.5.pth",
  "USE_GREEDY_GENERATE": true,
  "USE_LEARNABLE_PE": false,
  "MLP_RATIO": 16,
  "TRAIN_LEN": 32,
  "OOD_LEN": 64,
  "DROPOUT": 0.0,
  "TARGET_INIT_COVERAGE": 0.5,
  "MAX_UNIQUE_RATIO": 0.5,
  "WEIGHT_DECAY": 1,
  "ENTROPY_PENALTY_WEIGHT": 0.0,
  "FIRST_TASK_WEIGHT": 1.0,
  "RANDOM_SEED": 42,
  "EVAL_INTERVAL": 20,
  "EARLY_STOP_NO_IMPROVE": 2000,
  "EARLY_STOP_ACCURACY": 0.99,
  "USE_AB_TAG": false,
  "USE_CONDITIONAL_WTE": false,
  "COND_WTE_SHARED_RATIO": 0.0
}
--- output ---
Using device: cuda

[Dataset] Mixed mode: generated 2810 + 2808 samples, length 32
AB parameter pairs: [(1, 1), (1, 2)]
--------------------------------------------------
[Model config] block_size: 64, train length: 32
[Number theory] AB parameter pairs: [(1, 1), (1, 2)]


Model parameters: 9.51M

Start training...
Epoch   0 | Train: Loss=4.0217 Acc=10.5% | Test: Acc=0.2% | Best=0.2%(@0)
  from x3: 0.00 0.00 0.00 0.00 0.00 0.00 0.00 0.00 0.00 0.00 0.00 0.00 0.00 0.00 0.00 0.00 0.00 0.00 0.00 0.00 0.00 0.00 0.00 0.00 0.00 0.00 0.00 0.00 0.00
  per-rule acc: 0.00 0.00
Epoch  20 | Train: Loss=0.0248 Acc=99.8% | Test: Acc=1.3% | Best=1.3%(@20)
  from x3: 0.02 0.01 0.01 0.01 0.01 0.01 0.01 0.01 0.01 0.01 0.01 0.01 0.01 0.01 0.01 0.01 0.01 0.01 0.01 0.01 0.01 0.01 0.01 0.01 0.01 0.01 0.01 0.01 0.01
  per-rule acc: 0.01 0.01
Epoch  40 | Train: Loss=0.0078 Acc=100.0% | Test: Acc=1.6% | Best=1.6%(@40)
  from x3: 0.02 0.01 0.02 0.02 0.02 0.02 0.02 0.02 0.02 0.02 0.02 0.02 0.02 0.02 0.02 0.02 0.02 0.02 0.02 0.02 0.02 0.02 0.02 0.02 0.02 0.02 0.01 0.01 0.01
  per-rule acc: 0.01 0.02
Epoch  60 | Train: Loss=0.0199 Acc=99.9% | Test: Acc=1.4% | Best=1.6%(@40)
  from x3: 0.02 0.02 0.02 0.02 0.01 0.01 0.01 0.01 0.01 0.01 0.01 0.01 0.01 0.01 0.01 0.01 0.01 0.01 0.01 0.01 0.01 0.01 0.01 0.01 0.01 0.01 0.01 0.01 0.01
  per-rule acc: 0.01 0.02
Epoch  80 | Train: Loss=0.0064 Acc=100.0% | Test: Acc=1.5% | Best=1.6%(@40)
  from x3: 0.02 0.02 0.02 0.02 0.02 0.02 0.01 0.01 0.02 0.02 0.02 0.01 0.01 0.02 0.02 0.02 0.02 0.02 0.02 0.02 0.01 0.01 0.01 0.01 0.01 0.01 0.01 0.01 0.01
  per-rule acc: 0.01 0.02
Epoch 100 | Train: Loss=1.2013 Acc=89.8% | Test: Acc=0.9% | Best=1.6%(@40)
  from x3: 0.01 0.01 0.01 0.01 0.01 0.01 0.01 0.01 0.01 0.01 0.01 0.01 0.01 0.01 0.01 0.01 0.01 0.01 0.01 0.01 0.01 0.01 0.01 0.01 0.01 0.01 0.01 0.01 0.01
  per-rule acc: 0.01 0.01
Epoch 120 | Train: Loss=0.0118 Acc=99.9% | Test: Acc=1.9% | Best=1.9%(@120)
  from x3: 0.02 0.02 0.02 0.02 0.02 0.02 0.02 0.02 0.02 0.02 0.02 0.02 0.02 0.02 0.02 0.02 0.02 0.02 0.02 0.02 0.02 0.02 0.02 0.02 0.02 0.02 0.02 0.02 0.02
  per-rule acc: 0.02 0.02
Epoch 140 | Train: Loss=0.0051 Acc=100.0% | Test: Acc=1.9% | Best=1.9%(@120)
  from x3: 0.02 0.02 0.02 0.02 0.02 0.02 0.02 0.02 0.02 0.02 0.02 0.02 0.02 0.02 0.02 0.02 0.02 0.02 0.02 0.02 0.02 0.02 0.02 0.02 0.02 0.02 0.02 0.02 0.02
  per-rule acc: 0.01 0.02
Epoch 160 | Train: Loss=0.1171 Acc=98.4% | Test: Acc=2.0% | Best=2.0%(@160)
  from x3: 0.02 0.02 0.02 0.02 0.02 0.02 0.02 0.02 0.02 0.02 0.02 0.02 0.02 0.02 0.02 0.02 0.02 0.02 0.02 0.02 0.02 0.02 0.02 0.02 0.02 0.02 0.02 0.02 0.02
  per-rule acc: 0.02 0.02
Epoch 180 | Train: Loss=0.0039 Acc=100.0% | Test: Acc=2.2% | Best=2.2%(@180)
  from x3: 0.02 0.02 0.02 0.02 0.02 0.02 0.02 0.02 0.02 0.02 0.02 0.02 0.02 0.02 0.02 0.02 0.02 0.02 0.02 0.02 0.02 0.02 0.02 0.02 0.02 0.02 0.02 0.02 0.02
  per-rule acc: 0.02 0.02
Epoch 200 | Train: Loss=0.0046 Acc=100.0% | Test: Acc=2.2% | Best=2.2%(@200)
  from x3: 0.03 0.02 0.02 0.02 0.02 0.02 0.02 0.02 0.02 0.02 0.02 0.02 0.02 0.02 0.02 0.02 0.02 0.02 0.02 0.02 0.02 0.02 0.02 0.02 0.02 0.02 0.02 0.02 0.02
  per-rule acc: 0.02 0.03
Epoch 220 | Train: Loss=0.0058 Acc=100.0% | Test: Acc=2.5% | Best=2.5%(@220)
  from x3: 0.03 0.02 0.02 0.02 0.03 0.02 0.02 0.03 0.03 0.03 0.02 0.02 0.02 0.02 0.03 0.02 0.02 0.02 0.02 0.02 0.02 0.02 0.02 0.02 0.02 0.02 0.02 0.02 0.02
  per-rule acc: 0.03 0.02
Epoch 240 | Train: Loss=0.0042 Acc=100.0% | Test: Acc=2.5% | Best=2.5%(@240)
  from x3: 0.03 0.03 0.03 0.03 0.03 0.03 0.03 0.02 0.03 0.02 0.02 0.02 0.02 0.03 0.02 0.02 0.02 0.02 0.02 0.02 0.03 0.03 0.02 0.02 0.02 0.02 0.03 0.02 0.02
  per-rule acc: 0.02 0.03
Epoch 260 | Train: Loss=0.0402 Acc=99.5% | Test: Acc=2.8% | Best=2.8%(@260)
  from x3: 0.03 0.03 0.03 0.03 0.03 0.03 0.03 0.03 0.03 0.03 0.03 0.03 0.03 0.03 0.03 0.03 0.03 0.03 0.03 0.03 0.03 0.03 0.03 0.03 0.03 0.03 0.03 0.03 0.03
  per-rule acc: 0.04 0.02
Epoch 280 | Train: Loss=0.0347 Acc=99.8% | Test: Acc=3.1% | Best=3.1%(@280)
  from x3: 0.04 0.03 0.03 0.03 0.03 0.03 0.03 0.03 0.03 0.03 0.03 0.03 0.03 0.03 0.03 0.03 0.03 0.03 0.03 0.03 0.03 0.03 0.03 0.03 0.03 0.03 0.03 0.03 0.03
  per-rule acc: 0.04 0.03
Epoch 300 | Train: Loss=0.0035 Acc=100.0% | Test: Acc=3.1% | Best=3.1%(@300)
  from x3: 0.04 0.03 0.03 0.03 0.03 0.03 0.03 0.03 0.03 0.03 0.03 0.03 0.03 0.03 0.03 0.03 0.03 0.03 0.03 0.03 0.03 0.03 0.03 0.03 0.03 0.03 0.03 0.03 0.03
  per-rule acc: 0.03 0.03
Epoch 320 | Train: Loss=0.1319 Acc=97.4% | Test: Acc=3.6% | Best=3.6%(@320)
  from x3: 0.04 0.04 0.04 0.03 0.04 0.04 0.04 0.04 0.04 0.04 0.03 0.03 0.04 0.03 0.03 0.04 0.04 0.04 0.03 0.03 0.03 0.04 0.04 0.04 0.04 0.04 0.04 0.04 0.04
  per-rule acc: 0.04 0.03
Epoch 340 | Train: Loss=0.0031 Acc=100.0% | Test: Acc=3.9% | Best=3.9%(@340)
  from x3: 0.04 0.03 0.03 0.04 0.04 0.04 0.04 0.04 0.04 0.04 0.04 0.04 0.04 0.04 0.04 0.04 0.04 0.04 0.04 0.04 0.04 0.04 0.04 0.04 0.04 0.04 0.04 0.04 0.04
  per-rule acc: 0.04 0.03
Epoch 360 | Train: Loss=0.0038 Acc=100.0% | Test: Acc=3.7% | Best=3.9%(@340)
  from x3: 0.04 0.04 0.03 0.04 0.04 0.04 0.04 0.04 0.04 0.04 0.04 0.04 0.04 0.04 0.04 0.04 0.04 0.04 0.04 0.04 0.04 0.04 0.04 0.04 0.04 0.04 0.04 0.04 0.04
  per-rule acc: 0.04 0.03
Epoch 380 | Train: Loss=0.0162 Acc=99.8% | Test: Acc=4.9% | Best=4.9%(@380)
  from x3: 0.05 0.05 0.05 0.05 0.05 0.05 0.05 0.05 0.05 0.05 0.05 0.05 0.05 0.05 0.05 0.05 0.05 0.05 0.05 0.05 0.05 0.05 0.05 0.05 0.05 0.05 0.05 0.05 0.05
  per-rule acc: 0.06 0.04
Epoch 400 | Train: Loss=0.0035 Acc=100.0% | Test: Acc=4.4% | Best=4.9%(@380)
  from x3: 0.05 0.05 0.04 0.05 0.04 0.04 0.04 0.04 0.04 0.04 0.04 0.04 0.04 0.04 0.04 0.04 0.04 0.04 0.04 0.04 0.04 0.05 0.04 0.04 0.04 0.04 0.04 0.05 0.04
  per-rule acc: 0.05 0.04
Epoch 420 | Train: Loss=0.0038 Acc=100.0% | Test: Acc=4.4% | Best=4.9%(@380)
  from x3: 0.05 0.05 0.04 0.04 0.04 0.04 0.04 0.04 0.04 0.04 0.04 0.04 0.04 0.04 0.04 0.04 0.04 0.04 0.04 0.04 0.04 0.04 0.04 0.04 0.04 0.05 0.05 0.05 0.05
  per-rule acc: 0.05 0.04
Epoch 440 | Train: Loss=0.0090 Acc=99.9% | Test: Acc=5.1% | Best=5.1%(@440)
  from x3: 0.06 0.05 0.05 0.05 0.05 0.05 0.05 0.05 0.05 0.05 0.05 0.05 0.05 0.05 0.05 0.05 0.05 0.05 0.05 0.05 0.05 0.05 0.05 0.05 0.05 0.05 0.05 0.05 0.05
  per-rule acc: 0.06 0.04
Epoch 460 | Train: Loss=0.0035 Acc=100.0% | Test: Acc=5.1% | Best=5.1%(@440)
  from x3: 0.06 0.05 0.05 0.05 0.05 0.05 0.05 0.05 0.05 0.05 0.05 0.05 0.05 0.05 0.05 0.05 0.05 0.05 0.05 0.05 0.05 0.05 0.05 0.05 0.05 0.05 0.05 0.05 0.05
  per-rule acc: 0.06 0.04
Epoch 480 | Train: Loss=0.0339 Acc=99.6% | Test: Acc=5.3% | Best=5.3%(@480)
  from x3: 0.06 0.05 0.05 0.05 0.05 0.05 0.05 0.05 0.05 0.05 0.05 0.05 0.05 0.05 0.05 0.05 0.05 0.05 0.05 0.05 0.05 0.05 0.05 0.05 0.05 0.05 0.05 0.05 0.05
  per-rule acc: 0.07 0.03
Epoch 500 | Train: Loss=0.0102 Acc=99.9% | Test: Acc=6.0% | Best=6.0%(@500)
  from x3: 0.07 0.06 0.06 0.06 0.06 0.06 0.06 0.06 0.06 0.06 0.06 0.06 0.06 0.06 0.06 0.06 0.06 0.06 0.06 0.06 0.06 0.06 0.06 0.06 0.06 0.06 0.06 0.06 0.06
  per-rule acc: 0.07 0.05
Epoch 520 | Train: Loss=0.0035 Acc=100.0% | Test: Acc=5.9% | Best=6.0%(@500)
  from x3: 0.06 0.06 0.06 0.06 0.06 0.06 0.06 0.06 0.06 0.06 0.06 0.06 0.06 0.06 0.06 0.06 0.06 0.06 0.06 0.06 0.06 0.06 0.06 0.06 0.06 0.06 0.06 0.06 0.06
  per-rule acc: 0.07 0.04
Epoch 540 | Train: Loss=0.0210 Acc=99.9% | Test: Acc=7.5% | Best=7.5%(@540)
  from x3: 0.08 0.07 0.07 0.08 0.08 0.07 0.08 0.08 0.07 0.08 0.08 0.07 0.08 0.08 0.08 0.08 0.08 0.08 0.08 0.08 0.08 0.08 0.08 0.08 0.08 0.08 0.08 0.08 0.08
  per-rule acc: 0.10 0.05
Epoch 560 | Train: Loss=0.0030 Acc=100.0% | Test: Acc=6.6% | Best=7.5%(@540)
  from x3: 0.07 0.06 0.07 0.07 0.06 0.07 0.06 0.06 0.06 0.06 0.06 0.06 0.07 0.06 0.07 0.07 0.07 0.07 0.07 0.07 0.07 0.07 0.07 0.07 0.07 0.07 0.07 0.07 0.07
  per-rule acc: 0.08 0.05
Epoch 580 | Train: Loss=0.0037 Acc=100.0% | Test: Acc=6.9% | Best=7.5%(@540)
  from x3: 0.07 0.07 0.07 0.07 0.07 0.07 0.07 0.07 0.07 0.07 0.07 0.07 0.07 0.07 0.07 0.07 0.07 0.07 0.07 0.07 0.07 0.07 0.07 0.07 0.07 0.07 0.07 0.07 0.07
  per-rule acc: 0.09 0.05
Epoch 600 | Train: Loss=0.0130 Acc=99.8% | Test: Acc=7.9% | Best=7.9%(@600)
  from x3: 0.09 0.08 0.08 0.08 0.08 0.08 0.08 0.08 0.08 0.08 0.08 0.08 0.08 0.08 0.08 0.08 0.08 0.08 0.08 0.08 0.08 0.08 0.08 0.08 0.08 0.08 0.08 0.08 0.08
  per-rule acc: 0.11 0.05
Epoch 620 | Train: Loss=0.0033 Acc=100.0% | Test: Acc=8.1% | Best=8.1%(@620)
  from x3: 0.08 0.07 0.08 0.08 0.08 0.08 0.08 0.08 0.08 0.08 0.08 0.08 0.08 0.08 0.08 0.08 0.08 0.08 0.08 0.08 0.08 0.08 0.08 0.08 0.08 0.08 0.08 0.08 0.08
  per-rule acc: 0.11 0.05
Epoch 640 | Train: Loss=0.0366 Acc=99.5% | Test: Acc=8.5% | Best=8.5%(@640)
  from x3: 0.09 0.08 0.08 0.08 0.08 0.09 0.09 0.09 0.09 0.09 0.09 0.08 0.09 0.08 0.09 0.08 0.09 0.09 0.08 0.09 0.09 0.08 0.08 0.09 0.09 0.09 0.09 0.08 0.08
  per-rule acc: 0.11 0.06
Epoch 660 | Train: Loss=0.0043 Acc=100.0% | Test: Acc=8.8% | Best=8.8%(@660)
  from x3: 0.10 0.09 0.09 0.09 0.09 0.09 0.09 0.09 0.09 0.09 0.09 0.09 0.09 0.09 0.09 0.09 0.09 0.09 0.09 0.09 0.09 0.09 0.09 0.09 0.09 0.09 0.09 0.09 0.09
  per-rule acc: 0.12 0.06
Epoch 680 | Train: Loss=0.0036 Acc=100.0% | Test: Acc=9.2% | Best=9.2%(@680)
  from x3: 0.10 0.10 0.09 0.09 0.09 0.09 0.09 0.09 0.09 0.09 0.09 0.09 0.09 0.09 0.09 0.09 0.09 0.09 0.09 0.09 0.09 0.09 0.09 0.09 0.09 0.09 0.09 0.09 0.10
  per-rule acc: 0.12 0.06
Epoch 700 | Train: Loss=0.0200 Acc=99.8% | Test: Acc=10.4% | Best=10.4%(@700)
  from x3: 0.11 0.10 0.10 0.10 0.10 0.10 0.10 0.10 0.11 0.11 0.11 0.10 0.10 0.11 0.10 0.10 0.11 0.11 0.10 0.10 0.10 0.11 0.11 0.11 0.10 0.11 0.11 0.11 0.11
  per-rule acc: 0.14 0.07
Epoch 720 | Train: Loss=0.0086 Acc=99.9% | Test: Acc=10.4% | Best=10.4%(@700)
  from x3: 0.12 0.11 0.10 0.10 0.10 0.10 0.10 0.10 0.10 0.10 0.10 0.10 0.10 0.10 0.11 0.11 0.11 0.11 0.11 0.10 0.10 0.10 0.11 0.10 0.10 0.10 0.10 0.11 0.10
  per-rule acc: 0.14 0.07
Epoch 740 | Train: Loss=0.0033 Acc=100.0% | Test: Acc=10.8% | Best=10.8%(@740)
  from x3: 0.11 0.10 0.11 0.11 0.11 0.11 0.11 0.11 0.11 0.11 0.11 0.11 0.11 0.11 0.11 0.11 0.11 0.11 0.11 0.11 0.11 0.11 0.11 0.11 0.11 0.11 0.11 0.11 0.11
  per-rule acc: 0.15 0.07
Epoch 760 | Train: Loss=0.0816 Acc=99.0% | Test: Acc=9.1% | Best=10.8%(@740)
  from x3: 0.10 0.09 0.09 0.09 0.09 0.09 0.09 0.09 0.09 0.09 0.09 0.09 0.09 0.09 0.09 0.09 0.09 0.09 0.09 0.09 0.09 0.09 0.09 0.09 0.09 0.09 0.09 0.09 0.09
  per-rule acc: 0.12 0.06
Epoch 780 | Train: Loss=0.0109 Acc=99.9% | Test: Acc=12.2% | Best=12.2%(@780)
  from x3: 0.13 0.12 0.12 0.12 0.12 0.12 0.12 0.12 0.12 0.12 0.12 0.12 0.12 0.12 0.12 0.12 0.12 0.12 0.12 0.12 0.12 0.12 0.12 0.12 0.12 0.12 0.12 0.12 0.12
  per-rule acc: 0.17 0.08
Epoch 800 | Train: Loss=0.0034 Acc=100.0% | Test: Acc=12.2% | Best=12.2%(@800)
  from x3: 0.12 0.12 0.12 0.12 0.12 0.12 0.12 0.12 0.12 0.12 0.12 0.12 0.12 0.12 0.12 0.12 0.12 0.12 0.12 0.12 0.12 0.12 0.12 0.12 0.12 0.12 0.12 0.12 0.12
  per-rule acc: 0.16 0.08
Epoch 820 | Train: Loss=0.0123 Acc=99.9% | Test: Acc=13.0% | Best=13.0%(@820)
  from x3: 0.14 0.13 0.13 0.13 0.13 0.13 0.13 0.13 0.13 0.13 0.13 0.13 0.13 0.13 0.13 0.13 0.13 0.13 0.13 0.13 0.13 0.13 0.13 0.13 0.13 0.13 0.13 0.13 0.13
  per-rule acc: 0.17 0.09
Epoch 840 | Train: Loss=0.0034 Acc=100.0% | Test: Acc=13.4% | Best=13.4%(@840)
  from x3: 0.13 0.13 0.13 0.14 0.13 0.13 0.13 0.14 0.13 0.13 0.13 0.13 0.13 0.13 0.13 0.14 0.13 0.13 0.13 0.13 0.13 0.13 0.13 0.13 0.13 0.13 0.14 0.13 0.13
  per-rule acc: 0.18 0.08
Epoch 860 | Train: Loss=0.0332 Acc=99.6% | Test: Acc=12.6% | Best=13.4%(@840)
  from x3: 0.12 0.12 0.12 0.13 0.13 0.13 0.13 0.13 0.13 0.12 0.13 0.12 0.13 0.13 0.13 0.13 0.13 0.13 0.13 0.13 0.13 0.13 0.13 0.13 0.13 0.13 0.13 0.13 0.13
  per-rule acc: 0.17 0.08
Epoch 880 | Train: Loss=0.0080 Acc=99.9% | Test: Acc=14.8% | Best=14.8%(@880)
  from x3: 0.16 0.14 0.15 0.15 0.15 0.15 0.15 0.15 0.15 0.15 0.15 0.15 0.15 0.15 0.15 0.15 0.15 0.15 0.15 0.15 0.15 0.15 0.15 0.15 0.15 0.15 0.15 0.15 0.15
  per-rule acc: 0.21 0.08
Epoch 900 | Train: Loss=0.0072 Acc=99.9% | Test: Acc=15.5% | Best=15.5%(@900)
  from x3: 0.16 0.15 0.15 0.15 0.15 0.15 0.15 0.15 0.16 0.16 0.16 0.15 0.16 0.16 0.16 0.16 0.16 0.16 0.16 0.16 0.16 0.16 0.16 0.16 0.16 0.16 0.16 0.16 0.16
  per-rule acc: 0.22 0.09
Epoch 920 | Train: Loss=0.0084 Acc=99.9% | Test: Acc=16.1% | Best=16.1%(@920)
  from x3: 0.16 0.16 0.16 0.16 0.16 0.16 0.16 0.16 0.16 0.16 0.16 0.16 0.16 0.16 0.16 0.16 0.16 0.16 0.16 0.16 0.16 0.16 0.16 0.16 0.16 0.16 0.16 0.16 0.16
  per-rule acc: 0.22 0.10
Epoch 940 | Train: Loss=0.0036 Acc=100.0% | Test: Acc=15.3% | Best=16.1%(@920)
  from x3: 0.15 0.15 0.15 0.15 0.15 0.15 0.15 0.16 0.15 0.15 0.15 0.15 0.15 0.15 0.15 0.15 0.15 0.15 0.15 0.15 0.15 0.15 0.15 0.15 0.15 0.15 0.15 0.15 0.15
  per-rule acc: 0.21 0.10
Epoch 960 | Train: Loss=0.0292 Acc=99.7% | Test: Acc=15.5% | Best=16.1%(@920)
  from x3: 0.15 0.15 0.15 0.15 0.15 0.15 0.15 0.15 0.15 0.16 0.16 0.16 0.16 0.16 0.16 0.16 0.16 0.16 0.16 0.16 0.16 0.16 0.16 0.16 0.16 0.16 0.16 0.16 0.16
  per-rule acc: 0.20 0.11
Epoch 980 | Train: Loss=0.0052 Acc=100.0% | Test: Acc=16.9% | Best=16.9%(@980)
  from x3: 0.17 0.17 0.17 0.17 0.17 0.17 0.17 0.17 0.17 0.17 0.17 0.17 0.17 0.17 0.17 0.17 0.17 0.17 0.17 0.17 0.17 0.17 0.17 0.17 0.17 0.17 0.17 0.17 0.17
  per-rule acc: 0.23 0.11
Epoch 1000 | Train: Loss=0.0053 Acc=100.0% | Test: Acc=18.8% | Best=18.8%(@1000)
  from x3: 0.18 0.18 0.18 0.19 0.19 0.19 0.19 0.19 0.19 0.19 0.19 0.19 0.19 0.19 0.19 0.19 0.19 0.19 0.19 0.19 0.19 0.19 0.19 0.19 0.19 0.19 0.19 0.19 0.19
  per-rule acc: 0.26 0.12
Epoch 1020 | Train: Loss=0.0203 Acc=99.7% | Test: Acc=16.4% | Best=18.8%(@1000)
  from x3: 0.16 0.16 0.16 0.16 0.16 0.16 0.16 0.16 0.16 0.16 0.16 0.16 0.16 0.16 0.16 0.16 0.16 0.16 0.16 0.16 0.16 0.17 0.16 0.17 0.17 0.17 0.17 0.17 0.17
  per-rule acc: 0.22 0.11
Epoch 1040 | Train: Loss=0.0087 Acc=99.9% | Test: Acc=17.5% | Best=18.8%(@1000)
  from x3: 0.18 0.17 0.17 0.18 0.17 0.17 0.17 0.17 0.17 0.18 0.18 0.18 0.18 0.17 0.18 0.18 0.18 0.18 0.18 0.18 0.18 0.18 0.18 0.18 0.18 0.18 0.18 0.18 0.18
  per-rule acc: 0.24 0.11
Epoch 1060 | Train: Loss=0.0082 Acc=99.9% | Test: Acc=19.1% | Best=19.1%(@1060)
  from x3: 0.19 0.18 0.19 0.19 0.19 0.19 0.19 0.19 0.19 0.19 0.19 0.19 0.19 0.19 0.19 0.19 0.19 0.19 0.19 0.19 0.19 0.19 0.19 0.19 0.19 0.19 0.19 0.19 0.19
  per-rule acc: 0.26 0.12
Epoch 1080 | Train: Loss=0.0071 Acc=100.0% | Test: Acc=18.3% | Best=19.1%(@1060)
  from x3: 0.18 0.18 0.18 0.18 0.18 0.18 0.18 0.18 0.18 0.18 0.18 0.18 0.18 0.18 0.18 0.18 0.18 0.18 0.18 0.18 0.18 0.18 0.18 0.18 0.18 0.18 0.18 0.18 0.18
  per-rule acc: 0.25 0.12
Epoch 1100 | Train: Loss=0.0075 Acc=99.9% | Test: Acc=18.8% | Best=19.1%(@1060)
  from x3: 0.18 0.18 0.19 0.19 0.18 0.19 0.19 0.19 0.19 0.19 0.19 0.19 0.19 0.19 0.19 0.19 0.19 0.19 0.19 0.19 0.19 0.19 0.19 0.19 0.19 0.19 0.19 0.19 0.19
  per-rule acc: 0.26 0.12
Epoch 1120 | Train: Loss=0.0068 Acc=100.0% | Test: Acc=21.4% | Best=21.4%(@1120)
  from x3: 0.21 0.21 0.21 0.21 0.21 0.21 0.21 0.21 0.21 0.21 0.21 0.21 0.21 0.21 0.21 0.21 0.21 0.22 0.22 0.22 0.22 0.22 0.22 0.22 0.22 0.22 0.22 0.22 0.22
  per-rule acc: 0.29 0.13
Epoch 1140 | Train: Loss=0.0038 Acc=100.0% | Test: Acc=20.4% | Best=21.4%(@1120)
  from x3: 0.20 0.19 0.20 0.20 0.20 0.20 0.20 0.20 0.20 0.20 0.20 0.21 0.20 0.20 0.20 0.21 0.21 0.21 0.21 0.21 0.21 0.21 0.21 0.21 0.21 0.21 0.21 0.21 0.21
  per-rule acc: 0.27 0.14
Epoch 1160 | Train: Loss=0.0172 Acc=99.9% | Test: Acc=20.5% | Best=21.4%(@1120)
  from x3: 0.20 0.20 0.20 0.20 0.20 0.21 0.20 0.20 0.20 0.21 0.21 0.20 0.21 0.20 0.21 0.21 0.21 0.21 0.21 0.21 0.21 0.21 0.21 0.21 0.21 0.21 0.21 0.21 0.21
  per-rule acc: 0.28 0.13
Epoch 1180 | Train: Loss=0.0050 Acc=100.0% | Test: Acc=21.4% | Best=21.4%(@1180)
  from x3: 0.21 0.21 0.21 0.22 0.21 0.21 0.22 0.21 0.22 0.22 0.21 0.22 0.22 0.22 0.22 0.22 0.22 0.21 0.21 0.22 0.22 0.22 0.22 0.21 0.22 0.22 0.21 0.21 0.21
  per-rule acc: 0.29 0.13
Epoch 1200 | Train: Loss=0.0119 Acc=99.9% | Test: Acc=19.9% | Best=21.4%(@1180)
  from x3: 0.20 0.20 0.20 0.20 0.20 0.20 0.20 0.20 0.20 0.20 0.20 0.20 0.20 0.20 0.20 0.20 0.20 0.20 0.20 0.20 0.20 0.20 0.20 0.20 0.20 0.20 0.20 0.20 0.20
  per-rule acc: 0.27 0.13
Epoch 1220 | Train: Loss=0.0145 Acc=99.8% | Test: Acc=21.7% | Best=21.7%(@1220)
  from x3: 0.21 0.21 0.22 0.22 0.22 0.22 0.22 0.22 0.22 0.22 0.22 0.22 0.22 0.22 0.22 0.22 0.22 0.22 0.22 0.22 0.22 0.22 0.22 0.22 0.22 0.22 0.22 0.22 0.22
  per-rule acc: 0.29 0.14
Epoch 1240 | Train: Loss=0.0127 Acc=99.8% | Test: Acc=22.6% | Best=22.6%(@1240)
  from x3: 0.22 0.22 0.22 0.22 0.22 0.22 0.22 0.23 0.23 0.23 0.23 0.23 0.23 0.23 0.23 0.23 0.23 0.23 0.23 0.23 0.23 0.23 0.23 0.23 0.23 0.23 0.23 0.23 0.23
  per-rule acc: 0.30 0.15
Epoch 1260 | Train: Loss=0.0119 Acc=99.9% | Test: Acc=23.1% | Best=23.1%(@1260)
  from x3: 0.22 0.23 0.24 0.23 0.23 0.23 0.23 0.23 0.23 0.23 0.23 0.23 0.23 0.23 0.23 0.23 0.23 0.23 0.23 0.23 0.23 0.23 0.23 0.23 0.23 0.23 0.23 0.23 0.23
  per-rule acc: 0.32 0.15
Epoch 1280 | Train: Loss=0.0085 Acc=99.9% | Test: Acc=24.7% | Best=24.7%(@1280)
  from x3: 0.24 0.23 0.24 0.24 0.24 0.24 0.24 0.24 0.25 0.25 0.25 0.25 0.25 0.25 0.25 0.25 0.25 0.25 0.25 0.25 0.25 0.25 0.25 0.25 0.25 0.25 0.25 0.25 0.25
  per-rule acc: 0.33 0.16
Epoch 1300 | Train: Loss=0.0089 Acc=100.0% | Test: Acc=23.2% | Best=24.7%(@1280)
  from x3: 0.23 0.23 0.23 0.23 0.23 0.23 0.23 0.23 0.23 0.23 0.23 0.23 0.23 0.23 0.23 0.23 0.24 0.24 0.23 0.23 0.24 0.24 0.23 0.23 0.24 0.23 0.24 0.24 0.24
  per-rule acc: 0.31 0.16
Epoch 1320 | Train: Loss=0.0139 Acc=99.8% | Test: Acc=24.4% | Best=24.7%(@1280)
  from x3: 0.24 0.24 0.25 0.24 0.25 0.24 0.24 0.24 0.24 0.24 0.24 0.24 0.24 0.24 0.24 0.24 0.24 0.24 0.24 0.24 0.24 0.24 0.24 0.25 0.25 0.25 0.25 0.25 0.25
  per-rule acc: 0.33 0.16
Epoch 1340 | Train: Loss=0.0191 Acc=99.7% | Test: Acc=23.8% | Best=24.7%(@1280)
  from x3: 0.23 0.24 0.23 0.24 0.23 0.24 0.24 0.24 0.24 0.24 0.24 0.24 0.24 0.24 0.24 0.24 0.24 0.24 0.24 0.24 0.24 0.24 0.24 0.24 0.24 0.24 0.24 0.24 0.24
  per-rule acc: 0.31 0.17
Epoch 1360 | Train: Loss=0.0124 Acc=99.8% | Test: Acc=25.0% | Best=25.0%(@1360)
  from x3: 0.23 0.25 0.25 0.25 0.25 0.25 0.25 0.25 0.25 0.25 0.25 0.25 0.25 0.25 0.25 0.25 0.25 0.25 0.25 0.25 0.25 0.25 0.25 0.25 0.25 0.25 0.25 0.25 0.25
  per-rule acc: 0.34 0.16
Epoch 1380 | Train: Loss=0.0057 Acc=100.0% | Test: Acc=26.8% | Best=26.8%(@1380)
  from x3: 0.25 0.26 0.26 0.26 0.26 0.26 0.27 0.27 0.27 0.27 0.27 0.27 0.27 0.27 0.27 0.27 0.27 0.27 0.27 0.27 0.27 0.27 0.27 0.27 0.27 0.27 0.27 0.27 0.27
  per-rule acc: 0.35 0.19
Epoch 1400 | Train: Loss=0.0069 Acc=99.9% | Test: Acc=25.4% | Best=26.8%(@1380)
  from x3: 0.24 0.25 0.25 0.25 0.25 0.26 0.26 0.25 0.25 0.25 0.25 0.25 0.25 0.25 0.26 0.26 0.25 0.26 0.26 0.26 0.26 0.26 0.26 0.25 0.25 0.26 0.26 0.25 0.26
  per-rule acc: 0.33 0.18
Epoch 1420 | Train: Loss=0.0079 Acc=99.9% | Test: Acc=26.8% | Best=26.8%(@1420)
  from x3: 0.25 0.26 0.27 0.27 0.27 0.27 0.27 0.27 0.27 0.27 0.27 0.27 0.27 0.27 0.27 0.27 0.27 0.27 0.27 0.27 0.27 0.27 0.27 0.27 0.27 0.27 0.27 0.27 0.27
  per-rule acc: 0.35 0.19
Epoch 1440 | Train: Loss=0.0088 Acc=99.9% | Test: Acc=26.8% | Best=26.8%(@1420)
  from x3: 0.26 0.27 0.26 0.27 0.26 0.26 0.27 0.26 0.27 0.27 0.27 0.27 0.27 0.27 0.27 0.27 0.27 0.27 0.27 0.27 0.27 0.27 0.27 0.27 0.27 0.27 0.27 0.27 0.27
  per-rule acc: 0.35 0.18
Epoch 1460 | Train: Loss=0.0102 Acc=99.9% | Test: Acc=26.2% | Best=26.8%(@1420)
  from x3: 0.25 0.25 0.26 0.26 0.26 0.26 0.26 0.26 0.26 0.26 0.26 0.26 0.26 0.26 0.26 0.26 0.26 0.26 0.26 0.26 0.26 0.26 0.26 0.26 0.26 0.26 0.26 0.26 0.26
  per-rule acc: 0.33 0.19
Epoch 1480 | Train: Loss=0.0086 Acc=99.9% | Test: Acc=26.6% | Best=26.8%(@1420)
  from x3: 0.26 0.27 0.26 0.26 0.27 0.26 0.27 0.26 0.27 0.27 0.27 0.27 0.27 0.26 0.27 0.26 0.27 0.27 0.27 0.27 0.26 0.27 0.27 0.27 0.27 0.27 0.27 0.27 0.27
  per-rule acc: 0.36 0.18
Epoch 1500 | Train: Loss=0.0111 Acc=99.9% | Test: Acc=26.9% | Best=26.9%(@1500)
  from x3: 0.25 0.27 0.26 0.27 0.27 0.27 0.27 0.27 0.27 0.27 0.27 0.27 0.27 0.27 0.27 0.27 0.27 0.27 0.27 0.27 0.27 0.27 0.27 0.27 0.27 0.27 0.27 0.27 0.27
  per-rule acc: 0.35 0.19
Epoch 1520 | Train: Loss=0.0157 Acc=99.8% | Test: Acc=28.4% | Best=28.4%(@1520)
  from x3: 0.27 0.28 0.28 0.28 0.28 0.28 0.29 0.28 0.28 0.29 0.28 0.28 0.28 0.29 0.28 0.28 0.28 0.28 0.28 0.28 0.28 0.28 0.28 0.28 0.28 0.28 0.28 0.28 0.28
  per-rule acc: 0.36 0.21
Epoch 1540 | Train: Loss=0.0114 Acc=99.9% | Test: Acc=25.7% | Best=28.4%(@1520)
  from x3: 0.25 0.25 0.26 0.25 0.25 0.26 0.26 0.25 0.26 0.26 0.26 0.26 0.26 0.26 0.26 0.26 0.26 0.26 0.26 0.26 0.26 0.26 0.26 0.26 0.26 0.26 0.26 0.26 0.26
  per-rule acc: 0.33 0.18
Epoch 1560 | Train: Loss=0.0110 Acc=99.9% | Test: Acc=28.2% | Best=28.4%(@1520)
  from x3: 0.27 0.28 0.28 0.28 0.28 0.28 0.28 0.28 0.28 0.28 0.28 0.28 0.28 0.28 0.28 0.28 0.28 0.28 0.28 0.28 0.28 0.28 0.28 0.28 0.28 0.29 0.29 0.29 0.29
  per-rule acc: 0.36 0.21
Epoch 1580 | Train: Loss=0.0080 Acc=99.9% | Test: Acc=29.2% | Best=29.2%(@1580)
  from x3: 0.27 0.29 0.30 0.29 0.29 0.29 0.29 0.29 0.29 0.29 0.29 0.29 0.29 0.29 0.29 0.29 0.29 0.29 0.29 0.29 0.29 0.29 0.29 0.29 0.29 0.29 0.29 0.29 0.29
  per-rule acc: 0.37 0.21
Epoch 1600 | Train: Loss=0.0064 Acc=99.9% | Test: Acc=29.6% | Best=29.6%(@1600)
  from x3: 0.28 0.29 0.30 0.29 0.29 0.29 0.29 0.30 0.30 0.30 0.30 0.30 0.30 0.30 0.30 0.30 0.30 0.30 0.30 0.30 0.30 0.30 0.30 0.30 0.30 0.30 0.30 0.30 0.30
  per-rule acc: 0.39 0.20
Epoch 1620 | Train: Loss=0.0069 Acc=100.0% | Test: Acc=30.0% | Best=30.0%(@1620)
  from x3: 0.28 0.29 0.31 0.30 0.30 0.29 0.29 0.30 0.30 0.30 0.30 0.30 0.30 0.30 0.30 0.30 0.30 0.30 0.30 0.30 0.30 0.30 0.30 0.30 0.30 0.31 0.30 0.30 0.31
  per-rule acc: 0.39 0.21
Epoch 1640 | Train: Loss=0.0036 Acc=100.0% | Test: Acc=32.8% | Best=32.8%(@1640)
  from x3: 0.30 0.31 0.32 0.32 0.32 0.33 0.33 0.33 0.33 0.33 0.33 0.33 0.33 0.33 0.33 0.33 0.33 0.33 0.33 0.33 0.33 0.33 0.33 0.33 0.33 0.33 0.33 0.33 0.33
  per-rule acc: 0.40 0.25
Epoch 1660 | Train: Loss=0.0043 Acc=100.0% | Test: Acc=30.1% | Best=32.8%(@1640)
  from x3: 0.29 0.29 0.30 0.30 0.30 0.30 0.30 0.30 0.30 0.30 0.30 0.30 0.30 0.30 0.30 0.30 0.30 0.30 0.30 0.30 0.30 0.30 0.30 0.30 0.30 0.30 0.30 0.30 0.30
  per-rule acc: 0.36 0.25
Epoch 1680 | Train: Loss=0.0113 Acc=99.9% | Test: Acc=30.8% | Best=32.8%(@1640)
  from x3: 0.30 0.30 0.31 0.31 0.30 0.31 0.31 0.31 0.31 0.31 0.31 0.31 0.31 0.31 0.31 0.31 0.31 0.31 0.31 0.31 0.31 0.31 0.31 0.31 0.31 0.31 0.31 0.31 0.31
  per-rule acc: 0.39 0.23
Epoch 1700 | Train: Loss=0.0084 Acc=100.0% | Test: Acc=31.6% | Best=32.8%(@1640)
  from x3: 0.30 0.31 0.32 0.31 0.31 0.32 0.32 0.31 0.32 0.31 0.32 0.32 0.32 0.32 0.32 0.32 0.32 0.32 0.32 0.32 0.32 0.32 0.32 0.32 0.32 0.32 0.32 0.32 0.32
  per-rule acc: 0.40 0.23
Epoch 1720 | Train: Loss=0.0049 Acc=100.0% | Test: Acc=33.1% | Best=33.1%(@1720)
  from x3: 0.30 0.32 0.33 0.32 0.32 0.33 0.33 0.33 0.33 0.33 0.33 0.33 0.33 0.33 0.33 0.33 0.33 0.33 0.33 0.34 0.33 0.33 0.34 0.34 0.34 0.34 0.34 0.34 0.34
  per-rule acc: 0.43 0.24
Epoch 1740 | Train: Loss=0.0095 Acc=99.9% | Test: Acc=31.0% | Best=33.1%(@1720)
  from x3: 0.30 0.31 0.31 0.31 0.31 0.31 0.31 0.31 0.31 0.31 0.31 0.31 0.31 0.31 0.31 0.31 0.31 0.31 0.31 0.31 0.31 0.31 0.31 0.31 0.31 0.31 0.31 0.31 0.31
  per-rule acc: 0.40 0.22
Epoch 1760 | Train: Loss=0.0097 Acc=99.9% | Test: Acc=33.1% | Best=33.1%(@1760)
  from x3: 0.31 0.33 0.32 0.33 0.33 0.33 0.33 0.33 0.33 0.33 0.33 0.33 0.33 0.33 0.33 0.33 0.33 0.33 0.33 0.33 0.33 0.33 0.33 0.33 0.33 0.33 0.33 0.33 0.33
  per-rule acc: 0.42 0.24
Epoch 1780 | Train: Loss=0.0058 Acc=100.0% | Test: Acc=34.4% | Best=34.4%(@1780)
  from x3: 0.32 0.33 0.34 0.34 0.34 0.34 0.34 0.34 0.34 0.34 0.34 0.35 0.35 0.34 0.34 0.35 0.35 0.35 0.35 0.35 0.35 0.35 0.35 0.35 0.35 0.35 0.35 0.35 0.35
  per-rule acc: 0.44 0.24
Epoch 1800 | Train: Loss=0.0078 Acc=100.0% | Test: Acc=34.6% | Best=34.6%(@1800)
  from x3: 0.33 0.34 0.34 0.34 0.34 0.34 0.34 0.34 0.35 0.35 0.35 0.35 0.35 0.35 0.35 0.35 0.35 0.35 0.35 0.35 0.35 0.35 0.35 0.35 0.35 0.35 0.35 0.35 0.35
  per-rule acc: 0.44 0.25
Epoch 1820 | Train: Loss=0.0057 Acc=100.0% | Test: Acc=34.5% | Best=34.6%(@1800)
  from x3: 0.33 0.34 0.34 0.34 0.35 0.34 0.35 0.35 0.35 0.35 0.35 0.34 0.34 0.35 0.35 0.35 0.35 0.35 0.35 0.35 0.35 0.35 0.35 0.35 0.35 0.35 0.35 0.35 0.35
  per-rule acc: 0.44 0.25
Epoch 1840 | Train: Loss=0.0090 Acc=99.9% | Test: Acc=35.6% | Best=35.6%(@1840)
  from x3: 0.34 0.35 0.35 0.35 0.36 0.36 0.36 0.36 0.36 0.36 0.36 0.36 0.36 0.36 0.36 0.36 0.36 0.36 0.36 0.36 0.36 0.36 0.36 0.36 0.36 0.36 0.36 0.36 0.36
  per-rule acc: 0.45 0.26
Epoch 1860 | Train: Loss=0.0108 Acc=99.9% | Test: Acc=34.7% | Best=35.6%(@1840)
  from x3: 0.34 0.34 0.34 0.35 0.35 0.35 0.35 0.35 0.35 0.35 0.35 0.35 0.35 0.35 0.35 0.35 0.35 0.35 0.35 0.35 0.35 0.35 0.35 0.35 0.35 0.35 0.35 0.35 0.35
  per-rule acc: 0.43 0.27
Epoch 1880 | Train: Loss=0.0154 Acc=99.8% | Test: Acc=33.8% | Best=35.6%(@1840)
  from x3: 0.32 0.34 0.34 0.34 0.34 0.34 0.34 0.34 0.34 0.34 0.34 0.34 0.34 0.34 0.34 0.34 0.34 0.34 0.34 0.34 0.34 0.34 0.34 0.34 0.34 0.34 0.34 0.34 0.34
  per-rule acc: 0.42 0.26
Epoch 1900 | Train: Loss=0.0067 Acc=100.0% | Test: Acc=36.0% | Best=36.0%(@1900)
  from x3: 0.35 0.35 0.36 0.35 0.35 0.36 0.36 0.36 0.36 0.36 0.36 0.36 0.36 0.36 0.36 0.37 0.36 0.37 0.37 0.36 0.36 0.36 0.36 0.36 0.36 0.36 0.36 0.36 0.36
  per-rule acc: 0.45 0.27
Epoch 1920 | Train: Loss=0.0106 Acc=99.9% | Test: Acc=36.1% | Best=36.1%(@1920)
  from x3: 0.35 0.35 0.36 0.36 0.36 0.36 0.36 0.36 0.36 0.36 0.36 0.36 0.36 0.36 0.36 0.36 0.36 0.36 0.36 0.36 0.36 0.36 0.36 0.36 0.36 0.36 0.36 0.36 0.36
  per-rule acc: 0.45 0.28
Epoch 1940 | Train: Loss=0.0094 Acc=99.9% | Test: Acc=36.1% | Best=36.1%(@1920)
  from x3: 0.34 0.36 0.36 0.36 0.36 0.36 0.36 0.36 0.36 0.36 0.36 0.36 0.36 0.36 0.36 0.36 0.36 0.36 0.36 0.36 0.36 0.36 0.36 0.36 0.36 0.36 0.36 0.36 0.36
  per-rule acc: 0.45 0.27
Epoch 1960 | Train: Loss=0.0083 Acc=99.9% | Test: Acc=35.3% | Best=36.1%(@1920)
  from x3: 0.34 0.35 0.35 0.35 0.35 0.35 0.35 0.35 0.35 0.35 0.35 0.35 0.36 0.36 0.35 0.36 0.36 0.36 0.35 0.36 0.36 0.36 0.36 0.36 0.36 0.35 0.36 0.35 0.35
  per-rule acc: 0.46 0.25
Epoch 1980 | Train: Loss=0.0045 Acc=100.0% | Test: Acc=37.6% | Best=37.6%(@1980)
  from x3: 0.36 0.37 0.37 0.37 0.37 0.37 0.38 0.37 0.38 0.38 0.38 0.38 0.38 0.38 0.38 0.38 0.38 0.38 0.38 0.38 0.38 0.38 0.38 0.38 0.38 0.38 0.38 0.38 0.38
  per-rule acc: 0.47 0.29
Epoch 2000 | Train: Loss=0.0081 Acc=99.9% | Test: Acc=37.5% | Best=37.6%(@1980)
  from x3: 0.36 0.37 0.37 0.37 0.37 0.38 0.38 0.38 0.38 0.38 0.37 0.38 0.37 0.38 0.38 0.38 0.38 0.38 0.38 0.38 0.38 0.38 0.38 0.38 0.38 0.38 0.38 0.38 0.38
  per-rule acc: 0.47 0.28
Epoch 2020 | Train: Loss=0.0095 Acc=99.9% | Test: Acc=35.5% | Best=37.6%(@1980)
  from x3: 0.35 0.35 0.35 0.35 0.35 0.35 0.36 0.35 0.35 0.35 0.36 0.36 0.36 0.36 0.36 0.36 0.36 0.36 0.36 0.36 0.36 0.36 0.36 0.36 0.36 0.36 0.36 0.36 0.36
  per-rule acc: 0.44 0.27
Epoch 2040 | Train: Loss=0.0074 Acc=100.0% | Test: Acc=39.4% | Best=39.4%(@2040)
  from x3: 0.37 0.39 0.39 0.40 0.39 0.39 0.39 0.39 0.39 0.39 0.39 0.40 0.40 0.40 0.40 0.39 0.40 0.39 0.40 0.40 0.40 0.40 0.40 0.40 0.40 0.40 0.40 0.40 0.40
  per-rule acc: 0.49 0.29
Epoch 2060 | Train: Loss=0.0094 Acc=99.9% | Test: Acc=36.3% | Best=39.4%(@2040)
  from x3: 0.35 0.36 0.37 0.36 0.36 0.36 0.36 0.36 0.36 0.36 0.36 0.36 0.36 0.36 0.36 0.36 0.36 0.36 0.36 0.36 0.36 0.36 0.36 0.36 0.36 0.36 0.36 0.37 0.37
  per-rule acc: 0.44 0.28
Epoch 2080 | Train: Loss=0.0105 Acc=99.9% | Test: Acc=37.7% | Best=39.4%(@2040)
  from x3: 0.37 0.37 0.37 0.37 0.37 0.37 0.37 0.37 0.38 0.38 0.38 0.38 0.38 0.38 0.38 0.38 0.38 0.38 0.38 0.38 0.38 0.38 0.38 0.38 0.38 0.38 0.38 0.38 0.38
  per-rule acc: 0.47 0.29
Epoch 2100 | Train: Loss=0.0073 Acc=99.9% | Test: Acc=38.5% | Best=39.4%(@2040)
  from x3: 0.36 0.38 0.38 0.38 0.38 0.38 0.38 0.39 0.39 0.39 0.39 0.39 0.39 0.39 0.39 0.39 0.39 0.39 0.39 0.39 0.39 0.39 0.39 0.39 0.39 0.39 0.39 0.39 0.39
  per-rule acc: 0.48 0.29
Epoch 2120 | Train: Loss=0.0066 Acc=100.0% | Test: Acc=38.8% | Best=39.4%(@2040)
  from x3: 0.38 0.39 0.38 0.39 0.38 0.38 0.38 0.38 0.38 0.38 0.39 0.39 0.39 0.39 0.39 0.39 0.39 0.39 0.39 0.39 0.39 0.39 0.39 0.39 0.39 0.39 0.39 0.39 0.39
  per-rule acc: 0.49 0.28
Epoch 2140 | Train: Loss=0.0064 Acc=100.0% | Test: Acc=39.3% | Best=39.4%(@2040)
  from x3: 0.37 0.40 0.39 0.39 0.39 0.39 0.39 0.39 0.39 0.39 0.39 0.39 0.39 0.39 0.39 0.39 0.39 0.39 0.39 0.39 0.39 0.39 0.39 0.39 0.39 0.39 0.39 0.39 0.39
  per-rule acc: 0.49 0.29
Epoch 2160 | Train: Loss=0.0116 Acc=99.9% | Test: Acc=37.7% | Best=39.4%(@2040)
  from x3: 0.36 0.37 0.37 0.37 0.37 0.38 0.38 0.38 0.38 0.38 0.38 0.38 0.38 0.38 0.38 0.38 0.38 0.38 0.38 0.38 0.38 0.38 0.38 0.38 0.38 0.38 0.38 0.38 0.38
  per-rule acc: 0.46 0.29
Epoch 2180 | Train: Loss=0.0116 Acc=99.9% | Test: Acc=39.9% | Best=39.9%(@2180)
  from x3: 0.38 0.39 0.39 0.40 0.40 0.40 0.40 0.40 0.40 0.40 0.40 0.40 0.40 0.40 0.40 0.40 0.40 0.40 0.40 0.40 0.40 0.40 0.40 0.40 0.40 0.40 0.40 0.40 0.40
  per-rule acc: 0.49 0.30
Epoch 2200 | Train: Loss=0.0097 Acc=99.9% | Test: Acc=41.8% | Best=41.8%(@2200)
  from x3: 0.39 0.41 0.42 0.42 0.41 0.42 0.42 0.42 0.42 0.42 0.42 0.42 0.42 0.42 0.42 0.42 0.42 0.42 0.42 0.42 0.42 0.42 0.42 0.42 0.42 0.42 0.42 0.42 0.42
  per-rule acc: 0.52 0.32
Epoch 2220 | Train: Loss=0.0042 Acc=100.0% | Test: Acc=42.8% | Best=42.8%(@2220)
  from x3: 0.41 0.42 0.42 0.42 0.43 0.43 0.43 0.43 0.43 0.43 0.43 0.43 0.43 0.43 0.43 0.43 0.43 0.43 0.43 0.43 0.43 0.43 0.43 0.43 0.43 0.43 0.43 0.43 0.43
  per-rule acc: 0.53 0.32
Epoch 2240 | Train: Loss=0.0110 Acc=99.9% | Test: Acc=41.5% | Best=42.8%(@2220)
  from x3: 0.41 0.41 0.41 0.42 0.41 0.41 0.41 0.41 0.42 0.42 0.42 0.42 0.42 0.42 0.42 0.42 0.42 0.42 0.42 0.42 0.42 0.42 0.42 0.42 0.42 0.42 0.42 0.42 0.42
  per-rule acc: 0.51 0.32
Epoch 2260 | Train: Loss=0.0090 Acc=99.9% | Test: Acc=40.0% | Best=42.8%(@2220)
  from x3: 0.38 0.39 0.40 0.40 0.40 0.40 0.40 0.40 0.40 0.40 0.40 0.40 0.40 0.40 0.40 0.40 0.40 0.40 0.40 0.40 0.40 0.40 0.40 0.40 0.40 0.40 0.40 0.40 0.40
  per-rule acc: 0.48 0.32
Epoch 2280 | Train: Loss=0.0156 Acc=99.8% | Test: Acc=39.6% | Best=42.8%(@2220)
  from x3: 0.37 0.39 0.39 0.40 0.40 0.40 0.40 0.40 0.40 0.40 0.40 0.40 0.40 0.40 0.40 0.40 0.40 0.40 0.40 0.40 0.40 0.40 0.40 0.40 0.40 0.40 0.40 0.40 0.40
  per-rule acc: 0.48 0.31
Epoch 2300 | Train: Loss=0.0137 Acc=99.8% | Test: Acc=40.4% | Best=42.8%(@2220)
  from x3: 0.38 0.40 0.40 0.40 0.40 0.40 0.40 0.40 0.40 0.41 0.41 0.41 0.41 0.41 0.41 0.41 0.41 0.41 0.41 0.41 0.41 0.41 0.41 0.41 0.41 0.41 0.41 0.41 0.41
  per-rule acc: 0.48 0.33
Epoch 2320 | Train: Loss=0.0064 Acc=100.0% | Test: Acc=43.3% | Best=43.3%(@2320)
  from x3: 0.42 0.43 0.43 0.43 0.43 0.43 0.43 0.43 0.43 0.43 0.43 0.43 0.43 0.43 0.43 0.43 0.43 0.44 0.44 0.44 0.44 0.44 0.44 0.44 0.44 0.44 0.44 0.43 0.43
  per-rule acc: 0.54 0.32
Epoch 2340 | Train: Loss=0.0093 Acc=99.9% | Test: Acc=42.8% | Best=43.3%(@2320)
  from x3: 0.42 0.43 0.43 0.42 0.43 0.43 0.43 0.43 0.43 0.43 0.43 0.43 0.43 0.43 0.43 0.43 0.43 0.43 0.43 0.43 0.43 0.43 0.43 0.43 0.43 0.43 0.43 0.43 0.43
  per-rule acc: 0.53 0.32
Epoch 2360 | Train: Loss=0.0076 Acc=99.9% | Test: Acc=43.3% | Best=43.3%(@2320)
  from x3: 0.42 0.42 0.43 0.43 0.43 0.43 0.43 0.43 0.43 0.43 0.43 0.43 0.43 0.43 0.43 0.43 0.44 0.44 0.43 0.43 0.43 0.44 0.44 0.44 0.44 0.44 0.44 0.44 0.44
  per-rule acc: 0.52 0.34
Epoch 2380 | Train: Loss=0.0097 Acc=99.9% | Test: Acc=44.3% | Best=44.3%(@2380)
  from x3: 0.43 0.44 0.44 0.44 0.44 0.44 0.44 0.44 0.44 0.44 0.44 0.44 0.44 0.44 0.45 0.44 0.44 0.44 0.44 0.45 0.45 0.45 0.45 0.44 0.44 0.44 0.44 0.44 0.44
  per-rule acc: 0.53 0.36
Epoch 2400 | Train: Loss=0.0092 Acc=99.9% | Test: Acc=44.8% | Best=44.8%(@2400)
  from x3: 0.42 0.45 0.44 0.45 0.45 0.45 0.45 0.45 0.45 0.45 0.45 0.45 0.45 0.45 0.45 0.45 0.45 0.45 0.45 0.45 0.45 0.45 0.45 0.45 0.45 0.45 0.45 0.45 0.45
  per-rule acc: 0.55 0.35
Epoch 2420 | Train: Loss=0.0036 Acc=100.0% | Test: Acc=45.7% | Best=45.7%(@2420)
  from x3: 0.44 0.45 0.45 0.45 0.45 0.45 0.45 0.45 0.46 0.46 0.46 0.46 0.46 0.46 0.46 0.46 0.46 0.46 0.46 0.46 0.46 0.46 0.46 0.46 0.46 0.46 0.46 0.46 0.46
  per-rule acc: 0.54 0.38
Epoch 2440 | Train: Loss=0.0183 Acc=99.8% | Test: Acc=43.0% | Best=45.7%(@2420)
  from x3: 0.41 0.43 0.42 0.43 0.43 0.43 0.43 0.43 0.43 0.43 0.43 0.43 0.43 0.43 0.43 0.43 0.43 0.43 0.43 0.43 0.43 0.43 0.43 0.43 0.43 0.43 0.43 0.43 0.43
  per-rule acc: 0.52 0.34
Epoch 2460 | Train: Loss=0.0055 Acc=100.0% | Test: Acc=43.7% | Best=45.7%(@2420)
  from x3: 0.43 0.44 0.44 0.44 0.44 0.43 0.44 0.43 0.44 0.44 0.44 0.44 0.44 0.44 0.44 0.44 0.44 0.44 0.44 0.44 0.44 0.44 0.44 0.44 0.44 0.44 0.44 0.44 0.44
  per-rule acc: 0.55 0.33
Epoch 2480 | Train: Loss=0.0088 Acc=99.9% | Test: Acc=45.6% | Best=45.7%(@2420)
  from x3: 0.44 0.45 0.46 0.45 0.45 0.45 0.45 0.45 0.45 0.45 0.46 0.45 0.46 0.45 0.46 0.46 0.46 0.46 0.46 0.46 0.46 0.46 0.46 0.46 0.46 0.46 0.46 0.46 0.46
  per-rule acc: 0.55 0.36
Epoch 2500 | Train: Loss=0.0077 Acc=99.9% | Test: Acc=46.3% | Best=46.3%(@2500)
  from x3: 0.44 0.46 0.46 0.46 0.46 0.46 0.46 0.46 0.46 0.46 0.46 0.46 0.46 0.46 0.46 0.47 0.46 0.46 0.46 0.46 0.46 0.46 0.47 0.47 0.47 0.47 0.47 0.47 0.47
  per-rule acc: 0.57 0.36
Epoch 2520 | Train: Loss=0.0085 Acc=99.9% | Test: Acc=46.7% | Best=46.7%(@2520)
  from x3: 0.45 0.46 0.46 0.46 0.47 0.46 0.47 0.47 0.47 0.47 0.47 0.47 0.47 0.47 0.47 0.47 0.47 0.47 0.47 0.47 0.47 0.47 0.47 0.47 0.47 0.47 0.47 0.47 0.47
  per-rule acc: 0.56 0.37
Epoch 2540 | Train: Loss=0.0090 Acc=99.9% | Test: Acc=46.2% | Best=46.7%(@2520)
  from x3: 0.46 0.46 0.46 0.46 0.46 0.46 0.46 0.46 0.46 0.46 0.46 0.46 0.46 0.46 0.46 0.46 0.46 0.46 0.46 0.46 0.46 0.46 0.46 0.46 0.46 0.46 0.46 0.46 0.46
  per-rule acc: 0.57 0.36
Epoch 2560 | Train: Loss=0.0084 Acc=100.0% | Test: Acc=48.3% | Best=48.3%(@2560)
  from x3: 0.47 0.48 0.48 0.48 0.48 0.48 0.48 0.48 0.48 0.48 0.48 0.48 0.49 0.49 0.49 0.49 0.49 0.49 0.49 0.49 0.49 0.48 0.48 0.48 0.48 0.48 0.48 0.48 0.48
  per-rule acc: 0.58 0.39
Epoch 2580 | Train: Loss=0.0156 Acc=99.9% | Test: Acc=44.5% | Best=48.3%(@2560)
  from x3: 0.43 0.44 0.44 0.45 0.44 0.44 0.44 0.45 0.45 0.44 0.44 0.44 0.44 0.44 0.44 0.45 0.45 0.45 0.45 0.45 0.45 0.45 0.45 0.45 0.45 0.45 0.45 0.45 0.45
  per-rule acc: 0.55 0.34
Epoch 2600 | Train: Loss=0.0118 Acc=99.9% | Test: Acc=47.1% | Best=48.3%(@2560)
  from x3: 0.45 0.47 0.47 0.47 0.47 0.47 0.47 0.47 0.47 0.47 0.47 0.47 0.47 0.47 0.47 0.47 0.47 0.47 0.47 0.47 0.47 0.47 0.47 0.47 0.47 0.47 0.48 0.47 0.48
  per-rule acc: 0.56 0.38
Epoch 2620 | Train: Loss=0.0063 Acc=100.0% | Test: Acc=47.3% | Best=48.3%(@2560)
  from x3: 0.45 0.46 0.47 0.48 0.47 0.47 0.47 0.47 0.47 0.47 0.47 0.47 0.47 0.47 0.47 0.47 0.47 0.47 0.48 0.47 0.48 0.48 0.48 0.48 0.48 0.48 0.48 0.48 0.48
  per-rule acc: 0.58 0.37
Epoch 2640 | Train: Loss=0.0074 Acc=100.0% | Test: Acc=49.9% | Best=49.9%(@2640)
  from x3: 0.47 0.49 0.49 0.49 0.50 0.49 0.50 0.50 0.50 0.50 0.50 0.50 0.50 0.50 0.50 0.50 0.50 0.50 0.50 0.50 0.50 0.50 0.50 0.50 0.50 0.50 0.50 0.50 0.50
  per-rule acc: 0.61 0.39
Epoch 2660 | Train: Loss=0.0092 Acc=99.9% | Test: Acc=45.4% | Best=49.9%(@2640)
  from x3: 0.44 0.45 0.45 0.45 0.45 0.45 0.45 0.45 0.45 0.45 0.45 0.45 0.45 0.45 0.45 0.45 0.46 0.45 0.46 0.46 0.46 0.46 0.46 0.46 0.46 0.46 0.46 0.45 0.46
  per-rule acc: 0.54 0.37
Epoch 2680 | Train: Loss=0.0127 Acc=99.9% | Test: Acc=46.1% | Best=49.9%(@2640)
  from x3: 0.43 0.46 0.46 0.46 0.46 0.46 0.46 0.46 0.46 0.46 0.46 0.46 0.46 0.46 0.46 0.46 0.46 0.46 0.46 0.47 0.46 0.46 0.46 0.46 0.46 0.46 0.46 0.46 0.46
  per-rule acc: 0.54 0.38
Epoch 2700 | Train: Loss=0.0081 Acc=99.9% | Test: Acc=49.9% | Best=49.9%(@2700)
  from x3: 0.47 0.50 0.49 0.50 0.50 0.50 0.50 0.50 0.50 0.50 0.50 0.50 0.50 0.50 0.50 0.50 0.50 0.50 0.50 0.50 0.50 0.50 0.50 0.50 0.50 0.50 0.50 0.50 0.50
  per-rule acc: 0.59 0.41
Epoch 2720 | Train: Loss=0.0101 Acc=99.9% | Test: Acc=47.4% | Best=49.9%(@2700)
  from x3: 0.47 0.48 0.48 0.47 0.47 0.47 0.48 0.48 0.47 0.47 0.47 0.47 0.47 0.47 0.47 0.47 0.47 0.47 0.47 0.47 0.47 0.47 0.47 0.47 0.47 0.47 0.47 0.48 0.48
  per-rule acc: 0.57 0.37
Epoch 2740 | Train: Loss=0.0051 Acc=100.0% | Test: Acc=50.7% | Best=50.7%(@2740)
  from x3: 0.49 0.50 0.50 0.50 0.50 0.51 0.51 0.51 0.51 0.51 0.51 0.51 0.51 0.51 0.51 0.51 0.51 0.51 0.51 0.51 0.51 0.51 0.51 0.51 0.51 0.51 0.51 0.51 0.51
  per-rule acc: 0.62 0.39
Epoch 2760 | Train: Loss=0.0068 Acc=100.0% | Test: Acc=50.9% | Best=50.9%(@2760)
  from x3: 0.49 0.50 0.51 0.51 0.51 0.51 0.51 0.51 0.51 0.51 0.51 0.51 0.51 0.51 0.51 0.51 0.51 0.51 0.51 0.51 0.51 0.51 0.51 0.51 0.51 0.51 0.51 0.51 0.51
  per-rule acc: 0.61 0.41
Epoch 2780 | Train: Loss=0.0090 Acc=99.9% | Test: Acc=49.0% | Best=50.9%(@2760)
  from x3: 0.49 0.49 0.49 0.49 0.48 0.48 0.49 0.49 0.49 0.49 0.49 0.49 0.49 0.49 0.49 0.49 0.49 0.49 0.49 0.49 0.49 0.49 0.49 0.49 0.49 0.49 0.49 0.49 0.49
  per-rule acc: 0.59 0.39
Epoch 2800 | Train: Loss=0.0061 Acc=100.0% | Test: Acc=51.0% | Best=51.0%(@2800)
  from x3: 0.49 0.51 0.50 0.50 0.50 0.50 0.51 0.51 0.51 0.51 0.51 0.51 0.51 0.51 0.51 0.51 0.51 0.51 0.51 0.51 0.51 0.51 0.51 0.51 0.51 0.51 0.51 0.52 0.52
  per-rule acc: 0.61 0.41
Epoch 2820 | Train: Loss=0.0095 Acc=99.9% | Test: Acc=48.8% | Best=51.0%(@2800)
  from x3: 0.47 0.48 0.48 0.49 0.49 0.49 0.49 0.49 0.49 0.49 0.49 0.49 0.49 0.49 0.49 0.49 0.49 0.49 0.49 0.49 0.49 0.49 0.49 0.49 0.49 0.49 0.49 0.49 0.49
  per-rule acc: 0.60 0.38
Epoch 2840 | Train: Loss=0.0056 Acc=100.0% | Test: Acc=51.8% | Best=51.8%(@2840)
  from x3: 0.51 0.51 0.52 0.52 0.52 0.51 0.51 0.51 0.52 0.52 0.52 0.52 0.52 0.52 0.52 0.52 0.52 0.52 0.52 0.52 0.52 0.52 0.52 0.52 0.52 0.52 0.52 0.52 0.52
  per-rule acc: 0.63 0.41
Epoch 2860 | Train: Loss=0.0050 Acc=100.0% | Test: Acc=53.6% | Best=53.6%(@2860)
  from x3: 0.51 0.53 0.53 0.53 0.53 0.53 0.54 0.54 0.54 0.54 0.54 0.54 0.54 0.54 0.54 0.54 0.54 0.54 0.54 0.54 0.54 0.54 0.54 0.54 0.54 0.54 0.54 0.54 0.54
  per-rule acc: 0.64 0.44
Epoch 2880 | Train: Loss=0.0072 Acc=100.0% | Test: Acc=53.0% | Best=53.6%(@2860)
  from x3: 0.51 0.52 0.53 0.53 0.53 0.53 0.53 0.53 0.53 0.53 0.53 0.53 0.53 0.53 0.53 0.53 0.53 0.53 0.53 0.53 0.53 0.53 0.53 0.53 0.53 0.53 0.53 0.53 0.53
  per-rule acc: 0.66 0.40
Epoch 2900 | Train: Loss=0.0036 Acc=100.0% | Test: Acc=54.9% | Best=54.9%(@2900)
  from x3: 0.53 0.54 0.54 0.55 0.55 0.55 0.55 0.55 0.55 0.55 0.55 0.55 0.55 0.55 0.55 0.55 0.55 0.55 0.55 0.55 0.55 0.55 0.55 0.55 0.55 0.55 0.55 0.55 0.55
  per-rule acc: 0.63 0.47
Epoch 2920 | Train: Loss=0.0040 Acc=100.0% | Test: Acc=51.6% | Best=54.9%(@2900)
  from x3: 0.50 0.51 0.51 0.51 0.52 0.51 0.52 0.51 0.52 0.51 0.52 0.52 0.52 0.52 0.52 0.52 0.52 0.52 0.52 0.52 0.52 0.52 0.52 0.52 0.52 0.52 0.52 0.52 0.52
  per-rule acc: 0.59 0.45
Epoch 2940 | Train: Loss=0.0130 Acc=99.9% | Test: Acc=48.4% | Best=54.9%(@2900)
  from x3: 0.46 0.48 0.48 0.48 0.48 0.48 0.48 0.48 0.48 0.48 0.48 0.48 0.49 0.49 0.49 0.49 0.49 0.49 0.49 0.49 0.49 0.49 0.49 0.49 0.49 0.49 0.49 0.49 0.49
  per-rule acc: 0.58 0.38
Epoch 2960 | Train: Loss=0.0075 Acc=100.0% | Test: Acc=55.0% | Best=55.0%(@2960)
  from x3: 0.53 0.55 0.55 0.55 0.55 0.55 0.55 0.55 0.55 0.55 0.55 0.55 0.55 0.55 0.55 0.55 0.55 0.55 0.55 0.55 0.55 0.55 0.55 0.55 0.55 0.55 0.55 0.55 0.55
  per-rule acc: 0.67 0.44
Epoch 2980 | Train: Loss=0.0032 Acc=100.0% | Test: Acc=55.4% | Best=55.4%(@2980)
  from x3: 0.55 0.54 0.55 0.56 0.56 0.56 0.55 0.55 0.55 0.55 0.55 0.56 0.55 0.55 0.55 0.55 0.55 0.55 0.55 0.55 0.55 0.55 0.55 0.56 0.55 0.56 0.56 0.56 0.55
  per-rule acc: 0.65 0.45
Epoch 3000 | Train: Loss=0.0166 Acc=99.9% | Test: Acc=50.4% | Best=55.4%(@2980)
  from x3: 0.48 0.49 0.50 0.50 0.50 0.50 0.50 0.50 0.50 0.50 0.50 0.51 0.51 0.51 0.51 0.51 0.51 0.51 0.51 0.51 0.51 0.51 0.50 0.51 0.51 0.51 0.51 0.51 0.51
  per-rule acc: 0.61 0.40
Epoch 3020 | Train: Loss=0.0107 Acc=99.9% | Test: Acc=52.8% | Best=55.4%(@2980)
  from x3: 0.51 0.52 0.53 0.53 0.53 0.53 0.53 0.53 0.53 0.53 0.53 0.53 0.53 0.53 0.53 0.53 0.53 0.53 0.53 0.53 0.53 0.53 0.53 0.53 0.53 0.53 0.53 0.53 0.53
  per-rule acc: 0.61 0.44
Epoch 3040 | Train: Loss=0.0032 Acc=100.0% | Test: Acc=58.6% | Best=58.6%(@3040)
  from x3: 0.56 0.58 0.58 0.59 0.59 0.58 0.59 0.59 0.59 0.59 0.59 0.59 0.59 0.59 0.59 0.59 0.59 0.59 0.59 0.59 0.59 0.59 0.59 0.59 0.59 0.59 0.59 0.59 0.59
  per-rule acc: 0.69 0.49
Epoch 3060 | Train: Loss=0.0201 Acc=99.8% | Test: Acc=48.8% | Best=58.6%(@3040)
  from x3: 0.46 0.49 0.49 0.49 0.49 0.49 0.49 0.49 0.49 0.49 0.49 0.49 0.49 0.49 0.49 0.49 0.49 0.49 0.49 0.49 0.49 0.49 0.49 0.49 0.49 0.49 0.49 0.49 0.49
  per-rule acc: 0.55 0.42
Epoch 3080 | Train: Loss=0.0123 Acc=99.9% | Test: Acc=53.9% | Best=58.6%(@3040)
  from x3: 0.51 0.54 0.53 0.53 0.53 0.54 0.54 0.54 0.54 0.54 0.54 0.54 0.54 0.54 0.54 0.54 0.54 0.54 0.54 0.54 0.54 0.54 0.54 0.54 0.54 0.54 0.54 0.54 0.54
  per-rule acc: 0.63 0.45
Epoch 3100 | Train: Loss=0.0046 Acc=100.0% | Test: Acc=57.5% | Best=58.6%(@3040)
  from x3: 0.55 0.58 0.57 0.57 0.57 0.57 0.58 0.58 0.57 0.58 0.58 0.58 0.58 0.58 0.58 0.57 0.57 0.57 0.57 0.57 0.58 0.57 0.58 0.58 0.58 0.58 0.58 0.58 0.58
  per-rule acc: 0.69 0.46
Epoch 3120 | Train: Loss=0.0058 Acc=100.0% | Test: Acc=56.0% | Best=58.6%(@3040)
  from x3: 0.53 0.55 0.56 0.56 0.56 0.56 0.56 0.56 0.56 0.56 0.56 0.56 0.56 0.56 0.56 0.56 0.56 0.56 0.56 0.56 0.56 0.56 0.56 0.56 0.56 0.56 0.56 0.56 0.56
  per-rule acc: 0.66 0.46
Epoch 3140 | Train: Loss=0.0121 Acc=99.9% | Test: Acc=53.5% | Best=58.6%(@3040)
  from x3: 0.51 0.52 0.54 0.53 0.54 0.54 0.53 0.53 0.54 0.54 0.54 0.54 0.54 0.54 0.54 0.54 0.54 0.54 0.54 0.54 0.54 0.54 0.54 0.54 0.54 0.54 0.54 0.54 0.54
  per-rule acc: 0.61 0.46
Epoch 3160 | Train: Loss=0.0067 Acc=100.0% | Test: Acc=54.4% | Best=58.6%(@3040)
  from x3: 0.52 0.54 0.55 0.55 0.55 0.55 0.55 0.55 0.55 0.54 0.55 0.55 0.55 0.55 0.55 0.54 0.54 0.54 0.54 0.54 0.54 0.54 0.54 0.54 0.54 0.54 0.54 0.54 0.54
  per-rule acc: 0.64 0.44
Epoch 3180 | Train: Loss=0.0069 Acc=99.9% | Test: Acc=56.1% | Best=58.6%(@3040)
  from x3: 0.54 0.56 0.56 0.56 0.56 0.56 0.56 0.56 0.56 0.56 0.56 0.56 0.56 0.56 0.56 0.56 0.56 0.56 0.56 0.56 0.56 0.56 0.56 0.56 0.56 0.56 0.56 0.56 0.56
  per-rule acc: 0.66 0.46
Epoch 3200 | Train: Loss=0.0055 Acc=100.0% | Test: Acc=57.2% | Best=58.6%(@3040)
  from x3: 0.54 0.57 0.57 0.58 0.57 0.57 0.58 0.57 0.57 0.57 0.58 0.57 0.57 0.58 0.57 0.57 0.57 0.57 0.57 0.57 0.57 0.57 0.57 0.57 0.57 0.57 0.57 0.57 0.57
  per-rule acc: 0.69 0.46
Epoch 3220 | Train: Loss=0.0071 Acc=100.0% | Test: Acc=56.0% | Best=58.6%(@3040)
  from x3: 0.52 0.55 0.56 0.56 0.56 0.56 0.56 0.56 0.56 0.56 0.56 0.56 0.56 0.56 0.56 0.56 0.56 0.56 0.56 0.56 0.56 0.56 0.56 0.56 0.56 0.57 0.57 0.57 0.57
  per-rule acc: 0.66 0.46
Epoch 3240 | Train: Loss=0.0123 Acc=99.9% | Test: Acc=57.4% | Best=58.6%(@3040)
  from x3: 0.55 0.57 0.57 0.57 0.57 0.58 0.58 0.58 0.58 0.58 0.58 0.58 0.58 0.58 0.58 0.58 0.58 0.58 0.58 0.58 0.58 0.58 0.58 0.58 0.58 0.58 0.58 0.58 0.57
  per-rule acc: 0.66 0.49
Epoch 3260 | Train: Loss=0.0068 Acc=99.9% | Test: Acc=56.8% | Best=58.6%(@3040)
  from x3: 0.54 0.56 0.57 0.56 0.57 0.57 0.57 0.57 0.57 0.57 0.57 0.57 0.57 0.57 0.57 0.57 0.57 0.57 0.57 0.57 0.57 0.57 0.57 0.57 0.57 0.57 0.57 0.57 0.57
  per-rule acc: 0.66 0.47
Epoch 3280 | Train: Loss=0.0050 Acc=100.0% | Test: Acc=58.7% | Best=58.7%(@3280)
  from x3: 0.57 0.58 0.58 0.59 0.59 0.59 0.59 0.59 0.59 0.59 0.59 0.59 0.59 0.59 0.59 0.59 0.59 0.59 0.59 0.59 0.59 0.59 0.59 0.59 0.59 0.59 0.59 0.59 0.59
  per-rule acc: 0.69 0.48
Epoch 3300 | Train: Loss=0.0073 Acc=100.0% | Test: Acc=58.0% | Best=58.7%(@3280)
  from x3: 0.56 0.58 0.58 0.58 0.58 0.58 0.58 0.58 0.58 0.58 0.58 0.58 0.58 0.58 0.58 0.58 0.58 0.58 0.58 0.58 0.58 0.58 0.58 0.58 0.58 0.58 0.58 0.58 0.58
  per-rule acc: 0.69 0.47
Epoch 3320 | Train: Loss=0.0060 Acc=99.9% | Test: Acc=60.4% | Best=60.4%(@3320)
  from x3: 0.59 0.59 0.60 0.60 0.60 0.61 0.60 0.60 0.61 0.61 0.60 0.60 0.61 0.61 0.61 0.60 0.60 0.60 0.60 0.60 0.61 0.61 0.61 0.61 0.61 0.61 0.61 0.61 0.61
  per-rule acc: 0.71 0.49
Epoch 3340 | Train: Loss=0.0037 Acc=100.0% | Test: Acc=58.7% | Best=60.4%(@3320)
  from x3: 0.57 0.59 0.59 0.58 0.59 0.59 0.59 0.59 0.59 0.59 0.59 0.59 0.59 0.59 0.59 0.59 0.59 0.59 0.59 0.59 0.59 0.59 0.59 0.59 0.59 0.59 0.59 0.59 0.59
  per-rule acc: 0.66 0.51
Epoch 3360 | Train: Loss=0.0168 Acc=99.9% | Test: Acc=53.8% | Best=60.4%(@3320)
  from x3: 0.50 0.54 0.54 0.54 0.54 0.54 0.54 0.54 0.54 0.54 0.54 0.54 0.54 0.54 0.54 0.54 0.54 0.54 0.54 0.54 0.54 0.54 0.54 0.54 0.54 0.54 0.54 0.54 0.54
  per-rule acc: 0.64 0.44
Epoch 3380 | Train: Loss=0.0247 Acc=99.8% | Test: Acc=61.9% | Best=61.9%(@3380)
  from x3: 0.59 0.61 0.62 0.62 0.62 0.62 0.62 0.62 0.62 0.62 0.62 0.62 0.62 0.62 0.62 0.62 0.62 0.62 0.62 0.62 0.62 0.62 0.62 0.62 0.62 0.62 0.62 0.62 0.62
  per-rule acc: 0.73 0.51
Epoch 3400 | Train: Loss=0.0048 Acc=100.0% | Test: Acc=61.2% | Best=61.9%(@3380)
  from x3: 0.59 0.61 0.61 0.61 0.61 0.61 0.61 0.61 0.61 0.61 0.61 0.61 0.61 0.61 0.61 0.61 0.61 0.61 0.61 0.61 0.61 0.61 0.62 0.61 0.61 0.61 0.61 0.61 0.61
  per-rule acc: 0.71 0.51
Epoch 3420 | Train: Loss=0.0035 Acc=100.0% | Test: Acc=60.1% | Best=61.9%(@3380)
  from x3: 0.59 0.60 0.60 0.60 0.61 0.60 0.60 0.60 0.60 0.60 0.60 0.60 0.60 0.60 0.60 0.60 0.60 0.60 0.60 0.60 0.60 0.60 0.60 0.60 0.60 0.60 0.60 0.60 0.60
  per-rule acc: 0.68 0.53
Epoch 3440 | Train: Loss=0.0136 Acc=99.9% | Test: Acc=55.1% | Best=61.9%(@3380)
  from x3: 0.51 0.55 0.55 0.55 0.55 0.56 0.55 0.55 0.55 0.55 0.55 0.55 0.55 0.55 0.55 0.55 0.55 0.55 0.55 0.55 0.55 0.55 0.55 0.55 0.55 0.55 0.55 0.55 0.55
  per-rule acc: 0.62 0.48
Epoch 3460 | Train: Loss=0.0096 Acc=99.9% | Test: Acc=58.5% | Best=61.9%(@3380)
  from x3: 0.56 0.59 0.59 0.58 0.59 0.59 0.58 0.58 0.58 0.58 0.58 0.58 0.59 0.58 0.58 0.58 0.59 0.59 0.59 0.59 0.59 0.59 0.59 0.59 0.59 0.59 0.59 0.59 0.59
  per-rule acc: 0.69 0.48
Epoch 3480 | Train: Loss=0.0054 Acc=100.0% | Test: Acc=63.0% | Best=63.0%(@3480)
  from x3: 0.61 0.63 0.63 0.63 0.63 0.63 0.63 0.63 0.63 0.63 0.63 0.63 0.63 0.63 0.63 0.63 0.63 0.63 0.63 0.63 0.63 0.63 0.63 0.63 0.63 0.63 0.63 0.63 0.63
  per-rule acc: 0.73 0.53
Epoch 3500 | Train: Loss=0.0035 Acc=100.0% | Test: Acc=59.8% | Best=63.0%(@3480)
  from x3: 0.59 0.60 0.60 0.60 0.60 0.60 0.60 0.60 0.60 0.60 0.60 0.60 0.60 0.60 0.60 0.60 0.60 0.60 0.60 0.60 0.60 0.60 0.60 0.60 0.60 0.60 0.60 0.60 0.60
  per-rule acc: 0.68 0.52
Epoch 3520 | Train: Loss=0.0207 Acc=99.8% | Test: Acc=54.6% | Best=63.0%(@3480)
  from x3: 0.51 0.54 0.55 0.54 0.54 0.55 0.55 0.55 0.55 0.55 0.55 0.55 0.55 0.55 0.55 0.55 0.55 0.55 0.55 0.55 0.55 0.55 0.55 0.55 0.55 0.55 0.55 0.55 0.55
  per-rule acc: 0.61 0.48
Epoch 3540 | Train: Loss=0.0080 Acc=99.9% | Test: Acc=58.0% | Best=63.0%(@3480)
  from x3: 0.56 0.58 0.59 0.58 0.58 0.58 0.58 0.58 0.58 0.58 0.58 0.58 0.58 0.58 0.58 0.58 0.58 0.58 0.58 0.58 0.58 0.58 0.58 0.58 0.58 0.58 0.58 0.58 0.58
  per-rule acc: 0.70 0.46
Epoch 3560 | Train: Loss=0.0083 Acc=99.9% | Test: Acc=57.4% | Best=63.0%(@3480)
  from x3: 0.55 0.57 0.58 0.57 0.57 0.57 0.57 0.58 0.57 0.57 0.58 0.58 0.58 0.58 0.58 0.58 0.58 0.58 0.58 0.57 0.57 0.57 0.57 0.57 0.57 0.57 0.57 0.57 0.57
  per-rule acc: 0.67 0.48
Epoch 3580 | Train: Loss=0.0095 Acc=99.9% | Test: Acc=59.6% | Best=63.0%(@3480)
  from x3: 0.56 0.59 0.60 0.60 0.60 0.59 0.59 0.60 0.60 0.59 0.60 0.60 0.60 0.60 0.60 0.60 0.60 0.60 0.60 0.60 0.60 0.60 0.60 0.60 0.60 0.60 0.60 0.60 0.60
  per-rule acc: 0.69 0.50
Epoch 3600 | Train: Loss=0.0038 Acc=100.0% | Test: Acc=65.3% | Best=65.3%(@3600)
  from x3: 0.63 0.65 0.66 0.65 0.65 0.65 0.65 0.65 0.65 0.65 0.65 0.65 0.65 0.65 0.65 0.65 0.65 0.65 0.65 0.65 0.65 0.65 0.65 0.65 0.65 0.65 0.65 0.65 0.65
  per-rule acc: 0.75 0.55
Epoch 3620 | Train: Loss=0.0033 Acc=100.0% | Test: Acc=63.6% | Best=65.3%(@3600)
  from x3: 0.62 0.64 0.64 0.64 0.64 0.64 0.64 0.64 0.64 0.64 0.64 0.64 0.64 0.64 0.64 0.64 0.63 0.63 0.64 0.64 0.64 0.64 0.64 0.64 0.64 0.64 0.64 0.64 0.64
  per-rule acc: 0.71 0.56
Epoch 3640 | Train: Loss=0.0036 Acc=100.0% | Test: Acc=62.1% | Best=65.3%(@3600)
  from x3: 0.59 0.62 0.62 0.62 0.62 0.62 0.62 0.62 0.62 0.62 0.62 0.62 0.62 0.62 0.62 0.62 0.62 0.62 0.62 0.62 0.62 0.62 0.62 0.62 0.62 0.62 0.62 0.62 0.62
  per-rule acc: 0.68 0.56
Epoch 3660 | Train: Loss=0.0146 Acc=99.9% | Test: Acc=60.1% | Best=65.3%(@3600)
  from x3: 0.58 0.59 0.61 0.60 0.60 0.60 0.60 0.60 0.60 0.60 0.60 0.60 0.61 0.61 0.60 0.60 0.60 0.60 0.60 0.60 0.60 0.60 0.60 0.60 0.60 0.60 0.60 0.60 0.60
  per-rule acc: 0.70 0.50
Epoch 3680 | Train: Loss=0.0107 Acc=99.9% | Test: Acc=60.5% | Best=65.3%(@3600)
  from x3: 0.56 0.59 0.60 0.60 0.60 0.61 0.61 0.61 0.61 0.61 0.61 0.61 0.61 0.61 0.61 0.61 0.61 0.61 0.61 0.61 0.61 0.61 0.61 0.61 0.61 0.61 0.61 0.61 0.61
  per-rule acc: 0.67 0.54
Epoch 3700 | Train: Loss=0.0030 Acc=100.0% | Test: Acc=65.1% | Best=65.3%(@3600)
  from x3: 0.63 0.65 0.65 0.65 0.65 0.65 0.65 0.65 0.65 0.65 0.65 0.65 0.65 0.65 0.65 0.65 0.65 0.65 0.65 0.65 0.65 0.65 0.65 0.65 0.65 0.65 0.65 0.65 0.65
  per-rule acc: 0.73 0.57
Epoch 3720 | Train: Loss=0.0034 Acc=100.0% | Test: Acc=62.9% | Best=65.3%(@3600)
  from x3: 0.60 0.63 0.63 0.63 0.63 0.63 0.63 0.63 0.63 0.63 0.63 0.63 0.63 0.63 0.63 0.63 0.63 0.63 0.63 0.63 0.63 0.63 0.63 0.63 0.63 0.63 0.63 0.63 0.63
  per-rule acc: 0.69 0.56
Epoch 3740 | Train: Loss=0.0101 Acc=99.9% | Test: Acc=60.3% | Best=65.3%(@3600)
  from x3: 0.57 0.60 0.61 0.61 0.60 0.60 0.60 0.61 0.61 0.61 0.61 0.60 0.61 0.60 0.60 0.60 0.60 0.60 0.60 0.60 0.60 0.60 0.60 0.60 0.60 0.60 0.60 0.60 0.61
  per-rule acc: 0.71 0.49
Epoch 3760 | Train: Loss=0.0054 Acc=99.9% | Test: Acc=64.4% | Best=65.3%(@3600)
  from x3: 0.62 0.64 0.65 0.64 0.64 0.64 0.64 0.64 0.64 0.65 0.65 0.64 0.65 0.64 0.65 0.65 0.64 0.65 0.65 0.65 0.64 0.64 0.64 0.65 0.64 0.65 0.65 0.64 0.65
  per-rule acc: 0.73 0.55
Epoch 3780 | Train: Loss=0.0067 Acc=99.9% | Test: Acc=63.0% | Best=65.3%(@3600)
  from x3: 0.60 0.63 0.64 0.63 0.63 0.63 0.63 0.63 0.63 0.63 0.63 0.63 0.63 0.63 0.63 0.63 0.63 0.63 0.63 0.63 0.63 0.63 0.63 0.63 0.63 0.63 0.63 0.63 0.63
  per-rule acc: 0.72 0.54
Epoch 3800 | Train: Loss=0.0046 Acc=100.0% | Test: Acc=66.6% | Best=66.6%(@3800)
  from x3: 0.64 0.66 0.67 0.67 0.67 0.67 0.67 0.67 0.67 0.67 0.67 0.67 0.67 0.67 0.67 0.67 0.67 0.67 0.67 0.67 0.67 0.67 0.67 0.67 0.67 0.67 0.67 0.67 0.67
  per-rule acc: 0.77 0.56
Epoch 3820 | Train: Loss=0.0032 Acc=100.0% | Test: Acc=65.1% | Best=66.6%(@3800)
  from x3: 0.64 0.66 0.65 0.65 0.65 0.65 0.65 0.65 0.66 0.65 0.65 0.65 0.65 0.65 0.65 0.65 0.65 0.65 0.65 0.65 0.65 0.65 0.65 0.65 0.65 0.65 0.65 0.65 0.65
  per-rule acc: 0.72 0.58
Epoch 3840 | Train: Loss=0.0034 Acc=100.0% | Test: Acc=63.9% | Best=66.6%(@3800)
  from x3: 0.61 0.65 0.64 0.64 0.64 0.64 0.64 0.64 0.64 0.64 0.64 0.64 0.64 0.64 0.64 0.64 0.64 0.64 0.64 0.64 0.64 0.64 0.64 0.64 0.64 0.64 0.64 0.64 0.64
  per-rule acc: 0.70 0.58
Epoch 3860 | Train: Loss=0.0166 Acc=99.9% | Test: Acc=62.2% | Best=66.6%(@3800)
  from x3: 0.58 0.62 0.62 0.62 0.62 0.62 0.62 0.62 0.62 0.62 0.62 0.62 0.62 0.62 0.62 0.62 0.62 0.62 0.62 0.62 0.62 0.62 0.62 0.62 0.62 0.62 0.62 0.62 0.62
  per-rule acc: 0.71 0.54
Epoch 3880 | Train: Loss=0.0029 Acc=100.0% | Test: Acc=70.4% | Best=70.4%(@3880)
  from x3: 0.68 0.70 0.70 0.70 0.70 0.70 0.70 0.71 0.70 0.71 0.71 0.71 0.71 0.71 0.71 0.71 0.71 0.71 0.71 0.71 0.71 0.71 0.71 0.71 0.71 0.71 0.71 0.71 0.70
  per-rule acc: 0.79 0.61
Epoch 3900 | Train: Loss=0.0195 Acc=99.8% | Test: Acc=59.0% | Best=70.4%(@3880)
  from x3: 0.56 0.59 0.60 0.59 0.59 0.59 0.59 0.59 0.59 0.59 0.59 0.59 0.59 0.59 0.59 0.59 0.59 0.59 0.59 0.59 0.59 0.59 0.59 0.59 0.59 0.59 0.59 0.59 0.59
  per-rule acc: 0.68 0.50
Epoch 3920 | Train: Loss=0.0097 Acc=99.9% | Test: Acc=59.8% | Best=70.4%(@3880)
  from x3: 0.58 0.60 0.61 0.60 0.60 0.60 0.60 0.60 0.60 0.60 0.60 0.60 0.60 0.60 0.60 0.60 0.60 0.60 0.60 0.60 0.60 0.60 0.60 0.59 0.60 0.59 0.60 0.59 0.59
  per-rule acc: 0.70 0.49
Epoch 3940 | Train: Loss=0.0047 Acc=100.0% | Test: Acc=66.8% | Best=70.4%(@3880)
  from x3: 0.64 0.68 0.67 0.67 0.67 0.67 0.67 0.67 0.67 0.67 0.67 0.67 0.67 0.67 0.67 0.67 0.67 0.67 0.67 0.67 0.67 0.67 0.67 0.67 0.67 0.66 0.67 0.67 0.66
  per-rule acc: 0.74 0.59
Epoch 3960 | Train: Loss=0.0039 Acc=100.0% | Test: Acc=69.7% | Best=70.4%(@3880)
  from x3: 0.67 0.70 0.70 0.70 0.70 0.70 0.70 0.70 0.70 0.70 0.70 0.70 0.70 0.70 0.70 0.70 0.70 0.70 0.70 0.70 0.70 0.70 0.70 0.70 0.70 0.70 0.70 0.70 0.70
  per-rule acc: 0.79 0.60
Epoch 3980 | Train: Loss=0.0076 Acc=99.9% | Test: Acc=62.5% | Best=70.4%(@3880)
  from x3: 0.60 0.63 0.63 0.62 0.63 0.62 0.62 0.62 0.62 0.62 0.62 0.62 0.63 0.63 0.63 0.63 0.63 0.63 0.63 0.63 0.63 0.63 0.63 0.63 0.63 0.63 0.63 0.63 0.63
  per-rule acc: 0.72 0.53
Epoch 4000 | Train: Loss=0.0033 Acc=100.0% | Test: Acc=66.9% | Best=70.4%(@3880)
  from x3: 0.65 0.67 0.67 0.67 0.67 0.67 0.67 0.67 0.66 0.67 0.67 0.67 0.67 0.67 0.67 0.67 0.67 0.67 0.67 0.67 0.67 0.67 0.67 0.67 0.67 0.67 0.67 0.67 0.67
  per-rule acc: 0.74 0.60
Epoch 4020 | Train: Loss=0.0166 Acc=99.9% | Test: Acc=56.7% | Best=70.4%(@3880)
  from x3: 0.52 0.57 0.57 0.57 0.57 0.57 0.57 0.57 0.57 0.57 0.57 0.57 0.57 0.57 0.57 0.57 0.57 0.57 0.57 0.57 0.57 0.57 0.57 0.57 0.57 0.57 0.57 0.57 0.57
  per-rule acc: 0.65 0.48
Epoch 4040 | Train: Loss=0.0073 Acc=99.9% | Test: Acc=61.2% | Best=70.4%(@3880)
  from x3: 0.57 0.61 0.61 0.61 0.62 0.61 0.61 0.61 0.62 0.61 0.62 0.62 0.61 0.62 0.61 0.61 0.61 0.61 0.61 0.61 0.61 0.61 0.61 0.61 0.61 0.61 0.61 0.61 0.61
  per-rule acc: 0.74 0.48
Epoch 4060 | Train: Loss=0.0032 Acc=100.0% | Test: Acc=67.5% | Best=70.4%(@3880)
  from x3: 0.65 0.67 0.68 0.68 0.68 0.68 0.68 0.68 0.67 0.67 0.67 0.67 0.68 0.67 0.68 0.68 0.68 0.68 0.68 0.68 0.68 0.68 0.68 0.68 0.68 0.68 0.68 0.67 0.67
  per-rule acc: 0.73 0.62
Epoch 4080 | Train: Loss=0.0032 Acc=100.0% | Test: Acc=65.9% | Best=70.4%(@3880)
  from x3: 0.63 0.66 0.65 0.66 0.66 0.66 0.66 0.66 0.66 0.66 0.66 0.66 0.66 0.66 0.66 0.66 0.66 0.66 0.66 0.66 0.66 0.66 0.66 0.66 0.66 0.66 0.66 0.66 0.66
  per-rule acc: 0.72 0.60
Epoch 4100 | Train: Loss=0.0098 Acc=99.9% | Test: Acc=61.7% | Best=70.4%(@3880)
  from x3: 0.58 0.61 0.61 0.61 0.62 0.62 0.62 0.62 0.62 0.62 0.62 0.62 0.62 0.62 0.62 0.62 0.62 0.62 0.62 0.62 0.62 0.62 0.62 0.62 0.62 0.62 0.62 0.62 0.62
  per-rule acc: 0.71 0.52
Epoch 4120 | Train: Loss=0.0032 Acc=100.0% | Test: Acc=70.9% | Best=70.9%(@4120)
  from x3: 0.68 0.70 0.70 0.70 0.71 0.71 0.71 0.71 0.71 0.71 0.71 0.71 0.71 0.71 0.71 0.71 0.71 0.71 0.71 0.71 0.71 0.71 0.71 0.71 0.71 0.71 0.71 0.71 0.71
  per-rule acc: 0.79 0.63
Epoch 4140 | Train: Loss=0.0032 Acc=100.0% | Test: Acc=67.1% | Best=70.9%(@4120)
  from x3: 0.64 0.67 0.67 0.67 0.67 0.67 0.67 0.68 0.68 0.67 0.67 0.67 0.67 0.67 0.67 0.67 0.67 0.67 0.67 0.67 0.67 0.67 0.67 0.67 0.67 0.67 0.67 0.67 0.67
  per-rule acc: 0.73 0.61
Epoch 4160 | Train: Loss=0.0167 Acc=99.9% | Test: Acc=63.9% | Best=70.9%(@4120)
  from x3: 0.60 0.64 0.64 0.64 0.64 0.64 0.64 0.64 0.64 0.64 0.64 0.64 0.64 0.64 0.64 0.64 0.64 0.64 0.64 0.64 0.64 0.64 0.64 0.64 0.64 0.64 0.64 0.64 0.64
  per-rule acc: 0.75 0.52
Epoch 4180 | Train: Loss=0.0043 Acc=100.0% | Test: Acc=70.7% | Best=70.9%(@4120)
  from x3: 0.67 0.70 0.71 0.70 0.71 0.71 0.71 0.71 0.71 0.71 0.71 0.71 0.71 0.71 0.71 0.71 0.71 0.71 0.71 0.71 0.71 0.71 0.71 0.71 0.71 0.71 0.71 0.71 0.71
  per-rule acc: 0.79 0.62
Epoch 4200 | Train: Loss=0.0031 Acc=100.0% | Test: Acc=68.2% | Best=70.9%(@4120)
  from x3: 0.64 0.68 0.68 0.68 0.68 0.68 0.68 0.68 0.68 0.68 0.68 0.68 0.68 0.68 0.68 0.68 0.68 0.69 0.69 0.69 0.69 0.69 0.69 0.69 0.68 0.68 0.68 0.68 0.68
  per-rule acc: 0.74 0.62
Epoch 4220 | Train: Loss=0.0249 Acc=99.7% | Test: Acc=58.1% | Best=70.9%(@4120)
  from x3: 0.52 0.57 0.58 0.58 0.58 0.58 0.58 0.58 0.58 0.58 0.58 0.58 0.58 0.59 0.59 0.58 0.58 0.58 0.58 0.58 0.58 0.58 0.58 0.58 0.58 0.58 0.58 0.58 0.58
  per-rule acc: 0.64 0.52
Epoch 4240 | Train: Loss=0.0107 Acc=99.9% | Test: Acc=62.3% | Best=70.9%(@4120)
  from x3: 0.59 0.62 0.63 0.62 0.63 0.63 0.63 0.63 0.62 0.63 0.63 0.63 0.63 0.63 0.63 0.62 0.62 0.62 0.62 0.62 0.62 0.62 0.62 0.62 0.62 0.62 0.62 0.62 0.62
  per-rule acc: 0.74 0.51
Epoch 4260 | Train: Loss=0.0028 Acc=100.0% | Test: Acc=72.3% | Best=72.3%(@4260)
  from x3: 0.70 0.72 0.72 0.72 0.72 0.73 0.72 0.73 0.72 0.72 0.72 0.72 0.72 0.72 0.72 0.72 0.72 0.72 0.72 0.72 0.72 0.72 0.72 0.72 0.72 0.72 0.72 0.72 0.72
  per-rule acc: 0.79 0.66
Epoch 4280 | Train: Loss=0.0111 Acc=99.9% | Test: Acc=65.6% | Best=72.3%(@4260)
  from x3: 0.61 0.65 0.65 0.65 0.66 0.66 0.66 0.66 0.66 0.66 0.66 0.66 0.66 0.66 0.66 0.66 0.66 0.66 0.66 0.66 0.66 0.66 0.66 0.66 0.66 0.66 0.66 0.66 0.66
  per-rule acc: 0.75 0.56
Epoch 4300 | Train: Loss=0.0046 Acc=100.0% | Test: Acc=70.1% | Best=72.3%(@4260)
  from x3: 0.67 0.70 0.70 0.70 0.70 0.70 0.70 0.70 0.70 0.70 0.70 0.70 0.70 0.70 0.70 0.70 0.70 0.70 0.70 0.70 0.70 0.70 0.70 0.70 0.70 0.70 0.70 0.70 0.70
  per-rule acc: 0.80 0.60
Epoch 4320 | Train: Loss=0.0031 Acc=100.0% | Test: Acc=69.3% | Best=72.3%(@4260)
  from x3: 0.65 0.68 0.69 0.69 0.70 0.70 0.70 0.70 0.69 0.70 0.69 0.70 0.69 0.70 0.70 0.70 0.70 0.70 0.70 0.70 0.69 0.69 0.70 0.69 0.69 0.69 0.70 0.69 0.69
  per-rule acc: 0.76 0.63
Epoch 4340 | Train: Loss=0.0170 Acc=99.8% | Test: Acc=57.5% | Best=72.3%(@4260)
  from x3: 0.53 0.58 0.58 0.58 0.58 0.58 0.58 0.58 0.58 0.58 0.58 0.58 0.58 0.58 0.58 0.57 0.57 0.57 0.58 0.57 0.57 0.58 0.57 0.57 0.57 0.57 0.57 0.57 0.57
  per-rule acc: 0.65 0.50
Epoch 4360 | Train: Loss=0.0032 Acc=100.0% | Test: Acc=72.2% | Best=72.3%(@4260)
  from x3: 0.69 0.72 0.72 0.72 0.72 0.72 0.72 0.72 0.72 0.72 0.72 0.72 0.72 0.72 0.73 0.73 0.73 0.73 0.73 0.73 0.72 0.72 0.72 0.72 0.72 0.72 0.72 0.72 0.72
  per-rule acc: 0.80 0.64
Epoch 4380 | Train: Loss=0.0092 Acc=99.9% | Test: Acc=66.4% | Best=72.3%(@4260)
  from x3: 0.62 0.66 0.67 0.67 0.67 0.67 0.67 0.67 0.67 0.67 0.67 0.67 0.67 0.67 0.67 0.67 0.67 0.67 0.67 0.67 0.67 0.67 0.67 0.66 0.67 0.66 0.66 0.66 0.66
  per-rule acc: 0.75 0.58
Epoch 4400 | Train: Loss=0.0029 Acc=100.0% | Test: Acc=71.6% | Best=72.3%(@4260)
  from x3: 0.67 0.71 0.71 0.71 0.72 0.72 0.72 0.72 0.72 0.72 0.72 0.72 0.72 0.72 0.72 0.72 0.72 0.72 0.72 0.72 0.72 0.72 0.72 0.72 0.72 0.71 0.72 0.71 0.71
  per-rule acc: 0.79 0.65
Epoch 4420 | Train: Loss=0.0032 Acc=100.0% | Test: Acc=69.2% | Best=72.3%(@4260)
  from x3: 0.65 0.68 0.69 0.70 0.70 0.70 0.70 0.70 0.70 0.70 0.70 0.70 0.70 0.70 0.69 0.69 0.69 0.69 0.69 0.69 0.69 0.69 0.69 0.69 0.69 0.69 0.69 0.69 0.69
  per-rule acc: 0.76 0.63
Epoch 4440 | Train: Loss=0.0301 Acc=99.5% | Test: Acc=58.4% | Best=72.3%(@4260)
  from x3: 0.53 0.57 0.59 0.59 0.59 0.59 0.59 0.59 0.59 0.59 0.59 0.59 0.59 0.59 0.59 0.59 0.59 0.59 0.59 0.59 0.59 0.59 0.59 0.59 0.58 0.58 0.59 0.59 0.59
  per-rule acc: 0.64 0.52
Epoch 4460 | Train: Loss=0.0096 Acc=99.9% | Test: Acc=65.5% | Best=72.3%(@4260)
  from x3: 0.62 0.66 0.66 0.65 0.65 0.65 0.66 0.66 0.66 0.66 0.66 0.66 0.66 0.66 0.66 0.66 0.66 0.66 0.66 0.66 0.66 0.66 0.66 0.66 0.66 0.66 0.66 0.66 0.66
  per-rule acc: 0.73 0.58
Epoch 4480 | Train: Loss=0.0028 Acc=100.0% | Test: Acc=71.1% | Best=72.3%(@4260)
  from x3: 0.67 0.71 0.71 0.71 0.71 0.71 0.71 0.71 0.71 0.71 0.72 0.71 0.72 0.72 0.71 0.71 0.71 0.71 0.71 0.71 0.71 0.71 0.71 0.71 0.71 0.71 0.71 0.71 0.71
  per-rule acc: 0.78 0.64
Epoch 4500 | Train: Loss=0.0063 Acc=100.0% | Test: Acc=67.9% | Best=72.3%(@4260)
  from x3: 0.65 0.68 0.68 0.68 0.68 0.68 0.68 0.68 0.68 0.68 0.68 0.68 0.68 0.68 0.68 0.68 0.68 0.68 0.68 0.68 0.68 0.68 0.68 0.68 0.68 0.68 0.68 0.68 0.68
  per-rule acc: 0.78 0.58
Epoch 4520 | Train: Loss=0.0112 Acc=99.8% | Test: Acc=54.5% | Best=72.3%(@4260)
  from x3: 0.49 0.54 0.55 0.55 0.55 0.55 0.55 0.55 0.55 0.55 0.55 0.55 0.55 0.55 0.55 0.55 0.55 0.55 0.55 0.55 0.55 0.55 0.55 0.55 0.55 0.55 0.55 0.55 0.55
  per-rule acc: 0.68 0.41
Epoch 4540 | Train: Loss=0.0028 Acc=100.0% | Test: Acc=73.7% | Best=73.7%(@4540)
  from x3: 0.70 0.73 0.73 0.74 0.74 0.74 0.74 0.74 0.74 0.74 0.74 0.74 0.74 0.74 0.74 0.74 0.74 0.74 0.74 0.74 0.74 0.74 0.74 0.74 0.74 0.74 0.74 0.74 0.74
  per-rule acc: 0.81 0.67
Epoch 4560 | Train: Loss=0.0031 Acc=100.0% | Test: Acc=70.4% | Best=73.7%(@4540)
  from x3: 0.66 0.70 0.70 0.70 0.71 0.71 0.71 0.71 0.71 0.71 0.71 0.71 0.71 0.71 0.71 0.71 0.71 0.71 0.71 0.71 0.70 0.71 0.70 0.70 0.70 0.70 0.70 0.70 0.70
  per-rule acc: 0.76 0.65
Epoch 4580 | Train: Loss=0.0031 Acc=100.0% | Test: Acc=69.4% | Best=73.7%(@4540)
  from x3: 0.64 0.69 0.68 0.69 0.69 0.70 0.70 0.70 0.70 0.70 0.70 0.70 0.70 0.70 0.70 0.70 0.70 0.70 0.70 0.70 0.70 0.70 0.70 0.69 0.69 0.69 0.69 0.69 0.69
  per-rule acc: 0.75 0.64
Epoch 4600 | Train: Loss=0.0097 Acc=99.9% | Test: Acc=66.0% | Best=73.7%(@4540)
  from x3: 0.61 0.66 0.67 0.66 0.66 0.66 0.66 0.66 0.66 0.66 0.66 0.66 0.66 0.66 0.66 0.66 0.66 0.66 0.66 0.66 0.66 0.66 0.66 0.66 0.66 0.66 0.66 0.66 0.66
  per-rule acc: 0.78 0.54
Epoch 4620 | Train: Loss=0.0039 Acc=100.0% | Test: Acc=70.3% | Best=73.7%(@4540)
  from x3: 0.66 0.70 0.70 0.70 0.71 0.70 0.70 0.70 0.70 0.70 0.70 0.70 0.70 0.70 0.71 0.71 0.71 0.71 0.71 0.71 0.71 0.71 0.71 0.71 0.71 0.71 0.71 0.71 0.71
  per-rule acc: 0.78 0.62
Epoch 4640 | Train: Loss=0.0036 Acc=100.0% | Test: Acc=72.2% | Best=73.7%(@4540)
  from x3: 0.69 0.71 0.72 0.72 0.72 0.72 0.72 0.72 0.72 0.72 0.72 0.72 0.72 0.72 0.72 0.72 0.72 0.72 0.72 0.72 0.72 0.73 0.72 0.72 0.72 0.72 0.73 0.72 0.72
  per-rule acc: 0.79 0.65
Epoch 4660 | Train: Loss=0.0031 Acc=100.0% | Test: Acc=69.9% | Best=73.7%(@4540)
  from x3: 0.66 0.69 0.70 0.70 0.70 0.70 0.70 0.70 0.70 0.70 0.70 0.70 0.70 0.70 0.70 0.70 0.70 0.70 0.70 0.70 0.70 0.70 0.70 0.70 0.70 0.70 0.70 0.70 0.70
  per-rule acc: 0.76 0.64
Epoch 4680 | Train: Loss=0.0166 Acc=99.9% | Test: Acc=60.5% | Best=73.7%(@4540)
  from x3: 0.55 0.60 0.61 0.61 0.61 0.61 0.61 0.61 0.61 0.61 0.61 0.61 0.61 0.61 0.61 0.61 0.61 0.61 0.61 0.61 0.61 0.61 0.61 0.61 0.61 0.61 0.61 0.61 0.61
  per-rule acc: 0.70 0.51
Epoch 4700 | Train: Loss=0.0059 Acc=99.9% | Test: Acc=68.4% | Best=73.7%(@4540)
  from x3: 0.64 0.67 0.68 0.68 0.68 0.68 0.68 0.68 0.69 0.69 0.69 0.69 0.69 0.69 0.69 0.69 0.69 0.69 0.69 0.69 0.69 0.69 0.69 0.69 0.69 0.69 0.69 0.69 0.69
  per-rule acc: 0.78 0.59
Epoch 4720 | Train: Loss=0.0064 Acc=99.9% | Test: Acc=69.0% | Best=73.7%(@4540)
  from x3: 0.65 0.68 0.69 0.69 0.69 0.69 0.69 0.69 0.69 0.69 0.69 0.69 0.69 0.69 0.69 0.69 0.69 0.69 0.69 0.69 0.69 0.69 0.69 0.69 0.69 0.69 0.69 0.69 0.69
  per-rule acc: 0.79 0.59
Epoch 4740 | Train: Loss=0.0028 Acc=100.0% | Test: Acc=72.9% | Best=73.7%(@4540)
  from x3: 0.70 0.72 0.72 0.73 0.73 0.73 0.73 0.73 0.73 0.73 0.73 0.73 0.73 0.73 0.73 0.73 0.73 0.73 0.73 0.73 0.73 0.73 0.73 0.73 0.73 0.73 0.73 0.73 0.73
  per-rule acc: 0.79 0.67
Epoch 4760 | Train: Loss=0.0031 Acc=100.0% | Test: Acc=70.2% | Best=73.7%(@4540)
  from x3: 0.66 0.70 0.71 0.70 0.71 0.70 0.71 0.71 0.71 0.71 0.71 0.71 0.71 0.70 0.71 0.71 0.71 0.70 0.70 0.70 0.70 0.70 0.70 0.70 0.70 0.70 0.70 0.70 0.70
  per-rule acc: 0.75 0.65
Epoch 4780 | Train: Loss=0.0120 Acc=99.9% | Test: Acc=64.7% | Best=73.7%(@4540)
  from x3: 0.59 0.64 0.64 0.65 0.65 0.65 0.65 0.65 0.65 0.65 0.65 0.65 0.65 0.65 0.65 0.65 0.65 0.65 0.65 0.65 0.65 0.65 0.65 0.65 0.65 0.65 0.65 0.65 0.65
  per-rule acc: 0.76 0.54
Epoch 4800 | Train: Loss=0.0046 Acc=100.0% | Test: Acc=70.7% | Best=73.7%(@4540)
  from x3: 0.67 0.69 0.70 0.71 0.71 0.71 0.71 0.71 0.71 0.71 0.71 0.71 0.71 0.71 0.71 0.71 0.71 0.71 0.71 0.71 0.71 0.71 0.71 0.71 0.71 0.71 0.71 0.71 0.71
  per-rule acc: 0.80 0.61
Epoch 4820 | Train: Loss=0.0028 Acc=100.0% | Test: Acc=72.7% | Best=73.7%(@4540)
  from x3: 0.69 0.71 0.73 0.73 0.73 0.73 0.73 0.73 0.73 0.73 0.73 0.73 0.73 0.73 0.73 0.73 0.73 0.73 0.73 0.73 0.73 0.73 0.73 0.73 0.73 0.73 0.73 0.73 0.73
  per-rule acc: 0.79 0.67
Epoch 4840 | Train: Loss=0.0030 Acc=100.0% | Test: Acc=70.0% | Best=73.7%(@4540)
  from x3: 0.66 0.69 0.70 0.70 0.71 0.71 0.71 0.70 0.70 0.70 0.70 0.70 0.70 0.70 0.70 0.70 0.70 0.70 0.70 0.70 0.70 0.70 0.70 0.70 0.70 0.70 0.70 0.70 0.70
  per-rule acc: 0.76 0.64
Epoch 4860 | Train: Loss=0.0050 Acc=100.0% | Test: Acc=70.7% | Best=73.7%(@4540)
  from x3: 0.66 0.70 0.70 0.71 0.71 0.71 0.71 0.71 0.71 0.71 0.71 0.71 0.71 0.71 0.71 0.71 0.71 0.71 0.71 0.71 0.71 0.71 0.71 0.71 0.71 0.71 0.71 0.71 0.71
  per-rule acc: 0.80 0.62
Epoch 4880 | Train: Loss=0.0035 Acc=100.0% | Test: Acc=71.5% | Best=73.7%(@4540)
  from x3: 0.68 0.70 0.71 0.72 0.72 0.72 0.72 0.72 0.72 0.72 0.72 0.72 0.72 0.72 0.72 0.72 0.72 0.72 0.72 0.72 0.72 0.72 0.72 0.72 0.72 0.72 0.72 0.72 0.72
  per-rule acc: 0.80 0.63
Epoch 4900 | Train: Loss=0.0081 Acc=99.9% | Test: Acc=65.4% | Best=73.7%(@4540)
  from x3: 0.61 0.65 0.65 0.65 0.65 0.65 0.65 0.66 0.66 0.66 0.66 0.66 0.66 0.66 0.66 0.66 0.66 0.66 0.66 0.66 0.66 0.66 0.66 0.66 0.66 0.66 0.66 0.66 0.66
  per-rule acc: 0.73 0.58
Epoch 4920 | Train: Loss=0.0028 Acc=100.0% | Test: Acc=71.6% | Best=73.7%(@4540)
  from x3: 0.68 0.72 0.72 0.71 0.72 0.72 0.72 0.72 0.72 0.72 0.72 0.72 0.72 0.72 0.72 0.72 0.72 0.72 0.72 0.72 0.72 0.72 0.72 0.72 0.71 0.71 0.71 0.71 0.72
  per-rule acc: 0.77 0.66
Epoch 4940 | Train: Loss=0.0031 Acc=100.0% | Test: Acc=71.0% | Best=73.7%(@4540)
  from x3: 0.66 0.70 0.71 0.71 0.71 0.71 0.72 0.72 0.71 0.71 0.71 0.71 0.71 0.71 0.71 0.71 0.71 0.71 0.71 0.71 0.71 0.71 0.71 0.71 0.71 0.71 0.71 0.71 0.71
  per-rule acc: 0.76 0.66
Epoch 4960 | Train: Loss=0.0030 Acc=100.0% | Test: Acc=68.8% | Best=73.7%(@4540)
  from x3: 0.64 0.68 0.69 0.68 0.69 0.69 0.69 0.69 0.69 0.69 0.69 0.69 0.69 0.69 0.69 0.69 0.69 0.69 0.69 0.69 0.69 0.69 0.69 0.69 0.69 0.69 0.69 0.69 0.69
  per-rule acc: 0.74 0.63
Epoch 4980 | Train: Loss=0.0058 Acc=100.0% | Test: Acc=69.2% | Best=73.7%(@4540)
  from x3: 0.64 0.69 0.69 0.70 0.69 0.69 0.69 0.69 0.69 0.70 0.69 0.69 0.69 0.70 0.70 0.70 0.70 0.70 0.70 0.70 0.70 0.69 0.69 0.69 0.69 0.70 0.69 0.69 0.69
  per-rule acc: 0.77 0.61
Epoch 5000 | Train: Loss=0.0044 Acc=100.0% | Test: Acc=71.7% | Best=73.7%(@4540)
  from x3: 0.69 0.71 0.72 0.71 0.72 0.72 0.72 0.72 0.72 0.72 0.72 0.72 0.72 0.72 0.72 0.72 0.72 0.72 0.72 0.72 0.72 0.72 0.72 0.72 0.72 0.72 0.72 0.72 0.72
  per-rule acc: 0.79 0.64
Epoch 5020 | Train: Loss=0.0029 Acc=100.0% | Test: Acc=70.8% | Best=73.7%(@4540)
  from x3: 0.66 0.70 0.71 0.71 0.71 0.71 0.71 0.71 0.71 0.71 0.71 0.71 0.71 0.71 0.71 0.71 0.71 0.71 0.71 0.71 0.71 0.71 0.71 0.71 0.71 0.71 0.71 0.71 0.71
  per-rule acc: 0.77 0.65
Epoch 5040 | Train: Loss=0.0029 Acc=100.0% | Test: Acc=69.7% | Best=73.7%(@4540)
  from x3: 0.65 0.70 0.69 0.70 0.70 0.70 0.70 0.70 0.70 0.70 0.70 0.70 0.70 0.70 0.70 0.70 0.70 0.70 0.70 0.70 0.70 0.70 0.70 0.70 0.70 0.70 0.69 0.69 0.69
  per-rule acc: 0.76 0.63
Epoch 5060 | Train: Loss=0.0089 Acc=99.9% | Test: Acc=67.2% | Best=73.7%(@4540)
  from x3: 0.62 0.65 0.67 0.67 0.68 0.67 0.67 0.68 0.68 0.68 0.68 0.67 0.68 0.67 0.67 0.68 0.68 0.67 0.67 0.67 0.67 0.67 0.67 0.67 0.67 0.67 0.67 0.67 0.67
  per-rule acc: 0.77 0.58
Epoch 5080 | Train: Loss=0.0054 Acc=99.9% | Test: Acc=68.8% | Best=73.7%(@4540)
  from x3: 0.64 0.67 0.68 0.69 0.69 0.69 0.69 0.69 0.69 0.69 0.69 0.69 0.69 0.69 0.69 0.69 0.69 0.69 0.69 0.69 0.69 0.69 0.69 0.69 0.69 0.69 0.69 0.69 0.69
  per-rule acc: 0.78 0.60
Epoch 5100 | Train: Loss=0.0028 Acc=100.0% | Test: Acc=71.5% | Best=73.7%(@4540)
  from x3: 0.68 0.71 0.72 0.71 0.72 0.72 0.72 0.72 0.72 0.72 0.72 0.72 0.71 0.72 0.72 0.72 0.72 0.72 0.72 0.72 0.72 0.72 0.72 0.72 0.72 0.71 0.72 0.72 0.72
  per-rule acc: 0.78 0.65
Epoch 5120 | Train: Loss=0.0030 Acc=100.0% | Test: Acc=70.6% | Best=73.7%(@4540)
  from x3: 0.65 0.70 0.71 0.71 0.71 0.71 0.71 0.71 0.71 0.71 0.71 0.71 0.71 0.71 0.71 0.71 0.71 0.71 0.71 0.71 0.71 0.71 0.71 0.71 0.71 0.71 0.71 0.70 0.70
  per-rule acc: 0.77 0.64
Epoch 5140 | Train: Loss=0.0478 Acc=99.4% | Test: Acc=54.8% | Best=73.7%(@4540)
  from x3: 0.48 0.55 0.54 0.55 0.55 0.55 0.55 0.55 0.55 0.55 0.55 0.55 0.55 0.55 0.55 0.55 0.55 0.55 0.55 0.55 0.55 0.55 0.55 0.55 0.55 0.55 0.55 0.55 0.55
  per-rule acc: 0.64 0.45
Epoch 5160 | Train: Loss=0.0067 Acc=100.0% | Test: Acc=65.8% | Best=73.7%(@4540)
  from x3: 0.60 0.65 0.65 0.66 0.66 0.66 0.66 0.66 0.66 0.66 0.66 0.66 0.66 0.66 0.66 0.66 0.66 0.66 0.66 0.66 0.66 0.66 0.66 0.66 0.66 0.66 0.66 0.66 0.66
  per-rule acc: 0.76 0.56
Epoch 5180 | Train: Loss=0.0028 Acc=100.0% | Test: Acc=71.3% | Best=73.7%(@4540)
  from x3: 0.67 0.71 0.71 0.71 0.71 0.71 0.71 0.72 0.72 0.72 0.72 0.72 0.72 0.71 0.71 0.72 0.71 0.71 0.72 0.71 0.71 0.71 0.71 0.71 0.71 0.71 0.71 0.71 0.71
  per-rule acc: 0.78 0.65
Epoch 5200 | Train: Loss=0.0029 Acc=100.0% | Test: Acc=70.2% | Best=73.7%(@4540)
  from x3: 0.66 0.70 0.71 0.70 0.70 0.71 0.70 0.70 0.70 0.70 0.70 0.70 0.70 0.70 0.70 0.71 0.70 0.71 0.70 0.70 0.70 0.70 0.70 0.70 0.70 0.70 0.70 0.70 0.70
  per-rule acc: 0.76 0.64
Epoch 5220 | Train: Loss=0.0437 Acc=99.1% | Test: Acc=51.6% | Best=73.7%(@4540)
  from x3: 0.46 0.51 0.51 0.51 0.51 0.52 0.52 0.52 0.52 0.52 0.52 0.52 0.52 0.52 0.52 0.52 0.52 0.52 0.52 0.52 0.52 0.52 0.52 0.52 0.52 0.52 0.52 0.52 0.52
  per-rule acc: 0.61 0.42
Epoch 5240 | Train: Loss=0.0056 Acc=100.0% | Test: Acc=68.3% | Best=73.7%(@4540)
  from x3: 0.64 0.68 0.68 0.68 0.69 0.69 0.69 0.69 0.69 0.69 0.69 0.69 0.69 0.69 0.69 0.69 0.69 0.69 0.68 0.68 0.69 0.68 0.69 0.69 0.69 0.69 0.68 0.68 0.68
  per-rule acc: 0.80 0.57
Epoch 5260 | Train: Loss=0.0026 Acc=100.0% | Test: Acc=72.9% | Best=73.7%(@4540)
  from x3: 0.69 0.72 0.74 0.73 0.73 0.73 0.73 0.73 0.73 0.73 0.73 0.73 0.73 0.73 0.73 0.73 0.73 0.73 0.73 0.73 0.73 0.73 0.73 0.73 0.73 0.73 0.73 0.73 0.73
  per-rule acc: 0.78 0.68
Epoch 5280 | Train: Loss=0.0043 Acc=100.0% | Test: Acc=68.8% | Best=73.7%(@4540)
  from x3: 0.63 0.69 0.69 0.68 0.69 0.69 0.69 0.69 0.69 0.69 0.69 0.69 0.69 0.69 0.69 0.69 0.69 0.69 0.69 0.69 0.69 0.69 0.69 0.69 0.69 0.69 0.69 0.69 0.69
  per-rule acc: 0.78 0.60
Epoch 5300 | Train: Loss=0.0028 Acc=100.0% | Test: Acc=73.5% | Best=73.7%(@4540)
  from x3: 0.69 0.73 0.74 0.73 0.74 0.74 0.74 0.74 0.74 0.74 0.74 0.74 0.74 0.74 0.74 0.74 0.74 0.74 0.74 0.74 0.74 0.74 0.74 0.74 0.74 0.74 0.74 0.74 0.74
  per-rule acc: 0.79 0.68
Epoch 5320 | Train: Loss=0.0029 Acc=100.0% | Test: Acc=70.8% | Best=73.7%(@4540)
  from x3: 0.66 0.70 0.71 0.71 0.71 0.72 0.71 0.71 0.71 0.71 0.71 0.71 0.71 0.71 0.71 0.71 0.71 0.71 0.71 0.71 0.71 0.71 0.71 0.71 0.71 0.71 0.71 0.71 0.71
  per-rule acc: 0.76 0.65
Epoch 5340 | Train: Loss=0.0131 Acc=99.9% | Test: Acc=59.6% | Best=73.7%(@4540)
  from x3: 0.55 0.60 0.60 0.60 0.60 0.60 0.60 0.60 0.60 0.60 0.60 0.60 0.60 0.60 0.60 0.60 0.60 0.60 0.60 0.60 0.60 0.60 0.60 0.60 0.60 0.60 0.60 0.60 0.60
  per-rule acc: 0.67 0.52
Epoch 5360 | Train: Loss=0.0040 Acc=100.0% | Test: Acc=71.4% | Best=73.7%(@4540)
  from x3: 0.67 0.71 0.71 0.71 0.72 0.72 0.72 0.72 0.72 0.72 0.72 0.72 0.72 0.72 0.72 0.72 0.71 0.72 0.72 0.72 0.72 0.72 0.72 0.72 0.72 0.72 0.72 0.72 0.72
  per-rule acc: 0.78 0.64
Epoch 5380 | Train: Loss=0.0029 Acc=100.0% | Test: Acc=71.0% | Best=73.7%(@4540)
  from x3: 0.66 0.70 0.71 0.71 0.71 0.71 0.71 0.71 0.71 0.71 0.71 0.71 0.71 0.71 0.71 0.71 0.71 0.71 0.71 0.71 0.71 0.71 0.71 0.71 0.71 0.71 0.71 0.71 0.71
  per-rule acc: 0.76 0.66
Epoch 5400 | Train: Loss=0.0029 Acc=100.0% | Test: Acc=69.9% | Best=73.7%(@4540)
  from x3: 0.65 0.70 0.70 0.70 0.70 0.70 0.70 0.70 0.70 0.70 0.70 0.70 0.70 0.70 0.70 0.70 0.70 0.70 0.70 0.70 0.70 0.70 0.70 0.70 0.70 0.70 0.70 0.70 0.70
  per-rule acc: 0.75 0.64
Epoch 5420 | Train: Loss=0.0127 Acc=99.9% | Test: Acc=66.2% | Best=73.7%(@4540)
  from x3: 0.61 0.65 0.65 0.66 0.66 0.67 0.67 0.67 0.67 0.67 0.66 0.67 0.67 0.67 0.67 0.67 0.67 0.66 0.67 0.67 0.66 0.67 0.66 0.66 0.66 0.66 0.66 0.66 0.66
  per-rule acc: 0.74 0.58
Epoch 5440 | Train: Loss=0.0035 Acc=100.0% | Test: Acc=71.4% | Best=73.7%(@4540)
  from x3: 0.67 0.70 0.71 0.71 0.72 0.72 0.71 0.71 0.72 0.71 0.72 0.72 0.72 0.72 0.72 0.72 0.72 0.72 0.72 0.72 0.72 0.72 0.72 0.72 0.72 0.72 0.72 0.72 0.72
  per-rule acc: 0.81 0.62
Epoch 5460 | Train: Loss=0.0028 Acc=100.0% | Test: Acc=70.7% | Best=73.7%(@4540)
  from x3: 0.66 0.70 0.71 0.71 0.71 0.71 0.71 0.71 0.71 0.71 0.71 0.71 0.71 0.71 0.71 0.71 0.71 0.71 0.71 0.71 0.71 0.71 0.71 0.71 0.71 0.71 0.71 0.71 0.71
  per-rule acc: 0.77 0.65
Epoch 5480 | Train: Loss=0.0028 Acc=100.0% | Test: Acc=70.1% | Best=73.7%(@4540)
  from x3: 0.65 0.69 0.70 0.70 0.70 0.70 0.70 0.70 0.70 0.70 0.70 0.70 0.70 0.71 0.70 0.70 0.70 0.70 0.70 0.70 0.70 0.70 0.70 0.70 0.70 0.70 0.70 0.70 0.70
  per-rule acc: 0.76 0.64
Epoch 5500 | Train: Loss=0.0155 Acc=99.8% | Test: Acc=58.1% | Best=73.7%(@4540)
  from x3: 0.52 0.57 0.58 0.58 0.58 0.58 0.58 0.58 0.58 0.58 0.58 0.58 0.59 0.59 0.59 0.59 0.59 0.59 0.59 0.58 0.58 0.58 0.58 0.58 0.58 0.58 0.58 0.58 0.58
  per-rule acc: 0.65 0.52
Epoch 5520 | Train: Loss=0.0051 Acc=99.9% | Test: Acc=67.6% | Best=73.7%(@4540)
  from x3: 0.62 0.67 0.67 0.68 0.68 0.68 0.68 0.68 0.68 0.68 0.68 0.68 0.68 0.68 0.68 0.68 0.68 0.68 0.68 0.68 0.68 0.68 0.68 0.68 0.68 0.68 0.68 0.68 0.68
  per-rule acc: 0.76 0.59
Epoch 5540 | Train: Loss=0.0027 Acc=100.0% | Test: Acc=71.0% | Best=73.7%(@4540)
  from x3: 0.66 0.70 0.70 0.71 0.71 0.71 0.71 0.71 0.71 0.71 0.71 0.71 0.71 0.71 0.71 0.71 0.71 0.71 0.71 0.71 0.71 0.71 0.71 0.71 0.71 0.71 0.71 0.71 0.71
  per-rule acc: 0.77 0.65
Epoch 5560 | Train: Loss=0.0248 Acc=99.7% | Test: Acc=58.7% | Best=73.7%(@4540)
  from x3: 0.53 0.57 0.58 0.59 0.59 0.59 0.59 0.59 0.59 0.59 0.59 0.59 0.59 0.59 0.59 0.59 0.59 0.59 0.59 0.59 0.59 0.59 0.59 0.59 0.59 0.59 0.59 0.59 0.59
  per-rule acc: 0.68 0.50
Epoch 5580 | Train: Loss=0.0043 Acc=100.0% | Test: Acc=68.1% | Best=73.7%(@4540)
  from x3: 0.63 0.67 0.68 0.68 0.68 0.68 0.68 0.68 0.68 0.68 0.68 0.69 0.69 0.68 0.68 0.68 0.68 0.68 0.68 0.68 0.68 0.68 0.68 0.68 0.68 0.68 0.68 0.68 0.68
  per-rule acc: 0.77 0.59
Epoch 5600 | Train: Loss=0.0027 Acc=100.0% | Test: Acc=73.5% | Best=73.7%(@4540)
  from x3: 0.69 0.73 0.73 0.73 0.74 0.74 0.74 0.74 0.74 0.74 0.74 0.74 0.74 0.74 0.74 0.74 0.74 0.74 0.74 0.74 0.74 0.74 0.74 0.74 0.74 0.74 0.74 0.74 0.74
  per-rule acc: 0.80 0.67
Epoch 5620 | Train: Loss=0.0028 Acc=100.0% | Test: Acc=70.3% | Best=73.7%(@4540)
  from x3: 0.65 0.70 0.70 0.70 0.70 0.70 0.70 0.71 0.71 0.70 0.71 0.70 0.71 0.70 0.70 0.70 0.70 0.70 0.70 0.70 0.70 0.70 0.70 0.70 0.70 0.70 0.70 0.70 0.70
  per-rule acc: 0.76 0.64
Epoch 5640 | Train: Loss=0.0028 Acc=100.0% | Test: Acc=69.6% | Best=73.7%(@4540)
  from x3: 0.64 0.69 0.69 0.70 0.70 0.70 0.70 0.70 0.70 0.70 0.70 0.70 0.70 0.70 0.70 0.70 0.70 0.70 0.70 0.70 0.70 0.70 0.70 0.70 0.70 0.70 0.70 0.70 0.70
  per-rule acc: 0.75 0.64
Epoch 5660 | Train: Loss=0.0089 Acc=99.9% | Test: Acc=63.0% | Best=73.7%(@4540)
  from x3: 0.57 0.62 0.63 0.63 0.63 0.63 0.63 0.63 0.63 0.63 0.63 0.63 0.63 0.63 0.63 0.63 0.63 0.63 0.63 0.63 0.63 0.63 0.63 0.63 0.63 0.63 0.63 0.63 0.63
  per-rule acc: 0.73 0.53
Epoch 5680 | Train: Loss=0.0027 Acc=100.0% | Test: Acc=71.9% | Best=73.7%(@4540)
  from x3: 0.68 0.71 0.72 0.72 0.72 0.72 0.72 0.72 0.72 0.72 0.72 0.72 0.72 0.72 0.72 0.72 0.72 0.72 0.72 0.72 0.72 0.72 0.72 0.72 0.72 0.72 0.72 0.72 0.72
  per-rule acc: 0.78 0.65
Epoch 5700 | Train: Loss=0.0028 Acc=100.0% | Test: Acc=69.3% | Best=73.7%(@4540)
  from x3: 0.65 0.68 0.69 0.69 0.69 0.70 0.69 0.69 0.69 0.70 0.70 0.70 0.70 0.70 0.69 0.70 0.70 0.70 0.70 0.69 0.69 0.70 0.69 0.69 0.70 0.69 0.69 0.69 0.69
  per-rule acc: 0.75 0.63
Epoch 5720 | Train: Loss=0.0027 Acc=100.0% | Test: Acc=68.9% | Best=73.7%(@4540)
  from x3: 0.63 0.68 0.68 0.69 0.69 0.70 0.69 0.70 0.69 0.69 0.69 0.69 0.69 0.69 0.69 0.69 0.69 0.69 0.69 0.69 0.69 0.69 0.69 0.69 0.69 0.69 0.69 0.69 0.69
  per-rule acc: 0.75 0.63
Epoch 5740 | Train: Loss=0.0109 Acc=99.9% | Test: Acc=62.7% | Best=73.7%(@4540)
  from x3: 0.58 0.62 0.62 0.63 0.63 0.63 0.63 0.63 0.63 0.63 0.63 0.63 0.63 0.63 0.63 0.63 0.63 0.63 0.63 0.63 0.63 0.63 0.63 0.63 0.63 0.63 0.63 0.63 0.63
  per-rule acc: 0.74 0.52
Epoch 5760 | Train: Loss=0.0062 Acc=99.9% | Test: Acc=65.4% | Best=73.7%(@4540)
  from x3: 0.60 0.65 0.65 0.65 0.65 0.65 0.65 0.66 0.66 0.66 0.66 0.66 0.66 0.66 0.66 0.66 0.66 0.66 0.66 0.66 0.66 0.66 0.66 0.66 0.66 0.66 0.66 0.66 0.66
  per-rule acc: 0.76 0.55
Epoch 5780 | Train: Loss=0.0027 Acc=100.0% | Test: Acc=70.4% | Best=73.7%(@4540)
  from x3: 0.67 0.70 0.70 0.70 0.70 0.71 0.71 0.71 0.71 0.71 0.71 0.71 0.71 0.71 0.71 0.71 0.71 0.71 0.71 0.71 0.71 0.71 0.71 0.71 0.71 0.71 0.71 0.70 0.71
  per-rule acc: 0.77 0.64
Epoch 5800 | Train: Loss=0.0028 Acc=100.0% | Test: Acc=69.3% | Best=73.7%(@4540)
  from x3: 0.64 0.69 0.69 0.70 0.70 0.70 0.70 0.70 0.70 0.70 0.70 0.70 0.70 0.70 0.70 0.69 0.69 0.69 0.69 0.69 0.69 0.70 0.69 0.69 0.69 0.69 0.69 0.69 0.69
  per-rule acc: 0.75 0.64
Epoch 5820 | Train: Loss=0.0027 Acc=100.0% | Test: Acc=68.5% | Best=73.7%(@4540)
  from x3: 0.63 0.68 0.68 0.69 0.69 0.69 0.69 0.69 0.69 0.69 0.69 0.69 0.69 0.69 0.69 0.69 0.69 0.69 0.69 0.69 0.69 0.69 0.69 0.69 0.69 0.69 0.69 0.69 0.69
  per-rule acc: 0.75 0.62
Epoch 5840 | Train: Loss=0.0113 Acc=99.9% | Test: Acc=61.5% | Best=73.7%(@4540)
  from x3: 0.55 0.60 0.61 0.61 0.62 0.62 0.62 0.62 0.62 0.62 0.62 0.62 0.62 0.62 0.62 0.62 0.62 0.62 0.62 0.62 0.62 0.62 0.62 0.62 0.62 0.62 0.62 0.62 0.62
  per-rule acc: 0.69 0.54
Epoch 5860 | Train: Loss=0.0028 Acc=100.0% | Test: Acc=71.4% | Best=73.7%(@4540)
  from x3: 0.67 0.71 0.71 0.72 0.72 0.72 0.72 0.72 0.72 0.72 0.72 0.72 0.72 0.72 0.72 0.72 0.72 0.72 0.72 0.72 0.72 0.72 0.72 0.72 0.72 0.71 0.71 0.71 0.71
  per-rule acc: 0.81 0.61
Epoch 5880 | Train: Loss=0.0027 Acc=100.0% | Test: Acc=68.9% | Best=73.7%(@4540)
  from x3: 0.64 0.68 0.69 0.69 0.70 0.70 0.70 0.69 0.69 0.69 0.69 0.69 0.69 0.69 0.69 0.69 0.69 0.69 0.69 0.69 0.69 0.69 0.69 0.69 0.69 0.69 0.69 0.69 0.69
  per-rule acc: 0.76 0.62
Epoch 5900 | Train: Loss=0.0027 Acc=100.0% | Test: Acc=68.3% | Best=73.7%(@4540)
  from x3: 0.62 0.67 0.68 0.68 0.69 0.69 0.69 0.69 0.69 0.69 0.69 0.69 0.69 0.69 0.69 0.69 0.69 0.69 0.69 0.69 0.69 0.68 0.69 0.68 0.68 0.68 0.68 0.68 0.68
  per-rule acc: 0.75 0.62
Epoch 5920 | Train: Loss=0.0088 Acc=99.9% | Test: Acc=62.5% | Best=73.7%(@4540)
  from x3: 0.55 0.61 0.63 0.63 0.63 0.63 0.63 0.63 0.63 0.63 0.63 0.63 0.63 0.63 0.63 0.63 0.63 0.63 0.63 0.63 0.63 0.63 0.63 0.63 0.63 0.63 0.63 0.63 0.63
  per-rule acc: 0.73 0.52
Epoch 5940 | Train: Loss=0.0051 Acc=100.0% | Test: Acc=66.7% | Best=73.7%(@4540)
  from x3: 0.62 0.66 0.67 0.66 0.67 0.67 0.67 0.67 0.67 0.67 0.67 0.67 0.67 0.67 0.67 0.67 0.67 0.67 0.67 0.67 0.67 0.67 0.67 0.67 0.67 0.67 0.67 0.67 0.67
  per-rule acc: 0.79 0.55
Epoch 5960 | Train: Loss=0.0027 Acc=100.0% | Test: Acc=69.6% | Best=73.7%(@4540)
  from x3: 0.65 0.69 0.69 0.70 0.70 0.70 0.70 0.70 0.70 0.70 0.70 0.70 0.70 0.70 0.70 0.70 0.70 0.70 0.70 0.70 0.70 0.70 0.70 0.70 0.70 0.70 0.70 0.70 0.70
  per-rule acc: 0.77 0.62
Epoch 5980 | Train: Loss=0.0027 Acc=100.0% | Test: Acc=68.8% | Best=73.7%(@4540)
  from x3: 0.63 0.68 0.68 0.69 0.69 0.69 0.69 0.69 0.69 0.69 0.69 0.69 0.69 0.69 0.69 0.69 0.69 0.69 0.69 0.69 0.69 0.69 0.69 0.69 0.69 0.69 0.69 0.69 0.69
  per-rule acc: 0.75 0.63
Epoch 6000 | Train: Loss=0.0081 Acc=99.9% | Test: Acc=62.4% | Best=73.7%(@4540)
  from x3: 0.57 0.62 0.62 0.62 0.62 0.63 0.62 0.63 0.63 0.63 0.63 0.63 0.63 0.63 0.63 0.63 0.63 0.63 0.63 0.63 0.63 0.63 0.63 0.63 0.63 0.63 0.63 0.63 0.62
  per-rule acc: 0.72 0.53
Epoch 6020 | Train: Loss=0.0038 Acc=100.0% | Test: Acc=66.2% | Best=73.7%(@4540)
  from x3: 0.61 0.65 0.65 0.66 0.66 0.66 0.66 0.66 0.66 0.66 0.66 0.66 0.66 0.66 0.66 0.67 0.67 0.66 0.67 0.67 0.67 0.67 0.67 0.67 0.67 0.67 0.67 0.66 0.66
  per-rule acc: 0.75 0.57
Epoch 6040 | Train: Loss=0.0027 Acc=100.0% | Test: Acc=68.8% | Best=73.7%(@4540)
  from x3: 0.63 0.68 0.69 0.69 0.69 0.69 0.69 0.69 0.69 0.69 0.69 0.69 0.69 0.69 0.69 0.69 0.69 0.69 0.69 0.69 0.69 0.69 0.69 0.69 0.69 0.69 0.69 0.69 0.69
  per-rule acc: 0.75 0.62
Epoch 6060 | Train: Loss=0.0028 Acc=100.0% | Test: Acc=68.2% | Best=73.7%(@4540)
  from x3: 0.62 0.67 0.68 0.68 0.68 0.68 0.68 0.68 0.68 0.69 0.69 0.69 0.69 0.69 0.69 0.69 0.68 0.69 0.68 0.68 0.68 0.69 0.69 0.69 0.68 0.68 0.68 0.68 0.68
  per-rule acc: 0.74 0.62
Epoch 6080 | Train: Loss=0.0026 Acc=100.0% | Test: Acc=66.7% | Best=73.7%(@4540)
  from x3: 0.61 0.66 0.66 0.67 0.67 0.67 0.67 0.67 0.67 0.67 0.67 0.67 0.67 0.67 0.67 0.67 0.67 0.67 0.67 0.67 0.67 0.67 0.67 0.67 0.67 0.67 0.67 0.67 0.67
  per-rule acc: 0.73 0.60
Epoch 6100 | Train: Loss=0.0114 Acc=99.9% | Test: Acc=57.8% | Best=73.7%(@4540)
  from x3: 0.52 0.57 0.57 0.58 0.58 0.58 0.58 0.58 0.58 0.58 0.58 0.58 0.58 0.58 0.58 0.58 0.58 0.58 0.58 0.58 0.58 0.58 0.58 0.58 0.58 0.58 0.58 0.58 0.58
  per-rule acc: 0.67 0.48
Epoch 6120 | Train: Loss=0.0034 Acc=100.0% | Test: Acc=68.4% | Best=73.7%(@4540)
  from x3: 0.64 0.68 0.68 0.68 0.68 0.68 0.68 0.69 0.69 0.68 0.69 0.69 0.69 0.69 0.69 0.69 0.69 0.69 0.69 0.69 0.69 0.69 0.69 0.69 0.69 0.69 0.69 0.69 0.69
  per-rule acc: 0.77 0.60
Epoch 6140 | Train: Loss=0.0026 Acc=100.0% | Test: Acc=67.5% | Best=73.7%(@4540)
  from x3: 0.64 0.67 0.67 0.68 0.68 0.68 0.68 0.68 0.68 0.68 0.68 0.68 0.68 0.68 0.68 0.68 0.68 0.68 0.68 0.68 0.68 0.68 0.68 0.68 0.68 0.68 0.68 0.68 0.68
  per-rule acc: 0.74 0.61
Epoch 6160 | Train: Loss=0.0027 Acc=100.0% | Test: Acc=67.1% | Best=73.7%(@4540)
  from x3: 0.62 0.66 0.66 0.67 0.67 0.68 0.68 0.67 0.68 0.67 0.67 0.67 0.67 0.67 0.67 0.67 0.67 0.67 0.67 0.67 0.67 0.67 0.67 0.67 0.67 0.67 0.67 0.67 0.67
  per-rule acc: 0.73 0.61
Epoch 6180 | Train: Loss=0.0026 Acc=100.0% | Test: Acc=65.9% | Best=73.7%(@4540)
  from x3: 0.61 0.66 0.65 0.66 0.66 0.66 0.66 0.66 0.66 0.66 0.66 0.66 0.66 0.66 0.66 0.66 0.66 0.66 0.66 0.66 0.66 0.66 0.66 0.66 0.66 0.66 0.66 0.66 0.66
  per-rule acc: 0.72 0.60
Epoch 6200 | Train: Loss=0.0024 Acc=100.0% | Test: Acc=64.1% | Best=73.7%(@4540)
  from x3: 0.59 0.65 0.64 0.64 0.64 0.64 0.65 0.64 0.64 0.64 0.64 0.64 0.64 0.64 0.64 0.64 0.64 0.64 0.64 0.64 0.64 0.64 0.64 0.64 0.64 0.64 0.64 0.64 0.64
  per-rule acc: 0.70 0.58
Epoch 6220 | Train: Loss=0.0051 Acc=100.0% | Test: Acc=63.5% | Best=73.7%(@4540)
  from x3: 0.58 0.64 0.64 0.64 0.64 0.64 0.64 0.64 0.64 0.64 0.64 0.63 0.64 0.64 0.64 0.64 0.63 0.64 0.64 0.64 0.64 0.64 0.64 0.64 0.64 0.64 0.64 0.64 0.64
  per-rule acc: 0.73 0.54
Epoch 6240 | Train: Loss=0.0025 Acc=100.0% | Test: Acc=67.9% | Best=73.7%(@4540)
  from x3: 0.65 0.68 0.68 0.68 0.68 0.68 0.68 0.68 0.68 0.68 0.68 0.68 0.68 0.68 0.68 0.68 0.68 0.68 0.68 0.68 0.68 0.68 0.68 0.68 0.68 0.68 0.68 0.68 0.68
  per-rule acc: 0.74 0.61
Epoch 6260 | Train: Loss=0.0026 Acc=100.0% | Test: Acc=66.3% | Best=73.7%(@4540)
  from x3: 0.62 0.66 0.66 0.66 0.66 0.66 0.66 0.67 0.67 0.67 0.67 0.66 0.66 0.67 0.66 0.66 0.66 0.66 0.66 0.67 0.66 0.67 0.67 0.67 0.67 0.66 0.66 0.66 0.67
  per-rule acc: 0.73 0.60
Epoch 6280 | Train: Loss=0.0025 Acc=100.0% | Test: Acc=66.0% | Best=73.7%(@4540)
  from x3: 0.61 0.65 0.66 0.66 0.66 0.66 0.66 0.66 0.66 0.66 0.66 0.66 0.66 0.66 0.66 0.66 0.66 0.66 0.66 0.66 0.66 0.66 0.66 0.66 0.66 0.66 0.66 0.66 0.66
  per-rule acc: 0.72 0.60
Epoch 6300 | Train: Loss=0.0024 Acc=100.0% | Test: Acc=64.5% | Best=73.7%(@4540)
  from x3: 0.60 0.65 0.64 0.65 0.65 0.65 0.64 0.65 0.65 0.65 0.65 0.65 0.65 0.65 0.65 0.65 0.65 0.65 0.65 0.65 0.65 0.65 0.65 0.64 0.65 0.65 0.65 0.65 0.64
  per-rule acc: 0.71 0.58
Epoch 6320 | Train: Loss=0.0102 Acc=99.9% | Test: Acc=60.2% | Best=73.7%(@4540)
  from x3: 0.54 0.59 0.60 0.60 0.60 0.60 0.60 0.60 0.60 0.60 0.61 0.61 0.60 0.61 0.61 0.61 0.61 0.61 0.60 0.60 0.60 0.60 0.61 0.60 0.60 0.60 0.60 0.60 0.60
  per-rule acc: 0.68 0.52
Epoch 6340 | Train: Loss=0.0063 Acc=99.9% | Test: Acc=61.8% | Best=73.7%(@4540)
  from x3: 0.55 0.60 0.61 0.62 0.62 0.62 0.62 0.62 0.62 0.62 0.62 0.62 0.62 0.62 0.62 0.62 0.62 0.62 0.62 0.62 0.62 0.62 0.62 0.62 0.62 0.62 0.62 0.62 0.62
  per-rule acc: 0.72 0.52
Epoch 6360 | Train: Loss=0.0025 Acc=100.0% | Test: Acc=68.4% | Best=73.7%(@4540)
  from x3: 0.63 0.68 0.68 0.68 0.68 0.69 0.68 0.68 0.69 0.69 0.69 0.69 0.69 0.69 0.69 0.69 0.69 0.69 0.69 0.69 0.69 0.69 0.69 0.69 0.69 0.69 0.69 0.69 0.69
  per-rule acc: 0.76 0.61
Epoch 6380 | Train: Loss=0.0026 Acc=100.0% | Test: Acc=66.2% | Best=73.7%(@4540)
  from x3: 0.61 0.66 0.66 0.66 0.66 0.66 0.66 0.66 0.66 0.66 0.66 0.66 0.66 0.66 0.66 0.66 0.66 0.66 0.66 0.66 0.66 0.66 0.66 0.66 0.66 0.66 0.66 0.66 0.66
  per-rule acc: 0.73 0.59
Epoch 6400 | Train: Loss=0.0025 Acc=100.0% | Test: Acc=65.3% | Best=73.7%(@4540)
  from x3: 0.61 0.65 0.65 0.65 0.65 0.66 0.66 0.66 0.66 0.65 0.66 0.65 0.66 0.66 0.66 0.66 0.66 0.66 0.66 0.65 0.65 0.66 0.66 0.65 0.66 0.65 0.65 0.65 0.65
  per-rule acc: 0.71 0.59
Epoch 6420 | Train: Loss=0.0024 Acc=100.0% | Test: Acc=63.9% | Best=73.7%(@4540)
  from x3: 0.59 0.64 0.64 0.64 0.64 0.65 0.64 0.64 0.64 0.64 0.64 0.64 0.64 0.64 0.64 0.64 0.64 0.64 0.64 0.64 0.64 0.64 0.64 0.64 0.64 0.64 0.64 0.64 0.64
  per-rule acc: 0.70 0.57
Epoch 6440 | Train: Loss=0.0081 Acc=99.9% | Test: Acc=58.1% | Best=73.7%(@4540)
  from x3: 0.52 0.57 0.58 0.58 0.58 0.58 0.58 0.58 0.58 0.59 0.59 0.58 0.58 0.58 0.58 0.58 0.58 0.58 0.58 0.58 0.59 0.58 0.58 0.58 0.58 0.59 0.58 0.58 0.58
  per-rule acc: 0.67 0.49
Epoch 6460 | Train: Loss=0.0051 Acc=100.0% | Test: Acc=63.1% | Best=73.7%(@4540)
  from x3: 0.57 0.62 0.63 0.63 0.63 0.63 0.63 0.63 0.63 0.63 0.63 0.63 0.63 0.64 0.64 0.63 0.63 0.63 0.63 0.64 0.63 0.63 0.63 0.63 0.63 0.63 0.63 0.63 0.63
  per-rule acc: 0.72 0.54
Epoch 6480 | Train: Loss=0.0025 Acc=100.0% | Test: Acc=67.2% | Best=73.7%(@4540)
  from x3: 0.62 0.67 0.67 0.66 0.67 0.68 0.67 0.67 0.68 0.68 0.68 0.68 0.68 0.68 0.68 0.68 0.68 0.68 0.68 0.67 0.67 0.67 0.67 0.67 0.67 0.67 0.67 0.67 0.67
  per-rule acc: 0.74 0.60
Epoch 6500 | Train: Loss=0.0026 Acc=100.0% | Test: Acc=66.2% | Best=73.7%(@4540)
  from x3: 0.61 0.66 0.66 0.67 0.66 0.67 0.67 0.66 0.66 0.67 0.67 0.67 0.66 0.66 0.66 0.66 0.66 0.66 0.66 0.66 0.66 0.66 0.66 0.66 0.66 0.66 0.66 0.66 0.66
  per-rule acc: 0.73 0.59
Epoch 6520 | Train: Loss=0.0025 Acc=100.0% | Test: Acc=64.9% | Best=73.7%(@4540)
  from x3: 0.60 0.64 0.65 0.65 0.65 0.65 0.65 0.65 0.65 0.65 0.65 0.65 0.65 0.65 0.65 0.65 0.65 0.65 0.65 0.65 0.65 0.65 0.65 0.65 0.65 0.65 0.65 0.65 0.65
  per-rule acc: 0.71 0.59
Epoch 6540 | Train: Loss=0.0123 Acc=99.9% | Test: Acc=56.1% | Best=73.7%(@4540)
  from x3: 0.52 0.55 0.56 0.56 0.56 0.56 0.57 0.56 0.56 0.56 0.56 0.56 0.56 0.56 0.56 0.56 0.56 0.56 0.56 0.56 0.56 0.56 0.56 0.56 0.56 0.56 0.56 0.56 0.56
  per-rule acc: 0.64 0.48
[Early stop] No improvement for 2000 consecutive epochs

==================================================
Saving model...
[OK] Model saved to: /home/cxm/ai/test0617-basic/models/mixed_basic_d256l4_r16_t32_c0.5.pth
  File size: 37240.7 KB
  Best test accuracy: 73.72%

==================================================
Final generation test (given first two items, AB generates 3rd as prompt, validate from 4th)
==================================================

--- AB pair 1: (1, 1) ---

--- Statistics for AB=(1,1) ---
Exposed    samples:  1405 | In-dist: 40239/40745 ( 98.8%) | OOD: 44459/44960 ( 98.9%)
Unexposed  samples:  1404 | In-dist: 20099/40716 ( 49.4%) | OOD: 23176/44928 ( 51.6%)

--- AB pair 2: (1, 2) ---

--- Statistics for AB=(1,2) ---
Exposed    samples:  1405 | In-dist: 39704/40745 ( 97.4%) | OOD: 42051/44960 ( 93.5%)
Unexposed  samples:  1404 | In-dist: 12837/40716 ( 31.5%) | OOD: 13868/44928 ( 30.9%)

--- Return code: 0 ---

======================================================================
Attention Analysis
======================================================================
Model config: addition (default), p=53
Best test accuracy: 0.7371549268100992
Training epochs: 6540

Random test sequence 1/5 (length 64): [32, 37, 16, 0, 16, 16, 32, 48, 27, 22, 49, 18, 14, 32, 46, 25, 18, 43, 8, 51]...

======================================================================
Attention Layer Training Result Summary
======================================================================
Input sequence: [32, 37, 16, 0, 16, 16, 32, 48, 27, 22, 49, 18, 14, 32, 46, 25, 18, 43, 8, 51, 6, 4, 10, 14, 24, 38, 9, 47, 3, 50, 0, 50, 50, 47, 44, 38, 29, 14, 43, 4, 47, 51, 45, 43, 35, 25, 7, 32, 39, 18, 4, 22, 26, 48, 21, 16, 37, 0, 37, 37, 21, 5, 26, 31]

--- Layer 0 ---
  Head 0: Entropy=0.497
    Attention coefficients from each query position to previous positions:
      i= 0 -> j=0:1.000
      i= 1 -> j=0:0.892, j=1:0.108
      i= 2 -> j=0:0.037, j=1:0.892, j=2:0.071
      i= 3 -> j=0:0.000, j=1:0.128, j=2:0.705, j=3:0.167
      i= 4 -> j=0:0.000, j=1:0.000, j=2:0.027, j=3:0.913, j=4:0.060
      i= 5 -> j=0:0.000, j=1:0.000, j=2:0.000, j=3:0.100, j=4:0.791, j=5:0.109
      i= 6 -> j=0:0.000, j=1:0.000, j=2:0.000, j=3:0.000, j=4:0.047, j=5:0.870, j=6:0.082
      i= 7 -> j=0:0.000, j=1:0.000, j=2:0.000, j=3:0.000, j=4:0.000, j=5:0.059, j=6:0.853, j=7:0.088
      i= 8 -> j=0:0.000, j=1:0.000, j=2:0.000, j=3:0.000, j=4:0.000, j=5:0.000, j=6:0.053, j=7:0.890, j=8:0.057
      i= 9 -> j=0:0.000, j=1:0.000, j=2:0.000, j=3:0.000, j=4:0.000, j=5:0.000, j=6:0.000, j=7:0.037, j=8:0.895, j=9:0.068
      i=10 -> j=0:0.000, j=1:0.000, j=2:0.000, j=3:0.000, j=4:0.000, j=5:0.000, j=6:0.000, j=7:0.000, j=8:0.109, j=9:0.818, j=10:0.073
      i=11 -> j=0:0.000, j=1:0.000, j=2:0.000, j=3:0.000, j=4:0.000, j=5:0.000, j=6:0.000, j=7:0.000, j=8:0.000, j=9:0.077, j=10:0.882, j=11:0.041
      i=12 -> j=0:0.000, j=1:0.000, j=2:0.000, j=3:0.000, j=4:0.000, j=5:0.000, j=6:0.000, j=7:0.000, j=8:0.000, j=9:0.000, j=10:0.080, j=11:0.834, j=12:0.085
      i=13 -> j=0:0.000, j=1:0.000, j=2:0.000, j=3:0.000, j=4:0.000, j=5:0.000, j=6:0.000, j=7:0.000, j=8:0.000, j=9:0.000, j=10:0.000, j=11:0.084, j=12:0.821, j=13:0.094
      i=14 -> j=0:0.000, j=1:0.000, j=2:0.000, j=3:0.000, j=4:0.000, j=5:0.000, j=6:0.000, j=7:0.000, j=8:0.000, j=9:0.000, j=10:0.000, j=11:0.000, j=12:0.043, j=13:0.884, j=14:0.072
      i=15 -> j=0:0.000, j=1:0.000, j=2:0.000, j=3:0.000, j=4:0.000, j=5:0.000, j=6:0.000, j=7:0.000, j=8:0.000, j=9:0.000, j=10:0.000, j=11:0.000, j=12:0.000, j=13:0.051, j=14:0.859, j=15:0.090
      i=16 -> j=0:0.000, j=1:0.000, j=2:0.000, j=3:0.000, j=4:0.000, j=5:0.000, j=6:0.000, j=7:0.000, j=8:0.000, j=9:0.000, j=10:0.000, j=11:0.000, j=12:0.000, j=13:0.000, j=14:0.091, j=15:0.863, j=16:0.046
      i=17 -> j=0:0.000, j=1:0.000, j=2:0.000, j=3:0.000, j=4:0.000, j=5:0.000, j=6:0.000, j=7:0.000, j=8:0.000, j=9:0.000, j=10:0.000, j=11:0.000, j=12:0.000, j=13:0.000, j=14:0.000, j=15:0.052, j=16:0.844, j=17:0.104
      i=18 -> j=0:0.000, j=1:0.000, j=2:0.000, j=3:0.000, j=4:0.000, j=5:0.000, j=6:0.000, j=7:0.000, j=8:0.000, j=9:0.000, j=10:0.000, j=11:0.000, j=12:0.000, j=13:0.000, j=14:0.000, j=15:0.000, j=16:0.059, j=17:0.890, j=18:0.051
      i=19 -> j=0:0.000, j=1:0.000, j=2:0.000, j=3:0.000, j=4:0.000, j=5:0.000, j=6:0.000, j=7:0.000, j=8:0.000, j=9:0.000, j=10:0.000, j=11:0.000, j=12:0.000, j=13:0.000, j=14:0.000, j=15:0.000, j=16:0.000, j=17:0.052, j=18:0.899, j=19:0.049
      i=20 -> j=0:0.000, j=1:0.000, j=2:0.000, j=3:0.000, j=4:0.000, j=5:0.000, j=6:0.000, j=7:0.000, j=8:0.000, j=9:0.000, j=10:0.000, j=11:0.000, j=12:0.000, j=13:0.000, j=14:0.000, j=15:0.000, j=16:0.000, j=17:0.000, j=18:0.099, j=19:0.834, j=20:0.067
      i=21 -> j=0:0.000, j=1:0.000, j=2:0.000, j=3:0.000, j=4:0.000, j=5:0.000, j=6:0.000, j=7:0.000, j=8:0.000, j=9:0.000, j=10:0.000, j=11:0.000, j=12:0.000, j=13:0.000, j=14:0.000, j=15:0.000, j=16:0.000, j=17:0.000, j=18:0.000, j=19:0.046, j=20:0.870, j=21:0.084
      i=22 -> j=0:0.000, j=1:0.000, j=2:0.000, j=3:0.000, j=4:0.000, j=5:0.000, j=6:0.000, j=7:0.000, j=8:0.000, j=9:0.000, j=10:0.000, j=11:0.000, j=12:0.000, j=13:0.000, j=14:0.000, j=15:0.000, j=16:0.000, j=17:0.000, j=18:0.000, j=19:0.000, j=20:0.059, j=21:0.867, j=22:0.074
      i=23 -> j=0:0.000, j=1:0.000, j=2:0.000, j=3:0.000, j=4:0.000, j=5:0.000, j=6:0.000, j=7:0.000, j=8:0.000, j=9:0.000, j=10:0.000, j=11:0.000, j=12:0.000, j=13:0.000, j=14:0.000, j=15:0.000, j=16:0.000, j=17:0.000, j=18:0.000, j=19:0.000, j=20:0.000, j=21:0.044, j=22:0.876, j=23:0.080
      i=24 -> j=0:0.000, j=1:0.000, j=2:0.000, j=3:0.000, j=4:0.000, j=5:0.000, j=6:0.000, j=7:0.000, j=8:0.000, j=9:0.000, j=10:0.000, j=11:0.000, j=12:0.000, j=13:0.000, j=14:0.000, j=15:0.000, j=16:0.000, j=17:0.000, j=18:0.000, j=19:0.000, j=20:0.000, j=21:0.000, j=22:0.126, j=23:0.794, j=24:0.080
      i=25 -> j=0:0.000, j=1:0.000, j=2:0.000, j=3:0.000, j=4:0.000, j=5:0.000, j=6:0.000, j=7:0.000, j=8:0.000, j=9:0.000, j=10:0.000, j=11:0.000, j=12:0.000, j=13:0.000, j=14:0.000, j=15:0.000, j=16:0.000, j=17:0.000, j=18:0.000, j=19:0.000, j=20:0.000, j=21:0.000, j=22:0.000, j=23:0.025, j=24:0.855, j=25:0.120
      i=26 -> j=0:0.000, j=1:0.000, j=2:0.000, j=3:0.000, j=4:0.000, j=5:0.000, j=6:0.000, j=7:0.000, j=8:0.000, j=9:0.000, j=10:0.000, j=11:0.000, j=12:0.000, j=13:0.000, j=14:0.000, j=15:0.000, j=16:0.000, j=17:0.000, j=18:0.000, j=19:0.000, j=20:0.000, j=21:0.000, j=22:0.000, j=23:0.000, j=24:0.058, j=25:0.879, j=26:0.064
      i=27 -> j=0:0.000, j=1:0.000, j=2:0.000, j=3:0.000, j=4:0.000, j=5:0.000, j=6:0.000, j=7:0.000, j=8:0.000, j=9:0.000, j=10:0.000, j=11:0.000, j=12:0.000, j=13:0.000, j=14:0.000, j=15:0.000, j=16:0.000, j=17:0.000, j=18:0.000, j=19:0.000, j=20:0.000, j=21:0.000, j=22:0.000, j=23:0.000, j=24:0.000, j=25:0.050, j=26:0.871, j=27:0.079
      i=28 -> j=0:0.000, j=1:0.000, j=2:0.000, j=3:0.000, j=4:0.000, j=5:0.000, j=6:0.000, j=7:0.000, j=8:0.000, j=9:0.000, j=10:0.000, j=11:0.000, j=12:0.000, j=13:0.000, j=14:0.000, j=15:0.000, j=16:0.000, j=17:0.000, j=18:0.000, j=19:0.000, j=20:0.000, j=21:0.000, j=22:0.000, j=23:0.000, j=24:0.000, j=25:0.000, j=26:0.108, j=27:0.816, j=28:0.076
      i=29 -> j=0:0.000, j=1:0.000, j=2:0.000, j=3:0.000, j=4:0.000, j=5:0.000, j=6:0.000, j=7:0.000, j=8:0.000, j=9:0.000, j=10:0.000, j=11:0.000, j=12:0.000, j=13:0.000, j=14:0.000, j=15:0.000, j=16:0.000, j=17:0.000, j=18:0.000, j=19:0.000, j=20:0.000, j=21:0.000, j=22:0.000, j=23:0.000, j=24:0.000, j=25:0.000, j=26:0.000, j=27:0.087, j=28:0.855, j=29:0.058
      i=30 -> j=0:0.000, j=1:0.000, j=2:0.000, j=3:0.000, j=4:0.000, j=5:0.000, j=6:0.000, j=7:0.000, j=8:0.000, j=9:0.000, j=10:0.000, j=11:0.000, j=12:0.000, j=13:0.000, j=14:0.000, j=15:0.000, j=16:0.000, j=17:0.000, j=18:0.000, j=19:0.000, j=20:0.000, j=21:0.000, j=22:0.000, j=23:0.000, j=24:0.000, j=25:0.000, j=26:0.000, j=27:0.000, j=28:0.042, j=29:0.787, j=30:0.171
      i=31 -> j=0:0.000, j=1:0.000, j=2:0.000, j=3:0.000, j=4:0.000, j=5:0.000, j=6:0.000, j=7:0.000, j=8:0.000, j=9:0.000, j=10:0.000, j=11:0.000, j=12:0.000, j=13:0.000, j=14:0.000, j=15:0.000, j=16:0.000, j=17:0.000, j=18:0.000, j=19:0.000, j=20:0.000, j=21:0.000, j=22:0.000, j=23:0.000, j=24:0.000, j=25:0.000, j=26:0.000, j=27:0.000, j=28:0.000, j=29:0.029, j=30:0.931, j=31:0.040
      i=32 -> j=0:0.000, j=1:0.000, j=2:0.000, j=3:0.000, j=4:0.000, j=5:0.000, j=6:0.000, j=7:0.000, j=8:0.000, j=9:0.000, j=10:0.000, j=11:0.000, j=12:0.000, j=13:0.000, j=14:0.000, j=15:0.000, j=16:0.000, j=17:0.000, j=18:0.000, j=19:0.000, j=20:0.000, j=21:0.000, j=22:0.000, j=23:0.000, j=24:0.000, j=25:0.000, j=26:0.000, j=27:0.000, j=28:0.000, j=29:0.000, j=30:0.123, j=31:0.793, j=32:0.084
      i=33 -> j=0:0.000, j=1:0.000, j=2:0.000, j=3:0.000, j=4:0.000, j=5:0.000, j=6:0.000, j=7:0.000, j=8:0.000, j=9:0.000, j=10:0.000, j=11:0.000, j=12:0.000, j=13:0.000, j=14:0.000, j=15:0.000, j=16:0.000, j=17:0.000, j=18:0.000, j=19:0.000, j=20:0.000, j=21:0.000, j=22:0.000, j=23:0.000, j=24:0.000, j=25:0.000, j=26:0.000, j=27:0.000, j=28:0.000, j=29:0.000, j=30:0.000, j=31:0.071, j=32:0.801, j=33:0.127
      i=34 -> j=0:0.000, j=1:0.000, j=2:0.000, j=3:0.000, j=4:0.000, j=5:0.000, j=6:0.000, j=7:0.000, j=8:0.000, j=9:0.000, j=10:0.000, j=11:0.000, j=12:0.000, j=13:0.000, j=14:0.000, j=15:0.000, j=16:0.000, j=17:0.000, j=18:0.000, j=19:0.000, j=20:0.000, j=21:0.000, j=22:0.000, j=23:0.000, j=24:0.000, j=25:0.000, j=26:0.000, j=27:0.000, j=28:0.000, j=29:0.000, j=30:0.000, j=31:0.000, j=32:0.074, j=33:0.882, j=34:0.044
      i=35 -> j=0:0.000, j=1:0.000, j=2:0.000, j=3:0.000, j=4:0.000, j=5:0.000, j=6:0.000, j=7:0.000, j=8:0.000, j=9:0.000, j=10:0.000, j=11:0.000, j=12:0.000, j=13:0.000, j=14:0.000, j=15:0.000, j=16:0.000, j=17:0.000, j=18:0.000, j=19:0.000, j=20:0.000, j=21:0.000, j=22:0.000, j=23:0.000, j=24:0.000, j=25:0.000, j=26:0.000, j=27:0.000, j=28:0.000, j=29:0.000, j=30:0.000, j=31:0.000, j=32:0.000, j=33:0.046, j=34:0.818, j=35:0.135
      i=36 -> j=0:0.000, j=1:0.000, j=2:0.000, j=3:0.000, j=4:0.000, j=5:0.000, j=6:0.000, j=7:0.000, j=8:0.000, j=9:0.000, j=10:0.000, j=11:0.000, j=12:0.000, j=13:0.000, j=14:0.000, j=15:0.000, j=16:0.000, j=17:0.000, j=18:0.000, j=19:0.000, j=20:0.000, j=21:0.000, j=22:0.000, j=23:0.000, j=24:0.000, j=25:0.000, j=26:0.000, j=27:0.000, j=28:0.000, j=29:0.000, j=30:0.000, j=31:0.000, j=32:0.000, j=33:0.000, j=34:0.060, j=35:0.895, j=36:0.046
      i=37 -> j=0:0.000, j=1:0.000, j=2:0.000, j=3:0.000, j=4:0.000, j=5:0.000, j=6:0.000, j=7:0.000, j=8:0.000, j=9:0.000, j=10:0.000, j=11:0.000, j=12:0.000, j=13:0.000, j=14:0.000, j=15:0.000, j=16:0.000, j=17:0.000, j=18:0.000, j=19:0.000, j=20:0.000, j=21:0.000, j=22:0.000, j=23:0.000, j=24:0.000, j=25:0.000, j=26:0.000, j=27:0.000, j=28:0.000, j=29:0.000, j=30:0.000, j=31:0.000, j=32:0.000, j=33:0.000, j=34:0.000, j=35:0.044, j=36:0.873, j=37:0.084
      i=38 -> j=0:0.000, j=1:0.000, j=2:0.000, j=3:0.000, j=4:0.000, j=5:0.000, j=6:0.000, j=7:0.000, j=8:0.000, j=9:0.000, j=10:0.000, j=11:0.000, j=12:0.000, j=13:0.000, j=14:0.000, j=15:0.000, j=16:0.000, j=17:0.000, j=18:0.000, j=19:0.000, j=20:0.000, j=21:0.000, j=22:0.000, j=23:0.000, j=24:0.000, j=25:0.000, j=26:0.000, j=27:0.000, j=28:0.000, j=29:0.000, j=30:0.000, j=31:0.000, j=32:0.000, j=33:0.000, j=34:0.000, j=35:0.000, j=36:0.090, j=37:0.777, j=38:0.133
      i=39 -> j=0:0.000, j=1:0.000, j=2:0.000, j=3:0.000, j=4:0.000, j=5:0.000, j=6:0.000, j=7:0.000, j=8:0.000, j=9:0.000, j=10:0.000, j=11:0.000, j=12:0.000, j=13:0.000, j=14:0.000, j=15:0.000, j=16:0.000, j=17:0.000, j=18:0.000, j=19:0.000, j=20:0.000, j=21:0.000, j=22:0.000, j=23:0.000, j=24:0.000, j=25:0.000, j=26:0.000, j=27:0.000, j=28:0.000, j=29:0.000, j=30:0.000, j=31:0.000, j=32:0.000, j=33:0.000, j=34:0.000, j=35:0.000, j=36:0.000, j=37:0.025, j=38:0.912, j=39:0.063
      i=40 -> j=0:0.000, j=1:0.000, j=2:0.000, j=3:0.000, j=4:0.000, j=5:0.000, j=6:0.000, j=7:0.000, j=8:0.000, j=9:0.000, j=10:0.000, j=11:0.000, j=12:0.000, j=13:0.000, j=14:0.000, j=15:0.000, j=16:0.000, j=17:0.000, j=18:0.000, j=19:0.000, j=20:0.000, j=21:0.000, j=22:0.000, j=23:0.000, j=24:0.000, j=25:0.000, j=26:0.000, j=27:0.000, j=28:0.000, j=29:0.000, j=30:0.000, j=31:0.000, j=32:0.000, j=33:0.000, j=34:0.000, j=35:0.000, j=36:0.000, j=37:0.000, j=38:0.076, j=39:0.816, j=40:0.108
      i=41 -> j=0:0.000, j=1:0.000, j=2:0.000, j=3:0.000, j=4:0.000, j=5:0.000, j=6:0.000, j=7:0.000, j=8:0.000, j=9:0.000, j=10:0.000, j=11:0.000, j=12:0.000, j=13:0.000, j=14:0.000, j=15:0.000, j=16:0.000, j=17:0.000, j=18:0.000, j=19:0.000, j=20:0.000, j=21:0.000, j=22:0.000, j=23:0.000, j=24:0.000, j=25:0.000, j=26:0.000, j=27:0.000, j=28:0.000, j=29:0.000, j=30:0.000, j=31:0.000, j=32:0.000, j=33:0.000, j=34:0.000, j=35:0.000, j=36:0.000, j=37:0.000, j=38:0.000, j=39:0.069, j=40:0.860, j=41:0.071
      i=42 -> j=0:0.000, j=1:0.000, j=2:0.000, j=3:0.000, j=4:0.000, j=5:0.000, j=6:0.000, j=7:0.000, j=8:0.000, j=9:0.000, j=10:0.000, j=11:0.000, j=12:0.000, j=13:0.000, j=14:0.000, j=15:0.000, j=16:0.000, j=17:0.000, j=18:0.000, j=19:0.000, j=20:0.000, j=21:0.000, j=22:0.000, j=23:0.000, j=24:0.000, j=25:0.000, j=26:0.000, j=27:0.000, j=28:0.000, j=29:0.000, j=30:0.000, j=31:0.000, j=32:0.000, j=33:0.000, j=34:0.000, j=35:0.000, j=36:0.000, j=37:0.000, j=38:0.000, j=39:0.000, j=40:0.044, j=41:0.912, j=42:0.044
      i=43 -> j=0:0.000, j=1:0.000, j=2:0.000, j=3:0.000, j=4:0.000, j=5:0.000, j=6:0.000, j=7:0.000, j=8:0.000, j=9:0.000, j=10:0.000, j=11:0.000, j=12:0.000, j=13:0.000, j=14:0.000, j=15:0.000, j=16:0.000, j=17:0.000, j=18:0.000, j=19:0.000, j=20:0.000, j=21:0.000, j=22:0.000, j=23:0.000, j=24:0.000, j=25:0.000, j=26:0.000, j=27:0.000, j=28:0.000, j=29:0.000, j=30:0.000, j=31:0.000, j=32:0.000, j=33:0.000, j=34:0.000, j=35:0.000, j=36:0.000, j=37:0.000, j=38:0.000, j=39:0.000, j=40:0.000, j=41:0.062, j=42:0.837, j=43:0.101
      i=44 -> j=0:0.000, j=1:0.000, j=2:0.000, j=3:0.000, j=4:0.000, j=5:0.000, j=6:0.000, j=7:0.000, j=8:0.000, j=9:0.000, j=10:0.000, j=11:0.000, j=12:0.000, j=13:0.000, j=14:0.000, j=15:0.000, j=16:0.000, j=17:0.000, j=18:0.000, j=19:0.000, j=20:0.000, j=21:0.000, j=22:0.000, j=23:0.000, j=24:0.000, j=25:0.000, j=26:0.000, j=27:0.000, j=28:0.000, j=29:0.000, j=30:0.000, j=31:0.000, j=32:0.000, j=33:0.000, j=34:0.000, j=35:0.000, j=36:0.000, j=37:0.000, j=38:0.000, j=39:0.000, j=40:0.000, j=41:0.000, j=42:0.056, j=43:0.905, j=44:0.039
      i=45 -> j=0:0.000, j=1:0.000, j=2:0.000, j=3:0.000, j=4:0.000, j=5:0.000, j=6:0.000, j=7:0.000, j=8:0.000, j=9:0.000, j=10:0.000, j=11:0.000, j=12:0.000, j=13:0.000, j=14:0.000, j=15:0.000, j=16:0.000, j=17:0.000, j=18:0.000, j=19:0.000, j=20:0.000, j=21:0.000, j=22:0.000, j=23:0.000, j=24:0.000, j=25:0.000, j=26:0.000, j=27:0.000, j=28:0.000, j=29:0.000, j=30:0.000, j=31:0.000, j=32:0.000, j=33:0.000, j=34:0.000, j=35:0.000, j=36:0.000, j=37:0.000, j=38:0.000, j=39:0.000, j=40:0.000, j=41:0.000, j=42:0.000, j=43:0.057, j=44:0.876, j=45:0.066
      i=46 -> j=0:0.000, j=1:0.000, j=2:0.000, j=3:0.000, j=4:0.000, j=5:0.000, j=6:0.000, j=7:0.000, j=8:0.000, j=9:0.000, j=10:0.000, j=11:0.000, j=12:0.000, j=13:0.000, j=14:0.000, j=15:0.000, j=16:0.000, j=17:0.000, j=18:0.000, j=19:0.000, j=20:0.000, j=21:0.000, j=22:0.000, j=23:0.000, j=24:0.000, j=25:0.000, j=26:0.000, j=27:0.000, j=28:0.000, j=29:0.000, j=30:0.000, j=31:0.000, j=32:0.000, j=33:0.000, j=34:0.000, j=35:0.000, j=36:0.000, j=37:0.000, j=38:0.000, j=39:0.000, j=40:0.000, j=41:0.000, j=42:0.000, j=43:0.000, j=44:0.101, j=45:0.817, j=46:0.083
      i=47 -> j=0:0.000, j=1:0.000, j=2:0.000, j=3:0.000, j=4:0.000, j=5:0.000, j=6:0.000, j=7:0.000, j=8:0.000, j=9:0.000, j=10:0.000, j=11:0.000, j=12:0.000, j=13:0.000, j=14:0.000, j=15:0.000, j=16:0.000, j=17:0.000, j=18:0.000, j=19:0.000, j=20:0.000, j=21:0.000, j=22:0.000, j=23:0.000, j=24:0.000, j=25:0.000, j=26:0.000, j=27:0.000, j=28:0.000, j=29:0.000, j=30:0.000, j=31:0.000, j=32:0.000, j=33:0.000, j=34:0.000, j=35:0.000, j=36:0.000, j=37:0.000, j=38:0.000, j=39:0.000, j=40:0.000, j=41:0.000, j=42:0.000, j=43:0.000, j=44:0.000, j=45:0.057, j=46:0.862, j=47:0.080
      i=48 -> j=0:0.000, j=1:0.000, j=2:0.000, j=3:0.000, j=4:0.000, j=5:0.000, j=6:0.000, j=7:0.000, j=8:0.000, j=9:0.000, j=10:0.000, j=11:0.000, j=12:0.000, j=13:0.000, j=14:0.000, j=15:0.000, j=16:0.000, j=17:0.000, j=18:0.000, j=19:0.000, j=20:0.000, j=21:0.000, j=22:0.000, j=23:0.000, j=24:0.000, j=25:0.000, j=26:0.000, j=27:0.000, j=28:0.000, j=29:0.000, j=30:0.000, j=31:0.000, j=32:0.000, j=33:0.000, j=34:0.000, j=35:0.000, j=36:0.000, j=37:0.000, j=38:0.000, j=39:0.000, j=40:0.000, j=41:0.000, j=42:0.000, j=43:0.000, j=44:0.000, j=45:0.000, j=46:0.075, j=47:0.823, j=48:0.102
      i=49 -> j=0:0.000, j=1:0.000, j=2:0.000, j=3:0.000, j=4:0.000, j=5:0.000, j=6:0.000, j=7:0.000, j=8:0.000, j=9:0.000, j=10:0.000, j=11:0.000, j=12:0.000, j=13:0.000, j=14:0.000, j=15:0.000, j=16:0.000, j=17:0.000, j=18:0.000, j=19:0.000, j=20:0.000, j=21:0.000, j=22:0.000, j=23:0.000, j=24:0.000, j=25:0.000, j=26:0.000, j=27:0.000, j=28:0.000, j=29:0.000, j=30:0.000, j=31:0.000, j=32:0.000, j=33:0.000, j=34:0.000, j=35:0.000, j=36:0.000, j=37:0.000, j=38:0.000, j=39:0.000, j=40:0.000, j=41:0.000, j=42:0.000, j=43:0.000, j=44:0.000, j=45:0.000, j=46:0.000, j=47:0.100, j=48:0.823, j=49:0.077
      i=50 -> j=0:0.000, j=1:0.000, j=2:0.000, j=3:0.000, j=4:0.000, j=5:0.000, j=6:0.000, j=7:0.000, j=8:0.000, j=9:0.000, j=10:0.000, j=11:0.000, j=12:0.000, j=13:0.000, j=14:0.000, j=15:0.000, j=16:0.000, j=17:0.000, j=18:0.000, j=19:0.000, j=20:0.000, j=21:0.000, j=22:0.000, j=23:0.000, j=24:0.000, j=25:0.000, j=26:0.000, j=27:0.000, j=28:0.000, j=29:0.000, j=30:0.000, j=31:0.000, j=32:0.000, j=33:0.000, j=34:0.000, j=35:0.000, j=36:0.000, j=37:0.000, j=38:0.000, j=39:0.000, j=40:0.000, j=41:0.000, j=42:0.000, j=43:0.000, j=44:0.000, j=45:0.000, j=46:0.000, j=47:0.000, j=48:0.026, j=49:0.911, j=50:0.063
      i=51 -> j=0:0.000, j=1:0.000, j=2:0.000, j=3:0.000, j=4:0.000, j=5:0.000, j=6:0.000, j=7:0.000, j=8:0.000, j=9:0.000, j=10:0.000, j=11:0.000, j=12:0.000, j=13:0.000, j=14:0.000, j=15:0.000, j=16:0.000, j=17:0.000, j=18:0.000, j=19:0.000, j=20:0.000, j=21:0.000, j=22:0.000, j=23:0.000, j=24:0.000, j=25:0.000, j=26:0.000, j=27:0.000, j=28:0.000, j=29:0.000, j=30:0.000, j=31:0.000, j=32:0.000, j=33:0.000, j=34:0.000, j=35:0.000, j=36:0.000, j=37:0.000, j=38:0.000, j=39:0.000, j=40:0.000, j=41:0.000, j=42:0.000, j=43:0.000, j=44:0.000, j=45:0.000, j=46:0.000, j=47:0.000, j=48:0.000, j=49:0.095, j=50:0.786, j=51:0.119
      i=52 -> j=0:0.000, j=1:0.000, j=2:0.000, j=3:0.000, j=4:0.000, j=5:0.000, j=6:0.000, j=7:0.000, j=8:0.000, j=9:0.000, j=10:0.000, j=11:0.000, j=12:0.000, j=13:0.000, j=14:0.000, j=15:0.000, j=16:0.000, j=17:0.000, j=18:0.000, j=19:0.000, j=20:0.000, j=21:0.000, j=22:0.000, j=23:0.000, j=24:0.000, j=25:0.000, j=26:0.000, j=27:0.000, j=28:0.000, j=29:0.000, j=30:0.000, j=31:0.000, j=32:0.000, j=33:0.000, j=34:0.000, j=35:0.000, j=36:0.000, j=37:0.000, j=38:0.000, j=39:0.000, j=40:0.000, j=41:0.000, j=42:0.000, j=43:0.000, j=44:0.000, j=45:0.000, j=46:0.000, j=47:0.000, j=48:0.000, j=49:0.000, j=50:0.044, j=51:0.887, j=52:0.069
      i=53 -> j=0:0.000, j=1:0.000, j=2:0.000, j=3:0.000, j=4:0.000, j=5:0.000, j=6:0.000, j=7:0.000, j=8:0.000, j=9:0.000, j=10:0.000, j=11:0.000, j=12:0.000, j=13:0.000, j=14:0.000, j=15:0.000, j=16:0.000, j=17:0.000, j=18:0.000, j=19:0.000, j=20:0.000, j=21:0.000, j=22:0.000, j=23:0.000, j=24:0.000, j=25:0.000, j=26:0.000, j=27:0.000, j=28:0.000, j=29:0.000, j=30:0.000, j=31:0.000, j=32:0.000, j=33:0.000, j=34:0.000, j=35:0.000, j=36:0.000, j=37:0.000, j=38:0.000, j=39:0.000, j=40:0.000, j=41:0.000, j=42:0.000, j=43:0.000, j=44:0.000, j=45:0.000, j=46:0.000, j=47:0.000, j=48:0.000, j=49:0.000, j=50:0.000, j=51:0.072, j=52:0.864, j=53:0.064
      i=54 -> j=0:0.000, j=1:0.000, j=2:0.000, j=3:0.000, j=4:0.000, j=5:0.000, j=6:0.000, j=7:0.000, j=8:0.000, j=9:0.000, j=10:0.000, j=11:0.000, j=12:0.000, j=13:0.000, j=14:0.000, j=15:0.000, j=16:0.000, j=17:0.000, j=18:0.000, j=19:0.000, j=20:0.000, j=21:0.000, j=22:0.000, j=23:0.000, j=24:0.000, j=25:0.000, j=26:0.000, j=27:0.000, j=28:0.000, j=29:0.000, j=30:0.000, j=31:0.000, j=32:0.000, j=33:0.000, j=34:0.000, j=35:0.000, j=36:0.000, j=37:0.000, j=38:0.000, j=39:0.000, j=40:0.000, j=41:0.000, j=42:0.000, j=43:0.000, j=44:0.000, j=45:0.000, j=46:0.000, j=47:0.000, j=48:0.000, j=49:0.000, j=50:0.000, j=51:0.000, j=52:0.109, j=53:0.804, j=54:0.087
      i=55 -> j=0:0.000, j=1:0.000, j=2:0.000, j=3:0.000, j=4:0.000, j=5:0.000, j=6:0.000, j=7:0.000, j=8:0.000, j=9:0.000, j=10:0.000, j=11:0.000, j=12:0.000, j=13:0.000, j=14:0.000, j=15:0.000, j=16:0.000, j=17:0.000, j=18:0.000, j=19:0.000, j=20:0.000, j=21:0.000, j=22:0.000, j=23:0.000, j=24:0.000, j=25:0.000, j=26:0.000, j=27:0.000, j=28:0.000, j=29:0.000, j=30:0.000, j=31:0.000, j=32:0.000, j=33:0.000, j=34:0.000, j=35:0.000, j=36:0.000, j=37:0.000, j=38:0.000, j=39:0.000, j=40:0.000, j=41:0.000, j=42:0.000, j=43:0.000, j=44:0.000, j=45:0.000, j=46:0.000, j=47:0.000, j=48:0.000, j=49:0.000, j=50:0.000, j=51:0.000, j=52:0.000, j=53:0.054, j=54:0.853, j=55:0.093
      i=56 -> j=0:0.000, j=1:0.000, j=2:0.000, j=3:0.000, j=4:0.000, j=5:0.000, j=6:0.000, j=7:0.000, j=8:0.000, j=9:0.000, j=10:0.000, j=11:0.000, j=12:0.000, j=13:0.000, j=14:0.000, j=15:0.000, j=16:0.000, j=17:0.000, j=18:0.000, j=19:0.000, j=20:0.000, j=21:0.000, j=22:0.000, j=23:0.000, j=24:0.000, j=25:0.000, j=26:0.000, j=27:0.000, j=28:0.000, j=29:0.000, j=30:0.000, j=31:0.000, j=32:0.000, j=33:0.000, j=34:0.000, j=35:0.000, j=36:0.000, j=37:0.000, j=38:0.000, j=39:0.000, j=40:0.000, j=41:0.000, j=42:0.000, j=43:0.000, j=44:0.000, j=45:0.000, j=46:0.000, j=47:0.000, j=48:0.000, j=49:0.000, j=50:0.000, j=51:0.000, j=52:0.000, j=53:0.000, j=54:0.073, j=55:0.835, j=56:0.092
      i=57 -> j=0:0.000, j=1:0.000, j=2:0.000, j=3:0.000, j=4:0.000, j=5:0.000, j=6:0.000, j=7:0.000, j=8:0.000, j=9:0.000, j=10:0.000, j=11:0.000, j=12:0.000, j=13:0.000, j=14:0.000, j=15:0.000, j=16:0.000, j=17:0.000, j=18:0.000, j=19:0.000, j=20:0.000, j=21:0.000, j=22:0.000, j=23:0.000, j=24:0.000, j=25:0.000, j=26:0.000, j=27:0.000, j=28:0.000, j=29:0.000, j=30:0.000, j=31:0.000, j=32:0.000, j=33:0.000, j=34:0.000, j=35:0.000, j=36:0.000, j=37:0.000, j=38:0.000, j=39:0.000, j=40:0.000, j=41:0.000, j=42:0.000, j=43:0.000, j=44:0.000, j=45:0.000, j=46:0.000, j=47:0.000, j=48:0.000, j=49:0.000, j=50:0.000, j=51:0.000, j=52:0.000, j=53:0.000, j=54:0.000, j=55:0.023, j=56:0.885, j=57:0.092
      i=58 -> j=0:0.000, j=1:0.000, j=2:0.000, j=3:0.000, j=4:0.000, j=5:0.000, j=6:0.000, j=7:0.000, j=8:0.000, j=9:0.000, j=10:0.000, j=11:0.000, j=12:0.000, j=13:0.000, j=14:0.000, j=15:0.000, j=16:0.000, j=17:0.000, j=18:0.000, j=19:0.000, j=20:0.000, j=21:0.000, j=22:0.000, j=23:0.000, j=24:0.000, j=25:0.000, j=26:0.000, j=27:0.000, j=28:0.000, j=29:0.000, j=30:0.000, j=31:0.000, j=32:0.000, j=33:0.000, j=34:0.000, j=35:0.000, j=36:0.000, j=37:0.000, j=38:0.000, j=39:0.000, j=40:0.000, j=41:0.000, j=42:0.000, j=43:0.000, j=44:0.000, j=45:0.000, j=46:0.000, j=47:0.000, j=48:0.000, j=49:0.000, j=50:0.000, j=51:0.000, j=52:0.000, j=53:0.000, j=54:0.000, j=55:0.000, j=56:0.040, j=57:0.912, j=58:0.048
      i=59 -> j=0:0.000, j=1:0.000, j=2:0.000, j=3:0.000, j=4:0.000, j=5:0.000, j=6:0.000, j=7:0.000, j=8:0.000, j=9:0.000, j=10:0.000, j=11:0.000, j=12:0.000, j=13:0.000, j=14:0.000, j=15:0.000, j=16:0.000, j=17:0.000, j=18:0.000, j=19:0.000, j=20:0.000, j=21:0.000, j=22:0.000, j=23:0.000, j=24:0.000, j=25:0.000, j=26:0.000, j=27:0.000, j=28:0.000, j=29:0.000, j=30:0.000, j=31:0.000, j=32:0.000, j=33:0.000, j=34:0.000, j=35:0.000, j=36:0.000, j=37:0.000, j=38:0.000, j=39:0.000, j=40:0.000, j=41:0.000, j=42:0.000, j=43:0.000, j=44:0.000, j=45:0.000, j=46:0.000, j=47:0.000, j=48:0.000, j=49:0.000, j=50:0.000, j=51:0.000, j=52:0.000, j=53:0.000, j=54:0.000, j=55:0.000, j=56:0.000, j=57:0.069, j=58:0.858, j=59:0.073
      i=60 -> j=0:0.000, j=1:0.000, j=2:0.000, j=3:0.000, j=4:0.000, j=5:0.000, j=6:0.000, j=7:0.000, j=8:0.000, j=9:0.000, j=10:0.000, j=11:0.000, j=12:0.000, j=13:0.000, j=14:0.000, j=15:0.000, j=16:0.000, j=17:0.000, j=18:0.000, j=19:0.000, j=20:0.000, j=21:0.000, j=22:0.000, j=23:0.000, j=24:0.000, j=25:0.000, j=26:0.000, j=27:0.000, j=28:0.000, j=29:0.000, j=30:0.000, j=31:0.000, j=32:0.000, j=33:0.000, j=34:0.000, j=35:0.000, j=36:0.000, j=37:0.000, j=38:0.000, j=39:0.000, j=40:0.000, j=41:0.000, j=42:0.000, j=43:0.000, j=44:0.000, j=45:0.000, j=46:0.000, j=47:0.000, j=48:0.000, j=49:0.000, j=50:0.000, j=51:0.000, j=52:0.000, j=53:0.000, j=54:0.000, j=55:0.000, j=56:0.000, j=57:0.000, j=58:0.076, j=59:0.859, j=60:0.065
      i=61 -> j=0:0.000, j=1:0.000, j=2:0.000, j=3:0.000, j=4:0.000, j=5:0.000, j=6:0.000, j=7:0.000, j=8:0.000, j=9:0.000, j=10:0.000, j=11:0.000, j=12:0.000, j=13:0.000, j=14:0.000, j=15:0.000, j=16:0.000, j=17:0.000, j=18:0.000, j=19:0.000, j=20:0.000, j=21:0.000, j=22:0.000, j=23:0.000, j=24:0.000, j=25:0.000, j=26:0.000, j=27:0.000, j=28:0.000, j=29:0.000, j=30:0.000, j=31:0.000, j=32:0.000, j=33:0.000, j=34:0.000, j=35:0.000, j=36:0.000, j=37:0.000, j=38:0.000, j=39:0.000, j=40:0.000, j=41:0.000, j=42:0.000, j=43:0.000, j=44:0.000, j=45:0.000, j=46:0.000, j=47:0.000, j=48:0.000, j=49:0.000, j=50:0.000, j=51:0.000, j=52:0.000, j=53:0.000, j=54:0.000, j=55:0.000, j=56:0.000, j=57:0.000, j=58:0.000, j=59:0.119, j=60:0.832, j=61:0.049
      i=62 -> j=0:0.000, j=1:0.000, j=2:0.000, j=3:0.000, j=4:0.000, j=5:0.000, j=6:0.000, j=7:0.000, j=8:0.000, j=9:0.000, j=10:0.000, j=11:0.000, j=12:0.000, j=13:0.000, j=14:0.000, j=15:0.000, j=16:0.000, j=17:0.000, j=18:0.000, j=19:0.000, j=20:0.000, j=21:0.000, j=22:0.000, j=23:0.000, j=24:0.000, j=25:0.000, j=26:0.000, j=27:0.000, j=28:0.000, j=29:0.000, j=30:0.000, j=31:0.000, j=32:0.000, j=33:0.000, j=34:0.000, j=35:0.000, j=36:0.000, j=37:0.000, j=38:0.000, j=39:0.000, j=40:0.000, j=41:0.000, j=42:0.000, j=43:0.000, j=44:0.000, j=45:0.000, j=46:0.000, j=47:0.000, j=48:0.000, j=49:0.000, j=50:0.000, j=51:0.000, j=52:0.000, j=53:0.000, j=54:0.000, j=55:0.000, j=56:0.000, j=57:0.000, j=58:0.000, j=59:0.000, j=60:0.065, j=61:0.855, j=62:0.079
      i=63 -> j=0:0.000, j=1:0.000, j=2:0.000, j=3:0.000, j=4:0.000, j=5:0.000, j=6:0.000, j=7:0.000, j=8:0.000, j=9:0.000, j=10:0.000, j=11:0.000, j=12:0.000, j=13:0.000, j=14:0.000, j=15:0.000, j=16:0.000, j=17:0.000, j=18:0.000, j=19:0.000, j=20:0.000, j=21:0.000, j=22:0.000, j=23:0.000, j=24:0.000, j=25:0.000, j=26:0.000, j=27:0.000, j=28:0.000, j=29:0.000, j=30:0.000, j=31:0.000, j=32:0.000, j=33:0.000, j=34:0.000, j=35:0.000, j=36:0.000, j=37:0.000, j=38:0.000, j=39:0.000, j=40:0.000, j=41:0.000, j=42:0.000, j=43:0.000, j=44:0.000, j=45:0.000, j=46:0.000, j=47:0.000, j=48:0.000, j=49:0.000, j=50:0.000, j=51:0.000, j=52:0.000, j=53:0.000, j=54:0.000, j=55:0.000, j=56:0.000, j=57:0.000, j=58:0.000, j=59:0.000, j=60:0.000, j=61:0.065, j=62:0.864, j=63:0.071
    Average attention per distance:
      d=0:0.095, d=1:0.854, d=2:0.066

--- Layer 1 ---
  Head 0: Entropy=1.001
    Attention coefficients from each query position to previous positions:
      i= 0 -> j=0:1.000
      i= 1 -> j=0:0.439, j=1:0.561
      i= 2 -> j=0:0.150, j=1:0.606, j=2:0.244
      i= 3 -> j=0:0.006, j=1:0.065, j=2:0.086, j=3:0.844
      i= 4 -> j=0:0.001, j=1:0.012, j=2:0.033, j=3:0.809, j=4:0.145
      i= 5 -> j=0:0.001, j=1:0.004, j=2:0.013, j=3:0.471, j=4:0.345, j=5:0.166
      i= 6 -> j=0:0.002, j=1:0.003, j=2:0.005, j=3:0.134, j=4:0.228, j=5:0.301, j=6:0.327
      i= 7 -> j=0:0.001, j=1:0.001, j=2:0.001, j=3:0.009, j=4:0.018, j=5:0.055, j=6:0.189, j=7:0.727
      i= 8 -> j=0:0.001, j=1:0.001, j=2:0.000, j=3:0.001, j=4:0.002, j=5:0.005, j=6:0.032, j=7:0.321, j=8:0.638
      i= 9 -> j=0:0.001, j=1:0.001, j=2:0.001, j=3:0.002, j=4:0.001, j=5:0.001, j=6:0.007, j=7:0.112, j=8:0.676, j=9:0.199
      i=10 -> j=0:0.000, j=1:0.001, j=2:0.000, j=3:0.002, j=4:0.000, j=5:0.000, j=6:0.001, j=7:0.016, j=8:0.259, j=9:0.222, j=10:0.498
      i=11 -> j=0:0.000, j=1:0.001, j=2:0.000, j=3:0.002, j=4:0.001, j=5:0.000, j=6:0.000, j=7:0.003, j=8:0.036, j=9:0.065, j=10:0.479, j=11:0.413
      i=12 -> j=0:0.000, j=1:0.000, j=2:0.000, j=3:0.002, j=4:0.001, j=5:0.000, j=6:0.000, j=7:0.001, j=8:0.006, j=9:0.011, j=10:0.171, j=11:0.492, j=12:0.314
      i=13 -> j=0:0.000, j=1:0.000, j=2:0.000, j=3:0.002, j=4:0.001, j=5:0.001, j=6:0.000, j=7:0.001, j=8:0.002, j=9:0.002, j=10:0.026, j=11:0.152, j=12:0.314, j=13:0.497
      i=14 -> j=0:0.000, j=1:0.000, j=2:0.000, j=3:0.001, j=4:0.001, j=5:0.000, j=6:0.001, j=7:0.001, j=8:0.001, j=9:0.001, j=10:0.003, j=11:0.020, j=12:0.102, j=13:0.571, j=14:0.296
      i=15 -> j=0:0.000, j=1:0.000, j=2:0.000, j=3:0.001, j=4:0.000, j=5:0.000, j=6:0.000, j=7:0.001, j=8:0.002, j=9:0.000, j=10:0.001, j=11:0.003, j=12:0.013, j=13:0.162, j=14:0.320, j=15:0.495
      i=16 -> j=0:0.000, j=1:0.000, j=2:0.000, j=3:0.001, j=4:0.000, j=5:0.000, j=6:0.000, j=7:0.001, j=8:0.002, j=9:0.001, j=10:0.001, j=11:0.001, j=12:0.002, j=13:0.016, j=14:0.062, j=15:0.349, j=16:0.564
      i=17 -> j=0:0.000, j=1:0.000, j=2:0.000, j=3:0.000, j=4:0.000, j=5:0.000, j=6:0.000, j=7:0.000, j=8:0.001, j=9:0.000, j=10:0.000, j=11:0.000, j=12:0.000, j=13:0.001, j=14:0.003, j=15:0.043, j=16:0.293, j=17:0.659
      i=18 -> j=0:0.000, j=1:0.000, j=2:0.000, j=3:0.001, j=4:0.000, j=5:0.000, j=6:0.000, j=7:0.000, j=8:0.001, j=9:0.000, j=10:0.001, j=11:0.000, j=12:0.000, j=13:0.000, j=14:0.001, j=15:0.008, j=16:0.094, j=17:0.693, j=18:0.200
      i=19 -> j=0:0.000, j=1:0.000, j=2:0.000, j=3:0.001, j=4:0.000, j=5:0.000, j=6:0.000, j=7:0.000, j=8:0.001, j=9:0.000, j=10:0.001, j=11:0.001, j=12:0.000, j=13:0.000, j=14:0.000, j=15:0.002, j=16:0.019, j=17:0.285, j=18:0.285, j=19:0.403
      i=20 -> j=0:0.001, j=1:0.001, j=2:0.000, j=3:0.001, j=4:0.001, j=5:0.000, j=6:0.000, j=7:0.001, j=8:0.001, j=9:0.001, j=10:0.001, j=11:0.002, j=12:0.001, j=13:0.001, j=14:0.001, j=15:0.001, j=16:0.006, j=17:0.059, j=18:0.127, j=19:0.519, j=20:0.274
      i=21 -> j=0:0.000, j=1:0.000, j=2:0.000, j=3:0.000, j=4:0.000, j=5:0.000, j=6:0.000, j=7:0.000, j=8:0.000, j=9:0.000, j=10:0.000, j=11:0.000, j=12:0.000, j=13:0.000, j=14:0.000, j=15:0.000, j=16:0.000, j=17:0.002, j=18:0.005, j=19:0.055, j=20:0.101, j=21:0.833
      i=22 -> j=0:0.000, j=1:0.000, j=2:0.000, j=3:0.000, j=4:0.000, j=5:0.000, j=6:0.000, j=7:0.000, j=8:0.000, j=9:0.000, j=10:0.000, j=11:0.000, j=12:0.000, j=13:0.000, j=14:0.000, j=15:0.000, j=16:0.000, j=17:0.001, j=18:0.001, j=19:0.007, j=20:0.032, j=21:0.684, j=22:0.272
      i=23 -> j=0:0.000, j=1:0.000, j=2:0.000, j=3:0.000, j=4:0.000, j=5:0.000, j=6:0.000, j=7:0.000, j=8:0.001, j=9:0.000, j=10:0.000, j=11:0.000, j=12:0.000, j=13:0.000, j=14:0.000, j=15:0.001, j=16:0.001, j=17:0.001, j=18:0.000, j=19:0.001, j=20:0.006, j=21:0.223, j=22:0.360, j=23:0.403
      i=24 -> j=0:0.000, j=1:0.000, j=2:0.000, j=3:0.000, j=4:0.000, j=5:0.000, j=6:0.000, j=7:0.000, j=8:0.000, j=9:0.000, j=10:0.000, j=11:0.000, j=12:0.000, j=13:0.000, j=14:0.000, j=15:0.000, j=16:0.001, j=17:0.001, j=18:0.000, j=19:0.000, j=20:0.001, j=21:0.022, j=22:0.092, j=23:0.326, j=24:0.554
      i=25 -> j=0:0.000, j=1:0.000, j=2:0.000, j=3:0.001, j=4:0.000, j=5:0.000, j=6:0.000, j=7:0.000, j=8:0.001, j=9:0.000, j=10:0.000, j=11:0.000, j=12:0.000, j=13:0.000, j=14:0.000, j=15:0.000, j=16:0.001, j=17:0.002, j=18:0.000, j=19:0.000, j=20:0.000, j=21:0.003, j=22:0.015, j=23:0.099, j=24:0.625, j=25:0.248
      i=26 -> j=0:0.000, j=1:0.000, j=2:0.000, j=3:0.001, j=4:0.000, j=5:0.000, j=6:0.000, j=7:0.000, j=8:0.001, j=9:0.000, j=10:0.001, j=11:0.001, j=12:0.000, j=13:0.000, j=14:0.000, j=15:0.000, j=16:0.001, j=17:0.002, j=18:0.001, j=19:0.001, j=20:0.000, j=21:0.002, j=22:0.004, j=23:0.022, j=24:0.298, j=25:0.373, j=26:0.289
      i=27 -> j=0:0.000, j=1:0.000, j=2:0.000, j=3:0.001, j=4:0.000, j=5:0.000, j=6:0.000, j=7:0.001, j=8:0.001, j=9:0.000, j=10:0.000, j=11:0.001, j=12:0.000, j=13:0.001, j=14:0.000, j=15:0.000, j=16:0.001, j=17:0.002, j=18:0.001, j=19:0.001, j=20:0.001, j=21:0.001, j=22:0.001, j=23:0.003, j=24:0.036, j=25:0.111, j=26:0.313, j=27:0.523
      i=28 -> j=0:0.000, j=1:0.000, j=2:0.000, j=3:0.001, j=4:0.000, j=5:0.000, j=6:0.000, j=7:0.000, j=8:0.001, j=9:0.000, j=10:0.000, j=11:0.000, j=12:0.000, j=13:0.000, j=14:0.000, j=15:0.000, j=16:0.000, j=17:0.001, j=18:0.000, j=19:0.001, j=20:0.001, j=21:0.002, j=22:0.001, j=23:0.001, j=24:0.003, j=25:0.010, j=26:0.059, j=27:0.347, j=28:0.570
      i=29 -> j=0:0.001, j=1:0.001, j=2:0.001, j=3:0.002, j=4:0.001, j=5:0.000, j=6:0.000, j=7:0.001, j=8:0.002, j=9:0.001, j=10:0.001, j=11:0.001, j=12:0.001, j=13:0.001, j=14:0.001, j=15:0.001, j=16:0.001, j=17:0.001, j=18:0.001, j=19:0.001, j=20:0.001, j=21:0.004, j=22:0.002, j=23:0.001, j=24:0.002, j=25:0.003, j=26:0.014, j=27:0.124, j=28:0.550, j=29:0.280
      i=30 -> j=0:0.000, j=1:0.000, j=2:0.000, j=3:0.000, j=4:0.000, j=5:0.000, j=6:0.000, j=7:0.000, j=8:0.000, j=9:0.000, j=10:0.000, j=11:0.000, j=12:0.000, j=13:0.000, j=14:0.000, j=15:0.000, j=16:0.000, j=17:0.000, j=18:0.000, j=19:0.000, j=20:0.000, j=21:0.000, j=22:0.000, j=23:0.000, j=24:0.000, j=25:0.000, j=26:0.000, j=27:0.002, j=28:0.024, j=29:0.036, j=30:0.936
      i=31 -> j=0:0.000, j=1:0.000, j=2:0.000, j=3:0.000, j=4:0.000, j=5:0.000, j=6:0.000, j=7:0.000, j=8:0.000, j=9:0.000, j=10:0.000, j=11:0.000, j=12:0.000, j=13:0.000, j=14:0.000, j=15:0.000, j=16:0.000, j=17:0.000, j=18:0.000, j=19:0.000, j=20:0.000, j=21:0.001, j=22:0.001, j=23:0.000, j=24:0.001, j=25:0.000, j=26:0.000, j=27:0.001, j=28:0.008, j=29:0.021, j=30:0.886, j=31:0.079
      i=32 -> j=0:0.000, j=1:0.000, j=2:0.000, j=3:0.000, j=4:0.000, j=5:0.000, j=6:0.000, j=7:0.000, j=8:0.000, j=9:0.000, j=10:0.000, j=11:0.000, j=12:0.000, j=13:0.000, j=14:0.000, j=15:0.000, j=16:0.000, j=17:0.001, j=18:0.000, j=19:0.000, j=20:0.000, j=21:0.001, j=22:0.001, j=23:0.001, j=24:0.001, j=25:0.000, j=26:0.000, j=27:0.000, j=28:0.002, j=29:0.006, j=30:0.513, j=31:0.171, j=32:0.299
      i=33 -> j=0:0.000, j=1:0.000, j=2:0.000, j=3:0.000, j=4:0.000, j=5:0.000, j=6:0.000, j=7:0.000, j=8:0.000, j=9:0.000, j=10:0.000, j=11:0.000, j=12:0.000, j=13:0.000, j=14:0.000, j=15:0.000, j=16:0.000, j=17:0.000, j=18:0.000, j=19:0.000, j=20:0.000, j=21:0.000, j=22:0.000, j=23:0.000, j=24:0.001, j=25:0.000, j=26:0.000, j=27:0.000, j=28:0.000, j=29:0.000, j=30:0.046, j=31:0.046, j=32:0.313, j=33:0.590
      i=34 -> j=0:0.000, j=1:0.000, j=2:0.000, j=3:0.001, j=4:0.000, j=5:0.000, j=6:0.000, j=7:0.000, j=8:0.001, j=9:0.000, j=10:0.000, j=11:0.000, j=12:0.000, j=13:0.000, j=14:0.000, j=15:0.000, j=16:0.000, j=17:0.001, j=18:0.000, j=19:0.000, j=20:0.000, j=21:0.001, j=22:0.000, j=23:0.000, j=24:0.001, j=25:0.001, j=26:0.001, j=27:0.001, j=28:0.001, j=29:0.001, j=30:0.012, j=31:0.013, j=32:0.126, j=33:0.660, j=34:0.174
      i=35 -> j=0:0.000, j=1:0.000, j=2:0.000, j=3:0.001, j=4:0.000, j=5:0.000, j=6:0.000, j=7:0.000, j=8:0.001, j=9:0.000, j=10:0.000, j=11:0.000, j=12:0.000, j=13:0.000, j=14:0.000, j=15:0.000, j=16:0.000, j=17:0.000, j=18:0.000, j=19:0.000, j=20:0.000, j=21:0.001, j=22:0.000, j=23:0.000, j=24:0.000, j=25:0.000, j=26:0.000, j=27:0.001, j=28:0.001, j=29:0.000, j=30:0.002, j=31:0.002, j=32:0.015, j=33:0.187, j=34:0.202, j=35:0.582
      i=36 -> j=0:0.000, j=1:0.000, j=2:0.000, j=3:0.001, j=4:0.000, j=5:0.000, j=6:0.000, j=7:0.000, j=8:0.001, j=9:0.000, j=10:0.000, j=11:0.000, j=12:0.000, j=13:0.000, j=14:0.000, j=15:0.000, j=16:0.000, j=17:0.001, j=18:0.000, j=19:0.000, j=20:0.000, j=21:0.001, j=22:0.000, j=23:0.000, j=24:0.000, j=25:0.000, j=26:0.000, j=27:0.001, j=28:0.001, j=29:0.000, j=30:0.002, j=31:0.000, j=32:0.002, j=33:0.022, j=34:0.063, j=35:0.533, j=36:0.366
      i=37 -> j=0:0.000, j=1:0.001, j=2:0.000, j=3:0.001, j=4:0.000, j=5:0.000, j=6:0.000, j=7:0.001, j=8:0.001, j=9:0.000, j=10:0.001, j=11:0.001, j=12:0.000, j=13:0.000, j=14:0.000, j=15:0.000, j=16:0.001, j=17:0.001, j=18:0.000, j=19:0.000, j=20:0.000, j=21:0.001, j=22:0.001, j=23:0.001, j=24:0.001, j=25:0.000, j=26:0.000, j=27:0.001, j=28:0.001, j=29:0.001, j=30:0.004, j=31:0.001, j=32:0.001, j=33:0.004, j=34:0.012, j=35:0.154, j=36:0.432, j=37:0.374
      i=38 -> j=0:0.000, j=1:0.000, j=2:0.000, j=3:0.000, j=4:0.000, j=5:0.000, j=6:0.000, j=7:0.000, j=8:0.000, j=9:0.000, j=10:0.000, j=11:0.000, j=12:0.000, j=13:0.000, j=14:0.000, j=15:0.000, j=16:0.000, j=17:0.000, j=18:0.000, j=19:0.000, j=20:0.000, j=21:0.000, j=22:0.000, j=23:0.000, j=24:0.000, j=25:0.000, j=26:0.000, j=27:0.000, j=28:0.000, j=29:0.000, j=30:0.002, j=31:0.000, j=32:0.000, j=33:0.000, j=34:0.001, j=35:0.009, j=36:0.082, j=37:0.220, j=38:0.680
      i=39 -> j=0:0.000, j=1:0.000, j=2:0.000, j=3:0.001, j=4:0.000, j=5:0.000, j=6:0.000, j=7:0.000, j=8:0.001, j=9:0.000, j=10:0.000, j=11:0.000, j=12:0.000, j=13:0.000, j=14:0.000, j=15:0.000, j=16:0.000, j=17:0.001, j=18:0.000, j=19:0.000, j=20:0.000, j=21:0.001, j=22:0.000, j=23:0.000, j=24:0.001, j=25:0.000, j=26:0.000, j=27:0.000, j=28:0.000, j=29:0.000, j=30:0.003, j=31:0.001, j=32:0.001, j=33:0.001, j=34:0.000, j=35:0.002, j=36:0.015, j=37:0.062, j=38:0.471, j=39:0.433
      i=40 -> j=0:0.000, j=1:0.000, j=2:0.000, j=3:0.000, j=4:0.000, j=5:0.000, j=6:0.000, j=7:0.000, j=8:0.000, j=9:0.000, j=10:0.000, j=11:0.000, j=12:0.000, j=13:0.000, j=14:0.000, j=15:0.000, j=16:0.000, j=17:0.000, j=18:0.000, j=19:0.000, j=20:0.000, j=21:0.000, j=22:0.000, j=23:0.000, j=24:0.000, j=25:0.000, j=26:0.000, j=27:0.000, j=28:0.000, j=29:0.000, j=30:0.001, j=31:0.000, j=32:0.000, j=33:0.000, j=34:0.000, j=35:0.000, j=36:0.001, j=37:0.003, j=38:0.064, j=39:0.254, j=40:0.674
      i=41 -> j=0:0.000, j=1:0.000, j=2:0.000, j=3:0.001, j=4:0.000, j=5:0.000, j=6:0.000, j=7:0.000, j=8:0.001, j=9:0.000, j=10:0.000, j=11:0.000, j=12:0.000, j=13:0.000, j=14:0.000, j=15:0.000, j=16:0.000, j=17:0.000, j=18:0.000, j=19:0.000, j=20:0.000, j=21:0.001, j=22:0.000, j=23:0.000, j=24:0.000, j=25:0.000, j=26:0.000, j=27:0.000, j=28:0.000, j=29:0.000, j=30:0.001, j=31:0.000, j=32:0.001, j=33:0.001, j=34:0.000, j=35:0.000, j=36:0.001, j=37:0.001, j=38:0.014, j=39:0.112, j=40:0.786, j=41:0.073
      i=42 -> j=0:0.000, j=1:0.000, j=2:0.000, j=3:0.001, j=4:0.000, j=5:0.000, j=6:0.000, j=7:0.000, j=8:0.001, j=9:0.000, j=10:0.001, j=11:0.000, j=12:0.000, j=13:0.000, j=14:0.000, j=15:0.000, j=16:0.001, j=17:0.001, j=18:0.000, j=19:0.000, j=20:0.000, j=21:0.001, j=22:0.001, j=23:0.000, j=24:0.001, j=25:0.000, j=26:0.000, j=27:0.000, j=28:0.001, j=29:0.000, j=30:0.001, j=31:0.000, j=32:0.001, j=33:0.002, j=34:0.001, j=35:0.001, j=36:0.001, j=37:0.001, j=38:0.004, j=39:0.036, j=40:0.544, j=41:0.145, j=42:0.250
      i=43 -> j=0:0.000, j=1:0.000, j=2:0.000, j=3:0.001, j=4:0.000, j=5:0.000, j=6:0.000, j=7:0.000, j=8:0.000, j=9:0.000, j=10:0.000, j=11:0.000, j=12:0.000, j=13:0.000, j=14:0.000, j=15:0.000, j=16:0.000, j=17:0.001, j=18:0.000, j=19:0.000, j=20:0.000, j=21:0.001, j=22:0.000, j=23:0.000, j=24:0.000, j=25:0.000, j=26:0.000, j=27:0.000, j=28:0.000, j=29:0.000, j=30:0.001, j=31:0.000, j=32:0.000, j=33:0.001, j=34:0.000, j=35:0.001, j=36:0.001, j=37:0.000, j=38:0.001, j=39:0.003, j=40:0.042, j=41:0.029, j=42:0.187, j=43:0.725
      i=44 -> j=0:0.000, j=1:0.000, j=2:0.000, j=3:0.000, j=4:0.000, j=5:0.000, j=6:0.000, j=7:0.000, j=8:0.000, j=9:0.000, j=10:0.000, j=11:0.000, j=12:0.000, j=13:0.000, j=14:0.000, j=15:0.000, j=16:0.000, j=17:0.000, j=18:0.000, j=19:0.000, j=20:0.000, j=21:0.000, j=22:0.000, j=23:0.000, j=24:0.000, j=25:0.000, j=26:0.000, j=27:0.000, j=28:0.000, j=29:0.000, j=30:0.000, j=31:0.000, j=32:0.000, j=33:0.000, j=34:0.000, j=35:0.000, j=36:0.000, j=37:0.000, j=38:0.000, j=39:0.000, j=40:0.001, j=41:0.001, j=42:0.016, j=43:0.205, j=44:0.773
      i=45 -> j=0:0.000, j=1:0.000, j=2:0.000, j=3:0.000, j=4:0.000, j=5:0.000, j=6:0.000, j=7:0.000, j=8:0.000, j=9:0.000, j=10:0.000, j=11:0.000, j=12:0.000, j=13:0.000, j=14:0.000, j=15:0.000, j=16:0.000, j=17:0.000, j=18:0.000, j=19:0.000, j=20:0.000, j=21:0.000, j=22:0.000, j=23:0.000, j=24:0.000, j=25:0.000, j=26:0.000, j=27:0.000, j=28:0.000, j=29:0.000, j=30:0.001, j=31:0.000, j=32:0.000, j=33:0.000, j=34:0.000, j=35:0.000, j=36:0.000, j=37:0.000, j=38:0.000, j=39:0.000, j=40:0.001, j=41:0.000, j=42:0.004, j=43:0.068, j=44:0.829, j=45:0.091
      i=46 -> j=0:0.000, j=1:0.000, j=2:0.000, j=3:0.000, j=4:0.000, j=5:0.000, j=6:0.000, j=7:0.000, j=8:0.000, j=9:0.000, j=10:0.000, j=11:0.000, j=12:0.000, j=13:0.000, j=14:0.000, j=15:0.000, j=16:0.000, j=17:0.000, j=18:0.000, j=19:0.000, j=20:0.000, j=21:0.000, j=22:0.000, j=23:0.000, j=24:0.000, j=25:0.000, j=26:0.000, j=27:0.000, j=28:0.000, j=29:0.000, j=30:0.001, j=31:0.000, j=32:0.000, j=33:0.000, j=34:0.000, j=35:0.000, j=36:0.000, j=37:0.001, j=38:0.001, j=39:0.001, j=40:0.001, j=41:0.000, j=42:0.001, j=43:0.017, j=44:0.493, j=45:0.219, j=46:0.257
      i=47 -> j=0:0.001, j=1:0.001, j=2:0.001, j=3:0.002, j=4:0.001, j=5:0.001, j=6:0.001, j=7:0.001, j=8:0.002, j=9:0.001, j=10:0.001, j=11:0.001, j=12:0.001, j=13:0.001, j=14:0.001, j=15:0.001, j=16:0.001, j=17:0.002, j=18:0.001, j=19:0.001, j=20:0.001, j=21:0.002, j=22:0.001, j=23:0.001, j=24:0.001, j=25:0.001, j=26:0.001, j=27:0.001, j=28:0.001, j=29:0.001, j=30:0.003, j=31:0.001, j=32:0.001, j=33:0.002, j=34:0.001, j=35:0.001, j=36:0.001, j=37:0.001, j=38:0.004, j=39:0.004, j=40:0.005, j=41:0.001, j=42:0.001, j=43:0.008, j=44:0.110, j=45:0.128, j=46:0.425, j=47:0.271
      i=48 -> j=0:0.000, j=1:0.000, j=2:0.000, j=3:0.000, j=4:0.000, j=5:0.000, j=6:0.000, j=7:0.000, j=8:0.000, j=9:0.000, j=10:0.000, j=11:0.000, j=12:0.000, j=13:0.000, j=14:0.000, j=15:0.000, j=16:0.000, j=17:0.000, j=18:0.000, j=19:0.000, j=20:0.000, j=21:0.000, j=22:0.000, j=23:0.000, j=24:0.000, j=25:0.000, j=26:0.000, j=27:0.000, j=28:0.000, j=29:0.000, j=30:0.000, j=31:0.000, j=32:0.000, j=33:0.000, j=34:0.000, j=35:0.000, j=36:0.000, j=37:0.000, j=38:0.000, j=39:0.000, j=40:0.001, j=41:0.000, j=42:0.000, j=43:0.000, j=44:0.003, j=45:0.004, j=46:0.041, j=47:0.087, j=48:0.858
      i=49 -> j=0:0.000, j=1:0.000, j=2:0.000, j=3:0.000, j=4:0.000, j=5:0.000, j=6:0.000, j=7:0.000, j=8:0.000, j=9:0.000, j=10:0.000, j=11:0.000, j=12:0.000, j=13:0.000, j=14:0.000, j=15:0.000, j=16:0.000, j=17:0.000, j=18:0.000, j=19:0.000, j=20:0.000, j=21:0.000, j=22:0.000, j=23:0.000, j=24:0.000, j=25:0.000, j=26:0.000, j=27:0.000, j=28:0.000, j=29:0.000, j=30:0.000, j=31:0.000, j=32:0.000, j=33:0.000, j=34:0.000, j=35:0.000, j=36:0.000, j=37:0.000, j=38:0.000, j=39:0.000, j=40:0.001, j=41:0.000, j=42:0.000, j=43:0.000, j=44:0.001, j=45:0.001, j=46:0.005, j=47:0.021, j=48:0.573, j=49:0.392
      i=50 -> j=0:0.000, j=1:0.000, j=2:0.000, j=3:0.000, j=4:0.000, j=5:0.000, j=6:0.000, j=7:0.000, j=8:0.000, j=9:0.000, j=10:0.000, j=11:0.000, j=12:0.000, j=13:0.000, j=14:0.000, j=15:0.000, j=16:0.000, j=17:0.000, j=18:0.000, j=19:0.000, j=20:0.000, j=21:0.000, j=22:0.000, j=23:0.000, j=24:0.000, j=25:0.000, j=26:0.000, j=27:0.000, j=28:0.000, j=29:0.000, j=30:0.001, j=31:0.000, j=32:0.000, j=33:0.000, j=34:0.000, j=35:0.000, j=36:0.000, j=37:0.000, j=38:0.000, j=39:0.000, j=40:0.001, j=41:0.000, j=42:0.000, j=43:0.001, j=44:0.001, j=45:0.000, j=46:0.001, j=47:0.005, j=48:0.205, j=49:0.511, j=50:0.266
      i=51 -> j=0:0.000, j=1:0.000, j=2:0.000, j=3:0.000, j=4:0.000, j=5:0.000, j=6:0.000, j=7:0.000, j=8:0.000, j=9:0.000, j=10:0.000, j=11:0.000, j=12:0.000, j=13:0.000, j=14:0.000, j=15:0.000, j=16:0.000, j=17:0.001, j=18:0.000, j=19:0.000, j=20:0.000, j=21:0.001, j=22:0.000, j=23:0.000, j=24:0.000, j=25:0.000, j=26:0.000, j=27:0.000, j=28:0.000, j=29:0.000, j=30:0.001, j=31:0.000, j=32:0.000, j=33:0.000, j=34:0.000, j=35:0.000, j=36:0.000, j=37:0.000, j=38:0.000, j=39:0.000, j=40:0.001, j=41:0.000, j=42:0.000, j=43:0.001, j=44:0.002, j=45:0.000, j=46:0.001, j=47:0.001, j=48:0.036, j=49:0.198, j=50:0.330, j=51:0.416
      i=52 -> j=0:0.000, j=1:0.000, j=2:0.000, j=3:0.000, j=4:0.000, j=5:0.000, j=6:0.000, j=7:0.000, j=8:0.000, j=9:0.000, j=10:0.000, j=11:0.000, j=12:0.000, j=13:0.000, j=14:0.000, j=15:0.000, j=16:0.000, j=17:0.000, j=18:0.000, j=19:0.000, j=20:0.000, j=21:0.000, j=22:0.000, j=23:0.000, j=24:0.000, j=25:0.000, j=26:0.000, j=27:0.000, j=28:0.000, j=29:0.000, j=30:0.000, j=31:0.000, j=32:0.000, j=33:0.000, j=34:0.000, j=35:0.000, j=36:0.000, j=37:0.000, j=38:0.000, j=39:0.000, j=40:0.000, j=41:0.000, j=42:0.000, j=43:0.000, j=44:0.001, j=45:0.000, j=46:0.000, j=47:0.000, j=48:0.003, j=49:0.022, j=50:0.100, j=51:0.484, j=52:0.384
      i=53 -> j=0:0.000, j=1:0.000, j=2:0.000, j=3:0.000, j=4:0.000, j=5:0.000, j=6:0.000, j=7:0.000, j=8:0.000, j=9:0.000, j=10:0.000, j=11:0.000, j=12:0.000, j=13:0.000, j=14:0.000, j=15:0.000, j=16:0.000, j=17:0.000, j=18:0.000, j=19:0.000, j=20:0.000, j=21:0.000, j=22:0.000, j=23:0.000, j=24:0.000, j=25:0.000, j=26:0.000, j=27:0.000, j=28:0.000, j=29:0.000, j=30:0.001, j=31:0.000, j=32:0.000, j=33:0.000, j=34:0.000, j=35:0.000, j=36:0.000, j=37:0.000, j=38:0.000, j=39:0.000, j=40:0.001, j=41:0.000, j=42:0.000, j=43:0.001, j=44:0.002, j=45:0.001, j=46:0.000, j=47:0.000, j=48:0.001, j=49:0.004, j=50:0.016, j=51:0.134, j=52:0.404, j=53:0.425
      i=54 -> j=0:0.000, j=1:0.000, j=2:0.000, j=3:0.000, j=4:0.000, j=5:0.000, j=6:0.000, j=7:0.000, j=8:0.000, j=9:0.000, j=10:0.000, j=11:0.000, j=12:0.000, j=13:0.000, j=14:0.000, j=15:0.000, j=16:0.000, j=17:0.000, j=18:0.000, j=19:0.000, j=20:0.000, j=21:0.000, j=22:0.000, j=23:0.000, j=24:0.000, j=25:0.000, j=26:0.000, j=27:0.000, j=28:0.000, j=29:0.000, j=30:0.000, j=31:0.000, j=32:0.000, j=33:0.000, j=34:0.000, j=35:0.000, j=36:0.000, j=37:0.000, j=38:0.000, j=39:0.000, j=40:0.000, j=41:0.000, j=42:0.000, j=43:0.000, j=44:0.001, j=45:0.000, j=46:0.000, j=47:0.000, j=48:0.001, j=49:0.001, j=50:0.001, j=51:0.011, j=52:0.083, j=53:0.391, j=54:0.502
      i=55 -> j=0:0.000, j=1:0.000, j=2:0.000, j=3:0.001, j=4:0.000, j=5:0.000, j=6:0.000, j=7:0.001, j=8:0.001, j=9:0.000, j=10:0.001, j=11:0.001, j=12:0.000, j=13:0.001, j=14:0.000, j=15:0.000, j=16:0.001, j=17:0.001, j=18:0.000, j=19:0.000, j=20:0.000, j=21:0.001, j=22:0.001, j=23:0.001, j=24:0.001, j=25:0.000, j=26:0.000, j=27:0.000, j=28:0.001, j=29:0.000, j=30:0.001, j=31:0.000, j=32:0.000, j=33:0.001, j=34:0.000, j=35:0.001, j=36:0.000, j=37:0.000, j=38:0.001, j=39:0.001, j=40:0.001, j=41:0.000, j=42:0.000, j=43:0.001, j=44:0.001, j=45:0.001, j=46:0.001, j=47:0.001, j=48:0.002, j=49:0.002, j=50:0.001, j=51:0.004, j=52:0.021, j=53:0.179, j=54:0.599, j=55:0.164
      i=56 -> j=0:0.001, j=1:0.001, j=2:0.001, j=3:0.002, j=4:0.001, j=5:0.001, j=6:0.001, j=7:0.001, j=8:0.002, j=9:0.001, j=10:0.001, j=11:0.001, j=12:0.001, j=13:0.001, j=14:0.001, j=15:0.001, j=16:0.001, j=17:0.002, j=18:0.001, j=19:0.001, j=20:0.001, j=21:0.002, j=22:0.001, j=23:0.001, j=24:0.001, j=25:0.001, j=26:0.001, j=27:0.001, j=28:0.001, j=29:0.001, j=30:0.003, j=31:0.001, j=32:0.001, j=33:0.001, j=34:0.001, j=35:0.001, j=36:0.001, j=37:0.001, j=38:0.001, j=39:0.001, j=40:0.002, j=41:0.001, j=42:0.001, j=43:0.001, j=44:0.002, j=45:0.001, j=46:0.001, j=47:0.002, j=48:0.005, j=49:0.003, j=50:0.002, j=51:0.002, j=52:0.005, j=53:0.049, j=54:0.325, j=55:0.310, j=56:0.245
      i=57 -> j=0:0.000, j=1:0.000, j=2:0.000, j=3:0.000, j=4:0.000, j=5:0.000, j=6:0.000, j=7:0.000, j=8:0.000, j=9:0.000, j=10:0.000, j=11:0.000, j=12:0.000, j=13:0.000, j=14:0.000, j=15:0.000, j=16:0.000, j=17:0.000, j=18:0.000, j=19:0.000, j=20:0.000, j=21:0.000, j=22:0.000, j=23:0.000, j=24:0.000, j=25:0.000, j=26:0.000, j=27:0.000, j=28:0.000, j=29:0.000, j=30:0.001, j=31:0.000, j=32:0.000, j=33:0.000, j=34:0.000, j=35:0.000, j=36:0.000, j=37:0.000, j=38:0.000, j=39:0.000, j=40:0.001, j=41:0.000, j=42:0.000, j=43:0.000, j=44:0.001, j=45:0.000, j=46:0.000, j=47:0.000, j=48:0.001, j=49:0.001, j=50:0.001, j=51:0.000, j=52:0.000, j=53:0.002, j=54:0.018, j=55:0.043, j=56:0.110, j=57:0.811
      i=58 -> j=0:0.000, j=1:0.000, j=2:0.000, j=3:0.001, j=4:0.000, j=5:0.000, j=6:0.000, j=7:0.000, j=8:0.001, j=9:0.000, j=10:0.000, j=11:0.000, j=12:0.000, j=13:0.000, j=14:0.000, j=15:0.000, j=16:0.000, j=17:0.001, j=18:0.000, j=19:0.000, j=20:0.000, j=21:0.001, j=22:0.000, j=23:0.000, j=24:0.000, j=25:0.000, j=26:0.000, j=27:0.000, j=28:0.000, j=29:0.000, j=30:0.001, j=31:0.000, j=32:0.000, j=33:0.000, j=34:0.000, j=35:0.000, j=36:0.000, j=37:0.000, j=38:0.000, j=39:0.000, j=40:0.001, j=41:0.000, j=42:0.000, j=43:0.001, j=44:0.001, j=45:0.000, j=46:0.000, j=47:0.000, j=48:0.001, j=49:0.002, j=50:0.001, j=51:0.001, j=52:0.000, j=53:0.001, j=54:0.003, j=55:0.009, j=56:0.044, j=57:0.790, j=58:0.130
      i=59 -> j=0:0.000, j=1:0.000, j=2:0.000, j=3:0.001, j=4:0.000, j=5:0.000, j=6:0.000, j=7:0.001, j=8:0.001, j=9:0.000, j=10:0.001, j=11:0.000, j=12:0.000, j=13:0.000, j=14:0.000, j=15:0.000, j=16:0.001, j=17:0.001, j=18:0.000, j=19:0.000, j=20:0.000, j=21:0.001, j=22:0.001, j=23:0.001, j=24:0.001, j=25:0.000, j=26:0.000, j=27:0.000, j=28:0.000, j=29:0.000, j=30:0.001, j=31:0.000, j=32:0.001, j=33:0.001, j=34:0.000, j=35:0.000, j=36:0.000, j=37:0.000, j=38:0.001, j=39:0.001, j=40:0.001, j=41:0.000, j=42:0.000, j=43:0.001, j=44:0.002, j=45:0.000, j=46:0.000, j=47:0.000, j=48:0.001, j=49:0.001, j=50:0.001, j=51:0.002, j=52:0.001, j=53:0.001, j=54:0.001, j=55:0.002, j=56:0.010, j=57:0.323, j=58:0.212, j=59:0.418
      i=60 -> j=0:0.000, j=1:0.000, j=2:0.000, j=3:0.000, j=4:0.000, j=5:0.000, j=6:0.000, j=7:0.000, j=8:0.000, j=9:0.000, j=10:0.000, j=11:0.000, j=12:0.000, j=13:0.000, j=14:0.000, j=15:0.000, j=16:0.000, j=17:0.000, j=18:0.000, j=19:0.000, j=20:0.000, j=21:0.000, j=22:0.000, j=23:0.000, j=24:0.000, j=25:0.000, j=26:0.000, j=27:0.000, j=28:0.000, j=29:0.000, j=30:0.001, j=31:0.000, j=32:0.000, j=33:0.000, j=34:0.000, j=35:0.000, j=36:0.000, j=37:0.000, j=38:0.000, j=39:0.000, j=40:0.000, j=41:0.000, j=42:0.000, j=43:0.000, j=44:0.001, j=45:0.000, j=46:0.000, j=47:0.000, j=48:0.000, j=49:0.000, j=50:0.000, j=51:0.001, j=52:0.001, j=53:0.001, j=54:0.000, j=55:0.000, j=56:0.001, j=57:0.023, j=58:0.042, j=59:0.330, j=60:0.591
      i=61 -> j=0:0.000, j=1:0.000, j=2:0.000, j=3:0.000, j=4:0.000, j=5:0.000, j=6:0.000, j=7:0.000, j=8:0.000, j=9:0.000, j=10:0.000, j=11:0.000, j=12:0.000, j=13:0.000, j=14:0.000, j=15:0.000, j=16:0.000, j=17:0.000, j=18:0.000, j=19:0.000, j=20:0.000, j=21:0.000, j=22:0.000, j=23:0.000, j=24:0.000, j=25:0.000, j=26:0.000, j=27:0.000, j=28:0.000, j=29:0.000, j=30:0.001, j=31:0.000, j=32:0.000, j=33:0.000, j=34:0.000, j=35:0.000, j=36:0.000, j=37:0.000, j=38:0.000, j=39:0.000, j=40:0.001, j=41:0.000, j=42:0.000, j=43:0.000, j=44:0.001, j=45:0.000, j=46:0.000, j=47:0.000, j=48:0.001, j=49:0.000, j=50:0.000, j=51:0.001, j=52:0.001, j=53:0.001, j=54:0.001, j=55:0.000, j=56:0.000, j=57:0.004, j=58:0.007, j=59:0.091, j=60:0.464, j=61:0.417
      i=62 -> j=0:0.000, j=1:0.000, j=2:0.000, j=3:0.000, j=4:0.000, j=5:0.000, j=6:0.000, j=7:0.000, j=8:0.000, j=9:0.000, j=10:0.000, j=11:0.000, j=12:0.000, j=13:0.000, j=14:0.000, j=15:0.000, j=16:0.000, j=17:0.000, j=18:0.000, j=19:0.000, j=20:0.000, j=21:0.000, j=22:0.000, j=23:0.000, j=24:0.000, j=25:0.000, j=26:0.000, j=27:0.000, j=28:0.000, j=29:0.000, j=30:0.000, j=31:0.000, j=32:0.000, j=33:0.000, j=34:0.000, j=35:0.000, j=36:0.000, j=37:0.000, j=38:0.000, j=39:0.000, j=40:0.000, j=41:0.000, j=42:0.000, j=43:0.000, j=44:0.000, j=45:0.000, j=46:0.000, j=47:0.000, j=48:0.000, j=49:0.000, j=50:0.000, j=51:0.000, j=52:0.000, j=53:0.001, j=54:0.001, j=55:0.000, j=56:0.000, j=57:0.001, j=58:0.001, j=59:0.010, j=60:0.124, j=61:0.412, j=62:0.443
      i=63 -> j=0:0.000, j=1:0.000, j=2:0.000, j=3:0.000, j=4:0.000, j=5:0.000, j=6:0.000, j=7:0.000, j=8:0.000, j=9:0.000, j=10:0.000, j=11:0.000, j=12:0.000, j=13:0.000, j=14:0.000, j=15:0.000, j=16:0.000, j=17:0.001, j=18:0.000, j=19:0.000, j=20:0.000, j=21:0.001, j=22:0.000, j=23:0.000, j=24:0.000, j=25:0.000, j=26:0.000, j=27:0.000, j=28:0.000, j=29:0.000, j=30:0.001, j=31:0.000, j=32:0.000, j=33:0.000, j=34:0.000, j=35:0.000, j=36:0.000, j=37:0.000, j=38:0.000, j=39:0.000, j=40:0.001, j=41:0.000, j=42:0.000, j=43:0.000, j=44:0.001, j=45:0.000, j=46:0.000, j=47:0.000, j=48:0.001, j=49:0.001, j=50:0.000, j=51:0.000, j=52:0.000, j=53:0.001, j=54:0.001, j=55:0.001, j=56:0.000, j=57:0.001, j=58:0.000, j=59:0.003, j=60:0.025, j=61:0.154, j=62:0.553, j=63:0.240
    Average attention per distance:
      d=0:0.434, d=1:0.405, d=2:0.139, d=3:0.020

--- Layer 2 ---
  Head 0: Entropy=1.841
    Attention coefficients from each query position to previous positions:
      i= 0 -> j=0:1.000
      i= 1 -> j=0:0.139, j=1:0.861
      i= 2 -> j=0:0.117, j=1:0.686, j=2:0.197
      i= 3 -> j=0:0.067, j=1:0.297, j=2:0.178, j=3:0.458
      i= 4 -> j=0:0.058, j=1:0.216, j=2:0.157, j=3:0.509, j=4:0.060
      i= 5 -> j=0:0.061, j=1:0.167, j=2:0.139, j=3:0.483, j=4:0.089, j=5:0.062
      i= 6 -> j=0:0.054, j=1:0.119, j=2:0.087, j=3:0.315, j=4:0.072, j=5:0.071, j=6:0.282
      i= 7 -> j=0:0.015, j=1:0.038, j=2:0.019, j=3:0.069, j=4:0.012, j=5:0.015, j=6:0.097, j=7:0.734
      i= 8 -> j=0:0.004, j=1:0.011, j=2:0.005, j=3:0.015, j=4:0.002, j=5:0.003, j=6:0.018, j=7:0.214, j=8:0.729
      i= 9 -> j=0:0.003, j=1:0.009, j=2:0.005, j=3:0.012, j=4:0.002, j=5:0.002, j=6:0.011, j=7:0.104, j=8:0.459, j=9:0.392
      i=10 -> j=0:0.002, j=1:0.005, j=2:0.003, j=3:0.008, j=4:0.001, j=5:0.001, j=6:0.004, j=7:0.034, j=8:0.181, j=9:0.249, j=10:0.512
      i=11 -> j=0:0.001, j=1:0.002, j=2:0.001, j=3:0.004, j=4:0.000, j=5:0.000, j=6:0.002, j=7:0.010, j=8:0.053, j=9:0.103, j=10:0.370, j=11:0.454
      i=12 -> j=0:0.000, j=1:0.001, j=2:0.001, j=3:0.002, j=4:0.000, j=5:0.000, j=6:0.001, j=7:0.005, j=8:0.017, j=9:0.034, j=10:0.152, j=11:0.324, j=12:0.463
      i=13 -> j=0:0.001, j=1:0.002, j=2:0.001, j=3:0.003, j=4:0.001, j=5:0.001, j=6:0.002, j=7:0.006, j=8:0.015, j=9:0.022, j=10:0.073, j=11:0.187, j=12:0.434, j=13:0.254
      i=14 -> j=0:0.000, j=1:0.001, j=2:0.000, j=3:0.001, j=4:0.000, j=5:0.000, j=6:0.001, j=7:0.003, j=8:0.008, j=9:0.008, j=10:0.021, j=11:0.052, j=12:0.177, j=13:0.183, j=14:0.545
      i=15 -> j=0:0.001, j=1:0.001, j=2:0.001, j=3:0.002, j=4:0.000, j=5:0.000, j=6:0.001, j=7:0.004, j=8:0.009, j=9:0.009, j=10:0.015, j=11:0.023, j=12:0.064, j=13:0.095, j=14:0.408, j=15:0.368
      i=16 -> j=0:0.002, j=1:0.003, j=2:0.002, j=3:0.004, j=4:0.001, j=5:0.001, j=6:0.002, j=7:0.006, j=8:0.014, j=9:0.016, j=10:0.024, j=11:0.027, j=12:0.049, j=13:0.066, j=14:0.261, j=15:0.309, j=16:0.214
      i=17 -> j=0:0.004, j=1:0.006, j=2:0.004, j=3:0.008, j=4:0.002, j=5:0.002, j=6:0.003, j=7:0.008, j=8:0.017, j=9:0.022, j=10:0.033, j=11:0.033, j=12:0.043, j=13:0.046, j=14:0.130, j=15:0.164, j=16:0.201, j=17:0.274
      i=18 -> j=0:0.004, j=1:0.007, j=2:0.005, j=3:0.009, j=4:0.003, j=5:0.002, j=6:0.004, j=7:0.009, j=8:0.017, j=9:0.023, j=10:0.039, j=11:0.043, j=12:0.054, j=13:0.047, j=14:0.103, j=15:0.113, j=16:0.167, j=17:0.306, j=18:0.046
      i=19 -> j=0:0.004, j=1:0.006, j=2:0.004, j=3:0.008, j=4:0.002, j=5:0.002, j=6:0.004, j=7:0.008, j=8:0.013, j=9:0.016, j=10:0.030, j=11:0.037, j=12:0.051, j=13:0.039, j=14:0.067, j=15:0.057, j=16:0.087, j=17:0.215, j=18:0.051, j=19:0.300
      i=20 -> j=0:0.003, j=1:0.005, j=2:0.002, j=3:0.005, j=4:0.001, j=5:0.001, j=6:0.002, j=7:0.005, j=8:0.009, j=9:0.009, j=10:0.014, j=11:0.018, j=12:0.028, j=13:0.024, j=14:0.037, j=15:0.025, j=16:0.029, j=17:0.068, j=18:0.023, j=19:0.215, j=20:0.477
      i=21 -> j=0:0.004, j=1:0.006, j=2:0.004, j=3:0.006, j=4:0.002, j=5:0.002, j=6:0.003, j=7:0.007, j=8:0.011, j=9:0.011, j=10:0.014, j=11:0.015, j=12:0.024, j=13:0.023, j=14:0.037, j=15:0.026, j=16:0.023, j=17:0.039, j=18:0.017, j=19:0.124, j=20:0.284, j=21:0.317
      i=22 -> j=0:0.001, j=1:0.002, j=2:0.001, j=3:0.002, j=4:0.000, j=5:0.000, j=6:0.001, j=7:0.002, j=8:0.004, j=9:0.004, j=10:0.005, j=11:0.004, j=12:0.006, j=13:0.006, j=14:0.012, j=15:0.010, j=16:0.008, j=17:0.011, j=18:0.003, j=19:0.030, j=20:0.078, j=21:0.156, j=22:0.652
      i=23 -> j=0:0.001, j=1:0.001, j=2:0.001, j=3:0.002, j=4:0.000, j=5:0.000, j=6:0.001, j=7:0.001, j=8:0.003, j=9:0.003, j=10:0.003, j=11:0.003, j=12:0.003, j=13:0.003, j=14:0.007, j=15:0.006, j=16:0.006, j=17:0.008, j=18:0.002, j=19:0.015, j=20:0.035, j=21:0.107, j=22:0.664, j=23:0.125
      i=24 -> j=0:0.001, j=1:0.002, j=2:0.001, j=3:0.003, j=4:0.001, j=5:0.000, j=6:0.001, j=7:0.002, j=8:0.004, j=9:0.004, j=10:0.006, j=11:0.005, j=12:0.006, j=13:0.004, j=14:0.008, j=15:0.007, j=16:0.008, j=17:0.012, j=18:0.002, j=19:0.014, j=20:0.025, j=21:0.076, j=22:0.516, j=23:0.177, j=24:0.114
      i=25 -> j=0:0.002, j=1:0.003, j=2:0.002, j=3:0.004, j=4:0.001, j=5:0.001, j=6:0.002, j=7:0.003, j=8:0.005, j=9:0.005, j=10:0.007, j=11:0.007, j=12:0.007, j=13:0.005, j=14:0.007, j=15:0.006, j=16:0.007, j=17:0.012, j=18:0.004, j=19:0.014, j=20:0.019, j=21:0.039, j=22:0.167, j=23:0.113, j=24:0.127, j=25:0.429
      i=26 -> j=0:0.004, j=1:0.006, j=2:0.004, j=3:0.006, j=4:0.002, j=5:0.002, j=6:0.003, j=7:0.005, j=8:0.007, j=9:0.007, j=10:0.009, j=11:0.009, j=12:0.010, j=13:0.008, j=14:0.009, j=15:0.008, j=16:0.008, j=17:0.012, j=18:0.005, j=19:0.015, j=20:0.020, j=21:0.028, j=22:0.068, j=23:0.052, j=24:0.075, j=25:0.253, j=26:0.363
      i=27 -> j=0:0.002, j=1:0.003, j=2:0.002, j=3:0.003, j=4:0.001, j=5:0.001, j=6:0.001, j=7:0.002, j=8:0.003, j=9:0.003, j=10:0.004, j=11:0.004, j=12:0.005, j=13:0.004, j=14:0.005, j=15:0.004, j=16:0.003, j=17:0.005, j=18:0.002, j=19:0.007, j=20:0.011, j=21:0.016, j=22:0.039, j=23:0.021, j=24:0.031, j=25:0.147, j=26:0.308, j=27:0.366
      i=28 -> j=0:0.001, j=1:0.002, j=2:0.001, j=3:0.002, j=4:0.000, j=5:0.000, j=6:0.001, j=7:0.001, j=8:0.002, j=9:0.002, j=10:0.002, j=11:0.002, j=12:0.003, j=13:0.002, j=14:0.003, j=15:0.002, j=16:0.002, j=17:0.002, j=18:0.001, j=19:0.003, j=20:0.006, j=21:0.009, j=22:0.019, j=23:0.007, j=24:0.009, j=25:0.035, j=26:0.082, j=27:0.139, j=28:0.658
      i=29 -> j=0:0.003, j=1:0.004, j=2:0.003, j=3:0.004, j=4:0.001, j=5:0.001, j=6:0.002, j=7:0.003, j=8:0.005, j=9:0.005, j=10:0.005, j=11:0.005, j=12:0.005, j=13:0.004, j=14:0.006, j=15:0.005, j=16:0.004, j=17:0.005, j=18:0.002, j=19:0.005, j=20:0.009, j=21:0.014, j=22:0.029, j=23:0.012, j=24:0.012, j=25:0.033, j=26:0.065, j=27:0.113, j=28:0.567, j=29:0.067
      i=30 -> j=0:0.002, j=1:0.003, j=2:0.002, j=3:0.003, j=4:0.001, j=5:0.001, j=6:0.001, j=7:0.002, j=8:0.003, j=9:0.003, j=10:0.004, j=11:0.003, j=12:0.003, j=13:0.002, j=14:0.003, j=15:0.003, j=16:0.003, j=17:0.003, j=18:0.001, j=19:0.003, j=20:0.004, j=21:0.007, j=22:0.017, j=23:0.007, j=24:0.006, j=25:0.015, j=26:0.024, j=27:0.036, j=28:0.218, j=29:0.050, j=30:0.568
      i=31 -> j=0:0.003, j=1:0.004, j=2:0.003, j=3:0.004, j=4:0.001, j=5:0.001, j=6:0.002, j=7:0.003, j=8:0.005, j=9:0.005, j=10:0.006, j=11:0.005, j=12:0.005, j=13:0.004, j=14:0.005, j=15:0.004, j=16:0.004, j=17:0.005, j=18:0.002, j=19:0.004, j=20:0.005, j=21:0.008, j=22:0.018, j=23:0.009, j=24:0.008, j=25:0.018, j=26:0.025, j=27:0.025, j=28:0.116, j=29:0.044, j=30:0.605, j=31:0.045
      i=32 -> j=0:0.001, j=1:0.002, j=2:0.001, j=3:0.002, j=4:0.001, j=5:0.000, j=6:0.001, j=7:0.002, j=8:0.002, j=9:0.002, j=10:0.003, j=11:0.003, j=12:0.003, j=13:0.002, j=14:0.002, j=15:0.002, j=16:0.002, j=17:0.002, j=18:0.001, j=19:0.002, j=20:0.003, j=21:0.004, j=22:0.008, j=23:0.004, j=24:0.004, j=25:0.012, j=26:0.016, j=27:0.012, j=28:0.054, j=29:0.020, j=30:0.572, j=31:0.037, j=32:0.219
      i=33 -> j=0:0.002, j=1:0.003, j=2:0.002, j=3:0.002, j=4:0.001, j=5:0.001, j=6:0.001, j=7:0.002, j=8:0.003, j=9:0.003, j=10:0.003, j=11:0.003, j=12:0.003, j=13:0.002, j=14:0.003, j=15:0.002, j=16:0.002, j=17:0.002, j=18:0.001, j=19:0.002, j=20:0.003, j=21:0.004, j=22:0.007, j=23:0.003, j=24:0.003, j=25:0.010, j=26:0.014, j=27:0.010, j=28:0.029, j=29:0.010, j=30:0.166, j=31:0.021, j=32:0.157, j=33:0.519
      i=34 -> j=0:0.005, j=1:0.007, j=2:0.005, j=3:0.006, j=4:0.002, j=5:0.002, j=6:0.003, j=7:0.005, j=8:0.008, j=9:0.007, j=10:0.007, j=11:0.007, j=12:0.007, j=13:0.006, j=14:0.007, j=15:0.006, j=16:0.005, j=17:0.006, j=18:0.002, j=19:0.005, j=20:0.007, j=21:0.008, j=22:0.012, j=23:0.006, j=24:0.006, j=25:0.013, j=26:0.020, j=27:0.017, j=28:0.037, j=29:0.013, j=30:0.092, j=31:0.021, j=32:0.118, j=33:0.390, j=34:0.132
      i=35 -> j=0:0.001, j=1:0.001, j=2:0.001, j=3:0.001, j=4:0.000, j=5:0.000, j=6:0.000, j=7:0.001, j=8:0.002, j=9:0.001, j=10:0.001, j=11:0.001, j=12:0.001, j=13:0.001, j=14:0.001, j=15:0.001, j=16:0.001, j=17:0.001, j=18:0.000, j=19:0.001, j=20:0.001, j=21:0.002, j=22:0.003, j=23:0.001, j=24:0.001, j=25:0.002, j=26:0.004, j=27:0.004, j=28:0.013, j=29:0.003, j=30:0.031, j=31:0.003, j=32:0.035, j=33:0.225, j=34:0.074, j=35:0.579
      i=36 -> j=0:0.003, j=1:0.005, j=2:0.003, j=3:0.005, j=4:0.002, j=5:0.001, j=6:0.002, j=7:0.003, j=8:0.005, j=9:0.005, j=10:0.005, j=11:0.005, j=12:0.004, j=13:0.003, j=14:0.004, j=15:0.004, j=16:0.003, j=17:0.004, j=18:0.001, j=19:0.003, j=20:0.004, j=21:0.005, j=22:0.008, j=23:0.003, j=24:0.003, j=25:0.006, j=26:0.008, j=27:0.008, j=28:0.021, j=29:0.007, j=30:0.038, j=31:0.007, j=32:0.029, j=33:0.103, j=34:0.062, j=35:0.346, j=36:0.273
      i=37 -> j=0:0.005, j=1:0.007, j=2:0.004, j=3:0.007, j=4:0.003, j=5:0.002, j=6:0.003, j=7:0.005, j=8:0.007, j=9:0.007, j=10:0.008, j=11:0.007, j=12:0.007, j=13:0.005, j=14:0.006, j=15:0.006, j=16:0.005, j=17:0.006, j=18:0.002, j=19:0.004, j=20:0.005, j=21:0.007, j=22:0.011, j=23:0.005, j=24:0.004, j=25:0.008, j=26:0.010, j=27:0.008, j=28:0.021, j=29:0.009, j=30:0.044, j=31:0.008, j=32:0.027, j=33:0.078, j=34:0.050, j=35:0.249, j=36:0.268, j=37:0.084
      i=38 -> j=0:0.004, j=1:0.006, j=2:0.004, j=3:0.005, j=4:0.002, j=5:0.002, j=6:0.003, j=7:0.004, j=8:0.006, j=9:0.005, j=10:0.006, j=11:0.006, j=12:0.006, j=13:0.004, j=14:0.005, j=15:0.004, j=16:0.004, j=17:0.005, j=18:0.002, j=19:0.003, j=20:0.004, j=21:0.005, j=22:0.008, j=23:0.004, j=24:0.004, j=25:0.007, j=26:0.008, j=27:0.006, j=28:0.013, j=29:0.006, j=30:0.036, j=31:0.007, j=32:0.019, j=33:0.047, j=34:0.027, j=35:0.109, j=36:0.157, j=37:0.079, j=38:0.367
      i=39 -> j=0:0.004, j=1:0.006, j=2:0.004, j=3:0.006, j=4:0.002, j=5:0.002, j=6:0.003, j=7:0.005, j=8:0.007, j=9:0.006, j=10:0.007, j=11:0.006, j=12:0.007, j=13:0.005, j=14:0.006, j=15:0.005, j=16:0.004, j=17:0.005, j=18:0.002, j=19:0.004, j=20:0.005, j=21:0.005, j=22:0.008, j=23:0.004, j=24:0.004, j=25:0.007, j=26:0.009, j=27:0.006, j=28:0.012, j=29:0.005, j=30:0.024, j=31:0.006, j=32:0.015, j=33:0.033, j=34:0.017, j=35:0.038, j=36:0.047, j=37:0.035, j=38:0.197, j=39:0.425
      i=40 -> j=0:0.002, j=1:0.004, j=2:0.002, j=3:0.003, j=4:0.001, j=5:0.001, j=6:0.002, j=7:0.003, j=8:0.004, j=9:0.003, j=10:0.004, j=11:0.003, j=12:0.004, j=13:0.003, j=14:0.004, j=15:0.003, j=16:0.002, j=17:0.002, j=18:0.001, j=19:0.002, j=20:0.003, j=21:0.003, j=22:0.004, j=23:0.002, j=24:0.002, j=25:0.004, j=26:0.005, j=27:0.003, j=28:0.006, j=29:0.002, j=30:0.011, j=31:0.003, j=32:0.008, j=33:0.019, j=34:0.009, j=35:0.018, j=36:0.020, j=37:0.016, j=38:0.113, j=39:0.284, j=40:0.412
      i=41 -> j=0:0.004, j=1:0.005, j=2:0.004, j=3:0.005, j=4:0.002, j=5:0.002, j=6:0.003, j=7:0.004, j=8:0.006, j=9:0.006, j=10:0.006, j=11:0.005, j=12:0.005, j=13:0.004, j=14:0.005, j=15:0.005, j=16:0.004, j=17:0.004, j=18:0.002, j=19:0.003, j=20:0.004, j=21:0.005, j=22:0.006, j=23:0.003, j=24:0.003, j=25:0.005, j=26:0.006, j=27:0.005, j=28:0.008, j=29:0.003, j=30:0.010, j=31:0.003, j=32:0.008, j=33:0.019, j=34:0.011, j=35:0.018, j=36:0.018, j=37:0.013, j=38:0.067, j=39:0.150, j=40:0.356, j=41:0.193
      i=42 -> j=0:0.004, j=1:0.005, j=2:0.004, j=3:0.006, j=4:0.002, j=5:0.002, j=6:0.003, j=7:0.004, j=8:0.006, j=9:0.006, j=10:0.006, j=11:0.006, j=12:0.006, j=13:0.004, j=14:0.005, j=15:0.005, j=16:0.004, j=17:0.004, j=18:0.002, j=19:0.003, j=20:0.004, j=21:0.005, j=22:0.006, j=23:0.003, j=24:0.003, j=25:0.004, j=26:0.006, j=27:0.005, j=28:0.008, j=29:0.003, j=30:0.010, j=31:0.003, j=32:0.006, j=33:0.014, j=34:0.009, j=35:0.017, j=36:0.015, j=37:0.009, j=38:0.034, j=39:0.067, j=40:0.190, j=41:0.143, j=42:0.346
      i=43 -> j=0:0.001, j=1:0.002, j=2:0.001, j=3:0.002, j=4:0.001, j=5:0.001, j=6:0.001, j=7:0.002, j=8:0.003, j=9:0.002, j=10:0.003, j=11:0.003, j=12:0.003, j=13:0.002, j=14:0.002, j=15:0.002, j=16:0.002, j=17:0.002, j=18:0.001, j=19:0.001, j=20:0.002, j=21:0.002, j=22:0.003, j=23:0.001, j=24:0.001, j=25:0.002, j=26:0.002, j=27:0.002, j=28:0.004, j=29:0.001, j=30:0.005, j=31:0.001, j=32:0.002, j=33:0.006, j=34:0.004, j=35:0.009, j=36:0.009, j=37:0.004, j=38:0.017, j=39:0.034, j=40:0.104, j=41:0.081, j=42:0.318, j=43:0.351
      i=44 -> j=0:0.004, j=1:0.005, j=2:0.003, j=3:0.005, j=4:0.002, j=5:0.002, j=6:0.003, j=7:0.004, j=8:0.006, j=9:0.005, j=10:0.006, j=11:0.006, j=12:0.006, j=13:0.004, j=14:0.005, j=15:0.005, j=16:0.004, j=17:0.004, j=18:0.002, j=19:0.003, j=20:0.004, j=21:0.004, j=22:0.006, j=23:0.003, j=24:0.002, j=25:0.004, j=26:0.005, j=27:0.004, j=28:0.007, j=29:0.003, j=30:0.011, j=31:0.002, j=32:0.005, j=33:0.010, j=34:0.006, j=35:0.012, j=36:0.014, j=37:0.008, j=38:0.024, j=39:0.043, j=40:0.082, j=41:0.066, j=42:0.218, j=43:0.324, j=44:0.047
      i=45 -> j=0:0.004, j=1:0.006, j=2:0.004, j=3:0.006, j=4:0.002, j=5:0.002, j=6:0.003, j=7:0.005, j=8:0.007, j=9:0.006, j=10:0.007, j=11:0.007, j=12:0.007, j=13:0.005, j=14:0.006, j=15:0.005, j=16:0.004, j=17:0.005, j=18:0.002, j=19:0.004, j=20:0.005, j=21:0.005, j=22:0.007, j=23:0.003, j=24:0.003, j=25:0.005, j=26:0.006, j=27:0.004, j=28:0.007, j=29:0.003, j=30:0.011, j=31:0.003, j=32:0.005, j=33:0.010, j=34:0.006, j=35:0.009, j=36:0.012, j=37:0.008, j=38:0.024, j=39:0.044, j=40:0.062, j=41:0.044, j=42:0.132, j=43:0.252, j=44:0.063, j=45:0.172
      i=46 -> j=0:0.006, j=1:0.008, j=2:0.005, j=3:0.007, j=4:0.003, j=5:0.003, j=6:0.004, j=7:0.007, j=8:0.009, j=9:0.008, j=10:0.008, j=11:0.008, j=12:0.009, j=13:0.007, j=14:0.008, j=15:0.007, j=16:0.005, j=17:0.006, j=18:0.002, j=19:0.005, j=20:0.006, j=21:0.006, j=22:0.008, j=23:0.004, j=24:0.003, j=25:0.006, j=26:0.007, j=27:0.005, j=28:0.008, j=29:0.003, j=30:0.011, j=31:0.003, j=32:0.006, j=33:0.011, j=34:0.006, j=35:0.008, j=36:0.010, j=37:0.007, j=38:0.024, j=39:0.045, j=40:0.056, j=41:0.037, j=42:0.086, j=43:0.160, j=44:0.068, j=45:0.210, j=46:0.074
      i=47 -> j=0:0.007, j=1:0.010, j=2:0.007, j=3:0.010, j=4:0.004, j=5:0.003, j=6:0.005, j=7:0.008, j=8:0.011, j=9:0.010, j=10:0.011, j=11:0.010, j=12:0.010, j=13:0.009, j=14:0.011, j=15:0.010, j=16:0.007, j=17:0.007, j=18:0.003, j=19:0.006, j=20:0.008, j=21:0.008, j=22:0.011, j=23:0.005, j=24:0.004, j=25:0.007, j=26:0.009, j=27:0.007, j=28:0.011, j=29:0.004, j=30:0.012, j=31:0.004, j=32:0.007, j=33:0.013, j=34:0.008, j=35:0.010, j=36:0.010, j=37:0.007, j=38:0.020, j=39:0.040, j=40:0.051, j=41:0.032, j=42:0.056, j=43:0.070, j=44:0.040, j=45:0.115, j=46:0.081, j=47:0.190
      i=48 -> j=0:0.008, j=1:0.012, j=2:0.009, j=3:0.012, j=4:0.005, j=5:0.004, j=6:0.006, j=7:0.010, j=8:0.013, j=9:0.013, j=10:0.014, j=11:0.013, j=12:0.013, j=13:0.011, j=14:0.013, j=15:0.012, j=16:0.009, j=17:0.010, j=18:0.004, j=19:0.007, j=20:0.010, j=21:0.010, j=22:0.014, j=23:0.007, j=24:0.006, j=25:0.009, j=26:0.011, j=27:0.009, j=28:0.015, j=29:0.006, j=30:0.015, j=31:0.005, j=32:0.009, j=33:0.017, j=34:0.011, j=35:0.014, j=36:0.013, j=37:0.008, j=38:0.021, j=39:0.039, j=40:0.055, j=41:0.037, j=42:0.061, j=43:0.062, j=44:0.032, j=45:0.077, j=46:0.065, j=47:0.149, j=48:0.016
      i=49 -> j=0:0.003, j=1:0.004, j=2:0.003, j=3:0.004, j=4:0.002, j=5:0.001, j=6:0.002, j=7:0.004, j=8:0.005, j=9:0.005, j=10:0.006, j=11:0.005, j=12:0.005, j=13:0.004, j=14:0.005, j=15:0.004, j=16:0.003, j=17:0.004, j=18:0.001, j=19:0.003, j=20:0.003, j=21:0.004, j=22:0.006, j=23:0.002, j=24:0.002, j=25:0.003, j=26:0.004, j=27:0.003, j=28:0.006, j=29:0.002, j=30:0.006, j=31:0.001, j=32:0.003, j=33:0.006, j=34:0.004, j=35:0.006, j=36:0.006, j=37:0.003, j=38:0.007, j=39:0.014, j=40:0.021, j=41:0.015, j=42:0.030, j=43:0.026, j=44:0.008, j=45:0.019, j=46:0.019, j=47:0.056, j=48:0.008, j=49:0.631
      i=50 -> j=0:0.004, j=1:0.006, j=2:0.004, j=3:0.006, j=4:0.003, j=5:0.002, j=6:0.003, j=7:0.005, j=8:0.006, j=9:0.006, j=10:0.007, j=11:0.007, j=12:0.007, j=13:0.005, j=14:0.006, j=15:0.006, j=16:0.005, j=17:0.005, j=18:0.002, j=19:0.004, j=20:0.005, j=21:0.005, j=22:0.007, j=23:0.004, j=24:0.003, j=25:0.005, j=26:0.005, j=27:0.004, j=28:0.007, j=29:0.003, j=30:0.008, j=31:0.002, j=32:0.004, j=33:0.006, j=34:0.004, j=35:0.006, j=36:0.007, j=37:0.004, j=38:0.007, j=39:0.012, j=40:0.014, j=41:0.012, j=42:0.022, j=43:0.021, j=44:0.008, j=45:0.013, j=46:0.012, j=47:0.026, j=48:0.009, j=49:0.294, j=50:0.366
      i=51 -> j=0:0.002, j=1:0.003, j=2:0.002, j=3:0.003, j=4:0.001, j=5:0.001, j=6:0.002, j=7:0.003, j=8:0.004, j=9:0.003, j=10:0.004, j=11:0.004, j=12:0.004, j=13:0.003, j=14:0.004, j=15:0.003, j=16:0.002, j=17:0.003, j=18:0.001, j=19:0.002, j=20:0.003, j=21:0.002, j=22:0.004, j=23:0.002, j=24:0.001, j=25:0.003, j=26:0.003, j=27:0.002, j=28:0.004, j=29:0.001, j=30:0.004, j=31:0.001, j=32:0.002, j=33:0.003, j=34:0.002, j=35:0.003, j=36:0.003, j=37:0.002, j=38:0.004, j=39:0.007, j=40:0.008, j=41:0.005, j=42:0.011, j=43:0.012, j=44:0.004, j=45:0.007, j=46:0.005, j=47:0.010, j=48:0.003, j=49:0.159, j=50:0.243, j=51:0.425
      i=52 -> j=0:0.000, j=1:0.000, j=2:0.000, j=3:0.000, j=4:0.000, j=5:0.000, j=6:0.000, j=7:0.000, j=8:0.001, j=9:0.000, j=10:0.001, j=11:0.001, j=12:0.001, j=13:0.000, j=14:0.001, j=15:0.000, j=16:0.000, j=17:0.000, j=18:0.000, j=19:0.000, j=20:0.000, j=21:0.000, j=22:0.001, j=23:0.000, j=24:0.000, j=25:0.000, j=26:0.000, j=27:0.000, j=28:0.001, j=29:0.000, j=30:0.001, j=31:0.000, j=32:0.000, j=33:0.001, j=34:0.000, j=35:0.000, j=36:0.000, j=37:0.000, j=38:0.001, j=39:0.001, j=40:0.001, j=41:0.001, j=42:0.001, j=43:0.002, j=44:0.000, j=45:0.001, j=46:0.001, j=47:0.001, j=48:0.000, j=49:0.033, j=50:0.066, j=51:0.255, j=52:0.623
      i=53 -> j=0:0.000, j=1:0.000, j=2:0.000, j=3:0.000, j=4:0.000, j=5:0.000, j=6:0.000, j=7:0.000, j=8:0.000, j=9:0.000, j=10:0.000, j=11:0.000, j=12:0.000, j=13:0.000, j=14:0.000, j=15:0.000, j=16:0.000, j=17:0.000, j=18:0.000, j=19:0.000, j=20:0.000, j=21:0.000, j=22:0.000, j=23:0.000, j=24:0.000, j=25:0.000, j=26:0.000, j=27:0.000, j=28:0.000, j=29:0.000, j=30:0.000, j=31:0.000, j=32:0.000, j=33:0.000, j=34:0.000, j=35:0.000, j=36:0.000, j=37:0.000, j=38:0.000, j=39:0.001, j=40:0.001, j=41:0.000, j=42:0.001, j=43:0.001, j=44:0.000, j=45:0.000, j=46:0.000, j=47:0.001, j=48:0.000, j=49:0.007, j=50:0.013, j=51:0.065, j=52:0.260, j=53:0.643
      i=54 -> j=0:0.000, j=1:0.000, j=2:0.000, j=3:0.000, j=4:0.000, j=5:0.000, j=6:0.000, j=7:0.000, j=8:0.001, j=9:0.001, j=10:0.001, j=11:0.001, j=12:0.001, j=13:0.000, j=14:0.001, j=15:0.000, j=16:0.000, j=17:0.000, j=18:0.000, j=19:0.000, j=20:0.000, j=21:0.000, j=22:0.001, j=23:0.000, j=24:0.000, j=25:0.000, j=26:0.000, j=27:0.000, j=28:0.001, j=29:0.000, j=30:0.001, j=31:0.000, j=32:0.000, j=33:0.001, j=34:0.000, j=35:0.000, j=36:0.000, j=37:0.000, j=38:0.000, j=39:0.001, j=40:0.001, j=41:0.001, j=42:0.001, j=43:0.001, j=44:0.000, j=45:0.001, j=46:0.000, j=47:0.001, j=48:0.000, j=49:0.007, j=50:0.010, j=51:0.036, j=52:0.136, j=53:0.440, j=54:0.350
      i=55 -> j=0:0.002, j=1:0.003, j=2:0.002, j=3:0.003, j=4:0.001, j=5:0.001, j=6:0.002, j=7:0.002, j=8:0.003, j=9:0.003, j=10:0.004, j=11:0.003, j=12:0.003, j=13:0.003, j=14:0.003, j=15:0.003, j=16:0.002, j=17:0.003, j=18:0.001, j=19:0.002, j=20:0.002, j=21:0.003, j=22:0.004, j=23:0.002, j=24:0.001, j=25:0.002, j=26:0.003, j=27:0.002, j=28:0.004, j=29:0.001, j=30:0.004, j=31:0.001, j=32:0.002, j=33:0.003, j=34:0.002, j=35:0.003, j=36:0.002, j=37:0.001, j=38:0.003, j=39:0.005, j=40:0.005, j=41:0.003, j=42:0.005, j=43:0.004, j=44:0.002, j=45:0.003, j=46:0.002, j=47:0.005, j=48:0.001, j=49:0.018, j=50:0.021, j=51:0.043, j=52:0.099, j=53:0.262, j=54:0.363, j=55:0.065
      i=56 -> j=0:0.004, j=1:0.005, j=2:0.004, j=3:0.005, j=4:0.002, j=5:0.002, j=6:0.003, j=7:0.004, j=8:0.006, j=9:0.005, j=10:0.006, j=11:0.006, j=12:0.006, j=13:0.005, j=14:0.006, j=15:0.005, j=16:0.004, j=17:0.005, j=18:0.002, j=19:0.004, j=20:0.004, j=21:0.004, j=22:0.006, j=23:0.003, j=24:0.003, j=25:0.004, j=26:0.005, j=27:0.004, j=28:0.006, j=29:0.003, j=30:0.006, j=31:0.002, j=32:0.003, j=33:0.005, j=34:0.003, j=35:0.004, j=36:0.004, j=37:0.002, j=38:0.004, j=39:0.006, j=40:0.007, j=41:0.005, j=42:0.008, j=43:0.006, j=44:0.003, j=45:0.004, j=46:0.003, j=47:0.006, j=48:0.002, j=49:0.023, j=50:0.027, j=51:0.041, j=52:0.060, j=53:0.129, j=54:0.251, j=55:0.095, j=56:0.158
      i=57 -> j=0:0.005, j=1:0.007, j=2:0.005, j=3:0.006, j=4:0.003, j=5:0.003, j=6:0.004, j=7:0.006, j=8:0.007, j=9:0.006, j=10:0.007, j=11:0.007, j=12:0.007, j=13:0.006, j=14:0.007, j=15:0.006, j=16:0.005, j=17:0.006, j=18:0.003, j=19:0.005, j=20:0.006, j=21:0.005, j=22:0.007, j=23:0.004, j=24:0.004, j=25:0.006, j=26:0.006, j=27:0.005, j=28:0.007, j=29:0.003, j=30:0.007, j=31:0.003, j=32:0.004, j=33:0.006, j=34:0.004, j=35:0.005, j=36:0.005, j=37:0.003, j=38:0.005, j=39:0.008, j=40:0.007, j=41:0.006, j=42:0.009, j=43:0.008, j=44:0.004, j=45:0.005, j=46:0.003, j=47:0.006, j=48:0.003, j=49:0.021, j=50:0.026, j=51:0.034, j=52:0.036, j=53:0.054, j=54:0.094, j=55:0.061, j=56:0.110, j=57:0.299
      i=58 -> j=0:0.005, j=1:0.007, j=2:0.005, j=3:0.007, j=4:0.003, j=5:0.003, j=6:0.004, j=7:0.006, j=8:0.008, j=9:0.007, j=10:0.008, j=11:0.008, j=12:0.008, j=13:0.007, j=14:0.008, j=15:0.007, j=16:0.005, j=17:0.006, j=18:0.003, j=19:0.005, j=20:0.006, j=21:0.006, j=22:0.008, j=23:0.005, j=24:0.004, j=25:0.006, j=26:0.007, j=27:0.006, j=28:0.008, j=29:0.003, j=30:0.008, j=31:0.003, j=32:0.005, j=33:0.007, j=34:0.004, j=35:0.006, j=36:0.006, j=37:0.003, j=38:0.006, j=39:0.009, j=40:0.008, j=41:0.006, j=42:0.009, j=43:0.008, j=44:0.004, j=45:0.005, j=46:0.003, j=47:0.006, j=48:0.002, j=49:0.019, j=50:0.026, j=51:0.037, j=52:0.039, j=53:0.050, j=54:0.065, j=55:0.042, j=56:0.077, j=57:0.300, j=58:0.058
      i=59 -> j=0:0.003, j=1:0.005, j=2:0.003, j=3:0.004, j=4:0.002, j=5:0.001, j=6:0.002, j=7:0.004, j=8:0.005, j=9:0.005, j=10:0.005, j=11:0.005, j=12:0.005, j=13:0.004, j=14:0.005, j=15:0.004, j=16:0.003, j=17:0.003, j=18:0.001, j=19:0.003, j=20:0.004, j=21:0.004, j=22:0.006, j=23:0.003, j=24:0.002, j=25:0.004, j=26:0.004, j=27:0.003, j=28:0.005, j=29:0.002, j=30:0.005, j=31:0.001, j=32:0.003, j=33:0.004, j=34:0.003, j=35:0.003, j=36:0.003, j=37:0.002, j=38:0.004, j=39:0.006, j=40:0.006, j=41:0.003, j=42:0.005, j=43:0.004, j=44:0.002, j=45:0.003, j=46:0.002, j=47:0.003, j=48:0.001, j=49:0.011, j=50:0.016, j=51:0.029, j=52:0.034, j=53:0.044, j=54:0.045, j=55:0.023, j=56:0.043, j=57:0.297, j=58:0.052, j=59:0.233
      i=60 -> j=0:0.002, j=1:0.003, j=2:0.002, j=3:0.004, j=4:0.001, j=5:0.001, j=6:0.002, j=7:0.003, j=8:0.004, j=9:0.004, j=10:0.004, j=11:0.004, j=12:0.004, j=13:0.003, j=14:0.004, j=15:0.003, j=16:0.003, j=17:0.003, j=18:0.001, j=19:0.002, j=20:0.003, j=21:0.003, j=22:0.005, j=23:0.002, j=24:0.002, j=25:0.003, j=26:0.003, j=27:0.003, j=28:0.005, j=29:0.001, j=30:0.004, j=31:0.001, j=32:0.002, j=33:0.004, j=34:0.002, j=35:0.003, j=36:0.003, j=37:0.001, j=38:0.003, j=39:0.005, j=40:0.005, j=41:0.003, j=42:0.004, j=43:0.003, j=44:0.001, j=45:0.002, j=46:0.001, j=47:0.002, j=48:0.001, j=49:0.007, j=50:0.010, j=51:0.019, j=52:0.025, j=53:0.037, j=54:0.034, j=55:0.013, j=56:0.020, j=57:0.139, j=58:0.028, j=59:0.178, j=60:0.356
      i=61 -> j=0:0.005, j=1:0.007, j=2:0.005, j=3:0.007, j=4:0.003, j=5:0.002, j=6:0.004, j=7:0.005, j=8:0.007, j=9:0.007, j=10:0.008, j=11:0.008, j=12:0.008, j=13:0.006, j=14:0.007, j=15:0.007, j=16:0.006, j=17:0.006, j=18:0.003, j=19:0.005, j=20:0.006, j=21:0.006, j=22:0.009, j=23:0.005, j=24:0.004, j=25:0.006, j=26:0.007, j=27:0.006, j=28:0.009, j=29:0.003, j=30:0.008, j=31:0.003, j=32:0.004, j=33:0.007, j=34:0.004, j=35:0.006, j=36:0.006, j=37:0.003, j=38:0.005, j=39:0.009, j=40:0.009, j=41:0.006, j=42:0.008, j=43:0.006, j=44:0.003, j=45:0.004, j=46:0.003, j=47:0.005, j=48:0.001, j=49:0.011, j=50:0.014, j=51:0.021, j=52:0.026, j=53:0.040, j=54:0.042, j=55:0.018, j=56:0.022, j=57:0.088, j=58:0.024, j=59:0.113, j=60:0.260, j=61:0.047
      i=62 -> j=0:0.001, j=1:0.001, j=2:0.001, j=3:0.001, j=4:0.000, j=5:0.000, j=6:0.001, j=7:0.001, j=8:0.002, j=9:0.001, j=10:0.002, j=11:0.002, j=12:0.002, j=13:0.001, j=14:0.002, j=15:0.001, j=16:0.001, j=17:0.001, j=18:0.000, j=19:0.001, j=20:0.001, j=21:0.001, j=22:0.002, j=23:0.001, j=24:0.001, j=25:0.001, j=26:0.001, j=27:0.001, j=28:0.002, j=29:0.001, j=30:0.002, j=31:0.000, j=32:0.001, j=33:0.001, j=34:0.001, j=35:0.001, j=36:0.001, j=37:0.000, j=38:0.001, j=39:0.002, j=40:0.002, j=41:0.001, j=42:0.002, j=43:0.001, j=44:0.000, j=45:0.001, j=46:0.000, j=47:0.001, j=48:0.000, j=49:0.003, j=50:0.003, j=51:0.005, j=52:0.005, j=53:0.010, j=54:0.013, j=55:0.004, j=56:0.006, j=57:0.027, j=58:0.004, j=59:0.029, j=60:0.127, j=61:0.025, j=62:0.686
      i=63 -> j=0:0.001, j=1:0.002, j=2:0.001, j=3:0.002, j=4:0.001, j=5:0.001, j=6:0.001, j=7:0.002, j=8:0.002, j=9:0.002, j=10:0.002, j=11:0.002, j=12:0.002, j=13:0.002, j=14:0.002, j=15:0.002, j=16:0.001, j=17:0.002, j=18:0.001, j=19:0.001, j=20:0.002, j=21:0.002, j=22:0.002, j=23:0.001, j=24:0.001, j=25:0.002, j=26:0.002, j=27:0.001, j=28:0.002, j=29:0.001, j=30:0.003, j=31:0.001, j=32:0.001, j=33:0.002, j=34:0.001, j=35:0.002, j=36:0.002, j=37:0.001, j=38:0.001, j=39:0.002, j=40:0.002, j=41:0.001, j=42:0.002, j=43:0.002, j=44:0.001, j=45:0.001, j=46:0.001, j=47:0.001, j=48:0.000, j=49:0.003, j=50:0.004, j=51:0.005, j=52:0.004, j=53:0.006, j=54:0.009, j=55:0.004, j=56:0.006, j=57:0.020, j=58:0.003, j=59:0.013, j=60:0.040, j=61:0.017, j=62:0.363, j=63:0.426
    Average attention per distance:
      d=0:0.346, d=1:0.247, d=2:0.145, d=3:0.070, d=4:0.037, d=5:0.025, d=6:0.020, d=7:0.017
      d=8:0.014, d=9:0.010

--- Layer 3 ---
  Head 0: Entropy=0.980
    Attention coefficients from each query position to previous positions:
      i= 0 -> j=0:1.000
      i= 1 -> j=0:0.834, j=1:0.166
      i= 2 -> j=0:0.160, j=1:0.740, j=2:0.100
      i= 3 -> j=0:0.002, j=1:0.175, j=2:0.761, j=3:0.063
      i= 4 -> j=0:0.003, j=1:0.034, j=2:0.294, j=3:0.537, j=4:0.134
      i= 5 -> j=0:0.000, j=1:0.000, j=2:0.009, j=3:0.266, j=4:0.568, j=5:0.156
      i= 6 -> j=0:0.000, j=1:0.000, j=2:0.000, j=3:0.003, j=4:0.200, j=5:0.677, j=6:0.121
      i= 7 -> j=0:0.000, j=1:0.000, j=2:0.000, j=3:0.000, j=4:0.009, j=5:0.149, j=6:0.761, j=7:0.081
      i= 8 -> j=0:0.004, j=1:0.001, j=2:0.000, j=3:0.000, j=4:0.003, j=5:0.013, j=6:0.286, j=7:0.594, j=8:0.100
      i= 9 -> j=0:0.005, j=1:0.004, j=2:0.001, j=3:0.000, j=4:0.001, j=5:0.001, j=6:0.021, j=7:0.280, j=8:0.535, j=9:0.152
      i=10 -> j=0:0.000, j=1:0.001, j=2:0.001, j=3:0.000, j=4:0.000, j=5:0.000, j=6:0.000, j=7:0.001, j=8:0.140, j=9:0.778, j=10:0.078
      i=11 -> j=0:0.000, j=1:0.000, j=2:0.001, j=3:0.000, j=4:0.001, j=5:0.000, j=6:0.000, j=7:0.000, j=8:0.003, j=9:0.214, j=10:0.694, j=11:0.086
      i=12 -> j=0:0.000, j=1:0.000, j=2:0.001, j=3:0.002, j=4:0.006, j=5:0.001, j=6:0.000, j=7:0.000, j=8:0.001, j=9:0.019, j=10:0.223, j=11:0.627, j=12:0.119
      i=13 -> j=0:0.000, j=1:0.000, j=2:0.000, j=3:0.000, j=4:0.003, j=5:0.001, j=6:0.000, j=7:0.000, j=8:0.000, j=9:0.000, j=10:0.002, j=11:0.140, j=12:0.743, j=13:0.111
      i=14 -> j=0:0.003, j=1:0.001, j=2:0.001, j=3:0.001, j=4:0.006, j=5:0.007, j=6:0.006, j=7:0.002, j=8:0.001, j=9:0.001, j=10:0.001, j=11:0.024, j=12:0.324, j=13:0.525, j=14:0.098
      i=15 -> j=0:0.002, j=1:0.001, j=2:0.001, j=3:0.000, j=4:0.002, j=5:0.002, j=6:0.005, j=7:0.003, j=8:0.001, j=9:0.000, j=10:0.000, j=11:0.001, j=12:0.040, j=13:0.431, j=14:0.401, j=15:0.109
      i=16 -> j=0:0.000, j=1:0.001, j=2:0.000, j=3:0.000, j=4:0.000, j=5:0.000, j=6:0.000, j=7:0.001, j=8:0.001, j=9:0.000, j=10:0.000, j=11:0.000, j=12:0.000, j=13:0.005, j=14:0.285, j=15:0.597, j=16:0.108
      i=17 -> j=0:0.000, j=1:0.000, j=2:0.000, j=3:0.000, j=4:0.001, j=5:0.000, j=6:0.000, j=7:0.000, j=8:0.001, j=9:0.001, j=10:0.000, j=11:0.000, j=12:0.000, j=13:0.000, j=14:0.015, j=15:0.187, j=16:0.688, j=17:0.106
      i=18 -> j=0:0.000, j=1:0.000, j=2:0.000, j=3:0.000, j=4:0.000, j=5:0.000, j=6:0.000, j=7:0.000, j=8:0.000, j=9:0.000, j=10:0.000, j=11:0.000, j=12:0.000, j=13:0.000, j=14:0.000, j=15:0.002, j=16:0.077, j=17:0.839, j=18:0.082
      i=19 -> j=0:0.000, j=1:0.000, j=2:0.000, j=3:0.000, j=4:0.001, j=5:0.000, j=6:0.000, j=7:0.000, j=8:0.000, j=9:0.000, j=10:0.000, j=11:0.000, j=12:0.000, j=13:0.000, j=14:0.000, j=15:0.000, j=16:0.001, j=17:0.084, j=18:0.864, j=19:0.049
      i=20 -> j=0:0.000, j=1:0.000, j=2:0.000, j=3:0.000, j=4:0.001, j=5:0.000, j=6:0.000, j=7:0.000, j=8:0.000, j=9:0.000, j=10:0.000, j=11:0.001, j=12:0.001, j=13:0.000, j=14:0.000, j=15:0.000, j=16:0.000, j=17:0.002, j=18:0.149, j=19:0.712, j=20:0.132
      i=21 -> j=0:0.000, j=1:0.000, j=2:0.000, j=3:0.000, j=4:0.000, j=5:0.000, j=6:0.000, j=7:0.000, j=8:0.000, j=9:0.000, j=10:0.000, j=11:0.000, j=12:0.001, j=13:0.001, j=14:0.001, j=15:0.000, j=16:0.000, j=17:0.000, j=18:0.001, j=19:0.109, j=20:0.834, j=21:0.049
      i=22 -> j=0:0.001, j=1:0.001, j=2:0.000, j=3:0.000, j=4:0.001, j=5:0.000, j=6:0.001, j=7:0.001, j=8:0.001, j=9:0.000, j=10:0.000, j=11:0.000, j=12:0.001, j=13:0.002, j=14:0.004, j=15:0.001, j=16:0.000, j=17:0.000, j=18:0.000, j=19:0.003, j=20:0.400, j=21:0.494, j=22:0.090
      i=23 -> j=0:0.001, j=1:0.002, j=2:0.002, j=3:0.001, j=4:0.003, j=5:0.001, j=6:0.001, j=7:0.002, j=8:0.003, j=9:0.002, j=10:0.001, j=11:0.001, j=12:0.001, j=13:0.002, j=14:0.009, j=15:0.006, j=16:0.001, j=17:0.000, j=18:0.000, j=19:0.001, j=20:0.037, j=21:0.292, j=22:0.538, j=23:0.091
      i=24 -> j=0:0.001, j=1:0.001, j=2:0.001, j=3:0.001, j=4:0.002, j=5:0.001, j=6:0.000, j=7:0.000, j=8:0.001, j=9:0.002, j=10:0.001, j=11:0.000, j=12:0.000, j=13:0.000, j=14:0.003, j=15:0.004, j=16:0.003, j=17:0.001, j=18:0.000, j=19:0.000, j=20:0.000, j=21:0.016, j=22:0.398, j=23:0.466, j=24:0.098
      i=25 -> j=0:0.000, j=1:0.000, j=2:0.000, j=3:0.000, j=4:0.002, j=5:0.001, j=6:0.000, j=7:0.000, j=8:0.000, j=9:0.001, j=10:0.001, j=11:0.001, j=12:0.001, j=13:0.000, j=14:0.001, j=15:0.001, j=16:0.002, j=17:0.002, j=18:0.000, j=19:0.000, j=20:0.000, j=21:0.000, j=22:0.016, j=23:0.291, j=24:0.573, j=25:0.105
      i=26 -> j=0:0.000, j=1:0.000, j=2:0.000, j=3:0.000, j=4:0.001, j=5:0.000, j=6:0.000, j=7:0.000, j=8:0.000, j=9:0.000, j=10:0.000, j=11:0.000, j=12:0.001, j=13:0.000, j=14:0.000, j=15:0.000, j=16:0.000, j=17:0.001, j=18:0.001, j=19:0.000, j=20:0.000, j=21:0.000, j=22:0.000, j=23:0.009, j=24:0.220, j=25:0.685, j=26:0.078
      i=27 -> j=0:0.000, j=1:0.000, j=2:0.000, j=3:0.000, j=4:0.001, j=5:0.000, j=6:0.000, j=7:0.000, j=8:0.000, j=9:0.000, j=10:0.000, j=11:0.000, j=12:0.001, j=13:0.000, j=14:0.001, j=15:0.000, j=16:0.000, j=17:0.000, j=18:0.001, j=19:0.001, j=20:0.000, j=21:0.000, j=22:0.000, j=23:0.000, j=24:0.009, j=25:0.247, j=26:0.606, j=27:0.131
      i=28 -> j=0:0.000, j=1:0.000, j=2:0.000, j=3:0.000, j=4:0.000, j=5:0.000, j=6:0.000, j=7:0.000, j=8:0.000, j=9:0.000, j=10:0.000, j=11:0.000, j=12:0.000, j=13:0.000, j=14:0.001, j=15:0.000, j=16:0.000, j=17:0.000, j=18:0.000, j=19:0.000, j=20:0.001, j=21:0.000, j=22:0.000, j=23:0.000, j=24:0.000, j=25:0.002, j=26:0.056, j=27:0.845, j=28:0.092
      i=29 -> j=0:0.000, j=1:0.000, j=2:0.000, j=3:0.000, j=4:0.001, j=5:0.000, j=6:0.000, j=7:0.000, j=8:0.000, j=9:0.000, j=10:0.000, j=11:0.000, j=12:0.000, j=13:0.000, j=14:0.001, j=15:0.000, j=16:0.000, j=17:0.000, j=18:0.000, j=19:0.000, j=20:0.001, j=21:0.001, j=22:0.000, j=23:0.000, j=24:0.000, j=25:0.000, j=26:0.001, j=27:0.163, j=28:0.732, j=29:0.098
      i=30 -> j=0:0.000, j=1:0.000, j=2:0.000, j=3:0.000, j=4:0.000, j=5:0.000, j=6:0.000, j=7:0.000, j=8:0.000, j=9:0.000, j=10:0.000, j=11:0.000, j=12:0.000, j=13:0.000, j=14:0.000, j=15:0.000, j=16:0.000, j=17:0.000, j=18:0.000, j=19:0.000, j=20:0.000, j=21:0.000, j=22:0.000, j=23:0.000, j=24:0.000, j=25:0.000, j=26:0.000, j=27:0.000, j=28:0.071, j=29:0.899, j=30:0.028
      i=31 -> j=0:0.004, j=1:0.003, j=2:0.003, j=3:0.002, j=4:0.010, j=5:0.004, j=6:0.003, j=7:0.002, j=8:0.003, j=9:0.005, j=10:0.003, j=11:0.003, j=12:0.004, j=13:0.002, j=14:0.006, j=15:0.005, j=16:0.004, j=17:0.004, j=18:0.001, j=19:0.001, j=20:0.002, j=21:0.004, j=22:0.010, j=23:0.012, j=24:0.004, j=25:0.001, j=26:0.000, j=27:0.001, j=28:0.014, j=29:0.303, j=30:0.439, j=31:0.136
      i=32 -> j=0:0.003, j=1:0.002, j=2:0.001, j=3:0.001, j=4:0.005, j=5:0.003, j=6:0.002, j=7:0.001, j=8:0.002, j=9:0.002, j=10:0.001, j=11:0.002, j=12:0.003, j=13:0.001, j=14:0.003, j=15:0.002, j=16:0.002, j=17:0.003, j=18:0.002, j=19:0.001, j=20:0.001, j=21:0.001, j=22:0.003, j=23:0.009, j=24:0.008, j=25:0.002, j=26:0.000, j=27:0.000, j=28:0.001, j=29:0.029, j=30:0.319, j=31:0.463, j=32:0.119
      i=33 -> j=0:0.001, j=1:0.001, j=2:0.000, j=3:0.000, j=4:0.001, j=5:0.001, j=6:0.001, j=7:0.000, j=8:0.000, j=9:0.000, j=10:0.000, j=11:0.000, j=12:0.001, j=13:0.000, j=14:0.001, j=15:0.000, j=16:0.000, j=17:0.000, j=18:0.000, j=19:0.000, j=20:0.000, j=21:0.000, j=22:0.000, j=23:0.001, j=24:0.003, j=25:0.002, j=26:0.000, j=27:0.000, j=28:0.000, j=29:0.000, j=30:0.001, j=31:0.288, j=32:0.529, j=33:0.166
      i=34 -> j=0:0.000, j=1:0.000, j=2:0.000, j=3:0.000, j=4:0.000, j=5:0.000, j=6:0.000, j=7:0.000, j=8:0.000, j=9:0.000, j=10:0.000, j=11:0.000, j=12:0.000, j=13:0.000, j=14:0.001, j=15:0.000, j=16:0.000, j=17:0.000, j=18:0.000, j=19:0.000, j=20:0.000, j=21:0.000, j=22:0.000, j=23:0.000, j=24:0.000, j=25:0.001, j=26:0.000, j=27:0.000, j=28:0.000, j=29:0.000, j=30:0.000, j=31:0.005, j=32:0.075, j=33:0.830, j=34:0.085
      i=35 -> j=0:0.001, j=1:0.001, j=2:0.001, j=3:0.000, j=4:0.002, j=5:0.001, j=6:0.001, j=7:0.001, j=8:0.001, j=9:0.001, j=10:0.000, j=11:0.000, j=12:0.001, j=13:0.001, j=14:0.003, j=15:0.001, j=16:0.000, j=17:0.000, j=18:0.000, j=19:0.000, j=20:0.001, j=21:0.001, j=22:0.000, j=23:0.000, j=24:0.000, j=25:0.001, j=26:0.002, j=27:0.002, j=28:0.000, j=29:0.000, j=30:0.000, j=31:0.001, j=32:0.009, j=33:0.205, j=34:0.664, j=35:0.098
      i=36 -> j=0:0.000, j=1:0.000, j=2:0.000, j=3:0.000, j=4:0.001, j=5:0.000, j=6:0.000, j=7:0.000, j=8:0.000, j=9:0.000, j=10:0.000, j=11:0.000, j=12:0.000, j=13:0.000, j=14:0.001, j=15:0.000, j=16:0.000, j=17:0.000, j=18:0.000, j=19:0.000, j=20:0.000, j=21:0.000, j=22:0.000, j=23:0.000, j=24:0.000, j=25:0.000, j=26:0.000, j=27:0.001, j=28:0.001, j=29:0.000, j=30:0.000, j=31:0.000, j=32:0.000, j=33:0.001, j=34:0.101, j=35:0.771, j=36:0.120
      i=37 -> j=0:0.000, j=1:0.000, j=2:0.000, j=3:0.000, j=4:0.001, j=5:0.000, j=6:0.000, j=7:0.000, j=8:0.000, j=9:0.000, j=10:0.000, j=11:0.000, j=12:0.000, j=13:0.000, j=14:0.000, j=15:0.000, j=16:0.000, j=17:0.000, j=18:0.000, j=19:0.000, j=20:0.000, j=21:0.000, j=22:0.000, j=23:0.000, j=24:0.000, j=25:0.000, j=26:0.000, j=27:0.000, j=28:0.000, j=29:0.000, j=30:0.000, j=31:0.000, j=32:0.000, j=33:0.000, j=34:0.000, j=35:0.103, j=36:0.811, j=37:0.082
      i=38 -> j=0:0.000, j=1:0.000, j=2:0.000, j=3:0.000, j=4:0.000, j=5:0.000, j=6:0.000, j=7:0.000, j=8:0.000, j=9:0.000, j=10:0.000, j=11:0.000, j=12:0.000, j=13:0.000, j=14:0.000, j=15:0.000, j=16:0.000, j=17:0.000, j=18:0.000, j=19:0.000, j=20:0.000, j=21:0.000, j=22:0.000, j=23:0.000, j=24:0.000, j=25:0.000, j=26:0.000, j=27:0.000, j=28:0.000, j=29:0.000, j=30:0.000, j=31:0.000, j=32:0.000, j=33:0.000, j=34:0.000, j=35:0.000, j=36:0.049, j=37:0.900, j=38:0.050
      i=39 -> j=0:0.000, j=1:0.000, j=2:0.000, j=3:0.000, j=4:0.000, j=5:0.000, j=6:0.000, j=7:0.000, j=8:0.000, j=9:0.000, j=10:0.000, j=11:0.000, j=12:0.000, j=13:0.000, j=14:0.000, j=15:0.000, j=16:0.000, j=17:0.000, j=18:0.000, j=19:0.000, j=20:0.000, j=21:0.000, j=22:0.000, j=23:0.000, j=24:0.000, j=25:0.000, j=26:0.000, j=27:0.000, j=28:0.000, j=29:0.000, j=30:0.000, j=31:0.001, j=32:0.000, j=33:0.000, j=34:0.000, j=35:0.000, j=36:0.000, j=37:0.093, j=38:0.870, j=39:0.034
      i=40 -> j=0:0.000, j=1:0.000, j=2:0.000, j=3:0.000, j=4:0.001, j=5:0.000, j=6:0.000, j=7:0.000, j=8:0.000, j=9:0.000, j=10:0.000, j=11:0.000, j=12:0.000, j=13:0.000, j=14:0.001, j=15:0.000, j=16:0.000, j=17:0.000, j=18:0.000, j=19:0.000, j=20:0.000, j=21:0.000, j=22:0.000, j=23:0.000, j=24:0.000, j=25:0.000, j=26:0.000, j=27:0.000, j=28:0.000, j=29:0.000, j=30:0.000, j=31:0.003, j=32:0.001, j=33:0.000, j=34:0.000, j=35:0.000, j=36:0.000, j=37:0.001, j=38:0.128, j=39:0.766, j=40:0.094
      i=41 -> j=0:0.000, j=1:0.000, j=2:0.001, j=3:0.000, j=4:0.001, j=5:0.000, j=6:0.000, j=7:0.000, j=8:0.001, j=9:0.000, j=10:0.000, j=11:0.000, j=12:0.000, j=13:0.000, j=14:0.001, j=15:0.000, j=16:0.000, j=17:0.000, j=18:0.000, j=19:0.000, j=20:0.000, j=21:0.000, j=22:0.000, j=23:0.000, j=24:0.000, j=25:0.000, j=26:0.000, j=27:0.000, j=28:0.000, j=29:0.000, j=30:0.000, j=31:0.001, j=32:0.001, j=33:0.001, j=34:0.000, j=35:0.000, j=36:0.000, j=37:0.000, j=38:0.000, j=39:0.101, j=40:0.817, j=41:0.070
      i=42 -> j=0:0.001, j=1:0.001, j=2:0.001, j=3:0.001, j=4:0.002, j=5:0.001, j=6:0.000, j=7:0.000, j=8:0.001, j=9:0.001, j=10:0.000, j=11:0.000, j=12:0.000, j=13:0.000, j=14:0.002, j=15:0.001, j=16:0.000, j=17:0.000, j=18:0.000, j=19:0.000, j=20:0.000, j=21:0.001, j=22:0.001, j=23:0.001, j=24:0.000, j=25:0.000, j=26:0.000, j=27:0.001, j=28:0.000, j=29:0.000, j=30:0.000, j=31:0.001, j=32:0.001, j=33:0.001, j=34:0.001, j=35:0.000, j=36:0.000, j=37:0.000, j=38:0.000, j=39:0.002, j=40:0.175, j=41:0.725, j=42:0.074
      i=43 -> j=0:0.001, j=1:0.000, j=2:0.001, j=3:0.001, j=4:0.002, j=5:0.001, j=6:0.001, j=7:0.000, j=8:0.001, j=9:0.001, j=10:0.001, j=11:0.000, j=12:0.001, j=13:0.000, j=14:0.001, j=15:0.001, j=16:0.000, j=17:0.000, j=18:0.000, j=19:0.000, j=20:0.000, j=21:0.000, j=22:0.001, j=23:0.001, j=24:0.000, j=25:0.000, j=26:0.000, j=27:0.000, j=28:0.001, j=29:0.001, j=30:0.000, j=31:0.001, j=32:0.000, j=33:0.000, j=34:0.001, j=35:0.002, j=36:0.000, j=37:0.000, j=38:0.000, j=39:0.000, j=40:0.004, j=41:0.254, j=42:0.605, j=43:0.117
      i=44 -> j=0:0.001, j=1:0.000, j=2:0.000, j=3:0.000, j=4:0.001, j=5:0.001, j=6:0.000, j=7:0.000, j=8:0.000, j=9:0.000, j=10:0.000, j=11:0.000, j=12:0.000, j=13:0.000, j=14:0.001, j=15:0.000, j=16:0.000, j=17:0.000, j=18:0.000, j=19:0.000, j=20:0.000, j=21:0.000, j=22:0.000, j=23:0.001, j=24:0.000, j=25:0.000, j=26:0.000, j=27:0.000, j=28:0.000, j=29:0.000, j=30:0.000, j=31:0.001, j=32:0.000, j=33:0.000, j=34:0.000, j=35:0.001, j=36:0.001, j=37:0.000, j=38:0.000, j=39:0.000, j=40:0.000, j=41:0.001, j=42:0.113, j=43:0.791, j=44:0.082
      i=45 -> j=0:0.002, j=1:0.001, j=2:0.001, j=3:0.001, j=4:0.002, j=5:0.002, j=6:0.002, j=7:0.001, j=8:0.001, j=9:0.001, j=10:0.001, j=11:0.001, j=12:0.002, j=13:0.001, j=14:0.002, j=15:0.001, j=16:0.001, j=17:0.001, j=18:0.001, j=19:0.000, j=20:0.000, j=21:0.000, j=22:0.001, j=23:0.001, j=24:0.001, j=25:0.001, j=26:0.000, j=27:0.000, j=28:0.000, j=29:0.001, j=30:0.000, j=31:0.003, j=32:0.001, j=33:0.000, j=34:0.000, j=35:0.001, j=36:0.002, j=37:0.002, j=38:0.000, j=39:0.000, j=40:0.000, j=41:0.000, j=42:0.007, j=43:0.266, j=44:0.606, j=45:0.081
      i=46 -> j=0:0.002, j=1:0.002, j=2:0.001, j=3:0.000, j=4:0.002, j=5:0.001, j=6:0.001, j=7:0.001, j=8:0.001, j=9:0.001, j=10:0.000, j=11:0.001, j=12:0.001, j=13:0.001, j=14:0.002, j=15:0.001, j=16:0.000, j=17:0.000, j=18:0.000, j=19:0.001, j=20:0.001, j=21:0.000, j=22:0.000, j=23:0.001, j=24:0.001, j=25:0.001, j=26:0.001, j=27:0.000, j=28:0.000, j=29:0.000, j=30:0.000, j=31:0.004, j=32:0.001, j=33:0.000, j=34:0.000, j=35:0.000, j=36:0.000, j=37:0.002, j=38:0.001, j=39:0.000, j=40:0.000, j=41:0.000, j=42:0.000, j=43:0.007, j=44:0.250, j=45:0.561, j=46:0.146
      i=47 -> j=0:0.000, j=1:0.000, j=2:0.000, j=3:0.000, j=4:0.001, j=5:0.000, j=6:0.000, j=7:0.000, j=8:0.001, j=9:0.000, j=10:0.000, j=11:0.000, j=12:0.000, j=13:0.000, j=14:0.001, j=15:0.000, j=16:0.000, j=17:0.000, j=18:0.000, j=19:0.000, j=20:0.000, j=21:0.000, j=22:0.000, j=23:0.000, j=24:0.000, j=25:0.000, j=26:0.000, j=27:0.000, j=28:0.000, j=29:0.000, j=30:0.000, j=31:0.001, j=32:0.000, j=33:0.000, j=34:0.000, j=35:0.000, j=36:0.000, j=37:0.000, j=38:0.000, j=39:0.000, j=40:0.000, j=41:0.000, j=42:0.000, j=43:0.000, j=44:0.002, j=45:0.137, j=46:0.771, j=47:0.079
      i=48 -> j=0:0.001, j=1:0.001, j=2:0.002, j=3:0.001, j=4:0.003, j=5:0.001, j=6:0.001, j=7:0.001, j=8:0.002, j=9:0.002, j=10:0.001, j=11:0.001, j=12:0.001, j=13:0.001, j=14:0.003, j=15:0.002, j=16:0.001, j=17:0.001, j=18:0.000, j=19:0.000, j=20:0.001, j=21:0.001, j=22:0.001, j=23:0.001, j=24:0.001, j=25:0.001, j=26:0.001, j=27:0.001, j=28:0.001, j=29:0.001, j=30:0.000, j=31:0.002, j=32:0.001, j=33:0.001, j=34:0.001, j=35:0.001, j=36:0.000, j=37:0.000, j=38:0.000, j=39:0.002, j=40:0.002, j=41:0.000, j=42:0.000, j=43:0.000, j=44:0.000, j=45:0.014, j=46:0.224, j=47:0.653, j=48:0.063
      i=49 -> j=0:0.001, j=1:0.000, j=2:0.001, j=3:0.001, j=4:0.002, j=5:0.001, j=6:0.001, j=7:0.000, j=8:0.001, j=9:0.001, j=10:0.001, j=11:0.001, j=12:0.001, j=13:0.000, j=14:0.001, j=15:0.001, j=16:0.001, j=17:0.001, j=18:0.000, j=19:0.000, j=20:0.000, j=21:0.000, j=22:0.001, j=23:0.001, j=24:0.000, j=25:0.000, j=26:0.000, j=27:0.000, j=28:0.000, j=29:0.001, j=30:0.000, j=31:0.001, j=32:0.000, j=33:0.000, j=34:0.001, j=35:0.001, j=36:0.000, j=37:0.000, j=38:0.000, j=39:0.000, j=40:0.001, j=41:0.001, j=42:0.000, j=43:0.000, j=44:0.000, j=45:0.000, j=46:0.005, j=47:0.292, j=48:0.584, j=49:0.093
      i=50 -> j=0:0.001, j=1:0.000, j=2:0.000, j=3:0.000, j=4:0.002, j=5:0.001, j=6:0.001, j=7:0.000, j=8:0.000, j=9:0.001, j=10:0.000, j=11:0.001, j=12:0.001, j=13:0.000, j=14:0.001, j=15:0.001, j=16:0.000, j=17:0.001, j=18:0.000, j=19:0.000, j=20:0.000, j=21:0.000, j=22:0.000, j=23:0.001, j=24:0.001, j=25:0.000, j=26:0.000, j=27:0.000, j=28:0.000, j=29:0.000, j=30:0.000, j=31:0.001, j=32:0.000, j=33:0.000, j=34:0.000, j=35:0.001, j=36:0.000, j=37:0.000, j=38:0.000, j=39:0.000, j=40:0.000, j=41:0.001, j=42:0.001, j=43:0.000, j=44:0.000, j=45:0.000, j=46:0.000, j=47:0.003, j=48:0.223, j=49:0.667, j=50:0.089
      i=51 -> j=0:0.002, j=1:0.002, j=2:0.001, j=3:0.001, j=4:0.003, j=5:0.002, j=6:0.002, j=7:0.001, j=8:0.001, j=9:0.001, j=10:0.001, j=11:0.001, j=12:0.002, j=13:0.001, j=14:0.002, j=15:0.001, j=16:0.001, j=17:0.001, j=18:0.001, j=19:0.001, j=20:0.001, j=21:0.000, j=22:0.001, j=23:0.002, j=24:0.002, j=25:0.001, j=26:0.000, j=27:0.000, j=28:0.000, j=29:0.001, j=30:0.000, j=31:0.003, j=32:0.001, j=33:0.000, j=34:0.000, j=35:0.001, j=36:0.001, j=37:0.001, j=38:0.000, j=39:0.000, j=40:0.000, j=41:0.000, j=42:0.002, j=43:0.002, j=44:0.000, j=45:0.000, j=46:0.000, j=47:0.000, j=48:0.014, j=49:0.171, j=50:0.682, j=51:0.082
      i=52 -> j=0:0.005, j=1:0.005, j=2:0.004, j=3:0.002, j=4:0.005, j=5:0.004, j=6:0.005, j=7:0.004, j=8:0.005, j=9:0.004, j=10:0.002, j=11:0.003, j=12:0.005, j=13:0.004, j=14:0.007, j=15:0.004, j=16:0.002, j=17:0.002, j=18:0.002, j=19:0.003, j=20:0.003, j=21:0.002, j=22:0.002, j=23:0.003, j=24:0.004, j=25:0.003, j=26:0.002, j=27:0.002, j=28:0.001, j=29:0.002, j=30:0.001, j=31:0.007, j=32:0.003, j=33:0.001, j=34:0.001, j=35:0.002, j=36:0.002, j=37:0.003, j=38:0.002, j=39:0.001, j=40:0.001, j=41:0.001, j=42:0.003, j=43:0.006, j=44:0.005, j=45:0.002, j=46:0.000, j=47:0.000, j=48:0.003, j=49:0.020, j=50:0.321, j=51:0.434, j=52:0.077
      i=53 -> j=0:0.005, j=1:0.007, j=2:0.007, j=3:0.004, j=4:0.006, j=5:0.004, j=6:0.005, j=7:0.006, j=8:0.007, j=9:0.006, j=10:0.003, j=11:0.003, j=12:0.005, j=13:0.005, j=14:0.009, j=15:0.006, j=16:0.003, j=17:0.003, j=18:0.002, j=19:0.003, j=20:0.005, j=21:0.004, j=22:0.003, j=23:0.004, j=24:0.004, j=25:0.004, j=26:0.003, j=27:0.003, j=28:0.002, j=29:0.002, j=30:0.001, j=31:0.007, j=32:0.005, j=33:0.003, j=34:0.002, j=35:0.002, j=36:0.001, j=37:0.003, j=38:0.003, j=39:0.002, j=40:0.002, j=41:0.001, j=42:0.001, j=43:0.004, j=44:0.008, j=45:0.009, j=46:0.003, j=47:0.000, j=48:0.001, j=49:0.003, j=50:0.040, j=51:0.351, j=52:0.318, j=53:0.101
      i=54 -> j=0:0.002, j=1:0.003, j=2:0.004, j=3:0.003, j=4:0.006, j=5:0.003, j=6:0.002, j=7:0.002, j=8:0.005, j=9:0.005, j=10:0.003, j=11:0.002, j=12:0.003, j=13:0.002, j=14:0.007, j=15:0.005, j=16:0.003, j=17:0.002, j=18:0.001, j=19:0.001, j=20:0.003, j=21:0.003, j=22:0.003, j=23:0.003, j=24:0.002, j=25:0.002, j=26:0.002, j=27:0.002, j=28:0.001, j=29:0.001, j=30:0.000, j=31:0.004, j=32:0.003, j=33:0.002, j=34:0.002, j=35:0.001, j=36:0.000, j=37:0.001, j=38:0.001, j=39:0.002, j=40:0.002, j=41:0.001, j=42:0.000, j=43:0.001, j=44:0.002, j=45:0.006, j=46:0.005, j=47:0.001, j=48:0.001, j=49:0.000, j=50:0.000, j=51:0.024, j=52:0.248, j=53:0.473, j=54:0.137
      i=55 -> j=0:0.000, j=1:0.000, j=2:0.000, j=3:0.000, j=4:0.002, j=5:0.001, j=6:0.000, j=7:0.000, j=8:0.000, j=9:0.001, j=10:0.000, j=11:0.000, j=12:0.000, j=13:0.000, j=14:0.001, j=15:0.001, j=16:0.001, j=17:0.000, j=18:0.000, j=19:0.000, j=20:0.000, j=21:0.000, j=22:0.001, j=23:0.001, j=24:0.000, j=25:0.000, j=26:0.000, j=27:0.000, j=28:0.000, j=29:0.000, j=30:0.000, j=31:0.001, j=32:0.000, j=33:0.000, j=34:0.000, j=35:0.000, j=36:0.000, j=37:0.000, j=38:0.000, j=39:0.000, j=40:0.000, j=41:0.000, j=42:0.000, j=43:0.000, j=44:0.000, j=45:0.000, j=46:0.001, j=47:0.001, j=48:0.000, j=49:0.000, j=50:0.000, j=51:0.000, j=52:0.003, j=53:0.161, j=54:0.711, j=55:0.107
      i=56 -> j=0:0.000, j=1:0.000, j=2:0.000, j=3:0.000, j=4:0.001, j=5:0.001, j=6:0.000, j=7:0.000, j=8:0.000, j=9:0.000, j=10:0.000, j=11:0.000, j=12:0.001, j=13:0.000, j=14:0.001, j=15:0.000, j=16:0.000, j=17:0.000, j=18:0.000, j=19:0.000, j=20:0.000, j=21:0.000, j=22:0.000, j=23:0.001, j=24:0.001, j=25:0.000, j=26:0.000, j=27:0.000, j=28:0.000, j=29:0.000, j=30:0.000, j=31:0.001, j=32:0.000, j=33:0.000, j=34:0.000, j=35:0.000, j=36:0.000, j=37:0.000, j=38:0.000, j=39:0.000, j=40:0.000, j=41:0.000, j=42:0.000, j=43:0.000, j=44:0.000, j=45:0.000, j=46:0.000, j=47:0.001, j=48:0.001, j=49:0.000, j=50:0.000, j=51:0.000, j=52:0.000, j=53:0.005, j=54:0.134, j=55:0.753, j=56:0.092
      i=57 -> j=0:0.000, j=1:0.000, j=2:0.000, j=3:0.000, j=4:0.000, j=5:0.000, j=6:0.000, j=7:0.000, j=8:0.000, j=9:0.000, j=10:0.000, j=11:0.000, j=12:0.000, j=13:0.000, j=14:0.000, j=15:0.000, j=16:0.000, j=17:0.000, j=18:0.000, j=19:0.000, j=20:0.000, j=21:0.000, j=22:0.000, j=23:0.000, j=24:0.000, j=25:0.000, j=26:0.000, j=27:0.000, j=28:0.000, j=29:0.000, j=30:0.000, j=31:0.000, j=32:0.000, j=33:0.000, j=34:0.000, j=35:0.000, j=36:0.000, j=37:0.000, j=38:0.000, j=39:0.000, j=40:0.000, j=41:0.000, j=42:0.000, j=43:0.000, j=44:0.000, j=45:0.000, j=46:0.000, j=47:0.000, j=48:0.001, j=49:0.000, j=50:0.000, j=51:0.000, j=52:0.000, j=53:0.000, j=54:0.002, j=55:0.059, j=56:0.892, j=57:0.041
      i=58 -> j=0:0.005, j=1:0.005, j=2:0.004, j=3:0.002, j=4:0.006, j=5:0.004, j=6:0.005, j=7:0.004, j=8:0.005, j=9:0.004, j=10:0.002, j=11:0.003, j=12:0.006, j=13:0.005, j=14:0.008, j=15:0.004, j=16:0.002, j=17:0.003, j=18:0.003, j=19:0.003, j=20:0.004, j=21:0.002, j=22:0.003, j=23:0.005, j=24:0.005, j=25:0.004, j=26:0.002, j=27:0.002, j=28:0.001, j=29:0.002, j=30:0.001, j=31:0.008, j=32:0.004, j=33:0.001, j=34:0.001, j=35:0.002, j=36:0.001, j=37:0.002, j=38:0.001, j=39:0.001, j=40:0.001, j=41:0.001, j=42:0.002, j=43:0.003, j=44:0.002, j=45:0.002, j=46:0.001, j=47:0.001, j=48:0.004, j=49:0.006, j=50:0.004, j=51:0.002, j=52:0.001, j=53:0.001, j=54:0.002, j=55:0.006, j=56:0.220, j=57:0.496, j=58:0.114
      i=59 -> j=0:0.001, j=1:0.001, j=2:0.001, j=3:0.001, j=4:0.002, j=5:0.001, j=6:0.001, j=7:0.001, j=8:0.002, j=9:0.001, j=10:0.000, j=11:0.000, j=12:0.001, j=13:0.001, j=14:0.003, j=15:0.002, j=16:0.001, j=17:0.000, j=18:0.000, j=19:0.001, j=20:0.001, j=21:0.001, j=22:0.001, j=23:0.001, j=24:0.001, j=25:0.001, j=26:0.001, j=27:0.001, j=28:0.000, j=29:0.000, j=30:0.000, j=31:0.002, j=32:0.001, j=33:0.000, j=34:0.000, j=35:0.000, j=36:0.000, j=37:0.000, j=38:0.000, j=39:0.000, j=40:0.000, j=41:0.000, j=42:0.000, j=43:0.000, j=44:0.001, j=45:0.001, j=46:0.000, j=47:0.000, j=48:0.000, j=49:0.000, j=50:0.001, j=51:0.002, j=52:0.000, j=53:0.000, j=54:0.000, j=55:0.000, j=56:0.003, j=57:0.171, j=58:0.643, j=59:0.140
      i=60 -> j=0:0.001, j=1:0.001, j=2:0.001, j=3:0.001, j=4:0.002, j=5:0.001, j=6:0.001, j=7:0.001, j=8:0.001, j=9:0.002, j=10:0.001, j=11:0.000, j=12:0.001, j=13:0.001, j=14:0.002, j=15:0.002, j=16:0.001, j=17:0.000, j=18:0.000, j=19:0.000, j=20:0.001, j=21:0.001, j=22:0.001, j=23:0.001, j=24:0.001, j=25:0.001, j=26:0.001, j=27:0.001, j=28:0.000, j=29:0.000, j=30:0.000, j=31:0.001, j=32:0.001, j=33:0.001, j=34:0.000, j=35:0.000, j=36:0.000, j=37:0.000, j=38:0.000, j=39:0.000, j=40:0.000, j=41:0.000, j=42:0.000, j=43:0.000, j=44:0.000, j=45:0.001, j=46:0.001, j=47:0.000, j=48:0.000, j=49:0.000, j=50:0.000, j=51:0.002, j=52:0.002, j=53:0.001, j=54:0.000, j=55:0.000, j=56:0.000, j=57:0.001, j=58:0.145, j=59:0.720, j=60:0.098
      i=61 -> j=0:0.001, j=1:0.000, j=2:0.001, j=3:0.001, j=4:0.002, j=5:0.001, j=6:0.001, j=7:0.000, j=8:0.001, j=9:0.001, j=10:0.001, j=11:0.001, j=12:0.001, j=13:0.000, j=14:0.002, j=15:0.001, j=16:0.001, j=17:0.001, j=18:0.000, j=19:0.000, j=20:0.001, j=21:0.001, j=22:0.001, j=23:0.001, j=24:0.001, j=25:0.000, j=26:0.000, j=27:0.001, j=28:0.001, j=29:0.001, j=30:0.000, j=31:0.001, j=32:0.001, j=33:0.000, j=34:0.000, j=35:0.001, j=36:0.000, j=37:0.000, j=38:0.000, j=39:0.000, j=40:0.000, j=41:0.000, j=42:0.000, j=43:0.000, j=44:0.000, j=45:0.001, j=46:0.001, j=47:0.000, j=48:0.000, j=49:0.000, j=50:0.000, j=51:0.001, j=52:0.002, j=53:0.002, j=54:0.000, j=55:0.000, j=56:0.000, j=57:0.000, j=58:0.009, j=59:0.227, j=60:0.649, j=61:0.079
      i=62 -> j=0:0.002, j=1:0.001, j=2:0.001, j=3:0.001, j=4:0.005, j=5:0.003, j=6:0.002, j=7:0.001, j=8:0.002, j=9:0.003, j=10:0.002, j=11:0.003, j=12:0.003, j=13:0.002, j=14:0.003, j=15:0.003, j=16:0.003, j=17:0.003, j=18:0.002, j=19:0.001, j=20:0.001, j=21:0.002, j=22:0.003, j=23:0.004, j=24:0.003, j=25:0.002, j=26:0.001, j=27:0.001, j=28:0.002, j=29:0.002, j=30:0.001, j=31:0.003, j=32:0.001, j=33:0.001, j=34:0.001, j=35:0.002, j=36:0.001, j=37:0.001, j=38:0.000, j=39:0.000, j=40:0.001, j=41:0.001, j=42:0.001, j=43:0.001, j=44:0.000, j=45:0.001, j=46:0.001, j=47:0.001, j=48:0.002, j=49:0.001, j=50:0.000, j=51:0.001, j=52:0.002, j=53:0.005, j=54:0.004, j=55:0.000, j=56:0.000, j=57:0.000, j=58:0.001, j=59:0.010, j=60:0.233, j=61:0.582, j=62:0.072
      i=63 -> j=0:0.006, j=1:0.004, j=2:0.003, j=3:0.002, j=4:0.007, j=5:0.006, j=6:0.006, j=7:0.004, j=8:0.004, j=9:0.004, j=10:0.003, j=11:0.005, j=12:0.007, j=13:0.004, j=14:0.006, j=15:0.004, j=16:0.003, j=17:0.004, j=18:0.004, j=19:0.003, j=20:0.003, j=21:0.003, j=22:0.004, j=23:0.007, j=24:0.006, j=25:0.004, j=26:0.002, j=27:0.002, j=28:0.002, j=29:0.004, j=30:0.002, j=31:0.007, j=32:0.003, j=33:0.001, j=34:0.001, j=35:0.003, j=36:0.002, j=37:0.002, j=38:0.001, j=39:0.001, j=40:0.001, j=41:0.001, j=42:0.003, j=43:0.002, j=44:0.001, j=45:0.001, j=46:0.001, j=47:0.001, j=48:0.004, j=49:0.003, j=50:0.001, j=51:0.001, j=52:0.002, j=53:0.005, j=54:0.009, j=55:0.004, j=56:0.001, j=57:0.000, j=58:0.001, j=59:0.001, j=60:0.019, j=61:0.319, j=62:0.357, j=63:0.115
    Average attention per distance:
      d=0:0.112, d=1:0.662, d=2:0.206


======================================================================
QK Property Verification (Raw Scores, before Softmax)
======================================================================
Recurrence order init_len=2, num test sequences=1

--- [P1] Long-distance Orthogonality Verification ---
Ideal: raw_score mean ≈ 0 and small std when d > init_len

  Layer 0, Head 0:
    d= 1 (effective): mean= 16.679, std= 0.541, n=63
    d= 2 (effective): mean= 14.037, std= 0.586, n=62
    d>2 (long-distance): mean= -0.629, std= 2.429, n=1891

  Layer 1, Head 0:
    d= 1 (effective): mean=  8.804, std= 0.831, n=63
    d= 2 (effective): mean=  7.563, std= 0.792, n=62
    d>2 (long-distance): mean=  1.988, std= 0.932, n=1891

  Layer 2, Head 0:
    d= 1 (effective): mean=  5.331, std= 1.502, n=63
    d= 2 (effective): mean=  4.741, std= 1.381, n=62
    d>2 (long-distance): mean=  1.365, std= 1.027, n=1891

  Layer 3, Head 0:
    d= 1 (effective): mean=  5.235, std= 0.975, n=63
    d= 2 (effective): mean=  3.983, std= 0.472, n=62
    d>2 (long-distance): mean= -2.216, std= 1.434, n=1891

--- [P2] Time-homogeneous Verification ---
Ideal: CV of raw_score across positions i ≈ 0 for fixed distance d
(CV = std / |mean|, smaller = more constant)

  Layer 0, Head 0:
    d= 1: mean= 16.679, std= 0.541, CV=0.032, n=63
    d= 2: mean= 14.037, std= 0.586, CV=0.042, n=62

  Layer 1, Head 0:
    d= 1: mean=  8.804, std= 0.831, CV=0.094, n=63
    d= 2: mean=  7.563, std= 0.792, CV=0.105, n=62

  Layer 2, Head 0:
    d= 1: mean=  5.331, std= 1.502, CV=0.282, n=63
    d= 2: mean=  4.741, std= 1.381, CV=0.291, n=62

  Layer 3, Head 0:
    d= 1: mean=  5.235, std= 0.975, CV=0.186, n=63
    d= 2: mean=  3.983, std= 0.472, CV=0.118, n=62

======================================================================
QK Property Verification Completed
======================================================================
